award_id,tender_id,vendor_id,award_date,award_value
A-T00001,T00001,V0041,2026-03-02,17473627.04
A-T00002,T00002,V0061,2026-03-15,17388761.09
A-T00003,T00003,V0133,2025-08-12,28934035.48
A-T00004,T00004,V0062,2026-09-02,3450528.48
A-T00005,T00005,V0223,2026-05-24,3861656.91
A-T00006,T00006,V0251,2025-05-21,4959173.54
A-T00007,T00007,V0455,2026-02-12,4817693.65
A-T00008,T00008,V0061,2025-06-07,15340788.08
A-T00009,T00009,V0017,2024-06-29,51731996.14
A-T00010,T00010,V0063,2025-03-01,42972106.81
A-T00011,T00011,V0063,2026-03-27,19021068.93
A-T00012,T00012,V0062,2026-08-08,31128974.96
A-T00013,T00013,V0062,2026-02-10,6541005.79
A-T00014,T00014,V0060,2024-10-30,78221971.42
A-T00015,T00015,V0258,2024-07-21,6063192.86
A-T00016,T00016,V0063,2025-05-14,1460323.91
A-T00017,T00017,V0071,2024-07-26,28531760.29
A-T00018,T00018,V0016,2024-10-19,1872094.4
A-T00019,T00019,V0452,2024-07-10,27314795.69
A-T00020,T00020,V0061,2025-04-17,73688603.37
A-T00021,T00021,V0456,2024-09-14,7157026.17
A-T00022,T00022,V0447,2026-01-15,11004955.39
A-T00023,T00023,V0301,2026-03-22,10524438.51
A-T00024,T00024,V0063,2026-09-04,1695407.35
A-T00025,T00025,V0061,2024-07-25,7251150.42
A-T00026,T00026,V0297,2024-10-18,16386308.1
A-T00027,T00027,V0502,2024-06-26,24079844.96
A-T00028,T00028,V0063,2026-06-25,12158281.87
A-T00029,T00029,V0536,2024-04-24,13323549.24
A-T00030,T00030,V0061,2025-04-04,4648485.98
A-T00031,T00031,V0206,2026-09-05,34658806.5
A-T00032,T00032,V0039,2026-09-03,2659250.71
A-T00033,T00033,V0280,2025-03-12,28203750.44
A-T00034,T00034,V0533,2025-08-14,2188101.25
A-T00035,T00035,V0537,2026-01-06,6852208.95
A-T00036,T00036,V0062,2025-08-29,18902722.83
A-T00037,T00037,V0121,2024-12-17,4990906.62
A-T00038,T00038,V0061,2026-06-30,9084076.98
A-T00039,T00039,V0061,2025-08-18,32995242.79
A-T00040,T00040,V0130,2024-07-24,5334318.98
A-T00041,T00041,V0062,2024-05-12,141488266.52
A-T00042,T00042,V0062,2026-03-01,32092853.16
A-T00043,T00043,V0071,2024-10-15,17796252.49
A-T00044,T00044,V0062,2026-08-11,3671958.47
A-T00045,T00045,V0103,2026-05-15,11007829.83
A-T00046,T00046,V0248,2026-04-07,15901039.15
A-T00047,T00047,V0063,2024-05-09,24769652.55
A-T00048,T00048,V0296,2026-02-27,232230345.12
A-T00049,T00049,V0061,2026-02-23,22502508.9
A-T00050,T00050,V0230,2024-05-30,1688508.23
A-T00051,T00051,V0294,2026-06-05,3587051.54
A-T00052,T00052,V0061,2026-07-21,4650393.85
A-T00053,T00053,V0065,2026-04-19,8706788.2
A-T00054,T00054,V0061,2024-09-24,13932251.28
A-T00055,T00055,V0062,2026-06-01,1674615.15
A-T00056,T00056,V0228,2025-02-04,9358824.34
A-T00057,T00057,V0063,2025-12-03,1770882.29
A-T00058,T00058,V0063,2026-09-11,18504796.21
A-T00059,T00059,V0419,2025-02-28,5669670.06
A-T00060,T00060,V0062,2024-04-05,40129487.12
A-T00061,T00061,V0400,2025-09-18,9816433.26
A-T00062,T00062,V0138,2024-10-13,50977728.74
A-T00063,T00063,V0275,2024-10-31,2159392.84
A-T00064,T00064,V0044,2025-06-07,36943737.2
A-T00065,T00065,V0061,2024-05-17,2747615.71
A-T00066,T00066,V0005,2025-05-03,4118095.86
A-T00067,T00067,V0062,2026-08-26,18222568.61
A-T00068,T00068,V0174,2024-03-15,85754744.68
A-T00069,T00069,V0509,2025-09-19,4786514.07
A-T00070,T00070,V0011,2025-02-19,3587158.91
A-T00071,T00071,V0332,2024-08-19,31189355.36
A-T00072,T00072,V0247,2026-02-08,6639452.99
A-T00073,T00073,V0062,2025-10-27,59548471.38
A-T00074,T00074,V0027,2026-09-22,26357692.61
A-T00075,T00075,V0422,2025-02-09,14251112.44
A-T00076,T00076,V0434,2024-05-26,25191909.9
A-T00077,T00077,V0184,2025-06-16,26720817.31
A-T00078,T00078,V0027,2025-09-18,6804853.8
A-T00079,T00079,V0286,2025-05-20,7444735.62
A-T00080,T00080,V0251,2026-02-17,8452174.15
A-T00081,T00081,V0042,2026-09-13,41903647.85
A-T00082,T00082,V0133,2025-08-20,22102025.44
A-T00083,T00083,V0120,2025-03-04,25896164.36
A-T00084,T00084,V0136,2025-09-06,4590916.05
A-T00085,T00085,V0304,2025-12-27,32473340.89
A-T00086,T00086,V0013,2024-08-27,7900159.09
A-T00087,T00087,V0239,2025-11-10,10068446.01
A-T00088,T00088,V0072,2024-11-05,5753639.99
A-T00089,T00089,V0100,2025-11-19,2020640.91
A-T00090,T00090,V0359,2024-11-19,31450684.92
A-T00091,T00091,V0169,2025-03-26,1667493.13
A-T00092,T00092,V0435,2025-11-19,49993684.19
A-T00093,T00093,V0419,2026-08-29,2814142.83
A-T00094,T00094,V0184,2026-07-10,30513613.29
A-T00095,T00095,V0167,2024-07-13,114125605.65
A-T00096,T00096,V0439,2024-06-30,4474978.78
A-T00097,T00097,V0386,2025-12-25,838647.79
A-T00098,T00098,V0162,2024-02-15,1128414.33
A-T00099,T00099,V0054,2024-10-01,3034865.08
A-T00100,T00100,V0086,2025-02-08,76263218.77
A-T00101,T00101,V0509,2024-07-22,15101978.97
A-T00102,T00102,V0191,2026-04-25,62763631.41
A-T00103,T00103,V0224,2026-05-18,38306323.59
A-T00104,T00104,V0179,2026-01-22,12197055.11
A-T00105,T00105,V0390,2026-08-04,5491854.96
A-T00106,T00106,V0389,2024-11-10,44521047.23
A-T00107,T00107,V0172,2026-06-04,12349564.66
A-T00108,T00108,V0404,2026-07-07,16064280.82
A-T00109,T00109,V0214,2025-07-06,22948318.56
A-T00110,T00110,V0031,2026-09-25,11227860.6
A-T00111,T00111,V0026,2026-06-02,5697018.01
A-T00112,T00112,V0016,2026-04-30,2233642.73
A-T00113,T00113,V0546,2026-06-02,14631807.0
A-T00114,T00114,V0078,2025-04-06,1589780.38
A-T00115,T00115,V0370,2025-07-21,2544527.52
A-T00116,T00116,V0515,2026-01-25,9090730.6
A-T00117,T00117,V0311,2025-08-14,182866712.32
A-T00118,T00118,V0392,2026-06-21,3943161.2
A-T00119,T00119,V0488,2024-04-21,8069425.57
A-T00120,T00120,V0438,2024-07-13,27442712.05
A-T00121,T00121,V0271,2025-10-03,22057498.3
A-T00122,T00122,V0044,2026-04-27,57210094.62
A-T00123,T00123,V0460,2025-12-06,3864604.5
A-T00124,T00124,V0066,2026-08-01,28219117.1
A-T00125,T00125,V0269,2025-08-08,9354603.31
A-T00126,T00126,V0525,2026-01-01,35356094.69
A-T00127,T00127,V0455,2025-06-11,45831180.27
A-T00128,T00128,V0117,2025-07-29,18171053.33
A-T00129,T00129,V0519,2026-03-12,37884515.47
A-T00130,T00130,V0009,2026-02-18,16552084.07
A-T00131,T00131,V0458,2024-09-29,6237386.43
A-T00132,T00132,V0263,2025-04-24,1350426.01
A-T00133,T00133,V0119,2026-03-02,5950123.53
A-T00134,T00134,V0392,2024-03-24,10072063.18
A-T00135,T00135,V0280,2025-07-27,3783756.26
A-T00136,T00136,V0114,2025-05-30,99160936.89
A-T00137,T00137,V0051,2024-03-21,4850519.51
A-T00138,T00138,V0223,2026-08-30,16179311.43
A-T00139,T00139,V0343,2026-01-09,14344251.55
A-T00140,T00140,V0198,2025-04-07,42812605.18
A-T00141,T00141,V0212,2026-04-28,4579037.16
A-T00142,T00142,V0456,2026-03-02,12664738.66
A-T00143,T00143,V0282,2026-02-17,2204761.36
A-T00144,T00144,V0119,2025-03-13,12779397.06
A-T00145,T00145,V0228,2025-10-03,3163724.98
A-T00146,T00146,V0482,2024-08-05,13974059.68
A-T00147,T00147,V0065,2025-12-17,6378690.42
A-T00148,T00148,V0083,2025-11-28,19366304.7
A-T00149,T00149,V0435,2025-03-01,19223489.98
A-T00150,T00150,V0211,2025-09-17,9815596.63
A-T00151,T00151,V0502,2026-05-26,13209869.43
A-T00152,T00152,V0025,2024-08-23,20394271.34
A-T00153,T00153,V0349,2025-09-24,8448513.6
A-T00154,T00154,V0021,2024-05-25,12464138.19
A-T00155,T00155,V0336,2025-02-03,2583745.12
A-T00156,T00156,V0438,2025-02-16,122238407.31
A-T00157,T00157,V0414,2025-10-15,7658030.71
A-T00158,T00158,V0433,2025-12-28,4423047.19
A-T00159,T00159,V0338,2024-10-20,11149321.52
A-T00160,T00160,V0526,2026-04-01,85657293.71
A-T00161,T00161,V0103,2025-10-11,23440428.39
A-T00162,T00162,V0034,2026-01-12,11946889.99
A-T00163,T00163,V0016,2025-08-23,63159240.45
A-T00164,T00164,V0431,2026-09-23,5918092.07
A-T00165,T00165,V0415,2026-03-20,9780968.66
A-T00166,T00166,V0356,2025-06-24,30294874.36
A-T00167,T00167,V0437,2026-08-21,2195528.03
A-T00168,T00168,V0248,2026-02-22,1993370.41
A-T00169,T00169,V0076,2026-03-21,35562052.55
A-T00170,T00170,V0027,2025-12-15,4526278.68
A-T00171,T00171,V0436,2025-11-16,112132838.09
A-T00172,T00172,V0453,2024-03-22,10930197.76
A-T00173,T00173,V0328,2025-05-09,3406311.51
A-T00174,T00174,V0041,2026-03-18,9891080.67
A-T00175,T00175,V0177,2026-05-25,8562140.61
A-T00176,T00176,V0347,2025-08-25,40600226.06
A-T00177,T00177,V0342,2025-03-18,25730095.36
A-T00178,T00178,V0015,2024-05-25,3421680.48
A-T00179,T00179,V0426,2024-12-26,14296323.69
A-T00180,T00180,V0443,2024-03-31,62011849.99
A-T00181,T00181,V0531,2025-02-02,25584680.13
A-T00182,T00182,V0253,2024-06-19,44910984.29
A-T00183,T00183,V0504,2026-03-02,14970430.31
A-T00184,T00184,V0159,2025-07-27,69033444.78
A-T00185,T00185,V0489,2024-06-24,48162804.54
A-T00186,T00186,V0379,2026-07-29,55536444.75
A-T00187,T00187,V0308,2025-10-12,15201534.02
A-T00188,T00188,V0487,2026-09-13,13508384.81
A-T00189,T00189,V0447,2025-08-20,12527971.86
A-T00190,T00190,V0229,2025-05-08,1079146.01
A-T00191,T00191,V0259,2024-10-04,92313393.59
A-T00192,T00192,V0419,2025-02-06,4232684.49
A-T00193,T00193,V0179,2024-07-10,7271732.74
A-T00194,T00194,V0445,2024-12-13,23995628.48
A-T00195,T00195,V0407,2024-06-17,11811474.39
A-T00196,T00196,V0445,2026-01-27,12301380.49
A-T00197,T00197,V0480,2026-07-10,6006688.03
A-T00198,T00198,V0140,2026-02-03,3810076.04
A-T00199,T00199,V0314,2026-01-21,24186991.12
A-T00200,T00200,V0020,2025-08-21,6580378.9
A-T00201,T00201,V0178,2026-06-07,14694969.5
A-T00202,T00202,V0419,2025-06-29,2270109.03
A-T00203,T00203,V0484,2024-11-23,3295024.75
A-T00204,T00204,V0294,2024-06-14,6044757.1
A-T00205,T00205,V0503,2025-05-10,3888822.47
A-T00206,T00206,V0220,2026-02-27,26863366.72
A-T00207,T00207,V0426,2026-09-16,27174536.33
A-T00208,T00208,V0379,2024-09-06,735556.54
A-T00209,T00209,V0543,2024-02-13,6544747.22
A-T00210,T00210,V0079,2025-02-13,2280310.47
A-T00211,T00211,V0461,2025-10-16,102381361.57
A-T00212,T00212,V0013,2024-10-01,7167286.65
A-T00213,T00213,V0482,2025-09-05,8238996.12
A-T00214,T00214,V0289,2025-08-08,8039118.79
A-T00215,T00215,V0437,2025-08-23,14506854.66
A-T00216,T00216,V0374,2024-08-18,27512866.44
A-T00217,T00217,V0482,2025-05-11,23589318.71
A-T00218,T00218,V0277,2026-03-18,8805725.45
A-T00219,T00219,V0375,2026-05-05,47906392.59
A-T00220,T00220,V0328,2025-03-05,43660922.01
A-T00221,T00221,V0070,2025-06-10,31618809.5
A-T00222,T00222,V0296,2025-05-20,9531642.54
A-T00223,T00223,V0220,2025-04-11,71804644.03
A-T00224,T00224,V0525,2026-09-04,79867884.85
A-T00225,T00225,V0486,2024-06-21,15372922.36
A-T00226,T00226,V0332,2024-03-31,6675332.06
A-T00227,T00227,V0308,2025-11-07,36200673.46
A-T00228,T00228,V0443,2024-08-15,13856123.26
A-T00229,T00229,V0073,2024-08-27,6865610.07
A-T00230,T00230,V0041,2026-09-03,12915052.17
A-T00231,T00231,V0533,2025-12-02,6125261.69
A-T00232,T00232,V0119,2025-01-04,3195585.95
A-T00233,T00233,V0134,2026-03-20,7994178.05
A-T00234,T00234,V0376,2025-03-15,13562886.25
A-T00235,T00235,V0060,2026-05-07,68384378.02
A-T00236,T00236,V0419,2026-04-27,21587867.46
A-T00237,T00237,V0011,2024-06-20,5351611.41
A-T00238,T00238,V0186,2024-11-05,17349040.82
A-T00239,T00239,V0073,2024-08-15,224599455.18
A-T00240,T00240,V0016,2026-01-05,14645940.04
A-T00241,T00241,V0316,2025-10-14,32504648.59
A-T00242,T00242,V0083,2024-06-11,6410221.0
A-T00243,T00243,V0436,2025-03-21,13862606.35
A-T00244,T00244,V0020,2024-06-16,16067760.32
A-T00245,T00245,V0127,2024-06-10,794237.16
A-T00246,T00246,V0456,2024-03-09,10098149.71
A-T00247,T00247,V0528,2024-03-09,6068247.55
A-T00248,T00248,V0185,2024-10-24,10136123.86
A-T00249,T00249,V0110,2025-12-26,18620967.33
A-T00250,T00250,V0482,2025-02-07,59591085.55
A-T00251,T00251,V0335,2026-04-22,13836390.17
A-T00252,T00252,V0345,2024-04-04,23335709.69
A-T00253,T00253,V0253,2024-10-11,3882991.06
A-T00254,T00254,V0328,2025-11-09,2672885.77
A-T00255,T00255,V0372,2024-05-27,4428442.69
A-T00256,T00256,V0288,2026-01-11,19062457.18
A-T00257,T00257,V0207,2025-08-03,23405854.13
A-T00258,T00258,V0378,2025-02-03,6151507.37
A-T00259,T00259,V0142,2024-11-03,1183849.79
A-T00260,T00260,V0244,2025-11-16,24542826.64
A-T00261,T00261,V0144,2024-08-09,786055.44
A-T00262,T00262,V0409,2026-07-20,3266314.43
A-T00263,T00263,V0468,2025-05-24,60850441.6
A-T00264,T00264,V0276,2024-05-17,3473440.02
A-T00265,T00265,V0387,2026-01-03,30004497.53
A-T00266,T00266,V0083,2026-07-15,19355993.78
A-T00267,T00267,V0045,2026-09-03,10825314.98
A-T00268,T00268,V0134,2025-11-17,4585946.28
A-T00269,T00269,V0280,2026-01-23,14438309.77
A-T00270,T00270,V0204,2025-11-28,9693884.9
A-T00271,T00271,V0403,2025-04-08,7972448.67
A-T00272,T00272,V0195,2026-09-14,93907662.81
A-T00273,T00273,V0143,2024-06-04,5900419.01
A-T00274,T00274,V0022,2026-05-19,4147898.6
A-T00275,T00275,V0119,2025-06-04,4384624.77
A-T00276,T00276,V0332,2026-08-17,5514189.22
A-T00277,T00277,V0306,2025-06-29,11469515.42
A-T00278,T00278,V0533,2026-07-27,817858.21
A-T00279,T00279,V0192,2025-06-24,15923124.62
A-T00280,T00280,V0027,2024-12-01,20174571.56
A-T00281,T00281,V0419,2025-02-11,891345.42
A-T00282,T00282,V0549,2024-08-01,25672347.32
A-T00283,T00283,V0013,2026-09-12,5034299.78
A-T00284,T00284,V0258,2025-12-31,4165324.92
A-T00285,T00285,V0230,2026-04-16,4631214.33
A-T00286,T00286,V0181,2026-03-07,19247955.59
A-T00287,T00287,V0054,2026-02-18,10103999.54
A-T00288,T00288,V0384,2024-10-24,11400353.88
A-T00289,T00289,V0151,2026-04-30,4555834.69
A-T00290,T00290,V0231,2025-08-11,5525128.41
A-T00291,T00291,V0531,2024-09-22,37425475.97
A-T00292,T00292,V0240,2026-09-03,2871622.31
A-T00293,T00293,V0125,2026-08-19,72511993.38
A-T00294,T00294,V0040,2024-10-30,8140563.85
A-T00295,T00295,V0212,2025-09-02,12145242.33
A-T00296,T00296,V0350,2024-03-27,7993606.89
A-T00297,T00297,V0275,2025-12-11,36932560.18
A-T00298,T00298,V0218,2025-10-11,2883448.13
A-T00299,T00299,V0169,2024-06-21,9329707.05
A-T00300,T00300,V0460,2024-06-10,13097497.63
A-T00301,T00301,V0365,2025-07-16,22787650.86
A-T00302,T00302,V0198,2025-04-06,4649676.17
A-T00303,T00303,V0438,2025-05-07,51968105.66
A-T00304,T00304,V0051,2024-03-11,6966975.53
A-T00305,T00305,V0161,2024-07-30,6959505.98
A-T00306,T00306,V0126,2024-09-17,6244632.41
A-T00307,T00307,V0335,2024-08-22,1258295.47
A-T00308,T00308,V0086,2025-12-27,6281975.05
A-T00309,T00309,V0514,2024-03-11,16545982.65
A-T00310,T00310,V0454,2025-02-28,8094826.67
A-T00311,T00311,V0399,2025-10-23,9830217.02
A-T00312,T00312,V0456,2024-07-10,6533894.52
A-T00313,T00313,V0149,2026-08-24,19101554.16
A-T00314,T00314,V0532,2025-07-20,15102557.69
A-T00315,T00315,V0114,2026-08-24,10379478.5
A-T00316,T00316,V0536,2026-05-18,5897754.17
A-T00317,T00317,V0160,2024-04-14,7833876.09
A-T00318,T00318,V0303,2024-07-09,5590217.86
A-T00319,T00319,V0184,2026-02-20,16610843.47
A-T00320,T00320,V0452,2024-09-17,5947703.35
A-T00321,T00321,V0114,2026-06-19,55209409.5
A-T00322,T00322,V0469,2026-07-31,22181053.53
A-T00323,T00323,V0085,2026-02-03,1594594.02
A-T00324,T00324,V0023,2025-04-11,13842889.65
A-T00325,T00325,V0410,2025-11-12,62668744.54
A-T00326,T00326,V0388,2025-01-01,2015811.14
A-T00327,T00327,V0132,2025-10-20,3706910.21
A-T00328,T00328,V0218,2026-01-21,6752161.68
A-T00329,T00329,V0319,2025-06-08,7218635.25
A-T00330,T00330,V0302,2026-02-25,7809686.18
A-T00331,T00331,V0062,2025-04-12,3054475.0
A-T00332,T00332,V0294,2025-02-13,6476667.05
A-T00333,T00333,V0259,2024-08-28,1035747.55
A-T00334,T00334,V0182,2026-04-22,3198383.26
A-T00335,T00335,V0314,2025-05-16,4620587.59
A-T00336,T00336,V0461,2026-04-21,28914218.07
A-T00337,T00337,V0054,2026-01-11,23499246.82
A-T00338,T00338,V0289,2024-02-25,67781390.18
A-T00339,T00339,V0464,2026-02-28,23375885.51
A-T00340,T00340,V0214,2026-07-12,23641199.2
A-T00341,T00341,V0188,2026-04-05,2526495.94
A-T00342,T00342,V0530,2024-09-07,4547403.8
A-T00343,T00343,V0071,2024-03-23,7345010.13
A-T00344,T00344,V0309,2026-06-26,10361301.27
A-T00345,T00345,V0363,2026-06-29,123881571.92
A-T00346,T00346,V0279,2025-06-02,13207434.02
A-T00347,T00347,V0064,2025-11-23,5766902.46
A-T00348,T00348,V0127,2025-06-19,2034709.07
A-T00349,T00349,V0421,2024-11-02,15425697.18
A-T00350,T00350,V0091,2024-07-15,36595675.57
A-T00351,T00351,V0222,2025-07-06,3032650.3
A-T00352,T00352,V0187,2024-06-21,5022625.51
A-T00353,T00353,V0437,2025-09-15,29582799.4
A-T00354,T00354,V0133,2026-03-15,17745789.01
A-T00355,T00355,V0415,2025-05-01,33780593.73
A-T00356,T00356,V0512,2025-05-02,1532808.19
A-T00357,T00357,V0369,2026-06-24,55512671.36
A-T00358,T00358,V0057,2026-07-05,35253914.36
A-T00359,T00359,V0259,2024-03-07,17631972.01
A-T00360,T00360,V0297,2026-08-16,9953966.04
A-T00361,T00361,V0229,2024-05-31,6657563.85
A-T00362,T00362,V0385,2026-09-06,238809461.29
A-T00363,T00363,V0399,2025-03-26,80081868.05
A-T00364,T00364,V0015,2024-05-06,3130239.88
A-T00365,T00365,V0417,2024-08-09,20305641.99
A-T00366,T00366,V0372,2025-11-15,12105411.87
A-T00367,T00367,V0199,2025-07-31,5961611.15
A-T00368,T00368,V0342,2024-08-23,41010796.27
A-T00369,T00369,V0001,2025-07-15,9925715.51
A-T00370,T00370,V0021,2026-06-18,85102831.33
A-T00371,T00371,V0388,2025-08-12,2649942.93
A-T00372,T00372,V0142,2024-10-05,14399901.38
A-T00373,T00373,V0152,2026-01-31,14870726.39
A-T00374,T00374,V0020,2024-08-07,4305830.06
A-T00375,T00375,V0114,2025-04-01,41158366.25
A-T00376,T00376,V0151,2026-04-13,1273258.58
A-T00377,T00377,V0313,2026-02-25,58490080.7
A-T00378,T00378,V0421,2025-12-19,15738229.75
A-T00379,T00379,V0375,2026-03-17,8190666.68
A-T00380,T00380,V0006,2026-05-23,42522973.01
A-T00381,T00381,V0203,2026-04-27,1937639.9
A-T00382,T00382,V0349,2026-06-02,15503365.65
A-T00383,T00383,V0365,2024-04-24,17993421.13
A-T00384,T00384,V0161,2025-01-12,4074735.13
A-T00385,T00385,V0322,2026-07-08,129053381.08
A-T00386,T00386,V0308,2024-09-17,11047316.16
A-T00387,T00387,V0050,2026-03-16,2152554.21
A-T00388,T00388,V0495,2026-09-10,7350820.89
A-T00389,T00389,V0157,2026-03-01,8713679.9
A-T00390,T00390,V0314,2025-02-23,11914017.57
A-T00391,T00391,V0096,2026-01-19,4960807.81
A-T00392,T00392,V0538,2024-05-05,20103125.72
A-T00393,T00393,V0510,2026-03-21,54688338.36
A-T00394,T00394,V0123,2025-04-28,5948192.17
A-T00395,T00395,V0381,2025-04-02,22859184.83
A-T00396,T00396,V0340,2026-01-31,1449311.79
A-T00397,T00397,V0066,2026-06-19,30061375.42
A-T00398,T00398,V0187,2024-04-28,24952722.43
A-T00399,T00399,V0051,2024-06-30,4654829.81
A-T00400,T00400,V0489,2025-06-18,2002990.2
A-T00401,T00401,V0431,2024-08-03,7704124.44
A-T00402,T00402,V0366,2025-03-13,4216496.29
A-T00403,T00403,V0224,2024-12-22,16098477.82
A-T00404,T00404,V0277,2025-10-17,14869746.49
A-T00405,T00405,V0307,2024-06-07,4429493.79
A-T00406,T00406,V0453,2025-09-11,4159547.24
A-T00407,T00407,V0020,2025-01-12,3374697.56
A-T00408,T00408,V0469,2025-11-13,11099714.0
A-T00409,T00409,V0338,2024-11-23,20302754.82
A-T00410,T00410,V0248,2024-10-07,12516149.58
A-T00411,T00411,V0488,2025-03-30,54495152.12
A-T00412,T00412,V0402,2024-04-09,2369519.7
A-T00413,T00413,V0098,2025-04-29,15135319.01
A-T00414,T00414,V0523,2025-09-04,3831267.51
A-T00415,T00415,V0078,2025-11-06,16756002.89
A-T00416,T00416,V0133,2024-09-01,16021197.37
A-T00417,T00417,V0482,2026-02-16,3326569.06
A-T00418,T00418,V0071,2025-02-08,32835323.4
A-T00419,T00419,V0281,2025-08-25,8264412.22
A-T00420,T00420,V0003,2025-02-06,11018572.12
A-T00421,T00421,V0072,2025-01-19,9638300.28
A-T00422,T00422,V0304,2026-05-26,10303940.61
A-T00423,T00423,V0379,2024-10-14,2033506.15
A-T00424,T00424,V0251,2026-06-10,7455189.91
A-T00425,T00425,V0393,2026-09-30,60595512.51
A-T00426,T00426,V0401,2024-10-06,17684816.13
A-T00427,T00427,V0523,2025-09-25,1304942.63
A-T00428,T00428,V0249,2025-11-18,43149162.99
A-T00429,T00429,V0481,2025-11-16,1890278.14
A-T00430,T00430,V0489,2026-05-29,15105252.36
A-T00431,T00431,V0356,2024-06-08,110246443.01
A-T00432,T00432,V0087,2025-03-24,7618911.25
A-T00433,T00433,V0016,2025-07-08,56722437.62
A-T00434,T00434,V0404,2026-01-29,13749687.18
A-T00435,T00435,V0083,2025-04-24,2858715.6
A-T00436,T00436,V0433,2026-09-20,2673644.71
A-T00437,T00437,V0414,2026-04-18,9514197.32
A-T00438,T00438,V0223,2026-01-21,11224684.46
A-T00439,T00439,V0424,2026-05-22,6225985.32
A-T00440,T00440,V0123,2024-03-14,5882205.44
A-T00441,T00441,V0310,2024-05-31,194983711.81
A-T00442,T00442,V0098,2026-05-31,22641199.77
A-T00443,T00443,V0019,2025-08-14,8356638.59
A-T00444,T00444,V0507,2025-02-09,7687155.24
A-T00445,T00445,V0544,2024-05-10,72362560.65
A-T00446,T00446,V0374,2024-11-10,85195846.66
A-T00447,T00447,V0355,2025-07-23,6949654.94
A-T00448,T00448,V0364,2024-04-18,1209532.51
A-T00449,T00449,V0411,2025-08-23,3146372.18
A-T00450,T00450,V0355,2026-05-06,20815263.17
A-T00451,T00451,V0023,2025-03-09,93627148.89
A-T00452,T00452,V0304,2025-05-17,35895372.54
A-T00453,T00453,V0397,2026-04-29,5718266.84
A-T00454,T00454,V0148,2024-05-08,1807578.56
A-T00455,T00455,V0208,2025-12-18,55052576.3
A-T00456,T00456,V0010,2025-01-12,11869090.9
A-T00457,T00457,V0020,2024-08-20,6701379.49
A-T00458,T00458,V0215,2025-01-03,53022154.46
A-T00459,T00459,V0063,2026-02-22,231107132.98
A-T00460,T00460,V0026,2024-06-14,21341364.08
A-T00461,T00461,V0519,2024-12-05,1945924.36
A-T00462,T00462,V0054,2025-11-04,6520913.7
A-T00463,T00463,V0319,2025-10-05,1501432.45
A-T00464,T00464,V0256,2025-04-14,1133591.62
A-T00465,T00465,V0212,2025-08-15,3284988.62
A-T00466,T00466,V0328,2024-03-06,2973110.38
A-T00467,T00467,V0082,2024-12-24,1104278.13
A-T00468,T00468,V0511,2024-11-13,30860088.92
A-T00469,T00469,V0066,2025-07-11,3765497.62
A-T00470,T00470,V0478,2025-05-04,8155174.87
A-T00471,T00471,V0263,2024-07-04,2480996.94
A-T00472,T00472,V0293,2026-04-14,45977819.11
A-T00473,T00473,V0006,2025-11-25,8118019.8
A-T00474,T00474,V0014,2024-04-20,92418375.11
A-T00475,T00475,V0098,2025-05-07,7092298.24
A-T00476,T00476,V0347,2024-09-30,37270520.04
A-T00477,T00477,V0547,2025-07-12,35960483.35
A-T00478,T00478,V0546,2026-02-12,3321687.17
A-T00479,T00479,V0382,2025-10-05,1258607.18
A-T00480,T00480,V0313,2025-02-03,7097087.37
A-T00481,T00481,V0476,2024-10-18,11950773.19
A-T00482,T00482,V0265,2025-01-13,20122684.95
A-T00483,T00483,V0543,2024-11-17,11936512.05
A-T00484,T00484,V0336,2024-11-20,7549185.9
A-T00485,T00485,V0286,2024-12-25,9187092.93
A-T00486,T00486,V0178,2026-08-21,1358132.42
A-T00487,T00487,V0223,2025-05-02,4023167.31
A-T00488,T00488,V0132,2024-02-11,33530513.1
A-T00489,T00489,V0207,2026-02-17,8172976.59
A-T00490,T00490,V0100,2026-02-04,24481770.38
A-T00491,T00491,V0404,2025-04-26,13535660.81
A-T00492,T00492,V0244,2026-08-26,2123535.33
A-T00493,T00493,V0133,2024-09-28,21393534.43
A-T00494,T00494,V0027,2026-06-07,27843411.83
A-T00495,T00495,V0347,2026-06-18,4879339.44
A-T00496,T00496,V0022,2025-10-24,12775656.44
A-T00497,T00497,V0363,2024-11-08,5854071.24
A-T00498,T00498,V0099,2026-05-21,4534715.65
A-T00499,T00499,V0129,2024-06-14,19389409.49
A-T00500,T00500,V0421,2024-07-01,49947040.72
A-T00501,T00501,V0091,2024-09-09,28789133.07
A-T00502,T00502,V0503,2024-10-20,11198708.06
A-T00503,T00503,V0127,2026-06-15,11118871.27
A-T00504,T00504,V0231,2026-07-07,18314487.12
A-T00505,T00505,V0465,2026-01-04,2870366.1
A-T00506,T00506,V0263,2026-01-08,5561343.65
A-T00507,T00507,V0259,2026-09-11,53388528.15
A-T00508,T00508,V0135,2025-04-10,5482536.97
A-T00509,T00509,V0340,2025-04-02,5925255.15
A-T00510,T00510,V0335,2024-08-02,6336179.1
A-T00511,T00511,V0494,2025-12-10,13756335.94
A-T00512,T00512,V0504,2025-01-13,85663671.87
A-T00513,T00513,V0368,2026-02-27,51299291.5
A-T00514,T00514,V0125,2025-07-29,17499967.45
A-T00515,T00515,V0368,2024-05-31,10619562.73
A-T00516,T00516,V0194,2025-03-25,35656498.56
A-T00517,T00517,V0385,2026-01-31,62538359.04
A-T00518,T00518,V0455,2026-01-05,16357534.02
A-T00519,T00519,V0248,2026-05-31,2065367.16
A-T00520,T00520,V0309,2026-05-25,7842461.9
A-T00521,T00521,V0025,2026-06-10,7765415.54
A-T00522,T00522,V0060,2024-08-18,12732654.79
A-T00523,T00523,V0483,2025-01-31,7738393.14
A-T00524,T00524,V0307,2024-10-26,10582088.71
A-T00525,T00525,V0286,2024-05-24,5640873.61
A-T00526,T00526,V0482,2024-12-16,2505266.5
A-T00527,T00527,V0379,2026-04-09,779973.71
A-T00528,T00528,V0144,2026-06-14,3016819.57
A-T00529,T00529,V0133,2026-04-17,41927899.13
A-T00530,T00530,V0263,2025-08-05,5795231.5
A-T00531,T00531,V0012,2024-06-26,3706339.06
A-T00532,T00532,V0455,2025-03-06,1118292.53
A-T00533,T00533,V0358,2025-03-04,11653542.15
A-T00534,T00534,V0023,2024-10-26,2034331.96
A-T00535,T00535,V0501,2024-11-08,2825603.72
A-T00536,T00536,V0400,2025-07-10,23533390.28
A-T00537,T00537,V0308,2025-11-26,5205445.55
A-T00538,T00538,V0498,2024-07-18,4266539.24
A-T00539,T00539,V0455,2026-09-06,3534541.59
A-T00540,T00540,V0023,2024-07-09,152176858.55
A-T00541,T00541,V0514,2026-09-15,3628992.7
A-T00542,T00542,V0078,2026-02-05,14851009.15
A-T00543,T00543,V0244,2024-12-06,22848279.26
A-T00544,T00544,V0532,2025-05-20,5334090.46
A-T00545,T00545,V0015,2026-07-03,5607879.97
A-T00546,T00546,V0092,2026-03-24,8769191.44
A-T00547,T00547,V0531,2025-11-03,42620298.09
A-T00548,T00548,V0078,2025-06-16,3762864.66
A-T00549,T00549,V0362,2026-04-14,8185683.56
A-T00550,T00550,V0278,2026-09-21,1414604.48
A-T00551,T00551,V0147,2024-08-05,6728547.1
A-T00552,T00552,V0301,2026-01-31,4095595.48
A-T00553,T00553,V0384,2025-11-22,35347696.99
A-T00554,T00554,V0004,2025-11-30,264674904.33
A-T00555,T00555,V0478,2025-01-22,95242075.29
A-T00556,T00556,V0298,2024-12-31,3145074.3
A-T00557,T00557,V0355,2024-11-20,5974777.21
A-T00558,T00558,V0550,2025-05-12,34755233.47
A-T00559,T00559,V0179,2025-12-07,11316332.46
A-T00560,T00560,V0280,2026-05-21,1429519.06
A-T00561,T00561,V0541,2026-08-06,36177776.49
A-T00562,T00562,V0273,2026-08-31,20924173.47
A-T00563,T00563,V0347,2024-12-23,259181377.2
A-T00564,T00564,V0490,2025-01-09,4937940.15
A-T00565,T00565,V0041,2026-09-02,2962294.26
A-T00566,T00566,V0223,2026-04-11,9507750.91
A-T00567,T00567,V0382,2024-10-27,15714420.01
A-T00568,T00568,V0077,2024-06-19,4601661.85
A-T00569,T00569,V0470,2026-07-01,24380978.73
A-T00570,T00570,V0391,2024-06-27,10608299.86
A-T00571,T00571,V0365,2025-03-15,15636640.68
A-T00572,T00572,V0016,2024-05-16,8668525.95
A-T00573,T00573,V0394,2026-07-02,19534676.4
A-T00574,T00574,V0044,2024-07-23,192285792.51
A-T00575,T00575,V0443,2025-05-23,145900096.55
A-T00576,T00576,V0200,2025-12-17,6439630.79
A-T00577,T00577,V0340,2026-09-02,751915.65
A-T00578,T00578,V0123,2026-08-17,3579564.49
A-T00579,T00579,V0002,2025-01-23,3898084.2
A-T00580,T00580,V0331,2026-07-15,9248077.59
A-T00581,T00581,V0034,2024-06-18,31725672.75
A-T00582,T00582,V0042,2024-10-05,39047854.86
A-T00583,T00583,V0438,2026-02-03,4991354.58
A-T00584,T00584,V0142,2024-02-12,6187317.75
A-T00585,T00585,V0545,2025-08-08,9748038.11
A-T00586,T00586,V0192,2025-09-10,9310410.02
A-T00587,T00587,V0277,2025-09-10,1626911.96
A-T00588,T00588,V0528,2026-06-25,5561213.2
A-T00589,T00589,V0461,2025-10-13,30681805.54
A-T00590,T00590,V0463,2025-06-23,13531780.03
A-T00591,T00591,V0177,2024-04-09,8247083.36
A-T00592,T00592,V0453,2026-06-12,12285276.51
A-T00593,T00593,V0055,2025-06-11,9249497.8
A-T00594,T00594,V0481,2025-05-05,3314925.47
A-T00595,T00595,V0370,2024-04-09,1979022.88
A-T00596,T00596,V0141,2024-03-20,2961950.37
A-T00597,T00597,V0019,2026-07-31,16665341.54
A-T00598,T00598,V0455,2024-04-23,2391296.87
A-T00599,T00599,V0503,2026-04-30,12042264.49
A-T00600,T00600,V0289,2025-02-18,54199019.46
A-T00601,T00601,V0041,2025-12-15,3090427.03
A-T00602,T00602,V0172,2026-06-18,121408685.19
A-T00603,T00603,V0426,2026-08-15,35728370.92
A-T00604,T00604,V0417,2024-11-01,7717226.08
A-T00605,T00605,V0501,2025-03-25,4125065.05
A-T00606,T00606,V0452,2025-07-13,16473977.55
A-T00607,T00607,V0032,2025-12-12,10291694.97
A-T00608,T00608,V0484,2026-01-02,7000778.29
A-T00609,T00609,V0335,2024-02-22,4710850.64
A-T00610,T00610,V0132,2025-05-31,2394679.46
A-T00611,T00611,V0391,2025-08-07,2748286.07
A-T00612,T00612,V0161,2025-10-30,17720083.79
A-T00613,T00613,V0528,2025-08-09,11176894.53
A-T00614,T00614,V0499,2025-10-05,3163354.18
A-T00615,T00615,V0236,2026-03-08,6395548.88
A-T00616,T00616,V0044,2024-07-17,9815492.16
A-T00617,T00617,V0380,2025-09-07,11886061.89
A-T00618,T00618,V0146,2026-07-11,4719864.43
A-T00619,T00619,V0515,2026-04-27,7566110.51
A-T00620,T00620,V0483,2026-07-01,1456246.91
A-T00621,T00621,V0330,2026-01-17,11295659.7
A-T00622,T00622,V0452,2026-05-29,20027439.58
A-T00623,T00623,V0059,2025-04-30,18598622.59
A-T00624,T00624,V0377,2024-02-01,1761691.93
A-T00625,T00625,V0089,2024-09-17,26222769.63
A-T00626,T00626,V0008,2025-07-26,8302228.07
A-T00627,T00627,V0167,2025-07-08,37491852.73
A-T00628,T00628,V0374,2024-09-20,20969127.88
A-T00629,T00629,V0531,2026-07-11,51317598.08
A-T00630,T00630,V0112,2026-01-11,8410407.88
A-T00631,T00631,V0481,2026-01-07,3391169.65
A-T00632,T00632,V0461,2025-06-28,51979438.96
A-T00633,T00633,V0249,2025-02-07,8587004.13
A-T00634,T00634,V0289,2025-02-03,22742417.83
A-T00635,T00635,V0469,2025-07-02,3910040.68
A-T00636,T00636,V0171,2026-03-12,46141636.75
A-T00637,T00637,V0352,2025-12-10,1061916.4
A-T00638,T00638,V0434,2026-02-08,25441877.99
A-T00639,T00639,V0293,2024-10-08,28119303.63
A-T00640,T00640,V0525,2025-10-28,34071008.37
A-T00641,T00641,V0530,2025-11-07,8168156.54
A-T00642,T00642,V0295,2026-02-23,6663314.26
A-T00643,T00643,V0298,2025-02-24,15937073.4
A-T00644,T00644,V0294,2026-05-31,14784786.61
A-T00645,T00645,V0209,2026-06-12,12693292.87
A-T00646,T00646,V0056,2025-01-16,10354315.72
A-T00647,T00647,V0067,2026-09-11,15490321.45
A-T00648,T00648,V0280,2025-12-11,23255313.15
A-T00649,T00649,V0277,2024-12-14,12354358.68
A-T00650,T00650,V0314,2025-04-08,25909296.33
A-T00651,T00651,V0481,2026-01-14,12236687.82
A-T00652,T00652,V0094,2025-06-20,133926563.36
A-T00653,T00653,V0399,2024-04-22,62429682.42
A-T00654,T00654,V0520,2025-06-14,12155379.65
A-T00655,T00655,V0528,2024-06-24,3039741.0
A-T00656,T00656,V0327,2024-11-30,56719974.75
A-T00657,T00657,V0208,2024-03-09,9996867.59
A-T00658,T00658,V0353,2026-04-21,19428113.05
A-T00659,T00659,V0280,2025-04-26,4255040.64
A-T00660,T00660,V0387,2025-07-08,5740080.1
A-T00661,T00661,V0180,2024-09-17,1134669.79
A-T00662,T00662,V0490,2026-07-20,5245240.93
A-T00663,T00663,V0127,2026-02-18,29776796.44
A-T00664,T00664,V0028,2024-03-04,9402274.83
A-T00665,T00665,V0213,2026-03-14,3720728.12
A-T00666,T00666,V0188,2024-03-25,81051225.53
A-T00667,T00667,V0203,2025-08-21,2295054.96
A-T00668,T00668,V0533,2024-03-17,26113137.13
A-T00669,T00669,V0113,2026-03-02,7434723.55
A-T00670,T00670,V0091,2025-11-06,27810543.28
A-T00671,T00671,V0065,2024-12-31,10970432.57
A-T00672,T00672,V0532,2024-10-11,1160883.29
A-T00673,T00673,V0355,2025-10-25,7030341.05
A-T00674,T00674,V0438,2025-07-11,3141490.89
A-T00675,T00675,V0184,2024-05-25,4848467.8
A-T00676,T00676,V0120,2025-06-30,15020552.49
A-T00677,T00677,V0091,2026-05-29,39698971.09
A-T00678,T00678,V0414,2025-04-02,5570087.73
A-T00679,T00679,V0533,2025-07-06,1317852.58
A-T00680,T00680,V0220,2025-02-17,23228960.31
A-T00681,T00681,V0188,2024-11-29,138786639.76
A-T00682,T00682,V0297,2025-07-14,15761973.28
A-T00683,T00683,V0030,2026-06-24,5452583.21
A-T00684,T00684,V0525,2025-01-21,18032315.98
A-T00685,T00685,V0096,2024-09-19,1901443.87
A-T00686,T00686,V0179,2026-01-06,11133836.29
A-T00687,T00687,V0376,2025-07-27,6757368.24
A-T00688,T00688,V0030,2025-11-22,7074587.05
A-T00689,T00689,V0126,2025-09-16,10603676.46
A-T00690,T00690,V0437,2026-09-22,16422426.34
A-T00691,T00691,V0439,2024-05-14,12156159.62
A-T00692,T00692,V0502,2025-03-11,7942491.76
A-T00693,T00693,V0005,2024-04-08,8413471.31
A-T00694,T00694,V0488,2025-11-06,3374847.12
A-T00695,T00695,V0288,2025-10-09,8207650.27
A-T00696,T00696,V0491,2025-12-16,6722491.11
A-T00697,T00697,V0316,2024-07-02,27823915.77
A-T00698,T00698,V0434,2025-06-10,10026657.99
A-T00699,T00699,V0203,2025-10-06,4038503.27
A-T00700,T00700,V0142,2024-02-28,1944788.64
A-T00701,T00701,V0343,2024-11-19,11415837.17
A-T00702,T00702,V0525,2025-07-17,52206937.11
A-T00703,T00703,V0302,2024-04-17,3757387.77
A-T00704,T00704,V0523,2025-02-08,2636128.3
A-T00705,T00705,V0039,2025-06-22,11706246.19
A-T00706,T00706,V0295,2025-07-28,9168826.64
A-T00707,T00707,V0368,2025-01-08,40162544.09
A-T00708,T00708,V0119,2024-08-08,4690429.63
A-T00709,T00709,V0498,2024-07-26,1735467.27
A-T00710,T00710,V0382,2025-08-19,2585179.95
A-T00711,T00711,V0296,2024-10-01,75400947.09
A-T00712,T00712,V0280,2025-09-21,7640154.39
A-T00713,T00713,V0387,2026-09-08,73230460.3
A-T00714,T00714,V0011,2024-09-02,7522012.96
A-T00715,T00715,V0050,2025-12-04,3412035.23
A-T00716,T00716,V0279,2026-08-02,49931282.84
A-T00717,T00717,V0026,2026-09-02,7076570.55
A-T00718,T00718,V0309,2025-06-15,6328186.47
A-T00719,T00719,V0169,2024-12-17,1346037.3
A-T00720,T00720,V0010,2024-02-29,4385718.89
A-T00721,T00721,V0179,2026-03-28,50632813.13
A-T00722,T00722,V0059,2024-04-10,26753095.12
A-T00723,T00723,V0165,2025-11-09,4304380.45
A-T00724,T00724,V0205,2025-07-23,20197730.92
A-T00725,T00725,V0275,2025-01-03,13979441.93
A-T00726,T00726,V0016,2025-09-10,26072731.08
A-T00727,T00727,V0182,2025-10-13,21286485.6
A-T00728,T00728,V0303,2026-08-29,24219012.78
A-T00729,T00729,V0455,2026-05-31,6319095.71
A-T00730,T00730,V0384,2025-08-04,41007890.14
A-T00731,T00731,V0363,2026-04-25,6585199.73
A-T00732,T00732,V0107,2026-03-18,67694113.97
A-T00733,T00733,V0062,2024-03-26,81189862.4
A-T00734,T00734,V0077,2025-05-30,19926558.95
A-T00735,T00735,V0448,2024-07-26,2914940.85
A-T00736,T00736,V0006,2026-09-09,7219748.55
A-T00737,T00737,V0169,2024-08-25,659595.26
A-T00738,T00738,V0016,2025-01-06,6683680.17
A-T00739,T00739,V0220,2025-12-18,30262186.55
A-T00740,T00740,V0081,2025-02-25,8512937.39
A-T00741,T00741,V0236,2025-04-02,8531757.24
A-T00742,T00742,V0233,2026-03-27,15805528.65
A-T00743,T00743,V0179,2025-08-26,8062959.97
A-T00744,T00744,V0367,2025-07-21,6486346.53
A-T00745,T00745,V0161,2025-03-13,25384907.38
A-T00746,T00746,V0424,2024-04-07,2374847.69
A-T00747,T00747,V0472,2025-06-01,9308784.15
A-T00748,T00748,V0121,2025-08-26,22369789.73
A-T00749,T00749,V0464,2025-05-15,4600680.5
A-T00750,T00750,V0248,2026-09-30,3609209.05
A-T00751,T00751,V0346,2024-06-08,12493662.15
A-T00752,T00752,V0015,2024-02-22,1406963.89
A-T00753,T00753,V0064,2025-07-17,4475593.04
A-T00754,T00754,V0269,2025-10-20,38496034.89
A-T00755,T00755,V0016,2026-05-16,1210952.82
A-T00756,T00756,V0039,2025-07-28,2809563.37
A-T00757,T00757,V0047,2024-08-01,5385299.07
A-T00758,T00758,V0547,2024-05-02,22350297.0
A-T00759,T00759,V0087,2024-05-18,8978861.21
A-T00760,T00760,V0279,2024-11-12,12640318.04
A-T00761,T00761,V0171,2025-07-28,3182143.72
A-T00762,T00762,V0376,2024-09-20,2315213.12
A-T00763,T00763,V0275,2025-06-27,16478712.31
A-T00764,T00764,V0096,2026-01-31,4695955.42
A-T00765,T00765,V0306,2026-07-31,12069104.25
A-T00766,T00766,V0284,2025-01-19,26874838.54
A-T00767,T00767,V0325,2024-08-04,47380341.29
A-T00768,T00768,V0409,2025-01-12,3666837.87
A-T00769,T00769,V0165,2025-01-30,2979035.55
A-T00770,T00770,V0370,2025-05-26,608433.21
A-T00771,T00771,V0010,2026-09-24,3313138.62
A-T00772,T00772,V0247,2024-10-04,15527813.61
A-T00773,T00773,V0471,2025-10-27,6183804.31
A-T00774,T00774,V0431,2025-10-17,17042374.49
A-T00775,T00775,V0240,2024-09-04,4099765.86
A-T00776,T00776,V0356,2024-09-25,30396527.93
A-T00777,T00777,V0040,2026-06-03,3283690.33
A-T00778,T00778,V0421,2024-03-09,31139260.69
A-T00779,T00779,V0025,2024-10-23,10494672.06
A-T00780,T00780,V0250,2025-09-17,51430424.52
A-T00781,T00781,V0209,2024-07-02,3141234.5
A-T00782,T00782,V0115,2025-04-13,19441262.41
A-T00783,T00783,V0206,2024-09-01,28940397.94
A-T00784,T00784,V0040,2024-12-19,13328785.47
A-T00785,T00785,V0208,2026-07-14,8098309.78
A-T00786,T00786,V0347,2024-04-20,172241777.21
A-T00787,T00787,V0144,2026-04-07,1908680.93
A-T00788,T00788,V0316,2024-10-17,26670989.96
A-T00789,T00789,V0039,2026-05-30,10847445.16
A-T00790,T00790,V0286,2024-07-03,7733177.88
A-T00791,T00791,V0372,2025-08-03,27474230.74
A-T00792,T00792,V0355,2024-04-02,3600848.53
A-T00793,T00793,V0266,2026-03-29,30007019.36
A-T00794,T00794,V0460,2024-11-21,1744217.76
A-T00795,T00795,V0125,2025-10-20,103475988.38
A-T00796,T00796,V0233,2025-12-27,20973185.8
A-T00797,T00797,V0381,2026-05-16,23496444.43
A-T00798,T00798,V0341,2024-05-04,4350443.44
A-T00799,T00799,V0539,2026-05-14,37208380.36
A-T00800,T00800,V0379,2024-10-08,4093742.14
A-T00801,T00801,V0224,2025-01-31,9581030.78
A-T00802,T00802,V0142,2026-05-30,6913667.31
A-T00803,T00803,V0172,2025-05-21,30481557.14
A-T00804,T00804,V0219,2026-08-08,944391.12
A-T00805,T00805,V0241,2024-05-22,9282192.25
A-T00806,T00806,V0247,2026-07-22,3071783.68
A-T00807,T00807,V0334,2026-01-07,15884030.76
A-T00808,T00808,V0451,2024-04-23,26841935.81
A-T00809,T00809,V0438,2024-10-27,14395373.79
A-T00810,T00810,V0259,2025-02-20,17054736.59
A-T00811,T00811,V0390,2025-01-25,9312390.68
A-T00812,T00812,V0218,2026-01-17,14755842.81
A-T00813,T00813,V0347,2026-09-02,68551584.89
A-T00814,T00814,V0072,2025-07-29,13308693.96
A-T00815,T00815,V0543,2025-08-19,11686894.52
A-T00816,T00816,V0525,2025-05-08,7478014.56
A-T00817,T00817,V0146,2024-06-20,5822946.14
A-T00818,T00818,V0463,2025-09-13,2835878.69
A-T00819,T00819,V0408,2024-07-08,2983393.46
A-T00820,T00820,V0185,2026-09-09,22996161.05
A-T00821,T00821,V0186,2025-08-15,4771929.3
A-T00822,T00822,V0011,2025-02-04,6031622.1
A-T00823,T00823,V0310,2025-10-06,2303990.14
A-T00824,T00824,V0067,2026-08-20,71063868.24
A-T00825,T00825,V0162,2025-04-16,26596285.77
A-T00826,T00826,V0378,2025-06-01,848538.31
A-T00827,T00827,V0259,2024-04-22,43683843.15
A-T00828,T00828,V0119,2024-02-22,2734053.06
A-T00829,T00829,V0047,2025-08-10,1301400.98
A-T00830,T00830,V0275,2024-09-20,12466980.17
A-T00831,T00831,V0186,2026-07-09,22283302.01
A-T00832,T00832,V0082,2024-05-22,2852681.8
A-T00833,T00833,V0310,2024-02-10,4125393.47
A-T00834,T00834,V0133,2026-06-04,5576624.37
A-T00835,T00835,V0087,2024-06-13,5225142.87
A-T00836,T00836,V0460,2026-05-15,7597416.31
A-T00837,T00837,V0129,2026-04-02,3863883.88
A-T00838,T00838,V0007,2024-11-07,26001224.69
A-T00839,T00839,V0528,2025-08-29,1882127.69
A-T00840,T00840,V0047,2026-06-15,3928801.58
A-T00841,T00841,V0336,2025-10-04,7632858.65
A-T00842,T00842,V0224,2026-05-01,61943640.53
A-T00843,T00843,V0126,2024-02-29,6378515.52
A-T00844,T00844,V0126,2024-10-05,32377007.25
A-T00845,T00845,V0217,2026-06-11,10243061.34
A-T00846,T00846,V0492,2026-03-05,3023567.9
A-T00847,T00847,V0364,2024-11-20,5294706.67
A-T00848,T00848,V0047,2026-04-17,4604862.33
A-T00849,T00849,V0034,2026-04-30,2288822.23
A-T00850,T00850,V0230,2024-05-20,9860675.27
A-T00851,T00851,V0062,2026-06-21,488154129.06
A-T00852,T00852,V0003,2025-07-14,8562090.71
A-T00853,T00853,V0166,2024-02-29,291036492.4
A-T00854,T00854,V0262,2025-06-16,3514543.38
A-T00855,T00855,V0439,2024-10-31,1308570.52
A-T00856,T00856,V0417,2025-12-09,14951052.72
A-T00857,T00857,V0100,2025-01-12,26660339.19
A-T00858,T00858,V0327,2026-04-26,2837119.69
A-T00859,T00859,V0421,2026-01-02,10629506.09
A-T00860,T00860,V0083,2024-03-17,48407534.47
A-T00861,T00861,V0276,2024-08-02,42100067.52
A-T00862,T00862,V0092,2025-09-17,4191851.47
A-T00863,T00863,V0501,2025-04-27,8175349.32
A-T00864,T00864,V0286,2026-06-14,16639139.4
A-T00865,T00865,V0146,2025-11-12,97576554.11
A-T00866,T00866,V0366,2025-09-02,48585930.7
A-T00867,T00867,V0259,2025-10-08,7734560.64
A-T00868,T00868,V0295,2024-07-26,1197627.87
A-T00869,T00869,V0180,2026-04-12,22067819.49
A-T00870,T00870,V0236,2026-04-08,4401515.98
A-T00871,T00871,V0007,2025-08-26,2909785.48
A-T00872,T00872,V0270,2024-02-20,17824551.22
A-T00873,T00873,V0347,2026-03-30,5543459.29
A-T00874,T00874,V0525,2024-06-13,139659642.66
A-T00875,T00875,V0421,2026-08-18,10384535.9
A-T00876,T00876,V0274,2025-12-26,2109330.64
A-T00877,T00877,V0353,2025-02-24,18556370.71
A-T00878,T00878,V0367,2025-03-12,10600974.86
A-T00879,T00879,V0386,2024-12-24,20104072.69
A-T00880,T00880,V0418,2026-08-10,24680347.82
A-T00881,T00881,V0182,2024-09-25,5053609.58
A-T00882,T00882,V0212,2026-04-06,23844739.82
A-T00883,T00883,V0203,2026-01-05,1479509.33
A-T00884,T00884,V0298,2024-09-15,2596697.47
A-T00885,T00885,V0199,2024-06-13,8135548.97
A-T00886,T00886,V0249,2024-10-08,10601935.12
A-T00887,T00887,V0359,2026-03-29,110919899.47
A-T00888,T00888,V0501,2026-08-12,6096388.01
A-T00889,T00889,V0086,2026-02-23,8929535.18
A-T00890,T00890,V0525,2024-09-10,18359314.82
A-T00891,T00891,V0365,2026-08-09,5363085.39
A-T00892,T00892,V0346,2026-03-14,46010483.11
A-T00893,T00893,V0026,2024-05-21,1609658.6
A-T00894,T00894,V0025,2024-10-03,4714735.83
A-T00895,T00895,V0144,2025-02-27,4757343.47
A-T00896,T00896,V0532,2026-01-22,1094354.5
A-T00897,T00897,V0394,2025-06-13,19273198.19
A-T00898,T00898,V0248,2025-04-19,4507090.57
A-T00899,T00899,V0535,2025-11-24,3710826.32
A-T00900,T00900,V0169,2025-04-15,13780486.08
A-T00901,T00901,V0141,2024-06-07,13643230.33
A-T00902,T00902,V0223,2024-06-19,6444093.97
A-T00903,T00903,V0427,2026-08-10,6785765.91
A-T00904,T00904,V0035,2026-09-13,13439897.93
A-T00905,T00905,V0054,2024-11-03,7911494.11
A-T00906,T00906,V0066,2024-03-15,569507.87
A-T00907,T00907,V0099,2025-08-24,12723266.47
A-T00908,T00908,V0127,2026-03-09,3271392.67
A-T00909,T00909,V0327,2026-02-03,1466965.52
A-T00910,T00910,V0142,2026-05-26,4727285.48
A-T00911,T00911,V0397,2025-12-09,3113316.3
A-T00912,T00912,V0017,2024-03-02,19193801.42
A-T00913,T00913,V0263,2025-07-09,12782726.48
A-T00914,T00914,V0093,2025-02-24,2257378.07
A-T00915,T00915,V0452,2024-04-18,15380065.49
A-T00916,T00916,V0127,2026-08-02,2683104.17
A-T00917,T00917,V0051,2026-02-11,8546934.85
A-T00918,T00918,V0201,2026-01-16,1954917.65
A-T00919,T00919,V0248,2025-03-19,4894205.72
A-T00920,T00920,V0248,2025-06-16,18794597.27
A-T00921,T00921,V0241,2024-11-30,1768414.88
A-T00922,T00922,V0338,2025-06-04,7329945.26
A-T00923,T00923,V0460,2024-12-29,830782.35
A-T00924,T00924,V0039,2024-10-31,63442951.25
A-T00925,T00925,V0308,2026-02-10,30218599.25
A-T00926,T00926,V0104,2025-09-22,8662245.49
A-T00927,T00927,V0184,2026-08-15,4354820.07
A-T00928,T00928,V0393,2024-03-29,5765334.17
A-T00929,T00929,V0307,2025-07-09,5311469.79
A-T00930,T00930,V0258,2025-08-13,7122629.34
A-T00931,T00931,V0480,2025-10-26,55705753.27
A-T00932,T00932,V0538,2025-01-21,11849331.2
A-T00933,T00933,V0071,2024-12-18,1184509.98
A-T00934,T00934,V0360,2024-08-13,5873511.34
A-T00935,T00935,V0504,2024-10-17,974362.64
A-T00936,T00936,V0140,2026-08-25,7142779.38
A-T00937,T00937,V0437,2025-11-14,3864663.86
A-T00938,T00938,V0526,2025-12-20,38491683.47
A-T00939,T00939,V0277,2024-09-20,2474705.23
A-T00940,T00940,V0242,2026-03-31,90226983.27
A-T00941,T00941,V0547,2024-02-13,74484626.77
A-T00942,T00942,V0371,2025-11-13,7099881.13
A-T00943,T00943,V0072,2025-02-19,5130196.36
A-T00944,T00944,V0066,2025-05-05,6901825.83
A-T00945,T00945,V0385,2025-06-16,18911199.93
A-T00946,T00946,V0281,2025-10-27,680019.88
A-T00947,T00947,V0337,2024-03-17,12727524.57
A-T00948,T00948,V0403,2026-07-12,19049843.48
A-T00949,T00949,V0377,2026-09-06,8795679.72
A-T00950,T00950,V0302,2025-04-28,12317568.77
A-T00951,T00951,V0153,2025-08-02,4429105.61
A-T00952,T00952,V0322,2026-04-25,2003962.78
A-T00953,T00953,V0496,2024-11-24,9736636.23
A-T00954,T00954,V0386,2025-01-25,4644194.12
A-T00955,T00955,V0383,2026-09-30,19147724.96
A-T00956,T00956,V0452,2026-03-13,31854259.74
A-T00957,T00957,V0032,2026-09-18,30203211.65
A-T00958,T00958,V0295,2024-07-30,2866065.34
A-T00959,T00959,V0082,2026-01-12,9164178.75
A-T00960,T00960,V0178,2026-04-21,18386331.66
A-T00961,T00961,V0434,2026-01-29,4846859.27
A-T00962,T00962,V0529,2024-11-04,9862416.02
A-T00963,T00963,V0512,2024-03-06,16348312.45
A-T00964,T00964,V0208,2026-02-20,2511780.2
A-T00965,T00965,V0056,2026-04-18,8468736.81
A-T00966,T00966,V0132,2025-03-23,5229879.58
A-T00967,T00967,V0481,2025-08-31,11194560.99
A-T00968,T00968,V0419,2024-07-30,3507212.45
A-T00969,T00969,V0520,2024-11-26,52165023.49
A-T00970,T00970,V0301,2025-12-05,35836119.64
A-T00971,T00971,V0397,2024-12-02,6960869.6
A-T00972,T00972,V0402,2025-08-25,11505918.85
A-T00973,T00973,V0198,2025-03-29,21194306.16
A-T00974,T00974,V0338,2025-06-01,5646018.06
A-T00975,T00975,V0361,2024-02-22,7890027.8
A-T00976,T00976,V0483,2024-12-27,10109731.05
A-T00977,T00977,V0107,2025-04-11,16210204.82
A-T00978,T00978,V0132,2025-04-26,11421752.67
A-T00979,T00979,V0438,2025-01-27,2124332.9
A-T00980,T00980,V0337,2025-01-09,437918.25
A-T00981,T00981,V0194,2026-09-18,47459985.13
A-T00982,T00982,V0034,2026-05-22,10411220.95
A-T00983,T00983,V0134,2026-01-20,8588786.33
A-T00984,T00984,V0051,2024-07-14,5963649.13
A-T00985,T00985,V0219,2025-08-01,1788656.21
A-T00986,T00986,V0187,2024-02-21,30474866.64
A-T00987,T00987,V0067,2025-03-01,49929318.67
A-T00988,T00988,V0188,2025-06-20,8851088.18
A-T00989,T00989,V0137,2024-09-17,7219350.09
A-T00990,T00990,V0278,2026-07-25,1709911.04
A-T00991,T00991,V0327,2024-10-28,5815711.45
A-T00992,T00992,V0007,2024-08-03,2927290.16
A-T00993,T00993,V0469,2026-02-14,2042943.85
A-T00994,T00994,V0121,2024-02-26,6443477.07
A-T00995,T00995,V0454,2024-09-06,9652345.68
A-T00996,T00996,V0372,2024-12-21,48906374.73
A-T00997,T00997,V0023,2024-02-22,18934773.08
A-T00998,T00998,V0088,2026-08-11,24814019.47
A-T00999,T00999,V0359,2024-10-16,22347589.59
A-T01000,T01000,V0456,2026-06-09,17054230.62
A-T01001,T01001,V0483,2024-04-24,5468027.17
A-T01002,T01002,V0205,2026-05-18,7589759.43
A-T01003,T01003,V0417,2025-01-24,16356699.11
A-T01004,T01004,V0369,2024-08-26,12864633.73
A-T01005,T01005,V0384,2024-07-31,3788077.48
A-T01006,T01006,V0357,2024-03-23,66958825.92
A-T01007,T01007,V0115,2026-03-24,6713709.34
A-T01008,T01008,V0385,2025-07-02,47016838.14
A-T01009,T01009,V0275,2025-07-24,1364793.18
A-T01010,T01010,V0240,2026-01-06,5230764.56
A-T01011,T01011,V0169,2025-07-31,5244182.19
A-T01012,T01012,V0263,2025-05-12,4902192.8
A-T01013,T01013,V0536,2024-02-29,3654719.34
A-T01014,T01014,V0088,2025-06-20,10200169.03
A-T01015,T01015,V0122,2025-01-01,110415827.52
A-T01016,T01016,V0042,2026-08-15,44754298.93
A-T01017,T01017,V0117,2025-01-20,15535988.67
A-T01018,T01018,V0187,2024-05-30,58341972.02
A-T01019,T01019,V0463,2026-02-13,10240740.35
A-T01020,T01020,V0161,2024-09-13,2104724.3
A-T01021,T01021,V0162,2024-03-14,2604288.6
A-T01022,T01022,V0191,2025-12-24,9584333.55
A-T01023,T01023,V0135,2026-06-13,11000326.7
A-T01024,T01024,V0390,2026-03-04,3036401.01
A-T01025,T01025,V0387,2025-03-27,53758534.92
A-T01026,T01026,V0274,2025-03-16,4699473.61
A-T01027,T01027,V0176,2026-05-03,116288990.32
A-T01028,T01028,V0540,2024-11-07,17394876.98
A-T01029,T01029,V0322,2024-11-24,1676146.33
A-T01030,T01030,V0035,2026-06-18,19191834.62
A-T01031,T01031,V0023,2025-06-05,21741863.47
A-T01032,T01032,V0020,2025-10-21,13843834.12
A-T01033,T01033,V0481,2026-05-09,8442491.32
A-T01034,T01034,V0083,2026-06-09,1209386.78
A-T01035,T01035,V0072,2026-07-06,8294424.32
A-T01036,T01036,V0276,2024-08-19,2354543.64
A-T01037,T01037,V0352,2026-02-14,3718448.36
A-T01038,T01038,V0201,2025-07-25,7471287.48
A-T01039,T01039,V0499,2025-04-08,5528942.38
A-T01040,T01040,V0204,2025-10-22,1360787.22
A-T01041,T01041,V0514,2024-03-15,6117478.55
A-T01042,T01042,V0335,2026-09-20,756659.91
A-T01043,T01043,V0224,2026-08-25,55443390.4
A-T01044,T01044,V0338,2025-04-01,8268304.34
A-T01045,T01045,V0254,2025-06-26,1907743.25
A-T01046,T01046,V0360,2025-08-02,4166006.87
A-T01047,T01047,V0410,2024-12-10,15366430.1
A-T01048,T01048,V0239,2024-08-19,6066705.77
A-T01049,T01049,V0267,2024-06-29,37504750.82
A-T01050,T01050,V0119,2024-09-18,14793090.92
A-T01051,T01051,V0078,2025-06-03,29126186.0
A-T01052,T01052,V0519,2024-12-06,32154645.76
A-T01053,T01053,V0350,2024-04-07,13263857.96
A-T01054,T01054,V0087,2025-08-26,5519217.93
A-T01055,T01055,V0104,2024-08-21,2760723.25
A-T01056,T01056,V0103,2025-08-03,96997289.65
A-T01057,T01057,V0258,2026-05-18,7186774.22
A-T01058,T01058,V0309,2025-05-14,8191348.58
A-T01059,T01059,V0199,2025-06-05,4746973.48
A-T01060,T01060,V0482,2026-04-03,10160474.97
A-T01061,T01061,V0354,2024-06-05,6784728.91
A-T01062,T01062,V0302,2024-12-31,7629396.22
A-T01063,T01063,V0085,2025-09-18,13317501.53
A-T01064,T01064,V0355,2025-08-30,2684455.74
A-T01065,T01065,V0439,2025-06-26,66701341.52
A-T01066,T01066,V0288,2026-02-20,944471.28
A-T01067,T01067,V0381,2025-02-09,66787104.32
A-T01068,T01068,V0526,2024-09-11,11989345.11
A-T01069,T01069,V0429,2025-03-28,5149505.24
A-T01070,T01070,V0321,2025-04-19,2254604.89
A-T01071,T01071,V0347,2025-10-03,17129195.96
A-T01072,T01072,V0413,2024-10-09,26909942.32
A-T01073,T01073,V0159,2026-05-13,95345543.04
A-T01074,T01074,V0502,2025-01-01,3440462.0
A-T01075,T01075,V0474,2025-02-13,28986021.13
A-T01076,T01076,V0118,2024-08-14,58759137.5
A-T01077,T01077,V0454,2024-08-01,10409663.08
A-T01078,T01078,V0215,2024-04-25,8246612.26
A-T01079,T01079,V0416,2025-09-14,25571728.01
A-T01080,T01080,V0021,2025-04-14,25487370.6
A-T01081,T01081,V0292,2026-01-16,36738961.9
A-T01082,T01082,V0379,2024-10-19,7234894.11
A-T01083,T01083,V0174,2026-02-01,4295631.72
A-T01084,T01084,V0041,2026-05-10,1880225.22
A-T01085,T01085,V0025,2025-02-22,2804024.95
A-T01086,T01086,V0144,2026-04-22,3028373.2
A-T01087,T01087,V0370,2025-07-29,5129560.89
A-T01088,T01088,V0457,2026-03-13,7931298.14
A-T01089,T01089,V0415,2026-09-17,2058072.08
A-T01090,T01090,V0054,2024-05-25,9863314.61
A-T01091,T01091,V0397,2024-08-21,7631913.3
A-T01092,T01092,V0001,2025-11-24,15590543.11
A-T01093,T01093,V0020,2025-01-02,4374997.44
A-T01094,T01094,V0228,2025-05-05,8861399.67
A-T01095,T01095,V0042,2026-09-13,31898414.48
A-T01096,T01096,V0206,2026-09-20,105336381.28
A-T01097,T01097,V0054,2025-01-29,75550293.93
A-T01098,T01098,V0303,2024-03-05,13281046.42
A-T01099,T01099,V0219,2024-04-17,3034933.49
A-T01100,T01100,V0377,2024-09-15,6418556.32
A-T01101,T01101,V0249,2024-09-21,3717357.26
A-T01102,T01102,V0212,2025-07-31,1762942.48
A-T01103,T01103,V0538,2026-02-05,4447086.31
A-T01104,T01104,V0029,2026-01-17,5493834.93
A-T01105,T01105,V0032,2024-07-08,6598034.85
A-T01106,T01106,V0091,2025-07-07,29244556.83
A-T01107,T01107,V0304,2025-11-18,13921601.13
A-T01108,T01108,V0458,2026-09-25,2635972.44
A-T01109,T01109,V0185,2026-09-28,10081548.84
A-T01110,T01110,V0421,2024-03-28,20549213.94
A-T01111,T01111,V0326,2025-07-09,1334733.32
A-T01112,T01112,V0178,2024-06-26,3160206.47
A-T01113,T01113,V0429,2025-11-04,18687605.61
A-T01114,T01114,V0401,2025-12-19,27910375.4
A-T01115,T01115,V0179,2024-09-04,8993192.33
A-T01116,T01116,V0249,2025-01-16,52643139.91
A-T01117,T01117,V0142,2025-10-11,3432930.68
A-T01118,T01118,V0353,2024-04-15,18932047.58
A-T01119,T01119,V0144,2025-12-03,535503.87
A-T01120,T01120,V0276,2024-11-04,5304009.74
A-T01121,T01121,V0370,2025-11-06,43981757.79
A-T01122,T01122,V0236,2024-06-25,8870448.15
A-T01123,T01123,V0255,2025-08-26,50544753.62
A-T01124,T01124,V0117,2025-03-12,86811756.3
A-T01125,T01125,V0525,2024-09-23,62730759.11
A-T01126,T01126,V0114,2024-12-04,38315198.1
A-T01127,T01127,V0407,2024-11-08,5127665.49
A-T01128,T01128,V0282,2024-04-27,1838562.57
A-T01129,T01129,V0050,2025-07-30,10573417.94
A-T01130,T01130,V0169,2026-07-25,8492018.88
A-T01131,T01131,V0019,2024-11-21,3086976.08
A-T01132,T01132,V0204,2024-09-19,29756351.83
A-T01133,T01133,V0504,2026-02-12,225781647.36
A-T01134,T01134,V0178,2025-05-18,3754409.53
A-T01135,T01135,V0396,2024-05-27,3897689.59
A-T01136,T01136,V0483,2024-11-04,11387758.3
A-T01137,T01137,V0288,2025-07-07,4634302.64
A-T01138,T01138,V0166,2024-08-25,13686482.31
A-T01139,T01139,V0504,2026-05-28,151778143.01
A-T01140,T01140,V0211,2026-01-01,352272.61
A-T01141,T01141,V0099,2025-11-18,48298140.51
A-T01142,T01142,V0244,2025-07-04,25046664.76
A-T01143,T01143,V0271,2025-07-08,44571698.45
A-T01144,T01144,V0326,2025-09-03,2724656.51
A-T01145,T01145,V0329,2024-03-27,6145852.47
A-T01146,T01146,V0326,2025-08-16,12383868.31
A-T01147,T01147,V0244,2025-05-05,3002380.45
A-T01148,T01148,V0385,2026-08-14,50208066.12
A-T01149,T01149,V0025,2025-02-01,1368248.16
A-T01150,T01150,V0244,2025-03-26,875736.52
A-T01151,T01151,V0244,2024-04-05,33114883.96
A-T01152,T01152,V0029,2025-05-05,10747360.99
A-T01153,T01153,V0218,2026-07-06,6194288.35
A-T01154,T01154,V0460,2025-05-04,5370535.07
A-T01155,T01155,V0145,2024-09-07,11136622.02
A-T01156,T01156,V0254,2024-03-15,705063.63
A-T01157,T01157,V0483,2025-07-09,32406152.33
A-T01158,T01158,V0528,2026-04-05,8217434.55
A-T01159,T01159,V0537,2024-08-12,17218616.04
A-T01160,T01160,V0353,2025-08-03,14689523.91
A-T01161,T01161,V0087,2026-05-24,10392540.69
A-T01162,T01162,V0016,2025-11-18,5717404.99
A-T01163,T01163,V0032,2025-04-24,2974280.9
A-T01164,T01164,V0379,2026-01-26,2645361.52
A-T01165,T01165,V0397,2024-05-12,7865858.09
A-T01166,T01166,V0184,2024-03-11,4020389.58
A-T01167,T01167,V0281,2025-10-16,982535.8
A-T01168,T01168,V0214,2024-12-25,7016696.21
A-T01169,T01169,V0001,2024-03-20,7787134.54
A-T01170,T01170,V0355,2024-03-29,2398187.19
A-T01171,T01171,V0472,2025-04-01,2796972.44
A-T01172,T01172,V0424,2025-04-19,4507074.05
A-T01173,T01173,V0145,2026-09-04,26780274.65
A-T01174,T01174,V0209,2025-07-21,39848685.38
A-T01175,T01175,V0339,2025-07-22,5510528.04
A-T01176,T01176,V0336,2026-09-10,11318175.31
A-T01177,T01177,V0437,2024-09-15,11481982.68
A-T01178,T01178,V0483,2025-07-25,19639321.09
A-T01179,T01179,V0025,2025-07-13,23695804.43
A-T01180,T01180,V0506,2025-02-25,10646491.2
A-T01181,T01181,V0320,2026-02-25,10625342.01
A-T01182,T01182,V0060,2026-05-13,23332166.59
A-T01183,T01183,V0422,2025-04-14,2874595.47
A-T01184,T01184,V0253,2026-09-06,18330968.76
A-T01185,T01185,V0082,2024-09-18,2035047.73
A-T01186,T01186,V0307,2026-08-21,19035373.11
A-T01187,T01187,V0427,2025-04-28,7250082.71
A-T01188,T01188,V0391,2024-10-19,36970487.27
A-T01189,T01189,V0364,2025-07-01,2200672.24
A-T01190,T01190,V0489,2025-11-02,10537785.48
A-T01191,T01191,V0080,2025-03-15,45107259.19
A-T01192,T01192,V0098,2026-07-30,18269438.94
A-T01193,T01193,V0224,2025-11-25,52188946.45
A-T01194,T01194,V0035,2025-11-16,8524755.63
A-T01195,T01195,V0182,2025-04-27,25077524.03
A-T01196,T01196,V0233,2024-09-09,6325429.74
A-T01197,T01197,V0456,2025-12-23,11363924.78
A-T01198,T01198,V0327,2026-07-13,5688777.92
A-T01199,T01199,V0115,2025-12-08,9226382.02
A-T01200,T01200,V0278,2024-09-21,1152864.12
A-T01201,T01201,V0410,2026-09-20,174978113.74
A-T01202,T01202,V0248,2026-07-13,13877703.17
A-T01203,T01203,V0104,2024-12-02,6726137.76
A-T01204,T01204,V0279,2025-03-14,4283169.21
A-T01205,T01205,V0117,2024-11-28,116465613.14
A-T01206,T01206,V0263,2026-06-08,1645645.23
A-T01207,T01207,V0042,2024-10-17,43900458.19
A-T01208,T01208,V0076,2026-09-07,5206664.85
A-T01209,T01209,V0265,2024-02-13,6492665.56
A-T01210,T01210,V0427,2024-07-04,25257502.15
A-T01211,T01211,V0429,2024-02-13,51517802.47
A-T01212,T01212,V0301,2026-05-25,4788828.78
A-T01213,T01213,V0164,2024-04-27,2511847.37
A-T01214,T01214,V0426,2026-09-30,12567243.75
A-T01215,T01215,V0469,2026-04-09,17959824.99
A-T01216,T01216,V0381,2024-05-07,39789852.67
A-T01217,T01217,V0172,2025-06-04,42178057.01
A-T01218,T01218,V0197,2025-12-29,1335771.75
A-T01219,T01219,V0523,2025-02-02,50474093.11
A-T01220,T01220,V0391,2025-07-31,22175564.45
A-T01221,T01221,V0195,2026-07-08,3439772.74
A-T01222,T01222,V0295,2025-02-05,6161830.94
A-T01223,T01223,V0322,2025-09-14,436418.48
A-T01224,T01224,V0051,2025-02-05,546138.28
A-T01225,T01225,V0525,2025-05-09,74993512.3
A-T01226,T01226,V0291,2025-06-24,6418144.97
A-T01227,T01227,V0148,2024-05-24,5302531.12
A-T01228,T01228,V0083,2025-08-24,5038562.14
A-T01229,T01229,V0026,2025-10-05,1438871.92
A-T01230,T01230,V0224,2026-05-15,20655212.74
A-T01231,T01231,V0129,2024-02-21,5682432.53
A-T01232,T01232,V0293,2026-02-28,51224064.45
A-T01233,T01233,V0127,2026-06-05,79701698.6
A-T01234,T01234,V0395,2026-07-05,6366287.02
A-T01235,T01235,V0510,2025-10-29,5271861.09
A-T01236,T01236,V0195,2025-02-20,5693216.24
A-T01237,T01237,V0258,2025-07-28,12390509.36
A-T01238,T01238,V0335,2024-12-14,8977659.88
A-T01239,T01239,V0051,2025-08-12,2826446.09
A-T01240,T01240,V0394,2025-10-14,25169582.36
A-T01241,T01241,V0533,2026-04-18,3180530.31
A-T01242,T01242,V0425,2024-03-13,13662718.43
A-T01243,T01243,V0531,2025-03-24,11682229.63
A-T01244,T01244,V0253,2024-10-15,5115867.69
A-T01245,T01245,V0088,2025-09-23,24545597.06
A-T01246,T01246,V0321,2025-09-19,12120155.6
A-T01247,T01247,V0263,2024-07-23,1194872.42
A-T01248,T01248,V0485,2025-03-12,9432018.17
A-T01249,T01249,V0026,2024-08-09,7359661.3
A-T01250,T01250,V0394,2024-07-04,8647450.31
A-T01251,T01251,V0158,2025-04-20,1508514.96
A-T01252,T01252,V0133,2024-09-30,4539580.4
A-T01253,T01253,V0541,2024-12-23,27112406.57
A-T01254,T01254,V0495,2025-01-06,10798194.53
A-T01255,T01255,V0063,2026-05-31,49227807.91
A-T01256,T01256,V0336,2024-05-19,13915461.52
A-T01257,T01257,V0456,2025-11-27,1704467.81
A-T01258,T01258,V0114,2026-03-10,35037204.7
A-T01259,T01259,V0182,2024-07-19,4039483.32
A-T01260,T01260,V0178,2024-10-26,4076394.04
A-T01261,T01261,V0425,2026-04-30,8958541.98
A-T01262,T01262,V0010,2024-03-18,5050885.8
A-T01263,T01263,V0180,2025-04-17,1161222.57
A-T01264,T01264,V0298,2024-06-07,7613585.68
A-T01265,T01265,V0404,2025-12-28,10365452.81
A-T01266,T01266,V0393,2024-05-04,14396565.15
A-T01267,T01267,V0411,2025-06-17,9042154.47
A-T01268,T01268,V0352,2024-03-24,28499207.95
A-T01269,T01269,V0175,2024-10-09,29352950.8
A-T01270,T01270,V0020,2026-07-15,6521099.77
A-T01271,T01271,V0176,2025-05-28,37056536.89
A-T01272,T01272,V0027,2025-01-12,59524559.17
A-T01273,T01273,V0146,2024-11-30,5202582.48
A-T01274,T01274,V0412,2025-07-27,12386523.61
A-T01275,T01275,V0339,2025-04-11,74704466.35
A-T01276,T01276,V0360,2025-06-15,7551702.43
A-T01277,T01277,V0162,2026-03-22,1712888.03
A-T01278,T01278,V0499,2024-03-18,9872578.53
A-T01279,T01279,V0271,2024-06-09,19376280.23
A-T01280,T01280,V0374,2024-02-19,9218348.98
A-T01281,T01281,V0336,2025-02-08,2511226.03
A-T01282,T01282,V0475,2025-07-21,5156950.12
A-T01283,T01283,V0494,2026-02-01,9315584.29
A-T01284,T01284,V0288,2025-05-30,102712321.63
A-T01285,T01285,V0019,2025-09-28,19444703.81
A-T01286,T01286,V0355,2024-02-17,1495460.74
A-T01287,T01287,V0488,2026-01-08,7121389.89
A-T01288,T01288,V0299,2024-03-05,20334258.2
A-T01289,T01289,V0443,2026-07-28,12629330.96
A-T01290,T01290,V0050,2026-09-28,6426836.64
A-T01291,T01291,V0042,2024-03-09,20469256.8
A-T01292,T01292,V0424,2026-09-11,3317271.69
A-T01293,T01293,V0379,2026-08-02,796564.8
A-T01294,T01294,V0071,2026-07-06,8379517.87
A-T01295,T01295,V0350,2024-08-12,1545304.79
A-T01296,T01296,V0031,2024-02-13,18591945.01
A-T01297,T01297,V0161,2026-06-10,22551156.12
A-T01298,T01298,V0411,2025-03-06,21882776.46
A-T01299,T01299,V0509,2026-07-09,15784077.65
A-T01300,T01300,V0513,2026-07-25,4274413.51
A-T01301,T01301,V0483,2025-11-21,13115219.5
A-T01302,T01302,V0135,2025-04-12,51484033.96
A-T01303,T01303,V0362,2025-01-04,3251200.06
A-T01304,T01304,V0351,2024-09-01,2336245.34
A-T01305,T01305,V0117,2025-08-30,25438451.6
A-T01306,T01306,V0284,2024-05-23,21007173.87
A-T01307,T01307,V0394,2024-01-22,5179445.79
A-T01308,T01308,V0251,2025-05-13,3317221.49
A-T01309,T01309,V0034,2026-08-24,5369744.76
A-T01310,T01310,V0093,2024-06-01,54583330.42
A-T01311,T01311,V0082,2026-03-09,4951871.18
A-T01312,T01312,V0276,2026-05-13,6124378.12
A-T01313,T01313,V0151,2025-03-23,9203022.56
A-T01314,T01314,V0161,2025-12-22,5767669.39
A-T01315,T01315,V0461,2025-08-20,41313737.76
A-T01316,T01316,V0295,2026-08-11,2189406.29
A-T01317,T01317,V0421,2025-02-03,9217451.09
A-T01318,T01318,V0292,2026-07-14,5416697.64
A-T01319,T01319,V0050,2025-05-22,7756358.16
A-T01320,T01320,V0018,2026-03-05,78242387.09
A-T01321,T01321,V0142,2024-09-04,12786332.8
A-T01322,T01322,V0372,2025-01-22,5097396.03
A-T01323,T01323,V0148,2026-07-16,4660973.65
A-T01324,T01324,V0259,2024-07-06,8600257.86
A-T01325,T01325,V0110,2026-09-05,6491098.99
A-T01326,T01326,V0051,2026-02-03,5093721.25
A-T01327,T01327,V0032,2025-09-08,6589687.53
A-T01328,T01328,V0019,2024-05-24,45933938.94
A-T01329,T01329,V0064,2024-04-13,28758267.28
A-T01330,T01330,V0016,2024-05-30,76976912.39
A-T01331,T01331,V0438,2025-08-27,16740354.99
A-T01332,T01332,V0426,2026-04-02,68143308.02
A-T01333,T01333,V0115,2026-08-06,12510367.64
A-T01334,T01334,V0166,2024-11-29,1501114.19
A-T01335,T01335,V0200,2026-06-21,2498912.21
A-T01336,T01336,V0041,2025-12-07,3095898.22
A-T01337,T01337,V0511,2025-07-03,10614207.19
A-T01338,T01338,V0289,2025-08-16,13182189.85
A-T01339,T01339,V0407,2025-04-28,4360686.99
A-T01340,T01340,V0317,2024-05-30,8942405.23
A-T01341,T01341,V0004,2025-04-26,2377568.65
A-T01342,T01342,V0321,2026-04-07,4907654.79
A-T01343,T01343,V0188,2026-09-09,78284172.62
A-T01344,T01344,V0114,2024-03-21,16162804.3
A-T01345,T01345,V0381,2025-10-24,31170820.06
A-T01346,T01346,V0106,2024-11-29,2421313.25
A-T01347,T01347,V0172,2024-05-01,43681311.16
A-T01348,T01348,V0345,2026-09-18,19157168.35
A-T01349,T01349,V0201,2024-04-06,25587716.38
A-T01350,T01350,V0132,2025-04-07,832954.85
A-T01351,T01351,V0301,2024-10-09,103526708.69
A-T01352,T01352,V0270,2025-09-14,36691550.48
A-T01353,T01353,V0169,2024-10-01,2787051.55
A-T01354,T01354,V0144,2024-09-10,8763156.9
A-T01355,T01355,V0177,2025-09-08,4675884.05
A-T01356,T01356,V0191,2025-07-15,492453784.21
A-T01357,T01357,V0276,2026-01-01,2724615.26
A-T01358,T01358,V0474,2024-02-21,28654092.71
A-T01359,T01359,V0341,2025-04-21,10359122.1
A-T01360,T01360,V0273,2024-03-04,151763117.16
A-T01361,T01361,V0275,2024-04-27,4598621.26
A-T01362,T01362,V0390,2024-08-22,22214515.57
A-T01363,T01363,V0066,2024-06-29,21227778.76
A-T01364,T01364,V0403,2026-02-22,14522595.78
A-T01365,T01365,V0478,2025-03-17,21014488.37
A-T01366,T01366,V0204,2026-05-04,2385227.56
A-T01367,T01367,V0434,2025-12-19,27765846.3
A-T01368,T01368,V0231,2025-03-07,3371471.38
A-T01369,T01369,V0132,2026-05-27,8157535.27
A-T01370,T01370,V0546,2026-06-20,5158437.44
A-T01371,T01371,V0310,2025-06-22,1334115.03
A-T01372,T01372,V0135,2024-07-21,15123165.84
A-T01373,T01373,V0144,2026-01-10,6284577.67
A-T01374,T01374,V0472,2025-11-21,9633824.44
A-T01375,T01375,V0185,2024-09-11,7220710.37
A-T01376,T01376,V0470,2026-07-20,18826136.76
A-T01377,T01377,V0184,2026-03-04,11588102.44
A-T01378,T01378,V0297,2024-09-18,129649388.41
A-T01379,T01379,V0120,2026-05-21,6651673.58
A-T01380,T01380,V0103,2025-08-03,43650454.21
A-T01381,T01381,V0396,2025-03-10,8081449.35
A-T01382,T01382,V0451,2024-11-12,46744952.21
A-T01383,T01383,V0045,2024-04-05,42818060.22
A-T01384,T01384,V0322,2025-07-24,1712644.99
A-T01385,T01385,V0004,2024-10-25,1820745.58
A-T01386,T01386,V0142,2024-05-05,21869088.73
A-T01387,T01387,V0029,2026-04-22,10202815.87
A-T01388,T01388,V0254,2024-02-11,3428866.72
A-T01389,T01389,V0204,2026-01-03,19750630.89
A-T01390,T01390,V0247,2025-06-07,1480827.85
A-T01391,T01391,V0344,2025-02-24,19684910.98
A-T01392,T01392,V0178,2025-02-26,4521493.77
A-T01393,T01393,V0295,2025-08-06,17373265.55
A-T01394,T01394,V0194,2024-04-18,5931522.24
A-T01395,T01395,V0269,2026-09-08,20598311.73
A-T01396,T01396,V0220,2026-04-27,24307055.88
A-T01397,T01397,V0166,2024-10-23,11195742.28
A-T01398,T01398,V0127,2026-02-20,5096125.1
A-T01399,T01399,V0347,2026-03-17,15811853.38
A-T01400,T01400,V0513,2026-03-22,5842321.08
A-T01401,T01401,V0308,2024-04-15,7026734.7
A-T01402,T01402,V0352,2024-10-27,11364018.42
A-T01403,T01403,V0073,2025-05-21,19286956.13
A-T01404,T01404,V0187,2026-05-18,7094193.04
A-T01405,T01405,V0382,2025-09-24,12840569.14
A-T01406,T01406,V0355,2025-02-11,10018617.57
A-T01407,T01407,V0212,2026-02-01,23914948.06
A-T01408,T01408,V0229,2026-06-13,13054582.06
A-T01409,T01409,V0378,2025-06-17,5156780.75
A-T01410,T01410,V0324,2024-03-09,50144777.34
A-T01411,T01411,V0397,2024-04-13,3218462.9
A-T01412,T01412,V0121,2025-12-23,6269505.89
A-T01413,T01413,V0186,2025-05-01,13768899.75
A-T01414,T01414,V0174,2024-11-01,6111600.01
A-T01415,T01415,V0464,2024-05-27,11481195.77
A-T01416,T01416,V0123,2025-10-29,1874623.59
A-T01417,T01417,V0072,2026-01-23,8775716.47
A-T01418,T01418,V0340,2025-04-19,18876081.63
A-T01419,T01419,V0289,2024-12-29,7159366.09
A-T01420,T01420,V0001,2025-12-29,6658524.16
A-T01421,T01421,V0434,2026-08-09,15410978.74
A-T01422,T01422,V0386,2026-02-08,15373207.67
A-T01423,T01423,V0126,2025-04-28,3984894.11
A-T01424,T01424,V0472,2024-06-05,20396126.04
A-T01425,T01425,V0031,2026-03-18,35317090.26
A-T01426,T01426,V0240,2025-05-24,6326258.53
A-T01427,T01427,V0107,2024-10-23,21499542.42
A-T01428,T01428,V0414,2025-08-07,18359790.41
A-T01429,T01429,V0540,2024-03-23,5063197.99
A-T01430,T01430,V0384,2026-05-01,2576161.43
A-T01431,T01431,V0550,2025-07-19,20668551.85
A-T01432,T01432,V0121,2026-04-05,14781714.64
A-T01433,T01433,V0452,2026-01-15,7221913.13
A-T01434,T01434,V0104,2024-05-26,35504618.81
A-T01435,T01435,V0299,2025-11-04,63388107.65
A-T01436,T01436,V0421,2025-07-26,39440450.03
A-T01437,T01437,V0242,2026-04-09,83018448.56
A-T01438,T01438,V0162,2025-03-08,7274620.95
A-T01439,T01439,V0336,2026-04-07,4836153.13
A-T01440,T01440,V0516,2025-09-27,13420010.81
A-T01441,T01441,V0016,2024-11-08,8903243.72
A-T01442,T01442,V0375,2025-10-23,22443479.68
A-T01443,T01443,V0113,2026-02-04,25772132.77
A-T01444,T01444,V0079,2026-06-24,39659215.45
A-T01445,T01445,V0423,2025-02-24,11150160.29
A-T01446,T01446,V0491,2025-08-20,4912735.12
A-T01447,T01447,V0365,2026-05-14,17609953.01
A-T01448,T01448,V0092,2025-06-01,6544562.6
A-T01449,T01449,V0491,2026-09-29,29332442.78
A-T01450,T01450,V0422,2026-08-28,11821181.13
A-T01451,T01451,V0181,2025-01-21,9846733.63
A-T01452,T01452,V0416,2025-10-17,33907562.42
A-T01453,T01453,V0325,2025-02-24,9616777.7
A-T01454,T01454,V0346,2026-08-07,105812941.48
A-T01455,T01455,V0364,2025-01-05,2430823.47
A-T01456,T01456,V0091,2026-02-20,19135457.79
A-T01457,T01457,V0383,2024-10-09,17709818.85
A-T01458,T01458,V0364,2026-03-16,1613559.62
A-T01459,T01459,V0225,2026-04-07,16328185.34
A-T01460,T01460,V0489,2026-04-22,9783011.06
A-T01461,T01461,V0248,2025-09-08,85228918.53
A-T01462,T01462,V0065,2024-08-04,6208722.32
A-T01463,T01463,V0175,2024-09-14,2399705.61
A-T01464,T01464,V0153,2025-01-05,54335106.48
A-T01465,T01465,V0352,2025-11-30,1165864.0
A-T01466,T01466,V0013,2026-09-07,23040900.75
A-T01467,T01467,V0292,2026-05-31,4991307.65
A-T01468,T01468,V0453,2026-08-06,6887635.38
A-T01469,T01469,V0336,2025-05-06,21309595.26
A-T01470,T01470,V0013,2024-07-25,38881714.28
A-T01471,T01471,V0280,2026-01-10,2993901.95
A-T01472,T01472,V0547,2025-02-24,18854684.05
A-T01473,T01473,V0340,2025-11-17,46409931.94
A-T01474,T01474,V0509,2025-04-17,2804403.57
A-T01475,T01475,V0162,2024-06-24,9637144.35
A-T01476,T01476,V0464,2025-09-10,34559802.08
A-T01477,T01477,V0066,2024-03-22,1737078.21
A-T01478,T01478,V0172,2025-09-25,8710011.89
A-T01479,T01479,V0249,2025-01-12,9952576.85
A-T01480,T01480,V0201,2025-10-30,7891380.51
A-T01481,T01481,V0470,2024-12-28,11647193.92
A-T01482,T01482,V0202,2025-11-14,12663295.88
A-T01483,T01483,V0417,2024-11-24,18556964.28
A-T01484,T01484,V0445,2026-04-24,27071866.52
A-T01485,T01485,V0248,2025-02-01,15559846.79
A-T01486,T01486,V0346,2024-12-20,43182688.57
A-T01487,T01487,V0247,2024-11-02,95644869.65
A-T01488,T01488,V0396,2026-09-13,3338793.38
A-T01489,T01489,V0274,2025-02-05,47472188.25
A-T01490,T01490,V0516,2025-07-14,26658021.48
A-T01491,T01491,V0259,2025-02-10,29077181.2
A-T01492,T01492,V0275,2026-06-30,27293102.03
A-T01493,T01493,V0025,2026-01-28,43093972.5
A-T01494,T01494,V0003,2025-12-21,19150471.07
A-T01495,T01495,V0375,2026-07-05,1237754.29
A-T01496,T01496,V0246,2026-09-16,85325521.51
A-T01497,T01497,V0016,2026-07-13,3619767.77
A-T01498,T01498,V0469,2025-01-23,13590231.25
A-T01499,T01499,V0033,2025-12-25,3293707.36
A-T01500,T01500,V0264,2024-06-22,12115358.17
A-T01501,T01501,V0394,2026-08-13,6403677.63
A-T01502,T01502,V0029,2024-08-03,7797015.52
A-T01503,T01503,V0419,2025-10-28,3341582.75
A-T01504,T01504,V0171,2024-04-28,68230532.02
A-T01505,T01505,V0119,2026-03-26,5083023.68
A-T01506,T01506,V0308,2025-07-26,7813916.35
A-T01507,T01507,V0121,2026-07-17,7250607.52
A-T01508,T01508,V0453,2025-08-04,10769733.02
A-T01509,T01509,V0022,2024-12-26,5057959.24
A-T01510,T01510,V0357,2026-05-14,4003484.38
A-T01511,T01511,V0342,2025-02-28,7823867.59
A-T01512,T01512,V0463,2025-08-27,9738066.11
A-T01513,T01513,V0042,2026-04-27,148508807.84
A-T01514,T01514,V0276,2025-06-27,32325493.09
A-T01515,T01515,V0025,2024-04-29,3681722.5
A-T01516,T01516,V0422,2025-11-06,4666534.92
A-T01517,T01517,V0199,2026-02-15,64436095.0
A-T01518,T01518,V0035,2025-07-19,7120508.3
A-T01519,T01519,V0147,2025-04-26,2548239.33
A-T01520,T01520,V0358,2026-05-16,41528151.89
A-T01521,T01521,V0533,2025-03-13,7002062.53
A-T01522,T01522,V0370,2025-06-03,4993083.11
A-T01523,T01523,V0230,2025-07-12,17380561.01
A-T01524,T01524,V0049,2025-06-07,935538.52
A-T01525,T01525,V0509,2026-01-06,5592860.09
A-T01526,T01526,V0047,2024-06-07,42993515.6
A-T01527,T01527,V0366,2024-11-29,54704013.35
A-T01528,T01528,V0453,2026-08-20,4425768.75
A-T01529,T01529,V0143,2025-01-21,11131685.17
A-T01530,T01530,V0120,2024-12-09,24501994.53
A-T01531,T01531,V0242,2024-10-03,1896371.06
A-T01532,T01532,V0447,2026-09-19,3738276.3
A-T01533,T01533,V0453,2024-09-10,8248228.89
A-T01534,T01534,V0351,2025-12-17,5752529.42
A-T01535,T01535,V0082,2024-04-21,2534978.13
A-T01536,T01536,V0295,2025-03-22,3035440.84
A-T01537,T01537,V0368,2024-03-08,15542857.32
A-T01538,T01538,V0394,2024-12-24,16267586.45
A-T01539,T01539,V0098,2024-09-29,9292008.74
A-T01540,T01540,V0104,2025-03-04,9457221.29
A-T01541,T01541,V0295,2026-05-07,3213753.01
A-T01542,T01542,V0349,2026-09-18,9111185.58
A-T01543,T01543,V0112,2025-06-30,1586446.84
A-T01544,T01544,V0430,2024-03-01,15871100.6
A-T01545,T01545,V0384,2024-06-09,15950586.21
A-T01546,T01546,V0120,2026-03-23,6243361.04
A-T01547,T01547,V0277,2026-08-13,4021882.64
A-T01548,T01548,V0300,2025-09-03,15913550.94
A-T01549,T01549,V0386,2026-09-27,150487366.26
A-T01550,T01550,V0095,2024-11-21,5212145.88
A-T01551,T01551,V0485,2025-10-01,1438695.99
A-T01552,T01552,V0273,2025-02-27,24161498.25
A-T01553,T01553,V0357,2025-08-22,70957719.75
A-T01554,T01554,V0309,2026-01-05,1785475.74
A-T01555,T01555,V0120,2024-10-09,7895616.26
A-T01556,T01556,V0310,2024-12-25,4710344.57
A-T01557,T01557,V0017,2026-06-21,208465461.48
A-T01558,T01558,V0248,2024-05-23,11009750.78
A-T01559,T01559,V0309,2026-01-10,1792727.27
A-T01560,T01560,V0383,2026-01-07,2028777.78
A-T01561,T01561,V0119,2026-03-25,59559720.4
A-T01562,T01562,V0148,2026-05-14,6715264.18
A-T01563,T01563,V0422,2024-10-26,12747922.85
A-T01564,T01564,V0244,2026-08-01,1905073.97
A-T01565,T01565,V0379,2025-11-11,3570088.57
A-T01566,T01566,V0224,2024-09-25,22589911.66
A-T01567,T01567,V0066,2025-06-11,1983670.13
A-T01568,T01568,V0259,2024-09-07,9207606.39
A-T01569,T01569,V0220,2025-10-01,12177661.13
A-T01570,T01570,V0031,2024-03-28,13774644.98
A-T01571,T01571,V0472,2025-06-03,18620216.05
A-T01572,T01572,V0481,2026-04-23,1289555.23
A-T01573,T01573,V0536,2024-08-01,7520131.45
A-T01574,T01574,V0308,2025-03-08,1521723.0
A-T01575,T01575,V0300,2024-04-14,30779775.71
A-T01576,T01576,V0104,2024-04-13,6491681.29
A-T01577,T01577,V0247,2026-06-07,3548953.01
A-T01578,T01578,V0293,2026-09-15,17074892.88
A-T01579,T01579,V0066,2024-06-28,966100.12
A-T01580,T01580,V0275,2025-11-09,15542122.94
A-T01581,T01581,V0091,2024-09-11,39563481.25
A-T01582,T01582,V0384,2025-08-07,17325203.5
A-T01583,T01583,V0205,2026-07-08,11321218.69
A-T01584,T01584,V0364,2024-07-15,39884179.27
A-T01585,T01585,V0509,2024-05-19,5337821.09
A-T01586,T01586,V0509,2025-12-18,4699432.76
A-T01587,T01587,V0525,2024-11-04,19855808.05
A-T01588,T01588,V0052,2025-01-15,7642952.82
A-T01589,T01589,V0404,2024-06-16,4089156.16
A-T01590,T01590,V0463,2024-10-30,16343568.36
A-T01591,T01591,V0245,2025-01-18,1733205.5
A-T01592,T01592,V0031,2024-05-05,26532895.92
A-T01593,T01593,V0234,2026-06-26,3068909.96
A-T01594,T01594,V0460,2025-05-20,2792832.33
A-T01595,T01595,V0130,2025-09-11,10147177.38
A-T01596,T01596,V0384,2026-01-09,7094875.1
A-T01597,T01597,V0498,2025-11-02,20797514.07
A-T01598,T01598,V0209,2024-11-28,36699335.96
A-T01599,T01599,V0050,2025-09-12,2162598.15
A-T01600,T01600,V0224,2026-08-10,6495563.39
A-T01601,T01601,V0263,2024-09-03,2860832.84
A-T01602,T01602,V0010,2025-06-13,5676609.19
A-T01603,T01603,V0161,2026-09-05,9147225.91
A-T01604,T01604,V0006,2026-03-26,26054766.96
A-T01605,T01605,V0322,2025-01-23,2390347.54
A-T01606,T01606,V0277,2024-06-18,1095516.59
A-T01607,T01607,V0298,2024-06-02,4609503.68
A-T01608,T01608,V0001,2025-11-12,2310546.98
A-T01609,T01609,V0360,2025-08-13,12114989.62
A-T01610,T01610,V0438,2025-05-12,47163783.16
A-T01611,T01611,V0185,2025-08-15,4253020.43
A-T01612,T01612,V0162,2026-05-08,3998418.68
A-T01613,T01613,V0403,2024-02-21,17120058.45
A-T01614,T01614,V0236,2024-10-12,2964194.67
A-T01615,T01615,V0251,2025-03-01,53293482.74
A-T01616,T01616,V0504,2025-03-04,8719240.9
A-T01617,T01617,V0184,2024-12-21,7094846.16
A-T01618,T01618,V0331,2025-01-02,1715437.96
A-T01619,T01619,V0262,2024-05-22,780394.41
A-T01620,T01620,V0527,2025-01-15,13804022.21
A-T01621,T01621,V0065,2024-11-27,5795497.69
A-T01622,T01622,V0256,2024-09-24,2591280.06
A-T01623,T01623,V0263,2025-10-18,16958742.6
A-T01624,T01624,V0339,2025-05-08,20786308.03
A-T01625,T01625,V0127,2025-06-25,1700991.02
A-T01626,T01626,V0499,2024-06-23,6697481.52
A-T01627,T01627,V0396,2026-08-15,17224590.17
A-T01628,T01628,V0174,2025-01-26,15566301.72
A-T01629,T01629,V0422,2025-04-07,14851226.99
A-T01630,T01630,V0042,2025-09-23,39835457.86
A-T01631,T01631,V0546,2025-09-14,2917186.45
A-T01632,T01632,V0411,2026-02-08,49145329.4
A-T01633,T01633,V0361,2025-11-24,10791682.93
A-T01634,T01634,V0529,2025-12-09,6669056.38
A-T01635,T01635,V0381,2025-12-01,4497051.6
A-T01636,T01636,V0384,2026-02-24,1604780.88
A-T01637,T01637,V0145,2024-12-13,4070992.35
A-T01638,T01638,V0385,2026-09-01,15009673.27
A-T01639,T01639,V0215,2025-05-17,6664411.25
A-T01640,T01640,V0004,2024-05-18,2424810.62
A-T01641,T01641,V0529,2025-05-18,4440031.17
A-T01642,T01642,V0316,2026-02-13,8015033.92
A-T01643,T01643,V0158,2026-07-15,4450538.12
A-T01644,T01644,V0153,2026-07-26,7146860.81
A-T01645,T01645,V0513,2024-03-27,11179558.0
A-T01646,T01646,V0011,2024-10-07,12244729.16
A-T01647,T01647,V0344,2025-05-09,22296492.61
A-T01648,T01648,V0491,2026-09-23,17714326.98
A-T01649,T01649,V0519,2025-03-03,4319630.61
A-T01650,T01650,V0487,2024-07-20,45778554.39
A-T01651,T01651,V0271,2024-04-29,50998979.96
A-T01652,T01652,V0277,2024-02-29,13760278.23
A-T01653,T01653,V0391,2025-10-02,41981563.02
A-T01654,T01654,V0013,2026-01-04,14572106.81
A-T01655,T01655,V0352,2025-02-24,63453843.14
A-T01656,T01656,V0178,2025-02-05,12008228.45
A-T01657,T01657,V0046,2025-09-24,5829365.75
A-T01658,T01658,V0505,2025-07-17,4506156.72
A-T01659,T01659,V0225,2025-09-24,10886199.4
A-T01660,T01660,V0184,2026-03-23,58223037.88
A-T01661,T01661,V0368,2026-09-28,99230953.55
A-T01662,T01662,V0485,2025-03-21,21833215.99
A-T01663,T01663,V0062,2025-04-22,236132725.72
A-T01664,T01664,V0470,2025-10-09,7577425.69
A-T01665,T01665,V0338,2025-07-15,8774444.19
A-T01666,T01666,V0153,2025-04-26,11586774.57
A-T01667,T01667,V0406,2024-10-13,1943772.27
A-T01668,T01668,V0356,2024-07-17,11950524.74
A-T01669,T01669,V0097,2024-10-13,20866864.93
A-T01670,T01670,V0044,2026-09-12,37747438.96
A-T01671,T01671,V0140,2024-06-09,10160321.99
A-T01672,T01672,V0520,2025-05-12,10658193.94
A-T01673,T01673,V0501,2026-04-29,57421793.55
A-T01674,T01674,V0178,2024-07-18,8831304.93
A-T01675,T01675,V0434,2026-08-30,20929210.43
A-T01676,T01676,V0277,2025-08-22,3649880.87
A-T01677,T01677,V0501,2024-04-23,32253685.46
A-T01678,T01678,V0417,2026-03-14,8896740.58
A-T01679,T01679,V0413,2024-11-28,1748289.96
A-T01680,T01680,V0383,2025-08-21,27555556.42
A-T01681,T01681,V0455,2025-05-28,23710643.43
A-T01682,T01682,V0363,2025-05-29,4005952.3
A-T01683,T01683,V0083,2024-12-10,718544.39
A-T01684,T01684,V0401,2026-01-17,231390289.62
A-T01685,T01685,V0013,2026-07-02,2382329.37
A-T01686,T01686,V0443,2025-08-05,7821092.43
A-T01687,T01687,V0419,2025-12-08,5712578.16
A-T01688,T01688,V0311,2025-05-02,15047903.89
A-T01689,T01689,V0031,2026-04-27,6786767.8
A-T01690,T01690,V0473,2024-11-13,4745372.46
A-T01691,T01691,V0395,2026-06-02,5267060.2
A-T01692,T01692,V0001,2025-09-05,16890536.95
A-T01693,T01693,V0047,2026-08-27,11512859.87
A-T01694,T01694,V0121,2024-07-04,3601332.78
A-T01695,T01695,V0039,2025-10-19,24229762.66
A-T01696,T01696,V0244,2025-04-22,216590557.27
A-T01697,T01697,V0153,2024-08-28,20082871.88
A-T01698,T01698,V0319,2024-07-12,4119062.97
A-T01699,T01699,V0368,2026-01-12,38543036.19
A-T01700,T01700,V0220,2025-11-16,22173574.11
A-T01701,T01701,V0178,2024-08-12,21305866.67
A-T01702,T01702,V0280,2026-01-07,19478043.43
A-T01703,T01703,V0023,2026-05-13,25571722.24
A-T01704,T01704,V0121,2025-10-29,1235841.68
A-T01705,T01705,V0152,2024-08-26,21187843.18
A-T01706,T01706,V0470,2025-10-19,42063372.27
A-T01707,T01707,V0248,2026-04-11,28369810.48
A-T01708,T01708,V0142,2025-12-21,4297395.83
A-T01709,T01709,V0182,2026-09-12,15963063.74
A-T01710,T01710,V0174,2026-02-08,16441062.08
A-T01711,T01711,V0034,2025-10-15,3836950.94
A-T01712,T01712,V0313,2024-12-12,27746484.4
A-T01713,T01713,V0292,2024-08-27,2809543.26
A-T01714,T01714,V0523,2024-08-15,55237842.88
A-T01715,T01715,V0232,2024-08-14,10599243.72
A-T01716,T01716,V0247,2026-02-28,3487135.14
A-T01717,T01717,V0149,2025-06-09,1257782.92
A-T01718,T01718,V0331,2025-12-06,7288514.7
A-T01719,T01719,V0536,2025-09-29,19057804.45
A-T01720,T01720,V0195,2025-03-07,19010102.55
A-T01721,T01721,V0413,2024-04-29,49704511.85
A-T01722,T01722,V0391,2026-05-19,19095079.2
A-T01723,T01723,V0319,2024-03-30,3148469.23
A-T01724,T01724,V0388,2025-09-03,2430621.04
A-T01725,T01725,V0319,2024-07-16,61898918.09
A-T01726,T01726,V0528,2025-08-02,2490584.29
A-T01727,T01727,V0217,2025-08-04,24046334.93
A-T01728,T01728,V0412,2024-11-07,7332537.57
A-T01729,T01729,V0178,2024-09-06,4060621.09
A-T01730,T01730,V0138,2026-09-13,38108765.43
A-T01731,T01731,V0365,2024-04-28,19464646.2
A-T01732,T01732,V0137,2024-06-24,4972718.07
A-T01733,T01733,V0373,2025-10-27,1980896.26
A-T01734,T01734,V0298,2025-03-28,5025881.74
A-T01735,T01735,V0453,2026-02-25,13182093.55
A-T01736,T01736,V0367,2025-12-20,5228959.91
A-T01737,T01737,V0327,2024-08-18,3746844.44
A-T01738,T01738,V0534,2024-06-25,7637449.1
A-T01739,T01739,V0503,2026-09-30,10744796.62
A-T01740,T01740,V0119,2026-07-06,6330498.6
A-T01741,T01741,V0205,2025-02-19,39417940.57
A-T01742,T01742,V0437,2026-06-21,2122041.7
A-T01743,T01743,V0148,2026-06-18,23624599.59
A-T01744,T01744,V0066,2024-06-23,2775511.84
A-T01745,T01745,V0317,2025-06-29,3977973.16
A-T01746,T01746,V0007,2025-04-19,2809749.17
A-T01747,T01747,V0132,2025-05-03,60162353.1
A-T01748,T01748,V0270,2025-12-26,8662109.37
A-T01749,T01749,V0258,2025-11-23,48986171.36
A-T01750,T01750,V0166,2024-07-03,5092394.52
A-T01751,T01751,V0158,2024-02-12,9101939.86
A-T01752,T01752,V0182,2025-05-18,14396267.38
A-T01753,T01753,V0029,2026-04-21,47252476.21
A-T01754,T01754,V0119,2024-05-21,5487339.01
A-T01755,T01755,V0344,2025-02-15,3889723.23
A-T01756,T01756,V0061,2024-06-04,16628266.52
A-T01757,T01757,V0277,2025-06-26,2976929.48
A-T01758,T01758,V0329,2024-12-02,1268957.3
A-T01759,T01759,V0112,2026-04-16,15793506.63
A-T01760,T01760,V0468,2025-04-09,14185229.14
A-T01761,T01761,V0259,2026-08-13,2268620.97
A-T01762,T01762,V0230,2026-01-31,10807408.24
A-T01763,T01763,V0431,2025-01-09,13814900.76
A-T01764,T01764,V0031,2025-11-18,932303.79
A-T01765,T01765,V0114,2024-03-06,10209522.63
A-T01766,T01766,V0424,2025-02-14,2569935.03
A-T01767,T01767,V0538,2024-04-12,3517301.78
A-T01768,T01768,V0379,2026-08-10,1009055.03
A-T01769,T01769,V0182,2026-01-02,227294803.62
A-T01770,T01770,V0465,2024-06-10,3475673.65
A-T01771,T01771,V0476,2024-08-16,36714030.51
A-T01772,T01772,V0025,2025-12-05,7466292.97
A-T01773,T01773,V0011,2025-01-01,1652944.88
A-T01774,T01774,V0161,2024-04-08,6208871.93
A-T01775,T01775,V0072,2025-06-26,10907698.83
A-T01776,T01776,V0118,2025-09-05,44874180.3
A-T01777,T01777,V0445,2025-05-13,25656418.98
A-T01778,T01778,V0219,2024-05-29,25152601.36
A-T01779,T01779,V0127,2026-08-22,61936241.89
A-T01780,T01780,V0172,2025-02-01,19085379.12
A-T01781,T01781,V0289,2025-07-20,5616617.2
A-T01782,T01782,V0060,2026-04-23,13137246.66
A-T01783,T01783,V0162,2024-04-05,4304866.43
A-T01784,T01784,V0270,2025-08-21,50660434.91
A-T01785,T01785,V0418,2024-05-24,34952381.82
A-T01786,T01786,V0020,2024-06-28,10996132.42
A-T01787,T01787,V0419,2026-06-16,4459280.12
A-T01788,T01788,V0423,2024-09-11,10180890.77
A-T01789,T01789,V0082,2024-09-26,964077.27
A-T01790,T01790,V0047,2026-03-17,17071727.16
A-T01791,T01791,V0289,2026-06-26,5484690.84
A-T01792,T01792,V0413,2025-04-11,5652849.56
A-T01793,T01793,V0193,2024-12-20,28592122.15
A-T01794,T01794,V0230,2026-04-29,6184607.15
A-T01795,T01795,V0222,2026-06-18,2635553.47
A-T01796,T01796,V0025,2026-05-11,2533551.37
A-T01797,T01797,V0052,2025-08-10,9656925.89
A-T01798,T01798,V0301,2026-03-15,13818206.01
A-T01799,T01799,V0093,2025-02-26,686714.65
A-T01800,T01800,V0403,2024-07-22,13452139.76
A-T01801,T01801,V0215,2024-02-07,14644164.17
A-T01802,T01802,V0149,2025-09-10,7713787.07
A-T01803,T01803,V0034,2025-11-21,12070433.5
A-T01804,T01804,V0373,2024-05-13,7854296.77
A-T01805,T01805,V0289,2024-08-04,22266093.27
A-T01806,T01806,V0502,2024-06-02,11314834.59
A-T01807,T01807,V0162,2025-08-27,5557652.77
A-T01808,T01808,V0425,2025-10-27,3289420.05
A-T01809,T01809,V0013,2024-08-03,4863139.81
A-T01810,T01810,V0317,2025-11-18,5516130.03
A-T01811,T01811,V0127,2025-08-09,3117816.57
A-T01812,T01812,V0202,2026-07-23,11158740.18
A-T01813,T01813,V0256,2025-01-29,6046628.39
A-T01814,T01814,V0208,2026-01-14,7781263.61
A-T01815,T01815,V0188,2025-11-16,8428600.87
A-T01816,T01816,V0505,2025-04-24,34014431.21
A-T01817,T01817,V0483,2026-09-21,8634960.17
A-T01818,T01818,V0258,2026-05-08,20847238.49
A-T01819,T01819,V0265,2025-07-27,8142830.25
A-T01820,T01820,V0421,2024-06-30,12761300.6
A-T01821,T01821,V0487,2026-04-28,1891802.58
A-T01822,T01822,V0162,2024-05-25,23432389.26
A-T01823,T01823,V0512,2025-09-29,2262286.58
A-T01824,T01824,V0181,2026-02-11,7935642.33
A-T01825,T01825,V0461,2026-07-26,158228356.97
A-T01826,T01826,V0160,2025-06-28,3874756.3
A-T01827,T01827,V0504,2025-09-12,6040082.82
A-T01828,T01828,V0199,2024-08-21,68407143.57
A-T01829,T01829,V0438,2025-05-31,5366620.19
A-T01830,T01830,V0499,2024-05-18,9555141.92
A-T01831,T01831,V0033,2025-07-09,20149010.71
A-T01832,T01832,V0027,2024-05-06,3377724.29
A-T01833,T01833,V0468,2026-09-05,7761562.95
A-T01834,T01834,V0318,2024-05-09,17149597.45
A-T01835,T01835,V0423,2024-12-22,8963102.56
A-T01836,T01836,V0148,2024-10-27,17244031.73
A-T01837,T01837,V0020,2026-06-01,8686913.62
A-T01838,T01838,V0251,2025-11-27,11397966.26
A-T01839,T01839,V0304,2026-09-13,115221483.16
A-T01840,T01840,V0404,2025-12-10,4415959.51
A-T01841,T01841,V0221,2025-04-28,6858158.55
A-T01842,T01842,V0066,2024-11-20,16089306.73
A-T01843,T01843,V0495,2025-03-02,43890014.54
A-T01844,T01844,V0047,2026-05-30,1578809.11
A-T01845,T01845,V0121,2025-08-21,5128034.45
A-T01846,T01846,V0065,2026-05-03,11531937.69
A-T01847,T01847,V0069,2024-02-25,7899578.12
A-T01848,T01848,V0137,2024-03-09,44697827.72
A-T01849,T01849,V0042,2025-08-10,13053939.66
A-T01850,T01850,V0286,2024-12-09,28550814.88
A-T01851,T01851,V0490,2024-08-02,52539513.82
A-T01852,T01852,V0487,2024-04-06,17145073.37
A-T01853,T01853,V0306,2024-02-13,51965303.38
A-T01854,T01854,V0193,2025-04-14,110783162.88
A-T01855,T01855,V0044,2025-06-14,5416962.94
A-T01856,T01856,V0334,2024-04-19,21373040.36
A-T01857,T01857,V0245,2025-04-02,1559020.97
A-T01858,T01858,V0369,2024-10-27,36261660.74
A-T01859,T01859,V0526,2025-09-17,21079638.2
A-T01860,T01860,V0426,2024-02-27,27286786.75
A-T01861,T01861,V0127,2024-11-18,394330.08
A-T01862,T01862,V0087,2026-09-18,19861224.45
A-T01863,T01863,V0273,2026-06-30,10979666.21
A-T01864,T01864,V0533,2026-02-10,4138866.32
A-T01865,T01865,V0069,2026-02-21,6557852.82
A-T01866,T01866,V0144,2025-11-08,8876012.81
A-T01867,T01867,V0023,2025-05-06,15132779.11
A-T01868,T01868,V0004,2025-07-23,34321011.43
A-T01869,T01869,V0059,2026-08-09,19935330.45
A-T01870,T01870,V0495,2024-12-21,19399418.55
A-T01871,T01871,V0457,2026-01-22,8103103.02
A-T01872,T01872,V0158,2025-05-16,3414969.82
A-T01873,T01873,V0396,2024-03-22,13149358.19
A-T01874,T01874,V0538,2025-12-05,11267159.19
A-T01875,T01875,V0412,2025-03-18,22981643.07
A-T01876,T01876,V0047,2026-02-20,18456512.72
A-T01877,T01877,V0417,2026-04-22,17778946.02
A-T01878,T01878,V0123,2024-06-07,53800233.39
A-T01879,T01879,V0040,2026-07-11,7437447.68
A-T01880,T01880,V0358,2025-02-10,81986813.0
A-T01881,T01881,V0332,2025-12-21,9194444.84
A-T01882,T01882,V0503,2024-08-11,6481068.96
A-T01883,T01883,V0089,2025-09-22,7118531.49
A-T01884,T01884,V0225,2025-01-11,70542306.22
A-T01885,T01885,V0082,2024-04-18,1290834.74
A-T01886,T01886,V0383,2025-09-25,5466141.42
A-T01887,T01887,V0523,2025-10-21,32636232.02
A-T01888,T01888,V0277,2025-02-08,5437417.31
A-T01889,T01889,V0523,2025-12-18,54053946.06
A-T01890,T01890,V0247,2025-06-29,77049354.04
A-T01891,T01891,V0150,2025-01-07,4094284.77
A-T01892,T01892,V0152,2024-12-22,25237811.36
A-T01893,T01893,V0039,2025-04-25,4939209.35
A-T01894,T01894,V0335,2024-11-08,3822121.59
A-T01895,T01895,V0304,2024-10-16,5886809.37
A-T01896,T01896,V0495,2025-02-13,17584032.35
A-T01897,T01897,V0335,2025-11-10,15972979.77
A-T01898,T01898,V0424,2026-05-18,6766529.4
A-T01899,T01899,V0445,2024-12-09,8847228.47
A-T01900,T01900,V0352,2024-03-05,2281881.84
A-T01901,T01901,V0363,2024-07-18,3169679.48
A-T01902,T01902,V0484,2026-09-25,6770515.79
A-T01903,T01903,V0458,2024-04-09,3132379.6
A-T01904,T01904,V0366,2026-01-17,124577040.48
A-T01905,T01905,V0424,2026-05-14,1019028.39
A-T01906,T01906,V0244,2024-07-18,5997428.91
A-T01907,T01907,V0294,2025-11-27,6879956.99
A-T01908,T01908,V0164,2025-04-18,4659803.14
A-T01909,T01909,V0023,2026-09-30,4299062.6
A-T01910,T01910,V0198,2025-08-16,88062516.51
A-T01911,T01911,V0532,2026-09-17,13063889.3
A-T01912,T01912,V0242,2024-10-23,87772732.03
A-T01913,T01913,V0167,2025-11-14,28067675.65
A-T01914,T01914,V0280,2026-08-07,4158694.05
A-T01915,T01915,V0408,2024-12-18,1506760.47
A-T01916,T01916,V0244,2025-12-05,35489805.51
A-T01917,T01917,V0114,2025-08-07,2659332.11
A-T01918,T01918,V0431,2025-11-29,988694.35
A-T01919,T01919,V0528,2026-07-19,11716705.19
A-T01920,T01920,V0157,2025-11-03,8710102.8
A-T01921,T01921,V0120,2026-08-09,57948514.55
A-T01922,T01922,V0394,2025-05-08,5365523.94
A-T01923,T01923,V0243,2026-01-26,2982686.54
A-T01924,T01924,V0480,2026-02-04,8187088.88
A-T01925,T01925,V0072,2025-10-23,3211491.13
A-T01926,T01926,V0410,2025-05-05,125532834.43
A-T01927,T01927,V0420,2025-06-01,17177092.53
A-T01928,T01928,V0140,2024-07-15,16015899.7
A-T01929,T01929,V0150,2024-11-03,5164278.93
A-T01930,T01930,V0176,2025-05-10,13376845.77
A-T01931,T01931,V0379,2026-05-17,2921960.92
A-T01932,T01932,V0356,2025-03-22,87270650.02
A-T01933,T01933,V0171,2025-10-12,65077816.62
A-T01934,T01934,V0021,2024-04-16,7042216.91
A-T01935,T01935,V0179,2025-04-29,8929082.4
A-T01936,T01936,V0488,2024-04-07,2422945.48
A-T01937,T01937,V0386,2024-03-30,16030449.05
A-T01938,T01938,V0456,2025-12-02,14244070.41
A-T01939,T01939,V0437,2024-11-07,8156294.87
A-T01940,T01940,V0071,2025-10-01,8733208.79
A-T01941,T01941,V0045,2024-08-24,13202287.6
A-T01942,T01942,V0053,2024-02-11,12242911.15
A-T01943,T01943,V0456,2025-07-21,20830420.64
A-T01944,T01944,V0209,2026-02-20,41129973.37
A-T01945,T01945,V0515,2024-11-27,25077440.78
A-T01946,T01946,V0540,2025-05-18,19939366.48
A-T01947,T01947,V0039,2025-01-01,55143242.47
A-T01948,T01948,V0178,2024-03-28,7391319.44
A-T01949,T01949,V0346,2025-08-29,34133504.34
A-T01950,T01950,V0332,2026-08-17,9784191.22
A-T01951,T01951,V0443,2026-08-12,5950365.21
A-T01952,T01952,V0082,2026-05-29,3306027.07
A-T01953,T01953,V0310,2024-12-03,7444381.32
A-T01954,T01954,V0463,2025-02-17,8488555.34
A-T01955,T01955,V0488,2025-08-19,5880777.04
A-T01956,T01956,V0104,2025-02-03,3742425.4
A-T01957,T01957,V0426,2024-10-10,106509654.64
A-T01958,T01958,V0458,2026-07-08,16121552.09
A-T01959,T01959,V0355,2026-05-24,3425022.31
A-T01960,T01960,V0120,2025-09-10,11310607.3
A-T01961,T01961,V0484,2026-07-20,21648749.82
A-T01962,T01962,V0061,2025-07-25,4705587.46
A-T01963,T01963,V0550,2025-02-27,155431202.06
A-T01964,T01964,V0193,2024-07-29,11430750.96
A-T01965,T01965,V0352,2024-02-20,75020470.34
A-T01966,T01966,V0370,2026-07-21,3195507.52
A-T01967,T01967,V0258,2024-05-03,64035086.74
A-T01968,T01968,V0088,2026-09-16,29416927.27
A-T01969,T01969,V0494,2025-10-21,6075070.85
A-T01970,T01970,V0274,2025-09-13,19625258.37
A-T01971,T01971,V0292,2024-05-21,1521667.92
A-T01972,T01972,V0386,2026-04-05,5194733.01
A-T01973,T01973,V0243,2026-02-20,8931887.52
A-T01974,T01974,V0236,2025-07-10,2487768.0
A-T01975,T01975,V0232,2025-03-27,8951816.7
A-T01976,T01976,V0474,2026-07-14,44228878.99
A-T01977,T01977,V0151,2025-01-08,12693575.7
A-T01978,T01978,V0532,2025-03-02,717807.25
A-T01979,T01979,V0215,2026-03-26,4802056.13
A-T01980,T01980,V0191,2026-01-22,6290609.16
A-T01981,T01981,V0073,2025-03-17,33829179.59
A-T01982,T01982,V0371,2025-08-18,300376118.81
A-T01983,T01983,V0494,2024-12-09,23069721.25
A-T01984,T01984,V0346,2025-07-04,23558549.55
A-T01985,T01985,V0065,2025-08-27,5228186.7
A-T01986,T01986,V0392,2025-03-08,22396393.66
A-T01987,T01987,V0250,2024-06-22,38250260.4
A-T01988,T01988,V0289,2024-11-01,11593757.3
A-T01989,T01989,V0513,2026-04-18,4138406.67
A-T01990,T01990,V0397,2024-06-26,4861806.61
A-T01991,T01991,V0080,2024-05-03,4285075.22
A-T01992,T01992,V0212,2025-01-03,22197930.93
A-T01993,T01993,V0259,2024-10-21,22551167.5
A-T01994,T01994,V0120,2024-07-12,57698234.02
A-T01995,T01995,V0191,2024-02-24,13687955.11
A-T01996,T01996,V0021,2026-07-07,45716006.5
A-T01997,T01997,V0420,2025-09-16,3510666.66
A-T01998,T01998,V0123,2024-10-18,9935484.21
A-T01999,T01999,V0465,2026-09-27,2327703.71
A-T02000,T02000,V0415,2025-04-19,285901449.83
A-T02001,T02001,V0502,2026-02-22,14238327.75
A-T02002,T02002,V0206,2024-04-22,37142198.54
A-T02003,T02003,V0443,2026-03-30,45358095.48
A-T02004,T02004,V0412,2026-04-04,10282264.73
A-T02005,T02005,V0523,2024-07-12,33922340.36
A-T02006,T02006,V0364,2026-08-09,1266093.35
A-T02007,T02007,V0538,2026-09-20,1776637.63
A-T02008,T02008,V0332,2025-05-29,10039691.16
A-T02009,T02009,V0247,2026-05-10,2584505.64
A-T02010,T02010,V0376,2024-11-07,20572043.07
A-T02011,T02011,V0274,2024-10-06,16157748.34
A-T02012,T02012,V0392,2024-02-18,6411977.87
A-T02013,T02013,V0422,2025-07-21,1710730.97
A-T02014,T02014,V0313,2026-07-20,2134487.4
A-T02015,T02015,V0113,2026-06-27,12456328.95
A-T02016,T02016,V0267,2024-05-16,33003747.18
A-T02017,T02017,V0259,2026-01-10,31762375.31
A-T02018,T02018,V0300,2024-11-08,58829628.4
A-T02019,T02019,V0378,2024-11-06,1231979.33
A-T02020,T02020,V0421,2024-04-26,13515804.25
A-T02021,T02021,V0455,2025-03-19,23804468.14
A-T02022,T02022,V0379,2024-06-13,72802534.52
A-T02023,T02023,V0345,2024-10-17,127959693.15
A-T02024,T02024,V0144,2026-07-27,5501453.65
A-T02025,T02025,V0218,2025-06-23,28969270.2
A-T02026,T02026,V0150,2024-06-04,57442965.41
A-T02027,T02027,V0142,2025-01-21,2428106.3
A-T02028,T02028,V0406,2026-08-13,15467273.67
A-T02029,T02029,V0374,2025-02-16,6128412.06
A-T02030,T02030,V0546,2026-06-22,1705787.97
A-T02031,T02031,V0253,2025-11-10,7250599.89
A-T02032,T02032,V0133,2024-04-13,32686191.29
A-T02033,T02033,V0005,2026-05-21,11038910.94
A-T02034,T02034,V0405,2025-06-03,92638684.71
A-T02035,T02035,V0022,2024-07-30,6408315.49
A-T02036,T02036,V0507,2025-12-26,15223760.72
A-T02037,T02037,V0244,2025-12-21,68992065.33
A-T02038,T02038,V0392,2024-04-30,5233215.7
A-T02039,T02039,V0437,2024-08-24,61409196.58
A-T02040,T02040,V0259,2026-06-22,7171051.91
A-T02041,T02041,V0188,2024-05-22,57772033.79
A-T02042,T02042,V0501,2024-12-09,45889578.97
A-T02043,T02043,V0029,2025-09-24,5626732.7
A-T02044,T02044,V0208,2026-01-13,24842382.44
A-T02045,T02045,V0026,2024-10-02,25280353.88
A-T02046,T02046,V0436,2024-11-20,19328523.64
A-T02047,T02047,V0436,2024-12-28,6987251.43
A-T02048,T02048,V0160,2024-03-31,9459663.23
A-T02049,T02049,V0352,2025-08-27,4484666.74
A-T02050,T02050,V0536,2025-02-05,7519629.67
A-T02051,T02051,V0179,2026-08-13,5915216.6
A-T02052,T02052,V0035,2024-06-02,27235637.83
A-T02053,T02053,V0514,2025-07-09,7645894.88
A-T02054,T02054,V0487,2024-12-04,92584293.18
A-T02055,T02055,V0144,2026-09-23,18225237.27
A-T02056,T02056,V0076,2025-11-21,35754087.61
A-T02057,T02057,V0122,2025-08-17,29926662.64
A-T02058,T02058,V0242,2024-05-04,2562439.4
A-T02059,T02059,V0451,2026-02-14,9872156.03
A-T02060,T02060,V0360,2024-04-29,18020182.2
A-T02061,T02061,V0523,2025-10-19,13681374.44
A-T02062,T02062,V0162,2025-12-30,5495243.45
A-T02063,T02063,V0463,2025-09-13,16405190.88
A-T02064,T02064,V0426,2024-09-21,6423856.06
A-T02065,T02065,V0035,2024-12-27,5984629.35
A-T02066,T02066,V0275,2025-01-22,11131341.78
A-T02067,T02067,V0174,2024-07-21,10702510.32
A-T02068,T02068,V0087,2025-12-17,9054281.7
A-T02069,T02069,V0065,2024-02-04,5802590.31
A-T02070,T02070,V0080,2025-08-15,2705102.62
A-T02071,T02071,V0034,2025-10-11,9910854.37
A-T02072,T02072,V0086,2025-07-26,5299612.69
A-T02073,T02073,V0501,2026-06-22,10935448.55
A-T02074,T02074,V0406,2025-08-19,3517626.25
A-T02075,T02075,V0248,2026-06-27,24418783.54
A-T02076,T02076,V0482,2024-06-16,9585958.89
A-T02077,T02077,V0379,2025-09-05,7531351.46
A-T02078,T02078,V0230,2025-10-20,1226970.26
A-T02079,T02079,V0309,2024-03-16,45627401.38
A-T02080,T02080,V0215,2026-01-29,6731918.63
A-T02081,T02081,V0539,2025-05-29,29434836.41
A-T02082,T02082,V0187,2025-12-26,4646850.24
A-T02083,T02083,V0338,2025-05-13,31036237.66
A-T02084,T02084,V0078,2024-04-27,102246209.4
A-T02085,T02085,V0039,2024-05-05,3383469.74
A-T02086,T02086,V0058,2025-01-21,16766889.31
A-T02087,T02087,V0537,2025-06-14,1777369.4
A-T02088,T02088,V0259,2024-06-21,9934068.19
A-T02089,T02089,V0160,2025-04-09,1283031.51
A-T02090,T02090,V0188,2024-08-14,44465891.33
A-T02091,T02091,V0454,2024-05-17,8086020.41
A-T02092,T02092,V0359,2025-05-14,65221376.02
A-T02093,T02093,V0512,2024-08-23,17942049.14
A-T02094,T02094,V0462,2025-12-31,39978593.58
A-T02095,T02095,V0409,2026-04-08,886836.0
A-T02096,T02096,V0539,2024-03-10,10994603.42
A-T02097,T02097,V0220,2024-10-12,9808404.38
A-T02098,T02098,V0520,2024-03-11,109286010.99
A-T02099,T02099,V0504,2026-07-30,13766584.55
A-T02100,T02100,V0106,2024-12-02,8206909.2
A-T02101,T02101,V0531,2025-01-18,77293523.47
A-T02102,T02102,V0055,2025-02-18,161016034.79
A-T02103,T02103,V0403,2024-12-25,6836346.35
A-T02104,T02104,V0483,2025-03-22,30620210.01
A-T02105,T02105,V0034,2025-11-30,18190855.59
A-T02106,T02106,V0280,2025-12-25,2809232.71
A-T02107,T02107,V0359,2024-07-31,14376800.16
A-T02108,T02108,V0087,2025-06-27,19291852.37
A-T02109,T02109,V0025,2026-09-08,1305625.77
A-T02110,T02110,V0405,2024-07-12,21675982.58
A-T02111,T02111,V0458,2026-03-08,27137380.21
A-T02112,T02112,V0359,2024-12-07,7689956.15
A-T02113,T02113,V0093,2025-11-24,15633848.41
A-T02114,T02114,V0259,2025-07-07,746331.5
A-T02115,T02115,V0547,2025-11-06,9324690.15
A-T02116,T02116,V0015,2024-03-25,898962.15
A-T02117,T02117,V0550,2025-05-10,41382917.8
A-T02118,T02118,V0062,2024-06-19,22971708.82
A-T02119,T02119,V0076,2025-11-01,4117548.76
A-T02120,T02120,V0321,2026-09-02,6981988.11
A-T02121,T02121,V0059,2024-08-11,2768230.93
A-T02122,T02122,V0350,2025-01-04,9821007.26
A-T02123,T02123,V0429,2025-03-02,12674144.59
A-T02124,T02124,V0327,2024-07-17,3312108.16
A-T02125,T02125,V0025,2025-04-16,2466743.1
A-T02126,T02126,V0040,2024-03-27,9149105.23
A-T02127,T02127,V0121,2026-07-03,27256458.15
A-T02128,T02128,V0526,2024-02-27,26172163.71
A-T02129,T02129,V0270,2026-09-22,6411381.06
A-T02130,T02130,V0256,2024-07-06,6704035.2
A-T02131,T02131,V0248,2025-07-20,5303017.1
A-T02132,T02132,V0082,2026-09-27,44137634.44
A-T02133,T02133,V0338,2024-04-28,32297001.45
A-T02134,T02134,V0447,2026-05-31,4913637.2
A-T02135,T02135,V0389,2024-08-20,82581446.02
A-T02136,T02136,V0007,2026-05-25,1870830.52
A-T02137,T02137,V0149,2026-04-17,24901541.87
A-T02138,T02138,V0245,2026-07-11,10082268.63
A-T02139,T02139,V0254,2024-04-30,45162764.37
A-T02140,T02140,V0360,2026-05-23,118637746.08
A-T02141,T02141,V0458,2024-08-20,16188658.63
A-T02142,T02142,V0502,2026-08-08,7251935.05
A-T02143,T02143,V0188,2026-06-13,11668086.84
A-T02144,T02144,V0178,2025-10-20,23785374.88
A-T02145,T02145,V0384,2026-01-29,14395039.23
A-T02146,T02146,V0098,2025-07-31,22517417.63
A-T02147,T02147,V0306,2025-10-04,10978441.0
A-T02148,T02148,V0357,2026-08-29,28689395.7
A-T02149,T02149,V0016,2025-06-04,11216538.75
A-T02150,T02150,V0080,2026-03-03,4534425.55
A-T02151,T02151,V0016,2024-12-24,24580495.08
A-T02152,T02152,V0532,2024-08-02,18974509.52
A-T02153,T02153,V0397,2024-12-05,1962099.69
A-T02154,T02154,V0335,2025-11-19,8162211.08
A-T02155,T02155,V0007,2025-10-19,2184358.4
A-T02156,T02156,V0507,2024-04-27,7693686.56
A-T02157,T02157,V0126,2024-11-07,14759873.92
A-T02158,T02158,V0379,2024-08-22,6179275.13
A-T02159,T02159,V0514,2025-01-05,6303369.8
A-T02160,T02160,V0315,2026-02-25,9342700.44
A-T02161,T02161,V0391,2025-04-21,507954.47
A-T02162,T02162,V0359,2026-07-18,26627292.99
A-T02163,T02163,V0091,2024-11-22,283977356.3
A-T02164,T02164,V0470,2025-03-25,10919184.68
A-T02165,T02165,V0464,2024-10-03,9097955.93
A-T02166,T02166,V0536,2026-07-23,9854124.0
A-T02167,T02167,V0172,2026-04-06,69785518.25
A-T02168,T02168,V0033,2026-05-28,5017252.31
A-T02169,T02169,V0335,2024-07-27,17853576.92
A-T02170,T02170,V0319,2024-11-20,9203219.31
A-T02171,T02171,V0029,2024-12-28,7735232.04
A-T02172,T02172,V0039,2024-06-27,5813767.62
A-T02173,T02173,V0420,2025-07-06,5934133.03
A-T02174,T02174,V0339,2025-10-18,10252601.42
A-T02175,T02175,V0212,2024-08-31,1705254.06
A-T02176,T02176,V0184,2026-04-26,10232340.17
A-T02177,T02177,V0520,2026-02-18,13239849.42
A-T02178,T02178,V0322,2025-11-05,6709754.23
A-T02179,T02179,V0531,2026-06-06,4521448.15
A-T02180,T02180,V0070,2025-03-09,14524773.94
A-T02181,T02181,V0294,2024-11-22,4087320.33
A-T02182,T02182,V0483,2026-04-01,9072337.24
A-T02183,T02183,V0100,2025-03-02,112004617.71
A-T02184,T02184,V0020,2024-10-14,3758574.64
A-T02185,T02185,V0322,2026-05-14,4925311.56
A-T02186,T02186,V0514,2024-04-21,2448524.61
A-T02187,T02187,V0525,2024-07-02,10408608.79
A-T02188,T02188,V0427,2024-03-07,170938375.95
A-T02189,T02189,V0409,2025-09-10,8073040.44
A-T02190,T02190,V0340,2025-09-14,13777065.91
A-T02191,T02191,V0490,2025-09-24,10538711.12
A-T02192,T02192,V0513,2025-05-20,17745486.72
A-T02193,T02193,V0306,2026-01-22,18394695.21
A-T02194,T02194,V0025,2024-02-15,3453720.75
A-T02195,T02195,V0335,2024-08-03,3869373.36
A-T02196,T02196,V0546,2025-10-05,1759633.48
A-T02197,T02197,V0028,2026-02-18,16456891.64
A-T02198,T02198,V0242,2026-07-28,57798839.7
A-T02199,T02199,V0249,2025-03-01,65451023.43
A-T02200,T02200,V0265,2024-07-03,5703877.19
A-T02201,T02201,V0005,2024-11-17,10869986.01
A-T02202,T02202,V0434,2025-06-28,10243361.33
A-T02203,T02203,V0133,2025-09-07,22329666.29
A-T02204,T02204,V0505,2024-08-12,4040678.41
A-T02205,T02205,V0415,2025-11-05,2599385.92
A-T02206,T02206,V0217,2024-03-13,9451919.06
A-T02207,T02207,V0259,2025-05-26,13600709.81
A-T02208,T02208,V0219,2024-12-25,2067935.8
A-T02209,T02209,V0359,2025-12-14,26055482.45
A-T02210,T02210,V0025,2025-02-12,15763851.1
A-T02211,T02211,V0039,2025-10-16,4715715.7
A-T02212,T02212,V0400,2025-04-02,19606269.98
A-T02213,T02213,V0434,2024-11-19,12133329.23
A-T02214,T02214,V0447,2024-03-21,3708984.93
A-T02215,T02215,V0239,2025-06-30,7057271.5
A-T02216,T02216,V0528,2026-04-12,6234642.25
A-T02217,T02217,V0299,2024-10-13,57834164.25
A-T02218,T02218,V0454,2025-06-18,1166123.85
A-T02219,T02219,V0014,2025-08-09,13554726.97
A-T02220,T02220,V0468,2025-10-20,16167327.47
A-T02221,T02221,V0368,2025-03-21,15692669.44
A-T02222,T02222,V0126,2024-06-10,4871891.18
A-T02223,T02223,V0355,2026-04-23,5370601.41
A-T02224,T02224,V0187,2026-01-01,25086335.56
A-T02225,T02225,V0220,2024-06-27,9315454.92
A-T02226,T02226,V0244,2025-03-10,4473995.42
A-T02227,T02227,V0076,2026-04-29,45291322.35
A-T02228,T02228,V0223,2026-03-28,7274841.77
A-T02229,T02229,V0302,2024-03-06,27784087.11
A-T02230,T02230,V0502,2025-06-14,6603870.43
A-T02231,T02231,V0535,2024-04-24,3858400.17
A-T02232,T02232,V0475,2024-04-19,9912697.08
A-T02233,T02233,V0163,2025-04-10,35563757.34
A-T02234,T02234,V0526,2024-09-01,26769347.54
A-T02235,T02235,V0388,2026-09-29,514154.52
A-T02236,T02236,V0028,2024-10-06,29651491.26
A-T02237,T02237,V0510,2024-04-21,14156224.25
A-T02238,T02238,V0125,2024-07-06,2696696.21
A-T02239,T02239,V0266,2026-08-16,8353941.38
A-T02240,T02240,V0385,2026-02-14,75504425.08
A-T02241,T02241,V0026,2026-07-13,2449294.79
A-T02242,T02242,V0003,2026-01-17,3717970.89
A-T02243,T02243,V0502,2025-11-16,1914776.43
A-T02244,T02244,V0361,2026-07-21,17115254.32
A-T02245,T02245,V0086,2025-07-18,21538766.56
A-T02246,T02246,V0429,2025-09-19,9939240.46
A-T02247,T02247,V0411,2026-05-18,5939491.92
A-T02248,T02248,V0394,2024-07-09,13027298.79
A-T02249,T02249,V0311,2025-03-18,5461408.07
A-T02250,T02250,V0207,2025-09-26,44459550.83
A-T02251,T02251,V0523,2025-04-07,25158718.36
A-T02252,T02252,V0386,2026-06-20,19636476.52
A-T02253,T02253,V0513,2025-09-24,3563792.52
A-T02254,T02254,V0355,2024-05-19,7664642.25
A-T02255,T02255,V0098,2026-09-24,29614742.97
A-T02256,T02256,V0350,2026-05-23,2809175.77
A-T02257,T02257,V0041,2026-05-28,6192732.83
A-T02258,T02258,V0349,2024-07-19,8063974.56
A-T02259,T02259,V0026,2026-08-24,9274915.73
A-T02260,T02260,V0391,2026-07-25,8689821.29
A-T02261,T02261,V0395,2026-09-05,6870160.64
A-T02262,T02262,V0438,2024-05-11,2025355.03
A-T02263,T02263,V0148,2024-12-12,10246607.86
A-T02264,T02264,V0047,2024-06-02,5357583.47
A-T02265,T02265,V0166,2026-09-05,21768902.06
A-T02266,T02266,V0277,2025-10-14,12099285.51
A-T02267,T02267,V0526,2026-04-21,13782950.0
A-T02268,T02268,V0346,2025-07-03,34460689.3
A-T02269,T02269,V0126,2024-04-02,15127595.56
A-T02270,T02270,V0282,2026-07-20,16421517.62
A-T02271,T02271,V0123,2025-08-27,5916109.27
A-T02272,T02272,V0417,2025-10-07,27743718.6
A-T02273,T02273,V0042,2025-06-14,23342287.0
A-T02274,T02274,V0020,2024-11-30,12432770.94
A-T02275,T02275,V0417,2025-09-10,4943766.57
A-T02276,T02276,V0119,2026-08-14,5444828.74
A-T02277,T02277,V0317,2025-05-31,41020179.64
A-T02278,T02278,V0205,2025-07-04,13900800.27
A-T02279,T02279,V0244,2025-05-29,12193494.36
A-T02280,T02280,V0502,2025-10-19,7777630.14
A-T02281,T02281,V0034,2026-07-04,15264748.14
A-T02282,T02282,V0295,2025-08-07,29999222.74
A-T02283,T02283,V0270,2026-09-12,129632906.98
A-T02284,T02284,V0025,2026-05-07,14791156.87
A-T02285,T02285,V0136,2026-03-27,2769339.85
A-T02286,T02286,V0030,2024-05-07,36275407.46
A-T02287,T02287,V0175,2026-09-24,17201791.19
A-T02288,T02288,V0416,2026-06-26,125931716.46
A-T02289,T02289,V0416,2026-07-21,22682634.05
A-T02290,T02290,V0302,2026-04-27,10280187.64
A-T02291,T02291,V0005,2026-08-08,12465371.03
A-T02292,T02292,V0215,2025-08-14,20188892.41
A-T02293,T02293,V0547,2026-06-12,13190712.42
A-T02294,T02294,V0059,2024-06-26,12231670.6
A-T02295,T02295,V0121,2026-06-24,4668255.98
A-T02296,T02296,V0092,2024-10-21,1472628.29
A-T02297,T02297,V0030,2025-11-11,102490106.91
A-T02298,T02298,V0159,2025-06-13,31092682.48
A-T02299,T02299,V0188,2026-02-28,21578421.9
A-T02300,T02300,V0121,2026-09-07,20440288.63
A-T02301,T02301,V0259,2024-12-05,8170351.22
A-T02302,T02302,V0003,2024-08-12,4897113.91
A-T02303,T02303,V0359,2025-04-15,10677418.8
A-T02304,T02304,V0247,2025-02-01,4932470.11
A-T02305,T02305,V0020,2025-12-15,4514194.54
A-T02306,T02306,V0537,2025-10-23,124775585.83
A-T02307,T02307,V0042,2024-07-11,28225982.53
A-T02308,T02308,V0023,2024-03-16,17441684.23
A-T02309,T02309,V0392,2024-11-23,3776466.94
A-T02310,T02310,V0460,2024-05-10,14481993.94
A-T02311,T02311,V0368,2025-04-02,14615629.56
A-T02312,T02312,V0073,2025-04-23,1475221.59
A-T02313,T02313,V0474,2026-05-23,94567549.54
A-T02314,T02314,V0327,2024-11-29,1219790.48
A-T02315,T02315,V0195,2025-10-18,2386130.95
A-T02316,T02316,V0451,2026-09-09,9856860.86
A-T02317,T02317,V0404,2024-07-20,7195887.15
A-T02318,T02318,V0424,2026-09-04,1642088.85
A-T02319,T02319,V0471,2025-02-21,8113222.4
A-T02320,T02320,V0244,2025-01-20,568549.15
A-T02321,T02321,V0371,2024-06-04,55994712.84
A-T02322,T02322,V0069,2025-09-01,58746163.64
A-T02323,T02323,V0169,2025-07-26,2230393.17
A-T02324,T02324,V0115,2026-09-16,8657427.63
A-T02325,T02325,V0284,2026-02-10,19501771.81
A-T02326,T02326,V0370,2026-03-15,137072568.3
A-T02327,T02327,V0497,2025-12-24,3865854.27
A-T02328,T02328,V0243,2026-08-13,5004762.22
A-T02329,T02329,V0258,2024-05-08,9510837.57
A-T02330,T02330,V0125,2025-12-02,37712190.77
A-T02331,T02331,V0502,2025-06-11,38241334.36
A-T02332,T02332,V0110,2025-07-10,71408159.65
A-T02333,T02333,V0470,2025-05-31,17414124.94
A-T02334,T02334,V0462,2026-01-01,4737756.78
A-T02335,T02335,V0533,2025-11-24,55660436.5
A-T02336,T02336,V0201,2025-03-24,69209427.71
A-T02337,T02337,V0407,2025-08-12,9616344.62
A-T02338,T02338,V0455,2026-05-02,29501357.82
A-T02339,T02339,V0405,2024-11-14,12046668.23
A-T02340,T02340,V0039,2024-03-15,1909492.22
A-T02341,T02341,V0265,2026-03-21,20362369.47
A-T02342,T02342,V0438,2026-06-11,28085798.59
A-T02343,T02343,V0365,2025-09-02,3062622.39
A-T02344,T02344,V0062,2026-01-24,15705434.88
A-T02345,T02345,V0017,2026-04-23,14988522.2
A-T02346,T02346,V0164,2026-09-10,2759860.37
A-T02347,T02347,V0332,2026-08-14,9087858.16
A-T02348,T02348,V0242,2025-12-05,3921621.71
A-T02349,T02349,V0345,2026-04-27,15733931.88
A-T02350,T02350,V0358,2025-10-22,19818925.89
A-T02351,T02351,V0364,2025-09-11,87442458.98
A-T02352,T02352,V0455,2026-08-28,39453597.65
A-T02353,T02353,V0526,2024-04-28,17190005.91
A-T02354,T02354,V0042,2026-05-02,37479928.18
A-T02355,T02355,V0504,2025-06-30,2444238.06
A-T02356,T02356,V0437,2025-01-13,16748851.7
A-T02357,T02357,V0342,2025-05-12,42273088.99
A-T02358,T02358,V0374,2026-04-22,18655193.92
A-T02359,T02359,V0408,2025-06-12,3047963.86
A-T02360,T02360,V0379,2024-07-23,54079728.15
A-T02361,T02361,V0461,2024-09-22,24406517.9
A-T02362,T02362,V0367,2026-09-25,2189677.61
A-T02363,T02363,V0081,2025-01-16,22554005.61
A-T02364,T02364,V0394,2026-01-02,5522281.93
A-T02365,T02365,V0431,2026-05-23,11671267.54
A-T02366,T02366,V0133,2026-08-12,980668.39
A-T02367,T02367,V0220,2026-09-15,83454932.42
A-T02368,T02368,V0026,2024-09-11,4761858.61
A-T02369,T02369,V0082,2024-11-14,5291793.27
A-T02370,T02370,V0307,2024-11-19,1285951.36
A-T02371,T02371,V0249,2024-08-02,25496976.6
A-T02372,T02372,V0042,2025-10-15,2333366.83
A-T02373,T02373,V0172,2024-02-17,13313138.98
A-T02374,T02374,V0355,2026-09-06,2544883.47
A-T02375,T02375,V0302,2024-10-28,7688887.42
A-T02376,T02376,V0284,2026-07-08,17128846.83
A-T02377,T02377,V0255,2026-04-29,62089380.87
A-T02378,T02378,V0012,2026-08-15,19256650.77
A-T02379,T02379,V0382,2024-03-03,14644343.48
A-T02380,T02380,V0413,2026-09-14,3611782.15
A-T02381,T02381,V0288,2024-09-19,10626461.44
A-T02382,T02382,V0476,2026-04-11,81452907.44
A-T02383,T02383,V0369,2025-03-01,1752766.74
A-T02384,T02384,V0319,2025-11-26,214039043.32
A-T02385,T02385,V0402,2024-05-03,2631565.66
A-T02386,T02386,V0549,2026-07-13,14410391.48
A-T02387,T02387,V0517,2025-05-29,15464450.52
A-T02388,T02388,V0368,2026-01-15,44256921.84
A-T02389,T02389,V0085,2024-07-30,12586661.42
A-T02390,T02390,V0080,2025-04-02,2419084.64
A-T02391,T02391,V0453,2026-06-09,14040244.08
A-T02392,T02392,V0319,2026-05-14,16483235.08
A-T02393,T02393,V0065,2026-03-19,6332018.74
A-T02394,T02394,V0394,2024-07-28,5528791.54
A-T02395,T02395,V0382,2025-07-24,4443785.63
A-T02396,T02396,V0416,2026-01-31,17170910.17
A-T02397,T02397,V0349,2026-07-27,22070412.18
A-T02398,T02398,V0434,2024-05-11,3467071.29
A-T02399,T02399,V0104,2025-03-29,2063818.2
A-T02400,T02400,V0263,2025-02-06,19891926.75
A-T02401,T02401,V0388,2026-03-08,997628.5
A-T02402,T02402,V0072,2024-10-10,2968236.12
A-T02403,T02403,V0240,2024-02-23,7762867.69
A-T02404,T02404,V0115,2026-05-17,4510755.35
A-T02405,T02405,V0266,2025-06-06,10604499.6
A-T02406,T02406,V0220,2026-09-27,57995079.03
A-T02407,T02407,V0336,2025-03-24,4605102.89
A-T02408,T02408,V0456,2026-05-08,4980387.48
A-T02409,T02409,V0362,2025-01-18,118743999.67
A-T02410,T02410,V0136,2026-06-02,7527609.28
A-T02411,T02411,V0078,2024-06-05,26436097.9
A-T02412,T02412,V0197,2024-06-05,11350286.08
A-T02413,T02413,V0526,2024-12-15,10052932.21
A-T02414,T02414,V0485,2024-03-08,6277451.98
A-T02415,T02415,V0447,2026-06-08,6712270.56
A-T02416,T02416,V0407,2025-01-30,7005789.72
A-T02417,T02417,V0025,2024-10-24,7148186.38
A-T02418,T02418,V0137,2025-09-17,33936735.1
A-T02419,T02419,V0335,2025-03-08,3959642.51
A-T02420,T02420,V0399,2025-08-16,18273493.71
A-T02421,T02421,V0315,2026-03-16,7071371.15
A-T02422,T02422,V0141,2024-06-07,10605320.81
A-T02423,T02423,V0059,2025-07-13,5334318.09
A-T02424,T02424,V0184,2026-03-25,8814611.85
A-T02425,T02425,V0262,2026-05-17,21336123.63
A-T02426,T02426,V0219,2025-11-22,45017166.9
A-T02427,T02427,V0295,2025-06-02,14473175.88
A-T02428,T02428,V0121,2026-05-27,2732940.51
A-T02429,T02429,V0455,2025-09-24,5866916.7
A-T02430,T02430,V0005,2025-10-09,12524684.3
A-T02431,T02431,V0093,2024-11-22,2732754.58
A-T02432,T02432,V0438,2024-05-28,11714320.91
A-T02433,T02433,V0175,2025-01-30,13227952.83
A-T02434,T02434,V0249,2026-07-18,22252826.2
A-T02435,T02435,V0365,2026-03-13,8889131.59
A-T02436,T02436,V0245,2026-09-03,6845182.8
A-T02437,T02437,V0162,2025-09-10,10917187.02
A-T02438,T02438,V0106,2025-01-24,3585142.23
A-T02439,T02439,V0336,2025-08-08,3702576.66
A-T02440,T02440,V0328,2026-06-16,3074778.28
A-T02441,T02441,V0495,2024-10-06,26724294.87
A-T02442,T02442,V0132,2024-11-18,1463049.86
A-T02443,T02443,V0038,2026-05-25,3147118.75
A-T02444,T02444,V0231,2026-07-09,2925517.62
A-T02445,T02445,V0050,2026-04-25,6683964.7
A-T02446,T02446,V0197,2026-08-25,13471826.52
A-T02447,T02447,V0215,2026-03-11,5463915.78
A-T02448,T02448,V0030,2026-02-03,20735911.09
A-T02449,T02449,V0224,2024-12-21,5441901.37
A-T02450,T02450,V0274,2026-08-22,63393137.03
A-T02451,T02451,V0185,2026-05-29,19171809.27
A-T02452,T02452,V0475,2024-02-09,4966316.46
A-T02453,T02453,V0464,2025-12-14,35933895.31
A-T02454,T02454,V0273,2025-11-03,20431910.83
A-T02455,T02455,V0317,2025-07-25,1909631.66
A-T02456,T02456,V0097,2026-05-30,34808747.68
A-T02457,T02457,V0091,2024-06-09,4079023.62
A-T02458,T02458,V0158,2026-01-06,5739960.81
A-T02459,T02459,V0256,2025-11-02,9232850.7
A-T02460,T02460,V0132,2024-12-19,8509057.52
A-T02461,T02461,V0298,2026-09-01,14733044.14
A-T02462,T02462,V0113,2026-06-11,3375193.24
A-T02463,T02463,V0364,2024-04-03,5026167.62
A-T02464,T02464,V0244,2024-09-23,87572057.06
A-T02465,T02465,V0363,2025-02-10,8560275.68
A-T02466,T02466,V0510,2025-09-20,2654088.49
A-T02467,T02467,V0028,2025-09-07,3004190.76
A-T02468,T02468,V0006,2026-07-25,13224921.7
A-T02469,T02469,V0406,2026-07-05,2561735.02
A-T02470,T02470,V0321,2024-12-29,5178814.4
A-T02471,T02471,V0298,2024-05-21,7469209.67
A-T02472,T02472,V0263,2026-04-19,4981982.63
A-T02473,T02473,V0336,2025-06-11,16127526.01
A-T02474,T02474,V0121,2025-05-17,3438171.41
A-T02475,T02475,V0302,2026-02-03,11527608.7
A-T02476,T02476,V0269,2024-06-22,18044527.9
A-T02477,T02477,V0367,2026-04-13,14168622.93
A-T02478,T02478,V0144,2026-02-10,11748485.1
A-T02479,T02479,V0396,2024-10-28,1406502.79
A-T02480,T02480,V0100,2025-08-05,8917491.88
A-T02481,T02481,V0505,2025-02-16,19949145.35
A-T02482,T02482,V0421,2024-02-08,11848645.07
A-T02483,T02483,V0066,2025-04-17,1262825.09
A-T02484,T02484,V0523,2026-01-05,775598.18
A-T02485,T02485,V0487,2026-08-17,36315337.71
A-T02486,T02486,V0380,2024-03-19,3670957.32
A-T02487,T02487,V0197,2024-09-02,2198310.78
A-T02488,T02488,V0063,2025-08-13,22345945.62
A-T02489,T02489,V0011,2025-10-11,4625427.94
A-T02490,T02490,V0355,2025-11-27,8716044.3
A-T02491,T02491,V0255,2026-09-21,31290772.06
A-T02492,T02492,V0256,2025-02-11,6781604.1
A-T02493,T02493,V0402,2026-07-08,5409979.49
A-T02494,T02494,V0031,2026-03-27,6924330.07
A-T02495,T02495,V0462,2026-01-29,137525927.58
A-T02496,T02496,V0304,2025-07-04,3727555.08
A-T02497,T02497,V0523,2025-02-10,21942182.28
A-T02498,T02498,V0026,2025-09-19,4307463.17
A-T02499,T02499,V0201,2026-02-10,3159025.92
A-T02500,T02500,V0028,2026-08-09,10221018.93
