vendor_a,vendor_b,shared_tenders,expected_conditional_shared,conditional_enrichment,weighted_market_overlap,market_count,market_concentration,shrunk_win_uplift,persistence,enrichment_signal,win_effect_signal,specialization_discount,breadth_signal,relationship_strength,context_adjusted_strength
V0042,V0043,18,4.2673,4.2182,0.5466,4,0.3333,0.2431,1.0,0.6890011142619906,0.4051666666666667,0.816685,1.0,0.7127003899916967,0.5820517180003688
V0071,V0074,10,1.2476,8.0153,0.4696,3,0.4,-0.0638,1.0,0.9170221731183585,0.0,0.78,0.75,0.6334577605914256,0.4940970532613119
V0072,V0073,13,2.996,4.3391,0.4103,4,0.3077,-0.2234,1.0,0.6985530679524224,0.0,0.830765,1.0,0.5944935737833479,0.493884453824123
V0071,V0073,11,1.6698,6.5875,0.4343,3,0.3636,-0.0801,1.0,0.8451170405038857,0.0,0.80002,0.75,0.60829096417636,0.4866449371603715
V0072,V0074,11,1.7619,6.2432,0.414,3,0.3636,-0.2234,1.0,0.8257504488045473,0.0,0.80002,0.75,0.6015126570815915,0.48122215591841483
V0073,V0074,10,1.4952,6.6879,0.4311,3,0.4,-0.0894,1.0,0.8505991431056225,0.0,0.78,0.75,0.6102097000869678,0.4759635660678349
V0001,V0024,25,4.614,5.4183,0.65,3,0.4,-0.2506,1.0,0.7753271405216036,0.0,0.78,0.75,0.5838644991825612,0.4554143093623978
V0071,V0072,10,1.9206,5.2066,0.3358,3,0.4,-0.0981,1.0,0.7613398561205941,0.0,0.78,0.75,0.5789689496422079,0.45159578072092216
V0001,V0091,25,5.1144,4.8882,0.5977,3,0.4,-0.1332,1.0,0.7393777236033948,0.0,0.78,0.75,0.5712822032611882,0.4456001185437268
V0024,V0091,25,5.4978,4.5472,0.5598,3,0.4,-0.2202,1.0,0.7144988004205828,0.0,0.78,0.75,0.562574580147204,0.43880817251481913
V0052,V0053,22,4.3543,5.0524,0.5844,4,0.4545,-0.1721,0.7667,0.7508480074253316,0.0,0.7500249999999999,1.0,0.5661368025988661,0.4246167553692145
V0051,V0052,23,4.2656,5.3919,0.6415,4,0.4783,-0.1523,0.7667,0.7736082492130939,0.0,0.7369349999999999,1.0,0.5741028872245829,0.42307651119684797
V0020,V0277,24,22.6199,1.061,0.4188,4,0.375,0.14,1.0,0.3015941980920416,0.23333333333333336,0.79375,1.0,0.5255579693322145,0.4171616381574453
V0020,V0481,26,22.8342,1.1386,0.4729,5,0.4231,0.1364,1.0,0.3170077600817462,0.22733333333333333,0.7672950000000001,1.0,0.5291527160286111,0.4060162332451732
V0020,V0050,16,12.6579,1.264,0.3463,3,0.4375,0.188,1.0,0.3407709959690329,0.31333333333333335,0.7593749999999999,0.75,0.5257698485891615,0.3992564787723945
V0020,V0407,17,13.9877,1.2154,0.3824,4,0.3529,0.0408,1.0,0.33172131540691363,0.068,0.805905,1.0,0.48650246039241973,0.39207476534255303
V0223,V0355,15,11.1684,1.3431,0.3947,4,0.3333,-0.0285,1.0,0.35509258832041035,0.0,0.816685,1.0,0.47428240591214366,0.38733932667235904
V0307,V0355,11,9.3833,1.1723,0.4562,3,0.3636,0.1087,1.0,0.3235281052017739,0.18116666666666667,0.80002,0.75,0.48008483682062086,0.3840774711532331
V0295,V0355,13,11.0825,1.173,0.3335,3,0.3846,0.1105,1.0,0.3236624676975843,0.18416666666666667,0.78847,0.75,0.48103186369415446,0.37927919356692996
V0051,V0053,23,4.9004,4.6935,0.5545,4,0.4348,-0.1523,0.433,0.7253549364725635,0.0,0.76086,1.0,0.4904742277653973,0.3731822209375802
V0010,V0307,11,10.3281,1.0651,0.351,3,0.3636,0.0952,1.0,0.3024229871992355,0.15866666666666668,0.80002,0.75,0.4659480455197324,0.3727677553766963
V0010,V0020,41,31.1807,1.3149,0.6493,6,0.3902,-0.0079,1.0,0.35004301463148274,0.0,0.78539,1.0,0.472515055121019,0.37110859914149713
V0010,V0355,20,20.2939,0.9855,0.3998,4,0.4,0.0443,1.0,0.2860303280838242,0.07383333333333333,0.78,1.0,0.47226061482933845,0.368363279566884
V0020,V0355,21,21.0509,0.9976,0.4466,4,0.3333,-0.0884,1.0,0.28856408694442987,0.0,0.816685,1.0,0.4509974304305504,0.36832283647117403
V0219,V0379,9,4.9919,1.8029,0.2127,3,0.3333,-0.0609,0.9,0.4298163506874498,0.0,0.816685,0.75,0.4429357227406074,0.36173896072641293
V0016,V0122,6,1.3258,4.5256,0.2738,2,0.5,-0.0386,0.8667,0.7128717664127786,0.0,0.725,0.5,0.49784511824447253,0.36093771072724257
V0355,V0481,16,15.4816,1.0335,0.3558,3,0.4375,0.1035,1.0,0.2959922622212129,0.1725,0.7593749999999999,0.75,0.4678472917774245,0.3552715371934817
V0052,V0391,6,1.2716,4.7185,0.4904,2,0.5,0.0,0.7667,0.7271821054987982,0.0,0.725,0.5,0.4828537369245794,0.35006895927032006
V0020,V0119,16,18.5877,0.8608,0.3,3,0.375,0.0704,1.0,0.258979826945295,0.11733333333333335,0.79375,0.75,0.43834293943085323,0.34793470817323974
V0050,V0277,13,9.3842,1.3853,0.3268,3,0.3846,-0.0398,1.0,0.36253664305317995,0.0,0.78847,0.75,0.439387825068613,0.3464441184318493
V0277,V0355,14,13.9316,1.0049,0.3262,3,0.5,0.1129,1.0,0.29008530609897354,0.18816666666666668,0.725,0.75,0.47047985713464074,0.3410978964226145
V0041,V0307,10,7.5667,1.3216,0.53,3,0.4,-0.0937,1.0,0.3512482854035837,0.0,0.78,0.75,0.4354368998912543,0.3396407819151783
V0355,V0407,11,9.4658,1.1621,0.419,3,0.4545,0.0594,0.9667,0.3215653245425139,0.099,0.7500249999999999,0.75,0.4480878635898799,0.33607709988899964
V0144,V0481,12,11.0605,1.0849,0.253,3,0.4167,0.0325,1.0,0.30640241081606784,0.05416666666666667,0.770815,0.75,0.43599084378562375,0.3360682822526156
V0050,V0184,10,8.037,1.2442,0.2143,3,0.4,-0.0605,1.0,0.3371077625526474,0.0,0.78,0.75,0.4304877168934266,0.33578041917687274
V0007,V0278,6,1.5294,3.9231,0.4167,2,0.5,0.0,0.7667,0.6647239483178116,0.0,0.725,0.5,0.46099338191123407,0.33422020188564466
V0020,V0307,13,11.8246,1.0994,0.4599,3,0.3846,-0.1193,1.0,0.30929273602263896,0.0,0.78847,0.75,0.4207524576079236,0.33175069025011955
V0041,V0355,10,8.7667,1.1407,0.5162,3,0.4,-0.0496,1.0,0.31741706445035406,0.0,0.78,0.75,0.4235959725576239,0.3304048585949466
V0010,V0277,20,19.0053,1.0523,0.3889,3,0.4,-0.1319,1.0,0.29983007331837697,0.0,0.78,0.75,0.4174405256614319,0.3256036100159169
V0026,V0355,10,8.9325,1.1195,0.2442,3,0.4,-0.0725,0.9667,0.3132664801219275,0.0,0.78,0.75,0.4154832680426746,0.3240769490732862
V0010,V0050,14,12.8833,1.0867,0.3614,3,0.4286,-0.0615,1.0,0.3067623007149797,0.0,0.76427,0.75,0.4198668052502429,0.32089160324860316
V0244,V0301,6,2.0266,2.9607,0.2654,2,0.5,-0.0584,0.8333,0.5740120483724435,0.0,0.725,0.5,0.44256421693035525,0.32085905727450753
V0010,V0119,17,18.336,0.9271,0.3408,3,0.4118,0.0124,1.0,0.2735800389881746,0.020666666666666667,0.7735099999999999,0.75,0.4144530136458611,0.32058355058521
V0020,V0026,15,12.2544,1.2241,0.3246,3,0.4667,-0.0989,1.0,0.3333558176931589,0.0,0.743315,0.75,0.4291745361926056,0.3190118703700066
V0277,V0295,13,11.1079,1.1703,0.3098,3,0.4615,-0.1353,1.0,0.3231439736484098,0.0,0.746175,0.75,0.4256003907769434,0.31757237158798574
V0144,V0307,11,8.9833,1.2245,0.3643,3,0.4545,-0.0904,0.9667,0.33343081340282904,0.0,0.7500249999999999,0.75,0.42254078469099016,0.3169161520378599
V0010,V0407,13,11.236,1.157,0.34,3,0.4615,-0.0563,1.0,0.3205804590914917,0.0,0.746175,0.75,0.4247031606820221,0.3169028809219078
V0119,V0481,14,14.0079,0.9994,0.2994,3,0.4286,-0.1422,1.0,0.2889396978302488,0.0,0.76427,0.75,0.4136288942405871,0.31612415500125346
V0010,V0113,12,9.3228,1.2872,0.4875,3,0.5,-0.1092,1.0,0.34502272530879274,0.0,0.725,0.75,0.43325795385807747,0.31411201654710613
V0020,V0295,18,16.7544,1.0743,0.3691,3,0.5556,0.0589,1.0,0.3042767362056157,0.09816666666666667,0.69442,0.75,0.4484468576719655,0.3114104669045663
V0026,V0481,12,9.8079,1.2235,0.3218,3,0.5,-0.1252,1.0,0.3332432988351805,0.0,0.725,0.75,0.42913515459231316,0.31112298707942704
V0020,V0223,14,11.1579,1.2547,0.4004,2,0.6429,0.1741,1.0,0.3390543930892901,0.2901666666666667,0.6464049999999999,0.5,0.48071903758125156,0.31073918948770884
V0010,V0481,18,18.7553,0.9597,0.3556,3,0.4444,-0.087,1.0,0.2805758065979739,0.0,0.7555799999999999,0.75,0.41070153230929085,0.31031786378225396
V0050,V0307,6,3.0658,1.9571,0.381,2,0.5,0.0138,0.9333,0.45215029641060256,0.023,0.725,0.5,0.42681260374371094,0.3094391377141904
V0010,V0026,15,11.1193,1.349,0.4508,3,0.5333,-0.0033,1.0,0.35614136921007405,0.0,0.706685,0.75,0.4371494792235259,0.30892697972507743
V0007,V0244,7,2.6735,2.6183,0.3247,2,0.5714,-0.0418,0.9333,0.5363054495596834,0.0,0.68573,0.5,0.4493669073458892,0.30814436937429657
V0020,V0113,12,10.6491,1.1269,0.3732,3,0.5,-0.0332,1.0,0.31471996675553693,0.0,0.725,0.75,0.4226519883644379,0.3064226915642175
V0144,V0355,13,10.4833,1.2401,0.3846,2,0.5385,0.0851,1.0,0.3363451760703503,0.14183333333333334,0.7038249999999999,0.5,0.4352708116246226,0.3063544789917
V0277,V0407,11,9.4579,1.163,0.2955,3,0.4545,-0.1211,0.9,0.3217388831458753,0.0,0.7500249999999999,0.75,0.40510860910105634,0.3038415845410198
V0119,V0277,13,13.6579,0.9518,0.2789,3,0.4615,-0.0913,0.9667,0.27889125572393436,0.0,0.746175,0.75,0.40345193950337704,0.3010457509589324
V0066,V0219,9,4.875,1.8462,0.2943,2,0.5556,0.0354,0.9333,0.43620953055499656,0.059000000000000004,0.69442,0.5,0.4320333356942488,0.30001258897280025
V0277,V0481,18,16.138,1.1154,0.6111,3,0.6667,0.1023,1.0,0.31245898368090086,0.1705,0.6333150000000001,0.75,0.4730106442883153,0.29956473618745444
V0020,V0144,20,17.0614,1.1722,0.418,3,0.55,-0.0884,1.0,0.32350890702515994,0.0,0.6975,0.75,0.42572811745880595,0.29694536192751714
V0010,V0295,17,16.2193,1.0481,0.3382,3,0.5294,-0.0207,1.0,0.2989757485419963,0.0,0.70883,0.75,0.4171415119896987,0.29568241794365807
V0026,V0277,10,8.3579,1.1965,0.3229,2,0.5,0.0358,1.0,0.32814826959286536,0.059666666666666666,0.725,0.5,0.40775189435750286,0.2956201234091896
V0113,V0184,14,10.3085,1.3581,0.4118,2,0.5714,0.0597,1.0,0.3577538267698645,0.0995,0.68573,0.5,0.4300638393694526,0.2949076765708147
V0132,V0370,6,2.9877,2.0083,0.1667,2,0.5,0.0052,0.8333,0.4593091064697419,0.008666666666666666,0.725,0.5,0.4050181872644097,0.29363818576669704
V0184,V0277,19,16.425,1.1568,0.4508,3,0.5789,-0.0996,1.0,0.32054178948309786,0.0,0.681605,0.75,0.42468962631908425,0.28947057274721943
V0172,V0368,6,3.136,1.9133,0.1632,2,0.5,0.0,0.8333,0.44592708923372276,0.0,0.725,0.5,0.397734481231803,0.2883574988930572
V0041,V0050,6,3.9,1.5385,0.4875,2,0.5,-0.0098,0.9333,0.38849626419178657,0.0,0.725,0.5,0.3976336924671253,0.28828442703866586
V0066,V0309,6,2.9338,2.0451,0.2132,2,0.5,-0.0617,0.8,0.46437963908474006,0.0,0.725,0.5,0.39753287367965906,0.2882113334177528
V0119,V0355,15,12.1932,1.2302,0.4305,3,0.6,-0.1374,1.0,0.33449803944651635,0.0,0.6699999999999999,0.75,0.4295743138062807,0.287814790250208
V0119,V0407,9,5.7833,1.5562,0.3333,2,0.5556,-0.039,1.0,0.39139398261551744,0.0,0.69442,0.5,0.4119878939154311,0.2860926332927537
V0223,V0481,10,7.2842,1.3728,0.3348,2,0.5,-0.0707,0.9667,0.36034546721181465,0.0,0.725,0.5,0.39446091352413515,0.28598416230499796
V0132,V0379,6,4.05,1.4815,0.1861,2,0.5,-0.0445,0.9333,0.3790254004649273,0.0,0.725,0.5,0.39431889016272453,0.2858811953679753
V0041,V0460,6,4.4333,1.3534,0.5938,2,0.5,-0.0098,0.9667,0.3569217975265834,0.0,0.725,0.5,0.3932626291343042,0.2851154061223705
V0307,V0481,9,5.9342,1.5166,0.3762,2,0.5556,-0.0067,1.0,0.38488285733124844,0.0,0.69442,0.5,0.40970900006593697,0.28451012382578794
V0219,V0327,7,3.825,1.8301,0.2513,2,0.5714,0.0,0.9333,0.43384382067105276,0.0,0.68573,0.5,0.4135053372348685,0.28355301490206636
V0050,V0295,6,6.45,0.9302,0.575,2,0.5,0.0354,1.0,0.27425035277852,0.059000000000000004,0.725,0.5,0.38868762347248204,0.2817985270175495
V0307,V0407,6,4.8421,1.2391,0.4667,2,0.5,0.0433,0.8667,0.336158967641009,0.07216666666666667,0.725,0.5,0.38764563867435314,0.28104308803890604
V0123,V0309,6,3.5351,1.6973,0.2009,2,0.5,0.0,0.8333,0.41380092113811606,0.0,0.725,0.5,0.38649032239834064,0.28020548373879695
V0025,V0355,13,9.8667,1.3176,0.3485,2,0.5385,-0.0777,1.0,0.3505291398702718,0.0,0.7038249999999999,0.5,0.39768519895459514,0.2799007851542179
V0026,V0144,9,6.5167,1.3811,0.324,2,0.5556,-0.0358,1.0,0.3618016915185572,0.0,0.69442,0.5,0.40163059203149504,0.2789003157185108
V0050,V0481,9,6.8342,1.3169,0.3466,2,0.5556,-0.1591,1.0,0.3504031618030728,0.0,0.69442,0.5,0.3976411066310755,0.27612993726675145
V0093,V0132,6,3.5802,1.6759,0.1548,2,0.5,-0.0943,0.8,0.41047904949213665,0.0,0.725,0.5,0.3786676673222478,0.2745340588086297
V0050,V0119,8,7.75,1.0323,0.254,2,0.5,-0.065,1.0,0.2957460922747127,0.0,0.725,0.5,0.37851113229614947,0.27442057091470834
V0182,V0483,7,4.111,1.7028,0.1651,2,0.5714,-0.0866,0.9,0.414650416127447,0.0,0.68573,0.5,0.4001276456446065,0.274379530447876
V0295,V0460,7,6.7333,1.0396,0.5556,2,0.5714,0.0688,0.9333,0.2972413842607363,0.11466666666666667,0.68573,0.5,0.4000944844912578,0.27435679085019016
V0119,V0184,10,8.993,1.112,0.3033,2,0.5,-0.1015,0.9667,0.3117881645312709,0.0,0.725,0.5,0.3774658575859448,0.27366274674981
V0259,V0513,7,4.1717,1.678,0.1959,2,0.5714,-0.0259,0.9,0.4108062009394567,0.0,0.68573,0.5,0.39878217032880986,0.27345689765957476
V0061,V0080,7,3.625,1.931,0.2773,2,0.5714,-0.1781,0.8333,0.4484531388536487,0.0,0.68573,0.5,0.3986185985987771,0.2733447316171394
V0066,V0327,6,3.975,1.5094,0.2039,2,0.5,0.0,0.8333,0.3836880163952119,0.0,0.725,0.5,0.3759508057383242,0.272564334160285
V0295,V0481,11,9.3579,1.1755,0.3346,2,0.5455,-0.0058,1.0,0.3241419806760486,0.0,0.699975,0.5,0.38844969323661704,0.271905074023301
V0407,V0481,8,7.2579,1.1022,0.2819,2,0.625,0.0962,0.9,0.30984856754817564,0.16033333333333333,0.65625,0.5,0.4115469986418615,0.2700777178587216
V0119,V0144,13,11.8833,1.094,0.3691,2,0.5385,-0.0823,1.0,0.30821867861886854,0.0,0.7038249999999999,0.5,0.382876537516604,0.2694780790176238
V0277,V0460,7,5.4105,1.2938,0.2347,2,0.5714,-0.0652,0.9667,0.34622439118428255,0.0,0.68573,0.5,0.3895185369144989,0.2671045463183793
V0034,V0256,6,4.1035,1.4622,0.1539,2,0.5,0.0,0.8,0.37576922956265557,0.0,0.725,0.5,0.3665192303469295,0.2657264420015239
V0119,V0307,6,5.75,1.0435,0.4154,2,0.5,-0.0042,0.9333,0.29803804700285097,0.0,0.725,0.5,0.3659733164509979,0.26533065442697346
V0026,V0295,6,6.3123,0.9505,0.2153,2,0.5,-0.055,0.9667,0.27861339798418744,0.0,0.725,0.5,0.36585468929446563,0.26524464973848755
V0020,V0184,15,14.807,1.013,0.4646,2,0.6667,0.0822,1.0,0.2917667650435721,0.137,0.6333150000000001,0.5,0.4182183677652503,0.2648639655812495
V0223,V0295,11,7.4421,1.4781,0.4163,2,0.6364,-0.2266,1.0,0.3784536163077514,0.0,0.64998,0.5,0.407458765707713,0.2648400485346993
V0184,V0223,9,7.1474,1.2592,0.2963,2,0.5556,-0.0871,0.9333,0.3398858897476616,0.0,0.69442,0.5,0.3806200614116816,0.26431018304549997
V0041,V0407,6,4.9667,1.2081,0.475,2,0.5,-0.0666,0.8667,0.3303448762880872,0.0,0.725,0.5,0.3639607067008305,0.26387151235810213
V0144,V0407,8,5.9833,1.337,0.2759,2,0.625,-0.0904,1.0,0.35400547521246933,0.0,0.65625,0.5,0.3989019163243643,0.26177938258786404
V0026,V0184,10,7.6596,1.3055,0.3583,2,0.6,-0.055,0.9667,0.34834614427919597,0.0,0.6699999999999999,0.5,0.3902611504977186,0.26147497083347143
V0223,V0277,11,8.4842,1.2965,0.359,2,0.6364,-0.1275,1.0,0.34671498551872704,0.0,0.64998,0.5,0.39635024493155446,0.2576197322006118
V0195,V0379,7,5.525,1.267,0.3841,2,0.5714,-0.1051,0.9,0.341323234926037,0.0,0.68573,0.5,0.374463132224113,0.25678060366004096
V0184,V0355,10,10.1053,0.9896,0.3067,2,0.6,0.0139,1.0,0.28689059998197153,0.023166666666666665,0.6699999999999999,0.5,0.38236170999369007,0.2561823456957723
V0025,V0119,15,13.2667,1.1307,0.4429,2,0.8,0.1251,1.0,0.3154643877947169,0.2085,0.5599999999999999,0.5,0.4479625357281509,0.2508590200077645
V0010,V0144,18,15.0833,1.1934,0.4907,2,0.6667,0.001,1.0,0.32755928094696946,0.0016666666666666668,0.6333150000000001,0.5,0.39014574833143933,0.24708515460452554
V0277,V0307,8,6.4842,1.2338,0.2935,2,0.625,0.0334,0.8333,0.3351706724817291,0.05566666666666667,0.65625,0.5,0.3756697353686052,0.24653326383564717
V0144,V0277,10,8.6105,1.1614,0.2976,2,0.7,0.0213,1.0,0.3214302845626144,0.035500000000000004,0.615,0.5,0.39815059959691507,0.24486261875210277
V0020,V0041,12,10.5333,1.1392,0.5652,2,0.6667,-0.0989,1.0,0.3171247451846006,0.0,0.6333150000000001,0.5,0.38599366081461023,0.2444555752988049
V0113,V0355,7,6.9868,1.0019,0.2381,2,0.5714,-0.0142,0.9,0.28946081902297377,0.0,0.68573,0.5,0.35631128665804085,0.24433333860001832
V0041,V0144,10,7.6667,1.3043,0.335,2,0.7,-0.1093,1.0,0.34812902471608564,0.0,0.615,0.5,0.39684515865062997,0.24405977257013742
V0016,V0242,7,5.5127,1.2698,0.1929,2,0.5714,0.0,0.8,0.34183799900831874,0.0,0.68573,0.5,0.3546432996529116,0.24318954987099103
V0010,V0184,15,13.7509,1.0908,0.4924,2,0.6667,-0.0666,1.0,0.30758089238647374,0.0,0.6333150000000001,0.5,0.38265331233526584,0.2423400825016089
V0010,V0223,14,10.4947,1.334,0.4354,2,0.7143,-0.1137,1.0,0.3534697880592695,0.0,0.607135,0.5,0.39871442582074434,0.2420734829206776
V0025,V0277,12,11.0,1.0909,0.3429,2,0.75,0.0539,1.0,0.30760083797757326,0.08983333333333335,0.5874999999999999,0.5,0.40961029329215065,0.24064604730913847
V0090,V0119,3,0.2807,10.6875,0.6,1,1.0,0.0,0.7333,1.0,0.0,0.44999999999999996,0.25,0.53416,0.24037199999999997
V0050,V0144,9,7.95,1.1321,0.2874,2,0.6667,-0.019,0.9667,0.3157383135566506,0.0,0.6333150000000001,0.5,0.37884840974482775,0.23993038061754562
V0178,V0502,6,6.4813,0.9257,0.1307,2,0.5,0.0,0.8,0.27327696310897465,0.0,0.725,0.5,0.33064693708814114,0.23971902938890233
V0050,V0355,8,7.75,1.0323,0.4088,2,0.625,-0.1411,0.9333,0.2957460922747127,0.0,0.65625,0.5,0.36517113229614945,0.23964355556934808
V0184,V0295,9,9.2596,0.972,0.3026,2,0.6667,0.0059,1.0,0.28318511816739467,0.009833333333333333,0.6333150000000001,0.5,0.3770647913585881,0.23880078833926427
V0010,V0041,10,9.3667,1.0676,0.438,2,0.7,0.0091,1.0,0.30292753923821025,0.015166666666666669,0.615,0.5,0.3855746387333736,0.23712840282102476
V0025,V0050,11,9.0,1.2222,0.3242,2,0.7273,-0.1191,1.0,0.33299940377959686,0.0,0.599985,0.5,0.3915497913228589,0.23492400154684548
V0184,V0407,10,7.393,1.3526,0.4017,2,0.7,-0.0871,0.9,0.3567800100568201,0.0,0.615,0.5,0.37987300351988706,0.23362189716473053
V0119,V0223,7,7.4,0.9459,0.216,2,0.5714,-0.1283,0.8333,0.27762871987527005,0.0,0.68573,0.5,0.3388300519563446,0.23234593152802416
V0304,V0438,3,0.5217,5.75,0.4286,1,1.0,-0.0261,0.9667,0.7963410773382028,0.0,0.44999999999999996,0.25,0.509559377068371,0.2293017196807669
V0025,V0295,11,12.5333,0.8777,0.2915,2,0.7273,0.0233,1.0,0.26275026718800604,0.03883333333333334,0.599985,0.5,0.3786125935158021,0.22716187692057854
V0020,V0025,18,18.3333,0.9818,0.4496,2,0.7778,0.0365,1.0,0.28525245885506073,0.06083333333333333,0.5722099999999999,0.5,0.39308836059927127,0.22492909081850898
V0146,V0258,3,0.3333,9.0,0.5,1,1.0,0.0,0.6141,0.9602525677891275,0.0,0.44999999999999996,0.25,0.4964083987261946,0.22338377942678753
V0309,V0327,3,1.0588,2.8333,0.5,1,1.0,0.1619,0.9,0.5603772884722233,0.2698333333333333,0.44999999999999996,0.25,0.4945820509652782,0.22256192293437516
V0332,V0362,3,0.3976,7.5455,0.2727,1,1.0,0.0,0.7,0.8947033062468617,0.0,0.44999999999999996,0.25,0.4906461571864015,0.22079077073388065
V0421,V0547,3,0.4478,6.7,0.375,1,1.0,0.0,0.7667,0.8512549951681214,0.0,0.44999999999999996,0.25,0.4887792483088425,0.21995066173897912
V0215,V0321,3,0.45,6.6667,1.0,1,1.0,0.0,0.7667,0.8494475543548681,0.0,0.44999999999999996,0.25,0.4881466440242038,0.2196659898108917
V0267,V0451,3,0.4321,6.9429,0.3333,1,1.0,0.0,0.7333,0.8642072368122015,0.0,0.44999999999999996,0.25,0.48663253288427044,0.21898463979792168
V0047,V0509,3,0.4375,6.8571,0.4286,1,1.0,0.0,0.7333,0.8596779037856519,0.0,0.44999999999999996,0.25,0.4850472663249781,0.21827126984624012
V0278,V0309,4,0.625,6.4,0.6667,1,1.0,0.0,0.7667,0.8346819908754292,0.0,0.44999999999999996,0.25,0.4829786968064002,0.21734041356288009
V0184,V0481,14,12.8526,1.0893,0.5444,2,0.7857,-0.0847,1.0,0.307281593989791,0.0,0.5678650000000001,0.5,0.3825485578964269,0.21723593682985448
V0090,V0528,3,0.4762,6.3,0.375,1,1.0,0.0,0.7667,0.8290079932617215,0.0,0.44999999999999996,0.25,0.4809927976416025,0.21644675893872112
V0010,V0025,18,17.8667,1.0075,0.4573,2,0.7778,-0.0373,1.0,0.2906257728368183,0.0,0.5722099999999999,0.5,0.3767190204928864,0.21556239071623448
V0197,V0488,3,0.5143,5.8333,0.5,1,1.0,0.0,0.8,0.8014560690854541,0.0,0.44999999999999996,0.25,0.47800962417990894,0.215104330880959
V0121,V0166,3,0.44,6.8182,0.2727,1,1.0,0.0,0.7,0.8576080750323692,0.0,0.44999999999999996,0.25,0.47766282626132917,0.2149482718175981
V0186,V0284,3,0.4444,6.75,0.3,1,1.0,0.0,0.7,0.8539542433709271,0.0,0.44999999999999996,0.25,0.4763839851798244,0.21437279333092096
V0368,V0516,3,0.5224,5.7429,0.3333,1,1.0,0.0,0.8,0.7959021901823808,0.0,0.44999999999999996,0.25,0.47606576656383326,0.21422959495372496
V0119,V0262,3,0.4706,6.375,0.375,1,1.0,0.0,0.7333,0.8332707124002472,0.0,0.44999999999999996,0.25,0.47580474934008643,0.21411213720303887
V0025,V0144,16,13.9167,1.1497,0.4393,2,0.8125,-0.1298,1.0,0.31916669013939303,0.0,0.553125,0.5,0.3867083415487876,0.21389805141917312
V0274,V0363,3,0.4746,6.3214,0.375,1,1.0,0.0,0.7333,0.830228738135539,0.0,0.44999999999999996,0.25,0.4747400583474386,0.21363302625634734
V0200,V0538,3,0.4762,6.3,0.375,1,1.0,0.0,0.7333,0.8290079932617215,0.0,0.44999999999999996,0.25,0.4743127976416025,0.2134407589387211
V0214,V0494,3,0.4828,6.2143,0.375,1,1.0,0.0,0.7333,0.8240831823801753,0.0,0.44999999999999996,0.25,0.47258911383306135,0.21266510122487758
V0214,V0334,3,0.4828,6.2143,0.375,1,1.0,0.0,0.7333,0.8240831823801753,0.0,0.44999999999999996,0.25,0.47258911383306135,0.21266510122487758
V0188,V0248,4,1.2581,3.1795,0.2667,1,1.0,0.1051,0.8667,0.5964362323830866,0.17516666666666666,0.44999999999999996,0.25,0.4721426813340803,0.21246420660033613
V0241,V0349,3,0.4898,6.125,0.4286,1,1.0,0.0,0.7333,0.8188888599222099,0.0,0.44999999999999996,0.25,0.4707711009727734,0.21184699543774801
V0072,V0472,3,0.4848,6.1875,0.3333,1,1.0,0.0,0.7,0.8225310873655136,0.0,0.44999999999999996,0.25,0.46538588057792973,0.20942364626006835
V0384,V0454,3,0.5172,5.8,0.375,1,1.0,0.0,0.7333,0.799418821133498,0.0,0.44999999999999996,0.25,0.4639565873967243,0.2087804643285259
V0202,V0229,3,0.5238,5.7273,0.2727,1,1.0,0.0,0.7333,0.7949362493329866,0.0,0.44999999999999996,0.25,0.4623876872665452,0.20807445926994533
V0022,V0420,3,0.5263,5.7,0.375,1,1.0,0.0,0.7333,0.7932404504793654,0.0,0.44999999999999996,0.25,0.46179415766777787,0.20780737095050003
V0230,V0275,3,0.7831,3.8308,0.2,1,1.0,0.0285,0.9,0.6568310565044095,0.0475,0.44999999999999996,0.25,0.4616408697765433,0.20773839139944444
V0200,V0408,3,0.6316,4.75,0.25,1,1.0,0.0,0.8333,0.7294729985300498,0.0,0.44999999999999996,0.25,0.4594755494855174,0.2067639972684828
V0132,V0292,3,0.6,5.0,0.4286,1,1.0,0.0,0.8,0.7472217363092141,0.0,0.44999999999999996,0.25,0.4590276077082249,0.20656242346870118
V0353,V0376,3,0.5714,5.25,0.3,1,1.0,0.0,0.7667,0.7642458303067036,0.0,0.44999999999999996,0.25,0.4583260406073462,0.2062467182733058
V0391,V0455,3,0.5455,5.5,0.3,1,1.0,0.0,0.7333,0.7806021381063808,0.0,0.44999999999999996,0.25,0.45737074833723323,0.20581683675175494
V0175,V0459,3,0.5172,5.8,0.375,1,1.0,0.0,0.7,0.799418821133498,0.0,0.44999999999999996,0.25,0.4572965873967243,0.2057834643285259
V0016,V0451,3,0.5185,5.7857,0.3,1,1.0,0.0,0.7,0.7985409031167966,0.0,0.44999999999999996,0.25,0.4569893160908788,0.20564519224089542
V0016,V0284,3,0.5806,5.1667,0.25,1,1.0,0.0,0.7667,0.7586502502605049,0.0,0.44999999999999996,0.25,0.45636758759117674,0.2053654144160295
V0055,V0548,4,0.7407,5.4,0.3077,1,1.0,0.0,0.7333,0.7741363901181997,0.0,0.44999999999999996,0.25,0.4551077365413698,0.2047984814436164
V0409,V0420,3,0.5556,5.4,0.3333,1,1.0,0.0,0.7333,0.7741363901181997,0.0,0.44999999999999996,0.25,0.4551077365413698,0.2047984814436164
V0007,V0281,3,0.5882,5.1,0.5,1,1.0,0.0,0.7667,0.7541149906305008,0.0,0.44999999999999996,0.25,0.4547802467206753,0.20465111102430386
V0008,V0214,3,0.5581,5.375,0.4286,1,1.0,0.0,0.7333,0.7725041673245123,0.0,0.44999999999999996,0.25,0.45453645856357927,0.20454140635361065
V0001,V0186,3,0.5303,5.6571,0.3333,1,1.0,0.0,0.7,0.7905616128410143,0.0,0.44999999999999996,0.25,0.45419656449435497,0.20438845402245973
V0187,V0394,3,0.5333,5.625,0.2727,1,1.0,0.0,0.7,0.7885458524073249,0.0,0.44999999999999996,0.25,0.4534910483425637,0.20407097175415365
V0024,V0065,3,0.5333,5.625,0.2727,1,1.0,0.0,0.7,0.7885458524073249,0.0,0.44999999999999996,0.25,0.4534910483425637,0.20407097175415365
V0054,V0487,4,0.7619,5.25,0.4,1,1.0,0.0,0.7333,0.7642458303067036,0.0,0.44999999999999996,0.25,0.45164604060734614,0.20324071827330575
V0072,V0353,3,0.5714,5.25,0.2727,1,1.0,0.0,0.7333,0.7642458303067036,0.0,0.44999999999999996,0.25,0.45164604060734614,0.20324071827330575
V0240,V0505,3,0.549,5.4643,0.375,1,1.0,0.0,0.7,0.7783053547851339,0.0,0.44999999999999996,0.25,0.4499068741747968,0.20245809337865853
V0001,V0065,3,0.5867,5.1136,0.25,1,1.0,0.0,0.7333,0.7550437328305861,0.0,0.44999999999999996,0.25,0.4484253064907051,0.20179138792081727
V0007,V0014,3,0.7,4.2857,0.375,1,1.0,-0.0187,0.8333,0.6943610422733252,0.0,0.44999999999999996,0.25,0.4471863647956638,0.2012338641580487
V0016,V0363,3,0.6667,4.5,0.25,1,1.0,0.0,0.8,0.7109351736821121,0.0,0.44999999999999996,0.25,0.4463273107887392,0.20084728985493264
V0013,V0335,4,0.8,5.0,0.3333,1,1.0,0.0,0.7333,0.7472217363092141,0.0,0.44999999999999996,0.25,0.4456876077082249,0.20055942346870118
V0300,V0358,3,0.6,5.0,0.3,1,1.0,0.0,0.7333,0.7472217363092141,0.0,0.44999999999999996,0.25,0.4456876077082249,0.20055942346870118
V0407,V0513,3,0.6,5.0,0.3333,1,1.0,0.0,0.7333,0.7472217363092141,0.0,0.44999999999999996,0.25,0.4456876077082249,0.20055942346870118
V0394,V0405,3,0.45,6.6667,1.0,1,1.0,0.0,0.5537,0.8494475543548681,0.0,0.44999999999999996,0.25,0.4455466440242038,0.2004959898108917
V0220,V0279,3,0.5714,5.25,0.3,1,1.0,0.0,0.7,0.7642458303067036,0.0,0.44999999999999996,0.25,0.44498604060734614,0.20024371827330575
V0153,V0357,3,0.5714,5.25,0.3,1,1.0,0.0,0.7,0.7642458303067036,0.0,0.44999999999999996,0.25,0.44498604060734614,0.20024371827330575
V0066,V0364,4,0.9,4.4444,0.5,1,1.0,0.0,0.8,0.7066979015718976,0.0,0.44999999999999996,0.25,0.44484426555016415,0.20017991949757385
V0052,V0080,3,0.64,4.6875,0.2308,1,1.0,0.0,0.7667,0.7249152221099662,0.0,0.44999999999999996,0.25,0.44456032773848814,0.20005214748231964
V0409,V0499,3,0.3509,8.55,0.5,1,1.0,0.0,0.3872,0.9410507540052949,0.0,0.44999999999999996,0.25,0.44430776390185317,0.19993849375583392
V0309,V0347,3,0.6102,4.9167,0.3,1,1.0,0.0,0.7333,0.7413913698430934,0.0,0.44999999999999996,0.25,0.4436469794450827,0.1996411407502872
V0024,V0053,4,1.012,3.9524,0.25,1,1.0,0.0109,0.8333,0.6671985743970088,0.018166666666666668,0.44999999999999996,0.25,0.4431295010389531,0.19940827546752887
V0065,V0091,3,0.6933,4.3269,0.2143,1,1.0,0.0,0.8,0.6975990463146553,0.0,0.44999999999999996,0.25,0.4416596662101293,0.19874684979455817
V0244,V0379,5,1.375,3.6364,0.4545,1,1.0,-0.1588,0.9,0.6397019171076349,0.0,0.44999999999999996,0.25,0.4413956709876722,0.19862805194445246
V0024,V0052,5,1.1807,4.2347,0.3125,1,1.0,0.0176,0.7667,0.6903176943830379,0.029333333333333336,0.44999999999999996,0.25,0.44125119303406324,0.19856303686532845
V0304,V0368,3,0.6269,4.7857,0.3,1,1.0,0.0,0.7333,0.7320542209792883,0.0,0.44999999999999996,0.25,0.4403789773427509,0.19817053980423788
V0317,V0419,3,0.5301,5.6591,0.25,1,1.0,0.0,0.6281,0.7906868835322206,0.0,0.44999999999999996,0.25,0.4398604092362772,0.19793718415632472
V0019,V0182,3,0.597,5.025,0.2727,1,1.0,0.0,0.7,0.7489557612250776,0.0,0.44999999999999996,0.25,0.43963451642877704,0.19783553239294965
V0255,V0385,3,0.597,5.025,0.3,1,1.0,0.0,0.7,0.7489557612250776,0.0,0.44999999999999996,0.25,0.43963451642877704,0.19783553239294965
V0262,V0498,3,0.6316,4.75,0.25,1,1.0,0.0,0.7333,0.7294729985300498,0.0,0.44999999999999996,0.25,0.43947554948551737,0.1977639972684828
V0066,V0093,3,0.75,4.0,0.375,1,1.0,-0.0617,0.8333,0.6711877414712396,0.0,0.44999999999999996,0.25,0.43907570951493385,0.1975840692817202
V0218,V0360,4,0.8485,4.7143,0.3636,1,1.0,0.0,0.7333,0.7268757000473296,0.0,0.44999999999999996,0.25,0.4385664950165653,0.19735492275745437
V0255,V0478,3,0.7143,4.2,0.375,1,1.0,0.0,0.8,0.6875440492709168,0.0,0.44999999999999996,0.25,0.4381404172448209,0.1971631877601694
V0042,V0358,3,0.6857,4.375,0.2727,1,1.0,0.0,0.7667,0.7013477999191747,0.0,0.44999999999999996,0.25,0.43631172997171114,0.19634027848726998
V0298,V0308,3,0.7143,4.2,0.3333,1,1.0,0.0,0.7667,0.6875440492709168,0.0,0.44999999999999996,0.25,0.4314804172448209,0.1941661877601694
V0153,V0526,3,0.6429,4.6667,0.2,1,1.0,0.0,0.7,0.7233872794200227,0.0,0.44999999999999996,0.25,0.43068554779700785,0.1938084965086535
V0024,V0186,3,0.6818,4.4,0.2727,1,1.0,0.0,0.7333,0.703282988502739,0.0,0.44999999999999996,0.25,0.4303090459759586,0.19363907068918135
V0033,V0058,3,0.6842,4.3846,0.2308,1,1.0,0.0,0.7333,0.7020919747992872,0.0,0.44999999999999996,0.25,0.42989219117975047,0.1934514860308877
V0091,V0386,3,0.6857,4.375,0.2308,1,1.0,0.0,0.7333,0.7013477999191747,0.0,0.44999999999999996,0.25,0.42963172997171106,0.19333427848726997
V0375,V0458,3,0.6857,4.375,0.4286,1,1.0,0.0,0.7333,0.7013477999191747,0.0,0.44999999999999996,0.25,0.42963172997171106,0.19333427848726997
V0221,V0380,3,0.6857,4.375,0.4286,1,1.0,0.0,0.7333,0.7013477999191747,0.0,0.44999999999999996,0.25,0.42963172997171106,0.19333427848726997
V0465,V0527,3,0.65,4.6154,0.2308,1,1.0,0.0,0.7,0.7195947391795122,0.0,0.44999999999999996,0.25,0.42935815871282923,0.19321117142077313
V0309,V0364,4,1.2419,3.2208,0.2857,1,1.0,0.0025,0.9,0.6005369374869877,0.004166666666666667,0.44999999999999996,0.25,0.4289379281204457,0.19302206765420055
V0001,V0052,4,1.0964,3.6484,0.25,1,1.0,-0.0777,0.8333,0.6407798921816306,0.0,0.44999999999999996,0.25,0.4284329622635707,0.19279483301860678
V0232,V0264,4,0.9804,4.08,0.3636,1,1.0,0.0,0.7667,0.6778074422297994,0.0,0.44999999999999996,0.25,0.42807260478042974,0.19263267215119337
V0127,V0379,4,1.1,3.6364,0.3636,1,1.0,-0.0738,0.8333,0.6397019171076349,0.0,0.44999999999999996,0.25,0.4280556709876722,0.19262505194445248
V0042,V0172,3,0.6667,4.5,0.3,1,1.0,0.0,0.7,0.7109351736821121,0.0,0.44999999999999996,0.25,0.4263273107887392,0.19184728985493263
V0122,V0363,3,0.6667,4.5,0.25,1,1.0,0.0,0.7,0.7109351736821121,0.0,0.44999999999999996,0.25,0.4263273107887392,0.19184728985493263
V0165,V0447,3,0.6316,4.75,0.3333,1,1.0,0.0,0.6667,0.7294729985300498,0.0,0.44999999999999996,0.25,0.42615554948551737,0.1917699972684828
V0256,V0384,3,0.75,4.0,0.25,1,1.0,0.0,0.7667,0.6711877414712396,0.0,0.44999999999999996,0.25,0.42575570951493386,0.1915900692817202
V0064,V0376,3,0.7143,4.2,0.2727,1,1.0,0.0,0.7333,0.6875440492709168,0.0,0.44999999999999996,0.25,0.42480041724482087,0.19116018776016938
V0119,V0475,3,0.7143,4.2,0.2727,1,1.0,0.0,0.7333,0.6875440492709168,0.0,0.44999999999999996,0.25,0.42480041724482087,0.19116018776016938
V0245,V0422,3,0.75,4.0,0.4286,1,1.0,0.0,0.7617,0.6711877414712396,0.0,0.44999999999999996,0.25,0.42475570951493385,0.19114006928172023
V0027,V0219,3,0.678,4.425,0.2727,1,1.0,0.0,0.7,0.7052092385390486,0.0,0.44999999999999996,0.25,0.42432323348866696,0.19094545506990013
V0051,V0263,4,0.9639,4.15,0.2857,1,1.0,0.0,0.7333,0.6835147194576673,0.0,0.44999999999999996,0.25,0.42339015181018347,0.19052556831458253
V0110,V0320,3,0.6857,4.375,0.2308,1,1.0,0.0,0.7,0.7013477999191747,0.0,0.44999999999999996,0.25,0.42297172997171106,0.19033727848726997
V0143,V0297,3,0.6522,4.6,0.3,1,1.0,0.0,0.6667,0.718449474121785,0.0,0.44999999999999996,0.25,0.42229731594262465,0.19003379217418107
V0153,V0387,6,1.7391,3.45,0.5,1,1.0,0.0,0.8333,0.6225893653962264,0.0,0.44999999999999996,0.25,0.42206627788867923,0.18992982504990563
V0051,V0391,3,0.6933,4.3269,0.2143,1,1.0,0.0,0.7,0.6975990463146553,0.0,0.44999999999999996,0.25,0.4216596662101293,0.18974684979455816
V0165,V0168,3,0.7368,4.0714,0.3,1,1.0,0.0,0.7333,0.6771008442385354,0.0,0.44999999999999996,0.25,0.42114529548348734,0.18951538296756928
V0077,V0204,3,0.6984,4.2955,0.25,1,1.0,0.0,0.7,0.6951335290620702,0.0,0.44999999999999996,0.25,0.4207967351717245,0.189358530827276
V0016,V0123,3,1.0,3.0,0.2727,1,1.0,-0.0386,0.9,0.5781296526357756,0.0,0.44999999999999996,0.25,0.41984537842252145,0.18893042029013463
V0034,V0080,3,0.75,4.0,0.3333,1,1.0,0.0,0.7333,0.6711877414712396,0.0,0.44999999999999996,0.25,0.4190757095149338,0.1885840692817202
V0043,V0133,3,0.8,3.75,0.25,1,1.0,0.0,0.7667,0.6497967762487715,0.0,0.44999999999999996,0.25,0.41826887168707005,0.1882209922591815
V0479,V0513,3,0.8,3.75,0.75,1,1.0,0.0,0.7667,0.6497967762487715,0.0,0.44999999999999996,0.25,0.41826887168707005,0.1882209922591815
V0009,V0114,3,0.7143,4.2,0.6,1,1.0,0.0,0.7,0.6875440492709168,0.0,0.44999999999999996,0.25,0.4181404172448209,0.18816318776016938
V0231,V0456,3,0.7586,3.9545,0.25,1,1.0,0.0,0.7333,0.6673753740084125,0.0,0.44999999999999996,0.25,0.4177413809029443,0.18798362140632494
V0395,V0505,3,0.8095,3.7059,0.1765,1,1.0,0.0,0.7667,0.6459068743244768,0.0,0.44999999999999996,0.25,0.4169074060135669,0.18760833270610508
V0441,V0488,3,0.7692,3.9,0.5,1,1.0,0.0,0.7333,0.6627625581253703,0.0,0.44999999999999996,0.25,0.4161268953438796,0.1872571029047458
V0043,V0393,3,0.7286,4.1176,0.1765,1,1.0,0.0,0.7,0.6808827715183859,0.0,0.44999999999999996,0.25,0.415808970031435,0.18711403651414574
V0028,V0212,3,0.8209,3.6545,0.2308,1,1.0,0.0,0.7667,0.6413267964700299,0.0,0.44999999999999996,0.25,0.41530437876451043,0.1868869704440297
V0086,V0434,3,0.7759,3.8667,0.2727,1,1.0,0.0,0.7333,0.6599187659647436,0.0,0.44999999999999996,0.25,0.4151315680876602,0.18680920563944708
V0153,V0386,5,1.3714,3.6458,0.3333,1,1.0,0.0,0.7667,0.6405465672594237,0.0,0.44999999999999996,0.25,0.4150312985407983,0.1867640843433592
V0144,V0460,3,4.2667,0.7031,0.1429,1,1.0,0.2393,0.9,0.22204894680044882,0.3988333333333334,0.44999999999999996,0.25,0.4148671313801571,0.18669020912107068
V0039,V0248,4,1.037,3.8571,0.25,1,1.0,0.0,0.7333,0.6590953199336832,0.0,0.44999999999999996,0.25,0.41484336197678906,0.18667951288955506
V0258,V0277,4,1.2414,3.2222,0.3077,1,1.0,0.0,0.8333,0.6006752403066833,0.0,0.44999999999999996,0.25,0.4143963341073391,0.1864783503483026
V0119,V0460,3,1.65,1.8182,0.2727,1,1.0,0.077,0.9333,0.4320865865295814,0.12833333333333333,0.44999999999999996,0.25,0.4138903052853535,0.18625063737840905
V0001,V0201,3,0.7424,4.0408,0.2727,1,1.0,0.0,0.7,0.6745769166799318,0.0,0.44999999999999996,0.25,0.4136019208379761,0.18612086437708922
V0220,V0313,4,1.1194,3.5733,0.25,1,1.0,0.0,0.7667,0.6339872563321743,0.0,0.44999999999999996,0.25,0.412735539716261,0.18573099287231742
V0002,V0281,3,0.75,4.0,0.375,1,1.0,0.0,0.7,0.6711877414712396,0.0,0.44999999999999996,0.25,0.4124157095149338,0.1855870692817202
V0262,V0543,3,0.8421,3.5625,0.2308,1,1.0,0.0,0.7667,0.6330012557792976,0.0,0.44999999999999996,0.25,0.4123904395227541,0.18557569778523933
V0153,V0332,3,0.7164,4.1875,0.1875,1,1.0,0.0,0.6704,0.6865403607204339,0.0,0.44999999999999996,0.25,0.41186912625215183,0.1853411068134683
V0073,V0248,3,0.8,3.75,0.1875,1,1.0,0.0,0.7333,0.6497967762487715,0.0,0.44999999999999996,0.25,0.41158887168707,0.18521499225918148
V0368,V0387,3,0.7619,3.9375,0.1875,1,1.0,0.0,0.7,0.665941981846308,0.0,0.44999999999999996,0.25,0.4105796936462077,0.18476086214079346
V0088,V0346,4,1.2857,3.1111,0.3636,1,1.0,0.0,0.8333,0.5895547852479217,0.0,0.44999999999999996,0.25,0.4105041748367726,0.18472687867654766
V0197,V0275,3,0.8571,3.5,0.3,1,1.0,0.0,0.7667,0.6272489936647646,0.0,0.44999999999999996,0.25,0.4103771477826676,0.1846697165022004
V0072,V0091,3,0.8571,3.5,0.2143,1,1.0,0.0,0.7667,0.6272489936647646,0.0,0.44999999999999996,0.25,0.4103771477826676,0.1846697165022004
V0304,V0345,3,0.8571,3.5,0.3,1,1.0,0.0,0.7667,0.6272489936647646,0.0,0.44999999999999996,0.25,0.4103771477826676,0.1846697165022004
V0499,V0529,3,0.7647,3.9231,0.2308,1,1.0,0.0,0.7,0.6647239483178116,0.0,0.44999999999999996,0.25,0.41015338191123396,0.18456902186005528
V0172,V0421,3,0.9701,3.0923,0.2,1,1.0,-0.0904,0.8333,0.5876433283679664,0.0,0.44999999999999996,0.25,0.40983516492878824,0.1844258242179547
V0039,V0207,3,0.8642,3.4714,0.1875,1,1.0,0.0,0.7667,0.624590062661989,0.0,0.44999999999999996,0.25,0.4094465219316962,0.18425093486926325
V0169,V0453,4,1.1538,3.4667,0.5714,1,1.0,0.0,0.7667,0.62415147897634,0.0,0.44999999999999996,0.25,0.409293017641719,0.18418185793877354
V0025,V0181,3,0.75,4.0,0.2727,1,1.0,0.0,0.6836,0.6711877414712396,0.0,0.44999999999999996,0.25,0.40913570951493383,0.18411106928172022
V0259,V0403,3,0.875,3.4286,0.3,1,1.0,0.0,0.7667,0.6205790235723324,0.0,0.44999999999999996,0.25,0.4080426582503164,0.18361919621264236
V0002,V0092,3,0.875,3.4286,0.3333,1,1.0,0.0,0.7667,0.6205790235723324,0.0,0.44999999999999996,0.25,0.4080426582503164,0.18361919621264236
V0080,V0215,3,1.05,2.8571,0.4286,1,1.0,-0.1832,0.8667,0.5629585332977487,0.0,0.44999999999999996,0.25,0.407875486654212,0.1835439689943954
V0058,V0498,3,0.7843,3.825,0.2727,1,1.0,0.0,0.7,0.6563300543790199,0.0,0.44999999999999996,0.25,0.40721551903265696,0.18324698356469563
V0144,V0539,3,0.8372,3.5833,0.3333,1,1.0,0.0,0.7333,0.6348981458702619,0.0,0.44999999999999996,0.25,0.40637435105459163,0.18286845797456622
V0107,V0364,3,0.7903,3.7959,0.2727,1,1.0,0.0,0.7,0.653807280085827,0.0,0.44999999999999996,0.25,0.4063325480300394,0.1828496466135177
V0191,V0445,5,1.4857,3.3654,0.3125,1,1.0,0.0,0.7667,0.6145847318023211,0.0,0.44999999999999996,0.25,0.4059446561308124,0.18267509525886555
V0053,V0404,3,0.8421,3.5625,0.6,1,1.0,0.0,0.7333,0.6330012557792976,0.0,0.44999999999999996,0.25,0.4057104395227541,0.18256969778523932
V0198,V0411,3,0.7097,4.2273,0.25,1,1.0,0.0,0.631,0.6897277421346738,0.0,0.44999999999999996,0.25,0.4051047097471358,0.1822971193862111
V0073,V0205,3,0.8,3.75,0.25,1,1.0,0.0,0.7,0.6497967762487715,0.0,0.44999999999999996,0.25,0.40492887168707,0.18221799225918148
V0248,V0455,3,0.8,3.75,0.1875,1,1.0,0.0,0.7,0.6497967762487715,0.0,0.44999999999999996,0.25,0.40492887168707,0.18221799225918148
V0053,V0391,3,0.8,3.75,0.1875,1,1.0,0.0,0.7,0.6497967762487715,0.0,0.44999999999999996,0.25,0.40492887168707,0.18221799225918148
V0159,V0415,4,1.2,3.3333,0.2667,1,1.0,0.0,0.7667,0.6115068464791317,0.0,0.44999999999999996,0.25,0.4048673962676961,0.18219032832046322
V0396,V0513,3,1.0204,2.94,0.25,1,1.0,0.0,0.8333,0.5718267761167314,0.0,0.44999999999999996,0.25,0.40429937164085594,0.18193471723838517
V0052,V0169,3,0.5904,5.0816,0.2727,1,1.0,0.0,0.5142,0.752855155824249,0.0,0.44999999999999996,0.25,0.4038393045384871,0.18172768704231917
V0161,V0530,3,0.9697,3.0938,0.2308,1,1.0,0.0,0.8,0.5877961602645074,0.0,0.44999999999999996,0.25,0.40322865609257763,0.18145289524165992
V0276,V0379,4,1.375,2.9091,0.3333,1,1.0,0.0,0.8333,0.5685432487144814,0.0,0.44999999999999996,0.25,0.40315013705006847,0.18141756167253079
V0014,V0322,4,1.4706,2.72,0.3636,1,1.0,-0.0592,0.8667,0.5478653230555499,0.0,0.44999999999999996,0.25,0.4025928630694424,0.18116678838124908
V0454,V0539,3,0.9767,3.0714,0.3,1,1.0,0.0,0.8,0.5855080230473704,0.0,0.44999999999999996,0.25,0.40242780806657963,0.18109251362996082
V0224,V0426,4,1.6667,2.4,0.3077,1,1.0,0.0387,0.8333,0.5103539948156102,0.0645,0.44999999999999996,0.25,0.4021338981854635,0.18096025418345857
V0297,V0547,3,0.8696,3.45,0.2727,1,1.0,0.0,0.7333,0.6225893653962264,0.0,0.44999999999999996,0.25,0.4020662778886792,0.18092982504990562
V0371,V0429,3,0.8696,3.45,0.3,1,1.0,0.0,0.7333,0.6225893653962264,0.0,0.44999999999999996,0.25,0.4020662778886792,0.18092982504990562
V0028,V0421,3,0.8209,3.6545,0.2308,1,1.0,0.0,0.7,0.6413267964700299,0.0,0.44999999999999996,0.25,0.4019643787645104,0.18088397044402968
V0178,V0383,6,2.7083,2.2154,0.3529,1,1.0,-0.1043,0.9667,0.4870737183545592,0.0,0.44999999999999996,0.25,0.40131580142409573,0.18059211064084307
V0080,V0321,3,1.05,2.8571,0.4286,1,1.0,0.0,0.8333,0.5629585332977487,0.0,0.44999999999999996,0.25,0.401195486654212,0.1805379689943954
V0134,V0502,4,1.2414,3.2222,0.2857,1,1.0,0.0,0.7667,0.6006752403066833,0.0,0.44999999999999996,0.25,0.4010763341073391,0.1804843503483026
V0040,V0258,3,0.9375,3.2,0.2727,1,1.0,0.0,0.7667,0.5984767314773355,0.0,0.44999999999999996,0.25,0.4003068560170674,0.18013808520768032
V0309,V0523,3,1.0588,2.8333,0.5,1,1.0,-0.043,0.8333,0.5603772884722233,0.0,0.44999999999999996,0.25,0.4002920509652782,0.18013142293437517
V0424,V0433,3,1.0,3.0,0.2727,1,1.0,0.0,0.8,0.5781296526357756,0.0,0.44999999999999996,0.25,0.39984537842252144,0.17993042029013462
V0175,V0369,3,0.8372,3.5833,0.3,1,1.0,0.0,0.7,0.6348981458702619,0.0,0.44999999999999996,0.25,0.39971435105459163,0.17987145797456622
V0136,V0331,3,0.8889,3.375,0.25,1,1.0,0.0,0.7333,0.615500825474825,0.0,0.44999999999999996,0.25,0.3995852889161887,0.17981338001228492
V0034,V0056,3,0.898,3.3409,0.25,1,1.0,0.0,0.7333,0.6122376221093552,0.0,0.44999999999999996,0.25,0.39844316773827426,0.1792994254822234
V0056,V0162,3,0.8,3.75,0.6,1,1.0,0.0,0.6667,0.6497967762487715,0.0,0.44999999999999996,0.25,0.39826887168707,0.17922099225918148
V0495,V0513,4,1.3542,2.9538,0.2857,1,1.0,0.0,0.8,0.573284895872636,0.0,0.44999999999999996,0.25,0.3981497135554226,0.17916737109994016
V0039,V0275,6,2.0361,2.9467,0.3,1,1.0,0.0,0.8,0.5725353405846882,0.0,0.44999999999999996,0.25,0.39788736920464085,0.17904931614208835
V0293,V0485,3,0.8511,3.525,0.3,1,1.0,0.0,0.7,0.6295594283357291,0.0,0.44999999999999996,0.25,0.3978457999175051,0.17903060996287729
V0215,V0513,3,1.0833,2.7692,0.2143,1,1.0,0.0,0.8333,0.5533447571302814,0.0,0.44999999999999996,0.25,0.3978306649955985,0.1790237992480193
V0043,V0376,5,1.7,2.9412,0.2632,1,1.0,0.0,0.8,0.5719537717198315,0.0,0.44999999999999996,0.25,0.39768382010194103,0.17895771904587346
V0052,V0088,3,0.96,3.125,0.2,1,1.0,0.0,0.7667,0.5909624310376626,0.0,0.44999999999999996,0.25,0.3976768508631819,0.17895458288843183
V0072,V0533,3,0.96,3.125,0.2143,1,1.0,0.0,0.7667,0.5909624310376626,0.0,0.44999999999999996,0.25,0.3976768508631819,0.17895458288843183
V0255,V0304,4,1.2857,3.1111,0.3636,1,1.0,0.0,0.7667,0.5895547852479217,0.0,0.44999999999999996,0.25,0.3971841748367726,0.17873287867654766
V0047,V0177,5,1.9362,2.5824,0.3333,1,1.0,-0.0233,0.8667,0.5321470797067832,0.0,0.44999999999999996,0.25,0.3970914778973741,0.17869116505381832
V0145,V0337,3,0.8571,3.5,0.375,1,1.0,0.0,0.7,0.6272489936647646,0.0,0.44999999999999996,0.25,0.3970371477826675,0.17866671650220037
V0033,V0164,3,0.9123,3.2885,0.2143,1,1.0,0.0,0.7333,0.607172897817695,0.0,0.44999999999999996,0.25,0.3966705142361932,0.17850173140628692
V0346,V0445,3,0.9143,3.2812,0.2308,1,1.0,0.0,0.7333,0.6064624091906136,0.0,0.44999999999999996,0.25,0.3964218432167147,0.1783898294475216
V0083,V0431,3,0.8627,3.4773,0.25,1,1.0,0.0,0.7,0.6251399730324169,0.0,0.44999999999999996,0.25,0.3962989905613459,0.17833454575260563
V0039,V0364,3,0.8642,3.4714,0.1875,1,1.0,0.0,0.7,0.624590062661989,0.0,0.44999999999999996,0.25,0.3961065219316961,0.1782479348692632
V0308,V0456,3,0.8667,3.4615,0.2143,1,1.0,0.0,0.7,0.623665699383452,0.0,0.44999999999999996,0.25,0.39578299478420814,0.17810234765289365
V0029,V0363,3,0.8675,3.4583,0.2,1,1.0,0.0,0.7,0.6233664765959882,0.0,0.44999999999999996,0.25,0.39567826680859586,0.17805522006386812
V0186,V0248,3,0.6667,4.5,0.25,1,1.0,0.0,0.5455,0.7109351736821121,0.0,0.44999999999999996,0.25,0.3954273107887392,0.17794228985493263
V0003,V0112,3,0.9231,3.25,0.4286,1,1.0,0.0,0.7333,0.603412083651074,0.0,0.44999999999999996,0.25,0.3953542292778759,0.17790940317504414
V0052,V0091,3,0.9277,3.2338,0.2,1,1.0,-0.0544,0.7333,0.6018194169327624,0.0,0.44999999999999996,0.25,0.39479679592646677,0.17765855816691004
V0536,V0540,4,1.4,2.8571,0.4444,1,1.0,0.0,0.8,0.5629585332977487,0.0,0.44999999999999996,0.25,0.394535486654212,0.1775409689943954
V0420,V0528,3,0.8772,3.42,0.25,1,1.0,0.0,0.7,0.6197683914507514,0.0,0.44999999999999996,0.25,0.3944189370077629,0.1774885216534933
V0298,V0309,4,1.2419,3.2208,0.2857,1,1.0,0.0,0.7333,0.6005369374869877,0.0,0.44999999999999996,0.25,0.3943479281204456,0.1774565676542005
V0249,V0274,3,0.8814,3.4038,0.2143,1,1.0,0.0,0.7,0.6182370937486737,0.0,0.44999999999999996,0.25,0.39388298281203576,0.17724734226541608
V0219,V0244,3,1.125,2.6667,0.2727,1,1.0,0.0,0.8333,0.5418468811949995,0.0,0.44999999999999996,0.25,0.3938064084182498,0.1772128837882124
V0344,V0509,3,0.9362,3.2045,0.25,1,1.0,0.0,0.7333,0.5989233126994767,0.0,0.44999999999999996,0.25,0.3937831594448168,0.17720242175016754
V0430,V0464,3,0.75,4.0,0.75,1,1.0,0.0,0.6051,0.6711877414712396,0.0,0.44999999999999996,0.25,0.39343570951493384,0.1770460692817202
V0039,V0263,4,1.253,3.1923,0.2353,1,1.0,0.0,0.7333,0.5977114703891862,0.0,0.44999999999999996,0.25,0.39335901463621514,0.1770115565862968
V0042,V0376,3,1.0,3.0,0.2143,1,1.0,0.0,0.7667,0.5781296526357756,0.0,0.44999999999999996,0.25,0.39318537842252144,0.17693342029013462
V0136,V0469,3,1.0,3.0,0.2308,1,1.0,0.0,0.7667,0.5781296526357756,0.0,0.44999999999999996,0.25,0.39318537842252144,0.17693342029013462
V0094,V0387,3,1.0,3.0,0.2143,1,1.0,0.0,0.7667,0.5781296526357756,0.0,0.44999999999999996,0.25,0.39318537842252144,0.17693342029013462
V0245,V0335,3,0.9333,3.2143,0.2143,1,1.0,0.0,0.7256,0.5998942157455015,0.0,0.44999999999999996,0.25,0.39258297551092547,0.17666233897991646
V0313,V0426,4,1.3433,2.9778,0.2353,1,1.0,0.0,0.7667,0.5758086761794575,0.0,0.44999999999999996,0.25,0.3923730366628101,0.17656786649826453
V0337,V0458,3,1.0714,2.8,0.3,1,1.0,0.0,0.8,0.5567386874133076,0.0,0.44999999999999996,0.25,0.39235854059465763,0.17656134326759593
V0240,V0529,3,0.9524,3.15,0.1875,1,1.0,0.0,0.7333,0.59348227188497,0.0,0.44999999999999996,0.25,0.39187879515973945,0.17634545782188274
V0052,V0394,3,0.9545,3.1429,0.2308,1,1.0,0.0,0.7333,0.5927681837607756,0.0,0.44999999999999996,0.25,0.3916288643162714,0.17623298894232212
V0044,V0483,3,0.9552,3.1406,0.1765,1,1.0,0.0,0.7333,0.5925365969858797,0.0,0.44999999999999996,0.25,0.3915478089450578,0.176196514025276
V0025,V0215,4,1.2,3.3333,0.3077,1,1.0,0.0,0.7,0.6115068464791317,0.0,0.44999999999999996,0.25,0.39152739626769606,0.17618732832046322
V0369,V0396,3,0.9,3.3333,0.25,1,1.0,0.0,0.7,0.6115068464791317,0.0,0.44999999999999996,0.25,0.39152739626769606,0.17618732832046322
V0219,V0301,3,1.0169,2.95,0.2308,1,1.0,0.0,0.7667,0.5728838930108441,0.0,0.44999999999999996,0.25,0.39134936255379543,0.17610721314920794
V0129,V0367,3,0.9574,3.1333,0.2,1,1.0,0.0,0.7333,0.5918007076840167,0.0,0.44999999999999996,0.25,0.3912902476894058,0.1760806114602326
V0136,V0406,4,1.4444,2.7692,0.25,1,1.0,0.0,0.8,0.5533447571302814,0.0,0.44999999999999996,0.25,0.3911706649955985,0.1760267992480193
V0162,V0485,3,1.0213,2.9375,0.2727,1,1.0,0.0,0.7667,0.5715620776683499,0.0,0.44999999999999996,0.25,0.3908867271839225,0.1758990272327651
V0346,V0525,5,1.9286,2.5926,0.3846,1,1.0,0.0,0.8333,0.5333327893257555,0.0,0.44999999999999996,0.25,0.3908264762640144,0.17587191431880647
V0455,V0472,3,1.0909,2.75,0.2143,1,1.0,0.0,0.8,0.5512149988267901,0.0,0.44999999999999996,0.25,0.3904252495893765,0.17569136231521942
V0362,V0436,3,0.9091,3.3,0.5,1,1.0,0.0,0.7,0.6082897110837108,0.0,0.44999999999999996,0.25,0.3904013988792987,0.1756806294956844
V0172,V0220,3,0.9701,3.0923,0.2,1,1.0,0.0,0.7333,0.5876433283679664,0.0,0.44999999999999996,0.25,0.3898351649287882,0.1754258242179547
V0090,V0431,4,1.2941,3.0909,0.3077,1,1.0,0.0,0.7333,0.5875006347142148,0.0,0.44999999999999996,0.25,0.38978522214997513,0.1754033499674888
V0043,V0069,3,0.9714,3.0882,0.1667,1,1.0,0.0,0.7333,0.5872253018541822,0.0,0.44999999999999996,0.25,0.3896888556489637,0.17535998504203365
V0132,V0310,3,1.2,2.5,0.1875,1,1.0,0.0052,0.8333,0.522442736639361,0.008666666666666666,0.44999999999999996,0.25,0.3896149578237763,0.17532673102069932
V0127,V0195,3,1.1,2.7273,0.25,1,1.0,0.0,0.8,0.548682891149337,0.0,0.44999999999999996,0.25,0.3895390119022679,0.17529255535602054
V0007,V0082,4,1.4706,2.72,0.6667,1,1.0,0.0,0.8,0.5478653230555499,0.0,0.44999999999999996,0.25,0.38925286306944246,0.17516378838124907
V0063,V0241,5,1.9592,2.5521,0.2941,1,1.0,0.0,0.8333,0.5286048111715704,0.0,0.44999999999999996,0.25,0.38917168391004964,0.17512725775952231
V0212,V0247,3,0.9783,3.0667,0.2727,1,1.0,0.0,0.7333,0.5850263252413435,0.0,0.44999999999999996,0.25,0.38891921383447015,0.17501364622551155
V0027,V0338,3,1.0417,2.88,0.25,1,1.0,0.0,0.7667,0.5654271764975404,0.0,0.44999999999999996,0.25,0.3887395117741391,0.1749327802983626
V0202,V0448,3,0.873,3.4364,0.2308,1,1.0,0.0,0.6671,0.6213128878684455,0.0,0.44999999999999996,0.25,0.38837951075395594,0.17477077983928016
V0191,V0391,3,0.9286,3.2308,0.2,1,1.0,0.0,0.7,0.6015238099987886,0.0,0.44999999999999996,0.25,0.38803333349957597,0.17461500007480918
V0313,V0438,3,1.1194,2.68,0.1765,1,1.0,0.0,0.8,0.543356820859122,0.0,0.44999999999999996,0.25,0.38767488730069266,0.17445369928531168
V0121,V0340,4,1.32,3.0303,0.25,1,1.0,0.0,0.7333,0.581276768292163,0.0,0.44999999999999996,0.25,0.38760686890225704,0.17442309100601566
V0304,V0455,3,0.8182,3.6667,0.25,1,1.0,0.0,0.6256,0.6424184580759679,0.0,0.44999999999999996,0.25,0.3874664603265887,0.1743599071469649
V0242,V0322,3,1.125,2.6667,0.2,1,1.0,0.0,0.8,0.5418468811949995,0.0,0.44999999999999996,0.25,0.3871464084182498,0.1742158837882124
V0002,V0309,3,1.0588,2.8333,0.25,1,1.0,0.0,0.7667,0.5603772884722233,0.0,0.44999999999999996,0.25,0.3869720509652782,0.17413742293437517
V0389,V0547,4,1.0317,3.8769,0.2857,1,1.0,0.0,0.5903,0.6607918994978079,0.0,0.44999999999999996,0.25,0.38683716482423275,0.17407672417090472
V0003,V0218,3,1.0606,2.8286,0.2143,1,1.0,0.0,0.7667,0.5598656523283052,0.0,0.44999999999999996,0.25,0.38679297831490683,0.17405684024170806
V0197,V0326,3,1.0,3.0,0.75,1,1.0,0.0,0.7333,0.5781296526357756,0.0,0.44999999999999996,0.25,0.3865053784225214,0.1739274202901346
V0420,V0475,3,1.0,3.0,0.2308,1,1.0,0.0,0.7333,0.5781296526357756,0.0,0.44999999999999996,0.25,0.3865053784225214,0.1739274202901346
V0176,V0188,5,1.8871,2.6496,0.2941,1,1.0,0.0,0.8,0.5398974622595395,0.0,0.44999999999999996,0.25,0.38646411179083884,0.17390885030587747
V0240,V0329,3,0.8889,3.375,0.2,1,1.0,0.0,0.6667,0.615500825474825,0.0,0.44999999999999996,0.25,0.3862652889161887,0.17381938001228492
V0201,V0363,3,1.0678,2.8095,0.2308,1,1.0,0.0,0.7667,0.5577799673336242,0.0,0.44999999999999996,0.25,0.38606298856676846,0.1737283448550458
V0529,V0543,3,0.7143,4.2,0.2,1,1.0,0.0,0.5373,0.6875440492709168,0.0,0.44999999999999996,0.25,0.38560041724482086,0.17352018776016936
V0076,V0363,3,0.9492,3.1607,0.25,1,1.0,0.0,0.7,0.594556128251787,0.0,0.44999999999999996,0.25,0.38559464488812545,0.17351759019965643
V0251,V0421,3,0.9524,3.15,0.2727,1,1.0,0.0,0.7,0.59348227188497,0.0,0.44999999999999996,0.25,0.38521879515973945,0.17334845782188274
V0187,V0251,3,0.7609,3.9429,0.3333,1,1.0,0.0,0.5722,0.6663978288034987,0.0,0.44999999999999996,0.25,0.3851792400812245,0.173330658036551
V0169,V0218,3,0.9545,3.1429,0.2308,1,1.0,0.0,0.7,0.5927681837607756,0.0,0.44999999999999996,0.25,0.3849688643162714,0.17323598894232212
V0169,V0201,3,0.9545,3.1429,0.2308,1,1.0,0.0,0.7,0.5927681837607756,0.0,0.44999999999999996,0.25,0.3849688643162714,0.17323598894232212
V0024,V0201,3,0.9545,3.1429,0.2308,1,1.0,0.0,0.7,0.5927681837607756,0.0,0.44999999999999996,0.25,0.3849688643162714,0.17323598894232212
V0121,V0368,3,1.0159,2.9531,0.1765,1,1.0,0.0,0.7333,0.5732110558911617,0.0,0.44999999999999996,0.25,0.3847838695619066,0.17315274130285793
V0308,V0384,3,1.0833,2.7692,0.2,1,1.0,0.0,0.7667,0.5533447571302814,0.0,0.44999999999999996,0.25,0.3845106649955985,0.1730297992480193
V0152,V0223,3,1.0833,2.7692,0.2,1,1.0,0.0,0.7667,0.5533447571302814,0.0,0.44999999999999996,0.25,0.3845106649955985,0.1730297992480193
V0005,V0169,3,1.1538,2.6,0.375,1,1.0,0.0,0.8,0.5341909048293007,0.0,0.44999999999999996,0.25,0.38446681669025523,0.17301006751061485
V0052,V0458,4,1.28,3.125,0.25,1,1.0,0.0,0.7,0.5909624310376626,0.0,0.44999999999999996,0.25,0.3843368508631818,0.1729515828884318
V0188,V0340,3,0.96,3.125,0.2143,1,1.0,0.0,0.7,0.5909624310376626,0.0,0.44999999999999996,0.25,0.3843368508631818,0.1729515828884318
V0053,V0091,3,1.4848,2.0204,0.1667,1,1.0,0.0367,0.8333,0.46098313195185203,0.061166666666666675,0.44999999999999996,0.25,0.38385409618314825,0.17273434328241669
V0115,V0180,3,0.9643,3.1111,0.3333,1,1.0,0.0,0.7,0.5895547852479217,0.0,0.44999999999999996,0.25,0.3838441748367726,0.17272987867654765
V0212,V0455,3,1.0909,2.75,0.2143,1,1.0,0.0,0.7667,0.5512149988267901,0.0,0.44999999999999996,0.25,0.3837652495893765,0.17269436231521942
V0001,V0433,3,1.0267,2.9221,0.2,1,1.0,0.0,0.7333,0.5699278196789411,0.0,0.44999999999999996,0.25,0.38363473688762934,0.17263563159943318
V0091,V0437,3,1.0286,2.9167,0.2,1,1.0,0.0,0.7333,0.5693532482471094,0.0,0.44999999999999996,0.25,0.38343363688648824,0.17254513659891968
V0123,V0379,3,1.1,2.7273,0.25,1,1.0,0.0,0.7667,0.548682891149337,0.0,0.44999999999999996,0.25,0.3828790119022679,0.17229555535602054
V0144,V0291,3,1.1,2.7273,0.2143,1,1.0,0.0,0.7667,0.548682891149337,0.0,0.44999999999999996,0.25,0.3828790119022679,0.17229555535602054
V0434,V0513,3,1.0345,2.9,0.2143,1,1.0,0.0,0.7333,0.5675713066264674,0.0,0.44999999999999996,0.25,0.38280995731926354,0.17226448079366857
V0188,V0413,4,1.4677,2.7253,0.25,1,1.0,0.0,0.7667,0.5484590592509737,0.0,0.44999999999999996,0.25,0.3828006707378408,0.17226030183202834
V0008,V0085,3,0.9767,3.0714,0.3,1,1.0,0.0,0.7,0.5855080230473704,0.0,0.44999999999999996,0.25,0.3824278080665796,0.1720925136299608
V0262,V0307,4,1.4737,2.7143,0.2667,1,1.0,0.0,0.7667,0.5472258317525593,0.0,0.44999999999999996,0.25,0.38236904111339576,0.17206606850102807
V0047,V0383,3,1.1064,2.7115,0.2143,1,1.0,0.0,0.7667,0.5469113361423011,0.0,0.44999999999999996,0.25,0.3822589676498054,0.1720165354424124
V0091,V0188,4,1.3867,2.8846,0.2353,1,1.0,0.0,0.7333,0.5659213034905556,0.0,0.44999999999999996,0.25,0.38223245622169444,0.17200460529976247
V0026,V0119,5,2.75,1.8182,0.4545,1,1.0,-0.1284,0.9667,0.4320865865295814,0.0,0.44999999999999996,0.25,0.38207030528535346,0.17193163737840905
V0122,V0132,3,1.1852,2.5312,0.1579,1,1.0,0.0,0.8,0.5261438107127963,0.0,0.44999999999999996,0.25,0.38165033374947865,0.17174265018726537
V0439,V0498,3,0.7843,3.825,0.2727,1,1.0,0.0,0.5713,0.6563300543790199,0.0,0.44999999999999996,0.25,0.381475519032657,0.17166398356469562
V0383,V0513,6,2.7083,2.2154,0.3529,1,1.0,-0.0811,0.8667,0.4870737183545592,0.0,0.44999999999999996,0.25,0.3813158014240957,0.17159211064084307
V0245,V0248,4,1.4,2.8571,0.2222,1,1.0,0.0,0.7333,0.5629585332977487,0.0,0.44999999999999996,0.25,0.381195486654212,0.17153796899439538
V0024,V0051,4,1.6867,2.3714,0.2,1,1.0,0.0248,0.7667,0.506831179055526,0.04133333333333333,0.44999999999999996,0.25,0.38063091266943405,0.1712839107012453
V0066,V0546,3,1.125,2.6667,0.2,1,1.0,0.0,0.7667,0.5418468811949995,0.0,0.44999999999999996,0.25,0.3804864084182498,0.1712188837882124
V0002,V0276,3,1.125,2.6667,0.2727,1,1.0,0.0,0.7667,0.5418468811949995,0.0,0.44999999999999996,0.25,0.3804864084182498,0.1712188837882124
V0093,V0327,3,1.125,2.6667,0.2727,1,1.0,0.0,0.7667,0.5418468811949995,0.0,0.44999999999999996,0.25,0.3804864084182498,0.1712188837882124
V0073,V0091,3,1.2,2.5,0.1875,1,1.0,0.0,0.8,0.522442736639361,0.0,0.44999999999999996,0.25,0.3803549578237764,0.17115973102069934
V0230,V0303,3,1.1429,2.625,0.3333,1,1.0,0.0,0.7721,0.5370769536584881,0.0,0.44999999999999996,0.25,0.3798969337804708,0.17095362020121183
V0275,V0488,4,1.7143,2.3333,0.3333,1,1.0,0.0,0.8333,0.5020914874530352,0.0,0.44999999999999996,0.25,0.3798920206085623,0.17095140927385302
V0248,V0337,3,1.0,3.0,0.1765,1,1.0,0.0,0.7,0.5781296526357756,0.0,0.44999999999999996,0.25,0.3798453784225214,0.1709304202901346
V0042,V0078,3,1.0,3.0,0.2143,1,1.0,0.0,0.7,0.5781296526357756,0.0,0.44999999999999996,0.25,0.3798453784225214,0.1709304202901346
V0140,V0315,3,1.0667,2.8125,0.6,1,1.0,0.0,0.7333,0.5581082531480769,0.0,0.44999999999999996,0.25,0.37949788860182687,0.17077404987082206
V0035,V0215,3,1.0667,2.8125,0.2308,1,1.0,0.0,0.7333,0.5581082531480769,0.0,0.44999999999999996,0.25,0.37949788860182687,0.17077404987082206
V0201,V0306,3,1.0678,2.8095,0.2308,1,1.0,0.0,0.7333,0.5577799673336242,0.0,0.44999999999999996,0.25,0.37938298856676844,0.17072234485504578
V0091,V0245,3,1.2133,2.4725,0.1765,1,1.0,0.0,0.8,0.5191531130521723,0.0,0.44999999999999996,0.25,0.3792035895682603,0.17064161530571711
V0033,V0096,3,1.1404,2.6308,0.2,1,1.0,0.0,0.7667,0.5377436722520117,0.0,0.44999999999999996,0.25,0.37905028528820406,0.1705726283796918
V0220,V0418,4,1.5217,2.6286,0.3077,1,1.0,0.0,0.7667,0.5374909044504795,0.0,0.44999999999999996,0.25,0.3789618165576678,0.1705328174509505
V0195,V0219,5,2.475,2.0202,0.3333,1,1.0,-0.1051,0.9,0.4609555166559161,0.0,0.44999999999999996,0.25,0.37883443082957063,0.17047549387330677
V0141,V0536,3,1.0794,2.7794,0.1667,1,1.0,0.0,0.7333,0.5544717827989976,0.0,0.44999999999999996,0.25,0.37822512397964914,0.17020130579084208
V0336,V0459,3,1.0833,2.7692,0.2,1,1.0,0.0,0.7333,0.5533447571302814,0.0,0.44999999999999996,0.25,0.3778306649955985,0.1700237992480193
V0491,V0499,3,1.0196,2.9423,0.2143,1,1.0,0.0,0.7,0.5720701503926402,0.0,0.44999999999999996,0.25,0.377724552637424,0.16997604868684077
V0371,V0387,3,1.087,2.76,0.25,1,1.0,0.0,0.7333,0.552325605052881,0.0,0.44999999999999996,0.25,0.3774739617685083,0.1698632827958287
V0158,V0182,4,1.4578,2.7438,0.2222,1,1.0,0.0,0.7333,0.5505249346626047,0.0,0.44999999999999996,0.25,0.3768437271319116,0.1695796772093602
V0035,V0513,3,1.2414,2.4167,0.2,1,1.0,0.0,0.8,0.5123973456657265,0.0,0.44999999999999996,0.25,0.3768390709830043,0.16957758194235192
V0107,V0309,3,1.2419,2.4156,0.2,1,1.0,0.0,0.8,0.5122630612711505,0.0,0.44999999999999996,0.25,0.3767920714449027,0.1695564321502062
V0380,V0458,3,1.0286,2.9167,0.3333,1,1.0,0.0,0.7,0.5693532482471094,0.0,0.44999999999999996,0.25,0.37677363688648824,0.16954813659891968
V0231,V0384,3,1.1667,2.5714,0.1875,1,1.0,0.0,0.7667,0.5308645837127538,0.0,0.44999999999999996,0.25,0.37664260429946383,0.1694891719347587
V0054,V0304,3,0.8955,3.35,0.2308,1,1.0,0.0,0.6227,0.6131109484964625,0.0,0.44999999999999996,0.25,0.37662883197376185,0.16948297438819282
V0120,V0340,4,1.4627,2.7347,0.2353,1,1.0,0.0,0.7333,0.5495100261555544,0.0,0.44999999999999996,0.25,0.376488509154444,0.16941982911949977
V0344,V0513,3,1.1702,2.5636,0.2308,1,1.0,0.0,0.7667,0.5299527816247568,0.0,0.44999999999999996,0.25,0.3763234735686649,0.16934556310589918
V0280,V0388,3,1.1,2.7273,0.25,1,1.0,0.0,0.7333,0.548682891149337,0.0,0.44999999999999996,0.25,0.3761990119022679,0.16928955535602053
V0144,V0549,3,1.1,2.7273,0.2143,1,1.0,0.0,0.7333,0.548682891149337,0.0,0.44999999999999996,0.25,0.3761990119022679,0.16928955535602053
V0090,V0264,3,1.1765,2.55,0.2308,1,1.0,0.0,0.7667,0.5283581888915366,0.0,0.44999999999999996,0.25,0.3757653661120378,0.169094414750417
V0459,V0494,3,0.9167,3.2727,0.2308,1,1.0,0.0,0.6302,0.6056335997600955,0.0,0.44999999999999996,0.25,0.37551175991603336,0.168980291962215
V0082,V0244,4,1.575,2.5397,0.3333,1,1.0,0.0,0.7667,0.5271464488591676,0.0,0.44999999999999996,0.25,0.37534125710070865,0.16890356569531886
V0178,V0291,3,1.3448,2.2308,0.1875,1,1.0,0.0,0.8333,0.4890663065603425,0.0,0.44999999999999996,0.25,0.37533320729611985,0.16889994328325392
V0320,V0340,3,1.0435,2.875,0.2727,1,1.0,0.0,0.7,0.5648894170530393,0.0,0.44999999999999996,0.25,0.37521129596856373,0.16884508318585367
V0289,V0483,3,1.0435,2.875,0.2727,1,1.0,0.0,0.7,0.5648894170530393,0.0,0.44999999999999996,0.25,0.37521129596856373,0.16884508318585367
V0481,V0491,3,1.1111,2.7,0.2143,1,1.0,0.0,0.7333,0.5456171645575413,0.0,0.44999999999999996,0.25,0.37512600759513937,0.1688067034178127
V0182,V0368,3,1.0448,2.8714,0.2143,1,1.0,0.0,0.7,0.5645018004266813,0.0,0.44999999999999996,0.25,0.3750756301493384,0.16878403356720229
V0151,V0276,4,1.8,2.2222,0.3077,1,1.0,0.0,0.8333,0.4879547365341235,0.0,0.44999999999999996,0.25,0.37494415778694323,0.16872487100412445
V0219,V0254,4,1.8,2.2222,0.3077,1,1.0,0.0,0.8333,0.4879547365341235,0.0,0.44999999999999996,0.25,0.37494415778694323,0.16872487100412445
V0270,V0347,5,1.9831,2.5214,0.2941,1,1.0,0.0,0.7667,0.5249848281910596,0.0,0.44999999999999996,0.25,0.3745846898668709,0.16856311044009187
V0431,V0529,3,1.1905,2.52,0.1765,1,1.0,0.0,0.7667,0.5248189960111843,0.0,0.44999999999999996,0.25,0.3745266486039145,0.1685369918717615
V0224,V0517,3,1.1905,2.52,0.25,1,1.0,0.0,0.7667,0.5248189960111843,0.0,0.44999999999999996,0.25,0.3745266486039145,0.1685369918717615
V0438,V0478,3,1.1905,2.52,0.25,1,1.0,0.0,0.7667,0.5248189960111843,0.0,0.44999999999999996,0.25,0.3745266486039145,0.1685369918717615
V0177,V0485,3,1.1915,2.5179,0.25,1,1.0,0.0,0.7667,0.5245701240329005,0.0,0.44999999999999996,0.25,0.3744395434115152,0.16849779453518182
V0332,V0438,3,1.194,2.5125,0.1667,1,1.0,0.0,0.7667,0.5239294847075265,0.0,0.44999999999999996,0.25,0.3742153196476343,0.16839689384143544
V0178,V0315,3,1.1207,2.6769,0.2,1,1.0,0.0,0.7333,0.543005368347893,0.0,0.44999999999999996,0.25,0.37421187892176255,0.16839534551479313
V0006,V0043,4,1.7,2.3529,0.2,1,1.0,0.0,0.8,0.504536481107155,0.0,0.44999999999999996,0.25,0.37408776838750424,0.1683394957743769
V0419,V0533,3,1.0602,2.8295,0.1875,1,1.0,0.0,0.7021,0.5599636738098763,0.0,0.44999999999999996,0.25,0.37390728583345667,0.1682582786250555
V0242,V0310,3,1.125,2.6667,0.2,1,1.0,0.0,0.7333,0.5418468811949995,0.0,0.44999999999999996,0.25,0.37380640841824975,0.16821288378821236
V0024,V0340,3,1.2,2.5,0.1875,1,1.0,0.0,0.7667,0.522442736639361,0.0,0.44999999999999996,0.25,0.3736949578237764,0.16816273102069934
V0151,V0352,3,1.2,2.5,0.2727,1,1.0,0.0,0.7667,0.522442736639361,0.0,0.44999999999999996,0.25,0.3736949578237764,0.16816273102069934
V0248,V0433,4,1.4,2.8571,0.2222,1,1.0,0.0,0.6955,0.5629585332977487,0.0,0.44999999999999996,0.25,0.373635486654212,0.16813596899439537
V0091,V0186,3,1.0606,2.8286,0.1875,1,1.0,0.0,0.7,0.5598656523283052,0.0,0.44999999999999996,0.25,0.37345297831490676,0.16805384024170802
V0184,V0539,3,0.9655,3.1071,0.2,1,1.0,0.0,0.6474,0.5891488253789907,0.0,0.44999999999999996,0.25,0.3731820888826467,0.167931939997191
V0301,V0309,3,1.0645,2.8182,0.2143,1,1.0,0.0,0.7,0.5587312851302653,0.0,0.44999999999999996,0.25,0.37305594979559276,0.16787517740801672
V0251,V0418,3,1.0652,2.8163,0.2727,1,1.0,0.0,0.7,0.5585237112066123,0.0,0.44999999999999996,0.25,0.37298329892231424,0.16784248451504138
V0187,V0458,3,1.0667,2.8125,0.2,1,1.0,0.0,0.7,0.5581082531480769,0.0,0.44999999999999996,0.25,0.3728378886018269,0.16777704987082206
V0003,V0472,3,1.2121,2.475,0.2,1,1.0,0.0,0.7667,0.5194532443291957,0.0,0.44999999999999996,0.25,0.3726486355152185,0.1676918859818483
V0043,V0057,3,1.2143,2.4706,0.1579,1,1.0,0.0,0.7667,0.5189248687337885,0.0,0.44999999999999996,0.25,0.37246370405682594,0.16760866682557166
V0042,V0224,3,1.1429,2.625,0.2,1,1.0,0.0,0.7333,0.5370769536584881,0.0,0.44999999999999996,0.25,0.37213693378047075,0.16746162020121183
V0244,V0278,4,1.8529,2.1587,0.3333,1,1.0,0.0,0.8333,0.4796542049171464,0.0,0.44999999999999996,0.25,0.3720389717210012,0.16741753727445052
V0077,V0141,3,1.0794,2.7794,0.1667,1,1.0,0.0,0.7,0.5544717827989976,0.0,0.44999999999999996,0.25,0.37156512397964914,0.16720430579084208
V0092,V0388,3,1.225,2.449,0.2727,1,1.0,0.0,0.7667,0.5163212705740253,0.0,0.44999999999999996,0.25,0.37155244470090887,0.16719860011540896
V0178,V0417,3,1.0833,2.7692,0.2143,1,1.0,0.0,0.7,0.5533447571302814,0.0,0.44999999999999996,0.25,0.3711706649955985,0.1670267992480193
V0308,V0459,3,1.0833,2.7692,0.2,1,1.0,0.0,0.7,0.5533447571302814,0.0,0.44999999999999996,0.25,0.3711706649955985,0.1670267992480193
V0308,V0545,3,1.0833,2.7692,0.2,1,1.0,0.0,0.7,0.5533447571302814,0.0,0.44999999999999996,0.25,0.3711706649955985,0.1670267992480193
V0263,V0326,3,1.2308,2.4375,0.3333,1,1.0,0.0,0.7667,0.5149284361996881,0.0,0.44999999999999996,0.25,0.3710649526698908,0.16697922870145085
V0076,V0242,3,1.0847,2.7656,0.2308,1,1.0,0.0,0.7,0.5529462550536859,0.0,0.44999999999999996,0.25,0.37103118926879,0.16696403517095548
V0016,V0306,4,1.5424,2.5934,0.25,1,1.0,0.0,0.7333,0.5334256437411513,0.0,0.44999999999999996,0.25,0.3708589753094029,0.1668865388892313
V0132,V0546,3,1.2353,2.4286,0.3,1,1.0,0.0,0.7667,0.5138473012431891,0.0,0.44999999999999996,0.25,0.3706865554351162,0.16680894994580228
V0195,V0327,3,1.4118,2.125,0.4286,1,1.0,0.0,0.8333,0.4751810039888157,0.0,0.44999999999999996,0.25,0.3704733513960855,0.16671300812823847
V0370,V0523,4,1.7647,2.2667,0.5714,1,1.0,0.0,0.8,0.4936747298627863,0.0,0.44999999999999996,0.25,0.3702861554519752,0.16662876995338882
V0062,V0215,6,3.617,1.6588,0.2857,1,1.0,0.0334,0.8667,0.40780550521879083,0.05566666666666667,0.44999999999999996,0.25,0.3702719268265768,0.16662236707195954
V0258,V0338,3,1.2414,2.4167,0.2143,1,1.0,0.0,0.7667,0.5123973456657265,0.0,0.44999999999999996,0.25,0.3701790709830043,0.16658058194235192
V0214,V0259,3,1.3276,2.2597,0.2,1,1.0,0.0,0.8,0.49278013931994613,0.0,0.44999999999999996,0.25,0.3699730487619811,0.1664878719428915
V0329,V0491,4,1.5556,2.5714,0.2353,1,1.0,0.0,0.7333,0.5308645837127538,0.0,0.44999999999999996,0.25,0.3699626042994638,0.1664831719347587
V0214,V0434,3,1.1,2.7273,0.2143,1,1.0,0.0,0.7,0.548682891149337,0.0,0.44999999999999996,0.25,0.3695390119022679,0.16629255535602053
V0291,V0434,3,1.1,2.7273,0.2143,1,1.0,0.0,0.7,0.548682891149337,0.0,0.44999999999999996,0.25,0.3695390119022679,0.16629255535602053
V0061,V0215,3,1.25,2.4,0.1875,1,1.0,0.0,0.7667,0.5103539948156102,0.0,0.44999999999999996,0.25,0.36946389818546355,0.1662587541834586
V0093,V0219,3,1.25,2.4,0.25,1,1.0,0.0,0.7667,0.5103539948156102,0.0,0.44999999999999996,0.25,0.36946389818546355,0.1662587541834586
V0001,V0188,3,1.1733,2.5568,0.1875,1,1.0,0.0,0.7333,0.5291562474065098,0.0,0.44999999999999996,0.25,0.3693646865922784,0.16621410896652525
V0188,V0301,3,1.2581,2.3846,0.1875,1,1.0,0.0,0.7667,0.5084607926054195,0.0,0.44999999999999996,0.25,0.36880127741189683,0.16596057483535356
V0034,V0062,3,1.3469,2.2273,0.2143,1,1.0,0.0,0.8,0.4886142808831655,0.0,0.44999999999999996,0.25,0.36851499830910794,0.16583174923909855
V0082,V0195,3,1.1765,2.55,0.5,1,1.0,0.0,0.73,0.5283581888915366,0.0,0.44999999999999996,0.25,0.3684253661120378,0.165791414750417
V0269,V0322,3,1.1852,2.5312,0.1765,1,1.0,0.0,0.7333,0.5261438107127963,0.0,0.44999999999999996,0.25,0.36831033374947864,0.16573965018726536
V0327,V0352,3,1.35,2.2222,0.25,1,1.0,0.0,0.8,0.4879547365341235,0.0,0.44999999999999996,0.25,0.36828415778694323,0.16572787100412445
V0529,V0540,3,1.1905,2.52,0.1765,1,1.0,0.0,0.7333,0.5248189960111843,0.0,0.44999999999999996,0.25,0.3678466486039145,0.16553099187176148
V0438,V0517,3,1.1905,2.52,0.25,1,1.0,0.0,0.7333,0.5248189960111843,0.0,0.44999999999999996,0.25,0.3678466486039145,0.16553099187176148
V0297,V0368,3,1.2698,2.3625,0.1667,1,1.0,0.0,0.7667,0.5057288192210082,0.0,0.44999999999999996,0.25,0.36784508672735283,0.16553028902730876
V0113,V0454,3,0.8621,3.48,0.25,1,1.0,0.0,0.557,0.6253913852863211,0.0,0.44999999999999996,0.25,0.3677869848502124,0.16550414318259557
V0359,V0483,4,1.6957,2.359,0.2667,1,1.0,0.0,0.7667,0.5052945073852847,0.0,0.44999999999999996,0.25,0.36769307758484965,0.16546188491318234
V0158,V0256,3,1.1928,2.5152,0.1765,1,1.0,0.0,0.7333,0.5242499273878475,0.0,0.44999999999999996,0.25,0.36764747458574654,0.16544136356358594
V0135,V0468,3,1.1235,2.6703,0.1765,1,1.0,0.0,0.7,0.5422561265894683,0.0,0.44999999999999996,0.25,0.36728964430631383,0.16528033993784122
V0059,V0468,3,1.1235,2.6703,0.1765,1,1.0,0.0,0.7,0.5422561265894683,0.0,0.44999999999999996,0.25,0.36728964430631383,0.16528033993784122
V0061,V0338,6,3.125,1.92,0.3158,1,1.0,-0.0134,0.8667,0.4468850781083697,0.0,0.44999999999999996,0.25,0.3672497773379294,0.16526239980206822
V0217,V0404,3,1.2,2.5,0.75,1,1.0,0.0,0.7333,0.522442736639361,0.0,0.44999999999999996,0.25,0.3670149578237763,0.16515673102069933
V0215,V0454,3,1.4651,2.0476,0.2308,1,1.0,0.0,0.8333,0.46472187849816043,0.0,0.44999999999999996,0.25,0.36681265747435615,0.16506569586346026
V0062,V0417,4,2.5319,1.5798,0.2,1,1.0,0.0484,0.8333,0.39522655025834735,0.08066666666666666,0.44999999999999996,0.25,0.3666892925904216,0.1650101816656897
V0112,V0419,4,1.7143,2.3333,0.3077,1,1.0,0.0,0.7667,0.5020914874530352,0.0,0.44999999999999996,0.25,0.3665720206085623,0.16495740927385302
V0278,V0379,3,1.375,2.1818,0.2308,1,1.0,0.0,0.8,0.4826929213794431,0.0,0.44999999999999996,0.25,0.36644252248280507,0.16489913511726226
V0309,V0379,3,1.375,2.1818,0.2308,1,1.0,0.0,0.8,0.4826929213794431,0.0,0.44999999999999996,0.25,0.36644252248280507,0.16489913511726226
V0184,V0454,3,1.2069,2.4857,0.1875,1,1.0,0.0,0.7317,0.5207353711563801,0.0,0.44999999999999996,0.25,0.366097379904733,0.16474382095712983
V0384,V0456,3,1.1379,2.6364,0.2143,1,1.0,0.0,0.7,0.5383863907279659,0.0,0.44999999999999996,0.25,0.365935236754788,0.16467085653965458
V0259,V0482,3,1.1379,2.6364,0.2143,1,1.0,0.0,0.7,0.5383863907279659,0.0,0.44999999999999996,0.25,0.365935236754788,0.16467085653965458
V0091,V0433,3,1.2133,2.4725,0.1765,1,1.0,0.0,0.7333,0.5191531130521723,0.0,0.44999999999999996,0.25,0.36586358956826026,0.1646386153057171
V0096,V0395,4,1.619,2.4706,0.2105,1,1.0,0.0,0.7333,0.5189248687337885,0.0,0.44999999999999996,0.25,0.3657837040568259,0.16460266682557165
V0043,V0391,3,1.2143,2.4706,0.1579,1,1.0,0.0,0.7333,0.5189248687337885,0.0,0.44999999999999996,0.25,0.3657837040568259,0.16460266682557165
V0144,V0184,6,4.2667,1.4062,0.3333,1,1.0,-0.0289,1.0,0.3661747656696426,0.0,0.44999999999999996,0.25,0.36566116798437487,0.16454752559296867
V0331,V0469,3,1.1429,2.625,0.2143,1,1.0,0.0,0.7,0.5370769536584881,0.0,0.44999999999999996,0.25,0.36547693378047075,0.16446462020121183
V0054,V0376,3,1.1429,2.625,0.2143,1,1.0,0.0,0.7,0.5370769536584881,0.0,0.44999999999999996,0.25,0.36547693378047075,0.16446462020121183
V0088,V0359,3,1.1429,2.625,0.2727,1,1.0,0.0,0.7,0.5370769536584881,0.0,0.44999999999999996,0.25,0.36547693378047075,0.16446462020121183
V0153,V0216,3,1.3913,2.1562,0.2308,1,1.0,0.0,0.8,0.47932400775392037,0.0,0.44999999999999996,0.25,0.36526340271387214,0.16436853122124245
V0204,V0420,3,1.2222,2.4545,0.2,1,1.0,0.0,0.7333,0.5169857678980261,0.0,0.44999999999999996,0.25,0.3651050187643091,0.16429725844393908
V0211,V0364,3,1.05,2.8571,0.3,1,1.0,0.0,0.6519,0.5629585332977487,0.0,0.44999999999999996,0.25,0.36491548665421203,0.16421196899439539
V0256,V0485,3,1.2245,2.45,0.2143,1,1.0,0.0,0.7333,0.5164421670501363,0.0,0.44999999999999996,0.25,0.3649147584675477,0.16421164131039645
V0003,V0441,3,1.1538,2.6,0.375,1,1.0,0.0,0.7,0.5341909048293007,0.0,0.44999999999999996,0.25,0.36446681669025516,0.1640100675106148
V0278,V0352,3,1.2353,2.4286,0.3,1,1.0,0.0,0.7333,0.5138473012431891,0.0,0.44999999999999996,0.25,0.3640065554351162,0.16380294994580227
V0195,V0523,3,1.4118,2.125,0.4286,1,1.0,0.0,0.8,0.4751810039888157,0.0,0.44999999999999996,0.25,0.3638133513960855,0.16371600812823847
V0176,V0274,3,1.1613,2.5833,0.2143,1,1.0,0.0,0.7,0.5322518368566096,0.0,0.44999999999999996,0.25,0.3637881428998133,0.16370466430491598
V0122,V0413,3,1.3235,2.2667,0.2727,1,1.0,0.0,0.7667,0.4936747298627863,0.0,0.44999999999999996,0.25,0.3636261554519752,0.16363176995338882
V0175,V0502,3,1.2414,2.4167,0.2,1,1.0,0.0,0.7333,0.5123973456657265,0.0,0.44999999999999996,0.25,0.3634990709830042,0.1635745819423519
V0198,V0281,3,1.2419,2.4156,0.2,1,1.0,0.0,0.7333,0.5122630612711505,0.0,0.44999999999999996,0.25,0.36345207144490266,0.16355343215020618
V0198,V0364,3,1.2419,2.4156,0.2,1,1.0,0.0,0.7333,0.5122630612711505,0.0,0.44999999999999996,0.25,0.36345207144490266,0.16355343215020618
V0276,V0327,4,2.025,1.9753,0.2857,1,1.0,-0.045,0.8333,0.45470913038551425,0.0,0.44999999999999996,0.25,0.36330819563493,0.16348868803571848
V0212,V0224,4,1.6667,2.4,0.3077,1,1.0,0.0,0.7333,0.5103539948156102,0.0,0.44999999999999996,0.25,0.3627838981854635,0.16325275418345858
V0245,V0492,3,1.25,2.4,0.3333,1,1.0,0.0,0.7333,0.5103539948156102,0.0,0.44999999999999996,0.25,0.3627838981854635,0.16325275418345858
V0384,V0424,3,1.25,2.4,0.2143,1,1.0,0.0,0.7333,0.5103539948156102,0.0,0.44999999999999996,0.25,0.3627838981854635,0.16325275418345858
V0011,V0061,3,1.25,2.4,0.1875,1,1.0,0.0,0.7333,0.5103539948156102,0.0,0.44999999999999996,0.25,0.3627838981854635,0.16325275418345858
V0098,V0384,3,1.25,2.4,0.2143,1,1.0,0.0,0.7333,0.5103539948156102,0.0,0.44999999999999996,0.25,0.3627838981854635,0.16325275418345858
V0421,V0438,5,2.381,2.1,0.3333,1,1.0,0.0,0.8,0.47183132821757545,0.0,0.44999999999999996,0.25,0.3626409648761514,0.1631884341942681
V0255,V0438,3,1.4286,2.1,0.2308,1,1.0,0.0,0.8,0.47183132821757545,0.0,0.44999999999999996,0.25,0.3626409648761514,0.1631884341942681
V0014,V0274,3,1.1765,2.55,0.2727,1,1.0,0.0,0.7,0.5283581888915366,0.0,0.44999999999999996,0.25,0.3624253661120378,0.163091414750417
V0182,V0313,5,2.2388,2.2333,0.25,1,1.0,0.0,0.7667,0.4893888823344001,0.0,0.44999999999999996,0.25,0.36212610881704,0.16295674896766799
V0188,V0274,4,1.6774,2.3846,0.2353,1,1.0,0.0,0.7333,0.5084607926054195,0.0,0.44999999999999996,0.25,0.3621212774118968,0.16295457483535356
V0262,V0395,3,1.3492,2.2235,0.1579,1,1.0,0.0,0.7667,0.4881229547621523,0.0,0.44999999999999996,0.25,0.3616830341667533,0.16275736537503896
V0141,V0200,3,1.3492,2.2235,0.1579,1,1.0,0.0,0.7667,0.4881229547621523,0.0,0.44999999999999996,0.25,0.3616830341667533,0.16275736537503896
V0026,V0223,5,3.2,1.5625,0.3333,1,1.0,-0.0725,0.9333,0.39242053443242686,0.0,0.44999999999999996,0.25,0.3615071870513494,0.1626782341731072
V0172,V0271,3,1.3582,2.2088,0.1765,1,1.0,0.0,0.7667,0.486216828858039,0.0,0.44999999999999996,0.25,0.36101589010031365,0.16245715054514112
V0091,V0373,3,1.2727,2.3571,0.1765,1,1.0,0.0,0.7333,0.5050585485505906,0.0,0.44999999999999996,0.25,0.36093049199270666,0.16241872139671798
V0438,V0483,3,1.194,2.5125,0.1667,1,1.0,0.0,0.7,0.5239294847075265,0.0,0.44999999999999996,0.25,0.36087531964763425,0.1623938938414354
V0158,V0419,3,1.4578,2.0579,0.1579,1,1.0,0.0,0.8,0.4661289500587481,0.0,0.44999999999999996,0.25,0.36064513252056185,0.1622903096342528
V0215,V0241,3,1.2766,2.35,0.2308,1,1.0,0.0,0.7333,0.5041756241614775,0.0,0.44999999999999996,0.25,0.3606214684565171,0.16227966080543269
V0053,V0458,4,1.6,2.5,0.2105,1,1.0,0.0,0.7,0.522442736639361,0.0,0.44999999999999996,0.25,0.3603549578237763,0.16215973102069933
V0126,V0248,3,1.2,2.5,0.1667,1,1.0,0.0,0.7,0.522442736639361,0.0,0.44999999999999996,0.25,0.3603549578237763,0.16215973102069933
V0064,V0340,3,1.2,2.5,0.1875,1,1.0,0.0,0.7,0.522442736639361,0.0,0.44999999999999996,0.25,0.3603549578237763,0.16215973102069933
V0050,V0407,3,2.1,1.4286,0.2308,1,1.0,-0.1239,0.9667,0.3700390795641692,0.0,0.44999999999999996,0.25,0.3603536778474592,0.1621591550313566
V0215,V0266,3,1.4651,2.0476,0.2308,1,1.0,0.0,0.8,0.46472187849816043,0.0,0.44999999999999996,0.25,0.36015265747435615,0.16206869586346026
V0024,V0188,3,1.0667,2.8125,0.2,1,1.0,0.0,0.6363,0.5581082531480769,0.0,0.44999999999999996,0.25,0.3600978886018269,0.16204404987082208
V0320,V0445,3,1.3714,2.1875,0.1765,1,1.0,0.0,0.7667,0.48343934100662456,0.0,0.44999999999999996,0.25,0.36004376935231863,0.16201969620854337
V0335,V0441,4,1.7143,2.3333,0.3333,1,1.0,0.0,0.7333,0.5020914874530352,0.0,0.44999999999999996,0.25,0.3598920206085623,0.16195140927385301
V0115,V0404,3,1.2857,2.3333,0.3,1,1.0,0.0,0.7333,0.5020914874530352,0.0,0.44999999999999996,0.25,0.3598920206085623,0.16195140927385301
V0304,V0381,3,1.2857,2.3333,0.25,1,1.0,0.0,0.7333,0.5020914874530352,0.0,0.44999999999999996,0.25,0.3598920206085623,0.16195140927385301
V0469,V0475,3,1.2857,2.3333,0.2,1,1.0,0.0,0.7333,0.5020914874530352,0.0,0.44999999999999996,0.25,0.3598920206085623,0.16195140927385301
V0115,V0441,3,1.2857,2.3333,0.3,1,1.0,0.0,0.7333,0.5020914874530352,0.0,0.44999999999999996,0.25,0.3598920206085623,0.16195140927385301
V0286,V0431,3,1.2941,2.3182,0.2143,1,1.0,0.0,0.7333,0.5001980198356947,0.0,0.44999999999999996,0.25,0.3592293069424931,0.16165318812412188
V0178,V0456,5,2.4655,2.028,0.2632,1,1.0,0.0,0.8,0.46203116046943454,0.0,0.44999999999999996,0.25,0.35921090616430207,0.16164490777393592
V0327,V0523,4,2.1176,1.8889,0.5,1,1.0,0.0,0.8333,0.44241957472715576,0.0,0.44999999999999996,0.25,0.3590068511545045,0.161553083019527
V0152,V0549,3,1.3,2.3077,0.1875,1,1.0,0.0,0.7333,0.4988762842902126,0.0,0.44999999999999996,0.25,0.35876669950157436,0.16144501477570844
V0191,V0381,3,1.3,2.3077,0.1765,1,1.0,0.0,0.7333,0.4988762842902126,0.0,0.44999999999999996,0.25,0.35876669950157436,0.16144501477570844
V0291,V0336,3,1.3,2.3077,0.1875,1,1.0,0.0,0.7333,0.4988762842902126,0.0,0.44999999999999996,0.25,0.35876669950157436,0.16144501477570844
V0289,V0429,3,1.3913,2.1562,0.2308,1,1.0,0.0,0.7667,0.47932400775392037,0.0,0.44999999999999996,0.25,0.35860340271387214,0.16137153122124245
V0202,V0491,3,1.2222,2.4545,0.2,1,1.0,0.0,0.7,0.5169857678980261,0.0,0.44999999999999996,0.25,0.3584450187643091,0.16130025844393908
V0216,V0387,4,1.7391,2.3,0.2857,1,1.0,0.0,0.7333,0.4979043422021987,0.0,0.44999999999999996,0.25,0.3584265197707695,0.16129193389684626
V0387,V0437,3,1.3043,2.3,0.2308,1,1.0,0.0,0.7333,0.4979043422021987,0.0,0.44999999999999996,0.25,0.3584265197707695,0.16129193389684626
V0063,V0079,3,1.3061,2.2969,0.1765,1,1.0,0.0,0.7333,0.4975124003784405,0.0,0.44999999999999996,0.25,0.35828934013245417,0.16123020305960437
V0046,V0284,4,1.7419,2.2963,0.2353,1,1.0,0.0,0.7333,0.4974364981047206,0.0,0.44999999999999996,0.25,0.3582627743366522,0.1612182484514935
V0117,V0284,4,1.7419,2.2963,0.2353,1,1.0,0.0,0.7333,0.4974364981047206,0.0,0.44999999999999996,0.25,0.3582627743366522,0.1612182484514935
V0046,V0117,3,1.3065,2.2963,0.2,1,1.0,0.0,0.7333,0.4974364981047206,0.0,0.44999999999999996,0.25,0.3582627743366522,0.1612182484514935
V0396,V0512,3,1.2245,2.45,0.2308,1,1.0,0.0,0.7,0.5164421670501363,0.0,0.44999999999999996,0.25,0.3582547584675477,0.16121464131039645
V0367,V0502,6,3.2083,1.8701,0.3158,1,1.0,0.0,0.8333,0.439696797575175,0.0,0.44999999999999996,0.25,0.35805387915131126,0.16112424561809005
V0024,V0248,4,2.0,2.0,0.1905,1,1.0,0.0,0.8,0.45815690999132613,0.0,0.44999999999999996,0.25,0.35785491849696416,0.16103471332363387
V0298,V0384,4,1.75,2.2857,0.2667,1,1.0,0.0,0.7333,0.49609327502032424,0.0,0.44999999999999996,0.25,0.35779264625711343,0.16100669081570104
V0359,V0371,3,1.413,2.1231,0.2,1,1.0,0.0,0.7667,0.474927371182641,0.0,0.44999999999999996,0.25,0.3570645799139244,0.16067906096126594
V0244,V0322,3,1.3235,2.2667,0.2727,1,1.0,0.0,0.7333,0.4936747298627863,0.0,0.44999999999999996,0.25,0.35694615545197517,0.16062576995338881
V0460,V0502,3,1.2414,2.4167,0.2,1,1.0,0.0,0.7,0.5123973456657265,0.0,0.44999999999999996,0.25,0.3568390709830042,0.1605775819423519
V0141,V0420,4,1.8889,2.1176,0.2,1,1.0,0.0,0.7667,0.4741923001980801,0.0,0.44999999999999996,0.25,0.356807305069328,0.1605632872811976
V0418,V0478,3,1.0652,2.8163,0.2727,1,1.0,0.0,0.6183,0.5585237112066123,0.0,0.44999999999999996,0.25,0.3566432989223143,0.16048948451504141
V0258,V0465,3,1.0833,2.7692,0.2,1,1.0,0.0,0.626,0.5533447571302814,0.0,0.44999999999999996,0.25,0.35637066499559844,0.16036679924801928
V0329,V0528,3,1.3333,2.25,0.1765,1,1.0,0.0,0.7333,0.49153731178849297,0.0,0.44999999999999996,0.25,0.35619805912597247,0.1602891266066876
V0040,V0384,3,1.25,2.4,0.2143,1,1.0,0.0,0.7,0.5103539948156102,0.0,0.44999999999999996,0.25,0.3561238981854635,0.16025575418345858
V0080,V0338,3,1.25,2.4,0.2308,1,1.0,0.0,0.7,0.5103539948156102,0.0,0.44999999999999996,0.25,0.3561238981854635,0.16025575418345858
V0113,V0119,5,3.6842,1.3571,0.4167,1,1.0,-0.093,0.9667,0.3575769382401408,0.0,0.44999999999999996,0.25,0.35599192838404925,0.16019636777282215
V0144,V0152,5,2.3833,2.0979,0.2632,1,1.0,0.0,0.7667,0.47154872667334136,0.0,0.44999999999999996,0.25,0.35588205433566944,0.16014692445105122
V0144,V0336,5,2.3833,2.0979,0.2632,1,1.0,0.0,0.7667,0.47154872667334136,0.0,0.44999999999999996,0.25,0.35588205433566944,0.16014692445105122
V0039,V0533,3,1.253,2.3942,0.1667,1,1.0,0.0,0.7,0.5096419791381718,0.0,0.44999999999999996,0.25,0.3558746926983601,0.16014361171426203
V0263,V0483,3,1.253,2.3942,0.1667,1,1.0,0.0,0.7,0.5096419791381718,0.0,0.44999999999999996,0.25,0.3558746926983601,0.16014361171426203
V0175,V0539,3,1.2558,2.3889,0.25,1,1.0,0.0,0.7,0.5089902794361627,0.0,0.44999999999999996,0.25,0.3556465978026569,0.16004096901119558
V0304,V0313,3,1.3433,2.2333,0.1667,1,1.0,0.0,0.7333,0.4893888823344001,0.0,0.44999999999999996,0.25,0.35544610881704,0.15995074896766798
V0134,V0178,3,1.3448,2.2308,0.1875,1,1.0,0.0,0.7333,0.4890663065603425,0.0,0.44999999999999996,0.25,0.35533320729611984,0.1598999432832539
V0332,V0483,6,3.8209,1.5703,0.2308,1,1.0,-0.1304,0.9,0.39368801228352224,0.0,0.44999999999999996,0.25,0.35529080429923277,0.15988086193465473
V0141,V0262,3,1.3492,2.2235,0.1579,1,1.0,0.0,0.7333,0.4881229547621523,0.0,0.44999999999999996,0.25,0.3550030341667533,0.15975136537503895
V0025,V0396,3,1.35,2.2222,0.2,1,1.0,0.0,0.7333,0.4879547365341235,0.0,0.44999999999999996,0.25,0.3549441577869432,0.15972487100412444
V0062,V0383,3,1.4468,2.0735,0.1667,1,1.0,0.0,0.7667,0.46825104920223937,0.0,0.44999999999999996,0.25,0.35472786722078375,0.15962754024935266
V0040,V0513,3,1.3542,2.2154,0.2,1,1.0,0.0,0.7333,0.4870737183545592,0.0,0.44999999999999996,0.25,0.3546358014240957,0.15958611064084305
V0098,V0513,3,1.3542,2.2154,0.2,1,1.0,0.0,0.7333,0.4870737183545592,0.0,0.44999999999999996,0.25,0.3546358014240957,0.15958611064084305
V0284,V0298,3,1.3548,2.2143,0.1875,1,1.0,0.0,0.7333,0.4869310256519317,0.0,0.44999999999999996,0.25,0.35458585897817607,0.15956363654017922
V0007,V0436,3,0.9091,3.3,0.5,1,1.0,0.0,0.5208,0.6082897110837108,0.0,0.44999999999999996,0.25,0.3545613988792988,0.15955262949568444
V0072,V0372,3,1.2698,2.3625,0.2,1,1.0,0.0,0.7,0.5057288192210082,0.0,0.44999999999999996,0.25,0.3545050867273528,0.15952728902730876
V0060,V0412,5,2.4237,2.0629,0.2632,1,1.0,0.0,0.7667,0.4668102866229009,0.0,0.44999999999999996,0.25,0.3542236003180153,0.15940062014310688
V0332,V0340,3,1.6716,1.7946,0.15,1,1.0,0.0,0.8333,0.4285795944978389,0.0,0.44999999999999996,0.25,0.35416285807424364,0.15937328613340962
V0132,V0352,4,2.4,1.6667,0.2222,1,1.0,-0.0697,0.8667,0.4090427818346498,0.0,0.44999999999999996,0.25,0.35400497364212746,0.15930223813895733
V0028,V0158,3,1.4578,2.0579,0.1579,1,1.0,0.0,0.7667,0.4661289500587481,0.0,0.44999999999999996,0.25,0.35398513252056185,0.1592933096342528
V0091,V0419,3,1.4578,2.0579,0.1579,1,1.0,0.0,0.7667,0.4661289500587481,0.0,0.44999999999999996,0.25,0.35398513252056185,0.1592933096342528
V0338,V0414,3,1.4583,2.0571,0.2143,1,1.0,0.0,0.7667,0.4660198328338772,0.0,0.44999999999999996,0.25,0.353946941491857,0.15927612367133565
V0429,V0496,4,2.087,1.9167,0.25,1,1.0,0.0,0.8,0.4464135078586255,0.0,0.44999999999999996,0.25,0.3537447277505189,0.1591851274877335
V0437,V0496,3,1.5652,1.9167,0.2,1,1.0,0.0,0.8,0.4464135078586255,0.0,0.44999999999999996,0.25,0.3537447277505189,0.1591851274877335
V0004,V0468,3,1.284,2.3365,0.1667,1,1.0,0.0,0.7,0.5024916505028872,0.0,0.44999999999999996,0.25,0.3533720776760105,0.1590174349542047
V0014,V0219,3,1.575,1.9048,0.2308,1,1.0,0.0,0.8,0.44470855471245396,0.0,0.44999999999999996,0.25,0.3531479941493589,0.15891659736721148
V0244,V0280,3,1.375,2.1818,0.2308,1,1.0,0.0,0.7333,0.4826929213794431,0.0,0.44999999999999996,0.25,0.35310252248280505,0.15889613511726225
V0431,V0469,3,1.2941,2.3182,0.2143,1,1.0,0.0,0.7,0.5001980198356947,0.0,0.44999999999999996,0.25,0.3525693069424931,0.15865618812412188
V0005,V0453,3,1.3846,2.1667,0.3333,1,1.0,0.0,0.7333,0.48070908236687565,0.0,0.44999999999999996,0.25,0.35240817882840647,0.1585836804727829
V0308,V0407,3,1.3,2.3077,0.1875,1,1.0,0.0,0.7,0.4988762842902126,0.0,0.44999999999999996,0.25,0.35210669950157436,0.15844801477570844
V0202,V0331,3,1.3968,2.1477,0.1875,1,1.0,0.0,0.7333,0.47819937777077737,0.0,0.44999999999999996,0.25,0.35152978221977205,0.15818840199889742
V0202,V0286,4,1.746,2.2909,0.2353,1,1.0,0.0,0.7,0.4967527552646208,0.0,0.44999999999999996,0.25,0.3513634643426172,0.15811355895417772
V0082,V0151,3,1.4,2.1429,0.25,1,1.0,0.0,0.7333,0.4775629501272032,0.0,0.44999999999999996,0.25,0.35130703254452106,0.15808816464503447
V0056,V0080,3,1.4,2.1429,0.375,1,1.0,0.0,0.7333,0.4775629501272032,0.0,0.44999999999999996,0.25,0.35130703254452106,0.15808816464503447
V0219,V0281,3,1.5,2.0,0.2308,1,1.0,0.0,0.7667,0.45815690999132613,0.0,0.44999999999999996,0.25,0.35119491849696416,0.15803771332363387
V0258,V0414,3,1.3125,2.2857,0.2308,1,1.0,0.0,0.7,0.49609327502032424,0.0,0.44999999999999996,0.25,0.35113264625711343,0.15800969081570104
V0028,V0429,3,1.3134,2.2841,0.1875,1,1.0,0.0,0.7,0.4958901480333625,0.0,0.44999999999999996,0.25,0.35106155181167686,0.15797769831525457
V0454,V0501,4,1.8723,2.1364,0.2667,1,1.0,0.0,0.7333,0.47669956996939555,0.0,0.44999999999999996,0.25,0.3510048494892884,0.15795218227017976
V0242,V0504,4,1.875,2.1333,0.25,1,1.0,0.0,0.7333,0.4762871736765055,0.0,0.44999999999999996,0.25,0.3508605107867769,0.15788722985404957
V0258,V0302,4,1.875,2.1333,0.2667,1,1.0,0.0,0.7333,0.4762871736765055,0.0,0.44999999999999996,0.25,0.3508605107867769,0.15788722985404957
V0064,V0091,3,1.7333,1.7308,0.15,1,1.0,0.0,0.8333,0.4189484911864458,0.0,0.44999999999999996,0.25,0.350791971915256,0.1578563873618652
V0001,V0294,3,1.4096,2.1282,0.1579,1,1.0,0.0,0.7333,0.4756078266617028,0.0,0.44999999999999996,0.25,0.35062273933159593,0.15778023269921815
V0022,V0395,6,3.2381,1.8529,0.2609,1,1.0,0.0,0.8,0.4371900777676392,0.0,0.44999999999999996,0.25,0.3505165272186737,0.15773243724840316
V0187,V0359,3,1.413,2.1231,0.2,1,1.0,0.0,0.7333,0.474927371182641,0.0,0.44999999999999996,0.25,0.3503845799139243,0.15767306096126593
V0121,V0386,4,1.8857,2.1212,0.2105,1,1.0,0.0,0.7333,0.47467358402694393,0.0,0.44999999999999996,0.25,0.35029575440943034,0.15763308948424365
V0023,V0198,3,1.2419,2.4156,0.2,1,1.0,0.0,0.6667,0.5122630612711505,0.0,0.44999999999999996,0.25,0.35013207144490266,0.15755943215020618
V0309,V0413,5,3.1765,1.5741,0.3125,1,1.0,0.0025,0.8667,0.3943041087673244,0.004166666666666667,0.44999999999999996,0.25,0.3500964380685635,0.15754339713085355
V0042,V0368,3,1.5238,1.9688,0.1579,1,1.0,0.0,0.7667,0.4537970624106358,0.0,0.44999999999999996,0.25,0.34966897184372253,0.15735103732967512
V0001,V0275,4,2.0361,1.9645,0.1818,1,1.0,0.0,0.7667,0.45319259622922753,0.0,0.44999999999999996,0.25,0.3494574086802297,0.15725583390610334
V0421,V0455,4,1.9048,2.1,0.2857,1,1.0,0.0,0.7333,0.47183132821757545,0.0,0.44999999999999996,0.25,0.34930096487615137,0.1571854341942681
V0022,V0481,4,1.9048,2.1,0.2222,1,1.0,0.0,0.7333,0.47183132821757545,0.0,0.44999999999999996,0.25,0.34930096487615137,0.1571854341942681
V0298,V0502,4,2.0417,1.9592,0.2353,1,1.0,0.0,0.7667,0.4524463490309127,0.0,0.44999999999999996,0.25,0.34919622216081947,0.15713829997236875
V0327,V0370,3,1.7647,1.7,0.375,1,1.0,-0.1201,0.8333,0.4142181621848512,0.0,0.44999999999999996,0.25,0.3491363567646979,0.15711136054411404
V0195,V0254,4,2.2,1.8182,0.2667,1,1.0,0.0,0.8,0.4320865865295814,0.0,0.44999999999999996,0.25,0.3487303052853535,0.15692863737840906
V0178,V0460,3,1.3448,2.2308,0.1875,1,1.0,0.0,0.7,0.4890663065603425,0.0,0.44999999999999996,0.25,0.34867320729611984,0.1569029432832539
V0159,V0426,3,1.5429,1.9444,0.1667,1,1.0,0.0,0.7667,0.45035539018438975,0.0,0.44999999999999996,0.25,0.3484643865645364,0.15680897395404136
V0396,V0494,4,1.65,2.4242,0.25,1,1.0,0.0,0.6565,0.5133117704311346,0.0,0.44999999999999996,0.25,0.3484591196508971,0.15680660384290368
V0395,V0409,3,1.3492,2.2235,0.1579,1,1.0,0.0,0.7,0.4881229547621523,0.0,0.44999999999999996,0.25,0.3483430341667533,0.15675436537503895
V0531,V0547,3,1.4444,2.0769,0.1765,1,1.0,0.0,0.7333,0.46871212824596975,0.0,0.44999999999999996,0.25,0.3482092448860894,0.15669416019874022
V0066,V0468,3,1.4444,2.0769,0.1579,1,1.0,0.0,0.7333,0.46871212824596975,0.0,0.44999999999999996,0.25,0.3482092448860894,0.15669416019874022
V0214,V0502,3,1.4483,2.0714,0.1875,1,1.0,0.0,0.7333,0.46796601020857476,0.0,0.44999999999999996,0.25,0.3479481035730011,0.15657664660785048
V0175,V0184,3,1.4483,2.0714,0.1765,1,1.0,0.0,0.7333,0.46796601020857476,0.0,0.44999999999999996,0.25,0.3479481035730011,0.15657664660785048
V0184,V0384,3,1.4483,2.0714,0.1765,1,1.0,0.0,0.7333,0.46796601020857476,0.0,0.44999999999999996,0.25,0.3479481035730011,0.15657664660785048
V0172,V0340,3,1.3582,2.2088,0.1765,1,1.0,0.0,0.7,0.486216828858039,0.0,0.44999999999999996,0.25,0.34767589010031363,0.1564541505451411
V0047,V0533,3,1.4545,2.0625,0.1765,1,1.0,0.0,0.7333,0.4667558206429464,0.0,0.44999999999999996,0.25,0.3475245372250312,0.15638604175126403
V0340,V0483,3,1.6716,1.7946,0.15,1,1.0,0.0,0.8,0.4285795944978389,0.0,0.44999999999999996,0.25,0.34750285807424364,0.15637628613340962
V0172,V0182,4,1.9403,2.0615,0.2105,1,1.0,0.0,0.7333,0.46661962456354383,0.0,0.44999999999999996,0.25,0.3474768685972403,0.15636459086875812
V0014,V0198,3,0.8871,3.3818,0.2308,1,1.0,0.0,0.4715,0.6161485097502903,0.0,0.44999999999999996,0.25,0.34745197841260156,0.1563533902856707
V0079,V0129,4,2.234,1.7905,0.2222,1,1.0,0.0,0.8,0.4279673107027481,0.0,0.44999999999999996,0.25,0.3472885587459619,0.15627985143568282
V0039,V0051,3,1.5663,1.9154,0.15,1,1.0,0.0,0.7667,0.4462275912530012,0.0,0.44999999999999996,0.25,0.3470196569385504,0.15615884562234766
V0054,V0120,4,2.0896,1.9143,0.2,1,1.0,0.0,0.7667,0.44607021243899336,0.0,0.44999999999999996,0.25,0.3469645743536477,0.15613405845914144
V0159,V0320,3,2.3571,1.2727,0.1765,1,1.0,0.0323,0.8667,0.3423704785237556,0.05383333333333334,0.44999999999999996,0.25,0.34681966748331444,0.1560688503674915
V0001,V0187,3,1.4667,2.0455,0.1667,1,1.0,0.0,0.7333,0.4644344162682062,0.0,0.44999999999999996,0.25,0.34671204569387215,0.15602042056224244
V0144,V0215,3,1.4667,2.0455,0.1875,1,1.0,0.0,0.7333,0.4644344162682062,0.0,0.44999999999999996,0.25,0.34671204569387215,0.15602042056224244
V0159,V0455,4,2.0952,1.9091,0.2667,1,1.0,0.0,0.7667,0.4453254348136262,0.0,0.44999999999999996,0.25,0.34670390218476915,0.1560167559831461
V0091,V0205,3,1.3714,2.1875,0.1765,1,1.0,0.0,0.7,0.48343934100662456,0.0,0.44999999999999996,0.25,0.34670376935231856,0.15601669620854333
V0339,V0445,3,1.3714,2.1875,0.1765,1,1.0,0.0,0.7,0.48343934100662456,0.0,0.44999999999999996,0.25,0.34670376935231856,0.15601669620854333
V0188,V0244,4,2.0968,1.9077,0.2105,1,1.0,0.0,0.7667,0.4451246902945546,0.0,0.44999999999999996,0.25,0.34663364160309407,0.1559851387213923
V0437,V0526,3,1.2857,2.3333,0.1667,1,1.0,0.0,0.6667,0.5020914874530352,0.0,0.44999999999999996,0.25,0.3465720206085623,0.15595740927385301
V0256,V0512,3,1.4694,2.0417,0.2,1,1.0,0.0,0.7333,0.4639137422988053,0.0,0.44999999999999996,0.25,0.3465298098045818,0.1559384144120618
V0263,V0275,6,4.5714,1.3125,0.3,1,1.0,-0.0724,0.9333,0.34961042707511725,0.0,0.44999999999999996,0.25,0.346523649476291,0.15593564226433093
V0007,V0310,3,1.4706,2.04,0.4286,1,1.0,0.0,0.7333,0.46368059857784366,0.0,0.44999999999999996,0.25,0.3464482095022452,0.15590169427601033
V0379,V0388,3,2.5,1.2,0.6,1,1.0,0.0674,0.8,0.32881225852876034,0.11233333333333334,0.44999999999999996,0.25,0.34628429048506615,0.15582793071827974
V0041,V0113,3,1.5789,1.9,0.3,1,1.0,0.0,0.7667,0.4440188648230241,0.0,0.44999999999999996,0.25,0.3462466026880584,0.15581097120962625
V0200,V0307,3,1.4737,2.0357,0.1875,1,1.0,0.0,0.7333,0.46309029965507564,0.0,0.44999999999999996,0.25,0.34624160487927647,0.1558087221956744
V0091,V0533,3,1.697,1.7679,0.1579,1,1.0,0.0,0.8,0.42457605279277694,0.0,0.44999999999999996,0.25,0.3461016184774719,0.15574572831486233
V0184,V0497,3,1.2069,2.4857,0.1875,1,1.0,0.0,0.631,0.5207353711563801,0.0,0.44999999999999996,0.25,0.345957379904733,0.15568082095712985
V0028,V0483,4,2.6269,1.5227,0.1739,1,1.0,-0.0304,0.8667,0.38589248121956327,0.0,0.44999999999999996,0.25,0.34590236842684713,0.1556560657920812
V0003,V0453,3,1.3846,2.1667,0.3333,1,1.0,0.0,0.7,0.48070908236687565,0.0,0.44999999999999996,0.25,0.34574817882840647,0.1555866804727829
V0113,V0497,3,0.8621,3.48,0.25,1,1.0,0.0,0.4468,0.6253913852863211,0.0,0.44999999999999996,0.25,0.3457469848502124,0.15558614318259556
V0201,V0249,4,1.9831,2.0171,0.2222,1,1.0,0.0,0.7333,0.4605272455655169,0.0,0.44999999999999996,0.25,0.34534453594793085,0.15540504117656886
V0216,V0429,3,1.3913,2.1562,0.2308,1,1.0,0.0,0.7,0.47932400775392037,0.0,0.44999999999999996,0.25,0.34526340271387207,0.15536853122124242
V0114,V0531,3,1.6,1.875,0.4286,1,1.0,0.0,0.7667,0.4404081722121619,0.0,0.44999999999999996,0.25,0.3449828602742566,0.15524228712341545
V0181,V0308,3,1.0833,2.7692,0.2,1,1.0,0.0,0.5685,0.5533447571302814,0.0,0.44999999999999996,0.25,0.3448706649955985,0.1551917992480193
V0202,V0408,3,1.3968,2.1477,0.1875,1,1.0,0.0,0.7,0.47819937777077737,0.0,0.44999999999999996,0.25,0.34486978221977205,0.15519140199889742
V0113,V0277,8,7.3684,1.0857,0.5,1,1.0,-0.114,1.0,0.30656240022633563,0.0,0.44999999999999996,0.25,0.34479684007921746,0.15515857803564784
V0113,V0481,8,7.3684,1.0857,0.5,1,1.0,-0.0366,1.0,0.30656240022633563,0.0,0.44999999999999996,0.25,0.34479684007921746,0.15515857803564784
V0309,V0319,4,2.4706,1.619,0.2667,1,1.0,-0.043,0.8333,0.40151568604661586,0.0,0.44999999999999996,0.25,0.3446904901163156,0.15511072055234199
V0094,V0386,3,1.2,2.5,0.1875,1,1.0,0.0,0.6216,0.522442736639361,0.0,0.44999999999999996,0.25,0.34467495782377633,0.15510373102069933
V0007,V0242,3,1.5,2.0,0.1875,1,1.0,0.0,0.7333,0.45815690999132613,0.0,0.44999999999999996,0.25,0.34451491849696414,0.15503171332363386
V0212,V0525,3,1.5,2.0,0.2308,1,1.0,0.0,0.7333,0.45815690999132613,0.0,0.44999999999999996,0.25,0.34451491849696414,0.15503171332363386
V0242,V0292,3,1.5,2.0,0.1875,1,1.0,0.0,0.7333,0.45815690999132613,0.0,0.44999999999999996,0.25,0.34451491849696414,0.15503171332363386
V0219,V0364,3,1.5,2.0,0.2308,1,1.0,0.0,0.7333,0.45815690999132613,0.0,0.44999999999999996,0.25,0.34451491849696414,0.15503171332363386
V0329,V0406,5,2.8889,1.7308,0.2273,1,1.0,0.0,0.8,0.4189484911864458,0.0,0.44999999999999996,0.25,0.344131971915256,0.1548593873618652
V0473,V0523,3,1.4118,2.125,0.4286,1,1.0,0.0,0.7,0.4751810039888157,0.0,0.44999999999999996,0.25,0.34381335139608543,0.15471600812823844
V0501,V0513,3,1.625,1.8462,0.1875,1,1.0,0.0,0.7667,0.43620953055499656,0.0,0.44999999999999996,0.25,0.3435133356942488,0.15458100106241193
V0025,V0041,9,8.4333,1.0672,0.36,1,1.0,-0.1097,1.0,0.3028468519222142,0.0,0.44999999999999996,0.25,0.34349639817277494,0.15457337917774872
V0336,V0514,3,1.5167,1.978,0.1765,1,1.0,0.0,0.7333,0.45508740379154006,0.0,0.44999999999999996,0.25,0.34344059132703897,0.1545482660971675
V0383,V0502,5,2.9167,1.7143,0.2632,1,1.0,0.0,0.8,0.41642106082884556,0.0,0.44999999999999996,0.25,0.34324737129009597,0.15446131708054317
V0063,V0513,3,1.6327,1.8375,0.1667,1,1.0,0.0,0.7667,0.4349328324044852,0.0,0.44999999999999996,0.25,0.34306649134156986,0.1543799211037064
V0034,V0483,4,2.0361,1.9645,0.1818,1,1.0,0.0,0.7333,0.45319259622922753,0.0,0.44999999999999996,0.25,0.3427774086802296,0.1542498339061033
V0299,V0387,3,1.4286,2.1,0.1765,1,1.0,0.0,0.7,0.47183132821757545,0.0,0.44999999999999996,0.25,0.34264096487615137,0.1541884341942681
V0082,V0327,3,1.7647,1.7,0.375,1,1.0,0.0,0.8,0.4142181621848512,0.0,0.44999999999999996,0.25,0.3424763567646979,0.15411436054411404
V0010,V0452,5,2.7451,1.8214,0.2632,1,1.0,0.0,0.7667,0.4325598483906272,0.0,0.44999999999999996,0.25,0.34223594693671955,0.15400617612152379
V0309,V0504,5,3.1765,1.5741,0.3125,1,1.0,-0.0678,0.8333,0.3943041087673244,0.0,0.44999999999999996,0.25,0.3421664380685635,0.15397489713085355
V0023,V0367,5,2.75,1.8182,0.2778,1,1.0,0.0,0.7667,0.4320865865295814,0.0,0.44999999999999996,0.25,0.3420703052853535,0.15393163737840906
V0050,V0113,3,2.6316,1.14,0.25,1,1.0,-0.1324,0.9667,0.31728067429145523,0.0,0.44999999999999996,0.25,0.3418882360020093,0.15384970620090416
V0138,V0249,3,1.5424,1.9451,0.1765,1,1.0,0.0,0.7333,0.45045452344710185,0.0,0.44999999999999996,0.25,0.3418190832064856,0.1538185874429185
V0249,V0363,3,1.5424,1.9451,0.1765,1,1.0,0.0,0.7333,0.45045452344710185,0.0,0.44999999999999996,0.25,0.3418190832064856,0.1538185874429185
V0020,V0460,6,5.3333,1.125,0.2727,1,1.0,0.0148,0.9333,0.31434725733318625,0.02466666666666667,0.44999999999999996,0.25,0.3415815400666152,0.1537116930299768
V0250,V0547,3,1.4444,2.0769,0.1765,1,1.0,0.0,0.7,0.46871212824596975,0.0,0.44999999999999996,0.25,0.3415492448860894,0.15369716019874022
V0224,V0339,3,1.3714,2.1875,0.1765,1,1.0,0.0,0.6742,0.48343934100662456,0.0,0.44999999999999996,0.25,0.34154376935231856,0.15369469620854334
V0258,V0367,4,2.0625,1.9394,0.25,1,1.0,0.0,0.7333,0.44964660930840783,0.0,0.44999999999999996,0.25,0.3415363132579427,0.1536913409660742
V0336,V0434,4,2.3833,1.6783,0.2,1,1.0,0.0,0.8,0.41085291591716816,0.0,0.44999999999999996,0.25,0.34129852057100885,0.15358433425695397
V0421,V0426,3,1.6667,1.8,0.2143,1,1.0,0.0,0.7667,0.4293846478038972,0.0,0.44999999999999996,0.25,0.341124626731364,0.15350608202911378
V0078,V0421,3,1.6667,1.8,0.2143,1,1.0,0.0,0.7667,0.4293846478038972,0.0,0.44999999999999996,0.25,0.341124626731364,0.15350608202911378
V0191,V0320,4,2.2286,1.7949,0.1905,1,1.0,0.0,0.7667,0.42862436047602925,0.0,0.44999999999999996,0.25,0.3408585261666103,0.1533863367749746
V0295,V0307,4,3.2667,1.2245,0.2353,1,1.0,0.0265,0.8667,0.33343081340282904,0.04416666666666667,0.44999999999999996,0.25,0.34079078469099017,0.15335585311094557
V0091,V0340,3,1.56,1.9231,0.1579,1,1.0,0.0,0.7333,0.4473275831261553,0.0,0.44999999999999996,0.25,0.3407246540941543,0.15332609434236943
V0043,V0427,3,1.4571,2.0588,0.15,1,1.0,0.0,0.7,0.46625167281938384,0.0,0.44999999999999996,0.25,0.3406880854867843,0.15330963846905293
V0043,V0437,3,1.4571,2.0588,0.15,1,1.0,0.0,0.7,0.46625167281938384,0.0,0.44999999999999996,0.25,0.3406880854867843,0.15330963846905293
V0383,V0509,3,1.4583,2.0571,0.2143,1,1.0,0.0,0.7,0.4660198328338772,0.0,0.44999999999999996,0.25,0.340606941491857,0.15327312367133564
V0061,V0424,3,1.5625,1.92,0.1765,1,1.0,0.0,0.7333,0.4468850781083697,0.0,0.44999999999999996,0.25,0.34056977733792937,0.1532563998020682
V0259,V0456,4,2.0862,1.9174,0.2222,1,1.0,0.0,0.7333,0.44651358248038303,0.0,0.44999999999999996,0.25,0.340439753868134,0.1531978892406603
V0129,V0175,3,1.4651,2.0476,0.2308,1,1.0,0.0,0.7,0.46472187849816043,0.0,0.44999999999999996,0.25,0.3401526574743561,0.15306869586346022
V0200,V0240,3,1.6842,1.7812,0.1765,1,1.0,0.0,0.7667,0.42657513063487984,0.0,0.44999999999999996,0.25,0.34014129572220797,0.15306358307499357
V0384,V0513,5,3.25,1.5385,0.25,1,1.0,-0.089,0.8333,0.38849626419178657,0.0,0.44999999999999996,0.25,0.3401336924671253,0.15306016161020639
V0039,V0468,4,2.2469,1.7802,0.1739,1,1.0,0.0,0.7667,0.4264251567448813,0.0,0.44999999999999996,0.25,0.34008880486070847,0.1530399621873188
V0081,V0387,3,1.5714,1.9091,0.1667,1,1.0,0.0,0.7333,0.4453254348136262,0.0,0.44999999999999996,0.25,0.3400239021847691,0.15301075598314606
V0204,V0469,3,1.5714,1.9091,0.1765,1,1.0,0.0,0.7333,0.4453254348136262,0.0,0.44999999999999996,0.25,0.3400239021847691,0.15301075598314606
V0016,V0219,4,2.25,1.7778,0.2667,1,1.0,0.0,0.7667,0.4260649992056132,0.0,0.44999999999999996,0.25,0.3399627497219646,0.15298323737488406
V0178,V0513,5,3.5208,1.4201,0.2381,1,1.0,-0.1385,0.8667,0.3685769231270415,0.0,0.44999999999999996,0.25,0.3398419230944645,0.152928865392509
V0092,V0276,3,1.575,1.9048,0.2308,1,1.0,0.0,0.7333,0.44470855471245396,0.0,0.44999999999999996,0.25,0.3398079941493588,0.15291359736721144
V0025,V0407,7,5.3667,1.3043,0.3043,1,1.0,-0.1132,0.9,0.34812902471608564,0.0,0.44999999999999996,0.25,0.33934515865063,0.15270532139278348
V0144,V0223,6,6.4,0.9375,0.2727,1,1.0,0.0105,1.0,0.2758245907351515,0.0175,0.44999999999999996,0.25,0.339288606757303,0.15267987304078634
V0050,V0460,3,2.5,1.2,0.6,1,1.0,-0.1239,0.9333,0.32881225852876034,0.0,0.44999999999999996,0.25,0.3392442904850661,0.15265993071827974
V0259,V0502,4,2.2759,1.7576,0.2105,1,1.0,0.0,0.7667,0.42302128359290203,0.0,0.44999999999999996,0.25,0.33889744925751575,0.15250385216588208
V0091,V0201,3,1.4848,2.0204,0.1667,1,1.0,0.0,0.7,0.46098313195185203,0.0,0.44999999999999996,0.25,0.33884409618314815,0.15247984328241665
V0191,V0346,3,1.4857,2.0192,0.1667,1,1.0,0.0,0.7,0.4608174127398862,0.0,0.44999999999999996,0.25,0.33878609445896013,0.15245374250653204
V0368,V0547,5,3.3016,1.5144,0.2083,1,1.0,0.0,0.8333,0.38451813011216146,0.0,0.44999999999999996,0.25,0.3387413455392565,0.1524336054926654
V0014,V0244,4,2.6471,1.5111,0.2667,1,1.0,-0.0544,0.8333,0.38397044049341605,0.0,0.44999999999999996,0.25,0.3385496541726956,0.15234734437771302
V0217,V0263,4,2.2857,1.75,0.2353,1,1.0,0.0,0.7667,0.42187034736422424,0.0,0.44999999999999996,0.25,0.33849462157747845,0.1523225797098653
V0060,V0242,3,1.4915,2.0114,0.1875,1,1.0,0.0,0.7,0.4597386297109993,0.0,0.44999999999999996,0.25,0.3384085203988497,0.15228383417948235
V0249,V0412,5,2.8644,1.7456,0.2381,1,1.0,0.0,0.7667,0.42120256116641214,0.0,0.44999999999999996,0.25,0.33826089640824425,0.1522174033837099
V0028,V0172,4,2.1343,1.8741,0.2,1,1.0,0.0,0.7333,0.44027760250373876,0.0,0.44999999999999996,0.25,0.3382571608763085,0.1522157223943388
V0025,V0223,10,9.2,1.087,0.4,1,1.0,-0.0678,0.9667,0.3068222521813729,0.0,0.44999999999999996,0.25,0.3382277882634805,0.1522025047185662
V0367,V0509,3,1.6042,1.8701,0.2,1,1.0,0.0,0.7333,0.439696797575175,0.0,0.44999999999999996,0.25,0.3380538791513112,0.15212424561809001
V0091,V0275,3,1.7229,1.7413,0.1429,1,1.0,0.0,0.7667,0.4205489171596916,0.0,0.44999999999999996,0.25,0.3380321210058921,0.15211445445265143
V0127,V0278,3,1.8529,1.619,0.2308,1,1.0,0.0,0.8,0.40151568604661586,0.0,0.44999999999999996,0.25,0.3380304901163156,0.15211372055234199
V0049,V0540,3,1.4,2.1429,0.3,1,1.0,0.0,0.6667,0.4775629501272032,0.0,0.44999999999999996,0.25,0.33798703254452106,0.15209416464503447
V0119,V0295,6,6.0667,0.989,0.2857,1,1.0,-0.05,1.0,0.2867648173263884,0.0,0.44999999999999996,0.25,0.33786768606423595,0.15204045872890617
V0023,V0080,3,1.5,2.0,0.2,1,1.0,0.0,0.7,0.45815690999132613,0.0,0.44999999999999996,0.25,0.33785491849696414,0.15203471332363386
V0172,V0483,5,3.1045,1.6106,0.2083,1,1.0,0.0,0.8,0.40017597551402306,0.0,0.44999999999999996,0.25,0.33756159142990805,0.1519027161434586
V0263,V0419,7,5.4857,1.276,0.3333,1,1.0,-0.1332,0.9,0.342975577621583,0.0,0.44999999999999996,0.25,0.33754145216755405,0.1518936534753993
V0215,V0308,3,1.7333,1.7308,0.1667,1,1.0,0.0,0.7667,0.4189484911864458,0.0,0.44999999999999996,0.25,0.337471971915256,0.1518623873618652
V0144,V0295,8,7.4667,1.0714,0.3636,1,1.0,-0.0492,0.9667,0.3036932911264281,0.0,0.44999999999999996,0.25,0.33713265189424985,0.1517096933524124
V0129,V0178,3,1.625,1.8462,0.1875,1,1.0,0.0,0.7333,0.43620953055499656,0.0,0.44999999999999996,0.25,0.3368333356942488,0.15157500106241192
V0172,V0313,5,2.9104,1.7179,0.2174,1,1.0,0.0,0.7667,0.41697380808738377,0.0,0.44999999999999996,0.25,0.33678083283058435,0.15155137477376293
V0016,V0327,3,1.75,1.7143,0.2143,1,1.0,0.0,0.7667,0.41642106082884556,0.0,0.44999999999999996,0.25,0.33658737129009597,0.15146431708054317
V0220,V0251,3,1.5217,1.9714,0.2143,1,1.0,0.0,0.7,0.4541621290033244,0.0,0.44999999999999996,0.25,0.3364567451511635,0.15140553531802356
V0063,V0403,3,1.6327,1.8375,0.1667,1,1.0,0.0,0.7333,0.4349328324044852,0.0,0.44999999999999996,0.25,0.3363864913415698,0.1513739211037064
V0231,V0277,3,1.6333,1.8367,0.1667,1,1.0,0.0,0.7333,0.4348152384122572,0.0,0.44999999999999996,0.25,0.33634533344428996,0.15135540004993048
V0022,V0331,3,1.5238,1.9688,0.1765,1,1.0,0.0,0.7,0.4537970624106358,0.0,0.44999999999999996,0.25,0.33632897184372246,0.15134803732967508
V0079,V0454,3,1.6383,1.8312,0.2,1,1.0,0.0,0.7333,0.43400588084675074,0.0,0.44999999999999996,0.25,0.3360620582963627,0.1512279262333632
V0061,V0414,4,2.1875,1.8286,0.2222,1,1.0,0.0,0.7333,0.4336227279812872,0.0,0.44999999999999996,0.25,0.3359279547934505,0.15116757965705271
V0254,V0370,3,1.7647,1.7,0.375,1,1.0,0.0,0.7667,0.4142181621848512,0.0,0.44999999999999996,0.25,0.3358163567646979,0.15111736054411404
V0029,V0293,3,1.5385,1.95,0.5,1,1.0,0.0,0.7,0.45114779724689547,0.0,0.44999999999999996,0.25,0.33540172903641335,0.150930778066386
V0132,V0280,3,1.65,1.8182,0.2143,1,1.0,0.0,0.7333,0.4320865865295814,0.0,0.44999999999999996,0.25,0.3353903052853534,0.15092563737840903
V0091,V0426,3,1.5429,1.9444,0.1667,1,1.0,0.0,0.7,0.45035539018438975,0.0,0.44999999999999996,0.25,0.33512438656453636,0.15080597395404136
V0378,V0431,4,2.3725,1.686,0.2222,1,1.0,0.0,0.7667,0.4120501463552146,0.0,0.44999999999999996,0.25,0.3350575512243251,0.1507758980509463
V0047,V0241,3,1.6596,1.8077,0.1875,1,1.0,0.0,0.7333,0.43052991286162434,0.0,0.44999999999999996,0.25,0.33484546950156846,0.15068046127570578
V0413,V0504,4,2.3824,1.679,0.2857,1,1.0,0.0,0.7667,0.4109618971859634,0.0,0.44999999999999996,0.25,0.3346766640150872,0.15060449880678922
V0336,V0494,4,2.3833,1.6783,0.2,1,1.0,0.0,0.7667,0.41085291591716816,0.0,0.44999999999999996,0.25,0.33463852057100885,0.15058733425695398
V0023,V0061,5,3.75,1.3333,0.2273,1,1.0,-0.0487,0.8667,0.3533446953177762,0.0,0.44999999999999996,0.25,0.33451064336122166,0.15052978951254972
V0368,V0483,3,1.6716,1.7946,0.15,1,1.0,0.0,0.7333,0.4285795944978389,0.0,0.44999999999999996,0.25,0.33416285807424356,0.15037328613340958
V0313,V0368,3,1.5672,1.9143,0.1579,1,1.0,0.0,0.7,0.44607021243899336,0.0,0.44999999999999996,0.25,0.3336245743536476,0.1501310584591414
V0091,V0438,3,1.4848,2.0204,0.1667,1,1.0,0.0,0.6737,0.46098313195185203,0.0,0.44999999999999996,0.25,0.3335840961831482,0.15011284328241667
V0023,V0513,5,3.25,1.5385,0.25,1,1.0,0.0,0.8,0.38849626419178657,0.0,0.44999999999999996,0.25,0.3334736924671253,0.15006316161020639
V0011,V0063,3,1.3061,2.2969,0.1765,1,1.0,0.0,0.6091,0.4975124003784405,0.0,0.44999999999999996,0.25,0.33344934013245414,0.15005220305960434
V0061,V0502,4,4.375,0.9143,0.16,1,1.0,0.069,0.8333,0.2708008260104174,0.11500000000000002,0.44999999999999996,0.25,0.3334402891036461,0.15004813009664072
V0129,V0344,5,3.5106,1.4242,0.2381,1,1.0,0.0,0.8333,0.36928283862075606,0.0,0.44999999999999996,0.25,0.3334089935172646,0.15003404708276905
V0204,V0475,3,1.5714,1.9091,0.1765,1,1.0,0.0,0.7,0.4453254348136262,0.0,0.44999999999999996,0.25,0.3333639021847691,0.15001375598314606
V0066,V0473,4,2.25,1.7778,0.2353,1,1.0,0.0,0.7333,0.4260649992056132,0.0,0.44999999999999996,0.25,0.3332827497219646,0.14997723737488405
V0387,V0496,4,2.6087,1.5333,0.2222,1,1.0,0.0,0.8,0.3876411164354603,0.0,0.44999999999999996,0.25,0.33317439075241106,0.14992847583858496
V0247,V0387,3,1.9565,1.5333,0.1875,1,1.0,0.0,0.8,0.3876411164354603,0.0,0.44999999999999996,0.25,0.33317439075241106,0.14992847583858496
V0231,V0465,5,3.0333,1.6484,0.2273,1,1.0,0.0,0.7667,0.40617106806834674,0.0,0.44999999999999996,0.25,0.3329998738239214,0.14984994322076461
V0223,V0307,3,2.8,1.0714,0.1875,1,1.0,0.0314,0.8667,0.3036932911264281,0.05233333333333333,0.44999999999999996,0.25,0.3328326518942498,0.1497746933524124
V0047,V0454,5,3.0426,1.6434,0.2632,1,1.0,0.0,0.7667,0.40538299498257796,0.0,0.44999999999999996,0.25,0.3327240482439023,0.149725821709756
V0451,V0454,3,0.7021,4.2727,0.2727,1,1.0,0.0,0.2623,0.6933341018603673,0.0,0.44999999999999996,0.25,0.3326269356511285,0.14968212104300782
V0174,V0215,3,1.7021,1.7625,0.2,1,1.0,0.0,0.7333,0.42376165396832743,0.0,0.44999999999999996,0.25,0.3324765788889146,0.14961446050001154
V0215,V0485,3,1.7021,1.7625,0.2,1,1.0,0.0,0.7333,0.42376165396832743,0.0,0.44999999999999996,0.25,0.3324765788889146,0.14961446050001154
V0298,V0383,3,1.4583,2.0571,0.2143,1,1.0,0.0,0.6589,0.4660198328338772,0.0,0.44999999999999996,0.25,0.332386941491857,0.14957412367133563
V0158,V0363,3,1.5904,1.8864,0.15,1,1.0,0.0,0.7,0.44205852645479543,0.0,0.44999999999999996,0.25,0.3322204842591784,0.14949921791663026
V0010,V0499,5,3.5686,1.4011,0.2273,1,1.0,0.0,0.8333,0.3652899172124299,0.0,0.44999999999999996,0.25,0.33201147102435047,0.14940516196095768
V0326,V0402,3,0.9231,3.25,0.375,1,1.0,0.0,0.4161,0.603412083651074,0.0,0.44999999999999996,0.25,0.3319142292778759,0.14936140317504415
V0033,V0168,3,1.5965,1.8791,0.1765,1,1.0,0.0,0.7,0.44100247300436357,0.0,0.44999999999999996,0.25,0.3318508655515272,0.14933288949818724
V0455,V0525,3,1.7143,1.75,0.2143,1,1.0,0.0,0.7333,0.42187034736422424,0.0,0.44999999999999996,0.25,0.33181462157747843,0.14931657970986528
V0024,V0509,3,1.6,1.875,0.1579,1,1.0,0.0,0.7,0.4404081722121619,0.0,0.44999999999999996,0.25,0.3316428602742566,0.14923928712341544
V0034,V0063,5,3.5918,1.392,0.2273,1,1.0,-0.0846,0.8333,0.36370639117637527,0.0,0.44999999999999996,0.25,0.33145723691173135,0.14915575661027908
V0338,V0513,3,1.8621,1.6111,0.1667,1,1.0,0.0,0.7667,0.40025584076723536,0.0,0.44999999999999996,0.25,0.3309295442685324,0.14891829492083955
V0243,V0395,3,1.619,1.8529,0.15,1,1.0,0.0,0.7,0.4371900777676392,0.0,0.44999999999999996,0.25,0.33051652721867364,0.14873243724840313
V0387,V0429,3,1.7391,1.725,0.2,1,1.0,0.0,0.7333,0.4180618059041901,0.0,0.44999999999999996,0.25,0.3304816320664665,0.14871673442990993
V0383,V0384,4,2.5,1.6,0.2222,1,1.0,0.0,0.7667,0.39847922295302907,0.0,0.44999999999999996,0.25,0.3303077280335602,0.14863847761510207
V0092,V0242,3,1.875,1.6,0.1765,1,1.0,0.0,0.7667,0.39847922295302907,0.0,0.44999999999999996,0.25,0.3303077280335602,0.14863847761510207
V0204,V0286,3,1.746,1.7182,0.1667,1,1.0,0.0,0.7333,0.4170198373059612,0.0,0.44999999999999996,0.25,0.3301169430570864,0.14855262437568886
V0258,V0456,3,1.5172,1.9773,0.1875,1,1.0,0.0,0.6667,0.4549893658504317,0.0,0.44999999999999996,0.25,0.33008627804765106,0.14853882512144295
V0501,V0502,3,1.75,1.7143,0.1765,1,1.0,0.0,0.7333,0.41642106082884556,0.0,0.44999999999999996,0.25,0.3299073712900959,0.14845831708054313
V0025,V0481,8,6.9,1.1594,0.3333,1,1.0,-0.0187,0.9,0.3210442149262433,0.0,0.44999999999999996,0.25,0.32986547522418513,0.1484394638508833
V0363,V0548,3,1.3333,2.25,0.1667,1,1.0,0.0,0.6014,0.49153731178849297,0.0,0.44999999999999996,0.25,0.3298180591259725,0.1484181266066876
V0463,V0528,3,1.7544,1.71,0.1765,1,1.0,0.0,0.7333,0.4157598733359857,0.0,0.44999999999999996,0.25,0.32967595566759494,0.1483541800504177
V0177,V0454,3,1.6383,1.8312,0.2,1,1.0,0.0,0.7,0.43400588084675074,0.0,0.44999999999999996,0.25,0.3294020582963627,0.1482309262333632
V0132,V0219,5,4.0,1.25,0.2381,1,1.0,-0.1446,0.8667,0.33818416734687673,0.0,0.44999999999999996,0.25,0.32920445857140684,0.14814200635713307
V0025,V0184,6,6.1333,0.9783,0.24,1,1.0,0.0375,0.8667,0.28451529880857973,0.0625,0.44999999999999996,0.25,0.3291703545830029,0.1481266595623513
V0002,V0007,3,1.7647,1.7,0.375,1,1.0,0.0,0.7333,0.4142181621848512,0.0,0.44999999999999996,0.25,0.3291363567646979,0.14811136054411403
V0020,V0529,3,1.9048,1.575,0.15,1,1.0,0.0,0.7667,0.39444989313977935,0.0,0.44999999999999996,0.25,0.3288974625989228,0.14800385816951522
V0145,V0335,5,3.4286,1.4583,0.3333,1,1.0,0.0,0.8,0.37510814769409,0.0,0.44999999999999996,0.25,0.3287878516929315,0.14795453326181918
V0230,V0335,5,3.4286,1.4583,0.3333,1,1.0,0.0,0.8,0.37510814769409,0.0,0.44999999999999996,0.25,0.3287878516929315,0.14795453326181918
V0016,V0195,4,2.75,1.4545,0.2353,1,1.0,0.0,0.8,0.37446300708040675,0.0,0.44999999999999996,0.25,0.32856205247814235,0.14785292361516406
V0073,V0368,3,1.7778,1.6875,0.15,1,1.0,0.0,0.7333,0.41228297360128685,0.0,0.44999999999999996,0.25,0.32845904076045035,0.14780656834220265
V0368,V0531,3,1.7778,1.6875,0.15,1,1.0,0.0,0.7333,0.41228297360128685,0.0,0.44999999999999996,0.25,0.32845904076045035,0.14780656834220265
V0020,V0329,3,1.7778,1.6875,0.1579,1,1.0,0.0,0.7333,0.41228297360128685,0.0,0.44999999999999996,0.25,0.32845904076045035,0.14780656834220265
V0144,V0465,4,2.3833,1.6783,0.2,1,1.0,0.0,0.7333,0.41085291591716816,0.0,0.44999999999999996,0.25,0.3279585205710088,0.14758133425695397
V0178,V0384,4,3.25,1.2308,0.1905,1,1.0,-0.1385,0.8667,0.33461022031912935,0.0,0.44999999999999996,0.25,0.32795357711169526,0.14757910970026286
V0132,V0468,4,2.5679,1.5577,0.16,1,1.0,0.0,0.7667,0.3916386290126219,0.0,0.44999999999999996,0.25,0.32791352015441766,0.14756108406948792
V0339,V0526,4,2.5714,1.5556,0.1739,1,1.0,0.0,0.7667,0.39129608385734865,0.0,0.44999999999999996,0.25,0.32779362935007206,0.14750713320753242
V0320,V0526,4,2.5714,1.5556,0.1739,1,1.0,0.0,0.7667,0.39129608385734865,0.0,0.44999999999999996,0.25,0.32779362935007206,0.14750713320753242
V0159,V0359,3,2.0952,1.4318,0.1875,1,1.0,0.0,0.8,0.37058821290520233,0.0,0.44999999999999996,0.25,0.3272058745168208,0.14724264353256936
V0041,V0119,4,4.7667,0.8392,0.2,1,1.0,-0.0253,1.0,0.25411063668170086,0.0,0.44999999999999996,0.25,0.3264387228385953,0.14689742527736788
V0426,V0483,3,1.4328,2.0938,0.1579,1,1.0,0.0,0.6199,0.4709964282561869,0.0,0.44999999999999996,0.25,0.3263287498896654,0.14684793745034944
V0254,V0327,3,2.1176,1.4167,0.3333,1,1.0,0.0,0.8,0.36799062211629613,0.0,0.44999999999999996,0.25,0.3262967177407037,0.14683352298331664
V0250,V0376,3,1.0,3.0,0.2308,1,1.0,0.0,0.4321,0.5781296526357756,0.0,0.44999999999999996,0.25,0.32626537842252146,0.14681942029013464
V0141,V0395,6,4.5873,1.308,0.2143,1,1.0,0.0,0.8333,0.3487981139684164,0.0,0.44999999999999996,0.25,0.32623933988894577,0.14680770295002557
V0359,V0387,4,2.8261,1.4154,0.2105,1,1.0,0.0,0.8,0.3677662301865217,0.0,0.44999999999999996,0.25,0.3262181805652826,0.14679818125437716
V0204,V0529,4,2.619,1.5273,0.1818,1,1.0,0.0,0.7667,0.3866522236081248,0.0,0.44999999999999996,0.25,0.32616827826284367,0.14677572521827964
V0091,V0488,3,1.697,1.7679,0.1579,1,1.0,0.0,0.7,0.42457605279277694,0.0,0.44999999999999996,0.25,0.3261016184774719,0.14674572831486232
V0132,V0322,3,1.5802,1.8984,0.1429,1,1.0,0.0,0.6643,0.4437887144907897,0.0,0.44999999999999996,0.25,0.32568605007177637,0.14655872253229935
V0159,V0191,4,2.2286,1.7949,0.1905,1,1.0,0.0,0.6906,0.42862436047602925,0.0,0.44999999999999996,0.25,0.3256385261666102,0.14653733677497457
V0251,V0359,3,1.9783,1.5165,0.1765,1,1.0,0.0,0.7667,0.3848662857395265,0.0,0.44999999999999996,0.25,0.3255432000088343,0.1464944400039754
V0218,V0438,3,2.1429,1.4,0.1875,1,1.0,0.0,0.8,0.36509882115586223,0.0,0.44999999999999996,0.25,0.3252845874045518,0.14637806433204828
V0445,V0526,3,1.7143,1.75,0.15,1,1.0,0.0,0.7,0.42187034736422424,0.0,0.44999999999999996,0.25,0.32515462157747843,0.14631957970986528
V0219,V0388,3,1.75,1.7143,0.2143,1,1.0,0.0,0.7087,0.41642106082884556,0.0,0.44999999999999996,0.25,0.3249873712900959,0.14624431708054314
V0039,V0091,3,1.7229,1.7413,0.1429,1,1.0,0.0,0.7,0.4205489171596916,0.0,0.44999999999999996,0.25,0.324692121005892,0.1461114544526514
V0278,V0504,3,1.8529,1.619,0.2308,1,1.0,0.0,0.7333,0.40151568604661586,0.0,0.44999999999999996,0.25,0.3246904901163155,0.14611072055234198
V0062,V0501,4,2.8936,1.3824,0.1905,1,1.0,0.0,0.8,0.36202931495607615,0.0,0.44999999999999996,0.25,0.3242102602346266,0.14589461710558196
V0062,V0241,3,2.1702,1.3824,0.15,1,1.0,0.0,0.8,0.36202931495607615,0.0,0.44999999999999996,0.25,0.3242102602346266,0.14589461710558196
V0050,V0513,3,1.4483,2.0714,0.1875,1,1.0,0.0,0.6145,0.46796601020857476,0.0,0.44999999999999996,0.25,0.32418810357300115,0.1458846466078505
V0035,V0152,3,1.7333,1.7308,0.1667,1,1.0,0.0,0.7,0.4189484911864458,0.0,0.44999999999999996,0.25,0.324131971915256,0.14585938736186518
V0035,V0308,3,1.7333,1.7308,0.1667,1,1.0,0.0,0.7,0.4189484911864458,0.0,0.44999999999999996,0.25,0.324131971915256,0.14585938736186518
V0216,V0220,3,1.7391,1.725,0.2,1,1.0,0.0,0.7,0.4180618059041901,0.0,0.44999999999999996,0.25,0.3238216320664665,0.14571973442990993
V0002,V0242,3,1.5,2.0,0.1875,1,1.0,0.0,0.6293,0.45815690999132613,0.0,0.44999999999999996,0.25,0.3237149184969641,0.14567171332363382
V0395,V0481,4,2.6984,1.4824,0.1739,1,1.0,0.0,0.7667,0.37917662396112767,0.0,0.44999999999999996,0.25,0.3235518183863947,0.1455983182738776
V0244,V0276,3,2.025,1.4815,0.2,1,1.0,0.0,0.7667,0.3790254004649273,0.0,0.44999999999999996,0.25,0.32349889016272454,0.14557450057322602
V0023,V0298,3,1.75,1.7143,0.1875,1,1.0,0.0,0.7,0.41642106082884556,0.0,0.44999999999999996,0.25,0.3232473712900959,0.14546131708054313
V0127,V0244,3,2.3824,1.2593,0.2,1,1.0,-0.0805,0.8333,0.3399043486340837,0.0,0.44999999999999996,0.25,0.32312652202192926,0.14540693490986814
V0001,V0053,3,2.2,1.3636,0.1304,1,1.0,-0.0669,0.8,0.3587253748098581,0.0,0.44999999999999996,0.25,0.32305388118345035,0.14537424653255265
V0117,V0188,3,1.8871,1.5897,0.1579,1,1.0,0.0,0.7333,0.39682385201766135,0.0,0.44999999999999996,0.25,0.32304834820618145,0.14537175669278163
V0502,V0509,3,2.0417,1.4694,0.1667,1,1.0,0.0,0.7667,0.3769869420095887,0.0,0.44999999999999996,0.25,0.32278542970335605,0.14525344336651022
V0460,V0481,3,2.2105,1.3571,0.2143,1,1.0,0.0,0.8,0.3575769382401408,0.0,0.44999999999999996,0.25,0.3226519283840493,0.14519336777282218
V0298,V0513,3,1.8958,1.5824,0.1765,1,1.0,0.0,0.7333,0.3956466363880549,0.0,0.44999999999999996,0.25,0.3226363227358192,0.14518634523111862
V0016,V0076,3,1.7627,1.7019,0.1667,1,1.0,0.0,0.7,0.4145115262146855,0.0,0.44999999999999996,0.25,0.3225790341751399,0.14516056537881294
V0047,V0209,3,2.2128,1.3558,0.1667,1,1.0,0.0,0.8,0.35734687092591744,0.0,0.44999999999999996,0.25,0.3225714048240711,0.14515713217083198
V0498,V0499,4,2.549,1.5692,0.2105,1,1.0,0.0,0.7333,0.3935094985613425,0.0,0.44999999999999996,0.25,0.3218883244964698,0.1448497460234114
V0010,V0505,3,1.9216,1.5612,0.1667,1,1.0,0.0,0.7333,0.3922089130960937,0.0,0.44999999999999996,0.25,0.32143311958363274,0.14464490381263473
V0012,V0452,3,1.9231,1.56,0.4286,1,1.0,0.0,0.7333,0.3920134749648479,0.0,0.44999999999999996,0.25,0.3213647162376967,0.1446141223069635
V0066,V0254,4,3.0,1.3333,0.2105,1,1.0,0.0,0.8,0.3533446953177762,0.0,0.44999999999999996,0.25,0.3211706433612217,0.14452678951254974
V0132,V0242,3,2.25,1.3333,0.1667,1,1.0,0.0,0.8,0.3533446953177762,0.0,0.44999999999999996,0.25,0.3211706433612217,0.14452678951254974
V0304,V0346,3,1.9286,1.5556,0.2,1,1.0,0.0,0.7333,0.39129608385734865,0.0,0.44999999999999996,0.25,0.321113629350072,0.14450113320753238
V0302,V0338,3,2.0833,1.44,0.1765,1,1.0,0.0,0.7667,0.3719920754771491,0.0,0.44999999999999996,0.25,0.32103722641700216,0.14446675188765096
V0302,V0383,3,2.0833,1.44,0.1765,1,1.0,0.0,0.7667,0.3719920754771491,0.0,0.44999999999999996,0.25,0.32103722641700216,0.14446675188765096
V0153,V0496,3,2.087,1.4375,0.1765,1,1.0,0.0,0.7667,0.37156456914404346,0.0,0.44999999999999996,0.25,0.3208875992004152,0.14439941964018682
V0248,V0340,3,1.8,1.6667,0.1429,1,1.0,0.0,0.7,0.4090427818346498,0.0,0.44999999999999996,0.25,0.3206649736421274,0.14429923813895731
V0080,V0507,3,1.4,2.1429,0.375,1,1.0,0.0,0.58,0.4775629501272032,0.0,0.44999999999999996,0.25,0.3206470325445211,0.14429116464503447
V0127,V0198,3,1.4194,2.1136,0.1875,1,1.0,0.0,0.5861,0.47365688814427714,0.0,0.44999999999999996,0.25,0.32049991085049695,0.1442249598827236
V0026,V0041,3,2.9333,1.0227,0.1875,1,1.0,-0.0191,0.9,0.29377148392091007,0.0,0.44999999999999996,0.25,0.3203200193723185,0.14414400871754332
V0308,V0396,3,1.95,1.5385,0.1579,1,1.0,0.0,0.7333,0.38849626419178657,0.0,0.44999999999999996,0.25,0.32013369246712525,0.14406016161020635
V0198,V0309,3,1.9516,1.5372,0.1579,1,1.0,0.0,0.7333,0.3882826415896997,0.0,0.44999999999999996,0.25,0.32005892455639484,0.14402651605037767
V0050,V0223,4,3.6,1.1111,0.2353,1,1.0,-0.0449,0.8667,0.3116104139887954,0.0,0.44999999999999996,0.25,0.31990364489607837,0.14395664020323526
V0220,V0496,4,2.6087,1.5333,0.2222,1,1.0,0.0,0.7333,0.3876411164354603,0.0,0.44999999999999996,0.25,0.31983439075241105,0.14392547583858495
V0264,V0498,3,1.9608,1.53,0.1765,1,1.0,0.0,0.7333,0.3870975155875705,0.0,0.44999999999999996,0.25,0.31964413045564966,0.14383985870504232
V0002,V0327,3,2.1176,1.4167,0.3333,1,1.0,0.0,0.7667,0.36799062211629613,0.0,0.44999999999999996,0.25,0.3196367177407037,0.14383652298331664
V0395,V0475,4,2.4286,1.6471,0.1818,1,1.0,0.0,0.7,0.40596631228712027,0.0,0.44999999999999996,0.25,0.31958820930049203,0.1438146941852214
V0263,V0328,3,1.8286,1.6406,0.1765,1,1.0,0.0,0.7,0.40494102268686183,0.0,0.44999999999999996,0.25,0.3192293579404016,0.1436532110731807
V0026,V0460,3,2.1333,1.4062,0.2308,1,1.0,0.0,0.7667,0.3661747656696426,0.0,0.44999999999999996,0.25,0.31900116798437494,0.14355052559296871
V0215,V0293,3,1.0638,2.82,0.25,1,1.0,0.0,0.4276,0.5589278388519431,0.0,0.44999999999999996,0.25,0.31864474359818007,0.14339013461918101
V0145,V0458,4,2.8571,1.4,0.2857,1,1.0,0.0,0.7667,0.36509882115586223,0.0,0.44999999999999996,0.25,0.3186245874045518,0.14338106433204828
V0335,V0488,3,2.1429,1.4,0.2143,1,1.0,0.0,0.7667,0.36509882115586223,0.0,0.44999999999999996,0.25,0.3186245874045518,0.14338106433204828
V0339,V0345,3,1.2,2.5,0.1875,1,1.0,0.0,0.4912,0.522442736639361,0.0,0.44999999999999996,0.25,0.31859495782377634,0.14336773102069933
V0243,V0529,3,1.4286,2.1,0.1667,1,1.0,0.0,0.5784,0.47183132821757545,0.0,0.44999999999999996,0.25,0.31832096487615136,0.1432444341942681
V0187,V0248,3,2.0,1.5,0.1364,1,1.0,0.0,0.7333,0.3821229151533518,0.0,0.44999999999999996,0.25,0.31790302030367307,0.14305635913665288
V0025,V0460,5,6.1333,0.8152,0.1923,1,1.0,-0.1291,0.9667,0.2486328995459956,0.0,0.44999999999999996,0.25,0.3178615148410984,0.1430376816784943
V0113,V0295,3,3.6842,0.8143,0.2143,1,1.0,-0.0217,0.9667,0.24842607813259174,0.0,0.44999999999999996,0.25,0.3177891273464071,0.14300510730588317
V0010,V0460,5,5.0667,0.9868,0.2273,1,1.0,-0.0828,0.9,0.28630328940507715,0.0,0.44999999999999996,0.25,0.317706151291777,0.14296776808129963
V0086,V0513,3,1.8621,1.6111,0.1667,1,1.0,0.0,0.7,0.40025584076723536,0.0,0.44999999999999996,0.25,0.31758954426853236,0.14291529492083954
V0015,V0242,3,1.875,1.6,0.1765,1,1.0,0.0,0.7,0.39847922295302907,0.0,0.44999999999999996,0.25,0.3169677280335601,0.14263547761510204
V0043,V0526,5,3.6429,1.3725,0.1852,1,1.0,0.0,0.7667,0.360292737261087,0.0,0.44999999999999996,0.25,0.31694245804138044,0.14262410611862117
V0141,V0481,4,2.6984,1.4824,0.1739,1,1.0,0.0,0.7333,0.37917662396112767,0.0,0.44999999999999996,0.25,0.31687181838639467,0.14259231827387758
V0295,V0407,3,2.5789,1.1633,0.2727,1,1.0,0.0,0.8333,0.3217967199660809,0.0,0.44999999999999996,0.25,0.31678885198812834,0.14255498339465775
V0275,V0363,3,1.8795,1.5962,0.1364,1,1.0,0.0,0.7,0.3978692682284541,0.0,0.44999999999999996,0.25,0.3167542438799589,0.14253940974598148
V0034,V0363,3,1.8795,1.5962,0.1364,1,1.0,0.0,0.7,0.3978692682284541,0.0,0.44999999999999996,0.25,0.3167542438799589,0.14253940974598148
V0175,V0215,3,1.8837,1.5926,0.2,1,1.0,0.0,0.7,0.39729059229181396,0.0,0.44999999999999996,0.25,0.31655170730213483,0.14244826828596066
V0302,V0513,4,2.7083,1.4769,0.2105,1,1.0,0.0,0.7333,0.37825162281451513,0.0,0.44999999999999996,0.25,0.3165480679850803,0.1424466305932861
V0396,V0495,3,2.0408,1.47,0.1765,1,1.0,0.0,0.7333,0.377088257730561,0.0,0.44999999999999996,0.25,0.3161408902056963,0.14226340059256332
V0047,V0501,3,2.2128,1.3558,0.1667,1,1.0,0.0,0.7667,0.35734687092591744,0.0,0.44999999999999996,0.25,0.3159114048240711,0.14216013217083198
V0223,V0460,4,3.2,1.25,0.25,1,1.0,0.0,0.8,0.33818416734687673,0.0,0.44999999999999996,0.25,0.3158644585714069,0.14213900635713309
V0198,V0244,3,1.7742,1.6909,0.1667,1,1.0,0.0,0.6667,0.4128102346156106,0.0,0.44999999999999996,0.25,0.31532358211546363,0.14189561195195863
V0191,V0339,3,2.2286,1.3462,0.1364,1,1.0,0.0,0.7667,0.35564397151267546,0.0,0.44999999999999996,0.25,0.3153153900294364,0.14189192551324636
V0129,V0417,3,2.234,1.3429,0.1579,1,1.0,0.0,0.7667,0.3550569901649108,0.0,0.44999999999999996,0.25,0.3151099465577188,0.14179947595097345
V0129,V0502,3,2.234,1.3429,0.1579,1,1.0,0.0,0.7667,0.3550569901649108,0.0,0.44999999999999996,0.25,0.3151099465577188,0.14179947595097345
V0141,V0529,5,4.0476,1.2353,0.1852,1,1.0,0.0,0.8,0.33545061636780293,0.0,0.44999999999999996,0.25,0.314907715728731,0.14170847207792894
V0043,V0421,3,2.4286,1.2353,0.125,1,1.0,0.0,0.8,0.33545061636780293,0.0,0.44999999999999996,0.25,0.314907715728731,0.14170847207792894
V0039,V0548,3,2.0741,1.4464,0.1304,1,1.0,0.0,0.7333,0.3730844988691404,0.0,0.44999999999999996,0.25,0.3147395746041991,0.1416328085718896
V0221,V0458,3,1.7857,1.68,0.25,1,1.0,0.0,0.6667,0.41111753532601364,0.0,0.44999999999999996,0.25,0.31473113736410474,0.14162901181384713
V0002,V0310,3,1.7647,1.7,0.375,1,1.0,0.0,0.661,0.4142181621848512,0.0,0.44999999999999996,0.25,0.3146763567646979,0.14160436054411404
V0184,V0258,3,1.931,1.5536,0.1579,1,1.0,0.0,0.7,0.3909695885839396,0.0,0.44999999999999996,0.25,0.3143393560043788,0.14145271020197045
V0256,V0495,3,2.449,1.225,0.1579,1,1.0,0.0,0.8,0.3335245390783386,0.0,0.44999999999999996,0.25,0.3142335886774185,0.1414051149048383
V0289,V0359,3,2.2609,1.3269,0.1667,1,1.0,0.0,0.7667,0.3521992470610197,0.0,0.44999999999999996,0.25,0.31410973647135687,0.14134938141211056
V0280,V0379,4,3.025,1.3223,0.2222,1,1.0,0.0,0.7667,0.35137400847092276,0.0,0.44999999999999996,0.25,0.31382090296482296,0.14121940633417032
V0025,V0307,5,5.3667,0.9317,0.2,1,1.0,-0.1132,0.9,0.2745743117720691,0.0,0.44999999999999996,0.25,0.31360100912022415,0.14112045410410085
V0231,V0308,4,3.0333,1.3187,0.1739,1,1.0,0.0,0.7667,0.35072702854838766,0.0,0.44999999999999996,0.25,0.3135944599919357,0.14111750699637104
V0025,V0308,3,1.95,1.5385,0.1579,1,1.0,0.0,0.7,0.38849626419178657,0.0,0.44999999999999996,0.25,0.31347369246712525,0.14106316161020635
V0066,V0195,5,4.125,1.2121,0.2381,1,1.0,0.0,0.8,0.33109965209960995,0.0,0.44999999999999996,0.25,0.3133848782348635,0.14102319520568857
V0263,V0492,3,2.2857,1.3125,0.1667,1,1.0,0.0,0.7667,0.34961042707511725,0.0,0.44999999999999996,0.25,0.31320364947629104,0.14094164226433095
V0152,V0336,4,2.8167,1.4201,0.1818,1,1.0,0.0,0.7333,0.3685769231270415,0.0,0.44999999999999996,0.25,0.31316192309446444,0.14092286539250898
V0062,V0063,3,1.9592,1.5312,0.1579,1,1.0,0.0,0.7,0.3872952706176371,0.0,0.44999999999999996,0.25,0.31305334471617297,0.14087400512227782
V0047,V0129,5,4.1489,1.2051,0.2174,1,1.0,0.0,0.8,0.3297778966057781,0.0,0.44999999999999996,0.25,0.31292226381202237,0.14081501871541005
V0304,V0525,3,1.9286,1.5556,0.2,1,1.0,0.0,0.6918,0.39129608385734865,0.0,0.44999999999999996,0.25,0.312813629350072,0.1407661332075324
V0113,V0407,4,3.6842,1.0857,0.3077,1,1.0,0.0016,0.8333,0.30656240022633563,0.002666666666666667,0.44999999999999996,0.25,0.3122568400792175,0.14051557803564788
V0359,V0418,3,1.9783,1.5165,0.1765,1,1.0,0.0,0.7,0.3848662857395265,0.0,0.44999999999999996,0.25,0.3122032000088342,0.1404914400039754
V0421,V0525,3,2.1429,1.4,0.1875,1,1.0,0.0,0.7333,0.36509882115586223,0.0,0.44999999999999996,0.25,0.3119445874045518,0.1403750643320483
V0438,V0525,3,2.1429,1.4,0.1875,1,1.0,0.0,0.7333,0.36509882115586223,0.0,0.44999999999999996,0.25,0.3119445874045518,0.1403750643320483
V0221,V0335,3,2.1429,1.4,0.2143,1,1.0,0.0,0.7333,0.36509882115586223,0.0,0.44999999999999996,0.25,0.3119445874045518,0.1403750643320483
V0469,V0529,3,2.1429,1.4,0.1429,1,1.0,0.0,0.7333,0.36509882115586223,0.0,0.44999999999999996,0.25,0.3119445874045518,0.1403750643320483
V0249,V0270,4,2.8644,1.3964,0.1818,1,1.0,0.0,0.7333,0.3644728029375957,0.0,0.44999999999999996,0.25,0.31172548102815845,0.14027646646267128
V0026,V0113,4,3.6842,1.0857,0.3077,1,1.0,0.0,0.8333,0.30656240022633563,0.0,0.44999999999999996,0.25,0.3114568400792175,0.14015557803564785
V0431,V0452,3,2.1569,1.3909,0.1667,1,1.0,0.0,0.7333,0.3635145679567158,0.0,0.44999999999999996,0.25,0.31139009878485047,0.1401255444531827
V0248,V0335,3,2.0,1.5,0.1364,1,1.0,0.0,0.7,0.3821229151533518,0.0,0.44999999999999996,0.25,0.31124302030367307,0.14005935913665288
V0144,V0434,3,2.0167,1.4876,0.1579,1,1.0,0.0,0.7,0.38004928763385,0.0,0.44999999999999996,0.25,0.31051725067184743,0.13973276280233132
V0159,V0421,4,2.619,1.5273,0.2353,1,1.0,0.0,0.6878,0.3866522236081248,0.0,0.44999999999999996,0.25,0.31038827826284365,0.13967472521827964
V0302,V0502,4,2.9167,1.3714,0.2,1,1.0,0.0,0.7333,0.3600993370465849,0.0,0.44999999999999996,0.25,0.3101947679663047,0.1395876455848371
V0061,V0367,4,3.4375,1.1636,0.1818,1,1.0,0.0,0.8,0.3218545487662047,0.0,0.44999999999999996,0.25,0.31014909206817165,0.13956709143067722
V0024,V0275,3,2.1928,1.3681,0.125,1,1.0,0.0,0.7333,0.3595185976799449,0.0,0.44999999999999996,0.25,0.3099915091879807,0.1394961791345913
V0308,V0434,3,2.3833,1.2587,0.1429,1,1.0,0.0,0.7667,0.33979358305802104,0.0,0.44999999999999996,0.25,0.3097677540703074,0.1393954893316383
V0119,V0499,3,2.0392,1.4712,0.1667,1,1.0,0.0,0.7,0.37729081536010345,0.0,0.44999999999999996,0.25,0.30955178537603617,0.13929830341921626
V0367,V0513,3,2.9792,1.007,0.1429,1,1.0,0.0072,0.8333,0.2905218913089616,0.012,0.44999999999999996,0.25,0.3094426619581366,0.13924919788116144
V0502,V0513,4,3.7917,1.0549,0.1739,1,1.0,-0.0269,0.8333,0.30035806531415954,0.0,0.44999999999999996,0.25,0.30928532285995586,0.13917839528698012
V0047,V0174,3,2.2128,1.3558,0.1667,1,1.0,0.0,0.7333,0.35734687092591744,0.0,0.44999999999999996,0.25,0.3092314048240711,0.13915413217083197
V0132,V0319,3,2.4,1.25,0.1579,1,1.0,0.0,0.7667,0.33818416734687673,0.0,0.44999999999999996,0.25,0.3092044585714069,0.13914200635713309
V0320,V0339,3,2.0571,1.4583,0.1429,1,1.0,0.0,0.7,0.37510814769409,0.0,0.44999999999999996,0.25,0.30878785169293144,0.13895453326181914
V0141,V0204,4,2.9683,1.3476,0.1667,1,1.0,0.0,0.7333,0.35589274451762126,0.0,0.44999999999999996,0.25,0.30872246058116737,0.1389251072615253
V0406,V0481,3,2.0635,1.4538,0.15,1,1.0,0.0,0.7,0.3743440564555566,0.0,0.44999999999999996,0.25,0.3085204197594448,0.13883418889175014
V0129,V0454,4,3.5106,1.1394,0.1818,1,1.0,0.0,0.8,0.31716373292748173,0.0,0.44999999999999996,0.25,0.3085073065246186,0.13882828793607835
V0016,V0060,3,2.4237,1.2378,0.1429,1,1.0,0.0,0.7667,0.3359167723165258,0.0,0.44999999999999996,0.25,0.308410870310784,0.1387848916398528
V0113,V0513,3,2.069,1.45,0.1579,1,1.0,0.0,0.7,0.3736977318074825,0.0,0.44999999999999996,0.25,0.3082942061326188,0.13873239275967847
V0014,V0127,3,2.6471,1.1333,0.1875,1,1.0,0.0,0.8,0.31597296394484964,0.0,0.44999999999999996,0.25,0.30809053738069736,0.1386407418213138
V0023,V0384,4,3.0,1.3333,0.2,1,1.0,0.0,0.7333,0.3533446953177762,0.0,0.44999999999999996,0.25,0.3078306433612216,0.1385237895125497
V0340,V0496,3,2.087,1.4375,0.1765,1,1.0,0.0,0.7,0.37156456914404346,0.0,0.44999999999999996,0.25,0.3075475992004152,0.1383964196401868
V0359,V0429,3,2.2609,1.3269,0.1667,1,1.0,0.0,0.7333,0.3521992470610197,0.0,0.44999999999999996,0.25,0.30742973647135685,0.13834338141211058
V0195,V0242,5,4.125,1.2121,0.2381,1,1.0,-0.0076,0.7667,0.33109965209960995,0.0,0.44999999999999996,0.25,0.3067248782348635,0.13802619520568857
V0033,V0528,3,2.2807,1.3154,0.15,1,1.0,0.0,0.7333,0.3501330805868302,0.0,0.44999999999999996,0.25,0.3067065782053905,0.1380179601924257
V0063,V0424,3,2.2857,1.3125,0.15,1,1.0,0.0,0.7333,0.34961042707511725,0.0,0.44999999999999996,0.25,0.30652364947629096,0.13793564226433092
V0254,V0523,3,2.1176,1.4167,0.3333,1,1.0,0.0,0.7,0.36799062211629613,0.0,0.44999999999999996,0.25,0.3062967177407036,0.1378335229833166
V0123,V0278,3,1.4412,2.0816,0.2727,1,1.0,0.0,0.5225,0.46934866396740416,0.0,0.44999999999999996,0.25,0.3062720323885914,0.13782241457486613
V0062,V0129,6,5.4255,1.1059,0.2308,1,1.0,0.0,0.8,0.31058192476207364,0.0,0.44999999999999996,0.25,0.3062036736667258,0.1377916531500266
V0120,V0483,4,3.3433,1.1964,0.1538,1,1.0,0.0,0.7667,0.3281292829375126,0.0,0.44999999999999996,0.25,0.30568524902812944,0.13755836206265823
V0041,V0277,4,4.4,0.9091,0.2105,1,1.0,-0.073,0.8667,0.2696664588123775,0.0,0.44999999999999996,0.25,0.30522326058433213,0.13735046726294944
V0172,V0332,4,3.1045,1.2885,0.16,1,1.0,0.0,0.7333,0.34525969107291127,0.0,0.44999999999999996,0.25,0.30500089187551893,0.1372504013439835
V0378,V0452,3,2.1569,1.3909,0.1667,1,1.0,0.0,0.7,0.3635145679567158,0.0,0.44999999999999996,0.25,0.30473009878485047,0.1371285444531827
V0247,V0496,3,2.3478,1.2778,0.1667,1,1.0,0.0,0.7333,0.3433052619922881,0.0,0.44999999999999996,0.25,0.3043168416973008,0.13694257876378535
V0062,V0162,3,2.1702,1.3824,0.15,1,1.0,0.0,0.7,0.36202931495607615,0.0,0.44999999999999996,0.25,0.3042102602346266,0.13689461710558196
V0144,V0231,3,2.5667,1.1688,0.1364,1,1.0,0.0,0.7667,0.3228556426064634,0.0,0.44999999999999996,0.25,0.30383947491226215,0.13672776371051795
V0219,V0242,3,3.375,0.8889,0.1429,1,1.0,-0.1256,0.8667,0.26523036942869654,0.0,0.44999999999999996,0.25,0.3036706293000438,0.1366517831850197
V0066,V0242,6,5.625,1.0667,0.25,1,1.0,0.0,0.8,0.302745970818787,0.0,0.44999999999999996,0.25,0.3034610897865755,0.13655749040395895
V0063,V0215,3,1.3061,2.2969,0.1765,1,1.0,0.0,0.4584,0.4975124003784405,0.0,0.44999999999999996,0.25,0.30330934013245414,0.13648920305960435
V0047,V0062,5,4.7021,1.0633,0.2,1,1.0,0.0,0.8,0.3020593313751243,0.0,0.44999999999999996,0.25,0.3032207659812935,0.13644934469158207
V0242,V0280,4,4.125,0.9697,0.1818,1,1.0,0.0,0.8333,0.2826984374919831,0.0,0.44999999999999996,0.25,0.3031044531221941,0.13639700390498732
V0053,V0121,3,2.2,1.3636,0.1304,1,1.0,0.0,0.7,0.3587253748098581,0.0,0.44999999999999996,0.25,0.30305388118345034,0.13637424653255265
V0054,V0483,3,2.3881,1.2563,0.1304,1,1.0,0.0,0.7333,0.33935022632106127,0.0,0.44999999999999996,0.25,0.3029325792123714,0.1363196606455671
V0115,V0228,3,1.6071,1.8667,0.2727,1,1.0,0.0,0.5553,0.4392024765959333,0.0,0.44999999999999996,0.25,0.30228086680857663,0.13602639006385947
V0329,V0481,3,2.2222,1.35,0.1429,1,1.0,0.0,0.7,0.35631886757045705,0.0,0.44999999999999996,0.25,0.30221160364965993,0.13599522164234695
V0023,V0502,4,3.5,1.1429,0.1818,1,1.0,0.0,0.7667,0.31784542906974,0.0,0.44999999999999996,0.25,0.302085900174409,0.13593865507848404
V0384,V0502,4,3.5,1.1429,0.1818,1,1.0,0.0,0.7667,0.31784542906974,0.0,0.44999999999999996,0.25,0.302085900174409,0.13593865507848404
V0113,V0307,3,2.6316,1.14,0.25,1,1.0,0.0,0.7667,0.31728067429145523,0.0,0.44999999999999996,0.25,0.3018882360020093,0.13584970620090417
V0262,V0329,3,1.2632,2.375,0.2,1,1.0,0.0,0.4337,0.507276251020315,0.0,0.44999999999999996,0.25,0.3017866878571102,0.13580400953569957
V0129,V0177,3,2.234,1.3429,0.1579,1,1.0,0.0,0.7,0.3550569901649108,0.0,0.44999999999999996,0.25,0.3017699465577187,0.1357964759509734
V0395,V0529,5,4.0476,1.2353,0.1852,1,1.0,0.0,0.7333,0.33545061636780293,0.0,0.44999999999999996,0.25,0.301567715728731,0.13570547207792893
V0022,V0141,4,3.2381,1.2353,0.16,1,1.0,0.0,0.7333,0.33545061636780293,0.0,0.44999999999999996,0.25,0.301567715728731,0.13570547207792893
V0062,V0209,3,2.8936,1.0368,0.1364,1,1.0,0.0,0.8,0.29666848126808165,0.0,0.44999999999999996,0.25,0.3013339684438286,0.13560028579972286
V0204,V0329,3,2.4444,1.2273,0.1364,1,1.0,0.0,0.7333,0.33395540608442453,0.0,0.44999999999999996,0.25,0.30104439212954853,0.13546997645829684
V0335,V0425,3,1.7143,1.75,0.2308,1,1.0,0.0,0.5788,0.42187034736422424,0.0,0.44999999999999996,0.25,0.30091462157747845,0.13541157970986528
V0338,V0502,3,2.9167,1.0286,0.1429,1,1.0,0.0,0.8,0.2949861522243537,0.0,0.44999999999999996,0.25,0.3007451532785238,0.1353353189753357
V0202,V0406,3,2.2698,1.3217,0.1429,1,1.0,0.0,0.7,0.3512662481624616,0.0,0.44999999999999996,0.25,0.3004431868568615,0.13519943408558766
V0313,V0483,4,3.5821,1.1167,0.1481,1,1.0,0.0,0.7667,0.3127151884614605,0.0,0.44999999999999996,0.25,0.3002903159615112,0.13513064218268
V0309,V0546,3,2.4706,1.2143,0.1875,1,1.0,0.0,0.7333,0.3315141972544446,0.0,0.44999999999999996,0.25,0.3001899690390556,0.135085486067575
V0022,V0406,3,2.4762,1.2115,0.1364,1,1.0,0.0,0.7333,0.33098652277671053,0.0,0.44999999999999996,0.25,0.30000528297184864,0.13500237733733186
V0063,V0433,3,2.2857,1.3125,0.15,1,1.0,0.0,0.7,0.34961042707511725,0.0,0.44999999999999996,0.25,0.29986364947629096,0.13493864226433092
V0063,V0502,3,2.2857,1.3125,0.15,1,1.0,0.0,0.7,0.34961042707511725,0.0,0.44999999999999996,0.25,0.29986364947629096,0.13493864226433092
V0302,V0367,3,2.2917,1.3091,0.1667,1,1.0,0.0,0.7,0.34899682555761574,0.0,0.44999999999999996,0.25,0.29964888894516545,0.13484200002532443
V0184,V0307,4,3.9474,1.0133,0.25,1,1.0,-0.0012,0.8,0.29182891129082583,0.0,0.44999999999999996,0.25,0.29964011895178905,0.13483805352830505
V0132,V0276,3,3.6,0.8333,0.1364,1,1.0,-0.0845,0.8667,0.2527706812147373,0.0,0.44999999999999996,0.25,0.29930973842515807,0.13468938229132113
V0329,V0529,4,3.3333,1.2,0.16,1,1.0,0.0,0.7333,0.32881225852876034,0.0,0.44999999999999996,0.25,0.29924429048506607,0.13465993071827972
V0023,V0383,3,2.5,1.2,0.1579,1,1.0,0.0,0.7333,0.32881225852876034,0.0,0.44999999999999996,0.25,0.29924429048506607,0.13465993071827972
V0010,V0264,3,2.7451,1.0929,0.1429,1,1.0,0.0,0.7667,0.307999549601638,0.0,0.44999999999999996,0.25,0.2986398423605733,0.13438792906225797
V0091,V0525,3,1.2,2.5,0.1875,1,1.0,0.0,0.391,0.522442736639361,0.0,0.44999999999999996,0.25,0.29855495782377633,0.13434973102069933
V0016,V0379,3,2.75,1.0909,0.1667,1,1.0,0.0,0.7667,0.30760083797757326,0.0,0.44999999999999996,0.25,0.29850029329215066,0.13432513198146778
V0060,V0076,3,1.4915,2.0114,0.1875,1,1.0,0.0,0.4995,0.4597386297109993,0.0,0.44999999999999996,0.25,0.29830852039884975,0.13423883417948237
V0132,V0151,4,3.2,1.25,0.2,1,1.0,0.0,0.712,0.33818416734687673,0.0,0.44999999999999996,0.25,0.2982644585714068,0.13421900635713305
V0062,V0079,3,2.5319,1.1849,0.1429,1,1.0,0.0,0.7333,0.32594003156682533,0.0,0.44999999999999996,0.25,0.2982390110483888,0.13420755497177494
V0010,V0431,3,3.0196,0.9935,0.1364,1,1.0,0.0,0.8,0.2877072638097998,0.0,0.44999999999999996,0.25,0.29819754233342993,0.13418889405004344
V0041,V0295,4,5.1333,0.7792,0.1905,1,1.0,0.0061,0.8667,0.240278977822804,0.010166666666666668,0.44999999999999996,0.25,0.2979876422379814,0.13409443900709161
V0331,V0529,3,1.9048,1.575,0.15,1,1.0,0.0,0.6117,0.39444989313977935,0.0,0.44999999999999996,0.25,0.29789746259892275,0.13405385816951523
V0047,V0091,3,2.5455,1.1786,0.1304,1,1.0,0.0,0.7333,0.3247358120680045,0.0,0.44999999999999996,0.25,0.2978175342238015,0.1340178904007107
V0129,V0174,3,2.5532,1.175,0.15,1,1.0,0.0,0.7333,0.32404612217857465,0.0,0.44999999999999996,0.25,0.2975761427625011,0.1339092642431255
V0129,V0485,3,2.5532,1.175,0.15,1,1.0,0.0,0.7333,0.32404612217857465,0.0,0.44999999999999996,0.25,0.2975761427625011,0.1339092642431255
V0066,V0379,3,4.125,0.7273,0.1304,1,1.0,-0.0028,0.9,0.227933013554533,0.0,0.44999999999999996,0.25,0.29727655474408654,0.13377444963483892
V0231,V0434,3,2.5667,1.1688,0.1364,1,1.0,0.0,0.7333,0.3228556426064634,0.0,0.44999999999999996,0.25,0.29715947491226213,0.13372176371051794
V0223,V0407,3,2.8,1.0714,0.1875,1,1.0,-0.0471,0.7667,0.3036932911264281,0.0,0.44999999999999996,0.25,0.29713265189424987,0.13370969335241242
V0025,V0113,3,3.0667,0.9783,0.125,1,1.0,0.0,0.8,0.28451529880857973,0.0,0.44999999999999996,0.25,0.2970803545830029,0.1336861595623513
V0016,V0066,4,3.75,1.0667,0.1905,1,1.0,0.0,0.7667,0.302745970818787,0.0,0.44999999999999996,0.25,0.2968010897865755,0.13356049040395895
V0152,V0434,3,2.3833,1.2587,0.1429,1,1.0,0.0,0.7,0.33979358305802104,0.0,0.44999999999999996,0.25,0.2964277540703073,0.13339248933163828
V0091,V0248,3,2.6,1.1538,0.12,1,1.0,0.0,0.7333,0.31996131466461963,0.0,0.44999999999999996,0.25,0.2961464601326168,0.13326590705967756
V0395,V0469,3,2.4286,1.2353,0.1304,1,1.0,0.0,0.7,0.33545061636780293,0.0,0.44999999999999996,0.25,0.294907715728731,0.13270847207792894
V0256,V0396,3,2.449,1.225,0.1579,1,1.0,0.0,0.7,0.3335245390783386,0.0,0.44999999999999996,0.25,0.29423358867741845,0.13240511490483828
V0014,V0309,3,3.5294,0.85,0.1579,1,1.0,-0.0544,0.8333,0.2565523382396534,0.0,0.44999999999999996,0.25,0.2939533183838787,0.13227899327274542
V0022,V0329,3,2.6667,1.125,0.1304,1,1.0,0.0,0.7268,0.31434725733318625,0.0,0.44999999999999996,0.25,0.29288154006661515,0.13179669302997682
V0188,V0284,3,2.5161,1.1923,0.1364,1,1.0,0.0,0.7,0.3273500848596009,0.0,0.44999999999999996,0.25,0.2920725297008603,0.13143263836538713
V0263,V0458,3,2.7429,1.0938,0.1579,1,1.0,0.0,0.7333,0.3081788455426241,0.0,0.44999999999999996,0.25,0.2920225959399184,0.13141016817296328
V0200,V0262,3,2.5263,1.1875,0.1429,1,1.0,0.0,0.7,0.32643599915693716,0.0,0.44999999999999996,0.25,0.29175259970492795,0.13128866986721757
V0025,V0026,5,6.1333,0.8152,0.1923,1,1.0,-0.0339,0.8333,0.2486328995459956,0.0,0.44999999999999996,0.25,0.29118151484109844,0.1310316816784943
V0217,V0422,3,2.5,1.2,0.375,1,1.0,0.0,0.6901,0.32881225852876034,0.0,0.44999999999999996,0.25,0.2906042904850661,0.13077193071827972
V0091,V0526,3,2.5714,1.1667,0.125,1,1.0,0.0,0.7,0.32245164394864717,0.0,0.44999999999999996,0.25,0.29035807538202646,0.1306611339219119
V0064,V0188,3,1.0667,2.8125,0.2,1,1.0,0.0,0.2858,0.5581082531480769,0.0,0.44999999999999996,0.25,0.2899978886018269,0.1304990498708221
V0185,V0332,3,1.194,2.5125,0.1667,1,1.0,0.0,0.3433,0.5239294847075265,0.0,0.44999999999999996,0.25,0.28953531964763424,0.13029089384143538
V0275,V0419,3,3.4286,0.875,0.1579,1,1.0,0.0,0.8,0.26215017250890227,0.0,0.44999999999999996,0.25,0.2892525603781158,0.1301636521701521
V0202,V0529,3,2.619,1.1455,0.1304,1,1.0,0.0,0.7,0.3183511115389864,0.0,0.44999999999999996,0.25,0.28892288903864516,0.13001530006739032
V0014,V0242,3,2.625,1.1429,0.1579,1,1.0,0.0,0.7,0.31784542906974,0.0,0.44999999999999996,0.25,0.28874590017440893,0.129935655078484
V0014,V0413,3,2.6471,1.1333,0.1875,1,1.0,0.0,0.7,0.31597296394484964,0.0,0.44999999999999996,0.25,0.28809053738069734,0.1296407418213138
V0062,V0174,3,2.8936,1.0368,0.1364,1,1.0,0.0,0.7333,0.29666848126808165,0.0,0.44999999999999996,0.25,0.2879939684438285,0.12959728579972282
V0184,V0513,3,2.8966,1.0357,0.1304,1,1.0,0.0,0.7333,0.2964431967294825,0.0,0.44999999999999996,0.25,0.28791511885531884,0.12956180348489346
V0313,V0332,4,3.5821,1.1167,0.1481,1,1.0,0.0,0.7,0.3127151884614605,0.0,0.44999999999999996,0.25,0.28695031596151116,0.12912764218268
V0141,V0286,3,2.6984,1.1118,0.125,1,1.0,0.0,0.7,0.3117486709575471,0.0,0.44999999999999996,0.25,0.28661203483514147,0.12897541567581364
V0132,V0327,3,3.6,0.8333,0.1364,1,1.0,0.0,0.8,0.2527706812147373,0.0,0.44999999999999996,0.25,0.28596973842515805,0.12868638229132112
V0062,V0454,4,3.9787,1.0053,0.1667,1,1.0,0.0,0.7333,0.2901685004319859,0.0,0.44999999999999996,0.25,0.28571897515119504,0.12857353881803776
V0033,V0200,3,2.7368,1.0962,0.1364,1,1.0,0.0,0.7,0.30865659153254194,0.0,0.44999999999999996,0.25,0.28552980703638964,0.12848841316637533
V0010,V0498,3,2.7451,1.0929,0.1429,1,1.0,0.0,0.7,0.307999549601638,0.0,0.44999999999999996,0.25,0.28529984236057326,0.12838492906225796
V0303,V0422,3,2.0,1.5,0.4286,1,1.0,0.0,0.5701,0.3821229151533518,0.0,0.44999999999999996,0.25,0.2852630203036731,0.1283683591366529
V0039,V0132,3,2.7654,1.0848,0.1111,1,1.0,0.0,0.7,0.3063824078234543,0.0,0.44999999999999996,0.25,0.28473384273820895,0.12813022923219403
V0061,V0513,4,4.0625,0.9846,0.1667,1,1.0,0.0,0.7333,0.28584125014689,0.0,0.44999999999999996,0.25,0.28420443755141145,0.12789199689813513
V0191,V0526,3,2.7857,1.0769,0.12,1,1.0,0.0,0.7,0.30479913183072893,0.0,0.44999999999999996,0.25,0.2841796961407551,0.12788086326333978
V0152,V0465,3,2.8167,1.0651,0.1304,1,1.0,0.0,0.7,0.3024229871992355,0.0,0.44999999999999996,0.25,0.28334804551973236,0.12750662048387956
V0010,V0141,3,2.4286,1.2353,0.1304,1,1.0,0.0,0.6413,0.33545061636780293,0.0,0.44999999999999996,0.25,0.283167715728731,0.12742547207792895
V0215,V0336,3,1.7333,1.7308,0.1667,1,1.0,0.0,0.4933,0.4189484911864458,0.0,0.44999999999999996,0.25,0.282791971915256,0.1272563873618652
V0221,V0230,3,1.4286,2.1,0.3,1,1.0,0.0,0.3996,0.47183132821757545,0.0,0.44999999999999996,0.25,0.2825609648761514,0.1271524341942681
V0061,V0302,3,3.125,0.96,0.1364,1,1.0,0.0,0.7333,0.28063964297201854,0.0,0.44999999999999996,0.25,0.28238387504020646,0.12707274376809288
V0016,V0412,3,2.8644,1.0473,0.1304,1,1.0,0.0,0.7,0.29881282139574294,0.0,0.44999999999999996,0.25,0.28208448748851,0.12693801936982949
V0144,V0308,3,2.3833,1.2587,0.1429,1,1.0,0.0,0.626,0.33979358305802104,0.0,0.44999999999999996,0.25,0.2816277540703073,0.12673248933163828
V0041,V0223,3,4.4,0.6818,0.15,1,1.0,0.0,0.8333,0.21680039754612493,0.0,0.44999999999999996,0.25,0.28004013914114373,0.12601806261351467
V0141,V0202,3,2.9683,1.0107,0.12,1,1.0,0.0,0.7,0.291290002558922,0.0,0.44999999999999996,0.25,0.27945150089562265,0.1257531754030302
V0063,V0495,3,3.2653,0.9187,0.1304,1,1.0,0.0,0.7333,0.271758271002985,0.0,0.44999999999999996,0.25,0.2792753948510447,0.1256739276829701
V0064,V0187,3,1.3333,2.25,0.1765,1,1.0,0.0,0.3482,0.49153731178849297,0.0,0.44999999999999996,0.25,0.27917805912597254,0.12563012660668763
V0115,V0335,5,3.8571,1.2963,0.3125,1,1.0,0.0,0.5997,0.3466786649829591,0.0,0.44999999999999996,0.25,0.27877753274403566,0.12544988973481602
V0242,V0254,3,3.0,1.0,0.15,1,1.0,0.0,0.7,0.2890648263178878,0.0,0.44999999999999996,0.25,0.2786726892112607,0.1254027101450673
V0010,V0378,3,3.0196,0.9935,0.1364,1,1.0,0.0,0.7,0.2877072638097998,0.0,0.44999999999999996,0.25,0.27819754233342986,0.12518889405004344
V0159,V0525,4,2.3571,1.697,0.25,1,1.0,0.0,0.479,0.4137545352427983,0.0,0.44999999999999996,0.25,0.2781140873349794,0.1251513393007407
V0152,V0231,3,3.0333,0.989,0.125,1,1.0,0.0,0.7,0.2867648173263884,0.0,0.44999999999999996,0.25,0.2778676860642359,0.12504045872890615
V0132,V0211,3,2.8,1.0714,0.15,1,1.0,0.0,0.6692,0.3036932911264281,0.0,0.44999999999999996,0.25,0.27763265189424985,0.12493469335241242
V0080,V0098,3,1.75,1.7143,0.3333,1,1.0,0.0,0.4649,0.41642106082884556,0.0,0.44999999999999996,0.25,0.27622737129009595,0.12430231708054316
V0115,V0492,3,1.6071,1.8667,0.2727,1,1.0,0.0,0.4189,0.4392024765959333,0.0,0.44999999999999996,0.25,0.27500086680857666,0.12375039006385949
V0297,V0359,4,2.8261,1.4154,0.2105,1,1.0,0.0,0.5426,0.3677662301865217,0.0,0.44999999999999996,0.25,0.2747381805652826,0.12363218125437715
V0159,V0526,3,2.5714,1.1667,0.125,1,1.0,0.0,0.615,0.32245164394864717,0.0,0.44999999999999996,0.25,0.2733580753820265,0.12301113392191192
V0023,V0178,3,3.25,0.9231,0.1364,1,1.0,0.0,0.7,0.27271352287688155,0.0,0.44999999999999996,0.25,0.2729497330069085,0.12282737985310882
V0468,V0548,3,1.9259,1.5577,0.1364,1,1.0,0.0,0.4896,0.3916386290126219,0.0,0.44999999999999996,0.25,0.27249352015441763,0.12262208406948792
V0242,V0379,3,4.125,0.7273,0.1304,1,1.0,0.0,0.7552,0.227933013554533,0.0,0.44999999999999996,0.25,0.26831655474408656,0.12074244963483893
V0395,V0406,3,3.5079,0.8552,0.1111,1,1.0,0.0,0.7,0.257722893059454,0.0,0.44999999999999996,0.25,0.26770301257080886,0.12046635565686398
V0186,V0548,3,1.3333,2.25,0.1667,1,1.0,0.0,0.289,0.49153731178849297,0.0,0.44999999999999996,0.25,0.2673380591259725,0.12030212660668763
V0062,V0344,3,3.9787,0.754,0.12,1,1.0,0.0,0.7333,0.23433003948260384,0.0,0.44999999999999996,0.25,0.2661755138189113,0.11977898121851008
V0039,V0186,3,1.5556,1.9286,0.15,1,1.0,0.0,0.3466,0.44811151901769153,0.0,0.44999999999999996,0.25,0.26365903165619203,0.1186465642452864
V0141,V0329,3,3.7778,0.7941,0.1071,1,1.0,0.0,0.7,0.24375689383676857,0.0,0.44999999999999996,0.25,0.26281491284286895,0.11826671077929102
V0144,V0494,3,2.0167,1.4876,0.1579,1,1.0,0.0,0.4612,0.38004928763385,0.0,0.44999999999999996,0.25,0.26275725067184746,0.11824076280233135
V0159,V0304,3,2.3571,1.2727,0.1765,1,1.0,0.0,0.5159,0.3423704785237556,0.0,0.44999999999999996,0.25,0.26050966748331444,0.11722935036749149
V0120,V0332,3,3.3433,0.8973,0.1111,1,1.0,0.0,0.6458,0.26708081464315153,0.0,0.44999999999999996,0.25,0.26013828512510306,0.11706222830629637
V0047,V0360,3,1.4545,2.0625,0.1765,1,1.0,0.0,0.2952,0.4667558206429464,0.0,0.44999999999999996,0.25,0.2599045372250312,0.11695704175126403
V0136,V0141,3,1.8889,1.5882,0.1429,1,1.0,0.0,0.4107,0.3965822295048143,0.0,0.44999999999999996,0.25,0.25844378032668497,0.11629970114700823
V0136,V0395,3,1.8889,1.5882,0.1429,1,1.0,0.0,0.4107,0.3965822295048143,0.0,0.44999999999999996,0.25,0.25844378032668497,0.11629970114700823
V0395,V0420,3,1.8889,1.5882,0.1429,1,1.0,0.0,0.4107,0.3965822295048143,0.0,0.44999999999999996,0.25,0.25844378032668497,0.11629970114700823
V0200,V0355,3,1.0526,2.85,0.2143,1,1.0,0.0,0.1143,0.5621901688502335,0.0,0.44999999999999996,0.25,0.2571265590975817,0.11570695159391176
V0242,V0473,3,2.25,1.3333,0.1667,1,1.0,0.0,0.4711,0.3533446953177762,0.0,0.44999999999999996,0.25,0.25539064336122164,0.11492578951254973
V0335,V0458,4,4.2857,0.9333,0.2222,1,1.0,0.0,0.5997,0.27491959087395523,0.0,0.44999999999999996,0.25,0.2536618568058843,0.11414783556264793
V0441,V0458,3,1.4286,2.1,0.2727,1,1.0,0.0,0.2541,0.47183132821757545,0.0,0.44999999999999996,0.25,0.2534609648761514,0.11405743419426811
V0220,V0359,3,2.8261,1.0615,0.15,1,1.0,0.0,0.5389,0.3016953581632288,0.0,0.44999999999999996,0.25,0.25087337535713006,0.11289301891070852
V0092,V0132,3,2.8,1.0714,0.15,1,1.0,0.0,0.5262,0.3036932911264281,0.0,0.44999999999999996,0.25,0.24903265189424986,0.11206469335241243
V0236,V0263,3,1.3714,2.1875,0.1875,1,1.0,0.0,0.2101,0.48343934100662456,0.0,0.44999999999999996,0.25,0.2487237693523186,0.11192569620854335
V0115,V0458,3,3.2143,0.9333,0.1875,1,1.0,0.0,0.5664,0.27491959087395523,0.0,0.44999999999999996,0.25,0.24700185680588435,0.11115083556264795
V0082,V0132,3,2.8,1.0714,0.15,1,1.0,0.0,0.4929,0.3036932911264281,0.0,0.44999999999999996,0.25,0.24237265189424986,0.10906769335241243
V0141,V0243,3,1.619,1.8529,0.15,1,1.0,0.0,0.2512,0.4371900777676392,0.0,0.44999999999999996,0.25,0.24075652721867372,0.10834043724840316
V0047,V0215,3,2.766,1.0846,0.15,1,1.0,0.0,0.4666,0.30634239895966153,0.0,0.44999999999999996,0.25,0.23803983963588154,0.10711792783614668
V0022,V0529,3,2.8571,1.05,0.125,1,1.0,0.0,0.4736,0.29936244559696296,0.0,0.44999999999999996,0.25,0.23699685595893705,0.10664858518152166
V0033,V0240,3,1.8246,1.6442,0.1667,1,1.0,0.0,0.2874,0.4055091867957579,0.0,0.44999999999999996,0.25,0.23690821537851528,0.10660869692033187
V0469,V0498,3,1.1765,2.55,0.2308,1,1.0,0.0,0.0629,0.5283581888915366,0.0,0.44999999999999996,0.25,0.23500536611203782,0.10575241475041701
V0051,V0458,3,1.3867,2.1635,0.1667,1,1.0,0.0,0.1357,0.4802874515285981,0.0,0.44999999999999996,0.25,0.23274060803500932,0.10473327361575419
V0120,V0313,3,3.1343,0.9571,0.1154,1,1.0,0.0,0.4543,0.2800221483172535,0.0,0.44999999999999996,0.25,0.22636775191103872,0.10186548835996742
V0141,V0406,3,3.5079,0.8552,0.1111,1,1.0,0.0,0.4818,0.257722893059454,0.0,0.44999999999999996,0.25,0.2240630125708089,0.100828355656864
V0060,V0249,3,2.4237,1.2378,0.1429,1,1.0,0.0,0.2479,0.3359167723165258,0.0,0.44999999999999996,0.25,0.20465087031078402,0.0920928916398528
V0159,V0438,3,2.619,1.1455,0.1667,1,1.0,0.0,0.2458,0.3183511115389864,0.0,0.44999999999999996,0.25,0.19808288903864524,0.08913730006739035
V0061,V0178,3,4.0625,0.7385,0.12,1,1.0,0.0,0.3733,0.23062836761023153,0.0,0.44999999999999996,0.25,0.19287992866358103,0.08679596789861145
V0231,V0494,3,2.5667,1.1688,0.1364,1,1.0,0.0,0.185,0.3228556426064634,0.0,0.44999999999999996,0.25,0.18749947491226218,0.08437476371051797
