tender_id,category,region,procurement_method,bid_count,median_bid_ratio,mad,relative_spread,coefficient_of_variation,minimum_bid_ratio,maximum_bid_ratio,peer_median,peer_mad,peer_count,robust_z,tightness_percentile,price_evidence,tightness_score
T02098,ROAD_CONSTRUCTION,AP-SOUTH,OPEN,5,0.97764,0.00439,0.04408,0.01563,0.97163,1.01473,0.12472,0.013115000000000002,14,4.1472310212880386,0.07142857142857142,3.374927674173288,22.686025408348456
T02329,ELECTRICAL_EQUIPMENT,AP-SOUTH,LIMITED,4,0.99646,0.00779,0.05353,0.0205,0.95553,1.00887,0.104085,0.011635,4,2.930715972955674,0.25,2.3855369797167554,18.681113394358302
T00009,ROAD_CONSTRUCTION,AP-SOUTH,OPEN,10,0.9922,0.01072,0.07794,0.02341,0.96381,1.04114,0.12472,0.013115000000000002,14,2.4058465671608937,0.14285714285714285,2.293833339016233,12.830382345393893
T01248,ELECTRICAL_EQUIPMENT,KA-SOUTH,LIMITED,3,1.02394,0.01108,0.02485,0.01018,1.00958,1.03503,0.0958,0.014440000000000008,11,3.3140664393950416,0.09090909090909091,2.269983686869422,40.241448692152915
T01129,LAB_EQUIPMENT,KA-SOUTH,OPEN,3,1.01126,0.01184,0.02512,0.01027,0.9977,1.0231,0.09267500000000001,0.01473999999999999,18,3.0912634502334755,0.05555555555555555,2.0978793371926874,39.80891719745223
T01812,MEDICAL_SUPPLIES,TN-NORTH,OPEN,4,0.9787,0.01478,0.05872,0.02083,0.95146,1.00894,0.096995,0.010250000000000002,4,2.518647201850407,0.25,2.0764854013878056,17.029972752043598
T00564,MEDICAL_SUPPLIES,KA-BENGALURU,LIMITED,3,0.98553,0.00521,0.01517,0.00628,0.98031,0.99526,0.09338,0.018310000000000007,5,2.881044363662725,0.2,2.0540295757751506,65.91957811470007
T01662,ELECTRICAL_EQUIPMENT,TN-NORTH,OPEN,3,1.00417,0.00153,0.00846,0.00369,0.9972,1.0057,0.12121,0.025709999999999997,9,2.95794761302941,0.1111111111111111,2.0460391494270143,118.20330969267138
T02195,VEHICLE_SUPPLIES,KA-NORTH,OPEN,5,0.98231,0.01578,0.04946,0.01898,0.9495,0.99808,0.12007000000000001,0.019319999999999997,26,2.4651031328489856,0.07692307692307693,2.0336209678176504,20.218358269308535
T01080,ROAD_CONSTRUCTION,KA-CENTRAL,TWO_STAGE,3,1.01245,0.00374,0.03667,0.01665,0.97906,1.01619,0.08646999999999999,0.011260000000000006,16,2.9830941227295216,0.0625,2.0303960818196813,27.270248159258248
T01043,WATER_INFRASTRUCTURE,KA-NORTH,OPEN,6,0.99674,0.02222,0.0486,0.0204,0.97182,1.02027,0.10822999999999999,0.01692000000000001,42,2.3770617013941693,0.023809523809523808,2.0007260210030777,20.5761316872428
T01232,IT_SERVICES,KA-NORTH,LIMITED,4,1.01785,0.0102,0.02434,0.01093,1.00709,1.03186,0.083355,0.016184999999999998,6,2.459380424498688,0.16666666666666666,1.969535318374016,41.084634346754314
T02425,MEDICAL_SUPPLIES,KA-CENTRAL,LIMITED,4,0.98652,0.00922,0.03592,0.01298,0.97143,1.00687,0.11796999999999999,0.02194999999999999,14,2.521274114581077,0.07142857142857142,1.9445270145072366,27.839643652561247
T01104,ELECTRICAL_EQUIPMENT,TN-NORTH,OPEN,3,1.01428,0.01084,0.0217,0.00886,1.00311,1.02513,0.12121,0.025709999999999997,9,2.6106019243685727,0.2222222222222222,1.8885494310605302,46.08294930875576
T01835,IT_SERVICES,KA-BENGALURU,OPEN,3,1.04055,0.00556,0.01231,0.00504,1.03499,1.0478,0.08701500000000001,0.018524999999999993,14,2.7199909412523113,0.07142857142857142,1.8609463417872556,81.23476848090984
T00986,WATER_INFRASTRUCTURE,KA-NORTH,LIMITED,3,1.01144,0.0164,0.03842,0.01572,0.99504,1.03389,0.10906,0.017939999999999998,8,2.65585436172947,0.125,1.853902907819647,26.02811035918792
T02084,WATER_INFRASTRUCTURE,AP-SOUTH,OPEN,7,1.00544,0.02511,0.05572,0.02144,0.98018,1.0362,0.11100499999999999,0.018865,12,1.9766351252405812,0.16666666666666666,1.837115821634784,17.946877243359655
T01554,FURNITURE,KA-NORTH,OPEN,3,1.01226,0.00139,0.01815,0.00821,1.01087,1.02924,0.1018,0.020879999999999996,33,2.7021624535544637,0.030303030303030304,1.8216436559049962,55.09641873278237
T01155,VEHICLE_SUPPLIES,KA-NORTH,OPEN,3,0.95518,0.00733,0.04306,0.01858,0.94786,0.98898,0.12007000000000001,0.019319999999999997,26,2.688536924808106,0.038461538461538464,1.8179989755130965,23.22340919647004
T02187,WATER_INFRASTRUCTURE,AP-SOUTH,OPEN,5,1.01491,0.0086,0.05107,0.02206,0.97168,1.02351,0.11100499999999999,0.018865,12,2.14288914228623,0.08333333333333333,1.780977980495651,19.58096729978461
T01257,IT_SERVICES,KA-NORTH,TWO_STAGE,5,1.01434,0.02664,0.06438,0.02581,0.97568,1.04098,0.11099,0.01569000000000001,9,2.0036975334100755,0.2222222222222222,1.7807358045058383,15.532774153463807
T01162,FURNITURE,KA-NORTH,OPEN,3,0.99227,0.00657,0.02206,0.00922,0.9857,1.00759,0.1018,0.020879999999999996,33,2.5758569521390666,0.06060606060606061,1.7576420084967517,45.33091568449683
T01222,LAB_EQUIPMENT,KA-SOUTH,OPEN,3,1.0104,0.01754,0.03844,0.0157,0.99286,1.0317,0.09267500000000001,0.01473999999999999,18,2.481750769349605,0.1111111111111111,1.728574586973811,26.014568158168572
T00818,MEDICAL_SUPPLIES,KA-CENTRAL,LIMITED,3,0.99832,0.01876,0.03839,0.01567,0.97955,1.01788,0.11796999999999999,0.02194999999999999,14,2.4453746988222074,0.14285714285714285,1.7254878944529004,26.048450117218025
T00130,ROAD_CONSTRUCTION,AP-SOUTH,OPEN,4,0.98493,0.01969,0.0844,0.03406,0.96431,1.04744,0.12472,0.013115000000000002,14,2.0736155106440193,0.21428571428571427,1.7159259186973004,11.848341232227488
T00414,FURNITURE,KA-BENGALURU,OPEN,9,1.01724,0.00908,0.06262,0.01722,0.9757,1.0394,0.11214,0.017980000000000003,16,1.8576630928409898,0.0625,1.7068116380808798,15.969338869370809
T01028,MEDICAL_SUPPLIES,KA-SOUTH,OPEN,3,1.01884,0.00223,0.021,0.00937,1.01661,1.038,0.09937,0.020879999999999996,45,2.5316015718477383,0.022222222222222223,1.7025491960466406,47.61904761904761
T01528,VEHICLE_SUPPLIES,KA-SOUTH,OPEN,4,1.01646,0.00495,0.01531,0.0063,1.01093,1.02649,0.11184,0.029350000000000015,21,2.218350698885032,0.047619047619047616,1.6994773098780596,65.31678641410842
T00569,WATER_INFRASTRUCTURE,KA-CENTRAL,TWO_STAGE,5,0.98555,0.01374,0.04371,0.0154,0.95622,0.9993,0.08471,0.014060000000000003,7,1.9668649458421334,0.14285714285714285,1.6877776709594212,22.878059940517044
T02374,LAB_EQUIPMENT,AP-SOUTH,OPEN,10,1.00996,0.01087,0.06236,0.01763,0.97022,1.0332,0.10222,0.01607,5,1.6730057045884934,0.2,1.685705134129644,16.03592046183451
T00407,LAB_EQUIPMENT,AP-SOUTH,OPEN,7,0.99093,0.02024,0.06492,0.0234,0.95613,1.02046,0.10222,0.01607,5,1.5655572699736777,0.4,1.6847633742631525,15.403573629081945
T00287,WATER_INFRASTRUCTURE,KA-CENTRAL,OPEN,3,1.04408,0.00443,0.00877,0.00358,1.03965,1.04881,0.11693,0.029219999999999996,59,2.496677636721032,0.01694915254237288,1.6757511928422701,114.02508551881414
T02415,MEDICAL_SUPPLIES,AP-SOUTH,OPEN,7,1.00671,0.0302,0.11221,0.03636,0.9345,1.04746,0.14634999999999998,0.01353500000000002,4,1.7013014058759448,0.25,1.6725440621793815,8.911861687906603
T00908,FURNITURE,KA-NORTH,OPEN,3,1.01625,0.00337,0.027,0.01194,1.01288,1.04032,0.1018,0.020879999999999996,33,2.416279157511941,0.09090909090909091,1.6714588322806883,37.03703703703704
T02196,FURNITURE,TN-NORTH,LIMITED,5,0.98018,0.0048,0.04175,0.0171,0.94405,0.98498,0.08023,0.014125000000000006,4,1.8374799592679198,0.25,1.669983967414336,23.95209580838323
T01576,MEDICAL_SUPPLIES,KA-SOUTH,OPEN,9,1.0202,0.01305,0.04466,0.01621,1.00455,1.05011,0.09937,0.020879999999999996,45,1.7673079238967688,0.1111111111111111,1.6697058088958932,22.39140170174653
T02335,VEHICLE_SUPPLIES,KA-NORTH,OPEN,8,0.9777,0.01252,0.06989,0.02,0.94728,1.01561,0.12007000000000001,0.019319999999999997,26,1.7518605750794805,0.15384615384615385,1.66749338780993,14.308198597796538
T01440,WATER_INFRASTRUCTURE,KA-CENTRAL,LIMITED,4,1.00023,0.00465,0.02474,0.00992,0.99521,1.01995,0.079,0.017060000000000006,13,2.145244349894493,0.07692307692307693,1.6666255701131774,40.420371867421174
T01510,ROAD_CONSTRUCTION,KA-NORTH,OPEN,3,0.99079,0.00476,0.00975,0.00398,0.98589,0.99555,0.10597000000000001,0.02621499999999999,62,2.4756628219278287,0.016129032258064516,1.6611945694572623,102.56410256410257
T00470,ROAD_CONSTRUCTION,KA-NORTH,OPEN,3,1.01291,0.00481,0.01045,0.00427,1.00811,1.0187,0.10597000000000001,0.02621499999999999,62,2.4576523877628995,0.03225806451612903,1.6599403015193526,95.69377990430623
T01377,LAB_EQUIPMENT,KA-SOUTH,OPEN,5,0.97518,0.01031,0.0512,0.01841,0.96487,1.01479,0.09267500000000001,0.01473999999999999,18,1.8978632462206113,0.16666666666666666,1.6516239303098226,19.53125
T00382,ELECTRICAL_EQUIPMENT,KA-CENTRAL,OPEN,5,0.97711,0.00877,0.03291,0.01425,0.95373,0.98588,0.10079,0.02248,42,2.0366740548608218,0.023809523809523808,1.6483868629362766,30.385900941962927
T01903,CIVIL_MAINTENANCE,KA-NORTH,OPEN,5,1.01304,0.01486,0.03241,0.01265,0.99507,1.0279,0.103015,0.023669999999999997,62,2.011931562012886,0.04838709677419355,1.6482549270296638,30.8546744831842
T01111,CIVIL_MAINTENANCE,KA-BENGALURU,OPEN,5,1.05961,0.00119,0.00898,0.00295,1.05401,1.06352,0.1076,0.03349,14,1.986213159139499,0.07142857142857142,1.6461133844544564,111.35857461024499
T00722,CIVIL_MAINTENANCE,KA-NORTH,OPEN,5,0.94979,0.00935,0.03226,0.01296,0.9285,0.95914,0.103015,0.023669999999999997,62,2.0162059014265528,0.03225806451612903,1.6387711727541454,30.998140111593308
T00927,LAB_EQUIPMENT,TN-NORTH,OPEN,8,0.99909,0.01238,0.09022,0.02603,0.94085,1.03098,0.10492499999999999,0.0061350000000000085,4,1.6166889353061642,0.25,1.6333528183928936,11.084016847705609
T02232,MEDICAL_SUPPLIES,KA-SOUTH,OPEN,3,1.00019,0.00186,0.02498,0.01145,0.97706,1.00204,0.09937,0.020879999999999996,45,2.4030348466218356,0.044444444444444446,1.6316528607108534,40.0320256204964
T01039,MEDICAL_SUPPLIES,KA-CENTRAL,TWO_STAGE,3,1.02215,0.01704,0.058,0.02458,0.97991,1.03919,0.08537,0.008220000000000005,5,2.24584088648107,0.2,1.6305605909873804,17.241379310344826
T02185,FURNITURE,KA-NORTH,OPEN,4,0.97419,0.00583,0.03961,0.01547,0.96672,1.0053,0.1018,0.020879999999999996,33,2.008935839647963,0.15151515151515152,1.6203382433723357,25.246149962130776
T02061,BUILDING_CONSTRUCTION,KA-BENGALURU,OPEN,4,0.9778,0.01733,0.04244,0.01857,0.9559,0.9974,0.11302,0.02312,21,2.0590639188519932,0.047619047619047616,1.5800122248532804,23.5626767200754
T01540,MEDICAL_SUPPLIES,KA-SOUTH,OPEN,4,1.0236,0.0064,0.03657,0.01357,0.99719,1.03462,0.09937,0.020879999999999996,45,2.0286407899966563,0.06666666666666667,1.5714805924974924,27.344818156959256
T00096,MEDICAL_SUPPLIES,KA-NORTH,OPEN,4,1.01442,0.00843,0.02315,0.00979,1.00032,1.0238,0.11554500000000001,0.030324999999999998,58,2.055056017208245,0.034482758620689655,1.567154081871701,43.196544276457885
T00017,ROAD_CONSTRUCTION,KA-NORTH,OPEN,6,0.99204,0.0019,0.03558,0.01231,0.98929,1.02459,0.10597000000000001,0.02621499999999999,62,1.811077801241944,0.06451612903225806,1.5629949418951683,28.10567734682406
T02208,FURNITURE,KA-SOUTH,OPEN,3,1.02238,0.01129,0.03197,0.0133,1.00098,1.03367,0.120115,0.025825000000000008,32,2.3021486154526416,0.03125,1.5555990769684278,31.279324366593684
T00784,ELECTRICAL_EQUIPMENT,KA-SOUTH,TWO_STAGE,4,1.01011,0.00546,0.01655,0.00627,1.00112,1.01784,0.09820000000000001,0.028905,6,1.9052818028460132,0.16666666666666666,1.5539613521345097,60.422960725075534
T00629,ROAD_CONSTRUCTION,KA-CENTRAL,TWO_STAGE,3,0.9892,0.02077,0.04967,0.02031,0.96843,1.01757,0.08646999999999999,0.011260000000000006,16,2.2043747734226184,0.125,1.552916515615079,20.132876988121602
T00218,LAB_EQUIPMENT,KA-NORTH,OPEN,3,1.00884,0.003,0.01484,0.00639,1.00584,1.02081,0.07648,0.018280000000000005,19,2.2743769373160463,0.05263157894736842,1.5513390108422767,67.38544474393531
T01117,VEHICLE_SUPPLIES,KA-BENGALURU,LIMITED,4,0.99614,0.01904,0.04177,0.01955,0.97611,1.01771,0.13124,0.03482000000000002,3,1.7331042001829677,0.3333333333333333,1.5498281501372257,23.940627244433802
T01856,IT_SERVICES,KA-SOUTH,OPEN,4,1.00393,0.0032,0.01604,0.00641,1.00038,1.01648,0.09166,0.02535000000000001,37,2.012031212292707,0.05405405405405406,1.5495639497600706,62.344139650872826
T01534,MEDICAL_SUPPLIES,KA-NORTH,OPEN,6,1.00918,0.01319,0.03753,0.01542,0.99569,1.03356,0.11554500000000001,0.030324999999999998,58,1.735215056902443,0.1206896551724138,1.5465872600623807,26.64535038635758
T00610,FURNITURE,KA-SOUTH,OPEN,4,0.99226,0.01141,0.04366,0.01546,0.97056,1.01389,0.120115,0.025825000000000008,32,1.9968321787331293,0.0625,1.5444991340498468,22.904260192395785
T00271,IT_SERVICES,KA-SOUTH,OPEN,4,0.99294,0.00269,0.01535,0.00608,0.98979,1.00504,0.09166,0.02535000000000001,37,2.030390132373135,0.02702702702702703,1.5430628695501216,65.14657980456026
T02359,MEDICAL_SUPPLIES,KA-NORTH,OPEN,5,1.01127,0.00666,0.03316,0.01105,0.99154,1.02507,0.11554500000000001,0.030324999999999998,58,1.8324129008896723,0.08620689655172414,1.5348958379531172,30.156815440289503
T01855,WATER_INFRASTRUCTURE,KA-SOUTH,OPEN,7,0.98787,0.00606,0.04896,0.01592,0.96984,1.01821,0.10991999999999999,0.024564999999999997,36,1.6738024301930896,0.1111111111111111,1.5299258925464578,20.42483660130719
T00884,ELECTRICAL_EQUIPMENT,KA-CENTRAL,TWO_STAGE,3,1.02194,0.01399,0.08061,0.03586,0.95355,1.03592,0.133665,0.017509999999999998,4,2.043695445118833,0.25,1.5291302967458889,12.405408758218583
T01470,ELECTRICAL_EQUIPMENT,KA-SOUTH,LIMITED,4,1.03242,0.0123,0.05629,0.02321,0.98675,1.04487,0.0958,0.014440000000000008,11,1.8455076112825664,0.18181818181818182,1.520494344825561,17.765144785930005
T01118,ROAD_CONSTRUCTION,KA-CENTRAL,TWO_STAGE,5,1.01946,0.00305,0.05793,0.02158,1.01642,1.07548,0.08646999999999999,0.011260000000000006,16,1.7095884791706935,0.1875,1.5176707833365548,17.262213015708614
T01602,LAB_EQUIPMENT,KA-BENGALURU,LIMITED,4,1.01042,0.0107,0.05502,0.02033,0.99358,1.04917,0.07583999999999999,0.007950000000000006,4,1.766402215383987,0.25,1.51230166153799,18.175209014903672
T00726,BUILDING_CONSTRUCTION,TN-NORTH,OPEN,8,0.98464,0.00604,0.03777,0.01357,0.95519,0.99238,0.091735,0.022385000000000002,10,1.6260394833662923,0.1,1.5102845479455058,26.476039184537996
T01523,CIVIL_MAINTENANCE,KA-CENTRAL,OPEN,4,1.00767,0.01174,0.02719,0.01239,0.99529,1.02269,0.0943,0.022679999999999992,73,1.9958145885570688,0.0136986301369863,1.5071349140205412,36.77822728944465
T00368,ROAD_CONSTRUCTION,KA-NORTH,OPEN,6,1.03881,0.01375,0.0392,0.01435,1.02299,1.06371,0.10597000000000001,0.02621499999999999,62,1.7179381274175962,0.08064516129032258,1.498819407256599,25.510204081632654
T02340,CIVIL_MAINTENANCE,KA-NORTH,OPEN,5,1.01305,0.01581,0.04,0.0162,0.98834,1.02886,0.103015,0.023669999999999997,62,1.7956499876813539,0.06451612903225806,1.4881328933708895,25.0
T02140,CIVIL_MAINTENANCE,KA-CENTRAL,OPEN,6,0.98928,0.00502,0.03543,0.01128,0.98099,1.01604,0.0943,0.022679999999999992,73,1.7507615083944958,0.0273972602739726,1.4817989738903903,28.224668360146765
T02445,LAB_EQUIPMENT,KA-SOUTH,OPEN,5,0.98773,0.00776,0.05706,0.02087,0.97996,1.03633,0.09267500000000001,0.01473999999999999,18,1.6297142739999295,0.2222222222222222,1.4815491969777215,17.525411847178407
T00205,IT_SERVICES,KA-SOUTH,OPEN,7,0.99737,0.00823,0.02985,0.01017,0.9853,1.01507,0.09166,0.02535000000000001,37,1.6445867393786326,0.08108108108108109,1.4791438461083262,33.50083752093802
T00387,LAB_EQUIPMENT,KA-NORTH,OPEN,5,0.99885,0.01017,0.02937,0.01071,0.98867,1.018,0.07648,0.018280000000000005,19,1.738252717666433,0.10526315789473684,1.474812700448936,34.04834865509023
T02160,IT_SERVICES,KA-NORTH,TWO_STAGE,3,0.98037,0.01043,0.06225,0.02682,0.96994,1.03097,0.11099,0.01569000000000001,9,2.095263200566554,0.1111111111111111,1.4709162077851103,16.06425702811245
T01113,WATER_INFRASTRUCTURE,KA-SOUTH,TWO_STAGE,4,0.98162,0.00589,0.02414,0.00987,0.96418,0.98788,0.08648,0.023465,6,1.791934964661025,0.16666666666666666,1.4689512234957687,41.42502071251035
T00905,ROAD_CONSTRUCTION,KA-NORTH,OPEN,4,1.00205,0.00318,0.03174,0.01229,0.9764,1.0082,0.10597000000000001,0.02621499999999999,62,1.9098778972324126,0.04838709677419355,1.4686987455049545,31.5059861373661
T01375,CIVIL_MAINTENANCE,KA-CENTRAL,OPEN,7,1.00575,0.0109,0.03857,0.01364,0.99486,1.03365,0.0943,0.022679999999999992,73,1.6573796307597293,0.0547945205479452,1.4675778439780067,25.926886180969664
T01850,MEDICAL_SUPPLIES,KA-NORTH,LIMITED,4,1.02945,0.00386,0.03981,0.01588,0.99452,1.03551,0.09124,0.019130000000000008,7,1.813332972288619,0.14285714285714285,1.4671425863593213,25.119316754584275
T00492,FURNITURE,KA-NORTH,OPEN,3,0.98828,0.00225,0.03751,0.01698,0.98603,1.0231,0.1018,0.020879999999999996,33,2.0767725539631376,0.12121212121212122,1.465323116783506,26.659557451346306
T00088,MEDICAL_SUPPLIES,KA-NORTH,OPEN,3,1.00505,0.00621,0.0177,0.00732,0.99884,1.01663,0.11554500000000001,0.030324999999999998,58,2.176275296322753,0.017241379310344827,1.4623444504220653,56.497175141242934
T00031,BUILDING_CONSTRUCTION,KA-CENTRAL,OPEN,4,1.0252,0.00685,0.03298,0.0118,1.00488,1.0387,0.11566,0.02932,70,1.902008731020631,0.02857142857142857,1.4479351196940446,30.321406913280775
T01407,WATER_INFRASTRUCTURE,KA-SOUTH,OPEN,3,0.96494,0.01189,0.03197,0.0132,0.94598,0.97684,0.10991999999999999,0.024564999999999997,36,2.1403034683981517,0.027777777777777776,1.4453874974506198,31.279324366593684
T02360,BUILDING_CONSTRUCTION,KA-SOUTH,OPEN,5,0.98882,0.01276,0.04578,0.01723,0.95631,1.00158,0.10953,0.024610000000000007,53,1.7472078795868726,0.03773584905660377,1.4279549829147813,21.8435998252512
T01072,BUILDING_CONSTRUCTION,KA-SOUTH,OPEN,3,0.97156,0.00572,0.03268,0.01412,0.96584,0.99759,0.10953,0.024610000000000007,53,2.1062419693529595,0.018867924528301886,1.4167399292541745,30.599755201958384
T01981,BUILDING_CONSTRUCTION,KA-SOUTH,OPEN,6,1.01705,0.0017,0.05126,0.01806,1.01342,1.06556,0.10953,0.024610000000000007,53,1.5970165198984638,0.09433962264150944,1.4094634521166445,19.508388607101054
T02443,FURNITURE,KA-SOUTH,OPEN,5,0.96106,0.01396,0.05756,0.01982,0.94639,1.00171,0.120115,0.025825000000000008,32,1.6337955260041974,0.125,1.4070364208033581,17.373175816539263
T01200,FURNITURE,KA-NORTH,OPEN,4,0.99149,0.00453,0.04968,0.02031,0.94798,0.99724,0.1018,0.020879999999999996,33,1.683642642908053,0.18181818181818182,1.3990956185446763,20.128824476650564
T02030,FURNITURE,KA-NORTH,OPEN,6,1.00089,0.02679,0.0567,0.02265,0.97161,1.02836,0.1018,0.020879999999999996,33,1.4568741979116115,0.21212121212121213,1.3908295083606865,17.636684303350968
T00033,BUILDING_CONSTRUCTION,KA-SOUTH,OPEN,5,1.03131,0.00777,0.04839,0.02222,0.98918,1.03908,0.10953,0.024610000000000007,53,1.675675133457904,0.05660377358490566,1.385823125634248,20.665426741062202
T01949,ROAD_CONSTRUCTION,KA-SOUTH,LIMITED,3,1.01204,0.00889,0.02417,0.01001,0.99646,1.02092,0.06523,0.014189999999999994,9,1.9516977155820303,0.1111111111111111,1.3752058844620945,41.37360364087712
T00040,CIVIL_MAINTENANCE,KA-CENTRAL,OPEN,7,0.97189,0.005,0.0445,0.01479,0.96689,1.01014,0.0943,0.022679999999999992,73,1.48102468350681,0.1232876712328767,1.37512487549116,22.471910112359552
T01870,ELECTRICAL_EQUIPMENT,KA-CENTRAL,OPEN,3,1.04607,0.01369,0.03367,0.01389,1.02454,1.05976,0.10079,0.02248,42,2.013870986479941,0.047619047619047616,1.3743266893993258,29.700029700029702
T01024,VEHICLE_SUPPLIES,KA-NORTH,OPEN,3,1.01061,0.01194,0.0644,0.02762,0.99866,1.06375,0.12007000000000001,0.019319999999999997,26,1.9435248747444134,0.11538461538461539,1.372606326752686,15.527950310559007
T02240,WATER_INFRASTRUCTURE,KA-CENTRAL,OPEN,3,1.01825,0.01331,0.02921,0.01196,1.00182,1.03156,0.11693,0.029219999999999996,59,2.024857269722346,0.03389830508474576,1.3725037165380614,34.23485107839781
T01978,VEHICLE_SUPPLIES,KA-CENTRAL,LIMITED,4,0.99969,0.01593,0.06469,0.02299,0.97077,1.03544,0.09132,0.011679999999999996,7,1.5378158326080256,0.2857142857142857,1.3676475887417334,15.45833977430824
T00923,LAB_EQUIPMENT,KA-CENTRAL,OPEN,4,1.03128,0.00496,0.01852,0.0068,1.02368,1.04279,0.08785,0.026139999999999997,29,1.7889228903792025,0.034482758620689655,1.3675542367499192,53.99568034557236
T01707,BUILDING_CONSTRUCTION,KA-CENTRAL,OPEN,4,0.99933,0.00582,0.03895,0.01438,0.98847,1.0274,0.11566,0.02932,70,1.764672106393234,0.05714285714285714,1.3663612226520683,25.673940949935815
T00672,CIVIL_MAINTENANCE,KA-SOUTH,OPEN,3,1.00746,0.00131,0.01113,0.00496,1.00615,1.01736,0.09694,0.028469999999999995,61,2.03294879068095,0.01639344262295082,1.3662281555359337,89.84725965858041
T00809,WATER_INFRASTRUCTURE,AP-SOUTH,OPEN,5,0.97241,0.00632,0.07034,0.0231,0.94856,1.01696,0.11100499999999999,0.018865,12,1.4539181942282395,0.25,1.3631345553825918,14.216661927779358
T01000,IT_SERVICES,KA-NORTH,OPEN,3,1.02237,0.00474,0.01647,0.00692,1.01763,1.03447,0.09833,0.02729000000000001,51,2.023225121683916,0.0196078431372549,1.361888643214114,60.71645415907712
T00664,CIVIL_MAINTENANCE,KA-CENTRAL,OPEN,6,0.95289,0.01469,0.04212,0.0172,0.93726,0.9774,0.0943,0.022679999999999992,73,1.551804578019786,0.0821917808219178,1.3616636323680864,23.741690408357076
T02127,CIVIL_MAINTENANCE,KA-NORTH,OPEN,3,0.9809,0.00562,0.03204,0.01386,0.97529,1.00671,0.103015,0.023669999999999997,62,2.0224749325665967,0.016129032258064516,1.3590693098831077,31.210986267166042
T01579,FURNITURE,KA-SOUTH,OPEN,4,1.01627,0.01328,0.05434,0.01948,0.99345,1.04867,0.120115,0.025825000000000008,32,1.7178946642622666,0.09375,1.3587334981966999,18.40264998159735
T01940,CIVIL_MAINTENANCE,KA-CENTRAL,OPEN,6,0.98759,0.00991,0.04319,0.0146,0.97318,1.01583,0.0943,0.022679999999999992,73,1.5199833649404226,0.1095890410958904,1.3579770050302609,23.1535077564251
T01507,CIVIL_MAINTENANCE,KA-CENTRAL,OPEN,5,0.94823,0.00302,0.03968,0.01435,0.94317,0.9808,0.0943,0.022679999999999992,73,1.6243688396213243,0.0684931506849315,1.3542895922450047,25.201612903225808
T01845,CIVIL_MAINTENANCE,KA-NORTH,OPEN,6,0.97234,0.01595,0.04949,0.01771,0.94639,0.99452,0.103015,0.023669999999999997,62,1.5252267807767115,0.0967741935483871,1.3516674786042489,20.20610224287735
T01660,IT_SERVICES,KA-CENTRAL,OPEN,4,0.99394,0.01275,0.02995,0.01384,0.98093,1.01069,0.1033,0.027770000000000003,53,1.781559136031986,0.018867924528301886,1.3503202954202158,33.3889816360601
T01380,BUILDING_CONSTRUCTION,KA-CENTRAL,OPEN,3,1.02459,0.01219,0.02875,0.01178,1.0124,1.04186,0.11566,0.02932,70,1.9993175957063745,0.014285714285714285,1.3424022066613925,34.78260869565217
T00506,VEHICLE_SUPPLIES,KA-SOUTH,OPEN,3,0.99389,0.00632,0.0286,0.01233,0.97178,1.0002,0.11184,0.029350000000000015,21,1.9129339290913714,0.09523809523809523,1.338781349552978,34.96503496503497
T00510,CIVIL_MAINTENANCE,KA-BENGALURU,LIMITED,5,0.98199,0.03077,0.07375,0.02767,0.95123,1.02365,0.12251,0.024590000000000015,3,1.3374611399788028,0.3333333333333333,1.3366355786497088,13.559322033898306
T02354,BUILDING_CONSTRUCTION,KA-SOUTH,OPEN,6,1.01504,0.00808,0.05546,0.01804,0.97408,1.03038,0.10953,0.024610000000000007,53,1.4819063537139168,0.11320754716981132,1.3292615840697735,18.031013342949873
T00697,BUILDING_CONSTRUCTION,KA-CENTRAL,OPEN,7,0.98711,0.00931,0.05262,0.01558,0.95626,1.0082,0.11566,0.02932,70,1.450201141794153,0.1,1.32874383582356,19.004180919802355
T00771,LAB_EQUIPMENT,KA-BENGALURU,OPEN,8,0.9982,0.00538,0.04908,0.01634,0.95598,1.00496,0.10547999999999999,0.028195000000000005,6,1.3492207424890923,0.16666666666666666,1.3264014830112891,20.37489812550937
T00869,VEHICLE_SUPPLIES,KA-NORTH,LIMITED,3,0.9984,0.00489,0.01193,0.00489,0.99351,1.00542,0.08781,0.028120000000000006,6,1.8200696596402575,0.16666666666666666,1.3244908842046164,83.82229673093043
T01697,ROAD_CONSTRUCTION,AP-SOUTH,OPEN,4,0.9794,0.01419,0.09606,0.03756,0.96233,1.05641,0.12472,0.013115000000000002,14,1.4739538823178964,0.2857142857142857,1.3197511260241366,10.410160316468874
T00744,ELECTRICAL_EQUIPMENT,KA-CENTRAL,LIMITED,4,0.98418,0.01313,0.06693,0.02697,0.97069,1.03656,0.08738,0.00827,11,1.667876182744422,0.09090909090909091,1.3190889552401346,14.940983116689077
T00548,WATER_INFRASTRUCTURE,KA-SOUTH,OPEN,3,1.00115,0.00907,0.0402,0.01709,0.99207,1.03232,0.10991999999999999,0.024564999999999997,36,1.914329157366506,0.05555555555555555,1.3132564752813745,24.875621890547265
T00147,VEHICLE_SUPPLIES,KA-NORTH,OPEN,6,1.00363,0.00508,0.08067,0.02779,0.99632,1.07728,0.12007000000000001,0.019319999999999997,26,1.3755142817483363,0.19230769230769232,1.3065183117133572,12.396181975951405
T00428,BUILDING_CONSTRUCTION,KA-SOUTH,OPEN,4,1.0004,0.01241,0.04892,0.01745,0.97858,1.02752,0.10953,0.024610000000000007,53,1.6611493267727113,0.07547169811320754,1.3024657686644392,20.44153720359771
T01971,FURNITURE,KA-SOUTH,TWO_STAGE,5,0.98776,0.00975,0.02849,0.01184,0.96938,0.99751,0.0966,0.03225,5,1.4244826551302605,0.2,1.2995861241042084,35.1000351000351
T00453,CIVIL_MAINTENANCE,KA-NORTH,OPEN,4,0.98767,0.01256,0.04507,0.01666,0.96898,1.0135,0.103015,0.023669999999999997,62,1.6511773154994216,0.08064516129032258,1.2988668575923081,22.18770800976259
T01840,VEHICLE_SUPPLIES,KA-CENTRAL,LIMITED,3,0.89988,0.00517,0.06015,0.02667,0.8947,0.94883,0.09132,0.011679999999999996,7,1.7999894668566334,0.14285714285714285,1.2952310731425176,16.62510390689942
T00459,BUILDING_CONSTRUCTION,TN-NORTH,OPEN,4,1.02935,0.01405,0.04114,0.01718,1.01406,1.0564,0.091735,0.022385000000000002,10,1.5244967601393042,0.2,1.293372570104478,24.307243558580456
T00696,MEDICAL_SUPPLIES,KA-NORTH,OPEN,3,0.99295,0.00035,0.03152,0.01463,0.9926,1.0239,0.11554500000000001,0.030324999999999998,58,1.8688898949718362,0.06896551724137931,1.2919036081421438,31.725888324873097
T00133,LAB_EQUIPMENT,KA-CENTRAL,OPEN,4,0.96514,0.00613,0.02382,0.00849,0.95306,0.97604,0.08785,0.026139999999999997,29,1.6521669215488293,0.06896551724137931,1.2908493290926564,41.98152812762385
T01366,MEDICAL_SUPPLIES,KA-SOUTH,OPEN,3,0.99208,0.00939,0.04219,0.01821,0.95962,1.00147,0.09937,0.020879999999999996,45,1.8470968212103316,0.08888888888888889,1.290657140066147,23.702299123014935
T02152,CIVIL_MAINTENANCE,KA-SOUTH,OPEN,8,1.01557,0.00502,0.03818,0.01101,1.0082,1.04698,0.09694,0.028469999999999995,61,1.3920996496959868,0.08196721311475409,1.2898085049593984,26.191723415400734
T01608,MEDICAL_SUPPLIES,KA-NORTH,OPEN,3,0.99718,0.00322,0.03122,0.01391,0.99397,1.0251,0.11554500000000001,0.030324999999999998,58,1.8755625158405245,0.05172413793103448,1.2848577691810394,32.03074951953876
T00892,WATER_INFRASTRUCTURE,KA-CENTRAL,OPEN,4,0.97741,0.01153,0.04576,0.01646,0.95814,1.00287,0.11693,0.029219999999999996,59,1.64283050485795,0.06779661016949153,1.282970336270581,21.853146853146853
T00235,BUILDING_CONSTRUCTION,KA-BENGALURU,OPEN,10,1.00301,0.01321,0.06912,0.01876,0.96175,1.03108,0.11302,0.02312,21,1.2807155856843653,0.14285714285714285,1.2812154556873574,14.467592592592592
T02115,ROAD_CONSTRUCTION,TN-NORTH,LIMITED,5,1.02406,0.01038,0.05171,0.02099,0.98148,1.03444,0.10879,0.03039,3,1.26686188058322,0.3333333333333333,1.2801561711332425,19.338619222587507
T02299,CIVIL_MAINTENANCE,TN-NORTH,LIMITED,4,0.99367,0.0158,0.09227,0.03594,0.97465,1.06633,0.13448000000000002,0.01954999999999999,4,1.4562790259594427,0.25,1.279709269469582,10.837758751490192
T00335,IT_SERVICES,KA-CENTRAL,TWO_STAGE,6,0.98951,0.00365,0.05674,0.01941,0.93952,0.99566,0.10588,0.02327,9,1.4243436149840951,0.1111111111111111,1.2795456050793386,17.624250969333804
T00246,IT_SERVICES,KA-CENTRAL,OPEN,6,1.00473,0.01258,0.04209,0.01464,0.98481,1.02709,0.1033,0.027770000000000003,53,1.486697133149528,0.03773584905660377,1.2703608185051098,23.75861249703017
T02325,BUILDING_CONSTRUCTION,KA-NORTH,OPEN,4,1.02084,0.00686,0.02395,0.00877,1.00707,1.03152,0.10989,0.03468,53,1.671445670975161,0.018867924528301886,1.2677351966275971,41.75365344467641
T00025,VEHICLE_SUPPLIES,KA-NORTH,OPEN,5,1.01047,0.01908,0.0816,0.02779,0.97516,1.05762,0.12007000000000001,0.019319999999999997,26,1.3430465588542766,0.23076923076923078,1.259052631698806,12.254901960784313
T00440,FURNITURE,KA-NORTH,OPEN,4,1.02152,0.00745,0.05751,0.02198,0.9762,1.03495,0.1018,0.020879999999999996,33,1.4307086081043299,0.24242424242424243,1.2548496378964291,17.38828029907842
T00164,MEDICAL_SUPPLIES,KA-SOUTH,LIMITED,3,1.00529,0.00052,0.00289,0.00126,1.0029,1.00581,0.0684,0.024709999999999996,11,1.7881784562246767,0.09090909090909091,1.2527250314225118,346.0207612456747
T01883,ROAD_CONSTRUCTION,KA-CENTRAL,OPEN,3,0.98841,0.00188,0.0055,0.00228,0.98485,0.99028,0.1053,0.03636,59,1.851325021885704,0.01694915254237288,1.2455161162853847,181.81818181818184
T00124,BUILDING_CONSTRUCTION,KA-SOUTH,LIMITED,5,0.97977,0.00322,0.01704,0.00751,0.97655,0.99324,0.079565,0.028954999999999995,10,1.456485399284204,0.1,1.2451883194273634,58.68544600938967
T00536,WATER_INFRASTRUCTURE,KA-CENTRAL,OPEN,4,0.98809,0.00428,0.04955,0.01917,0.97973,1.02869,0.11693,0.029219999999999996,59,1.5553452215445929,0.1016949152542373,1.2427801025991225,20.181634712411707
T02137,MEDICAL_SUPPLIES,KA-NORTH,OPEN,3,1.02669,0.00248,0.03644,0.01682,0.99175,1.02917,0.11554500000000001,0.030324999999999998,58,1.7594589127253446,0.10344827586206896,1.2419381257249424,27.442371020856204
T01624,ROAD_CONSTRUCTION,KA-SOUTH,OPEN,3,1.0227,0.01134,0.03638,0.01515,1.01135,1.04856,0.10933000000000001,0.026665000000000008,64,1.8452691132127363,0.015625,1.2405960754751577,27.487630566245187
T02391,CIVIL_MAINTENANCE,KA-CENTRAL,OPEN,6,0.97334,0.00683,0.04931,0.01775,0.96155,1.00954,0.0943,0.022679999999999992,73,1.3379779219070558,0.1506849315068493,1.240552377844921,20.27986209693774
T00305,VEHICLE_SUPPLIES,KA-SOUTH,OPEN,5,1.00209,0.01324,0.05063,0.01733,0.98666,1.0374,0.11184,0.029350000000000015,21,1.4066636929322782,0.14285714285714285,1.2396166686315369,19.751135690302192
T02464,BUILDING_CONSTRUCTION,KA-CENTRAL,OPEN,3,1.00314,0.01425,0.03688,0.01515,0.9889,1.02589,0.11566,0.02932,70,1.8122913380479593,0.04285714285714286,1.2367656539367349,27.114967462039044
T01669,BUILDING_CONSTRUCTION,KA-BENGALURU,OPEN,9,0.9911,0.02621,0.07357,0.0264,0.94636,1.01928,0.11302,0.02312,21,1.1508936185705743,0.23809523809523808,1.234656761480722,13.59249694168819
T00887,WATER_INFRASTRUCTURE,KA-SOUTH,OPEN,3,1.02385,0.01712,0.04551,0.01887,0.99438,1.04097,0.10991999999999999,0.024564999999999997,36,1.7685304220593323,0.08333333333333333,1.2345758369284439,21.973192704900022
T00523,CIVIL_MAINTENANCE,KA-CENTRAL,OPEN,6,0.99197,0.01232,0.04916,0.01845,0.97545,1.02422,0.0943,0.022679999999999992,73,1.3424388396284617,0.136986301369863,1.2328542841652705,20.34174125305126
T00740,ROAD_CONSTRUCTION,KA-SOUTH,OPEN,8,0.99161,0.0162,0.05553,0.01869,0.97114,1.02621,0.10933000000000001,0.026665000000000008,64,1.3608701616291323,0.046875,1.2317770164254909,18.008283810552854
T01527,WATER_INFRASTRUCTURE,KA-CENTRAL,TWO_STAGE,3,1.00623,0.01902,0.05218,0.02147,0.98722,1.03972,0.08471,0.014060000000000003,7,1.5605394314206,0.2857142857142857,1.2308358114232572,19.164430816404753
T01692,MEDICAL_SUPPLIES,KA-CENTRAL,OPEN,3,0.98487,0.00485,0.01956,0.00828,0.98002,0.99929,0.09419,0.027749999999999997,53,1.813954788459038,0.018867924528301886,1.2218818086582266,51.124744376278116
T00155,ELECTRICAL_EQUIPMENT,KA-CENTRAL,OPEN,7,0.98632,0.01857,0.05666,0.02084,0.95336,1.00925,0.10079,0.02248,42,1.3240781679582805,0.09523809523809523,1.216556797025465,17.649135192375574
T01008,WATER_INFRASTRUCTURE,KA-CENTRAL,OPEN,3,1.04354,0.00141,0.04023,0.01889,1.00297,1.04496,0.11693,0.029219999999999996,59,1.7704805356555395,0.05084745762711865,1.214218662188439,24.857071836937607
T01863,CIVIL_MAINTENANCE,KA-NORTH,OPEN,5,1.01289,0.00738,0.05379,0.01764,0.99128,1.04577,0.103015,0.023669999999999997,62,1.4026957175849346,0.11290322580645161,1.212479154713109,18.59081613682841
T02273,BUILDING_CONSTRUCTION,KA-SOUTH,OPEN,9,1.01824,0.00751,0.0647,0.02564,0.96205,1.02793,0.10953,0.024610000000000007,53,1.228663988107914,0.1320754716981132,1.2095461864942463,15.45595054095827
T02088,ELECTRICAL_EQUIPMENT,KA-NORTH,OPEN,4,0.96791,0.01273,0.03299,0.01407,0.95321,0.98515,0.09762,0.027480000000000004,43,1.5863296137180618,0.023255813953488372,1.2071890707536626,30.31221582297666
T00098,CIVIL_MAINTENANCE,KA-BENGALURU,OPEN,5,1.04602,0.01721,0.04003,0.01612,1.02135,1.06323,0.1076,0.03349,14,1.3608641569971196,0.14285714285714285,1.20297703988341,24.981264051961027
T02392,BUILDING_CONSTRUCTION,KA-CENTRAL,OPEN,4,1.01711,0.0059,0.04926,0.01926,0.97642,1.02652,0.11566,0.02932,70,1.5274961265090699,0.07142857142857142,1.199193523453231,20.300446609825418
T01745,CIVIL_MAINTENANCE,KA-CENTRAL,OPEN,5,0.9822,0.00234,0.04943,0.01756,0.97417,1.02272,0.0943,0.022679999999999992,73,1.334409187729931,0.1643835616438356,1.1990341994990132,20.230629172567266
T00681,BUILDING_CONSTRUCTION,KA-NORTH,LIMITED,4,1.01163,0.00246,0.01025,0.00371,1.00758,1.01795,0.08109,0.031305,14,1.5263033190008628,0.07142857142857142,1.1982989178220755,97.5609756097561
T01170,MEDICAL_SUPPLIES,KA-SOUTH,OPEN,6,0.98929,0.00555,0.06036,0.0223,0.98186,1.04158,0.09937,0.020879999999999996,45,1.2601477263976046,0.17777777777777778,1.1982712534794855,16.56726308813784
T02330,ROAD_CONSTRUCTION,KA-CENTRAL,OPEN,4,1.03915,0.0022,0.02134,0.00825,1.02125,1.04342,0.1053,0.03636,59,1.557487463301841,0.03389830508474576,1.1935393262899399,46.86035613870665
T01547,LAB_EQUIPMENT,KA-NORTH,LIMITED,4,1.01092,0.00411,0.04097,0.01671,0.97453,1.01595,0.091945,0.024235,6,1.418698843173899,0.16666666666666666,1.1890241323804243,24.408103490358798
T02077,FURNITURE,KA-SOUTH,LIMITED,5,1.00443,0.03654,0.09541,0.03742,0.96789,1.06372,0.10322,0.004300000000000012,4,1.225063449188884,0.25,1.1800507593511074,10.481081647626036
T00046,CIVIL_MAINTENANCE,KA-NORTH,OPEN,6,0.98657,0.0108,0.05846,0.02018,0.96894,1.02661,0.103015,0.023669999999999997,62,1.2696212838394467,0.14516129032258066,1.1789854784683562,17.105713308244955
T01342,CIVIL_MAINTENANCE,KA-SOUTH,OPEN,5,1.05523,0.00198,0.03964,0.01495,1.01754,1.05937,0.09694,0.028469999999999995,61,1.3575103799792383,0.11475409836065574,1.177811582671915,25.22704339051463
T01203,MEDICAL_SUPPLIES,KA-SOUTH,OPEN,9,0.98167,0.01935,0.06458,0.02052,0.95167,1.01507,0.09937,0.020879999999999996,45,1.1238282338213963,0.2,1.176736207841241,15.48467017652524
T01556,BUILDING_CONSTRUCTION,KA-BENGALURU,OPEN,4,0.99309,0.0248,0.06264,0.02742,0.96614,1.02835,0.11302,0.02312,21,1.4697597085826497,0.09523809523809523,1.1737483528655588,15.964240102171136
T00409,ELECTRICAL_EQUIPMENT,KA-NORTH,OPEN,6,1.01414,0.01234,0.045,0.01554,0.98938,1.03502,0.09762,0.027480000000000004,43,1.291546716290336,0.11627906976744186,1.1731881550481482,22.22222222222222
T00226,CIVIL_MAINTENANCE,KA-NORTH,OPEN,6,1.05602,0.01999,0.05825,0.02055,1.02528,1.08678,0.103015,0.023669999999999997,62,1.2756053590185799,0.12903225806451613,1.1705313475692467,17.167381974248926
T00828,MEDICAL_SUPPLIES,KA-NORTH,LIMITED,4,1.00627,0.01393,0.0552,0.02152,0.9893,1.04485,0.09124,0.019130000000000008,7,1.2707081532428899,0.2857142857142857,1.1673168292178815,18.115942028985508
T00532,CIVIL_MAINTENANCE,AP-SOUTH,OPEN,5,1.00695,0.01613,0.06896,0.02522,0.9556,1.02504,0.1334,0.031560000000000005,13,1.37719215908339,0.07692307692307693,1.1632921888051735,14.501160092807426
T01529,WATER_INFRASTRUCTURE,KA-CENTRAL,OPEN,5,0.99808,0.00496,0.05984,0.02238,0.94596,1.00569,0.11693,0.029219999999999996,59,1.3178192148705967,0.13559322033898305,1.1627299481676638,16.711229946524064
T01533,CIVIL_MAINTENANCE,KA-SOUTH,OPEN,3,0.9765,0.00335,0.02482,0.01092,0.97315,0.99739,0.09694,0.028469999999999995,61,1.7086151588848633,0.03278688524590164,1.1609346960871767,40.29008863819501
T02011,BUILDING_CONSTRUCTION,AP-SOUTH,OPEN,6,0.98088,0.02898,0.07432,0.02788,0.94485,1.01776,0.10548,0.018425000000000004,4,1.1406855937742582,0.25,1.1589046614785485,13.455328310010765
T01817,CIVIL_MAINTENANCE,KA-CENTRAL,OPEN,7,1.03678,0.00816,0.05533,0.01707,1.00677,1.06413,0.0943,0.022679999999999992,73,1.1589464240212928,0.1917808219178082,1.1577662108049438,18.07337791433219
T01708,CIVIL_MAINTENANCE,KA-SOUTH,OPEN,3,1.0324,0.00564,0.02574,0.01113,1.01146,1.03803,0.09694,0.028469999999999995,61,1.6868191807071862,0.04918032786885246,1.1573330057173592,38.85003885003885
T02310,IT_SERVICES,KA-BENGALURU,OPEN,5,1.0228,0.01181,0.05121,0.01767,1.00233,1.0547,0.08701500000000001,0.018524999999999993,14,1.3036513707454525,0.14285714285714285,1.1572068108820763,19.527436047646944
T01014,WATER_INFRASTRUCTURE,KA-SOUTH,LIMITED,4,1.00374,0.00603,0.04888,0.01977,0.96194,1.011,0.09856999999999999,0.023669999999999997,8,1.415946169767301,0.125,1.1557096273254759,20.458265139116204
T01610,WATER_INFRASTRUCTURE,KA-SOUTH,OPEN,4,0.99106,0.01393,0.05896,0.02091,0.95963,1.01807,0.10991999999999999,0.024564999999999997,36,1.3992285407257192,0.1388888888888889,1.153588072210956,16.960651289009498
T01085,LAB_EQUIPMENT,KA-CENTRAL,OPEN,4,0.9754,0.01004,0.03369,0.01278,0.9615,0.99436,0.08785,0.026139999999999997,29,1.3974911833684927,0.13793103448275862,1.1515666633884385,29.682398337785695
T00047,WATER_INFRASTRUCTURE,KA-CENTRAL,OPEN,3,1.01846,0.0233,0.0459,0.01874,0.99501,1.04176,0.11693,0.029219999999999996,59,1.6395988585086438,0.0847457627118644,1.1495630808136723,21.78649237472767
T00192,CIVIL_MAINTENANCE,KA-CENTRAL,LIMITED,4,0.96492,0.01101,0.03622,0.01347,0.94859,0.98354,0.08912,0.02513,19,1.419839282782009,0.10526315789473684,1.1438268305075594,27.609055770292656
T01120,FURNITURE,KA-SOUTH,OPEN,6,1.00284,0.02837,0.07358,0.02814,0.97233,1.04612,0.120115,0.025825000000000008,32,1.215389254297903,0.15625,1.1430327119149193,13.59064963305246
T02179,WATER_INFRASTRUCTURE,KA-BENGALURU,OPEN,4,1.02547,0.00676,0.03096,0.01103,1.00707,1.03882,0.098545,0.03149,14,1.4476169571046582,0.07142857142857142,1.1392841463999221,32.29974160206718
T00623,CIVIL_MAINTENANCE,KA-CENTRAL,OPEN,3,0.99388,0.01229,0.03838,0.01607,0.96802,1.00617,0.0943,0.022679999999999992,73,1.663030126540177,0.0410958904109589,1.1360840113007573,26.055237102657635
T01421,ELECTRICAL_EQUIPMENT,KA-SOUTH,OPEN,5,0.98615,0.00429,0.04064,0.01809,0.98186,1.02193,0.09169,0.025990000000000013,43,1.324846220518667,0.09302325581395349,1.1342955810660964,24.606299212598422
T00930,ELECTRICAL_EQUIPMENT,KA-NORTH,OPEN,5,0.99568,0.00542,0.04275,0.01558,0.99027,1.03283,0.09762,0.027480000000000004,43,1.346772488081542,0.06976744186046512,1.1332319439536056,23.391812865497073
T02211,CIVIL_MAINTENANCE,KA-NORTH,OPEN,5,1.02504,0.00781,0.05917,0.02192,0.9722,1.03285,0.103015,0.023669999999999997,62,1.2493894106147578,0.16129032258064516,1.1285437865563226,16.900456312320433
T00346,CIVIL_MAINTENANCE,KA-NORTH,LIMITED,4,1.0072,0.00561,0.03186,0.01245,0.98237,1.01446,0.07773,0.022829999999999996,7,1.3551857703544208,0.14285714285714285,1.1235321849086728,31.387319522912744
T00008,IT_SERVICES,KA-NORTH,OPEN,4,1.03648,0.01175,0.03939,0.01475,1.01258,1.0534,0.09833,0.02729000000000001,51,1.456741860152089,0.0392156862745098,1.1219681598199491,25.387154100025388
T01211,WATER_INFRASTRUCTURE,KA-BENGALURU,OPEN,7,1.00253,0.00772,0.05078,0.01684,0.96488,1.01579,0.098545,0.03149,14,1.023088317764356,0.2857142857142857,1.121830802981693,19.692792437967704
T00020,ROAD_CONSTRUCTION,KA-NORTH,TWO_STAGE,12,1.00985,0.00803,0.06217,0.01759,0.97288,1.03566,0.1323,0.0464,5,1.0194404517692592,0.2,1.1178204141218209,16.084928422068522
T01045,FURNITURE,KA-SOUTH,OPEN,6,0.998,0.01298,0.07599,0.02408,0.97081,1.04665,0.120115,0.025825000000000008,32,1.1524454893283544,0.1875,1.116621241106962,13.159626266614028
T02121,CIVIL_MAINTENANCE,KA-SOUTH,OPEN,4,1.01655,0.00518,0.03691,0.01475,0.98542,1.02294,0.09694,0.028469999999999995,61,1.4221875760934324,0.06557377049180328,1.1158210099389267,27.0929287455974
T01350,FURNITURE,KA-CENTRAL,OPEN,3,0.96325,0.00282,0.01199,0.00511,0.95452,0.96607,0.09752,0.03523000000000001,35,1.6375019772362522,0.02857142857142857,1.1107156038717874,83.40283569641367
T01073,WATER_INFRASTRUCTURE,KA-NORTH,OPEN,5,1.01402,0.02983,0.07521,0.02774,0.96759,1.04385,0.10822999999999999,0.01692000000000001,42,1.3162934325010138,0.07142857142857142,1.1101776031436683,13.296104241457254
T01479,CIVIL_MAINTENANCE,KA-CENTRAL,OPEN,8,0.99821,0.01733,0.05863,0.01917,0.97476,1.03329,0.0943,0.022679999999999992,73,1.0608062341503595,0.2054794520547945,1.1079999754295096,17.056114617090227
T00012,WATER_INFRASTRUCTURE,KA-SOUTH,OPEN,7,1.0027,0.01052,0.06994,0.02311,0.94309,1.01322,0.10991999999999999,0.024564999999999997,36,1.0977464100905463,0.19444444444444445,1.1075921610299921,14.29796968830426
T00298,CIVIL_MAINTENANCE,KA-NORTH,OPEN,8,0.95994,0.01685,0.06543,0.02279,0.93997,1.00277,0.103015,0.023669999999999997,62,1.0710069790844035,0.1935483870967742,1.1064859454085305,15.28350909368791
T01385,CIVIL_MAINTENANCE,KA-NORTH,OPEN,9,1.01039,0.00791,0.06675,0.02162,0.97641,1.04385,0.103015,0.023669999999999997,62,1.033392792244137,0.20967741935483872,1.1049512991990895,14.9812734082397
T02099,BUILDING_CONSTRUCTION,KA-CENTRAL,OPEN,9,1.01963,0.00605,0.06792,0.02621,0.95643,1.02568,0.11566,0.02932,70,1.0982329078244428,0.14285714285714285,1.1031911561614094,14.723203769140166
T02434,CIVIL_MAINTENANCE,KA-SOUTH,OPEN,10,0.98413,0.0066,0.05289,0.01373,0.97172,1.02377,0.09694,0.028469999999999995,61,1.0436009116594318,0.18032786885245902,1.1015359024607017,18.907165815844206
T01214,ROAD_CONSTRUCTION,KA-SOUTH,OPEN,3,1.0071,0.01903,0.04531,0.01863,0.9805,1.02613,0.10933000000000001,0.026665000000000008,64,1.6193849023698337,0.03125,1.100423268246556,22.070183182520413
T02375,ELECTRICAL_EQUIPMENT,KA-CENTRAL,OPEN,6,1.02158,0.02506,0.06116,0.02268,0.98991,1.05239,0.10079,0.02248,42,1.1890599999135885,0.11904761904761904,1.090089682467673,16.350555918901243
T00528,LAB_EQUIPMENT,KA-NORTH,LIMITED,4,1.00463,0.01172,0.05174,0.0194,0.98806,1.04004,0.091945,0.024235,6,1.118956095925583,0.3333333333333333,1.0892170719441872,19.327406262079627
T00980,CIVIL_MAINTENANCE,KA-CENTRAL,OPEN,3,0.98358,0.01898,0.04287,0.01755,0.9604,1.00257,0.0943,0.022679999999999992,73,1.5294999894127557,0.0958904109589041,1.0835936002477733,23.326335432703523
T01367,ELECTRICAL_EQUIPMENT,KA-NORTH,OPEN,4,0.95959,0.00366,0.0407,0.01618,0.9265,0.96555,0.09762,0.027480000000000004,43,1.3970893023801962,0.046511627906976744,1.0827006977153797,24.57002457002457
T01012,CIVIL_MAINTENANCE,KA-CENTRAL,OPEN,5,1.0001,0.00367,0.05482,0.02228,0.94894,1.00377,0.0943,0.022679999999999992,73,1.1741135442740733,0.1780821917808219,1.0817565888439162,18.24151769427216
T00657,BUILDING_CONSTRUCTION,KA-CENTRAL,OPEN,4,1.02516,0.0048,0.05795,0.0235,0.97316,1.03257,0.11566,0.02932,70,1.327587371398169,0.11428571428571428,1.0814048142629125,17.25625539257981
T01877,ELECTRICAL_EQUIPMENT,KA-SOUTH,OPEN,4,1.0001,0.00884,0.03797,0.01358,0.9781,1.01607,0.09169,0.025990000000000013,43,1.3941378837661667,0.046511627906976744,1.0804871337548576,26.336581511719782
T00703,ELECTRICAL_EQUIPMENT,KA-BENGALURU,OPEN,9,1.0179,0.02766,0.06558,0.02417,0.98575,1.0525,0.10288,0.023164999999999998,16,1.086056780853745,0.125,1.07649491631444,15.248551387618177
T00093,VEHICLE_SUPPLIES,KA-CENTRAL,OPEN,7,1.01493,0.00827,0.0388,0.01489,0.98382,1.02319,0.11493,0.04331,31,1.1856149046167905,0.06451612903225806,1.071540885984899,25.77319587628866
T01879,IT_SERVICES,KA-NORTH,OPEN,6,0.98206,0.018,0.05047,0.01801,0.95802,1.00758,0.09833,0.02729000000000001,51,1.1828921857291987,0.09803921568627451,1.0674428345128946,19.813750743015653
T00484,ELECTRICAL_EQUIPMENT,KA-CENTRAL,OPEN,7,0.98118,0.01912,0.06409,0.02086,0.95732,1.0202,0.10079,0.02248,42,1.1011481704978225,0.14285714285714285,1.0662902685899704,15.603058199407085
T01922,ELECTRICAL_EQUIPMENT,KA-NORTH,OPEN,4,1.0084,0.02072,0.04353,0.02113,0.98763,1.03152,0.09762,0.027480000000000004,43,1.3276275538605906,0.09302325581395349,1.065488107255908,22.97266253158741
T01766,CIVIL_MAINTENANCE,TN-NORTH,OPEN,6,1.01293,0.02412,0.06088,0.02266,0.9789,1.04057,0.11902,0.03328,10,1.1783321140615761,0.1,1.0652767617179801,16.4257555847569
T00829,CIVIL_MAINTENANCE,KA-SOUTH,LIMITED,6,0.98366,0.00288,0.0087,0.00329,0.98048,0.98904,0.07109499999999999,0.03572999999999999,10,1.1778575689208555,0.1,1.0648813074340464,114.9425287356322
T00519,CIVIL_MAINTENANCE,KA-NORTH,OPEN,4,0.99741,0.01096,0.05948,0.02178,0.95777,1.0171,0.103015,0.023669999999999997,62,1.2405557758265136,0.1774193548387097,1.0634813479989176,16.812373907195695
T00420,VEHICLE_SUPPLIES,KA-SOUTH,LIMITED,3,1.03738,0.01675,0.03244,0.01324,1.02063,1.05428,0.09557,0.02983,6,1.4274422274809742,0.16666666666666666,1.062739262765094,30.82614056720099
T00724,ROAD_CONSTRUCTION,KA-SOUTH,OPEN,4,0.96411,0.00425,0.05583,0.02226,0.95777,1.0116,0.10933000000000001,0.026665000000000008,64,1.353281666304063,0.0625,1.0618362497280471,17.911517105498838
T01577,CIVIL_MAINTENANCE,KA-CENTRAL,LIMITED,3,0.99324,0.0146,0.03763,0.01552,0.97047,1.00784,0.08912,0.02513,19,1.3819947952825264,0.21052631578947367,1.061680740714667,26.57454158915759
T02175,CIVIL_MAINTENANCE,KA-SOUTH,OPEN,8,0.98864,0.01814,0.05271,0.01873,0.96345,1.01556,0.09694,0.028469999999999995,61,1.0478653421724555,0.16393442622950818,1.0603247973517183,18.971732119142477
T00891,IT_SERVICES,KA-NORTH,OPEN,5,1.01938,0.00281,0.04794,0.01857,0.97332,1.02219,0.09833,0.02729000000000001,51,1.2454228424340645,0.0784313725490196,1.0590833719864674,20.85940759282436
T02184,MEDICAL_SUPPLIES,KA-SOUTH,OPEN,4,1.03603,0.02131,0.0598,0.02425,1.01056,1.07252,0.09937,0.020879999999999996,45,1.2782375168816513,0.13333333333333333,1.0586781376612384,16.722408026755854
T01266,ROAD_CONSTRUCTION,KA-NORTH,OPEN,3,0.98604,0.02369,0.04806,0.01962,0.96236,1.00974,0.10597000000000001,0.02621499999999999,62,1.489977489272922,0.0967741935483871,1.0578344552142063,20.807324178110697
T00853,BUILDING_CONSTRUCTION,KA-SOUTH,LIMITED,4,0.98139,0.00443,0.02765,0.01092,0.95976,0.9869,0.079565,0.028954999999999995,10,1.2093312995416143,0.2,1.0569984746562107,36.16636528028933
T01501,ELECTRICAL_EQUIPMENT,AP-SOUTH,OPEN,7,0.98877,0.0231,0.06053,0.02155,0.95817,1.01802,0.11116000000000001,0.03665500000000001,10,0.9316455368244445,0.3,1.0556961744209525,16.520733520568314
T00389,ROAD_CONSTRUCTION,KA-SOUTH,OPEN,7,0.98066,0.01564,0.06566,0.02571,0.93191,0.9963,0.10933000000000001,0.026665000000000008,64,1.104631969485952,0.125,1.0539702595593876,15.229972586049346
T00604,IT_SERVICES,KA-SOUTH,OPEN,3,1.02937,0.00515,0.03645,0.01628,0.997,1.03452,0.09166,0.02535000000000001,37,1.4689796777397557,0.10810810810810811,1.0513918572319094,27.434842249657063
T02204,MEDICAL_SUPPLIES,KA-SOUTH,OPEN,5,1.02288,0.02311,0.06633,0.02361,0.99447,1.06231,0.09937,0.020879999999999996,45,1.0672976385587505,0.24444444444444444,1.049393666402556,15.076134479119554
T01355,ELECTRICAL_EQUIPMENT,KA-CENTRAL,OPEN,3,1.0274,0.01229,0.05074,0.02185,0.98756,1.03969,0.10079,0.02248,42,1.5017020690304088,0.07142857142857142,1.0487537603059869,19.70831690973591
T01522,FURNITURE,KA-CENTRAL,OPEN,3,0.99416,0.00463,0.01852,0.00784,0.98953,1.00794,0.09752,0.03523000000000001,35,1.5124828270976725,0.05714285714285714,1.0464171228270198,53.99568034557236
T00006,CIVIL_MAINTENANCE,KA-CENTRAL,LIMITED,3,0.98573,0.0042,0.03655,0.01647,0.9539,0.98993,0.08912,0.02513,19,1.4109820623034068,0.15789473684210525,1.0459178660970083,27.359781121751027
T02155,FURNITURE,KA-CENTRAL,OPEN,6,0.97417,0.00518,0.03645,0.01222,0.9675,1.003,0.09752,0.03523000000000001,35,1.169206661403226,0.08571428571428572,1.0457674559312597,27.434842249657063
T00646,ELECTRICAL_EQUIPMENT,KA-SOUTH,LIMITED,4,0.97104,0.0203,0.07182,0.02928,0.94892,1.01866,0.0958,0.014440000000000008,11,1.1201030756404948,0.2727272727272727,1.0446227612758257,13.92369813422445
T01108,VEHICLE_SUPPLIES,TN-NORTH,OPEN,3,0.96305,0.01091,0.04424,0.01863,0.95214,0.99474,0.08849499999999999,0.02012500000000001,12,1.483209369472631,0.08333333333333333,1.0443618018706429,22.60397830018083
T01153,CIVIL_MAINTENANCE,KA-SOUTH,OPEN,7,0.99494,0.00903,0.05468,0.02099,0.98592,1.04032,0.09694,0.028469999999999995,61,1.001193519335473,0.21311475409836064,1.0408356629432862,18.2882223847842
T01926,WATER_INFRASTRUCTURE,KA-BENGALURU,OPEN,3,1.00404,0.00829,0.0324,0.01382,0.97979,1.01232,0.098545,0.03149,14,1.4167733021778148,0.14285714285714285,1.0397536300233052,30.8641975308642
T01126,ROAD_CONSTRUCTION,AP-SOUTH,OPEN,6,1.0602,0.01096,0.10751,0.0422,0.96329,1.07726,0.12472,0.013115000000000002,14,0.8850923347763785,0.35714285714285715,1.0351959932660297,9.301460329271697
T02337,IT_SERVICES,KA-SOUTH,TWO_STAGE,3,1.03527,0.0046,0.02079,0.00898,1.01834,1.03987,0.0821,0.02933000000000001,7,1.4099225524551668,0.14285714285714285,1.03518646354154,48.1000481000481
T00705,BUILDING_CONSTRUCTION,KA-CENTRAL,OPEN,3,1.05385,0.00181,0.05194,0.02449,1.00092,1.05565,0.11566,0.02932,70,1.465844174415029,0.08571428571428572,1.0343723067528765,19.252984212552946
T01084,LAB_EQUIPMENT,KA-CENTRAL,OPEN,3,1.00281,0.01587,0.03179,0.01298,0.98695,1.01883,0.08785,0.026139999999999997,29,1.446516908043532,0.10344827586206896,1.0333101226037342,31.456432840515888
T00943,LAB_EQUIPMENT,KA-BENGALURU,OPEN,7,1.00057,0.01315,0.06914,0.02275,0.98254,1.05172,0.10547999999999999,0.028195000000000005,6,0.8693383294690358,0.3333333333333333,1.0308614252591735,14.463407578825572
T01953,BUILDING_CONSTRUCTION,KA-BENGALURU,TWO_STAGE,8,1.01144,0.0486,0.14257,0.05534,0.95614,1.10035,0.147035,0.004464999999999997,2,0.6744907594765952,0.5,1.0276794145420207,7.014098337658694
T00347,CIVIL_MAINTENANCE,KA-CENTRAL,OPEN,8,0.99416,0.00742,0.0638,0.02332,0.93908,1.00251,0.0943,0.022679999999999992,73,0.907053270019231,0.2602739726027397,1.0214113372942244,15.673981191222571
T00903,ROAD_CONSTRUCTION,KA-SOUTH,OPEN,4,1.03538,0.0238,0.05992,0.02635,0.99855,1.06059,0.10933000000000001,0.026665000000000008,64,1.2498251800389486,0.109375,1.0194001350292115,16.688918558077436
T00099,WATER_INFRASTRUCTURE,KA-CENTRAL,OPEN,3,1.02025,0.02567,0.05601,0.02295,0.98878,1.04592,0.11693,0.029219999999999996,59,1.406227825712327,0.11864406779661017,1.0165812623392916,17.85395465095519
T02244,BUILDING_CONSTRUCTION,KA-NORTH,OPEN,3,1.02908,0.01653,0.03352,0.0137,1.01112,1.04562,0.10989,0.03468,53,1.4853188956524672,0.03773584905660377,1.0153698298060474,29.832935560859188
T02188,ROAD_CONSTRUCTION,KA-SOUTH,OPEN,4,1.00341,0.0032,0.05966,0.02443,0.99925,1.05911,0.10933000000000001,0.026665000000000008,64,1.2564018759873423,0.09375,1.0126139069905067,16.761649346295677
T01050,MEDICAL_SUPPLIES,KA-BENGALURU,OPEN,3,1.00945,4e-05,0.01261,0.00591,1.00941,1.02214,0.08851,0.034519999999999995,28,1.483019949138864,0.03571428571428571,1.0124894899021,79.30214115781126
T01805,WATER_INFRASTRUCTURE,TN-NORTH,OPEN,3,1.01677,0.01576,0.04406,0.01817,1.00101,1.04581,0.08832999999999999,0.021425000000000007,8,1.3936852238986628,0.125,1.012456815932442,22.696323195642304
T00910,VEHICLE_SUPPLIES,KA-CENTRAL,OPEN,3,1.02398,0.00215,0.01966,0.00886,1.006,1.02613,0.11493,0.04331,31,1.4836927881629007,0.03225806451612903,1.01063390178602,50.8646998982706
T01239,CIVIL_MAINTENANCE,KA-SOUTH,OPEN,4,1.0143,0.01331,0.04652,0.01717,0.98726,1.03445,0.09694,0.028469999999999995,61,1.194514369259218,0.14754098360655737,1.0065415146493315,21.496130696474633
T02287,IT_SERVICES,KA-SOUTH,OPEN,4,0.99113,0.00702,0.04749,0.01853,0.98211,1.02918,0.09166,0.02535000000000001,37,1.1752369564529075,0.16216216216216217,1.0030493389613024,21.05706464518846
T02105,CIVIL_MAINTENANCE,KA-CENTRAL,LIMITED,3,1.00941,0.0018,0.03516,0.016,1.00761,1.04309,0.08912,0.02513,19,1.448289748561762,0.05263157894736842,1.0006142183394204,28.441410693970422
T02339,ELECTRICAL_EQUIPMENT,KA-SOUTH,OPEN,3,1.04636,0.00104,0.03478,0.01599,1.04532,1.08171,0.09169,0.025990000000000013,43,1.476924552589958,0.023255813953488372,1.0001202443622976,28.75215641173088
T00134,ELECTRICAL_EQUIPMENT,KA-CENTRAL,OPEN,9,0.98093,0.00826,0.07125,0.02202,0.97133,1.04122,0.10079,0.02248,42,0.8863192631200457,0.23809523809523808,0.9994795566358077,14.035087719298247
T02075,CIVIL_MAINTENANCE,KA-NORTH,OPEN,8,1.00127,0.00378,0.07086,0.02154,0.94231,1.01326,0.103015,0.023669999999999997,62,0.9162758923096711,0.22580645161290322,0.9993220509322525,14.112334180073383
T01925,LAB_EQUIPMENT,KA-CENTRAL,OPEN,8,1.02457,0.0237,0.05299,0.0202,0.99492,1.04921,0.08785,0.026139999999999997,29,0.8994930327220393,0.2413793103448276,0.9982633001835084,18.87148518588413
T00922,ELECTRICAL_EQUIPMENT,AP-SOUTH,OPEN,3,0.97042,0.00329,0.03526,0.01573,0.96713,1.00135,0.11116000000000001,0.03665500000000001,10,1.3966402576530779,0.1,0.9977601717687188,28.360748723766307
T00163,BUILDING_CONSTRUCTION,KA-SOUTH,OPEN,6,0.98739,0.03027,0.07211,0.02843,0.94856,1.01976,0.10953,0.024610000000000007,53,1.0255767663394633,0.16981132075471697,0.9961567392451502,13.867702121758425
T01939,WATER_INFRASTRUCTURE,KA-CENTRAL,LIMITED,4,1.00418,0.01211,0.04933,0.01778,0.9753,1.02484,0.079,0.017060000000000006,13,1.1730445975187909,0.15384615384615385,0.9951680635237085,20.27163997567403
T00570,ROAD_CONSTRUCTION,KA-SOUTH,OPEN,7,0.98163,0.01336,0.07024,0.02358,0.95087,1.01982,0.10933000000000001,0.026665000000000008,64,0.9887809408565575,0.171875,0.9948479493056208,14.236902050113896
T01339,LAB_EQUIPMENT,KA-CENTRAL,OPEN,4,0.99654,0.00856,0.04314,0.01565,0.96899,1.01198,0.08785,0.026139999999999997,29,1.1536527106426386,0.1724137931034483,0.9945498778095653,23.180343069077423
T01601,CIVIL_MAINTENANCE,KA-SOUTH,OPEN,8,1.01925,0.0073,0.05871,0.01704,0.9915,1.05134,0.09694,0.028469999999999995,61,0.9057176584049962,0.22950819672131148,0.9933226232355192,17.032873445750297
T01037,FURNITURE,KA-CENTRAL,OPEN,5,1.00945,0.00916,0.03867,0.0134,0.99329,1.03232,0.09752,0.03523000000000001,35,1.1267039794265572,0.11428571428571428,0.9927917549698173,25.85983966899405
T00252,WATER_INFRASTRUCTURE,KA-BENGALURU,OPEN,3,0.96927,0.00326,0.03903,0.01747,0.96602,1.00385,0.098545,0.03149,14,1.2747639742854735,0.21428571428571427,0.9926997923807919,25.621316935690494
T00880,WATER_INFRASTRUCTURE,TN-NORTH,OPEN,6,1.01717,0.01518,0.05849,0.02097,1.00125,1.06074,0.08832999999999999,0.021425000000000007,8,0.9394074335020577,0.25,0.9911728612517148,17.096939647803044
T01089,WATER_INFRASTRUCTURE,KA-CENTRAL,OPEN,4,0.97115,0.02065,0.06707,0.02756,0.9295,0.99463,0.11693,0.029219999999999996,59,1.1509277641171474,0.1694915254237288,0.9903144671556572,14.909795735798419
T00969,ROAD_CONSTRUCTION,KA-BENGALURU,OPEN,9,1.00165,0.02738,0.0696,0.02411,0.95937,1.02908,0.11207,0.026999999999999996,19,1.0609489835174446,0.05263157894736842,0.9898493888576114,14.367816091954024
T00120,WATER_INFRASTRUCTURE,KA-NORTH,OPEN,3,1.00328,0.02942,0.07221,0.02979,0.96025,1.0327,0.10822999999999999,0.01692000000000001,42,1.4358839926918996,0.047619047619047616,0.989002026873965,13.848497438027975
T00127,WATER_INFRASTRUCTURE,KA-SOUTH,OPEN,3,1.01687,0.00299,0.06207,0.02914,0.95674,1.01986,0.10991999999999999,0.024564999999999997,36,1.3138360611013669,0.16666666666666666,0.9870018185120225,16.110842597067826
T00146,IT_SERVICES,KA-SOUTH,OPEN,6,0.98792,0.01767,0.05426,0.02068,0.96897,1.02258,0.09166,0.02535000000000001,37,0.9951066826203019,0.1891891891891892,0.9869132265079094,18.42978252856616
T01432,CIVIL_MAINTENANCE,KA-SOUTH,OPEN,3,1.02269,0.00903,0.03864,0.01665,0.99221,1.03173,0.09694,0.028469999999999995,61,1.3812016606071482,0.09836065573770492,0.9863748775632355,25.87991718426501
T01322,ROAD_CONSTRUCTION,KA-SOUTH,OPEN,5,0.98252,0.01715,0.06625,0.0226,0.95522,1.02031,0.10933000000000001,0.026665000000000008,64,1.0897079286799818,0.140625,0.9842663429439855,15.094339622641508
T02191,MEDICAL_SUPPLIES,KA-SOUTH,OPEN,4,0.98593,0.02872,0.06573,0.03102,0.95715,1.02196,0.09937,0.020879999999999996,45,1.086679556934515,0.2222222222222222,0.9816763343675527,15.213753232922564
T02004,BUILDING_CONSTRUCTION,KA-SOUTH,OPEN,8,0.9882,0.01947,0.07624,0.02472,0.9547,1.03004,0.10953,0.024610000000000007,53,0.9123851029246587,0.20754716981132076,0.979940738643982,13.116474291710388
T00515,ROAD_CONSTRUCTION,KA-CENTRAL,OPEN,4,0.96331,0.00606,0.03855,0.01423,0.95273,0.98987,0.1053,0.03636,59,1.2382359239566207,0.06779661016949153,0.9795244005945842,25.940337224383917
T00234,ROAD_CONSTRUCTION,TN-NORTH,OPEN,6,1.05574,0.00894,0.05367,0.02051,1.00838,1.06504,0.10751,0.03349999999999999,11,1.0840173877677581,0.09090909090909091,0.9791053988973741,18.63238308179616
T00955,ELECTRICAL_EQUIPMENT,KA-SOUTH,TWO_STAGE,6,0.98169,0.01823,0.06215,0.02219,0.958,1.01901,0.09820000000000001,0.028905,6,0.8412175014402791,0.3333333333333333,0.9787923623113437,16.090104585679807
T00190,MEDICAL_SUPPLIES,KA-SOUTH,TWO_STAGE,6,0.99384,0.04126,0.14901,0.05187,0.90895,1.05705,0.15757500000000002,0.008565000000000003,2,0.6744907594765963,0.5,0.9787422995638303,6.710958996040534
T02297,IT_SERVICES,KA-BENGALURU,TWO_STAGE,6,1.01032,0.01673,0.06873,0.02505,0.96694,1.03637,0.09290999999999999,0.02418,2,0.6744907594765951,0.5,0.9787422995638292,14.549687181725593
T01482,MEDICAL_SUPPLIES,KA-CENTRAL,OPEN,8,0.99294,0.01579,0.05207,0.0196,0.95775,1.00945,0.09419,0.027749999999999997,53,1.0237675960055563,0.09433962264150944,0.9783438163161825,19.204916458613404
T01401,ELECTRICAL_EQUIPMENT,KA-CENTRAL,OPEN,9,0.9839,0.01631,0.07046,0.02115,0.94728,1.0166,0.10079,0.02248,42,0.9100224526212249,0.19047619047619047,0.9782210160865913,14.192449616803861
T00198,IT_SERVICES,KA-BENGALURU,OPEN,6,1.00343,0.01808,0.06066,0.02156,0.96669,1.02756,0.08701500000000001,0.018524999999999993,14,0.9595791614577964,0.21428571428571427,0.9782207297862588,16.485328058028355
T00886,CIVIL_MAINTENANCE,KA-CENTRAL,OPEN,5,0.97306,0.01674,0.06056,0.02226,0.95632,1.01525,0.0943,0.022679999999999992,73,1.0034090928016015,0.2191780821917808,0.9780697399947059,16.512549537648614
T01408,MEDICAL_SUPPLIES,KA-BENGALURU,OPEN,3,0.96422,0.00469,0.0171,0.00721,0.95242,0.96891,0.08851,0.034519999999999995,28,1.3952892564954713,0.07142857142857142,0.9778118852826952,58.47953216374269
T01245,CIVIL_MAINTENANCE,KA-CENTRAL,OPEN,5,0.99728,0.01489,0.06109,0.0208,0.95741,1.01834,0.0943,0.022679999999999992,73,0.9876471835193003,0.2328767123287671,0.9764191166784539,16.36929120969062
T00212,ELECTRICAL_EQUIPMENT,KA-NORTH,LIMITED,5,0.97412,0.00508,0.04277,0.01502,0.96735,1.00901,0.09409,0.03334999999999999,11,1.0379270097852735,0.18181818181818182,0.9757961532827644,23.38087444470423
T01908,MEDICAL_SUPPLIES,KA-CENTRAL,OPEN,7,0.98018,0.00835,0.05058,0.01495,0.9566,1.00618,0.09419,0.027749999999999997,53,1.0599834962441195,0.07547169811320754,0.9732473094491375,19.770660340055358
T01998,BUILDING_CONSTRUCTION,KA-CENTRAL,OPEN,4,0.98947,0.01856,0.06484,0.0262,0.9687,1.03286,0.11566,0.02932,70,1.1690866438131164,0.12857142857142856,0.9732435542884088,15.422578655151142
T00468,ROAD_CONSTRUCTION,KA-CENTRAL,OPEN,4,1.01632,0.01621,0.03993,0.01788,0.99264,1.03323,0.1053,0.03636,59,1.212636439686057,0.0847457627118644,0.973036651798441,25.043826696719258
T02427,IT_SERVICES,KA-NORTH,OPEN,3,1.00234,0.01631,0.04171,0.01722,0.97685,1.01865,0.09833,0.02729000000000001,51,1.399401495110473,0.058823529411764705,0.9721500163481586,23.975065931431313
T01753,ELECTRICAL_EQUIPMENT,AP-SOUTH,OPEN,6,1.01434,0.01506,0.05865,0.01991,0.97483,1.03432,0.11116000000000001,0.03665500000000001,10,0.9662395247610425,0.2,0.9718662706342021,17.050298380221655
T02091,IT_SERVICES,KA-SOUTH,OPEN,3,0.99861,0.00266,0.04198,0.01943,0.95934,1.00127,0.09166,0.02535000000000001,37,1.321842245790818,0.13513513513513514,0.9713182539506355,23.820867079561694
T01990,CIVIL_MAINTENANCE,AP-SOUTH,OPEN,9,0.99767,0.02298,0.08968,0.02758,0.93622,1.0257,0.1334,0.031560000000000005,13,0.9343705958275265,0.15384615384615385,0.9673037774877158,11.150758251561106
T02056,BUILDING_CONSTRUCTION,KA-NORTH,OPEN,3,1.02376,0.00222,0.03824,0.01774,0.98684,1.02599,0.10989,0.03468,53,1.393519691940543,0.05660377358490566,0.9667489770169659,26.15062761506276
T01285,CIVIL_MAINTENANCE,KA-SOUTH,OPEN,7,1.00392,0.01088,0.05972,0.01786,0.96615,1.02611,0.09694,0.028469999999999995,61,0.881789464970807,0.2459016393442623,0.9665923751272023,16.744809109176156
T00232,MEDICAL_SUPPLIES,KA-NORTH,OPEN,3,1.04351,0.01702,0.05738,0.02434,1.00065,1.06053,0.11554500000000001,0.030324999999999998,58,1.2937099760908877,0.15517241379310345,0.9659215932559941,17.42767514813524
T00824,ROAD_CONSTRUCTION,KA-CENTRAL,OPEN,4,1.00152,0.01335,0.04237,0.01647,0.97655,1.01899,0.1053,0.03636,59,1.1673735834395529,0.11864406779661017,0.9645132384271222,23.601604909133822
T01673,ELECTRICAL_EQUIPMENT,KA-SOUTH,OPEN,3,0.95017,0.00707,0.03865,0.01661,0.94309,0.97982,0.09169,0.025990000000000013,43,1.3764905687817848,0.06976744186046512,0.9641720070948333,25.8732212160414
T00876,FURNITURE,TN-NORTH,OPEN,3,0.96289,0.01239,0.05162,0.02175,0.95051,1.00021,0.10035,0.02647999999999999,5,1.24123620503378,0.2,0.9608241366891868,19.372336303758235
T01451,IT_SERVICES,KA-NORTH,OPEN,5,1.00173,0.01822,0.0553,0.01966,0.97992,1.03531,0.09833,0.02729000000000001,51,1.063515477474455,0.13725490196078433,0.9606163035481915,18.083182640144663
T01800,IT_SERVICES,KA-SOUTH,OPEN,9,0.96789,0.01811,0.05917,0.02079,0.9325,0.98977,0.09166,0.02535000000000001,37,0.8644656716131982,0.21621621621621623,0.960606122515035,16.900456312320433
T00816,WATER_INFRASTRUCTURE,KA-CENTRAL,OPEN,4,0.96881,0.01412,0.06961,0.02667,0.92083,0.98827,0.11693,0.029219999999999996,59,1.0922964660654515,0.1864406779661017,0.9590528580236648,14.365752047119665
T02163,ROAD_CONSTRUCTION,KA-NORTH,OPEN,3,1.06279,0.01459,0.05456,0.02338,1.01939,1.07738,0.10597000000000001,0.02621499999999999,62,1.322737743455723,0.11290322580645161,0.9570939795081165,18.328445747800586
T00279,MEDICAL_SUPPLIES,KA-NORTH,OPEN,3,0.97479,0.00568,0.05725,0.02534,0.96911,1.02492,0.11554500000000001,0.030324999999999998,58,1.296601445133986,0.13793103448275862,0.9563549864111632,17.46724890829694
T02404,CIVIL_MAINTENANCE,KA-NORTH,TWO_STAGE,4,1.02429,0.0109,0.0387,0.01425,1.00786,1.0475,0.0809,0.026500000000000003,5,1.0740947188646157,0.2,0.9555710391484618,25.839793281653748
T00162,ELECTRICAL_EQUIPMENT,KA-CENTRAL,OPEN,5,0.97507,0.01774,0.06665,0.02736,0.95732,1.02231,0.10079,0.02248,42,1.0243378348990642,0.16666666666666666,0.9528036012525848,15.003750937734434
T00603,ROAD_CONSTRUCTION,KA-SOUTH,OPEN,3,1.01879,0.0242,0.05596,0.023,0.98597,1.04298,0.10933000000000001,0.026665000000000008,64,1.349993318329866,0.078125,0.9520788788865775,17.8699070764832
T02257,MEDICAL_SUPPLIES,KA-CENTRAL,OPEN,3,0.99627,0.00379,0.03699,0.01678,0.96321,1.00006,0.09419,0.027749999999999997,53,1.3903016735877927,0.03773584905660377,0.9520250150962644,27.034333603676668
T01132,MEDICAL_SUPPLIES,TN-NORTH,OPEN,6,0.99495,0.03103,0.08725,0.03231,0.95951,1.04632,0.096995,0.010250000000000002,4,0.6412597513267728,0.5,0.9510497927723107,11.461318051575931
T01804,CIVIL_MAINTENANCE,KA-NORTH,OPEN,8,1.03484,0.01679,0.07345,0.02554,1.01364,1.08965,0.103015,0.023669999999999997,62,0.842472298433694,0.24193548387096775,0.9488568095165789,13.614703880190605
T02248,ELECTRICAL_EQUIPMENT,KA-NORTH,LIMITED,3,0.99513,0.01302,0.02824,0.01155,0.98005,1.00815,0.09409,0.03334999999999999,11,1.3317906000459911,0.09090909090909091,0.9484664606367215,35.41076487252124
T02481,MEDICAL_SUPPLIES,KA-SOUTH,OPEN,3,1.03245,0.00522,0.06028,0.02777,0.97542,1.03766,0.09937,0.020879999999999996,45,1.2627319821810399,0.15555555555555556,0.9455250251577305,16.5892501658925
T01393,LAB_EQUIPMENT,KA-CENTRAL,OPEN,4,0.98633,0.01241,0.04711,0.01947,0.95291,0.99938,0.08785,0.026139999999999997,29,1.051214749084793,0.20689655172413793,0.9435834756066981,21.226915729144554
T02463,BUILDING_CONSTRUCTION,KA-CENTRAL,OPEN,10,1.00181,0.01279,0.07767,0.02262,0.95253,1.03034,0.11566,0.02932,70,0.8739394253927644,0.17142857142857143,0.9408311971392023,12.874983906270117
T00200,LAB_EQUIPMENT,KA-CENTRAL,TWO_STAGE,5,1.02143,0.00506,0.0256,0.01091,1.00034,1.02649,0.06049,0.034890000000000004,2,0.6744907594765952,0.5,0.9395926075812762,39.0625
T00811,CIVIL_MAINTENANCE,KA-BENGALURU,TWO_STAGE,5,0.95886,0.03075,0.09437,0.03483,0.925,1.01549,0.10431,0.009940000000000004,2,0.6744907594765952,0.5,0.9395926075812762,10.59658789869662
T02001,ELECTRICAL_EQUIPMENT,TN-NORTH,LIMITED,5,0.983,0.01858,0.08352,0.03689,0.96442,1.04652,0.102005,0.018485,2,0.6744907594765952,0.5,0.9395926075812762,11.973180076628353
T01296,IT_SERVICES,AP-SOUTH,LIMITED,5,0.983,0.00444,0.02553,0.00853,0.96604,0.99113,0.042835,0.017305,2,0.6744907594765951,0.5,0.939592607581276,39.169604386995694
T02263,MEDICAL_SUPPLIES,KA-BENGALURU,TWO_STAGE,5,1.02007,0.01711,0.13966,0.04504,0.95502,1.09748,0.16033999999999998,0.02067999999999999,2,0.6744907594765948,0.5,0.9395926075812758,7.160246312473149
T01071,BUILDING_CONSTRUCTION,KA-BENGALURU,OPEN,3,1.02845,0.00331,0.07127,0.03359,0.95846,1.03176,0.11302,0.02312,21,1.2179926128091627,0.19047619047619047,0.9389792021902356,14.031149151115477
T00193,CIVIL_MAINTENANCE,KA-BENGALURU,OPEN,4,0.99513,0.02601,0.05631,0.02694,0.96563,1.02167,0.1076,0.03349,14,1.0329839072425968,0.21428571428571427,0.9354522161462333,17.758835020422662
T02396,ROAD_CONSTRUCTION,KA-SOUTH,OPEN,8,0.9919,0.01514,0.0751,0.02659,0.94164,1.01613,0.10933000000000001,0.026665000000000008,64,0.8658473165904313,0.203125,0.9353507770166274,13.315579227696405
T00577,CIVIL_MAINTENANCE,KA-CENTRAL,OPEN,5,0.99331,0.02841,0.06423,0.02334,0.96278,1.02658,0.0943,0.022679999999999992,73,0.8942653058845337,0.273972602739726,0.9345903268994079,15.56904873112253
T01044,ELECTRICAL_EQUIPMENT,KA-NORTH,OPEN,5,1.02192,0.02215,0.05582,0.01965,0.99754,1.05458,0.09762,0.027480000000000004,43,1.0259721159432924,0.13953488372093023,0.9324055997313782,17.914725904693658
T01484,ROAD_CONSTRUCTION,KA-CENTRAL,OPEN,3,0.97385,0.00782,0.03281,0.01404,0.94972,0.98167,0.1053,0.03636,59,1.3447149382414296,0.05084745762711865,0.9303749305790323,30.47851264858275
T00400,CIVIL_MAINTENANCE,KA-CENTRAL,TWO_STAGE,5,0.96482,0.00744,0.03405,0.01219,0.95546,0.98831,0.04635,0.009095000000000002,4,0.9121755185884687,0.25,0.9297404148707749,29.368575624082236
T00965,ELECTRICAL_EQUIPMENT,KA-BENGALURU,OPEN,4,0.99085,0.01941,0.06694,0.02525,0.95201,1.01833,0.10288,0.023164999999999998,16,1.0464579277180588,0.1875,0.925468445788544,14.938751120406334
T00645,BUILDING_CONSTRUCTION,KA-NORTH,OPEN,4,1.05671,0.01084,0.05036,0.01867,1.04019,1.09341,0.10989,0.03468,53,1.1577980078328058,0.07547169811320754,0.92495227945951,19.857029388403493
T01920,ROAD_CONSTRUCTION,KA-SOUTH,OPEN,7,1.00977,0.01472,0.07534,0.02404,0.97911,1.05519,0.10933000000000001,0.026665000000000008,64,0.8597765203303757,0.21875,0.9244513031403222,13.273161667109104
T01361,CIVIL_MAINTENANCE,AP-SOUTH,OPEN,9,0.99592,0.01597,0.0992,0.03177,0.95669,1.05548,0.1334,0.031560000000000005,13,0.7309120397369946,0.3076923076923077,0.923203864381602,10.080645161290322
T00821,CIVIL_MAINTENANCE,KA-BENGALURU,OPEN,4,1.0092,0.01683,0.06068,0.02261,0.98502,1.04625,0.1076,0.03349,14,0.9449718254595953,0.2857142857142857,0.9230145833804109,16.47989452867502
T00129,ELECTRICAL_EQUIPMENT,KA-NORTH,LIMITED,4,0.99049,0.01421,0.04679,0.01945,0.97543,1.02177,0.09409,0.03334999999999999,11,0.9566240756594591,0.2727272727272727,0.9220135112900488,21.37208805300278
T01213,MEDICAL_SUPPLIES,KA-SOUTH,LIMITED,4,0.97984,0.01051,0.03006,0.01246,0.9677,0.99716,0.0684,0.024709999999999996,11,1.0465388797382706,0.18181818181818182,0.9212677961673394,33.266799733865604
T01976,BUILDING_CONSTRUCTION,AP-SOUTH,LIMITED,4,1.00087,0.01395,0.069,0.0247,0.95968,1.02873,0.12413,0.04156,3,0.8947227038004016,0.3333333333333333,0.9210420278503013,14.492753623188404
T02367,WATER_INFRASTRUCTURE,KA-NORTH,OPEN,7,0.97721,0.00956,0.08488,0.02619,0.94023,1.02317,0.10822999999999999,0.01692000000000001,42,0.9308131934857261,0.14285714285714285,0.9202888597224592,11.7813383600377
T01005,IT_SERVICES,KA-SOUTH,TWO_STAGE,6,1.00128,0.00927,0.05277,0.0165,0.97152,1.02435,0.0821,0.02933000000000001,7,0.6744907594765952,0.42857142857142855,0.9192184900400199,18.95016107636915
T01717,MEDICAL_SUPPLIES,KA-NORTH,OPEN,3,1.02907,0.027,0.06139,0.02507,1.00208,1.06525,0.11554500000000001,0.030324999999999998,58,1.2045192771460849,0.1724137931034483,0.9179553801663555,16.289297931259163
T00939,LAB_EQUIPMENT,KA-NORTH,OPEN,12,0.97362,0.0201,0.19337,0.04352,0.87338,1.06165,0.07648,0.018280000000000005,19,-4.312977290766914,1.0,0.9166666666666666,5.171433004085433
T01040,MEDICAL_SUPPLIES,KA-NORTH,OPEN,12,1.00104,0.02586,0.19354,0.04674,0.91678,1.11052,0.11554500000000001,0.030324999999999998,58,-1.7347702155111966,1.0,0.9166666666666666,5.1668905652578285
T00653,ROAD_CONSTRUCTION,KA-SOUTH,TWO_STAGE,6,1.05079,0.00558,0.08596,0.03637,0.96679,1.05711,0.107855,0.02463500000000001,4,0.5994712879537265,0.5,0.9162260732947721,11.633317822242905
T02033,VEHICLE_SUPPLIES,KA-NORTH,OPEN,12,0.991,0.02365,0.09921,0.03038,0.94558,1.04389,0.12007000000000001,0.019319999999999997,26,0.7282545156667588,0.2692307692307692,0.9143615111560672,10.079629069650236
T00377,WATER_INFRASTRUCTURE,KA-NORTH,OPEN,9,1.03176,0.01609,0.08729,0.02542,0.98044,1.0705,0.10822999999999999,0.01692000000000001,42,0.834742110132381,0.19047619047619047,0.911305156096508,11.456065986940084
T00539,CIVIL_MAINTENANCE,KA-SOUTH,OPEN,3,1.00293,0.01317,0.04479,0.01892,0.97118,1.01609,0.09694,0.028469999999999995,61,1.235500284745502,0.13114754098360656,0.9110985504860725,22.326412145568206
T00383,IT_SERVICES,AP-SOUTH,OPEN,5,0.96855,0.00811,0.04142,0.016,0.96044,1.00056,0.093495,0.036140000000000005,6,0.9718900470321994,0.16666666666666666,0.9108453709590929,24.142926122646067
T01109,CIVIL_MAINTENANCE,KA-SOUTH,OPEN,8,0.99235,0.01645,0.06481,0.02009,0.97418,1.03849,0.09694,0.028469999999999995,61,0.7612008465747455,0.2786885245901639,0.9099031997692959,15.429717636167256
T00016,IT_SERVICES,KA-CENTRAL,OPEN,4,1.01592,0.00907,0.05732,0.0231,1.00664,1.06487,0.1033,0.027770000000000003,53,1.1167837638002824,0.09433962264150944,0.9083425398313438,17.445917655268666
T02422,MEDICAL_SUPPLIES,KA-NORTH,OPEN,7,1.00963,0.00273,0.07657,0.02683,0.94369,1.021,0.11554500000000001,0.030324999999999998,58,0.866884661190447,0.1896551724137931,0.9056055716607774,13.059945148230378
T01942,CIVIL_MAINTENANCE,KA-NORTH,LIMITED,8,1.00353,0.00773,0.0573,0.01835,0.9948,1.0523,0.07773,0.022829999999999996,7,0.6035850291768218,0.42857142857142855,0.903136900529719,17.452006980802793
T00132,VEHICLE_SUPPLIES,KA-CENTRAL,TWO_STAGE,3,1.06603,0.00558,0.04284,0.01929,1.02595,1.07162,0.09821,0.03657999999999999,3,1.0209555317719816,0.3333333333333333,0.9028592434035434,23.34267040149393
T01294,CIVIL_MAINTENANCE,KA-BENGALURU,OPEN,9,1.01502,0.02513,0.07845,0.02972,0.9632,1.04282,0.1076,0.03349,14,0.5870828796280306,0.42857142857142855,0.9028038295106303,12.746972594008922
T01424,CIVIL_MAINTENANCE,AP-SOUTH,OPEN,9,0.97226,0.01961,0.10402,0.02994,0.9412,1.04234,0.1334,0.031560000000000005,13,0.6279004598676285,0.38461538461538464,0.9000140839849005,9.613535858488753
T00405,LAB_EQUIPMENT,KA-SOUTH,OPEN,10,0.99389,0.03092,0.16371,0.04606,0.93009,1.0928,0.09267500000000001,0.01473999999999999,18,-3.2505055019959275,1.0,0.9,6.108362348054487
T00520,BUILDING_CONSTRUCTION,KA-NORTH,OPEN,12,0.99642,0.03734,0.22693,0.0604,0.86576,1.09188,0.10989,0.03468,53,-2.276309068314322,0.9811320754716981,0.89937106918239,4.406645220993258
T00718,FURNITURE,KA-BENGALURU,OPEN,7,1.00975,0.02509,0.08759,0.03107,0.96959,1.05803,0.11214,0.017980000000000003,16,0.9209537344355068,0.125,0.8965317723732916,11.416828405069072
T00996,ROAD_CONSTRUCTION,KA-NORTH,TWO_STAGE,6,1.00238,0.01603,0.0859,0.02704,0.96161,1.04771,0.1323,0.0464,5,0.6744907594765952,0.4,0.8954089662304962,11.641443538998836
T01799,FURNITURE,TN-NORTH,OPEN,6,1.00608,0.00755,0.07387,0.02184,0.96648,1.0408,0.10035,0.02647999999999999,5,0.6744907594765952,0.4,0.8954089662304962,13.537295248409366
T00386,IT_SERVICES,KA-CENTRAL,TWO_STAGE,5,1.0139,0.02805,0.08261,0.02962,0.96639,1.05015,0.10588,0.02327,9,0.6744907594765952,0.4444444444444444,0.8951481631368318,12.105072025178549
T00804,FURNITURE,KA-SOUTH,OPEN,13,1.04264,0.03189,0.1833,0.04742,0.90752,1.09863,0.120115,0.025825000000000008,32,-1.650249705228602,0.96875,0.8942307692307693,5.455537370430988
T02379,MEDICAL_SUPPLIES,KA-NORTH,OPEN,9,1.00535,0.02305,0.0804,0.0256,0.96369,1.04452,0.11554500000000001,0.030324999999999998,58,0.7816975347668573,0.22413793103448276,0.8940759696011911,12.437810945273633
T00941,WATER_INFRASTRUCTURE,KA-CENTRAL,OPEN,5,1.02627,0.03694,0.07816,0.02891,0.98397,1.06418,0.11693,0.029219999999999996,59,0.8949352068756883,0.22033898305084745,0.8922193519412286,12.7942681678608
T00117,ROAD_CONSTRUCTION,KA-CENTRAL,OPEN,6,0.98606,0.01354,0.05499,0.01819,0.95456,1.00879,0.1053,0.03636,59,0.9332681548203385,0.13559322033898305,0.8907178126327681,18.18512456810329
T00621,BUILDING_CONSTRUCTION,AP-SOUTH,OPEN,9,0.98689,0.04139,0.19042,0.05726,0.86828,1.0562,0.10548,0.018425000000000004,4,-3.109429856713269,1.0,0.8888888888888888,5.25154920701607
T00723,MEDICAL_SUPPLIES,KA-BENGALURU,LIMITED,9,1.00881,0.0297,0.19545,0.05845,0.86456,1.06173,0.09338,0.018310000000000007,5,-3.7599820764487193,1.0,0.8888888888888888,5.116398055768738
T00815,MEDICAL_SUPPLIES,KA-BENGALURU,TWO_STAGE,9,0.98507,0.03206,0.18102,0.05033,0.88194,1.06026,0.16033999999999998,0.02067999999999999,2,-0.6744907594765956,1.0,0.8888888888888888,5.524251463926638
T00911,VEHICLE_SUPPLIES,AP-SOUTH,OPEN,9,0.98403,0.04114,0.11232,0.0402,0.9379,1.04843,0.11232,0.0,1,0.0,1.0,0.8888888888888888,8.903133903133902
T01075,BUILDING_CONSTRUCTION,KA-CENTRAL,OPEN,9,0.99992,0.0534,0.21614,0.06665,0.91014,1.12625,0.11566,0.02932,70,-2.311488114331797,1.0,0.8888888888888888,4.626630887387805
T01105,VEHICLE_SUPPLIES,KA-SOUTH,OPEN,9,0.97994,0.02407,0.20946,0.05897,0.95068,1.15594,0.11184,0.029350000000000015,21,-2.243399929816191,1.0,0.8888888888888888,4.774181227919412
T01158,MEDICAL_SUPPLIES,KA-CENTRAL,OPEN,9,0.97177,0.03593,0.2082,0.05632,0.90019,1.10251,0.09419,0.027749999999999997,53,-2.7711240175829412,1.0,0.8888888888888888,4.803073967339097
T01173,VEHICLE_SUPPLIES,KA-BENGALURU,LIMITED,9,0.99588,0.00592,0.16606,0.04165,0.88422,1.0496,0.13124,0.03482000000000002,3,-0.6744907594765952,1.0,0.8888888888888888,6.021919788028423
T01237,IT_SERVICES,KA-NORTH,OPEN,9,0.99903,0.03426,0.18321,0.0515,0.90664,1.08967,0.09833,0.02729000000000001,51,-2.0978664589363647,1.0,0.8888888888888888,5.458217346214726
T01283,IT_SERVICES,KA-CENTRAL,OPEN,9,1.01003,0.04712,0.20702,0.05925,0.90136,1.11046,0.1033,0.027770000000000003,53,-2.5191999126003766,1.0,0.8888888888888888,4.83045116413873
T01512,MEDICAL_SUPPLIES,KA-SOUTH,OPEN,9,1.00883,0.01829,0.20016,0.06466,0.88215,1.08408,0.09937,0.020879999999999996,45,-3.255839255155462,1.0,0.8888888888888888,4.996003197442047
T01561,LAB_EQUIPMENT,AP-SOUTH,OPEN,9,1.01682,0.01683,0.11829,0.03829,0.93411,1.05439,0.10222,0.01607,5,-0.6744907594765952,1.0,0.8888888888888888,8.4537999830924
T01651,WATER_INFRASTRUCTURE,KA-SOUTH,OPEN,9,0.98008,0.04336,0.20629,0.05905,0.85803,1.06021,0.10991999999999999,0.024564999999999997,36,-2.6460685727970485,1.0,0.8888888888888888,4.847544718600029
T01703,ELECTRICAL_EQUIPMENT,TN-NORTH,OPEN,9,0.98857,0.06158,0.20086,0.0646,0.90629,1.10486,0.12121,0.025709999999999997,9,-2.0895833913773174,1.0,0.8888888888888888,4.978592054167081
T01791,ROAD_CONSTRUCTION,TN-NORTH,OPEN,9,0.99936,0.04633,0.16703,0.05547,0.88682,1.05375,0.10751,0.03349999999999999,11,-1.1983788060909544,1.0,0.8888888888888888,5.986948452373825
T01972,ROAD_CONSTRUCTION,KA-CENTRAL,OPEN,9,1.01741,0.02805,0.25784,0.07952,0.81904,1.08137,0.1053,0.03636,59,-2.8296705294433395,1.0,0.8888888888888888,3.878374185541421
T02073,ELECTRICAL_EQUIPMENT,KA-CENTRAL,OPEN,9,0.98593,0.02846,0.21364,0.0612,0.95066,1.16129,0.10079,0.02248,42,-3.3859556141874445,1.0,0.8888888888888888,4.6807713911252575
T02111,CIVIL_MAINTENANCE,TN-NORTH,OPEN,9,1.00497,0.0378,0.16173,0.04909,0.9415,1.10403,0.11902,0.03328,10,-0.865609986095114,1.0,0.8888888888888888,6.183144747418536
T02129,BUILDING_CONSTRUCTION,TN-NORTH,OPEN,9,1.0535,0.01039,0.12877,0.03452,0.95501,1.09067,0.091735,0.022385000000000002,10,-1.115915357481157,1.0,0.8888888888888888,7.765783955890347
T02413,ROAD_CONSTRUCTION,KA-SOUTH,OPEN,9,0.99967,0.0703,0.22611,0.07324,0.89938,1.12542,0.10933000000000001,0.026665000000000008,64,-2.9539482802053914,1.0,0.8888888888888888,4.422626155411083
T01396,WATER_INFRASTRUCTURE,KA-NORTH,OPEN,8,0.99947,0.01514,0.08695,0.03082,0.93538,1.02227,0.10822999999999999,0.01692000000000001,42,0.8482957069540149,0.16666666666666666,0.8880920769180964,11.500862564692351
T01093,LAB_EQUIPMENT,KA-CENTRAL,OPEN,10,1.00371,0.01674,0.06171,0.02021,0.96722,1.02917,0.08785,0.026139999999999997,29,0.6744907594765952,0.3103448275862069,0.8863520283565218,16.20482903905364
T01494,VEHICLE_SUPPLIES,KA-CENTRAL,OPEN,9,0.99956,0.01817,0.07162,0.02207,0.95439,1.02597,0.11493,0.04331,31,0.6744907594765952,0.3225806451612903,0.8862856930114537,13.962580284836637
T00708,LAB_EQUIPMENT,KA-SOUTH,OPEN,5,1.00605,0.00871,0.07454,0.02551,0.95194,1.02693,0.09267500000000001,0.01473999999999999,18,0.8298432783655408,0.2777777777777778,0.8860968449146549,13.415615776764154
T00967,LAB_EQUIPMENT,KA-NORTH,OPEN,8,1.00648,0.01401,0.05333,0.01917,0.97133,1.02501,0.07648,0.018280000000000005,19,0.8541827725319026,0.15789473684210525,0.8855678207022568,18.751171948246764
T01210,ROAD_CONSTRUCTION,KA-CENTRAL,OPEN,10,0.96973,0.05764,0.22443,0.07002,0.87827,1.09591,0.1053,0.03636,59,-2.2099033051828045,0.9830508474576272,0.8847457627118644,4.45573229960344
T01368,IT_SERVICES,KA-CENTRAL,LIMITED,4,0.9926,0.00506,0.03556,0.01407,0.96385,0.99914,0.071185,0.02845,6,0.8445951953024149,0.3333333333333333,0.8834463964768111,28.121484814398197
T00751,ROAD_CONSTRUCTION,KA-BENGALURU,OPEN,5,0.97549,0.02489,0.07426,0.02808,0.95059,1.02303,0.11207,0.026999999999999996,19,0.944536874659632,0.15789473684210525,0.8819452892013898,13.4661998384056
T00191,ELECTRICAL_EQUIPMENT,TN-NORTH,OPEN,8,0.99732,0.03257,0.0955,0.03611,0.96432,1.05957,0.12121,0.025709999999999997,9,0.6744907594765952,0.3333333333333333,0.8818460812086875,10.471204188481675
T01715,MEDICAL_SUPPLIES,KA-CENTRAL,OPEN,6,1.0204,0.01161,0.05843,0.01827,0.99599,1.05562,0.09419,0.027749999999999997,53,0.8691816057255151,0.18867924528301888,0.8815507091737783,17.114495978093444
T00594,LAB_EQUIPMENT,KA-NORTH,TWO_STAGE,4,1.00514,0.01096,0.06377,0.02449,0.99055,1.05464,0.107755,0.04398500000000001,2,0.6744907594765953,0.5,0.8808680696074466,15.681354869060689
T01532,MEDICAL_SUPPLIES,AP-SOUTH,LIMITED,4,1.01149,0.01038,0.02676,0.01199,1.00109,1.02815,0.058615,0.031854999999999994,2,0.6744907594765954,0.5,0.8808680696074466,37.36920777279522
T01710,ELECTRICAL_EQUIPMENT,KA-SOUTH,OPEN,8,1.00997,0.00815,0.05833,0.01759,0.99632,1.05523,0.09169,0.025990000000000013,43,0.8657565115867333,0.13953488372093023,0.8796299708942055,17.143836790673753
T01862,IT_SERVICES,KA-SOUTH,TWO_STAGE,3,1.00585,0.00614,0.03719,0.01642,0.97458,1.01199,0.0821,0.02933000000000001,7,1.0327780432353866,0.2857142857142857,0.8789948859664484,26.888948642108094
T01796,LAB_EQUIPMENT,KA-CENTRAL,OPEN,9,1.00042,0.00985,0.06564,0.01947,0.96773,1.0334,0.08785,0.026139999999999997,29,0.5730849184382241,0.41379310344827586,0.8772249083435554,15.234613040828762
T00223,WATER_INFRASTRUCTURE,KA-NORTH,OPEN,5,1.01568,0.0208,0.08371,0.02973,0.98897,1.074,0.10822999999999999,0.01692000000000001,42,0.977453511960171,0.11904761904761904,0.8772009048062321,11.94600406164138
T02347,CIVIL_MAINTENANCE,KA-CENTRAL,OPEN,9,0.98953,0.10035,0.22127,0.08792,0.87092,1.08987,0.0943,0.022679999999999992,73,-3.776018153912845,0.9863013698630136,0.8767123287671232,4.519365481086456
T00493,WATER_INFRASTRUCTURE,KA-CENTRAL,OPEN,3,0.93969,0.00197,0.06658,0.03028,0.93772,1.00029,0.11693,0.029219999999999996,59,1.1622385263397186,0.15254237288135594,0.8765205994807165,15.019525382997898
T01887,BUILDING_CONSTRUCTION,KA-BENGALURU,OPEN,3,1.01278,0.02786,0.0778,0.03197,0.98492,1.06371,0.11302,0.02312,21,1.0274898161230832,0.2857142857142857,0.8754694012249128,12.853470437017997
T01729,ELECTRICAL_EQUIPMENT,KA-NORTH,TWO_STAGE,5,1.0248,0.01702,0.0637,0.0244,0.97654,1.04181,0.08716,0.016640000000000002,7,0.9509346885409206,0.14285714285714285,0.8750334651184508,15.698587127158554
T00077,IT_SERVICES,TN-NORTH,OPEN,8,1.00053,0.04453,0.17787,0.05395,0.90464,1.0826,0.105455,0.021859999999999997,8,-2.234366347095044,1.0,0.875,5.622083544161466
T00366,ROAD_CONSTRUCTION,KA-CENTRAL,TWO_STAGE,8,0.97392,0.04669,0.14861,0.05672,0.92499,1.06972,0.08646999999999999,0.011260000000000006,16,-3.7222784896869983,1.0,0.875,6.729022273063724
T00367,ELECTRICAL_EQUIPMENT,AP-SOUTH,OPEN,8,0.99469,0.03958,0.15303,0.05022,0.91192,1.06414,0.11116000000000001,0.03665500000000001,10,-0.7704522738858282,1.0,0.875,6.53466640528001
T00800,FURNITURE,KA-SOUTH,OPEN,8,0.98543,0.03102,0.20108,0.05968,0.93682,1.13498,0.120115,0.025825000000000008,32,-2.1146232077840277,1.0,0.875,4.973145016908693
T00914,FURNITURE,KA-CENTRAL,OPEN,8,0.98619,0.0362,0.22211,0.06181,0.85827,1.07732,0.09752,0.03523000000000001,35,-2.385319435798722,1.0,0.875,4.502273648192337
T01186,LAB_EQUIPMENT,TN-NORTH,OPEN,8,0.99804,0.01761,0.11441,0.03341,0.96428,1.07846,0.10492499999999999,0.0061350000000000085,4,-1.042794597169601,1.0,0.875,8.7404947120007
T01191,ELECTRICAL_EQUIPMENT,KA-BENGALURU,OPEN,8,0.99197,0.02274,0.19192,0.05241,0.91376,1.10414,0.10288,0.023164999999999998,16,-2.592560208236393,1.0,0.875,5.2105043768236765
T01386,CIVIL_MAINTENANCE,KA-NORTH,OPEN,8,0.90591,0.02989,0.22085,0.07854,0.87514,1.07522,0.103015,0.023669999999999997,62,-3.357778565396054,1.0,0.875,4.527960153950645
T01654,CIVIL_MAINTENANCE,KA-BENGALURU,OPEN,8,1.02722,0.02066,0.16297,0.04408,0.92504,1.09245,0.1076,0.03349,14,-1.11515537032604,1.0,0.875,6.136098668466589
T01930,BUILDING_CONSTRUCTION,KA-NORTH,OPEN,8,1.0324,0.03537,0.24423,0.0881,0.82175,1.0739,0.10989,0.03468,53,-2.6127764886991294,1.0,0.875,4.094501085042787
T02225,WATER_INFRASTRUCTURE,AP-SOUTH,OPEN,8,0.9972,0.03585,0.18894,0.05679,0.90807,1.09648,0.11100499999999999,0.018865,12,-2.7864530792371296,1.0,0.875,5.292685508627078
T02256,MEDICAL_SUPPLIES,TN-NORTH,LIMITED,8,0.98832,0.01969,0.12394,0.03489,0.92777,1.05026,0.12394,0.0,1,0.0,1.0,0.875,8.06842020332419
T02344,BUILDING_CONSTRUCTION,KA-SOUTH,OPEN,8,1.00262,0.02895,0.21781,0.06146,0.86687,1.08525,0.10953,0.024610000000000007,53,-2.9676497129673187,1.0,0.875,4.591157430788302
T02368,LAB_EQUIPMENT,KA-BENGALURU,OPEN,8,1.01565,0.01413,0.17165,0.04646,0.89412,1.06845,0.10547999999999999,0.028195000000000005,6,-1.5829421370656607,1.0,0.875,5.825808330905914
T01682,CIVIL_MAINTENANCE,KA-CENTRAL,OPEN,4,1.01283,0.02626,0.06339,0.02838,0.97652,1.04073,0.0943,0.022679999999999992,73,0.9192464451244073,0.2465753424657534,0.8743663406926206,15.775358889414735
T01536,LAB_EQUIPMENT,KA-CENTRAL,OPEN,4,0.98952,0.00716,0.05336,0.02058,0.94819,1.00099,0.08785,0.026139999999999997,29,0.8899459179169001,0.27586206896551724,0.874355990161813,18.740629685157423
T01679,FURNITURE,TN-NORTH,LIMITED,5,0.96569,0.01059,0.06782,0.02224,0.93146,0.99695,0.08023,0.014125000000000006,4,0.5925968371755423,0.5,0.8740774697404339,14.744913005013268
T00022,MEDICAL_SUPPLIES,KA-NORTH,OPEN,9,0.97422,0.01705,0.19124,0.0507,0.87629,1.0626,0.11554500000000001,0.030324999999999998,58,-1.6836134555179183,0.9827586206896551,0.8735632183908045,5.229031583350763
T00435,MEDICAL_SUPPLIES,KA-SOUTH,OPEN,3,0.99518,0.01059,0.06712,0.02991,0.93897,1.00577,0.09937,0.020879999999999996,45,1.0417781126973276,0.26666666666666666,0.8722965195759962,14.898688915375446
T00296,MEDICAL_SUPPLIES,KA-CENTRAL,OPEN,9,0.95082,0.02859,0.20734,0.05551,0.83772,1.03486,0.09419,0.027749999999999997,53,-2.7502208805324955,0.9811320754716981,0.8721174004192872,4.822996045143243
T00505,IT_SERVICES,KA-CENTRAL,OPEN,9,0.96131,0.02993,0.20185,0.06163,0.92885,1.12289,0.1033,0.027770000000000003,53,-2.393628532460153,0.9811320754716981,0.8721174004192872,4.954173891503592
T01702,BUILDING_CONSTRUCTION,KA-SOUTH,TWO_STAGE,3,0.96638,0.00399,0.02019,0.00875,0.95085,0.97037,0.086645,0.039285,6,1.1409770502995324,0.16666666666666666,0.8717624779774662,49.52947003467063
T00979,CIVIL_MAINTENANCE,KA-CENTRAL,OPEN,11,1.00111,0.01701,0.19481,0.05192,0.92364,1.11866,0.0943,0.022679999999999992,73,-2.989112267856817,0.958904109589041,0.87173100871731,5.133206714234382
T01680,IT_SERVICES,KA-NORTH,OPEN,9,0.97793,0.02992,0.17448,0.05089,0.92911,1.09974,0.09833,0.02729000000000001,51,-1.882098619792697,0.9803921568627451,0.8714596949891067,5.731315910132967
T00839,MEDICAL_SUPPLIES,KA-SOUTH,OPEN,9,0.97649,0.02757,0.1481,0.04406,0.92266,1.06728,0.09937,0.020879999999999996,45,-1.5741348040849854,0.9777777777777777,0.8691358024691357,6.7521944632005395
T02024,LAB_EQUIPMENT,KA-CENTRAL,OPEN,10,0.99286,0.0358,0.15808,0.04976,0.93494,1.09189,0.08785,0.026139999999999997,29,-1.812145602067379,0.9655172413793104,0.8689655172413794,6.325910931174089
T00838,BUILDING_CONSTRUCTION,KA-BENGALURU,OPEN,8,0.99115,0.01165,0.09368,0.03007,0.93032,1.02316,0.11302,0.02312,21,0.5642150211192625,0.42857142857142855,0.8686881434793547,10.67463706233988
T02255,ELECTRICAL_EQUIPMENT,KA-BENGALURU,OPEN,4,1.01433,0.01969,0.06526,0.02405,0.97821,1.04441,0.10288,0.023164999999999998,16,1.0953741580621417,0.0625,0.8684056185466063,15.323322096230463
T00157,ELECTRICAL_EQUIPMENT,KA-NORTH,OPEN,9,1.03601,0.04711,0.19939,0.069,0.89037,1.09694,0.09762,0.027480000000000004,43,-2.4979230200849014,0.9767441860465116,0.8682170542635658,5.015296654797131
T02130,ELECTRICAL_EQUIPMENT,KA-CENTRAL,OPEN,9,0.98223,0.01651,0.17494,0.0496,0.90234,1.07417,0.10079,0.02248,42,-2.2247993690030934,0.9761904761904762,0.8677248677248677,5.716245569909683
T00854,MEDICAL_SUPPLIES,KA-CENTRAL,OPEN,6,0.99303,0.01056,0.05689,0.02164,0.98206,1.03856,0.09419,0.027749999999999997,53,0.9066128046298018,0.1320754716981132,0.8655735636065959,17.577781683951486
T00161,BUILDING_CONSTRUCTION,KA-CENTRAL,OPEN,5,0.99331,0.02341,0.07552,0.02668,0.9699,1.04491,0.11566,0.02932,70,0.9233990138264164,0.15714285714285714,0.8644334967754189,13.241525423728813
T00431,WATER_INFRASTRUCTURE,KA-SOUTH,OPEN,9,1.00456,0.0635,0.16556,0.05469,0.93093,1.09724,0.10991999999999999,0.024564999999999997,36,-1.5277291209964494,0.9722222222222222,0.8641975308641975,6.0401063058709825
T02355,FURNITURE,KA-CENTRAL,OPEN,9,0.99789,0.03852,0.17479,0.05382,0.92021,1.09463,0.09752,0.03523000000000001,35,-1.4793613677194577,0.9714285714285714,0.8634920634920634,5.721151095600435
T01933,IT_SERVICES,KA-NORTH,OPEN,4,1.00138,0.00936,0.05972,0.02258,0.9571,1.0169,0.09833,0.02729000000000001,51,0.954272195800342,0.19607843137254902,0.8627629703796682,16.744809109176156
T00970,BUILDING_CONSTRUCTION,KA-CENTRAL,OPEN,6,0.99791,0.01915,0.07942,0.02629,0.96222,1.04147,0.11566,0.02932,70,0.8336816208537452,0.2,0.8614013507114543,12.591286829513976
T01797,ROAD_CONSTRUCTION,KA-SOUTH,OPEN,8,1.01394,0.03782,0.20799,0.05919,0.88858,1.09947,0.10933000000000001,0.026665000000000008,64,-2.495603162571193,0.984375,0.861328125,4.807923457858551
T01187,ROAD_CONSTRUCTION,KA-SOUTH,OPEN,5,0.97292,0.00839,0.07424,0.02396,0.94154,1.01377,0.10933000000000001,0.026665000000000008,64,0.887601003188964,0.1875,0.8600808025511711,13.469827586206897
T00391,MEDICAL_SUPPLIES,KA-CENTRAL,TWO_STAGE,5,0.989,0.01392,0.07715,0.02599,0.94376,1.02005,0.08537,0.008220000000000005,5,0.6744907594765952,0.4,0.8595926075812763,12.961762799740765
T02324,CIVIL_MAINTENANCE,KA-NORTH,TWO_STAGE,5,0.97397,0.01073,0.0544,0.01776,0.95375,1.00673,0.0809,0.026500000000000003,5,0.6744907594765952,0.4,0.8595926075812763,18.38235294117647
T00981,ROAD_CONSTRUCTION,KA-CENTRAL,OPEN,9,1.01125,0.02737,0.20236,0.05734,0.91834,1.12297,0.1053,0.03636,59,-1.8004970603629904,0.9661016949152542,0.8587570621468926,4.941688080648349
T01199,VEHICLE_SUPPLIES,KA-NORTH,OPEN,9,0.99405,0.01902,0.10232,0.03339,0.9368,1.03851,0.12007000000000001,0.019319999999999997,26,0.6196796573866241,0.34615384615384615,0.8585186698137512,9.773260359655982
T01912,BUILDING_CONSTRUCTION,KA-SOUTH,OPEN,8,1.00433,0.034,0.20503,0.06264,0.91988,1.1258,0.10953,0.024610000000000007,53,-2.617385921577197,0.9811320754716981,0.8584905660377359,4.877335024142808
T01051,WATER_INFRASTRUCTURE,KA-CENTRAL,OPEN,4,1.01083,0.01911,0.07617,0.0279,0.96414,1.04114,0.11693,0.029219999999999996,59,0.9408707514122528,0.2033898305084746,0.8581954364405455,13.12852829197847
T00282,IT_SERVICES,KA-CENTRAL,LIMITED,3,1.00823,0.00412,0.02392,0.01039,1.0041,1.02822,0.071185,0.02845,6,1.120555562272804,0.16666666666666666,0.8581481526263139,41.80602006688963
T00303,WATER_INFRASTRUCTURE,KA-SOUTH,OPEN,6,1.0036,0.02577,0.08052,0.0288,0.96341,1.04422,0.10991999999999999,0.024564999999999997,36,0.8072472350340688,0.2222222222222222,0.8578912143802425,12.419274714356682
T00660,WATER_INFRASTRUCTURE,KA-NORTH,OPEN,7,0.98733,0.01167,0.21174,0.05795,0.89159,1.10065,0.10822999999999999,0.01692000000000001,42,-4.12627296178619,1.0,0.8571428571428572,4.722773212430339
T01119,LAB_EQUIPMENT,KA-SOUTH,TWO_STAGE,7,1.00813,0.01737,0.12327,0.04301,0.90122,1.02549,0.08628,0.03699,2,-0.6744907594765953,1.0,0.8571428571428572,8.112273870365863
T01731,ELECTRICAL_EQUIPMENT,KA-NORTH,OPEN,7,0.99478,0.03504,0.21422,0.06238,0.87759,1.0907,0.09762,0.027480000000000004,43,-2.861922218157605,1.0,0.8571428571428572,4.668098216786482
T02055,LAB_EQUIPMENT,KA-NORTH,TWO_STAGE,7,1.02754,0.01855,0.15174,0.04455,0.93846,1.09438,0.107755,0.04398500000000001,2,-0.6744907594765953,1.0,0.8571428571428572,6.590220113351785
T02108,IT_SERVICES,KA-SOUTH,OPEN,7,0.98615,0.04671,0.16527,0.05253,0.90093,1.06391,0.09166,0.02535000000000001,37,-1.958550879884503,1.0,0.8571428571428572,6.05070490712168
T02467,CIVIL_MAINTENANCE,KA-NORTH,TWO_STAGE,7,1.03789,0.03161,0.17709,0.06378,0.8857,1.0695,0.0809,0.026500000000000003,5,-2.448274194492592,1.0,0.8571428571428572,5.646846236376984
T00776,WATER_INFRASTRUCTURE,KA-SOUTH,LIMITED,3,1.02392,0.01078,0.06227,0.0276,0.97094,1.0347,0.09856999999999999,0.023669999999999997,8,1.034390138107326,0.25,0.8562600920715507,16.059097478721696
T02279,BUILDING_CONSTRUCTION,KA-NORTH,OPEN,9,0.99885,0.03428,0.22047,0.0582,0.90584,1.12605,0.10989,0.03468,53,-2.150668632725545,0.9622641509433962,0.8553459119496855,4.535764503106999
T01985,VEHICLE_SUPPLIES,KA-NORTH,OPEN,7,1.00322,0.01335,0.10032,0.03041,0.95803,1.05868,0.12007000000000001,0.019319999999999997,26,0.6895027173738488,0.3076923076923077,0.8547385929138486,9.96810207336523
T01224,VEHICLE_SUPPLIES,KA-NORTH,OPEN,9,1.00646,0.00931,0.16422,0.0424,0.94751,1.11279,0.12007000000000001,0.019319999999999997,26,-1.5413440492179957,0.9615384615384616,0.8547008547008547,6.089392278650591
T02156,ELECTRICAL_EQUIPMENT,KA-SOUTH,OPEN,8,0.96908,0.03317,0.18153,0.05225,0.9083,1.08423,0.09169,0.025990000000000013,43,-2.33152173264245,0.9767441860465116,0.8546511627906976,5.508731339172589
T01676,LAB_EQUIPMENT,KA-NORTH,OPEN,10,0.99911,0.0542,0.12936,0.04764,0.9283,1.05754,0.07648,0.018280000000000005,19,-1.9511527002802158,0.9473684210526315,0.8526315789473684,7.730364873222016
T01348,WATER_INFRASTRUCTURE,KA-CENTRAL,OPEN,5,1.04966,0.01335,0.08105,0.03092,0.97794,1.06302,0.11693,0.029219999999999996,59,0.8282247929507272,0.23728813559322035,0.852410342835158,12.338062924120914
T01448,FURNITURE,KA-SOUTH,OPEN,11,1.01904,0.04765,0.17692,0.0512,0.92016,1.10044,0.120115,0.025825000000000008,32,-1.4836184934005023,0.9375,0.8522727272727273,5.652272213429799
T02139,BUILDING_CONSTRUCTION,KA-BENGALURU,OPEN,4,1.01577,0.02705,0.0855,0.03433,0.96152,1.04836,0.11302,0.02312,21,0.8028540528025905,0.3333333333333333,0.8521405396019428,11.695906432748536
T01544,ROAD_CONSTRUCTION,KA-CENTRAL,OPEN,3,1.02499,0.00958,0.04197,0.01785,1.01541,1.05843,0.1053,0.03636,59,1.1747937238078319,0.1016949152542373,0.8509924260413795,23.82654276864427
T00062,BUILDING_CONSTRUCTION,KA-CENTRAL,OPEN,9,0.98572,0.02921,0.19088,0.0526,0.90475,1.09291,0.11566,0.02932,70,-1.7303954613857262,0.9571428571428572,0.8507936507936508,5.238893545683152
T02496,CIVIL_MAINTENANCE,KA-NORTH,OPEN,11,0.96507,0.0337,0.15223,0.04434,0.92132,1.06823,0.103015,0.023669999999999997,62,-1.4024107616240238,0.9354838709677419,0.8504398826979471,6.5690074229783875
T02439,IT_SERVICES,KA-CENTRAL,OPEN,3,1.0231,0.0022,0.05313,0.02416,1.0209,1.07526,0.1033,0.027770000000000003,53,1.2185524451905216,0.05660377358490566,0.8501041458502849,18.821757952192737
T02429,CIVIL_MAINTENANCE,KA-CENTRAL,OPEN,6,0.96225,0.01487,0.07016,0.02828,0.94598,1.01349,0.0943,0.022679999999999992,73,0.7179103586316141,0.3013698630136986,0.8494001847044274,14.253135689851767
T02125,LAB_EQUIPMENT,KA-CENTRAL,OPEN,7,1.03109,0.01574,0.06426,0.02096,1.00668,1.07294,0.08785,0.026139999999999997,29,0.608693076360095,0.3793103448275862,0.8468600753037268,15.561780267662622
T00324,ELECTRICAL_EQUIPMENT,KA-NORTH,LIMITED,4,1.0214,0.02763,0.06074,0.02867,0.99359,1.05564,0.09409,0.03334999999999999,11,0.6744907594765952,0.45454545454545453,0.8467771605165373,16.463615409944023
T00758,ROAD_CONSTRUCTION,KA-NORTH,OPEN,8,0.99088,0.03467,0.17618,0.05389,0.86693,1.04151,0.10597000000000001,0.02621499999999999,62,-1.8064465467423905,0.967741935483871,0.8467741935483871,5.676013168350551
T00571,ELECTRICAL_EQUIPMENT,KA-BENGALURU,TWO_STAGE,5,1.01095,0.01439,0.06049,0.02264,0.96419,1.02534,0.09196,0.02928,3,0.724939351117775,0.3333333333333333,0.8466181475608867,16.531658125309967
T00109,IT_SERVICES,KA-NORTH,OPEN,3,0.98048,0.01078,0.05172,0.02203,0.9697,1.02041,0.09833,0.02729000000000001,51,1.1519975924955694,0.11764705882352941,0.846429767546066,19.334880123743233
T02250,BUILDING_CONSTRUCTION,KA-SOUTH,OPEN,8,1.01717,0.02631,0.0825,0.02745,0.98461,1.06852,0.10953,0.024610000000000007,53,0.740816140944834,0.22641509433962265,0.8463273308738994,12.121212121212121
T00501,ROAD_CONSTRUCTION,KA-CENTRAL,OPEN,9,1.01883,0.03658,0.19728,0.05736,0.87857,1.07957,0.1053,0.03636,59,-1.7062612776858423,0.9491525423728814,0.8436911487758945,5.068937550689375
T00498,ROAD_CONSTRUCTION,KA-NORTH,OPEN,7,1.00332,0.03432,0.18086,0.05603,0.93581,1.11727,0.10597000000000001,0.02621499999999999,62,-1.9268591637307735,0.9838709677419355,0.8433179723502305,5.529138560212319
T01499,MEDICAL_SUPPLIES,KA-NORTH,OPEN,9,0.99495,0.05763,0.16672,0.05558,0.91136,1.07724,0.11554500000000001,0.030324999999999998,58,-1.1382379098504456,0.9482758620689655,0.842911877394636,5.998080614203455
T01672,ROAD_CONSTRUCTION,KA-BENGALURU,OPEN,9,0.98998,0.04819,0.16913,0.05571,0.87971,1.04714,0.11207,0.026999999999999996,19,-1.4254238050272046,0.9473684210526315,0.8421052631578947,5.91261160054396
T00417,IT_SERVICES,KA-CENTRAL,OPEN,8,1.00136,0.02567,0.19238,0.05634,0.8669,1.05954,0.1033,0.027770000000000003,53,-2.163616739437346,0.9622641509433962,0.8419811320754718,5.198045534878886
T02409,BUILDING_CONSTRUCTION,KA-SOUTH,OPEN,8,1.04336,0.03855,0.18313,0.05235,0.9457,1.13678,0.10953,0.024610000000000007,53,-2.0171686264720594,0.9622641509433962,0.8419811320754718,5.460601758313767
T02296,FURNITURE,KA-SOUTH,OPEN,8,1.01963,0.01649,0.09406,0.03101,0.94066,1.03657,0.120115,0.025825000000000008,32,0.6804978407807427,0.28125,0.8415293606831499,10.631511800978098
T00609,CIVIL_MAINTENANCE,KA-CENTRAL,LIMITED,8,0.9896,0.01676,0.06506,0.02059,0.96506,1.02944,0.08912,0.02513,19,0.6457718930762785,0.3157894736842105,0.8413661959154278,15.37042729787888
T01720,BUILDING_CONSTRUCTION,KA-SOUTH,OPEN,9,0.96154,0.02973,0.08396,0.03127,0.93181,1.01254,0.10953,0.024610000000000007,53,0.7008016546044914,0.24528301886792453,0.8409641541977031,11.910433539780847
T00201,ELECTRICAL_EQUIPMENT,KA-BENGALURU,OPEN,7,1.00268,0.02663,0.07993,0.02644,0.96921,1.04936,0.10288,0.023164999999999998,16,0.6682306466647037,0.3125,0.8406262685697461,12.510947078693857
T01216,ROAD_CONSTRUCTION,KA-SOUTH,OPEN,9,1.01368,0.03846,0.19413,0.05543,0.89904,1.09583,0.10933000000000001,0.026665000000000008,64,-2.145014678552981,0.9453125,0.8402777777777777,5.151187348683871
T01497,FURNITURE,AP-SOUTH,OPEN,6,0.9574,0.01957,0.06365,0.02635,0.93737,0.99831,0.08159,0.017939999999999998,3,0.6744907594765952,0.3333333333333333,0.8398534106749405,15.710919088766694
T00583,WATER_INFRASTRUCTURE,KA-SOUTH,OPEN,9,0.99763,0.044,0.15879,0.04954,0.92184,1.08025,0.10991999999999999,0.024564999999999997,36,-1.341842597827039,0.9444444444444444,0.8395061728395061,6.297625795075257
T01573,MEDICAL_SUPPLIES,KA-CENTRAL,OPEN,9,1.02848,0.02519,0.18402,0.05089,0.91353,1.10279,0.09419,0.027749999999999997,53,-2.183405582839011,0.9433962264150944,0.8385744234800838,5.434191935659168
T00466,VEHICLE_SUPPLIES,KA-CENTRAL,OPEN,8,1.0174,0.01523,0.07619,0.02611,0.96406,1.04158,0.11493,0.04331,31,0.603319603373893,0.3548387096774194,0.8383885239198984,13.1250820317627
T00336,BUILDING_CONSTRUCTION,KA-CENTRAL,OPEN,9,1.01264,0.02311,0.08649,0.03021,0.96098,1.04857,0.11566,0.02932,70,0.6710400905161079,0.2714285714285714,0.8377499217286039,11.562030292519367
T01365,WATER_INFRASTRUCTURE,KA-NORTH,LIMITED,4,0.97587,0.02592,0.08603,0.03297,0.92725,1.01121,0.10906,0.017939999999999998,8,0.8658596538877367,0.25,0.8368947404158026,11.623852144600722
T00917,VEHICLE_SUPPLIES,KA-CENTRAL,LIMITED,5,0.99611,0.01792,0.08063,0.02908,0.93371,1.01402,0.09132,0.011679999999999996,7,0.6173207379113707,0.42857142857142855,0.8367137331862393,12.402331638348011
T01739,IT_SERVICES,KA-CENTRAL,OPEN,5,0.98906,0.02769,0.06569,0.02521,0.95993,1.02491,0.1033,0.027770000000000003,53,0.9134892857009271,0.1320754716981132,0.8364518059192323,15.223017202009439
T00806,CIVIL_MAINTENANCE,KA-BENGALURU,OPEN,6,1.0166,0.02428,0.0755,0.02619,0.98513,1.06188,0.1076,0.03349,14,0.6464960698476772,0.35714285714285715,0.836365772492112,13.245033112582782
T02346,MEDICAL_SUPPLIES,KA-NORTH,OPEN,7,1.02459,0.01756,0.0826,0.02517,0.97016,1.05479,0.11554500000000001,0.030324999999999998,58,0.7327649817298082,0.2413793103448276,0.8349808217782594,12.106537530266342
T00461,ELECTRICAL_EQUIPMENT,KA-SOUTH,OPEN,8,0.98749,0.03893,0.17636,0.05573,0.92088,1.09504,0.09169,0.025990000000000013,43,-2.197350234893547,0.9534883720930233,0.8343023255813954,5.670220004536176
T00003,WATER_INFRASTRUCTURE,KA-BENGALURU,OPEN,6,1.04062,0.06376,0.20888,0.07855,0.90735,1.1247,0.098545,0.03149,14,-2.3632879627453205,1.0,0.8333333333333334,4.787437763309077
T00472,IT_SERVICES,KA-NORTH,TWO_STAGE,6,1.01363,0.03108,0.16843,0.05287,0.93887,1.1096,0.11099,0.01569000000000001,9,-2.4692638128958317,1.0,0.8333333333333334,5.9371845870688125
T00545,FURNITURE,KA-NORTH,OPEN,6,0.99708,0.05468,0.19889,0.06577,0.89688,1.09519,0.1018,0.020879999999999996,33,-3.136317425171583,1.0,0.8333333333333334,5.02790487203982
T00557,MEDICAL_SUPPLIES,KA-CENTRAL,TWO_STAGE,6,1.0016,0.01874,0.12931,0.0435,0.89908,1.02859,0.08537,0.008220000000000005,5,-3.6054895342337687,1.0,0.8333333333333334,7.733353955610548
T00578,FURNITURE,AP-SOUTH,OPEN,6,0.9758,0.02332,0.12731,0.03995,0.92561,1.04985,0.08159,0.017939999999999998,3,-1.7189363167931964,1.0,0.8333333333333334,7.854842510407666
T00584,VEHICLE_SUPPLIES,KA-BENGALURU,OPEN,6,0.98308,0.05634,0.14127,0.05882,0.92376,1.06264,0.079095,0.0273,10,-1.536134174742026,1.0,0.8333333333333334,7.078643731860975
T00678,ELECTRICAL_EQUIPMENT,TN-NORTH,LIMITED,6,1.0397,0.01613,0.12049,0.04214,0.93181,1.05709,0.102005,0.018485,2,-0.6744907594765952,1.0,0.8333333333333334,8.299443937256203
T00737,CIVIL_MAINTENANCE,AP-SOUTH,OPEN,6,1.01326,0.05345,0.19784,0.06933,0.87594,1.0764,0.1334,0.031560000000000005,13,-1.37719215908339,1.0,0.8333333333333334,5.054589567327134
T00772,WATER_INFRASTRUCTURE,TN-NORTH,OPEN,6,1.02373,0.02393,0.12004,0.03958,0.93516,1.05805,0.08832999999999999,0.021425000000000007,8,-0.9982778055077165,1.0,0.8333333333333334,8.330556481172943
T00807,IT_SERVICES,AP-SOUTH,TWO_STAGE,6,1.02122,0.00853,0.09239,0.02728,0.98239,1.07674,0.09239,0.0,1,0.0,1.0,0.8333333333333334,10.823682216690118
T00947,VEHICLE_SUPPLIES,KA-CENTRAL,TWO_STAGE,6,0.99537,0.04128,0.13479,0.04851,0.9097,1.04386,0.09821,0.03657999999999999,3,-0.6744907594765952,1.0,0.8333333333333334,7.4189479931745685
T00959,BUILDING_CONSTRUCTION,KA-BENGALURU,OPEN,6,1.03433,0.0484,0.17464,0.05867,0.92793,1.10856,0.11302,0.02312,21,-1.7976695760790566,1.0,0.8333333333333334,5.726065048098946
T01066,CIVIL_MAINTENANCE,TN-NORTH,LIMITED,6,0.9388,0.00489,0.16104,0.05664,0.92912,1.08031,0.13448000000000002,0.01954999999999999,4,-0.9163414103170515,1.0,0.8333333333333334,6.209637357178341
T01192,ELECTRICAL_EQUIPMENT,KA-BENGALURU,TWO_STAGE,6,0.98772,0.01021,0.12124,0.03557,0.93038,1.05012,0.09196,0.02928,3,-0.6744907594765952,1.0,0.8333333333333334,8.248102936324646
T01262,IT_SERVICES,KA-SOUTH,TWO_STAGE,6,1.03471,0.0417,0.12189,0.05196,0.95426,1.08038,0.0821,0.02933000000000001,7,-0.9150353671862841,1.0,0.8333333333333334,8.20411846747067
T01516,CIVIL_MAINTENANCE,AP-SOUTH,LIMITED,6,0.97154,0.00689,0.1221,0.04288,0.95933,1.07796,0.1221,0.0,1,0.0,1.0,0.8333333333333334,8.19000819000819
T01643,CIVIL_MAINTENANCE,KA-SOUTH,OPEN,6,1.00671,0.02836,0.19025,0.05751,0.91447,1.10599,0.09694,0.028469999999999995,61,-2.2106333953902744,1.0,0.8333333333333334,5.256241787122208
T01866,LAB_EQUIPMENT,KA-CENTRAL,OPEN,6,0.98339,0.02369,0.18398,0.05755,0.93542,1.11635,0.08785,0.026139999999999997,29,-2.4804436384271273,1.0,0.8333333333333334,5.435373410153278
T02019,MEDICAL_SUPPLIES,KA-SOUTH,TWO_STAGE,6,0.96412,0.01751,0.16614,0.04941,0.87661,1.03678,0.15757500000000002,0.008565000000000003,2,-0.6744907594765941,1.0,0.8333333333333334,6.019020103527145
T02078,VEHICLE_SUPPLIES,KA-NORTH,TWO_STAGE,6,1.02855,0.02844,0.10944,0.03831,0.96468,1.07724,0.06095,0.0017799999999999969,3,-18.374189284842785,1.0,0.8333333333333334,9.137426900584796
T02261,MEDICAL_SUPPLIES,TN-NORTH,OPEN,6,1.01792,0.02036,0.10775,0.03562,0.94136,1.05104,0.096995,0.010250000000000002,4,-0.7077217676264176,1.0,0.8333333333333334,9.280742459396752
T02266,IT_SERVICES,KA-BENGALURU,TWO_STAGE,6,1.01559,0.02522,0.11709,0.03711,0.95602,1.07493,0.09290999999999999,0.02418,2,-0.6744907594765954,1.0,0.8333333333333334,8.540438978563499
T02300,ROAD_CONSTRUCTION,KA-NORTH,LIMITED,6,0.93803,0.05415,0.17453,0.06178,0.88348,1.0472,0.07595,0.039025000000000004,12,-1.7038129165714988,1.0,0.8333333333333334,5.72967398155045
T02315,FURNITURE,KA-SOUTH,TWO_STAGE,6,0.97662,0.02832,0.16215,0.05011,0.91763,1.07599,0.0966,0.03225,5,-1.3709416832152188,1.0,0.8333333333333334,6.167129201356769
T02364,CIVIL_MAINTENANCE,AP-SOUTH,TWO_STAGE,6,1.00861,0.00195,0.00752,0.00258,1.00318,1.01077,0.00752,0.0,1,0.0,1.0,0.8333333333333334,132.97872340425533
T02484,FURNITURE,KA-BENGALURU,OPEN,6,0.99759,0.04294,0.19221,0.06324,0.92181,1.11356,0.11214,0.017980000000000003,16,-3.0036971697047252,1.0,0.8333333333333334,5.202642942614848
T02490,LAB_EQUIPMENT,KA-CENTRAL,LIMITED,6,1.00222,0.03301,0.08582,0.03128,0.95986,1.04587,0.04392,0.027030000000000002,3,-1.0455480141350104,1.0,0.8333333333333334,11.652295502213937
T02499,CIVIL_MAINTENANCE,KA-CENTRAL,OPEN,6,0.9934,0.04142,0.23062,0.07221,0.87587,1.10497,0.0943,0.022679999999999992,73,-4.054082025213822,1.0,0.8333333333333334,4.336137368831845
T00039,WATER_INFRASTRUCTURE,KA-NORTH,OPEN,8,0.98602,0.02839,0.18912,0.05703,0.94231,1.12879,0.10822999999999999,0.01692000000000001,42,-3.224560137946913,0.9523809523809523,0.8333333333333333,5.2876480541455155
T00948,IT_SERVICES,KA-SOUTH,LIMITED,3,1.03905,0.00396,0.01889,0.00818,1.02339,1.04301,0.05821,0.0233,9,1.1382393417433356,0.1111111111111111,0.8329003019029646,52.938062466913706
T00989,ROAD_CONSTRUCTION,KA-BENGALURU,LIMITED,4,1.01578,0.01422,0.05648,0.02247,0.9997,1.05707,0.08989,0.036925,4,0.6102839884661623,0.5,0.8327129913496216,17.70538243626062
T01591,CIVIL_MAINTENANCE,KA-NORTH,OPEN,8,1.0128,0.03653,0.15328,0.04566,0.92117,1.07641,0.103015,0.023669999999999997,62,-1.43233113751969,0.9516129032258065,0.8326612903225807,6.524008350730689
T01696,BUILDING_CONSTRUCTION,KA-NORTH,OPEN,10,1.0018,0.02028,0.212,0.06133,0.88274,1.09512,0.10989,0.03468,53,-1.9859357396238502,0.9245283018867925,0.8320754716981132,4.716981132075472
T00430,CIVIL_MAINTENANCE,KA-SOUTH,OPEN,8,1.01771,0.04028,0.14328,0.04427,0.93814,1.08395,0.09694,0.028469999999999995,61,-1.0978539442973454,0.9508196721311475,0.8319672131147541,6.979341150195422
T01399,BUILDING_CONSTRUCTION,KA-SOUTH,LIMITED,4,1.04725,0.00152,0.04483,0.01894,1.00281,1.04975,0.079565,0.028954999999999995,10,0.8091326724372142,0.3,0.8318495043279106,22.30649118893598
T02048,VEHICLE_SUPPLIES,KA-CENTRAL,OPEN,9,1.01633,0.02919,0.17715,0.05411,0.90902,1.08906,0.11493,0.04331,31,-0.9689867248818691,0.9354838709677419,0.8315412186379927,5.644933672029354
T00415,WATER_INFRASTRUCTURE,AP-SOUTH,OPEN,5,1.01324,0.01324,0.09129,0.03949,0.93398,1.02648,0.11100499999999999,0.018865,12,0.7048812787214986,0.3333333333333333,0.8305716896438655,10.954102311315587
T00850,VEHICLE_SUPPLIES,KA-CENTRAL,OPEN,5,0.97614,0.00612,0.05663,0.02104,0.97003,1.0253,0.11493,0.04331,31,0.9079383809163127,0.12903225806451613,0.8295765111846631,17.658484901995408
T01379,WATER_INFRASTRUCTURE,KA-CENTRAL,OPEN,13,1.00091,0.03127,0.16159,0.04567,0.91083,1.07256,0.11693,0.029219999999999996,59,-1.0308951854286363,0.8983050847457628,0.8292046936114733,6.188501763723003
T01869,CIVIL_MAINTENANCE,KA-SOUTH,OPEN,7,1.03737,0.02698,0.14811,0.04965,0.92455,1.07819,0.09694,0.028469999999999995,61,-1.2122828297301502,0.9672131147540983,0.8290398126463701,6.751738572682466
T02093,ELECTRICAL_EQUIPMENT,KA-CENTRAL,OPEN,4,1.00494,0.00519,0.07111,0.02786,0.99497,1.06643,0.10079,0.02248,42,0.8905198283481024,0.21428571428571427,0.8286041569753624,14.06271972999578
T01991,ELECTRICAL_EQUIPMENT,KA-SOUTH,OPEN,5,1.02907,0.02452,0.05627,0.02064,0.99939,1.05729,0.09169,0.025990000000000013,43,0.9192174952158901,0.11627906976744186,0.8283972519866657,17.77145903678692
T00337,WATER_INFRASTRUCTURE,KA-CENTRAL,OPEN,7,1.03771,0.03245,0.1849,0.06236,0.92647,1.11834,0.11693,0.029219999999999996,59,-1.5689643025880968,0.9661016949152542,0.828087167070218,5.408328826392644
T00655,MEDICAL_SUPPLIES,KA-NORTH,OPEN,7,1.04564,0.03603,0.16893,0.05024,0.95688,1.13351,0.11554500000000001,0.030324999999999998,58,-1.1873928835831173,0.9655172413793104,0.8275862068965518,5.91961167347422
T01500,MEDICAL_SUPPLIES,KA-NORTH,OPEN,9,0.98802,0.02944,0.16555,0.04656,0.94555,1.10912,0.11554500000000001,0.030324999999999998,58,-1.1122146884625603,0.9310344827586207,0.8275862068965516,6.040471156750226
T01758,MEDICAL_SUPPLIES,KA-NORTH,LIMITED,4,0.99275,0.00541,0.07211,0.03001,0.9278,0.99938,0.09124,0.019130000000000008,7,0.6744907594765952,0.42857142857142855,0.8272966410360179,13.867702121758425
T01984,ROAD_CONSTRUCTION,KA-SOUTH,OPEN,8,0.97449,0.05035,0.19413,0.06215,0.91989,1.10907,0.10933000000000001,0.026665000000000008,64,-2.145014678552981,0.9453125,0.8271484375,5.151187348683871
T01628,ELECTRICAL_EQUIPMENT,KA-NORTH,OPEN,9,0.97481,0.01715,0.17626,0.04836,0.94417,1.11599,0.09762,0.027480000000000004,43,-1.9302020860713043,0.9302325581395349,0.8268733850129198,5.6734369681152845
T01286,LAB_EQUIPMENT,KA-SOUTH,OPEN,8,0.96613,0.02717,0.13843,0.04054,0.90603,1.03977,0.09267500000000001,0.01473999999999999,18,-2.093712666204317,0.9444444444444444,0.8263888888888888,7.223867658744492
T00497,BUILDING_CONSTRUCTION,KA-NORTH,OPEN,8,0.9988,0.0579,0.21418,0.07534,0.88133,1.09526,0.10989,0.03468,53,-2.0283345243891038,0.9433962264150944,0.8254716981132075,4.668970025212438
T02417,IT_SERVICES,KA-CENTRAL,OPEN,8,0.98852,0.02397,0.16807,0.04762,0.92896,1.0951,0.1033,0.027770000000000003,53,-1.5731640796290625,0.9433962264150944,0.8254716981132075,5.949901826619861
T01916,BUILDING_CONSTRUCTION,KA-CENTRAL,OPEN,9,1.00715,0.02093,0.17637,0.0472,0.91884,1.09648,0.11566,0.02932,70,-1.396600750607916,0.9285714285714286,0.8253968253968254,5.669898508816692
T01315,BUILDING_CONSTRUCTION,KA-CENTRAL,OPEN,8,0.97417,0.0227,0.18918,0.05018,0.89292,1.07721,0.11566,0.02932,70,-1.691287879833536,0.9428571428571428,0.825,5.285971032878741
T02369,FURNITURE,KA-CENTRAL,OPEN,8,1.00975,0.03098,0.17301,0.05409,0.88255,1.05725,0.09752,0.03523000000000001,35,-1.4452826407291557,0.9428571428571428,0.825,5.780012716027976
T00166,WATER_INFRASTRUCTURE,AP-SOUTH,OPEN,10,1.01597,0.03137,0.16754,0.05053,0.93583,1.10605,0.11100499999999999,0.018865,12,-2.021327065306616,0.9166666666666666,0.825,5.968723886832995
T01911,CIVIL_MAINTENANCE,TN-NORTH,OPEN,12,0.99408,0.02315,0.16162,0.04442,0.89464,1.05531,0.11902,0.03328,10,-0.8633805995704017,0.9,0.825,6.187353050365053
T00944,FURNITURE,KA-SOUTH,OPEN,11,1.00167,0.05718,0.16561,0.05808,0.91883,1.08471,0.120115,0.025825000000000008,32,-1.188226799705235,0.90625,0.8238636363636364,6.038282712396594
T00650,IT_SERVICES,KA-NORTH,OPEN,8,0.98647,0.03446,0.16568,0.04946,0.90432,1.06777,0.09833,0.02729000000000001,51,-1.6646006834279468,0.9411764705882353,0.8235294117647058,6.035731530661517
T00258,MEDICAL_SUPPLIES,KA-SOUTH,OPEN,8,1.00536,0.0323,0.08193,0.03191,0.96797,1.05034,0.09937,0.020879999999999996,45,0.5633677607888803,0.37777777777777777,0.8235023462458257,12.205541315757353
T00131,CIVIL_MAINTENANCE,KA-SOUTH,OPEN,4,1.02465,0.02744,0.06167,0.02896,0.98899,1.05218,0.09694,0.028469999999999995,61,0.8355914677463827,0.26229508196721313,0.8234149122851969,16.21533971136695
T00901,MEDICAL_SUPPLIES,KA-CENTRAL,OPEN,9,1.01328,0.02435,0.15613,0.04698,0.92342,1.08162,0.09419,0.027749999999999997,53,-1.5055119870983895,0.9245283018867925,0.8218029350104822,6.404918977774932
T01320,BUILDING_CONSTRUCTION,KA-CENTRAL,OPEN,5,1.04112,0.0321,0.07908,0.03152,1.00429,1.08662,0.11566,0.02932,70,0.8415031371641833,0.18571428571428572,0.8217739383027752,12.645422357106728
T00648,BUILDING_CONSTRUCTION,KA-CENTRAL,OPEN,6,0.97946,0.03094,0.19797,0.06081,0.90669,1.10059,0.11566,0.02932,70,-1.8934970809180955,0.9857142857142858,0.8214285714285715,5.051270394504217
T01652,IT_SERVICES,KA-CENTRAL,OPEN,3,1.02639,0.02208,0.05569,0.02283,1.00431,1.06147,0.1033,0.027770000000000003,53,1.1563739668232156,0.07547169811320754,0.8212304432909489,17.956545160711077
T02182,CIVIL_MAINTENANCE,AP-SOUTH,OPEN,9,1.03216,0.02216,0.1724,0.05344,0.89239,1.07033,0.1334,0.031560000000000005,13,-0.8334961856649941,0.9230769230769231,0.8205128205128205,5.80046403712297
T01899,ROAD_CONSTRUCTION,KA-SOUTH,OPEN,8,0.99251,0.0031,0.08343,0.02114,0.9519,1.0347,0.10933000000000001,0.026665000000000008,64,0.6551400963976679,0.28125,0.8193413343479594,11.98609612849095
T02246,WATER_INFRASTRUCTURE,KA-CENTRAL,OPEN,6,0.98535,0.0685,0.1889,0.06845,0.90845,1.09458,0.11693,0.029219999999999996,59,-1.6612970554254132,0.9830508474576272,0.8192090395480227,5.2938062466913705
T01134,IT_SERVICES,KA-NORTH,OPEN,9,0.98496,0.02833,0.16298,0.04482,0.90393,1.06446,0.09833,0.02729000000000001,51,-1.5978683620433078,0.9215686274509803,0.8191721132897603,6.135722174499938
T01890,WATER_INFRASTRUCTURE,KA-NORTH,OPEN,14,1.00228,0.02124,0.13938,0.03535,0.91423,1.05392,0.10822999999999999,0.01692000000000001,42,-1.2417486499820292,0.8809523809523809,0.8180272108843537,7.1746305065289135
T02165,ROAD_CONSTRUCTION,KA-CENTRAL,OPEN,5,0.98649,0.01162,0.06034,0.02212,0.93984,0.99936,0.1053,0.03636,59,0.8340237773946019,0.1864406779661017,0.816371564288563,16.572754391779913
T01825,BUILDING_CONSTRUCTION,KA-BENGALURU,OPEN,7,0.97803,0.01875,0.15504,0.04844,0.9274,1.07903,0.11302,0.02312,21,-1.2258694512632586,0.9523809523809523,0.8163265306122449,6.449948400412796
T00237,ELECTRICAL_EQUIPMENT,KA-SOUTH,OPEN,10,0.99082,0.02495,0.15994,0.04826,0.91175,1.07022,0.09169,0.025990000000000013,43,-1.7712194818883262,0.9069767441860465,0.8162790697674418,6.252344629235964
T00064,WATER_INFRASTRUCTURE,KA-CENTRAL,OPEN,8,0.99267,0.01682,0.16885,0.04505,0.91387,1.08148,0.11693,0.029219999999999996,59,-1.198479131828365,0.9322033898305084,0.8156779661016949,5.922416345869115
T00652,ROAD_CONSTRUCTION,KA-CENTRAL,OPEN,8,1.01474,0.04943,0.19111,0.0598,0.91144,1.10537,0.1053,0.03636,59,-1.5918056125051327,0.9322033898305084,0.8156779661016949,5.232588561561404
T01774,VEHICLE_SUPPLIES,TN-NORTH,OPEN,9,0.9958,0.03442,0.1406,0.04366,0.90234,1.04235,0.08849499999999999,0.02012500000000001,12,-1.746302659504496,0.9166666666666666,0.8148148148148148,7.112375533428165
T00742,IT_SERVICES,KA-CENTRAL,OPEN,5,1.01136,0.01294,0.06761,0.0312,0.95593,1.02431,0.1033,0.027770000000000003,53,0.8668554269254476,0.1509433962264151,0.8142390585214901,14.790711433219936
T01131,WATER_INFRASTRUCTURE,KA-SOUTH,TWO_STAGE,3,0.99781,0.01812,0.0556,0.0233,0.96044,1.01592,0.08648,0.023465,6,0.8876315641439277,0.3333333333333333,0.8139765983181741,17.98561151079137
T00102,ROAD_CONSTRUCTION,KA-CENTRAL,OPEN,13,1.00526,0.01138,0.17109,0.03977,0.89698,1.06898,0.1053,0.03636,59,-1.22042758707275,0.8813559322033898,0.8135593220338984,5.84487696533988
T01177,WATER_INFRASTRUCTURE,KA-CENTRAL,OPEN,9,0.98251,0.016,0.16753,0.04269,0.92221,1.0868,0.11693,0.029219999999999996,59,-1.168009323392051,0.9152542372881356,0.8135593220338982,5.969080164746612
T00537,IT_SERVICES,KA-BENGALURU,OPEN,8,0.96232,0.01165,0.14299,0.04019,0.92411,1.06171,0.08701500000000001,0.018524999999999993,14,-2.038036181468417,0.9285714285714286,0.8125,6.993496048674732
T00685,MEDICAL_SUPPLIES,KA-BENGALURU,OPEN,8,1.01927,0.03233,0.16719,0.05463,0.90006,1.07048,0.08851,0.034519999999999995,28,-1.5373387298846617,0.9285714285714286,0.8125,5.98121897242658
T02372,ROAD_CONSTRUCTION,KA-BENGALURU,OPEN,4,0.9876,0.02295,0.07299,0.02806,0.94667,1.01875,0.11207,0.026999999999999996,19,0.9762629214942721,0.10526315789473684,0.8111445595417567,13.700506918755995
T00340,IT_SERVICES,KA-SOUTH,OPEN,6,1.03829,0.03669,0.15771,0.05364,0.92583,1.08957,0.09166,0.02535000000000001,37,-1.7574009729163347,0.972972972972973,0.8108108108108109,6.340752013188765
T01444,IT_SERVICES,KA-SOUTH,OPEN,7,1.01637,0.01786,0.14906,0.04537,0.92993,1.08143,0.09166,0.02535000000000001,37,-1.527249293647201,0.9459459459459459,0.8108108108108109,6.70870790285791
T02151,BUILDING_CONSTRUCTION,KA-SOUTH,OPEN,3,0.96686,0.01304,0.07067,0.03019,0.95382,1.02215,0.10953,0.024610000000000007,53,1.065043109031308,0.1509433962264151,0.8106576701718154,14.150275930380642
T01752,WATER_INFRASTRUCTURE,KA-CENTRAL,OPEN,9,0.98678,0.03158,0.09066,0.03183,0.94516,1.03462,0.11693,0.029219999999999996,59,0.6063953542590746,0.3050847457627119,0.810204533352699,11.03022281050077
T01699,ROAD_CONSTRUCTION,KA-NORTH,LIMITED,5,1.00932,0.00608,0.027,0.00904,0.99555,1.0228,0.07595,0.039025000000000004,12,0.8460300493626992,0.16666666666666666,0.8101573728234928,37.03703703703704
T01304,MEDICAL_SUPPLIES,KA-SOUTH,OPEN,9,1.01116,0.01586,0.12647,0.03564,0.9449,1.07278,0.09937,0.020879999999999996,45,-0.8754166466386846,0.9111111111111111,0.8098765432098765,7.907013520993121
T01627,IT_SERVICES,KA-CENTRAL,OPEN,8,1.0046,0.04392,0.15734,0.05063,0.94514,1.1032,0.1033,0.027770000000000003,53,-1.3125488167848471,0.9245283018867925,0.8089622641509434,6.355662895640015
T00613,MEDICAL_SUPPLIES,KA-CENTRAL,OPEN,3,0.96673,0.0044,0.04664,0.02073,0.96232,1.00741,0.09419,0.027749999999999997,53,1.1557490311031389,0.05660377358490566,0.8082352031253631,21.44082332761578
T00310,ELECTRICAL_EQUIPMENT,KA-SOUTH,OPEN,6,0.96014,0.0093,0.06194,0.02455,0.94718,1.00665,0.09169,0.025990000000000013,43,0.7720700305667061,0.19767441860465115,0.8081203743094644,16.144656118824667
T02178,FURNITURE,KA-NORTH,OPEN,9,1.0222,0.01845,0.14289,0.03996,0.92497,1.07104,0.1018,0.020879999999999996,33,-1.3273383767669202,0.9090909090909091,0.808080808080808,6.998390370214851
T00555,WATER_INFRASTRUCTURE,KA-NORTH,LIMITED,5,1.01713,0.01346,0.09217,0.03363,0.93684,1.03059,0.10906,0.017939999999999998,8,0.6350138755607412,0.375,0.8080111004485929,10.849517196484756
T00767,ROAD_CONSTRUCTION,KA-SOUTH,OPEN,6,1.00233,0.03064,0.20482,0.06632,0.85911,1.06441,0.10933000000000001,0.026665000000000008,64,-2.415418061969625,0.96875,0.8072916666666667,4.882335709403378
T02128,ROAD_CONSTRUCTION,KA-SOUTH,OPEN,8,0.98545,0.03603,0.19165,0.0558,0.93206,1.12092,0.10933000000000001,0.026665000000000008,64,-2.082283117199073,0.921875,0.806640625,5.217845030002609
T00144,LAB_EQUIPMENT,KA-BENGALURU,TWO_STAGE,5,1.00868,0.00713,0.02834,0.01043,0.98723,1.01581,0.05717,0.028829999999999998,3,0.6744907594765952,0.3333333333333333,0.8062592742479429,35.28581510232886
T00971,VEHICLE_SUPPLIES,KA-NORTH,TWO_STAGE,5,1.01047,0.02305,0.05917,0.02203,0.97373,1.03352,0.06095,0.0017799999999999969,3,0.6744907594765952,0.3333333333333333,0.8062592742479429,16.900456312320433
T00991,FURNITURE,KA-BENGALURU,TWO_STAGE,5,1.05687,0.02881,0.06679,0.02486,1.0151,1.08569,0.09147,0.024679999999999994,3,0.6744907594765952,0.3333333333333333,0.8062592742479429,14.972301242701002
T01102,CIVIL_MAINTENANCE,KA-SOUTH,TWO_STAGE,5,0.95442,0.00195,0.06327,0.02212,0.94395,1.00434,0.08422,0.020949999999999996,3,0.6744907594765952,0.3333333333333333,0.8062592742479429,15.805278963173699
T02095,MEDICAL_SUPPLIES,KA-NORTH,TWO_STAGE,5,1.03473,0.02013,0.05339,0.0213,1.0146,1.06985,0.09216,0.038770000000000006,3,0.6744907594765952,0.3333333333333333,0.8062592742479429,18.73009926952613
T00849,CIVIL_MAINTENANCE,KA-SOUTH,OPEN,3,0.97912,0.02429,0.0542,0.02212,0.95483,1.0079,0.09694,0.028469999999999995,61,1.0125653340368699,0.19672131147540983,0.8061910970081866,18.45018450184502
T00895,IT_SERVICES,KA-CENTRAL,OPEN,5,0.98151,0.02516,0.06882,0.02543,0.95635,1.02389,0.1033,0.027770000000000003,53,0.8374663805096507,0.16981132075471697,0.8058221610114942,14.530659691950014
T02353,ROAD_CONSTRUCTION,KA-SOUTH,OPEN,9,1.0159,0.02688,0.18599,0.05646,0.90864,1.09758,0.10933000000000001,0.026665000000000008,64,-1.9391135053994284,0.90625,0.8055555555555555,5.376633152320018
T00239,BUILDING_CONSTRUCTION,KA-CENTRAL,OPEN,8,1.00393,0.02107,0.08807,0.02957,0.96156,1.04997,0.11566,0.02932,70,0.6346930441323079,0.2857142857142857,0.8053564136157694,11.354604292040422
T01318,FURNITURE,KA-SOUTH,OPEN,6,0.98181,0.02543,0.09269,0.0332,0.92057,1.01157,0.120115,0.025825000000000008,32,0.7162791511576233,0.25,0.8052326259646861,10.788650339842487
T02213,IT_SERVICES,KA-CENTRAL,OPEN,9,1.00476,0.02967,0.15597,0.04871,0.91341,1.07013,0.1033,0.027770000000000003,53,-1.2792736154710933,0.9056603773584906,0.8050314465408804,6.4114893889850615
T02251,BUILDING_CONSTRUCTION,KA-BENGALURU,OPEN,9,0.99815,0.02097,0.14519,0.04001,0.93698,1.0819,0.11302,0.02312,21,-0.9385107150675639,0.9047619047619048,0.8042328042328042,6.88752668916592
T01815,CIVIL_MAINTENANCE,TN-NORTH,OPEN,5,1.04114,0.02199,0.0793,0.0271,1.0029,1.08547,0.11902,0.03328,10,0.8050112069233885,0.2,0.8040089655387108,12.610340479192939
T02217,ROAD_CONSTRUCTION,KA-NORTH,OPEN,7,1.02137,0.01465,0.07645,0.02577,0.95794,1.03602,0.10597000000000001,0.02621499999999999,62,0.7595257379267252,0.1774193548387097,0.8030957937989441,13.080444735120993
T00700,VEHICLE_SUPPLIES,KA-CENTRAL,OPEN,9,1.00352,0.03411,0.1765,0.05148,0.89869,1.07581,0.11493,0.04331,31,-0.958863912744723,0.9032258064516129,0.8028673835125447,5.6657223796034
T01864,VEHICLE_SUPPLIES,TN-NORTH,OPEN,7,0.996,0.02046,0.06553,0.02042,0.96471,1.02998,0.08849499999999999,0.02012500000000001,12,0.7696735548511796,0.16666666666666666,0.8025773327295825,15.260186174271325
T01506,IT_SERVICES,KA-NORTH,OPEN,6,0.992,0.01785,0.07048,0.02319,0.95229,1.0222,0.09833,0.02729000000000001,51,0.6883315372452609,0.27450980392156865,0.8023677843056913,14.188422247446084
T01760,BUILDING_CONSTRUCTION,KA-NORTH,LIMITED,5,0.99311,0.01922,0.04119,0.01768,0.9739,1.0148,0.08109,0.031305,14,0.8596767705834898,0.14285714285714285,0.8020271307525061,24.277737314882256
T02363,ROAD_CONSTRUCTION,KA-NORTH,OPEN,7,1.00833,0.01566,0.16484,0.0521,0.90597,1.07218,0.10597000000000001,0.02621499999999999,62,-1.5146775132705383,0.9354838709677419,0.8018433179723502,6.066488716330988
T01013,MEDICAL_SUPPLIES,KA-BENGALURU,OPEN,7,0.98646,0.02015,0.04983,0.0189,0.95986,1.00902,0.08851,0.034519999999999995,28,0.7557735392976451,0.17857142857142858,0.800867115316349,20.06823198876179
T00625,ROAD_CONSTRUCTION,KA-CENTRAL,OPEN,8,1.03354,0.04657,0.17773,0.05592,0.93208,1.11577,0.1053,0.03636,59,-1.3436019171861877,0.9152542372881356,0.8008474576271186,5.62651212513363
T01128,VEHICLE_SUPPLIES,KA-SOUTH,LIMITED,3,1.02947,0.01677,0.05719,0.02426,0.98736,1.04624,0.09557,0.02983,6,0.8678161363966386,0.3333333333333333,0.8007663131533146,17.485574401119077
T01623,CIVIL_MAINTENANCE,KA-NORTH,LIMITED,6,1.05465,0.00147,0.0549,0.01812,1.04599,1.10389,0.07773,0.022829999999999996,7,0.6744907594765952,0.2857142857142857,0.8001708709924008,18.214936247723134
T00050,VEHICLE_SUPPLIES,KA-SOUTH,LIMITED,5,0.99036,0.04505,0.16938,0.0627,0.881,1.04875,0.09557,0.02983,6,-1.6689293649670631,1.0,0.8,5.9038847561695595
T00055,FURNITURE,AP-SOUTH,LIMITED,5,1.0388,0.05011,0.18227,0.06729,0.89957,1.08891,0.18227,0.0,1,0.0,1.0,0.8,5.486366379546826
T00108,VEHICLE_SUPPLIES,KA-CENTRAL,LIMITED,5,0.97404,0.0228,0.10678,0.03537,0.91697,1.02099,0.09132,0.011679999999999996,7,-0.8927762963620006,1.0,0.8,9.365049634763064
T00123,LAB_EQUIPMENT,KA-BENGALURU,TWO_STAGE,5,0.99209,0.00416,0.11783,0.03776,0.9499,1.0668,0.05717,0.028829999999999998,3,-1.4191678622910258,1.0,0.8,8.486803021301876
T00169,BUILDING_CONSTRUCTION,KA-CENTRAL,TWO_STAGE,5,1.01306,0.00684,0.17992,0.07243,0.83861,1.02088,0.12519,0.03899999999999999,6,-0.9465353657988221,1.0,0.8,5.558025789239662
T00213,IT_SERVICES,TN-NORTH,LIMITED,5,0.9972,0.01037,0.0331,0.01199,0.98683,1.01984,0.0331,0.0,1,0.0,1.0,0.8,30.211480362537767
T00221,IT_SERVICES,KA-BENGALURU,OPEN,5,1.0246,0.0818,0.22857,0.08037,0.8755,1.10969,0.08701500000000001,0.018524999999999993,14,-5.153983236583507,1.0,0.8,4.3750273439209
T00261,LAB_EQUIPMENT,KA-CENTRAL,TWO_STAGE,5,0.99243,0.04126,0.09538,0.03513,0.93988,1.03454,0.06049,0.034890000000000004,2,-0.6744907594765952,1.0,0.8,10.484378276368211
T00371,FURNITURE,TN-NORTH,OPEN,5,1.03624,0.0139,0.12717,0.04892,0.91835,1.05014,0.10035,0.02647999999999999,5,-0.6831511393188179,1.0,0.8,7.863489816780687
T00454,MEDICAL_SUPPLIES,KA-NORTH,LIMITED,5,1.01345,0.04343,0.1306,0.04532,0.94238,1.07474,0.09124,0.019130000000000008,7,-1.3877656190799148,1.0,0.8,7.656967840735069
T00462,WATER_INFRASTRUCTURE,KA-SOUTH,TWO_STAGE,5,1.00848,0.06249,0.18466,0.06277,0.91796,1.10419,0.08648,0.023465,6,-2.8221394743410237,1.0,0.8,5.415357955160836
T00477,WATER_INFRASTRUCTURE,KA-CENTRAL,LIMITED,5,1.05808,0.0365,0.17384,0.07768,0.91064,1.09457,0.079,0.017060000000000006,13,-3.749630927828855,1.0,0.8,5.752416014726185
T00483,MEDICAL_SUPPLIES,AP-SOUTH,OPEN,5,1.02059,0.0133,0.17288,0.06633,0.8587,1.03514,0.14634999999999998,0.01353500000000002,4,-1.3220716548883682,1.0,0.8,5.784359093012494
T00644,VEHICLE_SUPPLIES,TN-NORTH,LIMITED,5,0.91869,0.01556,0.10646,0.04076,0.90314,1.00094,0.10646,0.0,1,0.0,1.0,0.8,9.393199323689648
T00870,VEHICLE_SUPPLIES,KA-NORTH,LIMITED,5,0.95892,0.04012,0.18054,0.06105,0.88735,1.06047,0.08781,0.028120000000000006,6,-2.22423641985294,1.0,0.8,5.538938739337543
T00933,CIVIL_MAINTENANCE,KA-BENGALURU,TWO_STAGE,5,1.00535,0.00994,0.11425,0.03751,0.96668,1.08154,0.10431,0.009940000000000004,2,-0.6744907594765952,1.0,0.8,8.752735229759299
T01027,BUILDING_CONSTRUCTION,KA-CENTRAL,LIMITED,5,0.9887,0.02479,0.1417,0.04673,0.89889,1.03899,0.07799500000000001,0.01844500000000001,8,-2.329543715503197,1.0,0.8,7.057163020465773
T01150,FURNITURE,TN-NORTH,LIMITED,5,1.00006,0.03007,0.09607,0.03401,0.95252,1.04859,0.08023,0.014125000000000006,4,-0.7563846817776473,1.0,0.8,10.409076714895388
T01159,WATER_INFRASTRUCTURE,TN-NORTH,TWO_STAGE,5,1.033,0.00885,0.08905,0.03417,0.94987,1.04185,0.08905,0.0,1,0.0,1.0,0.8,11.229646266142616
T01201,ROAD_CONSTRUCTION,KA-NORTH,TWO_STAGE,5,0.9474,0.04477,0.18073,0.06566,0.89986,1.07108,0.1323,0.0464,5,-0.7039997302036963,1.0,0.8,5.533115697449234
T01306,BUILDING_CONSTRUCTION,AP-SOUTH,LIMITED,5,0.98444,0.04152,0.16569,0.05601,0.88171,1.04482,0.12413,0.04156,3,-0.6744907594765952,1.0,0.8,6.03536725209729
T01321,VEHICLE_SUPPLIES,AP-SOUTH,LIMITED,5,0.98933,0.03403,0.10126,0.03533,0.94111,1.04129,0.10126,0.0,1,0.0,1.0,0.8,9.875567845151096
T01347,ROAD_CONSTRUCTION,KA-SOUTH,TWO_STAGE,5,1.02487,0.09012,0.18845,0.07657,0.93465,1.12779,0.107855,0.02463500000000001,4,-2.2066402581699274,1.0,0.8,5.3064473335102145
T01400,IT_SERVICES,KA-CENTRAL,LIMITED,5,0.97929,0.01179,0.15409,0.05156,0.93631,1.0872,0.071185,0.02845,6,-1.96550637660482,1.0,0.8,6.48971380362126
T01427,BUILDING_CONSTRUCTION,TN-NORTH,LIMITED,5,0.97574,0.05695,0.14451,0.05476,0.91879,1.05979,0.14451,0.0,1,0.0,1.0,0.8,6.919936336585703
T01481,WATER_INFRASTRUCTURE,KA-BENGALURU,LIMITED,5,0.98831,0.01048,0.07193,0.02641,0.9277,0.99878,0.07193,0.0,1,0.0,1.0,0.8,13.902405116085085
T01595,ROAD_CONSTRUCTION,TN-NORTH,LIMITED,5,1.00002,0.03563,0.13918,0.04867,0.95119,1.09037,0.10879,0.03039,3,-0.6744907594765952,1.0,0.8,7.18494036499497
T01612,ELECTRICAL_EQUIPMENT,AP-SOUTH,LIMITED,5,0.9619,0.02627,0.12666,0.04189,0.89662,1.01845,0.104085,0.011635,4,-1.3086917829982068,1.0,0.8,7.8951523764408655
T01706,ROAD_CONSTRUCTION,KA-BENGALURU,OPEN,5,1.02036,0.10713,0.21999,0.08398,0.90302,1.12749,0.11207,0.026999999999999996,19,-2.6959645467671907,1.0,0.8,4.5456611664166555
T01781,ROAD_CONSTRUCTION,AP-SOUTH,LIMITED,5,1.02973,0.02279,0.11404,0.03997,0.99748,1.11491,0.06933500000000001,0.044705,2,-0.6744907594765951,1.0,0.8,8.768853034023149
T01814,ELECTRICAL_EQUIPMENT,KA-BENGALURU,LIMITED,5,1.02445,0.01029,0.06998,0.03141,0.96305,1.03474,0.06998,0.0,1,0.0,1.0,0.8,14.289797084881394
T01831,MEDICAL_SUPPLIES,KA-SOUTH,LIMITED,5,1.00044,0.03806,0.12542,0.04544,0.92977,1.05525,0.0684,0.024709999999999996,11,-1.556433148739598,1.0,0.8,7.9732100143517775
T01982,ROAD_CONSTRUCTION,KA-SOUTH,LIMITED,5,1.02708,0.02139,0.13116,0.04364,0.98823,1.12294,0.06523,0.014189999999999994,9,-3.133839025531497,1.0,0.8,7.624275693809088
T02149,BUILDING_CONSTRUCTION,KA-BENGALURU,LIMITED,5,0.98313,0.03508,0.1393,0.04553,0.92539,1.06234,0.07282,0.027239999999999993,3,-1.6461140121146869,1.0,0.8,7.178750897343861
T02190,WATER_INFRASTRUCTURE,AP-SOUTH,LIMITED,5,0.99937,0.01201,0.04741,0.01645,0.97061,1.01799,0.04741,0.0,1,0.0,1.0,0.8,21.092596498628982
T02193,BUILDING_CONSTRUCTION,KA-SOUTH,TWO_STAGE,5,0.91289,0.00417,0.14124,0.05307,0.90872,1.03766,0.086645,0.039285,6,-0.937350719450801,1.0,0.8,7.080147267063155
T02218,ELECTRICAL_EQUIPMENT,KA-SOUTH,OPEN,5,0.98249,0.07108,0.21602,0.07555,0.86751,1.07975,0.09169,0.025990000000000013,43,-3.2266039294238182,1.0,0.8,4.629200999907416
T02302,CIVIL_MAINTENANCE,KA-SOUTH,LIMITED,5,1.01259,0.04973,0.13228,0.04837,0.94785,1.0818,0.07109499999999999,0.03572999999999999,10,-1.155015872336286,1.0,0.8,7.559721802237677
T02387,ROAD_CONSTRUCTION,KA-BENGALURU,LIMITED,5,0.97252,0.04814,0.14007,0.05153,0.91723,1.05345,0.08989,0.036925,4,-0.9166133056340027,1.0,0.8,7.139287499107589
T02401,FURNITURE,KA-NORTH,LIMITED,5,0.9994,0.06098,0.19409,0.06972,0.89452,1.08849,0.081065,0.061290000000000004,10,-1.2438296310954833,1.0,0.8,5.152248956669586
T02433,IT_SERVICES,AP-SOUTH,OPEN,5,0.99886,0.01879,0.15997,0.05961,0.85787,1.01766,0.093495,0.036140000000000005,6,-1.2406412074213244,1.0,0.8,6.251172094767769
T02437,ELECTRICAL_EQUIPMENT,KA-SOUTH,LIMITED,5,0.99113,0.0246,0.12436,0.04266,0.95073,1.07399,0.0958,0.014440000000000008,11,-1.334034355308279,1.0,0.8,8.041170794467675
T01730,BUILDING_CONSTRUCTION,KA-CENTRAL,OPEN,8,1.0087,0.02353,0.17528,0.0486,0.943,1.1198,0.11566,0.02932,70,-1.371525889495041,0.9142857142857143,0.7999999999999999,5.705157462345961
T00972,VEHICLE_SUPPLIES,KA-BENGALURU,OPEN,9,1.0101,0.03634,0.12385,0.04053,0.94633,1.07143,0.079095,0.0273,10,-1.10574483298077,0.9,0.7999999999999999,8.074283407347599
T01431,ROAD_CONSTRUCTION,KA-SOUTH,TWO_STAGE,5,1.01325,0.01943,0.08048,0.02713,0.96896,1.0505,0.107855,0.02463500000000001,4,0.7495102309994638,0.25,0.7996081847995711,12.42544731610338
T01667,MEDICAL_SUPPLIES,KA-NORTH,OPEN,8,0.98372,0.02319,0.16117,0.0509,0.94742,1.10597,0.11554500000000001,0.030324999999999998,58,-1.0147944237797084,0.9137931034482759,0.7995689655172414,6.204628652975119
T00733,BUILDING_CONSTRUCTION,KA-CENTRAL,OPEN,7,1.00747,0.00702,0.08568,0.02455,0.97762,1.06394,0.11566,0.02932,70,0.6896737029027394,0.24285714285714285,0.7993121535084706,11.671335200746965
T00330,ELECTRICAL_EQUIPMENT,KA-SOUTH,OPEN,5,0.98419,0.01421,0.05949,0.02145,0.96655,1.02509,0.09169,0.025990000000000013,43,0.8356522683780819,0.16279069767441862,0.7987543728420005,16.809547823163555
T00769,MEDICAL_SUPPLIES,KA-NORTH,OPEN,7,1.01284,0.01962,0.08607,0.02693,0.97545,1.06263,0.11554500000000001,0.030324999999999998,58,0.6555850003486449,0.27586206896551724,0.7983832022692818,11.618450098756826
T00597,CIVIL_MAINTENANCE,AP-SOUTH,OPEN,4,0.96962,0.01466,0.10523,0.03962,0.89515,0.99718,0.1334,0.031560000000000005,13,0.6020407064149453,0.46153846153846156,0.7976843759650553,9.502993442934525
T00889,IT_SERVICES,KA-NORTH,OPEN,5,0.98004,0.02344,0.06752,0.02304,0.95202,1.01818,0.09833,0.02729000000000001,51,0.7614899340224952,0.23529411764705882,0.7974272413356434,14.810426540284361
T01372,BUILDING_CONSTRUCTION,KA-NORTH,OPEN,6,0.97557,0.00942,0.06752,0.02263,0.96222,1.0281,0.10989,0.03468,53,0.8240534451852174,0.1320754716981132,0.7967740974027755,14.810426540284361
T00614,MEDICAL_SUPPLIES,KA-SOUTH,OPEN,6,1.017,0.01076,0.1452,0.04268,0.93513,1.0828,0.09937,0.020879999999999996,45,-1.480455531935458,0.9555555555555556,0.7962962962962964,6.887052341597796
T00533,ROAD_CONSTRUCTION,AP-SOUTH,OPEN,7,0.99838,0.01363,0.14749,0.04348,0.90268,1.04993,0.12472,0.013115000000000002,14,-1.1710373307878064,0.9285714285714286,0.7959183673469389,6.780120686148213
T01521,CIVIL_MAINTENANCE,KA-BENGALURU,OPEN,7,1.02768,0.03119,0.15063,0.04659,0.96627,1.12107,0.1076,0.03349,14,-0.8666269746275868,0.9285714285714286,0.7959183673469389,6.638783774812455
T00318,CIVIL_MAINTENANCE,AP-SOUTH,OPEN,5,0.97869,0.00769,0.09766,0.04319,0.971,1.06658,0.1334,0.031560000000000005,13,0.7638244532222277,0.23076923076923078,0.7956749471931668,10.239606799098915
T02233,ROAD_CONSTRUCTION,KA-BENGALURU,OPEN,9,1.00243,0.01782,0.16595,0.0436,0.91231,1.07866,0.11207,0.026999999999999996,19,-1.3459837822444052,0.8947368421052632,0.7953216374269005,6.0259114191021395
T01884,ROAD_CONSTRUCTION,KA-NORTH,OPEN,8,1.03186,0.015,0.07944,0.02343,0.97139,1.05336,0.10597000000000001,0.02621499999999999,62,0.6825954548508139,0.22580645161290322,0.7948516681557525,12.58811681772407
T00079,MEDICAL_SUPPLIES,KA-NORTH,OPEN,4,1.02112,0.01239,0.0772,0.02827,0.99823,1.07706,0.11554500000000001,0.030324999999999998,58,0.8528721573662011,0.20689655172413793,0.7948265318177543,12.953367875647668
T02487,VEHICLE_SUPPLIES,KA-BENGALURU,OPEN,5,1.01039,0.01883,0.05103,0.02041,0.99155,1.04311,0.079095,0.0273,10,0.6933913247146756,0.3,0.7947130597717404,19.59631589261219
T01986,ELECTRICAL_EQUIPMENT,KA-NORTH,OPEN,6,0.97172,0.03836,0.19129,0.06115,0.86191,1.04779,0.09762,0.027480000000000004,43,-2.2991102416365594,0.9534883720930233,0.7945736434108528,5.227664802132888
T00029,MEDICAL_SUPPLIES,KA-BENGALURU,OPEN,3,1.01511,0.0138,0.03302,0.01358,0.99539,1.02891,0.08851,0.034519999999999995,28,1.0842263106418388,0.10714285714285714,0.7942461118564641,30.28467595396729
T01477,FURNITURE,KA-SOUTH,OPEN,5,1.00919,0.00697,0.09409,0.03069,0.97599,1.07095,0.120115,0.025825000000000008,32,0.6797143084367236,0.3125,0.7937714467493789,10.628122010840686
T01873,ELECTRICAL_EQUIPMENT,KA-CENTRAL,OPEN,6,1.0093,0.02752,0.15725,0.05497,0.89019,1.0489,0.10079,0.02248,42,-1.6940279484007366,0.9523809523809523,0.7936507936507936,6.359300476947536
T02083,IT_SERVICES,KA-SOUTH,OPEN,9,0.98799,0.0199,0.14784,0.03919,0.90004,1.0461,0.09166,0.02535000000000001,37,-1.4947885943745602,0.8918918918918919,0.7927927927927927,6.764069264069264
T01514,BUILDING_CONSTRUCTION,KA-SOUTH,OPEN,7,0.96797,0.05644,0.17259,0.06485,0.91153,1.0786,0.10953,0.024610000000000007,53,-1.7282969237136967,0.9245283018867925,0.7924528301886793,5.794078451822238
T00735,MEDICAL_SUPPLIES,KA-CENTRAL,OPEN,8,0.98842,0.02657,0.15576,0.052,0.92828,1.08224,0.09419,0.027749999999999997,53,-1.4965187769720352,0.9056603773584906,0.7924528301886793,6.420133538777606
T01392,ELECTRICAL_EQUIPMENT,TN-NORTH,OPEN,5,1.03799,0.0376,0.10042,0.03827,0.97237,1.0766,0.12121,0.025709999999999997,9,0.5454166818171302,0.4444444444444444,0.7918889010092598,9.958175662218682
T01383,ROAD_CONSTRUCTION,KA-SOUTH,OPEN,9,0.99623,0.04405,0.17889,0.05365,0.88264,1.06086,0.10933000000000001,0.026665000000000008,64,-1.75951911603945,0.890625,0.7916666666666666,5.590027391134217
T02351,BUILDING_CONSTRUCTION,KA-NORTH,OPEN,5,0.9833,0.02825,0.06486,0.02509,0.94777,1.01155,0.10989,0.03468,53,0.875787742192361,0.11320754716981132,0.7911962314897378,15.417823003391922
T00618,IT_SERVICES,KA-SOUTH,OPEN,9,1.01251,0.01593,0.07044,0.02311,0.99564,1.06697,0.09166,0.02535000000000001,37,0.5646033102995404,0.32432432432432434,0.7901578974434352,14.19647927314026
T00588,MEDICAL_SUPPLIES,KA-SOUTH,OPEN,9,1.01726,0.02967,0.12596,0.03856,0.95527,1.0834,0.09937,0.020879999999999996,45,-0.8589420160192845,0.8888888888888888,0.7901234567901234,7.939028262940616
T00794,LAB_EQUIPMENT,KA-SOUTH,OPEN,9,1.01943,0.02544,0.12453,0.03622,0.96091,1.08786,0.09267500000000001,0.01473999999999999,18,-1.4576596433600375,0.8888888888888888,0.7901234567901234,8.030193527664016
T01846,CIVIL_MAINTENANCE,KA-CENTRAL,LIMITED,6,0.90095,0.00685,0.16105,0.05935,0.89003,1.03513,0.08912,0.02513,19,-1.9306056637147428,0.9473684210526315,0.7894736842105263,6.209251785159888
T02446,VEHICLE_SUPPLIES,KA-CENTRAL,OPEN,4,1.00105,0.01038,0.05771,0.02185,0.95908,1.01686,0.11493,0.04331,31,0.8911189392115165,0.16129032258064516,0.7893069463441212,17.32801940738174
T01571,CIVIL_MAINTENANCE,KA-SOUTH,LIMITED,5,1.01206,0.00291,0.03476,0.01293,1.00915,1.04432,0.07109499999999999,0.03572999999999999,10,0.6859116077688802,0.3,0.7887292862151041,28.768699654775606
T01307,CIVIL_MAINTENANCE,KA-NORTH,OPEN,9,0.96084,0.04178,0.14185,0.0463,0.91906,1.05536,0.103015,0.023669999999999997,62,-1.1066264741982925,0.8870967741935484,0.7885304659498207,7.049700387733521
T01249,IT_SERVICES,KA-CENTRAL,OPEN,8,1.01774,0.01255,0.07553,0.02209,0.98007,1.05693,0.1033,0.027770000000000003,53,0.6744907594765952,0.22641509433962265,0.7882926220891906,13.239772275916854
T01837,MEDICAL_SUPPLIES,KA-CENTRAL,OPEN,9,0.99043,0.02847,0.14753,0.04317,0.94436,1.09048,0.09419,0.027749999999999997,53,-1.296480616593931,0.8867924528301887,0.7882599580712788,6.778282383244086
T00019,MEDICAL_SUPPLIES,KA-CENTRAL,OPEN,4,0.99495,0.01276,0.0595,0.02261,0.97784,1.03705,0.09419,0.027749999999999997,53,0.8431742142790302,0.20754716981132076,0.7880410380677632,16.80672268907563
T01133,BUILDING_CONSTRUCTION,TN-NORTH,OPEN,8,1.01508,0.02147,0.12527,0.03567,0.96696,1.09412,0.091735,0.022385000000000002,10,-1.0104555559101012,0.9,0.7875,7.9827572443522
T01474,CIVIL_MAINTENANCE,KA-NORTH,OPEN,5,0.97622,0.02086,0.16267,0.05299,0.9008,1.0596,0.103015,0.023669999999999997,62,-1.6999047848152218,0.9838709677419355,0.7870967741935484,6.147415011987459
T00091,CIVIL_MAINTENANCE,KA-SOUTH,OPEN,5,1.01251,0.05602,0.16338,0.05693,0.92813,1.09355,0.09694,0.028469999999999995,61,-1.5740486849183348,0.9836065573770492,0.7868852459016393,6.120700208103807
T00820,CIVIL_MAINTENANCE,KA-SOUTH,OPEN,9,0.99981,0.03337,0.1318,0.04519,0.91646,1.04823,0.09694,0.028469999999999995,61,-0.8258780426889398,0.8852459016393442,0.7868852459016393,7.587253414264036
T00364,FURNITURE,KA-CENTRAL,OPEN,3,0.98773,0.0009,0.04334,0.01994,0.98682,1.02963,0.09752,0.03523000000000001,35,1.037295184457619,0.14285714285714285,0.7867682182098413,23.073373327180434
T01630,BUILDING_CONSTRUCTION,KA-SOUTH,OPEN,6,1.00737,0.02525,0.17404,0.05313,0.91877,1.09409,0.10953,0.024610000000000007,53,-1.7680373382297905,0.9433962264150944,0.7861635220125787,5.745805561939784
T01337,ROAD_CONSTRUCTION,KA-NORTH,LIMITED,7,1.01146,0.0372,0.14545,0.04478,0.9361,1.08322,0.07595,0.039025000000000004,12,-1.2012071180941282,0.9166666666666666,0.7857142857142857,6.8752148504640775
T01149,LAB_EQUIPMENT,KA-CENTRAL,OPEN,8,1.00281,0.02884,0.13071,0.03956,0.93898,1.07006,0.08785,0.026139999999999997,29,-1.1059171366169422,0.896551724137931,0.7844827586206897,7.650524060898172
T00015,IT_SERVICES,KA-NORTH,OPEN,9,1.0021,0.02026,0.16141,0.05512,0.88105,1.04281,0.09833,0.02729000000000001,51,-1.559064752941869,0.8823529411764706,0.784313725490196,6.1954030109658635
T02416,LAB_EQUIPMENT,KA-CENTRAL,OPEN,11,1.02041,0.01829,0.1283,0.03645,0.92335,1.05427,0.08785,0.026139999999999997,29,-1.043731875318603,0.8620689655172413,0.7836990595611284,7.79423226812159
T01641,MEDICAL_SUPPLIES,KA-CENTRAL,LIMITED,4,1.03977,0.02184,0.09095,0.03483,0.97504,1.06961,0.11796999999999999,0.02194999999999999,14,0.8302842970869067,0.21428571428571427,0.7834275085294656,10.995052226498075
T02212,WATER_INFRASTRUCTURE,KA-CENTRAL,OPEN,9,0.98133,0.02083,0.16063,0.04254,0.92317,1.08081,0.11693,0.029219999999999996,59,-1.00873532474768,0.8813559322033898,0.783427495291902,6.225487144369047
T00403,ROAD_CONSTRUCTION,KA-SOUTH,OPEN,6,0.98843,0.0311,0.08267,0.03222,0.95291,1.03463,0.10933000000000001,0.026665000000000008,64,0.6743642845545109,0.265625,0.7833244037954258,12.0962864400629
T02239,IT_SERVICES,KA-NORTH,OPEN,3,1.00078,0.0027,0.05715,0.02679,0.94629,1.00348,0.09833,0.02729000000000001,51,1.0177914794886838,0.1568627450980392,0.7831028163911486,17.497812773403325
T01394,ROAD_CONSTRUCTION,AP-SOUTH,LIMITED,3,0.99293,0.0022,0.02463,0.0112,0.97067,0.99512,0.06933500000000001,0.044705,2,0.6744907594765952,0.5,0.7829938396510635,40.600893219650835
T01455,FURNITURE,KA-BENGALURU,LIMITED,3,0.93681,0.00681,0.02951,0.01261,0.91598,0.94362,0.04079,0.011279999999999998,2,0.6744907594765952,0.5,0.7829938396510635,33.886818027787186
T01786,LAB_EQUIPMENT,KA-SOUTH,TWO_STAGE,3,0.99751,0.00066,0.04929,0.02345,0.949,0.99817,0.08628,0.03699,2,0.6744907594765951,0.5,0.7829938396510634,20.28809089064719
T02210,LAB_EQUIPMENT,KA-NORTH,OPEN,8,1.00443,0.01726,0.12868,0.03568,0.94736,1.07661,0.07648,0.018280000000000005,19,-1.9260622343915892,0.8947368421052632,0.7828947368421053,7.771215418091391
T01743,MEDICAL_SUPPLIES,KA-CENTRAL,OPEN,4,0.9789,0.01692,0.05749,0.02367,0.94137,0.99764,0.09419,0.027749999999999997,53,0.8920292206411187,0.1509433962264151,0.7822294626506503,17.394329448599755
T01229,IT_SERVICES,KA-NORTH,OPEN,4,1.01479,0.01991,0.06488,0.02402,0.97895,1.04479,0.09833,0.02729000000000001,51,0.8267393149319203,0.21568627450980393,0.7818191920812931,15.413070283600495
T00249,ROAD_CONSTRUCTION,KA-SOUTH,OPEN,3,0.99714,0.02838,0.06916,0.02827,0.96876,1.03773,0.10933000000000001,0.026665000000000008,64,1.0160995240268078,0.15625,0.7815663493512053,14.459224985540775
T01410,ROAD_CONSTRUCTION,KA-BENGALURU,OPEN,6,0.99185,0.02267,0.08507,0.02951,0.9511,1.03548,0.11207,0.026999999999999996,19,0.6744907594765952,0.2631578947368421,0.7813738785111978,11.755025273304337
T00288,ELECTRICAL_EQUIPMENT,KA-BENGALURU,OPEN,6,1.02004,0.04485,0.18359,0.06362,0.8948,1.08207,0.10288,0.023164999999999998,16,-2.3500172327803153,0.9375,0.78125,5.446919766871834
T00874,ROAD_CONSTRUCTION,AP-SOUTH,OPEN,8,1.01004,0.03278,0.1157,0.03979,0.93652,1.05338,0.12472,0.013115000000000002,14,0.4638891841768119,0.42857142857142855,0.7809030361547104,8.64304235090752
T00975,CIVIL_MAINTENANCE,KA-CENTRAL,TWO_STAGE,6,1.00756,0.013,0.04046,0.01643,0.99427,1.03504,0.04635,0.009095000000000002,4,0.4368060003647217,0.5,0.7806716669706014,24.715768660405338
T01181,WATER_INFRASTRUCTURE,KA-SOUTH,LIMITED,4,1.03296,0.02149,0.07523,0.02686,0.99552,1.07324,0.09856999999999999,0.023669999999999997,8,0.6650872127665283,0.375,0.7800654095748961,13.292569453675394
T02016,BUILDING_CONSTRUCTION,KA-CENTRAL,OPEN,6,0.98113,0.01408,0.08619,0.02625,0.94369,1.02825,0.11566,0.02932,70,0.6779414284370825,0.2571428571428571,0.7792369046499497,11.60227404571296
T00095,ROAD_CONSTRUCTION,AP-SOUTH,OPEN,11,1.00438,0.00496,0.13346,0.03448,0.94174,1.07578,0.12472,0.013115000000000002,14,-0.4494890764640061,0.8571428571428571,0.7792207792207791,7.492881762325791
T02090,BUILDING_CONSTRUCTION,KA-NORTH,OPEN,6,1.00444,0.01594,0.07153,0.02284,0.97535,1.0472,0.10989,0.03468,53,0.7460630199977564,0.18867924528301888,0.7789518877339795,13.98014818957081
T00106,ROAD_CONSTRUCTION,KA-SOUTH,OPEN,13,1.00871,0.02468,0.16128,0.03784,0.93101,1.0937,0.10933000000000001,0.026665000000000008,64,-1.3140744404578701,0.84375,0.7788461538461539,6.200396825396825
T01446,MEDICAL_SUPPLIES,KA-SOUTH,OPEN,6,1.00387,0.03007,0.08076,0.03109,0.95431,1.03538,0.09937,0.020879999999999996,45,0.6011625016216207,0.3333333333333333,0.7787465291291283,12.382367508667658
T00852,CIVIL_MAINTENANCE,KA-SOUTH,OPEN,6,0.9964,0.01276,0.14285,0.04351,0.95566,1.098,0.09694,0.028469999999999995,61,-1.0876666936273445,0.9344262295081968,0.778688524590164,7.000350017500875
T02493,CIVIL_MAINTENANCE,KA-CENTRAL,OPEN,12,0.97798,0.03954,0.13486,0.04452,0.91695,1.04884,0.0943,0.022679999999999992,73,-1.2062321518681975,0.8493150684931506,0.7785388127853881,7.415097137772505
T01099,FURNITURE,KA-CENTRAL,OPEN,5,1.01312,0.00902,0.05565,0.02022,1.0041,1.06048,0.09752,0.03523000000000001,35,0.8016158983617664,0.17142857142857143,0.7784355758322703,17.969451931716083
T02100,MEDICAL_SUPPLIES,KA-BENGALURU,OPEN,3,0.96598,0.00428,0.03607,0.01592,0.9617,0.99655,0.08851,0.034519999999999995,28,1.024631964859579,0.14285714285714285,0.7783260718111479,27.72387025228722
T00709,MEDICAL_SUPPLIES,KA-NORTH,OPEN,9,1.00167,0.00962,0.08936,0.02288,0.95169,1.0412,0.11554500000000001,0.030324999999999998,58,0.5824085914886944,0.29310344827586204,0.7782329242351612,11.190689346463742
T02451,CIVIL_MAINTENANCE,KA-CENTRAL,OPEN,5,1.00278,0.03043,0.19578,0.0637,0.94007,1.13639,0.0943,0.022679999999999992,73,-3.0179595357885765,0.9726027397260274,0.7780821917808219,5.10777403207682
T00291,ROAD_CONSTRUCTION,KA-SOUTH,OPEN,4,1.00284,0.02224,0.07759,0.0301,0.97478,1.05259,0.10933000000000001,0.026665000000000008,64,0.8028628053923543,0.234375,0.7779283540442657,12.888258796236627
T01169,MEDICAL_SUPPLIES,KA-SOUTH,OPEN,6,0.99574,0.02957,0.12929,0.04291,0.95956,1.08829,0.09937,0.020879999999999996,45,-0.9665116630047761,0.9333333333333333,0.7777777777777778,7.734550235903783
T00436,ELECTRICAL_EQUIPMENT,KA-BENGALURU,OPEN,9,0.9877,0.02594,0.14938,0.05002,0.94725,1.0948,0.10288,0.023164999999999998,16,-1.3539313755951516,0.875,0.7777777777777777,6.6943365912438075
T01948,IT_SERVICES,TN-NORTH,OPEN,9,0.99107,0.03306,0.16522,0.04662,0.9134,1.07714,0.105455,0.021859999999999997,8,-1.8440503312039676,0.875,0.7777777777777777,6.052536012589274
T01123,WATER_INFRASTRUCTURE,KA-CENTRAL,OPEN,6,1.0232,0.02392,0.08898,0.03557,0.95693,1.04798,0.11693,0.029219999999999996,59,0.6451751104507475,0.288135593220339,0.7777589197259054,11.238480557428636
T01255,BUILDING_CONSTRUCTION,KA-CENTRAL,OPEN,5,1.03335,0.00925,0.19596,0.06984,0.87266,1.07515,0.11566,0.02932,70,-1.8472581168475648,0.9714285714285714,0.7771428571428571,5.103082261686058
T00924,BUILDING_CONSTRUCTION,KA-SOUTH,OPEN,7,1.05094,0.01904,0.16541,0.05489,0.89614,1.06999,0.10953,0.024610000000000007,53,-1.5315133539029715,0.9056603773584906,0.7762803234501349,6.045583701106342
T01309,CIVIL_MAINTENANCE,KA-CENTRAL,OPEN,6,1.01487,0.01627,0.15921,0.05096,0.97697,1.13854,0.0943,0.022679999999999992,73,-1.9303877953097797,0.9315068493150684,0.776255707762557,6.2810124992148735
T00956,MEDICAL_SUPPLIES,KA-CENTRAL,OPEN,4,0.99816,0.01885,0.05628,0.02147,0.97183,1.02801,0.09419,0.027749999999999997,53,0.9214394483516297,0.11320754716981132,0.7759852466410808,17.768301350390903
T01858,IT_SERVICES,KA-CENTRAL,OPEN,8,0.95897,0.03368,0.15365,0.0468,0.88073,1.02808,0.1033,0.027770000000000003,53,-1.2229243694507228,0.8867924528301887,0.7759433962264151,6.508298080052066
T01861,FURNITURE,KA-NORTH,OPEN,5,1.00382,0.00639,0.19303,0.06124,0.90207,1.09584,0.1018,0.020879999999999996,33,-2.947020689034952,0.9696969696969697,0.7757575757575759,5.180541884681137
T00418,ELECTRICAL_EQUIPMENT,KA-BENGALURU,OPEN,6,1.0246,0.00447,0.0795,0.02844,0.94949,1.03094,0.10288,0.023164999999999998,16,0.6807508722884867,0.25,0.7756257269070723,12.578616352201257
T02209,ROAD_CONSTRUCTION,TN-NORTH,OPEN,7,0.97868,0.01198,0.08064,0.02423,0.94846,1.02739,0.10751,0.03349999999999999,11,0.5410019912577945,0.36363636363636365,0.7754043041949927,12.40079365079365
T01677,ELECTRICAL_EQUIPMENT,KA-SOUTH,OPEN,6,1.00959,0.05099,0.17068,0.05868,0.93052,1.10283,0.09169,0.025990000000000013,43,-2.0499432509063573,0.9302325581395349,0.7751937984496124,5.858917272088118
T01488,IT_SERVICES,KA-CENTRAL,OPEN,5,0.98413,0.02354,0.07118,0.02577,0.93762,1.00767,0.1033,0.027770000000000003,53,0.7801455957647909,0.18867924528301888,0.7750598728382478,14.048890137679125
T01036,FURNITURE,KA-CENTRAL,OPEN,8,1.02405,0.04839,0.16007,0.05276,0.92516,1.08908,0.09752,0.03523000000000001,35,-1.197541782721005,0.8857142857142857,0.7749999999999999,6.247266820765915
T01405,MEDICAL_SUPPLIES,KA-BENGALURU,OPEN,6,1.0381,0.01811,0.05374,0.02047,1.01718,1.07297,0.08851,0.034519999999999995,28,0.6793755419177642,0.25,0.7744796182648035,18.608113137327873
T00444,ELECTRICAL_EQUIPMENT,KA-NORTH,OPEN,10,0.99291,0.04558,0.14338,0.04661,0.94629,1.08866,0.09762,0.027480000000000004,43,-1.1231694742958152,0.8604651162790697,0.7744186046511627,6.974473427256242
T00846,VEHICLE_SUPPLIES,KA-CENTRAL,OPEN,5,1.00547,0.03518,0.18077,0.06085,0.96097,1.14272,0.11493,0.04331,31,-1.0253630017072042,0.967741935483871,0.7741935483870969,5.531891353653815
T01011,VEHICLE_SUPPLIES,KA-CENTRAL,OPEN,9,0.99682,0.01859,0.1688,0.04824,0.94052,1.10878,0.11493,0.04331,31,-0.8389475228123802,0.8709677419354839,0.7741935483870968,5.924170616113744
T00122,WATER_INFRASTRUCTURE,KA-NORTH,OPEN,6,0.95908,0.01352,0.17678,0.05387,0.90866,1.07821,0.10822999999999999,0.01692000000000001,42,-2.732644300361736,0.9285714285714286,0.7738095238095238,5.656748500961648
T00866,WATER_INFRASTRUCTURE,KA-BENGALURU,OPEN,6,1.01275,0.04095,0.15406,0.05172,0.91202,1.06804,0.098545,0.03149,14,-1.1890871550442423,0.9285714285714286,0.7738095238095238,6.490977541217707
T01176,ELECTRICAL_EQUIPMENT,KA-CENTRAL,OPEN,6,1.00604,0.03152,0.15574,0.04947,0.92543,1.08211,0.10079,0.02248,42,-1.6487218520124063,0.9285714285714286,0.7738095238095238,6.420958006934635
T00542,ROAD_CONSTRUCTION,KA-SOUTH,OPEN,10,1.01793,0.02416,0.16365,0.04629,0.93873,1.10532,0.10933000000000001,0.026665000000000008,64,-1.3740235535259189,0.859375,0.7734375,6.110601894286588
T00560,FURNITURE,KA-SOUTH,OPEN,12,0.98139,0.03328,0.14796,0.04042,0.91065,1.05586,0.120115,0.025825000000000008,32,-0.7272486039738932,0.84375,0.7734375,6.758583400919167
T01021,ELECTRICAL_EQUIPMENT,KA-NORTH,OPEN,8,1.02763,0.04735,0.15568,0.05484,0.92365,1.08363,0.09762,0.027480000000000004,43,-1.425070360087741,0.8837209302325582,0.7732558139534884,6.423432682425488
T02147,BUILDING_CONSTRUCTION,KA-CENTRAL,TWO_STAGE,5,0.97608,0.03554,0.08858,0.03642,0.94053,1.02699,0.12519,0.03899999999999999,6,0.6331565821650808,0.3333333333333333,0.7731919323987313,11.289230074508918
T00936,IT_SERVICES,KA-NORTH,OPEN,7,1.00126,0.03561,0.16253,0.05256,0.9491,1.11183,0.09833,0.02729000000000001,51,-1.5867463084792013,0.9019607843137255,0.773109243697479,6.152710268873438
T00260,BUILDING_CONSTRUCTION,KA-NORTH,OPEN,8,0.97825,0.02995,0.07708,0.02983,0.94545,1.02085,0.10989,0.03468,53,0.6381211597008964,0.24528301886792453,0.7729786562477183,12.973533990659057
T00507,IT_SERVICES,KA-NORTH,OPEN,12,1.00438,0.02788,0.1431,0.04093,0.89229,1.03602,0.09833,0.02729000000000001,51,-1.1065207512556672,0.8431372549019608,0.772875816993464,6.988120195667365
T00984,CIVIL_MAINTENANCE,KA-SOUTH,OPEN,7,0.97684,0.01327,0.13579,0.04095,0.92724,1.05989,0.09694,0.028469999999999995,61,-0.9204062523943002,0.9016393442622951,0.7728337236533959,7.364312541424258
T00565,LAB_EQUIPMENT,KA-CENTRAL,OPEN,7,1.00936,0.01944,0.07029,0.02623,0.98551,1.05646,0.08785,0.026139999999999997,29,0.4531009080493117,0.4482758620689655,0.7726086601013805,14.226774790155071
T01860,ROAD_CONSTRUCTION,KA-NORTH,OPEN,7,1.02074,0.02704,0.08036,0.02919,0.98527,1.0673,0.10597000000000001,0.02621499999999999,62,0.658924598519764,0.24193548387096775,0.7721657849063416,12.444001991040318
T00148,MEDICAL_SUPPLIES,KA-CENTRAL,OPEN,9,0.97573,0.02283,0.14591,0.04018,0.92065,1.06302,0.09419,0.027749999999999997,53,-1.2571049398244871,0.8679245283018868,0.7714884696016772,6.853539853334246
T01182,BUILDING_CONSTRUCTION,KA-SOUTH,OPEN,9,1.01392,0.01735,0.15663,0.04072,0.94734,1.10615,0.10953,0.024610000000000007,53,-1.2908782922124185,0.8679245283018868,0.7714884696016772,6.384472961757007
T01336,MEDICAL_SUPPLIES,KA-BENGALURU,OPEN,5,1.01056,0.03268,0.18083,0.0605,0.91776,1.1005,0.08851,0.034519999999999995,28,-1.803852459874834,0.9642857142857143,0.7714285714285715,5.5300558535641215
T00591,ELECTRICAL_EQUIPMENT,AP-SOUTH,OPEN,7,0.95012,0.02066,0.14674,0.04301,0.91639,1.0558,0.11116000000000001,0.03665500000000001,10,-0.6547096227575298,0.9,0.7714285714285715,6.8147744309663345
T00963,ELECTRICAL_EQUIPMENT,KA-CENTRAL,OPEN,8,0.98964,0.02612,0.14784,0.0432,0.92606,1.07237,0.10079,0.02248,42,-1.4116899570006138,0.8809523809523809,0.7708333333333333,6.764069264069264
T01190,WATER_INFRASTRUCTURE,KA-NORTH,TWO_STAGE,4,0.98828,0.02507,0.05551,0.02581,0.96017,1.01504,0.0905,0.02615,8,0.9025021672690656,0.125,0.7706266254517993,18.01477211313277
T02034,BUILDING_CONSTRUCTION,KA-CENTRAL,OPEN,5,0.98137,0.0107,0.08375,0.03225,0.97068,1.05287,0.11566,0.02932,70,0.7340723101943435,0.22857142857142856,0.7701149910126177,11.940298507462686
T01555,ROAD_CONSTRUCTION,KA-NORTH,OPEN,10,1.00867,0.03108,0.14567,0.04597,0.89818,1.04511,0.10597000000000001,0.02621499999999999,62,-1.0214489090681225,0.8548387096774194,0.7693548387096775,6.864831468387451
T00782,VEHICLE_SUPPLIES,KA-NORTH,OPEN,6,1.01819,0.04706,0.16018,0.05471,0.93203,1.09512,0.12007000000000001,0.019319999999999997,26,-1.4003014680438004,0.9230769230769231,0.7692307692307693,6.242976651267325
T01661,ROAD_CONSTRUCTION,KA-BENGALURU,OPEN,3,1.01252,0.03452,0.07431,0.03044,0.97179,1.04703,0.11207,0.026999999999999996,19,0.9432878176976385,0.21052631578947367,0.7692094223247415,13.457139012245996
T00216,BUILDING_CONSTRUCTION,KA-CENTRAL,LIMITED,5,1.01601,0.02435,0.05512,0.02096,0.99166,1.04766,0.07799500000000001,0.01844500000000001,8,0.8364855583099545,0.125,0.7691884466479637,18.142235123367197
T02136,FURNITURE,KA-NORTH,OPEN,8,1.01242,0.04011,0.13249,0.04768,0.9361,1.07024,0.1018,0.020879999999999996,33,-0.9913851249203404,0.8787878787878788,0.7689393939393939,7.547739452034116
T01215,MEDICAL_SUPPLIES,KA-NORTH,OPEN,7,1.00683,0.01096,0.15539,0.04684,0.88911,1.04556,0.11554500000000001,0.030324999999999998,58,-0.8862352617096433,0.896551724137931,0.768472906403941,6.435420554733252
T01640,CIVIL_MAINTENANCE,KA-NORTH,OPEN,9,1.00832,0.01875,0.08238,0.02374,0.96536,1.04842,0.103015,0.023669999999999997,62,0.5880066253400736,0.27419354838709675,0.7664001544241514,12.138868657441128
T01897,CIVIL_MAINTENANCE,KA-NORTH,OPEN,6,0.98575,0.02965,0.15001,0.04904,0.8833,1.03117,0.103015,0.023669999999999997,62,-1.3391505383017577,0.9193548387096774,0.7661290322580645,6.666222251849876
T00929,LAB_EQUIPMENT,KA-NORTH,OPEN,11,0.98669,0.01858,0.11878,0.03147,0.92236,1.03956,0.07648,0.018280000000000005,19,-1.560774569248357,0.8421052631578947,0.7655502392344496,8.41892574507493
T00352,WATER_INFRASTRUCTURE,KA-SOUTH,OPEN,9,1.0061,0.0263,0.15217,0.04631,0.92056,1.07366,0.10991999999999999,0.024564999999999997,36,-1.16007468299964,0.8611111111111112,0.7654320987654321,6.5715975553657096
T00053,CIVIL_MAINTENANCE,KA-SOUTH,OPEN,6,0.9995,0.03797,0.13672,0.04799,0.94271,1.07937,0.09694,0.028469999999999995,61,-0.9424391433782567,0.9180327868852459,0.7650273224043717,7.314218841427735
T02304,WATER_INFRASTRUCTURE,KA-SOUTH,OPEN,6,1.01123,0.02662,0.1574,0.04866,0.94848,1.10765,0.10991999999999999,0.024564999999999997,36,-1.303676827191075,0.9166666666666666,0.7638888888888888,6.353240152477763
T01026,FURNITURE,KA-NORTH,OPEN,10,1.04593,0.0164,0.12795,0.04125,0.95612,1.08994,0.1018,0.020879999999999996,33,-0.8447286092103914,0.8484848484848485,0.7636363636363637,7.815552950371238
T00032,CIVIL_MAINTENANCE,KA-CENTRAL,OPEN,7,0.99815,0.05141,0.14421,0.04843,0.91134,1.05529,0.0943,0.022679999999999992,73,-1.4842960231691746,0.8904109589041096,0.7632093933463797,6.934331877123639
T00061,WATER_INFRASTRUCTURE,KA-NORTH,OPEN,4,1.0051,0.02346,0.0881,0.03524,0.94424,1.03279,0.10822999999999999,0.01692000000000001,42,0.8024526588808422,0.21428571428571427,0.7625537798749173,11.350737797956867
T01443,IT_SERVICES,KA-NORTH,OPEN,3,0.9896,0.01222,0.05922,0.02522,0.97738,1.03598,0.09833,0.02729000000000001,51,0.9666300330937937,0.17647058823529413,0.7620670808860586,16.886187098953055
T01566,WATER_INFRASTRUCTURE,KA-SOUTH,OPEN,7,1.00518,0.04971,0.15517,0.05155,0.93218,1.08815,0.10991999999999999,0.024564999999999997,36,-1.2424468498398513,0.8888888888888888,0.761904761904762,6.444544692917446
T02031,VEHICLE_SUPPLIES,KA-SOUTH,OPEN,5,0.96791,0.02716,0.19922,0.06334,0.8789,1.07173,0.11184,0.029350000000000015,21,-2.0080750447381557,0.9523809523809523,0.7619047619047619,5.019576347756249
T01744,FURNITURE,KA-CENTRAL,OPEN,9,0.98136,0.0312,0.15901,0.05056,0.92759,1.08364,0.09752,0.03523000000000001,35,-1.1772477093447584,0.8571428571428571,0.7619047619047619,6.2889126470033325
T00836,IT_SERVICES,KA-NORTH,OPEN,4,0.97187,0.02499,0.06756,0.02962,0.93276,0.99842,0.09833,0.02729000000000001,51,0.7605013070390191,0.2549019607843137,0.7615524508674997,14.801657785671996
T01969,IT_SERVICES,KA-CENTRAL,OPEN,3,1.02787,0.01372,0.06097,0.02647,0.97893,1.04159,0.1033,0.027770000000000003,53,1.0281308551906472,0.11320754716981132,0.7608922682403058,16.40150893882237
T00449,ELECTRICAL_EQUIPMENT,KA-NORTH,OPEN,7,0.967,0.02925,0.0681,0.02677,0.93661,1.00246,0.09762,0.027480000000000004,43,0.724562125900622,0.16279069767441862,0.760588134492892,14.684287812041118
T01079,ROAD_CONSTRUCTION,KA-NORTH,OPEN,7,1.0065,0.04557,0.15442,0.06687,0.89665,1.05207,0.10597000000000001,0.02621499999999999,62,-1.2465793361297366,0.8870967741935484,0.7603686635944701,6.475845097785261
T01207,BUILDING_CONSTRUCTION,KA-NORTH,OPEN,7,0.98727,0.02928,0.18741,0.06497,0.92466,1.10968,0.10989,0.03468,53,-1.50768522706533,0.8867924528301887,0.7601078167115903,5.335894562723441
T02199,BUILDING_CONSTRUCTION,KA-SOUTH,OPEN,7,1.0144,0.04683,0.15976,0.05523,0.9246,1.08665,0.10953,0.024610000000000007,53,-1.3766627732023313,0.8867924528301887,0.7601078167115903,6.259389083625438
T02174,ROAD_CONSTRUCTION,KA-SOUTH,OPEN,5,1.01355,0.01268,0.08166,0.02832,0.99522,1.07799,0.10933000000000001,0.026665000000000008,64,0.6999122188155782,0.25,0.7599297750524626,12.24589762429586
T00257,BUILDING_CONSTRUCTION,KA-NORTH,OPEN,8,1.01824,0.04674,0.17839,0.05555,0.90839,1.09003,0.10989,0.03468,53,-1.3322553928531362,0.8679245283018868,0.7594339622641509,5.605695386512697
T01834,BUILDING_CONSTRUCTION,KA-CENTRAL,OPEN,7,0.95145,0.01942,0.16362,0.05068,0.92638,1.08205,0.11566,0.02932,70,-1.1032938889664905,0.8857142857142857,0.7591836734693878,6.111722283339446
T01546,ROAD_CONSTRUCTION,KA-CENTRAL,OPEN,4,1.04506,0.01129,0.05989,0.0229,0.99884,1.06142,0.1053,0.03636,59,0.8423714353089161,0.1694915254237288,0.7588972205494836,16.69727834362999
T01433,MEDICAL_SUPPLIES,KA-SOUTH,LIMITED,4,1.01321,0.01182,0.04134,0.01493,0.99077,1.03265,0.0684,0.024709999999999996,11,0.7386369871079187,0.2727272727272727,0.7585231948763936,24.189646831156264
T01688,ROAD_CONSTRUCTION,KA-CENTRAL,TWO_STAGE,4,0.97434,0.01623,0.07376,0.02616,0.94347,1.01533,0.08646999999999999,0.011260000000000006,16,0.7613479176685177,0.25,0.7585109382513884,13.557483731019522
T02101,ROAD_CONSTRUCTION,KA-CENTRAL,OPEN,4,1.0105,0.01746,0.05904,0.0225,0.97477,1.03442,0.1053,0.03636,59,0.8581392335915098,0.15254237288135594,0.7580112048546492,16.937669376693766
T01094,CIVIL_MAINTENANCE,KA-SOUTH,OPEN,9,1.01158,0.01709,0.12832,0.03396,0.94473,1.07453,0.09694,0.028469999999999995,61,-0.743432386103813,0.8524590163934426,0.7577413479052822,7.793017456359103
T01599,LAB_EQUIPMENT,KA-CENTRAL,OPEN,4,0.9578,0.01206,0.06206,0.0232,0.94024,0.99968,0.08785,0.026139999999999997,29,0.6654597049311932,0.3448275862068966,0.7577154683535674,16.113438607798905
T00605,ELECTRICAL_EQUIPMENT,KA-SOUTH,LIMITED,6,1.00542,0.03993,0.12151,0.04441,0.94516,1.06734,0.0958,0.014440000000000008,11,-1.2009111790957936,0.9090909090909091,0.7575757575757576,8.229775327133568
T01476,ROAD_CONSTRUCTION,TN-NORTH,OPEN,6,0.97229,0.02272,0.15573,0.04701,0.9024,1.05382,0.10751,0.03349999999999999,11,-0.970864012595864,0.9090909090909091,0.7575757575757576,6.421370320426378
T01675,ELECTRICAL_EQUIPMENT,KA-CENTRAL,OPEN,11,0.99654,0.03444,0.13546,0.04531,0.92137,1.05636,0.10079,0.02248,42,-1.040239974690994,0.8333333333333334,0.7575757575757576,7.382253063635021
T01329,ROAD_CONSTRUCTION,KA-NORTH,OPEN,4,1.03978,0.01287,0.07236,0.02689,0.987,1.06224,0.10597000000000001,0.02621499999999999,62,0.8647581318332399,0.14516129032258066,0.7574395666168654,13.819789939192926
T00253,VEHICLE_SUPPLIES,KA-BENGALURU,OPEN,6,0.97737,0.01928,0.04636,0.01917,0.9563,1.00161,0.079095,0.0273,10,0.8087712458412579,0.1,0.7573093715343816,21.570319240724764
T01349,BUILDING_CONSTRUCTION,KA-SOUTH,OPEN,3,0.97147,0.00439,0.075,0.0336,0.96709,1.03995,0.10953,0.024610000000000007,53,0.946370009131525,0.18867924528301888,0.7566995029430293,13.333333333333334
T00932,MEDICAL_SUPPLIES,KA-SOUTH,OPEN,5,1.00161,0.00855,0.08319,0.02707,0.94915,1.03247,0.09937,0.020879999999999996,45,0.5226657321997755,0.4222222222222222,0.7559103635375982,12.020675561966582
T00005,LAB_EQUIPMENT,KA-CENTRAL,LIMITED,4,0.99769,0.0039,0.01689,0.006,0.98827,1.00511,0.04392,0.027030000000000002,3,0.6744907594765952,0.3333333333333333,0.7558680696074463,59.20663114268798
T00777,IT_SERVICES,KA-NORTH,TWO_STAGE,4,0.99609,0.01333,0.0953,0.03793,0.91897,1.0139,0.11099,0.01569000000000001,9,0.6744907594765952,0.3333333333333333,0.7558680696074463,10.493179433368311
T00791,ROAD_CONSTRUCTION,KA-BENGALURU,TWO_STAGE,4,0.97445,0.01376,0.08883,0.0342,0.95637,1.04293,0.09544,0.006609999999999991,3,0.6744907594765952,0.3333333333333333,0.7558680696074463,11.257458065968704
T01171,VEHICLE_SUPPLIES,KA-SOUTH,TWO_STAGE,4,1.0248,0.0244,0.0881,0.03554,0.99818,1.08847,0.09422,0.0061200000000000004,3,0.6744907594765952,0.3333333333333333,0.7558680696074463,11.350737797956867
T00333,ELECTRICAL_EQUIPMENT,KA-NORTH,OPEN,6,0.96317,0.01705,0.06828,0.02424,0.94198,1.00774,0.09762,0.027480000000000004,43,0.7201440641573255,0.18604651162790697,0.7551588131543604,14.64557703573521
T00059,CIVIL_MAINTENANCE,KA-CENTRAL,OPEN,8,0.99011,0.05061,0.13723,0.04802,0.91989,1.05576,0.0943,0.022679999999999992,73,-1.2767146518664125,0.863013698630137,0.7551369863013698,7.287036362311448
T01088,BUILDING_CONSTRUCTION,KA-NORTH,OPEN,6,0.96159,0.03302,0.20903,0.06545,0.9001,1.1011,0.10989,0.03468,53,-1.928172257627152,0.9056603773584906,0.7547169811320755,4.784002296321102
T02219,BUILDING_CONSTRUCTION,KA-SOUTH,OPEN,9,1.01807,0.03111,0.1561,0.04807,0.92566,1.08458,0.10953,0.024610000000000007,53,-1.2763524855272257,0.8490566037735849,0.7547169811320754,6.406149903907752
T00026,WATER_INFRASTRUCTURE,KA-NORTH,OPEN,6,0.95961,0.02933,0.17446,0.05729,0.92464,1.09205,0.10822999999999999,0.01692000000000001,42,-2.6401609338141183,0.9047619047619048,0.753968253968254,5.731972945087699
T00531,MEDICAL_SUPPLIES,KA-BENGALURU,OPEN,5,1.04406,0.01166,0.05494,0.02059,0.99836,1.05573,0.08851,0.034519999999999995,28,0.6559285862001537,0.2857142857142857,0.7533142975315515,18.20167455405897
T02229,ELECTRICAL_EQUIPMENT,KA-SOUTH,OPEN,8,0.99834,0.00775,0.14346,0.03756,0.94904,1.09226,0.09169,0.025990000000000013,43,-1.343531612855072,0.8604651162790697,0.752906976744186,6.970584134950508
T00479,MEDICAL_SUPPLIES,KA-SOUTH,OPEN,5,1.02333,0.02405,0.08262,0.0281,0.98186,1.06641,0.09937,0.020879999999999996,45,0.5410785546567516,0.4,0.7528628437254014,12.103606874848705
T02029,BUILDING_CONSTRUCTION,KA-SOUTH,OPEN,9,0.98113,0.01634,0.0924,0.02888,0.93284,1.0235,0.10953,0.024610000000000007,53,0.46948503493840216,0.37735849056603776,0.752749800448391,10.822510822510823
T00627,ROAD_CONSTRUCTION,KA-NORTH,OPEN,6,0.9618,0.04174,0.15758,0.05961,0.91707,1.06863,0.10597000000000001,0.02621499999999999,62,-1.3278835817885595,0.9032258064516129,0.7526881720430108,6.345982992765579
T00467,FURNITURE,KA-BENGALURU,OPEN,9,0.98892,0.0229,0.09459,0.03096,0.94233,1.03587,0.11214,0.017980000000000003,16,0.6583600016025724,0.1875,0.7518755569800643,10.571942065757481
T01915,MEDICAL_SUPPLIES,KA-NORTH,OPEN,9,1.00274,0.03314,0.1498,0.04372,0.95077,1.10098,0.11554500000000001,0.030324999999999998,58,-0.7619020928564141,0.8448275862068966,0.7509578544061303,6.675567423230975
T02063,MEDICAL_SUPPLIES,KA-SOUTH,OPEN,9,0.97029,0.01347,0.12195,0.03627,0.91479,1.03313,0.09937,0.020879999999999996,45,-0.7294061948745941,0.8444444444444444,0.7506172839506172,8.200082000820007
T00126,ROAD_CONSTRUCTION,KA-CENTRAL,LIMITED,4,0.96996,0.0647,0.19884,0.07734,0.88553,1.0784,0.07505,0.022630000000000008,6,-3.6895806944590226,1.0,0.75,5.029169181251258
T00504,IT_SERVICES,KA-NORTH,LIMITED,4,1.02413,0.04118,0.11566,0.04422,0.96376,1.08221,0.083355,0.016184999999999998,6,-1.3462727207223608,1.0,0.75,8.646031471554556
T00770,FURNITURE,KA-BENGALURU,LIMITED,4,0.99686,0.01188,0.05207,0.02005,0.96067,1.01258,0.04079,0.011279999999999998,2,-0.6744907594765952,1.0,0.75,19.204916458613404
T00885,BUILDING_CONSTRUCTION,KA-BENGALURU,TWO_STAGE,4,1.0508,0.0223,0.1515,0.05712,0.93574,1.09494,0.147035,0.004464999999999997,2,-0.6744907594765952,1.0,0.75,6.600660066006601
T01048,VEHICLE_SUPPLIES,KA-NORTH,OPEN,4,0.98714,0.04139,0.19001,0.06793,0.88073,1.06829,0.12007000000000001,0.019319999999999997,26,-2.441712407753265,1.0,0.75,5.26288090100521
T01115,ELECTRICAL_EQUIPMENT,KA-NORTH,TWO_STAGE,4,0.97462,0.04717,0.15382,0.05627,0.89921,1.04913,0.08716,0.016640000000000002,7,-2.7020164679513123,1.0,0.75,6.501105187881939
T01196,IT_SERVICES,KA-CENTRAL,TWO_STAGE,4,1.00007,0.0106,0.14264,0.0555,0.98161,1.12426,0.10588,0.02327,9,-1.0655040961907878,1.0,0.75,7.010656197420079
T01220,ROAD_CONSTRUCTION,KA-NORTH,OPEN,4,0.99881,0.07151,0.19467,0.07717,0.9055,1.09994,0.10597000000000001,0.02621499999999999,62,-2.282179300613161,1.0,0.75,5.136898340781836
T01236,FURNITURE,KA-CENTRAL,LIMITED,4,1.00775,0.05089,0.18448,0.06949,0.89545,1.08137,0.07776,0.019725000000000003,8,-3.6492600178120274,1.0,0.75,5.420641803989592
T01261,VEHICLE_SUPPLIES,TN-NORTH,OPEN,4,1.00248,0.02317,0.16656,0.06186,0.96391,1.13089,0.08849499999999999,0.02012500000000001,12,-2.6163538453933115,1.0,0.75,6.003842459173871
T01340,ELECTRICAL_EQUIPMENT,TN-NORTH,TWO_STAGE,4,0.97227,0.03513,0.09379,0.03838,0.92863,1.01983,0.09379,0.0,1,0.0,1.0,0.75,10.662117496534812
T01364,IT_SERVICES,AP-SOUTH,LIMITED,4,0.98676,0.00934,0.06014,0.02239,0.97125,1.03059,0.042835,0.017305,2,-0.6744907594765952,1.0,0.75,16.627868307283006
T01390,CIVIL_MAINTENANCE,KA-NORTH,LIMITED,4,0.99815,0.03279,0.14791,0.05709,0.89523,1.04287,0.07773,0.022829999999999996,7,-2.073401730182544,1.0,0.75,6.760868095463457
T01505,MEDICAL_SUPPLIES,AP-SOUTH,LIMITED,4,0.96962,0.03103,0.09047,0.03527,0.92375,1.01147,0.058615,0.031854999999999994,2,-0.6744907594765952,1.0,0.75,11.053387863380127
T01787,CIVIL_MAINTENANCE,KA-CENTRAL,LIMITED,4,0.96776,0.04008,0.21848,0.08127,0.91199,1.12342,0.08912,0.02513,19,-3.4720304276121112,1.0,0.75,4.577077993409008
T01843,ELECTRICAL_EQUIPMENT,KA-CENTRAL,LIMITED,4,0.98515,0.03502,0.17792,0.06442,0.87733,1.05262,0.08738,0.00827,11,-7.3843280970992655,1.0,0.75,5.620503597122302
T01946,MEDICAL_SUPPLIES,KA-BENGALURU,OPEN,4,0.97046,0.0522,0.18294,0.06586,0.88345,1.06099,0.08851,0.034519999999999995,28,-1.8450800236782992,1.0,0.75,5.466273095003826
T01975,MEDICAL_SUPPLIES,KA-CENTRAL,LIMITED,4,1.01045,0.05706,0.15144,0.06467,0.94835,1.10137,0.11796999999999999,0.02194999999999999,14,-1.0284831762952915,1.0,0.75,6.603275224511358
T01996,ROAD_CONSTRUCTION,KA-BENGALURU,TWO_STAGE,4,0.9882,0.03146,0.17972,0.06706,0.86619,1.04379,0.09544,0.006609999999999991,3,-8.600012285731848,1.0,0.75,5.564210994880926
T02009,WATER_INFRASTRUCTURE,KA-NORTH,TWO_STAGE,4,1.00548,0.04618,0.15058,0.06301,0.95901,1.11042,0.0905,0.02615,8,-1.5496521923271065,1.0,0.75,6.640988179041042
T02118,BUILDING_CONSTRUCTION,KA-SOUTH,LIMITED,4,0.98819,0.02703,0.13064,0.04702,0.91043,1.03952,0.079565,0.028954999999999995,10,-1.1897639627099676,1.0,0.75,7.654623392529087
T02228,LAB_EQUIPMENT,AP-SOUTH,TWO_STAGE,4,0.99304,0.02805,0.06758,0.02881,0.95941,1.02652,0.06758,0.0,1,0.0,1.0,0.75,14.79727730097662
T02238,CIVIL_MAINTENANCE,KA-SOUTH,TWO_STAGE,4,1.01328,0.0364,0.10755,0.04075,0.96164,1.07061,0.08422,0.020949999999999996,3,-0.7511154853741753,1.0,0.75,9.298000929800093
T02380,FURNITURE,KA-NORTH,TWO_STAGE,4,0.97443,0.0419,0.14811,0.05348,0.90609,1.05041,0.05421,0.015600000000000003,3,-4.05991553300335,1.0,0.75,6.751738572682466
T02394,ELECTRICAL_EQUIPMENT,KA-NORTH,LIMITED,4,0.97612,0.05952,0.23115,0.0834,0.88174,1.10737,0.09409,0.03334999999999999,11,-2.7719851122597357,1.0,0.75,4.3261951113995245
T02424,LAB_EQUIPMENT,KA-BENGALURU,LIMITED,4,1.0023,0.01759,0.0891,0.03262,0.97394,1.06324,0.07583999999999999,0.007950000000000006,4,-1.1249996818439814,1.0,0.75,11.22334455667789
T02458,CIVIL_MAINTENANCE,KA-CENTRAL,TWO_STAGE,4,1.01853,0.01352,0.06023,0.02183,0.99611,1.05746,0.04635,0.009095000000000002,4,-1.0293492843908891,1.0,0.75,16.603021749958494
T01208,BUILDING_CONSTRUCTION,KA-SOUTH,LIMITED,6,1.00988,0.04084,0.12816,0.04406,0.962,1.09143,0.079565,0.028954999999999995,10,-1.1319937301593905,0.9,0.75,7.802746566791511
T01992,WATER_INFRASTRUCTURE,KA-BENGALURU,OPEN,8,1.02446,0.02321,0.14117,0.0411,0.92507,1.0697,0.098545,0.03149,14,-0.9129936050393734,0.8571428571428571,0.75,7.083658000991712
T02361,BUILDING_CONSTRUCTION,KA-BENGALURU,OPEN,8,1.01116,0.04137,0.12933,0.04414,0.94442,1.0752,0.11302,0.02312,21,-0.47581938957886116,0.8571428571428571,0.75,7.732158045310446
T01256,IT_SERVICES,KA-CENTRAL,LIMITED,10,0.9843,0.03471,0.09246,0.03308,0.94552,1.03652,0.071185,0.02845,6,-0.5043863236507755,0.8333333333333334,0.75,10.81548777849881
T01880,ROAD_CONSTRUCTION,KA-NORTH,LIMITED,3,1.00407,0.00031,0.01571,0.0073,1.00376,1.01953,0.07595,0.039025000000000004,12,1.0411613927192849,0.08333333333333333,0.7496631507017455,63.65372374283896
T02313,BUILDING_CONSTRUCTION,KA-CENTRAL,OPEN,9,1.01095,0.04086,0.15661,0.0506,0.94255,1.10087,0.11566,0.02932,70,-0.9420326262130483,0.8428571428571429,0.7492063492063492,6.3852882957665535
T00048,ROAD_CONSTRUCTION,KA-BENGALURU,OPEN,9,0.99119,0.00518,0.1656,0.05125,0.83416,0.9983,0.11207,0.026999999999999996,19,-1.3372403835104496,0.8421052631578947,0.7485380116959064,6.038647342995169
T01161,IT_SERVICES,KA-SOUTH,OPEN,6,0.99166,0.02079,0.06908,0.02377,0.96382,1.03233,0.09166,0.02535000000000001,37,0.6007890078493695,0.2972972972972973,0.748405254288889,14.475969889982629
T01281,ELECTRICAL_EQUIPMENT,KA-CENTRAL,OPEN,5,1.00992,0.03449,0.07836,0.02897,0.96527,1.04441,0.10079,0.02248,42,0.672990557609432,0.2619047619047619,0.7479162556113552,12.761613067891782
T00441,BUILDING_CONSTRUCTION,KA-CENTRAL,OPEN,7,0.95045,0.01461,0.16315,0.05552,0.91588,1.07094,0.11566,0.02932,70,-1.0924817928902968,0.8714285714285714,0.7469387755102042,6.129328838492185
T00912,ROAD_CONSTRUCTION,KA-BENGALURU,OPEN,6,1.03143,0.01566,0.08891,0.02793,0.97583,1.06754,0.11207,0.026999999999999996,19,0.5785631847954795,0.3157894736842105,0.7452938820664083,11.247328759419638
T01515,LAB_EQUIPMENT,KA-CENTRAL,OPEN,5,0.97484,0.03621,0.15093,0.05,0.90435,1.05149,0.08785,0.026139999999999997,29,-1.6276540592113098,0.9310344827586207,0.7448275862068966,6.625588020936858
T00372,CIVIL_MAINTENANCE,KA-SOUTH,OPEN,7,0.99431,0.01429,0.12996,0.04173,0.90602,1.03524,0.09694,0.028469999999999995,61,-0.7822860863335853,0.8688524590163934,0.7447306791569087,7.694675284702986
T00617,CIVIL_MAINTENANCE,KA-SOUTH,OPEN,9,0.99418,0.04725,0.12795,0.04411,0.92557,1.05277,0.09694,0.028469999999999995,61,-0.7346666122714868,0.8360655737704918,0.7431693989071039,7.815552950371238
T01983,IT_SERVICES,KA-CENTRAL,OPEN,8,0.97044,0.03614,0.1502,0.04967,0.9172,1.06297,0.1033,0.027770000000000003,53,-1.139129154463533,0.8490566037735849,0.7429245283018868,6.657789613848203
T01918,MEDICAL_SUPPLIES,KA-CENTRAL,LIMITED,5,0.98452,0.03632,0.15046,0.05076,0.91635,1.06448,0.11796999999999999,0.02194999999999999,14,-0.9983692380589795,0.9285714285714286,0.7428571428571429,6.646284726837697
T01010,MEDICAL_SUPPLIES,KA-SOUTH,OPEN,7,0.98652,0.02905,0.12507,0.03847,0.94227,1.06566,0.09937,0.020879999999999996,45,-0.8301921704285676,0.8666666666666667,0.7428571428571429,7.995522507395859
T02094,ROAD_CONSTRUCTION,KA-SOUTH,OPEN,9,1.00318,0.01094,0.0905,0.02587,0.97648,1.06726,0.10933000000000001,0.026665000000000008,64,0.4763045565701966,0.359375,0.7428262725068414,11.049723756906078
T02406,ROAD_CONSTRUCTION,TN-NORTH,OPEN,5,0.99181,0.03001,0.08398,0.03093,0.94026,1.02355,0.10751,0.03349999999999999,11,0.4737542558353519,0.45454545454545453,0.7426397683046452,11.907597046915933
T02419,VEHICLE_SUPPLIES,KA-NORTH,OPEN,5,0.97837,0.02323,0.10452,0.03747,0.89934,1.0016,0.12007000000000001,0.019319999999999997,26,0.5428742914006761,0.38461538461538464,0.7419917408128486,9.567546880979716
T00803,WATER_INFRASTRUCTURE,KA-CENTRAL,OPEN,7,0.99081,0.02366,0.15921,0.05056,0.94996,1.1077,0.11693,0.029219999999999996,59,-0.9759571974904326,0.864406779661017,0.7409200968523003,6.2810124992148735
T02135,ROAD_CONSTRUCTION,KA-CENTRAL,OPEN,7,0.98934,0.0134,0.16156,0.04532,0.90386,1.06369,0.1053,0.03636,59,-1.0436427427984942,0.864406779661017,0.7409200968523003,6.1896509036890315
T00300,IT_SERVICES,KA-NORTH,TWO_STAGE,6,0.97321,0.02279,0.14407,0.04421,0.91914,1.05935,0.11099,0.01569000000000001,9,-1.4220620983738532,0.8888888888888888,0.7407407407407407,6.941070313042271
T01009,VEHICLE_SUPPLIES,TN-NORTH,OPEN,9,1.01792,0.01781,0.13392,0.03775,0.92247,1.05879,0.08849499999999999,0.02012500000000001,12,-1.5224219999614577,0.8333333333333334,0.7407407407407407,7.467144563918757
T00116,CIVIL_MAINTENANCE,KA-NORTH,OPEN,12,1.0196,0.03055,0.12955,0.03975,0.95379,1.08588,0.103015,0.023669999999999997,62,-0.7561306422776282,0.8064516129032258,0.7392473118279569,7.719027402547279
T02166,MEDICAL_SUPPLIES,KA-NORTH,OPEN,7,0.99326,0.03851,0.15432,0.04755,0.90627,1.05955,0.11554500000000001,0.030324999999999998,58,-0.862436247277988,0.8620689655172413,0.7389162561576355,6.480041472265422
T01188,ROAD_CONSTRUCTION,KA-CENTRAL,TWO_STAGE,11,1.01422,0.01084,0.09728,0.02892,0.94592,1.04459,0.08646999999999999,0.011260000000000006,16,-0.6475350896928952,0.8125,0.7386363636363636,10.279605263157894
T00097,ROAD_CONSTRUCTION,KA-CENTRAL,OPEN,9,0.99102,0.01434,0.15435,0.05014,0.97668,1.12964,0.1053,0.03636,59,-0.909894712660258,0.8305084745762712,0.7382297551789077,6.478781988986071
T00051,CIVIL_MAINTENANCE,KA-CENTRAL,LIMITED,5,1.01173,0.01668,0.06459,0.02244,0.98536,1.05071,0.08912,0.02513,19,0.6583867222427731,0.2631578947368421,0.7372356935836921,15.482272797646695
T01327,VEHICLE_SUPPLIES,KA-NORTH,OPEN,6,1.00906,0.02368,0.15378,0.05397,0.88273,1.0379,0.12007000000000001,0.019319999999999997,26,-1.1768676760846801,0.8846153846153846,0.7371794871794872,6.502796202367017
T00425,ROAD_CONSTRUCTION,KA-SOUTH,OPEN,9,1.0112,0.02973,0.15764,0.04991,0.93032,1.08972,0.10933000000000001,0.026665000000000008,64,-1.2220006971803599,0.828125,0.736111111111111,6.343567622430855
T01779,BUILDING_CONSTRUCTION,KA-SOUTH,OPEN,7,1.02992,0.01618,0.0899,0.02743,0.96963,1.06222,0.10953,0.024610000000000007,53,0.5380029910006325,0.32075471698113206,0.736078035412941,11.123470522803116
T01638,WATER_INFRASTRUCTURE,KA-NORTH,OPEN,11,1.00393,0.03324,0.1312,0.03804,0.94777,1.07948,0.10822999999999999,0.01692000000000001,42,-0.9156650558615481,0.8095238095238095,0.7359307359307359,7.621951219512194
T01988,WATER_INFRASTRUCTURE,KA-NORTH,OPEN,8,1.00624,0.03165,0.09311,0.03287,0.95916,1.05284,0.10822999999999999,0.01692000000000001,42,0.6027364233620632,0.23809523809523808,0.7357277037751386,10.739984964021051
T01376,ROAD_CONSTRUCTION,KA-SOUTH,OPEN,5,1.03602,0.01703,0.08471,0.02821,0.98472,1.07248,0.10933000000000001,0.026665000000000008,64,0.6227625163440382,0.296875,0.7357100130752307,11.804981702278363
T00054,MEDICAL_SUPPLIES,KA-NORTH,OPEN,9,1.03255,0.0097,0.14973,0.04012,0.94376,1.09837,0.11554500000000001,0.030324999999999998,58,-0.7603451479870538,0.8275862068965517,0.735632183908046,6.6786883056167765
T01541,LAB_EQUIPMENT,KA-CENTRAL,OPEN,9,1.0179,0.02536,0.11797,0.03716,0.98239,1.10247,0.08785,0.026139999999999997,29,-0.7771867511643097,0.8275862068965517,0.735632183908046,8.476731372382808
T00215,WATER_INFRASTRUCTURE,KA-NORTH,TWO_STAGE,5,0.99482,0.00373,0.06941,0.02362,0.97819,1.04724,0.0905,0.02615,8,0.5439774423465159,0.375,0.7351819538772127,14.407145944388416
T00014,BUILDING_CONSTRUCTION,KA-NORTH,OPEN,6,0.97854,0.01069,0.07521,0.02692,0.96682,1.04042,0.10989,0.03468,53,0.6744907594765952,0.20754716981132076,0.7350316077399299,13.296104241457254
T01441,FURNITURE,KA-SOUTH,OPEN,10,1.01297,0.01092,0.10321,0.02935,0.95356,1.0581,0.120115,0.025825000000000008,32,0.44152047585486315,0.375,0.7348684282693769,9.688983625617674
T02047,CIVIL_MAINTENANCE,KA-NORTH,LIMITED,7,0.97726,0.01862,0.11393,0.04098,0.94697,1.05831,0.07773,0.022829999999999996,7,-1.0694947653549172,0.8571428571428571,0.7346938775510204,8.777319406653207
T01061,MEDICAL_SUPPLIES,KA-CENTRAL,LIMITED,4,0.98686,0.0285,0.0954,0.03511,0.94355,1.03769,0.11796999999999999,0.02194999999999999,14,0.6935424346873237,0.2857142857142857,0.734442540301207,10.482180293501049
T01889,BUILDING_CONSTRUCTION,KA-NORTH,OPEN,5,0.95946,0.02286,0.07142,0.02546,0.92913,0.99765,0.10989,0.03468,53,0.7482024082198563,0.16981132075471697,0.7344109831796586,14.001680201624195
T00238,CIVIL_MAINTENANCE,KA-CENTRAL,OPEN,5,1.04165,0.05965,0.15031,0.05351,0.94788,1.10444,0.0943,0.022679999999999992,73,-1.6657066771730207,0.9178082191780822,0.7342465753424658,6.652917304237908
T01621,VEHICLE_SUPPLIES,KA-CENTRAL,OPEN,4,0.98898,0.0173,0.0708,0.02519,0.95087,1.02089,0.11493,0.04331,31,0.6872610763265331,0.2903225806451613,0.7331877427287709,14.124293785310734
T02447,IT_SERVICES,KA-SOUTH,OPEN,8,0.98649,0.01991,0.13323,0.03807,0.92776,1.05919,0.09166,0.02535000000000001,37,-1.1060584170194099,0.8378378378378378,0.7331081081081081,7.505817008181341
T00451,BUILDING_CONSTRUCTION,KA-BENGALURU,OPEN,4,0.9896,0.01376,0.09584,0.03831,0.91241,1.00724,0.11302,0.02312,21,0.5012003134865011,0.47619047619047616,0.7330430922577329,10.434056761268781
T00056,VEHICLE_SUPPLIES,KA-NORTH,LIMITED,5,0.99643,0.031,0.06352,0.02715,0.96493,1.02822,0.08781,0.028120000000000006,6,0.5826237748110419,0.3333333333333333,0.7327656865155001,15.743073047858944
T02410,MEDICAL_SUPPLIES,KA-NORTH,OPEN,6,0.96296,0.04186,0.155,0.05268,0.89701,1.04627,0.11554500000000001,0.030324999999999998,58,-0.8775608545803483,0.8793103448275862,0.7327586206896551,6.451612903225807
T02308,ELECTRICAL_EQUIPMENT,KA-NORTH,OPEN,8,0.9963,0.03536,0.14185,0.04302,0.92446,1.06578,0.09762,0.027480000000000004,43,-1.085615949477795,0.8372093023255814,0.7325581395348838,7.049700387733521
T01430,ELECTRICAL_EQUIPMENT,KA-NORTH,OPEN,10,1.00167,0.01409,0.13539,0.03572,0.93955,1.07517,0.09762,0.027480000000000004,43,-0.9270566224683772,0.813953488372093,0.7325581395348837,7.3860698722209905
T02159,IT_SERVICES,KA-CENTRAL,OPEN,5,0.99763,0.00778,0.07571,0.02472,0.97158,1.04711,0.1033,0.027770000000000003,53,0.670118835216394,0.24528301886792453,0.7323214832674548,13.20829480914014
T01138,CIVIL_MAINTENANCE,TN-NORTH,OPEN,5,1.03134,0.01602,0.09359,0.03575,0.95084,1.04736,0.11902,0.03328,10,0.5153936302130353,0.4,0.7323149041704283,10.684902233144566
T01589,VEHICLE_SUPPLIES,KA-CENTRAL,OPEN,3,0.98211,0.01832,0.05067,0.02102,0.95067,1.00044,0.11493,0.04331,31,1.0007567814353733,0.0967741935483871,0.7316873166558403,19.735543714229326
T02207,ELECTRICAL_EQUIPMENT,KA-NORTH,LIMITED,3,0.99268,0.00509,0.05783,0.02573,0.9876,1.04501,0.09409,0.03334999999999999,11,0.733344375970655,0.36363636363636365,0.7313204930713458,17.292062943109112
T01023,BUILDING_CONSTRUCTION,KA-CENTRAL,OPEN,4,0.97327,0.03384,0.08262,0.0372,0.93733,1.01774,0.11566,0.02932,70,0.7600673496966818,0.21428571428571427,0.730764797986797,12.103606874848705
T01098,CIVIL_MAINTENANCE,KA-CENTRAL,OPEN,6,0.95952,0.0251,0.14179,0.05525,0.93349,1.06954,0.0943,0.022679999999999992,73,-1.412326550597157,0.8767123287671232,0.730593607305936,7.052683546089287
T00276,CIVIL_MAINTENANCE,KA-CENTRAL,OPEN,9,0.98827,0.03851,0.12866,0.04179,0.9239,1.05105,0.0943,0.022679999999999992,73,-1.0218475527167468,0.821917808219178,0.730593607305936,7.7724234416291
T02381,CIVIL_MAINTENANCE,KA-CENTRAL,LIMITED,5,1.01365,0.01781,0.0708,0.02494,0.95969,1.03145,0.08912,0.02513,19,0.4917099368727109,0.42105263157894735,0.7302100547613266,14.124293785310734
T01570,IT_SERVICES,KA-SOUTH,OPEN,6,0.98404,0.02133,0.0689,0.02615,0.96137,1.02917,0.09166,0.02535000000000001,37,0.6055782913486115,0.2702702702702703,0.7298738013490682,14.513788098693759
T01876,ELECTRICAL_EQUIPMENT,AP-SOUTH,OPEN,3,0.98517,0.00383,0.07343,0.03301,0.98135,1.05368,0.11116000000000001,0.03665500000000001,10,0.6942718961956607,0.4,0.7295145974637739,13.61841209314994
T00704,FURNITURE,KA-CENTRAL,OPEN,4,1.02431,0.01472,0.05718,0.02066,0.99035,1.04892,0.09752,0.03523000000000001,35,0.7723235094319,0.2,0.729242632073925,17.488632388947185
T00376,FURNITURE,KA-BENGALURU,OPEN,6,0.9709,0.02781,0.14549,0.04539,0.90053,1.04179,0.11214,0.017980000000000003,16,-1.2510715699969104,0.875,0.7291666666666667,6.873324627122138
T01317,WATER_INFRASTRUCTURE,TN-NORTH,OPEN,6,0.96218,0.0214,0.11205,0.03944,0.92931,1.03712,0.08832999999999999,0.021425000000000007,8,-0.7467407614835395,0.875,0.7291666666666667,8.92458723784025
T02003,ROAD_CONSTRUCTION,KA-CENTRAL,TWO_STAGE,6,1.01427,0.02241,0.10282,0.0335,0.97014,1.07443,0.08646999999999999,0.011260000000000006,16,-0.9793893354744518,0.875,0.7291666666666667,9.725734292939118
T00487,LAB_EQUIPMENT,KA-SOUTH,OPEN,8,0.98145,0.03726,0.10948,0.0399,0.93454,1.04199,0.09267500000000001,0.01473999999999999,18,-0.7689835286977057,0.8333333333333334,0.7291666666666667,9.134088417975887
T02482,WATER_INFRASTRUCTURE,KA-SOUTH,OPEN,8,0.9917,0.02913,0.14815,0.04795,0.96152,1.10843,0.10991999999999999,0.024564999999999997,36,-1.0496959794337573,0.8333333333333334,0.7291666666666667,6.749915626054674
T02133,ELECTRICAL_EQUIPMENT,KA-NORTH,LIMITED,5,0.98291,0.03538,0.09982,0.03741,0.94753,1.04564,0.09409,0.03334999999999999,11,-0.11588701804500451,0.9090909090909091,0.7272727272727273,10.018032458425164
T01212,FURNITURE,KA-NORTH,OPEN,9,1.01555,0.02688,0.12571,0.03789,0.93555,1.06322,0.1018,0.020879999999999996,33,-0.7723694472742043,0.8181818181818182,0.7272727272727273,7.954816641476414
T01287,CIVIL_MAINTENANCE,KA-CENTRAL,OPEN,8,0.99767,0.01666,0.07787,0.0249,0.97754,1.05524,0.0943,0.022679999999999992,73,0.48861918775134316,0.3424657534246575,0.7271993235290005,12.84191601386927
T01046,CIVIL_MAINTENANCE,KA-CENTRAL,OPEN,8,1.00318,0.01705,0.07742,0.02275,0.96366,1.04133,0.0943,0.022679999999999992,73,0.502001940915561,0.3287671232876712,0.7269229311778282,12.91655902867476
T00873,BUILDING_CONSTRUCTION,KA-NORTH,OPEN,8,1.01333,0.0305,0.15569,0.05542,0.89876,1.05653,0.10989,0.03468,53,-0.8907634597470604,0.8301886792452831,0.7264150943396227,6.423020104052926
T00107,WATER_INFRASTRUCTURE,KA-CENTRAL,OPEN,7,1.01787,0.0357,0.15787,0.04789,0.93227,1.09297,0.11693,0.029219999999999996,59,-0.9450257252899321,0.847457627118644,0.7263922518159807,6.334325711028061
T02466,ROAD_CONSTRUCTION,KA-CENTRAL,OPEN,7,0.99971,0.03894,0.15634,0.05443,0.92275,1.07905,0.1053,0.03636,59,-0.9468099109924483,0.847457627118644,0.7263922518159807,6.3963157221440445
T00356,CIVIL_MAINTENANCE,KA-NORTH,OPEN,4,1.01199,0.02545,0.16095,0.05866,0.96632,1.1292,0.103015,0.023669999999999997,62,-1.650892359538511,0.967741935483871,0.7258064516129032,6.2131096613855235
T01007,CIVIL_MAINTENANCE,KA-NORTH,OPEN,9,0.975,0.01352,0.08456,0.03023,0.96147,1.04392,0.103015,0.023669999999999997,62,0.5258862258614518,0.2903225806451613,0.7255189391169894,11.825922421948913
T01144,VEHICLE_SUPPLIES,KA-NORTH,OPEN,7,1.01471,0.02494,0.15067,0.04675,0.90496,1.05785,0.12007000000000001,0.019319999999999997,26,-1.068292817804545,0.8461538461538461,0.7252747252747254,6.637021304838389
T01091,VEHICLE_SUPPLIES,KA-SOUTH,OPEN,7,0.9914,0.01842,0.08331,0.02715,0.94923,1.03182,0.11184,0.029350000000000015,21,0.6556463839137053,0.19047619047619047,0.7252479209056251,12.003360941063498
T00023,BUILDING_CONSTRUCTION,KA-CENTRAL,OPEN,8,0.96035,0.02281,0.15647,0.04637,0.92623,1.0765,0.11566,0.02932,70,-0.9388120018499267,0.8285714285714286,0.7250000000000001,6.391001469930338
T00761,IT_SERVICES,KA-CENTRAL,OPEN,7,0.9921,0.01479,0.08013,0.02445,0.94053,1.02003,0.1033,0.027770000000000003,53,0.5627638061603424,0.2830188679245283,0.724956577787032,12.479720454261823
T01369,FURNITURE,KA-SOUTH,OPEN,4,1.02259,0.03629,0.09628,0.03922,0.97823,1.07669,0.120115,0.025825000000000008,32,0.6225164473233161,0.34375,0.7246998354924871,10.38637307852098
T01242,VEHICLE_SUPPLIES,KA-SOUTH,OPEN,5,1.02266,0.03822,0.18259,0.06716,0.88274,1.06947,0.11184,0.029350000000000015,21,-1.6259019159444323,0.9047619047619048,0.7238095238095239,5.476751191193384
T02459,ELECTRICAL_EQUIPMENT,KA-CENTRAL,OPEN,5,0.98618,0.04548,0.14896,0.05137,0.9407,1.0876,0.10079,0.02248,42,-1.4452944788250708,0.9047619047619048,0.7238095238095239,6.713211600429645
T00464,CIVIL_MAINTENANCE,KA-CENTRAL,OPEN,5,1.03085,0.06403,0.14429,0.05579,0.95326,1.102,0.0943,0.022679999999999992,73,-1.486675179287258,0.9041095890410958,0.7232876712328767,6.930487213251092
T00882,CIVIL_MAINTENANCE,KA-CENTRAL,OPEN,3,0.95705,0.00522,0.06752,0.03006,0.95183,1.01645,0.0943,0.022679999999999992,73,0.7964225105283608,0.2876712328767123,0.7227291622700488,14.810426540284361
T01423,CIVIL_MAINTENANCE,KA-NORTH,OPEN,5,1.01884,0.02721,0.14869,0.04969,0.96024,1.11173,0.103015,0.023669999999999997,62,-1.3015363514614908,0.9032258064516129,0.7225806451612904,6.725401842760105
T01360,ROAD_CONSTRUCTION,KA-CENTRAL,OPEN,4,1.04517,0.01719,0.06526,0.02334,1.00732,1.07553,0.1053,0.03636,59,0.7427560508647655,0.22033898305084745,0.7223212754367097,15.323322096230463
T02471,ELECTRICAL_EQUIPMENT,KA-BENGALURU,OPEN,9,1.03094,0.02244,0.12962,0.03954,0.92224,1.05586,0.10288,0.023164999999999998,16,-0.7785833329766529,0.8125,0.7222222222222222,7.714858818083628
T02486,VEHICLE_SUPPLIES,KA-CENTRAL,OPEN,4,0.97377,0.01126,0.06973,0.0254,0.95282,1.02072,0.11493,0.04331,31,0.7039247824599886,0.25806451612903225,0.7214919739417656,14.34102968593145
T00638,IT_SERVICES,KA-CENTRAL,OPEN,9,1.01292,0.03865,0.14969,0.0467,0.93781,1.08943,0.1033,0.027770000000000003,53,-1.126742035726296,0.8113207547169812,0.7211740041928721,6.680472977486806
T01842,BUILDING_CONSTRUCTION,KA-NORTH,OPEN,9,1.01399,0.03862,0.15141,0.05069,0.9166,1.07013,0.10989,0.03468,53,-0.8075218089235358,0.8113207547169812,0.7211740041928721,6.604583581005218
T02069,VEHICLE_SUPPLIES,KA-CENTRAL,OPEN,6,0.99814,0.01813,0.08422,0.0296,0.97848,1.06255,0.11493,0.04331,31,0.4782639395873064,0.3870967741935484,0.7211339281507123,11.873664212776061
T01618,MEDICAL_SUPPLIES,KA-CENTRAL,LIMITED,4,0.9948,0.02955,0.10063,0.03935,0.95829,1.05839,0.11796999999999999,0.02194999999999999,14,0.532832335732308,0.42857142857142855,0.7210528232278024,9.93739441518434
T02414,CIVIL_MAINTENANCE,KA-CENTRAL,OPEN,13,0.9958,0.03491,0.11586,0.03791,0.93416,1.04953,0.0943,0.022679999999999992,73,-0.6411825738234305,0.7808219178082192,0.7207586933614332,8.631106507854307
T00065,MEDICAL_SUPPLIES,KA-CENTRAL,OPEN,5,0.98347,0.00835,0.06644,0.02136,0.94693,1.01227,0.09419,0.027749999999999997,53,0.6744907594765952,0.22641509433962265,0.7207246830529743,15.051173991571343
T01273,IT_SERVICES,KA-NORTH,OPEN,4,1.03163,0.03376,0.16764,0.06604,0.90296,1.07591,0.09833,0.02729000000000001,51,-1.713043405618278,0.9607843137254902,0.7205882352941176,5.965163445478406
T01052,ELECTRICAL_EQUIPMENT,KA-NORTH,TWO_STAGE,4,0.97189,0.02132,0.07052,0.02649,0.94146,1.01,0.08716,0.016640000000000002,7,0.6744907594765952,0.2857142857142857,0.7201537838931606,14.180374361883153
T00562,CIVIL_MAINTENANCE,KA-SOUTH,LIMITED,5,1.02785,0.00571,0.11348,0.03752,0.94814,1.06478,0.07109499999999999,0.03572999999999999,10,-0.8001200906917296,0.9,0.7200000000000001,8.812125484666902
T00543,BUILDING_CONSTRUCTION,KA-SOUTH,OPEN,6,0.99086,0.01919,0.08903,0.03447,0.9262,1.01442,0.10953,0.024610000000000007,53,0.5618472397102886,0.3018867924528302,0.7197783601359324,11.232168931820734
T00092,ROAD_CONSTRUCTION,KA-CENTRAL,OPEN,13,0.99726,0.01101,0.14967,0.03594,0.92044,1.0697,0.1053,0.03636,59,-0.8230790703513895,0.7796610169491526,0.7196870925684485,6.6813656711431815
T00355,WATER_INFRASTRUCTURE,KA-NORTH,TWO_STAGE,5,1.0265,0.0223,0.06536,0.02473,1.0042,1.07129,0.0905,0.02615,8,0.648439682341935,0.25,0.7187517458735481,15.299877600979192
T00720,LAB_EQUIPMENT,KA-CENTRAL,OPEN,8,1.00217,0.01771,0.07474,0.02633,0.97998,1.05488,0.08785,0.026139999999999997,29,0.33827750025777203,0.4827586206896552,0.7184066058289988,13.37971635001338
T00500,ROAD_CONSTRUCTION,KA-SOUTH,OPEN,7,1.00827,0.01724,0.0892,0.02838,0.93822,1.02816,0.10933000000000001,0.026665000000000008,64,0.5091880363121644,0.328125,0.7176968882675695,11.210762331838565
T01047,WATER_INFRASTRUCTURE,KA-NORTH,OPEN,3,0.98737,0.03492,0.08362,0.03412,0.95245,1.03501,0.10822999999999999,0.01692000000000001,42,0.9810412287658979,0.09523809523809523,0.7175195493359955,11.95886151638364
T00307,CIVIL_MAINTENANCE,KA-SOUTH,OPEN,8,1.00771,0.02704,0.12775,0.0396,0.96698,1.09571,0.09694,0.028469999999999995,61,-0.7299283561459047,0.819672131147541,0.7172131147540983,7.8277886497064575
T00112,FURNITURE,KA-SOUTH,TWO_STAGE,3,0.99085,0.03048,0.06435,0.02626,0.96037,1.02414,0.0966,0.03225,5,0.6744907594765952,0.4,0.716327172984397,15.540015540015538
T02365,MEDICAL_SUPPLIES,KA-BENGALURU,LIMITED,3,1.01017,0.00486,0.07507,0.03358,1.00531,1.08113,0.09338,0.018310000000000007,5,0.6744907594765952,0.4,0.716327172984397,13.320900492873319
T00188,ROAD_CONSTRUCTION,KA-NORTH,OPEN,3,0.99278,0.0096,0.06924,0.03012,0.98318,1.05192,0.10597000000000001,0.02621499999999999,62,0.9450332098254953,0.12903225806451613,0.7160436452600077,14.442518775274408
T00879,ROAD_CONSTRUCTION,TN-NORTH,OPEN,8,1.01172,0.02444,0.14506,0.04612,0.88951,1.03627,0.10751,0.03349999999999999,11,-0.7560336721894376,0.8181818181818182,0.7159090909090909,6.893699158968703
T00522,CIVIL_MAINTENANCE,KA-CENTRAL,LIMITED,5,0.93744,0.00316,0.13846,0.05146,0.92984,1.05964,0.08912,0.02513,19,-1.3242886618613292,0.8947368421052632,0.7157894736842105,7.2223024700274445
T01238,CIVIL_MAINTENANCE,KA-SOUTH,OPEN,11,0.9805,0.012,0.12541,0.04352,0.96608,1.08905,0.09694,0.028469999999999995,61,-0.6744907594765952,0.7868852459016393,0.7153502235469448,7.973845785822503
T01756,MEDICAL_SUPPLIES,KA-CENTRAL,OPEN,8,0.97515,0.01829,0.07065,0.02542,0.95314,1.02203,0.09419,0.027749999999999997,53,0.5721626118226684,0.24528301886792453,0.7152649268542688,14.154281670205236
T01453,ROAD_CONSTRUCTION,KA-NORTH,OPEN,8,1.00585,0.00903,0.08612,0.02286,0.95814,1.04476,0.10597000000000001,0.02621499999999999,62,0.5107244545340616,0.3064516129032258,0.7150290590076265,11.61170459823502
T01478,WATER_INFRASTRUCTURE,KA-NORTH,OPEN,7,0.97757,0.00802,0.13161,0.04064,0.91112,1.03978,0.10822999999999999,0.01692000000000001,42,-0.9320090990876356,0.8333333333333334,0.7142857142857144,7.598206823189727
T02145,IT_SERVICES,KA-NORTH,LIMITED,7,1.00444,0.02927,0.10045,0.03766,0.93362,1.03452,0.083355,0.016184999999999998,6,-0.712413934708211,0.8333333333333334,0.7142857142857144,9.955201592832255
T00206,WATER_INFRASTRUCTURE,KA-NORTH,OPEN,6,1.00785,0.03295,0.13273,0.04395,0.92551,1.05928,0.10822999999999999,0.01692000000000001,42,-0.9766562415588989,0.8571428571428571,0.7142857142857143,7.534091765237702
T00314,VEHICLE_SUPPLIES,KA-SOUTH,OPEN,6,0.99833,0.04097,0.18114,0.06542,0.87694,1.05778,0.11184,0.029350000000000015,21,-1.5925795445222495,0.8571428571428571,0.7142857142857143,5.5205918074417575
T00496,MEDICAL_SUPPLIES,KA-BENGALURU,OPEN,6,0.98552,0.03978,0.15189,0.05173,0.90808,1.05776,0.08851,0.034519999999999995,28,-1.2383900444851277,0.8571428571428571,0.7142857142857143,6.583711896767397
T01429,MEDICAL_SUPPLIES,KA-CENTRAL,LIMITED,6,0.98681,0.03666,0.14875,0.0513,0.89666,1.04344,0.11796999999999999,0.02194999999999999,14,-0.9458234886874537,0.8571428571428571,0.7142857142857143,6.722689075630252
T01960,WATER_INFRASTRUCTURE,KA-CENTRAL,TWO_STAGE,6,0.95526,0.01535,0.09877,0.03024,0.90652,1.00087,0.08471,0.014060000000000003,7,-0.6744907594765952,0.8571428571428571,0.7142857142857143,10.124531740407006
T02198,BUILDING_CONSTRUCTION,KA-CENTRAL,OPEN,6,1.00691,0.02534,0.16256,0.05201,0.95191,1.1156,0.11566,0.02932,70,-1.0789091616457138,0.8571428571428571,0.7142857142857143,6.151574803149606
T01357,FURNITURE,KA-CENTRAL,LIMITED,3,1.05579,0.00887,0.05009,0.02215,1.01178,1.06466,0.07776,0.019725000000000003,8,0.9461677726092462,0.125,0.7141118484061643,19.964064683569575
T01247,CIVIL_MAINTENANCE,KA-NORTH,OPEN,9,1.02461,0.02554,0.08558,0.02974,0.96924,1.05692,0.103015,0.023669999999999997,62,0.49682071784851856,0.3064516129032258,0.7140198495571061,11.684973124561813
T00739,ROAD_CONSTRUCTION,KA-NORTH,OPEN,4,1.0417,0.03465,0.16925,0.0658,0.91332,1.08962,0.10597000000000001,0.02621499999999999,62,-1.6281432485095924,0.9516129032258065,0.7137096774193549,5.908419497784342
T01659,ROAD_CONSTRUCTION,KA-NORTH,OPEN,4,0.99997,0.00669,0.07653,0.03058,0.9351,1.01163,0.10597000000000001,0.02621499999999999,62,0.7574674025935906,0.1935483870967742,0.7132618422677737,13.066771200836273
T00674,CIVIL_MAINTENANCE,KA-NORTH,OPEN,6,1.00188,0.03517,0.13737,0.05011,0.91667,1.0543,0.103015,0.023669999999999997,62,-0.9789662037101153,0.8548387096774194,0.7123655913978495,7.279609812914028
T00954,ROAD_CONSTRUCTION,KA-CENTRAL,OPEN,8,0.99515,0.02311,0.15432,0.04309,0.91273,1.0663,0.1053,0.03636,59,-0.9093382021326375,0.8135593220338984,0.7118644067796611,6.480041472265422
T00779,IT_SERVICES,KA-CENTRAL,OPEN,7,0.97504,0.04198,0.14983,0.05436,0.93306,1.07915,0.1033,0.027770000000000003,53,-1.1301424212620081,0.8301886792452831,0.711590296495957,6.674230794900888
T01272,BUILDING_CONSTRUCTION,KA-SOUTH,OPEN,7,1.0095,0.02476,0.15571,0.04853,0.97111,1.1283,0.10953,0.024610000000000007,53,-1.2656636843815177,0.8301886792452831,0.711590296495957,6.4221951062873295
T00845,VEHICLE_SUPPLIES,KA-CENTRAL,OPEN,3,0.99178,0.01373,0.05882,0.02485,0.97805,1.03638,0.11493,0.04331,31,0.8738322907926982,0.1935483870967742,0.7115871185929816,17.001020061203672
T00018,FURNITURE,KA-SOUTH,OPEN,7,0.96552,0.02227,0.10508,0.03483,0.91838,1.01984,0.120115,0.025825000000000008,32,0.3926802930776612,0.4375,0.711583108352281,9.516558812333459
T01225,ROAD_CONSTRUCTION,KA-SOUTH,LIMITED,5,0.9835,0.02602,0.08961,0.03527,0.92139,1.00952,0.06523,0.014189999999999994,9,-1.1588502266412541,0.8888888888888888,0.7111111111111111,11.159468809284679
T02498,IT_SERVICES,KA-CENTRAL,TWO_STAGE,5,0.98223,0.0104,0.12748,0.04096,0.9288,1.05401,0.10588,0.02327,9,-0.6260851054875145,0.8888888888888888,0.7111111111111111,7.844367743959836
T00447,LAB_EQUIPMENT,AP-SOUTH,OPEN,9,1.04372,0.01518,0.1066,0.03921,0.95188,1.06314,0.10222,0.01607,5,-0.18383755609878555,0.8,0.7111111111111111,9.380863039399625
T01844,ELECTRICAL_EQUIPMENT,AP-SOUTH,OPEN,9,0.94746,0.04535,0.13668,0.04649,0.89962,1.02912,0.11116000000000001,0.03665500000000001,10,-0.4695949851819042,0.8,0.7111111111111111,7.316359379572725
T02456,BUILDING_CONSTRUCTION,KA-CENTRAL,OPEN,9,1.01849,0.03777,0.15192,0.04811,0.92799,1.08272,0.11566,0.02932,70,-0.834141710048477,0.8,0.7111111111111111,6.582411795681938
T01568,IT_SERVICES,KA-NORTH,OPEN,9,1.00047,0.01617,0.07868,0.02233,0.95363,1.03235,0.09833,0.02729000000000001,51,0.4856630056326527,0.3137254901960784,0.710567551847761,12.709710218607016
T00344,BUILDING_CONSTRUCTION,KA-SOUTH,OPEN,5,1.00062,0.0289,0.08748,0.03021,0.95382,1.04135,0.10953,0.024610000000000007,53,0.6043283724688712,0.2830188679245283,0.7098777923147197,11.431184270690443
T01233,BUILDING_CONSTRUCTION,KA-SOUTH,OPEN,12,0.9901,0.04686,0.14328,0.04489,0.91807,1.05993,0.10953,0.024610000000000007,53,-0.9249924068401086,0.7735849056603774,0.7091194968553459,6.979341150195422
T01722,CIVIL_MAINTENANCE,KA-CENTRAL,OPEN,4,0.99167,0.04211,0.16677,0.05979,0.90058,1.06596,0.0943,0.022679999999999992,73,-2.155218048468645,0.9452054794520548,0.7089041095890412,5.996282304970918
T01449,MEDICAL_SUPPLIES,KA-NORTH,OPEN,7,0.9622,0.02673,0.09309,0.03382,0.93385,1.02342,0.11554500000000001,0.030324999999999998,58,0.4994456720213339,0.3275862068965517,0.708884467643902,10.742292405199269
T01609,CIVIL_MAINTENANCE,KA-SOUTH,LIMITED,3,0.97354,0.00855,0.03597,0.01541,0.94707,0.98209,0.07109499999999999,0.03572999999999999,10,0.6630699111843102,0.4,0.7087132741228735,27.80094523213789
T01243,ROAD_CONSTRUCTION,KA-SOUTH,OPEN,6,0.99703,0.01968,0.08932,0.0303,0.94901,1.03807,0.10933000000000001,0.026665000000000008,64,0.5061526381821367,0.34375,0.708252198485114,11.195700850873266
T00230,LAB_EQUIPMENT,KA-NORTH,OPEN,5,1.01632,0.01068,0.0582,0.02277,0.96786,1.02701,0.07648,0.018280000000000005,19,0.6744907594765952,0.21052631578947367,0.7080136602128552,17.18213058419244
T00167,WATER_INFRASTRUCTURE,KA-CENTRAL,OPEN,3,0.99939,0.00316,0.08196,0.0389,0.92064,1.00255,0.11693,0.029219999999999996,59,0.8072190916802375,0.2542372881355932,0.7076375865438872,12.201073694485114
T02170,BUILDING_CONSTRUCTION,KA-NORTH,OPEN,7,0.98065,0.01848,0.08104,0.02775,0.95006,1.02954,0.10989,0.03468,53,0.561103183705299,0.2641509433962264,0.7073606803727361,12.339585389930898
T00204,CIVIL_MAINTENANCE,KA-CENTRAL,OPEN,8,0.99548,0.01936,0.11696,0.036,0.96464,1.08107,0.0943,0.022679999999999992,73,-0.6738959704470746,0.8082191780821918,0.7071917808219178,8.549931600547197
T01886,ELECTRICAL_EQUIPMENT,KA-NORTH,OPEN,5,0.99976,0.01834,0.07014,0.02361,0.96221,1.03233,0.09762,0.027480000000000004,43,0.6744907594765952,0.20930232558139536,0.7070344680463925,14.257199885942402
T00727,WATER_INFRASTRUCTURE,KA-CENTRAL,OPEN,7,1.02218,0.02112,0.09589,0.03357,0.94559,1.04361,0.11693,0.029219999999999996,59,0.48567027992428363,0.3389830508474576,0.706845712090064,10.428616122640525
T02183,ROAD_CONSTRUCTION,KA-NORTH,OPEN,8,0.98207,0.02215,0.08776,0.02918,0.9493,1.03548,0.10597000000000001,0.02621499999999999,62,0.46852858020479904,0.3387096774193548,0.7063334754211347,11.394712853236097
T01881,CIVIL_MAINTENANCE,KA-CENTRAL,OPEN,9,0.97672,0.01728,0.11667,0.03236,0.89427,1.00822,0.0943,0.022679999999999992,73,-0.6652715295190229,0.7945205479452054,0.7062404870624048,8.571183680466273
T01921,WATER_INFRASTRUCTURE,KA-CENTRAL,LIMITED,3,1.01081,0.00748,0.05805,0.02618,0.95961,1.01829,0.079,0.017060000000000006,13,0.8282873042810472,0.23076923076923078,0.7060376900335188,17.22652885443583
T01447,IT_SERVICES,KA-NORTH,OPEN,7,0.99901,0.03232,0.13745,0.04591,0.92623,1.06355,0.09833,0.02729000000000001,51,-0.9668771898396624,0.8235294117647058,0.7058823529411765,7.275372862859222
T00858,FURNITURE,KA-SOUTH,OPEN,8,1.02951,0.0348,0.10479,0.03487,0.98595,1.09383,0.120115,0.025825000000000008,32,0.4002544390698479,0.40625,0.705691384186117,9.5428953144384
T01373,IT_SERVICES,KA-CENTRAL,TWO_STAGE,3,1.04439,0.01218,0.07705,0.03453,0.9761,1.05656,0.10588,0.02327,9,0.8356497032965297,0.2222222222222222,0.7052479503458347,12.978585334198574
T00037,CIVIL_MAINTENANCE,KA-NORTH,OPEN,7,0.98882,0.01092,0.13236,0.03857,0.92862,1.0595,0.103015,0.023669999999999997,62,-0.83620326729365,0.8225806451612904,0.7050691244239632,7.555152614082804
T02405,IT_SERVICES,KA-CENTRAL,TWO_STAGE,3,0.93976,0.0095,0.0809,0.03528,0.93027,1.00629,0.10588,0.02327,9,0.7240558303276902,0.3333333333333333,0.7049261091073491,12.360939431396787
T01358,BUILDING_CONSTRUCTION,KA-SOUTH,LIMITED,4,1.04955,0.0174,0.05639,0.02138,1.01458,1.07376,0.079565,0.028954999999999995,10,0.5398488465159763,0.4,0.7048866348869822,17.733640716439083
T02023,WATER_INFRASTRUCTURE,KA-SOUTH,OPEN,8,1.01357,0.03053,0.14598,0.04345,0.93121,1.07917,0.10991999999999999,0.024564999999999997,36,-0.9901134454193378,0.8055555555555556,0.7048611111111112,6.850253459377997
T01827,FURNITURE,KA-NORTH,OPEN,9,1.03701,0.0128,0.08758,0.02489,0.96999,1.06081,0.1018,0.020879999999999996,33,0.45935146550561223,0.3333333333333333,0.7046087100790627,11.418131993605845
T00329,FURNITURE,KA-NORTH,OPEN,4,1.02414,0.00656,0.1516,0.06032,1.01125,1.1665,0.1018,0.020879999999999996,33,-1.6086992251884318,0.9393939393939394,0.7045454545454546,6.596306068601582
T02096,IT_SERVICES,KA-CENTRAL,OPEN,9,0.99897,0.03226,0.1481,0.04611,0.95446,1.10241,0.1033,0.027770000000000003,53,-1.0881233714278526,0.7924528301886793,0.7044025157232704,6.7521944632005395
T00795,ROAD_CONSTRUCTION,KA-NORTH,OPEN,4,1.0456,0.01206,0.07574,0.02837,1.0262,1.10539,0.10597000000000001,0.02621499999999999,62,0.7777934640082962,0.16129032258064516,0.704312839941706,13.203063110641668
T00399,CIVIL_MAINTENANCE,KA-NORTH,OPEN,11,0.96099,0.01812,0.12779,0.03564,0.93378,1.05659,0.103015,0.023669999999999997,62,-0.7059783931572726,0.7741935483870968,0.7038123167155425,7.825338445887786
T00831,BUILDING_CONSTRUCTION,KA-BENGALURU,OPEN,3,1.01874,0.04122,0.0899,0.03665,0.97752,1.0691,0.11302,0.02312,21,0.6744907594765952,0.38095238095238093,0.7036287602859842,11.123470522803116
T02267,ROAD_CONSTRUCTION,KA-CENTRAL,TWO_STAGE,4,0.99284,0.0495,0.12404,0.05499,0.923,1.04615,0.08646999999999999,0.011260000000000006,16,-2.2504989194969514,0.9375,0.703125,8.061915511125443
T02316,ELECTRICAL_EQUIPMENT,KA-NORTH,OPEN,9,1.00118,0.02338,0.13275,0.04174,0.91495,1.04786,0.09762,0.027480000000000004,43,-0.8622583835666955,0.7906976744186046,0.7028423772609819,7.532956685499058
T00719,CIVIL_MAINTENANCE,KA-NORTH,OPEN,9,1.00662,0.04955,0.12917,0.04789,0.94656,1.07658,0.103015,0.023669999999999997,62,-0.7453023157630062,0.7903225806451613,0.7025089605734767,7.741735697143299
T02388,ROAD_CONSTRUCTION,KA-NORTH,OPEN,9,0.99907,0.01558,0.13761,0.0365,0.9257,1.06318,0.10597000000000001,0.02621499999999999,62,-0.8140716242547962,0.7903225806451613,0.7025089605734767,7.266913741733885
T01619,MEDICAL_SUPPLIES,KA-CENTRAL,OPEN,8,0.98786,0.01998,0.07281,0.02465,0.9418,1.01373,0.09419,0.027749999999999997,53,0.5196617094634092,0.2830188679245283,0.7023455052144454,13.73437714599643
T02378,MEDICAL_SUPPLIES,KA-CENTRAL,OPEN,3,1.05316,0.02617,0.05784,0.02376,1.01842,1.07933,0.09419,0.027749999999999997,53,0.8835221299810534,0.16981132075471697,0.7022223004905136,17.289073305670815
T00952,FURNITURE,KA-CENTRAL,LIMITED,5,0.98744,0.05399,0.14218,0.05727,0.93345,1.07385,0.07776,0.019725000000000003,8,-2.2028235602272375,0.875,0.7000000000000001,7.033338022225348
T01530,WATER_INFRASTRUCTURE,KA-NORTH,TWO_STAGE,5,0.97744,0.00644,0.1272,0.04985,0.971,1.09533,0.0905,0.02615,8,-0.9466084463782429,0.875,0.7000000000000001,7.861635220125786
T02205,WATER_INFRASTRUCTURE,KA-SOUTH,LIMITED,5,0.97415,0.03506,0.12257,0.04552,0.93908,1.05849,0.09856999999999999,0.023669999999999997,8,-0.6838943061866621,0.875,0.7000000000000001,8.158603247124093
T01909,BUILDING_CONSTRUCTION,TN-NORTH,OPEN,8,1.00213,0.02837,0.1189,0.04045,0.91943,1.03858,0.091735,0.022385000000000002,10,-0.81851871705078,0.8,0.7000000000000001,8.410428931875526
T02431,FURNITURE,TN-NORTH,OPEN,8,1.01158,0.02204,0.11945,0.03465,0.94114,1.06197,0.10035,0.02647999999999999,5,-0.48650957348953844,0.8,0.7000000000000001,8.371703641691084
T01127,LAB_EQUIPMENT,KA-SOUTH,OPEN,10,0.99682,0.02031,0.10535,0.0294,0.95142,1.05644,0.09267500000000001,0.01473999999999999,18,-0.5799979902554847,0.7777777777777778,0.7000000000000001,9.492168960607499
T00268,IT_SERVICES,KA-BENGALURU,OPEN,9,0.98743,0.01352,0.10777,0.03082,0.91601,1.02242,0.08701500000000001,0.018524999999999993,14,-0.7556845189169628,0.7857142857142857,0.6984126984126984,9.279020135473694
T02220,BUILDING_CONSTRUCTION,KA-CENTRAL,OPEN,9,0.97162,0.01336,0.15062,0.04035,0.94193,1.08828,0.11566,0.02932,70,-0.80423591239092,0.7857142857142857,0.6984126984126984,6.639224538573894
T02103,ELECTRICAL_EQUIPMENT,KA-SOUTH,OPEN,6,1.01012,0.04335,0.12661,0.04931,0.92591,1.05381,0.09169,0.025990000000000013,43,-0.9062415283156097,0.8372093023255814,0.6976744186046512,7.8982702788089405
T00512,BUILDING_CONSTRUCTION,KA-NORTH,OPEN,5,1.01869,0.02304,0.0767,0.0272,0.96914,1.04727,0.10989,0.03468,53,0.6455117735590598,0.22641509433962265,0.697541494318946,13.037809647979138
T00713,ROAD_CONSTRUCTION,KA-NORTH,OPEN,11,1.00833,0.00957,0.08995,0.02734,0.99506,1.08575,0.10597000000000001,0.02621499999999999,62,0.41218165046023514,0.3548387096774194,0.6972912364887768,11.117287381878821
T01459,ROAD_CONSTRUCTION,KA-CENTRAL,OPEN,8,0.99986,0.01156,0.15064,0.04136,0.8934,1.04402,0.1053,0.03636,59,-0.841072910744467,0.7966101694915254,0.6970338983050848,6.638343069569835
T00679,CIVIL_MAINTENANCE,KA-NORTH,OPEN,5,1.01737,0.04958,0.1399,0.05558,0.92462,1.06695,0.103015,0.023669999999999997,62,-1.051060061820626,0.8709677419354839,0.6967741935483871,7.147962830593281
T01853,BUILDING_CONSTRUCTION,KA-NORTH,LIMITED,4,0.98058,0.04035,0.13975,0.05454,0.89592,1.03296,0.08109,0.031305,14,-1.2638756732437977,0.9285714285714286,0.6964285714285714,7.155635062611806
T00631,LAB_EQUIPMENT,KA-NORTH,LIMITED,6,0.97876,0.03017,0.11001,0.03929,0.94765,1.05532,0.091945,0.024235,6,-0.5027718411365666,0.8333333333333334,0.6944444444444445,9.09008271975275
T01069,WATER_INFRASTRUCTURE,KA-SOUTH,TWO_STAGE,6,1.01999,0.01542,0.10253,0.03174,0.96867,1.07325,0.08648,0.023465,6,-0.4613499548092628,0.8333333333333334,0.6944444444444445,9.753242953281967
T01223,FURNITURE,KA-SOUTH,OPEN,9,1.01111,0.03199,0.14468,0.0437,0.95665,1.10294,0.120115,0.025825000000000008,32,-0.6415824010277854,0.78125,0.6944444444444444,6.911805363560962
T02072,IT_SERVICES,KA-CENTRAL,OPEN,5,0.9949,0.05099,0.15186,0.05743,0.8948,1.04589,0.1033,0.027770000000000003,53,-1.1794480115298327,0.8679245283018868,0.6943396226415095,6.5850125115237725
T02284,LAB_EQUIPMENT,KA-CENTRAL,OPEN,8,1.01986,0.01095,0.11394,0.03293,0.94498,1.06118,0.08785,0.026139999999999997,29,-0.6732006088272522,0.7931034482758621,0.6939655172413793,8.77654906090925
T00485,MEDICAL_SUPPLIES,KA-CENTRAL,OPEN,8,1.01912,0.03584,0.12888,0.04175,0.9625,1.09384,0.09419,0.027749999999999997,53,-0.8431742142790302,0.7924528301886793,0.6933962264150944,7.759155803848541
T01230,ROAD_CONSTRUCTION,TN-NORTH,OPEN,5,1.00471,0.01702,0.07351,0.02497,0.9506,1.02446,0.10751,0.03349999999999999,11,0.68455778573744,0.18181818181818182,0.6931007740444974,13.603591348115902
T02025,WATER_INFRASTRUCTURE,KA-CENTRAL,OPEN,9,0.98634,0.02381,0.14615,0.04175,0.90787,1.05203,0.11693,0.029219999999999996,59,-0.6744907594765952,0.7796610169491526,0.6930320150659134,6.842285323297982
T01769,WATER_INFRASTRUCTURE,KA-CENTRAL,LIMITED,4,0.97759,0.01732,0.11675,0.04297,0.94708,1.06121,0.079,0.017060000000000006,13,-1.4924986031794527,0.9230769230769231,0.6923076923076923,8.565310492505352
T00526,IT_SERVICES,KA-SOUTH,OPEN,5,0.97832,0.01862,0.14667,0.05179,0.95969,1.10318,0.09166,0.02535000000000001,37,-1.4636582516294865,0.8648648648648649,0.6918918918918919,6.818026863025841
T01271,BUILDING_CONSTRUCTION,KA-SOUTH,OPEN,6,1.01557,0.03695,0.09232,0.03744,0.96756,1.06131,0.10953,0.024610000000000007,53,0.47167760953239346,0.3584905660377358,0.6918068129751078,10.831889081455806
T00275,MEDICAL_SUPPLIES,KA-SOUTH,OPEN,9,0.9647,0.01243,0.11805,0.03501,0.935,1.04888,0.09937,0.020879999999999996,45,-0.6034237254321265,0.7777777777777778,0.691358024691358,8.470986869970352
T01054,IT_SERVICES,KA-CENTRAL,OPEN,5,1.0118,0.03047,0.08093,0.02967,0.97569,1.05757,0.1033,0.027770000000000003,53,0.5433330316705594,0.32075471698113206,0.6912701989213531,12.356357345854441
T00773,MEDICAL_SUPPLIES,KA-NORTH,OPEN,9,1.02112,0.03045,0.14672,0.04502,0.9178,1.06762,0.11554500000000001,0.030324999999999998,58,-0.6933965186045457,0.7758620689655172,0.689655172413793,6.815703380588877
T01913,ROAD_CONSTRUCTION,KA-NORTH,OPEN,4,0.99212,0.01624,0.15884,0.06039,0.96475,1.12234,0.10597000000000001,0.02621499999999999,62,-1.360302363285432,0.9193548387096774,0.689516129032258,6.295643414756988
T02478,IT_SERVICES,KA-SOUTH,OPEN,4,0.99904,0.04826,0.14808,0.06049,0.90807,1.05601,0.09166,0.02535000000000001,37,-1.5011743057068827,0.918918918918919,0.6891891891891893,6.753106428957321
T00611,CIVIL_MAINTENANCE,KA-SOUTH,OPEN,7,0.95274,0.00449,0.12757,0.042,0.94401,1.06555,0.09694,0.028469999999999995,61,-0.7256639256328805,0.8032786885245902,0.6885245901639345,7.8388335815630645
T02389,IT_SERVICES,KA-SOUTH,OPEN,4,0.98993,0.02038,0.06631,0.02524,0.95257,1.01821,0.09166,0.02535000000000001,37,0.6744907594765952,0.24324324324324326,0.6883005020398788,15.080681646810437
T01288,ROAD_CONSTRUCTION,KA-NORTH,OPEN,9,0.98606,0.02531,0.13756,0.04494,0.9177,1.05333,0.10597000000000001,0.02621499999999999,62,-0.8127851646715863,0.7741935483870968,0.6881720430107526,7.269555103227683
T02054,ROAD_CONSTRUCTION,KA-CENTRAL,LIMITED,3,1.05731,0.00266,0.04604,0.02143,1.0113,1.05998,0.07505,0.022630000000000008,6,0.8646476770842256,0.16666666666666666,0.6875428958339282,21.720243266724587
T01172,CIVIL_MAINTENANCE,KA-BENGALURU,OPEN,8,1.01295,0.01782,0.1257,0.03641,0.9482,1.07553,0.1076,0.03349,14,-0.36453516711037254,0.7857142857142857,0.6875,7.955449482895784
T02146,ELECTRICAL_EQUIPMENT,KA-CENTRAL,OPEN,8,0.98839,0.04611,0.13096,0.04716,0.92149,1.05093,0.10079,0.02248,42,-0.9052218066463019,0.7857142857142857,0.6875,7.635919364691509
T02395,MEDICAL_SUPPLIES,KA-BENGALURU,OPEN,8,1.01038,0.03105,0.13412,0.03998,0.93191,1.06742,0.08851,0.034519999999999995,28,-0.8911797085668454,0.7857142857142857,0.6875,7.4560095436922165
T00717,IT_SERVICES,TN-NORTH,OPEN,4,1.02045,0.0311,0.08389,0.03601,0.98736,1.07297,0.105455,0.021859999999999997,8,0.665388528275973,0.25,0.6865413962069797,11.920371915603766
T01493,IT_SERVICES,KA-NORTH,OPEN,8,1.02371,0.03319,0.12562,0.03941,0.93406,1.06265,0.09833,0.02729000000000001,51,-0.6744907594765952,0.7843137254901961,0.6862745098039216,7.960515841426524
T00734,MEDICAL_SUPPLIES,KA-BENGALURU,OPEN,4,1.00965,0.01328,0.05267,0.01873,0.98092,1.0341,0.08851,0.034519999999999995,28,0.7002824107659669,0.21428571428571427,0.6859260937887609,18.98614011771407
T00946,FURNITURE,KA-CENTRAL,OPEN,4,1.02349,0.04978,0.16574,0.06023,0.94478,1.11441,0.09752,0.03523000000000001,35,-1.3060959299316863,0.9142857142857143,0.6857142857142857,6.033546518643659
T00110,IT_SERVICES,KA-SOUTH,TWO_STAGE,5,1.03803,0.02755,0.09405,0.03288,0.96795,1.06558,0.0821,0.02933000000000001,7,-0.2748095661692909,0.8571428571428571,0.6857142857142857,10.63264221158958
T00993,MEDICAL_SUPPLIES,KA-NORTH,LIMITED,5,1.01907,0.01706,0.10807,0.03707,0.94356,1.0537,0.09124,0.019130000000000008,7,-0.5933967319388965,0.8571428571428571,0.6857142857142857,9.25326177477561
T02254,MEDICAL_SUPPLIES,KA-SOUTH,OPEN,6,0.98381,0.03092,0.12098,0.04106,0.94159,1.06061,0.09937,0.020879999999999996,45,-0.698072093500442,0.8222222222222222,0.6851851851851852,8.265829062654984
T01077,ELECTRICAL_EQUIPMENT,KA-CENTRAL,LIMITED,5,1.0063,0.025,0.07911,0.02848,0.96247,1.04208,0.08738,0.00827,11,0.6744907594765952,0.18181818181818182,0.6850471530358218,12.640626975097964
T01351,BUILDING_CONSTRUCTION,KA-CENTRAL,OPEN,6,1.02228,0.02157,0.09302,0.03197,0.95786,1.05296,0.11566,0.02932,70,0.5208209684362248,0.3,0.6840174736968541,10.75037626316921
T02321,ROAD_CONSTRUCTION,KA-CENTRAL,OPEN,4,1.04838,0.01105,0.06894,0.02527,1.02756,1.09983,0.1053,0.03636,59,0.6744907594765952,0.23728813559322035,0.6838341713023617,14.50536698578474
T02154,VEHICLE_SUPPLIES,KA-NORTH,OPEN,9,0.99386,0.04115,0.13397,0.04696,0.94037,1.07352,0.12007000000000001,0.019319999999999997,26,-0.4852702669112149,0.7692307692307693,0.6837606837606838,7.464357692020601
T01275,ROAD_CONSTRUCTION,KA-SOUTH,OPEN,6,1.01083,0.03345,0.09172,0.03368,0.96236,1.05507,0.10933000000000001,0.026665000000000008,64,0.44544467558158063,0.375,0.6837038963179839,10.902747492368077
T01635,ROAD_CONSTRUCTION,KA-SOUTH,OPEN,8,0.99526,0.00423,0.13875,0.04037,0.89024,1.02833,0.10933000000000001,0.026665000000000008,64,-0.74417844154515,0.78125,0.68359375,7.207207207207206
T01701,ELECTRICAL_EQUIPMENT,KA-NORTH,OPEN,5,1.01817,0.01634,0.07229,0.02632,0.96145,1.03505,0.09762,0.027480000000000004,43,0.6217194664316651,0.23255813953488372,0.6834220847732391,13.833171946327294
T01097,WATER_INFRASTRUCTURE,KA-CENTRAL,OPEN,7,1.00602,0.01697,0.14621,0.04188,0.95363,1.10071,0.11693,0.029219999999999996,59,-0.6758757507691551,0.7966101694915254,0.6828087167070218,6.839477463921756
T01496,WATER_INFRASTRUCTURE,KA-CENTRAL,OPEN,5,1.02416,0.02353,0.09391,0.03179,0.95883,1.05501,0.11693,0.029219999999999996,59,0.5313749925787554,0.3220338983050847,0.6827271127070722,10.648493238206795
T01687,VEHICLE_SUPPLIES,KA-CENTRAL,OPEN,3,1.00647,0.00028,0.06375,0.03063,0.94258,1.00675,0.11493,0.04331,31,0.7970546541217304,0.22580645161290322,0.6819074038230891,15.686274509803921
T01359,MEDICAL_SUPPLIES,KA-CENTRAL,OPEN,7,1.02314,0.01364,0.07233,0.02683,0.96567,1.03967,0.09419,0.027749999999999997,53,0.5313285766543555,0.2641509433962264,0.6818395886147846,13.825521913452231
T02202,ELECTRICAL_EQUIPMENT,KA-CENTRAL,LIMITED,4,1.01639,0.05567,0.13296,0.05738,0.94556,1.0807,0.08738,0.00827,11,-3.7174472571878123,0.9090909090909091,0.6818181818181818,7.521058965102287
T02307,BUILDING_CONSTRUCTION,TN-NORTH,OPEN,4,0.99344,0.01969,0.07484,0.02653,0.95689,1.03124,0.091735,0.022385000000000002,10,0.5090695278694246,0.4,0.6818021459020684,13.361838588989844
T00973,BUILDING_CONSTRUCTION,KA-NORTH,OPEN,4,0.98254,0.01148,0.07093,0.02603,0.96228,1.03197,0.10989,0.03468,53,0.7577324103001195,0.1509433962264151,0.6815068548949009,14.098406880022557
T02428,CIVIL_MAINTENANCE,KA-NORTH,OPEN,4,0.97588,0.01753,0.08021,0.03198,0.95679,1.03507,0.103015,0.023669999999999997,62,0.6498420688577842,0.25806451612903225,0.6809299387401123,12.467273407305822
T00600,WATER_INFRASTRUCTURE,KA-SOUTH,OPEN,8,1.01189,0.02693,0.14549,0.04294,0.92732,1.07454,0.10991999999999999,0.024564999999999997,36,-0.9766593248354369,0.7777777777777778,0.6805555555555556,6.873324627122138
T00306,CIVIL_MAINTENANCE,KA-CENTRAL,LIMITED,4,0.98555,0.01541,0.06905,0.02781,0.96933,1.03738,0.08912,0.02513,19,0.5386800454713597,0.3684210526315789,0.680325823577204,14.48225923244026
T00070,ELECTRICAL_EQUIPMENT,KA-NORTH,OPEN,4,0.94799,0.04821,0.15781,0.06551,0.89667,1.04627,0.09762,0.027480000000000004,43,-1.4773507573834157,0.9069767441860465,0.6802325581395349,6.336734047272036
T01335,MEDICAL_SUPPLIES,KA-CENTRAL,OPEN,5,0.97269,0.03048,0.14464,0.04813,0.91793,1.05862,0.09419,0.027749999999999997,53,-1.2262363537151073,0.8490566037735849,0.679245283018868,6.913716814159293
T01750,BUILDING_CONSTRUCTION,KA-SOUTH,OPEN,7,1.00691,0.03931,0.14566,0.04744,0.92108,1.06775,0.10953,0.024610000000000007,53,-0.9902215010113525,0.7924528301886793,0.679245283018868,6.865302759851709
T02079,BUILDING_CONSTRUCTION,KA-NORTH,OPEN,7,1.04567,0.06279,0.14971,0.05385,0.95191,1.10846,0.10989,0.03468,53,-0.7744585364001737,0.7924528301886793,0.679245283018868,6.679580522343197
T00976,WATER_INFRASTRUCTURE,KA-CENTRAL,OPEN,9,1.00364,0.03561,0.13687,0.04447,0.92394,1.06131,0.11693,0.029219999999999996,59,-0.46027877289402125,0.7627118644067796,0.6779661016949152,7.306202966318405
T02258,ELECTRICAL_EQUIPMENT,KA-SOUTH,OPEN,7,1.0092,0.02488,0.12245,0.03934,0.93092,1.05449,0.09169,0.025990000000000013,43,-0.7982814837052737,0.7906976744186046,0.6777408637873754,8.166598611678236
T00517,WATER_INFRASTRUCTURE,KA-NORTH,OPEN,9,0.99166,0.0264,0.12753,0.03673,0.92934,1.05581,0.10822999999999999,0.01692000000000001,42,-0.7693659372280311,0.7619047619047619,0.6772486772486772,7.841292244961969
T00115,FURNITURE,KA-SOUTH,OPEN,6,0.97225,0.03618,0.14574,0.04824,0.9252,1.0669,0.120115,0.025825000000000008,32,-0.6692672105164668,0.8125,0.6770833333333334,6.861534239055852
T00875,ROAD_CONSTRUCTION,KA-SOUTH,OPEN,6,1.02284,0.0317,0.15297,0.05399,0.902,1.05846,0.10933000000000001,0.026665000000000008,64,-1.1038731199534444,0.8125,0.6770833333333334,6.537229522128522
T00491,CIVIL_MAINTENANCE,AP-SOUTH,OPEN,5,1.04946,0.03094,0.16496,0.06132,0.90728,1.0804,0.1334,0.031560000000000005,13,-0.6744907594765952,0.8461538461538461,0.676923076923077,6.062075654704171
T02500,WATER_INFRASTRUCTURE,KA-CENTRAL,LIMITED,5,1.01966,0.04443,0.11453,0.04127,0.95023,1.06702,0.079,0.017060000000000006,13,-1.4047278243964492,0.8461538461538461,0.676923076923077,8.731336767659128
T01228,MEDICAL_SUPPLIES,KA-CENTRAL,OPEN,8,1.00059,0.01255,0.1251,0.037,0.94432,1.06949,0.09419,0.027749999999999997,53,-0.7512976351503263,0.7735849056603774,0.6768867924528302,7.9936051159072745
T00262,MEDICAL_SUPPLIES,KA-NORTH,OPEN,9,0.99498,0.02091,0.09992,0.03017,0.94862,1.04804,0.11554500000000001,0.030324999999999998,58,0.3475323369108594,0.41379310344827586,0.6767337247636757,10.0080064051241
T00013,BUILDING_CONSTRUCTION,KA-SOUTH,OPEN,6,1.0053,0.04208,0.14954,0.04977,0.93069,1.08103,0.10953,0.024610000000000007,53,-1.0965613688199338,0.8113207547169812,0.6761006289308177,6.687174000267487
T02010,ROAD_CONSTRUCTION,KA-CENTRAL,TWO_STAGE,3,1.01891,0.02041,0.07476,0.03197,0.96315,1.03932,0.08646999999999999,0.011260000000000006,16,0.7014464292602952,0.3125,0.6759642861735301,13.376136971642591
T00266,MEDICAL_SUPPLIES,KA-CENTRAL,LIMITED,3,0.98417,0.04254,0.09664,0.03966,0.9316,1.02672,0.11796999999999999,0.02194999999999999,14,0.6554390842658666,0.35714285714285715,0.6750546276058159,10.347682119205297
T00186,BUILDING_CONSTRUCTION,KA-CENTRAL,OPEN,4,0.99068,0.04752,0.16609,0.05949,0.90926,1.0738,0.11566,0.02932,70,-1.160114904515849,0.9,0.675,6.020832078993317
T01458,FURNITURE,KA-NORTH,LIMITED,4,0.98304,0.03711,0.16087,0.05708,0.91588,1.07402,0.081065,0.061290000000000004,10,-0.8782466154353025,0.9,0.675,6.216199415677254
T00057,FURNITURE,KA-CENTRAL,OPEN,8,1.00637,0.03287,0.14609,0.04534,0.91106,1.05808,0.09752,0.03523000000000001,35,-0.9298897583814425,0.7714285714285715,0.675,6.845095489082073
T01508,VEHICLE_SUPPLIES,KA-SOUTH,OPEN,6,0.97672,0.01616,0.1719,0.05091,0.89827,1.06618,0.11184,0.029350000000000015,21,-1.3802356052526163,0.8095238095238095,0.6746031746031746,5.817335660267598
T00787,LAB_EQUIPMENT,KA-CENTRAL,OPEN,9,1.001,0.02165,0.10856,0.03196,0.96077,1.06944,0.08785,0.026139999999999997,29,-0.5343803989579301,0.7586206896551724,0.6743295019157087,9.211495946941783
T00328,CIVIL_MAINTENANCE,KA-NORTH,OPEN,9,1.01327,0.03349,0.12755,0.0395,0.94564,1.07488,0.103015,0.023669999999999997,62,-0.6991394500954062,0.7580645161290323,0.6738351254480286,7.840062720501765
T00363,ROAD_CONSTRUCTION,KA-NORTH,OPEN,9,1.01517,0.01575,0.136,0.0415,0.94222,1.08028,0.10597000000000001,0.02621499999999999,62,-0.7726476256754592,0.7580645161290323,0.6738351254480286,7.352941176470588
T02249,ROAD_CONSTRUCTION,KA-CENTRAL,OPEN,4,0.96482,0.06045,0.17558,0.06821,0.88276,1.05216,0.1053,0.03636,59,-1.3037186627066863,0.8983050847457628,0.673728813559322,5.695409499943046
T00332,CIVIL_MAINTENANCE,KA-CENTRAL,LIMITED,5,1.00472,0.02682,0.13627,0.04578,0.94006,1.07697,0.08912,0.02513,19,-1.2655089259578776,0.8421052631578947,0.6736842105263158,7.338372349012989
T00774,MEDICAL_SUPPLIES,KA-CENTRAL,OPEN,7,0.99971,0.01851,0.0743,0.02725,0.97394,1.04822,0.09419,0.027749999999999997,53,0.48344580922484587,0.3018867924528302,0.6731422300094366,13.458950201884251
T02169,VEHICLE_SUPPLIES,KA-NORTH,OPEN,6,0.98136,0.01827,0.13896,0.04722,0.9611,1.09747,0.12007000000000001,0.019319999999999997,26,-0.6594788015793416,0.8076923076923077,0.6730769230769231,7.196315486470927
T02265,BUILDING_CONSTRUCTION,KA-CENTRAL,OPEN,9,1.04709,0.03092,0.14442,0.063,0.92679,1.07801,0.11566,0.02932,70,-0.661608262024109,0.7571428571428571,0.673015873015873,6.924248719013987
T01829,WATER_INFRASTRUCTURE,KA-CENTRAL,OPEN,5,1.00112,0.03875,0.09664,0.03515,0.94631,1.04305,0.11693,0.029219999999999996,59,0.46835788876728685,0.3728813559322034,0.6729913957595923,10.347682119205297
T02407,ELECTRICAL_EQUIPMENT,KA-CENTRAL,OPEN,4,1.02507,0.00989,0.08042,0.03145,0.95873,1.04117,0.10079,0.02248,42,0.6111822406823062,0.2857142857142857,0.6726723947974439,12.434717731907485
T00634,ROAD_CONSTRUCTION,KA-SOUTH,LIMITED,4,0.98575,0.0147,0.05104,0.02048,0.96881,1.01912,0.06523,0.014189999999999994,9,0.6744907594765952,0.2222222222222222,0.6725347362741131,19.59247648902821
T02206,VEHICLE_SUPPLIES,KA-CENTRAL,OPEN,6,1.01319,0.01827,0.15685,0.05057,0.89428,1.0532,0.11493,0.04331,31,-0.6528435150602369,0.8064516129032258,0.6720430107526881,6.375518010838381
T00666,BUILDING_CONSTRUCTION,KA-BENGALURU,LIMITED,3,1.05274,0.02173,0.04558,0.01866,1.02648,1.07447,0.07282,0.027239999999999993,3,0.6744907594765952,0.3333333333333333,0.6718827285399523,21.939447125932425
T00990,FURNITURE,KA-NORTH,TWO_STAGE,3,0.98573,0.01586,0.03861,0.0158,0.96987,1.00793,0.05421,0.015600000000000003,3,0.6744907594765952,0.3333333333333333,0.6718827285399523,25.900025900025902
T01078,IT_SERVICES,KA-SOUTH,OPEN,7,0.98097,0.02037,0.1254,0.03865,0.94655,1.06956,0.09166,0.02535000000000001,37,-0.8977245848023794,0.7837837837837838,0.6718146718146718,7.974481658692184
T00819,MEDICAL_SUPPLIES,KA-SOUTH,OPEN,9,1.01609,0.03518,0.1177,0.03854,0.9579,1.0775,0.09937,0.020879999999999996,45,-0.5921176063795973,0.7555555555555555,0.6716049382716048,8.496176720475786
T00842,ROAD_CONSTRUCTION,KA-NORTH,OPEN,5,1.01833,0.05743,0.14554,0.05215,0.93939,1.08759,0.10597000000000001,0.02621499999999999,62,-1.0181041141517788,0.8387096774193549,0.6709677419354839,6.87096330905593
T01958,VEHICLE_SUPPLIES,KA-CENTRAL,OPEN,5,1.02456,0.02499,0.16154,0.05305,0.94038,1.10588,0.11493,0.04331,31,-0.7258834980190277,0.8387096774193549,0.6709677419354839,6.19041723412158
T01425,IT_SERVICES,KA-NORTH,OPEN,8,1.00398,0.02503,0.08082,0.02908,0.95653,1.03768,0.09833,0.02729000000000001,51,0.43277146201667926,0.3333333333333333,0.670341695931261,12.373174956693887
T02470,CIVIL_MAINTENANCE,KA-SOUTH,OPEN,9,1.02443,0.0189,0.12273,0.04651,0.92344,1.04917,0.09694,0.028469999999999995,61,-0.610998127393797,0.7540983606557377,0.6703096539162112,8.147967082212988
T02186,IT_SERVICES,KA-NORTH,OPEN,6,1.00773,0.00878,0.12597,0.0368,0.94952,1.07646,0.09833,0.02729000000000001,51,-0.6831412455820112,0.803921568627451,0.6699346405228759,7.938398031277289
T00686,ELECTRICAL_EQUIPMENT,KA-SOUTH,OPEN,10,1.00597,0.04059,0.12057,0.04296,0.94691,1.0682,0.09169,0.025990000000000013,43,-0.7494918481602177,0.7441860465116279,0.6697674418604651,8.29393713195654
T00915,MEDICAL_SUPPLIES,KA-BENGALURU,OPEN,4,0.94934,0.03304,0.16393,0.05994,0.89871,1.05434,0.08851,0.034519999999999995,28,-1.4736411668518195,0.8928571428571429,0.6696428571428572,6.10016470444702
T02017,IT_SERVICES,KA-NORTH,OPEN,8,0.99199,0.00732,0.11999,0.03346,0.9391,1.05813,0.09833,0.02729000000000001,51,-0.5353415115523286,0.7647058823529411,0.6691176470588235,8.334027835652972
T00778,ROAD_CONSTRUCTION,KA-NORTH,OPEN,10,1.01632,0.02531,0.13237,0.03811,0.92422,1.05876,0.10597000000000001,0.02621499999999999,62,-0.6792506599344691,0.7419354838709677,0.667741935483871,7.554581853894388
T02046,BUILDING_CONSTRUCTION,KA-CENTRAL,OPEN,9,1.00217,0.03512,0.09668,0.03362,0.946,1.0429,0.11566,0.02932,70,0.43662464580033344,0.3142857142857143,0.6674758756320424,10.34340091021928
T01435,ROAD_CONSTRUCTION,KA-SOUTH,OPEN,5,1.01264,0.0247,0.09179,0.03805,0.94439,1.03734,0.10933000000000001,0.026665000000000008,64,0.4436740266723977,0.390625,0.6674392213379182,10.894432944765226
T02357,ROAD_CONSTRUCTION,KA-CENTRAL,OPEN,8,1.01092,0.02269,0.1461,0.04301,0.91316,1.06086,0.1053,0.03636,59,-0.7568543175644963,0.7627118644067796,0.6673728813559322,6.844626967830253
T00182,VEHICLE_SUPPLIES,KA-SOUTH,TWO_STAGE,3,1.00598,0.03001,0.13548,0.05669,0.97597,1.11226,0.09422,0.0061200000000000004,3,-4.547302081046456,1.0,0.6666666666666667,7.3811632713315625
T00208,FURNITURE,KA-SOUTH,LIMITED,3,1.04871,0.04955,0.13283,0.05568,0.95897,1.09826,0.10322,0.004300000000000012,4,-4.644574741419053,1.0,0.6666666666666667,7.528419784687194
T00374,LAB_EQUIPMENT,AP-SOUTH,LIMITED,3,0.9796,0.01036,0.10089,0.0441,0.96924,1.06807,0.10089,0.0,1,0.0,1.0,0.6666666666666667,9.911785112498762
T00433,BUILDING_CONSTRUCTION,KA-NORTH,LIMITED,3,1.07538,0.01668,0.16512,0.07793,0.9145,1.09207,0.08109,0.031305,14,-1.8104922063190638,1.0,0.6666666666666667,6.056201550387597
T00524,LAB_EQUIPMENT,KA-SOUTH,LIMITED,3,0.9978,0.03392,0.0967,0.03967,0.96388,1.06037,0.0967,0.0,1,0.0,1.0,0.6666666666666667,10.34126163391934
T00527,FURNITURE,KA-BENGALURU,TWO_STAGE,3,1.0057,0.03886,0.13838,0.05951,0.90539,1.04456,0.09147,0.024679999999999994,3,-1.2820243730570136,1.0,0.6666666666666667,7.226477814713109
T00649,LAB_EQUIPMENT,KA-NORTH,LIMITED,3,1.02757,0.06124,0.12235,0.0499,0.96633,1.09205,0.091945,0.024235,6,-0.8462096778166238,1.0,0.6666666666666667,8.173273395995096
T00707,WATER_INFRASTRUCTURE,KA-CENTRAL,OPEN,3,1.01674,0.06017,0.19621,0.08437,0.87741,1.07691,0.11693,0.029219999999999996,59,-1.8300351612356083,1.0,0.6666666666666667,5.096580194689364
T00729,WATER_INFRASTRUCTURE,KA-CENTRAL,TWO_STAGE,3,1.04517,0.05081,0.24359,0.11066,0.84138,1.09597,0.08471,0.014060000000000003,7,-7.62184152671703,1.0,0.6666666666666667,4.105258836569646
T00741,VEHICLE_SUPPLIES,KA-BENGALURU,TWO_STAGE,3,1.01835,0.01769,0.14764,0.06846,0.88569,1.03604,0.14764,0.0,1,0.0,1.0,0.6666666666666667,6.77323218639935
T00812,WATER_INFRASTRUCTURE,KA-SOUTH,LIMITED,3,0.97323,0.02025,0.13136,0.05597,0.95298,1.08082,0.09856999999999999,0.023669999999999997,8,-0.9343705958275272,1.0,0.6666666666666667,7.612667478684531
T00859,WATER_INFRASTRUCTURE,KA-NORTH,LIMITED,3,1.06109,0.03043,0.14335,0.06376,0.93942,1.09153,0.10906,0.017939999999999998,8,-1.289202237594897,1.0,0.6666666666666667,6.975933031042902
T00925,IT_SERVICES,KA-BENGALURU,LIMITED,3,0.94963,0.0001,0.0262,0.01243,0.92486,0.94974,0.0262,0.0,1,0.0,1.0,0.6666666666666667,38.167938931297705
T00964,ELECTRICAL_EQUIPMENT,KA-SOUTH,TWO_STAGE,3,0.99976,0.05002,0.17324,0.07462,0.87658,1.04978,0.09820000000000001,0.028905,6,-1.751039148629085,1.0,0.6666666666666667,5.772338951743246
T01002,ROAD_CONSTRUCTION,AP-SOUTH,OPEN,3,0.97542,0.04241,0.15502,0.06384,0.93301,1.08422,0.12472,0.013115000000000002,14,-1.558297370350044,1.0,0.6666666666666667,6.450780544445879
T01122,VEHICLE_SUPPLIES,KA-CENTRAL,OPEN,3,0.97048,0.04161,0.21158,0.08765,0.92887,1.13421,0.11493,0.04331,31,-1.5051842970079177,1.0,0.6666666666666667,4.726344645051517
T01664,WATER_INFRASTRUCTURE,KA-BENGALURU,TWO_STAGE,3,1.02179,0.0235,0.09932,0.04322,0.9438,1.04529,0.09932,0.0,1,0.0,1.0,0.6666666666666667,10.068465565847765
T01764,IT_SERVICES,KA-SOUTH,LIMITED,3,1.03931,0.00846,0.10157,0.04743,0.94221,1.04778,0.05821,0.0233,9,-1.2551896708542989,1.0,0.6666666666666667,9.845426799251749
T01867,ELECTRICAL_EQUIPMENT,AP-SOUTH,TWO_STAGE,3,1.03052,0.01198,0.03025,0.01249,1.01132,1.0425,0.03025,0.0,1,0.0,1.0,0.6666666666666667,33.057851239669425
T01905,CIVIL_MAINTENANCE,KA-BENGALURU,LIMITED,3,0.94689,0.03484,0.1471,0.06101,0.91205,1.05134,0.12251,0.024590000000000015,3,-0.6744907594765951,1.0,0.6666666666666667,6.798096532970768
T01923,MEDICAL_SUPPLIES,KA-NORTH,TWO_STAGE,3,0.99581,0.06582,0.15326,0.06321,0.90901,1.06163,0.09216,0.038770000000000006,3,-1.06297099313954,1.0,0.6666666666666667,6.524859715516116
T02013,VEHICLE_SUPPLIES,TN-NORTH,TWO_STAGE,3,1.00878,0.00352,0.02121,0.00933,0.9909,1.0123,0.02121,0.0,1,0.0,1.0,0.6666666666666667,47.14757190004715
T02038,ELECTRICAL_EQUIPMENT,KA-CENTRAL,TWO_STAGE,3,0.96726,0.06536,0.16799,0.06827,0.9019,1.06439,0.133665,0.017509999999999998,4,-1.3222098982886425,1.0,0.6666666666666667,5.952735281862015
T02289,ROAD_CONSTRUCTION,TN-NORTH,TWO_STAGE,3,0.97243,0.00203,0.02799,0.01284,0.94723,0.97445,0.02799,0.0,1,0.0,1.0,0.6666666666666667,35.72704537334762
T00503,BUILDING_CONSTRUCTION,KA-SOUTH,TWO_STAGE,5,1.02187,0.04513,0.12708,0.04799,0.93714,1.067,0.086645,0.039285,6,-0.6942353025184199,0.8333333333333334,0.6666666666666667,7.869058860560277
T00856,ELECTRICAL_EQUIPMENT,KA-SOUTH,TWO_STAGE,5,0.98336,0.03126,0.11996,0.04599,0.95209,1.07006,0.09820000000000001,0.028905,6,-0.5077640175129113,0.8333333333333334,0.6666666666666667,8.336112037345782
T00893,LAB_EQUIPMENT,KA-BENGALURU,OPEN,5,1.02223,0.00827,0.12553,0.04076,0.94307,1.07139,0.10547999999999999,0.028195000000000005,6,-0.47964318948415463,0.8333333333333334,0.6666666666666667,7.966223213574445
T01003,IT_SERVICES,AP-SOUTH,OPEN,5,1.00208,0.01735,0.1438,0.04592,0.9288,1.07289,0.093495,0.036140000000000005,6,-0.9388560502343698,0.8333333333333334,0.6666666666666667,6.954102920723226
T01263,VEHICLE_SUPPLIES,KA-NORTH,LIMITED,5,0.96515,0.05279,0.11976,0.04884,0.91236,1.02795,0.08781,0.028120000000000006,6,-0.7663577441421485,0.8333333333333334,0.6666666666666667,8.3500334001336
T02418,ROAD_CONSTRUCTION,KA-CENTRAL,LIMITED,5,1.00899,0.0495,0.13719,0.05131,0.92567,1.06409,0.07505,0.022630000000000008,6,-1.8520926113069205,0.8333333333333334,0.6666666666666667,7.289161017566878
T02485,ROAD_CONSTRUCTION,KA-NORTH,LIMITED,5,1.03818,0.01638,0.13343,0.05261,0.91604,1.05457,0.07595,0.039025000000000004,12,-0.9934587791086401,0.8333333333333334,0.6666666666666667,7.494566439331485
T00913,VEHICLE_SUPPLIES,KA-BENGALURU,OPEN,6,0.98856,0.0163,0.10563,0.0321,0.94281,1.04723,0.079095,0.0273,10,-0.6555901942385148,0.8,0.6666666666666667,9.467007478935908
T01029,FURNITURE,KA-SOUTH,TWO_STAGE,6,1.01052,0.01241,0.11831,0.0364,0.92855,1.0481,0.0966,0.03225,5,-0.4540525391701357,0.8,0.6666666666666667,8.452370890034654
T01891,CIVIL_MAINTENANCE,TN-NORTH,OPEN,6,0.95603,0.01425,0.15962,0.05888,0.93088,1.08349,0.11902,0.03328,10,-0.822846299121087,0.8,0.6666666666666667,6.264879087833604
T00060,ROAD_CONSTRUCTION,KA-SOUTH,LIMITED,7,0.98606,0.00727,0.08421,0.02803,0.91029,0.99333,0.06523,0.014189999999999994,9,-0.9021729820201395,0.7777777777777778,0.6666666666666667,11.875074219213872
T00840,ELECTRICAL_EQUIPMENT,TN-NORTH,OPEN,7,0.98371,0.04291,0.13822,0.04575,0.92578,1.06175,0.12121,0.025709999999999997,9,-0.44625001239583406,0.7777777777777778,0.6666666666666667,7.234843003906815
T01801,IT_SERVICES,KA-SOUTH,LIMITED,4,0.98624,0.00335,0.08406,0.03483,0.98283,1.06573,0.05821,0.0233,9,-0.7483084177025745,0.8888888888888888,0.6666666666666666,11.896264572924103
T02044,ELECTRICAL_EQUIPMENT,KA-CENTRAL,OPEN,8,1.01887,0.02107,0.12332,0.03598,0.96106,1.08671,0.10079,0.02248,42,-0.6759909613437582,0.7619047619047619,0.6666666666666666,8.10898475510866
T00413,ELECTRICAL_EQUIPMENT,KA-CENTRAL,TWO_STAGE,9,1.00507,0.01391,0.13436,0.04049,0.91532,1.05036,0.133665,0.017509999999999998,4,-0.026771620664547944,0.75,0.6666666666666666,7.442691277165823
T00832,FURNITURE,KA-BENGALURU,OPEN,9,0.99545,0.02032,0.13552,0.03977,0.94949,1.08439,0.11214,0.017980000000000003,16,-0.8770630676620018,0.75,0.6666666666666666,7.378984651711924
T01525,ELECTRICAL_EQUIPMENT,KA-BENGALURU,OPEN,9,1.02039,0.0148,0.12541,0.03202,0.95399,1.08195,0.10288,0.023164999999999998,16,-0.6560015890786828,0.75,0.6666666666666666,7.973845785822503
T01857,VEHICLE_SUPPLIES,TN-NORTH,OPEN,9,0.98891,0.0239,0.11087,0.03238,0.93569,1.04533,0.08849499999999999,0.02012500000000001,12,-0.7498996642627982,0.75,0.6666666666666666,9.019572472264814
T02474,ROAD_CONSTRUCTION,KA-NORTH,OPEN,4,1.0239,0.02869,0.08146,0.03283,0.98915,1.07256,0.10597000000000001,0.02621499999999999,62,0.6306224876891611,0.25806451612903225,0.666515252863645,12.275963663147557
T01993,ELECTRICAL_EQUIPMENT,KA-NORTH,TWO_STAGE,6,1.00784,0.0196,0.07803,0.02567,0.97004,1.04867,0.08716,0.016640000000000002,7,0.37007816310224234,0.42857142857142855,0.6655413263947257,12.815583749839805
T01454,WATER_INFRASTRUCTURE,KA-SOUTH,OPEN,6,0.99436,0.01433,0.08994,0.02766,0.94395,1.03338,0.10991999999999999,0.024564999999999997,36,0.5485986311558055,0.25,0.6654988592965047,11.1185234600845
T01095,BUILDING_CONSTRUCTION,TN-NORTH,OPEN,5,0.9865,0.00311,0.07413,0.03239,0.9834,1.05652,0.091735,0.022385000000000002,10,0.5304628019024102,0.3,0.6643702415219283,13.489815189531903
T01683,MEDICAL_SUPPLIES,KA-CENTRAL,OPEN,5,0.94549,0.02449,0.13758,0.05324,0.92099,1.05107,0.09419,0.027749999999999997,53,-1.0546361821149361,0.8301886792452831,0.6641509433962265,7.268498328245384
T02452,MEDICAL_SUPPLIES,KA-NORTH,OPEN,8,0.9999,0.01917,0.14474,0.03965,0.95224,1.09697,0.11554500000000001,0.030324999999999998,58,-0.649357220871202,0.7586206896551724,0.6637931034482758,6.90894016857814
T01495,VEHICLE_SUPPLIES,KA-CENTRAL,OPEN,7,0.98413,0.02588,0.15676,0.05142,0.85894,1.01322,0.11493,0.04331,31,-0.6514418949181708,0.7741935483870968,0.663594470046083,6.379178361826996
T01081,BUILDING_CONSTRUCTION,KA-NORTH,OPEN,7,0.98801,0.03589,0.14894,0.052,0.95212,1.09927,0.10989,0.03468,53,-0.7594828188454738,0.7735849056603774,0.6630727762803236,6.714113065664026
T00068,ELECTRICAL_EQUIPMENT,KA-NORTH,OPEN,6,1.01369,0.00235,0.07563,0.02703,0.941,1.01766,0.09762,0.027480000000000004,43,0.5397398763060526,0.2558139534883721,0.6629615248286873,13.22226629644321
T02442,FURNITURE,KA-CENTRAL,OPEN,5,0.97182,0.01556,0.15655,0.0532,0.93213,1.08427,0.09752,0.03523000000000001,35,-1.1301501428300709,0.8285714285714286,0.6628571428571429,6.387735547748323
T00322,MEDICAL_SUPPLIES,KA-NORTH,OPEN,7,1.02225,0.02059,0.09706,0.03103,0.9541,1.05332,0.11554500000000001,0.030324999999999998,58,0.41114465585902304,0.3620689655172414,0.6627545326082267,10.302905419328251
T02036,ELECTRICAL_EQUIPMENT,KA-SOUTH,OPEN,5,1.00681,0.02539,0.06873,0.02598,0.96389,1.03309,0.09169,0.025990000000000013,43,0.5958564000608931,0.23255813953488372,0.6627316316766215,14.549687181725593
T01492,VEHICLE_SUPPLIES,KA-CENTRAL,OPEN,5,1.02208,0.02815,0.08869,0.03212,0.96177,1.05241,0.11493,0.04331,31,0.408650139198011,0.41935483870967744,0.6624039823261508,11.275228323373547
T01582,ELECTRICAL_EQUIPMENT,KA-NORTH,OPEN,9,1.01235,0.01264,0.13055,0.03309,0.92739,1.05955,0.09762,0.027480000000000004,43,-0.8082598511486273,0.7441860465116279,0.6614987080103358,7.659900421294523
T00635,MEDICAL_SUPPLIES,KA-NORTH,OPEN,6,1.00687,0.03739,0.14718,0.04928,0.92652,1.07471,0.11554500000000001,0.030324999999999998,58,-0.7036278706032016,0.7931034482758621,0.6609195402298851,6.7944014132354935
T01952,FURNITURE,KA-CENTRAL,LIMITED,6,1.01511,0.01934,0.06188,0.02239,0.98774,1.05056,0.07776,0.019725000000000003,8,0.5430120791122094,0.25,0.6608433992601745,16.160310277957336
T00881,CIVIL_MAINTENANCE,KA-SOUTH,OPEN,7,0.98652,0.0275,0.12533,0.04011,0.94758,1.07122,0.09694,0.028469999999999995,61,-0.6725954570263625,0.7704918032786885,0.6604215456674474,7.978935609989628
T01892,IT_SERVICES,KA-CENTRAL,OPEN,8,0.96534,0.0256,0.13388,0.0393,0.9361,1.06534,0.1033,0.027770000000000003,53,-0.7427413548719581,0.7547169811320755,0.6603773584905661,7.469375560203167
T00756,CIVIL_MAINTENANCE,KA-CENTRAL,OPEN,3,0.96102,0.01909,0.07162,0.02987,0.94193,1.01075,0.0943,0.022679999999999992,73,0.6744907594765952,0.3150684931506849,0.6597061684181867,13.962580284836637
T00549,CIVIL_MAINTENANCE,KA-NORTH,OPEN,7,1.01649,0.0055,0.0879,0.02657,0.94879,1.03814,0.103015,0.023669999999999997,62,0.43071093491714113,0.3387096774193548,0.6595033820027109,11.376564277588168
T00658,ROAD_CONSTRUCTION,KA-BENGALURU,LIMITED,3,1.02438,0.00777,0.04945,0.022,0.98149,1.03215,0.08989,0.036925,4,0.7386975304870279,0.25,0.659131686991352,20.222446916076844
T01691,MEDICAL_SUPPLIES,KA-NORTH,OPEN,9,0.99965,0.02809,0.14143,0.03965,0.92517,1.06655,0.11554500000000001,0.030324999999999998,58,-0.5757359706200054,0.7413793103448276,0.6590038314176245,7.070635650144948
T00851,BUILDING_CONSTRUCTION,KA-SOUTH,TWO_STAGE,3,0.98647,0.01582,0.04851,0.02007,0.97065,1.0185,0.086645,0.039285,6,0.6547462164347705,0.3333333333333333,0.6587196998454027,20.614306328592043
T00270,MEDICAL_SUPPLIES,KA-NORTH,OPEN,11,1.005,0.03753,0.13706,0.03992,0.94602,1.08376,0.11554500000000001,0.030324999999999998,58,-0.47853812663277606,0.7241379310344828,0.658307210031348,7.2960747118050495
T01959,LAB_EQUIPMENT,KA-CENTRAL,OPEN,11,0.99898,0.0221,0.10654,0.03028,0.931,1.03742,0.08785,0.026139999999999997,29,-0.4822583127244669,0.7241379310344828,0.658307210031348,9.386146048432513
T02356,ROAD_CONSTRUCTION,KA-NORTH,OPEN,5,0.98445,0.04799,0.14381,0.05732,0.93647,1.07804,0.10597000000000001,0.02621499999999999,62,-0.9735926125727393,0.8225806451612904,0.6580645161290324,6.953619358876296
T00450,LAB_EQUIPMENT,KA-NORTH,OPEN,6,1.01895,0.01331,0.10897,0.03619,0.92986,1.04089,0.07648,0.018280000000000005,19,-1.198807701060972,0.7894736842105263,0.6578947368421053,9.176837661741764
T00499,ELECTRICAL_EQUIPMENT,KA-NORTH,OPEN,7,0.99708,0.03288,0.1326,0.04262,0.93763,1.06985,0.09762,0.027480000000000004,43,-0.8585766654472815,0.7674418604651163,0.6578073089700998,7.541478129713424
T00701,MEDICAL_SUPPLIES,KA-BENGALURU,OPEN,5,0.9824,0.00347,0.13621,0.04355,0.906,1.03982,0.08851,0.034519999999999995,28,-0.932016489775017,0.8214285714285714,0.6571428571428571,7.341604874825637
T01055,MEDICAL_SUPPLIES,KA-SOUTH,OPEN,3,1.00332,0.03609,0.07849,0.03201,0.96723,1.04598,0.09937,0.020879999999999996,45,0.6744907594765952,0.3111111111111111,0.6570679137251376,12.740476493820868
T00398,WATER_INFRASTRUCTURE,KA-NORTH,LIMITED,4,1.01697,0.03941,0.12753,0.05276,0.93121,1.0609,0.10906,0.017939999999999998,8,-0.6944171865960265,0.875,0.65625,7.841292244961969
T00659,FURNITURE,KA-SOUTH,OPEN,4,1.00032,0.03729,0.15384,0.06083,0.89281,1.0467,0.120115,0.025825000000000008,32,-0.8808209434016716,0.875,0.65625,6.500260010400416
T01587,ROAD_CONSTRUCTION,KA-SOUTH,OPEN,4,1.011,0.04594,0.17845,0.06814,0.8947,1.07511,0.10933000000000001,0.026665000000000008,64,-1.7483893228960148,0.875,0.65625,5.603810591202017
T01747,BUILDING_CONSTRUCTION,KA-CENTRAL,LIMITED,4,1.03684,0.01504,0.10925,0.04489,0.94049,1.05377,0.07799500000000001,0.01844500000000001,8,-1.1429226721301688,0.875,0.65625,9.153318077803204
T00935,FURNITURE,KA-SOUTH,OPEN,8,0.99226,0.02108,0.14213,0.04223,0.90028,1.04131,0.120115,0.025825000000000008,32,-0.5749821517861469,0.75,0.65625,7.035812284528249
T02020,WATER_INFRASTRUCTURE,KA-SOUTH,OPEN,8,0.98199,0.00905,0.13907,0.041,0.95059,1.08715,0.10991999999999999,0.024564999999999997,36,-0.8003828877973849,0.75,0.65625,7.190623427051126
T00888,ELECTRICAL_EQUIPMENT,KA-SOUTH,OPEN,11,0.97976,0.01624,0.11768,0.03417,0.92524,1.04055,0.09169,0.025990000000000013,43,-0.6744907594765952,0.7209302325581395,0.6553911205073996,8.497620666213459
T01822,CIVIL_MAINTENANCE,KA-NORTH,OPEN,9,0.97217,0.00945,0.0896,0.03886,0.89451,0.98162,0.103015,0.023669999999999997,62,0.38226842156225277,0.3548387096774194,0.6552063388797086,11.160714285714286
T00174,LAB_EQUIPMENT,KA-NORTH,OPEN,9,0.98937,0.01152,0.09993,0.03046,0.95865,1.05752,0.07648,0.018280000000000005,19,-0.8652520957180609,0.7368421052631579,0.6549707602339181,10.007004903432403
T01032,MEDICAL_SUPPLIES,KA-SOUTH,LIMITED,5,0.9925,0.00836,0.09311,0.03543,0.98414,1.07655,0.0684,0.024709999999999996,11,-0.6744907594765952,0.8181818181818182,0.6545454545454547,10.739984964021051
T01475,ELECTRICAL_EQUIPMENT,KA-CENTRAL,LIMITED,5,0.98587,0.02546,0.09972,0.03678,0.96041,1.05873,0.08738,0.00827,11,-1.0064348212746297,0.8181818181818182,0.6545454545454547,10.028078620136382
T00765,BUILDING_CONSTRUCTION,KA-NORTH,OPEN,7,1.00706,0.01804,0.08616,0.02944,0.93833,1.0251,0.10989,0.03468,53,0.46152438645846605,0.3018867924528302,0.6543524390668254,11.606313834726091
T00865,IT_SERVICES,KA-CENTRAL,OPEN,9,0.99418,0.02563,0.1312,0.04367,0.90348,1.03392,0.1033,0.027770000000000003,53,-0.6776482603311851,0.7358490566037735,0.6540880503144654,7.621951219512194
T02026,BUILDING_CONSTRUCTION,KA-NORTH,OPEN,9,1.0164,0.02467,0.14717,0.04797,0.95982,1.1094,0.10989,0.03468,53,-0.7250581174535023,0.7358490566037735,0.6540880503144654,6.794863083508868
T00928,ROAD_CONSTRUCTION,KA-CENTRAL,OPEN,7,0.98274,0.0288,0.07972,0.02825,0.95394,1.03228,0.1053,0.03636,59,0.4745179765514661,0.288135593220339,0.6537030598044045,12.54390366281987
T00994,ROAD_CONSTRUCTION,KA-NORTH,OPEN,4,1.01911,0.02842,0.14794,0.05384,0.92309,1.07386,0.10597000000000001,0.02621499999999999,62,-1.079854174145821,0.8709677419354839,0.6532258064516129,6.75949709341625
T01945,BUILDING_CONSTRUCTION,KA-BENGALURU,OPEN,7,0.97188,0.01188,0.12463,0.03539,0.91277,1.0339,0.11302,0.02312,21,-0.33870405352609323,0.7619047619047619,0.653061224489796,8.023750300890637
T02421,IT_SERVICES,TN-NORTH,OPEN,3,0.98934,0.01094,0.07776,0.03372,0.9784,1.05533,0.105455,0.021859999999999997,8,0.8545298071227954,0.125,0.653019871415197,12.860082304526749
T01821,ROAD_CONSTRUCTION,KA-CENTRAL,OPEN,8,0.97521,0.03702,0.14531,0.04587,0.92234,1.06405,0.1053,0.03636,59,-0.7421995403371443,0.7457627118644068,0.652542372881356,6.881838827334664
T00926,MEDICAL_SUPPLIES,KA-SOUTH,OPEN,9,1.00133,0.03701,0.11442,0.03951,0.94762,1.06219,0.09937,0.020879999999999996,45,-0.48616311925875266,0.7333333333333333,0.6518518518518518,8.739730816290859
T00897,ELECTRICAL_EQUIPMENT,KA-SOUTH,OPEN,5,0.99701,0.01586,0.07016,0.02537,0.98115,1.0511,0.09169,0.025990000000000013,43,0.5587451347260901,0.2558139534883721,0.6516472705715698,14.253135689851767
T00011,BUILDING_CONSTRUCTION,KA-CENTRAL,OPEN,5,1.00555,0.04908,0.15471,0.05274,0.93739,1.09296,0.11566,0.02932,70,-0.8983241527135415,0.8142857142857143,0.6514285714285715,6.46370628918622
T02124,BUILDING_CONSTRUCTION,KA-NORTH,OPEN,3,0.97238,0.00916,0.06451,0.02802,0.96322,1.02594,0.10989,0.03468,53,0.8825948865354063,0.09433962264150944,0.6512896727846106,15.501472639900792
T02343,ELECTRICAL_EQUIPMENT,KA-SOUTH,OPEN,5,1.0218,0.03016,0.12369,0.04254,0.94227,1.06865,0.09169,0.025990000000000013,43,-0.8304618816179697,0.813953488372093,0.6511627906976745,8.08472794890452
T02197,WATER_INFRASTRUCTURE,KA-CENTRAL,OPEN,5,1.01352,0.04336,0.15164,0.05184,0.95179,1.10548,0.11693,0.029219999999999996,59,-0.8012174627458117,0.8135593220338984,0.6508474576271187,6.594566077552098
T00619,BUILDING_CONSTRUCTION,KA-CENTRAL,OPEN,8,0.99715,0.02184,0.09823,0.03014,0.94697,1.04492,0.11566,0.02932,70,0.4009677332086308,0.34285714285714286,0.650846766557552,10.180189351521939
T00445,WATER_INFRASTRUCTURE,KA-NORTH,OPEN,3,0.97676,0.07869,0.20881,0.08737,0.8515,1.05545,0.10822999999999999,0.01692000000000001,42,-4.009472847999758,0.9761904761904762,0.6507936507936508,4.789042670370193
T02306,WATER_INFRASTRUCTURE,KA-SOUTH,OPEN,8,1.00597,0.01806,0.09297,0.02943,0.94951,1.04304,0.10991999999999999,0.024564999999999997,36,0.46540274264719256,0.2777777777777778,0.6502829553718491,10.756157900397978
T00699,FURNITURE,KA-BENGALURU,OPEN,5,1.00195,0.05735,0.14164,0.05281,0.91739,1.0593,0.11214,0.017980000000000003,16,-1.1066450169387956,0.8125,0.65,7.060152499293985
T00041,ROAD_CONSTRUCTION,KA-SOUTH,LIMITED,7,0.9923,0.00434,0.05629,0.02196,0.94185,0.99771,0.06523,0.014189999999999994,9,0.4249434383171784,0.3333333333333333,0.6499515185575815,17.765144785930005
T00736,ROAD_CONSTRUCTION,KA-CENTRAL,OPEN,3,1.02294,0.02891,0.06379,0.02616,0.98659,1.05185,0.1053,0.03636,59,0.7700250667181923,0.2033898305084746,0.648943264817778,15.676438313215238
T00365,ELECTRICAL_EQUIPMENT,KA-CENTRAL,OPEN,5,0.95681,0.04565,0.13425,0.0534,0.87401,1.00246,0.10079,0.02248,42,-1.003935089505644,0.8095238095238095,0.6476190476190476,7.448789571694599
T01253,BUILDING_CONSTRUCTION,KA-CENTRAL,OPEN,9,1.01513,0.02591,0.13546,0.04488,0.93753,1.07504,0.11566,0.02932,70,-0.455488302784331,0.7285714285714285,0.6476190476190475,7.382253063635021
T00478,FURNITURE,KA-NORTH,OPEN,5,1.00366,0.02992,0.08613,0.03053,0.94714,1.03359,0.1018,0.020879999999999996,33,0.5061911015803761,0.30303030303030304,0.6473771236885434,11.610356437942645
T00596,MEDICAL_SUPPLIES,KA-NORTH,OPEN,3,1.06333,0.00343,0.08352,0.03965,0.97795,1.06676,0.11554500000000001,0.030324999999999998,58,0.712302277732497,0.25862068965517243,0.6472819782584464,11.973180076628353
T01803,CIVIL_MAINTENANCE,KA-CENTRAL,OPEN,8,1.02385,0.0348,0.11244,0.03779,0.97395,1.08907,0.0943,0.022679999999999992,73,-0.5394736497753723,0.7397260273972602,0.6472602739726027,8.893632159373889
T01824,IT_SERVICES,KA-NORTH,OPEN,12,1.00186,0.01802,0.1164,0.03044,0.95794,1.07455,0.09833,0.02729000000000001,51,-0.4466122397853453,0.7058823529411765,0.6470588235294118,8.59106529209622
T00567,MEDICAL_SUPPLIES,KA-CENTRAL,OPEN,7,1.024,0.03143,0.12328,0.04123,0.93389,1.06013,0.09419,0.027749999999999997,53,-0.7070607637179878,0.7547169811320755,0.646900269541779,8.111615833874108
T00766,BUILDING_CONSTRUCTION,KA-SOUTH,OPEN,7,1.00509,0.01956,0.13414,0.04221,0.93399,1.06881,0.10953,0.024610000000000007,53,-0.6744907594765952,0.7547169811320755,0.646900269541779,7.454897867899209
T00195,IT_SERVICES,KA-NORTH,LIMITED,3,0.93022,0.00249,0.06808,0.03083,0.92773,0.99105,0.083355,0.016184999999999998,6,0.6365675842449794,0.3333333333333333,0.6466006117188752,14.688601645123384
T00027,ELECTRICAL_EQUIPMENT,KA-SOUTH,OPEN,3,1.00368,0.00253,0.06194,0.02809,1.00115,1.06333,0.09169,0.025990000000000013,43,0.7720700305667061,0.19767441860465115,0.6464962994475716,16.144656118824667
T00595,FURNITURE,KA-NORTH,OPEN,9,0.99008,0.01559,0.11815,0.03168,0.90995,1.02693,0.1018,0.020879999999999996,33,-0.5281572757395755,0.7272727272727273,0.6464646464646464,8.463817181548878
T02449,WATER_INFRASTRUCTURE,KA-NORTH,OPEN,8,0.99627,0.02072,0.12665,0.03567,0.94644,1.07262,0.10822999999999999,0.01692000000000001,42,-0.7342860395720384,0.7380952380952381,0.6458333333333334,7.895775759968416
T00384,CIVIL_MAINTENANCE,KA-SOUTH,OPEN,8,0.98504,0.03652,0.12061,0.03881,0.93726,1.05607,0.09694,0.028469999999999995,61,-0.5607726124626277,0.7377049180327869,0.6454918032786886,8.291186468783684
T01452,ROAD_CONSTRUCTION,KA-NORTH,OPEN,5,1.03685,0.02015,0.14332,0.05718,0.9084,1.057,0.10597000000000001,0.02621499999999999,62,-0.9609853086572893,0.8064516129032258,0.6451612903225806,6.977393245883338
T02005,BUILDING_CONSTRUCTION,KA-NORTH,LIMITED,3,0.97368,0.00025,0.04613,0.02136,0.97344,1.01836,0.08109,0.031305,14,0.7532405989874387,0.21428571428571427,0.645017542182102,21.67786689789725
T02045,IT_SERVICES,KA-CENTRAL,OPEN,6,0.99313,0.02512,0.13667,0.04391,0.91417,1.04991,0.1033,0.027770000000000003,53,-0.810506180905077,0.7735849056603774,0.6446540880503145,7.316894709885124
T01919,MEDICAL_SUPPLIES,KA-NORTH,OPEN,7,1.02608,0.02912,0.09958,0.0341,0.96274,1.06491,0.11554500000000001,0.030324999999999998,58,0.35509464056203954,0.39655172413793105,0.6442683125999749,10.04217714400482
T02336,BUILDING_CONSTRUCTION,KA-SOUTH,OPEN,8,1.00361,0.03487,0.1312,0.04187,0.92432,1.05599,0.10953,0.024610000000000007,53,-0.5939136431474125,0.7358490566037735,0.6438679245283019,7.621951219512194
T00529,WATER_INFRASTRUCTURE,KA-NORTH,LIMITED,4,1.00685,0.03268,0.09954,0.03853,0.9505,1.05072,0.10906,0.017939999999999998,8,0.3579237475037451,0.5,0.6434428106278088,10.046212577858148
T00883,FURNITURE,KA-SOUTH,OPEN,3,1.00485,0.03618,0.09154,0.0379,0.94905,1.04103,0.120115,0.025825000000000008,32,0.7463145576783622,0.21875,0.6433763717855748,10.924186148131964
T01034,MEDICAL_SUPPLIES,KA-SOUTH,OPEN,3,0.98239,0.01129,0.07845,0.03397,0.9711,1.04817,0.09937,0.020879999999999996,45,0.6757828873683127,0.28888888888888886,0.6431145175048011,12.746972594008922
T01878,BUILDING_CONSTRUCTION,KA-CENTRAL,OPEN,6,1.02167,0.03205,0.14919,0.04797,0.95414,1.10656,0.11566,0.02932,70,-0.7713395349676069,0.7714285714285715,0.6428571428571429,6.702862122126148
T01332,ROAD_CONSTRUCTION,KA-SOUTH,OPEN,7,0.99515,0.03638,0.12898,0.04096,0.9333,1.06165,0.10933000000000001,0.026665000000000008,64,-0.4970464437920529,0.75,0.6428571428571429,7.753140021708791
T01463,IT_SERVICES,TN-NORTH,OPEN,7,0.99213,0.03151,0.12761,0.03983,0.93193,1.05853,0.105455,0.021859999999999997,8,-0.6835929906772176,0.75,0.6428571428571429,7.836376459525115
T00641,VEHICLE_SUPPLIES,KA-CENTRAL,LIMITED,4,1.04355,0.0227,0.103,0.03801,0.97314,1.08062,0.09132,0.011679999999999996,7,-0.6744907594765952,0.8571428571428571,0.6428571428571428,9.708737864077671
T00920,CIVIL_MAINTENANCE,KA-BENGALURU,OPEN,4,0.99505,0.04593,0.14248,0.05473,0.93351,1.07529,0.1076,0.03349,14,-0.7024854491055132,0.8571428571428571,0.6428571428571428,7.018528916339135
T01504,IT_SERVICES,KA-BENGALURU,OPEN,4,1.04213,0.02926,0.12218,0.04586,0.95835,1.08568,0.08701500000000001,0.018524999999999993,14,-1.2803491258836421,0.8571428571428571,0.6428571428571428,8.18464560484531
T02113,BUILDING_CONSTRUCTION,KA-NORTH,LIMITED,4,1.00633,0.03899,0.12536,0.04928,0.93007,1.05623,0.08109,0.031305,14,-0.9538318454569198,0.8571428571428571,0.6428571428571428,7.97702616464582
T02120,ELECTRICAL_EQUIPMENT,KA-CENTRAL,OPEN,4,0.96327,0.00961,0.14367,0.05586,0.94534,1.08373,0.10079,0.02248,42,-1.2865731212791989,0.8571428571428571,0.6428571428571428,6.960395350455906
T00217,IT_SERVICES,KA-CENTRAL,OPEN,8,1.00388,0.01376,0.08782,0.02574,0.97985,1.06801,0.1033,0.027770000000000003,53,0.3759854863773028,0.3584905660377358,0.6426665458631589,11.386927806877704
T00073,ROAD_CONSTRUCTION,KA-SOUTH,OPEN,8,1.01649,0.00827,0.12776,0.03854,0.95022,1.08008,0.10933000000000001,0.026665000000000008,64,-0.46618656280343695,0.734375,0.642578125,7.827175954915465
T00951,WATER_INFRASTRUCTURE,TN-NORTH,OPEN,9,1.01744,0.03018,0.08125,0.02739,0.96594,1.04861,0.08832999999999999,0.021425000000000007,8,0.22288889508024667,0.5,0.642567906737997,12.307692307692307
T02262,CIVIL_MAINTENANCE,KA-SOUTH,OPEN,10,1.01308,0.02752,0.11691,0.03432,0.98428,1.10272,0.09694,0.028469999999999995,61,-0.4731148741393611,0.7131147540983607,0.6418032786885246,8.553588230262594
T00482,MEDICAL_SUPPLIES,KA-CENTRAL,OPEN,3,0.92527,0.02036,0.18555,0.07904,0.90491,1.0766,0.09419,0.027749999999999997,53,-2.2205937220101526,0.9622641509433962,0.6415094339622642,5.3893829156561575
T01319,LAB_EQUIPMENT,KA-SOUTH,OPEN,9,1.0135,0.02157,0.08541,0.02611,0.98228,1.06885,0.09267500000000001,0.01473999999999999,18,0.3324406626592587,0.3888888888888889,0.6411818235983534,11.708230886313078
T01847,ROAD_CONSTRUCTION,KA-NORTH,OPEN,9,1.01134,0.03589,0.09553,0.03501,0.96432,1.06093,0.10597000000000001,0.02621499999999999,62,0.2686127609740858,0.45161290322580644,0.6402005903999043,10.467915837956662
T00289,FURNITURE,KA-NORTH,LIMITED,5,1.00078,0.03613,0.16034,0.05463,0.90734,1.0678,0.081065,0.061290000000000004,10,-0.8724140146436138,0.8,0.6400000000000001,6.236746912810278
T01070,CIVIL_MAINTENANCE,KA-SOUTH,LIMITED,5,0.98452,0.00902,0.10025,0.03983,0.9755,1.0742,0.07109499999999999,0.03572999999999999,10,-0.5503716230769703,0.8,0.6400000000000001,9.97506234413965
T01650,ROAD_CONSTRUCTION,KA-NORTH,TWO_STAGE,5,0.98946,0.05732,0.17135,0.06545,0.92364,1.09318,0.1323,0.0464,5,-0.567647934430195,0.8,0.6400000000000001,5.836008170411438
T01830,MEDICAL_SUPPLIES,KA-SOUTH,OPEN,5,0.97803,0.04223,0.1188,0.04746,0.9358,1.05199,0.09937,0.020879999999999996,45,-0.6276511234018318,0.8,0.6400000000000001,8.417508417508417
T01973,MEDICAL_SUPPLIES,KA-SOUTH,OPEN,5,1.01417,0.01022,0.08837,0.02855,0.9687,1.05833,0.09937,0.020879999999999996,45,0.3553351702223442,0.4444444444444444,0.6398236917334309,11.316057485572026
T01563,VEHICLE_SUPPLIES,KA-NORTH,OPEN,8,1.01085,0.05334,0.13361,0.04758,0.94915,1.08421,0.12007000000000001,0.019319999999999997,26,-0.47270211611351437,0.7307692307692307,0.6394230769230769,7.48446972531996
T02352,CIVIL_MAINTENANCE,KA-CENTRAL,OPEN,6,0.99846,0.03968,0.11497,0.04167,0.94597,1.06076,0.0943,0.022679999999999992,73,-0.6147144620097545,0.7671232876712328,0.639269406392694,8.697921196833956
T02222,CIVIL_MAINTENANCE,KA-NORTH,OPEN,9,1.00038,0.01712,0.0908,0.02765,0.95617,1.047,0.103015,0.023669999999999997,62,0.3480737062529195,0.3709677419354839,0.6391479539452474,11.013215859030836
T00081,ROAD_CONSTRUCTION,KA-NORTH,OPEN,10,1.00885,0.02529,0.12763,0.03325,0.93065,1.05941,0.10597000000000001,0.02621499999999999,62,-0.5572942914462349,0.7096774193548387,0.6387096774193549,7.835148476063622
T01137,CIVIL_MAINTENANCE,KA-SOUTH,OPEN,5,0.99597,0.01735,0.07639,0.02665,0.95253,1.02861,0.09694,0.028469999999999995,61,0.4868558169035488,0.3114754098360656,0.6386649813916915,13.090718680455558
T01277,CIVIL_MAINTENANCE,KA-CENTRAL,OPEN,8,1.00308,0.0347,0.08359,0.0325,0.95916,1.04301,0.0943,0.022679999999999992,73,0.3185095253083922,0.410958904109589,0.6382848757407336,11.963153487259241
T01865,ROAD_CONSTRUCTION,KA-SOUTH,OPEN,5,1.01989,0.03364,0.14098,0.0506,0.98626,1.13005,0.10933000000000001,0.026665000000000008,64,-0.800586256794833,0.796875,0.6375000000000001,7.093204709887928
T00810,IT_SERVICES,KA-CENTRAL,OPEN,4,0.98501,0.01076,0.08074,0.03183,0.97218,1.05171,0.1033,0.027770000000000003,53,0.5479478406118827,0.3018867924528302,0.6373759747985346,12.385434728758979
T01267,BUILDING_CONSTRUCTION,KA-SOUTH,OPEN,9,1.01696,0.01681,0.12886,0.03956,0.99579,1.12684,0.10953,0.024610000000000007,53,-0.5297808362731646,0.7169811320754716,0.6373165618448636,7.760360080707745
T00940,BUILDING_CONSTRUCTION,KA-CENTRAL,OPEN,7,0.98172,0.00753,0.13551,0.04428,0.97234,1.10537,0.11566,0.02932,70,-0.45663852577116,0.7428571428571429,0.6367346938775511,7.3795291860379315
T02314,FURNITURE,KA-CENTRAL,OPEN,7,1.01572,0.04167,0.13458,0.04522,0.9207,1.0574,0.09752,0.03523000000000001,35,-0.7095267540789842,0.7428571428571429,0.6367346938775511,7.43052459503641
T02153,CIVIL_MAINTENANCE,KA-NORTH,OPEN,7,1.02779,0.01757,0.12063,0.04263,0.92138,1.04536,0.103015,0.023669999999999997,62,-0.5019499251449189,0.7419354838709677,0.6359447004608295,8.289811821271657
T01381,IT_SERVICES,KA-NORTH,OPEN,8,0.97453,0.0384,0.11956,0.04438,0.92987,1.04638,0.09833,0.02729000000000001,51,-0.5247137714799601,0.7254901960784313,0.6348039215686274,8.364001338240215
T01765,WATER_INFRASTRUCTURE,KA-BENGALURU,OPEN,5,0.98921,0.03381,0.07819,0.03164,0.94669,1.02403,0.098545,0.03149,14,0.4359879139138169,0.35714285714285715,0.6345046168453393,12.78935925310142
T02432,CIVIL_MAINTENANCE,KA-SOUTH,OPEN,5,1.00471,0.02718,0.07592,0.02866,0.97753,1.05381,0.09694,0.028469999999999995,61,0.4979907187986664,0.29508196721311475,0.634458148809425,13.171759747102213
T01480,CIVIL_MAINTENANCE,KA-SOUTH,LIMITED,3,1.03585,0.00695,0.03129,0.01353,1.01039,1.0428,0.07109499999999999,0.03572999999999999,10,0.7514163078915722,0.2,0.6342775385943816,31.95909236177693
T01020,CIVIL_MAINTENANCE,KA-SOUTH,OPEN,9,0.99415,0.0345,0.11691,0.03552,0.92859,1.04481,0.09694,0.028469999999999995,61,-0.4731148741393611,0.7131147540983607,0.633879781420765,8.553588230262594
T00843,CIVIL_MAINTENANCE,KA-NORTH,OPEN,8,0.97697,0.01273,0.0912,0.02698,0.94779,1.03689,0.103015,0.023669999999999997,62,0.3366754678164752,0.3870967741935484,0.6333007117587707,10.964912280701753
T00165,WATER_INFRASTRUCTURE,KA-CENTRAL,OPEN,3,1.01748,0.04361,0.08753,0.03572,0.97387,1.06293,0.11693,0.029219999999999996,59,0.6786457333542748,0.2711864406779661,0.6332214493548273,11.424654404204274
T01872,CIVIL_MAINTENANCE,KA-CENTRAL,OPEN,9,1.00908,0.02062,0.11171,0.03148,0.94665,1.05937,0.0943,0.022679999999999992,73,-0.517763850197863,0.7123287671232876,0.6331811263318112,8.951750067138125
T00375,WATER_INFRASTRUCTURE,KA-CENTRAL,OPEN,3,1.05167,0.02578,0.17429,0.08039,0.89415,1.07744,0.11693,0.029219999999999996,59,-1.3240516756871152,0.9491525423728814,0.632768361581921,5.7375638303976135
T01436,ROAD_CONSTRUCTION,KA-CENTRAL,OPEN,9,0.99527,0.02791,0.13885,0.04443,0.942,1.08019,0.1053,0.03636,59,-0.6223642733894325,0.711864406779661,0.6327683615819208,7.2020165646380985
T01041,IT_SERVICES,KA-CENTRAL,OPEN,6,0.98125,0.02,0.08604,0.02913,0.92576,1.01019,0.1033,0.027770000000000003,53,0.4192189596170699,0.33962264150943394,0.6323680009387532,11.622501162250115
T01997,MEDICAL_SUPPLIES,KA-SOUTH,OPEN,9,0.98184,0.02791,0.11373,0.03246,0.93272,1.04438,0.09937,0.020879999999999996,45,-0.4638739131266239,0.7111111111111111,0.6320987654320988,8.792754770069463
T00868,LAB_EQUIPMENT,KA-SOUTH,OPEN,8,0.97541,0.0207,0.09425,0.03236,0.94654,1.03847,0.09267500000000001,0.01473999999999999,18,-0.07207075618559251,0.7222222222222222,0.6319444444444444,10.610079575596817
T01600,WATER_INFRASTRUCTURE,KA-SOUTH,OPEN,8,1.01461,0.02238,0.12748,0.04304,0.92795,1.0573,0.10991999999999999,0.024564999999999997,36,-0.48215174990470294,0.7222222222222222,0.6319444444444444,7.844367743959836
T00281,CIVIL_MAINTENANCE,KA-CENTRAL,LIMITED,5,0.99028,0.02927,0.12634,0.04432,0.91529,1.0404,0.08912,0.02513,19,-0.9989871097381168,0.7894736842105263,0.6315789473684211,7.91514959632737
T00931,ROAD_CONSTRUCTION,TN-NORTH,OPEN,3,1.01297,0.03197,0.07401,0.03021,0.981,1.05597,0.10751,0.03349999999999999,11,0.6744907594765952,0.2727272727272727,0.631478688135912,13.511687609782461
T01282,MEDICAL_SUPPLIES,KA-CENTRAL,OPEN,7,1.0227,0.0301,0.12213,0.04503,0.9279,1.0528,0.09419,0.027749999999999997,53,-0.679108894406345,0.7358490566037735,0.6307277628032345,8.187996397281585
T00793,IT_SERVICES,KA-SOUTH,OPEN,6,1.01703,0.03498,0.12319,0.04178,0.94059,1.06587,0.09166,0.02535000000000001,37,-0.8389228262839066,0.7567567567567568,0.6306306306306307,8.117542008279893
T00160,ROAD_CONSTRUCTION,KA-NORTH,OPEN,11,0.99576,0.03152,0.1272,0.0404,0.92447,1.05114,0.10597000000000001,0.02621499999999999,62,-0.5462307390306359,0.6935483870967742,0.6304985337243402,7.861635220125786
T00327,FURNITURE,KA-CENTRAL,OPEN,7,1.03045,0.01602,0.0785,0.02337,0.98731,1.0682,0.09752,0.03523000000000001,35,0.3641445996379459,0.37142857142857144,0.6304912894855863,12.738853503184714
T01622,ELECTRICAL_EQUIPMENT,KA-BENGALURU,OPEN,9,1.00918,0.0245,0.0914,0.02983,0.94211,1.03435,0.10288,0.023164999999999998,16,0.33426090735123315,0.375,0.6304541398677628,10.940919037199125
T02303,WATER_INFRASTRUCTURE,KA-NORTH,OPEN,9,1.00692,0.015,0.09821,0.03,0.95711,1.056,0.10822999999999999,0.01692000000000001,42,0.3994324710375574,0.30952380952380953,0.6301833604989928,10.182262498727217
T01241,CIVIL_MAINTENANCE,KA-NORTH,OPEN,4,0.9765,0.03236,0.13527,0.04806,0.90577,1.03787,0.103015,0.023669999999999997,62,-0.9191254519187826,0.8387096774193549,0.6290322580645161,7.392622163081245
T00654,ROAD_CONSTRUCTION,KA-SOUTH,OPEN,8,1.00665,0.02099,0.12647,0.04277,0.90411,1.03142,0.10933000000000001,0.026665000000000008,64,-0.4335560329056377,0.71875,0.62890625,7.907013520993121
T00338,ROAD_CONSTRUCTION,AP-SOUTH,OPEN,5,0.98516,0.00492,0.12994,0.049,0.87111,0.99912,0.12472,0.013115000000000002,14,-0.26845915093159195,0.7857142857142857,0.6285714285714286,7.695859627520394
T00362,WATER_INFRASTRUCTURE,KA-NORTH,OPEN,5,1.00887,0.0065,0.12797,0.05093,0.88626,1.01537,0.10822999999999999,0.01692000000000001,42,-0.7869058860560275,0.7857142857142857,0.6285714285714286,7.814331483941549
T01590,MEDICAL_SUPPLIES,KA-CENTRAL,LIMITED,5,1.00173,0.04221,0.12583,0.05396,0.91789,1.04394,0.11796999999999999,0.02194999999999999,14,-0.24152607605858972,0.7857142857142857,0.6285714285714286,7.947230390209012
T02488,BUILDING_CONSTRUCTION,KA-NORTH,LIMITED,5,1.00905,0.03473,0.12164,0.04249,0.94145,1.0642,0.08109,0.031305,14,-0.8736815300040229,0.7857142857142857,0.6285714285714286,8.220979940808945
T01793,ROAD_CONSTRUCTION,KA-NORTH,OPEN,9,0.98056,0.0238,0.09542,0.03249,0.94788,1.04144,0.10597000000000001,0.02621499999999999,62,0.27144297205714607,0.43548387096774194,0.6283794160221227,10.479983232026829
T01778,BUILDING_CONSTRUCTION,KA-SOUTH,OPEN,10,1.00733,0.01803,0.12881,0.03398,0.94465,1.0744,0.10953,0.024610000000000007,53,-0.5284104771519202,0.6981132075471698,0.6283018867924528,7.763372408974458
T01575,ROAD_CONSTRUCTION,KA-NORTH,OPEN,3,0.98131,0.00554,0.07749,0.03451,0.97577,1.05181,0.10597000000000001,0.02621499999999999,62,0.7327673785959734,0.20967741935483872,0.6282965319672081,12.90489095367144
T01557,ROAD_CONSTRUCTION,KA-NORTH,OPEN,7,0.97839,0.02783,0.09257,0.03132,0.94163,1.0322,0.10597000000000001,0.02621499999999999,62,0.34477116830007193,0.3870967741935484,0.627315379280246,10.802635843145728
T01567,FURNITURE,KA-NORTH,LIMITED,3,0.97649,0.00705,0.02285,0.00951,0.96944,0.99175,0.081065,0.061290000000000004,10,0.6406506699776471,0.3,0.6271004466517648,43.7636761487965
T01218,CIVIL_MAINTENANCE,KA-CENTRAL,OPEN,4,1.00023,0.02843,0.12906,0.04623,0.92504,1.05413,0.0943,0.022679999999999992,73,-1.0337433333071633,0.8356164383561644,0.6267123287671232,7.748334108166744
T02479,IT_SERVICES,KA-SOUTH,OPEN,7,0.96433,0.0303,0.10895,0.03756,0.93305,1.03812,0.09166,0.02535000000000001,37,-0.4600372872327545,0.7297297297297297,0.6254826254826256,9.178522257916475
T02305,LAB_EQUIPMENT,KA-SOUTH,OPEN,7,1.00797,0.02739,0.08402,0.02932,0.96451,1.04919,0.09267500000000001,0.01473999999999999,18,0.39604596494368677,0.3333333333333333,0.6251822556660173,11.901928112354202
T01900,FURNITURE,KA-BENGALURU,OPEN,3,0.94453,0.06974,0.17289,0.07024,0.87478,1.03808,0.11214,0.017980000000000003,16,-2.2789384670858257,0.9375,0.6250000000000001,5.784024524263983
T01968,WATER_INFRASTRUCTURE,AP-SOUTH,OPEN,4,1.00536,0.03938,0.12902,0.0504,0.92677,1.05648,0.11100499999999999,0.018865,12,-0.6441002402316918,0.8333333333333334,0.625,7.750736319950396
T02201,VEHICLE_SUPPLIES,KA-SOUTH,LIMITED,4,0.97897,0.04077,0.11685,0.04782,0.91381,1.0282,0.09557,0.02983,6,-0.4811653825565519,0.8333333333333334,0.625,8.557980316645272
T02294,BUILDING_CONSTRUCTION,KA-CENTRAL,TWO_STAGE,4,1.00965,0.03947,0.16752,0.05923,0.93533,1.10446,0.12519,0.03899999999999999,6,-0.7320818935549817,0.8333333333333334,0.625,5.969436485195797
T00563,BUILDING_CONSTRUCTION,AP-SOUTH,OPEN,6,0.99869,0.02677,0.11117,0.03729,0.96265,1.07368,0.10548,0.018425000000000004,4,-0.20829592517893222,0.75,0.625,8.995232526760816
T01235,WATER_INFRASTRUCTURE,AP-SOUTH,OPEN,6,1.05293,0.02954,0.12656,0.04611,0.96912,1.10237,0.11100499999999999,0.018865,12,-0.5561465021817359,0.75,0.625,7.9013906447534765
T01816,MEDICAL_SUPPLIES,AP-SOUTH,OPEN,6,0.99347,0.03417,0.14689,0.04865,0.89932,1.04525,0.14634999999999998,0.01353500000000002,4,-0.02690986406482227,0.75,0.625,6.80781537204711
T02123,WATER_INFRASTRUCTURE,KA-NORTH,TWO_STAGE,6,1.00308,0.03284,0.11766,0.03928,0.95277,1.07078,0.0905,0.02615,8,-0.7005418366112554,0.75,0.625,8.499065102838689
T00900,VEHICLE_SUPPLIES,KA-SOUTH,OPEN,8,1.00203,0.0241,0.16682,0.04576,0.92454,1.0917,0.11184,0.029350000000000015,21,-1.2634924005459347,0.7142857142857143,0.625,5.994485073732166
T01585,ELECTRICAL_EQUIPMENT,KA-CENTRAL,OPEN,8,0.98282,0.01716,0.11637,0.03413,0.95518,1.06955,0.10079,0.02248,42,-0.46746290180806715,0.7142857142857143,0.625,8.593280054996992
T00083,ROAD_CONSTRUCTION,KA-CENTRAL,TWO_STAGE,11,0.9977,0.0082,0.093,0.02611,0.94865,1.04144,0.08646999999999999,0.011260000000000006,16,-0.3911567193056989,0.6875,0.625,10.75268817204301
T00137,CIVIL_MAINTENANCE,KA-CENTRAL,OPEN,14,0.98407,0.02669,0.08642,0.03183,0.9532,1.03825,0.0943,0.022679999999999992,73,0.234346877631198,0.4383561643835616,0.6246528247279911,11.571395510298542
T01987,ROAD_CONSTRUCTION,KA-CENTRAL,LIMITED,6,1.03618,0.01974,0.06669,0.02406,0.9965,1.06561,0.07505,0.022630000000000008,6,0.24917113341689517,0.5,0.6243092778474126,14.9947518368571
T00841,ELECTRICAL_EQUIPMENT,KA-CENTRAL,OPEN,8,1.01101,0.02386,0.08812,0.028,0.97891,1.068,0.10079,0.02248,42,0.3801511531391664,0.3333333333333333,0.6242989256634373,11.348161597821152
T00962,MEDICAL_SUPPLIES,KA-NORTH,OPEN,5,1.02888,0.01582,0.09597,0.03479,0.94597,1.04471,0.11554500000000001,0.030324999999999998,58,0.43538851168192444,0.3448275862068966,0.624172878311057,10.419922892570595
T01178,WATER_INFRASTRUCTURE,KA-CENTRAL,OPEN,4,1.00555,0.03498,0.15399,0.06049,0.96648,1.12133,0.11693,0.029219999999999996,59,-0.8554629550377348,0.8305084745762712,0.6228813559322034,6.493928177154361
T02068,IT_SERVICES,KA-SOUTH,LIMITED,5,1.00155,0.02404,0.0833,0.02958,0.94216,1.02559,0.05821,0.0233,9,-0.7263078607411062,0.7777777777777778,0.6222222222222222,12.004801920768308
T02331,IT_SERVICES,KA-CENTRAL,TWO_STAGE,5,0.98369,0.02502,0.11349,0.03927,0.91066,1.0223,0.10588,0.02327,9,-0.22057905799814714,0.7777777777777778,0.6222222222222222,8.811349017534585
T00104,ELECTRICAL_EQUIPMENT,AP-SOUTH,OPEN,9,1.0117,0.01503,0.11684,0.03297,0.94357,1.06177,0.11116000000000001,0.03665500000000001,10,-0.1045180061063171,0.7,0.6222222222222221,8.558712769599452
T00341,CIVIL_MAINTENANCE,TN-NORTH,OPEN,9,0.96281,0.04386,0.14586,0.04503,0.88449,1.02493,0.11902,0.03328,10,-0.543970312029802,0.7,0.6222222222222221,6.855889208830386
T02320,FURNITURE,KA-NORTH,OPEN,3,1.0196,0.02458,0.08135,0.03374,0.99503,1.07797,0.1018,0.020879999999999996,33,0.6606003846406309,0.2727272727272727,0.6222184382452691,12.292562999385371
T01415,CIVIL_MAINTENANCE,TN-NORTH,LIMITED,3,1.04047,0.02128,0.12194,0.0548,0.93488,1.06175,0.13448000000000002,0.01954999999999999,4,0.43264010863613883,0.5,0.6217600724240927,8.200754469411185
T00071,WATER_INFRASTRUCTURE,KA-CENTRAL,OPEN,6,1.0254,0.02827,0.1336,0.04303,0.95622,1.09321,0.11693,0.029219999999999996,59,-0.3847967474495153,0.7457627118644068,0.6214689265536724,7.485029940119761
T01063,IT_SERVICES,KA-CENTRAL,OPEN,9,0.98486,0.01539,0.1251,0.03422,0.94664,1.06985,0.1033,0.027770000000000003,53,-0.5294886048465886,0.6981132075471698,0.620545073375262,7.9936051159072745
T00566,LAB_EQUIPMENT,KA-NORTH,LIMITED,5,0.98534,0.01939,0.08205,0.02697,0.9564,1.03725,0.091945,0.024235,6,0.27539038848858716,0.5,0.6203123107908697,12.187690432663011
T01578,ELECTRICAL_EQUIPMENT,KA-SOUTH,OPEN,9,0.98916,0.01792,0.1156,0.03358,0.93687,1.05122,0.09169,0.025990000000000013,43,-0.6205107371714268,0.6976744186046512,0.6201550387596899,8.650519031141869
T01736,ELECTRICAL_EQUIPMENT,KA-NORTH,OPEN,9,1.01743,0.02742,0.12307,0.03532,0.97006,1.09528,0.09762,0.027480000000000004,43,-0.624664840927196,0.6976744186046512,0.6201550387596899,8.125457056959455
T01656,ELECTRICAL_EQUIPMENT,KA-SOUTH,OPEN,9,0.98308,0.01761,0.0783,0.02467,0.93063,1.0076,0.09169,0.025990000000000013,43,0.3474963935895192,0.3488372093023256,0.6189632025705286,12.77139208173691
T00255,ROAD_CONSTRUCTION,KA-CENTRAL,OPEN,8,0.99509,0.01986,0.08365,0.02753,0.94304,1.02628,0.1053,0.03636,59,0.4016150974331212,0.3050847457627119,0.6183623627963539,11.95457262402869
T02243,ELECTRICAL_EQUIPMENT,KA-NORTH,OPEN,7,0.98574,0.04285,0.1275,0.04422,0.91469,1.04037,0.09762,0.027480000000000004,43,-0.7333982493872149,0.7209302325581395,0.6179401993355482,7.8431372549019605
T02345,ROAD_CONSTRUCTION,KA-NORTH,OPEN,4,1.01428,0.00588,0.08649,0.03629,0.93383,1.02156,0.10597000000000001,0.02621499999999999,62,0.5012046536183135,0.3225806451612903,0.6178389740847028,11.562030292519367
T00826,MEDICAL_SUPPLIES,KA-SOUTH,OPEN,3,1.0197,0.01038,0.08169,0.03711,0.94678,1.03009,0.09937,0.020879999999999996,45,0.5711205281391861,0.35555555555555557,0.6177840557964945,12.241400416207615
T00896,CIVIL_MAINTENANCE,KA-SOUTH,OPEN,5,1.03681,0.00322,0.07819,0.03319,0.95896,1.04004,0.09694,0.028469999999999995,61,0.44421151177331103,0.32786885245901637,0.617664291385862,12.78935925310142
T00786,BUILDING_CONSTRUCTION,KA-NORTH,OPEN,4,0.97719,0.01701,0.08215,0.03068,0.95278,1.03306,0.10989,0.03468,53,0.5395148116459271,0.2830188679245283,0.6169002596778416,12.172854534388314
T01016,BUILDING_CONSTRUCTION,KA-CENTRAL,LIMITED,4,1.01958,0.01466,0.06577,0.02384,0.97794,1.045,0.07799500000000001,0.01844500000000001,8,0.4470398229656482,0.375,0.6165298672242362,15.20450053215752
T00606,MEDICAL_SUPPLIES,KA-BENGALURU,OPEN,5,1.01485,0.00149,0.06558,0.02149,0.99435,1.06091,0.08851,0.034519999999999995,28,0.4480322455040074,0.32142857142857145,0.6155686535460632,15.248551387618177
T01542,ELECTRICAL_EQUIPMENT,KA-CENTRAL,OPEN,6,0.95833,0.02452,0.12263,0.04162,0.9183,1.03582,0.10079,0.02248,42,-0.6552881755769056,0.7380952380952381,0.6150793650793651,8.154611432765229
T01290,IT_SERVICES,KA-BENGALURU,OPEN,6,1.02028,0.01725,0.07852,0.02567,0.97407,1.05419,0.08701500000000001,0.018524999999999993,14,0.30930089078292466,0.42857142857142855,0.6148935994619611,12.735608762098828
T00732,BUILDING_CONSTRUCTION,KA-SOUTH,OPEN,3,0.95953,0.01453,0.08552,0.03659,0.945,1.02706,0.10953,0.024610000000000007,53,0.6580464500216598,0.2641509433962264,0.6147982622785909,11.693171188026193
T01772,IT_SERVICES,KA-CENTRAL,OPEN,7,0.98013,0.02974,0.13033,0.04403,0.94129,1.06903,0.1033,0.027770000000000003,53,-0.6565172930735458,0.7169811320754716,0.6145552560646901,7.672830507174097
T01001,CIVIL_MAINTENANCE,KA-CENTRAL,LIMITED,6,0.96715,0.02844,0.11425,0.03861,0.93265,1.04315,0.08912,0.02513,19,-0.6744907594765952,0.7368421052631579,0.6140350877192983,8.752735229759299
T01175,ROAD_CONSTRUCTION,KA-CENTRAL,OPEN,14,0.9958,0.04306,0.12771,0.04405,0.92603,1.0532,0.1053,0.03636,59,-0.4157133641328517,0.6610169491525424,0.6138014527845037,7.830240388379924
T01428,ELECTRICAL_EQUIPMENT,KA-NORTH,LIMITED,4,0.99584,0.01242,0.09857,0.03884,0.98102,1.07917,0.09409,0.03334999999999999,11,-0.09060625494618157,0.8181818181818182,0.6136363636363636,10.145074566298062
T01995,ROAD_CONSTRUCTION,KA-CENTRAL,LIMITED,4,1.00256,0.0191,0.0588,0.02238,0.97607,1.03502,0.07505,0.022630000000000008,6,0.4843338418689648,0.3333333333333333,0.6132503814017236,17.006802721088437
T02430,VEHICLE_SUPPLIES,KA-SOUTH,LIMITED,3,0.98501,0.0056,0.07703,0.0343,0.97941,1.05529,0.09557,0.02983,6,0.4192108173213569,0.5,0.6128072115475713,12.981955082435414
T01910,BUILDING_CONSTRUCTION,TN-NORTH,OPEN,8,1.01096,0.02037,0.10097,0.03487,0.93068,1.03276,0.091735,0.022385000000000002,10,-0.2782632192882002,0.7,0.6124999999999999,9.903931860948797
T01965,BUILDING_CONSTRUCTION,KA-CENTRAL,OPEN,8,0.9872,0.01464,0.12999,0.03597,0.93626,1.06459,0.11566,0.02932,70,-0.3296539080252254,0.7,0.6124999999999999,7.692899453804139
T00662,MEDICAL_SUPPLIES,KA-SOUTH,OPEN,9,0.97003,0.01839,0.11288,0.04092,0.93976,1.04926,0.09937,0.020879999999999996,45,-0.4364161954276245,0.6888888888888889,0.6123456790123456,8.85896527285613
T00834,WATER_INFRASTRUCTURE,KA-NORTH,OPEN,7,1.01006,0.02674,0.12365,0.04915,0.91506,1.03995,0.10822999999999999,0.01692000000000001,42,-0.6146954793811521,0.7142857142857143,0.6122448979591837,8.087343307723414
T01426,MEDICAL_SUPPLIES,KA-BENGALURU,OPEN,7,0.95524,0.01461,0.12094,0.03698,0.91452,1.03005,0.08851,0.034519999999999995,28,-0.6336539782684237,0.7142857142857143,0.6122448979591837,8.268562923763849
T02476,BUILDING_CONSTRUCTION,KA-CENTRAL,OPEN,7,0.95594,0.01575,0.13467,0.03884,0.90249,1.03123,0.11566,0.02932,70,-0.43731477959243126,0.7142857142857143,0.6122448979591837,7.42555877329769
T02172,CIVIL_MAINTENANCE,KA-CENTRAL,OPEN,4,0.96018,0.01633,0.07883,0.03093,0.94123,1.01692,0.0943,0.022679999999999992,73,0.46006931433434434,0.3561643835616438,0.6121752734219911,12.685525815045034
T00248,CIVIL_MAINTENANCE,KA-SOUTH,OPEN,9,0.98033,0.01546,0.11597,0.04283,0.96488,1.07857,0.09694,0.028469999999999995,61,-0.45084507034912585,0.6885245901639344,0.6120218579234972,8.6229197206174
T02301,IT_SERVICES,KA-NORTH,LIMITED,5,0.99924,0.02101,0.077,0.02925,0.97823,1.05517,0.083355,0.016184999999999998,6,0.26483711933727294,0.5,0.6118696954698184,12.987012987012987
T00229,FURNITURE,KA-BENGALURU,OPEN,9,0.97842,0.02322,0.13055,0.03587,0.91456,1.04229,0.11214,0.017980000000000003,16,-0.690621517350618,0.6875,0.611111111111111,7.659900421294523
T00326,FURNITURE,KA-SOUTH,OPEN,9,0.98336,0.03157,0.14097,0.04143,0.89998,1.0386,0.120115,0.025825000000000008,32,-0.5446855678174016,0.6875,0.611111111111111,7.093707881109455
T01644,ROAD_CONSTRUCTION,KA-NORTH,OPEN,4,0.96311,0.00339,0.08559,0.03477,0.95728,1.03971,0.10597000000000001,0.02621499999999999,62,0.5243609261160794,0.2903225806451613,0.6110126300709307,11.68360789811894
T00211,BUILDING_CONSTRUCTION,KA-NORTH,OPEN,8,1.02215,0.01896,0.14312,0.04217,0.94996,1.09625,0.10989,0.03468,53,-0.6462897329125505,0.6981132075471698,0.6108490566037735,6.98714365567356
T02138,CIVIL_MAINTENANCE,KA-SOUTH,OPEN,8,0.99032,0.01108,0.08342,0.02585,0.97727,1.05988,0.09694,0.028469999999999995,61,0.3203061140893422,0.3770491803278688,0.6101858826150597,11.987532965715657
T00574,WATER_INFRASTRUCTURE,KA-CENTRAL,OPEN,7,1.0031,0.02463,0.13299,0.04323,0.93919,1.0726,0.11693,0.029219999999999996,59,-0.37071600264182464,0.711864406779661,0.6101694915254238,7.519362358072035
T02221,ROAD_CONSTRUCTION,KA-SOUTH,LIMITED,6,0.97296,0.01104,0.05919,0.01862,0.95194,1.00953,0.06523,0.014189999999999994,9,0.2870982513910243,0.4444444444444444,0.609618913196224,16.894745734076704
T01728,BUILDING_CONSTRUCTION,KA-CENTRAL,OPEN,6,1.0228,0.01927,0.09815,0.03812,0.95394,1.05432,0.11566,0.02932,70,0.40280808998755735,0.32857142857142857,0.6094829321324884,10.188487009679063
T02116,FURNITURE,KA-CENTRAL,OPEN,9,1.02085,0.02846,0.07514,0.02704,0.97672,1.05343,0.09752,0.03523000000000001,35,0.4284729831702013,0.2571428571428571,0.6094363025004964,13.308490817141337
T00274,MEDICAL_SUPPLIES,KA-CENTRAL,OPEN,4,0.96639,0.04049,0.13189,0.05027,0.91117,1.03863,0.09419,0.027749999999999997,53,-0.9163351939555909,0.8113207547169812,0.6084905660377359,7.582075972401243
T00725,VEHICLE_SUPPLIES,KA-CENTRAL,OPEN,7,0.96482,0.02354,0.1347,0.04298,0.92373,1.05369,0.11493,0.04331,31,-0.3078892245405743,0.7096774193548387,0.6082949308755761,7.423904974016334
T00730,IT_SERVICES,KA-SOUTH,OPEN,4,1.01111,0.03473,0.12861,0.04707,0.9361,1.06615,0.09166,0.02535000000000001,37,-0.9831334738721965,0.8108108108108109,0.6081081081081081,7.775445144234507
T02269,WATER_INFRASTRUCTURE,KA-SOUTH,OPEN,8,1.02896,0.02811,0.12267,0.0419,0.93984,1.06606,0.10991999999999999,0.024564999999999997,36,-0.35008170907089753,0.6944444444444444,0.6076388888888888,8.151952392598027
T01292,ELECTRICAL_EQUIPMENT,KA-SOUTH,OPEN,7,1.03476,0.0229,0.07513,0.02529,0.98084,1.05859,0.09169,0.025990000000000013,43,0.42976402373729916,0.27906976744186046,0.6075718210107083,13.31026221216558
T00325,ROAD_CONSTRUCTION,KA-CENTRAL,OPEN,6,1.02734,0.02743,0.14013,0.04358,0.95823,1.10219,0.1053,0.03636,59,-0.6461087225679265,0.7288135593220338,0.6073446327683616,7.136230642974381
T00412,VEHICLE_SUPPLIES,KA-BENGALURU,OPEN,3,0.97754,0.00417,0.05032,0.02247,0.97337,1.02256,0.079095,0.0273,10,0.7109330257853124,0.2,0.607288683856875,19.87281399046105
T02028,MEDICAL_SUPPLIES,KA-NORTH,OPEN,6,1.0085,0.04166,0.10219,0.04375,0.95817,1.06124,0.11554500000000001,0.030324999999999998,58,0.2970428390044496,0.43103448275862066,0.6067311014692253,9.785693316371464
T00551,MEDICAL_SUPPLIES,KA-SOUTH,LIMITED,3,1.04188,0.00278,0.10141,0.04875,0.939,1.04466,0.0684,0.024709999999999996,11,-0.9010497762170138,0.9090909090909091,0.6060606060606061,9.860960457548565
T01811,FURNITURE,KA-NORTH,OPEN,5,0.9675,0.04736,0.12268,0.04457,0.90229,1.02098,0.1018,0.020879999999999996,33,-0.6744907594765952,0.7575757575757576,0.6060606060606061,8.151287903488752
T00687,ROAD_CONSTRUCTION,TN-NORTH,OPEN,6,1.00631,0.03003,0.12632,0.04092,0.95133,1.07844,0.10751,0.03349999999999999,11,-0.3787215279329778,0.7272727272727273,0.6060606060606061,7.916402786573782
T02283,BUILDING_CONSTRUCTION,KA-CENTRAL,OPEN,6,1.03053,0.04026,0.09958,0.03663,0.98097,1.08359,0.11566,0.02932,70,0.36991171256424454,0.35714285714285715,0.6058788080892514,10.04217714400482
T01151,BUILDING_CONSTRUCTION,KA-NORTH,OPEN,7,0.99504,0.00978,0.09004,0.02665,0.96492,1.05451,0.10989,0.03468,53,0.38606232916985056,0.32075471698113206,0.605843182415128,11.106175033318525
T00643,ELECTRICAL_EQUIPMENT,KA-CENTRAL,LIMITED,4,1.00113,0.01576,0.08082,0.03105,0.98098,1.06189,0.08738,0.00827,11,0.5350253182788951,0.2727272727272727,0.6058144432546259,12.373174956693887
T01244,VEHICLE_SUPPLIES,KA-NORTH,OPEN,8,0.98343,0.02648,0.13064,0.04155,0.94704,1.07551,0.12007000000000001,0.019319999999999997,26,-0.36901487203248495,0.6923076923076923,0.6057692307692307,7.654623392529087
T00550,FURNITURE,KA-NORTH,LIMITED,3,1.02407,0.00183,0.0167,0.00752,1.00879,1.0259,0.081065,0.061290000000000004,10,0.7083308489755433,0.2,0.605553899317029,59.880239520958085
T01464,WATER_INFRASTRUCTURE,KA-NORTH,TWO_STAGE,6,0.99629,0.01735,0.08173,0.0277,0.96959,1.05101,0.0905,0.02615,8,0.22620588759501875,0.5,0.605171572995849,12.235409274440231
T00640,WATER_INFRASTRUCTURE,KA-SOUTH,OPEN,7,1.0296,0.0272,0.09534,0.03207,0.97191,1.07007,0.10991999999999999,0.024564999999999997,36,0.4003287308434259,0.3055555555555556,0.6050436740562699,10.488777008600797
T00760,CIVIL_MAINTENANCE,KA-CENTRAL,OPEN,6,0.93399,0.03274,0.11175,0.03806,0.88742,0.99179,0.0943,0.022679999999999992,73,-0.5189534282569045,0.726027397260274,0.6050228310502284,8.94854586129754
T00677,WATER_INFRASTRUCTURE,KA-NORTH,OPEN,8,1.00013,0.01606,0.12249,0.03638,0.91896,1.04147,0.10822999999999999,0.01692000000000001,42,-0.5684537961073433,0.6904761904761905,0.6041666666666666,8.163931749530574
T01325,ROAD_CONSTRUCTION,KA-CENTRAL,TWO_STAGE,3,0.97728,0.01424,0.07761,0.03423,0.91568,0.99152,0.08646999999999999,0.011260000000000006,16,0.5307271872968584,0.375,0.6038181248645723,12.884937508053087
T01343,BUILDING_CONSTRUCTION,KA-NORTH,OPEN,5,1.03211,0.03065,0.1477,0.05513,0.91033,1.06276,0.10989,0.03468,53,-0.7353660788872566,0.7547169811320755,0.6037735849056605,6.7704807041299935
T02371,BUILDING_CONSTRUCTION,KA-SOUTH,OPEN,9,1.02299,0.03026,0.12864,0.03986,0.96577,1.09737,0.10953,0.024610000000000007,53,-0.5237512561396884,0.6792452830188679,0.6037735849056604,7.773631840796019
T02189,MEDICAL_SUPPLIES,KA-NORTH,OPEN,8,0.97464,0.01406,0.13356,0.03818,0.94686,1.07704,0.11554500000000001,0.030324999999999998,58,-0.40069088316474416,0.6896551724137931,0.603448275862069,7.4872716382150335
T02444,IT_SERVICES,KA-CENTRAL,OPEN,3,1.02879,0.01719,0.07458,0.0324,0.96925,1.04598,0.1033,0.027770000000000003,53,0.6975648041832128,0.20754716981132076,0.6034079826630224,13.408420488066508
T00158,CIVIL_MAINTENANCE,KA-CENTRAL,OPEN,5,1.04985,0.01748,0.11399,0.04441,0.94766,1.06733,0.0943,0.022679999999999992,73,-0.5855697995632347,0.7534246575342466,0.6027397260273973,8.772699359592947
T00185,WATER_INFRASTRUCTURE,KA-SOUTH,LIMITED,5,1.03325,0.02502,0.08968,0.03274,0.96561,1.05827,0.09856999999999999,0.023669999999999997,8,0.25332584924997587,0.5,0.6026606793999808,11.150758251561106
T02382,ROAD_CONSTRUCTION,KA-CENTRAL,OPEN,4,1.02596,0.03283,0.07571,0.03279,0.98778,1.06546,0.1053,0.03636,59,0.5489048837434668,0.2542372881355932,0.602356628909295,13.20829480914014
T01727,VEHICLE_SUPPLIES,KA-CENTRAL,OPEN,9,1.01945,0.01489,0.13185,0.03581,0.94504,1.07945,0.11493,0.04331,31,-0.26350458670847343,0.6774193548387096,0.6021505376344085,7.58437618505878
T01457,IT_SERVICES,KA-NORTH,OPEN,8,1.01741,0.03538,0.1146,0.0398,0.97724,1.09383,0.09833,0.02729000000000001,51,-0.40212402552891885,0.6862745098039216,0.6004901960784313,8.726003490401396
T01422,ROAD_CONSTRUCTION,KA-NORTH,OPEN,6,0.98602,0.02629,0.09616,0.03326,0.93597,1.03079,0.10597000000000001,0.02621499999999999,62,0.25240337022564985,0.46774193548387094,0.6001210880912674,10.399334442595674
T00086,CIVIL_MAINTENANCE,KA-NORTH,TWO_STAGE,4,0.99469,0.03609,0.08398,0.03716,0.95399,1.03752,0.0809,0.026500000000000003,5,-0.07839364298822311,0.8,0.6000000000000001,11.907597046915933
T00637,FURNITURE,KA-CENTRAL,OPEN,4,0.94625,0.03091,0.14869,0.05468,0.9002,1.04089,0.09752,0.03523000000000001,35,-0.9796676742099734,0.8,0.6000000000000001,6.725401842760105
T00710,MEDICAL_SUPPLIES,KA-BENGALURU,LIMITED,4,1.02081,0.02024,0.10875,0.04052,0.99061,1.10162,0.09338,0.018310000000000007,5,-0.56618913015594,0.8,0.6000000000000001,9.195402298850574
T01875,BUILDING_CONSTRUCTION,KA-SOUTH,LIMITED,4,1.01737,0.02279,0.08961,0.03248,0.98093,1.07209,0.079565,0.028954999999999995,10,-0.23399273627844583,0.8,0.6000000000000001,11.159468809284679
T02319,MEDICAL_SUPPLIES,KA-CENTRAL,TWO_STAGE,4,0.99668,0.0111,0.09317,0.03767,0.91822,1.01108,0.08537,0.008220000000000005,5,-0.6400277279704915,0.8,0.6000000000000001,10.733068584308253
T00339,ROAD_CONSTRUCTION,KA-NORTH,LIMITED,5,0.98931,0.03257,0.12563,0.04826,0.95674,1.08103,0.07595,0.039025000000000004,12,-0.8586470449916012,0.75,0.6000000000000001,7.959882193743534
T01406,LAB_EQUIPMENT,TN-NORTH,OPEN,5,1.05527,0.01607,0.10771,0.04307,0.95767,1.07134,0.10492499999999999,0.0061350000000000085,4,-0.3061869217835895,0.75,0.6000000000000001,9.28418902608857
T01593,MEDICAL_SUPPLIES,TN-NORTH,OPEN,5,0.94964,0.01794,0.10674,0.03726,0.9317,1.03306,0.096995,0.010250000000000002,4,-0.6412597513267728,0.75,0.6000000000000001,9.368559115608019
T01615,WATER_INFRASTRUCTURE,TN-NORTH,OPEN,5,1.01786,0.02128,0.10746,0.03693,0.99658,1.10595,0.08832999999999999,0.021425000000000007,8,-0.6022407574696507,0.75,0.6000000000000001,9.305788200260562
T01723,FURNITURE,KA-CENTRAL,LIMITED,5,1.01094,0.03611,0.10133,0.03516,0.96248,1.06492,0.07776,0.019725000000000003,8,-0.8059694398409811,0.75,0.6000000000000001,9.868745682423764
T01777,ROAD_CONSTRUCTION,KA-SOUTH,TWO_STAGE,5,0.97255,0.05891,0.12975,0.04864,0.90923,1.03541,0.107855,0.02463500000000001,4,-0.5994712879537262,0.75,0.6000000000000001,7.707129094412331
T01631,FURNITURE,KA-CENTRAL,OPEN,8,1.00911,0.00507,0.12459,0.03369,0.91952,1.04525,0.09752,0.03523000000000001,35,-0.5182646851839748,0.6857142857142857,0.6,8.026326350429407
T01300,ELECTRICAL_EQUIPMENT,KA-NORTH,OPEN,9,0.99844,0.01994,0.12259,0.04002,0.96237,1.08477,0.09762,0.027480000000000004,43,-0.6128833429450722,0.6744186046511628,0.5994832041343668,8.157272208173586
T02039,WATER_INFRASTRUCTURE,KA-NORTH,OPEN,7,1.03314,0.02427,0.09788,0.0326,0.97174,1.07287,0.10822999999999999,0.01692000000000001,42,0.41258743265855524,0.2857142857142857,0.5985443300338638,10.21659174499387
T00890,ROAD_CONSTRUCTION,KA-CENTRAL,OPEN,9,0.99406,0.00883,0.08637,0.02547,0.98472,1.07058,0.1053,0.03636,59,0.35115814292882147,0.3220338983050847,0.5983929255412499,11.57809424568716
T00075,CIVIL_MAINTENANCE,KA-NORTH,OPEN,6,0.97527,0.02126,0.11982,0.03781,0.9089,1.02575,0.103015,0.023669999999999997,62,-0.4788684923111189,0.717741935483871,0.5981182795698925,8.345852111500584
T00139,MEDICAL_SUPPLIES,KA-NORTH,OPEN,9,0.99887,0.03471,0.13219,0.04387,0.94918,1.08122,0.11554500000000001,0.030324999999999998,58,-0.3702192478643998,0.6724137931034483,0.5977011494252873,7.564868749527196
T02323,VEHICLE_SUPPLIES,KA-SOUTH,OPEN,7,0.99116,0.00948,0.09186,0.02605,0.95746,1.04851,0.11184,0.029350000000000015,21,0.45915929725186927,0.23809523809523808,0.597646744583235,10.886131069018072
T02143,BUILDING_CONSTRUCTION,KA-NORTH,OPEN,6,1.00264,0.02409,0.14469,0.0458,0.90474,1.04982,0.10989,0.03468,53,-0.676824637537068,0.7169811320754716,0.5974842767295597,6.911327666044647
T00702,ROAD_CONSTRUCTION,KA-SOUTH,OPEN,5,1.00474,0.018,0.09587,0.03543,0.92642,1.02275,0.10933000000000001,0.026665000000000008,64,0.3404704902514524,0.40625,0.5973763922011619,10.43079169708981
T00350,ROAD_CONSTRUCTION,KA-SOUTH,OPEN,9,1.03136,0.02966,0.12258,0.05067,0.93459,1.06102,0.10933000000000001,0.026665000000000008,64,-0.33515854352390295,0.671875,0.5972222222222222,8.157937673356177
T00283,CIVIL_MAINTENANCE,KA-CENTRAL,OPEN,5,1.03384,0.01156,0.08257,0.03121,0.96011,1.04548,0.0943,0.022679999999999992,73,0.34884376581395315,0.3972602739726027,0.5968832318292447,12.110936175366355
T00559,CIVIL_MAINTENANCE,KA-CENTRAL,OPEN,9,1.02879,0.01248,0.10739,0.03027,0.9655,1.07598,0.0943,0.022679999999999992,73,-0.38928941982136844,0.6712328767123288,0.5966514459665144,9.311853990129435
T00675,IT_SERVICES,KA-NORTH,OPEN,5,1.00357,0.03344,0.1199,0.04247,0.96228,1.08261,0.09833,0.02729000000000001,51,-0.5331171008395074,0.7450980392156863,0.596078431372549,8.340283569641368
T00264,FURNITURE,KA-CENTRAL,OPEN,6,1.01022,0.02629,0.13275,0.04664,0.91261,1.04672,0.09752,0.03523000000000001,35,-0.6744907594765952,0.7142857142857143,0.5952380952380952,7.532956685499058
T00694,CIVIL_MAINTENANCE,KA-BENGALURU,OPEN,6,0.98925,0.02833,0.12516,0.04043,0.92133,1.04515,0.1076,0.03349,14,-0.35365953229050484,0.7142857142857143,0.5952380952380952,7.989773090444232
T02092,ROAD_CONSTRUCTION,KA-CENTRAL,OPEN,9,0.99781,0.00733,0.08931,0.02506,0.93628,1.02539,0.1053,0.03636,59,0.2966201112219681,0.3728813559322034,0.5951124152481524,11.196954428395477
T00759,IT_SERVICES,AP-SOUTH,OPEN,5,0.97611,0.01907,0.07152,0.02784,0.95704,1.02685,0.093495,0.036140000000000005,6,0.4101254687188205,0.3333333333333333,0.594767041641723,13.982102908277405
T02377,CIVIL_MAINTENANCE,KA-NORTH,OPEN,7,0.96704,0.00818,0.119,0.03924,0.95671,1.07178,0.103015,0.023669999999999997,62,-0.4555021035164079,0.6935483870967742,0.5944700460829494,8.403361344537815
T01535,FURNITURE,KA-CENTRAL,OPEN,3,1.01084,0.02872,0.06291,0.02578,0.97597,1.03956,0.09752,0.03523000000000001,35,0.6626206410867146,0.22857142857142856,0.5941280464387622,15.89572405023049
T01106,ROAD_CONSTRUCTION,KA-CENTRAL,OPEN,9,0.99196,0.01144,0.09029,0.03276,0.91384,1.0034,0.1053,0.03636,59,0.2784407673196837,0.3898305084745763,0.5940189118171199,11.075423634954037
T01648,MEDICAL_SUPPLIES,KA-CENTRAL,OPEN,8,1.00028,0.02224,0.08024,0.0269,0.96536,1.04562,0.09419,0.027749999999999997,53,0.3390683277368828,0.33962264150943394,0.5938545980905272,12.46261216350947
T01806,IT_SERVICES,KA-CENTRAL,OPEN,3,0.99461,0.0202,0.07751,0.03242,0.97441,1.0515,0.1033,0.027770000000000003,53,0.6263995926143823,0.2641509433962264,0.5937003573404059,12.901561088891757
T01276,VEHICLE_SUPPLIES,KA-CENTRAL,OPEN,5,1.0058,0.04455,0.14552,0.04862,0.94703,1.0934,0.11493,0.04331,31,-0.476395112731218,0.7419354838709677,0.5935483870967743,6.871907641561297
T02390,CIVIL_MAINTENANCE,AP-SOUTH,OPEN,7,1.00539,0.02578,0.13514,0.04023,0.92426,1.06012,0.1334,0.031560000000000005,13,-0.037186752898900145,0.6923076923076923,0.5934065934065934,7.399733609590054
T02457,WATER_INFRASTRUCTURE,KA-CENTRAL,OPEN,8,0.96929,0.03314,0.13143,0.04482,0.93364,1.06104,0.11693,0.029219999999999996,59,-0.33470622903527114,0.6779661016949152,0.5932203389830508,7.608612949859241
T02042,ELECTRICAL_EQUIPMENT,KA-SOUTH,OPEN,6,1.01451,0.01257,0.07591,0.02404,0.98581,1.06282,0.09169,0.025990000000000013,43,0.409521515372861,0.3023255813953488,0.5932059139735082,13.173494928204452
T00231,CIVIL_MAINTENANCE,KA-NORTH,OPEN,8,1.01602,0.03995,0.11883,0.04108,0.95564,1.07637,0.103015,0.023669999999999997,62,-0.45065785218091936,0.6774193548387096,0.5927419354838709,8.415383320710259
T01994,ROAD_CONSTRUCTION,KA-NORTH,OPEN,8,1.0403,0.0152,0.12594,0.04269,0.92749,1.0585,0.10597000000000001,0.02621499999999999,62,-0.5138119575337633,0.6774193548387096,0.5927419354838709,7.940289026520565
T00513,WATER_INFRASTRUCTURE,KA-CENTRAL,LIMITED,5,0.97019,0.01444,0.06999,0.02629,0.95575,1.02366,0.079,0.017060000000000006,13,0.3562228454211092,0.38461538461538464,0.5926705840291951,14.287755393627661
T00997,ELECTRICAL_EQUIPMENT,TN-NORTH,OPEN,3,1.02461,0.05477,0.15609,0.06585,0.91945,1.07938,0.12121,0.025709999999999997,9,-0.9150617538134442,0.8888888888888888,0.5925925925925927,6.406560317765392
T01328,WATER_INFRASTRUCTURE,KA-SOUTH,OPEN,9,1.01592,0.01406,0.11529,0.03101,0.94957,1.0667,0.10991999999999999,0.024564999999999997,36,-0.14744617864397827,0.6666666666666666,0.5925925925925926,8.673779165582443
T01658,MEDICAL_SUPPLIES,KA-SOUTH,OPEN,9,1.00286,0.01774,0.11104,0.03975,0.91349,1.02484,0.09937,0.020879999999999996,45,-0.37697831240861435,0.6666666666666666,0.5925925925925926,9.005763688760807
T01854,ROAD_CONSTRUCTION,KA-BENGALURU,OPEN,4,0.95805,0.04091,0.14406,0.05212,0.89158,1.0296,0.11207,0.026999999999999996,19,-0.7991466442835657,0.7894736842105263,0.5921052631578947,6.941552131056505
T00159,ELECTRICAL_EQUIPMENT,KA-NORTH,OPEN,9,0.98427,0.0075,0.08281,0.02751,0.96968,1.05118,0.09762,0.027480000000000004,43,0.3635083023234489,0.3023255813953488,0.5918523410833757,12.075836251660428
T00698,ELECTRICAL_EQUIPMENT,KA-CENTRAL,OPEN,7,0.99119,0.04657,0.11277,0.03956,0.94453,1.0563,0.10079,0.02248,42,-0.35944836737231334,0.6904761904761905,0.5918367346938775,8.867606632969762
T00837,ELECTRICAL_EQUIPMENT,KA-SOUTH,OPEN,7,1.01884,0.0206,0.08034,0.02803,0.97043,1.05229,0.09169,0.025990000000000013,43,0.29455444863637364,0.3953488372093023,0.591345673582008,12.447099825740603
T01445,IT_SERVICES,KA-BENGALURU,OPEN,7,1.01146,0.03365,0.0818,0.03344,0.96238,1.04512,0.08701500000000001,0.018524999999999993,14,0.18987688586615128,0.5,0.5913230450281297,12.224938875305623
T01166,LAB_EQUIPMENT,KA-CENTRAL,OPEN,7,0.98648,0.01248,0.09867,0.02866,0.94584,1.04317,0.08785,0.026139999999999997,29,-0.2791886005178561,0.6896551724137931,0.5911330049261084,10.134792743488397
T02454,ROAD_CONSTRUCTION,KA-CENTRAL,OPEN,8,1.01739,0.02273,0.0872,0.02746,0.98404,1.07276,0.1053,0.03636,59,0.3357613516646418,0.3389830508474576,0.590401352198087,11.46788990825688
T00397,BUILDING_CONSTRUCTION,AP-SOUTH,OPEN,6,0.98157,0.01805,0.09979,0.04063,0.96096,1.05891,0.10548,0.018425000000000004,4,0.20829592517893222,0.5,0.5902466043157769,10.02104419280489
T00149,ROAD_CONSTRUCTION,KA-SOUTH,OPEN,3,0.98997,0.02909,0.0867,0.03634,0.93322,1.01905,0.10933000000000001,0.026665000000000008,64,0.5724254973544104,0.3125,0.589950331569607,11.534025374855824
T01941,ROAD_CONSTRUCTION,KA-SOUTH,OPEN,7,0.9991,0.04396,0.12363,0.04373,0.94051,1.06403,0.10933000000000001,0.026665000000000008,64,-0.3617182771616465,0.6875,0.5892857142857143,8.08865162177465
T01260,ELECTRICAL_EQUIPMENT,KA-SOUTH,OPEN,3,0.99214,0.0568,0.15064,0.06284,0.89949,1.04895,0.09169,0.025990000000000013,43,-1.5298664975431038,0.8837209302325582,0.5891472868217055,6.638343069569835
T00168,BUILDING_CONSTRUCTION,KA-CENTRAL,TWO_STAGE,3,1.02468,0.0308,0.0838,0.03439,0.99388,1.07974,0.12519,0.03899999999999999,6,0.7158249367881097,0.16666666666666666,0.5883277356365176,11.933174224343675
T01139,BUILDING_CONSTRUCTION,KA-NORTH,OPEN,8,0.9875,0.03357,0.09279,0.03584,0.94262,1.03425,0.10989,0.03468,53,0.3325776236173523,0.33962264150943394,0.5881752319859379,10.777023386140748
T00002,WATER_INFRASTRUCTURE,TN-NORTH,OPEN,4,1.0272,0.01996,0.07534,0.02667,0.98799,1.06539,0.08832999999999999,0.021425000000000007,8,0.4089444558040121,0.375,0.587958341853009,13.273161667109104
T01025,ROAD_CONSTRUCTION,KA-NORTH,OPEN,9,1.00783,0.01151,0.12527,0.03195,0.95445,1.0807,0.10597000000000001,0.02621499999999999,62,-0.4965733991187596,0.6612903225806451,0.5878136200716845,7.9827572443522
T01807,CIVIL_MAINTENANCE,KA-NORTH,OPEN,9,0.97975,0.02842,0.11524,0.03742,0.94336,1.05626,0.103015,0.023669999999999997,62,-0.3483586622138309,0.6612903225806451,0.5878136200716845,8.677542519958347
T01632,BUILDING_CONSTRUCTION,KA-CENTRAL,OPEN,7,0.99601,0.04931,0.12964,0.04653,0.93284,1.06196,0.11566,0.02932,70,-0.32160234711742175,0.6857142857142857,0.5877551020408164,7.71366862079605
T00511,IT_SERVICES,KA-CENTRAL,OPEN,6,1.0094,0.02457,0.0898,0.03034,0.9613,1.05194,0.1033,0.027770000000000003,53,0.3278943195150894,0.37735849056603776,0.587710675067606,11.135857461024498
T01058,BUILDING_CONSTRUCTION,KA-NORTH,LIMITED,3,0.98753,0.00384,0.05344,0.02396,0.9837,1.03647,0.08109,0.031305,14,0.5957409199657516,0.2857142857142857,0.5876368037866916,18.7125748502994
T01291,BUILDING_CONSTRUCTION,KA-NORTH,OPEN,9,1.01303,0.02758,0.14163,0.04246,0.93055,1.07402,0.10989,0.03468,53,-0.6173107469950153,0.660377358490566,0.5870020964360586,7.060650992021464
T01572,LAB_EQUIPMENT,KA-NORTH,OPEN,7,0.98091,0.01997,0.0834,0.02989,0.96056,1.04237,0.07648,0.018280000000000005,19,-0.255332388160724,0.6842105263157895,0.5864661654135339,11.990407673860911
T01634,MEDICAL_SUPPLIES,KA-NORTH,OPEN,4,1.0075,0.02765,0.09745,0.03486,0.95729,1.05546,0.11554500000000001,0.030324999999999998,58,0.402470248729728,0.3793103448275862,0.5863354451679856,10.261672652642382
T00695,CIVIL_MAINTENANCE,KA-SOUTH,OPEN,6,1.00323,0.00836,0.08387,0.03311,0.99265,1.07679,0.09694,0.028469999999999995,61,0.3096450378067826,0.39344262295081966,0.5859063839646685,11.92321449862883
T00481,ROAD_CONSTRUCTION,KA-CENTRAL,OPEN,7,0.97993,0.03086,0.08765,0.03148,0.94776,1.03365,0.1053,0.03636,59,0.3274136937503274,0.3559322033898305,0.585725054691564,11.409013120365088
T02097,ROAD_CONSTRUCTION,KA-NORTH,OPEN,3,0.97702,0.02619,0.08251,0.03404,0.95083,1.03144,0.10597000000000001,0.02621499999999999,62,0.6036068364417675,0.27419354838709675,0.5852002565525762,12.119743061447098
T01341,CIVIL_MAINTENANCE,KA-CENTRAL,OPEN,9,0.98344,0.0129,0.10712,0.02919,0.92841,1.03375,0.0943,0.022679999999999992,73,-0.3812597679228378,0.6575342465753424,0.5844748858447488,9.33532486930545
T01397,BUILDING_CONSTRUCTION,KA-CENTRAL,OPEN,9,0.99707,0.01658,0.12766,0.03914,0.89022,1.01751,0.11566,0.02932,70,-0.27605351683898843,0.6571428571428571,0.584126984126984,7.8333072223092595
T01620,IT_SERVICES,KA-BENGALURU,OPEN,5,1.00632,0.01356,0.07481,0.02425,0.97095,1.04623,0.08701500000000001,0.018524999999999993,14,0.44438109146622684,0.2857142857142857,0.58407630174441,13.367196898810318
T00349,WATER_INFRASTRUCTURE,KA-CENTRAL,OPEN,12,1.02497,0.0239,0.10916,0.03296,0.95296,1.06485,0.11693,0.029219999999999996,59,0.17935637238648716,0.4576271186440678,0.5839015334446753,9.160864785635765
T01596,IT_SERVICES,KA-NORTH,TWO_STAGE,4,1.00089,0.01073,0.1229,0.04979,0.89565,1.01866,0.11099,0.01569000000000001,9,-0.5119939417059425,0.7777777777777778,0.5833333333333334,8.136696501220504
T00393,ROAD_CONSTRUCTION,TN-NORTH,LIMITED,8,0.98764,0.02977,0.10879,0.03595,0.94462,1.05206,0.10879,0.03039,3,0.0,0.6666666666666666,0.5833333333333333,9.192021325489476
T00395,WATER_INFRASTRUCTURE,KA-NORTH,OPEN,8,1.01493,0.02248,0.1222,0.03769,0.92635,1.05038,0.10822999999999999,0.01692000000000001,42,-0.556893375288891,0.6666666666666666,0.5833333333333333,8.183306055646481
T01298,ELECTRICAL_EQUIPMENT,TN-NORTH,OPEN,8,0.99859,0.04701,0.13324,0.04886,0.92942,1.06247,0.12121,0.025709999999999997,9,-0.31560186061857026,0.6666666666666666,0.5833333333333333,7.505253677574302
T01964,ROAD_CONSTRUCTION,KA-SOUTH,OPEN,9,0.99822,0.02027,0.12133,0.03637,0.97646,1.09757,0.10933000000000001,0.026665000000000008,64,-0.30353981300278,0.65625,0.5833333333333333,8.241984669908515
T01757,LAB_EQUIPMENT,KA-CENTRAL,OPEN,9,1.01976,0.01468,0.09866,0.02697,0.96054,1.06115,0.08785,0.026139999999999997,29,-0.2789305703879876,0.6551724137931034,0.582375478927203,10.135819987837015
T00069,CIVIL_MAINTENANCE,KA-CENTRAL,OPEN,6,1.01562,0.01985,0.11122,0.03598,0.98611,1.09907,0.0943,0.022679999999999992,73,-0.503191518974603,0.6986301369863014,0.5821917808219178,8.991188635137565
T02032,WATER_INFRASTRUCTURE,KA-CENTRAL,TWO_STAGE,5,0.98185,0.01255,0.07848,0.02861,0.96931,1.04636,0.08471,0.014060000000000003,7,0.2988675271364998,0.42857142857142855,0.5819511645663428,12.742099898063202
T02223,MEDICAL_SUPPLIES,KA-SOUTH,LIMITED,5,1.02312,0.0216,0.08627,0.03099,0.96465,1.05291,0.0684,0.024709999999999996,11,-0.48778429266882867,0.7272727272727273,0.5818181818181819,11.59151501101194
T01740,MEDICAL_SUPPLIES,KA-SOUTH,OPEN,5,1.00259,0.03624,0.09131,0.0333,0.96348,1.05503,0.09937,0.020879999999999996,45,0.26036377018109946,0.4666666666666667,0.581624349478213,10.951702989814915
T00598,CIVIL_MAINTENANCE,KA-SOUTH,OPEN,11,0.97982,0.02272,0.1088,0.0338,0.94123,1.04784,0.09694,0.028469999999999995,61,-0.2809785882470115,0.639344262295082,0.5812220566318927,9.191176470588236
T01552,ROAD_CONSTRUCTION,KA-CENTRAL,OPEN,7,0.99874,0.03823,0.1344,0.04742,0.92161,1.05585,0.1053,0.03636,59,-0.5398152117923243,0.6779661016949152,0.5811138014527846,7.440476190476191
T01625,FURNITURE,KA-CENTRAL,OPEN,6,1.03247,0.02477,0.07609,0.02671,0.99438,1.07295,0.09752,0.03523000000000001,35,0.4102848985405457,0.2857142857142857,0.5799993202123596,13.142331449599158
T01316,LAB_EQUIPMENT,KA-BENGALURU,LIMITED,5,0.99167,0.01061,0.0732,0.02401,0.96221,1.0348,0.07583999999999999,0.007950000000000006,4,0.22398183710920794,0.5,0.5791854696873664,13.66120218579235
T00480,WATER_INFRASTRUCTURE,KA-CENTRAL,OPEN,6,0.96162,0.02626,0.13236,0.04714,0.93164,1.05892,0.11693,0.029219999999999996,59,-0.3561735940699475,0.6949152542372882,0.5790960451977402,7.555152614082804
T00010,WATER_INFRASTRUCTURE,KA-CENTRAL,OPEN,8,1.02268,0.02571,0.13085,0.03772,0.94764,1.08146,0.11693,0.029219999999999996,59,-0.32131797987386035,0.6610169491525424,0.5783898305084746,7.6423385555980134
T02067,ELECTRICAL_EQUIPMENT,KA-SOUTH,OPEN,7,0.98736,0.01027,0.11262,0.03121,0.9367,1.0479,0.09169,0.025990000000000013,43,-0.5431739744457534,0.6744186046511628,0.5780730897009967,8.879417510211331
T01617,IT_SERVICES,KA-CENTRAL,OPEN,8,0.97306,0.00993,0.1211,0.03179,0.93056,1.04841,0.1033,0.027770000000000003,53,-0.43233473239767345,0.660377358490566,0.5778301886792453,8.257638315441783
T00762,ROAD_CONSTRUCTION,KA-BENGALURU,OPEN,3,1.02901,0.03544,0.09214,0.03831,0.96963,1.06445,0.11207,0.026999999999999996,19,0.49787410505068685,0.3684210526315789,0.5775301051215106,10.853049706967658
T01950,WATER_INFRASTRUCTURE,KA-CENTRAL,LIMITED,4,1.05069,0.02606,0.09606,0.03533,0.99029,1.09122,0.079,0.017060000000000006,13,-0.6744907594765952,0.7692307692307693,0.576923076923077,10.410160316468874
T01689,IT_SERVICES,KA-CENTRAL,OPEN,9,1.01038,0.02047,0.09291,0.03068,0.98857,1.08244,0.1033,0.027770000000000003,53,0.25235718368605764,0.39622641509433965,0.5765187544714642,10.763104079216445
T01802,MEDICAL_SUPPLIES,KA-CENTRAL,OPEN,7,0.98135,0.01541,0.08207,0.02702,0.94112,1.02165,0.09419,0.027749999999999997,53,0.29458839657139924,0.37735849056603776,0.5759544746892318,12.184720360667722
T02461,ELECTRICAL_EQUIPMENT,KA-SOUTH,OPEN,4,1.01401,0.02163,0.12068,0.04338,0.97281,1.09517,0.09169,0.025990000000000013,43,-0.7523465608782796,0.7674418604651163,0.5755813953488372,8.286377195889957
T00187,IT_SERVICES,KA-NORTH,OPEN,3,1.00837,0.05228,0.16038,0.06559,0.9561,1.11782,0.09833,0.02729000000000001,51,-1.5336076081173584,0.8627450980392157,0.5751633986928105,6.235191420376606
T01345,ROAD_CONSTRUCTION,KA-SOUTH,OPEN,4,0.95263,0.01755,0.136,0.05397,0.93419,1.06375,0.10933000000000001,0.026665000000000008,64,-0.6746172343986795,0.765625,0.57421875,7.352941176470588
T01681,CIVIL_MAINTENANCE,KA-NORTH,OPEN,5,1.00915,0.04474,0.11982,0.04212,0.93787,1.05879,0.103015,0.023669999999999997,62,-0.4788684923111189,0.717741935483871,0.5741935483870968,8.345852111500584
T00590,MEDICAL_SUPPLIES,KA-CENTRAL,OPEN,4,0.95656,0.00959,0.07592,0.03052,0.94664,1.01926,0.09419,0.027749999999999997,53,0.4440701324554015,0.32075471698113206,0.5736186370774001,13.171759747102213
T00247,MEDICAL_SUPPLIES,KA-CENTRAL,OPEN,5,1.03065,0.04919,0.11897,0.04349,0.95722,1.07984,0.09419,0.027749999999999997,53,-0.6023020187326139,0.7169811320754716,0.5735849056603773,8.405480373203329
T02338,WATER_INFRASTRUCTURE,KA-CENTRAL,OPEN,7,1.01105,0.04093,0.10632,0.03636,0.96082,1.06831,0.11693,0.029219999999999996,59,0.2449126269009816,0.423728813559322,0.5731212346802603,9.405568096313017
T00030,VEHICLE_SUPPLIES,KA-NORTH,OPEN,8,0.99064,0.01244,0.12731,0.03627,0.94491,1.07102,0.12007000000000001,0.019319999999999997,26,-0.2527594771537551,0.6538461538461539,0.5721153846153846,7.854842510407666
T02400,CIVIL_MAINTENANCE,KA-CENTRAL,OPEN,4,0.98027,0.01972,0.08111,0.02872,0.9431,1.02261,0.0943,0.022679999999999992,73,0.3922633649689722,0.3698630136986301,0.5715947840007016,12.328936012822092
T00388,ELECTRICAL_EQUIPMENT,KA-NORTH,TWO_STAGE,3,0.95397,0.00546,0.10417,0.04638,0.94851,1.04788,0.08716,0.016640000000000002,7,-0.6894884506428414,0.8571428571428571,0.5714285714285715,9.599692809830085
T00918,CIVIL_MAINTENANCE,KA-NORTH,LIMITED,5,0.98071,0.01604,0.08961,0.03035,0.94747,1.03535,0.07773,0.022829999999999996,7,-0.35098336498387883,0.7142857142857143,0.5714285714285715,11.159468809284679
T01382,BUILDING_CONSTRUCTION,KA-NORTH,LIMITED,5,1.00644,0.02496,0.101,0.03427,0.96411,1.06576,0.08109,0.031305,14,-0.4289765539427893,0.7142857142857143,0.5714285714285715,9.900990099009901
T02280,ELECTRICAL_EQUIPMENT,KA-NORTH,TWO_STAGE,5,1.01152,0.02705,0.09704,0.03355,0.97685,1.075,0.08716,0.016640000000000002,7,-0.40047888843922835,0.7142857142857143,0.5714285714285715,10.305028854080792
T02448,IT_SERVICES,KA-BENGALURU,OPEN,5,1.03382,0.02333,0.10331,0.03488,0.96378,1.07059,0.08701500000000001,0.018524999999999993,14,-0.5932970000362275,0.7142857142857143,0.5714285714285715,9.679605072113057
T00038,IT_SERVICES,KA-NORTH,OPEN,7,0.97723,0.02844,0.11431,0.04308,0.94879,1.0605,0.09833,0.02729000000000001,51,-0.3949564798987169,0.6666666666666666,0.5714285714285714,8.748141020033243
T00220,VEHICLE_SUPPLIES,KA-CENTRAL,TWO_STAGE,7,0.98711,0.01961,0.09821,0.03196,0.96476,1.06171,0.09821,0.03657999999999999,3,0.0,0.6666666666666666,0.5714285714285714,10.182262498727217
T01312,BUILDING_CONSTRUCTION,KA-CENTRAL,OPEN,9,1.01483,0.03184,0.126,0.04309,0.93023,1.05809,0.11566,0.02932,70,-0.23786611367626181,0.6428571428571429,0.5714285714285714,7.936507936507937
T01633,BUILDING_CONSTRUCTION,KA-NORTH,OPEN,8,0.9662,0.02015,0.09769,0.02919,0.90774,1.00212,0.10989,0.03468,53,0.2372776028147192,0.41509433962264153,0.5708254496326907,10.236462278636504
T00830,CIVIL_MAINTENANCE,KA-CENTRAL,OPEN,6,1.02238,0.03533,0.11091,0.04092,0.95731,1.0707,0.0943,0.022679999999999992,73,-0.4939722890170304,0.684931506849315,0.5707762557077626,9.01631953836444
T02173,MEDICAL_SUPPLIES,KA-CENTRAL,OPEN,9,1.03356,0.02394,0.10151,0.03163,0.96458,1.0695,0.09419,0.027749999999999997,53,-0.17791972466193448,0.6415094339622641,0.570230607966457,9.851246182642104
T02102,BUILDING_CONSTRUCTION,KA-NORTH,OPEN,7,1.01132,0.01971,0.09802,0.03144,0.94125,1.04038,0.10989,0.03468,53,0.2308594381484195,0.4339622641509434,0.5698471733994539,10.201999591920016
T01074,ELECTRICAL_EQUIPMENT,KA-NORTH,OPEN,8,1.01852,0.03697,0.11877,0.03859,0.95008,1.07105,0.09762,0.027480000000000004,43,-0.5191222548373358,0.6511627906976745,0.5697674418604651,8.419634587858887
T01015,BUILDING_CONSTRUCTION,KA-SOUTH,OPEN,6,1.01096,0.02605,0.09905,0.03412,0.94806,1.04819,0.10953,0.024610000000000007,53,0.2872272718128695,0.39622641509433965,0.569544739089341,10.095911155981828
T01511,WATER_INFRASTRUCTURE,KA-SOUTH,TWO_STAGE,6,0.96905,0.01555,0.08012,0.02665,0.95067,1.02831,0.08648,0.023465,6,0.18281530919544636,0.5,0.569012757662872,12.481278082875686
T02274,LAB_EQUIPMENT,KA-NORTH,OPEN,10,1.00472,0.01158,0.08009,0.02124,0.95103,1.03149,0.07648,0.018280000000000005,19,-0.13320085567344092,0.631578947368421,0.5684210526315789,12.48595330253465
T00304,CIVIL_MAINTENANCE,AP-SOUTH,OPEN,13,0.97746,0.03478,0.13467,0.0476,0.93897,1.0706,0.1334,0.031560000000000005,13,-0.027142055276783587,0.6153846153846154,0.5680473372781065,7.42555877329769
T01755,IT_SERVICES,KA-BENGALURU,OPEN,5,0.99614,0.01268,0.07733,0.02545,0.94856,1.0256,0.08701500000000001,0.018524999999999993,14,0.35262850232285214,0.35714285714285715,0.5678170875725675,12.931591878960301
T00673,LAB_EQUIPMENT,KA-NORTH,OPEN,8,1.02018,0.01827,0.06746,0.02299,0.97521,1.04404,0.07648,0.018280000000000005,19,0.3328176504638341,0.3157894736842105,0.5675312336295391,14.823599169878445
T00244,LAB_EQUIPMENT,KA-NORTH,OPEN,9,1.0112,0.01734,0.07205,0.02336,0.96377,1.03663,0.07648,0.018280000000000005,19,0.16345700571560823,0.47368421052631576,0.566347747770599,13.879250520471894
T00553,IT_SERVICES,KA-NORTH,OPEN,8,0.99431,0.02316,0.11058,0.037,0.96264,1.07259,0.09833,0.02729000000000001,51,-0.3027670136895671,0.6470588235294118,0.5661764705882353,9.043226623259178
T00632,BUILDING_CONSTRUCTION,KA-NORTH,OPEN,3,1.06183,0.01228,0.1735,0.08338,0.88989,1.07411,0.10989,0.03468,53,-1.2371498618888757,0.8490566037735849,0.5660377358490567,5.763688760806917
T00302,BUILDING_CONSTRUCTION,KA-NORTH,OPEN,6,1.00934,0.01605,0.14284,0.0431,0.94537,1.08954,0.10989,0.03468,53,-0.6408440174381144,0.6792452830188679,0.5660377358490566,7.0008401008120975
T02370,MEDICAL_SUPPLIES,KA-CENTRAL,OPEN,6,1.02949,0.02628,0.11545,0.03955,0.94241,1.06126,0.09419,0.027749999999999997,53,-0.5167449926656726,0.6792452830188679,0.5660377358490566,8.6617583369424
T01227,MEDICAL_SUPPLIES,KA-BENGALURU,OPEN,6,1.00506,0.03395,0.11235,0.04082,0.96268,1.0756,0.08851,0.034519999999999995,28,-0.46581285358986185,0.6785714285714286,0.5654761904761906,8.900756564307965
T01143,ROAD_CONSTRUCTION,KA-NORTH,LIMITED,4,0.99802,0.00527,0.04685,0.01882,0.99202,1.03878,0.07595,0.039025000000000004,12,0.5029514695904912,0.25,0.5647136021928684,21.34471718249733
T00222,ROAD_CONSTRUCTION,KA-NORTH,OPEN,8,0.98496,0.03172,0.12463,0.04225,0.90689,1.02965,0.10597000000000001,0.02621499999999999,62,-0.4801067164536818,0.6451612903225806,0.564516129032258,8.023750300890637
T00788,BUILDING_CONSTRUCTION,KA-NORTH,OPEN,9,1.00993,0.01035,0.09669,0.02783,0.9872,1.08485,0.10989,0.03468,53,0.2567265866519913,0.37735849056603776,0.5636311797493592,10.34233116144379
T00670,WATER_INFRASTRUCTURE,KA-CENTRAL,OPEN,3,0.9597,0.04567,0.09722,0.03972,0.91207,1.00537,0.11693,0.029219999999999996,59,0.45496963960587605,0.3898305084745763,0.5632000987203016,10.285949393128986
T01738,IT_SERVICES,KA-SOUTH,OPEN,6,0.997,0.02311,0.1033,0.03515,0.94666,1.04965,0.09166,0.02535000000000001,37,-0.30970699961765535,0.6756756756756757,0.5630630630630631,9.68054211035818
T02070,CIVIL_MAINTENANCE,KA-SOUTH,OPEN,9,0.99377,0.01049,0.08891,0.02382,0.94755,1.0359,0.09694,0.028469999999999995,61,0.19024098344211654,0.4426229508196721,0.5625457193438121,11.247328759419638
T00544,CIVIL_MAINTENANCE,TN-NORTH,LIMITED,4,0.99143,0.04525,0.14702,0.05955,0.94058,1.08634,0.13448000000000002,0.01954999999999999,4,-0.43264010863613833,0.75,0.5625,6.801795674057951
T00558,ROAD_CONSTRUCTION,KA-BENGALURU,LIMITED,4,0.94921,0.00642,0.1233,0.04999,0.94159,1.05863,0.08989,0.036925,4,-0.6102839884661625,0.75,0.5625,8.110300081103
T01384,FURNITURE,TN-NORTH,LIMITED,4,0.98268,0.03339,0.09264,0.03773,0.94195,1.03298,0.08023,0.014125000000000006,4,-0.592596837175543,0.75,0.5625,10.79447322970639
T01670,WATER_INFRASTRUCTURE,KA-SOUTH,LIMITED,4,1.02068,0.0376,0.11255,0.04562,0.9771,1.09198,0.09856999999999999,0.023669999999999997,8,-0.39836843335373073,0.75,0.5625,8.88494002665482
T01684,WATER_INFRASTRUCTURE,KA-NORTH,LIMITED,4,1.0068,0.0356,0.12647,0.04852,0.92769,1.05502,0.10906,0.017939999999999998,8,-0.6545643323571639,0.75,0.5625,7.907013520993121
T01718,MEDICAL_SUPPLIES,KA-BENGALURU,OPEN,4,0.9961,0.02986,0.12278,0.04431,0.92513,1.04742,0.08851,0.034519999999999995,28,-0.6696059770354263,0.75,0.5625,8.144648965629582
T02295,ROAD_CONSTRUCTION,KA-SOUTH,OPEN,5,0.95352,0.02223,0.12571,0.04181,0.88421,1.00408,0.10933000000000001,0.026665000000000008,64,-0.4143318447487947,0.703125,0.5625,7.954816641476414
T01927,MEDICAL_SUPPLIES,KA-BENGALURU,OPEN,8,0.98686,0.0211,0.10968,0.03425,0.91201,1.02025,0.08851,0.034519999999999995,28,-0.4136433771181784,0.6428571428571429,0.5625,9.11743253099927
T02245,IT_SERVICES,KA-BENGALURU,OPEN,8,1.02489,0.01816,0.09232,0.03035,0.95233,1.04695,0.08701500000000001,0.018524999999999993,14,-0.1931537640498425,0.6428571428571429,0.5625,10.831889081455806
T00358,ROAD_CONSTRUCTION,KA-SOUTH,OPEN,10,1.00798,0.02106,0.12068,0.0441,0.91451,1.03615,0.10933000000000001,0.026665000000000008,64,-0.2870980731317961,0.625,0.5625,8.286377195889957
T00285,CIVIL_MAINTENANCE,KA-SOUTH,OPEN,5,1.0252,0.03677,0.0825,0.0301,0.97881,1.06339,0.09694,0.028469999999999995,61,0.3421020922670191,0.36065573770491804,0.5622062639775497,12.121212121212121
T00342,CIVIL_MAINTENANCE,KA-SOUTH,OPEN,7,0.97383,0.00167,0.10977,0.03738,0.9695,1.07639,0.09694,0.028469999999999995,61,-0.3039591304560844,0.6557377049180327,0.5620608899297423,9.109957183201239
T00486,IT_SERVICES,KA-NORTH,OPEN,8,1.00864,0.00959,0.08663,0.02712,0.95788,1.04525,0.09833,0.02729000000000001,51,0.28917339266677033,0.35294117647058826,0.5618502479951888,11.54334526145677
T02480,WATER_INFRASTRUCTURE,KA-CENTRAL,OPEN,8,1.04782,0.03423,0.10821,0.04398,0.97173,1.08511,0.11693,0.029219999999999996,59,0.2012854011853496,0.4406779661016949,0.5617179463761639,9.24129008409574
T02037,BUILDING_CONSTRUCTION,KA-NORTH,OPEN,7,1.0216,0.03526,0.10045,0.03613,0.95424,1.05687,0.10989,0.03468,53,0.18359840742384834,0.4716981132075472,0.5616827319697677,9.955201592832255
T01767,MEDICAL_SUPPLIES,KA-NORTH,OPEN,7,0.97891,0.02052,0.12952,0.04574,0.93854,1.06532,0.11554500000000001,0.030324999999999998,58,-0.31083292213307206,0.6551724137931034,0.5615763546798029,7.720815318097591
T02327,IT_SERVICES,TN-NORTH,OPEN,4,0.99109,0.0302,0.09335,0.03602,0.95086,1.04337,0.105455,0.021859999999999997,8,0.3735000294356899,0.375,0.5613750220767674,10.712372790573111
T00458,IT_SERVICES,KA-SOUTH,LIMITED,3,0.98446,0.01733,0.03682,0.01503,0.96713,1.00337,0.05821,0.0233,9,0.6191998860602734,0.2222222222222222,0.5609480721883305,27.159152634437806
T01059,ELECTRICAL_EQUIPMENT,KA-NORTH,OPEN,8,1.02477,0.0233,0.08481,0.02881,0.99991,1.08682,0.09762,0.027480000000000004,43,0.3144187273979325,0.32558139534883723,0.5600001074034235,11.791062374719962
T00278,CIVIL_MAINTENANCE,KA-SOUTH,LIMITED,5,0.97864,0.03917,0.08595,0.03296,0.93946,1.02357,0.07109499999999999,0.03572999999999999,10,-0.2804242998047811,0.7,0.5599999999999999,11.634671320535196
T01808,VEHICLE_SUPPLIES,KA-BENGALURU,OPEN,5,0.99176,0.02008,0.0836,0.03043,0.97168,1.05459,0.079095,0.0273,10,-0.1113033286242512,0.7,0.5599999999999999,11.961722488038278
T00796,IT_SERVICES,AP-SOUTH,OPEN,6,1.00522,0.03361,0.08428,0.03296,0.96005,1.04477,0.093495,0.036140000000000005,6,0.17198207937401286,0.5,0.5599850661450108,11.865211200759374
T01202,BUILDING_CONSTRUCTION,KA-NORTH,OPEN,7,1.03413,0.02831,0.09961,0.03775,1.00569,1.1087,0.10989,0.03468,53,0.19993555384715675,0.4528301886792453,0.559513493594059,10.039152695512499
T01096,BUILDING_CONSTRUCTION,KA-SOUTH,OPEN,3,1.00227,0.0136,0.09131,0.04111,0.92435,1.01586,0.10953,0.024610000000000007,53,0.4993588637815344,0.33962264150943394,0.5593210035273123,10.951702989814915
T00801,WATER_INFRASTRUCTURE,KA-SOUTH,OPEN,8,0.99933,0.03161,0.1135,0.03665,0.95518,1.06861,0.10991999999999999,0.024564999999999997,36,-0.09829745242931896,0.6388888888888888,0.5590277777777777,8.810572687224669
T00408,MEDICAL_SUPPLIES,KA-CENTRAL,OPEN,5,1.02323,0.01237,0.08026,0.02641,0.9728,1.05493,0.09419,0.027749999999999997,53,0.33858220827059354,0.3584905660377358,0.5576582194466635,12.4595066035385
T00995,IT_SERVICES,KA-SOUTH,OPEN,7,0.96674,0.01809,0.1013,0.03485,0.94865,1.04658,0.09166,0.02535000000000001,37,-0.2564927385149654,0.6486486486486487,0.5559845559845561,9.871668311944719
T01588,ROAD_CONSTRUCTION,KA-CENTRAL,OPEN,5,1.02823,0.02371,0.13537,0.04951,0.91275,1.05194,0.1053,0.03636,59,-0.5578090521854018,0.6949152542372882,0.5559322033898305,7.387161113983897
T00256,CIVIL_MAINTENANCE,KA-SOUTH,TWO_STAGE,6,0.99096,0.00332,0.08422,0.02878,0.98239,1.06584,0.08422,0.020949999999999996,3,0.0,0.6666666666666666,0.5555555555555556,11.873664212776061
T00669,LAB_EQUIPMENT,KA-NORTH,LIMITED,6,0.97962,0.02824,0.10184,0.03839,0.949,1.04876,0.091945,0.024235,6,-0.27539038848858716,0.6666666666666666,0.5555555555555556,9.819324430479183
T01086,LAB_EQUIPMENT,KA-SOUTH,OPEN,6,0.97797,0.0116,0.09419,0.03479,0.9621,1.05421,0.09267500000000001,0.01473999999999999,18,-0.0693252035689983,0.6666666666666666,0.5555555555555556,10.616838305552607
T01354,LAB_EQUIPMENT,KA-CENTRAL,LIMITED,6,1.01646,0.01439,0.04392,0.01679,0.99815,1.04279,0.04392,0.027030000000000002,3,0.0,0.6666666666666666,0.5555555555555556,22.768670309653917
T01693,ELECTRICAL_EQUIPMENT,KA-SOUTH,TWO_STAGE,6,1.00507,0.01586,0.10018,0.03111,0.94709,1.04778,0.09820000000000001,0.028905,6,-0.04620279203472256,0.6666666666666666,0.5555555555555556,9.982032341784787
T01841,VEHICLE_SUPPLIES,TN-NORTH,OPEN,6,1.00868,0.03194,0.10637,0.03759,0.93416,1.04146,0.08849499999999999,0.02012500000000001,12,-0.5990818546903922,0.6666666666666666,0.5555555555555556,9.40114693992667
T02426,BUILDING_CONSTRUCTION,KA-CENTRAL,TWO_STAGE,6,1.03306,0.03113,0.13109,0.04375,0.94359,1.07901,0.12519,0.03899999999999999,6,-0.1020383456644083,0.6666666666666666,0.5555555555555556,7.628346937218704
T02271,FURNITURE,KA-NORTH,LIMITED,3,1.01624,0.00011,0.0146,0.00689,1.00151,1.01635,0.081065,0.061290000000000004,10,0.731441153999215,0.1,0.5542941026661434,68.4931506849315
T01569,WATER_INFRASTRUCTURE,KA-CENTRAL,LIMITED,5,0.99544,0.02605,0.09442,0.03418,0.96237,1.05636,0.079,0.017060000000000006,13,-0.6096510850603222,0.6923076923076923,0.5538461538461539,10.590976488032195
T01611,CIVIL_MAINTENANCE,KA-NORTH,OPEN,10,0.97655,0.0271,0.09671,0.0362,0.94554,1.03998,0.103015,0.023669999999999997,62,0.17966473335445404,0.43548387096774194,0.5536337438899764,10.340192327577293
T00808,BUILDING_CONSTRUCTION,KA-SOUTH,OPEN,9,0.99437,0.03127,0.11634,0.03821,0.91812,1.0338,0.10953,0.024610000000000007,53,-0.18664291231351524,0.6226415094339622,0.5534591194968553,8.5954959601169
T01955,CIVIL_MAINTENANCE,KA-NORTH,OPEN,7,1.02282,0.01644,0.11303,0.034,0.96976,1.08538,0.103015,0.023669999999999997,62,-0.28538339485247605,0.6451612903225806,0.5529953917050692,8.847208705653365
T00181,WATER_INFRASTRUCTURE,KA-CENTRAL,OPEN,7,1.02114,0.02063,0.10958,0.03625,0.95658,1.06848,0.11693,0.029219999999999996,59,0.16966143333856887,0.4745762711864407,0.5522037467357226,9.125752874612155
T00988,CIVIL_MAINTENANCE,TN-NORTH,OPEN,3,0.98523,0.03735,0.09299,0.03796,0.94788,1.03949,0.11902,0.03328,10,0.5275539203478298,0.3,0.5517026135652199,10.753844499408538
T01989,IT_SERVICES,KA-NORTH,OPEN,3,1.04934,0.02335,0.07682,0.03262,0.99208,1.07269,0.09833,0.02729000000000001,51,0.5316341603642931,0.29411764705882354,0.5505012049487445,13.017443374121322
T00173,CIVIL_MAINTENANCE,KA-NORTH,OPEN,8,0.98304,0.03399,0.11087,0.04125,0.93997,1.04896,0.103015,0.023669999999999997,62,-0.22383290729567623,0.6290322580645161,0.5504032258064516,9.019572472264814
T01437,BUILDING_CONSTRUCTION,KA-SOUTH,OPEN,6,1.00315,0.03932,0.12643,0.04658,0.95832,1.08515,0.10953,0.024610000000000007,53,-0.4631813829806764,0.660377358490566,0.550314465408805,7.909515146721507
T00945,WATER_INFRASTRUCTURE,KA-CENTRAL,OPEN,3,0.97712,0.0159,0.0966,0.04134,0.96123,1.05562,0.11693,0.029219999999999996,59,0.46928121629565994,0.3559322033898305,0.550142279790327,10.351966873706004
T01189,FURNITURE,KA-CENTRAL,OPEN,8,1.00556,0.00876,0.10658,0.03063,0.9316,1.03877,0.09752,0.03523000000000001,35,-0.17345689131018874,0.6285714285714286,0.55,9.382623381497467
T01491,IT_SERVICES,KA-CENTRAL,OPEN,7,1.0147,0.01615,0.11959,0.03505,0.94689,1.06824,0.1033,0.027770000000000003,53,-0.3956591455482079,0.6415094339622641,0.5498652291105122,8.361903169161302
T00242,MEDICAL_SUPPLIES,KA-NORTH,OPEN,3,1.01238,0.03981,0.09247,0.03807,0.95858,1.0522,0.11554500000000001,0.030324999999999998,58,0.513235755149957,0.3103448275862069,0.5490537218241094,10.814318157240187
T02144,IT_SERVICES,KA-NORTH,OPEN,8,1.00524,0.02378,0.10881,0.0396,0.97659,1.08597,0.09833,0.02729000000000001,51,-0.25902026967074815,0.6274509803921569,0.5490196078431373,9.190331770976933
T01206,CIVIL_MAINTENANCE,KA-CENTRAL,LIMITED,5,1.0465,0.01555,0.10381,0.04663,0.95341,1.06204,0.08912,0.02513,19,-0.39428051160808514,0.6842105263157895,0.5473684210526316,9.63298333493883
T02177,ROAD_CONSTRUCTION,KA-BENGALURU,OPEN,5,1.05884,0.02935,0.1247,0.04375,0.96311,1.09515,0.11207,0.026999999999999996,19,-0.3155117885996074,0.6842105263157895,0.5473684210526316,8.019246190858059
T01183,VEHICLE_SUPPLIES,KA-NORTH,OPEN,9,0.9761,0.04294,0.12664,0.04182,0.91271,1.03632,0.12007000000000001,0.019319999999999997,26,-0.22936875205803448,0.6153846153846154,0.5470085470085471,7.896399241945673
T02332,ROAD_CONSTRUCTION,KA-BENGALURU,OPEN,6,1.03845,0.01921,0.1048,0.0405,0.95071,1.05954,0.11207,0.026999999999999996,19,0.1816128822738832,0.47368421052631576,0.5460809106668325,9.541984732824426
T00805,ELECTRICAL_EQUIPMENT,KA-NORTH,OPEN,7,0.98794,0.02009,0.08683,0.03113,0.93975,1.02554,0.09762,0.027480000000000004,43,0.26483825672316075,0.37209302325581395,0.5459410971248355,11.516756881262236
T01678,ELECTRICAL_EQUIPMENT,KA-SOUTH,LIMITED,3,1.04735,0.0059,0.11024,0.05242,0.93779,1.05325,0.0958,0.014440000000000008,11,-0.6744907594765952,0.8181818181818182,0.5454545454545455,9.071117561683598
T01742,ROAD_CONSTRUCTION,TN-NORTH,OPEN,7,0.99128,0.0158,0.11382,0.03507,0.96084,1.07366,0.10751,0.03349999999999999,11,-0.1270458714118604,0.6363636363636364,0.5454545454545455,8.785802143735722
T01647,ELECTRICAL_EQUIPMENT,KA-SOUTH,LIMITED,4,0.96552,0.01305,0.09674,0.03635,0.94427,1.03768,0.0958,0.014440000000000008,11,-0.04390729320692563,0.7272727272727273,0.5454545454545454,10.336985734959685
T02441,ELECTRICAL_EQUIPMENT,KA-CENTRAL,LIMITED,4,0.99204,0.02191,0.09595,0.03413,0.93926,1.03445,0.08738,0.00827,11,-0.6989583807393491,0.7272727272727273,0.5454545454545454,10.422094841063055
T01142,BUILDING_CONSTRUCTION,TN-NORTH,OPEN,11,0.99823,0.01249,0.09258,0.02736,0.96101,1.05342,0.091735,0.022385000000000002,10,-0.025461009236440558,0.6,0.5454545454545454,10.801468999783971
T00250,IT_SERVICES,KA-NORTH,OPEN,9,0.97988,0.00868,0.0886,0.02584,0.95091,1.03772,0.09833,0.02729000000000001,51,0.24048351373057056,0.37254901960784315,0.5449178074119232,11.286681715575622
T01418,WATER_INFRASTRUCTURE,KA-CENTRAL,OPEN,4,0.97867,0.03045,0.10308,0.03733,0.92903,1.02991,0.11693,0.029219999999999996,59,0.3197021566992076,0.4067796610169492,0.5448613632871175,9.701202949165696
T00768,MEDICAL_SUPPLIES,KA-CENTRAL,OPEN,8,0.9883,0.02482,0.09934,0.03052,0.93818,1.03635,0.09419,0.027749999999999997,53,-0.12517576256953034,0.6226415094339622,0.5448113207547169,10.066438494060801
T02468,ROAD_CONSTRUCTION,KA-NORTH,OPEN,4,0.93356,0.02402,0.132,0.0526,0.90878,1.032,0.10597000000000001,0.02621499999999999,62,-0.6697308590187213,0.7258064516129032,0.5443548387096775,7.575757575757575
T00535,ELECTRICAL_EQUIPMENT,KA-SOUTH,OPEN,5,0.97911,0.02901,0.07802,0.03073,0.93173,1.00812,0.09169,0.025990000000000013,43,0.3547629350536761,0.32558139534883723,0.5442754643220108,12.817226352217379
T01734,ELECTRICAL_EQUIPMENT,KA-SOUTH,OPEN,6,0.98821,0.03668,0.11064,0.04421,0.91659,1.02592,0.09169,0.025990000000000013,43,-0.4917891455206417,0.6511627906976745,0.5426356589147288,9.038322487346349
T00354,ROAD_CONSTRUCTION,KA-BENGALURU,OPEN,7,1.01285,0.02392,0.11591,0.04291,0.98394,1.10134,0.11207,0.026999999999999996,19,-0.09592757468111568,0.631578947368421,0.5413533834586466,8.627383314640669
T00202,CIVIL_MAINTENANCE,KA-SOUTH,OPEN,4,0.99496,0.01532,0.08101,0.02974,0.97016,1.05076,0.09694,0.028469999999999995,61,0.37740210040260497,0.3442622950819672,0.5412482966134291,12.344155042587335
T02341,MEDICAL_SUPPLIES,KA-NORTH,OPEN,3,0.99935,0.052,0.1487,0.06254,0.90275,1.05135,0.11554500000000001,0.030324999999999998,58,-0.7374358163378899,0.8103448275862069,0.5402298850574713,6.724949562878279
T01219,BUILDING_CONSTRUCTION,KA-BENGALURU,OPEN,3,0.96588,0.04385,0.12525,0.05238,0.88875,1.00973,0.11302,0.02312,21,-0.3567916084947561,0.8095238095238095,0.5396825396825398,7.984031936127744
T02278,ROAD_CONSTRUCTION,KA-NORTH,OPEN,7,1.02981,0.0064,0.12434,0.03359,0.96928,1.09733,0.10597000000000001,0.02621499999999999,62,-0.47264525087106835,0.6290322580645161,0.5391705069124424,8.042464211034261
T00427,FURNITURE,KA-NORTH,OPEN,9,1.00893,0.02305,0.10708,0.0323,0.93494,1.04297,0.1018,0.020879999999999996,33,-0.17056088170672504,0.6060606060606061,0.5387205387205387,9.338812103100485
T01413,CIVIL_MAINTENANCE,KA-BENGALURU,OPEN,5,0.98739,0.01358,0.09902,0.03603,0.97381,1.07158,0.1076,0.03349,14,0.17280175324900537,0.5,0.5382414025992043,10.098969905069684
T01057,ELECTRICAL_EQUIPMENT,KA-SOUTH,OPEN,7,0.98133,0.02361,0.1083,0.03495,0.92463,1.03091,0.09169,0.025990000000000013,43,-0.43106162042732743,0.627906976744186,0.5382059800664453,9.233610341643583
T01852,ROAD_CONSTRUCTION,KA-NORTH,OPEN,4,1.02347,0.02996,0.0925,0.03789,0.99018,1.08486,0.10597000000000001,0.02621499999999999,62,0.3465722117165649,0.3709677419354839,0.5381549652390366,10.81081081081081
T00443,CIVIL_MAINTENANCE,KA-SOUTH,OPEN,5,1.00285,0.03042,0.11019,0.03815,0.93663,1.04713,0.09694,0.028469999999999995,61,-0.3139094683198064,0.6721311475409836,0.5377049180327869,9.075233687267447
T00630,VEHICLE_SUPPLIES,KA-CENTRAL,OPEN,6,1.00982,0.03448,0.12783,0.04396,0.95706,1.08615,0.11493,0.04331,31,-0.20089888702950992,0.6451612903225806,0.5376344086021505,7.8228897754830635
T02462,LAB_EQUIPMENT,TN-NORTH,OPEN,3,1.01676,0.04857,0.10214,0.04163,0.9682,1.07204,0.10492499999999999,0.0061350000000000085,4,0.30618692178358803,0.5,0.5374579478557254,9.790483649892305
T00272,BUILDING_CONSTRUCTION,KA-SOUTH,OPEN,5,1.03855,0.01636,0.10086,0.03834,0.95015,1.05491,0.10953,0.024610000000000007,53,0.23762027162381458,0.4339622641509434,0.5372660286198064,9.9147332936744
T01839,WATER_INFRASTRUCTURE,AP-SOUTH,OPEN,5,0.99309,0.02258,0.10388,0.03576,0.92327,1.02643,0.11100499999999999,0.018865,12,0.25474405837639735,0.4166666666666667,0.5371285800344513,9.626492106276473
T01165,VEHICLE_SUPPLIES,KA-NORTH,LIMITED,4,1.01557,0.01038,0.07881,0.03175,0.94859,1.02863,0.08781,0.028120000000000006,6,0.21587542088511208,0.5,0.5369065656638341,12.688745083111279
T00378,ROAD_CONSTRUCTION,KA-CENTRAL,OPEN,6,0.97845,0.01672,0.12475,0.04243,0.958,1.08007,0.1053,0.03636,59,-0.3608043254075845,0.6440677966101694,0.5367231638418078,8.016032064128256
T01761,ELECTRICAL_EQUIPMENT,KA-SOUTH,OPEN,9,1.01026,0.01535,0.08545,0.02543,0.95232,1.03865,0.09169,0.025990000000000013,43,0.161940066915504,0.4418604651162791,0.5367115840282516,11.702750146284377
T01030,IT_SERVICES,KA-CENTRAL,OPEN,9,0.99011,0.02767,0.1195,0.03703,0.94737,1.06569,0.1033,0.027770000000000003,53,-0.39347318341810716,0.6037735849056604,0.5366876310272536,8.368200836820083
T01606,LAB_EQUIPMENT,KA-NORTH,OPEN,7,1.00862,0.01838,0.0695,0.02618,0.9584,1.0285,0.07648,0.018280000000000005,19,0.2575462527979559,0.3684210526315789,0.5365434046538871,14.388489208633093
T02051,CIVIL_MAINTENANCE,KA-NORTH,OPEN,8,1.02814,0.00925,0.11046,0.04575,0.92702,1.04059,0.103015,0.023669999999999997,62,-0.21214971289832094,0.6129032258064516,0.5362903225806451,9.053050878145935
T00406,VEHICLE_SUPPLIES,KA-NORTH,OPEN,9,1.00961,0.01265,0.11601,0.0311,0.92977,1.04689,0.12007000000000001,0.019319999999999997,26,0.14174081177406742,0.46153846153846156,0.5362482429444702,8.619946556331351
T00957,VEHICLE_SUPPLIES,KA-NORTH,OPEN,7,1.00896,0.01222,0.11648,0.0362,0.93856,1.05609,0.12007000000000001,0.019319999999999997,26,0.12533239267706955,0.5,0.5359991937232025,8.585164835164836
T00633,CIVIL_MAINTENANCE,KA-CENTRAL,OPEN,9,1.01836,0.0119,0.10454,0.02843,0.96333,1.06979,0.0943,0.022679999999999992,73,-0.3045319831146533,0.6027397260273972,0.5357686453576864,9.565716472163766
T00857,WATER_INFRASTRUCTURE,KA-BENGALURU,OPEN,6,1.01046,0.04525,0.10762,0.0434,0.95108,1.05983,0.098545,0.03149,14,-0.19437928365354404,0.6428571428571429,0.5357142857142858,9.29195316855603
T01904,WATER_INFRASTRUCTURE,KA-NORTH,OPEN,6,0.99015,0.01285,0.12042,0.03579,0.94427,1.0635,0.10822999999999999,0.01692000000000001,42,-0.48593630957563205,0.6428571428571429,0.5357142857142858,8.304268393954493
T02150,ELECTRICAL_EQUIPMENT,KA-CENTRAL,OPEN,6,1.00294,0.03255,0.10974,0.04178,0.96937,1.07944,0.10079,0.02248,42,-0.26853613422222095,0.6428571428571429,0.5357142857142858,9.11244760342628
T00601,MEDICAL_SUPPLIES,KA-CENTRAL,LIMITED,4,0.98428,0.02286,0.12559,0.04777,0.95417,1.07778,0.11796999999999999,0.02194999999999999,14,-0.23415123404153385,0.7142857142857143,0.5357142857142857,7.962417389919579
T00626,IT_SERVICES,KA-SOUTH,TWO_STAGE,4,1.02013,0.03085,0.09095,0.03505,0.97855,1.07133,0.0821,0.02933000000000001,7,-0.2035200552801863,0.7142857142857143,0.5357142857142857,10.995052226498075
T02285,MEDICAL_SUPPLIES,KA-NORTH,LIMITED,4,0.96801,0.03713,0.09126,0.04057,0.92751,1.01585,0.09124,0.019130000000000008,7,-0.000705165456849277,0.7142857142857143,0.5357142857142857,10.957703265395574
T02373,WATER_INFRASTRUCTURE,KA-BENGALURU,OPEN,4,0.98521,0.0353,0.10785,0.04059,0.93414,1.04039,0.098545,0.03149,14,-0.19930570075991502,0.7142857142857143,0.5357142857142857,9.272137227630969
T00538,MEDICAL_SUPPLIES,KA-CENTRAL,OPEN,8,0.99203,0.02925,0.08531,0.02928,0.95937,1.044,0.09419,0.027749999999999997,53,0.21583704303251044,0.39622641509433965,0.5355555258609938,11.721955222131053
T02386,IT_SERVICES,KA-SOUTH,LIMITED,3,1.01711,0.00516,0.04199,0.01852,1.01195,1.05465,0.05821,0.0233,9,0.4695382025197585,0.3333333333333333,0.5352476905687279,23.815194093831867
T02194,LAB_EQUIPMENT,KA-SOUTH,OPEN,8,1.0135,0.01233,0.09411,0.02679,0.98231,1.07769,0.09267500000000001,0.01473999999999999,18,-0.0656644667468731,0.6111111111111112,0.5347222222222223,10.625863351397301
T00783,BUILDING_CONSTRUCTION,KA-SOUTH,OPEN,6,0.993,0.02912,0.12226,0.04085,0.94513,1.06654,0.10953,0.024610000000000007,53,-0.3488934322688764,0.6415094339622641,0.5345911949685535,8.179290037624735
T00861,BUILDING_CONSTRUCTION,KA-NORTH,OPEN,6,1.00721,0.01574,0.12857,0.04092,0.9168,1.04629,0.10989,0.03468,53,-0.3633070180802419,0.6415094339622641,0.5345911949685535,7.777864198491095
T00385,BUILDING_CONSTRUCTION,KA-NORTH,OPEN,6,0.98691,0.01749,0.1022,0.03419,0.90833,1.00919,0.10989,0.03468,53,0.14956268570862222,0.49056603773584906,0.5334406028703927,9.784735812133073
T00153,CIVIL_MAINTENANCE,KA-BENGALURU,LIMITED,5,0.99837,0.02004,0.12251,0.04063,0.9217,1.04402,0.12251,0.024590000000000015,3,0.0,0.6666666666666666,0.5333333333333333,8.16259897151253
T00277,BUILDING_CONSTRUCTION,AP-SOUTH,LIMITED,5,0.96005,0.00854,0.12413,0.04535,0.95151,1.07069,0.12413,0.04156,3,0.0,0.6666666666666666,0.5333333333333333,8.05607024893257
T00456,LAB_EQUIPMENT,KA-BENGALURU,OPEN,5,1.01564,0.01401,0.10704,0.03445,0.95372,1.06243,0.10547999999999999,0.028195000000000005,6,-0.03731887160076227,0.6666666666666666,0.5333333333333333,9.342301943198805
T00978,FURNITURE,KA-NORTH,OPEN,5,1.06501,0.05056,0.11612,0.04424,1.00397,1.12764,0.1018,0.020879999999999996,33,-0.46258178523490634,0.6666666666666666,0.5333333333333333,8.611780916293489
T01124,BUILDING_CONSTRUCTION,KA-BENGALURU,OPEN,5,0.98783,0.05444,0.1238,0.0461,0.92511,1.0474,0.11302,0.02312,21,-0.31449006864868917,0.6666666666666666,0.5333333333333333,8.077544426494347
T01297,VEHICLE_SUPPLIES,KA-SOUTH,OPEN,5,0.98356,0.04415,0.14119,0.05052,0.89758,1.03645,0.11184,0.029350000000000015,21,-0.6744907594765952,0.6666666666666666,0.5333333333333333,7.082654578936185
T01486,WATER_INFRASTRUCTURE,KA-SOUTH,TWO_STAGE,5,1.04014,0.03692,0.09284,0.03783,1.00322,1.09979,0.08648,0.023465,6,-0.18281530919544636,0.6666666666666666,0.5333333333333333,10.771219302024988
T01592,IT_SERVICES,KA-SOUTH,LIMITED,5,1.04205,0.01528,0.08151,0.03119,0.97239,1.05733,0.05821,0.0233,9,-0.6744907594765952,0.6666666666666666,0.5333333333333333,12.2684333210649
T01749,IT_SERVICES,AP-SOUTH,OPEN,5,0.99111,0.02882,0.10271,0.03703,0.94592,1.04773,0.093495,0.036140000000000005,6,-0.17198207937401286,0.6666666666666666,0.5333333333333333,9.736150326161036
T01826,VEHICLE_SUPPLIES,KA-SOUTH,TWO_STAGE,5,0.99738,0.02397,0.09422,0.03174,0.95654,1.05052,0.09422,0.0061200000000000004,3,0.0,0.6666666666666666,0.5333333333333333,10.613457864572277
T01980,ROAD_CONSTRUCTION,KA-BENGALURU,TWO_STAGE,5,1.03088,0.02466,0.09544,0.04087,0.95715,1.05553,0.09544,0.006609999999999991,3,0.0,0.6666666666666666,0.5333333333333333,10.477787091366304
T02040,IT_SERVICES,KA-NORTH,TWO_STAGE,5,1.00259,0.04405,0.11216,0.04077,0.93684,1.04929,0.11099,0.01569000000000001,9,-0.05029663407186804,0.6666666666666666,0.5333333333333333,8.91583452211127
T02348,FURNITURE,KA-BENGALURU,TWO_STAGE,5,1.00494,0.0263,0.09147,0.03531,0.97864,1.07056,0.09147,0.024679999999999994,3,0.0,0.6666666666666666,0.5333333333333333,10.932546190007653
T02398,IT_SERVICES,KA-CENTRAL,TWO_STAGE,5,0.98252,0.02186,0.10606,0.03513,0.928,1.0322,0.10588,0.02327,9,-0.005217375879062607,0.6666666666666666,0.5333333333333333,9.428625306430323
T01068,ROAD_CONSTRUCTION,KA-SOUTH,OPEN,8,0.97755,0.03518,0.12023,0.03934,0.90693,1.02446,0.10933000000000001,0.026665000000000008,64,-0.27571533014419203,0.609375,0.533203125,8.31739166597355
T02272,IT_SERVICES,KA-SOUTH,OPEN,7,0.99618,0.02672,0.10067,0.03487,0.96947,1.06975,0.09166,0.02535000000000001,37,-0.2397302462676179,0.6216216216216216,0.5328185328185329,9.933445912387008
T00642,LAB_EQUIPMENT,KA-CENTRAL,OPEN,7,0.98722,0.01808,0.09612,0.02863,0.94094,1.03583,0.08785,0.026139999999999997,29,-0.21339091740135588,0.6206896551724138,0.5320197044334976,10.403662089055349
T01389,MEDICAL_SUPPLIES,KA-NORTH,OPEN,7,0.99425,0.0201,0.12808,0.03927,0.93085,1.05819,0.11554500000000001,0.030324999999999998,58,-0.2788043419633674,0.6206896551724138,0.5320197044334976,7.807620237351656
T00170,ELECTRICAL_EQUIPMENT,AP-SOUTH,OPEN,9,0.99397,0.03016,0.10582,0.03717,0.91904,1.02423,0.11116000000000001,0.03665500000000001,10,0.09826164658586892,0.5,0.5317881302985501,9.45000945000945
T02350,ROAD_CONSTRUCTION,KA-NORTH,OPEN,4,1.02928,0.01905,0.0941,0.03557,1.00318,1.10004,0.10597000000000001,0.02621499999999999,62,0.3054055050538696,0.4032258064516129,0.531473483629112,10.626992561105206
T00084,MEDICAL_SUPPLIES,KA-CENTRAL,OPEN,9,0.97905,0.01451,0.08667,0.03219,0.96455,1.0494,0.09419,0.027749999999999997,53,0.18278091932482868,0.41509433962264153,0.5314446746199735,11.538017768547364
T00738,FURNITURE,KA-CENTRAL,OPEN,4,0.97722,0.00656,0.07844,0.03069,0.96631,1.04297,0.09752,0.03523000000000001,35,0.3652933207724505,0.34285714285714286,0.5311128477221951,12.748597654258033
T00745,CIVIL_MAINTENANCE,KA-SOUTH,OPEN,8,1.01123,0.02197,0.10257,0.03155,0.95009,1.05381,0.09694,0.028469999999999995,61,-0.13338190993513274,0.6065573770491803,0.5307377049180328,9.749439407234085
T00177,WATER_INFRASTRUCTURE,KA-NORTH,OPEN,7,0.96566,0.01299,0.1203,0.04178,0.95267,1.06883,0.10822999999999999,0.01692000000000001,42,-0.48115268716799686,0.6190476190476191,0.5306122448979592,8.31255195344971
T00343,ELECTRICAL_EQUIPMENT,KA-CENTRAL,OPEN,7,1.00341,0.02915,0.10919,0.0444,0.92299,1.03255,0.10079,0.02248,42,-0.252033913683425,0.6190476190476191,0.5306122448979592,9.158347834050737
T01280,BUILDING_CONSTRUCTION,KA-BENGALURU,OPEN,7,1.00242,0.01302,0.11602,0.03222,0.94802,1.06432,0.11302,0.02312,21,-0.08752042726772435,0.6190476190476191,0.5306122448979592,8.619203585588691
T02366,ROAD_CONSTRUCTION,KA-NORTH,OPEN,9,0.99887,0.02244,0.11534,0.03441,0.96082,1.07603,0.10597000000000001,0.02621499999999999,62,-0.24108252589340806,0.5967741935483871,0.5304659498207885,8.670019074041964
T00457,MEDICAL_SUPPLIES,KA-NORTH,OPEN,4,1.00937,0.03184,0.13448,0.05019,0.96494,1.10068,0.11554500000000001,0.030324999999999998,58,-0.42115358716205503,0.7068965517241379,0.5301724137931034,7.436049970255801
T01520,ROAD_CONSTRUCTION,KA-NORTH,LIMITED,5,1.00154,0.02393,0.05692,0.02244,0.97476,1.03176,0.07595,0.039025000000000004,12,0.3289060641342629,0.3333333333333333,0.529791517974077,17.568517217146873
T00312,IT_SERVICES,KA-NORTH,OPEN,10,0.97169,0.02847,0.10334,0.03309,0.93867,1.03909,0.09833,0.02729000000000001,51,-0.12382552968038626,0.5882352941176471,0.5294117647058824,9.676795045480937
T00080,WATER_INFRASTRUCTURE,KA-NORTH,OPEN,9,1.01664,0.01199,0.11708,0.03496,0.91416,1.03319,0.10822999999999999,0.01692000000000001,42,-0.35279215256311297,0.5952380952380952,0.5291005291005291,8.541168431841475
T00746,ELECTRICAL_EQUIPMENT,KA-CENTRAL,OPEN,9,0.97549,0.01275,0.10683,0.03473,0.96273,1.06695,0.10079,0.02248,42,-0.18122438555331974,0.5952380952380952,0.5291005291005291,9.360666479453338
T01517,BUILDING_CONSTRUCTION,KA-CENTRAL,OPEN,7,0.983,0.02952,0.10623,0.03565,0.93492,1.03934,0.11566,0.02932,70,0.21693205531597168,0.4,0.5287989045565472,9.413536665725312
T01323,MEDICAL_SUPPLIES,KA-CENTRAL,OPEN,5,0.96748,0.03153,0.10814,0.03833,0.93595,1.04057,0.09419,0.027749999999999997,53,-0.3390683277368831,0.660377358490566,0.5283018867924528,9.247272054743851
T01352,BUILDING_CONSTRUCTION,KA-NORTH,OPEN,8,0.99853,0.04499,0.12377,0.04796,0.93223,1.05582,0.10989,0.03468,53,-0.2699518956613363,0.6037735849056604,0.5283018867924528,8.079502302658156
T00556,ELECTRICAL_EQUIPMENT,KA-SOUTH,OPEN,6,1.02367,0.01362,0.08341,0.03203,0.955,1.04038,0.09169,0.025990000000000013,43,0.21488201186864958,0.4186046511627907,0.5279055525262003,11.988970147464332
T00647,ROAD_CONSTRUCTION,KA-SOUTH,OPEN,9,0.99632,0.0227,0.12013,0.03187,0.93625,1.05594,0.10933000000000001,0.026665000000000008,64,-0.2731858317025021,0.59375,0.5277777777777778,8.324315325064513
T02333,ROAD_CONSTRUCTION,KA-NORTH,OPEN,4,0.98212,0.0239,0.09494,0.03552,0.92388,1.01712,0.10597000000000001,0.02621499999999999,62,0.2837929840559548,0.41935483870967744,0.5273608670742242,10.532968190436065
T00294,IT_SERVICES,KA-SOUTH,OPEN,4,1.00727,0.02159,0.10613,0.03942,0.97549,1.0824,0.09166,0.02535000000000001,37,-0.3850051790779616,0.7027027027027027,0.5270270270270271,9.42240648261566
T00942,ROAD_CONSTRUCTION,KA-NORTH,OPEN,7,0.99116,0.02343,0.12187,0.04738,0.90046,1.02125,0.10597000000000001,0.02621499999999999,62,-0.40909414746053274,0.6129032258064516,0.5253456221198157,8.205464839583161
T02440,VEHICLE_SUPPLIES,KA-CENTRAL,OPEN,7,1.0284,0.00641,0.12641,0.03608,0.94046,1.07046,0.11493,0.04331,31,-0.17878443589912968,0.6129032258064516,0.5253456221198157,7.9107665532790135
T01690,FURNITURE,KA-NORTH,OPEN,3,0.97142,0.03362,0.12527,0.05185,0.9378,1.05948,0.1018,0.020879999999999996,33,-0.7581560404653106,0.7878787878787878,0.5252525252525253,7.9827572443522
T02475,ELECTRICAL_EQUIPMENT,KA-NORTH,OPEN,9,0.97623,0.01394,0.0906,0.03161,0.95651,1.04496,0.09762,0.027480000000000004,43,0.17230440798856247,0.4186046511627907,0.525252497023425,11.037527593818984
T01704,CIVIL_MAINTENANCE,KA-CENTRAL,OPEN,6,1.0444,0.02343,0.10557,0.04421,0.95956,1.06982,0.0943,0.022679999999999992,73,-0.3351636181349749,0.6301369863013698,0.5251141552511416,9.47238798901203
T00572,FURNITURE,KA-SOUTH,OPEN,5,1.00987,0.05329,0.14004,0.05282,0.92174,1.06316,0.120115,0.025825000000000008,32,-0.5203960651528037,0.65625,0.525,7.140816909454442
T01724,FURNITURE,KA-CENTRAL,OPEN,8,0.97078,0.0158,0.10453,0.03136,0.94589,1.04737,0.09752,0.03523000000000001,35,-0.1342089192146163,0.6,0.525,9.566631589017508
T02164,WATER_INFRASTRUCTURE,KA-BENGALURU,OPEN,3,1.01061,0.02193,0.11665,0.05192,0.91465,1.03254,0.098545,0.03149,14,-0.3877947030906244,0.7857142857142857,0.5238095238095238,8.572653236176597
T00452,WATER_INFRASTRUCTURE,KA-SOUTH,OPEN,7,1.01807,0.03955,0.11321,0.04185,0.97498,1.09024,0.10991999999999999,0.024564999999999997,36,-0.09033480963476527,0.6111111111111112,0.5238095238095238,8.833141948591113
T02131,CIVIL_MAINTENANCE,KA-NORTH,OPEN,9,0.95684,0.03538,0.09932,0.03889,0.92146,1.01649,0.103015,0.023669999999999997,62,0.10529122755665453,0.4838709677419355,0.5236997291543022,10.068465565847765
T01409,MEDICAL_SUPPLIES,KA-CENTRAL,OPEN,4,1.04693,0.03156,0.11627,0.04168,0.9802,1.10193,0.09419,0.027749999999999997,53,-0.5366758907835396,0.6981132075471698,0.5235849056603773,8.600670852326482
T01371,FURNITURE,KA-NORTH,OPEN,4,1.00238,0.0301,0.11792,0.04376,0.95921,1.07741,0.1018,0.020879999999999996,33,-0.5207275403621989,0.696969696969697,0.5227272727272727,8.480325644504749
T00373,IT_SERVICES,KA-CENTRAL,OPEN,7,0.97336,0.02912,0.09607,0.03376,0.93538,1.02889,0.1033,0.027770000000000003,53,0.1756056244514146,0.4339622641509434,0.5224867616591641,10.409076714895388
T01353,VEHICLE_SUPPLIES,KA-SOUTH,OPEN,9,1.0263,0.01938,0.09873,0.02859,0.99527,1.0966,0.11184,0.029350000000000015,21,0.30128019954814844,0.2857142857142857,0.5217728757888304,10.128633647320976
T01581,WATER_INFRASTRUCTURE,KA-CENTRAL,LIMITED,3,1.00795,0.02028,0.06701,0.02833,0.96069,1.02824,0.079,0.017060000000000006,13,0.4740412782018977,0.3076923076923077,0.5211557239294703,14.923145799134458
T01060,IT_SERVICES,KA-NORTH,OPEN,7,1.00705,0.02167,0.10466,0.03821,0.92332,1.02872,0.09833,0.02729000000000001,51,-0.15645022013509885,0.6078431372549019,0.5210084033613446,9.554748710108925
T00245,FURNITURE,KA-SOUTH,OPEN,6,1.01497,0.02303,0.13949,0.04285,0.94519,1.08677,0.120115,0.025825000000000008,32,-0.5060313055124503,0.625,0.5208333333333334,7.168972686214065
T01252,WATER_INFRASTRUCTURE,TN-NORTH,OPEN,6,1.0018,0.01768,0.09541,0.03436,0.92406,1.01965,0.08832999999999999,0.021425000000000007,8,-0.2228888950802471,0.625,0.5208333333333334,10.481081647626036
T01935,ELECTRICAL_EQUIPMENT,KA-BENGALURU,OPEN,6,1.01614,0.03468,0.10762,0.03703,0.95929,1.06864,0.10288,0.023164999999999998,16,-0.13801364989937653,0.625,0.5208333333333334,9.29195316855603
T00508,BUILDING_CONSTRUCTION,KA-CENTRAL,OPEN,8,0.97147,0.02293,0.1078,0.03824,0.94039,1.04511,0.11566,0.02932,70,0.1808150535295373,0.4142857142857143,0.5207131718383451,9.276437847866418
T00465,WATER_INFRASTRUCTURE,KA-BENGALURU,OPEN,9,1.01554,0.01603,0.09121,0.02689,0.99147,1.0841,0.098545,0.03149,14,0.1571098672836082,0.42857142857142855,0.5206055963155882,10.96371011950444
T02122,MEDICAL_SUPPLIES,KA-BENGALURU,OPEN,7,1.01435,0.02184,0.10817,0.03477,0.93194,1.04166,0.08851,0.034519999999999995,28,-0.3841392911735186,0.6071428571428571,0.5204081632653061,9.244707405010631
T00357,IT_SERVICES,KA-SOUTH,OPEN,8,0.98862,0.02019,0.10021,0.02935,0.96132,1.06039,0.09166,0.02535000000000001,37,-0.22749096621399917,0.5945945945945946,0.5202702702702703,9.979044007584074
T00599,IT_SERVICES,KA-CENTRAL,OPEN,9,1.0095,0.02046,0.11914,0.03529,0.93383,1.0541,0.1033,0.027770000000000003,53,-0.38472933489770483,0.5849056603773585,0.519916142557652,8.39348665435622
T00712,BUILDING_CONSTRUCTION,KA-SOUTH,OPEN,9,1.0245,0.02337,0.1136,0.03344,0.96605,1.08244,0.10953,0.024610000000000007,53,-0.11154723246931103,0.5849056603773585,0.519916142557652,8.80281690140845
T02060,CIVIL_MAINTENANCE,KA-SOUTH,OPEN,6,0.97915,0.02561,0.10337,0.03483,0.94421,1.04542,0.09694,0.028469999999999995,61,-0.1523349344374609,0.6229508196721312,0.5191256830601093,9.673986649898422
T01419,WATER_INFRASTRUCTURE,KA-CENTRAL,OPEN,8,0.98948,0.04666,0.12511,0.0429,0.94148,1.06527,0.11693,0.029219999999999996,59,-0.1888204795523116,0.5932203389830508,0.5190677966101694,7.992966189753018
T00904,IT_SERVICES,KA-CENTRAL,OPEN,6,1.01183,0.0187,0.11956,0.03958,0.91781,1.03879,0.1033,0.027770000000000003,53,-0.394930491504841,0.6226415094339622,0.5188679245283019,8.364001338240215
T00867,ELECTRICAL_EQUIPMENT,KA-NORTH,OPEN,7,0.9979,0.03143,0.11367,0.0405,0.917,1.03043,0.09762,0.027480000000000004,43,-0.39394383877726885,0.6046511627906976,0.5182724252491694,8.797395970792646
T00437,ELECTRICAL_EQUIPMENT,KA-CENTRAL,OPEN,3,0.98837,0.00355,0.08521,0.03835,0.98482,1.06904,0.10079,0.02248,42,0.4674629018080676,0.30952380952380953,0.5179911408879182,11.735711770918908
T02216,MEDICAL_SUPPLIES,KA-CENTRAL,OPEN,7,0.99004,0.01265,0.09828,0.03144,0.91007,1.00737,0.09419,0.027749999999999997,53,-0.09941143085619032,0.6037735849056604,0.5175202156334232,10.175010175010174
T00757,CIVIL_MAINTENANCE,KA-NORTH,OPEN,3,1.05029,0.03744,0.08711,0.03557,1.01284,1.10433,0.103015,0.023669999999999997,62,0.45322245582911874,0.3225806451612903,0.5172020673269394,11.479738261967626
T01231,ELECTRICAL_EQUIPMENT,KA-SOUTH,OPEN,4,1.02898,0.02957,0.07949,0.03344,0.99598,1.07777,0.09169,0.025990000000000013,43,0.31661359236685066,0.37209302325581395,0.5165299617169985,12.58019876714052
T00180,ROAD_CONSTRUCTION,KA-CENTRAL,OPEN,5,0.99747,0.02243,0.09337,0.03176,0.95216,1.04529,0.1053,0.03636,59,0.22130568648393253,0.423728813559322,0.5160276000346037,10.71007818357074
T00581,ELECTRICAL_EQUIPMENT,KA-CENTRAL,LIMITED,5,1.01279,0.0292,0.08393,0.0353,0.95699,1.04199,0.08738,0.00827,11,0.28137764452167474,0.36363636363636365,0.5160112065264307,11.914690813773381
T02126,ELECTRICAL_EQUIPMENT,KA-BENGALURU,OPEN,4,1.03605,0.02583,0.11841,0.04209,0.98727,1.10994,0.10288,0.023164999999999998,16,-0.4521839626450043,0.6875,0.515625,8.445232666159953
T02141,CIVIL_MAINTENANCE,KA-SOUTH,OPEN,4,1.00653,0.03054,0.08522,0.03616,0.95455,1.04032,0.09694,0.028469999999999995,61,0.2776618089591041,0.4098360655737705,0.5156234058996559,11.734334663224594
T00320,MEDICAL_SUPPLIES,KA-SOUTH,OPEN,5,1.02148,0.04512,0.10696,0.04186,0.96106,1.07031,0.09937,0.020879999999999996,45,-0.24518126745341753,0.6444444444444445,0.5155555555555557,9.349289454001497
T02176,IT_SERVICES,KA-NORTH,OPEN,7,1.04246,0.00782,0.09066,0.039,0.95577,1.05029,0.09833,0.02729000000000001,51,0.18956922408154933,0.4117647058823529,0.5154290828262019,11.03022281050077
T01468,CIVIL_MAINTENANCE,KA-CENTRAL,OPEN,5,1.01119,0.02328,0.10616,0.03678,0.94032,1.04767,0.0943,0.022679999999999992,73,-0.35270989450583895,0.6438356164383562,0.5150684931506849,9.419743782969103
T00780,ROAD_CONSTRUCTION,KA-CENTRAL,OPEN,11,0.99056,0.01153,0.10038,0.02718,0.9577,1.05713,0.1053,0.03636,59,0.09126772652983645,0.4745762711864407,0.5144036342875247,9.962143853357242
T01642,BUILDING_CONSTRUCTION,KA-NORTH,LIMITED,5,1.00363,0.03404,0.09253,0.03341,0.96007,1.05294,0.08109,0.031305,14,-0.24648376580138168,0.6428571428571429,0.5142857142857143,10.807305738679347
T02171,CIVIL_MAINTENANCE,KA-BENGALURU,OPEN,5,1.01958,0.01432,0.12317,0.04232,0.99151,1.11708,0.1076,0.03349,14,-0.31358080397284527,0.6428571428571429,0.5142857142857143,8.11886011204027
T00671,CIVIL_MAINTENANCE,TN-NORTH,OPEN,7,1.02165,0.01776,0.12018,0.03762,0.93403,1.05682,0.11902,0.03328,10,-0.023509894260602366,0.6,0.5142857142857143,8.320852055250459
T00802,VEHICLE_SUPPLIES,KA-BENGALURU,OPEN,7,0.9994,0.02134,0.08219,0.02658,0.97244,1.05458,0.079095,0.0273,10,-0.07646699269524038,0.6,0.5142857142857143,12.166930283489476
T01947,BUILDING_CONSTRUCTION,KA-CENTRAL,OPEN,7,1.06222,0.0282,0.12483,0.04149,0.9713,1.10389,0.11566,0.02932,70,-0.21095089578446033,0.6,0.5142857142857143,8.010894816951053
T00789,CIVIL_MAINTENANCE,KA-CENTRAL,OPEN,3,1.02359,0.00899,0.08127,0.03721,0.94939,1.03258,0.0943,0.022679999999999992,73,0.3875050527328059,0.3835616438356164,0.5140444643789482,12.304663467454166
T00175,ELECTRICAL_EQUIPMENT,KA-NORTH,OPEN,8,0.98046,0.02726,0.09169,0.03279,0.94789,1.03779,0.09762,0.027480000000000004,43,0.14555058965415618,0.4418604651162791,0.5139846729241309,10.906314756243866
T00706,LAB_EQUIPMENT,KA-CENTRAL,OPEN,8,1.01652,0.02056,0.08928,0.02751,0.97546,1.06621,0.08785,0.026139999999999997,29,-0.036898308571213914,0.5862068965517241,0.5129310344827586,11.200716845878137
T01733,CIVIL_MAINTENANCE,AP-SOUTH,OPEN,3,1.09505,0.06527,0.14991,0.06226,0.99616,1.16032,0.1334,0.031560000000000005,13,-0.3528467185981807,0.7692307692307693,0.5128205128205129,6.670669068107531
T01649,ELECTRICAL_EQUIPMENT,KA-SOUTH,LIMITED,5,1.0506,0.02745,0.08987,0.03043,1.00173,1.09614,0.0958,0.014440000000000008,11,0.27698962629475077,0.36363636363636365,0.5125007919448915,11.127183709803049
T00379,VEHICLE_SUPPLIES,KA-BENGALURU,OPEN,9,0.99917,0.02209,0.076,0.02431,0.95711,1.03304,0.079095,0.0273,10,0.07646699269524038,0.5,0.5124151046179914,13.157894736842106
T00197,ROAD_CONSTRUCTION,KA-CENTRAL,OPEN,9,1.02887,0.0251,0.10948,0.03436,0.97426,1.08691,0.1053,0.03636,59,-0.07754046684851927,0.576271186440678,0.512241054613936,9.134088417975887
T00241,BUILDING_CONSTRUCTION,KA-SOUTH,OPEN,5,1.00776,0.03633,0.10338,0.04101,0.9399,1.04408,0.10953,0.024610000000000007,53,0.1685541719130866,0.4716981132075472,0.512201828096507,9.67305088024763
T02376,BUILDING_CONSTRUCTION,KA-CENTRAL,OPEN,6,1.03022,0.02458,0.12506,0.04903,0.93711,1.06595,0.11566,0.02932,70,-0.21624192152387448,0.6142857142857143,0.511904761904762,7.996161842315688
T00490,ROAD_CONSTRUCTION,KA-BENGALURU,OPEN,3,1.00903,0.02901,0.0982,0.04067,0.98002,1.0791,0.11207,0.026999999999999996,19,0.34648840125705116,0.42105263157894735,0.5116940218906657,10.183299389002038
T00792,LAB_EQUIPMENT,KA-NORTH,OPEN,4,1.00584,0.01405,0.06516,0.02546,0.95809,1.02362,0.07648,0.018280000000000005,19,0.4176824615577168,0.2631578947368421,0.5106302672209191,15.346838551258442
T01110,WATER_INFRASTRUCTURE,KA-SOUTH,OPEN,10,1.01075,0.01069,0.10241,0.02962,0.99364,1.09715,0.10991999999999999,0.024564999999999997,36,0.20620499098999484,0.3611111111111111,0.5105844918909954,9.764671418806756
T00961,IT_SERVICES,KA-CENTRAL,OPEN,4,0.98958,0.03101,0.12282,0.04884,0.90558,1.02712,0.1033,0.027770000000000003,53,-0.47411089755070707,0.6792452830188679,0.5094339622641509,8.141996417521577
T02492,ELECTRICAL_EQUIPMENT,KA-SOUTH,LIMITED,5,0.96034,0.01768,0.09616,0.03323,0.94265,1.035,0.0958,0.014440000000000008,11,-0.01681555910052449,0.6363636363636364,0.5090909090909091,10.399334442595674
T00263,BUILDING_CONSTRUCTION,KA-CENTRAL,OPEN,4,1.05159,0.02301,0.1023,0.03765,1.01659,1.12417,0.11566,0.02932,70,0.30733958208074047,0.37142857142857144,0.509076115131984,9.775171065493646
T00530,VEHICLE_SUPPLIES,KA-CENTRAL,OPEN,3,0.98127,0.04016,0.0949,0.0387,0.94111,1.03424,0.11493,0.04331,31,0.3119383493954331,0.45161290322580644,0.5090341684141598,10.537407797681771
T00353,WATER_INFRASTRUCTURE,KA-CENTRAL,OPEN,6,0.99756,0.03193,0.1252,0.04473,0.96019,1.08509,0.11693,0.029219999999999996,59,-0.19089796649115137,0.6101694915254238,0.5084745762711865,7.987220447284344
T01268,BUILDING_CONSTRUCTION,KA-CENTRAL,LIMITED,3,0.97827,0.00705,0.06398,0.02815,0.97122,1.03381,0.07799500000000001,0.01844500000000001,8,0.5124959606432359,0.25,0.508330640428824,15.629884338855893
T01836,MEDICAL_SUPPLIES,KA-BENGALURU,OPEN,3,0.98942,0.03284,0.06778,0.02768,0.9552,1.02226,0.08851,0.034519999999999995,28,0.4050461600217213,0.35714285714285715,0.5081260114430524,14.753614635585716
T00043,ROAD_CONSTRUCTION,KA-NORTH,OPEN,8,1.02619,0.02174,0.11447,0.03571,0.98982,1.10728,0.10597000000000001,0.02621499999999999,62,-0.2186981291455677,0.5806451612903226,0.5080645161290323,8.73591333973967
T01163,VEHICLE_SUPPLIES,KA-SOUTH,OPEN,3,1.00397,0.05825,0.17052,0.0721,0.89101,1.06221,0.11184,0.029350000000000015,21,-1.3485219000370219,0.7619047619047619,0.507936507936508,5.864414731409805
T00024,FURNITURE,KA-CENTRAL,OPEN,9,1.01813,0.03599,0.1042,0.03485,0.96012,1.06621,0.09752,0.03523000000000001,35,-0.12789095297484127,0.5714285714285714,0.5079365079365079,9.596928982725528
T00194,ROAD_CONSTRUCTION,AP-SOUTH,OPEN,9,1.01786,0.03235,0.12627,0.03804,0.97794,1.10646,0.12472,0.013115000000000002,14,-0.07971488198160272,0.5714285714285714,0.5079365079365079,7.919537499010058
T00502,IT_SERVICES,KA-BENGALURU,OPEN,9,0.9876,0.02252,0.09223,0.02957,0.94262,1.03371,0.08701500000000001,0.018524999999999993,14,-0.18987688586615079,0.5714285714285714,0.5079365079365079,10.84245906971701
T00196,ROAD_CONSTRUCTION,KA-CENTRAL,OPEN,8,0.99749,0.03277,0.0978,0.03651,0.93495,1.0325,0.1053,0.03636,59,0.1391276319052384,0.4406779661016949,0.5073298982560667,10.224948875255624
T00639,IT_SERVICES,KA-CENTRAL,OPEN,7,1.02721,0.01455,0.09605,0.03553,0.94715,1.04581,0.1033,0.027770000000000003,53,0.17609139381365932,0.41509433962264153,0.5067306286596865,10.41124414367517
T00103,ROAD_CONSTRUCTION,KA-SOUTH,OPEN,8,1.00315,0.02118,0.10312,0.03216,0.94206,1.04551,0.10933000000000001,0.026665000000000008,64,0.15708185322893906,0.421875,0.5065872465753217,9.69743987587277
T01006,ROAD_CONSTRUCTION,KA-BENGALURU,OPEN,8,1.0116,0.04267,0.11441,0.043,0.94422,1.05996,0.11207,0.026999999999999996,19,-0.05845586582130479,0.5789473684210527,0.506578947368421,8.7404947120007
T01412,CIVIL_MAINTENANCE,KA-CENTRAL,LIMITED,8,0.99267,0.02861,0.09267,0.03029,0.96353,1.05552,0.08912,0.02513,19,-0.09528222030011585,0.5789473684210527,0.506578947368421,10.790978741771879
T01810,ELECTRICAL_EQUIPMENT,KA-NORTH,OPEN,9,0.98605,0.01412,0.09052,0.026,0.96146,1.05072,0.09762,0.027480000000000004,43,0.17426799098558304,0.3953488372093023,0.5063260695065648,11.04728236853734
T01936,CIVIL_MAINTENANCE,KA-NORTH,OPEN,6,1.00368,0.02731,0.09641,0.03356,0.9754,1.07216,0.103015,0.023669999999999997,62,0.18821341218178755,0.41935483870967744,0.5063068757428876,10.372368011617052
T00743,ELECTRICAL_EQUIPMENT,KA-BENGALURU,OPEN,10,0.97659,0.02698,0.1031,0.03232,0.93732,1.03801,0.10288,0.023164999999999998,16,-0.0064056968307726996,0.5625,0.50625,9.699321047526674
T00321,ROAD_CONSTRUCTION,KA-SOUTH,OPEN,8,1.0221,0.02792,0.11341,0.03691,0.93658,1.0525,0.10933000000000001,0.026665000000000008,64,-0.103203536420945,0.578125,0.505859375,8.817564588660613
T01017,BUILDING_CONSTRUCTION,KA-NORTH,LIMITED,4,0.97783,0.02025,0.06968,0.02892,0.95672,1.02485,0.08109,0.031305,14,0.24583739228966442,0.42857142857142855,0.5058066156458197,14.351320321469574
T01035,MEDICAL_SUPPLIES,KA-BENGALURU,OPEN,5,0.94403,0.02953,0.07628,0.02754,0.90939,0.9814,0.08851,0.034519999999999995,28,0.2389635570219804,0.39285714285714285,0.5054565599032986,13.109596224436288
T00369,MEDICAL_SUPPLIES,KA-BENGALURU,OPEN,6,0.97017,0.01006,0.07941,0.02731,0.95853,1.03558,0.08851,0.034519999999999995,28,0.1778060808585465,0.42857142857142855,0.5053145911916459,12.592872434202242
T02052,IT_SERVICES,KA-SOUTH,OPEN,7,1.0075,0.02128,0.08271,0.02777,0.96161,1.04494,0.09166,0.02535000000000001,37,0.23813381843453746,0.35135135135135137,0.5052730026736191,12.090436464756376
T01251,CIVIL_MAINTENANCE,KA-SOUTH,OPEN,6,1.00607,0.02798,0.09074,0.03323,0.96421,1.0555,0.09694,0.028469999999999995,61,0.1468859398930414,0.45901639344262296,0.5049186111130537,11.020498126515319
T00066,CIVIL_MAINTENANCE,KA-CENTRAL,OPEN,7,0.99176,0.02916,0.10317,0.04011,0.95782,1.06015,0.0943,0.022679999999999992,73,-0.2637889345924781,0.589041095890411,0.5048923679060666,9.69274013763691
T01018,WATER_INFRASTRUCTURE,KA-NORTH,OPEN,4,1.00707,0.02438,0.09973,0.03533,0.96149,1.06193,0.10822999999999999,0.01692000000000001,42,0.3388399205408423,0.3333333333333333,0.5041299404056316,10.02707309736288
T00573,ELECTRICAL_EQUIPMENT,KA-SOUTH,OPEN,6,0.99481,0.02337,0.10607,0.04139,0.92166,1.02718,0.09169,0.025990000000000013,43,-0.37318880805207527,0.6046511627906976,0.5038759689922481,9.427736400490243
T00394,FURNITURE,KA-NORTH,OPEN,8,1.02092,0.02483,0.10489,0.03237,0.96719,1.07427,0.1018,0.020879999999999996,33,-0.09981687963518567,0.5757575757575758,0.5037878787878788,9.533797311469158
T02203,WATER_INFRASTRUCTURE,KA-SOUTH,OPEN,9,1.00994,0.01426,0.10395,0.03298,0.97312,1.0781,0.10991999999999999,0.024564999999999997,36,0.16392061201201982,0.4027777777777778,0.5037319020353757,9.62000962000962
T01726,MEDICAL_SUPPLIES,KA-CENTRAL,OPEN,8,0.97648,0.02803,0.08992,0.03463,0.94589,1.0337,0.09419,0.027749999999999997,53,0.10378650605279492,0.4716981132075472,0.5035490418527994,11.12099644128114
T00731,CIVIL_MAINTENANCE,KA-CENTRAL,OPEN,8,0.95305,0.00735,0.10142,0.03348,0.94367,1.04033,0.0943,0.022679999999999992,73,-0.21174489450940742,0.5753424657534246,0.5034246575342466,9.8599881680142
T02022,BUILDING_CONSTRUCTION,KA-SOUTH,OPEN,6,1.0308,0.01599,0.11566,0.03725,0.9971,1.11632,0.10953,0.024610000000000007,53,-0.1680060282645886,0.6037735849056604,0.5031446540880503,8.646031471554556
T02383,IT_SERVICES,KA-SOUTH,OPEN,6,1.00318,0.01668,0.08624,0.02929,0.93724,1.02375,0.09166,0.02535000000000001,37,0.14421064758828994,0.4594594594594595,0.5030584225397913,11.595547309833025
T00345,BUILDING_CONSTRUCTION,KA-CENTRAL,OPEN,5,0.97059,0.0181,0.12515,0.04426,0.95249,1.07396,0.11566,0.02932,70,-0.21831232290016703,0.6285714285714286,0.5028571428571429,7.990411506192568
T00534,ELECTRICAL_EQUIPMENT,KA-NORTH,OPEN,5,0.98574,0.03321,0.11504,0.0508,0.90555,1.01896,0.09762,0.027480000000000004,43,-0.4275701976012478,0.627906976744186,0.5023255813953489,8.692628650904034
T00489,BUILDING_CONSTRUCTION,KA-NORTH,OPEN,5,1.00811,0.02807,0.09604,0.03278,0.95583,1.05266,0.10989,0.03468,53,0.2693684261462181,0.3584905660377358,0.5022871937471631,10.412328196584756
T02242,CIVIL_MAINTENANCE,KA-SOUTH,OPEN,8,1.0194,0.01023,0.0996,0.03005,0.96453,1.06607,0.09694,0.028469999999999995,61,-0.06301880647024027,0.5737704918032787,0.5020491803278688,10.040160642570282
T01303,CIVIL_MAINTENANCE,KA-NORTH,OPEN,9,0.9845,0.01645,0.10635,0.03011,0.91632,1.02103,0.103015,0.023669999999999997,62,-0.09503281296385502,0.5645161290322581,0.5017921146953406,9.402914903620122
T01548,ROAD_CONSTRUCTION,KA-CENTRAL,OPEN,5,0.93695,0.03625,0.11956,0.04406,0.86336,0.97538,0.1053,0.03636,59,-0.2645280041291596,0.6271186440677966,0.5016949152542373,8.364001338240215
T00752,FURNITURE,KA-NORTH,LIMITED,3,0.9643,0.01982,0.04904,0.02005,0.94449,0.99177,0.081065,0.061290000000000004,10,0.3524321516109962,0.4,0.5016214344073309,20.391517128874387
T00622,MEDICAL_SUPPLIES,KA-SOUTH,LIMITED,5,0.98079,0.01011,0.06209,0.02315,0.97068,1.03157,0.0684,0.024709999999999996,11,0.17223944525687246,0.45454545454545453,0.5014279198418616,16.105653084232564
T00833,FURNITURE,KA-NORTH,OPEN,8,1.01689,0.01675,0.09627,0.03242,0.98458,1.08248,0.1018,0.020879999999999996,33,0.17863668102996058,0.3939393939393939,0.5010040655981851,10.387451958034696
T02027,CIVIL_MAINTENANCE,KA-NORTH,OPEN,4,1.02611,0.04037,0.09375,0.04012,0.97785,1.07404,0.103015,0.023669999999999997,62,0.26401169778414246,0.4032258064516129,0.5004281281768165,10.666666666666666
T02234,ROAD_CONSTRUCTION,KA-CENTRAL,OPEN,3,0.97437,0.03248,0.07947,0.03272,0.92942,1.00685,0.1053,0.03636,59,0.47915556428164074,0.2711864406779661,0.5002280033064046,12.583364791745312
T00176,BUILDING_CONSTRUCTION,KA-CENTRAL,LIMITED,3,0.99831,0.05158,0.10855,0.04426,0.94673,1.0551,0.07799500000000001,0.01844500000000001,8,-1.117325299854017,0.75,0.5,9.212344541685859
T00575,ROAD_CONSTRUCTION,KA-CENTRAL,TWO_STAGE,3,1.06198,0.00895,0.09398,0.04357,0.97113,1.07093,0.08646999999999999,0.011260000000000006,16,-0.44986017794575744,0.75,0.5,10.640561821664184
T00651,LAB_EQUIPMENT,KA-BENGALURU,LIMITED,3,1.04237,0.02777,0.07848,0.03286,0.98833,1.07014,0.07583999999999999,0.007950000000000006,4,-0.2239818371092091,0.75,0.5,12.742099898063202
T00863,ELECTRICAL_EQUIPMENT,AP-SOUTH,LIMITED,3,1.03405,0.02551,0.10478,0.04557,0.95121,1.05957,0.104085,0.011635,4,-0.04028973595498363,0.75,0.5,9.543806069860661
T01293,FURNITURE,KA-SOUTH,LIMITED,3,0.96837,0.02633,0.10401,0.04332,0.94204,1.04275,0.10322,0.004300000000000012,4,-0.1239180697643042,0.75,0.5,9.614460148062685
T02071,CIVIL_MAINTENANCE,KA-CENTRAL,TWO_STAGE,3,1.00037,0.01896,0.05224,0.02149,0.98141,1.03368,0.04635,0.009095000000000002,4,-0.4368060003647217,0.75,0.5,19.142419601837673
T00154,ROAD_CONSTRUCTION,KA-CENTRAL,LIMITED,4,1.02299,0.0193,0.08341,0.03375,1.00324,1.08857,0.07505,0.022630000000000008,6,-0.24917113341689476,0.6666666666666666,0.5,11.988970147464332
T00172,VEHICLE_SUPPLIES,KA-NORTH,TWO_STAGE,4,0.99776,0.00322,0.06095,0.02442,0.99152,1.05233,0.06095,0.0017799999999999969,3,0.0,0.6666666666666666,0.5,16.406890894175554
T00273,WATER_INFRASTRUCTURE,AP-SOUTH,OPEN,4,1.00913,0.04365,0.12086,0.04788,0.95285,1.07482,0.11100499999999999,0.018865,12,-0.3523512554806174,0.6666666666666666,0.5,8.274036074797287
T00624,VEHICLE_SUPPLIES,KA-BENGALURU,LIMITED,4,0.97237,0.0296,0.13124,0.05103,0.93737,1.06498,0.13124,0.03482000000000002,3,0.0,0.6666666666666666,0.5,7.619628162145688
T00764,MEDICAL_SUPPLIES,KA-NORTH,TWO_STAGE,4,0.94476,0.01025,0.09216,0.03661,0.93295,1.02002,0.09216,0.038770000000000006,3,0.0,0.6666666666666666,0.5,10.850694444444445
T00958,LAB_EQUIPMENT,KA-BENGALURU,TWO_STAGE,4,1.01382,0.01979,0.05717,0.02177,0.98391,1.04186,0.05717,0.028829999999999998,3,0.0,0.6666666666666666,0.5,17.491691446562882
T01121,BUILDING_CONSTRUCTION,KA-SOUTH,TWO_STAGE,4,1.01457,0.01512,0.08771,0.03264,0.95212,1.04111,0.086645,0.039285,6,-0.018285163773515883,0.6666666666666666,0.5,11.401208528103979
T01146,VEHICLE_SUPPLIES,KA-SOUTH,LIMITED,4,1.0191,0.02298,0.11411,0.04586,0.92965,1.04594,0.09557,0.02983,6,-0.4192108173213569,0.6666666666666666,0.5,8.763473841030585
T01254,ELECTRICAL_EQUIPMENT,KA-CENTRAL,OPEN,4,0.96713,0.0195,0.11059,0.04178,0.94014,1.0471,0.10079,0.02248,42,-0.2940395659639958,0.6666666666666666,0.5,9.042408897730356
T01398,FURNITURE,KA-NORTH,TWO_STAGE,4,0.99779,0.01294,0.05421,0.01927,0.96811,1.0222,0.05421,0.015600000000000003,3,0.0,0.6666666666666666,0.5,18.446781036709094
T01526,ELECTRICAL_EQUIPMENT,KA-BENGALURU,TWO_STAGE,4,0.99779,0.03459,0.09196,0.03703,0.95367,1.04543,0.09196,0.02928,3,0.0,0.6666666666666666,0.5,10.874293170943888
T00152,IT_SERVICES,TN-NORTH,OPEN,5,0.95692,0.022,0.10735,0.03983,0.93492,1.03765,0.105455,0.021859999999999997,8,-0.05847026483111406,0.625,0.5,9.315323707498836
T00518,WATER_INFRASTRUCTURE,KA-SOUTH,LIMITED,5,1.01644,0.03496,0.10746,0.0394,0.98149,1.09072,0.09856999999999999,0.023669999999999997,8,-0.25332584924997625,0.625,0.5,9.305788200260562
T01378,WATER_INFRASTRUCTURE,KA-NORTH,LIMITED,5,0.96785,0.02703,0.11858,0.04034,0.91114,1.02592,0.10906,0.017939999999999998,8,-0.3579237475037451,0.625,0.5,8.433125316242199
T01487,WATER_INFRASTRUCTURE,KA-NORTH,TWO_STAGE,5,1.00889,0.02431,0.09927,0.03535,0.98458,1.08473,0.0905,0.02615,8,-0.22620588759501875,0.625,0.5,10.073536818777074
T00125,CIVIL_MAINTENANCE,KA-NORTH,TWO_STAGE,6,1.00897,0.01359,0.0809,0.02675,0.94655,1.02817,0.0809,0.026500000000000003,5,0.0,0.6,0.5,12.360939431396787
T00576,MEDICAL_SUPPLIES,KA-CENTRAL,TWO_STAGE,6,1.00092,0.01665,0.08537,0.02806,0.9725,1.05796,0.08537,0.008220000000000005,5,0.0,0.6,0.5,11.713716762328687
T00680,ROAD_CONSTRUCTION,KA-NORTH,TWO_STAGE,6,1.00378,0.01441,0.1323,0.04875,0.89283,1.02563,0.1323,0.0464,5,0.0,0.6,0.5,7.558578987150415
T00052,WATER_INFRASTRUCTURE,KA-NORTH,OPEN,8,0.99205,0.01366,0.11661,0.03246,0.94546,1.06115,0.10822999999999999,0.01692000000000001,42,-0.3340562981332076,0.5714285714285714,0.5,8.575593859874797
T02112,WATER_INFRASTRUCTURE,KA-BENGALURU,OPEN,8,1.01445,0.03458,0.10242,0.0373,0.94627,1.05017,0.098545,0.03149,14,-0.08299941863994312,0.5714285714285714,0.5,9.763718023823472
T00240,BUILDING_CONSTRUCTION,KA-SOUTH,OPEN,7,1.01386,0.01125,0.10615,0.03314,0.93399,1.04161,0.10953,0.024610000000000007,53,0.09263627659613557,0.49056603773584906,0.499887697998844,9.420631182289213
T00295,WATER_INFRASTRUCTURE,KA-BENGALURU,OPEN,7,0.98649,0.02873,0.09467,0.03012,0.94539,1.03878,0.098545,0.03149,14,0.08299941863994283,0.5,0.49971378740566536,10.563008344776591
T01082,FURNITURE,KA-SOUTH,LIMITED,5,1.0273,0.03383,0.10243,0.03735,0.96981,1.07504,0.10322,0.004300000000000012,4,0.12391806976430637,0.5,0.49913445581144517,9.762764814995608
T02015,LAB_EQUIPMENT,KA-NORTH,OPEN,6,1.00242,0.01638,0.07166,0.02355,0.97119,1.04302,0.07648,0.018280000000000005,19,0.17784712585761442,0.42105263157894735,0.4990831311971348,13.954786491766676
T02215,VEHICLE_SUPPLIES,TN-NORTH,OPEN,8,1.00399,0.0304,0.08642,0.03166,0.95877,1.04553,0.08849499999999999,0.02012500000000001,12,0.06954376774727603,0.5,0.4983507967788665,11.571395510298542
T01783,ELECTRICAL_EQUIPMENT,KA-NORTH,OPEN,7,1.02893,0.01722,0.11214,0.04167,0.93711,1.05249,0.09762,0.027480000000000004,43,-0.3563903139592491,0.5813953488372093,0.49833887043189373,8.917424647761726
T01944,BUILDING_CONSTRUCTION,KA-SOUTH,OPEN,5,1.03204,0.01848,0.10334,0.039,0.94388,1.05053,0.10953,0.024610000000000007,53,0.16965045921008223,0.4528301886792453,0.49798451831146207,9.676795045480937
T01885,FURNITURE,KA-BENGALURU,OPEN,7,0.9902,0.03008,0.10332,0.03704,0.96011,1.06242,0.11214,0.017980000000000003,16,0.330868103369498,0.25,0.497886945745284,9.678668215253582
T02050,MEDICAL_SUPPLIES,KA-NORTH,OPEN,8,0.99753,0.01302,0.12399,0.0392,0.89189,1.01557,0.11554500000000001,0.030324999999999998,58,-0.18783427745358097,0.5689655172413793,0.4978448275862069,8.065166545689168
T01462,VEHICLE_SUPPLIES,KA-CENTRAL,OPEN,7,0.99077,0.04151,0.11643,0.04062,0.93935,1.0547,0.11493,0.04331,31,-0.023360335701105833,0.5806451612903226,0.4976958525345623,8.58885167053165
T02230,ELECTRICAL_EQUIPMENT,KA-NORTH,OPEN,5,1.00622,0.03273,0.0865,0.03327,0.97348,1.06052,0.09762,0.027480000000000004,43,0.27293803658587124,0.3488372093023256,0.49742019671055754,11.560693641618498
T00082,WATER_INFRASTRUCTURE,KA-CENTRAL,OPEN,9,0.98901,0.02419,0.12268,0.03822,0.93145,1.05278,0.11693,0.029219999999999996,59,-0.13272833220364194,0.559322033898305,0.49717514124293777,8.151287903488752
T02322,ROAD_CONSTRUCTION,AP-SOUTH,OPEN,7,0.97591,0.04467,0.12317,0.04358,0.91472,1.03492,0.12472,0.013115000000000002,14,0.07971488198160272,0.5,0.4968984702699452,8.11886011204027
T01269,IT_SERVICES,KA-SOUTH,OPEN,8,1.00408,0.00608,0.09772,0.02908,0.92246,1.02058,0.09166,0.02535000000000001,37,-0.1612392111411504,0.5675675675675675,0.4966216216216216,10.23331968890708
T02402,LAB_EQUIPMENT,KA-NORTH,OPEN,7,1.00904,0.02955,0.07997,0.03136,0.96009,1.04078,0.07648,0.018280000000000005,19,-0.1287731263989777,0.5789473684210527,0.4962406015037595,12.504689258471927
T01049,BUILDING_CONSTRUCTION,KA-SOUTH,OPEN,8,0.98566,0.02772,0.11253,0.0367,0.92778,1.03869,0.10953,0.024610000000000007,53,-0.08222154727467643,0.5660377358490566,0.49528301886792453,8.886519150448768
T01103,MEDICAL_SUPPLIES,KA-CENTRAL,OPEN,8,1.02234,0.01274,0.09668,0.0319,0.93928,1.03813,0.09419,0.027749999999999997,53,-0.060521873553035184,0.5660377358490566,0.49528301886792453,10.34340091021928
T00798,MEDICAL_SUPPLIES,KA-SOUTH,OPEN,7,1.00233,0.03864,0.10083,0.03943,0.9399,1.04096,0.09937,0.020879999999999996,45,-0.04716266804769306,0.5777777777777777,0.49523809523809526,9.917683229197658
T00178,FURNITURE,KA-SOUTH,OPEN,4,1.03063,0.02307,0.11279,0.04079,0.9582,1.07444,0.120115,0.025825000000000008,32,0.19131248066470696,0.46875,0.4950468604985302,8.8660342228921
T02411,ROAD_CONSTRUCTION,KA-CENTRAL,OPEN,6,1.01527,0.04881,0.11038,0.04471,0.96046,1.07253,0.1053,0.03636,59,-0.09423578267714808,0.5932203389830508,0.4943502824858757,9.05961224859576
T00390,IT_SERVICES,KA-NORTH,TWO_STAGE,9,0.998,0.0171,0.11099,0.03126,0.94522,1.05599,0.11099,0.01569000000000001,9,0.0,0.5555555555555556,0.49382716049382713,9.009820704567979
T01198,FURNITURE,KA-CENTRAL,OPEN,4,0.97783,0.05316,0.1173,0.05611,0.92394,1.03863,0.09752,0.03523000000000001,35,-0.3786950673416705,0.6571428571428571,0.4928571428571429,8.525149190110827
T00785,ELECTRICAL_EQUIPMENT,KA-NORTH,LIMITED,6,1.02585,0.03157,0.09409,0.03308,0.98657,1.08309,0.09409,0.03334999999999999,11,0.0,0.5909090909090909,0.4924242424242425,10.628122010840686
T00207,WATER_INFRASTRUCTURE,KA-CENTRAL,LIMITED,5,0.96804,0.0158,0.09274,0.03295,0.89733,0.9871,0.079,0.017060000000000006,13,-0.5432299551704816,0.6153846153846154,0.49230769230769234,10.782833728703903
T00966,FURNITURE,KA-CENTRAL,LIMITED,5,1.02418,0.01381,0.07074,0.02385,0.97784,1.05029,0.07776,0.019725000000000003,8,0.24004690147151822,0.375,0.49203752117721455,14.136273678258412
T02385,CIVIL_MAINTENANCE,KA-SOUTH,OPEN,8,0.99017,0.01201,0.09328,0.02755,0.96985,1.06221,0.09694,0.028469999999999995,61,0.08671008709815022,0.47540983606557374,0.4918549327682584,10.72041166380789
T02342,CIVIL_MAINTENANCE,KA-SOUTH,OPEN,6,1.0091,0.01747,0.10015,0.03287,0.98457,1.08563,0.09694,0.028469999999999995,61,-0.07604901081559094,0.5901639344262295,0.4918032786885246,9.98502246630055
T02148,ROAD_CONSTRUCTION,KA-BENGALURU,OPEN,3,1.06283,0.02397,0.12585,0.05631,0.95303,1.08679,0.11207,0.026999999999999996,19,-0.34424009872546196,0.7368421052631579,0.4912280701754386,7.945967421533572
T00921,ELECTRICAL_EQUIPMENT,KA-SOUTH,OPEN,6,0.98219,0.02778,0.08691,0.03248,0.94998,1.03534,0.09169,0.025990000000000013,43,0.12405024356668404,0.46511627906976744,0.49097210219704296,11.506155793349441
T00089,ROAD_CONSTRUCTION,TN-NORTH,OPEN,10,1.00116,0.02834,0.10751,0.03466,0.94915,1.05678,0.10751,0.03349999999999999,11,0.0,0.5454545454545454,0.4909090909090909,9.301460329271697
T00111,LAB_EQUIPMENT,KA-CENTRAL,OPEN,9,1.01122,0.01231,0.0886,0.02751,0.93429,1.02388,0.08785,0.026139999999999997,29,-0.019352259740147166,0.5517241379310345,0.4904214559386973,11.286681715575622
T01586,ELECTRICAL_EQUIPMENT,KA-BENGALURU,OPEN,9,1.00541,0.0315,0.09896,0.03334,0.95694,1.05643,0.10288,0.023164999999999998,16,0.11413787080285986,0.4375,0.4903447740469865,10.105092966855294
T00455,BUILDING_CONSTRUCTION,KA-CENTRAL,OPEN,7,0.98914,0.01907,0.12166,0.04078,0.88787,1.00821,0.11566,0.02932,70,-0.13802675841949438,0.5714285714285714,0.4897959183673469,8.21962847279303
T01193,ROAD_CONSTRUCTION,KA-SOUTH,OPEN,9,0.98801,0.01912,0.10485,0.03021,0.95656,1.06015,0.10933000000000001,0.026665000000000008,64,0.11332153018770498,0.4375,0.48961913794462664,9.537434430138292
T01665,IT_SERVICES,TN-NORTH,OPEN,8,1.0022,0.03343,0.10356,0.03573,0.93853,1.04231,0.105455,0.021859999999999997,8,0.05847026483111364,0.5,0.4886614817272244,9.656237929702588
T00049,ELECTRICAL_EQUIPMENT,KA-NORTH,OPEN,8,0.98822,0.02118,0.10491,0.03644,0.95709,1.06077,0.09762,0.027480000000000004,43,-0.17893150060350732,0.5581395348837209,0.4883720930232558,9.53197979220284
T02455,CIVIL_MAINTENANCE,KA-SOUTH,OPEN,9,0.99603,0.03173,0.09954,0.03399,0.94716,1.04631,0.09694,0.028469999999999995,61,-0.06159732963256591,0.5491803278688525,0.48816029143898,10.046212577858148
T01732,ROAD_CONSTRUCTION,KA-CENTRAL,OPEN,5,0.98932,0.0142,0.11196,0.04327,0.89275,1.00351,0.1053,0.03636,59,-0.12354533713185158,0.6101694915254238,0.48813559322033906,8.931761343336905
T01305,BUILDING_CONSTRUCTION,KA-CENTRAL,OPEN,6,1.00631,0.04586,0.12454,0.04577,0.94771,1.07303,0.11566,0.02932,70,-0.20427960246085147,0.5857142857142857,0.48809523809523814,8.029548739360848
T01954,MEDICAL_SUPPLIES,KA-CENTRAL,OPEN,6,1.00762,0.02634,0.09033,0.03379,0.95243,1.04345,0.09419,0.027749999999999997,53,0.09382105699386159,0.49056603773584906,0.4869892456080922,11.070519207350825
T01125,ROAD_CONSTRUCTION,KA-SOUTH,OPEN,9,1.01686,0.0216,0.1117,0.03771,0.93109,1.04468,0.10933000000000001,0.026665000000000008,64,-0.059949113068048704,0.546875,0.4861111111111111,8.952551477170994
T01603,CIVIL_MAINTENANCE,KA-NORTH,OPEN,5,0.96907,0.00569,0.09811,0.03414,0.94987,1.04495,0.103015,0.023669999999999997,62,0.1397708988268988,0.46774193548387094,0.4860102674486158,10.192640913260625
T00184,WATER_INFRASTRUCTURE,KA-CENTRAL,OPEN,3,1.01822,0.06407,0.13314,0.05451,0.94672,1.08229,0.11693,0.029219999999999996,59,-0.37417848087322425,0.7288135593220338,0.4858757062146893,7.510890791647889
T02157,WATER_INFRASTRUCTURE,KA-SOUTH,OPEN,7,0.96859,0.03942,0.10395,0.03873,0.92917,1.02985,0.10991999999999999,0.024564999999999997,36,0.16392061201201982,0.4027777777777778,0.48574147696268366,9.62000962000962
T01560,ELECTRICAL_EQUIPMENT,KA-NORTH,LIMITED,3,1.01108,0.03684,0.09585,0.0392,0.97424,1.07115,0.09409,0.03334999999999999,11,-0.0355953144431429,0.7272727272727273,0.4848484848484849,10.432968179447052
T00714,ELECTRICAL_EQUIPMENT,KA-NORTH,OPEN,8,1.00396,0.02518,0.09405,0.03177,0.95384,1.04826,0.09762,0.027480000000000004,43,0.08762489124204684,0.46511627906976744,0.4836485240228375,10.63264221158958
T00036,IT_SERVICES,KA-SOUTH,OPEN,5,1.00168,0.02253,0.08418,0.03235,0.97915,1.06348,0.09166,0.02535000000000001,37,0.19902133652406037,0.40540540540540543,0.4835413935435726,11.879306248515086
T01719,MEDICAL_SUPPLIES,KA-NORTH,OPEN,5,0.99779,0.03073,0.1275,0.04481,0.9126,1.03982,0.11554500000000001,0.030324999999999998,58,-0.26590394161723635,0.603448275862069,0.4827586206896552,7.8431372549019605
T00684,ROAD_CONSTRUCTION,AP-SOUTH,OPEN,4,0.99799,0.01384,0.12693,0.05012,0.98163,1.1083,0.12472,0.013115000000000002,14,-0.1136579930189301,0.6428571428571429,0.4821428571428572,7.878358150161507
T02086,MEDICAL_SUPPLIES,KA-CENTRAL,LIMITED,4,1.01148,0.03095,0.12389,0.04461,0.96071,1.08602,0.11796999999999999,0.02194999999999999,14,-0.18191276975405243,0.6428571428571429,0.4821428571428572,8.071676487206393
T00953,WATER_INFRASTRUCTURE,KA-CENTRAL,OPEN,9,0.99258,0.00989,0.11934,0.0358,0.91415,1.03261,0.11693,0.029219999999999996,59,-0.05563048358448295,0.5423728813559322,0.4821092278719397,8.379420144126026
T00351,VEHICLE_SUPPLIES,KA-NORTH,OPEN,6,0.95643,0.02153,0.12598,0.04433,0.85848,0.97897,0.12007000000000001,0.019319999999999997,26,-0.20632714226225038,0.5769230769230769,0.4807692307692307,7.937767899666613
T01334,CIVIL_MAINTENANCE,KA-SOUTH,OPEN,8,1.02026,0.03602,0.09954,0.03543,0.96387,1.06542,0.09694,0.028469999999999995,61,-0.06159732963256591,0.5491803278688525,0.4805327868852459,10.046212577858148
T00855,MEDICAL_SUPPLIES,KA-BENGALURU,LIMITED,5,0.99638,0.02537,0.09338,0.03408,0.97101,1.06404,0.09338,0.018310000000000007,5,0.0,0.6,0.48,10.708931248661383
T01483,ELECTRICAL_EQUIPMENT,AP-SOUTH,OPEN,5,1.02017,0.01076,0.1165,0.03869,0.94256,1.06141,0.11116000000000001,0.03665500000000001,10,-0.09826164658586867,0.6,0.48,8.583690987124463
T01789,FURNITURE,KA-NORTH,LIMITED,5,0.96774,0.02076,0.07198,0.02865,0.91884,0.9885,0.081065,0.061290000000000004,10,0.09997958149526617,0.5,0.479983665196213,13.89274798555154
T01553,ROAD_CONSTRUCTION,KA-CENTRAL,OPEN,4,0.97082,0.00354,0.09276,0.03821,0.96663,1.05668,0.1053,0.03636,59,0.23262140054555858,0.4067796610169492,0.4795507961718808,10.78050884001725
T02349,WATER_INFRASTRUCTURE,KA-SOUTH,OPEN,5,0.98327,0.01728,0.10428,0.03811,0.90264,1.00518,0.10991999999999999,0.024564999999999997,36,0.15485967365959669,0.4444444444444444,0.47944329448323286,9.589566551591869
T01509,MEDICAL_SUPPLIES,KA-CENTRAL,LIMITED,4,1.02459,0.03264,0.11344,0.04106,0.96197,1.0782,0.11796999999999999,0.02194999999999999,14,0.13920014307193496,0.5,0.4794001073039512,8.815232722143865
T02483,FURNITURE,KA-SOUTH,OPEN,3,1.06487,0.05801,0.14102,0.05869,0.97271,1.12288,0.120115,0.025825000000000008,32,-0.5459914550574336,0.71875,0.47916666666666674,7.091192738618635
T00210,ELECTRICAL_EQUIPMENT,KA-CENTRAL,OPEN,8,1.02895,0.01372,0.10276,0.04187,0.9424,1.04813,0.10079,0.02248,42,-0.05910795356623186,0.5476190476190477,0.47916666666666674,9.73141300116777
T01584,BUILDING_CONSTRUCTION,KA-NORTH,OPEN,8,1.01697,0.02682,0.11384,0.03553,0.94424,1.06001,0.10989,0.03468,53,-0.07682348615722455,0.5471698113207547,0.47877358490566035,8.784258608573436
T02247,ELECTRICAL_EQUIPMENT,KA-SOUTH,OPEN,7,0.98629,0.01893,0.09902,0.03409,0.96736,1.06502,0.09169,0.025990000000000013,43,-0.19022767475811628,0.5581395348837209,0.47840531561461797,10.098969905069684
T01112,IT_SERVICES,KA-NORTH,OPEN,5,1.00182,0.00518,0.09005,0.0299,0.97773,1.06794,0.09833,0.02729000000000001,51,0.2046457855795604,0.39215686274509803,0.4774421186597268,11.104941699056079
T00101,CIVIL_MAINTENANCE,KA-NORTH,OPEN,5,1.01232,0.02781,0.11021,0.03868,0.94943,1.061,0.103015,0.023669999999999997,62,-0.20502581387554322,0.5967741935483871,0.47741935483870973,9.073586788857636
T00871,FURNITURE,KA-NORTH,OPEN,4,1.01471,0.02401,0.10736,0.04206,0.98703,1.09597,0.1018,0.020879999999999996,33,-0.1796057769487484,0.6363636363636364,0.4772727272727273,9.314456035767511
T02080,ELECTRICAL_EQUIPMENT,KA-CENTRAL,LIMITED,4,1.05641,0.02185,0.08988,0.03216,1.01833,1.11328,0.08738,0.00827,11,-0.2038968438562865,0.6363636363636364,0.4772727272727273,11.125945705384957
T00136,ROAD_CONSTRUCTION,AP-SOUTH,OPEN,3,1.0412,0.03535,0.12806,0.05528,0.94321,1.07655,0.12472,0.013115000000000002,14,-0.17177271343132552,0.7142857142857143,0.4761904761904763,7.808839606434484
T00243,BUILDING_CONSTRUCTION,KA-BENGALURU,OPEN,3,0.98336,0.04561,0.12408,0.05066,0.93775,1.05977,0.11302,0.02312,21,-0.32265864186034354,0.7142857142857143,0.4761904761904763,8.059316569954868
T00676,WATER_INFRASTRUCTURE,KA-CENTRAL,TWO_STAGE,3,0.99177,0.03786,0.09076,0.03739,0.93963,1.02964,0.08471,0.014060000000000003,7,-0.2902325103010953,0.7142857142857143,0.4761904761904763,11.018069634200089
T02317,VEHICLE_SUPPLIES,KA-CENTRAL,LIMITED,3,0.95342,0.00669,0.09747,0.04319,0.94673,1.03967,0.09132,0.011679999999999996,7,-0.3551471036627623,0.7142857142857143,0.4761904761904763,10.259567046270647
T00878,ELECTRICAL_EQUIPMENT,TN-NORTH,OPEN,7,0.98936,0.0418,0.12121,0.04301,0.92817,1.0481,0.12121,0.025709999999999997,9,0.0,0.5555555555555556,0.4761904761904762,8.250144377526606
T00316,MEDICAL_SUPPLIES,KA-BENGALURU,OPEN,6,0.99093,0.03424,0.10629,0.04022,0.92053,1.02585,0.08851,0.034519999999999995,28,-0.34740572721592866,0.5714285714285714,0.47619047619047616,9.408222786715589
T00894,IT_SERVICES,KA-CENTRAL,OPEN,5,0.95446,0.01078,0.09745,0.03544,0.94276,1.03577,0.1033,0.027770000000000003,53,0.14208753845653896,0.4528301886792453,0.47593418170862745,10.261672652642382
T00476,BUILDING_CONSTRUCTION,KA-CENTRAL,OPEN,9,1.0267,0.01196,0.11228,0.03032,0.9775,1.09278,0.11566,0.02932,70,0.0777550739096483,0.45714285714285713,0.47546482760222697,8.906305664410402
T01062,ELECTRICAL_EQUIPMENT,KA-NORTH,OPEN,9,0.98508,0.01697,0.09905,0.02694,0.93944,1.03701,0.09762,0.027480000000000004,43,-0.03509904607174423,0.5348837209302325,0.47545219638242886,10.095911155981828
T00313,MEDICAL_SUPPLIES,KA-BENGALURU,OPEN,4,0.97672,0.01207,0.07983,0.03016,0.95858,1.03655,0.08851,0.034519999999999995,28,0.16959964635738273,0.4642857142857143,0.47541402048232273,12.526619065514218
T01489,BUILDING_CONSTRUCTION,KA-NORTH,LIMITED,3,0.96967,0.02404,0.06458,0.02647,0.94563,1.00825,0.08109,0.031305,14,0.3557208892815392,0.35714285714285715,0.47524249761626425,15.48467017652524
T00860,MEDICAL_SUPPLIES,KA-NORTH,OPEN,9,0.99921,0.0214,0.11403,0.03505,0.94141,1.05534,0.11554500000000001,0.030324999999999998,58,0.03369673538687695,0.5,0.4743970981216683,8.769622029290536
T01896,ELECTRICAL_EQUIPMENT,KA-CENTRAL,OPEN,8,0.99356,0.02435,0.09864,0.03028,0.94801,1.04602,0.10079,0.02248,42,0.06450868028801952,0.47619047619047616,0.4731117619186837,10.13787510137875
T00284,IT_SERVICES,KA-SOUTH,OPEN,8,0.98172,0.02041,0.09549,0.02975,0.9443,1.03804,0.09166,0.02535000000000001,37,-0.10190531001165123,0.5405405405405406,0.472972972972973,10.472300764477955
T01519,MEDICAL_SUPPLIES,KA-NORTH,OPEN,7,0.99795,0.01768,0.12213,0.03742,0.96831,1.09019,0.11554500000000001,0.030324999999999998,58,-0.1464640280677123,0.5517241379310345,0.47290640394088673,8.187996397281585
T00579,FURNITURE,KA-SOUTH,OPEN,9,1.00597,0.04357,0.12137,0.04195,0.95702,1.07911,0.120115,0.025825000000000008,32,-0.032777769724806616,0.53125,0.4722222222222222,8.239268352970257
T01901,CIVIL_MAINTENANCE,KA-CENTRAL,OPEN,4,1.00312,0.03938,0.08833,0.04103,0.95573,1.04434,0.0943,0.022679999999999992,73,0.17754452531196063,0.4520547945205479,0.4721994898743814,11.321181931393637
T00227,IT_SERVICES,KA-CENTRAL,OPEN,6,0.98934,0.02348,0.11291,0.03717,0.94094,1.05265,0.1033,0.027770000000000003,53,-0.2334121785585191,0.5660377358490566,0.4716981132075472,8.85661146045523
T02110,BUILDING_CONSTRUCTION,KA-NORTH,OPEN,6,0.98335,0.0179,0.11566,0.0394,0.9533,1.06703,0.10989,0.03468,53,-0.11222063674105975,0.5660377358490566,0.4716981132075472,8.646031471554556
T01465,FURNITURE,KA-CENTRAL,OPEN,8,1.01841,0.02859,0.09027,0.03016,0.96497,1.0569,0.09752,0.03523000000000001,35,0.13880380375263435,0.4,0.4714533282835551,11.077877478675086
T00494,BUILDING_CONSTRUCTION,KA-CENTRAL,OPEN,12,0.99278,0.02769,0.11635,0.03486,0.92153,1.03704,0.11566,0.02932,70,-0.01587307721824175,0.5142857142857142,0.47142857142857136,8.594757198109154
T00612,VEHICLE_SUPPLIES,KA-NORTH,OPEN,8,1.01547,0.02214,0.12366,0.03559,0.98184,1.10741,0.12007000000000001,0.019319999999999997,26,-0.12533239267706908,0.5384615384615384,0.47115384615384615,8.086689309396732
T01087,BUILDING_CONSTRUCTION,KA-CENTRAL,OPEN,7,1.02146,0.03813,0.11041,0.04055,0.96488,1.07766,0.11566,0.02932,70,0.12077341361705758,0.42857142857142855,0.470867007590131,9.057150620414818
T00105,VEHICLE_SUPPLIES,KA-NORTH,OPEN,5,1.0497,0.01103,0.11533,0.03689,0.98754,1.1086,0.12007000000000001,0.019319999999999997,26,0.16548065216972396,0.4230769230769231,0.4708460601973176,8.670770831526923
T00323,IT_SERVICES,KA-SOUTH,OPEN,4,0.98574,0.0222,0.08432,0.03069,0.95097,1.03408,0.09166,0.02535000000000001,37,0.19529633824687206,0.43243243243243246,0.4707965780094784,11.859582542694497
T01067,WATER_INFRASTRUCTURE,KA-NORTH,OPEN,9,1.00469,0.03025,0.1045,0.03423,0.95946,1.06445,0.10822999999999999,0.01692000000000001,42,0.1486909298373343,0.38095238095238093,0.47079405403530245,9.569377990430622
T02252,ROAD_CONSTRUCTION,KA-NORTH,OPEN,7,0.98605,0.03673,0.10961,0.03871,0.94543,1.05351,0.10597000000000001,0.02621499999999999,62,-0.09365425765763118,0.5483870967741935,0.4700460829493088,9.123255177447314
T00078,ELECTRICAL_EQUIPMENT,KA-CENTRAL,OPEN,7,1.02697,0.03628,0.09918,0.03398,0.9865,1.08835,0.10079,0.02248,42,0.04830650012265651,0.5,0.46997700010513416,10.08267795926598
T01205,BUILDING_CONSTRUCTION,KA-NORTH,OPEN,9,0.99005,0.02432,0.11248,0.03673,0.96567,1.07703,0.10989,0.03468,53,-0.050372868138534546,0.5283018867924528,0.46960167714884693,8.890469416785207
T02064,ROAD_CONSTRUCTION,KA-SOUTH,OPEN,9,1.02392,0.03667,0.10636,0.03675,0.97228,1.08119,0.10933000000000001,0.026665000000000008,64,0.07512610371818851,0.453125,0.46955653663838975,9.402030838661151
T01116,BUILDING_CONSTRUCTION,KA-SOUTH,OPEN,7,1.00491,0.04776,0.11023,0.04357,0.95706,1.06783,0.10953,0.024610000000000007,53,-0.01918502769742427,0.5471698113207547,0.46900269541778977,9.071940488070398
T02035,MEDICAL_SUPPLIES,KA-NORTH,OPEN,5,1.01608,0.02017,0.12472,0.04075,0.97378,1.10051,0.11554500000000001,0.030324999999999998,58,-0.2040709882340562,0.5862068965517241,0.4689655172413793,8.017960230917256
T00228,ROAD_CONSTRUCTION,KA-CENTRAL,TWO_STAGE,4,1.0003,0.01581,0.09289,0.03439,0.97483,1.06775,0.08646999999999999,0.011260000000000006,16,-0.38456755558079436,0.625,0.46875,10.765421466250404
T01148,ROAD_CONSTRUCTION,KA-CENTRAL,TWO_STAGE,6,1.00421,0.02615,0.08684,0.03012,0.95139,1.0386,0.08646999999999999,0.011260000000000006,16,-0.022163550711043187,0.5625,0.46875,11.515430677107323
T01934,ROAD_CONSTRUCTION,KA-SOUTH,OPEN,6,1.01336,0.02855,0.11221,0.03977,0.96939,1.0831,0.10933000000000001,0.026665000000000008,64,-0.07284955512066714,0.5625,0.46875,8.911861687906603
T02074,MEDICAL_SUPPLIES,KA-CENTRAL,OPEN,5,0.96865,0.00695,0.09674,0.03381,0.94965,1.04336,0.09419,0.027749999999999997,53,-0.0619802319519036,0.5849056603773585,0.4679245283018868,10.336985734959685
T02328,MEDICAL_SUPPLIES,KA-NORTH,OPEN,8,1.03052,0.02671,0.11998,0.03989,0.95639,1.08003,0.11554500000000001,0.030324999999999998,58,-0.09864357850877811,0.5344827586206896,0.4676724137931034,8.334722453742291
T00140,BUILDING_CONSTRUCTION,TN-NORTH,OPEN,9,1.01469,0.01518,0.09089,0.02601,0.98597,1.0782,0.091735,0.022385000000000002,10,0.025461009236440558,0.5,0.46707645265461384,11.002310485201892
T00987,ROAD_CONSTRUCTION,KA-CENTRAL,OPEN,9,1.05132,0.01719,0.10561,0.03259,0.99472,1.10575,0.1053,0.03636,59,-0.005750608785416346,0.5254237288135594,0.4670433145009416,9.46880030300161
T02104,WATER_INFRASTRUCTURE,KA-CENTRAL,OPEN,9,0.98957,0.03498,0.11727,0.04139,0.94357,1.05962,0.11693,0.029219999999999996,59,-0.007848283991171724,0.5254237288135594,0.4670433145009416,8.527330092947897
T01101,BUILDING_CONSTRUCTION,KA-NORTH,OPEN,4,0.99124,0.0383,0.12747,0.04659,0.92541,1.05176,0.10989,0.03468,53,-0.3419131358592428,0.6226415094339622,0.46698113207547165,7.844983133286264
T01838,WATER_INFRASTRUCTURE,KA-SOUTH,OPEN,5,0.98743,0.03562,0.11162,0.03894,0.93211,1.04232,0.10991999999999999,0.024564999999999997,36,-0.046677561209453156,0.5833333333333334,0.46666666666666673,8.958967926894822
T01564,FURNITURE,KA-NORTH,LIMITED,3,1.0041,0.04412,0.1014,0.04133,0.95998,1.06179,0.081065,0.061290000000000004,10,-0.2237847869792228,0.7,0.4666666666666667,9.861932938856015
T01868,BUILDING_CONSTRUCTION,KA-SOUTH,LIMITED,3,1.00303,0.02662,0.08611,0.03641,0.94328,1.02965,0.079565,0.028954999999999995,10,-0.15246216614658342,0.7,0.4666666666666667,11.613053071652537
T01234,MEDICAL_SUPPLIES,KA-SOUTH,OPEN,4,1.00224,0.02382,0.10305,0.04065,0.92836,1.03164,0.09937,0.020879999999999996,45,-0.11887576603802072,0.6222222222222222,0.4666666666666667,9.70402717127608
T02107,WATER_INFRASTRUCTURE,KA-NORTH,OPEN,7,1.03874,0.02261,0.10354,0.03459,0.96301,1.07056,0.10822999999999999,0.01692000000000001,42,0.1869599090984178,0.35714285714285715,0.46637379963537856,9.658103148541628
T01931,FURNITURE,KA-SOUTH,OPEN,8,1.00973,0.03549,0.11886,0.03883,0.9636,1.08361,0.120115,0.025825000000000008,32,0.032777769724806616,0.5,0.46618054850920576,8.413259296651523
T01180,ROAD_CONSTRUCTION,KA-CENTRAL,OPEN,6,1.03966,0.02307,0.10755,0.04079,0.95194,1.06376,0.1053,0.03636,59,-0.04173828957157152,0.559322033898305,0.4661016949152542,9.298000929800093
T00434,CIVIL_MAINTENANCE,KA-NORTH,OPEN,8,0.97398,0.03252,0.10514,0.03531,0.92204,1.02444,0.103015,0.023669999999999997,62,-0.06055314169361074,0.532258064516129,0.4657258064516129,9.511128019783147
T00998,WATER_INFRASTRUCTURE,KA-NORTH,OPEN,3,1.03289,0.00766,0.09729,0.04547,0.94006,1.04055,0.10822999999999999,0.01692000000000001,42,0.4361069094960958,0.2619047619047619,0.46534111426723856,10.278548668927947
T00835,IT_SERVICES,KA-SOUTH,OPEN,7,0.99251,0.0343,0.08954,0.03391,0.95787,1.04674,0.09166,0.02535000000000001,37,0.05640711676885162,0.4864864864864865,0.46533737421886123,11.168192986374805
T01485,BUILDING_CONSTRUCTION,KA-SOUTH,OPEN,3,1.04299,0.02718,0.09925,0.04268,0.96665,1.07017,0.10953,0.024610000000000007,53,0.28174583532789094,0.41509433962264153,0.46456011663368835,10.075566750629722
T00589,BUILDING_CONSTRUCTION,KA-CENTRAL,OPEN,6,1.01571,0.0388,0.1212,0.04172,0.94547,1.06857,0.11566,0.02932,70,-0.12744470694066645,0.5571428571428572,0.4642857142857143,8.25082508250825
T00076,ELECTRICAL_EQUIPMENT,KA-CENTRAL,LIMITED,6,0.98293,0.02205,0.08614,0.02937,0.95078,1.03546,0.08738,0.00827,11,0.10113283455271843,0.45454545454545453,0.46306524091514417,11.609008590666358
T00580,MEDICAL_SUPPLIES,KA-SOUTH,OPEN,6,1.00192,0.04116,0.10073,0.0415,0.94627,1.0472,0.09937,0.020879999999999996,45,-0.043932348318398935,0.5555555555555556,0.462962962962963,9.927529038022437
T00715,LAB_EQUIPMENT,KA-SOUTH,OPEN,6,1.01829,0.03275,0.09342,0.03636,0.98309,1.07821,0.09267500000000001,0.01473999999999999,18,-0.03409061165604212,0.5555555555555556,0.462962962962963,10.70434596446157
T01395,BUILDING_CONSTRUCTION,KA-CENTRAL,OPEN,8,0.97174,0.01283,0.11781,0.04016,0.95859,1.07307,0.11566,0.02932,70,-0.04945958843365209,0.5285714285714286,0.4625,8.48824378236143
T00898,CIVIL_MAINTENANCE,KA-CENTRAL,OPEN,4,1.00282,0.02411,0.10491,0.03776,0.9624,1.0676,0.0943,0.022679999999999992,73,-0.3155355801607885,0.6164383561643836,0.4623287671232877,9.53197979220284
T02393,CIVIL_MAINTENANCE,AP-SOUTH,OPEN,7,0.99803,0.02896,0.1334,0.04128,0.91114,1.04427,0.1334,0.031560000000000005,13,0.0,0.5384615384615384,0.46153846153846156,7.496251874062969
T00360,WATER_INFRASTRUCTURE,KA-NORTH,OPEN,7,1.01102,0.03556,0.10488,0.03713,0.94585,1.05188,0.10822999999999999,0.01692000000000001,42,0.13354279221315526,0.40476190476190477,0.4614040259786229,9.534706331045003
T02085,CIVIL_MAINTENANCE,KA-CENTRAL,OPEN,11,0.94935,0.0213,0.0943,0.03856,0.92619,1.01572,0.0943,0.022679999999999992,73,0.0,0.5068493150684932,0.46077210460772106,10.604453870625663
T00682,ROAD_CONSTRUCTION,KA-BENGALURU,OPEN,8,0.99804,0.02137,0.11207,0.03545,0.93271,1.04457,0.11207,0.026999999999999996,19,0.0,0.5263157894736842,0.4605263157894737,8.92299455697332
T02200,MEDICAL_SUPPLIES,KA-NORTH,OPEN,9,0.98501,0.00488,0.11706,0.03413,0.96939,1.0847,0.11554500000000001,0.030324999999999998,58,-0.03369673538687664,0.5172413793103449,0.45977011494252873,8.542627712284299
T00007,CIVIL_MAINTENANCE,KA-SOUTH,LIMITED,4,1.0131,0.01685,0.06516,0.02438,0.97158,1.0376,0.07109499999999999,0.03572999999999999,10,0.11203757787555531,0.5,0.4590281834066665,15.346838551258442
T00949,CIVIL_MAINTENANCE,KA-NORTH,OPEN,9,0.99381,0.02704,0.10433,0.03536,0.95316,1.05684,0.103015,0.023669999999999997,62,-0.03747170885981115,0.5161290322580645,0.4587813620071684,9.584970765839163
T00348,FURNITURE,KA-CENTRAL,OPEN,3,1.02575,0.00671,0.07801,0.03612,0.95244,1.03246,0.09752,0.03523000000000001,35,0.37352582223639985,0.3142857142857143,0.45854102434807614,12.818869375721063
T01279,ROAD_CONSTRUCTION,KA-SOUTH,OPEN,8,1.02025,0.02072,0.10716,0.03718,0.99758,1.10691,0.10933000000000001,0.026665000000000008,64,0.05489011618466959,0.46875,0.4581851016615859,9.33184023889511
T01404,CIVIL_MAINTENANCE,KA-CENTRAL,OPEN,8,1.01511,0.02159,0.09285,0.03129,0.96138,1.05563,0.0943,0.022679999999999992,73,0.043122204640258316,0.4794520547945205,0.4572524770054315,10.770059235325794
T02134,MEDICAL_SUPPLIES,KA-SOUTH,OPEN,7,1.03588,0.03062,0.0999,0.03441,1.00187,1.10536,0.09937,0.020879999999999996,45,-0.017120694565258495,0.5333333333333333,0.4571428571428572,10.01001001001001
T00143,VEHICLE_SUPPLIES,KA-CENTRAL,LIMITED,5,0.99848,0.01351,0.09132,0.03313,0.92081,1.01199,0.09132,0.011679999999999996,7,0.0,0.5714285714285714,0.45714285714285713,10.950503723171266
T00919,CIVIL_MAINTENANCE,KA-NORTH,LIMITED,5,0.98644,0.03083,0.07773,0.02816,0.95122,1.02789,0.07773,0.022829999999999996,7,0.0,0.5714285714285714,0.45714285714285713,12.865045670912133
T00982,ELECTRICAL_EQUIPMENT,KA-CENTRAL,OPEN,5,0.99525,0.00655,0.104,0.03419,0.96443,1.06793,0.10079,0.02248,42,-0.09631295987188007,0.5714285714285714,0.45714285714285713,9.615384615384615
T01145,MEDICAL_SUPPLIES,KA-NORTH,LIMITED,5,0.97747,0.0139,0.09124,0.03304,0.96357,1.05276,0.09124,0.019130000000000008,7,0.0,0.5714285714285714,0.45714285714285713,10.960105217010083
T02161,CIVIL_MAINTENANCE,KA-BENGALURU,OPEN,5,0.99058,0.04106,0.11618,0.0431,0.93419,1.04927,0.1076,0.03349,14,-0.17280175324900537,0.5714285714285714,0.45714285714285713,8.607333448097778
T02465,CIVIL_MAINTENANCE,KA-NORTH,OPEN,6,0.98586,0.01883,0.1056,0.03385,0.92996,1.03407,0.103015,0.023669999999999997,62,-0.07366111589552182,0.5483870967741935,0.45698924731182794,9.46969696969697
T01785,WATER_INFRASTRUCTURE,KA-CENTRAL,LIMITED,4,0.95586,0.00394,0.07527,0.03064,0.95055,1.02249,0.079,0.017060000000000006,13,0.14747072291018157,0.46153846153846156,0.45675688833648237,13.285505513484788
T00090,ROAD_CONSTRUCTION,KA-NORTH,OPEN,7,1.01403,0.00347,0.10872,0.03222,0.94679,1.05704,0.10597000000000001,0.02621499999999999,62,-0.07075527707650696,0.532258064516129,0.45622119815668205,9.197939661515822
T00290,IT_SERVICES,KA-CENTRAL,OPEN,6,1.02775,0.0318,0.112,0.04036,0.94989,1.065,0.1033,0.027770000000000003,53,-0.21130967257639097,0.5471698113207547,0.4559748427672956,8.928571428571429
T00171,BUILDING_CONSTRUCTION,KA-CENTRAL,LIMITED,4,1.00812,0.01665,0.07505,0.02765,0.95915,1.03481,0.07799500000000001,0.01844500000000001,8,0.10769180193323795,0.5,0.4557688514499284,13.324450366422385
T00665,ELECTRICAL_EQUIPMENT,KA-SOUTH,TWO_STAGE,6,0.97864,0.02114,0.09622,0.03068,0.93852,1.03268,0.09820000000000001,0.028905,6,0.046202792034722884,0.5,0.45516899336226907,10.392849719393057
T01819,MEDICAL_SUPPLIES,KA-NORTH,OPEN,7,0.99255,0.01375,0.11263,0.03571,0.97037,1.08216,0.11554500000000001,0.030324999999999998,58,0.0648356327740902,0.46551724137931033,0.4545881778457719,8.878629139660838
T00827,ELECTRICAL_EQUIPMENT,KA-SOUTH,LIMITED,6,1.03115,0.03544,0.0958,0.03735,0.97714,1.07592,0.0958,0.014440000000000008,11,0.0,0.5454545454545454,0.45454545454545453,10.438413361169102
T01735,CIVIL_MAINTENANCE,KA-CENTRAL,OPEN,8,0.98323,0.0149,0.09345,0.02797,0.9621,1.05398,0.0943,0.022679999999999992,73,0.025278533754634,0.4931506849315068,0.4536255663503732,10.700909577314071
T00775,MEDICAL_SUPPLIES,KA-NORTH,OPEN,8,1.00575,0.02068,0.11242,0.04024,0.92096,1.03403,0.11554500000000001,0.030324999999999998,58,0.06950646738217188,0.4482758620689655,0.45305953826974527,8.895214374666429
T01420,MEDICAL_SUPPLIES,KA-CENTRAL,OPEN,9,1.02011,0.01458,0.09419,0.02984,0.95693,1.05301,0.09419,0.027749999999999997,53,0.0,0.5094339622641509,0.45283018867924524,10.616838305552607
T01417,LAB_EQUIPMENT,KA-CENTRAL,OPEN,8,1.00851,0.02522,0.08785,0.03033,0.97795,1.06655,0.08785,0.026139999999999997,29,0.0,0.5172413793103449,0.45258620689655177,11.383039271485487
T00380,ROAD_CONSTRUCTION,KA-CENTRAL,OPEN,6,0.9527,0.02991,0.10576,0.03756,0.90414,1.00489,0.1053,0.03636,59,-0.00853316142352132,0.5423728813559322,0.4519774011299435,9.4553706505295
T00004,VEHICLE_SUPPLIES,KA-SOUTH,OPEN,7,0.96649,0.0331,0.10341,0.03598,0.92099,1.02094,0.11184,0.029350000000000015,21,0.19372937316482758,0.3333333333333333,0.4517680341412808,9.670244657189826
T00661,VEHICLE_SUPPLIES,TN-NORTH,OPEN,8,0.99405,0.01194,0.08304,0.02925,0.93303,1.01557,0.08849499999999999,0.02012500000000001,12,0.1828247002705499,0.3333333333333333,0.45163827940339785,12.042389210019268
T01065,MEDICAL_SUPPLIES,AP-SOUTH,OPEN,7,1.01831,0.01807,0.14581,0.04602,0.90078,1.04927,0.14634999999999998,0.01353500000000002,4,0.02690986406482089,0.5,0.45163702634127506,6.858240175570948
T00711,ROAD_CONSTRUCTION,KA-NORTH,OPEN,5,1.00944,0.02487,0.11293,0.0379,0.95934,1.07334,0.10597000000000001,0.02621499999999999,62,-0.17907517398272366,0.5645161290322581,0.4516129032258065,8.855042946958292
T00781,ELECTRICAL_EQUIPMENT,KA-CENTRAL,TWO_STAGE,7,0.97465,0.00632,0.13297,0.04375,0.96833,1.09793,0.133665,0.017509999999999998,4,0.026771620664547944,0.5,0.451518531998184,7.52049334436339
T02268,WATER_INFRASTRUCTURE,KA-SOUTH,OPEN,12,1.01986,0.01809,0.10918,0.03357,0.96432,1.07567,0.10991999999999999,0.024564999999999997,36,0.02031846782058515,0.4722222222222222,0.4514956325392401,9.159186664224217
T00475,ELECTRICAL_EQUIPMENT,KA-BENGALURU,OPEN,9,0.97961,0.01773,0.10266,0.02982,0.9475,1.04807,0.10288,0.023164999999999998,16,0.0064056968307726996,0.5,0.4501383971829091,9.74089226573154
T00463,FURNITURE,KA-SOUTH,OPEN,5,0.97982,0.02234,0.12219,0.03961,0.91919,1.03892,0.120115,0.025825000000000008,32,-0.05419432046133321,0.5625,0.45,8.183975775431705
T00422,CIVIL_MAINTENANCE,KA-SOUTH,LIMITED,4,0.99122,0.00798,0.07703,0.02998,0.92992,1.00627,0.07109499999999999,0.03572999999999999,10,-0.11203757787555556,0.6,0.44999999999999996,12.981955082435414
T01185,FURNITURE,KA-NORTH,LIMITED,4,0.98677,0.02194,0.09015,0.03373,0.95606,1.04501,0.081065,0.061290000000000004,10,-0.09997958149526617,0.6,0.44999999999999996,11.092623405435386
T01311,FURNITURE,TN-NORTH,OPEN,4,1.00407,0.03331,0.10035,0.04042,0.94392,1.04469,0.10035,0.02647999999999999,5,0.0,0.6,0.44999999999999996,9.965122072745391
T01471,FURNITURE,KA-SOUTH,TWO_STAGE,4,0.96952,0.02568,0.0966,0.03464,0.9262,1.01985,0.0966,0.03225,5,0.0,0.6,0.44999999999999996,10.351966873706004
T01748,BUILDING_CONSTRUCTION,KA-SOUTH,LIMITED,4,0.99359,0.02303,0.08266,0.03009,0.94832,1.03045,0.079565,0.028954999999999995,10,-0.07209631844517572,0.6,0.44999999999999996,12.097749818533753
T01754,LAB_EQUIPMENT,AP-SOUTH,OPEN,4,0.98006,0.02618,0.10222,0.03619,0.92976,1.02994,0.10222,0.01607,5,0.0,0.6,0.44999999999999996,9.782821365681862
T01551,CIVIL_MAINTENANCE,KA-SOUTH,OPEN,7,1.01033,0.01764,0.09788,0.03174,0.93537,1.03426,0.09694,0.028469999999999995,61,-0.022269803790235236,0.5245901639344263,0.44964871194379397,10.21659174499387
T01583,ROAD_CONSTRUCTION,KA-SOUTH,OPEN,9,1.01124,0.03297,0.1091,0.03639,0.93953,1.04986,0.10933000000000001,0.026665000000000008,64,0.0058178464158868265,0.5,0.44961586348078825,9.165902841429881
T00251,VEHICLE_SUPPLIES,TN-NORTH,OPEN,3,0.96407,0.01377,0.07585,0.03344,0.90471,0.97784,0.08849499999999999,0.02012500000000001,12,0.42379804489846135,0.25,0.44919869659897427,13.183915622940013
T00999,WATER_INFRASTRUCTURE,KA-NORTH,OPEN,7,1.02155,0.01411,0.10849,0.0438,0.92643,1.03725,0.10822999999999999,0.01692000000000001,42,-0.010364515216543826,0.5238095238095238,0.44897959183673475,9.217439395335976
T02089,VEHICLE_SUPPLIES,KA-SOUTH,OPEN,7,0.98995,0.02281,0.11184,0.03442,0.91735,1.02807,0.11184,0.029350000000000015,21,0.0,0.5238095238095238,0.44897959183673475,8.94134477825465
T01152,CIVIL_MAINTENANCE,KA-NORTH,OPEN,6,1.03308,0.02554,0.1017,0.03586,0.96823,1.07329,0.103015,0.023669999999999997,62,0.03747170885981076,0.5,0.447893090716509,9.83284169124877
T00721,ELECTRICAL_EQUIPMENT,KA-NORTH,OPEN,8,0.98647,0.02174,0.09762,0.03421,0.9628,1.0591,0.09762,0.027480000000000004,43,0.0,0.5116279069767442,0.4476744186046512,10.24380249948781
T01539,ELECTRICAL_EQUIPMENT,KA-SOUTH,OPEN,8,0.97693,0.0301,0.09169,0.03127,0.93693,1.0265,0.09169,0.025990000000000013,43,0.0,0.5116279069767442,0.4476744186046512,10.906314756243866
T00977,BUILDING_CONSTRUCTION,KA-CENTRAL,OPEN,3,0.99,0.02266,0.12951,0.05805,0.88445,1.01266,0.11566,0.02932,70,-0.31861176735166563,0.6714285714285714,0.44761904761904764,7.721411474017451
T01538,ELECTRICAL_EQUIPMENT,KA-CENTRAL,OPEN,5,0.99697,0.02118,0.09411,0.03859,0.92432,1.01815,0.10079,0.02248,42,0.20042696945300975,0.35714285714285715,0.4460558612766935,10.625863351397301
T01265,CIVIL_MAINTENANCE,KA-NORTH,OPEN,4,1.01734,0.04227,0.09801,0.04433,0.96276,1.06247,0.103015,0.023669999999999997,62,0.14262045843600998,0.45161290322580644,0.44567502124636227,10.20304050607081
T00690,WATER_INFRASTRUCTURE,KA-NORTH,OPEN,8,0.97608,0.012,0.1074,0.03382,0.90574,1.01057,0.10822999999999999,0.01692000000000001,42,0.03308672165281158,0.47619047619047616,0.4456175481128768,9.31098696461825
T00546,FURNITURE,KA-SOUTH,OPEN,4,1.01533,0.03648,0.12693,0.04592,0.94651,1.07538,0.120115,0.025825000000000008,32,-0.17799243081637897,0.59375,0.4453125,7.878358150161507
T00087,VEHICLE_SUPPLIES,KA-NORTH,LIMITED,3,1.03459,0.0129,0.09681,0.04405,0.94733,1.04749,0.08781,0.028120000000000006,6,-0.21587542088511208,0.6666666666666666,0.4444444444444445,10.329511414110113
T00280,BUILDING_CONSTRUCTION,KA-BENGALURU,LIMITED,3,1.00728,0.02688,0.07282,0.02989,0.9804,1.05375,0.07282,0.027239999999999993,3,0.0,0.6666666666666666,0.4444444444444445,13.732491073880803
T00683,IT_SERVICES,KA-NORTH,LIMITED,3,0.9241,0.01832,0.08971,0.03785,0.90578,0.98868,0.083355,0.016184999999999998,6,-0.26483711933727294,0.6666666666666666,0.4444444444444445,11.147029316687103
T01338,ROAD_CONSTRUCTION,KA-NORTH,LIMITED,3,0.93848,0.00562,0.07885,0.03506,0.93286,1.00685,0.07595,0.039025000000000004,12,-0.05012231140248881,0.6666666666666666,0.4444444444444445,12.682308180088775
T01456,ROAD_CONSTRUCTION,KA-SOUTH,LIMITED,3,0.97715,0.0095,0.06609,0.02869,0.96765,1.03223,0.06523,0.014189999999999994,9,-0.04087822784706638,0.6666666666666666,0.4444444444444445,15.130882130428205
T01966,FURNITURE,AP-SOUTH,OPEN,3,1.05844,0.00194,0.08159,0.03905,0.97401,1.06037,0.08159,0.017939999999999998,3,0.0,0.6666666666666666,0.4444444444444445,12.256403971074887
T02309,IT_SERVICES,KA-CENTRAL,LIMITED,3,1.0159,0.00762,0.07194,0.03292,0.95044,1.02352,0.071185,0.02845,6,-0.017899491156584648,0.6666666666666666,0.4444444444444445,13.900472616068946
T01004,IT_SERVICES,KA-SOUTH,LIMITED,5,1.0123,0.01009,0.05821,0.02118,0.96355,1.02248,0.05821,0.0233,9,0.0,0.5555555555555556,0.4444444444444445,17.179178835251676
T01141,ROAD_CONSTRUCTION,KA-SOUTH,LIMITED,5,0.95791,0.01864,0.06523,0.02571,0.93927,1.00175,0.06523,0.014189999999999994,9,0.0,0.5555555555555556,0.4444444444444445,15.330369461904032
T01083,ELECTRICAL_EQUIPMENT,KA-NORTH,OPEN,3,0.95011,0.0063,0.08184,0.03629,0.94381,1.02157,0.09762,0.027480000000000004,43,0.3873167461623243,0.27906976744186046,0.44425767573612324,12.218963831867057
T02290,ELECTRICAL_EQUIPMENT,KA-NORTH,LIMITED,4,1.01475,0.02838,0.09409,0.03389,0.96675,1.06223,0.09409,0.03334999999999999,11,0.0,0.5909090909090909,0.44318181818181823,10.628122010840686
T02087,CIVIL_MAINTENANCE,KA-CENTRAL,OPEN,3,1.02256,0.03187,0.08626,0.03595,0.96622,1.05443,0.0943,0.022679999999999992,73,0.23910518986736426,0.4246575342465753,0.44250848274262644,11.592858798979828
T02420,ROAD_CONSTRUCTION,KA-NORTH,OPEN,7,1.00994,0.01368,0.10757,0.0337,0.92499,1.03363,0.10597000000000001,0.02621499999999999,62,-0.041166706662694875,0.5161290322580645,0.4423963133640553,9.296272194849866
T01221,FURNITURE,KA-NORTH,OPEN,7,0.99804,0.02302,0.1018,0.03245,0.94084,1.04243,0.1018,0.020879999999999996,33,0.0,0.5151515151515151,0.4415584415584416,9.823182711198427
T02006,FURNITURE,KA-CENTRAL,OPEN,9,0.97364,0.0255,0.09698,0.03239,0.94814,1.04257,0.09752,0.03523000000000001,35,0.01033849021054103,0.4857142857142857,0.4409358008220682,10.311404413281089
T00688,IT_SERVICES,KA-NORTH,OPEN,5,0.99817,0.01887,0.09994,0.03369,0.95212,1.05188,0.09833,0.02729000000000001,51,-0.03979223608491455,0.5490196078431373,0.43921568627450985,10.006003602161297
T01403,BUILDING_CONSTRUCTION,KA-CENTRAL,OPEN,5,1.00586,0.00424,0.11105,0.03794,0.92371,1.03541,0.11566,0.02932,70,0.10605055938564482,0.44285714285714284,0.43912616179423014,9.0049527239982
T01042,VEHICLE_SUPPLIES,KA-CENTRAL,OPEN,5,1.02082,0.01229,0.11537,0.03705,0.95648,1.07425,0.11493,0.04331,31,-0.006852365138990976,0.5483870967741935,0.43870967741935485,8.667764583513911
T01928,IT_SERVICES,KA-CENTRAL,OPEN,8,1.00379,0.02151,0.10286,0.03086,0.96309,1.06634,0.1033,0.027770000000000003,53,0.010686925969380933,0.49056603773584906,0.43859634324207625,9.721952167995335
T00021,IT_SERVICES,KA-NORTH,OPEN,8,1.00118,0.01905,0.09631,0.02793,0.95221,1.04864,0.09833,0.02729000000000001,51,0.04992566266554481,0.45098039215686275,0.43829279796960663,10.383137784238397
T01956,MEDICAL_SUPPLIES,KA-SOUTH,OPEN,7,0.99282,0.02706,0.09937,0.0314,0.94953,1.04818,0.09937,0.020879999999999996,45,0.0,0.5111111111111111,0.4380952380952381,10.063399416322834
T00156,WATER_INFRASTRUCTURE,AP-SOUTH,OPEN,6,1.0038,0.03149,0.11029,0.039,0.9582,1.06891,0.11100499999999999,0.018865,12,0.025563789717771596,0.5,0.4379698247648097,9.067005168192946
T00615,VEHICLE_SUPPLIES,TN-NORTH,OPEN,4,0.97371,0.0264,0.09057,0.03367,0.92478,1.01297,0.08849499999999999,0.02012500000000001,12,-0.06954376774727648,0.5833333333333334,0.4375,11.041183614883515
T01671,IT_SERVICES,KA-NORTH,OPEN,7,1.00495,0.02719,0.09833,0.03101,0.95026,1.04908,0.09833,0.02729000000000001,51,0.0,0.5098039215686274,0.4369747899159664,10.169836265636123
T02059,ELECTRICAL_EQUIPMENT,KA-CENTRAL,OPEN,6,0.96941,0.01776,0.1024,0.03402,0.89958,0.99885,0.10079,0.02248,42,-0.04830650012265651,0.5238095238095238,0.43650793650793657,9.765625
T00790,MEDICAL_SUPPLIES,KA-SOUTH,LIMITED,5,0.98542,0.02212,0.0684,0.02458,0.95174,1.01915,0.0684,0.024709999999999996,11,0.0,0.5454545454545454,0.43636363636363634,14.619883040935672
T00716,ROAD_CONSTRUCTION,KA-CENTRAL,OPEN,4,1.02761,0.03767,0.09864,0.0404,0.97238,1.07375,0.1053,0.03636,59,0.12354533713185158,0.4576271186440678,0.43587934183193955,10.13787510137875
T01473,WATER_INFRASTRUCTURE,KA-CENTRAL,OPEN,7,0.99857,0.03403,0.11693,0.03838,0.9434,1.06017,0.11693,0.029219999999999996,59,0.0,0.5084745762711864,0.4358353510895884,8.552125203112974
T01147,FURNITURE,KA-BENGALURU,OPEN,6,0.97796,0.02164,0.11153,0.04208,0.95543,1.0645,0.11214,0.017980000000000003,16,0.02288316814687,0.5,0.435735973455725,8.966197435667533
T02403,MEDICAL_SUPPLIES,KA-NORTH,OPEN,6,0.98148,0.03639,0.11376,0.04127,0.90684,1.01849,0.11554500000000001,0.030324999999999998,58,0.03970209416869674,0.4827586206896552,0.4353839290486266,8.79043600562588
T00119,VEHICLE_SUPPLIES,KA-SOUTH,OPEN,7,1.00754,0.02784,0.11046,0.03593,0.94205,1.05334,0.11184,0.029350000000000015,21,0.031713705215594405,0.47619047619047616,0.4353464412052033,9.053050878145935
T01310,BUILDING_CONSTRUCTION,KA-CENTRAL,OPEN,5,0.97261,0.04408,0.11932,0.04725,0.92853,1.04458,0.11566,0.02932,70,-0.08419632263589141,0.5428571428571428,0.4342857142857143,8.380824673147838
T01302,BUILDING_CONSTRUCTION,KA-NORTH,OPEN,3,0.96051,0.03741,0.0968,0.04002,0.90495,0.99793,0.10989,0.03468,53,0.25458719842989136,0.39622641509433965,0.43387574234948745,10.330578512396695
T02275,IT_SERVICES,KA-SOUTH,LIMITED,3,0.95101,0.02296,0.0511,0.02085,0.92805,0.97664,0.05821,0.0233,9,0.2058209999947893,0.4444444444444444,0.43351029629282256,19.569471624266146
T00582,ROAD_CONSTRUCTION,KA-NORTH,OPEN,5,1.04224,0.014,0.10437,0.03699,0.95934,1.06812,0.10597000000000001,0.02621499999999999,62,0.041166706662695236,0.5,0.43293336533015625,9.581297307655456
T01537,WATER_INFRASTRUCTURE,KA-CENTRAL,LIMITED,5,1.00164,0.00593,0.079,0.02506,0.96703,1.04616,0.079,0.017060000000000006,13,0.0,0.5384615384615384,0.4307692307692308,12.658227848101266
T01503,VEHICLE_SUPPLIES,KA-CENTRAL,OPEN,6,1.0079,0.01964,0.11493,0.04212,0.91949,1.03533,0.11493,0.04331,31,0.0,0.5161290322580645,0.43010752688172044,8.700948403375968
T01871,BUILDING_CONSTRUCTION,KA-CENTRAL,OPEN,6,1.04121,0.02309,0.11497,0.03702,0.96118,1.08089,0.11566,0.02932,70,0.01587307721824175,0.5,0.42989423101520147,8.697921196833956
T00902,LAB_EQUIPMENT,KA-BENGALURU,OPEN,5,1.00224,0.01081,0.10392,0.03365,0.94189,1.04604,0.10547999999999999,0.028195000000000005,6,0.03731887160076194,0.5,0.4298550972806096,9.62278675904542
T01160,ROAD_CONSTRUCTION,KA-SOUTH,OPEN,6,0.97087,0.03035,0.10956,0.03766,0.93969,1.04606,0.10933000000000001,0.026665000000000008,64,-0.005817846415886475,0.515625,0.4296875,9.127418765972983
T00426,WATER_INFRASTRUCTURE,KA-CENTRAL,OPEN,3,1.00705,0.06377,0.13082,0.05349,0.93908,1.07082,0.11693,0.029219999999999996,59,-0.3206254842275804,0.6440677966101694,0.42937853107344637,7.644091117566122
T01056,BUILDING_CONSTRUCTION,KA-SOUTH,LIMITED,4,1.00643,0.01372,0.07647,0.03071,0.9454,1.02236,0.079565,0.028954999999999995,10,0.07209631844517572,0.5,0.4290722388338818,13.077023669412842
T02259,LAB_EQUIPMENT,KA-SOUTH,OPEN,5,1.01202,0.00739,0.09067,0.03088,0.94316,1.03492,0.09267500000000001,0.01473999999999999,18,0.09174721660451689,0.4444444444444444,0.4289533288391691,11.029006286533583
T00297,VEHICLE_SUPPLIES,TN-NORTH,OPEN,6,0.97347,0.01469,0.08558,0.02765,0.95286,1.03617,0.08849499999999999,0.02012500000000001,12,0.09769642553412498,0.4166666666666667,0.42863591016732644,11.684973124561813
T00225,MEDICAL_SUPPLIES,KA-BENGALURU,OPEN,5,0.96005,0.01272,0.08976,0.03419,0.94733,1.0335,0.08851,0.034519999999999995,28,-0.02442391220584429,0.5357142857142857,0.4285714285714286,11.140819964349376
T00814,MEDICAL_SUPPLIES,KA-CENTRAL,LIMITED,4,0.98134,0.02507,0.1225,0.04433,0.93974,1.05995,0.11796999999999999,0.02194999999999999,14,-0.13920014307193537,0.5714285714285714,0.42857142857142855,8.16326530612245
T01685,ELECTRICAL_EQUIPMENT,KA-NORTH,TWO_STAGE,4,1.02868,0.02976,0.08716,0.03392,0.97857,1.06823,0.08716,0.016640000000000002,7,0.0,0.5714285714285714,0.42857142857142855,11.473152822395594
T02076,IT_SERVICES,KA-SOUTH,TWO_STAGE,4,1.00848,0.01123,0.0821,0.03033,0.98675,1.06954,0.0821,0.02933000000000001,7,0.0,0.5714285714285714,0.42857142857142855,12.180267965895249
T02312,FURNITURE,KA-CENTRAL,OPEN,6,1.03778,0.02967,0.09752,0.03301,0.98321,1.08442,0.09752,0.03523000000000001,35,0.0,0.5142857142857142,0.42857142857142855,10.254306808859722
T00693,VEHICLE_SUPPLIES,KA-SOUTH,OPEN,4,1.01044,0.02338,0.10357,0.03871,0.97754,1.08219,0.11184,0.029350000000000015,21,0.19005242183548343,0.38095238095238093,0.42825360209089824,9.655305590421937
T00179,WATER_INFRASTRUCTURE,KA-SOUTH,OPEN,6,1.01375,0.01289,0.10943,0.04405,0.92471,1.03564,0.10991999999999999,0.024564999999999997,36,0.013454120583900886,0.5,0.42787843381991747,9.138261902586128
T01668,ROAD_CONSTRUCTION,KA-SOUTH,OPEN,3,1.01704,0.0264,0.1213,0.05339,0.92007,1.04344,0.10933000000000001,0.026665000000000008,64,-0.30278096347027333,0.640625,0.42708333333333337,8.244023083264633
T00359,IT_SERVICES,KA-NORTH,OPEN,4,0.99008,0.02147,0.10248,0.04044,0.96613,1.0676,0.09833,0.02729000000000001,51,-0.10257004953564931,0.5686274509803921,0.4264705882352941,9.758001561280249
T01629,CIVIL_MAINTENANCE,KA-CENTRAL,LIMITED,3,1.01488,0.03377,0.08299,0.03391,0.98112,1.06534,0.08912,0.02513,19,0.16452958040555254,0.47368421052631576,0.42547586062124565,12.049644535486204
T01597,MEDICAL_SUPPLIES,KA-NORTH,OPEN,3,1.0208,0.04826,0.12826,0.05356,0.93813,1.06906,0.11554500000000001,0.030324999999999998,58,-0.28280791448458076,0.6379310344827587,0.42528735632183917,7.79666302822392
T01604,ROAD_CONSTRUCTION,KA-SOUTH,OPEN,5,0.99519,0.01251,0.11034,0.04118,0.98268,1.09249,0.10933000000000001,0.026665000000000008,64,-0.025547934261066926,0.53125,0.42500000000000004,9.062896501721951
T01154,IT_SERVICES,KA-CENTRAL,OPEN,6,0.99433,0.02837,0.1033,0.03495,0.93399,1.03671,0.1033,0.027770000000000003,53,0.0,0.5094339622641509,0.42452830188679247,9.68054211035818
T01274,BUILDING_CONSTRUCTION,KA-SOUTH,OPEN,6,0.99327,0.03696,0.10953,0.04225,0.92827,1.03706,0.10953,0.024610000000000007,53,0.0,0.5094339622641509,0.42452830188679247,9.12991874372318
T00568,MEDICAL_SUPPLIES,KA-SOUTH,LIMITED,3,1.04789,0.02502,0.07393,0.03108,0.99545,1.07292,0.0684,0.024709999999999996,11,-0.1509483569366883,0.6363636363636364,0.4242424242424243,13.526308670363859
T02453,ROAD_CONSTRUCTION,KA-NORTH,LIMITED,3,1.03625,0.0167,0.06326,0.02712,0.98739,1.05294,0.07595,0.039025000000000004,12,0.21932832127502874,0.4166666666666667,0.423996658627797,15.807777426493836
T00370,ROAD_CONSTRUCTION,KA-CENTRAL,OPEN,6,0.97657,0.03455,0.1053,0.03716,0.934,1.03684,0.1053,0.03636,59,0.0,0.5084745762711864,0.423728813559322,9.49667616334283
T01414,ELECTRICAL_EQUIPMENT,KA-SOUTH,OPEN,6,0.98679,0.02893,0.09092,0.03397,0.93141,1.02113,0.09169,0.025990000000000013,43,0.019982989026432214,0.4883720930232558,0.4236292350414067,10.998680158380994
T00269,BUILDING_CONSTRUCTION,KA-SOUTH,OPEN,5,0.943,0.01719,0.10982,0.04904,0.92581,1.02937,0.10953,0.024610000000000007,53,-0.007948082903218676,0.5283018867924528,0.4226415094339623,9.105809506465125
T01999,IT_SERVICES,KA-CENTRAL,OPEN,5,0.9877,0.01562,0.10774,0.03673,0.91675,1.02316,0.1033,0.027770000000000003,53,-0.10784079841829608,0.5283018867924528,0.4226415094339623,9.281603861147206
T00141,WATER_INFRASTRUCTURE,KA-SOUTH,OPEN,5,0.96484,0.03003,0.11041,0.04275,0.93481,1.04134,0.10991999999999999,0.024564999999999997,36,-0.013454120583901268,0.5277777777777778,0.4222222222222223,9.057150620414818
T01167,FURNITURE,KA-BENGALURU,OPEN,4,0.99481,0.01399,0.11275,0.04198,0.96857,1.08073,0.11214,0.017980000000000003,16,-0.02288316814687,0.5625,0.421875,8.869179600886918
T01961,CIVIL_MAINTENANCE,KA-CENTRAL,OPEN,4,0.98363,0.02399,0.10009,0.03768,0.95094,1.04939,0.0943,0.022679999999999992,73,-0.1721914240462738,0.5616438356164384,0.4212328767123288,9.991008092716555
T01580,CIVIL_MAINTENANCE,KA-CENTRAL,LIMITED,3,0.95442,0.02479,0.09416,0.03916,0.92963,1.0195,0.08912,0.02513,19,-0.13527391276410794,0.631578947368421,0.4210526315789474,10.620220900594733
T01637,VEHICLE_SUPPLIES,KA-CENTRAL,OPEN,6,0.98411,0.02097,0.11357,0.03567,0.94785,1.05961,0.11493,0.04331,31,0.021180037702335938,0.4838709677419355,0.4208758378702262,8.805142203046579
T01472,WATER_INFRASTRUCTURE,KA-NORTH,OPEN,5,1.00253,0.01942,0.10579,0.04218,0.98312,1.08918,0.10822999999999999,0.01692000000000001,42,0.09726698895525353,0.42857142857142855,0.42067073402134564,9.452689290103034
T01130,CIVIL_MAINTENANCE,KA-SOUTH,OPEN,6,0.98295,0.03273,0.09643,0.03417,0.93931,1.0341,0.09694,0.028469999999999995,61,0.012082553120233977,0.4918032786885246,0.41990485984063214,10.370216737529814
T01092,MEDICAL_SUPPLIES,KA-BENGALURU,OPEN,5,1.04736,0.02063,0.08726,0.03189,0.9766,1.06799,0.08851,0.034519999999999995,28,0.02442391220584429,0.5,0.41953912976467544,11.460004584001833
T00656,BUILDING_CONSTRUCTION,KA-BENGALURU,OPEN,5,1.01301,0.01486,0.11302,0.03901,0.92516,1.03964,0.11302,0.02312,21,0.0,0.5238095238095238,0.4190476190476191,8.847991505928155
T01513,BUILDING_CONSTRUCTION,KA-CENTRAL,OPEN,3,1.02711,0.00158,0.10514,0.05094,0.92071,1.0287,0.11566,0.02932,70,0.24200691642884664,0.38571428571428573,0.418480801428755,9.511128019783147
T01114,WATER_INFRASTRUCTURE,KA-CENTRAL,OPEN,3,0.97113,0.04758,0.12725,0.0519,0.92355,1.04713,0.11693,0.029219999999999996,59,-0.2382185023202759,0.6271186440677966,0.4180790960451978,7.858546168958743
T00183,BUILDING_CONSTRUCTION,KA-CENTRAL,OPEN,5,1.05012,0.02199,0.11407,0.04506,0.95232,1.07211,0.11566,0.02932,70,0.03657709098116584,0.4857142857142857,0.41783310135636126,8.766546857192951
T00044,ELECTRICAL_EQUIPMENT,KA-SOUTH,LIMITED,5,0.97082,0.00858,0.09436,0.0348,0.96225,1.05385,0.0958,0.014440000000000008,11,0.06726223640209796,0.45454545454545453,0.41744615275804203,10.5977108944468
T01107,WATER_INFRASTRUCTURE,KA-SOUTH,OPEN,4,1.00142,0.02829,0.1018,0.03818,0.96195,1.06389,0.10991999999999999,0.024564999999999997,36,0.22295399824750442,0.3333333333333333,0.41721549868562835,9.823182711198427
T00823,FURNITURE,KA-BENGALURU,OPEN,3,1.00444,0.02779,0.1209,0.05061,0.97665,1.09808,0.11214,0.017980000000000003,16,-0.32861729994521505,0.625,0.41666666666666674,8.271298593879239
T00847,BUILDING_CONSTRUCTION,KA-CENTRAL,LIMITED,3,1.05721,0.01783,0.08094,0.03433,1.03938,1.12495,0.07799500000000001,0.01844500000000001,8,-0.10769180193323744,0.625,0.41666666666666674,12.354830738818878
T00992,FURNITURE,KA-CENTRAL,LIMITED,3,0.98039,0.02438,0.07801,0.03285,0.92829,1.00477,0.07776,0.019725000000000003,8,-0.008548678827333279,0.625,0.41666666666666674,12.818869375721063
T00404,IT_SERVICES,KA-CENTRAL,TWO_STAGE,4,1.02772,0.03548,0.10588,0.03944,0.97494,1.08375,0.10588,0.02327,9,0.0,0.5555555555555556,0.4166666666666667,9.444654325651682
T01019,MEDICAL_SUPPLIES,KA-SOUTH,LIMITED,3,1.01387,0.00192,0.05883,0.02781,0.95614,1.01579,0.0684,0.024709999999999996,11,0.2612252759284103,0.36363636363636365,0.416574426376516,16.998130205677377
T01411,VEHICLE_SUPPLIES,KA-SOUTH,OPEN,9,0.99726,0.01863,0.11023,0.03663,0.96495,1.07488,0.11184,0.029350000000000015,21,0.036999322751527015,0.42857142857142855,0.41384066784262713,9.071940488070398
T00607,VEHICLE_SUPPLIES,KA-SOUTH,OPEN,3,0.97993,0.02009,0.12934,0.05848,0.87328,1.00002,0.11184,0.029350000000000015,21,-0.4021665516470331,0.6190476190476191,0.41269841269841273,7.731560228854182
T00063,CIVIL_MAINTENANCE,KA-SOUTH,OPEN,3,1.01563,0.03701,0.08882,0.03665,0.96244,1.05265,0.09694,0.028469999999999995,61,0.1923731986986286,0.4262295081967213,0.41240180459689996,11.258725512272012
T00028,CIVIL_MAINTENANCE,KA-CENTRAL,OPEN,4,0.97473,0.0268,0.09999,0.03739,0.91638,1.01384,0.0943,0.022679999999999992,73,-0.16921747889866967,0.547945205479452,0.410958904109589,10.001000100010002
T00396,WATER_INFRASTRUCTURE,KA-NORTH,OPEN,4,0.96216,0.03031,0.11097,0.04548,0.9304,1.03717,0.10822999999999999,0.01692000000000001,42,-0.10922604497434243,0.5476190476190477,0.41071428571428575,9.01144453455889
T00292,MEDICAL_SUPPLIES,KA-CENTRAL,OPEN,4,0.98968,0.01201,0.09498,0.03939,0.90823,1.00223,0.09419,0.027749999999999997,53,-0.019201718918432777,0.5471698113207547,0.410377358490566,10.52853232259423
T01264,ELECTRICAL_EQUIPMENT,KA-CENTRAL,LIMITED,4,0.99228,0.01544,0.08738,0.03158,0.96368,1.05039,0.08738,0.00827,11,0.0,0.5454545454545454,0.40909090909090906,11.444266422522317
T02082,WATER_INFRASTRUCTURE,KA-NORTH,OPEN,5,1.03681,0.04549,0.10797,0.04302,0.99133,1.10327,0.10822999999999999,0.01692000000000001,42,0.010364515216543272,0.5,0.4082916121732346,9.261831990367694
T01914,BUILDING_CONSTRUCTION,KA-NORTH,LIMITED,3,1.02659,0.03031,0.07591,0.03142,0.97897,1.05689,0.08109,0.031305,14,0.1116071596897862,0.5,0.4077381064598575,13.173494928204452
T00755,FURNITURE,KA-CENTRAL,LIMITED,5,1.02131,0.01877,0.07751,0.02683,0.9837,1.06286,0.07776,0.019725000000000003,8,0.008548678827333279,0.5,0.40683894306186663,12.901561088891757
T01977,FURNITURE,KA-NORTH,OPEN,3,0.94522,0.03458,0.09417,0.03849,0.91064,0.99966,0.1018,0.020879999999999996,33,0.2464733953451351,0.36363636363636365,0.4067398393209992,10.619093129446744
T01782,CIVIL_MAINTENANCE,KA-SOUTH,OPEN,5,0.9989,0.00603,0.09694,0.03091,0.95573,1.05256,0.09694,0.028469999999999995,61,0.0,0.5081967213114754,0.4065573770491804,10.315659170621004
T00442,ELECTRICAL_EQUIPMENT,KA-CENTRAL,OPEN,4,0.99106,0.00968,0.09627,0.03816,0.97902,1.07442,0.10079,0.02248,42,0.13561824879155768,0.40476190476190477,0.40528511516509685,10.387451958034696
T02180,IT_SERVICES,KA-NORTH,OPEN,6,1.00566,0.01277,0.09778,0.032,0.9876,1.08593,0.09833,0.02729000000000001,51,0.013593621022796768,0.47058823529411764,0.40348488026409535,10.22704029453876
T01698,FURNITURE,KA-CENTRAL,OPEN,5,0.99946,0.0201,0.09506,0.03157,0.94618,1.04119,0.09752,0.03523000000000001,35,0.04709756651468683,0.45714285714285713,0.4033923389260352,10.519671786240268
T00361,MEDICAL_SUPPLIES,KA-CENTRAL,OPEN,3,1.0028,0.02299,0.08805,0.03678,0.97981,1.06811,0.09419,0.027749999999999997,53,0.14923867615085729,0.4528301886792453,0.4013792432200684,11.357183418512209
T01714,BUILDING_CONSTRUCTION,KA-CENTRAL,TWO_STAGE,3,1.02293,0.05288,0.11929,0.0491,0.95379,1.07581,0.12519,0.03899999999999999,6,0.10203834566440804,0.5,0.40135889710960543,8.382932349735938
T02043,CIVIL_MAINTENANCE,KA-CENTRAL,OPEN,4,1.02054,0.0288,0.09842,0.03667,0.96261,1.06305,0.0943,0.022679999999999992,73,-0.12252654008128624,0.5342465753424658,0.40068493150684936,10.16053647632595
T00438,LAB_EQUIPMENT,KA-SOUTH,OPEN,4,1.01815,0.00308,0.09193,0.03971,0.9281,1.0217,0.09267500000000001,0.01473999999999999,18,0.03409061165604276,0.5,0.4005679587420321,10.877841836179702
T01626,MEDICAL_SUPPLIES,KA-SOUTH,OPEN,3,1.00512,0.03056,0.10275,0.04371,0.93241,1.03568,0.09937,0.020879999999999996,45,-0.10918480685013833,0.6,0.4,9.732360097323602
T00521,IT_SERVICES,KA-NORTH,OPEN,5,1.00517,0.03132,0.09803,0.03765,0.93844,1.03697,0.09833,0.02729000000000001,51,0.007414702376070902,0.49019607843137253,0.39808862464595474,10.200958890135672
T01820,ROAD_CONSTRUCTION,KA-SOUTH,OPEN,5,1.01532,0.02618,0.10881,0.04473,0.93103,1.0415,0.10933000000000001,0.026665000000000008,64,0.013153391896787317,0.484375,0.3980227135174299,9.190331770976933
T00916,FURNITURE,KA-NORTH,OPEN,4,1.01725,0.0239,0.09852,0.03648,0.95391,1.05412,0.1018,0.020879999999999996,33,0.10595448712084464,0.42424242424242425,0.3976476835224516,10.150223304912709
T01902,ROAD_CONSTRUCTION,KA-CENTRAL,TWO_STAGE,3,0.97895,0.03731,0.08383,0.03418,0.94164,1.02371,0.08646999999999999,0.011260000000000006,16,0.158139929397709,0.4375,0.3970932862651394,11.928903733746868
T00199,IT_SERVICES,KA-SOUTH,OPEN,3,1.0008,0.02574,0.08353,0.03531,0.94294,1.02654,0.09166,0.02535000000000001,37,0.2163159713824349,0.3783783783783784,0.3964628998405422,11.971746677840297
T02168,MEDICAL_SUPPLIES,KA-CENTRAL,OPEN,4,0.98518,0.02954,0.09441,0.03778,0.92833,1.02134,0.09419,0.027749999999999997,53,-0.005347314129183769,0.5283018867924528,0.39622641509433965,10.592098294672175
T00691,MEDICAL_SUPPLIES,KA-CENTRAL,OPEN,3,0.9689,0.03465,0.08763,0.03578,0.93425,1.01915,0.09419,0.027749999999999997,53,0.15944718494293558,0.4339622641509434,0.3956062993959194,11.411617026132603
T01888,LAB_EQUIPMENT,KA-NORTH,OPEN,4,0.98437,0.02156,0.07648,0.0304,0.95914,1.03443,0.07648,0.018280000000000005,19,0.0,0.5263157894736842,0.39473684210526316,13.07531380753138
T00113,FURNITURE,KA-CENTRAL,OPEN,4,0.99763,0.01367,0.09243,0.03511,0.92884,1.02105,0.09752,0.03523000000000001,35,0.09744984291047024,0.42857142857142855,0.3945159536114241,10.818998160770313
T00728,CIVIL_MAINTENANCE,KA-CENTRAL,OPEN,4,0.9948,0.01566,0.09229,0.03398,0.93239,1.0242,0.0943,0.022679999999999992,73,0.059776297466841065,0.4657534246575342,0.3941472915932815,10.835410120273053
T01313,FURNITURE,KA-BENGALURU,OPEN,4,0.98359,0.02792,0.10649,0.04273,0.91168,1.01642,0.11214,0.017980000000000003,16,0.2119506557865831,0.3125,0.39333799183993734,9.390553103577801
T00750,CIVIL_MAINTENANCE,TN-NORTH,OPEN,4,0.96885,0.01354,0.11786,0.04568,0.9503,1.06448,0.11902,0.03328,10,0.023509894260602366,0.5,0.3926324206954518,8.484642796538266
T02399,MEDICAL_SUPPLIES,KA-SOUTH,OPEN,5,0.99947,0.02477,0.09934,0.03382,0.97471,1.074,0.09937,0.020879999999999996,45,0.0009690959187882843,0.4888888888888889,0.39188638784614177,10.066438494060801
T02142,ELECTRICAL_EQUIPMENT,KA-NORTH,OPEN,5,1.01406,0.02402,0.09756,0.0349,0.95276,1.05168,0.09762,0.027480000000000004,43,0.0014726872477656017,0.4883720930232558,0.39187582421681716,10.250102501025012
T01490,ROAD_CONSTRUCTION,KA-CENTRAL,TWO_STAGE,4,1.00426,0.00621,0.0861,0.03628,0.92469,1.01115,0.08646999999999999,0.011260000000000006,16,0.022163550711042358,0.5,0.39162266303328175,11.614401858304298
T02081,IT_SERVICES,KA-NORTH,OPEN,5,0.96487,0.00656,0.09598,0.03542,0.9583,1.05091,0.09833,0.02729000000000001,51,0.05808183527922321,0.43137254901960786,0.3915635074390649,10.418837257762034
T02049,FURNITURE,KA-NORTH,OPEN,5,1.004,0.03538,0.10168,0.03856,0.96861,1.0707,0.1018,0.020879999999999996,33,0.0038763836751526887,0.48484848484848486,0.39097989481891005,9.83477576711251
T01324,IT_SERVICES,KA-CENTRAL,OPEN,4,0.99614,0.03592,0.10127,0.04234,0.93647,1.03735,0.1033,0.027770000000000003,53,0.04930559026782466,0.4716981132075472,0.3907527776065289,9.874592673052236
T02041,BUILDING_CONSTRUCTION,KA-NORTH,OPEN,3,0.99374,0.03987,0.12055,0.04946,0.95387,1.07367,0.10989,0.03468,53,-0.20732616770532025,0.5849056603773585,0.389937106918239,8.29531314807134
T00844,WATER_INFRASTRUCTURE,AP-SOUTH,OPEN,3,1.04233,0.003,0.11172,0.0539,0.92888,1.04533,0.11100499999999999,0.018865,12,-0.02556378971777209,0.5833333333333334,0.38888888888888895,8.95094880057286
T02237,ROAD_CONSTRUCTION,KA-NORTH,LIMITED,3,1.05139,0.00383,0.07703,0.03633,0.97423,1.05522,0.07595,0.039025000000000004,12,-0.018666240108513033,0.5833333333333334,0.38888888888888895,12.981955082435414
T02397,ELECTRICAL_EQUIPMENT,KA-SOUTH,OPEN,3,1.0668,0.00942,0.10048,0.04672,0.96903,1.07622,0.09169,0.025990000000000013,43,-0.22811749810693624,0.5813953488372093,0.3875968992248063,9.952229299363058
T01333,CIVIL_MAINTENANCE,KA-NORTH,OPEN,3,0.99091,0.053,0.11015,0.04493,0.93791,1.04706,0.103015,0.023669999999999997,62,-0.20331607811007643,0.5806451612903226,0.38709677419354843,9.078529278256923
T01771,ROAD_CONSTRUCTION,KA-NORTH,OPEN,3,0.97807,0.01695,0.10227,0.0437,0.96113,1.06115,0.10597000000000001,0.02621499999999999,62,0.09519800915748271,0.4838709677419355,0.38604598459961215,9.778038525471791
T02227,BUILDING_CONSTRUCTION,KA-CENTRAL,OPEN,4,0.97995,0.01886,0.11378,0.04179,0.94837,1.05987,0.11566,0.02932,70,0.0432483843047747,0.4714285714285714,0.3860077168000096,8.788890841975743
T01156,FURNITURE,KA-BENGALURU,OPEN,5,1.00335,0.00961,0.11096,0.03589,0.93985,1.05118,0.11214,0.017980000000000003,16,0.04426580067755187,0.4375,0.3854126405420415,9.012256669069934
T02298,WATER_INFRASTRUCTURE,KA-CENTRAL,OPEN,3,1.03225,0.01083,0.12366,0.05797,0.91544,1.04308,0.11693,0.029219999999999996,59,-0.15534985664878462,0.576271186440678,0.38418079096045205,8.086689309396732
T01100,VEHICLE_SUPPLIES,KA-SOUTH,OPEN,3,0.97917,0.06043,0.12384,0.05056,0.91835,1.0396,0.11184,0.029350000000000015,21,-0.2757713497008227,0.5714285714285714,0.380952380952381,8.074935400516795
T01217,WATER_INFRASTRUCTURE,KA-CENTRAL,TWO_STAGE,3,1.03059,0.03737,0.08471,0.03484,0.98066,1.06796,0.08471,0.014060000000000003,7,0.0,0.5714285714285714,0.380952380952381,11.804981702278363
T02057,BUILDING_CONSTRUCTION,KA-NORTH,LIMITED,3,1.02002,0.02829,0.08627,0.03559,0.99172,1.07972,0.08109,0.031305,14,-0.11160715968978649,0.5714285714285714,0.380952380952381,11.59151501101194
T02132,BUILDING_CONSTRUCTION,KA-BENGALURU,OPEN,3,1.026,0.03792,0.11526,0.04873,0.94566,1.06392,0.11302,0.02312,21,-0.0653485856932343,0.5714285714285714,0.380952380952381,8.676036786395974
T00301,ELECTRICAL_EQUIPMENT,KA-CENTRAL,OPEN,3,0.97271,0.00104,0.09701,0.04409,0.97168,1.06604,0.10079,0.02248,42,0.11341526115754152,0.4523809523809524,0.37719747569232936,10.308215647871354
T01136,WATER_INFRASTRUCTURE,KA-CENTRAL,OPEN,4,1.00672,0.03656,0.11653,0.04611,0.96237,1.07969,0.11693,0.029219999999999996,59,0.009233275283731891,0.4915254237288136,0.3755690242594091,8.581481163648846
T00138,IT_SERVICES,KA-NORTH,TWO_STAGE,4,1.03606,0.02102,0.10981,0.03943,0.99659,1.11037,0.11099,0.01569000000000001,9,0.05072651983316649,0.4444444444444444,0.3713782232082082,9.106638739641198
T02281,ELECTRICAL_EQUIPMENT,KA-CENTRAL,OPEN,3,1.0011,0.03756,0.09654,0.04002,0.94203,1.03867,0.10079,0.02248,42,0.12751715870887598,0.42857142857142855,0.3707257248535364,10.358400662937642
T00689,WATER_INFRASTRUCTURE,KA-SOUTH,OPEN,3,0.9696,0.02999,0.11059,0.04584,0.93961,1.04684,0.10991999999999999,0.024564999999999997,36,-0.018396450594313923,0.5555555555555556,0.3703703703703704,9.042408897730356
T00416,WATER_INFRASTRUCTURE,KA-NORTH,OPEN,4,0.99681,0.01926,0.10722,0.04118,0.91803,1.02491,0.10822999999999999,0.01692000000000001,42,0.0402621552642647,0.4523809523809524,0.3694823307339128,9.326618168252192
T02293,ROAD_CONSTRUCTION,KA-CENTRAL,OPEN,3,1.0558,0.04215,0.10227,0.0424,0.98997,1.09795,0.1053,0.03636,59,0.05620756328971636,0.4915254237288136,0.36515532467901995,9.778038525471791
T01559,FURNITURE,KA-NORTH,OPEN,3,0.99166,0.05035,0.1037,0.04237,0.93917,1.04201,0.1018,0.020879999999999996,33,-0.06137607485658671,0.5454545454545454,0.36363636363636365,9.643201542912246
T01531,FURNITURE,KA-CENTRAL,OPEN,3,0.97218,0.00527,0.09869,0.04401,0.96691,1.06286,0.09752,0.03523000000000001,35,-0.022400062122839032,0.5428571428571428,0.3619047619047619,10.13273887931908
T02318,ELECTRICAL_EQUIPMENT,AP-SOUTH,LIMITED,3,1.01326,0.01775,0.10339,0.04623,0.92625,1.03101,0.104085,0.011635,4,0.04028973595498363,0.5,0.36019315730332246,9.672115291614276
T01370,FURNITURE,KA-NORTH,OPEN,3,0.96709,0.04244,0.09921,0.04044,0.92465,1.02059,0.1018,0.020879999999999996,33,0.08366528098871545,0.45454545454545453,0.35880715702278004,10.079629069650236
T01746,FURNITURE,KA-BENGALURU,OPEN,4,1.03505,0.01446,0.10939,0.0428,0.94496,1.05819,0.11214,0.017980000000000003,16,0.10316182361293873,0.375,0.35862136770970404,9.141603437242892
T01636,ELECTRICAL_EQUIPMENT,KA-CENTRAL,OPEN,3,1.03288,0.01076,0.09564,0.04394,0.94485,1.04364,0.10079,0.02248,42,0.15452079231781432,0.38095238095238093,0.35698211551346354,10.455876202425763
T01466,ELECTRICAL_EQUIPMENT,KA-SOUTH,OPEN,3,0.98373,0.02041,0.09207,0.03878,0.96332,1.05389,0.09169,0.025990000000000013,43,-0.00986173484421353,0.5348837209302325,0.35658914728682173,10.86130118388183
T02473,IT_SERVICES,KA-NORTH,OPEN,3,1.04621,0.00186,0.09964,0.0481,0.94382,1.04807,0.09833,0.02729000000000001,51,-0.03237753370884365,0.5294117647058824,0.35294117647058826,10.036130068245685
T02277,CIVIL_MAINTENANCE,KA-CENTRAL,LIMITED,3,1.04753,0.01967,0.08912,0.03903,0.97384,1.0672,0.08912,0.02513,19,0.0,0.5263157894736842,0.3508771929824562,11.220825852782765
T00254,CIVIL_MAINTENANCE,KA-CENTRAL,OPEN,3,1.00312,0.01588,0.09637,0.04313,0.92232,1.019,0.0943,0.022679999999999992,73,-0.06156066455540362,0.5205479452054794,0.34703196347031967,10.376673238559718
T00547,ROAD_CONSTRUCTION,KA-NORTH,LIMITED,3,1.00212,0.00763,0.07487,0.03299,0.99449,1.06951,0.07595,0.039025000000000004,12,0.018666240108513033,0.5,0.3457774934056754,13.356484573260317
T02119,BUILDING_CONSTRUCTION,KA-SOUTH,TWO_STAGE,3,0.97196,0.01703,0.08558,0.0363,0.95493,1.03811,0.086645,0.039285,6,0.018285163773515883,0.5,0.3455234425156773,11.684973124561813
T02012,IT_SERVICES,KA-CENTRAL,LIMITED,3,0.93421,0.00585,0.07043,0.03122,0.92836,0.99415,0.071185,0.02845,6,0.01789949115658432,0.5,0.3452663274377229,14.198494959534289
T02053,IT_SERVICES,KA-SOUTH,OPEN,3,0.96791,0.01123,0.09166,0.0417,0.89042,0.97914,0.09166,0.02535000000000001,37,0.0,0.5135135135135135,0.34234234234234234,10.909884355225834
T01031,BUILDING_CONSTRUCTION,KA-NORTH,OPEN,3,1.02674,0.00906,0.10989,0.05143,0.92298,1.03581,0.10989,0.03468,53,0.0,0.5094339622641509,0.339622641509434,9.1000091000091
T01543,VEHICLE_SUPPLIES,KA-BENGALURU,OPEN,3,0.98508,0.0013,0.07595,0.03465,0.98378,1.0586,0.079095,0.0273,10,0.07770232375655269,0.4,0.31846821583770185,13.166556945358789
