bid_id,tender_id,vendor_id,bid_amount,submitted_at,rank,status
B000001,T00001,V0041,17425025.75,2026-01-13T04:48:43,1,RESPONSIVE
B000002,T00001,V0264,19195690.71,2026-01-31T09:02:53,2,RESPONSIVE
B000003,T00002,V0120,17547991.28,2026-02-14T13:53:17,1,RESPONSIVE
B000004,T00002,V0340,18179232.99,2026-01-22T20:00:30,2,RESPONSIVE
B000005,T00002,V0438,18354843.35,2026-02-22T21:30:09,3,RESPONSIVE
B000006,T00002,V0313,18887065.51,2026-02-18T23:38:21,4,RESPONSIVE
B000007,T00003,V0133,29352943.04,2025-07-05T06:28:55,1,RESPONSIVE
B000008,T00003,V0019,30093666.27,2025-06-29T21:53:09,2,RESPONSIVE
B000009,T00003,V0401,33081674.54,2025-07-06T22:21:01,3,RESPONSIVE
B000010,T00003,V0547,34577062.48,2025-07-12T12:51:42,4,RESPONSIVE
B000011,T00003,V0143,35332505.21,2025-07-13T01:54:28,5,RESPONSIVE
B000012,T00003,V0100,36630695.93,2025-06-23T11:39:08,6,RESPONSIVE
B000013,T00004,V0294,3460443.06,2026-08-06T16:10:52,1,RESPONSIVE
B000014,T00004,V0112,3503396.89,2026-08-04T18:15:53,2,RESPONSIVE
B000015,T00004,V0032,3610893.16,2026-08-11T04:51:09,3,RESPONSIVE
B000016,T00004,V0425,3631362.8,2026-08-19T15:57:34,4,RESPONSIVE
B000017,T00004,V0222,3700687.81,2026-08-19T17:51:41,5,RESPONSIVE
B000018,T00004,V0441,3809386.88,2026-08-10T13:41:52,6,RESPONSIVE
B000019,T00004,V0160,3848920.17,2026-08-02T05:11:01,7,RESPONSIVE
B000020,T00005,V0223,3860142.62,2026-05-05T02:50:22,1,RESPONSIVE
B000021,T00005,V0481,3895497.4,2026-05-14T05:02:41,2,RESPONSIVE
B000022,T00005,V0041,3897051.02,2026-05-04T19:37:27,3,RESPONSIVE
B000023,T00005,V0025,3925950.22,2026-05-06T17:26:40,4,RESPONSIVE
B000024,T00006,V0251,4974124.8,2025-04-14T02:10:17,1,RESPONSIVE
B000025,T00006,V0263,5172695.39,2025-04-08T00:38:05,2,RESPONSIVE
B000026,T00006,V0363,5200362.7,2025-04-28T23:42:26,3,RESPONSIVE
B000027,T00007,V0455,4858483.82,2026-01-15T01:55:56,1,RESPONSIVE
B000028,T00007,V0472,5020083.89,2026-01-08T13:30:29,2,RESPONSIVE
B000029,T00007,V0188,5114697.19,2026-01-10T03:31:35,3,RESPONSIVE
B000030,T00007,V0051,5203829.62,2026-01-02T01:31:12,4,RESPONSIVE
B000031,T00008,V0129,15525210.35,2025-05-12T14:35:37,1,RESPONSIVE
B000032,T00008,V0502,15781167.53,2025-05-17T10:42:46,2,RESPONSIVE
B000033,T00008,V0497,15923464.78,2025-05-28T04:59:44,3,RESPONSIVE
B000034,T00008,V0086,16150133.06,2025-05-11T19:45:57,4,RESPONSIVE
B000035,T00009,V0017,52219389.3,2024-06-13T14:07:04,1,RESPONSIVE
B000036,T00009,V0517,53447452.94,2024-06-20T05:40:44,2,RESPONSIVE
B000037,T00009,V0224,54622260.33,2024-06-05T10:17:57,3,RESPONSIVE
B000038,T00009,V0167,55704145.55,2024-06-10T06:04:12,4,RESPONSIVE
B000039,T00009,V0346,56123925.86,2024-06-20T10:38:56,5,RESPONSIVE
B000040,T00009,V0443,56967500.77,2024-06-19T05:15:02,6,RESPONSIVE
B000041,T00010,V0510,43412206.52,2025-01-20T07:31:06,1,RESPONSIVE
B000042,T00010,V0246,45047421.28,2025-02-05T02:35:42,2,RESPONSIVE
B000043,T00010,V0368,45114525.59,2025-01-12T04:27:00,3,RESPONSIVE
B000044,T00010,V0224,46514282.74,2025-02-03T05:47:16,4,RESPONSIVE
B000045,T00010,V0516,47179165.59,2025-02-05T13:39:56,5,RESPONSIVE
B000046,T00010,V0313,47323552.8,2025-01-21T18:56:04,6,RESPONSIVE
B000047,T00010,V0400,47759443.37,2025-02-06T05:08:50,7,RESPONSIVE
B000048,T00010,V0091,49695661.37,2025-01-07T17:13:26,8,NON_RESPONSIVE
B000049,T00011,V0066,19267195.68,2026-02-24T06:05:35,1,RESPONSIVE
B000050,T00011,V0132,20457656.84,2026-02-26T00:23:38,2,RESPONSIVE
B000051,T00011,V0298,20818134.92,2026-02-28T16:26:37,3,RESPONSIVE
B000052,T00011,V0284,21908695.18,2026-03-04T21:47:41,4,RESPONSIVE
B000053,T00011,V0413,22701390.77,2026-03-03T16:39:21,5,RESPONSIVE
B000054,T00012,V0019,31434483.75,2026-07-25T17:01:13,1,NON_RESPONSIVE
B000055,T00012,V0218,32853235.07,2026-07-19T21:28:49,2,RESPONSIVE
B000056,T00012,V0418,32992065.97,2026-07-20T20:23:13,3,RESPONSIVE
B000057,T00012,V0421,33421235.24,2026-07-20T07:48:13,4,RESPONSIVE
B000058,T00012,V0547,33622934.22,2026-07-24T15:43:44,5,RESPONSIVE
B000059,T00012,V0366,33741287.23,2026-07-23T04:01:40,6,RESPONSIVE
B000060,T00012,V0246,33785849.56,2026-07-23T09:20:53,7,RESPONSIVE
B000061,T00013,V0411,6560640.97,2026-01-08T18:00:17,1,RESPONSIVE
B000062,T00013,V0374,6856444.46,2025-12-21T21:32:53,2,RESPONSIVE
B000063,T00013,V0103,7024957.0,2026-01-01T05:36:35,3,RESPONSIVE
B000064,T00013,V0016,7110797.07,2026-01-03T07:03:34,4,RESPONSIVE
B000065,T00013,V0301,7443129.2,2025-12-24T00:56:38,5,RESPONSIVE
B000066,T00013,V0076,7557648.6,2026-01-12T08:00:55,6,RESPONSIVE
B000067,T00014,V0060,79355403.65,2024-09-29T14:19:14,1,RESPONSIVE
B000068,T00014,V0055,79420866.93,2024-09-29T15:46:43,2,RESPONSIVE
B000069,T00014,V0281,79960468.32,2024-09-22T13:18:18,3,RESPONSIVE
B000070,T00014,V0014,80761970.49,2024-09-30T08:47:11,4,RESPONSIVE
B000071,T00014,V0284,82989982.19,2024-10-06T13:56:08,5,RESPONSIVE
B000072,T00014,V0059,85215214.43,2024-09-27T02:22:34,6,RESPONSIVE
B000073,T00015,V0258,6026433.6,2024-07-07T17:55:18,1,RESPONSIVE
B000074,T00015,V0010,6171134.23,2024-06-25T14:25:33,2,RESPONSIVE
B000075,T00015,V0259,6635812.49,2024-07-07T08:58:00,3,RESPONSIVE
B000076,T00015,V0129,6692839.25,2024-06-30T16:48:25,4,RESPONSIVE
B000077,T00015,V0086,6777991.48,2024-06-27T02:12:02,5,RESPONSIVE
B000078,T00015,V0231,6862850.37,2024-06-26T10:07:34,6,NON_RESPONSIVE
B000079,T00015,V0459,6887165.16,2024-06-20T23:31:54,7,RESPONSIVE
B000080,T00015,V0456,7043100.02,2024-06-25T20:58:23,8,RESPONSIVE
B000081,T00015,V0178,7047833.74,2024-07-02T09:30:35,9,RESPONSIVE
B000082,T00016,V0258,1460738.08,2025-05-02T20:04:50,1,RESPONSIVE
B000083,T00016,V0403,1467292.16,2025-04-27T07:19:03,2,RESPONSIVE
B000084,T00016,V0308,1492650.74,2025-05-02T18:48:35,3,RESPONSIVE
B000085,T00016,V0365,1548154.21,2025-04-25T23:31:12,4,RESPONSIVE
B000086,T00017,V0356,28591217.34,2024-06-30T01:36:57,1,RESPONSIVE
B000087,T00017,V0224,29477035.09,2024-07-16T09:52:57,2,RESPONSIVE
B000088,T00018,V0016,1892939.24,2024-09-08T04:28:24,1,RESPONSIVE
B000089,T00018,V0195,1944196.53,2024-09-13T14:38:11,2,RESPONSIVE
B000090,T00018,V0122,1964298.01,2024-09-21T07:03:23,3,RESPONSIVE
B000091,T00018,V0280,1990101.73,2024-09-16T09:23:10,4,RESPONSIVE
B000092,T00018,V0244,2010309.43,2024-09-06T10:12:21,5,RESPONSIVE
B000093,T00018,V0211,2100362.98,2024-09-05T02:06:29,6,RESPONSIVE
B000094,T00018,V0379,2102066.62,2024-09-21T01:58:18,7,RESPONSIVE
B000095,T00019,V0452,27311927.48,2024-06-20T12:16:38,1,RESPONSIVE
B000096,T00019,V0528,27587787.63,2024-06-10T22:44:39,2,RESPONSIVE
B000097,T00019,V0049,28058781.29,2024-06-16T21:58:03,3,RESPONSIVE
B000098,T00019,V0350,29039134.45,2024-06-14T12:15:30,4,RESPONSIVE
B000099,T00020,V0470,73859850.04,2025-02-20T04:09:38,1,NON_RESPONSIVE
B000100,T00020,V0121,75207480.17,2025-02-02T09:05:58,2,RESPONSIVE
B000101,T00020,V0133,75586079.47,2025-01-24T05:56:15,3,NON_RESPONSIVE
B000102,T00020,V0159,76472810.05,2025-02-26T19:59:03,4,RESPONSIVE
B000103,T00020,V0299,76480219.77,2025-02-08T07:28:39,5,RESPONSIVE
B000104,T00020,V0387,78346418.9,2025-02-17T11:55:47,6,RESPONSIVE
B000105,T00021,V0456,7134565.26,2024-08-21T06:36:56,1,RESPONSIVE
B000106,T00021,V0025,7303011.77,2024-08-30T10:51:46,2,RESPONSIVE
B000107,T00021,V0223,7405571.27,2024-08-28T13:55:27,3,RESPONSIVE
B000108,T00021,V0035,7448120.55,2024-08-24T20:59:17,4,RESPONSIVE
B000109,T00021,V0384,7554182.04,2024-08-28T04:36:56,5,RESPONSIVE
B000110,T00021,V0392,7558198.34,2024-09-01T18:03:13,6,RESPONSIVE
B000111,T00021,V0258,7659058.72,2024-08-29T00:21:45,7,NON_RESPONSIVE
B000112,T00021,V0513,7857063.46,2024-08-30T07:23:31,8,RESPONSIVE
B000113,T00022,V0447,11141252.03,2025-12-11T00:52:59,1,RESPONSIVE
B000114,T00022,V0351,12018918.69,2025-12-11T20:05:21,2,RESPONSIVE
B000115,T00022,V0202,12109626.92,2025-12-14T08:28:03,3,RESPONSIVE
B000116,T00022,V0168,12125111.76,2025-12-08T04:00:14,4,RESPONSIVE
B000117,T00022,V0420,12207838.13,2025-12-08T11:23:00,5,RESPONSIVE
B000118,T00022,V0307,12328883.95,2025-12-14T23:52:25,6,RESPONSIVE
B000119,T00022,V0020,12571632.34,2025-12-09T13:00:07,7,RESPONSIVE
B000120,T00022,V0072,12790731.5,2025-12-09T03:50:14,8,RESPONSIVE
B000121,T00022,V0141,13337391.72,2025-12-10T01:39:28,9,RESPONSIVE
B000122,T00023,V0301,10492385.45,2026-02-14T05:31:48,1,RESPONSIVE
B000123,T00023,V0347,10755482.7,2026-02-11T07:52:06,2,RESPONSIVE
B000124,T00023,V0370,10852454.26,2026-02-18T19:38:41,3,RESPONSIVE
B000125,T00023,V0039,10868246.04,2026-02-16T23:45:05,4,RESPONSIVE
B000126,T00023,V0219,10889502.99,2026-02-16T14:07:55,5,RESPONSIVE
B000127,T00023,V0468,11429456.61,2026-02-16T07:15:11,6,RESPONSIVE
B000128,T00023,V0138,11528335.06,2026-02-23T10:00:57,7,RESPONSIVE
B000129,T00023,V0316,12254175.98,2026-02-22T04:54:17,8,NON_RESPONSIVE
B000130,T00024,V0016,1691633.13,2026-08-12T19:04:30,1,RESPONSIVE
B000131,T00024,V0132,1732731.1,2026-08-17T06:10:24,2,RESPONSIVE
B000132,T00024,V0073,1755707.28,2026-08-15T19:57:02,3,RESPONSIVE
B000133,T00024,V0093,1774231.81,2026-08-13T07:52:05,4,RESPONSIVE
B000134,T00024,V0123,1794340.27,2026-08-23T21:11:30,5,RESPONSIVE
B000135,T00024,V0007,1832721.03,2026-08-22T14:54:22,6,RESPONSIVE
B000136,T00024,V0473,1866814.21,2026-08-13T07:44:10,7,RESPONSIVE
B000137,T00024,V0254,1876959.53,2026-08-12T16:45:36,8,RESPONSIVE
B000138,T00024,V0301,1881613.72,2026-08-17T17:48:26,9,RESPONSIVE
B000139,T00025,V0335,7222463.52,2024-06-25T04:51:35,1,RESPONSIVE
B000140,T00025,V0228,7348013.71,2024-07-13T16:01:42,2,RESPONSIVE
B000141,T00025,V0221,7484477.97,2024-06-24T15:34:04,3,RESPONSIVE
B000142,T00025,V0294,7572154.97,2024-07-14T02:31:05,4,RESPONSIVE
B000143,T00025,V0145,7833154.57,2024-07-01T02:44:08,5,RESPONSIVE
B000144,T00026,V0297,16304480.83,2024-09-24T17:13:06,1,RESPONSIVE
B000145,T00026,V0547,16450276.39,2024-09-25T12:47:16,2,RESPONSIVE
B000146,T00026,V0342,16711342.94,2024-09-17T13:16:47,3,RESPONSIVE
B000147,T00026,V0255,17009116.0,2024-09-21T06:38:49,4,RESPONSIVE
B000148,T00026,V0496,17484760.32,2024-09-21T22:28:21,5,RESPONSIVE
B000149,T00026,V0271,19354575.57,2024-09-27T03:47:12,6,RESPONSIVE
B000150,T00027,V0502,24089638.18,2024-05-25T11:51:15,1,RESPONSIVE
B000151,T00027,V0519,25691349.46,2024-05-25T20:56:05,2,RESPONSIVE
B000152,T00028,V0182,12194226.31,2026-05-26T15:11:14,1,RESPONSIVE
B000153,T00028,V0419,12953427.22,2026-06-11T15:01:56,2,RESPONSIVE
B000154,T00028,V0269,13343830.41,2026-06-10T22:14:09,3,RESPONSIVE
B000155,T00028,V0029,13683161.29,2026-06-14T10:05:29,4,RESPONSIVE
B000156,T00029,V0536,13254798.8,2024-03-27T17:30:01,1,RESPONSIVE
B000157,T00029,V0540,13517371.77,2024-04-01T18:47:42,2,RESPONSIVE
B000158,T00029,V0090,13676495.29,2024-04-05T07:26:46,3,RESPONSIVE
B000159,T00030,V0245,4695020.81,2025-02-07T17:02:15,1,NON_RESPONSIVE
B000160,T00030,V0492,4855630.58,2025-03-05T00:01:17,2,RESPONSIVE
B000161,T00030,V0373,4865175.78,2025-02-16T20:09:58,3,RESPONSIVE
B000162,T00030,V0532,4902979.25,2025-02-12T08:34:21,4,RESPONSIVE
B000163,T00030,V0230,4941457.07,2025-03-02T11:55:29,5,RESPONSIVE
B000164,T00030,V0422,4966972.92,2025-03-08T08:31:27,6,RESPONSIVE
B000165,T00030,V0303,5146115.39,2025-02-09T14:46:25,7,RESPONSIVE
B000166,T00030,V0335,5321644.68,2025-02-08T19:46:01,8,RESPONSIVE
B000167,T00031,V0206,34631940.94,2026-07-29T21:56:00,1,RESPONSIVE
B000168,T00031,V0405,35056943.35,2026-08-02T08:41:18,2,RESPONSIVE
B000169,T00031,V0327,35307006.74,2026-08-07T12:09:16,3,RESPONSIVE
B000170,T00031,V0319,35587593.64,2026-07-25T03:14:40,4,RESPONSIVE
B000171,T00032,V0039,2696380.23,2026-08-29T20:04:00,1,RESPONSIVE
B000172,T00032,V0212,2784468.76,2026-08-20T11:15:46,2,RESPONSIVE
B000173,T00032,V0028,2927198.57,2026-08-23T18:56:04,3,RESPONSIVE
B000174,T00032,V0361,2950993.27,2026-08-29T16:09:10,4,RESPONSIVE
B000175,T00032,V0537,2962200.06,2026-08-20T04:04:15,5,RESPONSIVE
B000176,T00032,V0332,3118634.16,2026-08-19T20:15:18,6,RESPONSIVE
B000177,T00032,V0362,3128899.31,2026-08-25T11:03:44,7,RESPONSIVE
B000178,T00033,V0280,28164121.7,2025-01-29T12:03:42,1,RESPONSIVE
B000179,T00033,V0412,28325441.21,2025-02-09T02:52:25,2,RESPONSIVE
B000180,T00033,V0288,29441133.56,2025-01-27T01:38:23,3,RESPONSIVE
B000181,T00033,V0515,29541449.25,2025-02-02T10:01:05,4,RESPONSIVE
B000182,T00033,V0195,29952683.24,2025-02-16T16:28:58,5,RESPONSIVE
B000183,T00034,V0533,2177733.81,2025-08-07T07:07:30,1,RESPONSIVE
B000184,T00034,V0484,2195851.77,2025-08-02T12:16:05,2,RESPONSIVE
B000185,T00035,V0537,6838692.54,2025-12-27T05:54:15,1,RESPONSIVE
B000186,T00035,V0197,6844737.32,2026-01-01T06:11:28,2,RESPONSIVE
B000187,T00036,V0407,18892829.81,2025-07-16T17:08:05,1,RESPONSIVE
B000188,T00036,V0079,19207410.52,2025-08-04T21:20:56,2,RESPONSIVE
B000189,T00036,V0129,19297496.15,2025-08-05T23:22:19,3,RESPONSIVE
B000190,T00036,V0070,20284009.34,2025-07-28T16:59:10,4,RESPONSIVE
B000191,T00036,V0175,20474572.41,2025-07-11T21:11:04,5,RESPONSIVE
B000192,T00037,V0121,4987441.74,2024-11-09T02:09:55,1,RESPONSIVE
B000193,T00037,V0397,5345744.11,2024-10-28T01:14:11,2,RESPONSIVE
B000194,T00037,V0212,5405026.77,2024-10-30T03:19:37,3,RESPONSIVE
B000195,T00037,V0458,5412697.21,2024-12-07T12:31:30,4,RESPONSIVE
B000196,T00037,V0003,5428371.04,2024-11-23T01:19:04,5,RESPONSIVE
B000197,T00037,V0340,5655495.3,2024-12-05T07:28:01,6,RESPONSIVE
B000198,T00037,V0326,5797931.31,2024-10-27T09:49:52,7,RESPONSIVE
B000199,T00038,V0259,9230623.73,2026-06-05T08:45:01,1,RESPONSIVE
B000200,T00038,V0384,9340283.42,2026-06-01T21:17:34,2,RESPONSIVE
B000201,T00038,V0293,9487565.43,2026-05-27T19:42:47,3,RESPONSIVE
B000202,T00038,V0291,9515874.67,2026-06-05T22:45:17,4,RESPONSIVE
B000203,T00038,V0434,10073147.54,2026-06-06T04:34:02,5,RESPONSIVE
B000204,T00038,V0171,10215929.81,2026-05-25T23:44:55,6,RESPONSIVE
B000205,T00038,V0456,10326730.96,2026-06-12T07:04:46,7,RESPONSIVE
B000206,T00039,V0418,33048380.18,2025-08-01T15:30:50,1,RESPONSIVE
B000207,T00039,V0478,33342895.45,2025-08-06T15:35:35,2,RESPONSIVE
B000208,T00039,V0537,34229955.6,2025-08-03T11:47:12,3,RESPONSIVE
B000209,T00039,V0251,34277476.8,2025-08-06T15:06:59,4,RESPONSIVE
B000210,T00039,V0429,34885299.79,2025-08-12T13:44:41,5,RESPONSIVE
B000211,T00039,V0410,35334123.02,2025-08-02T04:47:35,6,RESPONSIVE
B000212,T00039,V0052,36978570.26,2025-08-06T03:32:54,7,RESPONSIVE
B000213,T00039,V0289,39588438.84,2025-08-13T15:21:13,8,RESPONSIVE
B000214,T00040,V0130,5387899.49,2024-07-07T19:37:47,1,RESPONSIVE
B000215,T00040,V0332,5490448.98,2024-07-07T00:20:20,2,RESPONSIVE
B000216,T00040,V0029,5568578.81,2024-07-16T19:41:15,3,RESPONSIVE
B000217,T00040,V0484,5659470.1,2024-07-03T15:46:46,4,RESPONSIVE
B000218,T00041,V0435,141031538.07,2024-04-22T00:35:48,1,RESPONSIVE
B000219,T00041,V0205,142509820.12,2024-04-22T18:09:38,2,RESPONSIVE
B000220,T00041,V0345,149302486.6,2024-04-22T18:17:43,3,RESPONSIVE
B000221,T00042,V0425,32286172.35,2026-01-29T01:19:37,1,RESPONSIVE
B000222,T00042,V0303,34007663.99,2026-02-10T02:58:53,2,RESPONSIVE
B000223,T00043,V0153,17849775.08,2024-10-02T01:25:03,1,RESPONSIVE
B000224,T00043,V0387,18753184.43,2024-09-09T10:23:54,2,RESPONSIVE
B000225,T00043,V0526,18982192.89,2024-08-27T06:26:16,3,RESPONSIVE
B000226,T00043,V0279,19292459.66,2024-09-22T04:27:57,4,RESPONSIVE
B000227,T00043,V0089,20074515.73,2024-09-12T09:18:38,5,RESPONSIVE
B000228,T00044,V0392,3735271.89,2026-07-15T17:57:30,1,RESPONSIVE
B000229,T00044,V0396,3764343.42,2026-07-20T23:41:13,2,RESPONSIVE
B000230,T00044,V0454,3830721.13,2026-07-12T21:43:19,3,RESPONSIVE
B000231,T00044,V0308,4069449.36,2026-07-20T05:39:07,4,RESPONSIVE
B000232,T00045,V0103,10932004.4,2026-04-17T16:37:34,1,RESPONSIVE
B000233,T00045,V0127,11503601.4,2026-04-04T10:02:59,2,RESPONSIVE
B000234,T00046,V0248,15995124.08,2026-03-05T20:57:37,1,RESPONSIVE
B000235,T00046,V0187,16161525.13,2026-03-10T08:03:05,2,RESPONSIVE
B000236,T00046,V0065,16188649.83,2026-03-11T08:24:07,3,RESPONSIVE
B000237,T00046,V0150,16275548.9,2026-03-08T22:16:19,4,RESPONSIVE
B000238,T00046,V0256,16681181.15,2026-03-17T13:16:34,5,RESPONSIVE
B000239,T00046,V0125,16921980.16,2026-03-18T09:35:49,6,RESPONSIVE
B000240,T00047,V0313,24643378.31,2024-04-07T22:37:51,1,NON_RESPONSIVE
B000241,T00047,V0255,25199147.29,2024-04-04T01:58:40,2,RESPONSIVE
B000242,T00047,V0100,25901493.28,2024-04-06T11:42:16,3,RESPONSIVE
B000243,T00048,V0296,234131504.35,2026-02-21T20:58:02,1,RESPONSIVE
B000244,T00048,V0271,270122722.21,2026-02-11T07:38:02,2,RESPONSIVE
B000245,T00048,V0167,278002546.62,2026-02-04T17:28:53,3,RESPONSIVE
B000246,T00048,V0391,280169114.37,2026-02-17T12:30:42,4,RESPONSIVE
B000247,T00048,V0137,281584162.79,2026-02-14T10:50:33,5,RESPONSIVE
B000248,T00049,V0040,22780338.65,2026-02-04T01:36:13,1,RESPONSIVE
B000249,T00049,V0433,23290419.97,2026-02-03T02:37:36,2,NON_RESPONSIVE
B000250,T00049,V0434,23393177.81,2026-02-04T15:18:09,3,RESPONSIVE
B000251,T00049,V0384,23456327.31,2026-01-28T14:54:06,4,RESPONSIVE
B000252,T00049,V0298,23784046.58,2026-01-18T10:26:19,5,RESPONSIVE
B000253,T00049,V0199,25060649.61,2026-02-01T18:29:05,6,NON_RESPONSIVE
B000254,T00049,V0178,25096866.96,2026-02-04T09:09:58,7,RESPONSIVE
B000255,T00050,V0230,1706094.64,2024-05-11T20:00:47,1,RESPONSIVE
B000256,T00050,V0397,1809956.91,2024-05-12T16:36:05,2,RESPONSIVE
B000257,T00050,V0003,1917861.27,2024-05-20T09:54:43,3,RESPONSIVE
B000258,T00050,V0303,2002896.28,2024-05-14T22:07:33,4,RESPONSIVE
B000259,T00050,V0530,2030945.54,2024-05-13T15:05:38,5,RESPONSIVE
B000260,T00051,V0294,3577141.78,2026-05-14T04:49:27,1,RESPONSIVE
B000261,T00051,V0453,3615424.74,2026-04-24T20:32:26,2,RESPONSIVE
B000262,T00051,V0256,3679740.59,2026-04-25T05:36:59,3,RESPONSIVE
B000263,T00051,V0436,3715252.59,2026-04-25T17:46:06,4,RESPONSIVE
B000264,T00051,V0161,3817972.88,2026-05-02T20:26:28,5,RESPONSIVE
B000265,T00052,V0429,4643142.33,2026-06-19T12:10:42,1,NON_RESPONSIVE
B000266,T00052,V0251,4805585.09,2026-06-22T23:39:35,2,RESPONSIVE
B000267,T00052,V0385,4834390.66,2026-06-20T15:59:42,3,RESPONSIVE
B000268,T00052,V0153,4851602.01,2026-06-21T17:00:25,4,RESPONSIVE
B000269,T00052,V0400,4883225.61,2026-07-04T10:38:27,5,RESPONSIVE
B000270,T00052,V0091,4947993.4,2026-06-16T05:22:47,6,NON_RESPONSIVE
B000271,T00052,V0187,5027661.68,2026-06-20T21:26:43,7,RESPONSIVE
B000272,T00052,V0356,5192241.4,2026-06-27T02:22:29,8,RESPONSIVE
B000273,T00053,V0065,8771492.12,2026-03-15T19:33:58,1,RESPONSIVE
B000274,T00053,V0019,8994507.71,2026-03-13T02:26:41,2,RESPONSIVE
B000275,T00053,V0394,9063285.13,2026-03-23T04:56:09,3,RESPONSIVE
B000276,T00053,V0397,9562672.95,2026-03-13T18:08:51,4,RESPONSIVE
B000277,T00053,V0126,9650730.02,2026-03-28T00:00:30,5,RESPONSIVE
B000278,T00053,V0003,9931788.36,2026-03-28T01:19:26,6,RESPONSIVE
B000279,T00054,V0408,13992159.42,2024-09-01T17:51:32,1,RESPONSIVE
B000280,T00054,V0136,14340248.76,2024-08-30T03:56:24,2,RESPONSIVE
B000281,T00054,V0083,15002564.99,2024-09-13T22:28:09,3,RESPONSIVE
B000282,T00054,V0395,15076324.26,2024-09-02T10:44:36,4,RESPONSIVE
B000283,T00054,V0378,15187664.19,2024-09-10T18:56:44,5,RESPONSIVE
B000284,T00054,V0341,15206394.5,2024-09-02T10:36:31,6,RESPONSIVE
B000285,T00054,V0090,15234275.76,2024-08-22T13:31:01,7,RESPONSIVE
B000286,T00054,V0406,15427932.63,2024-08-26T14:50:07,8,RESPONSIVE
B000287,T00054,V0354,15895587.93,2024-09-12T16:01:34,9,RESPONSIVE
B000288,T00055,V0016,1677365.32,2026-05-02T22:54:25,1,RESPONSIVE
B000289,T00055,V0388,1768134.71,2026-04-28T23:13:45,2,RESPONSIVE
B000290,T00055,V0473,1914584.73,2026-04-24T09:33:23,3,RESPONSIVE
B000291,T00055,V0280,1938878.65,2026-04-21T17:16:31,4,RESPONSIVE
B000292,T00055,V0244,2000324.26,2026-04-27T00:18:40,5,RESPONSIVE
B000293,T00056,V0228,9282856.79,2024-12-28T02:19:31,1,RESPONSIVE
B000294,T00056,V0180,9365660.19,2025-01-15T23:57:01,2,RESPONSIVE
B000295,T00056,V0275,9611896.03,2025-01-10T05:50:36,3,NON_RESPONSIVE
B000296,T00056,V0458,9910915.89,2024-12-31T02:32:06,4,RESPONSIVE
B000297,T00056,V0115,9918581.1,2025-01-11T15:35:13,5,RESPONSIVE
B000298,T00057,V0274,1802988.4,2025-11-02T21:15:13,1,RESPONSIVE
B000299,T00057,V0203,1864041.86,2025-11-07T21:00:19,2,RESPONSIVE
B000300,T00057,V0254,1907539.46,2025-11-16T20:38:30,3,RESPONSIVE
B000301,T00057,V0370,1946180.92,2025-10-28T20:09:37,4,RESPONSIVE
B000302,T00057,V0132,1977824.73,2025-10-22T02:59:53,5,RESPONSIVE
B000303,T00057,V0276,2005475.21,2025-11-08T08:21:12,6,RESPONSIVE
B000304,T00057,V0073,2020453.37,2025-11-13T19:03:50,7,RESPONSIVE
B000305,T00057,V0327,2066510.71,2025-10-18T09:08:52,8,RESPONSIVE
B000306,T00058,V0291,18642485.9,2026-08-14T11:11:22,1,RESPONSIVE
B000307,T00058,V0315,18908133.56,2026-08-28T19:27:14,2,RESPONSIVE
B000308,T00059,V0419,5630354.53,2025-02-16T13:27:27,1,RESPONSIVE
B000309,T00059,V0533,5714455.93,2025-02-20T19:56:48,2,RESPONSIVE
B000310,T00059,V0509,5786337.02,2025-02-16T14:56:14,3,RESPONSIVE
B000311,T00059,V0321,6040389.53,2025-02-22T02:04:55,4,RESPONSIVE
B000312,T00059,V0150,6068638.54,2025-02-22T22:43:03,5,RESPONSIVE
B000313,T00059,V0332,6167040.73,2025-02-19T23:43:50,6,RESPONSIVE
B000314,T00059,V0537,6413077.58,2025-02-15T09:10:49,7,NON_RESPONSIVE
B000315,T00059,V0039,6461988.93,2025-02-13T09:06:47,8,RESPONSIVE
B000316,T00060,V0525,40257770.99,2024-03-06T12:19:29,1,RESPONSIVE
B000317,T00060,V0391,42461281.93,2024-03-01T20:00:57,2,RESPONSIVE
B000318,T00060,V0130,43276282.6,2024-03-05T01:36:31,3,RESPONSIVE
B000319,T00061,V0400,9924138.18,2025-08-17T00:52:31,1,RESPONSIVE
B000320,T00061,V0437,10408530.4,2025-08-26T14:05:04,2,RESPONSIVE
B000321,T00061,V0114,10834768.53,2025-08-16T05:05:02,3,RESPONSIVE
B000322,T00061,V0133,10903949.23,2025-09-03T20:45:15,4,RESPONSIVE
B000323,T00062,V0138,51644704.88,2024-09-20T00:38:33,1,RESPONSIVE
B000324,T00062,V0468,55422266.64,2024-09-05T23:09:19,2,RESPONSIVE
B000325,T00062,V0364,56666522.3,2024-09-12T08:36:23,3,RESPONSIVE
B000326,T00062,V0127,56699123.37,2024-09-04T15:32:32,4,RESPONSIVE
B000327,T00062,V0284,56773939.35,2024-09-12T23:16:46,5,RESPONSIVE
B000328,T00062,V0066,57296428.68,2024-09-06T18:53:53,6,RESPONSIVE
B000329,T00062,V0288,59743348.18,2024-09-03T12:50:59,7,RESPONSIVE
B000330,T00062,V0132,60695969.11,2024-09-15T04:52:17,8,RESPONSIVE
B000331,T00062,V0298,62026883.35,2024-09-05T08:47:16,9,RESPONSIVE
B000332,T00063,V0275,2167898.46,2024-10-22T17:44:52,1,RESPONSIVE
B000333,T00063,V0512,2297843.13,2024-10-15T03:14:09,2,RESPONSIVE
B000334,T00063,V0080,2366762.24,2024-10-22T19:23:03,3,RESPONSIVE
B000335,T00064,V0044,37176504.16,2025-05-17T08:33:52,1,RESPONSIVE
B000336,T00064,V0426,39068406.51,2025-05-11T09:12:35,2,RESPONSIVE
B000337,T00064,V0019,39889545.13,2025-05-22T12:05:06,3,RESPONSIVE
B000338,T00064,V0182,40041502.93,2025-05-11T02:34:38,4,RESPONSIVE
B000339,T00064,V0289,40736055.59,2025-05-20T08:56:57,5,RESPONSIVE
B000340,T00064,V0483,40786377.1,2025-05-18T05:27:07,6,RESPONSIVE
B000341,T00064,V0313,41258320.52,2025-05-13T04:42:40,7,RESPONSIVE
B000342,T00064,V0218,43438184.66,2025-05-24T23:10:30,8,RESPONSIVE
B000343,T00065,V0061,2725001.99,2024-05-01T00:42:50,1,RESPONSIVE
B000344,T00065,V0439,2807723.69,2024-04-08T05:35:47,2,RESPONSIVE
B000345,T00065,V0463,2841901.36,2024-04-26T02:30:53,3,RESPONSIVE
B000346,T00065,V0535,2848123.59,2024-04-19T17:46:15,4,RESPONSIVE
B000347,T00065,V0104,2926006.23,2024-04-14T07:03:48,5,RESPONSIVE
B000348,T00066,V0005,4154508.06,2025-04-23T18:06:06,1,RESPONSIVE
B000349,T00066,V0424,4159344.85,2025-04-21T01:44:54,2,RESPONSIVE
B000350,T00066,V0349,4200954.48,2025-04-12T10:21:23,3,RESPONSIVE
B000351,T00066,V0464,4283291.9,2025-04-07T20:51:13,4,RESPONSIVE
B000352,T00066,V0179,4312369.62,2025-04-05T20:34:48,5,RESPONSIVE
B000353,T00066,V0332,4578624.08,2025-04-08T01:04:44,6,RESPONSIVE
B000354,T00066,V0019,4604526.75,2025-04-07T03:20:43,7,RESPONSIVE
B000355,T00067,V0221,18171900.61,2026-08-22T12:57:37,1,RESPONSIVE
B000356,T00067,V0222,18329527.07,2026-08-20T05:40:10,2,RESPONSIVE
B000357,T00068,V0174,85881773.88,2024-02-14T15:48:09,1,RESPONSIVE
B000358,T00068,V0338,92411485.63,2024-02-26T10:55:59,2,RESPONSIVE
B000359,T00068,V0071,93261842.16,2024-02-12T01:39:41,3,RESPONSIVE
B000360,T00068,V0023,93406206.46,2024-02-08T21:13:04,4,RESPONSIVE
B000361,T00068,V0241,93407249.54,2024-02-05T02:09:08,5,RESPONSIVE
B000362,T00068,V0256,93625232.39,2024-02-26T19:56:15,6,RESPONSIVE
B000363,T00069,V0509,4787916.63,2025-09-06T15:13:55,1,RESPONSIVE
B000364,T00069,V0251,4910441.67,2025-08-26T14:38:43,2,RESPONSIVE
B000365,T00069,V0182,4930918.26,2025-08-21T10:02:07,3,RESPONSIVE
B000366,T00069,V0397,4991407.1,2025-09-05T21:13:57,4,RESPONSIVE
B000367,T00069,V0332,5117465.31,2025-09-05T03:32:42,5,RESPONSIVE
B000368,T00069,V0188,5342207.68,2025-08-25T15:25:38,6,RESPONSIVE
B000369,T00070,V0011,3574864.59,2025-01-17T02:20:58,1,RESPONSIVE
B000370,T00070,V0208,3962641.14,2025-01-15T06:07:32,2,RESPONSIVE
B000371,T00070,V0336,4166982.13,2025-01-15T11:28:02,3,RESPONSIVE
B000372,T00071,V0332,31255294.77,2024-07-05T00:59:02,1,RESPONSIVE
B000373,T00071,V0114,32401657.0,2024-07-21T04:52:04,2,RESPONSIVE
B000374,T00071,V0437,32915083.91,2024-07-13T16:08:57,3,RESPONSIVE
B000375,T00071,V0304,34056196.49,2024-07-11T23:54:40,4,RESPONSIVE
B000376,T00071,V0531,34089795.96,2024-07-06T21:01:10,5,RESPONSIVE
B000377,T00071,V0247,35447494.93,2024-07-13T08:35:13,6,RESPONSIVE
B000378,T00072,V0247,6718883.74,2025-12-30T00:42:42,1,RESPONSIVE
B000379,T00072,V0340,7107620.59,2025-12-25T02:21:57,2,RESPONSIVE
B000380,T00073,V0045,60517533.07,2025-10-18T07:02:46,1,RESPONSIVE
B000381,T00073,V0279,61244591.33,2025-10-11T03:40:00,2,RESPONSIVE
B000382,T00073,V0153,65671169.11,2025-10-09T09:09:18,3,RESPONSIVE
B000383,T00073,V0345,69022376.35,2025-10-02T05:33:25,4,RESPONSIVE
B000384,T00074,V0027,26613404.95,2026-08-29T10:22:11,1,RESPONSIVE
B000385,T00074,V0076,27241674.1,2026-08-27T15:43:45,2,RESPONSIVE
B000386,T00075,V0422,14162691.04,2025-01-13T07:52:36,1,RESPONSIVE
B000387,T00075,V0349,14881089.06,2024-12-24T10:57:37,2,RESPONSIVE
B000388,T00075,V0158,15117319.38,2024-12-23T22:34:36,3,NON_RESPONSIVE
B000389,T00075,V0150,15409960.06,2024-12-31T15:03:13,4,RESPONSIVE
B000390,T00075,V0269,15519752.06,2024-12-22T08:14:32,5,RESPONSIVE
B000391,T00075,V0230,15953735.16,2024-12-21T15:59:30,6,RESPONSIVE
B000392,T00076,V0434,25042806.49,2024-05-15T04:30:16,1,RESPONSIVE
B000393,T00076,V0308,25677495.69,2024-05-19T01:37:17,2,RESPONSIVE
B000394,T00076,V0178,26114105.75,2024-05-11T17:08:49,3,RESPONSIVE
B000395,T00076,V0258,26285457.89,2024-05-17T21:14:21,4,RESPONSIVE
B000396,T00076,V0034,27273036.79,2024-05-17T08:26:33,5,NON_RESPONSIVE
B000397,T00077,V0184,26633474.28,2025-06-07T10:08:28,1,RESPONSIVE
B000398,T00077,V0454,27103660.31,2025-06-03T06:01:48,2,RESPONSIVE
B000399,T00077,V0295,28072125.16,2025-06-07T17:44:21,3,RESPONSIVE
B000400,T00077,V0534,28855949.51,2025-06-08T23:23:08,4,RESPONSIVE
B000401,T00077,V0258,28966531.83,2025-06-08T02:31:56,5,RESPONSIVE
B000402,T00077,V0113,29010163.07,2025-06-05T09:45:48,6,RESPONSIVE
B000403,T00077,V0494,30459963.44,2025-06-05T14:38:04,7,NON_RESPONSIVE
B000404,T00077,V0175,31029938.67,2025-06-06T09:08:21,8,RESPONSIVE
B000405,T00078,V0027,6801828.46,2025-07-31T02:20:37,1,RESPONSIVE
B000406,T00078,V0034,6802575.27,2025-08-20T13:54:39,2,RESPONSIVE
B000407,T00078,V0509,7050386.91,2025-07-26T05:12:57,3,RESPONSIVE
B000408,T00078,V0056,7103145.56,2025-08-19T18:43:44,4,RESPONSIVE
B000409,T00078,V0208,7224476.64,2025-08-08T04:56:39,5,RESPONSIVE
B000410,T00078,V0256,7436866.01,2025-08-02T05:53:09,6,RESPONSIVE
B000411,T00079,V0529,7239483.28,2025-05-15T02:04:28,1,NON_RESPONSIVE
B000412,T00079,V0286,7377915.89,2025-04-28T20:33:46,2,RESPONSIVE
B000413,T00079,V0022,7391878.9,2025-04-26T18:53:19,3,RESPONSIVE
B000414,T00079,V0505,7721701.48,2025-04-26T15:32:17,4,NON_RESPONSIVE
B000415,T00080,V0251,8470847.92,2026-01-28T09:52:17,1,RESPONSIVE
B000416,T00080,V0387,9145387.17,2026-01-19T16:11:45,2,RESPONSIVE
B000417,T00080,V0133,9340408.57,2026-01-18T08:22:26,3,RESPONSIVE
B000418,T00080,V0185,9434945.7,2026-01-20T02:47:57,4,RESPONSIVE
B000419,T00080,V0478,9436868.55,2026-01-27T11:36:43,5,RESPONSIVE
B000420,T00080,V0153,9462891.6,2026-01-10T22:11:40,6,RESPONSIVE
B000421,T00080,V0359,9515649.65,2026-01-09T17:01:27,7,RESPONSIVE
B000422,T00080,V0368,9528580.25,2026-01-20T04:23:13,8,RESPONSIVE
B000423,T00080,V0356,9587885.19,2026-02-01T17:38:08,9,RESPONSIVE
B000424,T00081,V0427,42581672.06,2026-08-09T21:52:17,1,RESPONSIVE
B000425,T00081,V0118,44794735.07,2026-07-31T06:47:50,2,RESPONSIVE
B000426,T00081,V0381,45022091.16,2026-08-21T23:31:24,3,RESPONSIVE
B000427,T00081,V0437,45033213.6,2026-08-09T14:57:40,4,RESPONSIVE
B000428,T00081,V0081,47497173.47,2026-08-08T07:00:48,5,RESPONSIVE
B000429,T00081,V0120,48303593.92,2026-07-30T02:01:51,6,RESPONSIVE
B000430,T00082,V0133,22437354.23,2025-07-24T18:15:10,1,RESPONSIVE
B000431,T00082,V0182,22979402.95,2025-07-13T23:51:09,2,RESPONSIVE
B000432,T00082,V0483,23668526.06,2025-07-13T21:22:07,3,RESPONSIVE
B000433,T00082,V0438,23679208.85,2025-07-03T18:15:26,4,RESPONSIVE
B000434,T00082,V0220,23923017.29,2025-07-10T14:17:00,5,RESPONSIVE
B000435,T00082,V0332,23925303.25,2025-07-06T07:43:19,6,RESPONSIVE
B000436,T00082,V0052,24553425.36,2025-07-21T05:23:36,7,RESPONSIVE
B000437,T00082,V0187,25353970.05,2025-07-24T07:10:47,8,RESPONSIVE
B000438,T00082,V0478,25413471.7,2025-07-14T07:41:40,9,RESPONSIVE
B000439,T00083,V0120,25854701.56,2025-01-28T21:49:32,1,RESPONSIVE
B000440,T00083,V0167,27258283.46,2025-02-25T12:31:46,2,RESPONSIVE
B000441,T00083,V0021,27339346.82,2025-02-25T04:23:47,3,RESPONSIVE
B000442,T00083,V0430,27740455.99,2025-01-27T11:21:39,4,RESPONSIVE
B000443,T00083,V0517,28220103.98,2025-02-21T02:55:23,5,RESPONSIVE
B000444,T00084,V0136,4557530.55,2025-07-30T15:32:32,1,RESPONSIVE
B000445,T00084,V0448,4567673.3,2025-08-05T20:49:27,2,RESPONSIVE
B000446,T00084,V0354,4576104.0,2025-08-06T09:17:37,3,RESPONSIVE
B000447,T00084,V0528,4583486.81,2025-08-06T03:26:07,4,RESPONSIVE
B000448,T00084,V0033,4596049.87,2025-08-10T02:52:06,5,RESPONSIVE
B000449,T00084,V0164,4697005.83,2025-08-10T02:15:39,6,RESPONSIVE
B000450,T00084,V0286,4851509.26,2025-07-26T16:48:49,7,RESPONSIVE
B000451,T00084,V0058,4922106.84,2025-08-01T07:24:24,8,RESPONSIVE
B000452,T00084,V0200,4940079.56,2025-07-30T08:32:26,9,RESPONSIVE
B000453,T00085,V0304,32465112.92,2025-12-21T15:33:47,1,RESPONSIVE
B000454,T00085,V0091,32812414.61,2025-12-19T15:03:21,2,RESPONSIVE
B000455,T00086,V0013,7922163.94,2024-07-07T05:26:19,1,RESPONSIVE
B000456,T00086,V0249,7944231.31,2024-06-16T16:05:45,2,RESPONSIVE
B000457,T00086,V0059,8494189.11,2024-06-10T05:26:53,3,RESPONSIVE
B000458,T00086,V0034,8575932.21,2024-06-30T04:06:21,4,RESPONSIVE
B000459,T00087,V0239,9987748.45,2025-10-31T21:45:53,1,RESPONSIVE
B000460,T00087,V0453,11052179.77,2025-11-05T06:40:48,2,RESPONSIVE
B000461,T00087,V0253,11184390.82,2025-10-31T12:21:26,3,RESPONSIVE
B000462,T00088,V0072,5771052.1,2024-10-07T23:57:42,1,RESPONSIVE
B000463,T00088,V0406,5811672.33,2024-10-14T07:55:15,2,RESPONSIVE
B000464,T00088,V0286,5871007.45,2024-10-14T17:36:12,3,RESPONSIVE
B000465,T00089,V0100,2015691.21,2025-11-05T05:33:20,1,RESPONSIVE
B000466,T00089,V0067,2055626.11,2025-11-12T19:53:56,2,RESPONSIVE
B000467,T00089,V0487,2087144.38,2025-11-12T15:22:03,3,NON_RESPONSIVE
B000468,T00089,V0356,2119229.37,2025-11-07T17:29:13,4,RESPONSIVE
B000469,T00089,V0510,2237705.19,2025-11-02T12:51:10,5,RESPONSIVE
B000470,T00089,V0478,2243283.63,2025-11-13T16:02:43,6,RESPONSIVE
B000471,T00089,V0121,2297671.15,2025-11-08T15:08:40,7,RESPONSIVE
B000472,T00090,V0359,31829220.83,2024-11-08T01:36:01,1,RESPONSIVE
B000473,T00090,V0511,34807570.04,2024-10-27T12:13:03,2,RESPONSIVE
B000474,T00090,V0300,35307152.69,2024-11-09T09:08:37,3,RESPONSIVE
B000475,T00091,V0169,1653706.86,2025-02-28T03:29:57,1,RESPONSIVE
B000476,T00091,V0484,1690955.14,2025-02-22T11:09:39,2,RESPONSIVE
B000477,T00091,V0249,1798577.52,2025-03-04T22:09:08,3,RESPONSIVE
B000478,T00091,V0115,1807910.49,2025-02-17T16:24:46,4,RESPONSIVE
B000479,T00091,V0373,1970952.68,2025-02-28T18:39:37,5,RESPONSIVE
B000480,T00092,V0435,49621939.09,2025-11-04T15:27:18,1,RESPONSIVE
B000481,T00092,V0325,54122806.6,2025-11-02T09:45:27,2,RESPONSIVE
B000482,T00092,V0118,54157050.72,2025-11-01T04:51:18,3,RESPONSIVE
B000483,T00092,V0415,54178944.15,2025-11-12T16:54:31,4,RESPONSIVE
B000484,T00092,V0531,55045617.69,2025-10-29T04:12:45,5,RESPONSIVE
B000485,T00092,V0484,55250090.08,2025-11-04T01:24:39,6,RESPONSIVE
B000486,T00092,V0376,56424512.97,2025-11-02T06:35:55,7,RESPONSIVE
B000487,T00092,V0130,57509477.9,2025-10-29T17:23:49,8,RESPONSIVE
B000488,T00092,V0081,58045499.66,2025-10-28T08:01:46,9,RESPONSIVE
B000489,T00093,V0419,2799816.96,2026-07-22T23:32:31,1,RESPONSIVE
B000490,T00093,V0488,2820913.79,2026-07-28T15:15:12,2,RESPONSIVE
B000491,T00093,V0253,2840466.2,2026-08-09T21:22:10,3,RESPONSIVE
B000492,T00093,V0263,2888345.29,2026-07-23T06:55:41,4,RESPONSIVE
B000493,T00093,V0189,2897125.6,2026-08-09T19:03:30,5,RESPONSIVE
B000494,T00093,V0441,2919071.61,2026-08-04T09:20:43,6,RESPONSIVE
B000495,T00093,V0222,2924321.11,2026-08-10T23:45:28,7,RESPONSIVE
B000496,T00094,V0184,30400679.54,2026-06-03T13:07:42,1,RESPONSIVE
B000497,T00094,V0040,31561324.53,2026-05-30T20:27:51,2,RESPONSIVE
B000498,T00095,V0167,114477172.51,2024-06-13T00:08:34,1,RESPONSIVE
B000499,T00095,V0531,118256817.33,2024-06-14T23:12:29,2,RESPONSIVE
B000500,T00095,V0476,118397079.26,2024-06-11T22:56:41,3,RESPONSIVE
B000501,T00095,V0526,121957572.56,2024-06-16T02:50:59,4,RESPONSIVE
B000502,T00095,V0345,122832172.33,2024-06-17T20:58:25,5,RESPONSIVE
B000503,T00095,V0153,127036467.79,2024-06-02T09:18:57,6,RESPONSIVE
B000504,T00095,V0435,133317128.5,2024-06-16T01:02:49,7,RESPONSIVE
B000505,T00096,V0439,4518042.25,2024-06-19T11:01:30,1,RESPONSIVE
B000506,T00096,V0229,4547916.82,2024-06-18T14:55:56,2,RESPONSIVE
B000507,T00096,V0536,4617263.85,2024-06-14T08:21:47,3,RESPONSIVE
B000508,T00096,V0491,4645662.91,2024-06-01T03:05:56,4,RESPONSIVE
B000509,T00097,V0386,833708.59,2025-11-27T16:20:46,1,RESPONSIVE
B000510,T00097,V0225,840885.92,2025-12-01T21:10:24,2,NON_RESPONSIVE
B000511,T00097,V0510,875337.66,2025-12-09T17:54:49,3,RESPONSIVE
B000512,T00097,V0100,904892.18,2025-11-22T19:15:04,4,RESPONSIVE
B000513,T00097,V0194,931997.52,2025-11-27T18:44:37,5,RESPONSIVE
B000514,T00097,V0094,970001.15,2025-11-23T21:33:58,6,RESPONSIVE
B000515,T00098,V0162,1144074.96,2024-01-13T21:35:44,1,RESPONSIVE
B000516,T00098,V0361,1176255.76,2024-01-16T06:30:37,2,RESPONSIVE
B000517,T00099,V0054,3050455.98,2024-08-26T20:48:31,1,RESPONSIVE
B000518,T00099,V0182,3151607.22,2024-09-01T18:06:22,2,RESPONSIVE
B000519,T00099,V0255,3226611.22,2024-08-30T21:55:14,3,RESPONSIVE
B000520,T00100,V0086,77007806.68,2025-01-29T19:27:47,1,RESPONSIVE
B000521,T00100,V0384,81636394.44,2025-02-01T14:31:49,2,RESPONSIVE
B000522,T00101,V0509,14956351.63,2024-07-08T19:21:07,1,RESPONSIVE
B000523,T00101,V0419,15592552.94,2024-07-08T23:59:15,2,RESPONSIVE
B000524,T00101,V0187,15914310.08,2024-07-09T04:38:42,3,RESPONSIVE
B000525,T00101,V0158,16323329.3,2024-07-06T07:21:09,4,RESPONSIVE
B000526,T00101,V0282,16832883.3,2024-07-17T00:57:19,5,RESPONSIVE
B000527,T00102,V0191,63309722.28,2026-03-23T07:46:42,1,RESPONSIVE
B000528,T00102,V0311,66539136.17,2026-03-17T17:04:07,2,RESPONSIVE
B000529,T00102,V0487,69686507.56,2026-03-30T22:58:48,3,RESPONSIVE
B000530,T00102,V0224,69840258.05,2026-03-16T12:02:00,4,RESPONSIVE
B000531,T00102,V0372,70908672.13,2026-03-26T06:24:33,5,RESPONSIVE
B000532,T00102,V0157,71237573.7,2026-03-29T22:23:27,6,RESPONSIVE
B000533,T00102,V0120,71386324.39,2026-03-06T05:45:57,7,RESPONSIVE
B000534,T00102,V0478,72923143.88,2026-03-29T14:46:05,8,RESPONSIVE
B000535,T00102,V0517,75306535.54,2026-03-11T23:50:02,9,RESPONSIVE
B000536,T00103,V0224,38789064.7,2026-04-22T01:10:13,1,RESPONSIVE
B000537,T00103,V0125,42852755.52,2026-04-30T22:00:28,2,RESPONSIVE
B000538,T00103,V0366,42852992.73,2026-05-02T20:34:02,3,RESPONSIVE
B000539,T00103,V0052,42920481.77,2026-04-23T16:54:08,4,RESPONSIVE
B000540,T00104,V0179,12138795.8,2025-12-24T16:19:05,1,RESPONSIVE
B000541,T00104,V0433,12429172.01,2025-12-12T20:48:29,2,RESPONSIVE
B000542,T00104,V0162,12798926.84,2025-12-15T18:30:07,3,RESPONSIVE
B000543,T00104,V0485,12865284.68,2025-12-18T10:55:41,4,RESPONSIVE
B000544,T00104,V0080,13006303.96,2025-12-25T13:46:35,5,RESPONSIVE
B000545,T00104,V0507,13085706.7,2025-12-15T06:58:53,6,RESPONSIVE
B000546,T00104,V0079,13172320.06,2025-12-11T09:10:57,7,RESPONSIVE
B000547,T00104,V0396,13295293.16,2025-12-11T08:10:24,8,RESPONSIVE
B000548,T00104,V0417,13736625.06,2025-12-18T20:30:20,9,RESPONSIVE
B000549,T00105,V0390,5488871.57,2026-06-29T07:58:28,1,RESPONSIVE
B000550,T00105,V0402,5778258.99,2026-06-24T15:54:03,2,RESPONSIVE
B000551,T00105,V0115,5839604.55,2026-07-03T16:30:59,3,RESPONSIVE
B000552,T00105,V0228,5890326.43,2026-06-25T15:31:39,4,RESPONSIVE
B000553,T00105,V0169,6136427.99,2026-07-04T06:35:12,5,RESPONSIVE
B000554,T00106,V0389,44367258.57,2024-10-02T01:34:51,1,RESPONSIVE
B000555,T00106,V0114,45945382.5,2024-10-05T19:57:16,2,RESPONSIVE
B000556,T00106,V0366,46087558.41,2024-10-08T01:49:23,3,RESPONSIVE
B000557,T00106,V0415,46481584.11,2024-10-04T19:32:49,4,RESPONSIVE
B000558,T00106,V0279,46756492.29,2024-10-04T17:11:11,5,RESPONSIVE
B000559,T00106,V0525,46885992.06,2024-10-10T19:58:09,6,RESPONSIVE
B000560,T00106,V0393,48081980.43,2024-10-17T21:03:26,7,RESPONSIVE
B000561,T00106,V0191,48776000.3,2024-10-17T22:21:19,8,RESPONSIVE
B000562,T00106,V0120,52037860.37,2024-10-10T21:08:58,9,RESPONSIVE
B000563,T00107,V0172,12279337.83,2026-05-03T02:20:05,1,RESPONSIVE
B000564,T00107,V0400,12869088.34,2026-04-28T18:18:46,2,RESPONSIVE
B000565,T00107,V0544,13119960.8,2026-04-29T16:27:30,3,RESPONSIVE
B000566,T00107,V0019,13336792.66,2026-05-02T01:36:13,4,RESPONSIVE
B000567,T00107,V0368,13426943.88,2026-05-08T22:59:10,5,RESPONSIVE
B000568,T00107,V0429,13919508.04,2026-05-02T08:49:21,6,RESPONSIVE
B000569,T00107,V0366,14395897.94,2026-05-05T21:34:52,7,RESPONSIVE
B000570,T00108,V0404,16018265.46,2026-06-14T08:14:50,1,RESPONSIVE
B000571,T00108,V0239,16869688.98,2026-06-18T22:25:44,2,RESPONSIVE
B000572,T00108,V0472,17015226.84,2026-06-11T03:29:11,3,RESPONSIVE
B000573,T00108,V0180,17428672.33,2026-06-16T02:16:48,4,RESPONSIVE
B000574,T00108,V0003,17835219.86,2026-06-12T02:00:18,5,RESPONSIVE
B000575,T00109,V0214,23210824.35,2025-06-13T03:08:52,1,RESPONSIVE
B000576,T00109,V0396,23405916.08,2025-06-11T04:46:01,2,RESPONSIVE
B000577,T00109,V0482,24359206.28,2025-06-10T15:11:24,3,RESPONSIVE
B000578,T00110,V0031,11215395.46,2026-08-25T03:44:39,1,RESPONSIVE
B000579,T00110,V0514,11709250.94,2026-08-30T05:51:12,2,RESPONSIVE
B000580,T00110,V0008,12039643.3,2026-08-22T22:06:21,3,RESPONSIVE
B000581,T00110,V0549,12111968.64,2026-08-28T00:19:42,4,RESPONSIVE
B000582,T00110,V0365,12338631.16,2026-08-23T11:08:07,5,RESPONSIVE
B000583,T00111,V0026,5715380.19,2026-04-28T08:08:11,1,RESPONSIVE
B000584,T00111,V0144,5984265.75,2026-04-30T10:27:24,2,RESPONSIVE
B000585,T00111,V0050,6053591.54,2026-04-19T01:31:01,3,RESPONSIVE
B000586,T00111,V0041,6130776.94,2026-04-17T17:02:05,4,NON_RESPONSIVE
B000587,T00111,V0119,6186021.16,2026-04-17T05:13:57,5,RESPONSIVE
B000588,T00111,V0184,6220230.06,2026-04-02T08:50:32,6,RESPONSIVE
B000589,T00111,V0481,6235043.76,2026-05-01T05:47:48,7,RESPONSIVE
B000590,T00111,V0025,6254267.01,2026-04-26T15:47:43,8,RESPONSIVE
B000591,T00111,V0223,6261332.54,2026-05-02T19:59:01,9,RESPONSIVE
B000592,T00112,V0016,2226160.04,2026-03-24T08:37:45,1,RESPONSIVE
B000593,T00112,V0278,2296807.84,2026-03-12T15:22:34,2,RESPONSIVE
B000594,T00112,V0092,2373966.11,2026-03-25T18:07:54,3,RESPONSIVE
B000595,T00113,V0546,14786712.55,2026-05-10T07:45:49,1,RESPONSIVE
B000596,T00113,V0319,15819367.33,2026-05-16T07:19:02,2,NON_RESPONSIVE
B000597,T00113,V0322,15944022.37,2026-05-17T22:29:27,3,RESPONSIVE
B000598,T00113,V0301,16275063.0,2026-05-15T08:15:55,4,RESPONSIVE
B000599,T00114,V0078,1574574.44,2025-03-05T18:43:59,1,RESPONSIVE
B000600,T00114,V0300,1584525.61,2025-03-16T21:40:28,2,RESPONSIVE
B000601,T00115,V0370,2555859.47,2025-06-30T10:57:01,1,RESPONSIVE
B000602,T00115,V0364,2605843.03,2025-06-23T22:50:38,2,RESPONSIVE
B000603,T00115,V0122,2649606.91,2025-06-23T04:23:34,3,RESPONSIVE
B000604,T00115,V0310,2712595.49,2025-06-27T19:42:37,4,RESPONSIVE
B000605,T00115,V0379,2807046.72,2025-06-27T13:23:54,5,RESPONSIVE
B000606,T00115,V0254,2944753.52,2025-06-20T14:45:57,6,RESPONSIVE
B000607,T00116,V0515,9029989.48,2025-12-19T07:46:17,1,RESPONSIVE
B000608,T00116,V0458,9156671.73,2025-12-06T00:48:01,2,RESPONSIVE
B000609,T00116,V0228,9183377.28,2025-12-21T13:52:20,3,RESPONSIVE
B000610,T00116,V0013,9357277.61,2025-12-30T09:40:43,4,RESPONSIVE
B000611,T00116,V0115,9432178.15,2025-12-30T04:44:05,5,RESPONSIVE
B000612,T00116,V0483,9655053.45,2025-12-21T22:00:57,6,RESPONSIVE
B000613,T00116,V0537,9690580.92,2025-12-25T04:03:59,7,RESPONSIVE
B000614,T00116,V0251,9865980.08,2025-12-19T11:57:32,8,RESPONSIVE
B000615,T00116,V0335,9898396.36,2025-12-28T17:36:24,9,RESPONSIVE
B000616,T00116,V0509,9936946.86,2025-12-03T05:21:49,10,RESPONSIVE
B000617,T00116,V0166,10007881.45,2025-12-14T17:53:25,11,RESPONSIVE
B000618,T00116,V0179,10261828.35,2025-12-13T19:03:28,12,RESPONSIVE
B000619,T00117,V0311,181454320.02,2025-06-29T06:01:49,1,RESPONSIVE
B000620,T00117,V0435,182411043.52,2025-07-13T12:06:16,2,NON_RESPONSIVE
B000621,T00117,V0095,187127344.06,2025-07-02T07:30:29,3,RESPONSIVE
B000622,T00117,V0054,187534159.34,2025-07-22T22:09:48,4,RESPONSIVE
B000623,T00117,V0389,187912007.04,2025-07-21T08:59:28,5,RESPONSIVE
B000624,T00117,V0163,191997145.77,2025-07-21T21:31:55,6,RESPONSIVE
B000625,T00118,V0392,3912074.86,2026-06-03T04:26:40,1,RESPONSIVE
B000626,T00118,V0514,4057681.32,2026-06-04T11:17:58,2,RESPONSIVE
B000627,T00119,V0488,8165918.74,2024-03-21T21:47:13,1,RESPONSIVE
B000628,T00119,V0453,8428837.97,2024-03-13T10:08:10,2,RESPONSIVE
B000629,T00119,V0065,8646388.89,2024-03-31T01:32:20,3,RESPONSIVE
B000630,T00119,V0425,8734905.75,2024-02-26T05:25:57,4,RESPONSIVE
B000631,T00119,V0003,8957297.98,2024-03-22T18:49:03,5,RESPONSIVE
B000632,T00119,V0404,8974872.81,2024-03-10T22:51:40,6,RESPONSIVE
B000633,T00119,V0112,9134865.8,2024-03-30T20:45:53,7,RESPONSIVE
B000634,T00120,V0438,27768077.66,2024-06-12T20:24:08,1,RESPONSIVE
B000635,T00120,V0496,29112225.53,2024-06-08T08:32:19,2,RESPONSIVE
B000636,T00120,V0220,29966009.75,2024-06-06T18:48:27,3,RESPONSIVE
B000637,T00121,V0271,21910639.91,2025-09-27T21:24:32,1,RESPONSIVE
B000638,T00121,V0325,22795755.52,2025-09-08T05:38:49,2,RESPONSIVE
B000639,T00122,V0044,56670054.03,2026-04-17T10:11:05,1,RESPONSIVE
B000640,T00122,V0510,59014922.16,2026-03-20T09:35:39,2,RESPONSIVE
B000641,T00122,V0401,59299178.38,2026-04-03T23:18:42,3,RESPONSIVE
B000642,T00122,V0345,60315150.99,2026-04-18T08:00:07,4,RESPONSIVE
B000643,T00122,V0304,60701044.14,2026-03-23T09:46:47,5,RESPONSIVE
B000644,T00122,V0438,67243918.22,2026-03-13T18:18:25,6,RESPONSIVE
B000645,T00123,V0460,3846404.02,2025-10-25T17:37:48,1,RESPONSIVE
B000646,T00123,V0307,4015096.69,2025-11-05T21:45:08,2,RESPONSIVE
B000647,T00123,V0072,4017247.47,2025-10-03T21:50:04,3,RESPONSIVE
B000648,T00123,V0355,4033879.11,2025-10-02T21:01:06,4,RESPONSIVE
B000649,T00123,V0277,4319767.77,2025-11-17T15:50:02,5,RESPONSIVE
B000650,T00124,V0066,28484606.73,2026-06-30T07:41:57,1,RESPONSIVE
B000651,T00124,V0274,28569522.05,2026-06-23T13:09:43,2,RESPONSIVE
B000652,T00124,V0046,28569899.28,2026-06-23T13:29:48,3,RESPONSIVE
B000653,T00124,V0379,28841687.58,2026-06-21T03:12:12,4,RESPONSIVE
B000654,T00124,V0523,28936021.95,2026-06-20T11:46:05,5,RESPONSIVE
B000655,T00125,V0269,9383803.21,2025-07-16T09:32:44,1,RESPONSIVE
B000656,T00125,V0228,9759506.77,2025-06-23T13:20:21,2,RESPONSIVE
B000657,T00125,V0161,9976184.01,2025-07-10T17:55:26,3,RESPONSIVE
B000658,T00125,V0422,9997906.71,2025-07-07T12:54:06,4,RESPONSIVE
B000659,T00125,V0187,10061202.91,2025-07-15T04:52:32,5,RESPONSIVE
B000660,T00125,V0080,10138266.98,2025-07-07T12:24:18,6,RESPONSIVE
B000661,T00126,V0525,35305356.85,2025-12-05T15:10:30,1,RESPONSIVE
B000662,T00126,V0430,36442034.11,2025-12-08T08:02:58,2,RESPONSIVE
B000663,T00126,V0550,39993018.21,2025-12-05T22:01:09,3,RESPONSIVE
B000664,T00126,V0133,42606966.47,2025-12-01T21:31:53,4,RESPONSIVE
B000665,T00127,V0547,43212993.68,2025-05-16T17:55:01,1,NON_RESPONSIVE
B000666,T00127,V0455,45928998.46,2025-05-02T17:06:10,2,RESPONSIVE
B000667,T00127,V0019,46063967.55,2025-04-28T02:09:41,3,RESPONSIVE
B000668,T00128,V0117,18206325.55,2025-07-14T18:15:25,1,RESPONSIVE
B000669,T00128,V0135,19329091.71,2025-07-04T03:47:00,2,RESPONSIVE
B000670,T00129,V0519,37860651.51,2026-03-06T14:21:25,1,RESPONSIVE
B000671,T00129,V0023,39166635.0,2026-03-05T14:55:40,2,RESPONSIVE
B000672,T00129,V0509,39904497.76,2026-03-05T10:07:15,3,RESPONSIVE
B000673,T00130,V0009,16634173.38,2026-01-26T11:01:37,1,RESPONSIVE
B000674,T00130,V0371,18074311.46,2026-01-21T01:32:15,2,RESPONSIVE
B000675,T00131,V0458,6275962.91,2024-08-23T05:32:54,1,RESPONSIVE
B000676,T00131,V0169,6326746.39,2024-08-27T23:20:24,2,RESPONSIVE
B000677,T00131,V0064,6657656.9,2024-08-19T21:12:06,3,RESPONSIVE
B000678,T00131,V0065,6712460.36,2024-08-20T15:10:08,4,RESPONSIVE
B000679,T00132,V0263,1343325.1,2025-03-30T22:29:03,1,RESPONSIVE
B000680,T00132,V0375,1395808.08,2025-04-01T04:18:41,2,RESPONSIVE
B000681,T00132,V0222,1408940.56,2025-03-27T08:06:18,3,RESPONSIVE
B000682,T00133,V0119,5933199.46,2026-01-20T18:34:47,1,RESPONSIVE
B000683,T00133,V0050,6003268.78,2026-01-30T06:20:33,2,RESPONSIVE
B000684,T00133,V0025,6016898.98,2026-01-19T00:43:54,3,RESPONSIVE
B000685,T00133,V0460,6076291.26,2026-01-24T09:18:05,4,RESPONSIVE
B000686,T00134,V0392,10103754.45,2024-02-22T08:29:07,1,RESPONSIVE
B000687,T00134,V0011,10139034.85,2024-02-26T16:40:04,2,RESPONSIVE
B000688,T00134,V0513,10153662.96,2024-02-25T13:33:25,3,RESPONSIVE
B000689,T00134,V0396,10188787.76,2024-02-18T13:00:16,4,RESPONSIVE
B000690,T00134,V0434,10197010.87,2024-02-24T14:26:59,5,RESPONSIVE
B000691,T00134,V0417,10336895.01,2024-02-29T09:08:53,6,RESPONSIVE
B000692,T00134,V0519,10496874.94,2024-02-24T13:37:12,7,RESPONSIVE
B000693,T00134,V0495,10815076.04,2024-02-21T07:08:09,8,RESPONSIVE
B000694,T00135,V0280,3759890.1,2025-06-19T03:44:19,1,RESPONSIVE
B000695,T00135,V0473,4022181.8,2025-06-18T23:37:34,2,RESPONSIVE
B000696,T00136,V0114,100661716.97,2025-04-18T04:44:39,1,RESPONSIVE
B000697,T00136,V0345,110988718.78,2025-04-22T16:51:56,2,RESPONSIVE
B000698,T00136,V0100,116095849.63,2025-04-24T21:43:15,3,RESPONSIVE
B000699,T00137,V0051,4861827.14,2024-02-27T17:18:20,1,RESPONSIVE
B000700,T00137,V0245,5018238.02,2024-02-22T15:05:48,2,RESPONSIVE
B000701,T00137,V0279,5108742.29,2024-02-25T06:35:50,3,RESPONSIVE
B000702,T00137,V0495,5200104.64,2024-02-21T08:35:37,4,RESPONSIVE
B000703,T00137,V0273,5201924.6,2024-02-23T08:54:28,5,RESPONSIVE
B000704,T00137,V0424,5268381.77,2024-03-01T16:28:18,6,RESPONSIVE
B000705,T00137,V0294,5290467.38,2024-02-21T09:22:53,7,RESPONSIVE
B000706,T00137,V0126,5315165.16,2024-03-02T05:04:56,8,RESPONSIVE
B000707,T00138,V0223,16287274.87,2026-07-22T23:02:04,1,RESPONSIVE
B000708,T00138,V0314,16997289.66,2026-07-17T00:51:23,2,RESPONSIVE
B000709,T00138,V0040,17070848.76,2026-07-19T20:24:39,3,RESPONSIVE
B000710,T00138,V0338,18202281.55,2026-08-15T13:12:57,4,RESPONSIVE
B000711,T00139,V0343,14405325.42,2025-12-20T07:33:32,1,RESPONSIVE
B000712,T00139,V0020,14642575.05,2025-12-16T14:15:03,2,RESPONSIVE
B000713,T00139,V0072,14798006.08,2025-12-06T05:13:27,3,RESPONSIVE
B000714,T00139,V0286,14984810.03,2025-12-05T20:22:12,4,RESPONSIVE
B000715,T00139,V0528,15147292.67,2025-12-11T01:44:09,5,RESPONSIVE
B000716,T00139,V0431,15210537.79,2025-12-19T14:09:15,6,RESPONSIVE
B000717,T00139,V0538,15675624.7,2025-12-18T05:22:15,7,RESPONSIVE
B000718,T00139,V0204,16226280.59,2025-12-14T20:03:58,8,RESPONSIVE
B000719,T00139,V0262,16230046.8,2025-12-05T22:50:13,9,RESPONSIVE
B000720,T00140,V0198,43328439.89,2025-04-02T04:00:02,1,RESPONSIVE
B000721,T00140,V0176,43479682.54,2025-03-21T14:24:36,2,RESPONSIVE
B000722,T00140,V0347,44020884.07,2025-03-26T02:43:16,3,RESPONSIVE
B000723,T00140,V0007,44332656.52,2025-03-29T05:09:51,4,RESPONSIVE
B000724,T00140,V0364,44785423.15,2025-03-26T04:13:01,5,RESPONSIVE
B000725,T00140,V0132,45120224.81,2025-04-02T20:13:54,6,RESPONSIVE
B000726,T00140,V0288,45146900.41,2025-04-01T04:48:16,7,RESPONSIVE
B000727,T00140,V0504,45319451.75,2025-03-30T09:49:55,8,RESPONSIVE
B000728,T00140,V0374,47925175.38,2025-03-29T22:52:52,9,RESPONSIVE
B000729,T00141,V0212,4539914.14,2026-03-20T10:01:17,1,RESPONSIVE
B000730,T00141,V0088,4592938.98,2026-03-14T11:03:18,2,NON_RESPONSIVE
B000731,T00141,V0185,4736979.46,2026-03-19T23:04:57,3,NON_RESPONSIVE
B000732,T00141,V0346,4945518.79,2026-03-27T20:36:13,4,RESPONSIVE
B000733,T00141,V0455,5123943.93,2026-04-05T07:43:05,5,RESPONSIVE
B000734,T00142,V0456,12628393.09,2026-01-03T03:39:13,1,RESPONSIVE
B000735,T00142,V0152,13526572.17,2026-01-05T19:00:05,2,RESPONSIVE
B000736,T00143,V0282,2229829.98,2026-01-27T08:36:51,1,RESPONSIVE
B000737,T00143,V0337,2374299.17,2026-02-02T15:32:30,2,RESPONSIVE
B000738,T00143,V0115,2419737.46,2026-02-03T15:26:55,3,RESPONSIVE
B000739,T00143,V0065,2428244.61,2026-02-04T16:44:36,4,RESPONSIVE
B000740,T00143,V0197,2441504.63,2026-01-28T11:42:04,5,RESPONSIVE
B000741,T00144,V0119,12961975.15,2025-01-15T23:01:07,1,RESPONSIVE
B000742,T00144,V0460,13145873.93,2025-02-27T15:12:54,2,RESPONSIVE
B000743,T00144,V0481,13243649.15,2025-02-10T17:18:35,3,RESPONSIVE
B000744,T00144,V0050,13319712.49,2025-02-14T00:06:02,4,RESPONSIVE
B000745,T00144,V0295,13337311.19,2025-01-28T18:38:39,5,RESPONSIVE
B000746,T00145,V0228,3168100.03,2025-08-24T10:05:57,1,RESPONSIVE
B000747,T00145,V0488,3583595.84,2025-08-14T18:24:46,2,RESPONSIVE
B000748,T00146,V0482,13994721.19,2024-07-25T13:42:49,1,RESPONSIVE
B000749,T00146,V0460,14058862.9,2024-07-16T02:34:28,2,RESPONSIVE
B000750,T00146,V0549,14074047.22,2024-07-09T19:24:26,3,RESPONSIVE
B000751,T00146,V0503,14335742.07,2024-06-27T13:48:45,4,RESPONSIVE
B000752,T00146,V0344,14560837.13,2024-06-28T10:23:18,5,NON_RESPONSIVE
B000753,T00146,V0031,14780626.98,2024-07-15T10:22:58,6,RESPONSIVE
B000754,T00147,V0065,6386345.97,2025-11-26T15:36:14,1,RESPONSIVE
B000755,T00147,V0003,6414063.7,2025-12-06T12:05:32,2,RESPONSIVE
B000756,T00147,V0112,6417640.11,2025-11-20T05:10:48,3,RESPONSIVE
B000757,T00147,V0326,6447167.98,2025-11-23T22:29:27,4,RESPONSIVE
B000758,T00147,V0402,6588234.55,2025-11-19T21:46:39,5,RESPONSIVE
B000759,T00147,V0328,6904375.73,2025-11-15T14:08:30,6,RESPONSIVE
B000760,T00148,V0083,19186460.95,2025-10-29T22:03:55,1,RESPONSIVE
B000761,T00148,V0119,19466460.35,2025-10-23T22:30:46,2,RESPONSIVE
B000762,T00148,V0331,19519522.93,2025-10-09T14:16:40,3,RESPONSIVE
B000763,T00148,V0471,19687117.94,2025-10-13T17:04:42,4,RESPONSIVE
B000764,T00148,V0020,20020488.83,2025-10-19T06:25:05,5,RESPONSIVE
B000765,T00148,V0022,20316642.55,2025-10-12T15:03:54,6,RESPONSIVE
B000766,T00148,V0395,20423324.79,2025-10-15T06:46:50,7,NON_RESPONSIVE
B000767,T00148,V0350,20567179.63,2025-10-20T15:50:34,8,RESPONSIVE
B000768,T00148,V0192,22018427.65,2025-10-14T16:12:47,9,NON_RESPONSIVE
B000769,T00149,V0435,19362110.9,2025-02-23T00:20:45,1,RESPONSIVE
B000770,T00149,V0346,20615015.0,2025-02-20T22:30:23,2,RESPONSIVE
B000771,T00149,V0525,21224561.36,2025-02-03T04:22:21,3,RESPONSIVE
B000772,T00150,V0211,9959799.34,2025-08-19T23:39:31,1,RESPONSIVE
B000773,T00150,V0132,10683555.29,2025-08-26T22:56:20,2,RESPONSIVE
B000774,T00151,V0502,13263780.99,2026-04-25T22:21:46,1,RESPONSIVE
B000775,T00151,V0241,13839480.27,2026-04-23T09:20:53,2,RESPONSIVE
B000776,T00152,V0025,20480547.94,2024-07-24T23:14:14,1,RESPONSIVE
B000777,T00152,V0258,20765321.73,2024-07-27T22:50:17,2,RESPONSIVE
B000778,T00152,V0178,20924427.44,2024-07-24T00:55:34,3,RESPONSIVE
B000779,T00152,V0502,21755178.81,2024-07-21T20:26:12,4,RESPONSIVE
B000780,T00152,V0266,22737920.7,2024-07-22T17:22:57,5,RESPONSIVE
B000781,T00153,V0349,8520881.77,2025-08-28T16:30:52,1,RESPONSIVE
B000782,T00153,V0115,8942304.41,2025-08-28T21:03:51,2,RESPONSIVE
B000783,T00153,V0125,9144027.22,2025-08-27T10:59:57,3,RESPONSIVE
B000784,T00153,V0188,9208541.11,2025-09-04T02:34:06,4,RESPONSIVE
B000785,T00153,V0059,9593485.55,2025-09-01T02:57:49,5,RESPONSIVE
B000786,T00154,V0021,12386613.66,2024-04-29T10:42:37,1,RESPONSIVE
B000787,T00154,V0172,13292224.84,2024-04-26T06:04:46,2,RESPONSIVE
B000788,T00155,V0336,2622807.86,2025-01-03T15:24:00,1,RESPONSIVE
B000789,T00155,V0417,2664066.61,2024-12-26T08:16:13,2,RESPONSIVE
B000790,T00155,V0507,2708749.42,2025-01-07T03:36:57,3,RESPONSIVE
B000791,T00155,V0365,2718145.82,2024-12-21T13:19:20,4,RESPONSIVE
B000792,T00155,V0040,2756650.95,2024-12-20T11:00:03,5,RESPONSIVE
B000793,T00155,V0241,2772499.39,2025-01-04T14:53:46,6,RESPONSIVE
B000794,T00156,V0438,122811838.68,2025-01-07T02:22:57,1,RESPONSIVE
B000795,T00156,V0381,126379329.53,2025-01-01T21:01:10,2,RESPONSIVE
B000796,T00156,V0426,126813617.66,2025-02-02T16:58:18,3,NON_RESPONSIVE
B000797,T00156,V0421,130672475.97,2025-01-26T06:26:42,4,RESPONSIVE
B000798,T00156,V0517,135448594.88,2025-01-15T07:40:49,5,RESPONSIVE
B000799,T00156,V0437,136375353.52,2025-02-04T21:54:25,6,RESPONSIVE
B000800,T00157,V0414,7583088.43,2025-09-19T11:18:28,1,RESPONSIVE
B000801,T00157,V0241,8084206.89,2025-09-14T05:44:18,2,RESPONSIVE
B000802,T00157,V0308,8429183.39,2025-09-13T11:34:30,3,RESPONSIVE
B000803,T00157,V0344,8790239.78,2025-08-28T06:34:25,4,RESPONSIVE
B000804,T00157,V0027,8873716.25,2025-08-26T01:29:58,5,RESPONSIVE
B000805,T00157,V0502,8882309.31,2025-09-01T21:16:42,6,RESPONSIVE
B000806,T00157,V0495,8968497.54,2025-08-31T14:22:12,7,RESPONSIVE
B000807,T00157,V0383,9333354.39,2025-09-05T00:50:21,8,RESPONSIVE
B000808,T00158,V0433,4428259.47,2025-11-26T12:29:36,1,RESPONSIVE
B000809,T00158,V0419,4713759.01,2025-11-13T09:39:50,2,RESPONSIVE
B000810,T00158,V0080,4901407.6,2025-12-03T20:37:03,3,RESPONSIVE
B000811,T00158,V0391,4989529.42,2025-11-29T01:20:10,4,RESPONSIVE
B000812,T00158,V0256,4998323.87,2025-11-18T08:29:39,5,RESPONSIVE
B000813,T00159,V0338,11215520.23,2024-09-01T11:19:18,1,RESPONSIVE
B000814,T00159,V0513,11222334.12,2024-09-25T19:15:24,2,NON_RESPONSIVE
B000815,T00159,V0414,11223585.03,2024-09-08T19:28:56,3,RESPONSIVE
B000816,T00159,V0367,11357973.48,2024-10-02T03:33:50,4,RESPONSIVE
B000817,T00159,V0023,11401318.09,2024-09-04T12:12:16,5,RESPONSIVE
B000818,T00159,V0417,11443032.29,2024-09-23T16:04:31,6,RESPONSIVE
B000819,T00159,V0259,11940461.2,2024-09-30T21:29:49,7,RESPONSIVE
B000820,T00159,V0129,12157532.81,2024-09-19T22:38:07,8,RESPONSIVE
B000821,T00160,V0526,86169043.04,2026-03-08T16:40:01,1,RESPONSIVE
B000822,T00160,V0372,90233530.46,2026-02-10T09:47:08,2,RESPONSIVE
B000823,T00160,V0443,91778591.81,2026-02-23T13:17:09,3,RESPONSIVE
B000824,T00160,V0159,92748456.69,2026-02-20T10:49:06,4,RESPONSIVE
B000825,T00160,V0359,93860297.1,2026-02-23T04:57:28,5,RESPONSIVE
B000826,T00160,V0542,95071681.32,2026-02-24T20:47:31,6,RESPONSIVE
B000827,T00160,V0054,95565827.69,2026-03-06T18:24:37,7,RESPONSIVE
B000828,T00160,V0095,95645101.91,2026-02-27T16:34:10,8,RESPONSIVE
B000829,T00160,V0421,97861949.15,2026-02-10T21:17:01,9,RESPONSIVE
B000830,T00161,V0103,23270153.42,2025-09-30T06:50:25,1,RESPONSIVE
B000831,T00161,V0541,23795854.88,2025-09-25T16:17:41,2,RESPONSIVE
B000832,T00161,V0066,23990539.99,2025-09-29T16:13:39,3,RESPONSIVE
B000833,T00161,V0132,24636369.89,2025-09-25T09:37:33,4,RESPONSIVE
B000834,T00161,V0363,25203833.67,2025-09-28T13:07:34,5,RESPONSIVE
B000835,T00162,V0034,12045718.25,2025-12-22T20:35:40,1,RESPONSIVE
B000836,T00162,V0507,12210082.34,2026-01-05T05:20:18,2,RESPONSIVE
B000837,T00162,V0209,12671614.46,2025-12-22T06:26:41,3,RESPONSIVE
B000838,T00162,V0199,12866351.59,2025-12-31T06:58:42,4,RESPONSIVE
B000839,T00163,V0016,63859350.15,2025-07-15T04:37:22,1,RESPONSIVE
B000840,T00163,V0066,64713705.8,2025-07-03T17:58:40,2,RESPONSIVE
B000841,T00163,V0269,65606077.3,2025-07-17T22:00:53,3,RESPONSIVE
B000842,T00163,V0195,67070100.04,2025-07-09T00:35:56,4,RESPONSIVE
B000843,T00163,V0127,68518455.02,2025-07-09T02:36:55,5,RESPONSIVE
B000844,T00163,V0103,68675950.26,2025-06-29T16:06:49,6,RESPONSIVE
B000845,T00164,V0431,5950788.96,2026-08-07T16:48:51,1,RESPONSIVE
B000846,T00164,V0499,5964981.17,2026-08-28T09:39:49,2,RESPONSIVE
B000847,T00164,V0452,5968040.97,2026-08-21T23:42:07,3,RESPONSIVE
B000848,T00165,V0415,9846977.02,2026-02-19T17:16:10,1,RESPONSIVE
B000849,T00165,V0510,10287890.86,2026-02-24T08:10:02,2,RESPONSIVE
B000850,T00165,V0220,10731702.04,2026-02-27T04:06:44,3,RESPONSIVE
B000851,T00166,V0356,30449681.47,2025-05-25T14:48:24,1,RESPONSIVE
B000852,T00166,V0346,30796742.89,2025-05-20T22:58:41,2,RESPONSIVE
B000853,T00166,V0438,31915673.68,2025-06-08T18:47:59,3,RESPONSIVE
B000854,T00166,V0381,32198673.62,2025-05-18T04:32:29,4,RESPONSIVE
B000855,T00166,V0531,32299158.29,2025-05-11T11:22:25,5,RESPONSIVE
B000856,T00166,V0251,33647455.21,2025-05-24T13:31:28,6,RESPONSIVE
B000857,T00166,V0345,33710848.49,2025-05-30T19:48:37,7,RESPONSIVE
B000858,T00166,V0437,33912258.31,2025-06-06T14:50:37,8,RESPONSIVE
B000859,T00166,V0212,34659164.71,2025-05-29T21:58:46,9,RESPONSIVE
B000860,T00166,V0088,35463373.12,2025-05-07T01:52:55,10,NON_RESPONSIVE
B000861,T00167,V0437,2175684.88,2026-07-05T19:58:11,1,RESPONSIVE
B000862,T00167,V0028,2361793.27,2026-07-12T13:33:36,2,RESPONSIVE
B000863,T00167,V0544,2369268.63,2026-07-06T08:03:51,3,RESPONSIVE
B000864,T00168,V0248,1994391.65,2026-01-20T02:51:26,1,RESPONSIVE
B000865,T00168,V0468,2068345.99,2026-01-18T20:42:24,2,RESPONSIVE
B000866,T00168,V0244,2174900.39,2026-01-08T15:44:15,3,RESPONSIVE
B000867,T00169,V0076,35295184.21,2026-02-26T19:31:21,1,RESPONSIVE
B000868,T00169,V0038,42350474.45,2026-03-16T03:08:19,2,RESPONSIVE
B000869,T00169,V0269,42466906.14,2026-02-24T10:41:43,3,RESPONSIVE
B000870,T00169,V0122,42545738.55,2026-03-03T01:05:21,4,RESPONSIVE
B000871,T00169,V0199,42738781.49,2026-02-25T14:16:27,5,RESPONSIVE
B000872,T00170,V0027,4556478.42,2025-11-18T08:48:33,1,RESPONSIVE
B000873,T00170,V0338,4599133.01,2025-11-13T20:14:59,2,RESPONSIVE
B000874,T00170,V0293,4770996.97,2025-11-08T14:36:39,3,RESPONSIVE
B000875,T00170,V0414,4824591.82,2025-11-26T01:35:39,4,RESPONSIVE
B000876,T00170,V0405,4933427.84,2025-11-17T11:03:10,5,RESPONSIVE
B000877,T00170,V0047,4988527.49,2025-11-16T10:14:19,6,RESPONSIVE
B000878,T00170,V0174,5029522.99,2025-11-15T20:51:31,7,RESPONSIVE
B000879,T00170,V0256,5076537.64,2025-11-17T01:34:18,8,RESPONSIVE
B000880,T00170,V0367,5112088.21,2025-11-18T22:26:09,9,RESPONSIVE
B000881,T00171,V0436,113567276.66,2025-10-31T03:10:42,1,RESPONSIVE
B000882,T00171,V0242,118157861.99,2025-11-05T23:50:42,2,RESPONSIVE
B000883,T00171,V0298,119052301.0,2025-11-05T22:19:06,3,RESPONSIVE
B000884,T00171,V0318,122013287.36,2025-11-04T00:18:27,4,RESPONSIVE
B000885,T00172,V0453,11010214.64,2024-03-06T02:32:23,1,RESPONSIVE
B000886,T00172,V0142,11061591.68,2024-02-22T20:06:50,2,RESPONSIVE
B000887,T00172,V0335,11081728.86,2024-03-09T15:24:52,3,RESPONSIVE
B000888,T00172,V0441,11685467.75,2024-02-21T08:46:13,4,RESPONSIVE
B000889,T00173,V0328,3448511.63,2025-04-21T20:26:47,1,RESPONSIVE
B000890,T00173,V0458,3462078.76,2025-04-18T10:59:12,2,RESPONSIVE
B000891,T00173,V0179,3544163.81,2025-04-21T01:24:18,3,RESPONSIVE
B000892,T00173,V0013,3546829.17,2025-04-23T03:00:53,4,RESPONSIVE
B000893,T00173,V0433,3656885.05,2025-04-20T02:00:58,5,RESPONSIVE
B000894,T00173,V0126,3696588.32,2025-04-15T08:52:59,6,RESPONSIVE
B000895,T00173,V0422,3842691.73,2025-04-23T22:31:02,7,RESPONSIVE
B000896,T00173,V0256,3858516.42,2025-04-17T11:46:29,8,RESPONSIVE
B000897,T00174,V0041,9818605.12,2026-02-26T19:03:39,1,RESPONSIVE
B000898,T00174,V0072,9954794.54,2026-02-11T17:50:24,2,RESPONSIVE
B000899,T00174,V0113,9990792.94,2026-02-01T16:15:15,3,NON_RESPONSIVE
B000900,T00174,V0481,10060376.64,2026-02-02T06:07:36,4,RESPONSIVE
B000901,T00174,V0407,10072122.78,2026-01-26T18:24:49,5,RESPONSIVE
B000902,T00174,V0184,10161301.48,2026-02-26T20:25:21,6,RESPONSIVE
B000903,T00174,V0020,10270719.12,2026-02-21T17:50:11,7,RESPONSIVE
B000904,T00174,V0277,10657892.3,2026-02-13T07:56:28,8,RESPONSIVE
B000905,T00174,V0307,10765896.57,2026-02-09T02:51:29,9,RESPONSIVE
B000906,T00175,V0177,8584306.93,2026-04-29T01:07:41,1,RESPONSIVE
B000907,T00175,V0047,8864381.53,2026-05-12T05:02:44,2,RESPONSIVE
B000908,T00175,V0011,8909635.43,2026-05-06T17:33:40,3,RESPONSIVE
B000909,T00175,V0509,9163044.1,2026-05-13T12:25:31,4,RESPONSIVE
B000910,T00175,V0029,9308472.89,2026-05-03T10:19:06,5,RESPONSIVE
B000911,T00175,V0199,9468032.0,2026-05-02T02:00:43,6,RESPONSIVE
B000912,T00175,V0396,9524293.91,2026-05-13T20:44:02,7,RESPONSIVE
B000913,T00176,V0347,40435866.08,2025-07-30T18:19:07,1,RESPONSIVE
B000914,T00176,V0206,42631795.25,2025-08-01T01:08:31,2,RESPONSIVE
B000915,T00176,V0249,44940164.64,2025-08-01T00:08:13,3,RESPONSIVE
B000916,T00177,V0342,25918522.48,2025-02-19T23:19:41,1,RESPONSIVE
B000917,T00177,V0212,25944548.68,2025-02-26T11:30:40,2,RESPONSIVE
B000918,T00177,V0544,26032385.87,2025-03-05T11:28:41,3,RESPONSIVE
B000919,T00177,V0304,26143652.01,2025-02-24T09:07:21,4,RESPONSIVE
B000920,T00177,V0470,26956242.03,2025-02-18T00:15:15,5,RESPONSIVE
B000921,T00177,V0054,28022023.35,2025-02-25T11:10:50,6,RESPONSIVE
B000922,T00177,V0438,28936836.82,2025-03-08T11:50:45,7,RESPONSIVE
B000923,T00178,V0015,3419971.03,2024-04-24T15:01:58,1,RESPONSIVE
B000924,T00178,V0504,3670178.61,2024-05-01T14:08:32,2,RESPONSIVE
B000925,T00178,V0280,3686796.91,2024-04-28T04:30:12,3,RESPONSIVE
B000926,T00178,V0219,3815191.14,2024-05-02T12:30:49,4,RESPONSIVE
B000927,T00179,V0426,14240880.62,2024-11-15T08:29:49,1,RESPONSIVE
B000928,T00179,V0220,14402708.25,2024-11-04T19:13:04,2,RESPONSIVE
B000929,T00179,V0320,15620762.75,2024-11-05T20:23:20,3,RESPONSIVE
B000930,T00179,V0212,15621585.78,2024-11-26T19:43:38,4,NON_RESPONSIVE
B000931,T00179,V0185,15676444.19,2024-11-26T18:44:47,5,RESPONSIVE
B000932,T00179,V0078,15949282.7,2024-10-28T00:34:19,6,RESPONSIVE
B000933,T00180,V0443,62048269.03,2024-02-25T18:46:23,1,RESPONSIVE
B000934,T00180,V0054,63814413.25,2024-02-23T13:59:51,2,RESPONSIVE
B000935,T00180,V0110,64777826.66,2024-02-20T19:02:30,3,RESPONSIVE
B000936,T00180,V0118,66281835.69,2024-03-03T02:48:00,4,RESPONSIVE
B000937,T00180,V0427,68312870.85,2024-03-04T08:12:16,5,RESPONSIVE
B000938,T00181,V0531,25930844.33,2025-01-05T20:29:13,1,RESPONSIVE
B000939,T00181,V0483,25998003.83,2025-01-18T05:09:43,2,RESPONSIVE
B000940,T00181,V0455,27134987.65,2025-01-02T23:37:46,3,RESPONSIVE
B000941,T00181,V0332,27681016.34,2025-01-12T19:07:10,4,RESPONSIVE
B000942,T00181,V0153,27745073.86,2024-12-20T09:56:01,5,NON_RESPONSIVE
B000943,T00181,V0320,27760453.1,2024-12-24T19:22:52,6,RESPONSIVE
B000944,T00181,V0426,28964182.96,2024-12-27T17:29:57,7,RESPONSIVE
B000945,T00182,V0253,45228842.48,2024-04-25T08:58:51,1,RESPONSIVE
B000946,T00182,V0390,46619620.09,2024-04-23T01:43:54,2,RESPONSIVE
B000947,T00182,V0160,51544829.67,2024-04-20T00:15:01,3,RESPONSIVE
B000948,T00183,V0504,15087531.87,2026-02-23T23:47:00,1,RESPONSIVE
B000949,T00183,V0062,15634919.18,2026-02-23T14:25:00,2,RESPONSIVE
B000950,T00183,V0018,16608772.28,2026-02-18T23:44:44,3,RESPONSIVE
B000951,T00183,V0082,16773111.56,2026-02-17T11:31:43,4,RESPONSIVE
B000952,T00183,V0206,17063130.41,2026-02-10T22:48:41,5,RESPONSIVE
B000953,T00184,V0159,69303699.23,2025-07-14T07:36:19,1,RESPONSIVE
B000954,T00184,V0255,74579183.53,2025-07-05T04:43:57,2,RESPONSIVE
B000955,T00184,V0356,79856132.38,2025-07-04T01:24:20,3,RESPONSIVE
B000956,T00185,V0489,48515708.78,2024-05-14T18:10:52,1,RESPONSIVE
B000957,T00185,V0304,50352881.94,2024-05-15T04:54:20,2,RESPONSIVE
B000958,T00185,V0356,52077077.8,2024-05-13T13:40:56,3,RESPONSIVE
B000959,T00185,V0212,52429883.83,2024-05-15T20:39:14,4,RESPONSIVE
B000960,T00185,V0381,53171134.12,2024-05-13T17:40:05,5,RESPONSIVE
B000961,T00186,V0379,55247429.83,2026-07-05T00:57:21,1,RESPONSIVE
B000962,T00186,V0270,58893238.94,2026-07-07T02:15:25,2,RESPONSIVE
B000963,T00186,V0269,60420767.14,2026-06-29T20:32:19,3,NON_RESPONSIVE
B000964,T00186,V0363,63921284.7,2026-06-25T04:28:23,4,RESPONSIVE
B000965,T00187,V0308,15252943.89,2025-10-05T22:08:44,1,RESPONSIVE
B000966,T00187,V0527,16174506.82,2025-10-05T11:17:47,2,RESPONSIVE
B000967,T00187,V0030,17890254.18,2025-09-30T14:12:50,3,RESPONSIVE
B000968,T00188,V0487,13563003.95,2026-08-29T10:15:26,1,RESPONSIVE
B000969,T00188,V0426,13718233.15,2026-08-03T19:11:45,2,RESPONSIVE
B000970,T00188,V0153,14551513.53,2026-08-14T19:14:59,3,RESPONSIVE
B000971,T00189,V0447,12642715.33,2025-07-21T18:08:53,1,RESPONSIVE
B000972,T00189,V0439,13048868.27,2025-07-15T23:50:02,2,RESPONSIVE
B000973,T00190,V0229,1083997.32,2025-02-23T17:27:42,1,RESPONSIVE
B000974,T00190,V0234,1120644.19,2025-03-20T07:25:50,2,RESPONSIVE
B000975,T00190,V0043,1146755.81,2025-03-19T12:32:41,3,RESPONSIVE
B000976,T00190,V0307,1197780.13,2025-04-28T11:00:35,4,RESPONSIVE
B000977,T00190,V0119,1221032.89,2025-02-28T12:46:48,5,RESPONSIVE
B000978,T00190,V0431,1256246.04,2025-04-09T05:29:45,6,RESPONSIVE
B000979,T00191,V0259,93356530.09,2024-09-08T13:47:44,1,RESPONSIVE
B000980,T00191,V0507,93391116.13,2024-09-05T11:53:07,2,RESPONSIVE
B000981,T00191,V0011,95557824.94,2024-09-22T08:17:23,3,RESPONSIVE
B000982,T00191,V0302,95851712.15,2024-09-21T22:29:59,4,RESPONSIVE
B000983,T00191,V0179,97224439.94,2024-09-19T03:43:11,5,RESPONSIVE
B000984,T00191,V0454,100951443.99,2024-09-08T03:44:56,6,RESPONSIVE
B000985,T00191,V0509,101940815.1,2024-09-22T18:34:52,7,RESPONSIVE
B000986,T00191,V0298,102273101.99,2024-09-19T09:08:20,8,RESPONSIVE
B000987,T00192,V0419,4254068.6,2024-12-29T13:41:32,1,RESPONSIVE
B000988,T00192,V0495,4301781.35,2024-12-30T10:24:17,2,RESPONSIVE
B000989,T00192,V0263,4361578.5,2024-12-26T20:15:19,3,RESPONSIVE
B000990,T00192,V0533,4410802.7,2024-12-17T16:54:09,4,RESPONSIVE
B000991,T00193,V0179,7279270.26,2024-05-27T04:37:45,1,RESPONSIVE
B000992,T00193,V0530,7307615.33,2024-05-28T16:44:43,2,RESPONSIVE
B000993,T00193,V0212,7691050.21,2024-06-13T05:04:13,3,RESPONSIVE
B000994,T00193,V0186,7699869.02,2024-06-02T18:44:09,4,NON_RESPONSIVE
B000995,T00194,V0445,24312111.49,2024-11-04T19:31:26,1,RESPONSIVE
B000996,T00194,V0415,24631319.34,2024-11-10T15:08:11,2,RESPONSIVE
B000997,T00194,V0054,24674933.44,2024-11-05T16:30:32,3,RESPONSIVE
B000998,T00194,V0205,25287028.14,2024-11-05T23:42:04,4,RESPONSIVE
B000999,T00194,V0346,25536802.19,2024-11-09T23:32:30,5,RESPONSIVE
B001000,T00194,V0525,25950281.31,2024-11-25T19:09:07,6,RESPONSIVE
B001001,T00194,V0044,26048318.13,2024-11-19T23:37:58,7,RESPONSIVE
B001002,T00194,V0526,26470739.38,2024-11-24T09:06:58,8,RESPONSIVE
B001003,T00194,V0430,27738586.67,2024-11-17T02:10:52,9,RESPONSIVE
B001004,T00195,V0407,11721335.82,2024-05-17T19:19:03,1,RESPONSIVE
B001005,T00195,V0258,11729732.2,2024-05-20T13:52:06,2,RESPONSIVE
B001006,T00195,V0214,12371418.52,2024-05-17T10:53:41,3,RESPONSIVE
B001007,T00196,V0445,12364744.8,2026-01-03T16:03:34,1,RESPONSIVE
B001008,T00196,V0299,12500420.45,2025-12-03T19:54:14,2,RESPONSIVE
B001009,T00196,V0480,12699918.23,2025-12-16T07:57:20,3,RESPONSIVE
B001010,T00196,V0416,13029484.99,2025-12-09T07:31:08,4,RESPONSIVE
B001011,T00196,V0099,13305252.77,2025-12-28T03:25:49,5,RESPONSIVE
B001012,T00196,V0094,13506594.06,2025-12-22T02:21:35,6,RESPONSIVE
B001013,T00196,V0172,13564763.54,2026-01-04T01:37:54,7,RESPONSIVE
B001014,T00196,V0368,13633597.82,2025-12-14T06:29:45,8,RESPONSIVE
B001015,T00197,V0480,5982549.77,2026-05-19T13:24:13,1,RESPONSIVE
B001016,T00197,V0430,6047205.45,2026-05-20T19:18:36,2,RESPONSIVE
B001017,T00197,V0359,6095075.96,2026-05-29T07:51:49,3,NON_RESPONSIVE
B001018,T00197,V0415,6203754.2,2026-06-01T12:10:20,4,RESPONSIVE
B001019,T00197,V0021,6344767.33,2026-06-07T00:23:11,5,RESPONSIVE
B001020,T00197,V0120,6370057.45,2026-06-03T19:41:44,6,RESPONSIVE
B001021,T00197,V0358,6404911.62,2026-05-27T06:40:48,7,NON_RESPONSIVE
B001022,T00197,V0427,6475607.3,2026-06-02T06:54:06,8,RESPONSIVE
B001023,T00197,V0346,6678325.58,2026-06-11T20:08:25,9,RESPONSIVE
B001024,T00198,V0140,3850120.53,2025-12-20T08:58:37,1,RESPONSIVE
B001025,T00198,V0152,3886901.2,2026-01-03T13:27:42,2,RESPONSIVE
B001026,T00198,V0259,3969247.41,2026-01-15T16:39:18,3,RESPONSIVE
B001027,T00198,V0482,4019897.45,2025-12-30T01:56:55,4,RESPONSIVE
B001028,T00198,V0214,4033881.37,2026-01-13T12:26:20,5,RESPONSIVE
B001029,T00198,V0314,4106563.99,2026-01-12T09:17:03,6,RESPONSIVE
B001030,T00199,V0314,23996883.38,2026-01-03T17:33:43,1,RESPONSIVE
B001031,T00199,V0184,25487991.15,2026-01-05T23:04:00,2,RESPONSIVE
B001032,T00199,V0175,26084784.15,2025-12-31T18:07:25,3,RESPONSIVE
B001033,T00200,V0223,7090172.38,2025-07-14T03:10:39,1,RESPONSIVE
B001034,T00200,V0050,7100701.47,2025-08-01T00:51:19,2,RESPONSIVE
B001035,T00200,V0025,7247646.7,2025-08-12T04:55:27,3,RESPONSIVE
B001036,T00201,V0178,14655505.65,2026-05-28T08:23:06,1,RESPONSIVE
B001037,T00201,V0080,14802971.06,2026-05-15T15:36:08,2,NON_RESPONSIVE
B001038,T00201,V0071,15138149.73,2026-05-05T16:17:12,3,RESPONSIVE
B001039,T00201,V0365,15147104.01,2026-05-23T17:44:42,4,RESPONSIVE
B001040,T00201,V0383,15322347.97,2026-05-28T19:57:40,5,RESPONSIVE
B001041,T00201,V0056,15550750.1,2026-05-27T05:59:06,6,RESPONSIVE
B001042,T00201,V0098,15999634.73,2026-05-06T18:06:32,7,RESPONSIVE
B001043,T00202,V0419,2288904.86,2025-06-06T05:45:11,1,RESPONSIVE
B001044,T00202,V0088,2330941.13,2025-06-06T10:09:45,2,RESPONSIVE
B001045,T00202,V0349,2369239.74,2025-06-05T19:16:13,3,RESPONSIVE
B001046,T00202,V0380,2481981.98,2025-05-25T18:50:14,4,RESPONSIVE
B001047,T00203,V0484,3270637.98,2024-10-25T18:54:29,1,RESPONSIVE
B001048,T00203,V0051,3506528.65,2024-10-16T06:43:43,2,RESPONSIVE
B001049,T00204,V0294,6101840.78,2024-05-13T13:27:44,1,RESPONSIVE
B001050,T00204,V0397,6131981.46,2024-05-24T07:31:18,2,RESPONSIVE
B001051,T00204,V0065,6238823.89,2024-05-30T15:26:36,3,RESPONSIVE
B001052,T00204,V0263,6258761.08,2024-05-11T09:39:08,4,RESPONSIVE
B001053,T00204,V0162,6375361.79,2024-05-18T12:00:07,5,RESPONSIVE
B001054,T00204,V0179,6380758.45,2024-06-02T16:57:54,6,RESPONSIVE
B001055,T00204,V0059,6609436.57,2024-05-21T16:06:39,7,RESPONSIVE
B001056,T00204,V0363,6854856.96,2024-06-04T00:51:36,8,RESPONSIVE
B001057,T00205,V0503,3873501.47,2025-04-15T00:13:08,1,RESPONSIVE
B001058,T00205,V0175,3889654.73,2025-03-31T21:19:51,2,RESPONSIVE
B001059,T00205,V0215,3892205.78,2025-03-29T19:04:41,3,RESPONSIVE
B001060,T00205,V0497,3926697.84,2025-04-22T22:10:32,4,RESPONSIVE
B001061,T00205,V0454,3953871.68,2025-04-13T18:33:13,5,RESPONSIVE
B001062,T00205,V0344,3955923.16,2025-04-01T23:30:24,6,RESPONSIVE
B001063,T00205,V0403,3995716.78,2025-03-26T05:48:38,7,RESPONSIVE
B001064,T00206,V0220,26702282.66,2026-02-13T06:14:44,1,RESPONSIVE
B001065,T00206,V0340,27942291.08,2026-02-13T03:57:39,2,RESPONSIVE
B001066,T00206,V0019,28759188.02,2026-02-22T01:00:45,3,NON_RESPONSIVE
B001067,T00206,V0320,29396661.76,2026-02-02T19:15:56,4,RESPONSIVE
B001068,T00206,V0496,29843873.95,2026-01-28T11:49:44,5,RESPONSIVE
B001069,T00206,V0429,30561866.08,2026-01-25T00:56:28,6,RESPONSIVE
B001070,T00207,V0547,25586419.67,2026-08-24T23:25:49,1,NON_RESPONSIVE
B001071,T00207,V0426,27133833.43,2026-08-24T17:49:10,2,RESPONSIVE
B001072,T00207,V0387,27689822.41,2026-08-14T20:48:16,3,RESPONSIVE
B001073,T00207,V0381,27826254.77,2026-08-03T10:05:13,4,RESPONSIVE
B001074,T00207,V0304,28304497.82,2026-08-25T15:24:21,5,RESPONSIVE
B001075,T00208,V0379,746593.85,2024-08-11T03:56:32,1,RESPONSIVE
B001076,T00208,V0388,816462.54,2024-08-22T23:53:33,2,RESPONSIVE
B001077,T00208,V0066,855040.56,2024-08-18T19:22:02,3,RESPONSIVE
B001078,T00209,V0543,6516200.14,2024-01-21T19:27:40,1,RESPONSIVE
B001079,T00209,V0355,6541992.06,2024-01-24T12:03:29,2,RESPONSIVE
B001080,T00210,V0079,2280515.02,2025-01-21T09:01:51,1,RESPONSIVE
B001081,T00210,V0011,2317555.02,2025-01-26T14:03:58,2,RESPONSIVE
B001082,T00210,V0519,2468580.65,2025-01-27T10:29:18,3,RESPONSIVE
B001083,T00210,V0507,2468591.1,2025-01-17T18:00:40,4,RESPONSIVE
B001084,T00210,V0056,2476122.52,2025-01-23T20:51:23,5,RESPONSIVE
B001085,T00210,V0034,2492047.95,2025-01-13T17:15:10,6,RESPONSIVE
B001086,T00210,V0383,2524774.45,2025-01-26T23:33:59,7,RESPONSIVE
B001087,T00211,V0461,103107970.51,2025-09-10T04:40:40,1,RESPONSIVE
B001088,T00211,V0038,109280827.82,2025-09-18T23:43:09,2,RESPONSIVE
B001089,T00211,V0117,109715429.1,2025-09-08T06:51:02,3,RESPONSIVE
B001090,T00211,V0046,110028522.6,2025-09-19T12:29:17,4,NON_RESPONSIVE
B001091,T00211,V0411,112170267.58,2025-09-05T14:30:22,5,RESPONSIVE
B001092,T00211,V0284,113402656.62,2025-09-13T01:17:20,6,RESPONSIVE
B001093,T00211,V0361,117653976.49,2025-09-14T07:24:15,7,RESPONSIVE
B001094,T00211,V0166,119165265.32,2025-09-10T01:59:55,8,RESPONSIVE
B001095,T00212,V0013,7142778.62,2024-09-15T11:52:15,1,RESPONSIVE
B001096,T00212,V0507,7162693.53,2024-09-16T03:33:13,2,NON_RESPONSIVE
B001097,T00212,V0349,7230926.29,2024-09-18T00:23:42,3,RESPONSIVE
B001098,T00212,V0509,7450400.39,2024-09-18T09:50:48,4,RESPONSIVE
B001099,T00213,V0482,8229966.43,2025-08-06T14:49:01,1,RESPONSIVE
B001100,T00213,V0113,8272635.73,2025-08-07T14:07:51,2,RESPONSIVE
B001101,T00213,V0456,8381126.15,2025-08-08T03:41:30,3,RESPONSIVE
B001102,T00213,V0259,8383330.09,2025-08-08T13:02:08,4,RESPONSIVE
B001103,T00213,V0497,8503184.41,2025-08-02T17:06:33,5,RESPONSIVE
B001104,T00214,V0289,8134082.26,2025-08-01T02:57:45,1,RESPONSIVE
B001105,T00214,V0218,8449476.87,2025-07-12T13:01:59,2,RESPONSIVE
B001106,T00215,V0437,14573322.41,2025-08-10T04:49:56,1,RESPONSIVE
B001107,T00215,V0187,14728639.42,2025-07-24T06:59:22,2,RESPONSIVE
B001108,T00215,V0133,14793655.15,2025-07-28T19:58:14,3,RESPONSIVE
B001109,T00215,V0496,14858403.7,2025-08-05T13:04:18,4,RESPONSIVE
B001110,T00215,V0429,15583200.14,2025-07-23T13:14:20,5,RESPONSIVE
B001111,T00216,V0374,27586442.56,2024-07-09T23:15:57,1,RESPONSIVE
B001112,T00216,V0004,27961611.73,2024-07-11T13:43:52,2,RESPONSIVE
B001113,T00216,V0039,28266473.24,2024-07-10T18:26:55,3,RESPONSIVE
B001114,T00216,V0515,28795856.46,2024-07-11T23:32:54,4,RESPONSIVE
B001115,T00216,V0364,29255567.17,2024-07-13T06:22:31,5,NON_RESPONSIVE
B001116,T00217,V0482,23398457.18,2025-04-10T00:30:30,1,RESPONSIVE
B001117,T00217,V0308,23566120.9,2025-04-06T09:33:29,2,RESPONSIVE
B001118,T00217,V0030,23604188.78,2025-03-27T17:44:04,3,RESPONSIVE
B001119,T00217,V0396,23781147.56,2025-04-05T12:49:58,4,RESPONSIVE
B001120,T00217,V0336,24114968.35,2025-04-09T08:00:03,5,RESPONSIVE
B001121,T00217,V0460,24139948.58,2025-04-07T12:35:13,6,RESPONSIVE
B001122,T00217,V0456,24180882.66,2025-04-03T08:12:03,7,RESPONSIVE
B001123,T00217,V0513,25235291.16,2025-04-02T06:29:10,8,RESPONSIVE
B001124,T00218,V0277,8907476.54,2026-03-14T10:51:16,1,RESPONSIVE
B001125,T00218,V0113,8934072.72,2026-03-14T07:41:50,2,RESPONSIVE
B001126,T00218,V0355,9040017.11,2026-03-09T21:00:34,3,RESPONSIVE
B001127,T00219,V0375,47442102.43,2026-04-22T06:19:12,1,RESPONSIVE
B001128,T00219,V0032,53818727.77,2026-04-08T18:12:56,2,RESPONSIVE
B001129,T00220,V0328,43654181.45,2025-02-04T10:41:44,1,RESPONSIVE
B001130,T00220,V0115,43696695.13,2025-01-22T08:57:19,2,RESPONSIVE
B001131,T00220,V0472,44192215.92,2025-02-06T01:10:56,3,RESPONSIVE
B001132,T00220,V0390,44665415.2,2025-01-24T14:27:36,4,RESPONSIVE
B001133,T00220,V0441,45070641.35,2025-02-03T21:09:54,5,RESPONSIVE
B001134,T00220,V0532,46115390.87,2025-02-10T23:51:00,6,NON_RESPONSIVE
B001135,T00220,V0419,48040768.85,2025-01-22T16:41:57,7,RESPONSIVE
B001136,T00221,V0070,31325989.87,2025-05-07T19:01:02,1,RESPONSIVE
B001137,T00221,V0384,33733957.08,2025-05-04T05:52:30,2,RESPONSIVE
B001138,T00221,V0171,36571743.48,2025-04-26T09:39:24,3,RESPONSIVE
B001139,T00221,V0181,36730807.43,2025-05-03T20:43:51,4,RESPONSIVE
B001140,T00221,V0315,39234458.09,2025-04-22T22:16:31,5,RESPONSIVE
B001141,T00222,V0296,9601182.63,2025-04-22T03:08:57,1,RESPONSIVE
B001142,T00222,V0045,10025842.83,2025-04-03T18:04:24,2,RESPONSIVE
B001143,T00222,V0094,10474064.38,2025-04-02T17:41:37,3,RESPONSIVE
B001144,T00222,V0359,10806875.31,2025-04-05T16:31:48,4,RESPONSIVE
B001145,T00222,V0133,10891335.2,2025-04-20T14:08:55,5,RESPONSIVE
B001146,T00222,V0009,11035301.42,2025-04-17T18:22:00,6,RESPONSIVE
B001147,T00222,V0205,11210008.61,2025-04-20T21:41:46,7,RESPONSIVE
B001148,T00223,V0220,71278284.23,2025-03-15T00:03:02,1,RESPONSIVE
B001149,T00223,V0126,71663819.99,2025-03-09T21:41:38,2,NON_RESPONSIVE
B001150,T00223,V0438,73203269.71,2025-03-10T04:08:36,3,RESPONSIVE
B001151,T00223,V0297,74919313.59,2025-03-05T20:17:30,4,RESPONSIVE
B001152,T00223,V0313,77757438.12,2025-03-06T09:18:39,5,RESPONSIVE
B001153,T00224,V0525,80145370.52,2026-08-28T11:27:43,1,RESPONSIVE
B001154,T00224,V0067,84804193.65,2026-08-28T03:12:45,2,RESPONSIVE
B001155,T00225,V0486,15386758.64,2024-05-05T12:55:51,1,RESPONSIVE
B001156,T00225,V0033,15393560.34,2024-05-26T21:20:17,2,RESPONSIVE
B001157,T00225,V0164,15554628.75,2024-05-30T16:03:29,3,RESPONSIVE
B001158,T00225,V0448,16229528.29,2024-05-10T07:00:03,4,RESPONSIVE
B001159,T00225,V0540,16721077.68,2024-05-08T10:04:10,5,RESPONSIVE
B001160,T00226,V0332,6636091.17,2024-03-01T00:43:07,1,RESPONSIVE
B001161,T00226,V0142,6821787.1,2024-03-03T02:03:24,2,RESPONSIVE
B001162,T00226,V0248,7016585.35,2024-03-06T03:22:53,3,RESPONSIVE
B001163,T00227,V0308,36558812.67,2025-10-23T09:16:26,1,RESPONSIVE
B001164,T00227,V0539,36808801.88,2025-10-18T12:41:58,2,RESPONSIVE
B001165,T00227,V0079,38302690.45,2025-10-19T09:00:42,3,RESPONSIVE
B001166,T00227,V0025,38462450.68,2025-10-23T22:02:03,4,RESPONSIVE
B001167,T00227,V0369,38817367.01,2025-10-22T14:39:05,5,RESPONSIVE
B001168,T00227,V0214,40714834.69,2025-10-15T17:45:24,6,RESPONSIVE
B001169,T00228,V0443,13944959.33,2024-07-08T10:14:10,1,RESPONSIVE
B001170,T00228,V0371,14245856.75,2024-07-08T04:35:39,2,RESPONSIVE
B001171,T00228,V0021,14460882.25,2024-07-24T02:09:50,3,RESPONSIVE
B001172,T00228,V0167,15362085.56,2024-06-27T09:44:53,4,RESPONSIVE
B001173,T00229,V0073,6956884.47,2024-07-27T13:18:18,1,RESPONSIVE
B001174,T00229,V0370,6995198.86,2024-08-14T18:28:29,2,RESPONSIVE
B001175,T00229,V0151,7045143.56,2024-08-14T15:19:51,3,RESPONSIVE
B001176,T00229,V0546,7139575.26,2024-08-05T00:51:49,4,RESPONSIVE
B001177,T00229,V0007,7313112.41,2024-08-05T14:19:20,5,RESPONSIVE
B001178,T00229,V0523,7333091.45,2024-08-14T20:06:01,6,RESPONSIVE
B001179,T00229,V0254,7363463.73,2024-08-12T08:50:19,7,RESPONSIVE
B001180,T00229,V0327,7375924.33,2024-08-07T07:03:09,8,RESPONSIVE
B001181,T00229,V0310,7790475.24,2024-08-05T18:03:58,9,RESPONSIVE
B001182,T00230,V0041,13018416.96,2026-08-11T07:35:54,1,RESPONSIVE
B001183,T00230,V0277,13231372.53,2026-08-17T05:31:35,2,RESPONSIVE
B001184,T00230,V0144,13674394.7,2026-08-08T15:34:54,3,NON_RESPONSIVE
B001185,T00230,V0020,13700373.92,2026-08-12T20:25:31,4,RESPONSIVE
B001186,T00230,V0481,13818128.4,2026-08-20T10:05:49,5,RESPONSIVE
B001187,T00231,V0533,6190943.66,2025-11-02T10:48:47,1,RESPONSIVE
B001188,T00231,V0488,6310884.47,2025-11-02T19:46:53,2,RESPONSIVE
B001189,T00231,V0275,6316941.51,2025-10-25T09:34:29,3,RESPONSIVE
B001190,T00231,V0126,6471374.36,2025-11-14T19:33:22,4,RESPONSIVE
B001191,T00231,V0380,6662495.42,2025-10-27T12:38:43,5,RESPONSIVE
B001192,T00231,V0218,6683221.7,2025-11-17T11:59:05,6,RESPONSIVE
B001193,T00231,V0458,6862425.38,2025-11-10T16:44:37,7,RESPONSIVE
B001194,T00231,V0294,6974950.61,2025-10-23T09:58:28,8,RESPONSIVE
B001195,T00232,V0119,3213599.22,2024-12-02T19:33:55,1,RESPONSIVE
B001196,T00232,V0475,3356059.41,2024-11-23T05:27:51,2,RESPONSIVE
B001197,T00232,V0001,3435413.09,2024-12-17T15:55:15,3,RESPONSIVE
B001198,T00233,V0134,7988263.58,2026-02-14T14:55:53,1,RESPONSIVE
B001199,T00233,V0214,8322431.8,2026-02-16T11:46:09,2,RESPONSIVE
B001200,T00234,V0376,13543684.95,2025-02-13T11:35:33,1,RESPONSIVE
B001201,T00234,V0193,13806033.85,2025-02-07T23:25:48,2,RESPONSIVE
B001202,T00234,V0358,14075608.99,2025-01-31T23:10:12,3,RESPONSIVE
B001203,T00234,V0220,14210291.99,2025-02-13T17:37:45,4,RESPONSIVE
B001204,T00234,V0163,14348628.77,2025-02-19T14:42:40,5,RESPONSIVE
B001205,T00234,V0416,14410655.25,2025-02-08T16:27:57,6,RESPONSIVE
B001206,T00235,V0060,67984971.37,2026-04-11T14:15:57,1,RESPONSIVE
B001207,T00235,V0306,69720172.4,2026-04-18T05:06:39,2,RESPONSIVE
B001208,T00235,V0039,70166753.37,2026-04-14T05:04:19,3,RESPONSIVE
B001209,T00235,V0123,70525244.55,2026-04-16T11:56:18,4,RESPONSIVE
B001210,T00235,V0063,70632223.16,2026-04-23T10:42:06,5,RESPONSIVE
B001211,T00235,V0199,71259224.99,2026-04-18T09:37:14,6,RESPONSIVE
B001212,T00235,V0284,71551348.84,2026-04-14T00:40:58,7,RESPONSIVE
B001213,T00235,V0107,72067208.29,2026-04-16T06:59:47,8,RESPONSIVE
B001214,T00235,V0364,72293816.91,2026-04-23T15:04:06,9,RESPONSIVE
B001215,T00235,V0135,72915798.36,2026-04-10T12:44:03,10,RESPONSIVE
B001216,T00236,V0419,21672315.02,2026-03-27T11:42:12,1,RESPONSIVE
B001217,T00236,V0071,22517251.84,2026-03-13T13:43:22,2,RESPONSIVE
B001218,T00237,V0011,5432049.83,2024-05-19T19:17:52,1,RESPONSIVE
B001219,T00237,V0344,5598904.95,2024-05-15T04:38:08,2,RESPONSIVE
B001220,T00237,V0414,5810662.97,2024-05-16T00:59:58,3,RESPONSIVE
B001221,T00237,V0417,5845904.68,2024-05-19T19:47:37,4,RESPONSIVE
B001222,T00237,V0047,5959622.97,2024-05-11T03:13:06,5,RESPONSIVE
B001223,T00237,V0507,5981098.57,2024-04-26T03:23:19,6,RESPONSIVE
B001224,T00237,V0383,5990620.28,2024-05-13T09:56:12,7,RESPONSIVE
B001225,T00237,V0394,6108556.0,2024-05-04T13:32:55,8,RESPONSIVE
B001226,T00237,V0519,6459556.75,2024-04-24T09:13:40,9,RESPONSIVE
B001227,T00238,V0186,17586020.13,2024-10-26T02:14:24,1,RESPONSIVE
B001228,T00238,V0294,18167710.82,2024-10-14T02:24:06,2,RESPONSIVE
B001229,T00238,V0275,19279207.18,2024-10-27T12:58:33,3,RESPONSIVE
B001230,T00238,V0065,19465722.25,2024-10-16T23:23:53,4,RESPONSIVE
B001231,T00238,V0003,20054317.34,2024-10-26T09:05:34,5,RESPONSIVE
B001232,T00239,V0073,224501434.65,2024-07-21T07:36:36,1,RESPONSIVE
B001233,T00239,V0370,225740933.56,2024-08-08T06:20:45,2,RESPONSIVE
B001234,T00239,V0523,229595154.03,2024-08-02T10:11:38,3,RESPONSIVE
B001235,T00239,V0374,229924840.62,2024-08-03T18:51:41,4,RESPONSIVE
B001236,T00239,V0209,237562351.57,2024-07-19T23:24:59,5,RESPONSIVE
B001237,T00239,V0055,237849687.74,2024-07-24T11:08:29,6,RESPONSIVE
B001238,T00239,V0436,238599076.8,2024-07-31T23:02:33,7,RESPONSIVE
B001239,T00239,V0248,243650723.87,2024-08-02T10:33:15,8,RESPONSIVE
B001240,T00240,V0016,14689696.45,2025-12-21T04:26:14,1,RESPONSIVE
B001241,T00240,V0249,15392044.2,2025-12-09T06:48:33,2,RESPONSIVE
B001242,T00240,V0301,15873711.5,2025-12-21T03:22:52,3,RESPONSIVE
B001243,T00240,V0014,15945965.19,2025-12-14T06:34:24,4,RESPONSIVE
B001244,T00240,V0059,16004204.6,2025-12-10T17:19:52,5,RESPONSIVE
B001245,T00240,V0060,16122957.46,2025-12-13T03:18:00,6,RESPONSIVE
B001246,T00240,V0457,16414441.87,2025-12-17T16:12:38,7,RESPONSIVE
B001247,T00241,V0316,32607134.81,2025-09-13T02:03:36,1,RESPONSIVE
B001248,T00241,V0327,32726718.54,2025-10-09T19:57:10,2,RESPONSIVE
B001249,T00241,V0046,35016753.91,2025-09-26T02:44:08,3,RESPONSIVE
B001250,T00241,V0451,35067579.4,2025-09-16T15:20:21,4,RESPONSIVE
B001251,T00241,V0219,36301854.69,2025-09-26T19:08:35,5,RESPONSIVE
B001252,T00242,V0083,6486615.95,2024-05-07T01:54:21,1,RESPONSIVE
B001253,T00242,V0382,6817354.69,2024-05-17T22:24:48,2,RESPONSIVE
B001254,T00242,V0469,7127992.28,2024-05-20T05:35:56,3,RESPONSIVE
B001255,T00243,V0436,13908150.49,2025-02-09T07:57:50,1,RESPONSIVE
B001256,T00243,V0046,14584597.57,2025-02-21T07:38:01,2,RESPONSIVE
B001257,T00243,V0007,15717863.62,2025-02-15T18:09:47,3,RESPONSIVE
B001258,T00244,V0020,16039762.88,2024-04-29T19:52:21,1,RESPONSIVE
B001259,T00244,V0277,16213735.12,2024-05-08T01:21:57,2,RESPONSIVE
B001260,T00244,V0223,16668015.66,2024-04-27T01:05:31,3,RESPONSIVE
B001261,T00244,V0026,16692856.47,2024-04-26T07:02:01,4,RESPONSIVE
B001262,T00244,V0307,16829029.94,2024-05-15T03:44:22,5,NON_RESPONSIVE
B001263,T00244,V0184,16975031.52,2024-05-03T05:52:43,6,RESPONSIVE
B001264,T00244,V0481,17117541.37,2024-04-27T16:14:44,7,RESPONSIVE
B001265,T00244,V0050,17123556.1,2024-05-04T05:46:57,8,RESPONSIVE
B001266,T00244,V0144,17252217.67,2024-05-05T19:54:58,9,RESPONSIVE
B001267,T00245,V0127,797349.79,2024-05-14T13:32:28,1,RESPONSIVE
B001268,T00245,V0504,826560.61,2024-04-13T06:46:55,2,RESPONSIVE
B001269,T00245,V0242,855498.28,2024-05-08T22:47:18,3,RESPONSIVE
B001270,T00245,V0014,855640.66,2024-05-01T01:19:13,4,RESPONSIVE
B001271,T00245,V0327,865393.96,2024-05-14T21:36:27,5,RESPONSIVE
B001272,T00245,V0007,916100.41,2024-05-14T20:03:56,6,NON_RESPONSIVE
B001273,T00246,V0456,10121770.44,2024-02-07T12:29:16,1,RESPONSIVE
B001274,T00246,V0403,10150315.78,2024-01-30T17:11:28,2,RESPONSIVE
B001275,T00246,V0334,10178190.23,2024-02-17T09:52:35,3,RESPONSIVE
B001276,T00246,V0308,10289111.18,2024-02-08T09:02:47,4,RESPONSIVE
B001277,T00246,V0545,10406925.75,2024-02-18T07:23:10,5,RESPONSIVE
B001278,T00246,V0040,10457293.89,2024-02-06T02:22:02,6,RESPONSIVE
B001279,T00247,V0528,6114173.55,2024-02-05T23:21:18,1,RESPONSIVE
B001280,T00247,V0463,6241243.68,2024-02-02T06:10:44,2,RESPONSIVE
B001281,T00247,V0033,6583230.83,2024-02-01T01:49:55,3,RESPONSIVE
B001282,T00247,V0165,6642469.45,2024-02-05T01:17:20,4,RESPONSIVE
B001283,T00247,V0204,6857476.64,2024-02-07T01:07:48,5,RESPONSIVE
B001284,T00248,V0185,10254390.89,2024-09-28T05:06:30,1,RESPONSIVE
B001285,T00248,V0422,10451216.84,2024-10-07T11:30:13,2,RESPONSIVE
B001286,T00248,V0472,10956173.08,2024-10-08T09:40:20,3,RESPONSIVE
B001287,T00248,V0130,11003370.59,2024-10-05T13:43:50,4,RESPONSIVE
B001288,T00248,V0245,11075959.79,2024-10-04T00:14:15,5,RESPONSIVE
B001289,T00248,V0197,11457359.83,2024-10-16T08:41:33,6,RESPONSIVE
B001290,T00248,V0273,11474718.58,2024-10-02T23:18:33,7,RESPONSIVE
B001291,T00249,V0110,18810671.79,2025-11-24T05:41:03,1,RESPONSIVE
B001292,T00249,V0009,19312980.4,2025-12-02T17:21:54,2,RESPONSIVE
B001293,T00249,V0487,20186374.38,2025-12-01T09:48:51,3,RESPONSIVE
B001294,T00250,V0482,59853302.86,2025-01-04T00:50:19,1,RESPONSIVE
B001295,T00250,V0479,61195346.46,2024-12-25T17:33:29,2,RESPONSIVE
B001296,T00250,V0423,61226830.32,2024-12-31T23:57:22,3,RESPONSIVE
B001297,T00250,V0527,61674153.58,2025-01-03T11:42:11,4,RESPONSIVE
B001298,T00250,V0113,61788001.41,2025-01-10T22:06:30,5,NON_RESPONSIVE
B001299,T00250,V0514,62062071.87,2024-12-29T09:26:47,6,RESPONSIVE
B001300,T00250,V0134,62577779.36,2025-01-05T12:07:08,7,RESPONSIVE
B001301,T00250,V0259,64442694.48,2024-12-25T22:16:10,8,RESPONSIVE
B001302,T00250,V0184,64849412.18,2024-12-29T18:37:29,9,RESPONSIVE
B001303,T00251,V0335,13844685.15,2026-03-20T14:45:22,1,RESPONSIVE
B001304,T00251,V0532,14729811.68,2026-03-17T17:39:15,2,RESPONSIVE
B001305,T00251,V0112,14935691.07,2026-03-25T11:10:04,3,RESPONSIVE
B001306,T00252,V0346,23225800.06,2024-03-09T04:53:56,1,NON_RESPONSIVE
B001307,T00252,V0345,23330044.41,2024-03-17T22:46:58,2,RESPONSIVE
B001308,T00252,V0531,24178555.52,2024-03-15T17:42:02,3,RESPONSIVE
B001309,T00253,V0253,3938648.58,2024-08-18T16:59:56,1,RESPONSIVE
B001310,T00253,V0051,3970535.08,2024-08-15T12:16:49,2,RESPONSIVE
B001311,T00253,V0530,4009342.43,2024-08-18T08:22:40,3,RESPONSIVE
B001312,T00253,V0282,4096454.6,2024-09-05T17:27:42,4,RESPONSIVE
B001313,T00253,V0005,4151851.92,2024-08-08T23:14:52,5,RESPONSIVE
B001314,T00253,V0380,4153418.67,2024-09-05T12:56:00,6,RESPONSIVE
B001315,T00254,V0328,2693013.74,2025-10-13T18:55:13,1,RESPONSIVE
B001316,T00254,V0363,2920866.18,2025-10-22T13:38:53,2,RESPONSIVE
B001317,T00254,V0419,2967098.79,2025-10-11T22:04:43,3,NON_RESPONSIVE
B001318,T00255,V0372,4419577.59,2024-04-20T00:01:59,1,RESPONSIVE
B001319,T00255,V0506,4559632.12,2024-04-21T22:58:21,2,RESPONSIVE
B001320,T00255,V0128,4597828.52,2024-04-27T18:18:39,3,NON_RESPONSIVE
B001321,T00255,V0437,4614730.02,2024-04-27T23:58:01,4,RESPONSIVE
B001322,T00255,V0064,4740055.53,2024-05-02T15:03:49,5,RESPONSIVE
B001323,T00255,V0443,4753193.32,2024-04-16T00:23:11,6,RESPONSIVE
B001324,T00255,V0526,4811055.82,2024-05-04T23:03:40,7,RESPONSIVE
B001325,T00255,V0435,4824508.28,2024-05-05T21:10:17,8,NON_RESPONSIVE
B001326,T00256,V0288,19078177.73,2025-11-25T10:54:17,1,RESPONSIVE
B001327,T00256,V0121,19113215.7,2025-11-28T21:24:42,2,RESPONSIVE
B001328,T00256,V0185,20721398.28,2025-11-21T23:08:29,3,RESPONSIVE
B001329,T00257,V0207,23316816.64,2025-07-22T22:03:28,1,RESPONSIVE
B001330,T00257,V0461,24717257.8,2025-07-03T13:11:12,2,RESPONSIVE
B001331,T00257,V0242,24805828.99,2025-07-13T09:23:34,3,RESPONSIVE
B001332,T00257,V0414,26257082.47,2025-07-08T12:34:06,4,RESPONSIVE
B001333,T00257,V0281,26500926.54,2025-07-24T12:21:29,5,RESPONSIVE
B001334,T00257,V0107,26873106.57,2025-07-21T02:23:08,6,RESPONSIVE
B001335,T00257,V0023,27227474.32,2025-07-23T23:33:05,7,RESPONSIVE
B001336,T00257,V0208,28463512.93,2025-07-23T00:34:57,8,RESPONSIVE
B001337,T00258,V0378,6211162.35,2025-01-02T12:39:03,1,RESPONSIVE
B001338,T00258,V0077,6220037.28,2025-01-12T13:32:52,2,RESPONSIVE
B001339,T00258,V0431,6223228.4,2025-01-07T09:50:15,3,RESPONSIVE
B001340,T00258,V0505,6354964.08,2025-01-12T04:59:41,4,RESPONSIVE
B001341,T00258,V0012,6576850.07,2025-01-11T13:07:14,5,RESPONSIVE
B001342,T00258,V0192,6637809.74,2025-01-07T17:19:51,6,RESPONSIVE
B001343,T00258,V0119,6689133.94,2025-01-07T09:33:55,7,RESPONSIVE
B001344,T00258,V0452,6702274.09,2025-01-07T17:13:34,8,RESPONSIVE
B001345,T00259,V0142,1185920.27,2024-10-04T07:04:03,1,RESPONSIVE
B001346,T00259,V0335,1287431.22,2024-10-14T11:06:34,2,RESPONSIVE
B001347,T00260,V0244,24653557.19,2025-11-02T10:20:51,1,RESPONSIVE
B001348,T00260,V0374,24777706.79,2025-11-10T02:07:52,2,RESPONSIVE
B001349,T00260,V0063,24924710.55,2025-11-04T15:35:29,3,RESPONSIVE
B001350,T00260,V0093,25282720.66,2025-11-06T20:58:05,4,RESPONSIVE
B001351,T00260,V0073,25838101.23,2025-10-31T13:25:53,5,RESPONSIVE
B001352,T00260,V0248,26339726.39,2025-11-03T20:43:36,6,RESPONSIVE
B001353,T00260,V0186,26406752.65,2025-11-05T03:57:20,7,RESPONSIVE
B001354,T00260,V0188,26619687.3,2025-11-09T22:53:41,8,RESPONSIVE
B001355,T00261,V0144,778990.77,2024-06-05T17:45:22,1,RESPONSIVE
B001356,T00261,V0460,818036.55,2024-05-14T02:17:51,2,RESPONSIVE
B001357,T00261,V0050,822729.01,2024-07-12T19:15:41,3,NON_RESPONSIVE
B001358,T00261,V0025,856744.47,2024-06-26T15:02:19,4,RESPONSIVE
B001359,T00261,V0119,857447.52,2024-05-14T00:24:36,5,RESPONSIVE
B001360,T00262,V0409,3301559.64,2026-06-27T01:24:42,1,RESPONSIVE
B001361,T00262,V0204,3386946.73,2026-06-16T19:39:12,2,RESPONSIVE
B001362,T00262,V0529,3417846.76,2026-06-28T15:52:15,3,RESPONSIVE
B001363,T00262,V0200,3432325.23,2026-06-25T07:58:29,4,RESPONSIVE
B001364,T00262,V0243,3433072.03,2026-06-24T01:18:57,5,RESPONSIVE
B001365,T00262,V0119,3500538.72,2026-06-29T21:25:09,6,RESPONSIVE
B001366,T00262,V0202,3562971.93,2026-06-19T00:38:57,7,RESPONSIVE
B001367,T00262,V0408,3594249.52,2026-06-19T13:12:01,8,RESPONSIVE
B001368,T00262,V0378,3608536.68,2026-06-25T09:37:42,9,RESPONSIVE
B001369,T00263,V0468,61206781.58,2025-05-13T08:37:40,1,RESPONSIVE
B001370,T00263,V0370,62619038.13,2025-05-03T00:19:42,2,RESPONSIVE
B001371,T00263,V0027,63898360.21,2025-05-11T20:27:46,3,RESPONSIVE
B001372,T00263,V0249,67177251.57,2025-05-06T09:15:43,4,RESPONSIVE
B001373,T00264,V0276,3524758.45,2024-04-28T15:58:59,1,RESPONSIVE
B001374,T00264,V0038,3642330.83,2024-04-26T19:53:51,2,RESPONSIVE
B001375,T00264,V0504,3871332.01,2024-04-27T11:51:30,3,RESPONSIVE
B001376,T00264,V0322,3871496.83,2024-05-01T03:44:59,4,RESPONSIVE
B001377,T00264,V0016,3933038.07,2024-04-24T16:58:19,5,RESPONSIVE
B001378,T00264,V0413,4011286.58,2024-04-25T21:12:26,6,RESPONSIVE
B001379,T00265,V0387,30179695.81,2025-12-19T21:28:49,1,RESPONSIVE
B001380,T00265,V0153,33075494.78,2025-12-16T18:01:04,2,RESPONSIVE
B001381,T00266,V0083,19385725.39,2026-06-16T00:05:49,1,RESPONSIVE
B001382,T00266,V0452,20293171.41,2026-06-16T12:06:17,2,NON_RESPONSIVE
B001383,T00266,V0355,20901525.04,2026-06-09T20:16:37,3,RESPONSIVE
B001384,T00267,V0045,10987924.89,2026-08-13T23:24:34,1,RESPONSIVE
B001385,T00267,V0427,12162648.94,2026-08-06T17:46:20,2,RESPONSIVE
B001386,T00268,V0134,4623550.1,2025-10-17T08:43:14,1,RESPONSIVE
B001387,T00268,V0434,4730346.33,2025-10-18T05:14:55,2,RESPONSIVE
B001388,T00268,V0266,4886641.49,2025-09-29T11:39:12,3,RESPONSIVE
B001389,T00268,V0344,4917569.33,2025-10-01T21:50:32,4,RESPONSIVE
B001390,T00268,V0175,4979420.84,2025-10-03T09:54:10,5,RESPONSIVE
B001391,T00268,V0171,4983976.72,2025-10-05T17:59:18,6,RESPONSIVE
B001392,T00268,V0146,4984770.89,2025-10-06T10:16:51,7,RESPONSIVE
B001393,T00268,V0086,5035838.4,2025-10-11T11:00:19,8,RESPONSIVE
B001394,T00268,V0545,5150812.86,2025-10-04T19:39:17,9,RESPONSIVE
B001395,T00269,V0280,14490272.24,2025-12-08T07:45:59,1,RESPONSIVE
B001396,T00269,V0249,14706233.69,2025-12-05T06:31:54,2,RESPONSIVE
B001397,T00269,V0103,14905482.95,2025-11-21T22:42:25,3,NON_RESPONSIVE
B001398,T00269,V0188,16231416.83,2025-12-21T18:40:07,4,RESPONSIVE
B001399,T00269,V0269,16267014.93,2025-11-19T14:43:02,5,RESPONSIVE
B001400,T00270,V0204,9796077.9,2025-10-26T21:49:11,1,RESPONSIVE
B001401,T00270,V0058,9872668.6,2025-11-02T00:19:30,2,RESPONSIVE
B001402,T00270,V0408,9957664.47,2025-10-31T07:58:19,3,RESPONSIVE
B001403,T00270,V0469,10188790.65,2025-10-27T08:48:48,4,RESPONSIVE
B001404,T00270,V0528,10311859.05,2025-11-05T07:39:08,5,RESPONSIVE
B001405,T00270,V0192,10330668.34,2025-10-31T12:16:36,6,RESPONSIVE
B001406,T00270,V0481,10536398.01,2025-11-06T04:14:04,7,RESPONSIVE
B001407,T00270,V0395,10713684.54,2025-10-29T18:15:28,8,RESPONSIVE
B001408,T00270,V0329,10737145.82,2025-11-03T17:27:45,9,RESPONSIVE
B001409,T00270,V0148,10775968.2,2025-10-27T12:59:23,10,RESPONSIVE
B001410,T00270,V0491,11154565.39,2025-11-03T03:54:56,11,RESPONSIVE
B001411,T00271,V0403,7946834.63,2025-03-20T00:36:53,1,RESPONSIVE
B001412,T00271,V0134,7949865.15,2025-02-27T10:36:05,2,RESPONSIVE
B001413,T00271,V0423,8010643.82,2025-02-25T21:55:55,3,RESPONSIVE
B001414,T00271,V0539,8079727.5,2025-02-25T11:17:06,4,RESPONSIVE
B001415,T00272,V0195,94290756.44,2026-08-24T21:03:47,1,RESPONSIVE
B001416,T00272,V0411,100022210.86,2026-08-30T23:05:42,2,RESPONSIVE
B001417,T00272,V0132,103574864.41,2026-08-26T13:36:34,3,RESPONSIVE
B001418,T00272,V0249,104227129.05,2026-08-21T07:34:05,4,RESPONSIVE
B001419,T00272,V0248,104971503.55,2026-08-26T17:21:25,5,RESPONSIVE
B001420,T00273,V0143,5914697.45,2024-04-29T12:42:07,1,RESPONSIVE
B001421,T00273,V0271,6085676.39,2024-04-24T22:56:42,2,RESPONSIVE
B001422,T00273,V0415,6482911.43,2024-05-04T20:49:47,3,RESPONSIVE
B001423,T00273,V0251,6657924.05,2024-05-02T17:40:23,4,RESPONSIVE
B001424,T00274,V0022,4180558.44,2026-04-15T10:01:36,1,RESPONSIVE
B001425,T00274,V0409,4362141.35,2026-04-12T01:41:06,2,RESPONSIVE
B001426,T00274,V0058,4552064.08,2026-04-15T13:17:06,3,RESPONSIVE
B001427,T00274,V0033,4765348.24,2026-04-14T08:02:39,4,RESPONSIVE
B001428,T00275,V0119,4439822.97,2025-05-12T15:22:49,1,RESPONSIVE
B001429,T00275,V0077,4500244.55,2025-05-18T15:17:35,2,RESPONSIVE
B001430,T00275,V0431,4530270.65,2025-05-04T22:58:41,3,RESPONSIVE
B001431,T00275,V0382,4542097.08,2025-04-30T22:55:23,4,RESPONSIVE
B001432,T00275,V0538,4580866.51,2025-05-09T03:28:56,5,RESPONSIVE
B001433,T00275,V0351,4599866.83,2025-05-19T17:53:27,6,RESPONSIVE
B001434,T00275,V0355,4684174.23,2025-05-10T15:39:54,7,RESPONSIVE
B001435,T00275,V0202,4823990.35,2025-05-18T02:24:16,8,RESPONSIVE
B001436,T00275,V0264,4979562.82,2025-05-16T16:46:38,9,RESPONSIVE
B001437,T00276,V0332,5580513.38,2026-08-14T00:08:41,1,RESPONSIVE
B001438,T00276,V0363,5699387.24,2026-08-13T13:45:59,2,RESPONSIVE
B001439,T00276,V0335,5736701.23,2026-08-01T02:27:46,3,RESPONSIVE
B001440,T00276,V0166,5741174.74,2026-07-17T03:18:40,4,RESPONSIVE
B001441,T00276,V0088,5962871.11,2026-07-29T20:04:08,5,RESPONSIVE
B001442,T00276,V0039,6039129.51,2026-08-07T22:16:23,6,RESPONSIVE
B001443,T00276,V0294,6048214.94,2026-08-13T23:15:50,7,RESPONSIVE
B001444,T00276,V0282,6230850.37,2026-07-27T08:26:58,8,RESPONSIVE
B001445,T00276,V0228,6347358.05,2026-08-13T16:17:31,9,RESPONSIVE
B001446,T00277,V0306,11498751.18,2025-06-04T21:57:39,1,RESPONSIVE
B001447,T00277,V0073,11529874.99,2025-06-05T04:26:46,2,RESPONSIVE
B001448,T00277,V0023,11600688.24,2025-05-24T10:23:52,3,RESPONSIVE
B001449,T00277,V0209,11739290.86,2025-05-26T12:21:18,4,RESPONSIVE
B001450,T00277,V0062,12829781.05,2025-06-01T21:15:45,5,RESPONSIVE
B001451,T00278,V0533,819854.24,2026-06-20T21:27:12,1,RESPONSIVE
B001452,T00278,V0269,845793.91,2026-07-01T09:10:23,2,RESPONSIVE
B001453,T00278,V0201,851766.43,2026-06-27T07:19:59,3,RESPONSIVE
B001454,T00278,V0328,892624.45,2026-06-21T17:46:30,4,RESPONSIVE
B001455,T00278,V0188,893470.91,2026-06-18T10:48:33,5,RESPONSIVE
B001456,T00279,V0192,15783546.93,2025-05-04T23:25:17,1,RESPONSIVE
B001457,T00279,V0049,15845739.47,2025-05-12T00:28:00,2,RESPONSIVE
B001458,T00279,V0408,16758292.7,2025-04-30T05:37:42,3,RESPONSIVE
B001459,T00280,V0027,20249451.54,2024-11-18T23:02:04,1,RESPONSIVE
B001460,T00280,V0330,20813286.83,2024-11-21T23:27:07,2,RESPONSIVE
B001461,T00280,V0208,21626921.61,2024-10-31T22:19:25,3,RESPONSIVE
B001462,T00281,V0419,893100.41,2025-01-27T10:18:48,1,RESPONSIVE
B001463,T00281,V0328,938690.11,2025-01-21T06:34:38,2,RESPONSIVE
B001464,T00281,V0158,966338.3,2025-01-19T09:32:06,3,RESPONSIVE
B001465,T00281,V0121,991776.06,2025-01-24T10:12:30,4,RESPONSIVE
B001466,T00281,V0321,1017564.53,2025-01-18T12:23:03,5,RESPONSIVE
B001467,T00282,V0549,25851251.04,2024-06-30T21:42:52,1,RESPONSIVE
B001468,T00282,V0144,25957450.7,2024-07-02T16:29:38,2,RESPONSIVE
B001469,T00282,V0035,26472252.98,2024-06-28T10:36:58,3,RESPONSIVE
B001470,T00283,V0013,5077313.64,2026-08-02T04:45:48,1,RESPONSIVE
B001471,T00283,V0248,5373545.71,2026-08-13T04:08:06,2,RESPONSIVE
B001472,T00283,V0303,5427949.07,2026-08-16T10:16:36,3,RESPONSIVE
B001473,T00283,V0003,5450814.27,2026-08-21T00:58:15,4,RESPONSIVE
B001474,T00283,V0230,5477934.94,2026-08-13T06:05:53,5,RESPONSIVE
B001475,T00284,V0258,4134156.04,2025-11-10T19:30:40,1,RESPONSIVE
B001476,T00284,V0079,4168277.77,2025-11-27T01:03:14,2,RESPONSIVE
B001477,T00284,V0129,4220893.15,2025-11-24T15:09:58,3,RESPONSIVE
B001478,T00284,V0527,4256679.2,2025-11-16T15:26:58,4,RESPONSIVE
B001479,T00284,V0008,4297678.54,2025-11-30T07:20:07,5,RESPONSIVE
B001480,T00284,V0293,4341086.34,2025-11-28T23:45:22,6,RESPONSIVE
B001481,T00284,V0178,4451585.95,2025-11-14T12:03:33,7,RESPONSIVE
B001482,T00284,V0010,4478880.32,2025-11-27T10:39:18,8,RESPONSIVE
B001483,T00285,V0230,4587456.97,2026-03-25T19:54:20,1,RESPONSIVE
B001484,T00285,V0187,4801793.94,2026-03-30T04:32:42,2,RESPONSIVE
B001485,T00285,V0361,4839281.91,2026-03-29T08:35:08,3,RESPONSIVE
B001486,T00285,V0438,4992307.36,2026-03-20T18:52:22,4,RESPONSIVE
B001487,T00285,V0060,5036262.02,2026-03-20T08:31:10,5,RESPONSIVE
B001488,T00286,V0181,19208941.8,2026-01-24T14:08:14,1,RESPONSIVE
B001489,T00286,V0113,20459423.95,2026-01-21T03:39:07,2,RESPONSIVE
B001490,T00287,V0054,10150569.99,2026-01-28T10:13:07,1,RESPONSIVE
B001491,T00287,V0182,10185467.85,2026-01-16T18:22:31,2,RESPONSIVE
B001492,T00287,V0120,10239962.81,2026-01-12T07:50:38,3,RESPONSIVE
B001493,T00288,V0317,10689408.35,2024-08-27T19:52:11,1,NON_RESPONSIVE
B001494,T00288,V0384,11439246.91,2024-09-04T08:32:52,2,RESPONSIVE
B001495,T00288,V0215,12053155.09,2024-09-18T21:28:27,3,RESPONSIVE
B001496,T00288,V0291,12598910.63,2024-09-18T12:39:19,4,RESPONSIVE
B001497,T00288,V0501,12705938.48,2024-09-15T15:14:54,5,RESPONSIVE
B001498,T00288,V0321,13055528.52,2024-09-08T03:14:39,6,RESPONSIVE
B001499,T00289,V0151,4560454.71,2026-04-07T01:32:03,1,RESPONSIVE
B001500,T00289,V0301,4977853.29,2026-04-09T17:32:36,2,RESPONSIVE
B001501,T00289,V0132,5076483.21,2026-04-10T03:06:17,3,RESPONSIVE
B001502,T00289,V0066,5259742.89,2026-04-09T01:45:39,4,RESPONSIVE
B001503,T00289,V0092,5510030.07,2026-04-09T18:53:13,5,RESPONSIVE
B001504,T00290,V0231,5576120.14,2025-07-27T11:36:50,1,RESPONSIVE
B001505,T00290,V0465,5740094.03,2025-07-29T04:33:19,2,RESPONSIVE
B001506,T00290,V0423,5930141.19,2025-08-03T14:17:04,3,RESPONSIVE
B001507,T00290,V0514,6077282.27,2025-07-31T22:22:15,4,RESPONSIVE
B001508,T00290,V0293,6187715.77,2025-07-24T09:26:56,5,RESPONSIVE
B001509,T00290,V0258,6251840.59,2025-08-03T01:00:53,6,RESPONSIVE
B001510,T00291,V0531,37313430.92,2024-09-07T09:16:20,1,RESPONSIVE
B001511,T00291,V0163,37725868.99,2024-08-31T19:07:23,2,RESPONSIVE
B001512,T00291,V0121,38905174.94,2024-09-05T18:51:09,3,RESPONSIVE
B001513,T00291,V0118,40346039.14,2024-08-31T04:40:15,4,RESPONSIVE
B001514,T00292,V0240,2874938.19,2026-08-04T06:42:50,1,RESPONSIVE
B001515,T00292,V0164,3143363.87,2026-07-16T11:59:43,2,RESPONSIVE
B001516,T00292,V0168,3231111.08,2026-07-29T12:48:17,3,RESPONSIVE
B001517,T00292,V0049,3234531.79,2026-07-25T07:56:39,4,RESPONSIVE
B001518,T00293,V0125,72302950.19,2026-08-03T12:11:54,1,RESPONSIVE
B001519,T00293,V0159,81021244.6,2026-07-21T08:25:03,2,RESPONSIVE
B001520,T00294,V0040,8083494.29,2024-09-23T18:49:26,1,RESPONSIVE
B001521,T00294,V0079,8245053.96,2024-09-28T05:10:40,2,RESPONSIVE
B001522,T00294,V0266,8460999.74,2024-09-28T20:48:54,3,RESPONSIVE
B001523,T00294,V0087,9011225.9,2024-09-27T20:53:20,4,RESPONSIVE
B001524,T00295,V0212,12107391.6,2025-08-06T14:58:16,1,RESPONSIVE
B001525,T00295,V0385,12208658.81,2025-07-27T04:03:47,2,RESPONSIVE
B001526,T00295,V0052,12571045.97,2025-08-10T22:16:58,3,RESPONSIVE
B001527,T00295,V0510,12588144.04,2025-08-04T22:35:11,4,RESPONSIVE
B001528,T00295,V0531,12692256.21,2025-07-31T20:13:33,5,RESPONSIVE
B001529,T00295,V0418,12954710.39,2025-08-10T09:14:15,6,RESPONSIVE
B001530,T00295,V0320,13189214.56,2025-08-08T11:39:45,7,RESPONSIVE
B001531,T00296,V0350,8103519.41,2024-02-27T05:29:41,1,RESPONSIVE
B001532,T00296,V0262,9021729.35,2024-02-28T23:11:41,2,RESPONSIVE
B001533,T00296,V0033,9154798.71,2024-03-11T11:05:29,3,RESPONSIVE
B001534,T00296,V0148,9212131.91,2024-02-16T15:39:27,4,RESPONSIVE
B001535,T00296,V0229,9261574.48,2024-02-29T04:35:52,5,RESPONSIVE
B001536,T00296,V0141,9440517.26,2024-03-14T19:46:07,6,RESPONSIVE
B001537,T00296,V0232,9603415.37,2024-03-03T00:05:33,7,RESPONSIVE
B001538,T00296,V0083,9689537.02,2024-03-13T04:11:25,8,RESPONSIVE
B001539,T00296,V0149,10022891.06,2024-03-08T01:40:43,9,RESPONSIVE
B001540,T00297,V0275,36889141.79,2025-11-30T00:31:59,1,RESPONSIVE
B001541,T00297,V0145,37219236.69,2025-11-10T06:55:17,2,RESPONSIVE
B001542,T00297,V0189,37633684.24,2025-11-16T17:13:56,3,RESPONSIVE
B001543,T00297,V0373,37822200.58,2025-12-01T23:34:43,4,RESPONSIVE
B001544,T00297,V0303,38368923.22,2025-11-26T16:34:45,5,RESPONSIVE
B001545,T00297,V0239,40124980.52,2025-11-08T11:57:15,6,RESPONSIVE
B001546,T00298,V0218,2879059.15,2025-09-01T16:07:12,1,RESPONSIVE
B001547,T00298,V0185,2947272.73,2025-09-03T18:54:46,2,RESPONSIVE
B001548,T00298,V0115,2980052.21,2025-09-09T04:28:29,3,RESPONSIVE
B001549,T00298,V0349,3000637.7,2025-09-06T19:14:07,4,RESPONSIVE
B001550,T00298,V0248,3037639.57,2025-08-28T23:20:06,5,RESPONSIVE
B001551,T00299,V0169,9270554.42,2024-05-20T08:59:42,1,RESPONSIVE
B001552,T00299,V0404,9508131.63,2024-05-29T11:50:05,2,RESPONSIVE
B001553,T00300,V0460,13285111.14,2024-05-26T11:57:56,1,RESPONSIVE
B001554,T00300,V0407,13899130.44,2024-05-18T05:12:56,2,RESPONSIVE
B001555,T00300,V0338,13931526.4,2024-05-05T13:54:05,3,RESPONSIVE
B001556,T00300,V0494,14147574.23,2024-05-22T09:30:35,4,RESPONSIVE
B001557,T00300,V0456,14558029.54,2024-05-16T09:15:43,5,RESPONSIVE
B001558,T00300,V0479,15257755.6,2024-05-15T23:54:34,6,RESPONSIVE
B001559,T00301,V0365,23040288.77,2025-05-29T13:07:25,1,RESPONSIVE
B001560,T00301,V0256,25257786.98,2025-05-26T21:28:23,2,RESPONSIVE
B001561,T00302,V0198,4665790.09,2025-03-22T03:05:07,1,RESPONSIVE
B001562,T00302,V0208,4846121.87,2025-03-14T22:39:06,2,RESPONSIVE
B001563,T00302,V0457,4956269.77,2025-03-18T02:59:51,3,RESPONSIVE
B001564,T00302,V0123,5003892.81,2025-03-21T03:37:15,4,RESPONSIVE
B001565,T00302,V0288,5004525.02,2025-03-16T22:04:56,5,NON_RESPONSIVE
B001566,T00302,V0062,5383886.74,2025-03-16T19:44:25,6,RESPONSIVE
B001567,T00303,V0438,52026338.24,2025-04-07T14:48:51,1,RESPONSIVE
B001568,T00303,V0525,52342911.19,2025-04-15T03:31:01,2,RESPONSIVE
B001569,T00303,V0143,53536236.22,2025-04-11T01:23:38,3,RESPONSIVE
B001570,T00303,V0455,54848706.57,2025-04-09T08:16:08,4,RESPONSIVE
B001571,T00303,V0421,55125674.33,2025-04-16T03:03:34,5,RESPONSIVE
B001572,T00303,V0091,56540762.12,2025-04-18T03:42:19,6,RESPONSIVE
B001573,T00304,V0422,6907984.48,2024-02-19T02:40:39,1,NON_RESPONSIVE
B001574,T00304,V0169,7330037.0,2024-02-22T20:56:44,2,RESPONSIVE
B001575,T00304,V0484,7366998.49,2024-03-05T21:39:53,3,RESPONSIVE
B001576,T00304,V0005,7420618.44,2024-02-18T12:50:05,4,RESPONSIVE
B001577,T00304,V0488,7798313.94,2024-02-29T04:53:25,5,RESPONSIVE
B001578,T00304,V0230,7848013.56,2024-02-25T18:03:13,6,RESPONSIVE
B001579,T00304,V0397,7956945.5,2024-03-04T05:38:19,7,RESPONSIVE
B001580,T00305,V0161,6936822.91,2024-06-28T11:04:39,1,RESPONSIVE
B001581,T00305,V0377,7010786.12,2024-06-29T20:01:50,2,NON_RESPONSIVE
B001582,T00305,V0005,7045335.69,2024-06-21T20:10:00,3,RESPONSIVE
B001583,T00305,V0360,7138429.79,2024-07-02T19:07:49,4,NON_RESPONSIVE
B001584,T00305,V0425,7293561.26,2024-06-27T18:36:51,5,RESPONSIVE
B001585,T00306,V0126,6330839.01,2024-08-21T15:10:11,1,RESPONSIVE
B001586,T00306,V0495,6348439.16,2024-08-19T06:40:02,2,RESPONSIVE
B001587,T00306,V0039,6539838.11,2024-08-18T03:34:11,3,RESPONSIVE
B001588,T00306,V0166,6780869.96,2024-08-24T19:33:17,4,RESPONSIVE
B001589,T00307,V0335,1271312.14,2024-07-15T21:57:01,1,RESPONSIVE
B001590,T00307,V0422,1275917.54,2024-07-25T13:30:06,2,RESPONSIVE
B001591,T00307,V0218,1289297.28,2024-07-22T20:28:19,3,NON_RESPONSIVE
B001592,T00307,V0275,1321837.97,2024-07-31T23:07:32,4,RESPONSIVE
B001593,T00307,V0436,1329435.71,2024-07-17T00:27:28,5,RESPONSIVE
B001594,T00307,V0185,1339724.43,2024-07-24T03:36:24,6,RESPONSIVE
B001595,T00307,V0495,1348398.79,2024-07-23T14:21:56,7,RESPONSIVE
B001596,T00307,V0424,1439222.02,2024-07-20T22:31:48,8,RESPONSIVE
B001597,T00308,V0086,6278313.16,2025-12-14T23:01:30,1,RESPONSIVE
B001598,T00308,V0231,6761725.39,2025-12-17T10:33:48,2,RESPONSIVE
B001599,T00309,V0514,16528688.56,2024-02-16T23:30:10,1,RESPONSIVE
B001600,T00309,V0338,18160718.44,2024-02-19T19:38:26,2,RESPONSIVE
B001601,T00310,V0454,8094667.9,2025-02-03T20:00:29,1,RESPONSIVE
B001602,T00310,V0501,8240951.87,2025-01-20T23:45:48,2,RESPONSIVE
B001603,T00310,V0509,8333602.23,2025-01-18T01:22:54,3,RESPONSIVE
B001604,T00310,V0213,8670931.49,2025-01-11T17:53:25,4,RESPONSIVE
B001605,T00310,V0495,8696289.19,2025-01-27T02:03:36,5,RESPONSIVE
B001606,T00311,V0399,9817454.2,2025-10-01T04:15:19,1,RESPONSIVE
B001607,T00311,V0368,10922174.36,2025-10-03T19:48:09,2,RESPONSIVE
B001608,T00312,V0456,6527908.69,2024-05-29T12:39:32,1,RESPONSIVE
B001609,T00312,V0085,6551223.09,2024-06-02T01:31:23,2,RESPONSIVE
B001610,T00312,V0513,6674682.31,2024-06-13T11:51:28,3,RESPONSIVE
B001611,T00312,V0231,6686475.82,2024-05-31T16:11:13,4,RESPONSIVE
B001612,T00312,V0030,6729162.49,2024-05-23T09:02:49,5,RESPONSIVE
B001613,T00312,V0539,6790831.64,2024-06-12T07:46:01,6,RESPONSIVE
B001614,T00312,V0113,6923873.82,2024-05-17T22:43:58,7,RESPONSIVE
B001615,T00312,V0184,7014470.2,2024-06-09T15:34:26,8,RESPONSIVE
B001616,T00312,V0026,7116438.93,2024-05-31T11:00:47,9,RESPONSIVE
B001617,T00312,V0423,7191050.9,2024-05-27T17:59:45,10,RESPONSIVE
B001618,T00313,V0149,19383792.39,2026-07-28T12:50:18,1,RESPONSIVE
B001619,T00313,V0243,19608729.5,2026-07-27T13:39:18,2,RESPONSIVE
B001620,T00313,V0536,19829125.18,2026-08-06T18:41:55,3,RESPONSIVE
B001621,T00313,V0001,21150345.68,2026-08-06T22:48:43,4,RESPONSIVE
B001622,T00314,V0532,15323122.47,2025-06-23T18:40:21,1,RESPONSIVE
B001623,T00314,V0488,15856538.48,2025-07-10T22:07:09,2,RESPONSIVE
B001624,T00314,V0472,17235348.18,2025-06-28T02:30:26,3,RESPONSIVE
B001625,T00314,V0263,17653183.13,2025-06-26T00:57:23,4,RESPONSIVE
B001626,T00314,V0441,17837381.11,2025-07-11T15:58:17,5,RESPONSIVE
B001627,T00314,V0326,18482972.03,2025-06-12T16:27:47,6,NON_RESPONSIVE
B001628,T00315,V0114,10376477.08,2026-07-06T14:55:27,1,RESPONSIVE
B001629,T00315,V0537,10525188.53,2026-07-27T05:26:42,2,RESPONSIVE
B001630,T00316,V0536,5949308.93,2026-04-04T10:18:49,1,RESPONSIVE
B001631,T00316,V0329,6117442.8,2026-03-28T18:11:28,2,RESPONSIVE
B001632,T00316,V0540,6303941.78,2026-04-01T12:47:28,3,RESPONSIVE
B001633,T00316,V0033,6532553.11,2026-04-20T17:33:00,4,RESPONSIVE
B001634,T00316,V0406,6631417.16,2026-03-27T17:27:52,5,RESPONSIVE
B001635,T00316,V0535,6633068.42,2026-04-22T13:31:51,6,RESPONSIVE
B001636,T00317,V0160,7872141.01,2024-03-01T23:30:38,1,RESPONSIVE
B001637,T00317,V0221,8652154.16,2024-03-17T16:48:11,2,RESPONSIVE
B001638,T00318,V0303,5562278.98,2024-06-26T01:57:39,1,RESPONSIVE
B001639,T00318,V0121,5599013.23,2024-06-30T21:03:47,2,RESPONSIVE
B001640,T00318,V0247,5614449.51,2024-06-30T08:24:36,3,RESPONSIVE
B001641,T00318,V0161,6093096.25,2024-06-22T03:45:56,4,RESPONSIVE
B001642,T00318,V0509,6161840.2,2024-06-24T07:37:11,5,RESPONSIVE
B001643,T00319,V0184,16701267.81,2026-01-19T21:14:29,1,RESPONSIVE
B001644,T00319,V0113,17706551.65,2026-01-21T22:56:28,2,RESPONSIVE
B001645,T00320,V0452,5969752.24,2024-08-15T11:36:47,1,RESPONSIVE
B001646,T00320,V0351,6141510.83,2024-08-27T07:08:48,2,RESPONSIVE
B001647,T00320,V0012,6393343.3,2024-08-20T14:34:37,3,RESPONSIVE
B001648,T00320,V0083,6556392.18,2024-08-23T14:11:52,4,RESPONSIVE
B001649,T00320,V0535,6612881.75,2024-08-22T20:46:49,5,RESPONSIVE
B001650,T00321,V0114,55985474.98,2026-05-16T22:20:05,1,RESPONSIVE
B001651,T00321,V0476,58609649.7,2026-05-15T07:07:06,2,RESPONSIVE
B001652,T00321,V0357,60463961.84,2026-05-16T21:41:25,3,RESPONSIVE
B001653,T00321,V0118,60598568.83,2026-05-20T18:13:57,4,RESPONSIVE
B001654,T00321,V0462,61467741.21,2026-05-25T21:21:44,5,RESPONSIVE
B001655,T00321,V0484,62478002.56,2026-05-25T23:59:03,6,RESPONSIVE
B001656,T00321,V0520,62660421.38,2026-05-21T04:55:13,7,RESPONSIVE
B001657,T00321,V0421,62721510.9,2026-05-13T07:07:51,8,RESPONSIVE
B001658,T00322,V0469,22189844.36,2026-07-10T17:20:19,1,RESPONSIVE
B001659,T00322,V0543,23277570.4,2026-07-08T08:16:35,2,RESPONSIVE
B001660,T00322,V0529,23801591.59,2026-07-16T08:50:52,3,RESPONSIVE
B001661,T00322,V0243,24225718.48,2026-07-16T18:50:44,4,RESPONSIVE
B001662,T00322,V0072,24370810.89,2026-07-19T00:45:06,5,RESPONSIVE
B001663,T00322,V0382,24401038.39,2026-07-19T00:23:57,6,RESPONSIVE
B001664,T00322,V0355,24640966.61,2026-06-18T23:58:49,7,RESPONSIVE
B001665,T00323,V0085,1614266.92,2026-01-12T12:36:45,1,RESPONSIVE
B001666,T00323,V0010,1662883.09,2026-01-12T13:06:02,2,RESPONSIVE
B001667,T00323,V0040,1674976.46,2026-01-08T02:02:15,3,RESPONSIVE
B001668,T00323,V0258,1738380.17,2026-01-04T03:57:14,4,RESPONSIVE
B001669,T00324,V0023,13986939.1,2025-03-18T05:18:16,1,RESPONSIVE
B001670,T00324,V0396,14752390.57,2025-03-11T08:32:01,2,RESPONSIVE
B001671,T00324,V0298,14839525.34,2025-02-27T22:36:08,3,RESPONSIVE
B001672,T00325,V0410,62937567.96,2025-10-08T04:28:48,1,RESPONSIVE
B001673,T00325,V0400,66708911.78,2025-10-08T11:08:46,2,RESPONSIVE
B001674,T00325,V0114,67357670.03,2025-10-10T23:04:14,3,RESPONSIVE
B001675,T00325,V0547,67412565.26,2025-10-03T10:28:30,4,RESPONSIVE
B001676,T00325,V0531,70377556.37,2025-10-06T00:17:34,5,RESPONSIVE
B001677,T00325,V0368,71875970.81,2025-10-08T14:41:42,6,RESPONSIVE
B001678,T00326,V0388,2001096.23,2024-12-07T22:59:04,1,RESPONSIVE
B001679,T00326,V0379,2116281.74,2024-11-29T19:42:19,2,RESPONSIVE
B001680,T00326,V0016,2134342.52,2024-12-06T21:02:01,3,RESPONSIVE
B001681,T00326,V0127,2177934.43,2024-12-19T11:05:38,4,RESPONSIVE
B001682,T00326,V0123,2185919.5,2024-12-13T02:50:58,5,RESPONSIVE
B001683,T00326,V0301,2199601.41,2024-11-27T09:00:35,6,RESPONSIVE
B001684,T00326,V0244,2274280.83,2024-12-06T03:10:46,7,RESPONSIVE
B001685,T00326,V0280,2279947.42,2024-12-09T15:08:35,8,RESPONSIVE
B001686,T00326,V0276,2302760.99,2024-12-05T06:45:02,9,RESPONSIVE
B001687,T00327,V0132,3759943.21,2025-09-12T04:12:47,1,RESPONSIVE
B001688,T00327,V0127,3873910.05,2025-09-02T04:19:33,2,RESPONSIVE
B001689,T00327,V0310,3896563.66,2025-09-20T14:28:26,3,RESPONSIVE
B001690,T00327,V0276,3924258.83,2025-09-08T16:59:18,4,RESPONSIVE
B001691,T00327,V0327,3991727.08,2025-08-23T10:47:16,5,RESPONSIVE
B001692,T00327,V0014,3997247.35,2025-09-19T21:14:15,6,RESPONSIVE
B001693,T00327,V0093,4042626.16,2025-09-13T09:31:18,7,RESPONSIVE
B001694,T00328,V0218,6688745.03,2026-01-08T10:36:43,1,RESPONSIVE
B001695,T00328,V0179,6796369.91,2025-12-17T21:32:09,2,RESPONSIVE
B001696,T00328,V0115,6864950.97,2026-01-02T22:13:52,3,RESPONSIVE
B001697,T00328,V0080,7101434.26,2025-12-22T11:12:17,4,RESPONSIVE
B001698,T00328,V0340,7142103.23,2026-01-13T08:40:37,5,RESPONSIVE
B001699,T00328,V0187,7216139.5,2026-01-04T07:51:02,6,RESPONSIVE
B001700,T00328,V0255,7366843.11,2026-01-13T09:04:33,7,RESPONSIVE
B001701,T00328,V0279,7403247.97,2026-01-10T20:08:16,8,RESPONSIVE
B001702,T00328,V0228,7594359.51,2026-01-02T16:40:44,9,RESPONSIVE
B001703,T00329,V0319,7318714.72,2025-05-06T01:57:53,1,RESPONSIVE
B001704,T00329,V0309,7410349.12,2025-05-15T06:43:05,2,RESPONSIVE
B001705,T00329,V0292,7413684.61,2025-05-11T20:21:40,3,RESPONSIVE
B001706,T00329,V0546,8442344.84,2025-05-15T07:00:27,4,RESPONSIVE
B001707,T00330,V0302,7764285.45,2026-01-26T07:36:52,1,RESPONSIVE
B001708,T00330,V0396,7918022.97,2026-02-01T17:05:28,2,RESPONSIVE
B001709,T00330,V0291,8007637.42,2026-02-05T07:12:16,3,RESPONSIVE
B001710,T00330,V0034,8240787.0,2026-02-03T00:28:26,4,RESPONSIVE
B001711,T00331,V0062,3077899.19,2025-03-29T19:32:24,1,RESPONSIVE
B001712,T00331,V0014,3225903.62,2025-03-29T08:09:16,2,RESPONSIVE
B001713,T00332,V0294,6522063.6,2025-01-19T21:38:07,1,RESPONSIVE
B001714,T00332,V0402,6835644.24,2025-01-15T21:32:40,2,RESPONSIVE
B001715,T00332,V0489,6994056.01,2025-01-15T04:24:15,3,RESPONSIVE
B001716,T00332,V0088,7104197.71,2025-01-17T05:23:57,4,RESPONSIVE
B001717,T00332,V0363,7422063.95,2025-01-18T18:32:00,5,RESPONSIVE
B001718,T00333,V0259,1039966.08,2024-07-12T13:08:17,1,RESPONSIVE
B001719,T00333,V0317,1058065.16,2024-06-23T16:06:35,2,RESPONSIVE
B001720,T00333,V0338,1084665.61,2024-07-03T05:58:14,3,RESPONSIVE
B001721,T00333,V0433,1086162.83,2024-07-15T17:07:30,4,RESPONSIVE
B001722,T00333,V0414,1120288.28,2024-07-08T13:08:48,5,RESPONSIVE
B001723,T00334,V0182,3238547.8,2026-04-01T20:56:16,1,RESPONSIVE
B001724,T00334,V0472,3317191.32,2026-04-02T12:21:26,2,RESPONSIVE
B001725,T00335,V0314,4689511.49,2025-03-05T02:00:40,1,RESPONSIVE
B001726,T00335,V0025,4905536.11,2025-04-12T01:48:44,2,RESPONSIVE
B001727,T00335,V0011,4918821.19,2025-03-07T17:18:21,3,RESPONSIVE
B001728,T00335,V0231,4942167.99,2025-04-14T00:00:36,4,RESPONSIVE
B001729,T00335,V0087,4950112.41,2025-04-12T15:29:51,5,RESPONSIVE
B001730,T00335,V0070,4959839.68,2025-04-07T01:50:47,6,RESPONSIVE
B001731,T00336,V0461,28776441.85,2026-03-30T22:17:59,1,RESPONSIVE
B001732,T00336,V0207,28892017.9,2026-03-27T22:17:37,2,RESPONSIVE
B001733,T00336,V0249,29477355.0,2026-04-05T02:50:08,3,RESPONSIVE
B001734,T00336,V0316,29674828.28,2026-04-02T12:18:10,4,RESPONSIVE
B001735,T00336,V0276,30391402.65,2026-03-22T13:57:42,5,RESPONSIVE
B001736,T00336,V0254,30821722.96,2026-04-03T14:07:27,6,NON_RESPONSIVE
B001737,T00336,V0411,30894720.77,2026-03-17T00:12:12,7,RESPONSIVE
B001738,T00336,V0062,30921979.32,2026-03-06T20:12:00,8,RESPONSIVE
B001739,T00336,V0274,31243258.62,2026-03-09T19:33:29,9,RESPONSIVE
B001740,T00337,V0054,23512520.98,2025-12-11T07:20:03,1,RESPONSIVE
B001741,T00337,V0289,23800180.38,2025-12-14T18:50:41,2,RESPONSIVE
B001742,T00337,V0028,25512055.14,2025-12-16T00:22:54,3,RESPONSIVE
B001743,T00337,V0483,26335618.02,2025-12-20T19:11:17,4,RESPONSIVE
B001744,T00337,V0185,26489794.06,2025-12-19T14:25:32,5,RESPONSIVE
B001745,T00337,V0182,26819587.65,2025-12-14T16:03:36,6,RESPONSIVE
B001746,T00337,V0415,28381906.58,2025-12-09T17:21:16,7,RESPONSIVE
B001747,T00338,V0289,67466703.74,2024-02-19T23:25:01,1,RESPONSIVE
B001748,T00338,V0421,75377604.84,2024-02-07T21:53:58,2,RESPONSIVE
B001749,T00338,V0114,75889585.16,2024-02-07T01:09:36,3,RESPONSIVE
B001750,T00338,V0133,76207554.73,2024-02-21T01:25:49,4,RESPONSIVE
B001751,T00338,V0550,76961613.62,2024-02-07T19:15:18,5,RESPONSIVE
B001752,T00339,V0464,23325824.97,2026-02-14T08:04:38,1,RESPONSIVE
B001753,T00339,V0009,23463778.84,2026-02-11T10:32:27,2,RESPONSIVE
B001754,T00339,V0359,24114139.79,2026-02-10T07:42:46,3,RESPONSIVE
B001755,T00339,V0167,25510549.55,2026-02-12T14:30:44,4,RESPONSIVE
B001756,T00339,V0054,26182038.07,2026-02-11T03:39:14,5,RESPONSIVE
B001757,T00340,V0214,23551151.99,2026-06-25T07:43:12,1,RESPONSIVE
B001758,T00340,V0113,24995290.65,2026-06-19T10:27:58,2,RESPONSIVE
B001759,T00340,V0146,25744379.0,2026-06-25T06:27:51,3,RESPONSIVE
B001760,T00340,V0344,26462302.96,2026-06-23T14:17:46,4,RESPONSIVE
B001761,T00340,V0259,26836502.7,2026-06-27T08:55:34,5,RESPONSIVE
B001762,T00340,V0497,27361584.11,2026-06-17T13:20:15,6,RESPONSIVE
B001763,T00341,V0188,2543329.88,2026-02-28T14:37:19,1,RESPONSIVE
B001764,T00341,V0059,2663360.26,2026-03-03T12:17:58,2,RESPONSIVE
B001765,T00341,V0361,2747311.08,2026-03-06T02:15:28,3,RESPONSIVE
B001766,T00341,V0275,2763309.85,2026-03-07T12:46:47,4,RESPONSIVE
B001767,T00341,V0458,2764686.82,2026-03-07T09:24:12,5,RESPONSIVE
B001768,T00341,V0245,2894957.77,2026-03-07T00:17:50,6,RESPONSIVE
B001769,T00341,V0404,2897012.76,2026-03-01T07:30:27,7,RESPONSIVE
B001770,T00341,V0130,2916687.38,2026-03-03T00:48:45,8,NON_RESPONSIVE
B001771,T00341,V0282,2950958.53,2026-03-01T20:13:02,9,RESPONSIVE
B001772,T00342,V0530,4558211.61,2024-08-04T15:48:31,1,RESPONSIVE
B001773,T00342,V0051,4566068.69,2024-08-15T08:04:21,2,RESPONSIVE
B001774,T00342,V0248,4782063.98,2024-08-02T16:23:21,3,RESPONSIVE
B001775,T00342,V0269,5083384.48,2024-08-11T05:24:29,4,RESPONSIVE
B001776,T00343,V0071,7301352.95,2024-03-12T21:32:56,1,RESPONSIVE
B001777,T00343,V0383,7463831.69,2024-03-09T16:56:58,2,RESPONSIVE
B001778,T00343,V0256,7921910.93,2024-03-08T16:22:23,3,RESPONSIVE
B001779,T00343,V0034,7935851.11,2024-03-11T05:22:50,4,RESPONSIVE
B001780,T00343,V0291,8075648.05,2024-03-08T09:49:23,5,RESPONSIVE
B001781,T00343,V0434,8150625.66,2024-03-09T01:54:16,6,RESPONSIVE
B001782,T00344,V0309,10379534.23,2026-05-28T07:18:24,1,RESPONSIVE
B001783,T00344,V0330,10858771.77,2026-05-30T02:58:24,2,RESPONSIVE
B001784,T00344,V0016,10888894.35,2026-05-28T21:28:13,3,RESPONSIVE
B001785,T00344,V0288,11203349.03,2026-05-23T01:43:21,4,RESPONSIVE
B001786,T00344,V0267,11332089.59,2026-05-21T08:31:20,5,RESPONSIVE
B001787,T00345,V0363,124896605.83,2026-05-24T13:06:48,1,RESPONSIVE
B001788,T00345,V0060,125578845.2,2026-05-29T04:43:27,2,RESPONSIVE
B001789,T00345,V0241,126396100.86,2026-05-23T04:47:58,3,RESPONSIVE
B001790,T00345,V0023,129227336.94,2026-05-26T19:21:51,4,RESPONSIVE
B001791,T00345,V0269,139710838.86,2026-05-30T17:09:43,5,RESPONSIVE
B001792,T00346,V0279,13327494.39,2025-05-02T20:44:49,1,RESPONSIVE
B001793,T00346,V0161,13646148.89,2025-05-01T07:06:08,2,RESPONSIVE
B001794,T00346,V0126,13705938.05,2025-04-29T07:44:54,3,RESPONSIVE
B001795,T00346,V0218,13802138.28,2025-05-03T04:34:38,4,RESPONSIVE
B001796,T00347,V0064,5757218.57,2025-10-23T16:10:06,1,RESPONSIVE
B001797,T00347,V0251,5778129.67,2025-10-23T13:39:02,2,RESPONSIVE
B001798,T00347,V0512,5961103.3,2025-10-20T15:15:36,3,RESPONSIVE
B001799,T00347,V0115,6050527.97,2025-11-06T16:24:52,4,RESPONSIVE
B001800,T00347,V0484,6104487.73,2025-10-24T01:14:50,5,RESPONSIVE
B001801,T00347,V0047,6114804.46,2025-10-30T09:07:57,6,RESPONSIVE
B001802,T00347,V0532,6116473.56,2025-10-21T20:14:36,7,RESPONSIVE
B001803,T00347,V0269,6130339.77,2025-11-06T15:34:05,8,RESPONSIVE
B001804,T00348,V0127,2015300.15,2025-05-04T00:42:07,1,RESPONSIVE
B001805,T00348,V0364,2169790.1,2025-05-13T02:11:55,2,RESPONSIVE
B001806,T00348,V0203,2182849.91,2025-05-24T04:45:26,3,RESPONSIVE
B001807,T00349,V0100,15040515.45,2024-09-15T23:08:20,1,NON_RESPONSIVE
B001808,T00349,V0421,15324364.14,2024-10-02T16:49:50,2,RESPONSIVE
B001809,T00349,V0304,15536999.68,2024-09-22T14:20:15,3,RESPONSIVE
B001810,T00349,V0143,15761582.26,2024-09-25T11:51:13,4,RESPONSIVE
B001811,T00349,V0437,15811065.39,2024-10-01T19:27:04,5,RESPONSIVE
B001812,T00349,V0366,16108007.12,2024-09-22T23:53:59,6,RESPONSIVE
B001813,T00349,V0313,16363974.51,2024-09-21T23:09:34,7,NON_RESPONSIVE
B001814,T00349,V0415,16385467.11,2024-08-31T16:10:53,8,RESPONSIVE
B001815,T00349,V0271,16398349.24,2024-09-05T22:51:46,9,RESPONSIVE
B001816,T00349,V0182,16496718.21,2024-09-21T20:54:16,10,RESPONSIVE
B001817,T00349,V0483,16532447.66,2024-09-09T07:45:11,11,RESPONSIVE
B001818,T00349,V0019,16840009.7,2024-09-09T22:56:11,12,RESPONSIVE
B001819,T00350,V0091,37043779.93,2024-06-17T13:05:09,1,RESPONSIVE
B001820,T00350,V0009,37456426.27,2024-06-26T03:36:36,2,RESPONSIVE
B001821,T00350,V0320,37929459.39,2024-06-23T06:33:14,3,RESPONSIVE
B001822,T00350,V0191,38793902.99,2024-06-19T13:55:09,4,RESPONSIVE
B001823,T00350,V0526,40955267.73,2024-06-30T00:56:10,5,RESPONSIVE
B001824,T00350,V0415,41362320.43,2024-06-24T14:26:35,6,RESPONSIVE
B001825,T00350,V0045,41705669.12,2024-06-29T11:59:41,7,RESPONSIVE
B001826,T00350,V0078,41963386.56,2024-06-15T03:07:37,8,RESPONSIVE
B001827,T00350,V0542,42047012.04,2024-06-30T12:45:58,9,RESPONSIVE
B001828,T00351,V0222,3039150.88,2025-05-25T18:07:58,1,RESPONSIVE
B001829,T00351,V0230,3352351.28,2025-06-02T23:02:24,2,RESPONSIVE
B001830,T00351,V0360,3377299.86,2025-05-26T13:11:58,3,RESPONSIVE
B001831,T00351,V0275,3480761.48,2025-05-21T21:45:37,4,RESPONSIVE
B001832,T00351,V0303,3506726.36,2025-05-23T18:04:42,5,RESPONSIVE
B001833,T00351,V0161,3509148.97,2025-05-18T06:58:07,6,RESPONSIVE
B001834,T00352,V0187,4979455.01,2024-06-03T06:23:56,1,RESPONSIVE
B001835,T00352,V0517,5274006.4,2024-06-10T19:23:18,2,RESPONSIVE
B001836,T00352,V0218,5338746.85,2024-05-29T18:06:01,3,RESPONSIVE
B001837,T00352,V0159,5361942.45,2024-06-03T08:56:57,4,RESPONSIVE
B001838,T00352,V0332,5421594.21,2024-06-06T18:51:03,5,RESPONSIVE
B001839,T00352,V0455,5510398.87,2024-06-03T23:23:09,6,RESPONSIVE
B001840,T00352,V0359,5726864.56,2024-06-08T15:16:18,7,RESPONSIVE
B001841,T00352,V0525,5742061.22,2024-06-06T15:06:50,8,RESPONSIVE
B001842,T00352,V0421,5779980.19,2024-05-29T04:59:29,9,RESPONSIVE
B001843,T00353,V0437,29691811.16,2025-07-24T04:19:25,1,RESPONSIVE
B001844,T00353,V0547,29836844.37,2025-08-11T16:10:50,2,RESPONSIVE
B001845,T00353,V0313,30064335.03,2025-07-21T09:19:52,3,RESPONSIVE
B001846,T00353,V0120,31201482.6,2025-07-29T14:10:39,4,RESPONSIVE
B001847,T00353,V0332,32254559.7,2025-08-16T06:57:22,5,RESPONSIVE
B001848,T00353,V0304,33340060.85,2025-08-17T17:34:54,6,RESPONSIVE
B001849,T00354,V0133,17780750.68,2026-02-10T00:28:39,1,RESPONSIVE
B001850,T00354,V0017,17870561.06,2026-02-08T21:12:36,2,RESPONSIVE
B001851,T00354,V0271,17959011.5,2026-02-22T13:07:46,3,RESPONSIVE
B001852,T00354,V0163,18299410.18,2026-02-16T03:07:48,4,RESPONSIVE
B001853,T00354,V0353,18315448.27,2026-02-26T19:27:58,5,RESPONSIVE
B001854,T00354,V0356,19523142.62,2026-02-04T01:01:03,6,RESPONSIVE
B001855,T00354,V0137,19888748.17,2026-02-10T16:50:59,7,RESPONSIVE
B001856,T00355,V0415,33487034.21,2025-04-14T18:04:33,1,RESPONSIVE
B001857,T00355,V0478,33778638.25,2025-03-27T14:27:56,2,RESPONSIVE
B001858,T00355,V0271,34310646.11,2025-04-02T06:53:43,3,RESPONSIVE
B001859,T00355,V0410,35166608.01,2025-03-04T21:38:05,4,RESPONSIVE
B001860,T00355,V0510,35573812.0,2025-04-18T13:37:30,5,RESPONSIVE
B001861,T00356,V0028,1499282.53,2025-04-07T01:54:09,1,NON_RESPONSIVE
B001862,T00356,V0512,1549826.55,2025-04-04T06:36:59,2,RESPONSIVE
B001863,T00356,V0251,1564365.83,2025-04-14T02:44:17,3,RESPONSIVE
B001864,T00356,V0335,1737878.71,2025-03-20T08:33:39,4,RESPONSIVE
B001865,T00357,V0369,55548819.84,2026-05-17T22:52:36,1,RESPONSIVE
B001866,T00357,V0223,56388590.55,2026-05-19T21:06:08,2,RESPONSIVE
B001867,T00357,V0181,57088692.85,2026-05-26T18:08:20,3,RESPONSIVE
B001868,T00357,V0344,57107259.45,2026-05-20T16:29:15,4,RESPONSIVE
B001869,T00357,V0539,57417481.82,2026-05-21T01:24:16,5,RESPONSIVE
B001870,T00357,V0293,58571001.21,2026-05-17T21:48:04,6,RESPONSIVE
B001871,T00357,V0314,58800716.57,2026-05-27T13:22:28,7,RESPONSIVE
B001872,T00357,V0423,60614468.79,2026-05-25T07:33:27,8,RESPONSIVE
B001873,T00358,V0057,34993352.51,2026-06-06T21:20:02,1,RESPONSIVE
B001874,T00358,V0279,38558530.87,2026-05-26T03:44:27,2,RESPONSIVE
B001875,T00358,V0300,38600395.33,2026-06-11T02:04:58,3,RESPONSIVE
B001876,T00358,V0393,38812170.06,2026-06-06T21:15:33,4,RESPONSIVE
B001877,T00358,V0484,38930715.44,2026-05-23T01:16:12,5,RESPONSIVE
B001878,T00358,V0376,39398791.58,2026-06-01T23:04:46,6,RESPONSIVE
B001879,T00358,V0516,39626094.02,2026-05-19T18:55:49,7,RESPONSIVE
B001880,T00358,V0542,39780687.28,2026-06-16T15:40:33,8,RESPONSIVE
B001881,T00359,V0259,17638653.04,2024-02-08T14:57:58,1,RESPONSIVE
B001882,T00359,V0171,17728436.8,2024-02-09T16:59:36,2,RESPONSIVE
B001883,T00359,V0502,18422600.27,2024-02-09T16:04:48,3,RESPONSIVE
B001884,T00359,V0423,19318231.04,2024-02-13T19:37:07,4,RESPONSIVE
B001885,T00360,V0297,9874671.7,2026-07-28T10:27:27,1,RESPONSIVE
B001886,T00360,V0078,10019132.52,2026-08-12T19:10:44,2,RESPONSIVE
B001887,T00360,V0340,10282726.58,2026-08-07T02:25:47,3,RESPONSIVE
B001888,T00360,V0224,10555031.82,2026-07-08T04:26:15,4,RESPONSIVE
B001889,T00360,V0133,10691837.23,2026-07-30T06:44:34,5,RESPONSIVE
B001890,T00360,V0054,10878921.67,2026-07-31T06:55:00,6,RESPONSIVE
B001891,T00360,V0320,10981633.0,2026-07-21T19:12:40,7,RESPONSIVE
B001892,T00361,V0229,6652587.98,2024-04-22T04:04:01,1,RESPONSIVE
B001893,T00361,V0354,6834783.56,2024-04-28T07:24:01,2,RESPONSIVE
B001894,T00361,V0329,7254099.6,2024-05-09T21:52:54,3,RESPONSIVE
B001895,T00362,V0385,240644407.31,2026-08-12T17:09:41,1,RESPONSIVE
B001896,T00362,V0100,254629971.0,2026-08-25T13:38:44,2,RESPONSIVE
B001897,T00362,V0346,269612853.16,2026-08-23T17:47:22,3,RESPONSIVE
B001898,T00362,V0320,270704785.5,2026-08-18T08:45:43,4,RESPONSIVE
B001899,T00362,V0220,273730781.61,2026-08-13T03:41:42,5,RESPONSIVE
B001900,T00363,V0399,79525054.62,2025-03-05T08:11:05,1,RESPONSIVE
B001901,T00363,V0299,80408525.28,2025-03-06T08:01:02,2,RESPONSIVE
B001902,T00363,V0081,84916456.04,2025-03-08T02:26:37,3,RESPONSIVE
B001903,T00363,V0325,84976247.55,2025-03-02T15:11:56,4,RESPONSIVE
B001904,T00363,V0300,85703130.1,2025-03-08T18:37:19,5,RESPONSIVE
B001905,T00363,V0487,86612727.13,2025-02-23T00:23:21,6,RESPONSIVE
B001906,T00363,V0045,86967739.38,2025-02-25T06:07:59,7,RESPONSIVE
B001907,T00363,V0366,88970554.29,2025-02-19T04:29:34,8,RESPONSIVE
B001908,T00363,V0009,90811134.59,2025-03-04T00:08:04,9,RESPONSIVE
B001909,T00364,V0015,3166463.09,2024-03-30T22:35:05,1,RESPONSIVE
B001910,T00364,V0211,3169360.16,2024-03-24T21:34:36,2,RESPONSIVE
B001911,T00364,V0082,3303289.39,2024-04-21T11:19:04,3,RESPONSIVE
B001912,T00365,V0417,20104725.22,2024-06-21T17:34:25,1,RESPONSIVE
B001913,T00365,V0519,21551430.46,2024-07-11T08:40:40,2,RESPONSIVE
B001914,T00365,V0029,21829219.22,2024-06-08T02:38:49,3,RESPONSIVE
B001915,T00365,V0302,22603177.71,2024-06-12T15:15:17,4,RESPONSIVE
B001916,T00366,V0372,12178994.99,2025-10-14T04:34:55,1,RESPONSIVE
B001917,T00366,V0157,12823267.49,2025-09-21T07:28:52,2,RESPONSIVE
B001918,T00366,V0205,12885936.92,2025-09-17T22:45:55,3,RESPONSIVE
B001919,T00366,V0358,13916263.77,2025-10-03T00:28:47,4,RESPONSIVE
B001920,T00366,V0547,14096294.75,2025-10-13T01:45:34,5,RESPONSIVE
B001921,T00366,V0345,14321156.43,2025-10-14T17:24:54,6,RESPONSIVE
B001922,T00367,V0199,5907695.93,2025-07-16T20:41:31,1,RESPONSIVE
B001923,T00367,V0336,6149161.83,2025-07-16T14:01:26,2,RESPONSIVE
B001924,T00367,V0259,6273838.73,2025-07-01T13:14:06,3,RESPONSIVE
B001925,T00367,V0209,6451333.55,2025-07-03T20:22:19,4,RESPONSIVE
B001926,T00367,V0256,6487935.84,2025-07-08T18:53:17,5,RESPONSIVE
B001927,T00367,V0215,6625760.44,2025-07-05T01:38:20,6,RESPONSIVE
B001928,T00367,V0162,6871271.47,2025-07-03T07:02:25,7,RESPONSIVE
B001929,T00367,V0383,6915638.77,2025-06-30T03:17:27,8,RESPONSIVE
B001930,T00368,V0342,40932581.92,2024-07-09T06:38:33,1,RESPONSIVE
B001931,T00368,V0167,41167023.81,2024-07-25T05:56:52,2,RESPONSIVE
B001932,T00368,V0357,41476273.25,2024-07-25T19:13:07,3,RESPONSIVE
B001933,T00368,V0476,41845171.33,2024-07-09T01:17:02,4,RESPONSIVE
B001934,T00368,V0225,42450810.26,2024-07-02T14:12:19,5,RESPONSIVE
B001935,T00368,V0296,42773874.22,2024-07-21T07:29:52,6,RESPONSIVE
B001936,T00369,V0001,10071865.65,2025-06-28T20:10:52,1,RESPONSIVE
B001937,T00369,V0049,10099425.76,2025-07-09T23:40:29,2,RESPONSIVE
B001938,T00369,V0355,10208034.35,2025-07-07T08:47:48,3,RESPONSIVE
B001939,T00369,V0382,10295932.98,2025-07-12T10:08:51,4,RESPONSIVE
B001940,T00369,V0439,10451067.34,2025-07-03T09:13:49,5,RESPONSIVE
B001941,T00369,V0164,10968102.04,2025-06-29T02:00:57,6,RESPONSIVE
B001942,T00370,V0021,86286764.16,2026-05-17T21:18:28,1,RESPONSIVE
B001943,T00370,V0311,86839820.39,2026-05-10T15:16:12,2,RESPONSIVE
B001944,T00370,V0359,89644846.49,2026-05-21T18:09:22,3,RESPONSIVE
B001945,T00370,V0120,91248017.2,2026-05-03T07:19:23,4,NON_RESPONSIVE
B001946,T00370,V0427,93177271.05,2026-05-05T02:08:49,5,RESPONSIVE
B001947,T00370,V0372,96644985.64,2026-05-17T00:39:55,6,RESPONSIVE
B001948,T00371,V0388,2667365.36,2025-07-15T11:50:26,1,RESPONSIVE
B001949,T00371,V0015,2888656.21,2025-07-03T00:05:13,2,NON_RESPONSIVE
B001950,T00371,V0127,3056163.34,2025-07-08T07:00:55,3,RESPONSIVE
B001951,T00371,V0301,3059512.94,2025-07-09T12:35:39,4,RESPONSIVE
B001952,T00371,V0523,3097570.79,2025-06-28T19:50:27,5,RESPONSIVE
B001953,T00372,V0142,14333272.63,2024-09-27T14:54:51,1,RESPONSIVE
B001954,T00372,V0019,14693382.15,2024-09-10T01:27:43,2,NON_RESPONSIVE
B001955,T00372,V0047,15449517.68,2024-08-31T02:18:15,3,RESPONSIVE
B001956,T00372,V0065,15606435.3,2024-09-12T16:00:04,4,RESPONSIVE
B001957,T00372,V0394,15649690.89,2024-09-09T12:38:41,5,RESPONSIVE
B001958,T00372,V0485,15724397.81,2024-09-19T02:03:05,6,RESPONSIVE
B001959,T00372,V0004,16307806.17,2024-08-28T17:46:07,7,RESPONSIVE
B001960,T00373,V0152,14858293.67,2025-12-13T16:17:28,1,RESPONSIVE
B001961,T00373,V0144,14875947.43,2025-12-17T16:26:27,2,RESPONSIVE
B001962,T00373,V0231,15218340.14,2025-12-31T01:03:18,3,RESPONSIVE
B001963,T00373,V0086,15461596.25,2025-12-24T13:43:10,4,RESPONSIVE
B001964,T00373,V0549,15882360.91,2025-12-15T20:38:29,5,RESPONSIVE
B001965,T00373,V0334,15938239.61,2025-12-20T02:51:24,6,RESPONSIVE
B001966,T00373,V0482,16322410.2,2025-12-23T13:42:40,7,NON_RESPONSIVE
B001967,T00374,V0020,4305508.85,2024-07-16T21:28:53,1,RESPONSIVE
B001968,T00374,V0144,4371034.27,2024-07-12T12:00:20,2,RESPONSIVE
B001969,T00374,V0307,4765796.04,2024-07-15T07:17:16,3,RESPONSIVE
B001970,T00375,V0114,41472498.33,2025-02-03T18:28:33,1,RESPONSIVE
B001971,T00375,V0332,48952265.11,2025-02-20T08:48:27,2,RESPONSIVE
B001972,T00375,V0401,50141988.47,2025-02-13T15:15:46,3,RESPONSIVE
B001973,T00376,V0151,1261085.24,2026-02-21T17:42:15,1,RESPONSIVE
B001974,T00376,V0370,1325790.0,2026-03-19T13:43:30,2,RESPONSIVE
B001975,T00376,V0523,1347851.65,2026-03-10T07:22:55,3,RESPONSIVE
B001976,T00376,V0352,1371399.71,2026-03-14T11:40:05,4,RESPONSIVE
B001977,T00376,V0473,1403689.09,2026-03-04T18:47:02,5,RESPONSIVE
B001978,T00376,V0203,1458903.55,2026-02-17T12:00:24,6,RESPONSIVE
B001979,T00377,V0313,58908722.42,2026-02-11T23:48:45,1,RESPONSIVE
B001980,T00377,V0359,60816626.35,2026-02-11T22:34:29,2,RESPONSIVE
B001981,T00377,V0356,61013134.82,2026-02-19T11:04:51,3,RESPONSIVE
B001982,T00377,V0289,61074385.62,2026-02-14T21:20:10,4,RESPONSIVE
B001983,T00377,V0054,61615792.3,2026-02-09T06:19:27,5,RESPONSIVE
B001984,T00377,V0251,61992508.81,2026-02-19T21:39:44,6,RESPONSIVE
B001985,T00377,V0483,62304649.74,2026-02-15T20:35:17,7,RESPONSIVE
B001986,T00377,V0220,64319777.77,2026-02-16T09:32:47,8,RESPONSIVE
B001987,T00377,V0185,64571447.94,2026-02-12T17:25:52,9,RESPONSIVE
B001988,T00378,V0421,15678438.49,2025-11-20T19:29:37,1,RESPONSIVE
B001989,T00378,V0381,15755810.88,2025-11-10T06:49:20,2,RESPONSIVE
B001990,T00378,V0547,15817185.42,2025-12-09T14:46:45,3,RESPONSIVE
B001991,T00378,V0443,16203271.06,2025-11-21T06:54:34,4,RESPONSIVE
B001992,T00378,V0400,16207397.35,2025-11-02T23:45:52,5,RESPONSIVE
B001993,T00378,V0194,18003811.24,2025-11-27T01:04:29,6,RESPONSIVE
B001994,T00379,V0375,8141078.48,2026-01-26T20:47:28,1,RESPONSIVE
B001995,T00379,V0472,8239027.38,2026-01-29T11:06:23,2,RESPONSIVE
B001996,T00379,V0380,8254060.16,2026-02-09T21:03:05,3,RESPONSIVE
B001997,T00379,V0337,8351633.33,2026-02-03T16:10:48,4,RESPONSIVE
B001998,T00379,V0328,8498843.85,2026-02-02T19:04:23,5,RESPONSIVE
B001999,T00379,V0197,8522878.06,2026-02-08T04:51:59,6,RESPONSIVE
B002000,T00379,V0360,8569085.8,2026-02-25T08:09:36,7,RESPONSIVE
B002001,T00379,V0158,8662983.55,2026-02-20T00:18:10,8,RESPONSIVE
B002002,T00379,V0065,8781416.67,2026-02-13T03:02:00,9,RESPONSIVE
B002003,T00380,V0006,43010680.62,2026-04-08T11:28:15,1,RESPONSIVE
B002004,T00380,V0320,43680880.7,2026-04-02T01:19:25,2,RESPONSIVE
B002005,T00380,V0125,44788961.1,2026-04-07T07:30:02,3,NON_RESPONSIVE
B002006,T00380,V0443,45650167.84,2026-04-24T14:54:36,4,RESPONSIVE
B002007,T00380,V0194,46096386.26,2026-04-27T18:16:11,5,RESPONSIVE
B002008,T00380,V0430,47872566.36,2026-04-28T02:01:15,6,RESPONSIVE
B002009,T00381,V0203,1921915.44,2026-03-22T10:44:18,1,RESPONSIVE
B002010,T00381,V0038,1982296.69,2026-04-16T00:40:09,2,RESPONSIVE
B002011,T00382,V0349,15585236.45,2026-05-28T10:13:25,1,RESPONSIVE
B002012,T00382,V0513,16045435.78,2026-05-28T03:44:16,2,RESPONSIVE
B002013,T00382,V0259,16046225.69,2026-05-06T13:04:53,3,RESPONSIVE
B002014,T00382,V0411,16153654.25,2026-05-12T23:48:23,4,RESPONSIVE
B002015,T00383,V0365,17918933.39,2024-04-20T11:40:59,1,RESPONSIVE
B002016,T00383,V0344,18048258.13,2024-04-13T07:13:38,2,RESPONSIVE
B002017,T00383,V0025,18172321.37,2024-04-04T09:25:56,3,RESPONSIVE
B002018,T00383,V0539,18496467.35,2024-04-07T16:17:40,4,RESPONSIVE
B002019,T00383,V0035,18761953.74,2024-04-02T18:12:09,5,RESPONSIVE
B002020,T00384,V0161,4070024.48,2024-12-21T13:39:24,1,RESPONSIVE
B002021,T00384,V0126,4125155.68,2024-12-29T14:04:21,2,RESPONSIVE
B002022,T00384,V0422,4187484.03,2024-12-14T11:38:04,3,RESPONSIVE
B002023,T00384,V0130,4262174.08,2024-12-29T22:34:42,4,RESPONSIVE
B002024,T00384,V0485,4300005.74,2024-12-28T23:40:38,5,RESPONSIVE
B002025,T00384,V0064,4452286.6,2024-12-18T09:50:13,6,RESPONSIVE
B002026,T00384,V0201,4483496.93,2024-12-21T03:36:28,7,RESPONSIVE
B002027,T00384,V0019,4592275.8,2024-12-21T16:25:39,8,RESPONSIVE
B002028,T00385,V0322,129422392.73,2026-06-18T00:28:16,1,RESPONSIVE
B002029,T00385,V0244,136729942.97,2026-06-10T02:22:30,2,RESPONSIVE
B002030,T00385,V0414,139594184.42,2026-06-18T00:34:48,3,RESPONSIVE
B002031,T00385,V0412,140559339.14,2026-06-11T12:49:31,4,NON_RESPONSIVE
B002032,T00385,V0281,142189227.01,2026-06-18T00:06:33,5,RESPONSIVE
B002033,T00385,V0127,143389394.83,2026-06-06T19:16:30,6,RESPONSIVE
B002034,T00386,V0308,11162148.64,2024-09-05T07:30:48,1,RESPONSIVE
B002035,T00386,V0465,11368045.98,2024-08-17T12:03:39,2,RESPONSIVE
B002036,T00386,V0314,11705434.45,2024-07-21T05:26:39,3,RESPONSIVE
B002037,T00386,V0369,11945757.12,2024-08-06T20:23:12,4,RESPONSIVE
B002038,T00386,V0494,12129641.94,2024-07-19T17:22:20,5,RESPONSIVE
B002039,T00387,V0050,2165803.64,2026-02-12T02:23:34,1,RESPONSIVE
B002040,T00387,V0020,2178635.19,2026-02-20T23:20:43,2,RESPONSIVE
B002041,T00387,V0113,2187479.98,2026-01-27T23:12:26,3,RESPONSIVE
B002042,T00387,V0184,2210825.97,2026-01-26T13:09:03,4,RESPONSIVE
B002043,T00387,V0119,2229435.12,2026-02-20T08:35:11,5,RESPONSIVE
B002044,T00388,V0495,7420902.75,2026-08-02T07:56:57,1,RESPONSIVE
B002045,T00388,V0298,8211434.95,2026-08-23T01:06:15,2,RESPONSIVE
B002046,T00389,V0157,8666077.8,2026-02-13T07:14:47,1,RESPONSIVE
B002047,T00389,V0220,8716759.57,2026-02-20T06:29:24,2,RESPONSIVE
B002048,T00389,V0464,8982917.46,2026-02-17T18:06:20,3,RESPONSIVE
B002049,T00389,V0339,9153037.58,2026-02-14T11:14:24,4,NON_RESPONSIVE
B002050,T00389,V0345,9169776.7,2026-02-12T20:47:52,5,RESPONSIVE
B002051,T00389,V0356,9262581.31,2026-02-16T20:00:51,6,NON_RESPONSIVE
B002052,T00389,V0415,9291075.2,2026-02-13T05:36:02,7,RESPONSIVE
B002053,T00390,V0314,11945056.65,2025-01-17T05:56:06,1,RESPONSIVE
B002054,T00390,V0482,12177901.13,2025-01-06T23:30:19,2,RESPONSIVE
B002055,T00390,V0215,12380386.0,2025-01-15T18:14:26,3,RESPONSIVE
B002056,T00390,V0383,12527456.32,2025-01-08T16:19:35,4,RESPONSIVE
B002057,T00390,V0175,12677431.15,2025-01-16T20:51:05,5,NON_RESPONSIVE
B002058,T00390,V0277,12741955.58,2025-01-25T21:04:30,6,RESPONSIVE
B002059,T00390,V0146,12810407.95,2025-01-25T01:43:50,7,RESPONSIVE
B002060,T00390,V0134,12888241.63,2025-01-05T03:34:20,8,RESPONSIVE
B002061,T00390,V0178,13504522.87,2025-01-10T13:47:07,9,NON_RESPONSIVE
B002062,T00391,V0096,5030353.05,2025-12-21T10:05:03,1,RESPONSIVE
B002063,T00391,V0341,5351729.96,2025-12-11T08:31:45,2,RESPONSIVE
B002064,T00391,V0463,5387586.83,2025-12-09T07:26:42,3,RESPONSIVE
B002065,T00391,V0354,5423699.79,2025-12-27T03:41:30,4,RESPONSIVE
B002066,T00391,V0106,5561219.86,2025-12-12T21:00:30,5,RESPONSIVE
B002067,T00392,V0538,20336517.27,2024-04-16T15:20:09,1,RESPONSIVE
B002068,T00392,V0471,20761452.19,2024-04-16T20:11:38,2,RESPONSIVE
B002069,T00393,V0510,55118533.09,2026-02-09T11:23:52,1,RESPONSIVE
B002070,T00393,V0153,55565871.57,2026-02-15T04:46:22,2,RESPONSIVE
B002071,T00393,V0470,56008476.61,2026-02-20T12:11:21,3,RESPONSIVE
B002072,T00393,V0220,56917359.73,2026-02-12T11:56:02,4,RESPONSIVE
B002073,T00393,V0430,57865478.72,2026-02-12T05:16:32,5,RESPONSIVE
B002074,T00393,V0385,58167396.6,2026-02-16T05:11:06,6,RESPONSIVE
B002075,T00393,V0399,60023202.04,2026-02-17T12:00:12,7,RESPONSIVE
B002076,T00393,V0342,61017312.7,2026-02-12T03:16:32,8,RESPONSIVE
B002077,T00394,V0123,5930599.53,2025-03-15T13:32:48,1,RESPONSIVE
B002078,T00394,V0352,6047383.13,2025-03-19T00:02:45,2,RESPONSIVE
B002079,T00394,V0244,6191909.89,2025-03-31T22:40:08,3,RESPONSIVE
B002080,T00394,V0281,6243947.55,2025-04-03T21:00:28,4,RESPONSIVE
B002081,T00394,V0280,6245720.19,2025-03-29T00:08:35,5,RESPONSIVE
B002082,T00394,V0007,6351901.68,2025-03-11T06:54:14,6,RESPONSIVE
B002083,T00394,V0127,6491450.87,2025-04-01T00:55:53,7,RESPONSIVE
B002084,T00394,V0301,6587229.69,2025-03-28T01:10:29,8,RESPONSIVE
B002085,T00395,V0381,22809301.0,2025-03-09T20:40:34,1,RESPONSIVE
B002086,T00395,V0478,23716318.87,2025-03-15T00:42:13,2,RESPONSIVE
B002087,T00395,V0143,24264536.79,2025-03-07T00:21:05,3,RESPONSIVE
B002088,T00395,V0187,24902711.01,2025-02-07T02:58:46,4,NON_RESPONSIVE
B002089,T00395,V0247,25077731.89,2025-03-10T20:08:58,5,RESPONSIVE
B002090,T00395,V0531,25134336.33,2025-02-19T02:08:46,6,RESPONSIVE
B002091,T00395,V0342,25397213.05,2025-02-28T19:06:21,7,RESPONSIVE
B002092,T00395,V0385,25863158.86,2025-03-09T00:29:07,8,NON_RESPONSIVE
B002093,T00396,V0340,1443768.97,2026-01-03T11:31:40,1,RESPONSIVE
B002094,T00396,V0437,1452886.08,2026-01-23T05:30:12,2,RESPONSIVE
B002095,T00396,V0246,1532485.38,2026-01-09T01:52:44,3,RESPONSIVE
B002096,T00396,V0496,1603846.29,2025-12-30T20:44:56,4,RESPONSIVE
B002097,T00397,V0066,30075945.71,2026-05-11T07:50:19,1,RESPONSIVE
B002098,T00397,V0016,30219583.05,2026-05-11T07:26:15,2,RESPONSIVE
B002099,T00397,V0316,30394838.25,2026-05-11T03:19:44,3,RESPONSIVE
B002100,T00397,V0504,31027554.77,2026-05-11T08:20:21,4,RESPONSIVE
B002101,T00397,V0244,32996840.47,2026-05-19T14:39:15,5,RESPONSIVE
B002102,T00397,V0319,33012478.27,2026-05-13T08:38:42,6,RESPONSIVE
B002103,T00398,V0187,24715700.29,2024-04-02T06:06:38,1,RESPONSIVE
B002104,T00398,V0346,25665795.51,2024-03-26T20:55:30,2,RESPONSIVE
B002105,T00398,V0220,27469667.85,2024-04-08T18:16:12,3,RESPONSIVE
B002106,T00398,V0143,27855470.92,2024-03-30T13:26:56,4,RESPONSIVE
B002107,T00399,V0051,4619293.36,2024-05-29T19:29:24,1,RESPONSIVE
B002108,T00399,V0115,4708021.03,2024-05-27T16:12:53,2,RESPONSIVE
B002109,T00399,V0360,4759087.02,2024-06-03T06:05:17,3,NON_RESPONSIVE
B002110,T00399,V0363,4813251.37,2024-05-30T18:51:55,4,RESPONSIVE
B002111,T00399,V0509,4834888.16,2024-06-09T13:43:54,5,RESPONSIVE
B002112,T00399,V0288,4897933.61,2024-05-20T16:24:04,6,RESPONSIVE
B002113,T00399,V0321,4985366.62,2024-05-29T00:30:26,7,RESPONSIVE
B002114,T00399,V0279,5219697.02,2024-05-28T19:03:21,8,RESPONSIVE
B002115,T00400,V0489,2019504.07,2025-05-06T22:52:10,1,RESPONSIVE
B002116,T00400,V0288,2031383.06,2025-05-15T04:30:40,2,NON_RESPONSIVE
B002117,T00400,V0485,2033136.78,2025-04-13T14:24:36,3,RESPONSIVE
B002118,T00400,V0013,2060368.17,2025-03-22T20:16:43,4,RESPONSIVE
B002119,T00400,V0509,2073434.69,2025-04-14T15:39:58,5,RESPONSIVE
B002120,T00401,V0431,7752780.98,2024-07-18T10:55:38,1,RESPONSIVE
B002121,T00401,V0355,8217570.14,2024-07-19T23:42:20,2,RESPONSIVE
B002122,T00402,V0366,4176532.52,2025-01-31T23:52:43,1,RESPONSIVE
B002123,T00402,V0470,4349582.11,2025-02-26T19:00:50,2,RESPONSIVE
B002124,T00403,V0224,15996067.03,2024-12-01T10:41:36,1,RESPONSIVE
B002125,T00403,V0520,16030240.2,2024-11-12T03:38:42,2,RESPONSIVE
B002126,T00403,V0159,16233401.27,2024-11-25T01:41:18,3,RESPONSIVE
B002127,T00403,V0205,16911084.98,2024-11-08T17:28:37,4,RESPONSIVE
B002128,T00403,V0506,17102714.57,2024-11-25T18:46:05,5,RESPONSIVE
B002129,T00403,V0525,17336370.6,2024-12-02T15:12:57,6,RESPONSIVE
B002130,T00404,V0277,15043699.32,2025-09-11T18:42:48,1,RESPONSIVE
B002131,T00404,V0295,15468981.94,2025-08-26T23:36:33,2,RESPONSIVE
B002132,T00404,V0266,16171806.78,2025-08-04T15:04:17,3,RESPONSIVE
B002133,T00404,V0231,16585023.36,2025-09-05T12:56:54,4,RESPONSIVE
B002134,T00405,V0307,4449492.96,2024-05-29T09:57:42,1,RESPONSIVE
B002135,T00405,V0144,4541282.2,2024-05-23T16:02:32,2,RESPONSIVE
B002136,T00405,V0113,4541980.94,2024-05-29T17:20:30,3,RESPONSIVE
B002137,T00405,V0355,4609760.19,2024-05-29T03:43:41,4,RESPONSIVE
B002138,T00405,V0026,4707361.35,2024-05-25T20:55:14,5,RESPONSIVE
B002139,T00405,V0072,4800788.5,2024-05-30T13:25:55,6,RESPONSIVE
B002140,T00405,V0119,4804124.12,2024-06-01T15:33:53,7,RESPONSIVE
B002141,T00405,V0481,4905625.91,2024-05-30T01:37:38,8,RESPONSIVE
B002142,T00405,V0184,5227887.22,2024-05-26T18:51:30,9,RESPONSIVE
B002143,T00406,V0453,4214397.86,2025-08-22T08:00:00,1,RESPONSIVE
B002144,T00406,V0375,4503736.86,2025-08-18T05:53:52,2,RESPONSIVE
B002145,T00406,V0142,4548922.25,2025-08-19T02:54:33,3,RESPONSIVE
B002146,T00406,V0335,4550007.74,2025-08-25T01:16:37,4,RESPONSIVE
B002147,T00406,V0488,4563428.65,2025-08-20T08:30:31,5,RESPONSIVE
B002148,T00406,V0222,4591411.7,2025-08-29T18:29:00,6,RESPONSIVE
B002149,T00406,V0221,4666307.91,2025-08-15T07:42:45,7,RESPONSIVE
B002150,T00406,V0160,4677898.29,2025-09-03T05:44:20,8,RESPONSIVE
B002151,T00406,V0158,4725174.86,2025-08-27T13:30:37,9,RESPONSIVE
B002152,T00407,V0407,3447916.88,2024-12-12T02:59:03,1,RESPONSIVE
B002153,T00407,V0355,3500389.17,2024-12-18T00:13:41,2,RESPONSIVE
B002154,T00407,V0481,3573387.08,2024-12-30T20:25:15,3,RESPONSIVE
B002155,T00407,V0277,3624709.43,2024-12-15T21:39:40,4,RESPONSIVE
B002156,T00407,V0072,3666429.95,2025-01-03T15:39:23,5,RESPONSIVE
B002157,T00408,V0469,11138975.55,2025-10-09T15:09:57,1,RESPONSIVE
B002158,T00408,V0264,11508613.82,2025-10-10T22:59:06,2,RESPONSIVE
B002159,T00408,V0471,11777656.18,2025-10-01T22:46:00,3,RESPONSIVE
B002160,T00408,V0240,11843100.89,2025-10-12T18:45:27,4,RESPONSIVE
B002161,T00408,V0409,12079333.26,2025-10-05T02:57:48,5,RESPONSIVE
B002162,T00409,V0338,20601960.5,2024-10-19T05:20:56,1,RESPONSIVE
B002163,T00409,V0509,21049606.6,2024-10-09T05:30:38,2,RESPONSIVE
B002164,T00409,V0023,21196837.58,2024-10-25T02:57:15,3,RESPONSIVE
B002165,T00409,V0451,21208028.8,2024-10-15T01:01:33,4,RESPONSIVE
B002166,T00409,V0383,21553340.21,2024-11-06T11:56:22,5,RESPONSIVE
B002167,T00410,V0248,12587809.37,2024-09-26T02:59:38,1,RESPONSIVE
B002168,T00410,V0186,12745018.21,2024-09-30T23:20:09,2,RESPONSIVE
B002169,T00411,V0488,54481384.98,2025-02-11T21:40:09,1,RESPONSIVE
B002170,T00411,V0397,56944667.81,2025-02-12T15:55:50,2,RESPONSIVE
B002171,T00412,V0402,2348000.57,2024-03-26T10:35:47,1,RESPONSIVE
B002172,T00412,V0419,2358063.72,2024-03-13T08:24:08,2,RESPONSIVE
B002173,T00412,V0065,2467926.22,2024-03-11T15:46:02,3,RESPONSIVE
B002174,T00413,V0336,15043853.38,2025-03-14T19:37:34,1,NON_RESPONSIVE
B002175,T00413,V0098,15187635.88,2025-04-01T11:45:09,2,RESPONSIVE
B002176,T00413,V0199,16217120.4,2025-04-14T16:07:03,3,RESPONSIVE
B002177,T00413,V0080,16353136.53,2025-04-17T00:59:59,4,RESPONSIVE
B002178,T00413,V0349,16439509.19,2025-04-18T15:54:12,5,RESPONSIVE
B002179,T00413,V0027,16463991.99,2025-03-27T00:30:37,6,RESPONSIVE
B002180,T00413,V0034,16536396.77,2025-04-08T03:12:06,7,RESPONSIVE
B002181,T00413,V0338,16738620.61,2025-03-25T21:27:25,8,RESPONSIVE
B002182,T00413,V0298,17155143.65,2025-04-19T21:04:00,9,RESPONSIVE
B002183,T00414,V0523,3879866.23,2025-08-26T23:29:36,1,RESPONSIVE
B002184,T00414,V0473,3994978.83,2025-08-14T01:21:23,2,RESPONSIVE
B002185,T00414,V0370,4014953.45,2025-08-29T00:05:47,3,RESPONSIVE
B002186,T00414,V0254,4016732.92,2025-08-13T01:41:05,4,RESPONSIVE
B002187,T00414,V0151,4054992.24,2025-08-20T21:21:23,5,RESPONSIVE
B002188,T00414,V0014,4057362.43,2025-08-28T13:55:46,6,RESPONSIVE
B002189,T00414,V0309,4081123.6,2025-08-29T03:27:27,7,NON_RESPONSIVE
B002190,T00414,V0327,4102844.81,2025-08-27T06:55:32,8,RESPONSIVE
B002191,T00414,V0364,4152372.68,2025-08-29T14:15:00,9,RESPONSIVE
B002192,T00415,V0078,16603421.82,2025-10-20T16:26:22,1,RESPONSIVE
B002193,T00415,V0418,16933499.07,2025-10-31T14:43:54,2,RESPONSIVE
B002194,T00415,V0224,17964125.37,2025-10-24T13:05:31,3,RESPONSIVE
B002195,T00415,V0019,18223757.73,2025-10-24T06:59:24,4,RESPONSIVE
B002196,T00415,V0400,18259913.31,2025-10-15T20:32:08,5,RESPONSIVE
B002197,T00416,V0133,15876157.91,2024-08-08T03:22:35,1,RESPONSIVE
B002198,T00416,V0120,17116999.29,2024-08-05T14:57:52,2,RESPONSIVE
B002199,T00416,V0410,17481693.78,2024-08-10T08:05:44,3,RESPONSIVE
B002200,T00416,V0019,17788596.03,2024-08-08T01:51:25,4,RESPONSIVE
B002201,T00417,V0482,3373399.05,2026-01-28T21:32:12,1,RESPONSIVE
B002202,T00417,V0144,3653683.8,2026-01-29T17:56:58,2,RESPONSIVE
B002203,T00417,V0184,3810115.67,2026-01-10T06:05:00,3,RESPONSIVE
B002204,T00417,V0087,3859556.95,2026-01-09T20:21:19,4,RESPONSIVE
B002205,T00417,V0494,3881040.56,2026-01-10T05:22:45,5,RESPONSIVE
B002206,T00417,V0231,3896281.7,2026-01-19T00:56:30,6,RESPONSIVE
B002207,T00417,V0308,4008604.38,2026-01-13T20:51:43,7,RESPONSIVE
B002208,T00417,V0277,4048386.2,2026-01-22T11:38:40,8,RESPONSIVE
B002209,T00418,V0071,32716673.83,2025-01-24T13:04:37,1,RESPONSIVE
B002210,T00418,V0302,35150002.52,2025-01-29T08:44:13,2,RESPONSIVE
B002211,T00418,V0394,35192595.62,2025-01-30T10:21:19,3,RESPONSIVE
B002212,T00418,V0179,35334006.08,2025-01-27T10:41:31,4,RESPONSIVE
B002213,T00418,V0199,35384786.45,2025-01-23T13:26:05,5,RESPONSIVE
B002214,T00418,V0011,35475359.05,2025-02-03T19:09:44,6,RESPONSIVE
B002215,T00419,V0281,8360794.99,2025-08-07T16:46:05,1,RESPONSIVE
B002216,T00419,V0241,8828076.2,2025-08-07T16:32:00,2,RESPONSIVE
B002217,T00420,V0003,10979859.44,2025-01-20T18:07:06,1,RESPONSIVE
B002218,T00420,V0161,11188353.46,2025-01-18T20:59:12,2,RESPONSIVE
B002219,T00420,V0492,11341919.17,2025-01-15T07:15:44,3,RESPONSIVE
B002220,T00421,V0072,9749287.59,2024-12-17T09:55:11,1,RESPONSIVE
B002221,T00421,V0406,10059127.7,2024-12-15T23:37:32,2,RESPONSIVE
B002222,T00422,V0304,10414882.58,2026-05-04T01:13:01,1,RESPONSIVE
B002223,T00422,V0495,11090153.87,2026-05-04T01:00:40,2,RESPONSIVE
B002224,T00422,V0288,11104351.09,2026-05-04T03:07:41,3,RESPONSIVE
B002225,T00422,V0249,11280206.68,2026-04-29T21:51:21,4,RESPONSIVE
B002226,T00423,V0379,2061614.32,2024-09-25T05:35:39,1,RESPONSIVE
B002227,T00423,V0546,2111573.15,2024-09-21T11:27:33,2,RESPONSIVE
B002228,T00424,V0380,7367644.35,2026-04-28T07:55:31,1,NON_RESPONSIVE
B002229,T00424,V0251,7525099.37,2026-04-24T04:22:13,2,RESPONSIVE
B002230,T00425,V0393,60929611.47,2026-08-22T14:22:25,1,RESPONSIVE
B002231,T00425,V0224,62227697.67,2026-08-19T18:29:16,2,RESPONSIVE
B002232,T00425,V0089,64392581.52,2026-08-27T16:00:34,3,RESPONSIVE
B002233,T00425,V0399,65109329.03,2026-08-30T23:33:06,4,RESPONSIVE
B002234,T00425,V0387,66194110.56,2026-08-23T23:42:00,5,RESPONSIVE
B002235,T00425,V0078,67112715.13,2026-08-21T19:24:01,6,RESPONSIVE
B002236,T00425,V0067,67335367.27,2026-08-21T13:53:16,7,RESPONSIVE
B002237,T00425,V0205,70825225.86,2026-08-22T19:07:09,8,RESPONSIVE
B002238,T00425,V0125,71182929.89,2026-08-27T03:58:33,9,RESPONSIVE
B002239,T00426,V0401,17889117.51,2024-08-18T15:49:27,1,RESPONSIVE
B002240,T00426,V0400,19183942.55,2024-09-08T13:21:56,2,RESPONSIVE
B002241,T00426,V0510,20398725.82,2024-08-27T10:17:52,3,RESPONSIVE
B002242,T00427,V0523,1292107.71,2025-09-09T23:59:31,1,RESPONSIVE
B002243,T00427,V0016,1336888.8,2025-09-14T01:15:35,2,RESPONSIVE
B002244,T00427,V0327,1351639.79,2025-08-12T01:46:34,3,RESPONSIVE
B002245,T00427,V0278,1362517.14,2025-08-16T06:35:23,4,RESPONSIVE
B002246,T00427,V0352,1391022.98,2025-09-10T01:02:50,5,RESPONSIVE
B002247,T00427,V0546,1403447.25,2025-09-03T13:21:06,6,RESPONSIVE
B002248,T00427,V0211,1410642.58,2025-09-14T12:19:25,7,RESPONSIVE
B002249,T00427,V0151,1425465.43,2025-08-31T02:00:13,8,RESPONSIVE
B002250,T00427,V0123,1441416.1,2025-09-04T09:23:13,9,RESPONSIVE
B002251,T00428,V0249,43612809.25,2025-10-07T05:38:51,1,RESPONSIVE
B002252,T00428,V0274,44460835.1,2025-10-10T07:06:21,2,RESPONSIVE
B002253,T00428,V0066,44767108.23,2025-10-04T07:17:11,3,RESPONSIVE
B002254,T00428,V0362,45895403.84,2025-10-26T13:53:13,4,RESPONSIVE
B002255,T00429,V0481,1881215.38,2025-10-20T21:22:02,1,RESPONSIVE
B002256,T00429,V0307,1911081.11,2025-10-25T05:05:04,2,RESPONSIVE
B002257,T00430,V0489,15014653.76,2026-04-29T07:37:07,1,RESPONSIVE
B002258,T00430,V0495,15523538.86,2026-04-23T04:25:25,2,RESPONSIVE
B002259,T00430,V0472,16005244.78,2026-04-25T09:50:52,3,RESPONSIVE
B002260,T00430,V0003,16122213.44,2026-04-25T00:50:26,4,RESPONSIVE
B002261,T00430,V0485,16340160.32,2026-04-29T04:40:21,5,RESPONSIVE
B002262,T00430,V0065,16837284.12,2026-04-25T19:37:39,6,RESPONSIVE
B002263,T00430,V0326,16909708.83,2026-04-28T07:34:45,7,RESPONSIVE
B002264,T00430,V0179,17236384.46,2026-04-21T17:26:28,8,RESPONSIVE
B002265,T00431,V0356,110121938.18,2024-05-10T15:36:30,1,RESPONSIVE
B002266,T00431,V0426,114521609.95,2024-04-24T16:36:27,2,RESPONSIVE
B002267,T00431,V0091,116392983.61,2024-05-12T18:11:18,3,RESPONSIVE
B002268,T00431,V0218,117740780.18,2024-05-11T00:32:12,4,RESPONSIVE
B002269,T00431,V0159,118515410.45,2024-05-11T16:09:57,5,RESPONSIVE
B002270,T00431,V0126,125560627.5,2024-05-03T01:13:38,6,RESPONSIVE
B002271,T00431,V0220,127565165.28,2024-04-30T01:02:31,7,RESPONSIVE
B002272,T00431,V0320,128281977.63,2024-05-04T15:03:43,8,RESPONSIVE
B002273,T00431,V0313,128391042.83,2024-04-26T09:43:44,9,RESPONSIVE
B002274,T00432,V0087,7665768.51,2025-02-10T08:18:03,1,RESPONSIVE
B002275,T00432,V0266,7965108.66,2025-02-19T08:07:53,2,RESPONSIVE
B002276,T00433,V0016,56481310.31,2025-06-20T17:11:01,1,RESPONSIVE
B002277,T00433,V0135,66438202.41,2025-06-09T17:13:13,2,RESPONSIVE
B002278,T00433,V0046,67448096.87,2025-06-28T01:05:57,3,RESPONSIVE
B002279,T00434,V0404,13833189.52,2025-12-23T19:25:58,1,RESPONSIVE
B002280,T00434,V0340,13981944.19,2025-12-08T13:56:20,2,RESPONSIVE
B002281,T00434,V0458,14192245.11,2025-12-30T00:15:41,3,RESPONSIVE
B002282,T00434,V0150,14637773.65,2025-12-19T18:02:07,4,RESPONSIVE
B002283,T00434,V0065,14737106.67,2025-12-21T02:31:16,5,RESPONSIVE
B002284,T00434,V0485,14912180.25,2026-01-02T12:27:24,6,RESPONSIVE
B002285,T00434,V0005,15163104.4,2025-12-23T18:16:46,7,RESPONSIVE
B002286,T00434,V0335,15452246.98,2026-01-01T09:35:03,8,RESPONSIVE
B002287,T00435,V0083,2894849.86,2025-04-14T18:46:12,1,RESPONSIVE
B002288,T00435,V0264,2994682.67,2025-04-07T21:35:55,2,RESPONSIVE
B002289,T00435,V0043,3035514.99,2025-04-13T02:19:23,3,RESPONSIVE
B002290,T00436,V0433,2665158.78,2026-08-25T04:49:56,1,RESPONSIVE
B002291,T00436,V0392,2683444.21,2026-08-17T21:21:34,2,RESPONSIVE
B002292,T00436,V0513,2750845.72,2026-08-19T16:10:21,3,RESPONSIVE
B002293,T00436,V0293,2764635.03,2026-08-19T17:59:58,4,RESPONSIVE
B002294,T00436,V0298,2790402.09,2026-08-21T14:25:31,5,RESPONSIVE
B002295,T00436,V0129,2840295.71,2026-08-19T03:51:40,6,RESPONSIVE
B002296,T00436,V0199,2861570.53,2026-08-24T09:31:04,7,RESPONSIVE
B002297,T00436,V0384,3014271.82,2026-08-26T22:48:07,8,RESPONSIVE
B002298,T00436,V0512,3074722.45,2026-08-20T10:15:10,9,RESPONSIVE
B002299,T00437,V0414,9619961.93,2026-03-20T13:21:52,1,RESPONSIVE
B002300,T00437,V0512,10374031.64,2026-04-01T15:01:22,2,RESPONSIVE
B002301,T00438,V0223,11342771.74,2025-12-15T18:47:31,1,RESPONSIVE
B002302,T00438,V0025,12391004.78,2025-12-09T10:01:08,2,RESPONSIVE
B002303,T00438,V0355,12474997.35,2025-12-17T14:57:54,3,RESPONSIVE
B002304,T00438,V0481,12486670.79,2025-12-11T20:29:42,4,RESPONSIVE
B002305,T00439,V0424,6262333.69,2026-04-25T14:31:54,1,RESPONSIVE
B002306,T00439,V0019,6816289.67,2026-04-19T13:32:32,2,RESPONSIVE
B002307,T00440,V0123,5917405.44,2024-02-03T01:39:54,1,RESPONSIVE
B002308,T00440,V0274,6155142.25,2024-02-11T20:27:43,2,RESPONSIVE
B002309,T00440,V0319,6201042.98,2024-01-28T20:36:49,3,RESPONSIVE
B002310,T00440,V0327,6273538.1,2024-01-28T01:23:00,4,RESPONSIVE
B002311,T00441,V0310,193367319.3,2024-05-08T11:07:28,1,RESPONSIVE
B002312,T00441,V0280,200178373.32,2024-05-07T16:03:02,2,RESPONSIVE
B002313,T00441,V0062,201399538.92,2024-05-16T22:42:39,3,RESPONSIVE
B002314,T00441,V0276,201989215.71,2024-05-23T04:52:11,4,RESPONSIVE
B002315,T00441,V0023,205114016.95,2024-05-10T14:32:54,5,RESPONSIVE
B002316,T00441,V0242,224235047.99,2024-05-14T06:30:45,6,RESPONSIVE
B002317,T00441,V0166,228496320.24,2024-05-18T09:27:06,7,RESPONSIVE
B002318,T00442,V0098,22639840.17,2026-05-12T18:56:32,1,RESPONSIVE
B002319,T00442,V0365,23049221.28,2026-05-05T00:18:29,2,RESPONSIVE
B002320,T00442,V0302,24797214.47,2026-05-04T03:00:35,3,RESPONSIVE
B002321,T00443,V0019,8426371.4,2025-07-05T20:40:55,1,RESPONSIVE
B002322,T00443,V0039,8968217.78,2025-07-13T07:19:55,2,RESPONSIVE
B002323,T00443,V0537,8970529.35,2025-06-22T04:08:39,3,RESPONSIVE
B002324,T00443,V0256,9292810.17,2025-07-13T16:18:50,4,RESPONSIVE
B002325,T00443,V0483,9434990.74,2025-07-06T15:14:10,5,RESPONSIVE
B002326,T00444,V0507,7760630.02,2025-01-24T05:40:19,1,RESPONSIVE
B002327,T00444,V0414,7811492.15,2024-12-31T14:25:51,2,RESPONSIVE
B002328,T00444,V0365,8099259.75,2025-01-23T12:02:33,3,RESPONSIVE
B002329,T00444,V0047,8182415.83,2025-01-06T19:55:21,4,RESPONSIVE
B002330,T00444,V0298,8201878.88,2025-01-20T17:43:26,5,RESPONSIVE
B002331,T00444,V0215,8544249.04,2024-12-28T01:48:20,6,RESPONSIVE
B002332,T00444,V0336,8562816.4,2025-01-24T17:30:58,7,RESPONSIVE
B002333,T00444,V0433,8749955.82,2025-01-14T05:47:27,8,RESPONSIVE
B002334,T00444,V0502,8892356.3,2025-01-14T01:38:30,9,RESPONSIVE
B002335,T00445,V0544,73115462.84,2024-05-02T02:41:30,1,RESPONSIVE
B002336,T00445,V0044,83871325.04,2024-04-29T21:25:00,2,RESPONSIVE
B002337,T00445,V0547,90628352.68,2024-04-30T22:32:17,3,RESPONSIVE
B002338,T00446,V0374,84683537.37,2024-10-06T17:04:05,1,RESPONSIVE
B002339,T00446,V0413,88802333.12,2024-10-18T10:34:42,2,RESPONSIVE
B002340,T00447,V0355,6940111.94,2025-07-13T01:29:50,1,RESPONSIVE
B002341,T00447,V0307,6946742.2,2025-07-08T20:02:43,2,RESPONSIVE
B002342,T00447,V0144,7275450.41,2025-07-16T00:31:13,3,RESPONSIVE
B002343,T00447,V0113,7497950.9,2025-07-11T13:45:54,4,RESPONSIVE
B002344,T00447,V0295,7609714.96,2025-07-08T12:45:40,5,RESPONSIVE
B002345,T00447,V0460,7615515.35,2025-07-07T18:09:54,6,RESPONSIVE
B002346,T00447,V0025,7629639.94,2025-07-14T22:07:41,7,RESPONSIVE
B002347,T00447,V0407,7630240.25,2025-07-15T02:33:45,8,RESPONSIVE
B002348,T00447,V0119,7751281.34,2025-07-11T18:46:40,9,RESPONSIVE
B002349,T00448,V0364,1225743.87,2024-03-05T21:21:28,1,RESPONSIVE
B002350,T00448,V0038,1330223.33,2024-03-04T14:35:05,2,RESPONSIVE
B002351,T00449,V0411,3130838.91,2025-08-19T15:57:53,1,RESPONSIVE
B002352,T00449,V0215,3163454.0,2025-08-20T04:50:56,2,RESPONSIVE
B002353,T00449,V0338,3277095.5,2025-08-12T18:14:51,3,RESPONSIVE
B002354,T00449,V0034,3303012.17,2025-07-30T00:38:49,4,RESPONSIVE
B002355,T00449,V0129,3376311.35,2025-08-20T11:20:30,5,NON_RESPONSIVE
B002356,T00449,V0023,3386067.04,2025-08-01T09:28:42,6,RESPONSIVE
B002357,T00450,V0355,20862574.92,2026-04-22T08:23:01,1,RESPONSIVE
B002358,T00450,V0307,22211601.14,2026-04-10T16:19:00,2,RESPONSIVE
B002359,T00450,V0113,22761518.62,2026-04-17T08:52:36,3,RESPONSIVE
B002360,T00450,V0277,22952992.58,2026-04-11T03:55:59,4,RESPONSIVE
B002361,T00450,V0223,22962285.35,2026-04-21T16:45:34,5,RESPONSIVE
B002362,T00450,V0144,23349311.67,2026-04-12T15:17:05,6,RESPONSIVE
B002363,T00451,V0023,94461521.04,2025-02-05T04:43:23,1,RESPONSIVE
B002364,T00451,V0316,101406239.95,2025-02-13T22:21:29,2,RESPONSIVE
B002365,T00451,V0457,103369484.62,2025-02-13T20:45:31,3,RESPONSIVE
B002366,T00451,V0076,104295666.34,2025-01-20T09:52:21,4,RESPONSIVE
B002367,T00452,V0304,35912229.77,2025-03-27T10:19:25,1,RESPONSIVE
B002368,T00452,V0218,36221868.62,2025-04-16T19:45:44,2,RESPONSIVE
B002369,T00452,V0525,36690132.73,2025-04-11T09:31:56,3,NON_RESPONSIVE
B002370,T00452,V0133,37496239.68,2025-04-14T05:59:40,4,RESPONSIVE
B002371,T00452,V0381,38526613.05,2025-03-30T20:21:02,5,RESPONSIVE
B002372,T00452,V0346,39656680.2,2025-04-09T21:09:09,6,RESPONSIVE
B002373,T00452,V0019,40157654.93,2025-03-24T23:45:53,7,RESPONSIVE
B002374,T00453,V0397,5663209.96,2026-04-15T14:38:13,1,RESPONSIVE
B002375,T00453,V0185,5729805.67,2026-04-21T14:03:13,2,RESPONSIVE
B002376,T00453,V0256,5805393.64,2026-04-14T07:31:12,3,RESPONSIVE
B002377,T00453,V0438,5930156.39,2026-04-06T09:44:34,4,RESPONSIVE
B002378,T00454,V0148,1820101.85,2024-04-16T06:06:13,1,RESPONSIVE
B002379,T00454,V0077,1883145.56,2024-04-19T07:08:04,2,RESPONSIVE
B002380,T00454,V0104,1966105.44,2024-03-27T17:25:18,3,RESPONSIVE
B002381,T00454,V0395,1976268.15,2024-03-31T21:58:36,4,RESPONSIVE
B002382,T00454,V0049,2076191.84,2024-04-04T12:17:39,5,RESPONSIVE
B002383,T00455,V0208,54658181.68,2025-11-01T01:47:14,1,RESPONSIVE
B002384,T00455,V0310,57077824.45,2025-11-06T10:41:09,2,RESPONSIVE
B002385,T00455,V0219,58511042.84,2025-11-18T15:13:04,3,RESPONSIVE
B002386,T00455,V0132,59779768.22,2025-11-25T09:09:24,4,RESPONSIVE
B002387,T00455,V0249,60156633.05,2025-11-18T11:07:06,5,RESPONSIVE
B002388,T00455,V0244,60787543.54,2025-11-07T00:25:40,6,RESPONSIVE
B002389,T00455,V0281,60991525.24,2025-11-23T12:34:20,7,RESPONSIVE
B002390,T00456,V0050,11824597.44,2025-01-04T20:23:03,1,NON_RESPONSIVE
B002391,T00456,V0026,12593995.57,2024-12-27T09:41:43,2,RESPONSIVE
B002392,T00456,V0295,13172454.28,2024-12-22T16:19:47,3,RESPONSIVE
B002393,T00457,V0020,6681907.96,2024-07-27T17:56:11,1,RESPONSIVE
B002394,T00457,V0395,6869873.45,2024-08-02T17:09:51,2,RESPONSIVE
B002395,T00457,V0540,7122923.75,2024-08-03T06:35:11,3,RESPONSIVE
B002396,T00457,V0529,7621868.96,2024-08-01T01:39:54,4,RESPONSIVE
B002397,T00458,V0215,52955509.78,2024-12-20T03:15:16,1,RESPONSIVE
B002398,T00458,V0152,53922854.87,2024-12-21T14:56:27,2,RESPONSIVE
B002399,T00458,V0079,55231347.09,2024-12-21T05:05:32,3,RESPONSIVE
B002400,T00459,V0063,230306464.16,2026-01-23T00:59:37,1,RESPONSIVE
B002401,T00459,V0038,230979390.57,2026-01-29T06:40:56,2,RESPONSIVE
B002402,T00459,V0364,237134875.98,2026-02-01T01:50:51,3,RESPONSIVE
B002403,T00459,V0541,239623895.5,2026-02-04T17:06:53,4,RESPONSIVE
B002404,T00460,V0026,21434416.29,2024-04-30T04:04:14,1,RESPONSIVE
B002405,T00460,V0266,22153639.94,2024-05-08T15:05:07,2,RESPONSIVE
B002406,T00461,V0519,1932599.69,2024-11-13T11:38:36,1,RESPONSIVE
B002407,T00461,V0451,1980247.62,2024-11-09T16:15:55,2,RESPONSIVE
B002408,T00461,V0454,2078035.92,2024-11-06T02:19:17,3,RESPONSIVE
B002409,T00461,V0344,2108025.6,2024-11-14T15:49:52,4,RESPONSIVE
B002410,T00461,V0029,2161697.62,2024-11-01T09:19:11,5,RESPONSIVE
B002411,T00461,V0162,2163766.49,2024-11-07T18:11:56,6,RESPONSIVE
B002412,T00461,V0394,2313207.52,2024-11-06T08:51:32,7,RESPONSIVE
B002413,T00462,V0054,6605829.78,2025-09-26T05:14:13,1,RESPONSIVE
B002414,T00462,V0185,7100047.95,2025-10-09T07:04:50,2,RESPONSIVE
B002415,T00462,V0531,7138615.14,2025-08-29T23:48:39,3,RESPONSIVE
B002416,T00462,V0415,7580968.07,2025-10-09T15:39:29,4,RESPONSIVE
B002417,T00462,V0517,7816060.05,2025-10-01T22:19:38,5,RESPONSIVE
B002418,T00463,V0319,1498904.48,2025-08-25T18:10:17,1,RESPONSIVE
B002419,T00463,V0242,1595877.37,2025-08-12T21:03:26,2,RESPONSIVE
B002420,T00463,V0066,1597767.44,2025-08-26T09:25:25,3,RESPONSIVE
B002421,T00463,V0016,1634197.34,2025-08-25T15:43:40,4,RESPONSIVE
B002422,T00463,V0473,1694138.35,2025-09-13T15:01:24,5,RESPONSIVE
B002423,T00464,V0256,1136188.86,2025-03-30T10:28:19,1,RESPONSIVE
B002424,T00464,V0532,1159123.88,2025-04-03T06:21:44,2,RESPONSIVE
B002425,T00464,V0182,1235797.69,2025-04-02T15:53:46,3,RESPONSIVE
B002426,T00464,V0419,1280220.32,2025-03-28T05:41:24,4,RESPONSIVE
B002427,T00464,V0028,1321185.2,2025-03-23T07:42:46,5,RESPONSIVE
B002428,T00465,V0212,3302124.36,2025-07-09T16:20:40,1,RESPONSIVE
B002429,T00465,V0153,3311968.62,2025-07-16T01:53:21,2,RESPONSIVE
B002430,T00465,V0455,3353281.96,2025-07-20T07:48:11,3,RESPONSIVE
B002431,T00465,V0114,3373397.72,2025-08-01T09:18:00,4,RESPONSIVE
B002432,T00465,V0410,3379112.66,2025-07-15T21:58:06,5,RESPONSIVE
B002433,T00465,V0271,3390543.68,2025-07-17T11:32:10,6,RESPONSIVE
B002434,T00465,V0126,3425446.74,2025-07-06T18:20:22,7,RESPONSIVE
B002435,T00465,V0438,3509049.54,2025-07-31T12:46:50,8,RESPONSIVE
B002436,T00465,V0220,3618235.52,2025-08-02T15:15:48,9,RESPONSIVE
B002437,T00466,V0328,3018045.3,2024-01-20T04:17:36,1,RESPONSIVE
B002438,T00466,V0263,3053825.51,2024-02-08T22:36:28,2,RESPONSIVE
B002439,T00466,V0222,3062440.87,2024-01-24T11:47:57,3,RESPONSIVE
B002440,T00466,V0005,3183563.03,2024-01-31T08:06:32,4,RESPONSIVE
B002441,T00466,V0239,3186459.17,2024-01-23T02:02:40,5,RESPONSIVE
B002442,T00466,V0492,3198825.91,2024-02-09T17:48:08,6,RESPONSIVE
B002443,T00466,V0360,3204661.16,2024-02-05T07:34:44,7,RESPONSIVE
B002444,T00466,V0275,3260704.83,2024-02-10T13:37:09,8,RESPONSIVE
B002445,T00467,V0082,1116396.03,2024-12-13T14:09:27,1,RESPONSIVE
B002446,T00467,V0278,1119586.78,2024-12-18T04:03:28,2,RESPONSIVE
B002447,T00467,V0219,1124552.73,2024-12-08T15:25:50,3,RESPONSIVE
B002448,T00467,V0319,1141246.58,2024-12-02T10:41:03,4,RESPONSIVE
B002449,T00467,V0292,1168966.38,2024-12-18T02:17:08,5,RESPONSIVE
B002450,T00467,V0007,1171033.86,2024-12-05T12:20:07,6,RESPONSIVE
B002451,T00467,V0504,1181033.09,2024-12-17T11:25:23,7,RESPONSIVE
B002452,T00467,V0002,1191269.38,2024-12-02T08:54:42,8,RESPONSIVE
B002453,T00467,V0151,1227174.34,2024-12-10T04:39:42,9,RESPONSIVE
B002454,T00468,V0511,30976119.01,2024-10-18T10:47:54,1,RESPONSIVE
B002455,T00468,V0052,31239953.1,2024-10-28T11:18:17,2,NON_RESPONSIVE
B002456,T00468,V0547,32198946.14,2024-10-25T01:27:00,3,RESPONSIVE
B002457,T00468,V0516,32242607.37,2024-10-29T17:56:36,4,RESPONSIVE
B002458,T00469,V0066,3792056.41,2025-06-18T14:24:59,1,RESPONSIVE
B002459,T00469,V0093,4003266.93,2025-07-03T02:44:53,2,RESPONSIVE
B002460,T00470,V0478,8201731.53,2025-04-01T06:19:02,1,RESPONSIVE
B002461,T00470,V0311,8243586.83,2025-03-28T18:19:20,2,RESPONSIVE
B002462,T00470,V0342,8293224.13,2025-04-17T18:16:50,3,RESPONSIVE
B002463,T00471,V0263,2459433.9,2024-05-26T13:45:48,1,RESPONSIVE
B002464,T00471,V0455,2583581.68,2024-06-15T05:02:08,2,RESPONSIVE
B002465,T00472,V0293,45700840.87,2026-03-31T23:45:48,1,RESPONSIVE
B002466,T00472,V0214,47344975.82,2026-02-28T03:58:52,2,RESPONSIVE
B002467,T00472,V0465,48873894.3,2026-02-23T04:24:47,3,RESPONSIVE
B002468,T00472,V0513,49806146.46,2026-04-06T02:03:32,4,RESPONSIVE
B002469,T00472,V0175,50084555.28,2026-03-31T09:59:28,5,NON_RESPONSIVE
B002470,T00472,V0383,54011334.57,2026-03-15T07:15:41,6,RESPONSIVE
B002471,T00473,V0006,8215912.48,2025-10-19T05:48:03,1,RESPONSIVE
B002472,T00473,V0376,8419905.13,2025-10-02T08:03:21,2,RESPONSIVE
B002473,T00474,V0014,93047601.26,2024-03-29T12:57:37,1,RESPONSIVE
B002474,T00474,V0269,98592239.88,2024-03-29T04:13:47,2,RESPONSIVE
B002475,T00475,V0098,7109437.39,2025-04-29T19:36:43,1,RESPONSIVE
B002476,T00475,V0392,7191637.69,2025-05-01T15:12:10,2,RESPONSIVE
B002477,T00475,V0040,7250031.64,2025-04-27T13:46:38,3,RESPONSIVE
B002478,T00475,V0215,7276150.18,2025-04-30T21:16:52,4,RESPONSIVE
B002479,T00475,V0405,7390411.1,2025-04-23T12:24:09,5,RESPONSIVE
B002480,T00475,V0129,7401385.32,2025-04-27T14:07:02,6,RESPONSIVE
B002481,T00475,V0056,7520250.3,2025-04-30T23:58:27,7,RESPONSIVE
B002482,T00475,V0162,7563120.31,2025-04-27T07:59:22,8,RESPONSIVE
B002483,T00475,V0512,7862941.8,2025-04-24T14:40:10,9,RESPONSIVE
B002484,T00476,V0347,37367475.91,2024-08-30T23:54:47,1,RESPONSIVE
B002485,T00476,V0374,37789982.76,2024-08-21T10:08:00,2,RESPONSIVE
B002486,T00476,V0059,38807064.06,2024-09-10T18:39:41,3,RESPONSIVE
B002487,T00476,V0073,38828058.33,2024-09-10T04:39:46,4,RESPONSIVE
B002488,T00476,V0004,39309671.73,2024-09-09T10:25:04,5,RESPONSIVE
B002489,T00476,V0060,39338353.35,2024-09-17T17:35:50,6,RESPONSIVE
B002490,T00476,V0219,39520181.5,2024-09-09T12:48:50,7,RESPONSIVE
B002491,T00476,V0515,39565679.12,2024-08-16T19:44:53,8,RESPONSIVE
B002492,T00476,V0055,41839538.33,2024-09-01T06:36:13,9,RESPONSIVE
B002493,T00477,V0547,36051483.95,2025-06-02T19:42:34,1,RESPONSIVE
B002494,T00477,V0246,36106702.09,2025-06-10T21:04:53,2,RESPONSIVE
B002495,T00477,V0172,41685721.07,2025-06-02T18:55:56,3,RESPONSIVE
B002496,T00477,V0182,42708141.59,2025-06-15T20:18:21,4,RESPONSIVE
B002497,T00477,V0525,43333286.88,2025-06-05T12:24:50,5,RESPONSIVE
B002498,T00478,V0546,3317820.13,2026-01-16T04:53:39,1,RESPONSIVE
B002499,T00478,V0132,3404911.48,2026-01-19T10:30:20,2,RESPONSIVE
B002500,T00478,V0379,3515829.3,2026-01-25T07:12:20,3,RESPONSIVE
B002501,T00478,V0127,3540622.38,2026-02-01T09:22:49,4,RESPONSIVE
B002502,T00478,V0276,3620645.57,2026-01-23T09:16:45,5,RESPONSIVE
B002503,T00479,V0382,1251162.91,2025-08-22T18:42:27,1,RESPONSIVE
B002504,T00479,V0043,1268593.34,2025-08-27T09:59:46,2,RESPONSIVE
B002505,T00479,V0536,1304006.98,2025-08-31T06:13:43,3,RESPONSIVE
B002506,T00479,V0469,1309223.87,2025-09-13T02:47:00,4,RESPONSIVE
B002507,T00479,V0232,1358904.32,2025-09-12T22:57:21,5,RESPONSIVE
B002508,T00480,V0313,7109676.34,2025-01-09T23:41:03,1,RESPONSIVE
B002509,T00480,V0400,7166476.81,2024-12-17T03:02:41,2,RESPONSIVE
B002510,T00480,V0426,7318739.41,2025-01-14T07:37:35,3,RESPONSIVE
B002511,T00480,V0429,7358243.49,2025-01-03T09:31:04,4,RESPONSIVE
B002512,T00480,V0078,7845779.97,2024-12-22T17:50:57,5,RESPONSIVE
B002513,T00480,V0517,8081034.44,2024-12-23T04:31:10,6,RESPONSIVE
B002514,T00481,V0476,11878200.55,2024-09-12T11:13:45,1,RESPONSIVE
B002515,T00481,V0128,12093756.9,2024-09-18T11:36:12,2,RESPONSIVE
B002516,T00481,V0089,12339660.58,2024-09-05T23:22:22,3,RESPONSIVE
B002517,T00481,V0194,12861035.33,2024-09-28T06:05:16,4,RESPONSIVE
B002518,T00481,V0410,13015639.94,2024-09-02T21:57:57,5,RESPONSIVE
B002519,T00482,V0265,20296048.39,2024-12-07T19:27:48,1,RESPONSIVE
B002520,T00482,V0307,20761189.73,2024-12-26T19:00:33,2,RESPONSIVE
B002521,T00482,V0452,24074001.77,2024-12-12T11:16:41,3,RESPONSIVE
B002522,T00483,V0543,12096185.62,2024-10-20T05:49:02,1,RESPONSIVE
B002523,T00483,V0141,14205897.09,2024-10-22T06:30:49,2,RESPONSIVE
B002524,T00483,V0351,14371046.21,2024-10-19T20:21:17,3,RESPONSIVE
B002525,T00483,V0096,14384912.58,2024-10-18T23:23:40,4,RESPONSIVE
B002526,T00483,V0331,14573875.63,2024-10-24T14:38:31,5,RESPONSIVE
B002527,T00484,V0336,7486235.27,2024-10-10T02:30:58,1,RESPONSIVE
B002528,T00484,V0495,7581777.73,2024-10-11T08:21:16,2,RESPONSIVE
B002529,T00484,V0451,7629003.47,2024-10-04T13:36:38,3,RESPONSIVE
B002530,T00484,V0256,7713780.45,2024-10-01T22:49:42,4,RESPONSIVE
B002531,T00484,V0411,7813904.8,2024-10-03T18:03:03,5,RESPONSIVE
B002532,T00484,V0241,7960916.98,2024-09-20T17:38:53,6,RESPONSIVE
B002533,T00485,V0286,9237837.33,2024-11-19T05:43:45,1,RESPONSIVE
B002534,T00485,V0262,9346841.44,2024-11-22T05:23:24,2,RESPONSIVE
B002535,T00485,V0355,9648027.1,2024-12-04T23:38:03,3,RESPONSIVE
B002536,T00485,V0395,9801272.74,2024-11-22T14:54:04,4,RESPONSIVE
B002537,T00485,V0119,9816406.18,2024-12-02T19:39:40,5,RESPONSIVE
B002538,T00485,V0350,10152786.8,2024-11-28T04:25:51,6,RESPONSIVE
B002539,T00485,V0463,10237017.53,2024-11-19T21:10:45,7,RESPONSIVE
B002540,T00485,V0543,10559891.5,2024-11-14T22:59:36,8,RESPONSIVE
B002541,T00486,V0178,1348083.47,2026-08-13T16:59:50,1,RESPONSIVE
B002542,T00486,V0502,1354803.59,2026-08-13T23:14:43,2,RESPONSIVE
B002543,T00486,V0456,1404483.63,2026-08-13T05:48:54,3,RESPONSIVE
B002544,T00486,V0113,1414108.73,2026-08-09T20:04:19,4,RESPONSIVE
B002545,T00486,V0129,1424860.45,2026-08-01T08:21:42,5,RESPONSIVE
B002546,T00486,V0365,1425601.87,2026-07-25T15:39:52,6,RESPONSIVE
B002547,T00486,V0482,1430388.78,2026-08-14T05:25:38,7,RESPONSIVE
B002548,T00486,V0423,1460890.67,2026-08-09T11:25:51,8,RESPONSIVE
B002549,T00487,V0223,4029576.55,2025-03-18T20:26:29,1,RESPONSIVE
B002550,T00487,V0025,4059049.57,2025-04-01T18:46:41,2,RESPONSIVE
B002551,T00487,V0355,4104758.75,2025-03-20T00:49:36,3,RESPONSIVE
B002552,T00487,V0119,4213161.31,2025-03-19T19:56:06,4,RESPONSIVE
B002553,T00487,V0020,4257555.91,2025-04-01T20:04:32,5,RESPONSIVE
B002554,T00487,V0295,4369566.65,2025-03-16T06:24:40,6,RESPONSIVE
B002555,T00487,V0460,4461513.95,2025-03-25T22:42:28,7,RESPONSIVE
B002556,T00487,V0041,4480684.83,2025-03-31T15:02:00,8,RESPONSIVE
B002557,T00488,V0132,33470127.1,2024-01-26T23:31:17,1,RESPONSIVE
B002558,T00488,V0316,35556229.59,2024-01-20T10:59:10,2,RESPONSIVE
B002559,T00489,V0207,8281730.74,2026-01-06T14:02:33,1,RESPONSIVE
B002560,T00489,V0039,8491456.98,2026-01-18T22:45:11,2,RESPONSIVE
B002561,T00489,V0219,8731371.67,2026-01-23T20:02:10,3,RESPONSIVE
B002562,T00489,V0107,8796848.72,2025-12-31T06:05:15,4,RESPONSIVE
B002563,T00489,V0046,9120643.53,2025-12-28T03:51:41,5,RESPONSIVE
B002564,T00490,V0100,24515125.43,2026-01-04T02:47:48,1,RESPONSIVE
B002565,T00490,V0110,25408904.17,2025-12-21T00:47:10,2,RESPONSIVE
B002566,T00490,V0193,27241361.06,2025-12-09T19:55:59,3,RESPONSIVE
B002567,T00491,V0404,13638967.06,2025-03-15T06:19:12,1,RESPONSIVE
B002568,T00491,V0003,14945754.82,2025-03-17T20:43:19,2,RESPONSIVE
B002569,T00491,V0245,15599938.52,2025-03-02T17:02:22,3,NON_RESPONSIVE
B002570,T00491,V0060,15790978.88,2025-03-25T09:06:55,4,RESPONSIVE
B002571,T00491,V0453,16085426.11,2025-03-02T20:23:34,5,RESPONSIVE
B002572,T00492,V0244,2138839.71,2026-07-21T08:03:43,1,RESPONSIVE
B002573,T00492,V0322,2143717.78,2026-08-02T07:12:54,2,RESPONSIVE
B002574,T00492,V0123,2220047.46,2026-07-14T19:37:47,3,RESPONSIVE
B002575,T00493,V0133,21589885.43,2024-08-24T03:06:45,1,RESPONSIVE
B002576,T00493,V0289,21684684.16,2024-08-22T04:13:05,2,RESPONSIVE
B002577,T00493,V0332,23072646.06,2024-08-22T12:21:33,3,RESPONSIVE
B002578,T00494,V0027,27871089.1,2026-05-04T01:05:04,1,RESPONSIVE
B002579,T00494,V0123,28890553.08,2026-05-06T06:12:29,2,RESPONSIVE
B002580,T00494,V0135,29346698.41,2026-05-04T14:02:04,3,RESPONSIVE
B002581,T00494,V0059,29506364.63,2026-05-05T02:47:26,4,RESPONSIVE
B002582,T00494,V0405,29929624.32,2026-05-08T03:17:25,5,RESPONSIVE
B002583,T00494,V0103,30026453.9,2026-05-07T13:46:52,6,RESPONSIVE
B002584,T00494,V0018,30038105.52,2026-05-07T16:22:27,7,RESPONSIVE
B002585,T00494,V0039,30405932.6,2026-05-09T22:10:10,8,RESPONSIVE
B002586,T00494,V0219,31194383.96,2026-04-29T17:32:40,9,RESPONSIVE
B002587,T00494,V0276,31299189.64,2026-05-05T18:28:18,10,RESPONSIVE
B002588,T00494,V0132,31322615.41,2026-04-30T14:21:39,11,RESPONSIVE
B002589,T00494,V0242,31619536.52,2026-05-01T03:28:08,12,RESPONSIVE
B002590,T00495,V0347,4926758.72,2026-05-03T03:26:41,1,RESPONSIVE
B002591,T00495,V0270,5045997.64,2026-05-10T06:39:31,2,RESPONSIVE
B002592,T00496,V0022,12706118.73,2025-09-15T15:55:31,1,RESPONSIVE
B002593,T00496,V0049,13615025.85,2025-09-22T15:41:49,2,RESPONSIVE
B002594,T00496,V0341,13630743.88,2025-09-20T23:37:18,3,RESPONSIVE
B002595,T00496,V0481,13818658.01,2025-09-12T01:11:38,4,RESPONSIVE
B002596,T00496,V0439,14727306.08,2025-09-18T08:22:08,5,RESPONSIVE
B002597,T00496,V0192,14902370.35,2025-09-12T04:48:06,6,RESPONSIVE
B002598,T00497,V0363,5842463.08,2024-10-11T23:54:06,1,RESPONSIVE
B002599,T00497,V0284,5925965.46,2024-10-04T01:48:37,2,RESPONSIVE
B002600,T00497,V0298,6253007.39,2024-10-13T19:07:38,3,RESPONSIVE
B002601,T00497,V0014,6373628.16,2024-10-14T10:38:38,4,RESPONSIVE
B002602,T00497,V0046,6868740.35,2024-10-10T00:58:19,5,RESPONSIVE
B002603,T00497,V0198,6886865.63,2024-10-14T15:32:29,6,RESPONSIVE
B002604,T00497,V0107,7036746.02,2024-10-04T18:31:26,7,RESPONSIVE
B002605,T00497,V0411,7260616.42,2024-10-04T12:34:04,8,RESPONSIVE
B002606,T00498,V0099,4544463.95,2026-04-28T06:43:24,1,RESPONSIVE
B002607,T00498,V0510,4723181.53,2026-05-04T05:34:40,2,RESPONSIVE
B002608,T00498,V0311,4764504.73,2026-04-29T22:25:28,3,RESPONSIVE
B002609,T00498,V0091,4887323.87,2026-04-29T01:26:53,4,RESPONSIVE
B002610,T00498,V0078,4938460.88,2026-04-27T17:55:33,5,RESPONSIVE
B002611,T00498,V0525,5170159.84,2026-04-26T06:40:15,6,RESPONSIVE
B002612,T00498,V0391,5457051.42,2026-04-30T19:38:20,7,RESPONSIVE
B002613,T00499,V0129,19442454.29,2024-05-22T12:26:22,1,RESPONSIVE
B002614,T00499,V0034,20660567.22,2024-05-19T14:20:38,2,RESPONSIVE
B002615,T00499,V0451,20674472.15,2024-05-30T17:35:02,3,RESPONSIVE
B002616,T00499,V0317,20966847.26,2024-05-14T03:56:26,4,RESPONSIVE
B002617,T00499,V0502,21356312.87,2024-05-22T08:45:41,5,RESPONSIVE
B002618,T00499,V0433,22239659.91,2024-05-04T00:59:10,6,RESPONSIVE
B002619,T00500,V0421,50478216.04,2024-05-21T19:56:15,1,RESPONSIVE
B002620,T00500,V0435,52366039.42,2024-06-17T23:56:14,2,RESPONSIVE
B002621,T00500,V0517,53220552.28,2024-05-25T19:50:50,3,RESPONSIVE
B002622,T00500,V0470,54140911.28,2024-06-17T08:14:59,4,RESPONSIVE
B002623,T00500,V0225,54461280.24,2024-06-02T17:50:10,5,RESPONSIVE
B002624,T00500,V0516,54526775.98,2024-06-17T03:57:53,6,RESPONSIVE
B002625,T00500,V0006,55214276.34,2024-05-29T00:08:22,7,RESPONSIVE
B002626,T00501,V0099,26236481.79,2024-08-14T01:54:06,1,NON_RESPONSIVE
B002627,T00501,V0091,28926229.3,2024-08-15T17:13:39,2,RESPONSIVE
B002628,T00501,V0510,29123211.03,2024-08-11T03:19:46,3,RESPONSIVE
B002629,T00501,V0069,29677798.18,2024-08-21T09:25:55,4,NON_RESPONSIVE
B002630,T00501,V0525,30193295.75,2024-08-14T00:17:38,5,RESPONSIVE
B002631,T00501,V0376,30757192.25,2024-08-11T13:17:43,6,RESPONSIVE
B002632,T00501,V0387,31019312.59,2024-08-11T21:55:39,7,RESPONSIVE
B002633,T00501,V0506,31669579.27,2024-08-18T00:56:06,8,RESPONSIVE
B002634,T00501,V0017,31955746.23,2024-08-12T12:32:49,9,RESPONSIVE
B002635,T00502,V0503,11161326.79,2024-10-07T15:44:52,1,RESPONSIVE
B002636,T00502,V0479,11248291.0,2024-10-05T04:40:04,2,RESPONSIVE
B002637,T00502,V0502,11555393.19,2024-10-06T13:39:15,3,RESPONSIVE
B002638,T00502,V0291,11631040.9,2024-09-20T11:39:42,4,RESPONSIVE
B002639,T00502,V0030,11693892.8,2024-09-23T23:19:46,5,RESPONSIVE
B002640,T00502,V0171,11832467.28,2024-09-28T21:05:38,6,RESPONSIVE
B002641,T00502,V0549,11960574.36,2024-09-19T18:57:27,7,NON_RESPONSIVE
B002642,T00502,V0258,12117857.83,2024-09-20T00:10:54,8,RESPONSIVE
B002643,T00502,V0514,12230358.98,2024-10-01T11:35:02,9,RESPONSIVE
B002644,T00503,V0127,11271417.93,2026-05-13T23:13:34,1,RESPONSIVE
B002645,T00503,V0219,11671836.62,2026-05-01T14:14:52,2,RESPONSIVE
B002646,T00503,V0055,12296969.88,2026-04-14T04:34:35,3,RESPONSIVE
B002647,T00503,V0436,12558313.64,2026-05-23T14:00:46,4,RESPONSIVE
B002648,T00503,V0122,12838471.33,2026-05-24T22:58:00,5,RESPONSIVE
B002649,T00504,V0231,18197658.76,2026-06-14T17:13:57,1,RESPONSIVE
B002650,T00504,V0291,18941500.94,2026-05-28T04:32:23,2,RESPONSIVE
B002651,T00504,V0277,19862189.09,2026-06-10T04:31:03,3,RESPONSIVE
B002652,T00504,V0315,20315147.81,2026-06-09T02:46:27,4,RESPONSIVE
B002653,T00505,V0465,2841953.25,2025-12-12T22:49:04,1,RESPONSIVE
B002654,T00505,V0549,2849670.58,2025-12-11T18:33:33,2,RESPONSIVE
B002655,T00505,V0259,2881936.22,2025-12-17T03:23:39,3,RESPONSIVE
B002656,T00505,V0233,2888744.35,2025-12-11T00:48:11,4,RESPONSIVE
B002657,T00505,V0494,2941245.09,2025-12-13T05:50:53,5,RESPONSIVE
B002658,T00505,V0025,2982165.03,2025-12-17T10:16:48,6,RESPONSIVE
B002659,T00505,V0152,3055987.78,2025-12-20T07:46:29,7,RESPONSIVE
B002660,T00505,V0479,3197540.47,2025-12-17T04:41:28,8,RESPONSIVE
B002661,T00505,V0129,3411859.76,2025-12-17T01:13:37,9,RESPONSIVE
B002662,T00506,V0263,5592090.82,2025-12-29T20:45:41,1,RESPONSIVE
B002663,T00506,V0326,5711707.9,2025-12-20T21:15:20,2,RESPONSIVE
B002664,T00506,V0530,5748003.26,2025-12-28T20:19:47,3,RESPONSIVE
B002665,T00507,V0259,53821602.47,2026-08-24T21:54:13,1,RESPONSIVE
B002666,T00507,V0502,57330749.0,2026-08-23T23:48:39,2,RESPONSIVE
B002667,T00507,V0396,58185021.03,2026-08-26T23:45:22,3,RESPONSIVE
B002668,T00507,V0026,58576564.68,2026-08-30T23:26:06,4,RESPONSIVE
B002669,T00507,V0214,59283460.83,2026-08-22T22:49:04,5,RESPONSIVE
B002670,T00507,V0129,60363541.72,2026-08-26T03:45:32,6,RESPONSIVE
B002671,T00507,V0258,60593613.77,2026-08-24T21:11:59,7,RESPONSIVE
B002672,T00507,V0334,60731647.28,2026-08-25T03:40:13,8,RESPONSIVE
B002673,T00507,V0008,62042653.72,2026-08-20T08:19:23,9,RESPONSIVE
B002674,T00507,V0434,62051925.09,2026-08-22T14:07:50,10,RESPONSIVE
B002675,T00507,V0482,62381606.23,2026-08-25T14:18:31,11,RESPONSIVE
B002676,T00507,V0549,62490880.56,2026-08-30T07:28:09,12,RESPONSIVE
B002677,T00508,V0135,5435392.6,2025-03-17T01:49:15,1,RESPONSIVE
B002678,T00508,V0166,5487961.55,2025-03-02T05:53:54,2,RESPONSIVE
B002679,T00508,V0014,5598769.55,2025-03-15T20:32:45,3,RESPONSIVE
B002680,T00508,V0208,5624565.14,2025-03-06T10:28:02,4,RESPONSIVE
B002681,T00508,V0198,5644228.5,2025-03-07T08:55:34,5,RESPONSIVE
B002682,T00508,V0027,5760992.47,2025-03-20T01:03:14,6,RESPONSIVE
B002683,T00508,V0059,6054862.09,2025-03-20T16:30:17,7,RESPONSIVE
B002684,T00508,V0370,6087932.0,2025-03-17T14:53:30,8,RESPONSIVE
B002685,T00509,V0340,5905971.65,2025-03-25T14:37:58,1,RESPONSIVE
B002686,T00509,V0186,5973802.93,2025-03-29T10:02:07,2,RESPONSIVE
B002687,T00510,V0335,6346183.3,2024-07-04T18:40:33,1,RESPONSIVE
B002688,T00510,V0402,6510280.14,2024-06-21T07:37:05,2,RESPONSIVE
B002689,T00510,V0060,6558636.23,2024-06-13T04:51:50,3,RESPONSIVE
B002690,T00510,V0039,6774674.68,2024-06-25T03:15:42,4,RESPONSIVE
B002691,T00510,V0185,6832197.49,2024-06-18T09:30:59,5,RESPONSIVE
B002692,T00511,V0494,13749508.34,2025-10-30T22:22:15,1,RESPONSIVE
B002693,T00511,V0479,14044901.64,2025-11-11T01:22:40,2,NON_RESPONSIVE
B002694,T00511,V0010,14350230.22,2025-11-04T12:22:42,3,RESPONSIVE
B002695,T00511,V0369,14543229.38,2025-11-06T15:18:27,4,RESPONSIVE
B002696,T00511,V0539,14640918.37,2025-10-28T19:37:49,5,RESPONSIVE
B002697,T00511,V0223,14998984.59,2025-11-14T13:23:38,6,RESPONSIVE
B002698,T00512,V0504,86583450.17,2024-11-19T09:12:51,1,RESPONSIVE
B002699,T00512,V0248,90506758.45,2024-12-03T23:53:25,2,RESPONSIVE
B002700,T00512,V0316,91010572.54,2024-11-27T17:33:03,3,RESPONSIVE
B002701,T00512,V0468,93329441.71,2024-11-22T17:17:16,4,RESPONSIVE
B002702,T00512,V0267,93483983.57,2024-12-15T18:32:32,5,RESPONSIVE
B002703,T00513,V0368,51932056.47,2026-02-05T15:37:09,1,RESPONSIVE
B002704,T00513,V0470,52020893.46,2026-01-16T08:02:27,2,RESPONSIVE
B002705,T00513,V0332,52529730.7,2026-01-19T22:44:36,3,RESPONSIVE
B002706,T00513,V0091,54142416.56,2026-01-21T06:19:48,4,RESPONSIVE
B002707,T00513,V0271,55466618.77,2026-01-21T08:42:22,5,RESPONSIVE
B002708,T00514,V0125,17553104.34,2025-07-19T01:40:39,1,RESPONSIVE
B002709,T00514,V0188,18035831.73,2025-07-13T10:24:12,2,RESPONSIVE
B002710,T00515,V0368,10577700.37,2024-04-22T00:20:44,1,RESPONSIVE
B002711,T00515,V0476,10622447.98,2024-04-30T19:22:39,2,RESPONSIVE
B002712,T00515,V0516,10673594.77,2024-04-29T15:11:03,3,RESPONSIVE
B002713,T00515,V0372,10972461.87,2024-04-25T15:58:23,4,RESPONSIVE
B002714,T00516,V0194,35725902.75,2025-03-01T20:38:09,1,RESPONSIVE
B002715,T00516,V0510,39524579.44,2025-03-08T10:15:39,2,RESPONSIVE
B002716,T00517,V0385,62564485.77,2025-12-18T15:26:07,1,RESPONSIVE
B002717,T00517,V0340,65178423.55,2025-12-15T22:34:50,2,RESPONSIVE
B002718,T00517,V0483,65265139.31,2025-12-25T07:23:31,3,RESPONSIVE
B002719,T00517,V0478,65822044.11,2025-12-16T15:40:44,4,RESPONSIVE
B002720,T00517,V0470,66533462.26,2025-12-22T11:23:02,5,RESPONSIVE
B002721,T00517,V0332,68304929.21,2025-12-23T20:14:47,6,RESPONSIVE
B002722,T00517,V0418,68423101.96,2025-12-29T05:11:54,7,RESPONSIVE
B002723,T00517,V0220,69536009.07,2025-12-22T23:56:23,8,RESPONSIVE
B002724,T00517,V0187,70557611.04,2025-12-14T06:49:41,9,RESPONSIVE
B002725,T00518,V0455,16502323.17,2025-12-29T14:55:22,1,RESPONSIVE
B002726,T00518,V0547,16853807.23,2025-12-29T03:47:38,2,RESPONSIVE
B002727,T00518,V0400,17089414.0,2025-12-29T12:56:18,3,RESPONSIVE
B002728,T00518,V0218,17918913.39,2026-01-01T02:11:12,4,RESPONSIVE
B002729,T00518,V0185,18367848.61,2025-12-28T13:07:59,5,RESPONSIVE
B002730,T00519,V0248,2073042.6,2026-04-25T17:54:13,1,RESPONSIVE
B002731,T00519,V0483,2147982.14,2026-05-20T08:01:26,2,RESPONSIVE
B002732,T00519,V0059,2154516.8,2026-05-20T22:04:44,3,RESPONSIVE
B002733,T00519,V0335,2196167.16,2026-05-06T14:45:45,4,RESPONSIVE
B002734,T00520,V0309,7852234.94,2026-05-02T21:24:06,1,RESPONSIVE
B002735,T00520,V0292,8180971.82,2026-04-28T02:35:41,2,RESPONSIVE
B002736,T00520,V0364,8319809.79,2026-05-01T05:44:15,3,NON_RESPONSIVE
B002737,T00520,V0330,8427014.23,2026-05-07T16:31:10,4,RESPONSIVE
B002738,T00520,V0046,8654835.35,2026-05-02T01:29:16,5,RESPONSIVE
B002739,T00520,V0055,8735006.32,2026-05-02T07:48:00,6,RESPONSIVE
B002740,T00520,V0306,9026856.32,2026-05-06T22:28:33,7,RESPONSIVE
B002741,T00520,V0117,9033092.89,2026-04-29T16:34:05,8,RESPONSIVE
B002742,T00520,V0284,9083161.38,2026-04-29T13:20:43,9,RESPONSIVE
B002743,T00520,V0361,9097644.16,2026-05-07T06:03:02,10,RESPONSIVE
B002744,T00520,V0362,9557291.37,2026-05-07T17:15:28,11,RESPONSIVE
B002745,T00520,V0016,9734726.96,2026-04-29T07:47:08,12,RESPONSIVE
B002746,T00521,V0295,7622773.53,2026-06-01T16:02:51,1,NON_RESPONSIVE
B002747,T00521,V0025,7779261.63,2026-05-19T06:23:31,2,RESPONSIVE
B002748,T00521,V0314,8043047.26,2026-05-22T01:30:57,3,RESPONSIVE
B002749,T00521,V0497,8256265.62,2026-05-26T01:29:00,4,RESPONSIVE
B002750,T00521,V0259,8266496.53,2026-05-21T16:39:56,5,RESPONSIVE
B002751,T00522,V0060,12747363.2,2024-07-23T08:29:51,1,RESPONSIVE
B002752,T00522,V0064,14624054.43,2024-07-26T22:42:26,2,RESPONSIVE
B002753,T00523,V0483,7698737.3,2024-12-24T12:06:53,1,RESPONSIVE
B002754,T00523,V0263,7751538.46,2024-12-26T14:52:42,2,RESPONSIVE
B002755,T00523,V0488,7808945.48,2024-12-23T16:02:21,3,RESPONSIVE
B002756,T00523,V0326,7836646.44,2024-12-27T21:38:56,4,RESPONSIVE
B002757,T00523,V0142,8077937.94,2025-01-09T04:12:26,5,RESPONSIVE
B002758,T00523,V0034,8083631.54,2025-01-05T23:01:58,6,RESPONSIVE
B002759,T00524,V0307,10732427.2,2024-10-07T02:28:09,1,RESPONSIVE
B002760,T00524,V0184,11110112.54,2024-10-02T05:02:08,2,RESPONSIVE
B002761,T00524,V0460,11805061.69,2024-10-10T18:14:42,3,RESPONSIVE
B002762,T00525,V0286,5690015.27,2024-05-09T12:42:38,1,RESPONSIVE
B002763,T00525,V0452,5969671.19,2024-05-09T05:43:37,2,RESPONSIVE
B002764,T00526,V0482,2486355.04,2024-11-24T05:47:27,1,RESPONSIVE
B002765,T00526,V0086,2516247.1,2024-11-16T14:37:54,2,RESPONSIVE
B002766,T00526,V0479,2528290.57,2024-11-27T02:39:15,3,RESPONSIVE
B002767,T00526,V0079,2599682.21,2024-11-12T01:17:59,4,RESPONSIVE
B002768,T00526,V0266,2906147.79,2024-11-26T12:17:53,5,RESPONSIVE
B002769,T00527,V0379,782596.48,2026-03-27T11:58:07,1,RESPONSIVE
B002770,T00527,V0310,869295.65,2026-03-31T03:24:19,2,RESPONSIVE
B002771,T00527,V0082,902888.85,2026-03-11T06:50:11,3,RESPONSIVE
B002772,T00528,V0144,3027617.52,2026-05-16T04:59:54,1,RESPONSIVE
B002773,T00528,V0481,3057342.64,2026-05-16T13:25:38,2,RESPONSIVE
B002774,T00528,V0184,3099443.89,2026-05-13T16:47:42,3,RESPONSIVE
B002775,T00528,V0026,3172146.13,2026-05-11T14:12:51,4,RESPONSIVE
B002776,T00529,V0133,42349415.33,2026-04-05T05:01:57,1,RESPONSIVE
B002777,T00529,V0385,43943940.77,2026-03-31T06:37:42,2,RESPONSIVE
B002778,T00529,V0187,45528608.07,2026-04-06T13:05:45,3,RESPONSIVE
B002779,T00529,V0525,47027498.36,2026-04-07T22:41:09,4,RESPONSIVE
B002780,T00530,V0326,5547153.81,2025-07-20T06:31:00,1,NON_RESPONSIVE
B002781,T00530,V0263,5792906.97,2025-07-17T21:30:01,2,RESPONSIVE
B002782,T00530,V0441,6105580.56,2025-07-21T16:38:22,3,RESPONSIVE
B002783,T00531,V0192,3614261.91,2024-05-12T04:56:33,1,NON_RESPONSIVE
B002784,T00531,V0012,3714352.85,2024-06-11T23:19:15,2,RESPONSIVE
B002785,T00531,V0498,3772279.39,2024-06-17T10:35:50,3,RESPONSIVE
B002786,T00531,V0119,3799602.46,2024-06-05T17:25:03,4,RESPONSIVE
B002787,T00531,V0234,3853723.65,2024-06-04T03:14:18,5,NON_RESPONSIVE
B002788,T00532,V0201,1074031.97,2025-02-11T03:08:58,1,NON_RESPONSIVE
B002789,T00532,V0455,1118185.39,2025-02-18T09:08:55,2,RESPONSIVE
B002790,T00532,V0332,1130608.35,2025-03-02T15:03:50,3,RESPONSIVE
B002791,T00532,V0288,1150391.73,2025-03-01T21:00:46,4,RESPONSIVE
B002792,T00532,V0380,1150702.71,2025-02-14T02:25:05,5,RESPONSIVE
B002793,T00533,V0358,11769075.86,2025-02-07T22:52:12,1,RESPONSIVE
B002794,T00533,V0095,12871830.34,2025-02-05T07:45:07,2,RESPONSIVE
B002795,T00533,V0054,12880712.26,2025-02-21T19:57:00,3,NON_RESPONSIVE
B002796,T00533,V0430,13117920.13,2025-02-10T15:44:22,4,RESPONSIVE
B002797,T00533,V0078,13130425.65,2025-02-12T07:03:05,5,RESPONSIVE
B002798,T00533,V0099,13793236.73,2025-02-22T08:50:45,6,RESPONSIVE
B002799,T00533,V0445,13831081.72,2025-02-15T13:16:37,7,RESPONSIVE
B002800,T00534,V0023,2037365.67,2024-09-22T09:23:38,1,RESPONSIVE
B002801,T00534,V0454,2214502.96,2024-09-28T07:19:45,2,RESPONSIVE
B002802,T00534,V0501,2261388.25,2024-09-25T04:50:12,3,RESPONSIVE
B002803,T00534,V0367,2287998.39,2024-09-26T04:39:13,4,RESPONSIVE
B002804,T00535,V0501,2849189.35,2024-10-29T12:41:38,1,RESPONSIVE
B002805,T00535,V0336,3027060.34,2024-10-16T13:37:33,2,RESPONSIVE
B002806,T00535,V0512,3061565.11,2024-10-22T17:39:58,3,NON_RESPONSIVE
B002807,T00535,V0241,3115816.35,2024-10-23T20:25:47,4,RESPONSIVE
B002808,T00536,V0400,23890888.93,2025-06-07T12:36:51,1,RESPONSIVE
B002809,T00536,V0525,24089648.22,2025-05-28T23:48:10,2,RESPONSIVE
B002810,T00536,V0340,24136233.09,2025-06-14T11:35:29,3,RESPONSIVE
B002811,T00536,V0320,25060767.05,2025-06-11T21:20:32,4,RESPONSIVE
B002812,T00537,V0308,5263428.37,2025-10-09T17:42:05,1,RESPONSIVE
B002813,T00537,V0010,5315372.32,2025-10-18T16:36:22,2,RESPONSIVE
B002814,T00537,V0503,5391449.16,2025-10-27T15:52:32,3,RESPONSIVE
B002815,T00537,V0144,5444074.78,2025-10-26T19:27:37,4,RESPONSIVE
B002816,T00537,V0277,5479123.58,2025-10-21T14:48:55,5,RESPONSIVE
B002817,T00537,V0070,5492307.76,2025-10-16T15:13:05,6,RESPONSIVE
B002818,T00537,V0140,5675717.39,2025-10-06T22:53:55,7,RESPONSIVE
B002819,T00537,V0460,6008324.28,2025-10-12T09:20:55,8,RESPONSIVE
B002820,T00538,V0498,4246765.48,2024-06-14T06:58:23,1,RESPONSIVE
B002821,T00538,V0240,4264320.51,2024-06-17T01:20:25,2,RESPONSIVE
B002822,T00538,V0486,4325902.01,2024-06-28T04:30:31,3,RESPONSIVE
B002823,T00538,V0475,4331112.37,2024-06-26T18:57:21,4,RESPONSIVE
B002824,T00538,V0408,4419026.61,2024-06-21T22:11:51,5,RESPONSIVE
B002825,T00538,V0033,4530286.08,2024-06-18T10:23:37,6,RESPONSIVE
B002826,T00538,V0168,4533005.0,2024-06-26T09:58:40,7,RESPONSIVE
B002827,T00538,V0001,4686645.65,2024-06-19T00:21:25,8,RESPONSIVE
B002828,T00539,V0455,3580423.51,2026-08-20T12:52:43,1,RESPONSIVE
B002829,T00539,V0335,3699747.07,2026-08-19T04:29:36,2,RESPONSIVE
B002830,T00539,V0188,3748976.56,2026-08-19T15:26:02,3,RESPONSIVE
B002831,T00540,V0023,153220925.62,2024-06-11T01:37:10,1,RESPONSIVE
B002832,T00540,V0436,159761182.84,2024-06-03T15:55:16,2,RESPONSIVE
B002833,T00541,V0514,3633177.76,2026-08-26T22:13:15,1,RESPONSIVE
B002834,T00541,V0031,3703062.02,2026-08-25T21:09:36,2,RESPONSIVE
B002835,T00542,V0078,14744516.98,2025-12-29T07:01:40,1,RESPONSIVE
B002836,T00542,V0100,14886367.5,2025-12-30T16:16:52,2,RESPONSIVE
B002837,T00542,V0421,15581083.28,2025-12-19T17:00:14,3,RESPONSIVE
B002838,T00542,V0320,15709581.66,2026-01-05T19:23:16,4,RESPONSIVE
B002839,T00542,V0045,15775131.15,2025-12-24T21:41:47,5,RESPONSIVE
B002840,T00542,V0346,16018649.88,2025-12-28T13:49:40,6,RESPONSIVE
B002841,T00542,V0376,16140695.91,2025-12-30T10:18:51,7,RESPONSIVE
B002842,T00542,V0057,16408434.76,2026-01-05T20:37:34,8,RESPONSIVE
B002843,T00542,V0067,16995748.67,2025-12-25T10:09:23,9,RESPONSIVE
B002844,T00542,V0006,17280519.08,2025-12-25T11:50:01,10,RESPONSIVE
B002845,T00543,V0244,23159204.85,2024-10-24T05:40:30,1,RESPONSIVE
B002846,T00543,V0135,23242922.01,2024-11-11T06:59:11,2,RESPONSIVE
B002847,T00543,V0267,24530940.95,2024-11-10T15:40:28,3,RESPONSIVE
B002848,T00543,V0347,24939800.75,2024-11-01T19:07:50,4,RESPONSIVE
B002849,T00543,V0362,25200823.79,2024-11-07T07:11:48,5,RESPONSIVE
B002850,T00543,V0270,25276771.26,2024-11-12T03:52:32,6,RESPONSIVE
B002851,T00544,V0532,5340905.3,2025-04-10T14:06:20,1,RESPONSIVE
B002852,T00544,V0218,5348341.3,2025-04-17T23:29:35,2,RESPONSIVE
B002853,T00544,V0304,5782946.07,2025-04-14T02:36:29,3,RESPONSIVE
B002854,T00544,V0248,6090745.84,2025-04-07T23:42:50,4,RESPONSIVE
B002855,T00545,V0015,5577059.77,2026-06-02T04:32:46,1,RESPONSIVE
B002856,T00545,V0278,5894510.16,2026-06-06T11:47:31,2,RESPONSIVE
B002857,T00545,V0309,6140963.98,2026-05-26T17:47:49,3,RESPONSIVE
B002858,T00545,V0364,6259266.93,2026-05-23T15:40:06,4,RESPONSIVE
B002859,T00545,V0504,6590408.4,2026-06-05T08:58:03,5,RESPONSIVE
B002860,T00545,V0066,6810183.63,2026-05-27T03:39:55,6,RESPONSIVE
B002861,T00546,V0092,8820408.99,2026-02-26T15:47:20,1,RESPONSIVE
B002862,T00546,V0379,9401800.32,2026-02-23T22:01:27,2,RESPONSIVE
B002863,T00546,V0132,9645416.66,2026-03-06T14:37:17,3,RESPONSIVE
B002864,T00546,V0195,10086193.15,2026-03-06T20:15:58,4,RESPONSIVE
B002865,T00547,V0531,42458963.4,2025-10-30T05:51:43,1,RESPONSIVE
B002866,T00547,V0110,42785990.94,2025-10-27T13:13:44,2,RESPONSIVE
B002867,T00547,V0400,45496693.85,2025-10-31T12:56:50,3,RESPONSIVE
B002868,T00548,V0078,3786521.87,2025-05-23T14:47:57,1,RESPONSIVE
B002869,T00548,V0346,3839196.9,2025-06-02T20:20:01,2,RESPONSIVE
B002870,T00548,V0212,3951349.47,2025-06-04T17:51:05,3,RESPONSIVE
B002871,T00549,V0362,8187793.29,2026-03-27T15:15:44,1,RESPONSIVE
B002872,T00549,V0317,8758344.35,2026-03-30T05:02:54,2,RESPONSIVE
B002873,T00549,V0169,8771476.17,2026-04-07T20:02:30,3,RESPONSIVE
B002874,T00549,V0115,8804718.68,2026-04-02T04:01:59,4,RESPONSIVE
B002875,T00549,V0453,8815649.14,2026-04-01T10:07:25,5,RESPONSIVE
B002876,T00549,V0279,8922742.38,2026-04-07T07:49:36,6,RESPONSIVE
B002877,T00549,V0251,9050418.66,2026-04-04T01:06:19,7,RESPONSIVE
B002878,T00550,V0278,1414883.34,2026-08-29T05:40:15,1,RESPONSIVE
B002879,T00550,V0379,1436308.92,2026-08-29T08:04:02,2,RESPONSIVE
B002880,T00550,V0292,1438874.0,2026-08-28T07:24:10,3,RESPONSIVE
B002881,T00551,V0147,6732990.42,2024-07-07T13:17:59,1,RESPONSIVE
B002882,T00551,V0041,7470475.5,2024-07-09T12:24:39,2,RESPONSIVE
B002883,T00551,V0104,7512009.9,2024-07-12T19:02:54,3,RESPONSIVE
B002884,T00552,V0301,4057161.87,2026-01-14T09:57:18,1,RESPONSIVE
B002885,T00552,V0135,4221096.85,2026-01-16T07:32:07,2,RESPONSIVE
B002886,T00553,V0384,35201600.29,2025-11-07T10:36:20,1,RESPONSIVE
B002887,T00553,V0171,35231071.32,2025-11-01T20:55:00,2,RESPONSIVE
B002888,T00553,V0293,35552175.37,2025-10-22T03:32:41,3,RESPONSIVE
B002889,T00553,V0146,36294099.5,2025-10-30T04:11:33,4,RESPONSIVE
B002890,T00553,V0181,36345399.77,2025-11-08T07:36:23,5,RESPONSIVE
B002891,T00553,V0087,36836722.86,2025-10-26T21:32:52,6,RESPONSIVE
B002892,T00553,V0396,38505559.54,2025-11-03T13:43:27,7,RESPONSIVE
B002893,T00553,V0434,39212368.72,2025-10-28T14:24:22,8,RESPONSIVE
B002894,T00554,V0004,268091249.91,2025-11-11T02:11:59,1,RESPONSIVE
B002895,T00554,V0117,275830913.25,2025-11-20T08:05:30,2,RESPONSIVE
B002896,T00555,V0478,95020978.37,2024-12-27T19:45:14,1,RESPONSIVE
B002897,T00555,V0537,100242505.42,2024-12-25T18:47:27,2,RESPONSIVE
B002898,T00555,V0028,103164968.98,2024-12-21T16:16:22,3,RESPONSIVE
B002899,T00555,V0496,103171914.17,2024-12-16T07:24:14,4,RESPONSIVE
B002900,T00555,V0359,104516896.7,2024-12-22T07:50:13,5,RESPONSIVE
B002901,T00556,V0298,3186623.39,2024-12-07T02:55:14,1,RESPONSIVE
B002902,T00556,V0174,3254805.96,2024-11-19T12:45:40,2,RESPONSIVE
B002903,T00556,V0162,3406046.29,2024-12-16T14:22:39,3,RESPONSIVE
B002904,T00556,V0047,3445386.29,2024-12-24T09:37:07,4,RESPONSIVE
B002905,T00556,V0079,3452868.31,2024-12-23T22:12:38,5,RESPONSIVE
B002906,T00556,V0215,3483272.63,2024-12-15T18:00:00,6,RESPONSIVE
B002907,T00557,V0264,5635122.5,2024-09-25T16:22:42,1,NON_RESPONSIVE
B002908,T00557,V0355,6031888.2,2024-09-28T18:46:05,2,RESPONSIVE
B002909,T00557,V0536,6161408.08,2024-10-17T13:36:09,3,RESPONSIVE
B002910,T00557,V0119,6176309.92,2024-09-27T12:16:34,4,RESPONSIVE
B002911,T00557,V0165,6219240.04,2024-10-01T13:56:03,5,RESPONSIVE
B002912,T00557,V0382,6295276.86,2024-09-28T08:34:26,6,RESPONSIVE
B002913,T00558,V0205,34531812.63,2025-04-26T18:08:40,1,NON_RESPONSIVE
B002914,T00558,V0550,34769578.54,2025-04-16T11:23:23,2,RESPONSIVE
B002915,T00558,V0506,35069678.59,2025-04-28T01:43:16,3,RESPONSIVE
B002916,T00558,V0516,38992068.65,2025-04-22T20:20:06,4,RESPONSIVE
B002917,T00559,V0179,11252891.2,2025-11-20T06:45:48,1,RESPONSIVE
B002918,T00559,V0249,11381006.49,2025-11-30T15:46:45,2,RESPONSIVE
B002919,T00559,V0337,11827564.0,2025-11-19T09:25:13,3,NON_RESPONSIVE
B002920,T00559,V0380,11949013.86,2025-11-21T10:16:50,4,RESPONSIVE
B002921,T00559,V0273,11982290.49,2025-12-01T02:21:53,5,RESPONSIVE
B002922,T00559,V0483,12059673.76,2025-11-23T11:19:46,6,RESPONSIVE
B002923,T00559,V0088,12087996.58,2025-11-29T13:45:03,7,RESPONSIVE
B002924,T00559,V0362,12133870.76,2025-12-01T07:26:43,8,RESPONSIVE
B002925,T00559,V0294,12538365.65,2025-12-01T06:41:32,9,RESPONSIVE
B002926,T00560,V0280,1431986.34,2026-04-25T06:51:28,1,RESPONSIVE
B002927,T00560,V0195,1483392.94,2026-04-28T01:46:48,2,RESPONSIVE
B002928,T00560,V0092,1490725.33,2026-04-27T00:03:48,3,RESPONSIVE
B002929,T00560,V0281,1534401.73,2026-05-09T01:49:56,4,RESPONSIVE
B002930,T00560,V0327,1545028.29,2026-04-20T01:55:06,5,RESPONSIVE
B002931,T00560,V0413,1546706.72,2026-05-11T20:10:17,6,RESPONSIVE
B002932,T00560,V0319,1553793.82,2026-05-14T09:04:58,7,RESPONSIVE
B002933,T00560,V0073,1558069.35,2026-04-29T11:29:02,8,NON_RESPONSIVE
B002934,T00560,V0242,1595822.34,2026-05-08T16:48:13,9,NON_RESPONSIVE
B002935,T00560,V0310,1613450.25,2026-05-04T04:34:11,10,RESPONSIVE
B002936,T00560,V0244,1624716.96,2026-05-03T14:00:36,11,RESPONSIVE
B002937,T00560,V0219,1666982.55,2026-05-05T08:14:09,12,RESPONSIVE
B002938,T00561,V0541,36099898.77,2026-07-27T01:40:05,1,RESPONSIVE
B002939,T00561,V0361,36483188.77,2026-07-30T22:33:25,2,RESPONSIVE
B002940,T00562,V0273,20931655.09,2026-08-16T00:52:50,1,RESPONSIVE
B002941,T00562,V0005,22423716.62,2026-08-12T11:46:15,2,RESPONSIVE
B002942,T00562,V0337,22596603.25,2026-08-16T17:11:03,3,RESPONSIVE
B002943,T00562,V0349,22618320.01,2026-08-19T20:35:04,4,RESPONSIVE
B002944,T00562,V0019,23801595.54,2026-08-15T01:51:37,5,RESPONSIVE
B002945,T00563,V0347,262471105.8,2024-11-30T12:13:00,1,RESPONSIVE
B002946,T00563,V0073,264527025.79,2024-12-01T00:30:20,2,RESPONSIVE
B002947,T00563,V0093,272949052.19,2024-12-01T12:20:49,3,RESPONSIVE
B002948,T00563,V0209,273521265.73,2024-11-22T07:40:14,4,RESPONSIVE
B002949,T00563,V0219,277975775.22,2024-11-24T07:25:53,5,RESPONSIVE
B002950,T00563,V0027,292728777.43,2024-11-18T17:43:38,6,RESPONSIVE
B002951,T00564,V0490,4962624.5,2024-12-14T21:40:29,1,RESPONSIVE
B002952,T00564,V0148,4994028.26,2024-12-12T16:08:31,2,RESPONSIVE
B002953,T00564,V0090,5038855.63,2024-12-14T19:26:02,3,RESPONSIVE
B002954,T00565,V0041,2937108.7,2026-07-27T01:53:14,1,RESPONSIVE
B002955,T00565,V0184,2950676.29,2026-07-30T17:20:57,2,RESPONSIVE
B002956,T00565,V0020,2992253.24,2026-08-06T03:06:53,3,RESPONSIVE
B002957,T00565,V0026,3008623.0,2026-07-17T07:37:54,4,RESPONSIVE
B002958,T00565,V0307,3050968.58,2026-08-04T07:59:17,5,RESPONSIVE
B002959,T00565,V0144,3142682.13,2026-07-25T16:35:14,6,RESPONSIVE
B002960,T00565,V0223,3149019.48,2026-08-04T18:28:03,7,RESPONSIVE
B002961,T00566,V0223,9528986.54,2026-03-22T15:32:49,1,RESPONSIVE
B002962,T00566,V0072,9817237.56,2026-03-22T02:27:35,2,RESPONSIVE
B002963,T00566,V0295,10010387.7,2026-03-12T11:42:05,3,RESPONSIVE
B002964,T00567,V0382,15747494.45,2024-09-05T06:15:35,1,RESPONSIVE
B002965,T00567,V0232,16487597.8,2024-10-01T11:50:50,2,RESPONSIVE
B002966,T00567,V0192,16909172.15,2024-09-30T12:45:23,3,RESPONSIVE
B002967,T00567,V0168,17185160.77,2024-09-20T19:03:54,4,RESPONSIVE
B002968,T00567,V0490,17428124.05,2024-09-05T12:11:15,5,RESPONSIVE
B002969,T00567,V0307,17662380.38,2024-09-06T06:54:47,6,RESPONSIVE
B002970,T00567,V0061,17868229.66,2024-09-30T05:16:10,7,RESPONSIVE
B002971,T00568,V0077,4657386.39,2024-05-03T22:27:40,1,RESPONSIVE
B002972,T00568,V0119,4865741.29,2024-05-16T05:22:34,2,RESPONSIVE
B002973,T00568,V0395,5064924.81,2024-05-18T20:05:09,3,RESPONSIVE
B002974,T00569,V0470,24236369.02,2026-06-07T15:11:13,1,RESPONSIVE
B002975,T00569,V0182,24549688.85,2026-05-28T11:01:07,2,RESPONSIVE
B002976,T00569,V0054,24979806.83,2026-06-01T05:59:02,3,RESPONSIVE
B002977,T00569,V0537,25001824.79,2026-05-17T07:14:12,4,RESPONSIVE
B002978,T00569,V0483,25328184.3,2026-06-20T07:37:07,5,RESPONSIVE
B002979,T00570,V0391,10596213.01,2024-05-24T13:52:48,1,RESPONSIVE
B002980,T00570,V0078,10741565.26,2024-06-04T10:55:05,2,RESPONSIVE
B002981,T00570,V0159,10813369.95,2024-06-13T07:32:17,3,RESPONSIVE
B002982,T00570,V0393,10885382.79,2024-06-10T22:39:03,4,RESPONSIVE
B002983,T00570,V0359,10903731.59,2024-06-10T04:25:43,5,RESPONSIVE
B002984,T00570,V0128,11267793.38,2024-05-28T07:39:05,6,RESPONSIVE
B002985,T00570,V0279,11280170.67,2024-06-06T06:53:38,7,RESPONSIVE
B002986,T00571,V0365,15827149.01,2025-01-29T11:30:22,1,RESPONSIVE
B002987,T00571,V0256,16241644.37,2025-02-13T12:47:38,2,RESPONSIVE
B002988,T00571,V0392,16620812.19,2024-12-31T02:01:13,3,RESPONSIVE
B002989,T00571,V0424,16772524.25,2025-01-18T04:52:31,4,RESPONSIVE
B002990,T00571,V0321,16857409.98,2025-01-23T15:31:04,5,RESPONSIVE
B002991,T00572,V0016,8782467.41,2024-04-20T12:27:24,1,RESPONSIVE
B002992,T00572,V0370,9008131.9,2024-04-10T00:21:46,2,RESPONSIVE
B002993,T00572,V0254,9622249.23,2024-04-27T12:32:35,3,RESPONSIVE
B002994,T00572,V0195,9794909.3,2024-04-27T05:39:09,4,RESPONSIVE
B002995,T00572,V0066,10130001.68,2024-04-09T15:10:40,5,RESPONSIVE
B002996,T00573,V0394,19485969.45,2026-06-19T22:54:01,1,RESPONSIVE
B002997,T00573,V0177,20736179.08,2026-06-17T00:35:34,2,RESPONSIVE
B002998,T00573,V0349,20824223.9,2026-06-19T19:40:49,3,RESPONSIVE
B002999,T00573,V0129,21136775.02,2026-06-22T17:07:58,4,RESPONSIVE
B003000,T00573,V0174,21548716.85,2026-06-09T13:43:15,5,RESPONSIVE
B003001,T00574,V0255,193136203.31,2024-06-13T21:23:59,1,NON_RESPONSIVE
B003002,T00574,V0044,194366948.26,2024-06-13T08:37:55,2,RESPONSIVE
B003003,T00574,V0028,203605014.29,2024-06-25T00:19:53,3,RESPONSIVE
B003004,T00574,V0483,206278859.09,2024-06-21T06:18:28,4,RESPONSIVE
B003005,T00574,V0537,208624740.7,2024-06-20T03:04:42,5,RESPONSIVE
B003006,T00574,V0172,211343333.41,2024-06-11T16:20:39,6,RESPONSIVE
B003007,T00574,V0366,221236356.29,2024-06-16T20:56:53,7,RESPONSIVE
B003008,T00575,V0443,144942864.74,2025-04-16T04:04:25,1,RESPONSIVE
B003009,T00575,V0167,158993330.18,2025-04-18T05:23:50,2,RESPONSIVE
B003010,T00575,V0410,160320163.02,2025-04-07T08:08:33,3,RESPONSIVE
B003011,T00576,V0200,6385495.08,2025-11-04T00:23:40,1,RESPONSIVE
B003012,T00576,V0202,6402751.35,2025-10-12T09:57:31,2,RESPONSIVE
B003013,T00576,V0439,6511456.67,2025-11-03T16:47:31,3,RESPONSIVE
B003014,T00576,V0486,6618764.46,2025-11-06T07:03:22,4,RESPONSIVE
B003015,T00576,V0331,6628850.39,2025-10-14T00:01:30,5,RESPONSIVE
B003016,T00576,V0165,6891639.07,2025-10-10T12:58:29,6,RESPONSIVE
B003017,T00577,V0340,751221.33,2026-08-28T17:10:33,1,RESPONSIVE
B003018,T00577,V0028,773227.4,2026-08-23T09:50:15,2,RESPONSIVE
B003019,T00577,V0363,776428.64,2026-08-29T03:17:38,3,RESPONSIVE
B003020,T00577,V0532,798633.03,2026-08-18T10:35:07,4,RESPONSIVE
B003021,T00577,V0034,802433.21,2026-08-22T14:14:30,5,RESPONSIVE
B003022,T00578,V0123,3592696.39,2026-07-22T05:19:45,1,RESPONSIVE
B003023,T00578,V0327,3662198.12,2026-07-19T18:06:46,2,RESPONSIVE
B003024,T00578,V0066,3758290.49,2026-08-05T17:03:39,3,RESPONSIVE
B003025,T00578,V0203,3816719.71,2026-08-09T12:55:58,4,RESPONSIVE
B003026,T00578,V0546,3865392.65,2026-08-14T05:54:29,5,RESPONSIVE
B003027,T00578,V0370,4065033.07,2026-08-03T02:02:12,6,RESPONSIVE
B003028,T00579,V0002,3895217.01,2024-12-29T05:56:00,1,RESPONSIVE
B003029,T00579,V0546,3917092.59,2024-12-13T01:32:37,2,RESPONSIVE
B003030,T00579,V0244,3991599.01,2024-12-23T10:48:45,3,RESPONSIVE
B003031,T00579,V0203,4043297.0,2024-12-28T23:22:34,4,RESPONSIVE
B003032,T00579,V0278,4094427.95,2024-12-13T05:32:53,5,RESPONSIVE
B003033,T00579,V0219,4122788.78,2024-12-19T02:57:46,6,RESPONSIVE
B003034,T00579,V0309,4290199.03,2024-12-29T03:35:57,7,RESPONSIVE
B003035,T00579,V0066,4343148.99,2024-12-28T03:23:47,8,RESPONSIVE
B003036,T00579,V0007,4392140.77,2024-12-13T19:46:19,9,RESPONSIVE
B003037,T00580,V0331,9189134.77,2026-06-27T17:54:21,1,RESPONSIVE
B003038,T00580,V0538,9414646.86,2026-06-20T01:19:03,2,RESPONSIVE
B003039,T00580,V0475,9492354.72,2026-07-04T06:38:01,3,RESPONSIVE
B003040,T00580,V0452,10085860.9,2026-07-03T21:16:14,4,RESPONSIVE
B003041,T00580,V0409,10131331.11,2026-06-26T06:18:29,5,RESPONSIVE
B003042,T00580,V0286,10268604.76,2026-06-25T12:15:53,6,RESPONSIVE
B003043,T00581,V0034,31737135.63,2024-05-14T18:10:01,1,RESPONSIVE
B003044,T00581,V0336,33586989.36,2024-05-16T21:06:19,2,RESPONSIVE
B003045,T00581,V0454,34267788.56,2024-05-17T02:22:45,3,RESPONSIVE
B003046,T00581,V0417,34409267.64,2024-05-18T13:05:36,4,NON_RESPONSIVE
B003047,T00582,V0125,39062421.6,2024-08-29T02:13:59,1,RESPONSIVE
B003048,T00582,V0542,42014938.64,2024-09-09T20:30:04,2,RESPONSIVE
B003049,T00582,V0381,42242291.31,2024-08-16T17:27:16,3,RESPONSIVE
B003050,T00582,V0311,42870740.68,2024-08-28T14:08:50,4,RESPONSIVE
B003051,T00582,V0157,43876958.27,2024-08-15T18:56:05,5,RESPONSIVE
B003052,T00583,V0438,5009295.77,2025-12-27T03:35:45,1,RESPONSIVE
B003053,T00583,V0159,5099010.99,2025-12-28T00:19:35,2,RESPONSIVE
B003054,T00583,V0421,5121630.84,2025-12-22T14:55:43,3,RESPONSIVE
B003055,T00583,V0346,5274994.56,2025-12-21T08:49:32,4,RESPONSIVE
B003056,T00583,V0426,5421126.0,2025-12-25T23:44:55,5,RESPONSIVE
B003057,T00583,V0218,5479788.89,2025-12-18T22:38:10,6,RESPONSIVE
B003058,T00583,V0078,5565264.17,2026-01-07T01:49:51,7,RESPONSIVE
B003059,T00583,V0517,5660201.52,2025-12-08T15:30:39,8,RESPONSIVE
B003060,T00583,V0345,5874898.5,2026-01-05T12:32:19,9,NON_RESPONSIVE
B003061,T00584,V0142,6152720.58,2024-01-09T19:04:08,1,RESPONSIVE
B003062,T00584,V0402,6192308.42,2024-01-23T12:16:49,2,RESPONSIVE
B003063,T00584,V0236,6266564.13,2024-01-11T18:43:03,3,RESPONSIVE
B003064,T00584,V0294,6829005.24,2024-01-19T14:27:31,4,RESPONSIVE
B003065,T00584,V0169,6943734.27,2024-01-07T09:04:46,5,RESPONSIVE
B003066,T00584,V0326,7077715.1,2024-01-25T20:06:09,6,RESPONSIVE
B003067,T00585,V0545,9750834.37,2025-07-06T05:52:40,1,RESPONSIVE
B003068,T00585,V0502,10408071.99,2025-07-11T20:12:38,2,RESPONSIVE
B003069,T00586,V0192,9357035.19,2025-08-25T06:12:45,1,RESPONSIVE
B003070,T00586,V0264,9678701.91,2025-08-21T10:53:18,2,RESPONSIVE
B003071,T00587,V0277,1626867.75,2025-08-11T13:09:58,1,RESPONSIVE
B003072,T00587,V0355,1763245.95,2025-08-13T00:37:01,2,RESPONSIVE
B003073,T00588,V0528,5557887.86,2026-05-15T20:46:43,1,RESPONSIVE
B003074,T00588,V0077,5677608.68,2026-05-21T15:42:36,2,RESPONSIVE
B003075,T00588,V0535,5728099.32,2026-05-22T08:33:51,3,RESPONSIVE
B003076,T00588,V0395,5893135.23,2026-05-24T11:24:59,4,RESPONSIVE
B003077,T00588,V0491,5980267.8,2026-05-04T02:31:45,5,RESPONSIVE
B003078,T00588,V0499,6037531.51,2026-05-15T23:50:31,6,RESPONSIVE
B003079,T00588,V0431,6087021.28,2026-05-13T23:36:26,7,RESPONSIVE
B003080,T00588,V0020,6143291.82,2026-05-25T20:18:55,8,RESPONSIVE
B003081,T00588,V0012,6421384.13,2026-05-20T03:15:19,9,RESPONSIVE
B003082,T00589,V0461,30736822.17,2025-09-22T17:12:47,1,RESPONSIVE
B003083,T00589,V0195,31746440.87,2025-09-12T03:01:36,2,RESPONSIVE
B003084,T00589,V0055,33056335.39,2025-09-13T05:52:40,3,RESPONSIVE
B003085,T00589,V0515,33176239.54,2025-09-09T11:48:10,4,RESPONSIVE
B003086,T00589,V0132,34245827.72,2025-09-12T11:36:08,5,RESPONSIVE
B003087,T00589,V0138,34982591.07,2025-09-22T06:58:10,6,RESPONSIVE
B003088,T00590,V0463,13445510.59,2025-05-29T16:25:46,1,RESPONSIVE
B003089,T00590,V0243,13474042.36,2025-05-30T15:30:37,2,RESPONSIVE
B003090,T00590,V0378,13534104.1,2025-05-28T15:34:22,3,RESPONSIVE
B003091,T00590,V0543,14466789.28,2025-05-23T07:32:21,4,RESPONSIVE
B003092,T00591,V0177,8190232.0,2024-03-05T19:04:35,1,RESPONSIVE
B003093,T00591,V0403,8458089.71,2024-03-17T08:05:01,2,RESPONSIVE
B003094,T00591,V0507,8464032.26,2024-03-11T03:15:47,3,RESPONSIVE
B003095,T00591,V0454,8519052.23,2024-03-20T07:31:53,4,RESPONSIVE
B003096,T00591,V0291,8700384.52,2024-03-17T19:28:34,5,RESPONSIVE
B003097,T00591,V0047,8803833.68,2024-03-09T13:37:43,6,RESPONSIVE
B003098,T00591,V0394,9439108.5,2024-03-20T18:36:49,7,RESPONSIVE
B003099,T00592,V0453,12256154.93,2026-05-14T12:12:03,1,RESPONSIVE
B003100,T00592,V0373,12876780.93,2026-05-20T15:49:36,2,RESPONSIVE
B003101,T00593,V0055,9210660.57,2025-05-24T05:29:41,1,RESPONSIVE
B003102,T00593,V0176,9552809.22,2025-05-22T21:16:07,2,RESPONSIVE
B003103,T00594,V0481,3284874.4,2025-03-25T10:20:21,1,RESPONSIVE
B003104,T00594,V0184,3308959.27,2025-04-02T19:22:15,2,RESPONSIVE
B003105,T00594,V0460,3357574.07,2025-04-02T20:26:55,3,RESPONSIVE
B003106,T00594,V0072,3497427.25,2025-03-24T13:42:27,4,RESPONSIVE
B003107,T00595,V0370,1995230.41,2024-03-17T16:47:51,1,RESPONSIVE
B003108,T00595,V0127,2125456.95,2024-03-04T20:04:54,2,RESPONSIVE
B003109,T00595,V0278,2126689.2,2024-03-13T04:12:13,3,RESPONSIVE
B003110,T00595,V0242,2144301.64,2024-03-08T02:42:57,4,RESPONSIVE
B003111,T00595,V0473,2170928.13,2024-03-08T04:09:28,5,RESPONSIVE
B003112,T00595,V0014,2181268.36,2024-03-17T10:28:00,6,RESPONSIVE
B003113,T00595,V0211,2190577.98,2024-02-27T20:27:37,7,RESPONSIVE
B003114,T00595,V0352,2205112.01,2024-03-02T00:48:09,8,RESPONSIVE
B003115,T00595,V0413,2251731.52,2024-02-25T23:47:38,9,RESPONSIVE
B003116,T00596,V0141,2989452.68,2024-02-19T06:31:28,1,RESPONSIVE
B003117,T00596,V0329,3250078.95,2024-02-26T14:06:00,2,RESPONSIVE
B003118,T00596,V0001,3341207.87,2024-02-26T03:31:16,3,RESPONSIVE
B003119,T00597,V0019,16532205.63,2026-07-09T15:24:14,1,RESPONSIVE
B003120,T00597,V0059,17976660.5,2026-07-03T11:10:35,2,RESPONSIVE
B003121,T00597,V0488,18054029.87,2026-07-07T08:36:06,3,RESPONSIVE
B003122,T00597,V0397,18548078.38,2026-07-14T00:27:38,4,RESPONSIVE
B003123,T00598,V0455,2415728.01,2024-04-07T11:10:18,1,RESPONSIVE
B003124,T00598,V0150,2481142.58,2024-03-18T02:50:53,2,RESPONSIVE
B003125,T00598,V0332,2514041.47,2024-03-29T14:56:59,3,RESPONSIVE
B003126,T00598,V0485,2564363.37,2024-04-06T11:31:14,4,RESPONSIVE
B003127,T00598,V0394,2573073.35,2024-04-05T11:19:40,5,RESPONSIVE
B003128,T00598,V0488,2618753.94,2024-04-06T10:35:10,6,RESPONSIVE
B003129,T00598,V0377,2646306.63,2024-03-23T03:04:15,7,RESPONSIVE
B003130,T00598,V0080,2677821.44,2024-04-01T06:45:12,8,RESPONSIVE
B003131,T00599,V0503,12165218.59,2026-03-20T05:49:55,1,RESPONSIVE
B003132,T00599,V0277,12819198.07,2026-03-20T12:47:28,2,RESPONSIVE
B003133,T00599,V0181,12997197.88,2026-03-14T04:08:13,3,RESPONSIVE
B003134,T00599,V0030,13155291.67,2026-03-12T22:25:23,4,RESPONSIVE
B003135,T00599,V0266,13330740.74,2026-03-28T19:49:56,5,RESPONSIVE
B003136,T00599,V0465,13335573.56,2026-03-22T09:55:09,6,RESPONSIVE
B003137,T00599,V0396,13467879.5,2026-03-19T01:19:27,7,RESPONSIVE
B003138,T00599,V0231,13820126.68,2026-03-22T04:41:24,8,RESPONSIVE
B003139,T00599,V0365,13830683.63,2026-03-31T04:47:13,9,RESPONSIVE
B003140,T00600,V0289,53957290.94,2025-01-16T05:18:07,1,RESPONSIVE
B003141,T00600,V0438,56953302.19,2025-01-23T04:19:43,2,RESPONSIVE
B003142,T00600,V0246,57584880.01,2025-02-07T15:01:13,3,RESPONSIVE
B003143,T00600,V0133,58905166.99,2025-02-07T04:18:09,4,RESPONSIVE
B003144,T00600,V0525,60375584.61,2025-02-13T19:20:46,5,RESPONSIVE
B003145,T00600,V0185,60773735.94,2025-01-12T03:06:03,6,RESPONSIVE
B003146,T00600,V0421,60776009.7,2025-01-22T01:10:13,7,RESPONSIVE
B003147,T00600,V0478,63334773.29,2025-02-14T04:41:20,8,RESPONSIVE
B003148,T00601,V0041,3072746.23,2025-11-05T05:24:26,1,RESPONSIVE
B003149,T00601,V0077,3129139.49,2025-11-11T21:54:32,2,RESPONSIVE
B003150,T00601,V0141,3208317.75,2025-11-18T03:00:34,3,RESPONSIVE
B003151,T00601,V0204,3411729.69,2025-11-18T22:47:00,4,RESPONSIVE
B003152,T00602,V0172,121403629.23,2026-05-13T00:31:47,1,RESPONSIVE
B003153,T00602,V0120,131069174.51,2026-05-17T06:26:41,2,RESPONSIVE
B003154,T00603,V0426,35591710.61,2026-07-27T19:30:17,1,RESPONSIVE
B003155,T00603,V0091,36867999.08,2026-08-02T17:55:10,2,RESPONSIVE
B003156,T00603,V0078,37507181.97,2026-08-01T05:23:16,3,RESPONSIVE
B003157,T00604,V0417,7759046.33,2024-10-09T03:08:45,1,RESPONSIVE
B003158,T00604,V0010,8028140.03,2024-10-14T09:40:47,2,RESPONSIVE
B003159,T00604,V0085,8056495.75,2024-10-03T23:35:24,3,RESPONSIVE
B003160,T00605,V0501,4142716.38,2025-02-18T07:18:48,1,RESPONSIVE
B003161,T00605,V0396,4336880.92,2025-02-17T01:15:08,2,RESPONSIVE
B003162,T00605,V0344,4475901.31,2025-02-19T09:18:26,3,RESPONSIVE
B003163,T00605,V0209,4517386.63,2025-02-20T11:46:30,4,RESPONSIVE
B003164,T00605,V0454,4697199.34,2025-02-17T18:44:12,5,RESPONSIVE
B003165,T00606,V0536,16278814.27,2025-06-15T05:57:11,1,NON_RESPONSIVE
B003166,T00606,V0452,16607277.57,2025-06-13T05:37:50,2,RESPONSIVE
B003167,T00606,V0061,16646307.35,2025-06-18T08:16:21,3,RESPONSIVE
B003168,T00606,V0448,16673254.52,2025-06-08T07:45:44,4,RESPONSIVE
B003169,T00606,V0022,17304916.43,2025-06-18T03:11:28,5,RESPONSIVE
B003170,T00607,V0032,10200652.54,2025-11-27T07:27:15,1,RESPONSIVE
B003171,T00607,V0160,11446459.77,2025-12-04T21:49:26,2,RESPONSIVE
B003172,T00607,V0275,11661693.8,2025-12-02T15:45:36,3,RESPONSIVE
B003173,T00608,V0484,7096496.09,2025-12-13T08:22:40,1,RESPONSIVE
B003174,T00608,V0512,7438714.46,2025-12-10T05:46:31,2,RESPONSIVE
B003175,T00609,V0335,4713385.03,2024-02-02T11:42:37,1,RESPONSIVE
B003176,T00609,V0142,4756147.78,2024-01-30T17:12:13,2,RESPONSIVE
B003177,T00609,V0249,4836209.88,2024-01-28T23:04:55,3,RESPONSIVE
B003178,T00609,V0419,4837035.28,2024-01-31T17:52:49,4,RESPONSIVE
B003179,T00609,V0115,5035620.73,2024-02-02T11:44:25,5,RESPONSIVE
B003180,T00610,V0132,2387490.66,2025-05-09T06:47:12,1,RESPONSIVE
B003181,T00610,V0211,2418612.43,2025-05-09T21:20:26,2,RESPONSIVE
B003182,T00610,V0523,2424409.55,2025-05-17T12:26:36,3,RESPONSIVE
B003183,T00610,V0082,2471034.15,2025-05-13T17:40:55,4,RESPONSIVE
B003184,T00611,V0391,2752029.84,2025-07-23T22:30:45,1,RESPONSIVE
B003185,T00611,V0197,2771826.2,2025-07-23T19:49:42,2,RESPONSIVE
B003186,T00611,V0377,2911527.77,2025-07-17T05:05:52,3,RESPONSIVE
B003187,T00611,V0484,3144589.75,2025-07-13T11:44:48,4,RESPONSIVE
B003188,T00612,V0161,17930941.08,2025-10-05T06:15:27,1,RESPONSIVE
B003189,T00612,V0245,18221403.93,2025-10-22T15:34:18,2,RESPONSIVE
B003190,T00612,V0373,18364904.83,2025-10-05T15:40:30,3,RESPONSIVE
B003191,T00612,V0492,18555832.95,2025-10-08T05:47:22,4,RESPONSIVE
B003192,T00612,V0158,18569806.65,2025-10-18T13:13:02,5,RESPONSIVE
B003193,T00612,V0115,19030842.94,2025-10-05T22:35:32,6,RESPONSIVE
B003194,T00612,V0419,19086003.04,2025-10-22T10:13:00,7,RESPONSIVE
B003195,T00612,V0222,20388731.94,2025-10-04T23:09:48,8,RESPONSIVE
B003196,T00613,V0528,11298746.51,2025-07-02T05:15:11,1,RESPONSIVE
B003197,T00613,V0409,11407085.84,2025-07-10T02:05:07,2,RESPONSIVE
B003198,T00613,V0351,11827513.78,2025-07-05T14:30:27,3,RESPONSIVE
B003199,T00614,V0499,3196452.0,2025-09-13T21:48:23,1,RESPONSIVE
B003200,T00614,V0043,3412886.18,2025-09-06T00:27:31,2,RESPONSIVE
B003201,T00614,V0329,3466144.82,2025-09-11T16:45:35,3,RESPONSIVE
B003202,T00614,V0307,3486767.3,2025-09-10T19:10:55,4,RESPONSIVE
B003203,T00614,V0072,3489299.67,2025-09-21T03:15:04,5,RESPONSIVE
B003204,T00614,V0498,3701218.33,2025-09-14T12:48:37,6,RESPONSIVE
B003205,T00615,V0236,6357250.99,2026-02-10T04:49:51,1,RESPONSIVE
B003206,T00615,V0239,6726738.73,2026-02-24T03:38:36,2,RESPONSIVE
B003207,T00615,V0390,6908993.84,2026-01-31T08:42:00,3,RESPONSIVE
B003208,T00615,V0360,7084242.36,2026-02-09T03:46:03,4,RESPONSIVE
B003209,T00616,V0044,9909985.63,2024-06-22T09:41:06,1,RESPONSIVE
B003210,T00616,V0470,10075070.72,2024-05-25T14:16:18,2,RESPONSIVE
B003211,T00617,V0380,11988517.39,2025-07-30T06:30:05,1,RESPONSIVE
B003212,T00617,V0161,12061590.67,2025-08-08T07:29:30,2,RESPONSIVE
B003213,T00617,V0438,12265255.3,2025-07-27T17:11:09,3,RESPONSIVE
B003214,T00617,V0326,12828917.01,2025-08-16T15:08:19,4,RESPONSIVE
B003215,T00617,V0130,12895214.92,2025-08-17T19:38:50,5,RESPONSIVE
B003216,T00617,V0064,12945377.94,2025-08-04T23:59:20,6,RESPONSIVE
B003217,T00617,V0187,13139782.11,2025-07-23T23:10:10,7,RESPONSIVE
B003218,T00617,V0512,13505829.29,2025-08-16T17:40:33,8,RESPONSIVE
B003219,T00617,V0279,13709851.33,2025-08-03T02:49:54,9,RESPONSIVE
B003220,T00618,V0146,4728979.37,2026-06-19T08:51:49,1,RESPONSIVE
B003221,T00618,V0502,4747089.93,2026-06-16T05:03:47,2,RESPONSIVE
B003222,T00618,V0308,4748949.07,2026-06-13T08:37:31,3,RESPONSIVE
B003223,T00618,V0514,4770633.38,2026-06-17T14:07:23,4,RESPONSIVE
B003224,T00618,V0539,4814362.62,2026-06-09T19:13:11,5,RESPONSIVE
B003225,T00618,V0369,4883922.63,2026-06-18T11:16:38,6,RESPONSIVE
B003226,T00618,V0152,4911548.91,2026-06-21T20:49:35,7,RESPONSIVE
B003227,T00618,V0549,4972103.25,2026-06-11T04:12:27,8,RESPONSIVE
B003228,T00618,V0010,5088565.9,2026-06-18T19:14:09,9,RESPONSIVE
B003229,T00619,V0515,7564832.71,2026-03-25T00:53:32,1,RESPONSIVE
B003230,T00619,V0062,7626790.05,2026-04-07T10:09:26,2,RESPONSIVE
B003231,T00619,V0269,7863633.2,2026-04-18T21:56:34,3,RESPONSIVE
B003232,T00619,V0451,7884918.42,2026-04-19T13:32:01,4,RESPONSIVE
B003233,T00619,V0166,7923729.11,2026-03-23T16:29:47,5,RESPONSIVE
B003234,T00619,V0039,8068657.72,2026-03-31T04:43:59,6,RESPONSIVE
B003235,T00619,V0242,8122055.17,2026-04-03T01:42:25,7,RESPONSIVE
B003236,T00619,V0004,8297167.49,2026-03-29T18:19:41,8,RESPONSIVE
B003237,T00620,V0483,1449612.01,2026-04-26T14:08:41,1,RESPONSIVE
B003238,T00620,V0436,1494580.39,2026-05-14T11:00:51,2,RESPONSIVE
B003239,T00621,V0241,10269506.26,2025-12-26T22:28:48,1,NON_RESPONSIVE
B003240,T00621,V0330,11264068.52,2025-12-16T10:41:16,2,RESPONSIVE
B003241,T00621,V0374,11272174.8,2026-01-09T23:28:33,3,RESPONSIVE
B003242,T00621,V0270,11712469.27,2025-12-31T17:03:35,4,RESPONSIVE
B003243,T00621,V0288,11786272.39,2026-01-10T15:51:02,5,RESPONSIVE
B003244,T00621,V0055,11807429.44,2025-12-29T04:37:52,6,RESPONSIVE
B003245,T00621,V0062,12225931.51,2025-12-25T14:54:00,7,RESPONSIVE
B003246,T00621,V0379,12622397.85,2025-12-21T14:02:16,8,RESPONSIVE
B003247,T00621,V0016,12667091.06,2025-12-19T09:15:24,9,NON_RESPONSIVE
B003248,T00622,V0452,20176622.85,2026-05-13T12:25:25,1,RESPONSIVE
B003249,T00622,V0420,20472223.76,2026-05-17T18:54:19,2,RESPONSIVE
B003250,T00622,V0090,20540164.01,2026-05-15T15:25:19,3,RESPONSIVE
B003251,T00622,V0141,21050645.38,2026-05-10T01:47:11,4,RESPONSIVE
B003252,T00622,V0012,21697596.48,2026-05-16T07:02:57,5,RESPONSIVE
B003253,T00623,V0059,18739701.45,2025-04-02T02:33:25,1,RESPONSIVE
B003254,T00623,V0273,19270057.3,2025-04-16T12:59:40,2,RESPONSIVE
B003255,T00623,V0256,19580536.75,2025-04-11T16:22:00,3,RESPONSIVE
B003256,T00624,V0377,1754023.26,2024-01-17T10:24:16,1,RESPONSIVE
B003257,T00624,V0221,1773486.54,2024-01-13T17:39:31,2,RESPONSIVE
B003258,T00624,V0263,1867287.51,2024-01-10T04:47:13,3,RESPONSIVE
B003259,T00624,V0419,1992812.77,2024-01-14T05:23:04,4,RESPONSIVE
B003260,T00625,V0089,26308129.72,2024-08-15T22:56:59,1,RESPONSIVE
B003261,T00625,V0120,27480175.33,2024-08-21T20:01:37,2,RESPONSIVE
B003262,T00625,V0157,28011953.01,2024-08-19T01:09:57,3,RESPONSIVE
B003263,T00625,V0368,29541804.63,2024-08-16T07:24:52,4,RESPONSIVE
B003264,T00625,V0094,29634451.05,2024-08-18T08:17:01,5,RESPONSIVE
B003265,T00625,V0443,30318108.54,2024-08-21T08:52:47,6,RESPONSIVE
B003266,T00625,V0389,30708705.1,2024-08-23T03:58:28,7,RESPONSIVE
B003267,T00625,V0191,31873281.87,2024-08-18T06:52:16,8,RESPONSIVE
B003268,T00626,V0008,8385340.5,2025-06-11T19:48:38,1,RESPONSIVE
B003269,T00626,V0050,8627172.95,2025-06-08T07:15:32,2,RESPONSIVE
B003270,T00626,V0175,8980144.24,2025-06-05T04:15:42,3,RESPONSIVE
B003271,T00626,V0454,9180372.35,2025-05-22T20:21:57,4,RESPONSIVE
B003272,T00627,V0167,37739025.08,2025-06-23T02:10:41,1,RESPONSIVE
B003273,T00627,V0052,38084610.59,2025-06-23T20:03:25,2,RESPONSIVE
B003274,T00627,V0279,38567581.81,2025-06-20T23:01:18,3,RESPONSIVE
B003275,T00627,V0064,40763984.64,2025-06-08T13:41:41,4,RESPONSIVE
B003276,T00627,V0342,42727225.95,2025-06-17T06:11:43,5,RESPONSIVE
B003277,T00627,V0357,44137455.83,2025-06-30T22:57:19,6,RESPONSIVE
B003278,T00628,V0374,20818342.47,2024-08-29T01:49:37,1,RESPONSIVE
B003279,T00628,V0073,21895625.45,2024-08-18T01:36:06,2,RESPONSIVE
B003280,T00629,V0531,51424322.44,2026-05-22T15:51:22,1,RESPONSIVE
B003281,T00629,V0410,52525025.7,2026-05-04T12:48:52,2,RESPONSIVE
B003282,T00629,V0476,54055580.48,2026-06-19T17:23:11,3,RESPONSIVE
B003283,T00630,V0112,8334373.43,2025-12-26T17:25:57,1,RESPONSIVE
B003284,T00630,V0197,8561946.07,2025-12-27T10:05:33,2,RESPONSIVE
B003285,T00630,V0532,8596612.31,2025-12-26T02:13:25,3,RESPONSIVE
B003286,T00630,V0065,8992653.15,2026-01-01T06:20:21,4,RESPONSIVE
B003287,T00630,V0419,9122388.89,2026-01-02T14:48:57,5,RESPONSIVE
B003288,T00630,V0263,9463783.25,2025-12-27T20:38:55,6,RESPONSIVE
B003289,T00631,V0481,3397691.67,2025-12-23T14:26:59,1,RESPONSIVE
B003290,T00631,V0113,3404470.32,2025-12-02T05:06:47,2,RESPONSIVE
B003291,T00631,V0277,3517341.41,2025-12-18T03:55:28,3,RESPONSIVE
B003292,T00631,V0295,3668742.54,2025-12-10T23:38:25,4,RESPONSIVE
B003293,T00631,V0020,3803865.06,2025-12-22T22:11:20,5,RESPONSIVE
B003294,T00632,V0461,51778446.43,2025-05-29T17:36:58,1,RESPONSIVE
B003295,T00632,V0018,61965120.92,2025-05-24T16:39:47,2,RESPONSIVE
B003296,T00632,V0207,62983252.33,2025-05-26T18:39:41,3,RESPONSIVE
B003297,T00633,V0249,8683421.87,2025-01-05T10:20:06,1,RESPONSIVE
B003298,T00633,V0034,8843196.61,2024-12-30T14:23:26,2,RESPONSIVE
B003299,T00633,V0361,9075077.18,2024-12-21T19:35:56,3,RESPONSIVE
B003300,T00633,V0509,9106841.34,2025-01-08T13:51:13,4,RESPONSIVE
B003301,T00633,V0039,9222564.27,2024-12-08T21:39:57,5,RESPONSIVE
B003302,T00633,V0495,9248163.87,2024-12-10T21:25:30,6,RESPONSIVE
B003303,T00633,V0279,9253528.3,2025-01-05T15:39:38,7,RESPONSIVE
B003304,T00633,V0245,9282765.39,2024-12-02T17:59:12,8,RESPONSIVE
B003305,T00633,V0028,9688403.23,2024-12-09T03:11:27,9,RESPONSIVE
B003306,T00634,V0289,23043955.95,2025-01-12T13:57:12,1,RESPONSIVE
B003307,T00634,V0064,23305393.61,2025-01-09T02:31:42,2,NON_RESPONSIVE
B003308,T00634,V0299,23727302.5,2025-01-14T16:12:16,3,RESPONSIVE
B003309,T00634,V0045,24248680.43,2025-01-07T02:33:30,4,RESPONSIVE
B003310,T00635,V0469,3954735.11,2025-06-08T14:22:48,1,RESPONSIVE
B003311,T00635,V0535,4143360.53,2025-06-09T02:09:35,2,RESPONSIVE
B003312,T00635,V0020,4293839.87,2025-06-09T02:57:53,3,RESPONSIVE
B003313,T00635,V0192,4446447.02,2025-06-08T19:29:59,4,RESPONSIVE
B003314,T00635,V0329,4468098.77,2025-06-06T12:35:46,5,RESPONSIVE
B003315,T00635,V0408,4618765.02,2025-05-27T05:38:20,6,RESPONSIVE
B003316,T00636,V0171,45902643.1,2026-02-21T19:03:07,1,RESPONSIVE
B003317,T00636,V0527,46883963.3,2026-01-30T18:09:50,2,RESPONSIVE
B003318,T00637,V0352,1068812.1,2025-11-10T09:58:40,1,RESPONSIVE
B003319,T00637,V0122,1101258.97,2025-10-23T15:12:14,2,RESPONSIVE
B003320,T00637,V0007,1142220.36,2025-11-03T14:55:57,3,RESPONSIVE
B003321,T00637,V0322,1231706.04,2025-11-16T18:18:04,4,RESPONSIVE
B003322,T00638,V0434,25328709.85,2026-01-06T14:34:53,1,RESPONSIVE
B003323,T00638,V0214,25906492.34,2025-12-29T18:01:04,2,RESPONSIVE
B003324,T00638,V0308,26831959.67,2026-01-07T13:54:30,3,RESPONSIVE
B003325,T00638,V0338,27097102.17,2025-12-25T18:23:47,4,RESPONSIVE
B003326,T00638,V0549,27357460.98,2025-12-28T17:51:52,5,RESPONSIVE
B003327,T00638,V0152,28241439.94,2026-01-09T21:32:23,6,RESPONSIVE
B003328,T00638,V0545,28401423.69,2025-12-23T10:49:45,7,RESPONSIVE
B003329,T00638,V0175,28851863.07,2026-01-09T18:10:20,8,RESPONSIVE
B003330,T00638,V0454,29423748.67,2026-01-01T01:29:10,9,RESPONSIVE
B003331,T00639,V0293,28200680.96,2024-09-19T01:39:02,1,RESPONSIVE
B003332,T00639,V0214,28794296.84,2024-09-12T15:09:19,2,RESPONSIVE
B003333,T00639,V0011,30319393.78,2024-09-19T22:41:20,3,RESPONSIVE
B003334,T00639,V0129,30465193.1,2024-09-23T17:24:01,4,RESPONSIVE
B003335,T00639,V0434,30699073.06,2024-09-20T13:56:58,5,RESPONSIVE
B003336,T00639,V0503,31105071.51,2024-09-22T18:29:36,6,RESPONSIVE
B003337,T00639,V0175,31165624.4,2024-09-13T18:17:48,7,RESPONSIVE
B003338,T00640,V0525,33974478.62,2025-09-27T04:40:18,1,RESPONSIVE
B003339,T00640,V0510,34555003.84,2025-10-08T14:15:33,2,RESPONSIVE
B003340,T00640,V0470,35177259.52,2025-09-22T20:29:20,3,RESPONSIVE
B003341,T00640,V0114,35997677.51,2025-10-05T12:42:09,4,RESPONSIVE
B003342,T00640,V0356,36080045.53,2025-10-04T12:48:43,5,RESPONSIVE
B003343,T00640,V0346,36942039.4,2025-10-12T17:19:22,6,RESPONSIVE
B003344,T00640,V0044,37405930.53,2025-10-12T22:31:29,7,NON_RESPONSIVE
B003345,T00641,V0530,8204401.27,2025-10-07T03:42:44,1,RESPONSIVE
B003346,T00641,V0425,8727771.38,2025-10-05T14:55:54,2,RESPONSIVE
B003347,T00641,V0282,8868351.61,2025-10-17T19:04:48,3,RESPONSIVE
B003348,T00641,V0453,9110594.28,2025-10-07T20:37:09,4,RESPONSIVE
B003349,T00642,V0295,6611588.4,2026-02-02T08:43:57,1,RESPONSIVE
B003350,T00642,V0025,6782226.34,2026-02-01T21:29:01,2,RESPONSIVE
B003351,T00642,V0020,6851475.35,2026-02-02T04:07:06,3,RESPONSIVE
B003352,T00642,V0460,6936800.14,2026-01-26T06:26:53,4,RESPONSIVE
B003353,T00642,V0072,6971292.89,2026-02-02T05:45:22,5,RESPONSIVE
B003354,T00642,V0481,7063831.75,2026-01-30T02:11:13,6,RESPONSIVE
B003355,T00642,V0223,7278370.39,2026-01-29T20:29:32,7,RESPONSIVE
B003356,T00643,V0298,16143509.72,2025-02-03T00:05:02,1,RESPONSIVE
B003357,T00643,V0241,16637849.39,2025-02-01T17:01:14,2,RESPONSIVE
B003358,T00643,V0291,17468755.42,2025-01-31T01:53:56,3,RESPONSIVE
B003359,T00644,V0294,14677330.11,2026-05-12T13:36:36,1,RESPONSIVE
B003360,T00644,V0221,14831192.96,2026-05-12T21:46:46,2,RESPONSIVE
B003361,T00644,V0230,15029423.8,2026-05-18T19:10:01,3,RESPONSIVE
B003362,T00644,V0282,15758682.52,2026-05-02T08:22:30,4,RESPONSIVE
B003363,T00644,V0142,16278355.65,2026-04-23T01:14:13,5,RESPONSIVE
B003364,T00645,V0209,12829456.45,2026-05-12T11:41:18,1,RESPONSIVE
B003365,T00645,V0363,12999685.22,2026-05-15T18:30:37,2,RESPONSIVE
B003366,T00645,V0122,13183069.61,2026-05-17T13:06:15,3,RESPONSIVE
B003367,T00645,V0468,13450849.55,2026-05-23T20:05:12,4,RESPONSIVE
B003368,T00646,V0056,10510875.59,2024-12-12T23:02:26,1,RESPONSIVE
B003369,T00646,V0509,10926235.37,2024-12-06T13:09:12,2,RESPONSIVE
B003370,T00646,V0213,11247867.66,2024-12-17T19:50:15,3,RESPONSIVE
B003371,T00647,V0067,15469225.21,2026-08-12T09:54:56,1,RESPONSIVE
B003372,T00647,V0376,16176694.15,2026-08-23T03:59:44,2,RESPONSIVE
B003373,T00647,V0385,16464716.36,2026-08-13T19:18:37,3,RESPONSIVE
B003374,T00647,V0510,16572932.48,2026-08-08T04:09:12,4,RESPONSIVE
B003375,T00647,V0345,16574917.91,2026-08-24T20:15:00,5,RESPONSIVE
B003376,T00647,V0054,16742764.68,2026-08-11T14:02:40,6,NON_RESPONSIVE
B003377,T00647,V0045,17030367.38,2026-08-11T21:22:10,7,RESPONSIVE
B003378,T00647,V0163,17105654.68,2026-08-25T09:20:32,8,RESPONSIVE
B003379,T00647,V0356,17557193.84,2026-08-17T12:44:00,9,RESPONSIVE
B003380,T00648,V0280,23155751.11,2025-11-27T17:24:07,1,RESPONSIVE
B003381,T00648,V0316,24844067.66,2025-11-14T20:01:58,2,RESPONSIVE
B003382,T00648,V0379,25128115.53,2025-11-23T07:48:56,3,RESPONSIVE
B003383,T00648,V0186,25870102.31,2025-11-22T12:32:58,4,RESPONSIVE
B003384,T00648,V0362,26608303.73,2025-11-29T14:51:14,5,RESPONSIVE
B003385,T00648,V0468,28675428.48,2025-11-22T03:46:59,6,RESPONSIVE
B003386,T00649,V0277,12500779.4,2024-11-19T04:18:09,1,RESPONSIVE
B003387,T00649,V0307,13293003.5,2024-11-13T20:27:11,2,RESPONSIVE
B003388,T00649,V0072,14117016.38,2024-11-20T05:21:04,3,RESPONSIVE
B003389,T00650,V0314,26184989.81,2025-02-23T06:13:20,1,RESPONSIVE
B003390,T00650,V0178,27798985.8,2025-03-22T03:44:21,2,RESPONSIVE
B003391,T00650,V0293,27959909.78,2025-03-15T10:36:51,3,RESPONSIVE
B003392,T00650,V0258,28169875.85,2025-02-27T23:21:17,4,RESPONSIVE
B003393,T00650,V0011,29772243.26,2025-03-07T09:41:08,5,RESPONSIVE
B003394,T00650,V0277,29819856.29,2025-03-21T10:16:59,6,RESPONSIVE
B003395,T00650,V0383,30063869.44,2025-03-06T15:57:21,7,RESPONSIVE
B003396,T00650,V0031,31464771.51,2025-03-10T01:55:27,8,RESPONSIVE
B003397,T00651,V0481,12252680.04,2025-12-30T15:52:57,1,RESPONSIVE
B003398,T00651,V0050,12922626.03,2026-01-11T05:30:31,2,NON_RESPONSIVE
B003399,T00651,V0295,13266892.25,2026-01-05T02:54:56,3,RESPONSIVE
B003400,T00652,V0094,133173075.14,2025-06-06T10:45:02,1,RESPONSIVE
B003401,T00652,V0525,141429920.37,2025-06-02T02:50:08,2,RESPONSIVE
B003402,T00652,V0368,143437747.03,2025-05-23T06:51:23,3,RESPONSIVE
B003403,T00652,V0157,144246652.33,2025-06-05T00:13:51,4,RESPONSIVE
B003404,T00652,V0191,151762249.5,2025-05-29T01:30:03,5,RESPONSIVE
B003405,T00652,V0100,157382173.73,2025-06-07T06:29:19,6,RESPONSIVE
B003406,T00652,V0506,158927546.05,2025-06-17T14:33:38,7,RESPONSIVE
B003407,T00652,V0091,161763336.32,2025-06-01T14:28:25,8,RESPONSIVE
B003408,T00653,V0399,62736131.23,2024-03-24T15:58:28,1,RESPONSIVE
B003409,T00653,V0550,63804734.34,2024-03-20T23:59:45,2,RESPONSIVE
B003410,T00653,V0421,68098812.54,2024-02-26T09:32:01,3,RESPONSIVE
B003411,T00653,V0045,68371381.15,2024-03-08T19:44:24,4,RESPONSIVE
B003412,T00653,V0476,68583582.28,2024-03-18T11:36:49,5,RESPONSIVE
B003413,T00653,V0191,68785780.72,2024-02-25T06:48:16,6,RESPONSIVE
B003414,T00654,V0520,12090649.67,2025-05-18T20:08:31,1,RESPONSIVE
B003415,T00654,V0220,13026829.59,2025-05-14T02:46:20,2,RESPONSIVE
B003416,T00654,V0510,13580174.0,2025-05-03T12:49:18,3,RESPONSIVE
B003417,T00654,V0205,13804458.42,2025-05-18T11:10:30,4,RESPONSIVE
B003418,T00654,V0159,13857899.76,2025-04-28T12:45:10,5,RESPONSIVE
B003419,T00654,V0194,14067712.52,2025-05-21T00:06:57,6,RESPONSIVE
B003420,T00654,V0345,14155945.17,2025-05-27T19:30:55,7,RESPONSIVE
B003421,T00654,V0476,14166536.53,2025-04-25T09:06:24,8,RESPONSIVE
B003422,T00655,V0528,3053986.03,2024-06-01T13:11:13,1,RESPONSIVE
B003423,T00655,V0452,3247959.05,2024-06-09T17:50:23,2,RESPONSIVE
B003424,T00655,V0104,3258637.54,2024-05-27T13:03:16,3,RESPONSIVE
B003425,T00655,V0439,3397018.97,2024-05-31T18:14:20,4,RESPONSIVE
B003426,T00655,V0141,3401261.83,2024-06-01T19:05:04,5,RESPONSIVE
B003427,T00655,V0529,3465626.39,2024-06-09T10:28:09,6,RESPONSIVE
B003428,T00655,V0395,3664334.25,2024-06-05T22:16:22,7,RESPONSIVE
B003429,T00656,V0327,56551319.65,2024-10-10T12:18:47,1,RESPONSIVE
B003430,T00656,V0093,61030202.44,2024-11-05T09:14:01,2,RESPONSIVE
B003431,T00656,V0063,61778844.59,2024-10-28T19:12:35,3,RESPONSIVE
B003432,T00656,V0352,62092497.92,2024-11-04T11:59:47,4,RESPONSIVE
B003433,T00656,V0523,63549505.02,2024-11-01T21:08:49,5,RESPONSIVE
B003434,T00657,V0208,9960544.78,2024-02-27T21:18:07,1,RESPONSIVE
B003435,T00657,V0322,10418623.94,2024-02-09T00:38:57,2,RESPONSIVE
B003436,T00657,V0219,10533702.25,2024-02-12T16:45:20,3,RESPONSIVE
B003437,T00657,V0254,10599800.72,2024-02-02T11:23:58,4,RESPONSIVE
B003438,T00658,V0353,19241868.37,2026-04-05T19:38:25,1,RESPONSIVE
B003439,T00658,V0137,20062019.52,2026-04-07T22:08:32,2,RESPONSIVE
B003440,T00658,V0205,20261609.37,2026-04-01T20:06:21,3,RESPONSIVE
B003441,T00659,V0280,4245810.48,2025-04-08T01:32:32,1,RESPONSIVE
B003442,T00659,V0242,4622990.64,2025-04-05T06:46:45,2,RESPONSIVE
B003443,T00659,V0073,4886089.75,2025-04-10T03:31:20,3,RESPONSIVE
B003444,T00659,V0066,4977614.1,2025-04-02T18:51:06,4,RESPONSIVE
B003445,T00660,V0387,5727846.6,2025-06-13T21:00:45,1,RESPONSIVE
B003446,T00660,V0187,6180784.16,2025-06-12T07:45:34,2,RESPONSIVE
B003447,T00660,V0455,6289873.85,2025-06-13T16:30:23,3,RESPONSIVE
B003448,T00660,V0297,6342900.51,2025-06-10T16:07:39,4,RESPONSIVE
B003449,T00660,V0220,6354696.65,2025-05-31T07:55:31,5,RESPONSIVE
B003450,T00660,V0143,6425470.63,2025-06-07T13:18:48,6,RESPONSIVE
B003451,T00660,V0496,7070875.44,2025-06-18T20:08:26,7,RESPONSIVE
B003452,T00661,V0180,1148238.46,2024-08-24T10:56:44,1,RESPONSIVE
B003453,T00661,V0422,1152997.34,2024-08-26T04:47:53,2,RESPONSIVE
B003454,T00661,V0360,1217783.54,2024-09-04T14:53:12,3,RESPONSIVE
B003455,T00661,V0275,1225154.13,2024-08-24T16:37:44,4,RESPONSIVE
B003456,T00661,V0492,1231425.66,2024-08-25T02:24:21,5,RESPONSIVE
B003457,T00661,V0003,1231604.74,2024-08-20T09:15:54,6,RESPONSIVE
B003458,T00661,V0532,1248029.39,2024-09-01T19:05:17,7,RESPONSIVE
B003459,T00661,V0263,1250683.79,2024-08-23T02:37:22,8,RESPONSIVE
B003460,T00662,V0490,5280198.67,2026-07-13T19:24:18,1,RESPONSIVE
B003461,T00662,V0229,5377659.23,2026-07-13T02:43:07,2,RESPONSIVE
B003462,T00662,V0058,5422919.65,2026-07-05T21:39:33,3,RESPONSIVE
B003463,T00662,V0043,5464042.3,2026-07-07T11:08:36,4,RESPONSIVE
B003464,T00662,V0083,5488400.98,2026-07-04T17:09:55,5,RESPONSIVE
B003465,T00662,V0355,5540197.57,2026-07-09T22:49:10,6,RESPONSIVE
B003466,T00662,V0264,5828839.76,2026-07-11T07:39:54,7,RESPONSIVE
B003467,T00662,V0431,5930748.94,2026-07-07T18:36:07,8,RESPONSIVE
B003468,T00662,V0265,5998874.27,2026-07-06T20:48:41,9,RESPONSIVE
B003469,T00663,V0127,29657454.4,2026-01-08T22:22:54,1,RESPONSIVE
B003470,T00663,V0039,29885337.64,2026-01-25T22:23:24,2,RESPONSIVE
B003471,T00664,V0028,9316514.78,2024-02-01T21:32:52,1,RESPONSIVE
B003472,T00664,V0088,9395995.2,2024-01-29T05:53:40,2,RESPONSIVE
B003473,T00664,V0249,9658678.86,2024-02-01T03:02:47,3,RESPONSIVE
B003474,T00665,V0213,3698127.68,2026-01-16T15:20:36,1,RESPONSIVE
B003475,T00665,V0079,3810528.04,2026-02-20T21:57:08,2,RESPONSIVE
B003476,T00665,V0029,3871127.9,2026-02-15T13:56:45,3,RESPONSIVE
B003477,T00665,V0519,3898208.27,2026-02-22T19:54:28,4,RESPONSIVE
B003478,T00665,V0034,3963402.84,2026-02-07T08:25:03,5,RESPONSIVE
B003479,T00665,V0338,4090902.22,2026-02-01T23:01:54,6,RESPONSIVE
B003480,T00666,V0188,80939949.2,2024-02-28T02:06:54,1,RESPONSIVE
B003481,T00666,V0364,83402375.97,2024-03-01T13:04:47,2,RESPONSIVE
B003482,T00666,V0135,85264201.75,2024-03-10T07:39:33,3,RESPONSIVE
B003483,T00667,V0203,2303071.8,2025-07-22T18:16:44,1,RESPONSIVE
B003484,T00667,V0379,2329138.43,2025-07-15T02:17:18,2,RESPONSIVE
B003485,T00668,V0533,25907736.74,2024-03-05T23:13:34,1,RESPONSIVE
B003486,T00668,V0532,27984482.36,2024-01-19T13:31:19,2,RESPONSIVE
B003487,T00669,V0113,7373198.01,2026-02-10T18:49:38,1,RESPONSIVE
B003488,T00669,V0184,7410099.1,2026-01-26T05:40:50,2,RESPONSIVE
B003489,T00669,V0020,7593923.84,2026-02-01T00:19:43,3,RESPONSIVE
B003490,T00669,V0072,7628193.58,2026-01-23T23:11:23,4,RESPONSIVE
B003491,T00669,V0050,8142588.95,2026-01-24T22:54:11,5,RESPONSIVE
B003492,T00670,V0091,27600761.85,2025-09-21T22:36:06,1,RESPONSIVE
B003493,T00670,V0385,29064878.45,2025-09-21T01:39:45,2,RESPONSIVE
B003494,T00670,V0410,30448078.56,2025-09-09T11:17:54,3,RESPONSIVE
B003495,T00671,V0065,10978491.57,2024-12-13T21:31:57,1,RESPONSIVE
B003496,T00671,V0509,11564846.11,2024-12-14T04:40:49,2,RESPONSIVE
B003497,T00671,V0458,11964051.09,2024-11-20T19:34:57,3,RESPONSIVE
B003498,T00671,V0335,12027958.77,2024-12-13T06:41:54,4,RESPONSIVE
B003499,T00671,V0005,12145095.92,2024-12-08T12:33:47,5,RESPONSIVE
B003500,T00671,V0115,12251671.76,2024-12-14T08:42:17,6,RESPONSIVE
B003501,T00671,V0121,12437406.0,2024-11-27T17:17:12,7,RESPONSIVE
B003502,T00672,V0532,1152433.48,2024-09-25T05:45:02,1,RESPONSIVE
B003503,T00672,V0390,1153933.56,2024-09-30T06:02:44,2,RESPONSIVE
B003504,T00672,V0182,1165134.57,2024-09-21T14:50:51,3,NON_RESPONSIVE
B003505,T00673,V0355,6962414.28,2025-10-09T04:14:34,1,RESPONSIVE
B003506,T00673,V0277,7047681.1,2025-10-03T04:50:42,2,RESPONSIVE
B003507,T00673,V0072,7091342.62,2025-10-19T03:03:47,3,NON_RESPONSIVE
B003508,T00673,V0113,7246327.4,2025-10-04T09:31:38,4,RESPONSIVE
B003509,T00673,V0050,7317498.54,2025-10-19T02:43:32,5,RESPONSIVE
B003510,T00673,V0481,7363444.5,2025-10-09T19:07:49,6,RESPONSIVE
B003511,T00673,V0184,7374009.5,2025-10-17T09:18:04,7,RESPONSIVE
B003512,T00673,V0119,7453773.39,2025-10-06T13:39:19,8,RESPONSIVE
B003513,T00674,V0438,3142370.11,2025-06-12T09:15:00,1,RESPONSIVE
B003514,T00674,V0263,3198728.5,2025-06-03T00:45:06,2,RESPONSIVE
B003515,T00674,V0130,3418353.29,2025-06-07T17:14:53,3,RESPONSIVE
B003516,T00674,V0304,3456720.02,2025-06-08T20:29:30,4,RESPONSIVE
B003517,T00674,V0472,3495154.91,2025-06-13T09:05:01,5,RESPONSIVE
B003518,T00674,V0088,3611342.53,2025-06-03T16:16:10,6,NON_RESPONSIVE
B003519,T00675,V0184,4814277.2,2024-05-01T04:19:04,1,RESPONSIVE
B003520,T00675,V0459,4827098.23,2024-04-29T16:54:55,2,RESPONSIVE
B003521,T00675,V0277,5020820.59,2024-04-26T09:44:51,3,RESPONSIVE
B003522,T00675,V0258,5073147.79,2024-05-13T23:51:51,4,RESPONSIVE
B003523,T00675,V0129,5395419.07,2024-05-12T20:49:43,5,RESPONSIVE
B003524,T00676,V0120,14960901.9,2025-05-30T13:37:49,1,RESPONSIVE
B003525,T00676,V0054,15808284.81,2025-05-10T00:16:25,2,RESPONSIVE
B003526,T00676,V0478,16411817.71,2025-05-14T18:37:38,3,RESPONSIVE
B003527,T00677,V0091,39777871.54,2026-04-25T09:17:35,1,RESPONSIVE
B003528,T00677,V0410,41437625.75,2026-04-22T00:44:32,2,RESPONSIVE
B003529,T00677,V0247,42615843.51,2026-04-30T09:50:06,3,RESPONSIVE
B003530,T00677,V0496,43224426.1,2026-04-22T16:13:40,4,RESPONSIVE
B003531,T00677,V0289,43490715.04,2026-04-22T08:17:54,5,RESPONSIVE
B003532,T00677,V0366,44008466.5,2026-04-27T02:16:45,6,RESPONSIVE
B003533,T00677,V0078,44294737.06,2026-05-04T09:05:10,7,RESPONSIVE
B003534,T00677,V0387,45149719.01,2026-05-01T09:59:02,8,RESPONSIVE
B003535,T00678,V0414,5590468.42,2025-03-01T11:02:09,1,RESPONSIVE
B003536,T00678,V0047,6045767.82,2025-02-26T13:02:11,2,RESPONSIVE
B003537,T00678,V0013,6218738.36,2025-02-21T22:52:54,3,RESPONSIVE
B003538,T00678,V0298,6249213.8,2025-02-28T05:43:55,4,RESPONSIVE
B003539,T00678,V0513,6300720.36,2025-03-02T22:44:12,5,RESPONSIVE
B003540,T00678,V0509,6313962.56,2025-03-01T09:48:20,6,RESPONSIVE
B003541,T00679,V0533,1330874.2,2025-06-08T02:41:04,1,RESPONSIVE
B003542,T00679,V0060,1375040.88,2025-06-15T08:50:50,2,RESPONSIVE
B003543,T00679,V0034,1464374.2,2025-05-24T13:55:34,3,RESPONSIVE
B003544,T00679,V0187,1517987.0,2025-06-07T23:41:45,4,RESPONSIVE
B003545,T00679,V0321,1542834.63,2025-05-28T21:07:10,5,RESPONSIVE
B003546,T00680,V0220,23134597.82,2024-12-28T15:28:57,1,RESPONSIVE
B003547,T00680,V0386,24473552.62,2025-01-02T09:49:31,2,RESPONSIVE
B003548,T00680,V0416,26054424.72,2025-01-09T20:09:44,3,RESPONSIVE
B003549,T00680,V0069,26379016.83,2024-12-16T17:46:05,4,RESPONSIVE
B003550,T00680,V0081,26397653.49,2024-12-24T17:47:49,5,RESPONSIVE
B003551,T00680,V0297,26760862.36,2024-12-30T20:12:43,6,RESPONSIVE
B003552,T00681,V0188,138525497.06,2024-10-11T16:12:18,1,RESPONSIVE
B003553,T00681,V0244,138963708.27,2024-10-14T15:09:42,2,RESPONSIVE
B003554,T00681,V0241,139202534.32,2024-10-15T08:24:18,3,RESPONSIVE
B003555,T00681,V0248,139951193.15,2024-10-23T22:32:26,4,RESPONSIVE
B003556,T00682,V0297,15823985.88,2025-06-29T05:28:00,1,RESPONSIVE
B003557,T00682,V0366,15937624.49,2025-06-11T15:16:58,2,RESPONSIVE
B003558,T00682,V0547,16504615.11,2025-06-16T01:40:33,3,RESPONSIVE
B003559,T00682,V0520,16954623.31,2025-06-24T14:20:28,4,RESPONSIVE
B003560,T00682,V0550,16979325.21,2025-06-15T03:38:19,5,RESPONSIVE
B003561,T00682,V0052,17046986.88,2025-06-24T23:09:03,6,RESPONSIVE
B003562,T00682,V0542,17230650.75,2025-06-18T19:14:07,7,RESPONSIVE
B003563,T00682,V0078,17812321.23,2025-06-12T10:36:08,8,RESPONSIVE
B003564,T00683,V0030,5404859.02,2026-06-06T09:19:43,1,RESPONSIVE
B003565,T00683,V0513,5553630.83,2026-06-08T22:57:53,2,RESPONSIVE
B003566,T00683,V0315,5892629.26,2026-06-05T23:52:01,3,RESPONSIVE
B003567,T00684,V0525,18250233.06,2024-12-23T23:25:29,1,RESPONSIVE
B003568,T00684,V0359,18449446.4,2024-12-20T16:14:23,2,RESPONSIVE
B003569,T00684,V0320,18803360.16,2024-12-09T12:00:53,3,RESPONSIVE
B003570,T00684,V0386,20818371.06,2024-12-09T00:38:03,4,RESPONSIVE
B003571,T00685,V0096,1904970.54,2024-09-12T10:06:51,1,RESPONSIVE
B003572,T00685,V0232,2036400.11,2024-09-06T11:36:10,2,RESPONSIVE
B003573,T00685,V0192,2115042.14,2024-09-07T19:44:33,3,RESPONSIVE
B003574,T00685,V0001,2156887.92,2024-09-14T20:53:01,4,RESPONSIVE
B003575,T00685,V0540,2224679.53,2024-08-19T11:27:07,5,RESPONSIVE
B003576,T00685,V0475,2228661.67,2024-09-09T21:23:08,6,RESPONSIVE
B003577,T00685,V0490,2261335.12,2024-09-12T04:45:59,7,RESPONSIVE
B003578,T00685,V0536,2303226.59,2024-09-06T10:45:40,8,RESPONSIVE
B003579,T00686,V0209,10860193.8,2025-12-16T08:18:33,1,NON_RESPONSIVE
B003580,T00686,V0179,11135945.09,2025-12-13T22:42:13,2,RESPONSIVE
B003581,T00686,V0047,11327692.06,2025-12-17T10:12:09,3,RESPONSIVE
B003582,T00686,V0258,11419887.94,2025-12-01T09:54:38,4,RESPONSIVE
B003583,T00686,V0298,11586599.52,2025-11-29T13:27:45,5,RESPONSIVE
B003584,T00686,V0384,11831188.48,2025-12-20T17:59:58,6,RESPONSIVE
B003585,T00686,V0417,12018041.29,2025-12-07T06:42:19,7,NON_RESPONSIVE
B003586,T00686,V0485,12138310.23,2025-12-07T01:34:09,8,RESPONSIVE
B003587,T00686,V0079,12149333.53,2025-12-28T19:52:27,9,RESPONSIVE
B003588,T00687,V0376,6840154.22,2025-06-29T11:52:29,1,RESPONSIVE
B003589,T00687,V0435,7205048.38,2025-07-06T10:43:15,2,RESPONSIVE
B003590,T00687,V0387,7227829.98,2025-07-08T14:25:42,3,RESPONSIVE
B003591,T00687,V0193,7299662.54,2025-07-10T12:21:24,4,RESPONSIVE
B003592,T00687,V0006,7640189.12,2025-07-10T05:28:03,5,RESPONSIVE
B003593,T00687,V0021,7816103.9,2025-07-05T18:51:17,6,RESPONSIVE
B003594,T00688,V0030,7068734.1,2025-11-05T09:12:46,1,RESPONSIVE
B003595,T00688,V0277,7237686.62,2025-10-22T09:52:30,2,RESPONSIVE
B003596,T00688,V0465,7390874.03,2025-10-21T18:09:44,3,RESPONSIVE
B003597,T00688,V0178,7536841.72,2025-10-21T01:12:53,4,RESPONSIVE
B003598,T00688,V0175,7818783.58,2025-11-07T19:19:57,5,RESPONSIVE
B003599,T00689,V0126,10702415.26,2025-09-03T23:36:01,1,RESPONSIVE
B003600,T00689,V0304,11013066.32,2025-09-04T21:50:51,2,RESPONSIVE
B003601,T00689,V0088,11742150.28,2025-07-30T06:40:48,3,RESPONSIVE
B003602,T00690,V0437,16484622.19,2026-08-30T22:26:23,1,RESPONSIVE
B003603,T00690,V0019,16823524.2,2026-08-30T03:13:18,2,RESPONSIVE
B003604,T00690,V0496,17720102.73,2026-08-30T17:57:06,3,RESPONSIVE
B003605,T00690,V0054,17747639.75,2026-08-30T19:49:44,4,RESPONSIVE
B003606,T00690,V0133,17764977.42,2026-08-30T18:38:07,5,RESPONSIVE
B003607,T00690,V0246,17948950.08,2026-08-30T07:30:03,6,RESPONSIVE
B003608,T00690,V0387,18026208.69,2026-08-30T02:01:07,7,RESPONSIVE
B003609,T00690,V0470,18392527.87,2026-08-30T22:43:34,8,RESPONSIVE
B003610,T00691,V0439,12087589.06,2024-04-15T11:58:44,1,RESPONSIVE
B003611,T00691,V0149,12731853.03,2024-04-04T06:12:04,2,RESPONSIVE
B003612,T00691,V0469,13402462.65,2024-04-09T14:26:55,3,RESPONSIVE
B003613,T00692,V0502,8000028.59,2025-02-11T08:40:15,1,RESPONSIVE
B003614,T00692,V0383,8014416.14,2025-03-03T09:27:39,2,RESPONSIVE
B003615,T00693,V0005,8399291.23,2024-02-17T14:53:00,1,RESPONSIVE
B003616,T00693,V0402,8562803.68,2024-02-18T00:13:56,2,RESPONSIVE
B003617,T00693,V0303,8793816.92,2024-02-28T16:04:00,3,RESPONSIVE
B003618,T00693,V0189,9298513.3,2024-03-03T08:57:56,4,RESPONSIVE
B003619,T00694,V0047,3269536.41,2025-10-14T19:09:34,1,NON_RESPONSIVE
B003620,T00694,V0488,3353436.32,2025-09-11T04:41:02,2,RESPONSIVE
B003621,T00694,V0282,3460084.36,2025-09-29T20:02:17,3,RESPONSIVE
B003622,T00694,V0130,3517787.61,2025-10-06T08:17:38,4,RESPONSIVE
B003623,T00694,V0126,3567076.41,2025-09-29T18:14:17,5,RESPONSIVE
B003624,T00694,V0436,3695034.47,2025-09-23T06:21:25,6,RESPONSIVE
B003625,T00695,V0288,8327271.89,2025-09-04T14:31:28,1,RESPONSIVE
B003626,T00695,V0377,8364521.34,2025-08-22T06:39:23,2,RESPONSIVE
B003627,T00695,V0047,8393519.26,2025-09-01T20:04:40,3,NON_RESPONSIVE
B003628,T00695,V0340,8430637.78,2025-08-29T08:21:00,4,RESPONSIVE
B003629,T00695,V0142,8867357.62,2025-08-28T11:13:19,5,RESPONSIVE
B003630,T00695,V0533,9033133.18,2025-09-01T16:16:43,6,RESPONSIVE
B003631,T00696,V0491,6796658.81,2025-11-20T11:33:34,1,RESPONSIVE
B003632,T00696,V0307,6839616.54,2025-11-15T02:22:35,2,RESPONSIVE
B003633,T00696,V0265,7026620.09,2025-11-07T18:43:13,3,RESPONSIVE
B003634,T00697,V0316,27992406.49,2024-06-19T07:11:21,1,RESPONSIVE
B003635,T00697,V0016,28851904.52,2024-06-20T23:52:01,2,NON_RESPONSIVE
B003636,T00697,V0038,29029831.19,2024-06-18T13:06:47,3,RESPONSIVE
B003637,T00697,V0117,29056761.73,2024-06-22T07:58:25,4,RESPONSIVE
B003638,T00697,V0097,29328140.67,2024-06-11T23:57:23,5,RESPONSIVE
B003639,T00697,V0414,29390878.87,2024-06-12T03:29:16,6,RESPONSIVE
B003640,T00697,V0249,29650191.36,2024-06-16T15:18:33,7,RESPONSIVE
B003641,T00698,V0434,10036986.33,2025-04-24T01:54:03,1,RESPONSIVE
B003642,T00698,V0034,10494261.54,2025-04-29T05:12:42,2,RESPONSIVE
B003643,T00698,V0129,10518081.53,2025-05-14T05:56:42,3,RESPONSIVE
B003644,T00698,V0241,10670012.93,2025-05-06T18:13:14,4,RESPONSIVE
B003645,T00698,V0417,11000136.91,2025-05-02T23:49:43,5,RESPONSIVE
B003646,T00698,V0079,11184007.59,2025-05-08T09:01:58,6,RESPONSIVE
B003647,T00699,V0203,4024263.13,2025-09-09T10:33:04,1,RESPONSIVE
B003648,T00699,V0127,4122328.06,2025-09-03T10:54:01,2,RESPONSIVE
B003649,T00699,V0370,4395208.14,2025-09-10T10:12:44,3,NON_RESPONSIVE
B003650,T00699,V0254,4473522.55,2025-09-10T20:32:12,4,RESPONSIVE
B003651,T00699,V0015,4646788.95,2025-09-09T22:09:21,5,NON_RESPONSIVE
B003652,T00700,V0142,1971532.59,2024-02-01T03:30:32,1,RESPONSIVE
B003653,T00700,V0282,2077194.94,2024-01-31T16:08:10,2,RESPONSIVE
B003654,T00700,V0263,2085762.55,2024-01-21T13:54:08,3,RESPONSIVE
B003655,T00700,V0375,2094137.96,2024-01-11T08:22:25,4,RESPONSIVE
B003656,T00700,V0051,2158908.33,2024-01-22T03:30:56,5,RESPONSIVE
B003657,T00700,V0253,2205656.98,2024-01-26T21:53:15,6,RESPONSIVE
B003658,T00700,V0453,2224298.93,2024-01-22T17:53:29,7,RESPONSIVE
B003659,T00700,V0419,2276696.48,2024-01-28T13:06:18,8,RESPONSIVE
B003660,T00700,V0230,2278745.14,2024-01-20T08:59:52,9,RESPONSIVE
B003661,T00701,V0343,11328033.8,2024-10-12T15:41:51,1,RESPONSIVE
B003662,T00701,V0061,12156214.41,2024-10-15T09:28:03,2,RESPONSIVE
B003663,T00701,V0448,12216041.17,2024-10-20T14:51:26,3,RESPONSIVE
B003664,T00701,V0529,12253573.77,2024-10-08T21:26:41,4,RESPONSIVE
B003665,T00701,V0355,12896748.31,2024-10-20T10:38:50,5,RESPONSIVE
B003666,T00702,V0525,52476011.17,2025-07-06T07:18:07,1,RESPONSIVE
B003667,T00702,V0193,55795129.22,2025-07-05T20:02:08,2,RESPONSIVE
B003668,T00702,V0526,56912238.88,2025-06-22T10:14:09,3,RESPONSIVE
B003669,T00702,V0017,57709231.8,2025-07-06T12:16:48,4,RESPONSIVE
B003670,T00702,V0445,57999668.23,2025-06-28T01:52:40,5,RESPONSIVE
B003671,T00703,V0302,3813849.41,2024-03-22T19:21:00,1,RESPONSIVE
B003672,T00703,V0178,3829200.51,2024-03-19T11:00:15,2,RESPONSIVE
B003673,T00703,V0338,3854641.63,2024-03-20T07:36:04,3,RESPONSIVE
B003674,T00703,V0424,3899990.89,2024-03-16T23:08:33,4,RESPONSIVE
B003675,T00703,V0291,3941489.8,2024-03-20T18:27:44,5,RESPONSIVE
B003676,T00703,V0098,4016238.43,2024-03-14T10:53:12,6,RESPONSIVE
B003677,T00703,V0199,4057500.31,2024-03-08T04:03:30,7,RESPONSIVE
B003678,T00703,V0519,4067054.86,2024-03-23T17:11:57,8,RESPONSIVE
B003679,T00703,V0056,4074942.18,2024-03-23T17:31:49,9,RESPONSIVE
B003680,T00704,V0523,2628785.56,2025-01-18T05:58:35,1,RESPONSIVE
B003681,T00704,V0276,2706093.69,2025-01-23T00:57:00,2,RESPONSIVE
B003682,T00704,V0132,2731486.96,2025-01-23T01:45:20,3,RESPONSIVE
B003683,T00704,V0122,2791729.02,2025-01-15T09:08:35,4,RESPONSIVE
B003684,T00705,V0039,11638083.62,2025-05-21T03:28:01,1,RESPONSIVE
B003685,T00705,V0451,12238425.26,2025-05-19T22:09:50,2,RESPONSIVE
B003686,T00705,V0322,12242612.95,2025-05-16T16:18:06,3,RESPONSIVE
B003687,T00706,V0295,9114940.55,2025-06-21T13:47:58,1,RESPONSIVE
B003688,T00706,V0025,9295916.33,2025-07-08T17:40:05,2,RESPONSIVE
B003689,T00706,V0481,9334986.58,2025-07-04T00:48:09,3,RESPONSIVE
B003690,T00706,V0144,9421550.25,2025-07-03T11:04:13,4,RESPONSIVE
B003691,T00706,V0026,9533124.51,2025-06-15T22:30:12,5,RESPONSIVE
B003692,T00706,V0355,9680100.16,2025-06-19T17:39:01,6,RESPONSIVE
B003693,T00706,V0050,9771998.53,2025-06-22T15:15:23,7,RESPONSIVE
B003694,T00706,V0307,9962969.86,2025-06-18T03:47:15,8,RESPONSIVE
B003695,T00707,V0368,39922231.07,2024-11-28T07:12:11,1,RESPONSIVE
B003696,T00707,V0470,46261871.15,2024-12-22T09:23:08,2,RESPONSIVE
B003697,T00707,V0516,48999486.45,2024-12-25T23:17:46,3,RESPONSIVE
B003698,T00708,V0119,4694206.85,2024-07-27T06:14:58,1,RESPONSIVE
B003699,T00708,V0355,4918073.28,2024-07-24T16:46:08,2,RESPONSIVE
B003700,T00708,V0295,4961019.6,2024-08-05T08:55:01,3,RESPONSIVE
B003701,T00708,V0481,4996009.79,2024-07-24T01:27:47,4,RESPONSIVE
B003702,T00708,V0223,5063984.44,2024-07-31T02:32:47,5,RESPONSIVE
B003703,T00709,V0498,1719926.59,2024-06-17T17:52:02,1,RESPONSIVE
B003704,T00709,V0202,1772688.3,2024-06-22T20:07:01,2,RESPONSIVE
B003705,T00709,V0329,1791777.21,2024-06-27T05:36:58,3,RESPONSIVE
B003706,T00709,V0469,1803703.9,2024-06-28T01:34:42,4,RESPONSIVE
B003707,T00709,V0106,1805221.12,2024-06-16T09:13:45,5,RESPONSIVE
B003708,T00709,V0351,1807110.5,2024-06-30T14:25:16,6,RESPONSIVE
B003709,T00709,V0406,1821273.75,2024-06-27T14:39:03,7,RESPONSIVE
B003710,T00709,V0168,1830602.47,2024-06-15T11:04:08,8,RESPONSIVE
B003711,T00709,V0486,1872902.61,2024-06-21T10:28:52,9,RESPONSIVE
B003712,T00710,V0469,2545212.77,2025-07-14T06:23:12,1,NON_RESPONSIVE
B003713,T00710,V0382,2595349.52,2025-07-18T23:54:26,2,RESPONSIVE
B003714,T00710,V0408,2643404.51,2025-07-28T16:54:12,3,RESPONSIVE
B003715,T00710,V0200,2796329.09,2025-08-08T06:07:02,4,RESPONSIVE
B003716,T00711,V0296,76175006.49,2024-09-06T17:41:26,1,RESPONSIVE
B003717,T00711,V0389,78694407.1,2024-09-04T05:31:10,2,RESPONSIVE
B003718,T00711,V0517,80683899.3,2024-09-10T03:31:05,3,RESPONSIVE
B003719,T00711,V0289,81479258.57,2024-09-05T04:10:08,4,RESPONSIVE
B003720,T00711,V0064,85797868.97,2024-09-08T11:04:32,5,RESPONSIVE
B003721,T00712,V0280,7566338.85,2025-08-17T18:13:56,1,RESPONSIVE
B003722,T00712,V0201,7692041.76,2025-08-25T12:51:19,2,RESPONSIVE
B003723,T00712,V0361,8044750.32,2025-08-24T13:32:01,3,RESPONSIVE
B003724,T00712,V0352,8063021.09,2025-08-11T08:06:21,4,RESPONSIVE
B003725,T00712,V0310,8095997.91,2025-08-24T06:42:12,5,RESPONSIVE
B003726,T00712,V0270,8116135.01,2025-08-25T05:08:54,6,RESPONSIVE
B003727,T00712,V0319,8287031.09,2025-08-21T14:03:26,7,RESPONSIVE
B003728,T00712,V0066,8294115.05,2025-08-19T23:25:21,8,RESPONSIVE
B003729,T00712,V0059,8548741.99,2025-08-14T12:33:42,9,RESPONSIVE
B003730,T00713,V0387,73233730.23,2026-08-18T20:47:49,1,RESPONSIVE
B003731,T00713,V0437,73940029.54,2026-08-28T16:27:08,2,RESPONSIVE
B003732,T00713,V0191,74235272.13,2026-08-24T12:24:58,3,RESPONSIVE
B003733,T00713,V0159,74315419.76,2026-08-23T19:46:36,4,RESPONSIVE
B003734,T00713,V0205,74407373.47,2026-08-21T09:49:44,5,RESPONSIVE
B003735,T00713,V0157,74524378.64,2026-08-30T09:00:23,6,RESPONSIVE
B003736,T00713,V0289,75519256.38,2026-08-24T15:44:23,7,RESPONSIVE
B003737,T00713,V0067,76866777.93,2026-08-18T05:04:17,8,RESPONSIVE
B003738,T00713,V0516,80026214.29,2026-08-23T08:49:13,9,RESPONSIVE
B003739,T00714,V0011,7502547.88,2024-08-15T20:23:30,1,RESPONSIVE
B003740,T00714,V0495,7655881.43,2024-08-21T04:17:05,2,RESPONSIVE
B003741,T00714,V0040,7831682.38,2024-08-20T23:57:27,3,RESPONSIVE
B003742,T00714,V0513,7979583.18,2024-08-11T14:39:09,4,RESPONSIVE
B003743,T00714,V0394,7995528.35,2024-08-15T11:41:10,5,RESPONSIVE
B003744,T00714,V0308,8054912.73,2024-08-21T05:03:21,6,RESPONSIVE
B003745,T00714,V0417,8232985.85,2024-08-13T03:38:57,7,RESPONSIVE
B003746,T00715,V0277,3398273.27,2025-10-05T03:03:30,1,NON_RESPONSIVE
B003747,T00715,V0050,3415552.26,2025-10-26T06:43:08,2,RESPONSIVE
B003748,T00715,V0144,3497310.34,2025-11-03T14:26:22,3,RESPONSIVE
B003749,T00715,V0072,3542575.14,2025-10-26T07:49:05,4,RESPONSIVE
B003750,T00715,V0025,3708558.66,2025-09-29T03:56:06,5,RESPONSIVE
B003751,T00715,V0020,3730952.37,2025-11-01T12:09:50,6,RESPONSIVE
B003752,T00716,V0279,49515227.99,2026-07-17T05:00:56,1,RESPONSIVE
B003753,T00716,V0547,50669679.65,2026-07-09T09:39:24,2,RESPONSIVE
B003754,T00716,V0273,53079958.94,2026-07-16T08:45:19,3,RESPONSIVE
B003755,T00716,V0399,54303003.43,2026-07-15T01:47:39,4,RESPONSIVE
B003756,T00717,V0026,7013283.33,2026-08-13T16:38:03,1,RESPONSIVE
B003757,T00717,V0140,7044712.86,2026-08-22T11:49:18,2,RESPONSIVE
B003758,T00717,V0010,7391177.09,2026-08-23T00:29:27,3,RESPONSIVE
B003759,T00717,V0482,7582291.54,2026-08-16T06:05:01,4,RESPONSIVE
B003760,T00718,V0309,6303623.39,2025-05-11T00:18:16,1,RESPONSIVE
B003761,T00718,V0132,6314062.73,2025-05-26T17:24:37,2,RESPONSIVE
B003762,T00718,V0327,6450953.68,2025-05-13T05:07:15,3,RESPONSIVE
B003763,T00718,V0244,6565046.37,2025-05-09T08:19:35,4,RESPONSIVE
B003764,T00718,V0123,6718902.86,2025-05-06T14:20:32,5,RESPONSIVE
B003765,T00718,V0002,6728172.1,2025-05-04T19:15:21,6,RESPONSIVE
B003766,T00718,V0310,6878994.55,2025-05-26T04:56:21,7,RESPONSIVE
B003767,T00719,V0169,1362484.32,2024-11-23T10:26:19,1,RESPONSIVE
B003768,T00719,V0251,1367614.14,2024-11-23T04:23:18,2,RESPONSIVE
B003769,T00719,V0335,1371689.87,2024-11-14T02:13:56,3,RESPONSIVE
B003770,T00719,V0126,1381838.25,2024-11-24T05:28:04,4,RESPONSIVE
B003771,T00719,V0340,1446119.5,2024-11-24T15:50:23,5,RESPONSIVE
B003772,T00719,V0248,1450263.64,2024-11-16T04:29:40,6,RESPONSIVE
B003773,T00719,V0424,1497483.25,2024-11-16T22:01:07,7,RESPONSIVE
B003774,T00719,V0304,1540414.2,2024-11-14T07:49:42,8,RESPONSIVE
B003775,T00719,V0255,1545615.56,2024-11-10T18:33:17,9,RESPONSIVE
B003776,T00720,V0407,4612650.12,2024-02-19T21:51:20,1,RESPONSIVE
B003777,T00720,V0026,4650407.92,2024-02-20T03:05:44,2,RESPONSIVE
B003778,T00720,V0025,4670456.87,2024-02-10T00:09:38,3,RESPONSIVE
B003779,T00720,V0144,4707866.51,2024-02-13T15:13:56,4,RESPONSIVE
B003780,T00720,V0184,4726400.79,2024-02-20T00:26:50,5,RESPONSIVE
B003781,T00720,V0072,4921978.36,2024-02-16T09:09:52,6,RESPONSIVE
B003782,T00720,V0119,4965212.12,2024-02-20T02:31:49,7,RESPONSIVE
B003783,T00721,V0179,50640007.09,2026-02-28T03:23:05,1,RESPONSIVE
B003784,T00721,V0403,50933303.68,2026-03-03T02:15:59,2,RESPONSIVE
B003785,T00721,V0349,51287694.74,2026-02-28T16:04:43,3,RESPONSIVE
B003786,T00721,V0383,52103715.33,2026-03-16T01:36:00,4,NON_RESPONSIVE
B003787,T00721,V0241,53575893.62,2026-03-17T21:14:14,5,RESPONSIVE
B003788,T00721,V0513,54513221.29,2026-02-22T10:19:11,6,RESPONSIVE
B003789,T00721,V0502,55503414.06,2026-02-27T17:07:55,7,RESPONSIVE
B003790,T00722,V0059,26771232.37,2024-03-28T02:39:53,1,RESPONSIVE
B003791,T00722,V0530,27662689.35,2024-03-16T02:37:50,2,RESPONSIVE
B003792,T00723,V0165,4268282.44,2025-09-30T19:25:45,1,RESPONSIVE
B003793,T00723,V0475,4545551.13,2025-10-14T10:40:05,2,RESPONSIVE
B003794,T00723,V0420,4573193.1,2025-10-12T06:36:50,3,RESPONSIVE
B003795,T00723,V0022,4745892.3,2025-10-16T22:37:45,4,RESPONSIVE
B003796,T00723,V0486,4871221.55,2025-10-20T17:41:29,5,RESPONSIVE
B003797,T00723,V0490,4944240.11,2025-10-20T03:59:24,6,RESPONSIVE
B003798,T00723,V0234,4973780.3,2025-10-13T16:37:40,7,RESPONSIVE
B003799,T00723,V0354,5035618.97,2025-10-08T07:51:07,8,RESPONSIVE
B003800,T00723,V0350,5136631.35,2025-10-07T03:28:02,9,RESPONSIVE
B003801,T00724,V0205,20459425.16,2025-07-06T14:03:07,1,RESPONSIVE
B003802,T00724,V0476,20695093.11,2025-07-07T07:09:15,2,RESPONSIVE
B003803,T00724,V0368,20727397.86,2025-06-29T16:22:36,3,RESPONSIVE
B003804,T00724,V0357,21660119.99,2025-07-02T23:31:11,4,RESPONSIVE
B003805,T00725,V0275,13991450.1,2024-11-26T11:57:07,1,RESPONSIVE
B003806,T00725,V0189,14116284.42,2024-12-02T03:54:43,2,RESPONSIVE
B003807,T00725,V0488,14341601.58,2024-12-03T00:21:25,3,RESPONSIVE
B003808,T00725,V0169,14642675.81,2024-11-27T17:05:00,4,RESPONSIVE
B003809,T00725,V0472,14842879.66,2024-11-26T19:17:19,5,RESPONSIVE
B003810,T00725,V0335,15350167.61,2024-11-28T13:23:31,6,RESPONSIVE
B003811,T00725,V0032,15959947.94,2024-11-29T15:15:05,7,RESPONSIVE
B003812,T00726,V0016,26279343.63,2025-08-04T17:47:26,1,RESPONSIVE
B003813,T00726,V0188,26345061.98,2025-08-19T05:11:11,2,RESPONSIVE
B003814,T00726,V0107,26921289.81,2025-08-19T11:25:11,3,RESPONSIVE
B003815,T00726,V0023,27169534.07,2025-07-16T09:41:18,4,RESPONSIVE
B003816,T00726,V0267,27175814.32,2025-08-02T13:00:06,5,RESPONSIVE
B003817,T00726,V0014,27178206.64,2025-07-21T14:42:17,6,RESPONSIVE
B003818,T00726,V0186,27233433.95,2025-07-24T04:21:39,7,RESPONSIVE
B003819,T00726,V0248,27334351.16,2025-08-10T08:13:39,8,RESPONSIVE
B003820,T00727,V0182,21214671.67,2025-10-03T12:55:34,1,RESPONSIVE
B003821,T00727,V0304,22099932.89,2025-09-08T04:05:21,2,RESPONSIVE
B003822,T00727,V0516,22694444.18,2025-09-21T22:34:25,3,RESPONSIVE
B003823,T00727,V0368,23048926.09,2025-10-02T20:55:46,4,RESPONSIVE
B003824,T00727,V0426,23337111.2,2025-09-01T21:32:29,5,RESPONSIVE
B003825,T00727,V0313,23525128.45,2025-10-02T18:04:05,6,RESPONSIVE
B003826,T00727,V0054,23531994.94,2025-10-01T09:03:44,7,RESPONSIVE
B003827,T00728,V0303,24455295.1,2026-07-22T22:18:11,1,RESPONSIVE
B003828,T00728,V0039,25977551.8,2026-07-26T07:46:14,2,RESPONSIVE
B003829,T00728,V0340,26093640.32,2026-07-20T23:07:23,3,RESPONSIVE
B003830,T00728,V0495,26797538.71,2026-07-27T04:30:16,4,RESPONSIVE
B003831,T00729,V0455,6262934.75,2026-05-19T16:07:33,1,RESPONSIVE
B003832,T00729,V0421,7779894.28,2026-05-21T23:32:36,2,RESPONSIVE
B003833,T00729,V0289,8125829.9,2026-05-02T18:43:13,3,RESPONSIVE
B003834,T00730,V0384,41335252.75,2025-06-29T14:49:25,1,RESPONSIVE
B003835,T00730,V0482,44008895.33,2025-07-23T23:32:08,2,RESPONSIVE
B003836,T00730,V0140,45246132.79,2025-07-09T18:45:36,3,RESPONSIVE
B003837,T00730,V0215,47059706.88,2025-07-17T03:14:05,4,RESPONSIVE
B003838,T00731,V0363,6561854.45,2026-04-16T12:21:04,1,RESPONSIVE
B003839,T00731,V0335,6622262.9,2026-04-06T11:09:57,2,RESPONSIVE
B003840,T00731,V0532,6931368.11,2026-03-29T11:17:03,3,RESPONSIVE
B003841,T00731,V0288,6935897.46,2026-04-04T22:08:45,4,RESPONSIVE
B003842,T00731,V0256,7244805.35,2026-04-03T11:29:37,5,RESPONSIVE
B003843,T00732,V0107,68323899.27,2026-02-13T03:42:37,1,RESPONSIVE
B003844,T00732,V0208,69396854.28,2026-01-18T15:46:12,2,RESPONSIVE
B003845,T00732,V0411,74669767.01,2026-02-17T00:16:10,3,RESPONSIVE
B003846,T00733,V0062,82381588.52,2024-03-03T12:28:25,1,RESPONSIVE
B003847,T00733,V0269,83584185.5,2024-02-29T13:08:15,2,RESPONSIVE
B003848,T00733,V0150,84834370.57,2024-03-05T11:48:07,3,RESPONSIVE
B003849,T00733,V0436,84988350.54,2024-02-20T20:42:15,4,RESPONSIVE
B003850,T00733,V0132,85263514.2,2024-02-27T15:12:08,5,RESPONSIVE
B003851,T00733,V0073,85305907.15,2024-02-29T02:26:08,6,RESPONSIVE
B003852,T00733,V0093,89122362.81,2024-03-07T12:35:07,7,RESPONSIVE
B003853,T00734,V0077,19827816.28,2025-05-12T09:57:59,1,RESPONSIVE
B003854,T00734,V0354,20469271.72,2025-05-03T20:06:29,2,RESPONSIVE
B003855,T00734,V0165,20534575.75,2025-05-10T11:06:10,3,RESPONSIVE
B003856,T00734,V0382,20927174.36,2025-05-15T22:02:58,4,RESPONSIVE
B003857,T00735,V0448,2933138.64,2024-06-26T01:36:48,1,RESPONSIVE
B003858,T00735,V0240,3003994.82,2024-07-06T18:13:51,2,RESPONSIVE
B003859,T00735,V0033,3019206.45,2024-07-06T15:26:46,3,RESPONSIVE
B003860,T00735,V0499,3023091.73,2024-06-06T11:12:53,4,RESPONSIVE
B003861,T00735,V0408,3171780.06,2024-06-25T20:30:48,5,RESPONSIVE
B003862,T00735,V0469,3185005.07,2024-06-13T22:19:24,6,RESPONSIVE
B003863,T00735,V0077,3350388.27,2024-06-23T13:58:11,7,RESPONSIVE
B003864,T00735,V0148,3361730.15,2024-06-18T22:28:45,8,RESPONSIVE
B003865,T00736,V0006,7158441.74,2026-08-03T15:26:56,1,RESPONSIVE
B003866,T00736,V0435,7444607.62,2026-08-06T21:29:02,2,RESPONSIVE
B003867,T00736,V0381,7598868.14,2026-08-14T17:26:43,3,RESPONSIVE
B003868,T00737,V0328,602973.18,2024-07-30T07:17:24,1,NON_RESPONSIVE
B003869,T00737,V0169,668247.25,2024-07-26T06:47:20,2,RESPONSIVE
B003870,T00737,V0249,685162.52,2024-07-28T00:06:12,3,RESPONSIVE
B003871,T00737,V0537,714223.24,2024-07-24T04:31:37,4,RESPONSIVE
B003872,T00737,V0455,745668.62,2024-08-02T22:03:08,5,RESPONSIVE
B003873,T00737,V0019,748180.62,2024-07-29T07:44:54,6,RESPONSIVE
B003874,T00738,V0016,6632942.1,2024-12-30T15:58:59,1,RESPONSIVE
B003875,T00738,V0280,6649007.77,2024-12-23T16:38:13,2,RESPONSIVE
B003876,T00738,V0122,6689825.59,2024-12-12T22:11:02,3,RESPONSIVE
B003877,T00738,V0066,7159131.87,2024-12-26T20:48:53,4,RESPONSIVE
B003878,T00739,V0220,30718933.55,2025-11-02T05:10:26,1,RESPONSIVE
B003879,T00739,V0399,34585309.78,2025-11-17T13:08:31,2,RESPONSIVE
B003880,T00739,V0121,35439417.99,2025-11-27T07:04:44,3,RESPONSIVE
B003881,T00739,V0389,36748251.07,2025-11-26T23:39:57,4,RESPONSIVE
B003882,T00740,V0081,8461477.95,2025-02-15T23:41:31,1,RESPONSIVE
B003883,T00740,V0191,8469025.08,2025-02-03T12:45:12,2,RESPONSIVE
B003884,T00740,V0345,8573675.97,2025-02-13T09:23:30,3,RESPONSIVE
B003885,T00740,V0273,8574016.73,2025-02-16T10:11:10,4,RESPONSIVE
B003886,T00740,V0346,8697374.26,2025-01-31T23:31:47,5,RESPONSIVE
B003887,T00740,V0443,8727315.46,2025-02-12T15:24:38,6,RESPONSIVE
B003888,T00740,V0421,8814254.33,2025-02-18T16:22:34,7,RESPONSIVE
B003889,T00740,V0427,8930407.7,2025-02-01T06:11:40,8,RESPONSIVE
B003890,T00741,V0236,8561769.38,2025-02-09T20:28:11,1,RESPONSIVE
B003891,T00741,V0492,9872406.31,2025-01-27T15:28:40,2,RESPONSIVE
B003892,T00741,V0222,10040031.71,2025-03-01T06:41:49,3,RESPONSIVE
B003893,T00742,V0233,15959984.83,2026-02-23T05:18:37,1,RESPONSIVE
B003894,T00742,V0184,16025125.67,2026-02-24T07:14:31,2,RESPONSIVE
B003895,T00742,V0266,16978645.99,2026-02-14T04:11:36,3,RESPONSIVE
B003896,T00742,V0344,17090951.65,2026-01-20T07:00:39,4,RESPONSIVE
B003897,T00742,V0514,17111016.13,2026-01-25T14:58:40,5,RESPONSIVE
B003898,T00743,V0179,8165296.08,2025-08-14T02:48:33,1,RESPONSIVE
B003899,T00743,V0411,8291568.13,2025-08-15T21:50:44,2,RESPONSIVE
B003900,T00743,V0011,8349259.14,2025-08-17T21:13:06,3,RESPONSIVE
B003901,T00743,V0023,8446132.96,2025-08-16T14:22:13,4,RESPONSIVE
B003902,T00743,V0454,8485750.1,2025-08-20T15:47:34,5,RESPONSIVE
B003903,T00743,V0417,8510812.87,2025-08-16T02:04:54,6,RESPONSIVE
B003904,T00743,V0434,8795426.76,2025-08-09T12:22:56,7,RESPONSIVE
B003905,T00743,V0495,8838345.85,2025-08-13T19:24:58,8,RESPONSIVE
B003906,T00743,V0098,8962171.69,2025-08-21T23:31:28,9,RESPONSIVE
B003907,T00743,V0162,9016342.91,2025-08-17T02:34:02,10,RESPONSIVE
B003908,T00744,V0367,6521613.84,2025-07-10T21:49:14,1,RESPONSIVE
B003909,T00744,V0308,6709533.78,2025-07-09T20:26:10,2,NON_RESPONSIVE
B003910,T00744,V0344,6961214.01,2025-07-09T07:26:42,3,RESPONSIVE
B003911,T00745,V0161,25217901.65,2025-01-17T18:52:09,1,RESPONSIVE
B003912,T00745,V0169,25774799.81,2025-02-04T12:14:00,2,RESPONSIVE
B003913,T00745,V0230,26393145.65,2025-01-31T11:48:15,3,RESPONSIVE
B003914,T00745,V0484,26755074.23,2025-02-17T02:29:00,4,RESPONSIVE
B003915,T00745,V0458,26906176.81,2025-01-23T04:00:10,5,RESPONSIVE
B003916,T00745,V0472,27134432.94,2025-02-07T14:44:52,6,RESPONSIVE
B003917,T00745,V0047,27417698.04,2025-02-02T17:51:29,7,RESPONSIVE
B003918,T00745,V0019,27830018.53,2025-02-20T08:14:53,8,RESPONSIVE
B003919,T00746,V0424,2354869.86,2024-02-29T03:42:12,1,RESPONSIVE
B003920,T00746,V0011,2365040.84,2024-03-21T02:05:53,2,RESPONSIVE
B003921,T00746,V0029,2381753.42,2024-03-14T16:09:32,3,RESPONSIVE
B003922,T00746,V0079,2397986.79,2024-03-19T21:59:26,4,RESPONSIVE
B003923,T00746,V0367,2460746.64,2024-03-11T02:57:04,5,RESPONSIVE
B003924,T00746,V0308,2507671.03,2024-02-24T02:01:29,6,RESPONSIVE
B003925,T00746,V0256,2519927.08,2024-02-25T00:17:44,7,RESPONSIVE
B003926,T00746,V0098,2619595.52,2024-03-09T01:30:09,8,RESPONSIVE
B003927,T00747,V0472,9433397.85,2025-04-21T12:46:39,1,RESPONSIVE
B003928,T00747,V0162,9544625.61,2025-04-30T21:28:47,2,RESPONSIVE
B003929,T00748,V0121,22451438.72,2025-07-24T20:06:15,1,RESPONSIVE
B003930,T00748,V0150,23885180.74,2025-07-21T11:01:23,2,RESPONSIVE
B003931,T00749,V0464,4605256.8,2025-04-07T08:24:22,1,RESPONSIVE
B003932,T00749,V0269,4668735.33,2025-04-11T07:37:08,2,RESPONSIVE
B003933,T00750,V0248,3600123.6,2026-08-26T05:14:02,1,RESPONSIVE
B003934,T00750,V0317,3606141.11,2026-08-23T00:19:27,2,RESPONSIVE
B003935,T00750,V0088,3684822.2,2026-08-26T15:12:34,3,RESPONSIVE
B003936,T00750,V0509,4012730.46,2026-08-30T15:02:11,4,RESPONSIVE
B003937,T00751,V0346,12548433.27,2024-05-02T16:06:45,1,RESPONSIVE
B003938,T00751,V0421,12792694.92,2024-04-21T03:59:14,2,RESPONSIVE
B003939,T00751,V0353,12870271.11,2024-04-27T00:26:06,3,RESPONSIVE
B003940,T00751,V0057,13382235.78,2024-04-29T00:47:39,4,RESPONSIVE
B003941,T00751,V0531,13498958.59,2024-05-07T05:03:47,5,RESPONSIVE
B003942,T00752,V0015,1423730.88,2024-01-31T05:36:07,1,RESPONSIVE
B003943,T00752,V0504,1464627.47,2024-02-01T05:40:50,2,RESPONSIVE
B003944,T00752,V0244,1510729.44,2024-02-03T12:53:21,3,RESPONSIVE
B003945,T00753,V0064,4519654.22,2025-06-13T18:56:25,1,RESPONSIVE
B003946,T00753,V0472,4665419.8,2025-06-22T04:43:15,2,RESPONSIVE
B003947,T00754,V0269,38499150.22,2025-09-30T01:23:18,1,RESPONSIVE
B003948,T00754,V0039,40962416.97,2025-10-05T22:43:21,2,RESPONSIVE
B003949,T00755,V0016,1216477.91,2026-05-05T18:12:37,1,RESPONSIVE
B003950,T00755,V0242,1236559.3,2026-05-10T22:47:21,2,RESPONSIVE
B003951,T00755,V0327,1262983.36,2026-05-03T01:22:51,3,RESPONSIVE
B003952,T00755,V0364,1283020.16,2026-05-10T11:57:34,4,RESPONSIVE
B003953,T00755,V0254,1317714.72,2026-04-24T13:52:21,5,RESPONSIVE
B003954,T00756,V0039,2789263.28,2025-07-06T22:59:33,1,RESPONSIVE
B003955,T00756,V0279,2828116.72,2025-06-24T04:44:58,2,RESPONSIVE
B003956,T00756,V0483,2993726.24,2025-07-01T07:39:21,3,RESPONSIVE
B003957,T00757,V0047,5348541.27,2024-07-15T22:20:45,1,RESPONSIVE
B003958,T00757,V0509,5546440.13,2024-07-08T09:20:25,2,RESPONSIVE
B003959,T00757,V0458,5831845.34,2024-07-13T10:51:44,3,RESPONSIVE
B003960,T00758,V0547,22388966.0,2024-04-03T16:17:18,1,RESPONSIVE
B003961,T00758,V0163,24227797.63,2024-03-19T14:55:10,2,RESPONSIVE
B003962,T00758,V0399,24896704.85,2024-03-10T20:24:42,3,RESPONSIVE
B003963,T00758,V0487,25473414.14,2024-04-03T11:06:29,4,RESPONSIVE
B003964,T00758,V0359,25672683.5,2024-04-04T06:02:42,5,RESPONSIVE
B003965,T00758,V0099,26271923.24,2024-03-18T15:52:43,6,RESPONSIVE
B003966,T00758,V0153,26713893.05,2024-03-29T04:30:16,7,NON_RESPONSIVE
B003967,T00758,V0133,26896456.27,2024-03-17T18:22:45,8,RESPONSIVE
B003968,T00759,V0344,9009608.96,2024-04-14T14:08:13,1,NON_RESPONSIVE
B003969,T00759,V0087,9014103.17,2024-04-03T15:12:22,2,RESPONSIVE
B003970,T00759,V0293,9177425.71,2024-05-05T19:41:58,3,RESPONSIVE
B003971,T00759,V0050,9460601.83,2024-04-15T03:39:54,4,RESPONSIVE
B003972,T00759,V0008,9636968.57,2024-04-20T13:51:35,5,RESPONSIVE
B003973,T00760,V0279,12727616.78,2024-10-13T19:48:22,1,RESPONSIVE
B003974,T00760,V0188,13124931.28,2024-10-08T09:15:27,2,RESPONSIVE
B003975,T00760,V0251,13310668.36,2024-10-06T02:30:21,3,RESPONSIVE
B003976,T00760,V0158,13573200.75,2024-10-03T20:52:11,4,RESPONSIVE
B003977,T00760,V0047,14047601.93,2024-10-12T11:13:57,5,NON_RESPONSIVE
B003978,T00760,V0187,14302178.27,2024-10-01T12:17:14,6,RESPONSIVE
B003979,T00761,V0171,3155035.12,2025-07-01T20:05:49,1,RESPONSIVE
B003980,T00761,V0215,3241214.92,2025-07-01T12:32:43,2,RESPONSIVE
B003981,T00761,V0460,3319386.58,2025-07-05T14:43:17,3,RESPONSIVE
B003982,T00761,V0144,3335546.04,2025-07-06T10:24:32,4,RESPONSIVE
B003983,T00761,V0396,3377282.39,2025-06-28T02:33:50,5,RESPONSIVE
B003984,T00761,V0295,3409874.39,2025-06-29T03:14:17,6,RESPONSIVE
B003985,T00761,V0011,3410465.06,2025-07-06T00:11:56,7,RESPONSIVE
B003986,T00762,V0376,2343376.83,2024-08-12T21:11:53,1,RESPONSIVE
B003987,T00762,V0357,2497934.53,2024-08-26T23:31:10,2,RESPONSIVE
B003988,T00762,V0400,2586350.07,2024-08-16T12:46:40,3,RESPONSIVE
B003989,T00763,V0275,16320461.53,2025-06-19T21:54:06,1,RESPONSIVE
B003990,T00763,V0433,16636564.92,2025-06-20T05:36:53,2,NON_RESPONSIVE
B003991,T00764,V0096,4704023.02,2026-01-11T20:12:17,1,RESPONSIVE
B003992,T00764,V0265,4785067.47,2026-01-14T12:51:15,2,RESPONSIVE
B003993,T00764,V0243,4820893.07,2026-01-05T16:07:33,3,RESPONSIVE
B003994,T00764,V0351,5200882.22,2025-12-29T21:23:06,4,RESPONSIVE
B003995,T00765,V0306,11968720.82,2026-07-01T21:25:32,1,RESPONSIVE
B003996,T00765,V0413,12419330.94,2026-07-17T18:46:22,2,RESPONSIVE
B003997,T00765,V0123,12579650.51,2026-06-28T16:50:44,3,RESPONSIVE
B003998,T00765,V0363,12845322.79,2026-06-25T12:18:22,4,RESPONSIVE
B003999,T00765,V0135,12910790.27,2026-07-10T04:14:55,5,RESPONSIVE
B004000,T00765,V0310,13073736.08,2026-07-10T08:25:28,6,RESPONSIVE
B004001,T00765,V0188,13075454.78,2026-07-15T01:45:22,7,RESPONSIVE
B004002,T00766,V0284,26842292.76,2025-01-12T01:54:49,1,RESPONSIVE
B004003,T00766,V0206,27503616.43,2025-01-03T13:11:33,2,RESPONSIVE
B004004,T00766,V0219,28726785.16,2025-01-12T05:23:27,3,RESPONSIVE
B004005,T00766,V0292,28908804.55,2025-01-12T13:34:34,4,RESPONSIVE
B004006,T00766,V0195,29271391.65,2025-01-04T17:09:44,5,RESPONSIVE
B004007,T00766,V0281,29461602.88,2025-01-07T12:03:06,6,RESPONSIVE
B004008,T00766,V0298,30683422.81,2025-01-04T09:45:58,7,RESPONSIVE
B004009,T00767,V0325,47695801.7,2024-06-04T04:02:06,1,RESPONSIVE
B004010,T00767,V0387,54629083.0,2024-06-19T08:18:17,2,RESPONSIVE
B004011,T00767,V0426,55568180.59,2024-07-06T05:15:59,3,RESPONSIVE
B004012,T00767,V0445,55871554.78,2024-06-20T18:29:01,4,NON_RESPONSIVE
B004013,T00767,V0121,57875391.91,2024-07-09T17:46:01,5,RESPONSIVE
B004014,T00767,V0339,59108199.44,2024-07-05T00:24:30,6,RESPONSIVE
B004015,T00768,V0409,3675226.72,2024-12-29T12:47:01,1,RESPONSIVE
B004016,T00768,V0229,3813346.92,2024-12-29T11:19:11,2,RESPONSIVE
B004017,T00768,V0307,3826862.94,2024-12-20T14:06:08,3,RESPONSIVE
B004018,T00768,V0529,3854407.3,2024-12-16T19:09:31,4,RESPONSIVE
B004019,T00768,V0538,3891657.37,2024-12-21T10:27:13,5,RESPONSIVE
B004020,T00768,V0355,3996554.53,2024-12-22T06:22:23,6,RESPONSIVE
B004021,T00768,V0499,3997104.2,2024-12-22T09:03:36,7,RESPONSIVE
B004022,T00768,V0090,4039108.31,2024-12-22T17:32:57,8,RESPONSIVE
B004023,T00769,V0165,3023470.21,2025-01-19T00:44:35,1,RESPONSIVE
B004024,T00769,V0491,3069657.47,2025-01-03T19:33:44,2,RESPONSIVE
B004025,T00769,V0265,3074126.43,2025-01-06T04:38:59,3,RESPONSIVE
B004026,T00769,V0090,3166172.46,2024-12-29T03:16:53,4,RESPONSIVE
B004027,T00769,V0538,3175658.4,2025-01-19T04:17:49,5,RESPONSIVE
B004028,T00769,V0471,3200829.74,2025-01-19T22:49:51,6,NON_RESPONSIVE
B004029,T00769,V0243,3245886.39,2025-01-18T20:45:35,7,RESPONSIVE
B004030,T00770,V0370,604307.83,2025-04-20T00:35:34,1,RESPONSIVE
B004031,T00770,V0327,622013.33,2025-04-24T19:23:45,2,RESPONSIVE
B004032,T00770,V0127,631839.16,2025-04-25T12:35:46,3,RESPONSIVE
B004033,T00770,V0254,638188.87,2025-04-29T11:07:35,4,RESPONSIVE
B004034,T00771,V0460,3370236.85,2026-08-24T05:59:25,1,RESPONSIVE
B004035,T00771,V0184,3447342.65,2026-08-30T11:30:09,2,RESPONSIVE
B004036,T00771,V0113,3451675.74,2026-08-24T09:37:36,3,RESPONSIVE
B004037,T00771,V0072,3468228.05,2026-08-30T10:09:04,4,RESPONSIVE
B004038,T00771,V0050,3468277.83,2026-08-30T02:16:51,5,RESPONSIVE
B004039,T00771,V0119,3472870.62,2026-08-26T00:33:50,6,RESPONSIVE
B004040,T00772,V0429,14580774.26,2024-09-30T21:33:21,1,NON_RESPONSIVE
B004041,T00772,V0247,15445053.99,2024-09-30T00:59:56,2,RESPONSIVE
B004042,T00772,V0297,15943588.55,2024-09-19T00:06:57,3,RESPONSIVE
B004043,T00772,V0510,16060754.7,2024-09-24T11:30:57,4,RESPONSIVE
B004044,T00772,V0120,16187393.49,2024-09-23T22:09:17,5,RESPONSIVE
B004045,T00772,V0052,16512298.04,2024-09-16T09:40:54,6,RESPONSIVE
B004046,T00773,V0471,6170731.43,2025-09-26T20:11:09,1,RESPONSIVE
B004047,T00773,V0540,6526927.74,2025-10-05T01:01:54,2,RESPONSIVE
B004048,T00773,V0529,6585449.75,2025-09-30T01:33:09,3,RESPONSIVE
B004049,T00773,V0341,6853860.86,2025-10-05T13:16:31,4,RESPONSIVE
B004050,T00773,V0243,6857126.52,2025-09-24T02:05:17,5,RESPONSIVE
B004051,T00773,V0543,7041468.38,2025-10-04T17:09:08,6,RESPONSIVE
B004052,T00773,V0106,7047905.53,2025-09-17T05:20:35,7,RESPONSIVE
B004053,T00773,V0204,7098573.08,2025-09-17T23:19:49,8,RESPONSIVE
B004054,T00773,V0012,7100677.45,2025-10-01T08:53:19,9,RESPONSIVE
B004055,T00774,V0431,17126222.83,2025-09-27T13:38:49,1,RESPONSIVE
B004056,T00774,V0012,17297428.86,2025-09-14T09:21:55,2,RESPONSIVE
B004057,T00774,V0264,17428509.41,2025-09-18T07:29:38,3,RESPONSIVE
B004058,T00774,V0168,17616441.47,2025-09-07T18:18:21,4,RESPONSIVE
B004059,T00774,V0329,17799898.69,2025-09-02T19:39:13,5,RESPONSIVE
B004060,T00774,V0149,18536573.96,2025-09-10T15:08:24,6,RESPONSIVE
B004061,T00774,V0192,18722865.41,2025-09-11T23:34:23,7,RESPONSIVE
B004062,T00775,V0240,4139894.92,2024-08-17T08:54:32,1,RESPONSIVE
B004063,T00775,V0104,4283282.48,2024-08-01T17:59:27,2,NON_RESPONSIVE
B004064,T00775,V0022,4344233.86,2024-08-18T06:16:27,3,RESPONSIVE
B004065,T00775,V0307,4580750.35,2024-08-14T04:22:57,4,RESPONSIVE
B004066,T00775,V0395,4597253.63,2024-08-07T00:13:09,5,RESPONSIVE
B004067,T00775,V0072,4603752.44,2024-08-05T19:15:45,6,RESPONSIVE
B004068,T00775,V0341,4659213.44,2024-08-17T16:45:13,7,RESPONSIVE
B004069,T00775,V0096,4747740.27,2024-08-06T14:17:49,8,RESPONSIVE
B004070,T00776,V0356,30438749.69,2024-08-09T00:11:26,1,RESPONSIVE
B004071,T00776,V0212,32315459.44,2024-08-18T12:53:47,2,RESPONSIVE
B004072,T00776,V0537,32399935.77,2024-08-20T17:00:10,3,RESPONSIVE
B004073,T00777,V0040,3255366.19,2026-05-05T05:04:30,1,RESPONSIVE
B004074,T00777,V0482,3495465.93,2026-05-02T03:18:22,2,RESPONSIVE
B004075,T00777,V0365,3559876.68,2026-05-04T20:48:25,3,RESPONSIVE
B004076,T00777,V0479,3586747.04,2026-05-05T22:26:29,4,RESPONSIVE
B004077,T00778,V0120,29537304.38,2024-03-04T21:39:07,1,NON_RESPONSIVE
B004078,T00778,V0421,31253905.21,2024-02-20T20:52:50,2,RESPONSIVE
B004079,T00778,V0386,31361203.94,2024-03-01T21:25:35,3,RESPONSIVE
B004080,T00778,V0128,31519837.94,2024-02-21T19:25:19,4,RESPONSIVE
B004081,T00778,V0172,32045183.32,2024-03-04T04:44:38,5,RESPONSIVE
B004082,T00778,V0167,32511214.84,2024-02-25T23:18:27,6,RESPONSIVE
B004083,T00778,V0510,32867210.61,2024-03-03T20:31:14,7,RESPONSIVE
B004084,T00778,V0389,32884173.62,2024-02-29T04:51:29,8,RESPONSIVE
B004085,T00778,V0357,33672656.3,2024-02-27T15:07:19,9,RESPONSIVE
B004086,T00778,V0391,33783443.03,2024-02-20T03:06:45,10,RESPONSIVE
B004087,T00779,V0025,10510498.62,2024-08-30T00:06:21,1,RESPONSIVE
B004088,T00779,V0215,10578313.92,2024-09-05T20:13:14,2,RESPONSIVE
B004089,T00779,V0365,10731685.46,2024-09-09T02:42:55,3,RESPONSIVE
B004090,T00779,V0035,10983347.18,2024-09-16T00:27:02,4,RESPONSIVE
B004091,T00779,V0113,11552406.86,2024-09-24T20:47:10,5,RESPONSIVE
B004092,T00779,V0334,11797574.1,2024-09-17T08:43:55,6,RESPONSIVE
B004093,T00779,V0513,12006407.98,2024-10-04T14:22:54,7,RESPONSIVE
B004094,T00780,V0250,50992954.72,2025-08-28T05:57:15,1,RESPONSIVE
B004095,T00780,V0511,52541612.97,2025-08-30T10:08:29,2,RESPONSIVE
B004096,T00780,V0299,52784404.06,2025-09-07T13:40:19,3,RESPONSIVE
B004097,T00780,V0506,52895552.94,2025-08-16T08:07:52,4,RESPONSIVE
B004098,T00780,V0531,52897946.57,2025-08-19T04:23:30,5,RESPONSIVE
B004099,T00780,V0385,52966525.21,2025-08-24T08:04:21,6,RESPONSIVE
B004100,T00780,V0339,53084423.9,2025-09-07T14:54:24,7,RESPONSIVE
B004101,T00780,V0067,53980176.94,2025-08-29T13:20:58,8,RESPONSIVE
B004102,T00780,V0125,56049229.05,2025-08-07T09:10:54,9,RESPONSIVE
B004103,T00781,V0209,3126993.7,2024-05-20T05:31:14,1,RESPONSIVE
B004104,T00781,V0291,3130783.16,2024-05-30T01:38:12,2,RESPONSIVE
B004105,T00781,V0485,3142759.6,2024-06-14T17:26:33,3,RESPONSIVE
B004106,T00781,V0098,3172665.72,2024-06-10T09:20:56,4,RESPONSIVE
B004107,T00781,V0256,3287068.62,2024-05-27T17:23:48,5,RESPONSIVE
B004108,T00781,V0308,3546706.98,2024-06-14T18:28:48,6,RESPONSIVE
B004109,T00782,V0115,19303203.59,2025-02-14T00:29:28,1,RESPONSIVE
B004110,T00782,V0005,20475390.89,2025-02-24T15:10:34,2,RESPONSIVE
B004111,T00782,V0488,20759672.8,2025-03-19T04:52:16,3,RESPONSIVE
B004112,T00782,V0294,21415891.23,2025-03-11T12:10:32,4,RESPONSIVE
B004113,T00782,V0335,22424527.68,2025-03-22T18:03:49,5,RESPONSIVE
B004114,T00782,V0180,22681095.73,2025-02-13T10:04:38,6,NON_RESPONSIVE
B004115,T00783,V0206,28901066.87,2024-08-16T07:00:50,1,RESPONSIVE
B004116,T00783,V0004,29294573.82,2024-08-12T18:41:28,2,RESPONSIVE
B004117,T00783,V0199,29960344.48,2024-08-11T21:53:50,3,RESPONSIVE
B004118,T00783,V0138,30906955.28,2024-08-16T21:23:08,4,RESPONSIVE
B004119,T00783,V0166,31077448.59,2024-08-14T11:04:42,5,RESPONSIVE
B004120,T00783,V0374,32661149.85,2024-08-09T14:48:31,6,RESPONSIVE
B004121,T00784,V0040,13298072.34,2024-11-01T11:28:38,1,RESPONSIVE
B004122,T00784,V0291,13460069.09,2024-11-10T11:07:56,2,RESPONSIVE
B004123,T00784,V0071,13507275.67,2024-11-20T09:17:58,3,RESPONSIVE
B004124,T00785,V0208,8183827.18,2026-06-24T23:14:04,1,RESPONSIVE
B004125,T00785,V0424,8428063.87,2026-06-30T08:14:16,2,RESPONSIVE
B004126,T00785,V0321,8546945.66,2026-06-25T03:54:13,3,RESPONSIVE
B004127,T00785,V0129,8673737.28,2026-07-01T12:35:13,4,RESPONSIVE
B004128,T00785,V0383,8932707.65,2026-07-01T19:54:54,5,RESPONSIVE
B004129,T00786,V0347,170936908.51,2024-03-26T20:27:38,1,RESPONSIVE
B004130,T00786,V0199,173584716.41,2024-03-18T08:10:20,2,RESPONSIVE
B004131,T00786,V0461,176962839.77,2024-03-27T20:43:25,3,RESPONSIVE
B004132,T00786,V0018,185338661.06,2024-03-14T10:45:34,4,RESPONSIVE
B004133,T00787,V0144,1915323.14,2026-03-15T05:25:25,1,RESPONSIVE
B004134,T00787,V0025,1921885.51,2026-03-15T19:53:56,2,RESPONSIVE
B004135,T00787,V0113,1992952.92,2026-03-19T15:42:36,3,RESPONSIVE
B004136,T00787,V0481,2019250.59,2026-03-21T08:05:21,4,RESPONSIVE
B004137,T00787,V0295,2038679.09,2026-03-22T16:50:18,5,RESPONSIVE
B004138,T00787,V0355,2070180.66,2026-03-16T12:38:45,6,RESPONSIVE
B004139,T00787,V0223,2131963.89,2026-03-16T20:18:47,7,RESPONSIVE
B004140,T00788,V0316,27055255.51,2024-09-22T01:49:06,1,RESPONSIVE
B004141,T00788,V0374,27112313.82,2024-09-08T22:35:37,2,RESPONSIVE
B004142,T00788,V0504,27387184.59,2024-09-11T14:28:25,3,RESPONSIVE
B004143,T00788,V0274,27399979.92,2024-09-11T04:29:35,4,RESPONSIVE
B004144,T00788,V0281,27672594.34,2024-09-17T00:52:37,5,RESPONSIVE
B004145,T00788,V0199,27793426.02,2024-09-20T16:17:17,6,RESPONSIVE
B004146,T00788,V0198,27968400.3,2024-09-18T03:51:28,7,RESPONSIVE
B004147,T00788,V0248,28284715.33,2024-09-09T09:53:33,8,RESPONSIVE
B004148,T00788,V0288,29725452.24,2024-09-09T01:43:29,9,RESPONSIVE
B004149,T00789,V0039,10883528.99,2026-05-15T04:07:37,1,RESPONSIVE
B004150,T00789,V0228,11735519.34,2026-05-16T08:31:52,2,RESPONSIVE
B004151,T00789,V0488,11848644.76,2026-05-15T11:23:57,3,RESPONSIVE
B004152,T00790,V0286,7794476.3,2024-06-03T22:10:21,1,RESPONSIVE
B004153,T00790,V0104,7897614.68,2024-06-04T20:25:15,2,RESPONSIVE
B004154,T00790,V0431,8118651.51,2024-06-11T02:09:30,3,RESPONSIVE
B004155,T00790,V0200,8227587.24,2024-06-11T02:25:36,4,RESPONSIVE
B004156,T00790,V0012,8428487.82,2024-06-11T01:49:32,5,RESPONSIVE
B004157,T00791,V0372,27437217.44,2025-07-20T07:42:56,1,RESPONSIVE
B004158,T00791,V0099,27753580.92,2025-06-28T04:45:20,2,NON_RESPONSIVE
B004159,T00791,V0220,28340585.36,2025-06-16T07:52:04,3,RESPONSIVE
B004160,T00791,V0118,30066109.25,2025-06-29T12:31:39,4,RESPONSIVE
B004161,T00792,V0355,3578673.33,2024-03-08T00:37:57,1,RESPONSIVE
B004162,T00792,V0407,3718417.16,2024-03-15T06:01:58,2,RESPONSIVE
B004163,T00792,V0277,3795550.05,2024-03-07T07:29:22,3,RESPONSIVE
B004164,T00792,V0481,3823463.46,2024-03-11T18:51:45,4,RESPONSIVE
B004165,T00793,V0266,30405170.68,2026-03-18T11:12:21,1,RESPONSIVE
B004166,T00793,V0134,32168974.13,2026-03-16T04:06:33,2,RESPONSIVE
B004167,T00793,V0539,32903552.98,2026-03-11T06:08:35,3,RESPONSIVE
B004168,T00793,V0031,33401352.89,2026-03-01T23:19:02,4,RESPONSIVE
B004169,T00793,V0223,34430830.17,2026-03-11T13:44:34,5,RESPONSIVE
B004170,T00793,V0454,34431790.55,2026-03-18T13:02:18,6,RESPONSIVE
B004171,T00794,V0460,1769386.9,2024-10-24T22:47:12,1,RESPONSIVE
B004172,T00794,V0277,1830756.7,2024-10-27T02:18:18,2,RESPONSIVE
B004173,T00794,V0072,1830932.84,2024-10-23T18:07:14,3,RESPONSIVE
B004174,T00794,V0481,1852617.51,2024-10-26T21:09:48,4,RESPONSIVE
B004175,T00794,V0113,1876923.44,2024-10-08T23:48:28,5,RESPONSIVE
B004176,T00794,V0144,1889826.23,2024-11-07T19:17:14,6,RESPONSIVE
B004177,T00794,V0119,1942817.99,2024-10-14T22:41:35,7,RESPONSIVE
B004178,T00794,V0355,1949344.82,2024-10-06T14:19:54,8,RESPONSIVE
B004179,T00794,V0407,2003353.69,2024-10-21T18:02:06,9,RESPONSIVE
B004180,T00795,V0125,103124052.6,2025-10-12T21:03:21,1,RESPONSIVE
B004181,T00795,V0437,105004196.9,2025-09-28T19:24:18,2,RESPONSIVE
B004182,T00795,V0381,106531842.7,2025-10-09T09:33:17,3,RESPONSIVE
B004183,T00795,V0297,111310009.56,2025-10-02T18:08:21,4,RESPONSIVE
B004184,T00796,V0233,20881788.8,2025-12-08T06:37:05,1,RESPONSIVE
B004185,T00796,V0175,20928771.13,2025-11-30T01:33:21,2,RESPONSIVE
B004186,T00796,V0085,21548345.71,2025-11-18T00:23:31,3,RESPONSIVE
B004187,T00796,V0079,22153683.08,2025-11-17T08:58:48,4,RESPONSIVE
B004188,T00796,V0417,22380571.22,2025-11-26T10:10:09,5,RESPONSIVE
B004189,T00796,V0365,22743736.04,2025-12-06T08:36:17,6,RESPONSIVE
B004190,T00797,V0381,23312115.68,2026-04-19T00:20:03,1,RESPONSIVE
B004191,T00797,V0128,23486509.13,2026-04-02T01:38:31,2,RESPONSIVE
B004192,T00798,V0341,4328501.75,2024-04-04T03:51:43,1,RESPONSIVE
B004193,T00798,V0543,4386574.93,2024-03-30T22:05:14,2,RESPONSIVE
B004194,T00798,V0072,4388581.09,2024-03-29T17:13:34,3,RESPONSIVE
B004195,T00798,V0499,4594969.36,2024-04-07T17:16:05,4,RESPONSIVE
B004196,T00798,V0033,4719436.67,2024-04-01T03:53:11,5,RESPONSIVE
B004197,T00798,V0012,4720762.53,2024-04-01T22:29:42,6,RESPONSIVE
B004198,T00798,V0286,4721238.11,2024-04-03T06:08:45,7,RESPONSIVE
B004199,T00799,V0539,37523798.1,2026-05-06T00:14:20,1,RESPONSIVE
B004200,T00799,V0113,38925978.94,2026-05-02T10:21:21,2,RESPONSIVE
B004201,T00800,V0379,4133841.01,2024-09-03T01:47:03,1,RESPONSIVE
B004202,T00800,V0364,4202674.16,2024-09-01T10:56:10,2,RESPONSIVE
B004203,T00800,V0242,4225503.78,2024-08-15T15:37:35,3,RESPONSIVE
B004204,T00800,V0127,4238148.0,2024-09-01T14:38:30,4,RESPONSIVE
B004205,T00800,V0276,4459416.07,2024-09-12T23:52:55,5,RESPONSIVE
B004206,T00800,V0310,4496121.49,2024-09-12T19:37:59,6,RESPONSIVE
B004207,T00800,V0292,4518899.22,2024-09-11T22:10:24,7,RESPONSIVE
B004208,T00800,V0280,5008224.68,2024-08-25T11:17:39,8,RESPONSIVE
B004209,T00801,V0224,9697844.33,2025-01-01T11:45:55,1,RESPONSIVE
B004210,T00801,V0381,9772973.27,2025-01-07T04:56:13,2,RESPONSIVE
B004211,T00801,V0455,9928236.99,2025-01-06T04:57:04,3,RESPONSIVE
B004212,T00801,V0044,10055941.17,2025-01-02T19:41:14,4,RESPONSIVE
B004213,T00801,V0537,10281876.31,2025-01-07T12:12:01,5,RESPONSIVE
B004214,T00801,V0133,10443633.93,2024-12-31T01:41:31,6,RESPONSIVE
B004215,T00801,V0091,10556707.58,2024-12-28T09:11:40,7,RESPONSIVE
B004216,T00801,V0421,10873866.87,2024-12-31T11:51:47,8,RESPONSIVE
B004217,T00802,V0142,6973119.89,2026-05-01T23:13:20,1,RESPONSIVE
B004218,T00802,V0032,7037274.74,2026-04-18T14:49:33,2,RESPONSIVE
B004219,T00802,V0217,7149521.36,2026-05-10T04:28:17,3,NON_RESPONSIVE
B004220,T00802,V0236,7168891.89,2026-05-03T18:42:54,4,RESPONSIVE
B004221,T00802,V0003,7319393.24,2026-05-05T15:25:28,5,RESPONSIVE
B004222,T00802,V0328,7393062.51,2026-05-06T05:46:13,6,RESPONSIVE
B004223,T00802,V0404,7562103.44,2026-04-26T19:00:07,7,RESPONSIVE
B004224,T00803,V0172,30410862.28,2025-04-07T14:43:22,1,RESPONSIVE
B004225,T00803,V0489,30897537.89,2025-05-04T15:58:25,2,RESPONSIVE
B004226,T00803,V0187,31157504.69,2025-05-02T22:56:38,3,NON_RESPONSIVE
B004227,T00803,V0313,31653430.34,2025-03-28T23:02:32,4,RESPONSIVE
B004228,T00803,V0345,32319835.86,2025-04-19T05:04:25,5,RESPONSIVE
B004229,T00803,V0159,33638470.81,2025-04-22T22:14:50,6,RESPONSIVE
B004230,T00803,V0455,35387747.95,2025-04-24T11:03:49,7,RESPONSIVE
B004231,T00804,V0219,952871.72,2026-07-19T06:48:33,1,RESPONSIVE
B004232,T00804,V0014,1026094.2,2026-07-19T22:02:39,2,RESPONSIVE
B004233,T00804,V0352,1048842.67,2026-07-09T05:50:53,3,RESPONSIVE
B004234,T00804,V0523,1053858.7,2026-07-17T03:39:10,4,RESPONSIVE
B004235,T00804,V0281,1070478.06,2026-07-20T15:01:35,5,RESPONSIVE
B004236,T00804,V0242,1084268.31,2026-07-16T18:48:41,6,RESPONSIVE
B004237,T00804,V0309,1094744.24,2026-07-25T03:52:55,7,RESPONSIVE
B004238,T00804,V0379,1095496.65,2026-07-16T12:25:59,8,RESPONSIVE
B004239,T00804,V0280,1097729.84,2026-07-03T18:37:00,9,RESPONSIVE
B004240,T00804,V0388,1123167.93,2026-07-24T19:21:49,10,RESPONSIVE
B004241,T00804,V0007,1128226.57,2026-07-08T01:34:13,11,RESPONSIVE
B004242,T00804,V0123,1154341.39,2026-07-19T11:24:05,12,RESPONSIVE
B004243,T00804,V0278,1155368.81,2026-07-18T14:51:41,13,RESPONSIVE
B004244,T00805,V0241,9346934.07,2024-04-20T23:29:15,1,RESPONSIVE
B004245,T00805,V0178,9752080.53,2024-04-24T17:18:31,2,RESPONSIVE
B004246,T00805,V0383,9847037.98,2024-05-03T00:52:47,3,RESPONSIVE
B004247,T00805,V0098,10015842.79,2024-05-08T22:03:48,4,RESPONSIVE
B004248,T00805,V0513,10044557.8,2024-04-30T21:50:44,5,RESPONSIVE
B004249,T00805,V0013,10223907.62,2024-04-21T04:54:43,6,NON_RESPONSIVE
B004250,T00806,V0247,3093542.76,2026-07-09T01:05:28,1,RESPONSIVE
B004251,T00806,V0404,3138810.12,2026-07-12T19:36:15,2,RESPONSIVE
B004252,T00806,V0424,3172981.33,2026-07-11T01:37:29,3,RESPONSIVE
B004253,T00806,V0080,3200741.53,2026-07-09T16:31:20,4,RESPONSIVE
B004254,T00806,V0187,3283373.6,2026-06-20T20:47:01,5,RESPONSIVE
B004255,T00806,V0228,3334624.06,2026-06-15T17:29:21,6,RESPONSIVE
B004256,T00807,V0334,15906486.41,2025-12-07T12:30:26,1,RESPONSIVE
B004257,T00807,V0539,16450295.51,2025-11-21T19:16:21,2,RESPONSIVE
B004258,T00807,V0344,16581109.91,2025-11-16T23:20:35,3,RESPONSIVE
B004259,T00807,V0035,16584383.86,2025-12-09T06:24:53,4,RESPONSIVE
B004260,T00807,V0079,16701541.86,2025-12-03T19:24:25,5,RESPONSIVE
B004261,T00807,V0025,17336409.66,2025-10-27T15:54:04,6,RESPONSIVE
B004262,T00808,V0451,26910445.13,2024-03-20T00:14:11,1,RESPONSIVE
B004263,T00808,V0195,27647400.17,2024-04-06T17:54:50,2,RESPONSIVE
B004264,T00808,V0076,28082456.03,2024-03-25T10:42:56,3,RESPONSIVE
B004265,T00808,V0374,28228811.42,2024-03-22T23:20:48,4,RESPONSIVE
B004266,T00808,V0309,29164525.94,2024-04-07T20:39:19,5,RESPONSIVE
B004267,T00808,V0352,29684418.84,2024-03-31T00:14:20,6,RESPONSIVE
B004268,T00808,V0414,29693073.87,2024-04-05T10:36:26,7,RESPONSIVE
B004269,T00808,V0066,29998015.85,2024-04-03T06:33:45,8,RESPONSIVE
B004270,T00808,V0201,30301117.85,2024-04-04T15:51:11,9,RESPONSIVE
B004271,T00809,V0438,14315139.36,2024-10-05T08:02:14,1,RESPONSIVE
B004272,T00809,V0019,14571352.12,2024-10-05T15:16:11,2,RESPONSIVE
B004273,T00809,V0381,14685604.97,2024-09-13T17:43:33,3,RESPONSIVE
B004274,T00809,V0185,14798295.38,2024-10-04T13:18:01,4,RESPONSIVE
B004275,T00809,V0525,15358452.18,2024-09-15T04:10:43,5,NON_RESPONSIVE
B004276,T00810,V0259,17140926.82,2025-01-25T16:28:09,1,RESPONSIVE
B004277,T00810,V0513,17333807.16,2025-01-24T05:44:21,2,RESPONSIVE
B004278,T00810,V0010,17533048.73,2025-02-01T22:48:56,3,RESPONSIVE
B004279,T00810,V0545,18543055.11,2025-01-29T06:35:18,4,RESPONSIVE
B004280,T00811,V0390,9452605.24,2024-12-13T09:53:21,1,RESPONSIVE
B004281,T00811,V0187,9584895.35,2024-12-31T12:35:45,2,RESPONSIVE
B004282,T00811,V0282,9790636.58,2024-12-15T11:54:06,3,RESPONSIVE
B004283,T00811,V0130,10093292.56,2024-11-26T18:33:04,4,RESPONSIVE
B004284,T00811,V0126,10386938.13,2024-12-19T11:35:30,5,RESPONSIVE
B004285,T00812,V0218,14662744.91,2025-12-26T07:06:35,1,RESPONSIVE
B004286,T00812,V0356,14768038.26,2025-12-27T06:34:35,2,RESPONSIVE
B004287,T00812,V0426,16368904.22,2025-12-29T22:27:29,3,RESPONSIVE
B004288,T00813,V0347,68841865.22,2026-08-01T22:47:19,1,RESPONSIVE
B004289,T00813,V0274,77866607.61,2026-08-01T20:04:52,2,RESPONSIVE
B004290,T00814,V0072,13219677.7,2025-07-09T13:46:29,1,RESPONSIVE
B004291,T00814,V0331,13505573.58,2025-07-12T00:32:57,2,RESPONSIVE
B004292,T00814,V0022,13812195.58,2025-07-18T05:27:32,3,RESPONSIVE
B004293,T00814,V0528,14789850.93,2025-07-10T01:05:58,4,RESPONSIVE
B004294,T00815,V0543,11655931.49,2025-08-04T18:26:49,1,RESPONSIVE
B004295,T00815,V0043,12119537.6,2025-06-24T00:39:08,2,RESPONSIVE
B004296,T00815,V0471,12721433.1,2025-07-16T06:48:20,3,RESPONSIVE
B004297,T00815,V0481,12956933.44,2025-07-09T14:46:16,4,RESPONSIVE
B004298,T00815,V0286,13008969.13,2025-08-02T02:07:15,5,RESPONSIVE
B004299,T00815,V0351,13279701.55,2025-07-15T17:08:35,6,RESPONSIVE
B004300,T00815,V0243,13366556.94,2025-07-24T04:17:59,7,RESPONSIVE
B004301,T00815,V0001,13449123.93,2025-06-10T03:30:17,8,RESPONSIVE
B004302,T00815,V0490,14012584.93,2025-08-03T05:36:28,9,RESPONSIVE
B004303,T00816,V0525,7473452.79,2025-04-18T03:49:46,1,RESPONSIVE
B004304,T00816,V0340,7791634.89,2025-04-09T15:04:54,2,NON_RESPONSIVE
B004305,T00816,V0483,7934117.75,2025-04-14T06:45:06,3,RESPONSIVE
B004306,T00816,V0332,8020823.66,2025-04-14T17:41:04,4,RESPONSIVE
B004307,T00817,V0146,5897087.1,2024-05-24T03:39:22,1,RESPONSIVE
B004308,T00817,V0087,6253599.04,2024-06-04T15:50:22,2,RESPONSIVE
B004309,T00818,V0463,2858716.54,2025-08-20T23:00:28,1,RESPONSIVE
B004310,T00818,V0106,2911598.53,2025-08-04T17:57:05,2,RESPONSIVE
B004311,T00818,V0096,2990426.31,2025-08-19T01:23:00,3,RESPONSIVE
B004312,T00819,V0408,2985906.14,2024-06-07T02:18:42,1,RESPONSIVE
B004313,T00819,V0232,3033120.65,2024-05-23T15:17:30,2,RESPONSIVE
B004314,T00819,V0148,3051621.35,2024-06-12T01:53:23,3,RESPONSIVE
B004315,T00819,V0420,3116621.14,2024-06-03T22:40:06,4,NON_RESPONSIVE
B004316,T00819,V0243,3156485.77,2024-05-27T01:13:45,5,RESPONSIVE
B004317,T00819,V0083,3208240.99,2024-05-25T15:23:09,6,RESPONSIVE
B004318,T00819,V0540,3241286.41,2024-05-21T14:31:22,7,RESPONSIVE
B004319,T00819,V0165,3333132.82,2024-05-11T03:53:34,8,RESPONSIVE
B004320,T00819,V0192,3350744.51,2024-06-04T19:13:57,9,RESPONSIVE
B004321,T00820,V0185,23296673.08,2026-08-23T11:10:09,1,RESPONSIVE
B004322,T00820,V0169,23805580.64,2026-08-26T14:05:34,2,RESPONSIVE
B004323,T00820,V0179,23975179.15,2026-08-22T20:51:05,3,RESPONSIVE
B004324,T00820,V0530,24925387.97,2026-08-25T14:23:19,4,RESPONSIVE
B004325,T00820,V0533,25436015.43,2026-08-30T20:29:34,5,RESPONSIVE
B004326,T00820,V0019,25832431.34,2026-08-26T19:15:53,6,RESPONSIVE
B004327,T00820,V0424,26198219.67,2026-08-29T20:35:45,7,RESPONSIVE
B004328,T00820,V0360,26284997.28,2026-08-23T03:56:49,8,RESPONSIVE
B004329,T00820,V0161,26672206.63,2026-08-27T09:19:50,9,RESPONSIVE
B004330,T00821,V0186,4786032.34,2025-07-02T20:30:16,1,RESPONSIVE
B004331,T00821,V0402,4874482.27,2025-07-02T08:49:05,2,RESPONSIVE
B004332,T00821,V0464,4973611.68,2025-07-06T02:47:45,3,RESPONSIVE
B004333,T00821,V0158,5095060.84,2025-06-27T08:20:22,4,RESPONSIVE
B004334,T00822,V0011,6031899.21,2024-12-11T10:59:13,1,RESPONSIVE
B004335,T00822,V0258,6145501.43,2024-12-18T01:18:03,2,RESPONSIVE
B004336,T00823,V0310,2297159.58,2025-09-11T09:58:48,1,RESPONSIVE
B004337,T00823,V0007,2362530.3,2025-09-07T23:36:41,2,RESPONSIVE
B004338,T00823,V0002,2582784.02,2025-09-06T19:12:01,3,RESPONSIVE
B004339,T00824,V0067,70976047.19,2026-08-05T15:52:34,1,RESPONSIVE
B004340,T00824,V0120,71976307.81,2026-07-27T14:16:49,2,RESPONSIVE
B004341,T00824,V0359,73159138.37,2026-07-25T07:06:14,3,RESPONSIVE
B004342,T00824,V0095,74370114.39,2026-08-04T02:57:39,4,RESPONSIVE
B004343,T00825,V0162,26356201.69,2025-03-25T18:36:29,1,RESPONSIVE
B004344,T00825,V0039,28032831.33,2025-03-31T17:27:26,2,RESPONSIVE
B004345,T00826,V0378,851291.77,2025-05-11T13:42:05,1,RESPONSIVE
B004346,T00826,V0408,916857.73,2025-04-22T16:07:44,2,RESPONSIVE
B004347,T00826,V0083,924507.46,2025-05-12T00:05:28,3,RESPONSIVE
B004348,T00827,V0259,43260817.1,2024-03-21T07:23:38,1,RESPONSIVE
B004349,T00827,V0209,44692145.76,2024-03-26T01:19:08,2,NON_RESPONSIVE
B004350,T00827,V0256,46747963.5,2024-03-21T02:06:12,3,RESPONSIVE
B004351,T00827,V0519,46936154.26,2024-03-18T14:49:29,4,RESPONSIVE
B004352,T00827,V0291,48227070.97,2024-03-13T11:06:27,5,RESPONSIVE
B004353,T00828,V0119,2767621.17,2024-01-19T22:18:43,1,RESPONSIVE
B004354,T00828,V0148,2799328.57,2024-02-02T13:53:13,2,RESPONSIVE
B004355,T00828,V0141,2860371.05,2024-01-30T16:13:12,3,RESPONSIVE
B004356,T00828,V0535,2933925.09,2024-01-31T02:06:16,4,RESPONSIVE
B004357,T00829,V0047,1293410.15,2025-07-10T06:37:20,1,RESPONSIVE
B004358,T00829,V0464,1294731.02,2025-07-06T05:14:25,2,RESPONSIVE
B004359,T00829,V0230,1298881.34,2025-06-28T12:33:19,3,RESPONSIVE
B004360,T00829,V0130,1344502.98,2025-07-08T11:28:04,4,NON_RESPONSIVE
B004361,T00830,V0275,12495454.16,2024-08-24T08:03:46,1,RESPONSIVE
B004362,T00830,V0404,12813184.01,2024-08-22T10:40:39,2,RESPONSIVE
B004363,T00830,V0483,13034456.96,2024-08-20T17:02:49,3,RESPONSIVE
B004364,T00830,V0328,13696068.35,2024-08-22T23:40:28,4,RESPONSIVE
B004365,T00830,V0419,13730534.6,2024-09-05T05:33:39,5,RESPONSIVE
B004366,T00830,V0484,14113978.99,2024-08-27T09:45:09,6,NON_RESPONSIVE
B004367,T00831,V0186,22360748.28,2026-06-12T12:50:40,1,RESPONSIVE
B004368,T00831,V0301,23295734.39,2026-06-05T17:14:15,2,RESPONSIVE
B004369,T00831,V0016,24447456.57,2026-06-16T14:11:13,3,RESPONSIVE
B004370,T00832,V0082,2838006.75,2024-04-01T13:55:05,1,RESPONSIVE
B004371,T00832,V0352,2914631.47,2024-04-07T02:15:01,2,RESPONSIVE
B004372,T00832,V0309,2928957.3,2024-04-15T15:33:47,3,RESPONSIVE
B004373,T00832,V0123,2953175.33,2024-04-13T10:58:04,4,RESPONSIVE
B004374,T00832,V0523,2975370.49,2024-04-24T12:11:08,5,RESPONSIVE
B004375,T00832,V0327,2978166.23,2024-04-25T17:48:46,6,RESPONSIVE
B004376,T00832,V0473,3071285.5,2024-04-13T15:46:01,7,RESPONSIVE
B004377,T00832,V0073,3122828.96,2024-04-13T16:46:55,8,RESPONSIVE
B004378,T00832,V0195,3241225.41,2024-04-11T21:42:32,9,RESPONSIVE
B004379,T00833,V0310,4089356.0,2024-01-13T18:47:40,1,RESPONSIVE
B004380,T00833,V0015,4128383.44,2024-01-23T18:45:48,2,RESPONSIVE
B004381,T00833,V0274,4179636.71,2024-01-19T22:50:19,3,RESPONSIVE
B004382,T00833,V0211,4225093.72,2024-01-19T01:07:38,4,RESPONSIVE
B004383,T00833,V0301,4230330.92,2024-01-25T10:11:56,5,RESPONSIVE
B004384,T00833,V0014,4237756.58,2024-01-24T07:32:00,6,RESPONSIVE
B004385,T00833,V0244,4461463.5,2024-01-25T17:25:45,7,RESPONSIVE
B004386,T00833,V0127,4493745.15,2024-01-28T18:17:25,8,RESPONSIVE
B004387,T00834,V0133,5584096.7,2026-04-29T14:57:35,1,RESPONSIVE
B004388,T00834,V0418,5610361.69,2026-05-05T15:46:14,2,RESPONSIVE
B004389,T00834,V0187,6063149.42,2026-04-20T17:44:24,3,RESPONSIVE
B004390,T00834,V0387,6178576.19,2026-05-04T00:42:50,4,RESPONSIVE
B004391,T00834,V0489,6199131.05,2026-04-22T15:40:08,5,RESPONSIVE
B004392,T00834,V0320,6337647.82,2026-04-20T08:01:59,6,RESPONSIVE
B004393,T00834,V0028,6361435.73,2026-04-28T06:20:21,7,NON_RESPONSIVE
B004394,T00835,V0087,5222594.76,2024-06-04T23:19:51,1,RESPONSIVE
B004395,T00835,V0482,5233971.82,2024-06-03T00:05:05,2,RESPONSIVE
B004396,T00835,V0085,5360317.08,2024-06-09T21:24:45,3,RESPONSIVE
B004397,T00835,V0140,5411433.77,2024-05-18T02:20:44,4,RESPONSIVE
B004398,T00835,V0031,5561903.35,2024-05-24T21:15:41,5,RESPONSIVE
B004399,T00835,V0502,5686660.94,2024-05-16T00:49:17,6,RESPONSIVE
B004400,T00835,V0407,5707122.22,2024-06-09T02:30:15,7,RESPONSIVE
B004401,T00836,V0460,7610885.23,2026-04-16T00:54:24,1,RESPONSIVE
B004402,T00836,V0259,7657462.3,2026-03-26T02:37:31,2,RESPONSIVE
B004403,T00836,V0513,8053498.95,2026-04-02T08:01:44,3,RESPONSIVE
B004404,T00836,V0031,8062331.34,2026-03-30T16:08:33,4,RESPONSIVE
B004405,T00837,V0129,3884397.47,2026-03-13T00:34:00,1,RESPONSIVE
B004406,T00837,V0209,4038275.11,2026-03-03T09:29:34,2,RESPONSIVE
B004407,T00837,V0023,4073867.76,2026-02-21T06:29:24,3,RESPONSIVE
B004408,T00837,V0501,4102903.04,2026-02-27T02:09:59,4,RESPONSIVE
B004409,T00837,V0174,4164022.82,2026-03-01T15:22:24,5,RESPONSIVE
B004410,T00837,V0512,4202068.06,2026-03-05T13:57:07,6,RESPONSIVE
B004411,T00838,V0007,26127617.0,2024-09-15T14:38:35,1,RESPONSIVE
B004412,T00838,V0063,26375154.49,2024-10-11T18:46:13,2,RESPONSIVE
B004413,T00838,V0301,27537238.7,2024-09-16T05:06:09,3,RESPONSIVE
B004414,T00838,V0327,27815949.31,2024-09-22T01:05:00,4,RESPONSIVE
B004415,T00838,V0206,27840608.53,2024-10-02T11:57:00,5,RESPONSIVE
B004416,T00838,V0254,28008605.14,2024-09-27T00:17:53,6,RESPONSIVE
B004417,T00838,V0370,28179187.98,2024-09-24T00:26:46,7,RESPONSIVE
B004418,T00838,V0374,28756392.19,2024-10-10T20:28:44,8,RESPONSIVE
B004419,T00839,V0528,1888544.64,2025-07-28T19:35:20,1,RESPONSIVE
B004420,T00839,V0452,1914336.95,2025-08-05T05:59:56,2,RESPONSIVE
B004421,T00839,V0232,1963699.54,2025-07-28T17:15:54,3,RESPONSIVE
B004422,T00839,V0469,1973035.59,2025-07-20T04:30:51,4,RESPONSIVE
B004423,T00839,V0341,1999758.33,2025-08-17T04:42:53,5,RESPONSIVE
B004424,T00839,V0505,2032826.29,2025-07-21T15:12:39,6,RESPONSIVE
B004425,T00839,V0343,2050203.07,2025-08-06T01:11:19,7,RESPONSIVE
B004426,T00839,V0204,2107436.32,2025-08-23T22:01:10,8,RESPONSIVE
B004427,T00839,V0104,2184565.07,2025-08-19T19:35:06,9,RESPONSIVE
B004428,T00840,V0047,3973550.49,2026-05-17T17:30:09,1,RESPONSIVE
B004429,T00840,V0302,3975599.21,2026-04-30T22:11:45,2,RESPONSIVE
B004430,T00840,V0403,4134015.38,2026-05-13T23:23:25,3,RESPONSIVE
B004431,T00840,V0241,4158383.0,2026-05-06T07:10:58,4,RESPONSIVE
B004432,T00840,V0512,4285937.49,2026-05-10T02:54:56,5,RESPONSIVE
B004433,T00840,V0308,4339172.24,2026-05-17T08:40:58,6,RESPONSIVE
B004434,T00840,V0029,4495597.36,2026-05-21T17:48:44,7,RESPONSIVE
B004435,T00841,V0336,7714287.49,2025-09-10T22:09:39,1,RESPONSIVE
B004436,T00841,V0098,7737700.03,2025-09-02T20:04:39,2,RESPONSIVE
B004437,T00841,V0298,7794411.49,2025-09-02T15:23:40,3,RESPONSIVE
B004438,T00841,V0215,7918529.73,2025-09-18T15:28:39,4,RESPONSIVE
B004439,T00841,V0213,7997772.55,2025-09-07T12:53:54,5,RESPONSIVE
B004440,T00841,V0365,8115957.88,2025-09-20T16:44:02,6,RESPONSIVE
B004441,T00841,V0047,8171718.01,2025-09-18T15:23:31,7,RESPONSIVE
B004442,T00841,V0417,8331969.95,2025-09-14T10:41:24,8,RESPONSIVE
B004443,T00842,V0224,62008118.28,2026-03-24T05:23:26,1,RESPONSIVE
B004444,T00842,V0289,66938709.23,2026-03-26T05:15:42,2,RESPONSIVE
B004445,T00842,V0157,67797433.28,2026-04-02T15:49:59,3,RESPONSIVE
B004446,T00842,V0300,72002718.72,2026-03-25T14:44:49,4,RESPONSIVE
B004447,T00842,V0114,72201870.42,2026-03-28T15:32:19,5,RESPONSIVE
B004448,T00843,V0126,6348658.27,2024-01-21T08:30:39,1,RESPONSIVE
B004449,T00843,V0458,6534266.0,2024-01-26T09:46:47,2,RESPONSIVE
B004450,T00843,V0472,6566811.91,2024-01-30T05:58:20,3,RESPONSIVE
B004451,T00843,V0185,6679352.27,2024-02-01T19:27:34,4,RESPONSIVE
B004452,T00843,V0247,6981611.18,2024-01-25T22:04:49,5,RESPONSIVE
B004453,T00844,V0126,32869740.14,2024-09-20T21:08:11,1,RESPONSIVE
B004454,T00844,V0313,36785775.92,2024-09-24T10:05:44,2,RESPONSIVE
B004455,T00844,V0019,36835768.62,2024-09-15T05:39:51,3,RESPONSIVE
B004456,T00845,V0217,10388947.0,2026-05-11T20:06:37,1,RESPONSIVE
B004457,T00845,V0263,10534787.14,2026-05-19T22:12:17,2,RESPONSIVE
B004458,T00845,V0294,11008587.97,2026-05-08T15:19:12,3,RESPONSIVE
B004459,T00846,V0492,3056941.92,2026-01-07T20:50:16,1,RESPONSIVE
B004460,T00846,V0228,3159143.85,2026-01-27T05:36:54,2,RESPONSIVE
B004461,T00846,V0263,3198506.74,2026-01-28T16:08:21,3,RESPONSIVE
B004462,T00846,V0404,3310431.67,2026-02-01T12:43:03,4,RESPONSIVE
B004463,T00846,V0032,3635124.82,2026-01-25T16:02:34,5,RESPONSIVE
B004464,T00847,V0122,5254361.21,2024-11-04T22:57:12,1,NON_RESPONSIVE
B004465,T00847,V0364,5352275.16,2024-11-01T21:36:58,2,RESPONSIVE
B004466,T00847,V0060,5641482.21,2024-11-03T15:27:28,3,RESPONSIVE
B004467,T00848,V0047,4671064.62,2026-03-27T11:50:23,1,RESPONSIVE
B004468,T00848,V0513,4767589.05,2026-03-07T17:39:56,2,RESPONSIVE
B004469,T00849,V0034,2312513.4,2026-03-28T19:11:39,1,RESPONSIVE
B004470,T00849,V0419,2368359.43,2026-04-07T20:59:38,2,RESPONSIVE
B004471,T00849,V0212,2440128.42,2026-04-02T16:21:58,3,RESPONSIVE
B004472,T00850,V0230,9842349.3,2024-04-05T19:45:32,1,RESPONSIVE
B004473,T00850,V0032,9855598.13,2024-04-22T13:00:02,2,RESPONSIVE
B004474,T00850,V0303,9888974.37,2024-04-29T12:30:55,3,RESPONSIVE
B004475,T00850,V0263,10098296.91,2024-04-14T18:57:11,4,RESPONSIVE
B004476,T00850,V0419,10387003.32,2024-04-16T04:36:04,5,RESPONSIVE
B004477,T00851,V0062,485647632.58,2026-05-29T04:09:33,1,RESPONSIVE
B004478,T00851,V0280,493362822.82,2026-05-02T08:30:31,2,RESPONSIVE
B004479,T00851,V0269,507684359.74,2026-05-30T14:22:41,3,RESPONSIVE
B004480,T00852,V0003,8685671.89,2025-05-20T17:56:24,1,RESPONSIVE
B004481,T00852,V0397,8983930.69,2025-06-10T16:15:28,2,RESPONSIVE
B004482,T00852,V0256,9026552.09,2025-05-27T00:42:01,3,RESPONSIVE
B004483,T00852,V0060,9139579.88,2025-06-06T00:17:53,4,RESPONSIVE
B004484,T00852,V0263,9239817.51,2025-06-05T04:17:44,5,RESPONSIVE
B004485,T00852,V0249,10055999.32,2025-06-08T06:18:17,6,RESPONSIVE
B004486,T00853,V0166,294339813.91,2024-02-03T10:33:13,1,RESPONSIVE
B004487,T00853,V0195,300340414.53,2024-02-17T21:20:50,2,RESPONSIVE
B004488,T00853,V0199,302398504.34,2024-01-27T10:42:56,3,RESPONSIVE
B004489,T00853,V0298,303281544.23,2024-02-19T03:14:57,4,RESPONSIVE
B004490,T00854,V0262,3495982.57,2025-05-27T03:09:33,1,RESPONSIVE
B004491,T00854,V0286,3502171.51,2025-05-08T08:06:33,2,RESPONSIVE
B004492,T00854,V0072,3524015.51,2025-05-14T01:08:26,3,RESPONSIVE
B004493,T00854,V0090,3550462.11,2025-05-08T13:21:59,4,RESPONSIVE
B004494,T00854,V0528,3650059.83,2025-05-21T04:17:09,5,RESPONSIVE
B004495,T00854,V0265,3741123.99,2025-05-15T00:12:50,6,RESPONSIVE
B004496,T00855,V0200,1316256.26,2024-10-03T22:09:48,1,NON_RESPONSIVE
B004497,T00855,V0439,1327333.16,2024-10-16T10:42:33,2,RESPONSIVE
B004498,T00855,V0486,1335440.15,2024-09-29T20:59:29,3,RESPONSIVE
B004499,T00855,V0343,1395287.79,2024-10-09T02:53:01,4,RESPONSIVE
B004500,T00855,V0148,1414329.73,2024-09-26T22:21:34,5,RESPONSIVE
B004501,T00856,V0417,15178576.07,2025-11-27T10:51:22,1,RESPONSIVE
B004502,T00856,V0023,15586199.81,2025-11-13T22:05:13,2,RESPONSIVE
B004503,T00856,V0396,16302164.77,2025-11-21T05:30:29,3,RESPONSIVE
B004504,T00856,V0433,17083553.21,2025-11-08T15:30:19,4,RESPONSIVE
B004505,T00857,V0100,26779866.49,2024-12-13T23:00:21,1,RESPONSIVE
B004506,T00857,V0437,26885734.86,2024-12-15T09:45:44,2,RESPONSIVE
B004507,T00857,V0182,27967705.13,2024-11-19T02:12:06,3,RESPONSIVE
B004508,T00857,V0531,29006982.29,2024-11-25T21:49:45,4,RESPONSIVE
B004509,T00857,V0496,29635719.57,2024-11-30T01:26:30,5,RESPONSIVE
B004510,T00857,V0359,29696740.28,2024-11-30T23:43:03,6,RESPONSIVE
B004511,T00858,V0327,2871624.05,2026-03-18T00:11:33,1,RESPONSIVE
B004512,T00858,V0016,2912723.2,2026-03-20T06:37:02,2,RESPONSIVE
B004513,T00858,V0211,2957380.06,2026-03-26T13:55:59,3,RESPONSIVE
B004514,T00858,V0301,2986901.22,2026-03-19T06:00:10,4,RESPONSIVE
B004515,T00858,V0151,3015243.08,2026-04-07T00:52:54,5,RESPONSIVE
B004516,T00858,V0132,3098410.2,2026-04-06T17:45:22,6,RESPONSIVE
B004517,T00858,V0066,3115438.55,2026-03-28T05:56:36,7,RESPONSIVE
B004518,T00858,V0388,3185825.96,2026-03-12T20:11:09,8,RESPONSIVE
B004519,T00859,V0421,10774411.55,2025-11-17T07:44:34,1,RESPONSIVE
B004520,T00859,V0340,12197253.56,2025-11-30T10:57:23,2,RESPONSIVE
B004521,T00859,V0172,12485123.74,2025-11-14T19:18:06,3,RESPONSIVE
B004522,T00860,V0083,48021932.64,2024-02-14T18:42:17,1,RESPONSIVE
B004523,T00860,V0343,48727257.64,2024-02-27T06:11:22,2,RESPONSIVE
B004524,T00860,V0202,50917380.01,2024-02-24T18:47:11,3,RESPONSIVE
B004525,T00860,V0331,51099220.28,2024-03-01T23:12:35,4,RESPONSIVE
B004526,T00860,V0265,51541652.98,2024-02-22T20:02:33,5,RESPONSIVE
B004527,T00860,V0439,51862794.52,2024-03-01T22:52:58,6,RESPONSIVE
B004528,T00860,V0529,52153584.95,2024-02-16T04:12:17,7,RESPONSIVE
B004529,T00860,V0469,53268116.34,2024-02-23T00:31:11,8,RESPONSIVE
B004530,T00860,V0471,53871428.02,2024-02-15T23:02:23,9,RESPONSIVE
B004531,T00861,V0276,42576199.96,2024-07-14T13:35:14,1,RESPONSIVE
B004532,T00861,V0309,46352612.19,2024-07-06T00:01:33,2,RESPONSIVE
B004533,T00861,V0361,46367342.73,2024-07-08T13:12:19,3,RESPONSIVE
B004534,T00861,V0504,47123838.84,2024-07-05T03:37:25,4,RESPONSIVE
B004535,T00861,V0274,47714932.76,2024-07-09T15:05:54,5,RESPONSIVE
B004536,T00861,V0166,48590009.99,2024-07-04T11:51:13,6,RESPONSIVE
B004537,T00862,V0092,4160417.92,2025-08-31T11:08:42,1,RESPONSIVE
B004538,T00862,V0014,4295058.71,2025-08-12T16:27:22,2,RESPONSIVE
B004539,T00863,V0501,8286554.06,2025-04-20T04:00:41,1,RESPONSIVE
B004540,T00863,V0079,9094046.93,2025-04-19T13:51:36,2,RESPONSIVE
B004541,T00863,V0047,9268797.19,2025-04-16T11:26:55,3,RESPONSIVE
B004542,T00864,V0286,16857971.1,2026-05-11T03:26:00,1,RESPONSIVE
B004543,T00864,V0528,17601480.06,2026-05-17T18:14:09,2,RESPONSIVE
B004544,T00865,V0146,98039505.13,2025-10-19T21:31:37,1,RESPONSIVE
B004545,T00865,V0266,100248933.19,2025-10-22T00:07:19,2,NON_RESPONSIVE
B004546,T00865,V0417,101457791.91,2025-10-14T00:28:11,3,RESPONSIVE
B004547,T00865,V0231,103949884.66,2025-10-21T18:47:46,4,NON_RESPONSIVE
B004548,T00865,V0140,106931430.0,2025-10-18T00:19:39,5,RESPONSIVE
B004549,T00865,V0184,108641528.17,2025-10-22T14:13:25,6,RESPONSIVE
B004550,T00865,V0010,108812041.58,2025-10-13T23:15:02,7,RESPONSIVE
B004551,T00865,V0086,109279170.1,2025-10-16T18:34:25,8,RESPONSIVE
B004552,T00865,V0334,110836704.36,2025-10-20T16:37:03,9,RESPONSIVE
B004553,T00866,V0366,48306405.37,2025-07-27T19:16:13,1,RESPONSIVE
B004554,T00866,V0019,51438461.29,2025-08-06T07:36:43,2,RESPONSIVE
B004555,T00866,V0088,53495638.01,2025-07-31T05:51:14,3,RESPONSIVE
B004556,T00866,V0525,53779949.18,2025-08-08T09:05:02,4,RESPONSIVE
B004557,T00866,V0438,55765296.73,2025-07-26T05:40:53,5,RESPONSIVE
B004558,T00866,V0368,56168011.29,2025-08-05T07:58:23,6,RESPONSIVE
B004559,T00867,V0259,7818425.26,2025-08-02T17:44:34,1,RESPONSIVE
B004560,T00867,V0199,8083773.47,2025-08-20T17:49:13,2,RESPONSIVE
B004561,T00867,V0502,8445323.81,2025-08-16T09:04:20,3,RESPONSIVE
B004562,T00867,V0485,8505610.45,2025-08-18T09:27:07,4,RESPONSIVE
B004563,T00867,V0513,8716242.7,2025-09-07T00:17:58,5,RESPONSIVE
B004564,T00867,V0241,8760115.36,2025-08-02T11:45:12,6,RESPONSIVE
B004565,T00867,V0308,8768339.67,2025-09-04T05:40:54,7,RESPONSIVE
B004566,T00868,V0295,1185860.66,2024-06-02T10:21:09,1,RESPONSIVE
B004567,T00868,V0026,1196907.33,2024-06-02T10:08:00,2,RESPONSIVE
B004568,T00868,V0041,1214889.46,2024-07-09T16:30:56,3,RESPONSIVE
B004569,T00868,V0144,1219762.93,2024-06-21T13:35:34,4,RESPONSIVE
B004570,T00868,V0020,1224294.73,2024-06-13T22:38:50,5,RESPONSIVE
B004571,T00868,V0355,1244838.17,2024-06-23T11:06:41,6,RESPONSIVE
B004572,T00868,V0277,1293112.58,2024-06-30T01:30:24,7,RESPONSIVE
B004573,T00868,V0460,1300907.22,2024-06-06T20:53:54,8,RESPONSIVE
B004574,T00869,V0180,22041997.95,2026-04-03T23:41:39,1,RESPONSIVE
B004575,T00869,V0422,22143398.77,2026-03-23T14:33:09,2,RESPONSIVE
B004576,T00869,V0239,22306208.27,2026-03-24T01:46:02,3,RESPONSIVE
B004577,T00870,V0236,4420841.55,2026-02-28T14:27:26,1,RESPONSIVE
B004578,T00870,V0441,4660813.08,2026-03-16T18:44:09,2,RESPONSIVE
B004579,T00870,V0245,4828863.45,2026-03-05T18:14:23,3,RESPONSIVE
B004580,T00870,V0145,4999982.75,2026-03-15T21:39:29,4,RESPONSIVE
B004581,T00870,V0397,5306915.33,2026-03-13T21:46:11,5,RESPONSIVE
B004582,T00871,V0007,2921296.77,2025-07-24T14:07:03,1,RESPONSIVE
B004583,T00871,V0309,2943010.15,2025-07-28T19:58:36,2,RESPONSIVE
B004584,T00871,V0281,3063412.62,2025-07-26T07:15:25,3,RESPONSIVE
B004585,T00871,V0301,3225492.85,2025-08-04T19:21:08,4,RESPONSIVE
B004586,T00872,V0270,17945520.88,2024-01-27T21:35:29,1,RESPONSIVE
B004587,T00872,V0362,19655348.25,2024-01-25T20:11:57,2,RESPONSIVE
B004588,T00873,V0347,5534977.6,2026-02-22T09:35:50,1,RESPONSIVE
B004589,T00873,V0046,5631304.73,2026-03-03T10:02:43,2,RESPONSIVE
B004590,T00873,V0107,6022002.92,2026-02-10T20:09:39,3,RESPONSIVE
B004591,T00873,V0201,6280614.84,2026-02-20T11:34:41,4,RESPONSIVE
B004592,T00873,V0461,6280966.92,2026-03-05T21:33:32,5,RESPONSIVE
B004593,T00873,V0242,6371048.79,2026-02-26T15:54:55,6,RESPONSIVE
B004594,T00873,V0123,6411155.06,2026-02-14T09:45:52,7,RESPONSIVE
B004595,T00873,V0504,6544962.37,2026-02-22T00:02:19,8,RESPONSIVE
B004596,T00874,V0525,140187582.59,2024-05-19T17:05:05,1,RESPONSIVE
B004597,T00874,V0435,141683487.84,2024-05-12T00:41:07,2,RESPONSIVE
B004598,T00874,V0114,147843755.06,2024-05-12T17:32:03,3,RESPONSIVE
B004599,T00874,V0320,150221337.87,2024-04-28T13:43:16,4,RESPONSIVE
B004600,T00874,V0445,151995509.03,2024-05-16T19:33:34,5,RESPONSIVE
B004601,T00874,V0480,152535051.86,2024-05-18T01:13:24,6,RESPONSIVE
B004602,T00874,V0125,156662420.46,2024-05-04T05:36:40,7,RESPONSIVE
B004603,T00874,V0476,157722752.5,2024-04-28T00:37:07,8,NON_RESPONSIVE
B004604,T00875,V0421,10374966.46,2026-07-20T22:22:37,1,RESPONSIVE
B004605,T00875,V0542,11259861.07,2026-07-17T14:40:08,2,RESPONSIVE
B004606,T00875,V0531,11472098.67,2026-07-12T10:09:44,3,RESPONSIVE
B004607,T00875,V0191,12062301.89,2026-07-20T21:33:48,4,RESPONSIVE
B004608,T00875,V0297,12102378.32,2026-07-13T16:21:55,5,RESPONSIVE
B004609,T00875,V0478,12126532.36,2026-07-09T06:44:22,6,RESPONSIVE
B004610,T00876,V0274,2137920.76,2025-11-23T22:30:52,1,RESPONSIVE
B004611,T00876,V0413,2164488.12,2025-11-06T16:39:34,2,RESPONSIVE
B004612,T00876,V0007,2236341.49,2025-11-20T17:30:30,3,RESPONSIVE
B004613,T00877,V0353,18682140.11,2025-01-26T22:59:18,1,RESPONSIVE
B004614,T00877,V0435,19273701.13,2025-01-01T07:45:56,2,RESPONSIVE
B004615,T00878,V0367,10694848.36,2025-02-08T10:25:42,1,RESPONSIVE
B004616,T00878,V0512,10882926.12,2025-02-16T04:26:20,2,RESPONSIVE
B004617,T00878,V0129,11086744.51,2025-02-04T21:00:04,3,RESPONSIVE
B004618,T00878,V0056,11399979.42,2025-02-12T13:25:47,4,RESPONSIVE
B004619,T00878,V0519,11747513.21,2025-02-04T17:37:18,5,RESPONSIVE
B004620,T00878,V0208,11930728.28,2025-02-16T15:24:20,6,RESPONSIVE
B004621,T00878,V0513,11964428.46,2025-02-20T22:30:01,7,RESPONSIVE
B004622,T00879,V0386,20270999.8,2024-12-01T04:24:29,1,RESPONSIVE
B004623,T00879,V0006,22043682.37,2024-12-05T02:06:00,2,RESPONSIVE
B004624,T00879,V0089,22336267.47,2024-12-04T08:16:45,3,RESPONSIVE
B004625,T00879,V0099,22834547.5,2024-11-25T10:15:55,4,RESPONSIVE
B004626,T00879,V0044,23093253.25,2024-12-03T10:09:24,5,RESPONSIVE
B004627,T00879,V0416,23323088.6,2024-11-24T22:11:02,6,RESPONSIVE
B004628,T00879,V0118,23477418.14,2024-11-29T18:02:34,7,RESPONSIVE
B004629,T00879,V0426,23520313.27,2024-11-29T16:45:41,8,RESPONSIVE
B004630,T00880,V0418,24655409.92,2026-07-20T09:52:47,1,RESPONSIVE
B004631,T00880,V0304,24737374.82,2026-07-13T18:05:06,2,NON_RESPONSIVE
B004632,T00880,V0289,24789343.11,2026-07-17T15:19:34,3,RESPONSIVE
B004633,T00880,V0271,25369357.97,2026-07-20T04:18:06,4,RESPONSIVE
B004634,T00880,V0359,25427777.65,2026-07-18T06:06:58,5,RESPONSIVE
B004635,T00880,V0044,26175485.89,2026-07-17T23:15:45,6,RESPONSIVE
B004636,T00881,V0182,5103777.35,2024-08-15T07:12:39,1,RESPONSIVE
B004637,T00881,V0404,5158696.14,2024-08-09T13:17:26,2,RESPONSIVE
B004638,T00881,V0212,5163429.66,2024-08-12T01:20:44,3,RESPONSIVE
B004639,T00881,V0304,5314711.77,2024-09-02T09:54:26,4,RESPONSIVE
B004640,T00881,V0455,5354134.09,2024-08-04T13:36:22,5,RESPONSIVE
B004641,T00881,V0472,5381049.78,2024-09-01T21:28:49,6,RESPONSIVE
B004642,T00881,V0377,5771024.77,2024-08-24T08:50:54,7,RESPONSIVE
B004643,T00882,V0212,24089496.26,2026-03-23T01:46:28,1,RESPONSIVE
B004644,T00882,V0256,24343454.97,2026-03-17T03:56:14,2,RESPONSIVE
B004645,T00882,V0294,25912178.59,2026-04-01T09:15:11,3,RESPONSIVE
B004646,T00883,V0203,1476807.46,2025-12-18T10:30:01,1,RESPONSIVE
B004647,T00883,V0278,1568981.69,2025-12-23T18:48:31,2,RESPONSIVE
B004648,T00883,V0254,1624527.77,2025-12-26T01:55:01,3,RESPONSIVE
B004649,T00884,V0298,2574359.41,2024-08-12T11:08:22,1,RESPONSIVE
B004650,T00884,V0177,2757221.11,2024-07-31T18:18:35,2,RESPONSIVE
B004651,T00884,V0451,2792452.21,2024-08-23T21:11:51,3,RESPONSIVE
B004652,T00885,V0199,8198048.2,2024-05-10T01:23:24,1,RESPONSIVE
B004653,T00885,V0186,9138547.44,2024-05-17T03:56:02,2,RESPONSIVE
B004654,T00885,V0038,9153338.29,2024-04-21T15:12:01,3,RESPONSIVE
B004655,T00885,V0523,9574191.86,2024-04-28T15:40:26,4,RESPONSIVE
B004656,T00886,V0249,10636062.48,2024-09-04T04:56:59,1,RESPONSIVE
B004657,T00886,V0028,10796503.41,2024-09-06T21:39:55,2,RESPONSIVE
B004658,T00886,V0391,10911116.1,2024-09-11T15:30:08,3,RESPONSIVE
B004659,T00886,V0317,11159233.44,2024-09-06T12:40:20,4,RESPONSIVE
B004660,T00886,V0255,11392995.59,2024-09-04T03:54:54,5,RESPONSIVE
B004661,T00887,V0359,111944756.85,2026-03-07T05:29:05,1,RESPONSIVE
B004662,T00887,V0320,115288686.28,2026-03-15T22:22:51,2,RESPONSIVE
B004663,T00887,V0332,116591668.77,2026-03-16T16:28:31,3,RESPONSIVE
B004664,T00888,V0501,6124767.24,2026-07-16T15:34:33,1,RESPONSIVE
B004665,T00888,V0079,6491798.69,2026-07-30T01:11:47,2,RESPONSIVE
B004666,T00888,V0213,6518956.07,2026-07-21T11:36:05,3,RESPONSIVE
B004667,T00888,V0258,6528854.22,2026-07-12T20:10:24,4,RESPONSIVE
B004668,T00888,V0215,6553363.18,2026-07-22T10:07:54,5,RESPONSIVE
B004669,T00888,V0177,6609652.81,2026-07-25T06:44:10,6,RESPONSIVE
B004670,T00888,V0513,6644665.89,2026-07-22T22:46:36,7,RESPONSIVE
B004671,T00888,V0179,6710821.17,2026-08-01T15:27:59,8,RESPONSIVE
B004672,T00888,V0178,6925404.58,2026-07-11T04:32:00,9,RESPONSIVE
B004673,T00888,V0047,6950648.41,2026-07-14T17:22:30,10,RESPONSIVE
B004674,T00888,V0174,7046398.45,2026-07-10T04:38:38,11,RESPONSIVE
B004675,T00889,V0086,8880566.63,2026-01-30T20:55:18,1,RESPONSIVE
B004676,T00889,V0459,9097788.5,2026-02-05T10:57:14,2,RESPONSIVE
B004677,T00889,V0549,9141973.53,2026-02-09T15:11:53,3,RESPONSIVE
B004678,T00889,V0277,9360632.74,2026-02-02T11:42:45,4,RESPONSIVE
B004679,T00889,V0539,9497799.54,2026-01-30T17:47:21,5,RESPONSIVE
B004680,T00890,V0525,18533823.0,2024-09-03T14:20:14,1,RESPONSIVE
B004681,T00890,V0021,18543475.27,2024-08-31T03:24:22,2,RESPONSIVE
B004682,T00890,V0506,18571839.55,2024-09-06T08:01:57,3,RESPONSIVE
B004683,T00890,V0125,18657307.19,2024-09-01T15:37:18,4,NON_RESPONSIVE
B004684,T00890,V0368,18709666.4,2024-09-03T01:20:50,5,RESPONSIVE
B004685,T00890,V0359,18766770.48,2024-09-04T20:37:53,6,RESPONSIVE
B004686,T00890,V0387,19063858.91,2024-09-07T03:05:37,7,RESPONSIVE
B004687,T00890,V0443,19231506.18,2024-09-01T06:12:17,8,RESPONSIVE
B004688,T00890,V0547,20149810.11,2024-08-29T07:38:48,9,RESPONSIVE
B004689,T00891,V0365,5392124.99,2026-07-19T04:44:16,1,RESPONSIVE
B004690,T00891,V0456,5547458.16,2026-08-05T10:49:25,2,RESPONSIVE
B004691,T00891,V0549,5638528.26,2026-07-17T23:11:03,3,RESPONSIVE
B004692,T00891,V0086,5652347.09,2026-07-19T21:10:33,4,RESPONSIVE
B004693,T00891,V0545,5654075.21,2026-08-05T20:27:34,5,RESPONSIVE
B004694,T00892,V0247,45010223.79,2026-02-05T00:02:33,1,NON_RESPONSIVE
B004695,T00892,V0346,45653352.28,2026-01-24T16:38:06,2,RESPONSIVE
B004696,T00892,V0537,46093376.89,2026-02-11T01:06:29,3,RESPONSIVE
B004697,T00892,V0218,47111535.91,2026-02-13T02:49:06,4,RESPONSIVE
B004698,T00893,V0026,1632261.32,2024-05-10T16:07:15,1,RESPONSIVE
B004699,T00893,V0407,1769284.69,2024-04-06T03:58:32,2,RESPONSIVE
B004700,T00893,V0144,1854361.84,2024-04-29T03:32:49,3,RESPONSIVE
B004701,T00894,V0025,4776721.79,2024-09-15T19:07:59,1,RESPONSIVE
B004702,T00894,V0144,4793752.11,2024-09-24T02:50:18,2,RESPONSIVE
B004703,T00894,V0460,4878104.49,2024-09-17T15:45:11,3,RESPONSIVE
B004704,T00894,V0175,4922181.37,2024-09-05T05:14:20,4,RESPONSIVE
B004705,T00894,V0152,5246311.66,2024-09-17T17:13:02,5,RESPONSIVE
B004706,T00895,V0144,4748890.2,2025-02-07T00:43:19,1,RESPONSIVE
B004707,T00895,V0465,4814501.37,2025-01-27T06:40:41,2,RESPONSIVE
B004708,T00895,V0454,4862246.31,2025-02-07T23:00:10,3,RESPONSIVE
B004709,T00895,V0258,5013360.14,2025-01-24T00:59:48,4,RESPONSIVE
B004710,T00895,V0403,5072225.62,2025-01-29T12:41:39,5,NON_RESPONSIVE
B004711,T00896,V0532,1090824.87,2026-01-05T06:22:09,1,RESPONSIVE
B004712,T00896,V0453,1119659.4,2025-12-18T11:48:46,2,RESPONSIVE
B004713,T00896,V0088,1178424.13,2025-12-25T21:31:54,3,RESPONSIVE
B004714,T00896,V0161,1179502.9,2026-01-05T19:36:34,4,RESPONSIVE
B004715,T00896,V0394,1183045.2,2025-12-29T19:55:26,5,RESPONSIVE
B004716,T00897,V0394,19163836.24,2025-05-23T05:08:22,1,RESPONSIVE
B004717,T00897,V0177,19469064.87,2025-05-17T04:53:13,2,RESPONSIVE
B004718,T00897,V0454,19836349.53,2025-05-24T04:12:30,3,RESPONSIVE
B004719,T00897,V0417,20546060.19,2025-05-07T12:00:42,4,RESPONSIVE
B004720,T00898,V0248,4483811.45,2025-04-07T21:43:45,1,RESPONSIVE
B004721,T00898,V0275,4639279.5,2025-04-07T15:12:55,2,RESPONSIVE
B004722,T00898,V0088,4704345.15,2025-04-07T03:55:12,3,NON_RESPONSIVE
B004723,T00898,V0247,4952115.06,2025-04-05T13:33:22,4,RESPONSIVE
B004724,T00899,V0535,3696808.58,2025-10-11T22:17:32,1,RESPONSIVE
B004725,T00899,V0141,3814851.42,2025-10-19T18:58:00,2,RESPONSIVE
B004726,T00900,V0169,13986582.34,2025-02-16T22:06:32,1,RESPONSIVE
B004727,T00900,V0003,14570708.03,2025-02-06T14:48:04,2,RESPONSIVE
B004728,T00900,V0453,14663077.49,2025-03-11T23:52:06,3,RESPONSIVE
B004729,T00900,V0115,15147841.05,2025-03-13T16:22:23,4,RESPONSIVE
B004730,T00900,V0488,15166735.16,2025-02-17T16:35:17,5,RESPONSIVE
B004731,T00900,V0441,15175081.83,2025-02-25T14:20:55,6,RESPONSIVE
B004732,T00900,V0161,15393701.35,2025-02-10T04:57:35,7,RESPONSIVE
B004733,T00900,V0005,16515460.92,2025-02-09T11:07:24,8,RESPONSIVE
B004734,T00901,V0204,13300641.36,2024-05-01T17:39:33,1,NON_RESPONSIVE
B004735,T00901,V0141,13781230.74,2024-04-25T19:43:20,2,RESPONSIVE
B004736,T00901,V0498,13833401.17,2024-04-27T10:30:07,3,RESPONSIVE
B004737,T00901,V0200,14438405.54,2024-04-30T16:39:00,4,RESPONSIVE
B004738,T00901,V0033,14686175.83,2024-04-21T18:36:21,5,RESPONSIVE
B004739,T00901,V0448,14793607.37,2024-05-03T12:06:03,6,RESPONSIVE
B004740,T00901,V0262,15040074.36,2024-05-03T15:26:21,7,RESPONSIVE
B004741,T00901,V0329,15097308.0,2024-05-05T06:27:43,8,RESPONSIVE
B004742,T00901,V0286,15529662.18,2024-04-29T15:41:38,9,RESPONSIVE
B004743,T00902,V0223,6514234.4,2024-06-08T11:30:49,1,RESPONSIVE
B004744,T00902,V0184,6856903.64,2024-05-25T18:20:59,2,RESPONSIVE
B004745,T00902,V0355,6931636.48,2024-05-29T16:44:11,3,RESPONSIVE
B004746,T00902,V0144,6978531.05,2024-06-05T16:18:26,4,RESPONSIVE
B004747,T00902,V0050,7234557.06,2024-05-28T12:54:38,5,RESPONSIVE
B004748,T00903,V0427,6850049.59,2026-07-06T14:16:00,1,RESPONSIVE
B004749,T00903,V0095,6938434.56,2026-07-03T02:38:17,2,RESPONSIVE
B004750,T00903,V0385,7243209.58,2026-07-06T05:22:25,3,RESPONSIVE
B004751,T00903,V0376,7297887.0,2026-07-08T16:56:57,4,RESPONSIVE
B004752,T00904,V0035,13459442.78,2026-08-31T00:45:57,1,RESPONSIVE
B004753,T00904,V0293,14486026.51,2026-08-31T00:33:08,2,RESPONSIVE
B004754,T00904,V0396,14711102.2,2026-08-31T00:14:09,3,RESPONSIVE
B004755,T00904,V0365,14930632.4,2026-08-31T00:16:33,4,RESPONSIVE
B004756,T00904,V0171,14971181.28,2026-08-31T00:58:34,5,RESPONSIVE
B004757,T00904,V0266,15261368.11,2026-08-31T00:55:49,6,RESPONSIVE
B004758,T00905,V0054,7909661.51,2024-09-26T04:37:42,1,RESPONSIVE
B004759,T00905,V0081,8081527.66,2024-10-06T01:42:06,2,NON_RESPONSIVE
B004760,T00905,V0470,8083557.17,2024-09-08T15:38:22,3,RESPONSIVE
B004761,T00905,V0095,8203957.96,2024-09-21T02:33:40,4,RESPONSIVE
B004762,T00906,V0066,571090.32,2024-02-17T15:53:54,1,RESPONSIVE
B004763,T00906,V0242,603764.96,2024-02-28T01:54:43,2,RESPONSIVE
B004764,T00907,V0094,12029873.24,2025-08-06T07:41:25,1,NON_RESPONSIVE
B004765,T00907,V0099,12658104.66,2025-08-15T13:34:36,2,RESPONSIVE
B004766,T00908,V0127,3308459.2,2026-02-11T02:16:58,1,RESPONSIVE
B004767,T00908,V0504,3319480.37,2026-01-30T23:39:32,2,RESPONSIVE
B004768,T00908,V0278,3398096.47,2026-01-29T03:50:38,3,RESPONSIVE
B004769,T00909,V0327,1475969.64,2025-12-21T23:53:18,1,RESPONSIVE
B004770,T00909,V0244,1524117.47,2026-01-05T14:20:18,2,RESPONSIVE
B004771,T00910,V0142,4702614.19,2026-04-02T07:20:09,1,RESPONSIVE
B004772,T00910,V0303,4756404.87,2026-04-07T15:57:36,2,RESPONSIVE
B004773,T00910,V0160,4776610.65,2026-04-08T06:52:00,3,RESPONSIVE
B004774,T00911,V0397,3084934.09,2025-10-26T23:49:46,1,RESPONSIVE
B004775,T00911,V0533,3086346.0,2025-11-07T19:27:20,2,RESPONSIVE
B004776,T00911,V0488,3118473.59,2025-11-08T05:40:58,3,RESPONSIVE
B004777,T00911,V0453,3203128.74,2025-10-20T19:02:03,4,RESPONSIVE
B004778,T00911,V0228,3244448.84,2025-10-29T22:20:03,5,RESPONSIVE
B004779,T00911,V0003,3356131.49,2025-11-06T21:10:24,6,RESPONSIVE
B004780,T00911,V0472,3370752.54,2025-10-18T10:13:34,7,RESPONSIVE
B004781,T00911,V0425,3376818.04,2025-10-24T02:10:13,8,RESPONSIVE
B004782,T00911,V0169,3462595.52,2025-10-25T05:31:14,9,RESPONSIVE
B004783,T00912,V0017,19439728.74,2024-02-06T17:34:43,1,RESPONSIVE
B004784,T00912,V0057,20238233.71,2024-01-31T13:43:11,2,RESPONSIVE
B004785,T00912,V0069,20395494.23,2024-02-13T08:11:36,3,RESPONSIVE
B004786,T00912,V0157,20792312.33,2024-02-16T17:21:31,4,RESPONSIVE
B004787,T00912,V0300,20967832.54,2024-02-17T03:10:05,5,RESPONSIVE
B004788,T00912,V0385,21061645.13,2024-02-02T18:01:22,6,RESPONSIVE
B004789,T00913,V0263,12788040.88,2025-06-14T12:09:23,1,RESPONSIVE
B004790,T00913,V0375,13173475.13,2025-06-21T20:44:06,2,RESPONSIVE
B004791,T00913,V0236,13317293.61,2025-06-22T09:48:12,3,RESPONSIVE
B004792,T00913,V0275,13429699.38,2025-06-15T05:57:14,4,RESPONSIVE
B004793,T00913,V0402,13680006.4,2025-06-21T18:52:52,5,RESPONSIVE
B004794,T00913,V0217,14149863.59,2025-06-22T05:40:02,6,RESPONSIVE
B004795,T00914,V0093,2239958.85,2025-02-14T16:16:30,1,RESPONSIVE
B004796,T00914,V0219,2410896.04,2025-02-11T16:32:19,2,RESPONSIVE
B004797,T00914,V0127,2444147.03,2025-02-04T04:59:09,3,RESPONSIVE
B004798,T00914,V0066,2492696.72,2025-02-08T01:53:52,4,RESPONSIVE
B004799,T00914,V0379,2554165.87,2025-02-14T19:28:50,5,RESPONSIVE
B004800,T00914,V0364,2556556.52,2025-02-13T20:27:47,6,RESPONSIVE
B004801,T00914,V0122,2643718.66,2025-02-05T06:39:36,7,RESPONSIVE
B004802,T00914,V0244,2753757.27,2025-02-05T15:44:55,8,RESPONSIVE
B004803,T00915,V0452,15395709.92,2024-03-01T17:26:56,1,RESPONSIVE
B004804,T00915,V0350,16040285.96,2024-03-13T05:27:48,2,RESPONSIVE
B004805,T00915,V0498,16622106.77,2024-03-07T15:43:53,3,RESPONSIVE
B004806,T00915,V0041,18152955.35,2024-03-12T04:29:56,4,RESPONSIVE
B004807,T00916,V0127,2720184.41,2026-07-17T20:29:14,1,RESPONSIVE
B004808,T00916,V0002,2868463.76,2026-06-30T17:00:00,2,RESPONSIVE
B004809,T00916,V0123,2930803.53,2026-06-27T19:55:50,3,RESPONSIVE
B004810,T00916,V0309,3004735.07,2026-07-15T00:50:36,4,RESPONSIVE
B004811,T00917,V0051,8511422.89,2026-01-31T10:01:01,1,RESPONSIVE
B004812,T00917,V0253,8758247.59,2026-01-26T23:08:38,2,RESPONSIVE
B004813,T00917,V0419,9066951.82,2026-01-18T13:36:18,3,RESPONSIVE
B004814,T00917,V0360,9148443.2,2026-01-20T03:17:36,4,RESPONSIVE
B004815,T00917,V0263,9214405.7,2026-01-28T15:11:24,5,RESPONSIVE
B004816,T00918,V0201,1973204.8,2025-12-08T10:36:59,1,RESPONSIVE
B004817,T00918,V0436,2017996.92,2025-12-21T07:06:10,2,RESPONSIVE
B004818,T00918,V0361,2052179.9,2025-12-10T06:43:56,3,RESPONSIVE
B004819,T00918,V0248,2092200.76,2025-12-05T19:46:57,4,RESPONSIVE
B004820,T00918,V0188,2163858.11,2025-12-21T16:28:15,5,RESPONSIVE
B004821,T00919,V0248,4932257.42,2025-03-08T04:51:07,1,RESPONSIVE
B004822,T00919,V0335,4945389.3,2025-03-13T12:37:24,2,RESPONSIVE
B004823,T00919,V0340,5104913.05,2025-03-08T01:19:09,3,RESPONSIVE
B004824,T00919,V0303,5117765.71,2025-03-14T14:11:53,4,RESPONSIVE
B004825,T00919,V0515,5316887.2,2025-03-05T10:36:32,5,RESPONSIVE
B004826,T00920,V0248,19026854.35,2025-05-16T11:58:16,1,RESPONSIVE
B004827,T00920,V0424,19613054.93,2025-05-15T20:34:23,2,RESPONSIVE
B004828,T00920,V0404,20845821.21,2025-05-29T13:35:30,3,RESPONSIVE
B004829,T00920,V0080,21503575.15,2025-05-15T04:09:59,4,RESPONSIVE
B004830,T00921,V0241,1781850.84,2024-11-06T18:48:14,1,RESPONSIVE
B004831,T00921,V0215,1802858.78,2024-11-06T02:36:59,2,RESPONSIVE
B004832,T00921,V0298,1876917.58,2024-10-31T12:51:23,3,RESPONSIVE
B004833,T00921,V0013,1890580.9,2024-11-04T13:03:31,4,RESPONSIVE
B004834,T00921,V0034,1939937.04,2024-11-01T04:54:54,5,RESPONSIVE
B004835,T00922,V0338,7408344.74,2025-05-21T22:02:20,1,RESPONSIVE
B004836,T00922,V0213,7415658.06,2025-05-24T19:26:02,2,RESPONSIVE
B004837,T00922,V0079,7643794.5,2025-05-12T03:52:16,3,RESPONSIVE
B004838,T00923,V0460,841675.57,2024-12-12T04:09:45,1,RESPONSIVE
B004839,T00923,V0025,857383.09,2024-12-20T20:46:16,2,RESPONSIVE
B004840,T00924,V0039,64192052.78,2024-10-11T18:05:20,1,RESPONSIVE
B004841,T00924,V0379,71306212.0,2024-10-16T03:51:23,2,RESPONSIVE
B004842,T00924,V0248,71616313.11,2024-10-05T23:48:01,3,RESPONSIVE
B004843,T00924,V0186,73441343.38,2024-10-05T01:12:25,4,RESPONSIVE
B004844,T00924,V0242,75220387.3,2024-10-08T09:37:09,5,RESPONSIVE
B004845,T00924,V0060,75737495.6,2024-10-16T07:00:49,6,RESPONSIVE
B004846,T00924,V0316,75752459.25,2024-10-07T08:28:20,7,NON_RESPONSIVE
B004847,T00925,V0308,30128841.34,2026-01-09T14:51:10,1,RESPONSIVE
B004848,T00925,V0146,31345592.7,2026-01-12T19:55:59,2,RESPONSIVE
B004849,T00925,V0026,31348946.58,2026-01-10T10:20:07,3,RESPONSIVE
B004850,T00926,V0104,8622160.99,2025-08-05T20:49:57,1,RESPONSIVE
B004851,T00926,V0229,8692186.42,2025-08-28T22:32:55,2,RESPONSIVE
B004852,T00926,V0265,8834601.81,2025-08-12T13:10:45,3,RESPONSIVE
B004853,T00926,V0307,9056395.09,2025-08-04T19:35:50,4,RESPONSIVE
B004854,T00926,V0077,9118079.01,2025-08-03T02:32:37,5,NON_RESPONSIVE
B004855,T00926,V0350,9283074.81,2025-08-01T04:17:28,6,RESPONSIVE
B004856,T00926,V0490,9458101.07,2025-08-16T02:20:30,7,NON_RESPONSIVE
B004857,T00926,V0475,9675353.05,2025-07-29T01:02:42,8,RESPONSIVE
B004858,T00926,V0234,9807618.18,2025-08-12T01:19:17,9,RESPONSIVE
B004859,T00927,V0184,4333460.66,2026-07-09T12:40:28,1,RESPONSIVE
B004860,T00927,V0025,4357056.42,2026-07-03T23:44:08,2,RESPONSIVE
B004861,T00927,V0307,4410210.38,2026-07-03T03:39:42,3,RESPONSIVE
B004862,T00927,V0144,4421498.66,2026-07-05T18:31:20,4,RESPONSIVE
B004863,T00927,V0113,4513635.11,2026-06-25T13:39:22,5,RESPONSIVE
B004864,T00927,V0481,4540234.13,2026-07-17T12:17:59,6,RESPONSIVE
B004865,T00928,V0393,5757477.31,2024-03-11T13:37:00,1,RESPONSIVE
B004866,T00928,V0157,5903490.25,2024-03-25T22:02:12,2,RESPONSIVE
B004867,T00928,V0547,5933945.7,2024-02-29T05:19:27,3,RESPONSIVE
B004868,T00928,V0372,5975884.77,2024-03-09T13:56:11,4,RESPONSIVE
B004869,T00928,V0443,6215462.69,2024-03-10T14:39:05,5,RESPONSIVE
B004870,T00928,V0045,6239019.61,2024-03-26T12:14:42,6,RESPONSIVE
B004871,T00928,V0130,6273292.73,2024-03-13T18:06:36,7,RESPONSIVE
B004872,T00929,V0307,5275593.94,2025-05-28T09:13:26,1,RESPONSIVE
B004873,T00929,V0144,5480083.56,2025-06-07T21:58:54,2,RESPONSIVE
B004874,T00929,V0277,5509675.68,2025-05-27T12:31:54,3,RESPONSIVE
B004875,T00929,V0407,5561991.24,2025-06-05T03:46:22,4,RESPONSIVE
B004876,T00929,V0020,5566330.62,2025-06-14T14:27:33,5,RESPONSIVE
B004877,T00929,V0481,5643528.1,2025-05-31T22:09:52,6,RESPONSIVE
B004878,T00929,V0119,5677620.51,2025-06-13T11:11:39,7,RESPONSIVE
B004879,T00929,V0184,5749783.94,2025-06-08T21:06:11,8,RESPONSIVE
B004880,T00929,V0223,5865017.06,2025-06-08T17:22:21,9,RESPONSIVE
B004881,T00929,V0355,5945595.74,2025-06-10T02:48:42,10,RESPONSIVE
B004882,T00930,V0258,7173312.15,2025-07-24T23:54:26,1,RESPONSIVE
B004883,T00930,V0502,7188320.84,2025-07-05T18:21:29,2,RESPONSIVE
B004884,T00930,V0308,7211458.63,2025-07-03T08:12:13,3,RESPONSIVE
B004885,T00930,V0177,7256173.65,2025-07-15T06:23:40,4,RESPONSIVE
B004886,T00930,V0383,7478435.63,2025-07-11T04:07:55,5,RESPONSIVE
B004887,T00931,V0480,56552912.14,2025-10-15T15:37:09,1,RESPONSIVE
B004888,T00931,V0386,58763284.32,2025-10-23T00:32:24,2,RESPONSIVE
B004889,T00931,V0320,60720520.4,2025-10-13T15:23:57,3,RESPONSIVE
B004890,T00932,V0538,11876177.37,2025-01-14T22:44:16,1,RESPONSIVE
B004891,T00932,V0463,12425500.24,2025-01-02T11:32:51,2,RESPONSIVE
B004892,T00932,V0077,12532671.03,2025-01-04T11:14:36,3,RESPONSIVE
B004893,T00932,V0341,12556892.38,2025-01-11T08:54:51,4,RESPONSIVE
B004894,T00932,V0431,12918767.24,2025-01-05T13:36:48,5,RESPONSIVE
B004895,T00933,V0071,1194651.34,2024-11-09T03:24:21,1,RESPONSIVE
B004896,T00933,V0537,1231872.02,2024-10-20T23:57:14,2,RESPONSIVE
B004897,T00933,V0404,1244176.43,2024-10-26T23:41:23,3,NON_RESPONSIVE
B004898,T00933,V0532,1252801.92,2024-10-25T10:16:31,4,RESPONSIVE
B004899,T00933,V0256,1332221.43,2024-11-30T01:17:28,5,RESPONSIVE
B004900,T00934,V0360,5833446.36,2024-07-23T19:29:54,1,RESPONSIVE
B004901,T00934,V0169,6051973.38,2024-07-20T14:56:38,2,RESPONSIVE
B004902,T00935,V0504,985607.57,2024-09-09T22:30:26,1,RESPONSIVE
B004903,T00935,V0292,1076801.9,2024-09-09T21:53:40,2,RESPONSIVE
B004904,T00935,V0092,1079493.21,2024-09-26T10:23:20,3,RESPONSIVE
B004905,T00935,V0388,1081307.06,2024-10-07T12:21:58,4,RESPONSIVE
B004906,T00935,V0132,1091315.45,2024-09-12T17:49:18,5,RESPONSIVE
B004907,T00935,V0523,1122954.27,2024-09-24T18:12:45,6,RESPONSIVE
B004908,T00935,V0280,1135617.33,2024-09-06T16:11:40,7,RESPONSIVE
B004909,T00935,V0242,1140004.67,2024-10-06T21:28:21,8,RESPONSIVE
B004910,T00936,V0140,7190414.34,2026-07-29T10:35:05,1,RESPONSIVE
B004911,T00936,V0171,7448166.62,2026-07-28T18:08:32,2,RESPONSIVE
B004912,T00936,V0456,7472816.17,2026-08-01T10:05:20,3,RESPONSIVE
B004913,T00936,V0314,7698782.7,2026-07-28T05:06:23,4,RESPONSIVE
B004914,T00936,V0086,7778465.11,2026-08-02T18:36:47,5,RESPONSIVE
B004915,T00936,V0258,8097351.84,2026-08-01T07:56:00,6,RESPONSIVE
B004916,T00936,V0010,8407133.28,2026-08-14T05:48:50,7,RESPONSIVE
B004917,T00937,V0437,3898318.68,2025-10-08T13:47:18,1,RESPONSIVE
B004918,T00937,V0359,4107518.73,2025-10-05T01:44:14,2,RESPONSIVE
B004919,T00938,V0526,38520526.41,2025-11-24T00:06:17,1,RESPONSIVE
B004920,T00938,V0464,39311928.95,2025-12-10T10:14:06,2,RESPONSIVE
B004921,T00939,V0277,2484700.64,2024-08-11T01:40:15,1,RESPONSIVE
B004922,T00939,V0113,2697605.77,2024-08-04T08:07:31,2,RESPONSIVE
B004923,T00939,V0050,2733259.71,2024-08-20T07:06:50,3,RESPONSIVE
B004924,T00939,V0025,2745519.51,2024-08-14T18:14:13,4,RESPONSIVE
B004925,T00939,V0041,2758543.31,2024-08-15T03:00:02,5,RESPONSIVE
B004926,T00939,V0020,2768445.86,2024-08-20T21:47:25,6,RESPONSIVE
B004927,T00939,V0144,2776046.14,2024-08-03T20:39:28,7,RESPONSIVE
B004928,T00939,V0407,2795314.04,2024-08-04T09:24:11,8,RESPONSIVE
B004929,T00939,V0481,2840234.86,2024-08-28T18:59:31,9,RESPONSIVE
B004930,T00939,V0307,2853743.42,2024-08-19T15:22:39,10,RESPONSIVE
B004931,T00939,V0072,2871846.74,2024-08-29T17:03:41,11,RESPONSIVE
B004932,T00939,V0355,3020318.5,2024-08-07T16:48:22,12,RESPONSIVE
B004933,T00940,V0242,90709620.03,2026-02-22T01:36:21,1,RESPONSIVE
B004934,T00940,V0138,90872452.86,2026-02-28T10:19:56,2,RESPONSIVE
B004935,T00940,V0016,91551147.28,2026-02-27T01:18:38,3,RESPONSIVE
B004936,T00940,V0414,91915864.08,2026-03-20T07:27:28,4,RESPONSIVE
B004937,T00940,V0274,92272434.2,2026-02-26T09:36:00,5,RESPONSIVE
B004938,T00940,V0004,92455851.98,2026-02-17T02:39:49,6,RESPONSIVE
B004939,T00940,V0269,102510145.84,2026-02-22T17:22:57,7,RESPONSIVE
B004940,T00941,V0547,74093681.79,2024-01-12T01:20:34,1,RESPONSIVE
B004941,T00941,V0421,74496772.35,2024-01-08T02:18:41,2,RESPONSIVE
B004942,T00941,V0028,77278643.68,2024-01-28T21:56:58,3,RESPONSIVE
B004943,T00941,V0366,77614509.75,2024-01-27T07:34:46,4,RESPONSIVE
B004944,T00941,V0120,80045106.49,2024-01-16T20:39:52,5,RESPONSIVE
B004945,T00942,V0371,7116864.5,2025-10-10T23:49:50,1,RESPONSIVE
B004946,T00942,V0081,7169441.97,2025-10-16T20:21:45,2,RESPONSIVE
B004947,T00942,V0506,7649105.63,2025-10-05T13:36:42,3,RESPONSIVE
B004948,T00942,V0550,7832093.02,2025-10-20T06:32:46,4,RESPONSIVE
B004949,T00942,V0437,7977809.16,2025-09-30T17:04:44,5,RESPONSIVE
B004950,T00942,V0220,7985413.6,2025-10-20T17:38:02,6,RESPONSIVE
B004951,T00942,V0359,8026987.81,2025-10-21T11:18:19,7,RESPONSIVE
B004952,T00943,V0072,5103566.57,2025-02-07T13:21:27,1,RESPONSIVE
B004953,T00943,V0295,5129241.58,2025-01-14T23:16:34,2,RESPONSIVE
B004954,T00943,V0026,5150887.71,2025-02-12T05:39:53,3,RESPONSIVE
B004955,T00943,V0050,5197551.92,2025-02-03T18:56:37,4,RESPONSIVE
B004956,T00943,V0460,5244147.05,2025-02-06T07:46:52,5,RESPONSIVE
B004957,T00943,V0223,5336251.34,2025-02-11T19:35:44,6,RESPONSIVE
B004958,T00943,V0355,5463226.61,2025-02-10T21:54:51,7,RESPONSIVE
B004959,T00944,V0066,6973746.53,2025-04-01T20:50:17,1,RESPONSIVE
B004960,T00944,V0015,6992350.85,2025-03-29T15:36:07,2,RESPONSIVE
B004961,T00944,V0219,7099517.97,2025-03-26T21:54:15,3,RESPONSIVE
B004962,T00944,V0127,7101706.37,2025-04-04T07:52:30,4,RESPONSIVE
B004963,T00944,V0319,7341306.72,2025-03-29T09:40:04,5,RESPONSIVE
B004964,T00944,V0242,7588640.34,2025-03-29T07:34:35,6,RESPONSIVE
B004965,T00944,V0082,7797755.56,2025-03-29T05:33:55,7,RESPONSIVE
B004966,T00944,V0370,7876926.39,2025-04-04T14:36:16,8,RESPONSIVE
B004967,T00944,V0203,8014972.29,2025-03-27T17:36:43,9,RESPONSIVE
B004968,T00944,V0211,8086969.84,2025-04-01T00:45:43,10,RESPONSIVE
B004969,T00944,V0151,8263216.09,2025-03-28T08:41:36,11,RESPONSIVE
B004970,T00945,V0385,19192432.52,2025-05-21T20:54:50,1,RESPONSIVE
B004971,T00945,V0247,19509805.61,2025-05-21T18:31:16,2,RESPONSIVE
B004972,T00945,V0028,21077004.26,2025-05-12T16:10:00,3,NON_RESPONSIVE
B004973,T00946,V0281,689470.73,2025-09-19T19:21:20,1,RESPONSIVE
B004974,T00946,V0242,731305.23,2025-10-03T10:20:07,2,RESPONSIVE
B004975,T00946,V0276,762124.47,2025-10-01T03:03:02,3,RESPONSIVE
B004976,T00946,V0002,813261.69,2025-10-02T14:55:37,4,RESPONSIVE
B004977,T00947,V0337,12636860.89,2024-01-28T12:36:47,1,RESPONSIVE
B004978,T00947,V0294,13219005.01,2024-02-08T09:24:06,2,RESPONSIVE
B004979,T00947,V0275,13537181.02,2024-01-31T20:23:34,3,RESPONSIVE
B004980,T00947,V0419,14056024.11,2024-02-11T18:28:37,4,RESPONSIVE
B004981,T00947,V0375,14360532.68,2024-01-30T05:39:04,5,RESPONSIVE
B004982,T00947,V0142,14526626.18,2024-02-04T17:54:58,6,RESPONSIVE
B004983,T00948,V0403,19263856.02,2026-07-08T19:28:38,1,RESPONSIVE
B004984,T00948,V0514,19672288.63,2026-06-20T16:59:38,2,RESPONSIVE
B004985,T00948,V0086,19797599.78,2026-07-08T04:38:12,3,RESPONSIVE
B004986,T00949,V0377,8924728.82,2026-08-28T22:46:27,1,RESPONSIVE
B004987,T00949,V0464,8991005.54,2026-08-30T03:47:25,2,RESPONSIVE
B004988,T00949,V0064,9160265.08,2026-08-27T18:08:30,3,RESPONSIVE
B004989,T00949,V0218,9233794.62,2026-08-30T07:37:50,4,RESPONSIVE
B004990,T00949,V0419,9252533.11,2026-08-30T09:51:05,5,RESPONSIVE
B004991,T00949,V0150,9537239.51,2026-08-30T12:41:06,6,RESPONSIVE
B004992,T00949,V0158,9723202.51,2026-08-28T14:37:10,7,RESPONSIVE
B004993,T00949,V0390,9777039.27,2026-08-28T04:44:42,8,RESPONSIVE
B004994,T00949,V0404,9880905.23,2026-08-27T08:15:07,9,RESPONSIVE
B004995,T00950,V0302,12468386.79,2025-04-15T12:14:47,1,RESPONSIVE
B004996,T00950,V0040,12591850.63,2025-03-25T13:15:56,2,RESPONSIVE
B004997,T00951,V0153,4386649.58,2025-07-09T08:55:17,1,RESPONSIVE
B004998,T00951,V0544,4455290.98,2025-06-18T02:59:16,2,RESPONSIVE
B004999,T00951,V0478,4479055.03,2025-07-14T01:40:36,3,RESPONSIVE
B005000,T00951,V0271,4540694.73,2025-06-21T16:23:34,4,RESPONSIVE
B005001,T00951,V0247,4619992.6,2025-07-06T22:57:07,5,RESPONSIVE
B005002,T00951,V0251,4624477.25,2025-06-21T10:37:28,6,RESPONSIVE
B005003,T00951,V0489,4727788.07,2025-06-21T19:59:24,7,RESPONSIVE
B005004,T00951,V0100,4747601.11,2025-07-13T16:29:12,8,RESPONSIVE
B005005,T00951,V0218,4751988.42,2025-06-14T05:31:17,9,RESPONSIVE
B005006,T00952,V0322,2033408.18,2026-03-18T04:30:23,1,RESPONSIVE
B005007,T00952,V0122,2088332.13,2026-03-11T15:56:54,2,RESPONSIVE
B005008,T00952,V0319,2145088.22,2026-03-15T15:46:50,3,RESPONSIVE
B005009,T00952,V0292,2329031.47,2026-03-15T10:15:15,4,RESPONSIVE
B005010,T00952,V0523,2334591.46,2026-03-23T20:25:10,5,RESPONSIVE
B005011,T00953,V0496,9653871.07,2024-11-06T04:04:26,1,RESPONSIVE
B005012,T00953,V0100,9879744.82,2024-10-25T11:35:57,2,RESPONSIVE
B005013,T00953,V0289,10420460.83,2024-10-29T22:51:32,3,RESPONSIVE
B005014,T00953,V0054,10477134.31,2024-10-28T15:03:53,4,RESPONSIVE
B005015,T00953,V0120,10487320.55,2024-11-18T20:23:34,5,RESPONSIVE
B005016,T00953,V0368,10506817.69,2024-10-25T16:12:32,6,RESPONSIVE
B005017,T00953,V0313,10599322.99,2024-11-18T14:14:48,7,RESPONSIVE
B005018,T00953,V0547,10770482.36,2024-10-16T22:20:50,8,RESPONSIVE
B005019,T00953,V0516,10904850.25,2024-11-16T17:04:27,9,RESPONSIVE
B005020,T00954,V0386,4700303.25,2024-12-26T04:06:06,1,RESPONSIVE
B005021,T00954,V0099,4921357.19,2024-12-17T23:45:59,2,RESPONSIVE
B005022,T00954,V0353,4988581.45,2024-12-24T06:17:32,3,RESPONSIVE
B005023,T00954,V0120,5097474.68,2024-12-06T03:54:41,4,RESPONSIVE
B005024,T00954,V0506,5121934.14,2025-01-01T14:44:28,5,RESPONSIVE
B005025,T00954,V0511,5221115.06,2024-12-27T15:51:27,6,RESPONSIVE
B005026,T00954,V0356,5291626.9,2024-12-04T19:29:39,7,RESPONSIVE
B005027,T00954,V0359,5435362.85,2024-12-07T14:12:32,8,RESPONSIVE
B005028,T00955,V0383,19415877.53,2026-08-20T21:29:46,1,RESPONSIVE
B005029,T00955,V0417,19520238.82,2026-08-16T20:22:19,2,NON_RESPONSIVE
B005030,T00955,V0162,19666962.47,2026-08-30T05:04:22,3,RESPONSIVE
B005031,T00955,V0336,20155654.66,2026-08-11T23:11:59,4,RESPONSIVE
B005032,T00955,V0454,20259986.31,2026-08-29T15:34:48,5,RESPONSIVE
B005033,T00955,V0040,20707581.75,2026-08-28T20:12:35,6,RESPONSIVE
B005034,T00956,V0452,31967624.13,2026-01-21T02:30:28,1,RESPONSIVE
B005035,T00956,V0538,32502692.61,2026-01-25T18:02:57,2,RESPONSIVE
B005036,T00956,V0202,33235300.29,2026-02-09T13:54:34,3,RESPONSIVE
B005037,T00956,V0240,33936528.03,2026-01-21T15:22:15,4,RESPONSIVE
B005038,T00957,V0032,30146628.23,2026-08-26T16:48:56,1,RESPONSIVE
B005039,T00957,V0458,32015427.45,2026-08-26T14:12:24,2,NON_RESPONSIVE
B005040,T00957,V0492,32275753.27,2026-08-14T01:51:49,3,RESPONSIVE
B005041,T00957,V0005,32407852.33,2026-08-18T16:20:44,4,RESPONSIVE
B005042,T00957,V0245,32670514.07,2026-08-30T09:06:41,5,NON_RESPONSIVE
B005043,T00957,V0217,33901881.11,2026-08-30T14:40:24,6,RESPONSIVE
B005044,T00957,V0221,33921413.06,2026-08-27T20:53:36,7,RESPONSIVE
B005045,T00958,V0295,2842394.43,2024-05-25T15:14:37,1,RESPONSIVE
B005046,T00958,V0277,2895480.98,2024-06-28T12:51:34,2,RESPONSIVE
B005047,T00958,V0460,2962143.21,2024-06-30T16:24:37,3,RESPONSIVE
B005048,T00958,V0072,3009827.75,2024-06-14T01:32:55,4,RESPONSIVE
B005049,T00959,V0082,9302581.55,2025-12-22T08:14:28,1,RESPONSIVE
B005050,T00959,V0318,9867402.85,2025-12-15T23:31:54,2,RESPONSIVE
B005051,T00959,V0414,10222180.09,2025-12-28T14:42:10,3,RESPONSIVE
B005052,T00959,V0123,10557145.52,2025-12-28T21:41:13,4,RESPONSIVE
B005053,T00959,V0327,10826986.68,2025-12-23T17:00:07,5,RESPONSIVE
B005054,T00959,V0362,11125595.27,2025-12-15T03:06:35,6,RESPONSIVE
B005055,T00960,V0178,18205834.47,2026-03-24T05:38:17,1,RESPONSIVE
B005056,T00960,V0277,18830255.16,2026-02-22T09:46:33,2,RESPONSIVE
B005057,T00961,V0434,4915208.59,2025-12-29T15:14:03,1,RESPONSIVE
B005058,T00961,V0338,5238271.51,2026-01-05T00:22:57,2,RESPONSIVE
B005059,T00961,V0231,5504001.24,2026-01-03T19:27:29,3,RESPONSIVE
B005060,T00961,V0465,5584015.83,2026-01-05T22:40:54,4,RESPONSIVE
B005061,T00962,V0529,9939253.13,2024-10-05T01:26:06,1,RESPONSIVE
B005062,T00962,V0341,10538440.36,2024-10-03T04:14:54,2,RESPONSIVE
B005063,T00962,V0264,10725714.65,2024-10-10T07:55:45,3,RESPONSIVE
B005064,T00962,V0540,10843758.94,2024-10-03T16:42:18,4,RESPONSIVE
B005065,T00962,V0164,10965559.03,2024-09-27T17:25:22,5,RESPONSIVE
B005066,T00963,V0512,16440192.55,2024-01-12T20:32:39,1,RESPONSIVE
B005067,T00963,V0485,17057777.82,2024-01-12T18:12:34,2,RESPONSIVE
B005068,T00963,V0256,17117049.3,2024-02-02T14:20:33,3,RESPONSIVE
B005069,T00963,V0495,17412779.23,2024-02-02T15:01:12,4,RESPONSIVE
B005070,T00963,V0071,17544931.93,2024-01-22T06:28:06,5,RESPONSIVE
B005071,T00963,V0396,17789631.37,2024-01-27T14:42:51,6,RESPONSIVE
B005072,T00963,V0129,18306248.93,2024-02-08T06:05:29,7,RESPONSIVE
B005073,T00963,V0507,19046977.23,2024-02-07T08:51:32,8,RESPONSIVE
B005074,T00964,V0208,2496373.75,2026-01-04T09:36:30,1,RESPONSIVE
B005075,T00964,V0027,2843079.96,2026-01-05T17:22:53,2,RESPONSIVE
B005076,T00964,V0513,2954401.62,2026-01-14T00:56:30,3,RESPONSIVE
B005077,T00965,V0056,8506644.69,2026-04-04T19:01:48,1,RESPONSIVE
B005078,T00965,V0241,8742536.81,2026-03-30T20:33:48,2,RESPONSIVE
B005079,T00965,V0392,8964558.42,2026-03-27T23:18:16,3,RESPONSIVE
B005080,T00965,V0071,9085820.41,2026-03-28T18:13:46,4,RESPONSIVE
B005081,T00966,V0132,5201823.25,2025-03-02T14:05:30,1,RESPONSIVE
B005082,T00966,V0254,5374895.7,2025-03-04T11:14:57,2,RESPONSIVE
B005083,T00966,V0309,5448362.0,2025-02-22T17:00:54,3,RESPONSIVE
B005084,T00966,V0073,5448790.83,2025-03-13T16:07:33,4,NON_RESPONSIVE
B005085,T00966,V0014,5587262.42,2025-03-06T13:16:13,5,RESPONSIVE
B005086,T00967,V0481,11193769.37,2025-07-26T14:43:47,1,RESPONSIVE
B005087,T00967,V0355,11289751.53,2025-07-25T16:46:25,2,RESPONSIVE
B005088,T00967,V0223,11460464.42,2025-08-13T14:11:44,3,RESPONSIVE
B005089,T00967,V0277,11479898.29,2025-08-05T10:19:18,4,RESPONSIVE
B005090,T00967,V0072,11744949.91,2025-08-12T18:08:34,5,RESPONSIVE
B005091,T00967,V0041,11745941.57,2025-08-08T05:52:10,6,RESPONSIVE
B005092,T00967,V0020,11749367.59,2025-08-11T17:32:55,7,RESPONSIVE
B005093,T00967,V0307,11812376.99,2025-08-06T14:29:30,8,RESPONSIVE
B005094,T00968,V0419,3481227.22,2024-07-03T12:49:45,1,RESPONSIVE
B005095,T00968,V0230,3491366.43,2024-06-27T09:27:03,2,NON_RESPONSIVE
B005096,T00969,V0520,52243758.95,2024-10-26T05:31:16,1,RESPONSIVE
B005097,T00969,V0095,52932580.66,2024-10-25T10:54:41,2,RESPONSIVE
B005098,T00969,V0167,53018506.32,2024-10-26T15:32:23,3,RESPONSIVE
B005099,T00969,V0324,54580171.11,2024-10-30T13:50:19,4,NON_RESPONSIVE
B005100,T00969,V0550,54643552.69,2024-10-25T22:28:41,5,RESPONSIVE
B005101,T00969,V0339,55170271.7,2024-11-17T14:56:55,6,RESPONSIVE
B005102,T00969,V0470,55971266.63,2024-10-10T05:41:37,7,RESPONSIVE
B005103,T00970,V0301,35796973.42,2025-11-05T02:59:00,1,RESPONSIVE
B005104,T00970,V0123,36132986.5,2025-10-20T04:14:48,2,RESPONSIVE
B005105,T00970,V0166,36681677.01,2025-10-14T12:49:13,3,RESPONSIVE
B005106,T00970,V0322,37305926.46,2025-10-18T13:40:50,4,RESPONSIVE
B005107,T00970,V0269,37571464.41,2025-10-23T15:33:07,5,RESPONSIVE
B005108,T00970,V0242,39131995.74,2025-10-20T23:33:29,6,RESPONSIVE
B005109,T00971,V0397,7037089.07,2024-10-26T06:39:26,1,RESPONSIVE
B005110,T00971,V0245,7083883.63,2024-10-08T11:45:06,2,RESPONSIVE
B005111,T00971,V0326,7287483.48,2024-10-04T05:02:57,3,RESPONSIVE
B005112,T00971,V0377,7339256.29,2024-10-28T12:20:03,4,RESPONSIVE
B005113,T00971,V0169,7449744.31,2024-11-04T08:32:45,5,RESPONSIVE
B005114,T00972,V0402,11443467.55,2025-08-05T10:07:59,1,RESPONSIVE
B005115,T00972,V0236,11773120.5,2025-08-12T23:01:20,2,RESPONSIVE
B005116,T00972,V0390,11777348.7,2025-07-15T18:42:53,3,RESPONSIVE
B005117,T00972,V0453,11904810.54,2025-07-12T02:30:27,4,RESPONSIVE
B005118,T00972,V0530,12214616.87,2025-07-20T14:29:04,5,RESPONSIVE
B005119,T00972,V0142,12422913.19,2025-07-17T15:22:27,6,RESPONSIVE
B005120,T00972,V0112,12554902.18,2025-08-13T11:16:57,7,RESPONSIVE
B005121,T00972,V0158,12768793.91,2025-07-19T09:08:55,8,RESPONSIVE
B005122,T00972,V0375,12956286.76,2025-08-10T10:21:26,9,RESPONSIVE
B005123,T00973,V0198,21160438.81,2025-02-15T16:49:27,1,RESPONSIVE
B005124,T00973,V0309,21546654.77,2025-02-20T20:48:37,2,RESPONSIVE
B005125,T00973,V0362,21631801.57,2025-03-11T15:42:39,3,RESPONSIVE
B005126,T00973,V0199,22694075.74,2025-02-12T04:33:31,4,RESPONSIVE
B005127,T00974,V0338,5633891.75,2025-05-28T01:55:11,1,RESPONSIVE
B005128,T00974,V0502,6249471.21,2025-04-22T10:25:47,2,RESPONSIVE
B005129,T00975,V0361,7832249.59,2024-01-19T00:27:04,1,RESPONSIVE
B005130,T00975,V0071,7835743.58,2024-02-01T00:16:10,2,RESPONSIVE
B005131,T00975,V0125,8069635.44,2024-01-21T12:26:47,3,RESPONSIVE
B005132,T00976,V0483,10012926.94,2024-11-29T10:10:40,1,RESPONSIVE
B005133,T00976,V0426,10260343.7,2024-11-28T12:38:52,2,RESPONSIVE
B005134,T00976,V0496,10735905.59,2024-11-24T13:30:46,3,RESPONSIVE
B005135,T00976,V0297,10775086.2,2024-11-23T10:00:42,4,RESPONSIVE
B005136,T00976,V0120,10880001.47,2024-11-28T01:42:15,5,RESPONSIVE
B005137,T00976,V0054,10953046.38,2024-11-27T21:44:43,6,RESPONSIVE
B005138,T00976,V0044,11262682.25,2024-12-08T14:27:00,7,RESPONSIVE
B005139,T00976,V0028,11496855.81,2024-12-08T11:09:31,8,RESPONSIVE
B005140,T00976,V0185,11516984.61,2024-12-01T08:38:36,9,RESPONSIVE
B005141,T00977,V0107,16185105.28,2025-03-02T06:25:26,1,RESPONSIVE
B005142,T00977,V0504,18303428.54,2025-03-09T14:41:22,2,RESPONSIVE
B005143,T00977,V0060,18704575.22,2025-03-01T18:05:55,3,RESPONSIVE
B005144,T00978,V0132,11550692.63,2025-04-11T19:58:40,1,RESPONSIVE
B005145,T00978,V0319,11699471.58,2025-04-16T18:00:14,2,RESPONSIVE
B005146,T00978,V0066,12341304.92,2025-04-17T21:02:00,3,RESPONSIVE
B005147,T00978,V0016,12626649.04,2025-04-10T15:27:48,4,RESPONSIVE
B005148,T00978,V0122,13004877.16,2025-04-16T12:31:54,5,RESPONSIVE
B005149,T00979,V0438,2109838.79,2025-01-03T13:52:59,1,RESPONSIVE
B005150,T00979,V0397,2237796.67,2025-01-03T12:01:26,2,RESPONSIVE
B005151,T00979,V0495,2250332.8,2025-01-01T10:39:03,3,RESPONSIVE
B005152,T00979,V0212,2266421.93,2025-01-05T20:50:21,4,RESPONSIVE
B005153,T00979,V0034,2270098.41,2025-01-10T19:18:49,5,NON_RESPONSIVE
B005154,T00979,V0515,2287382.61,2025-01-10T16:35:38,6,RESPONSIVE
B005155,T00979,V0263,2311162.78,2025-01-02T01:24:58,7,RESPONSIVE
B005156,T00979,V0419,2323453.19,2025-01-09T15:22:35,8,RESPONSIVE
B005157,T00979,V0485,2362321.21,2024-12-31T23:12:59,9,RESPONSIVE
B005158,T00979,V0533,2525925.65,2025-01-09T18:28:38,10,RESPONSIVE
B005159,T00979,V0179,2592483.87,2025-01-01T02:39:53,11,RESPONSIVE
B005160,T00980,V0337,439513.27,2024-11-25T09:05:42,1,RESPONSIVE
B005161,T00980,V0304,448559.05,2024-11-24T03:53:28,2,NON_RESPONSIVE
B005162,T00980,V0294,458199.66,2024-11-30T13:22:17,3,RESPONSIVE
B005163,T00981,V0194,47621712.45,2026-08-28T04:50:05,1,RESPONSIVE
B005164,T00981,V0531,48430380.84,2026-08-11T22:58:23,2,RESPONSIVE
B005165,T00981,V0520,50971019.55,2026-08-26T08:16:24,3,RESPONSIVE
B005166,T00981,V0250,51201522.62,2026-08-10T05:38:00,4,RESPONSIVE
B005167,T00981,V0399,52496922.37,2026-08-30T05:32:03,5,RESPONSIVE
B005168,T00981,V0372,53151378.6,2026-07-29T08:35:03,6,RESPONSIVE
B005169,T00981,V0547,53581046.15,2026-08-19T01:02:15,7,RESPONSIVE
B005170,T00981,V0054,53742142.03,2026-08-21T04:36:56,8,RESPONSIVE
B005171,T00981,V0506,58986790.09,2026-08-10T15:52:53,9,RESPONSIVE
B005172,T00982,V0034,10464685.5,2026-04-10T20:05:32,1,RESPONSIVE
B005173,T00982,V0396,10757356.04,2026-04-21T03:22:58,2,NON_RESPONSIVE
B005174,T00982,V0259,10811715.71,2026-04-14T21:15:02,3,RESPONSIVE
B005175,T00982,V0513,10866885.88,2026-05-05T06:42:52,4,RESPONSIVE
B005176,T00982,V0293,11568619.57,2026-05-05T00:41:15,5,RESPONSIVE
B005177,T00983,V0365,8539120.94,2025-12-12T06:50:38,1,NON_RESPONSIVE
B005178,T00983,V0134,8607275.92,2025-12-07T20:26:13,2,RESPONSIVE
B005179,T00984,V0051,6004217.68,2024-06-26T00:03:43,1,RESPONSIVE
B005180,T00984,V0249,6144329.39,2024-06-24T07:29:38,2,RESPONSIVE
B005181,T00984,V0060,6246732.13,2024-06-16T17:02:14,3,RESPONSIVE
B005182,T00984,V0532,6247287.83,2024-06-19T18:44:55,4,RESPONSIVE
B005183,T00984,V0288,6317601.36,2024-06-29T03:43:24,5,RESPONSIVE
B005184,T00984,V0059,6606626.53,2024-06-21T02:02:13,6,RESPONSIVE
B005185,T00984,V0533,6780514.54,2024-06-19T09:51:43,7,RESPONSIVE
B005186,T00985,V0219,1803076.84,2025-06-23T22:00:29,1,RESPONSIVE
B005187,T00985,V0151,1867982.58,2025-07-07T09:36:08,2,RESPONSIVE
B005188,T00986,V0187,30902787.65,2024-01-20T20:19:54,1,RESPONSIVE
B005189,T00986,V0359,31489230.02,2024-01-19T18:51:18,2,RESPONSIVE
B005190,T00986,V0289,32093874.59,2024-01-20T13:45:52,3,RESPONSIVE
B005191,T00987,V0067,49722377.17,2025-01-30T08:37:32,1,RESPONSIVE
B005192,T00987,V0359,51731371.05,2025-01-14T04:42:50,2,RESPONSIVE
B005193,T00987,V0346,52122712.73,2025-01-18T00:09:21,3,RESPONSIVE
B005194,T00987,V0387,52244116.08,2025-01-26T08:17:41,4,RESPONSIVE
B005195,T00987,V0250,52961455.01,2025-01-20T08:19:29,5,RESPONSIVE
B005196,T00987,V0435,53935075.88,2025-01-26T00:18:36,6,RESPONSIVE
B005197,T00987,V0125,54405080.72,2025-01-16T08:24:45,7,RESPONSIVE
B005198,T00987,V0415,55526620.67,2025-01-05T01:01:20,8,RESPONSIVE
B005199,T00987,V0547,55613041.81,2025-01-19T12:42:15,9,RESPONSIVE
B005200,T00988,V0188,8797630.16,2025-05-30T21:23:57,1,RESPONSIVE
B005201,T00988,V0187,9162470.45,2025-05-14T00:43:36,2,RESPONSIVE
B005202,T00988,V0484,9689905.05,2025-05-17T04:23:40,3,RESPONSIVE
B005203,T00989,V0137,7279047.37,2024-08-02T06:20:25,1,RESPONSIVE
B005204,T00989,V0325,7311258.46,2024-08-20T06:12:22,2,RESPONSIVE
B005205,T00989,V0517,7486193.55,2024-08-14T03:01:48,3,RESPONSIVE
B005206,T00989,V0427,7701481.48,2024-08-19T22:33:25,4,RESPONSIVE
B005207,T00990,V0278,1735426.5,2026-07-10T19:49:47,1,RESPONSIVE
B005208,T00990,V0014,1763802.28,2026-07-21T15:26:37,2,RESPONSIVE
B005209,T00990,V0016,1803532.3,2026-07-04T08:33:24,3,RESPONSIVE
B005210,T00991,V0327,5798230.13,2024-09-18T04:48:42,1,RESPONSIVE
B005211,T00991,V0523,5841218.89,2024-10-04T18:57:14,2,RESPONSIVE
B005212,T00991,V0292,6045247.04,2024-09-20T07:40:33,3,RESPONSIVE
B005213,T00991,V0203,6054697.11,2024-09-22T04:38:36,4,RESPONSIVE
B005214,T00991,V0038,6201449.19,2024-10-25T01:41:29,5,RESPONSIVE
B005215,T00992,V0007,2932822.82,2024-07-23T10:39:53,1,RESPONSIVE
B005216,T00992,V0211,3096443.79,2024-07-23T06:38:26,2,RESPONSIVE
B005217,T00992,V0327,3174452.39,2024-07-16T14:54:55,3,RESPONSIVE
B005218,T00993,V0469,2036181.41,2026-01-19T03:54:25,1,RESPONSIVE
B005219,T00993,V0147,2180086.59,2026-01-16T15:35:14,2,RESPONSIVE
B005220,T00993,V0141,2200228.23,2026-01-13T03:58:13,3,RESPONSIVE
B005221,T00993,V0136,2243080.71,2026-01-18T23:54:42,4,RESPONSIVE
B005222,T00993,V0229,2262126.98,2026-01-12T13:56:39,5,RESPONSIVE
B005223,T00994,V0121,6541394.65,2024-01-18T15:51:02,1,RESPONSIVE
B005224,T00994,V0081,7156310.78,2024-01-10T12:05:40,2,RESPONSIVE
B005225,T00994,V0416,7189528.83,2024-02-10T11:01:34,3,RESPONSIVE
B005226,T00994,V0110,7538523.31,2024-01-27T02:09:53,4,RESPONSIVE
B005227,T00995,V0454,9597656.91,2024-07-30T13:52:03,1,RESPONSIVE
B005228,T00995,V0514,9663281.97,2024-07-29T21:54:20,2,RESPONSIVE
B005229,T00995,V0215,9780714.42,2024-07-21T17:19:13,3,RESPONSIVE
B005230,T00995,V0479,9808215.41,2024-08-30T17:29:42,4,RESPONSIVE
B005231,T00995,V0259,10046894.62,2024-07-27T08:11:09,5,RESPONSIVE
B005232,T00995,V0079,10346267.91,2024-08-09T18:38:33,6,RESPONSIVE
B005233,T00995,V0011,10610032.16,2024-08-16T16:00:08,7,RESPONSIVE
B005234,T00996,V0372,49504426.0,2024-11-30T02:47:57,1,RESPONSIVE
B005235,T00996,V0193,51416305.06,2024-12-14T23:41:59,2,RESPONSIVE
B005236,T00996,V0300,51823751.02,2024-12-12T02:17:13,3,RESPONSIVE
B005237,T00996,V0297,52744182.84,2024-12-03T16:44:25,4,RESPONSIVE
B005238,T00996,V0368,53053299.55,2024-12-05T16:31:11,5,RESPONSIVE
B005239,T00996,V0437,54474085.52,2024-12-07T03:48:06,6,RESPONSIVE
B005240,T00997,V0023,19047418.34,2024-01-30T09:24:36,1,RESPONSIVE
B005241,T00997,V0392,21006483.1,2024-01-27T05:04:55,2,RESPONSIVE
B005242,T00997,V0013,22039330.8,2024-01-23T22:38:42,3,RESPONSIVE
B005243,T00998,V0088,24836168.36,2026-07-22T06:30:19,1,RESPONSIVE
B005244,T00998,V0133,27004418.74,2026-07-27T04:36:45,2,NON_RESPONSIVE
B005245,T00998,V0297,27205898.16,2026-07-14T10:53:14,3,RESPONSIVE
B005246,T00999,V0359,22340530.66,2024-09-11T10:43:39,1,RESPONSIVE
B005247,T00999,V0342,22510309.63,2024-09-22T07:57:06,2,RESPONSIVE
B005248,T00999,V0517,24294142.07,2024-09-18T22:31:41,3,RESPONSIVE
B005249,T00999,V0297,24634366.79,2024-09-18T00:36:04,4,RESPONSIVE
B005250,T00999,V0437,24648190.56,2024-09-19T13:25:23,5,RESPONSIVE
B005251,T00999,V0304,24938901.91,2024-09-22T05:52:03,6,RESPONSIVE
B005252,T00999,V0224,25013091.0,2024-09-19T08:54:17,7,RESPONSIVE
B005253,T01000,V0456,17144798.42,2026-05-10T17:57:24,1,RESPONSIVE
B005254,T01000,V0314,17249751.96,2026-05-16T09:08:53,2,RESPONSIVE
B005255,T01000,V0178,17428572.68,2026-05-11T16:25:30,3,RESPONSIVE
B005256,T01001,V0483,5465996.18,2024-03-17T13:47:13,1,RESPONSIVE
B005257,T01001,V0380,5797860.83,2024-03-26T18:40:23,2,NON_RESPONSIVE
B005258,T01001,V0034,6100524.82,2024-03-26T21:26:33,3,RESPONSIVE
B005259,T01002,V0205,7544622.13,2026-04-29T20:11:37,1,RESPONSIVE
B005260,T01002,V0078,7929757.24,2026-05-14T07:12:35,2,RESPONSIVE
B005261,T01002,V0376,8841016.71,2026-05-03T12:07:51,3,RESPONSIVE
B005262,T01003,V0417,16311864.82,2025-01-05T16:08:34,1,RESPONSIVE
B005263,T01003,V0344,17405104.75,2025-01-01T10:11:07,2,RESPONSIVE
B005264,T01003,V0171,17406280.77,2024-12-25T04:59:19,3,RESPONSIVE
B005265,T01003,V0545,17738042.71,2024-12-30T10:09:17,4,RESPONSIVE
B005266,T01003,V0144,18668321.87,2025-01-14T20:52:55,5,RESPONSIVE
B005267,T01004,V0369,12906317.46,2024-07-27T16:02:07,1,RESPONSIVE
B005268,T01004,V0079,13424228.62,2024-07-21T15:30:25,2,RESPONSIVE
B005269,T01004,V0513,13600795.84,2024-08-02T15:36:16,3,RESPONSIVE
B005270,T01004,V0314,13648186.89,2024-07-26T21:46:02,4,RESPONSIVE
B005271,T01004,V0031,13661342.77,2024-07-29T04:21:27,5,RESPONSIVE
B005272,T01005,V0384,3790104.23,2024-06-05T14:20:15,1,RESPONSIVE
B005273,T01005,V0087,3846236.53,2024-05-29T21:22:51,2,RESPONSIVE
B005274,T01005,V0086,3874030.22,2024-06-21T20:44:29,3,RESPONSIVE
B005275,T01005,V0454,3930415.36,2024-06-02T22:54:42,4,RESPONSIVE
B005276,T01005,V0010,3946032.63,2024-05-27T09:39:53,5,RESPONSIVE
B005277,T01005,V0334,4001249.14,2024-06-07T16:36:33,6,RESPONSIVE
B005278,T01006,V0357,66369252.39,2024-02-16T01:22:25,1,RESPONSIVE
B005279,T01006,V0547,67380272.87,2024-02-27T07:11:42,2,RESPONSIVE
B005280,T01006,V0356,68740092.04,2024-02-24T19:01:23,3,RESPONSIVE
B005281,T01006,V0531,70016912.23,2024-02-09T00:20:10,4,RESPONSIVE
B005282,T01006,V0345,72199552.48,2024-02-27T20:06:35,5,RESPONSIVE
B005283,T01006,V0137,73933477.53,2024-02-08T15:07:11,6,RESPONSIVE
B005284,T01006,V0366,74071240.3,2024-02-16T02:22:04,7,RESPONSIVE
B005285,T01006,V0224,74522978.34,2024-02-29T01:30:36,8,RESPONSIVE
B005286,T01007,V0115,6679201.39,2026-02-11T19:58:31,1,RESPONSIVE
B005287,T01007,V0363,6729201.83,2026-02-16T21:15:19,2,RESPONSIVE
B005288,T01007,V0003,6907738.17,2026-01-25T16:34:49,3,RESPONSIVE
B005289,T01007,V0247,6961986.4,2026-02-09T05:27:33,4,RESPONSIVE
B005290,T01007,V0251,7001921.01,2026-02-02T07:02:59,5,RESPONSIVE
B005291,T01007,V0228,7232026.3,2026-01-22T19:59:15,6,RESPONSIVE
B005292,T01007,V0065,7251698.65,2026-02-21T18:08:18,7,RESPONSIVE
B005293,T01008,V0385,47146174.2,2025-06-05T21:14:49,1,RESPONSIVE
B005294,T01008,V0510,49053093.57,2025-06-14T23:28:23,2,RESPONSIVE
B005295,T01008,V0054,49119588.02,2025-06-11T03:18:10,3,RESPONSIVE
B005296,T01009,V0275,1359372.51,2025-06-25T05:24:26,1,RESPONSIVE
B005297,T01009,V0326,1457580.41,2025-06-29T03:06:32,2,RESPONSIVE
B005298,T01009,V0145,1485489.01,2025-06-16T12:13:10,3,RESPONSIVE
B005299,T01009,V0217,1495831.6,2025-06-10T17:35:21,4,RESPONSIVE
B005300,T01009,V0161,1496438.49,2025-06-26T02:09:59,5,RESPONSIVE
B005301,T01009,V0180,1517174.37,2025-06-17T07:17:39,6,RESPONSIVE
B005302,T01009,V0492,1532713.73,2025-07-06T04:41:24,7,RESPONSIVE
B005303,T01009,V0373,1547091.86,2025-06-11T00:11:48,8,RESPONSIVE
B005304,T01009,V0335,1555179.3,2025-06-29T07:32:22,9,RESPONSIVE
B005305,T01010,V0240,5275687.74,2025-11-30T23:10:02,1,RESPONSIVE
B005306,T01010,V0538,5452014.82,2025-12-16T15:04:15,2,RESPONSIVE
B005307,T01010,V0012,5539481.04,2025-11-28T21:26:51,3,RESPONSIVE
B005308,T01010,V0406,5591997.57,2025-12-04T04:36:13,4,RESPONSIVE
B005309,T01010,V0452,5652204.14,2025-12-04T12:26:47,5,RESPONSIVE
B005310,T01010,V0104,5784361.24,2025-12-08T05:11:40,6,RESPONSIVE
B005311,T01010,V0165,6025858.13,2025-12-18T03:38:59,7,RESPONSIVE
B005312,T01011,V0169,5194027.99,2025-07-08T22:56:17,1,RESPONSIVE
B005313,T01011,V0115,5406190.16,2025-07-17T01:10:39,2,RESPONSIVE
B005314,T01011,V0158,5429568.44,2025-07-13T09:53:04,3,RESPONSIVE
B005315,T01011,V0005,5480293.91,2025-07-16T04:16:42,4,RESPONSIVE
B005316,T01011,V0492,5504949.76,2025-07-09T09:23:26,5,RESPONSIVE
B005317,T01011,V0228,5607601.69,2025-07-18T00:15:52,6,RESPONSIVE
B005318,T01011,V0294,5762380.72,2025-07-25T20:40:52,7,RESPONSIVE
B005319,T01011,V0532,5942297.23,2025-07-18T02:56:05,8,RESPONSIVE
B005320,T01011,V0397,6123260.36,2025-07-07T10:12:18,9,RESPONSIVE
B005321,T01012,V0263,4954610.09,2025-04-30T14:02:26,1,RESPONSIVE
B005322,T01012,V0495,5034385.77,2025-04-29T16:28:46,2,RESPONSIVE
B005323,T01012,V0039,5197906.23,2025-04-29T17:59:16,3,RESPONSIVE
B005324,T01012,V0419,5200809.86,2025-04-17T17:03:16,4,RESPONSIVE
B005325,T01012,V0303,5215820.52,2025-04-29T19:35:09,5,RESPONSIVE
B005326,T01013,V0536,3673440.63,2024-02-19T14:29:37,1,RESPONSIVE
B005327,T01013,V0192,3685776.97,2024-02-16T11:59:21,2,RESPONSIVE
B005328,T01013,V0061,3719037.0,2024-02-13T15:35:36,3,RESPONSIVE
B005329,T01013,V0234,3765389.27,2024-02-19T20:51:42,4,RESPONSIVE
B005330,T01013,V0354,3837446.57,2024-02-22T02:56:27,5,RESPONSIVE
B005331,T01013,V0439,3852347.65,2024-02-22T05:22:35,6,RESPONSIVE
B005332,T01013,V0119,3860622.38,2024-02-16T06:45:16,7,RESPONSIVE
B005333,T01014,V0088,10164126.23,2025-06-06T20:12:53,1,RESPONSIVE
B005334,T01014,V0019,10495124.03,2025-05-31T18:25:59,2,RESPONSIVE
B005335,T01014,V0320,10595812.59,2025-06-06T06:40:13,3,RESPONSIVE
B005336,T01014,V0421,10621747.25,2025-06-03T23:17:47,4,RESPONSIVE
B005337,T01015,V0122,110566072.9,2024-12-19T06:05:46,1,RESPONSIVE
B005338,T01015,V0208,115669403.67,2024-12-22T12:01:13,2,RESPONSIVE
B005339,T01015,V0322,116647691.56,2024-12-22T05:56:26,3,RESPONSIVE
B005340,T01015,V0063,119119370.76,2024-12-04T17:41:24,4,RESPONSIVE
B005341,T01015,V0123,121712372.66,2024-11-30T08:32:12,5,RESPONSIVE
B005342,T01015,V0347,122561299.59,2024-12-12T04:18:38,6,RESPONSIVE
B005343,T01016,V0039,44648147.35,2026-08-11T18:33:44,1,RESPONSIVE
B005344,T01016,V0018,46371169.86,2026-08-02T11:32:37,2,RESPONSIVE
B005345,T01016,V0269,46541361.33,2026-07-26T10:00:52,3,RESPONSIVE
B005346,T01016,V0405,47528752.79,2026-08-12T00:23:44,4,RESPONSIVE
B005347,T01017,V0117,15598864.67,2025-01-02T20:59:47,1,RESPONSIVE
B005348,T01017,V0244,15600942.73,2025-01-01T09:01:31,2,RESPONSIVE
B005349,T01017,V0107,16246308.58,2024-12-25T14:17:05,3,RESPONSIVE
B005350,T01017,V0298,16712068.8,2025-01-03T02:35:49,4,RESPONSIVE
B005351,T01018,V0187,58067138.64,2024-05-08T20:06:05,1,RESPONSIVE
B005352,T01018,V0271,60639793.61,2024-05-07T00:55:12,2,RESPONSIVE
B005353,T01018,V0297,61025184.84,2024-05-06T08:05:46,3,RESPONSIVE
B005354,T01018,V0478,64146402.45,2024-05-17T06:04:31,4,RESPONSIVE
B005355,T01019,V0463,10382429.66,2026-01-20T13:05:31,1,RESPONSIVE
B005356,T01019,V0452,11008971.03,2026-01-26T00:21:32,2,RESPONSIVE
B005357,T01019,V0505,11029830.08,2026-01-17T22:27:28,3,RESPONSIVE
B005358,T01020,V0161,2084107.12,2024-08-22T01:12:38,1,RESPONSIVE
B005359,T01020,V0453,2156269.36,2024-08-17T15:15:47,2,RESPONSIVE
B005360,T01020,V0455,2211000.65,2024-08-02T18:05:08,3,RESPONSIVE
B005361,T01020,V0304,2228724.1,2024-08-01T19:30:20,4,RESPONSIVE
B005362,T01020,V0377,2230959.47,2024-08-21T19:37:53,5,RESPONSIVE
B005363,T01020,V0028,2254827.41,2024-08-04T20:04:29,6,RESPONSIVE
B005364,T01020,V0422,2315240.58,2024-08-28T10:07:27,7,RESPONSIVE
B005365,T01020,V0394,2322543.2,2024-08-16T14:45:11,8,RESPONSIVE
B005366,T01020,V0201,2347192.76,2024-08-21T12:58:59,9,RESPONSIVE
B005367,T01021,V0162,2636373.87,2024-01-30T15:36:36,1,RESPONSIVE
B005368,T01021,V0383,2733329.47,2024-02-11T20:46:35,2,RESPONSIVE
B005369,T01021,V0040,2787853.57,2024-02-07T02:37:30,3,RESPONSIVE
B005370,T01021,V0513,2851385.59,2024-02-11T21:41:41,4,RESPONSIVE
B005371,T01021,V0384,2981291.99,2024-01-30T03:15:17,5,RESPONSIVE
B005372,T01021,V0509,3028331.27,2024-01-31T00:15:43,6,RESPONSIVE
B005373,T01021,V0302,3057636.57,2024-01-30T17:26:33,7,RESPONSIVE
B005374,T01021,V0259,3120162.73,2024-01-25T11:55:48,8,RESPONSIVE
B005375,T01022,V0191,9624069.19,2025-11-27T00:09:09,1,RESPONSIVE
B005376,T01022,V0296,9666209.42,2025-11-25T08:36:26,2,RESPONSIVE
B005377,T01023,V0135,11021472.38,2026-05-28T07:47:28,1,RESPONSIVE
B005378,T01023,V0176,11087496.25,2026-05-29T23:59:15,2,RESPONSIVE
B005379,T01023,V0270,11806331.04,2026-06-01T14:22:16,3,RESPONSIVE
B005380,T01023,V0201,11928105.75,2026-05-30T01:27:25,4,RESPONSIVE
B005381,T01024,V0390,3029752.01,2026-02-17T04:43:58,1,RESPONSIVE
B005382,T01024,V0458,3067637.71,2026-02-11T14:25:38,2,RESPONSIVE
B005383,T01024,V0425,3228941.77,2026-02-13T17:30:08,3,RESPONSIVE
B005384,T01025,V0387,54111975.79,2025-02-28T17:14:20,1,RESPONSIVE
B005385,T01025,V0325,55615266.48,2025-03-06T18:43:16,2,RESPONSIVE
B005386,T01025,V0193,56077994.94,2025-02-07T01:11:45,3,RESPONSIVE
B005387,T01025,V0110,56878143.58,2025-02-15T09:34:12,4,RESPONSIVE
B005388,T01025,V0153,56954145.27,2025-02-17T22:35:35,5,RESPONSIVE
B005389,T01025,V0389,57407198.19,2025-03-04T16:16:42,6,RESPONSIVE
B005390,T01025,V0006,57416258.67,2025-02-20T23:28:22,7,RESPONSIVE
B005391,T01025,V0531,58134057.51,2025-02-04T14:44:00,8,RESPONSIVE
B005392,T01025,V0289,60879919.24,2025-02-14T13:37:09,9,RESPONSIVE
B005393,T01026,V0274,4733343.97,2025-02-21T17:15:13,1,RESPONSIVE
B005394,T01026,V0319,4756843.19,2025-02-21T17:46:26,2,RESPONSIVE
B005395,T01026,V0352,5104914.5,2025-02-13T23:26:17,3,RESPONSIVE
B005396,T01026,V0546,5123830.96,2025-02-21T01:18:02,4,RESPONSIVE
B005397,T01026,V0066,5165984.77,2025-02-17T21:03:00,5,RESPONSIVE
B005398,T01026,V0002,5189877.9,2025-02-12T09:28:35,6,RESPONSIVE
B005399,T01026,V0127,5251607.13,2025-02-14T21:38:05,7,NON_RESPONSIVE
B005400,T01026,V0327,5264079.89,2025-02-13T13:50:54,8,RESPONSIVE
B005401,T01026,V0309,5334853.6,2025-02-17T12:27:45,9,RESPONSIVE
B005402,T01026,V0014,5395838.4,2025-02-20T15:35:28,10,RESPONSIVE
B005403,T01027,V0176,115416333.31,2026-04-01T17:34:53,1,RESPONSIVE
B005404,T01027,V0284,122627990.85,2026-04-09T04:00:05,2,RESPONSIVE
B005405,T01027,V0276,126266448.97,2026-04-11T17:43:41,3,RESPONSIVE
B005406,T01027,V0023,126363621.55,2026-03-28T04:14:27,4,RESPONSIVE
B005407,T01027,V0055,132910865.32,2026-04-07T11:18:33,5,RESPONSIVE
B005408,T01028,V0540,17293928.87,2024-10-26T15:08:04,1,RESPONSIVE
B005409,T01028,V0262,17354992.03,2024-10-23T04:45:24,2,RESPONSIVE
B005410,T01028,V0012,17854444.71,2024-10-18T03:44:19,3,RESPONSIVE
B005411,T01029,V0322,1662388.65,2024-10-29T10:28:33,1,RESPONSIVE
B005412,T01029,V0379,1770872.53,2024-11-03T09:33:19,2,RESPONSIVE
B005413,T01029,V0352,1808963.26,2024-10-08T18:10:09,3,RESPONSIVE
B005414,T01029,V0038,1809321.9,2024-10-20T00:16:50,4,RESPONSIVE
B005415,T01029,V0244,1815294.36,2024-11-05T03:25:26,5,RESPONSIVE
B005416,T01029,V0195,1876430.28,2024-11-08T06:48:19,6,RESPONSIVE
B005417,T01030,V0035,19464691.31,2026-05-19T06:53:00,1,RESPONSIVE
B005418,T01030,V0146,19836758.06,2026-05-11T01:20:34,2,RESPONSIVE
B005419,T01030,V0549,19969261.56,2026-05-23T16:37:05,3,RESPONSIVE
B005420,T01030,V0434,20256722.43,2026-05-16T18:59:59,4,RESPONSIVE
B005421,T01030,V0214,20354840.76,2026-05-26T10:54:54,5,RESPONSIVE
B005422,T01030,V0231,20603289.22,2026-05-11T11:37:51,6,RESPONSIVE
B005423,T01030,V0144,21130376.27,2026-05-29T11:32:20,7,RESPONSIVE
B005424,T01030,V0403,21410212.25,2026-05-25T02:15:02,8,RESPONSIVE
B005425,T01030,V0308,21895613.36,2026-05-21T01:09:22,9,RESPONSIVE
B005426,T01031,V0023,21814313.9,2025-04-22T06:03:41,1,RESPONSIVE
B005427,T01031,V0411,24266759.53,2025-05-04T00:54:36,2,RESPONSIVE
B005428,T01031,V0207,24564855.43,2025-05-14T06:28:02,3,RESPONSIVE
B005429,T01032,V0020,13780177.91,2025-09-25T03:38:37,1,RESPONSIVE
B005430,T01032,V0286,13808021.52,2025-09-25T18:57:18,2,NON_RESPONSIVE
B005431,T01032,V0229,13862559.37,2025-09-26T23:15:15,3,RESPONSIVE
B005432,T01032,V0355,14452039.47,2025-09-13T18:11:26,4,RESPONSIVE
B005433,T01032,V0452,15048653.34,2025-10-03T14:23:13,5,RESPONSIVE
B005434,T01033,V0481,8553222.17,2026-05-01T20:35:07,1,RESPONSIVE
B005435,T01033,V0343,8825142.35,2026-04-18T20:29:48,2,RESPONSIVE
B005436,T01034,V0083,1220010.13,2026-05-27T15:38:02,1,RESPONSIVE
B005437,T01034,V0378,1221392.11,2026-05-30T23:57:49,2,RESPONSIVE
B005438,T01034,V0012,1303178.72,2026-05-28T21:18:50,3,RESPONSIVE
B005439,T01035,V0072,8222761.03,2026-06-12T09:42:13,1,RESPONSIVE
B005440,T01035,V0350,8246068.19,2026-06-03T16:33:52,2,RESPONSIVE
B005441,T01035,V0058,8309341.04,2026-06-10T16:40:02,3,RESPONSIVE
B005442,T01035,V0307,8678599.73,2026-06-09T07:21:22,4,RESPONSIVE
B005443,T01035,V0351,8710289.13,2026-06-12T19:04:02,5,RESPONSIVE
B005444,T01036,V0276,2356788.65,2024-07-20T01:32:27,1,RESPONSIVE
B005445,T01036,V0278,2451377.8,2024-07-29T15:37:18,2,RESPONSIVE
B005446,T01036,V0092,2483518.48,2024-07-29T17:16:52,3,RESPONSIVE
B005447,T01036,V0211,2581138.73,2024-08-11T10:36:21,4,RESPONSIVE
B005448,T01036,V0219,2661775.81,2024-07-26T00:32:37,5,RESPONSIVE
B005449,T01036,V0127,2709112.96,2024-07-27T20:48:59,6,RESPONSIVE
B005450,T01036,V0007,2728668.95,2024-07-31T11:01:47,7,RESPONSIVE
B005451,T01036,V0310,2748711.27,2024-07-24T05:06:02,8,RESPONSIVE
B005452,T01037,V0352,3754059.61,2026-01-28T23:48:44,1,RESPONSIVE
B005453,T01037,V0132,3792246.95,2026-01-25T19:59:32,2,RESPONSIVE
B005454,T01037,V0016,3815156.53,2026-02-01T16:13:13,3,RESPONSIVE
B005455,T01037,V0203,3846886.92,2026-01-18T03:34:41,4,RESPONSIVE
B005456,T01037,V0151,3908001.29,2026-01-17T11:13:10,5,RESPONSIVE
B005457,T01038,V0201,7540808.3,2025-06-27T09:16:19,1,RESPONSIVE
B005458,T01038,V0028,7773518.24,2025-06-18T13:06:22,2,RESPONSIVE
B005459,T01039,V0499,5492702.92,2025-01-29T02:53:36,1,RESPONSIVE
B005460,T01039,V0096,5731354.69,2025-01-26T18:49:00,2,RESPONSIVE
B005461,T01039,V0463,5824460.89,2025-02-04T17:17:31,3,RESPONSIVE
B005462,T01040,V0204,1352218.93,2025-10-06T23:39:53,1,RESPONSIVE
B005463,T01040,V0408,1367259.42,2025-09-28T00:57:51,2,RESPONSIVE
B005464,T01040,V0529,1406984.79,2025-09-24T09:54:21,3,RESPONSIVE
B005465,T01040,V0536,1407591.16,2025-09-27T15:51:32,4,RESPONSIVE
B005466,T01040,V0049,1420914.51,2025-09-23T08:01:53,5,RESPONSIVE
B005467,T01040,V0475,1430638.67,2025-09-20T07:45:22,6,RESPONSIVE
B005468,T01040,V0329,1438124.54,2025-10-05T13:49:33,7,RESPONSIVE
B005469,T01040,V0286,1452738.24,2025-10-02T07:56:44,8,RESPONSIVE
B005470,T01040,V0265,1485045.39,2025-09-25T05:44:32,9,RESPONSIVE
B005471,T01040,V0202,1488965.92,2025-10-03T03:39:31,10,RESPONSIVE
B005472,T01040,V0232,1490450.07,2025-09-29T20:09:28,11,RESPONSIVE
B005473,T01040,V0469,1591233.14,2025-09-20T00:28:41,12,RESPONSIVE
B005474,T01041,V0514,6177133.47,2024-02-16T01:32:48,1,RESPONSIVE
B005475,T01041,V0549,6442389.92,2024-01-30T18:46:23,2,RESPONSIVE
B005476,T01041,V0079,6475112.59,2024-02-20T18:57:50,3,RESPONSIVE
B005477,T01041,V0175,6582151.17,2024-02-13T20:13:02,4,RESPONSIVE
B005478,T01041,V0407,6709672.31,2024-01-31T07:02:00,5,RESPONSIVE
B005479,T01041,V0479,6715032.55,2024-02-13T19:38:40,6,RESPONSIVE
B005480,T01042,V0453,700469.69,2026-08-14T21:45:17,1,NON_RESPONSIVE
B005481,T01042,V0335,749354.34,2026-08-14T04:53:13,2,RESPONSIVE
B005482,T01042,V0221,750217.23,2026-07-31T22:34:09,3,RESPONSIVE
B005483,T01042,V0005,759176.02,2026-07-26T11:04:18,4,RESPONSIVE
B005484,T01042,V0326,790380.95,2026-08-11T09:40:36,5,RESPONSIVE
B005485,T01043,V0224,56077196.7,2026-07-17T22:16:54,1,RESPONSIVE
B005486,T01043,V0255,56101740.95,2026-07-11T15:27:43,2,RESPONSIVE
B005487,T01043,V0455,56838192.36,2026-07-18T16:32:53,3,RESPONSIVE
B005488,T01043,V0525,58186107.7,2026-07-08T07:06:35,4,RESPONSIVE
B005489,T01043,V0172,58700716.33,2026-07-27T00:16:00,5,RESPONSIVE
B005490,T01043,V0320,58762727.41,2026-07-19T19:16:27,6,RESPONSIVE
B005491,T01044,V0338,8321469.14,2025-02-28T04:40:22,1,RESPONSIVE
B005492,T01044,V0241,8484707.15,2025-02-18T18:18:20,2,RESPONSIVE
B005493,T01044,V0029,8522322.87,2025-03-16T14:20:46,3,RESPONSIVE
B005494,T01044,V0023,8707040.3,2025-02-19T00:38:19,4,RESPONSIVE
B005495,T01044,V0403,8731660.51,2025-02-13T20:31:02,5,RESPONSIVE
B005496,T01045,V0254,1934329.25,2025-05-31T04:03:40,1,RESPONSIVE
B005497,T01045,V0281,1967731.71,2025-06-11T02:52:02,2,RESPONSIVE
B005498,T01045,V0016,1974031.14,2025-06-03T18:05:52,3,RESPONSIVE
B005499,T01045,V0327,2007925.3,2025-06-06T21:12:28,4,RESPONSIVE
B005500,T01045,V0364,2020072.02,2025-05-31T14:41:07,5,RESPONSIVE
B005501,T01045,V0122,2091804.85,2025-06-14T07:51:36,6,RESPONSIVE
B005502,T01046,V0360,4188962.76,2025-07-28T06:38:09,1,RESPONSIVE
B005503,T01046,V0248,4262130.53,2025-07-14T00:40:10,2,RESPONSIVE
B005504,T01046,V0247,4298523.93,2025-07-18T20:28:23,3,RESPONSIVE
B005505,T01046,V0515,4327395.04,2025-07-15T19:08:08,4,NON_RESPONSIVE
B005506,T01046,V0230,4348623.78,2025-07-18T00:54:03,5,RESPONSIVE
B005507,T01046,V0039,4411349.68,2025-07-26T17:23:06,6,RESPONSIVE
B005508,T01046,V0121,4438405.74,2025-07-18T06:26:28,7,RESPONSIVE
B005509,T01046,V0279,4513390.8,2025-07-17T09:26:49,8,RESPONSIVE
B005510,T01047,V0410,15347044.47,2024-11-06T06:50:26,1,RESPONSIVE
B005511,T01047,V0251,15892237.1,2024-11-21T15:51:49,2,RESPONSIVE
B005512,T01047,V0496,16659003.22,2024-11-10T08:55:58,3,RESPONSIVE
B005513,T01048,V0239,6101796.62,2024-08-09T14:09:00,1,RESPONSIVE
B005514,T01048,V0328,6798135.22,2024-07-31T16:32:27,2,RESPONSIVE
B005515,T01048,V0245,6820576.5,2024-08-03T04:27:18,3,RESPONSIVE
B005516,T01048,V0419,7369136.35,2024-08-04T17:00:33,4,RESPONSIVE
B005517,T01049,V0267,37867254.12,2024-05-17T10:42:17,1,RESPONSIVE
B005518,T01049,V0412,38313166.48,2024-06-01T17:16:39,2,RESPONSIVE
B005519,T01049,V0281,38947769.19,2024-06-05T00:59:23,3,RESPONSIVE
B005520,T01049,V0242,39773634.61,2024-05-28T23:22:44,4,RESPONSIVE
B005521,T01049,V0292,40609472.05,2024-05-18T14:22:52,5,RESPONSIVE
B005522,T01049,V0209,40836767.91,2024-05-27T00:36:28,6,RESPONSIVE
B005523,T01049,V0046,40964371.56,2024-05-23T09:07:43,7,RESPONSIVE
B005524,T01049,V0103,42624142.6,2024-05-21T19:53:53,8,NON_RESPONSIVE
B005525,T01050,V0119,14842615.34,2024-08-07T00:22:49,1,RESPONSIVE
B005526,T01050,V0058,14853353.18,2024-08-18T20:48:53,2,RESPONSIVE
B005527,T01050,V0164,15039196.85,2024-08-09T07:53:16,3,RESPONSIVE
B005528,T01051,V0078,29533252.97,2025-05-07T00:00:45,1,RESPONSIVE
B005529,T01051,V0342,30933285.6,2025-04-29T15:39:45,2,RESPONSIVE
B005530,T01051,V0496,31426669.44,2025-05-14T15:46:49,3,RESPONSIVE
B005531,T01051,V0120,32117881.83,2025-05-14T14:42:50,4,RESPONSIVE
B005532,T01052,V0519,32232681.08,2024-11-26T10:37:19,1,RESPONSIVE
B005533,T01052,V0383,33394410.63,2024-11-27T06:21:50,2,RESPONSIVE
B005534,T01052,V0179,34212363.28,2024-11-17T07:34:19,3,RESPONSIVE
B005535,T01052,V0241,35124026.6,2024-11-05T09:27:38,4,RESPONSIVE
B005536,T01053,V0350,13341427.43,2024-03-03T21:22:21,1,RESPONSIVE
B005537,T01053,V0452,13417740.51,2024-03-15T03:36:39,2,RESPONSIVE
B005538,T01054,V0087,5558835.59,2025-08-16T22:38:31,1,RESPONSIVE
B005539,T01054,V0215,5710228.07,2025-07-28T07:14:18,2,RESPONSIVE
B005540,T01054,V0384,5814948.29,2025-07-24T03:53:06,3,RESPONSIVE
B005541,T01054,V0175,5970428.49,2025-08-09T16:51:56,4,RESPONSIVE
B005542,T01054,V0417,6104770.77,2025-08-11T06:06:03,5,RESPONSIVE
B005543,T01055,V0104,2748443.32,2024-07-31T10:38:47,1,RESPONSIVE
B005544,T01055,V0452,2850479.39,2024-07-26T13:38:41,2,RESPONSIVE
B005545,T01055,V0012,2998015.97,2024-07-31T07:55:37,3,RESPONSIVE
B005546,T01056,V0103,96185654.99,2025-07-01T17:48:05,1,RESPONSIVE
B005547,T01056,V0270,101527554.85,2025-06-30T13:15:11,2,RESPONSIVE
B005548,T01056,V0062,103738003.65,2025-06-27T17:53:53,3,RESPONSIVE
B005549,T01056,V0055,104187911.74,2025-07-02T17:55:13,4,NON_RESPONSIVE
B005550,T01057,V0258,7264511.74,2026-04-01T12:29:56,1,RESPONSIVE
B005551,T01057,V0177,7300250.2,2026-03-24T12:09:39,2,RESPONSIVE
B005552,T01057,V0417,7450412.31,2026-04-03T03:56:12,3,RESPONSIVE
B005553,T01057,V0174,7625744.47,2026-04-17T00:24:12,4,RESPONSIVE
B005554,T01057,V0209,7630331.28,2026-04-15T06:48:30,5,RESPONSIVE
B005555,T01057,V0079,7820130.77,2026-03-17T22:53:09,6,RESPONSIVE
B005556,T01057,V0317,8018484.03,2026-04-16T09:10:35,7,RESPONSIVE
B005557,T01058,V0309,8297013.68,2025-04-17T06:11:36,1,RESPONSIVE
B005558,T01058,V0082,8327134.35,2025-04-12T13:36:38,2,RESPONSIVE
B005559,T01058,V0379,8747945.69,2025-04-18T17:08:57,3,RESPONSIVE
B005560,T01059,V0199,4781502.35,2025-05-16T00:03:14,1,RESPONSIVE
B005561,T01059,V0011,4785822.82,2025-05-11T07:14:17,2,RESPONSIVE
B005562,T01059,V0434,4791417.45,2025-04-28T09:05:53,3,RESPONSIVE
B005563,T01059,V0034,4871458.95,2025-05-03T07:45:22,4,RESPONSIVE
B005564,T01059,V0344,4921771.44,2025-05-04T17:21:58,5,NON_RESPONSIVE
B005565,T01059,V0013,4966682.33,2025-05-08T15:57:02,6,RESPONSIVE
B005566,T01059,V0338,5082388.26,2025-05-02T19:55:05,7,RESPONSIVE
B005567,T01059,V0241,5182864.71,2025-05-07T14:00:24,8,RESPONSIVE
B005568,T01060,V0482,10291787.66,2026-03-11T22:27:14,1,RESPONSIVE
B005569,T01060,V0011,10584747.14,2026-02-21T11:27:28,2,RESPONSIVE
B005570,T01060,V0456,10903068.52,2026-03-19T04:37:19,3,RESPONSIVE
B005571,T01060,V0396,11233090.4,2026-03-06T01:18:26,4,RESPONSIVE
B005572,T01060,V0215,11387842.94,2026-03-20T21:03:39,5,RESPONSIVE
B005573,T01060,V0175,11433215.15,2026-02-25T09:03:05,6,RESPONSIVE
B005574,T01060,V0259,11466591.08,2026-03-14T01:23:25,7,RESPONSIVE
B005575,T01061,V0354,6876378.88,2024-05-06T16:07:25,1,RESPONSIVE
B005576,T01061,V0439,7166156.5,2024-05-08T05:32:36,2,RESPONSIVE
B005577,T01061,V0262,7365137.06,2024-05-07T12:42:51,3,RESPONSIVE
B005578,T01061,V0528,7641289.12,2024-05-06T11:55:57,4,RESPONSIVE
B005579,T01062,V0302,7655313.65,2024-11-29T02:52:51,1,RESPONSIVE
B005580,T01062,V0259,7852386.53,2024-12-13T04:12:06,2,RESPONSIVE
B005581,T01062,V0079,7930532.57,2024-11-28T12:47:20,3,RESPONSIVE
B005582,T01062,V0513,8012664.8,2024-12-19T13:28:51,4,NON_RESPONSIVE
B005583,T01062,V0434,8026663.97,2024-12-08T12:58:54,5,RESPONSIVE
B005584,T01062,V0179,8068052.87,2024-12-14T12:41:48,6,RESPONSIVE
B005585,T01062,V0405,8152069.34,2024-12-14T12:15:27,7,RESPONSIVE
B005586,T01062,V0403,8225690.57,2024-12-16T08:50:25,8,RESPONSIVE
B005587,T01062,V0029,8450383.52,2024-12-02T23:20:54,9,RESPONSIVE
B005588,T01063,V0085,13512287.13,2025-08-29T02:02:02,1,RESPONSIVE
B005589,T01063,V0383,13868681.23,2025-08-23T20:28:45,2,RESPONSIVE
B005590,T01063,V0134,13883055.22,2025-08-23T20:48:00,3,RESPONSIVE
B005591,T01063,V0146,13932033.6,2025-08-21T21:43:58,4,RESPONSIVE
B005592,T01063,V0336,13970998.76,2025-08-31T04:08:59,5,RESPONSIVE
B005593,T01063,V0344,14212640.8,2025-08-27T11:30:11,6,RESPONSIVE
B005594,T01063,V0152,14309692.77,2025-09-01T05:46:04,7,RESPONSIVE
B005595,T01063,V0040,14766312.84,2025-08-19T19:52:15,8,RESPONSIVE
B005596,T01063,V0454,15330204.94,2025-09-03T06:30:04,9,RESPONSIVE
B005597,T01064,V0295,2543274.87,2025-07-23T08:27:04,1,NON_RESPONSIVE
B005598,T01064,V0355,2687140.26,2025-07-19T08:25:50,2,RESPONSIVE
B005599,T01065,V0439,66282149.58,2025-05-27T19:25:46,1,RESPONSIVE
B005600,T01065,V0264,74462968.3,2025-06-08T01:34:58,2,RESPONSIVE
B005601,T01065,V0498,75201729.55,2025-06-01T08:36:49,3,RESPONSIVE
B005602,T01065,V0481,75694762.56,2025-06-15T14:01:39,4,RESPONSIVE
B005603,T01065,V0408,77159890.78,2025-06-03T11:03:11,5,RESPONSIVE
B005604,T01065,V0083,77568908.4,2025-05-31T00:16:58,6,RESPONSIVE
B005605,T01065,V0136,77882470.71,2025-06-16T13:06:47,7,RESPONSIVE
B005606,T01066,V0288,937411.51,2026-02-03T05:07:30,1,RESPONSIVE
B005607,T01066,V0251,1018240.92,2026-01-19T22:21:34,2,RESPONSIVE
B005608,T01066,V0088,1081859.89,2026-02-05T00:16:20,3,RESPONSIVE
B005609,T01067,V0381,67339019.74,2025-01-31T01:59:50,1,RESPONSIVE
B005610,T01067,V0359,68251689.16,2025-01-23T16:24:52,2,RESPONSIVE
B005611,T01067,V0368,68696434.31,2025-01-31T10:51:53,3,RESPONSIVE
B005612,T01067,V0366,69046760.94,2025-02-04T22:46:45,4,RESPONSIVE
B005613,T01067,V0387,70678774.42,2025-01-27T01:01:12,5,RESPONSIVE
B005614,T01067,V0220,71326275.64,2025-01-18T16:08:26,6,RESPONSIVE
B005615,T01067,V0304,72561342.8,2025-01-28T21:11:14,7,RESPONSIVE
B005616,T01067,V0415,73568746.63,2025-01-21T03:02:08,8,RESPONSIVE
B005617,T01067,V0320,74883034.08,2025-01-25T18:22:24,9,RESPONSIVE
B005618,T01068,V0526,11987205.11,2024-07-29T08:27:12,1,RESPONSIVE
B005619,T01068,V0191,12395714.92,2024-08-06T04:00:23,2,RESPONSIVE
B005620,T01068,V0172,12633600.67,2024-08-08T22:31:22,3,RESPONSIVE
B005621,T01068,V0345,12869194.3,2024-07-27T15:02:47,4,RESPONSIVE
B005622,T01068,V0205,12982899.52,2024-08-06T07:59:45,5,RESPONSIVE
B005623,T01068,V0435,13357203.71,2024-08-12T16:20:35,6,RESPONSIVE
B005624,T01068,V0389,13431888.97,2024-08-17T09:41:21,7,RESPONSIVE
B005625,T01068,V0381,13498190.23,2024-07-27T19:38:51,8,RESPONSIVE
B005626,T01069,V0429,5170937.43,2025-03-12T14:57:05,1,RESPONSIVE
B005627,T01069,V0153,5346767.57,2025-03-13T13:05:45,2,RESPONSIVE
B005628,T01069,V0418,5373069.18,2025-02-26T05:20:08,3,RESPONSIVE
B005629,T01069,V0470,5510435.1,2025-02-28T00:44:48,4,RESPONSIVE
B005630,T01069,V0415,5530542.41,2025-03-20T09:05:18,5,RESPONSIVE
B005631,T01069,V0297,5786319.62,2025-03-18T18:57:29,6,RESPONSIVE
B005632,T01070,V0321,2233922.27,2025-03-30T10:42:23,1,RESPONSIVE
B005633,T01070,V0530,2240918.32,2025-04-10T15:34:58,2,RESPONSIVE
B005634,T01070,V0218,2263989.85,2025-04-05T21:56:18,3,RESPONSIVE
B005635,T01070,V0212,2402646.83,2025-03-26T19:25:02,4,RESPONSIVE
B005636,T01070,V0438,2467644.06,2025-03-28T06:47:42,5,RESPONSIVE
B005637,T01071,V0347,17378093.76,2025-08-30T00:36:55,1,RESPONSIVE
B005638,T01071,V0457,18709864.58,2025-08-25T11:29:01,2,RESPONSIVE
B005639,T01071,V0206,18739448.94,2025-08-19T13:25:09,3,RESPONSIVE
B005640,T01072,V0413,26802307.37,2024-09-09T19:51:26,1,RESPONSIVE
B005641,T01072,V0018,27036755.83,2024-09-10T16:59:21,2,RESPONSIVE
B005642,T01072,V0254,27767798.95,2024-08-16T10:24:25,3,RESPONSIVE
B005643,T01073,V0159,95219798.83,2026-04-11T23:05:46,1,RESPONSIVE
B005644,T01073,V0510,96917269.68,2026-04-21T23:09:47,2,RESPONSIVE
B005645,T01073,V0044,99967466.55,2026-04-27T02:25:05,3,RESPONSIVE
B005646,T01073,V0247,101068023.77,2026-04-20T14:36:34,4,RESPONSIVE
B005647,T01073,V0359,102908097.43,2026-04-12T00:25:23,5,RESPONSIVE
B005648,T01074,V0502,3420189.26,2024-11-21T07:11:32,1,RESPONSIVE
B005649,T01074,V0258,3453683.47,2024-12-09T01:38:27,2,RESPONSIVE
B005650,T01074,V0298,3482603.36,2024-12-10T21:38:33,3,RESPONSIVE
B005651,T01074,V0392,3629078.41,2024-11-20T03:18:18,4,RESPONSIVE
B005652,T01074,V0414,3638322.56,2024-11-27T14:17:55,5,RESPONSIVE
B005653,T01074,V0056,3652379.04,2024-11-23T20:31:01,6,NON_RESPONSIVE
B005654,T01074,V0129,3709736.35,2024-12-09T07:51:14,7,RESPONSIVE
B005655,T01074,V0367,3840589.38,2024-11-26T15:49:41,8,RESPONSIVE
B005656,T01075,V0474,28717022.22,2025-01-16T04:32:21,1,RESPONSIVE
B005657,T01075,V0301,29108918.24,2025-01-24T14:32:24,2,NON_RESPONSIVE
B005658,T01075,V0241,30387930.67,2025-01-22T05:53:07,3,RESPONSIVE
B005659,T01075,V0038,31179072.74,2025-01-22T23:12:09,4,RESPONSIVE
B005660,T01075,V0405,31587697.62,2025-01-17T01:42:03,5,RESPONSIVE
B005661,T01075,V0363,32936567.6,2025-01-23T03:45:32,6,RESPONSIVE
B005662,T01075,V0298,33223560.83,2025-01-05T08:22:41,7,RESPONSIVE
B005663,T01075,V0062,33288533.95,2025-02-02T01:50:04,8,RESPONSIVE
B005664,T01075,V0186,34700616.5,2025-01-17T02:14:55,9,RESPONSIVE
B005665,T01076,V0118,58208825.74,2024-07-09T08:32:53,1,RESPONSIVE
B005666,T01076,V0421,65148997.7,2024-07-16T17:47:26,2,RESPONSIVE
B005667,T01077,V0454,10559782.54,2024-07-12T20:16:16,1,RESPONSIVE
B005668,T01077,V0256,10780998.61,2024-07-07T19:42:43,2,RESPONSIVE
B005669,T01077,V0519,11069253.69,2024-07-07T15:57:24,3,NON_RESPONSIVE
B005670,T01077,V0013,11219233.08,2024-07-09T13:04:06,4,RESPONSIVE
B005671,T01077,V0512,11389274.36,2024-07-09T11:04:30,5,RESPONSIVE
B005672,T01078,V0215,8346753.1,2024-03-13T13:39:17,1,RESPONSIVE
B005673,T01078,V0334,8630306.4,2024-04-09T05:34:51,2,RESPONSIVE
B005674,T01078,V0549,8663420.93,2024-04-11T10:39:58,3,RESPONSIVE
B005675,T01078,V0460,8705401.01,2024-03-20T20:53:47,4,RESPONSIVE
B005676,T01078,V0266,8892179.75,2024-03-26T00:09:10,5,RESPONSIVE
B005677,T01078,V0534,9175973.26,2024-04-16T12:23:44,6,RESPONSIVE
B005678,T01078,V0129,9512985.14,2024-04-14T03:38:25,7,RESPONSIVE
B005679,T01079,V0416,25865461.89,2025-08-05T12:09:02,1,RESPONSIVE
B005680,T01079,V0437,26293062.57,2025-07-28T05:47:55,2,RESPONSIVE
B005681,T01079,V0297,26446723.42,2025-07-26T13:24:33,3,RESPONSIVE
B005682,T01079,V0081,28878696.39,2025-07-22T18:58:13,4,NON_RESPONSIVE
B005683,T01079,V0480,29511816.69,2025-07-21T06:05:14,5,RESPONSIVE
B005684,T01079,V0358,30264080.27,2025-07-26T17:35:49,6,RESPONSIVE
B005685,T01079,V0133,30409031.38,2025-07-12T18:07:10,7,RESPONSIVE
B005686,T01080,V0021,25615089.69,2025-02-03T21:39:18,1,RESPONSIVE
B005687,T01080,V0342,26657937.79,2025-02-08T13:53:15,2,RESPONSIVE
B005688,T01080,V0057,26766913.72,2025-02-16T05:27:56,3,RESPONSIVE
B005689,T01081,V0292,37282969.01,2025-12-06T22:00:11,1,RESPONSIVE
B005690,T01081,V0316,37930435.61,2025-11-27T20:14:41,2,RESPONSIVE
B005691,T01081,V0269,38806719.99,2025-11-22T03:22:58,3,RESPONSIVE
B005692,T01081,V0284,39199878.18,2025-12-07T20:13:16,4,RESPONSIVE
B005693,T01081,V0127,41410820.58,2025-12-14T19:23:09,5,RESPONSIVE
B005694,T01081,V0188,41726478.87,2025-12-15T15:28:29,6,RESPONSIVE
B005695,T01081,V0060,43397166.08,2025-12-11T17:25:24,7,RESPONSIVE
B005696,T01082,V0379,7278547.36,2024-09-14T11:55:02,1,RESPONSIVE
B005697,T01082,V0322,7521587.49,2024-09-13T16:12:45,2,NON_RESPONSIVE
B005698,T01082,V0219,7689813.91,2024-08-31T12:38:40,3,RESPONSIVE
B005699,T01082,V0388,7963888.1,2024-09-13T12:05:29,4,RESPONSIVE
B005700,T01082,V0093,7999486.0,2024-09-01T20:50:32,5,RESPONSIVE
B005701,T01083,V0174,4282968.67,2026-01-07T15:54:21,1,RESPONSIVE
B005702,T01083,V0013,4348922.0,2026-01-06T17:16:05,2,RESPONSIVE
B005703,T01083,V0177,4681219.54,2026-01-01T21:58:00,3,RESPONSIVE
B005704,T01084,V0041,1903529.96,2026-04-26T06:02:16,1,RESPONSIVE
B005705,T01084,V0026,1934428.71,2026-04-08T18:18:50,2,RESPONSIVE
B005706,T01084,V0307,1965314.7,2026-04-25T05:02:20,3,RESPONSIVE
B005707,T01085,V0025,2805843.33,2025-01-25T03:44:13,1,RESPONSIVE
B005708,T01085,V0050,2842644.8,2025-01-17T01:37:53,2,RESPONSIVE
B005709,T01086,V0144,3041379.47,2026-02-23T02:12:45,1,RESPONSIVE
B005710,T01086,V0119,3068357.72,2026-03-18T07:19:39,2,RESPONSIVE
B005711,T01086,V0026,3085924.56,2026-02-27T01:42:31,3,RESPONSIVE
B005712,T01086,V0407,3099904.6,2026-03-02T14:43:46,4,NON_RESPONSIVE
B005713,T01086,V0460,3265057.51,2026-03-02T18:49:15,5,RESPONSIVE
B005714,T01086,V0355,3332568.68,2026-03-04T23:51:39,6,RESPONSIVE
B005715,T01087,V0370,5085908.83,2025-06-22T02:54:36,1,RESPONSIVE
B005716,T01087,V0138,5140476.22,2025-07-05T18:03:09,2,NON_RESPONSIVE
B005717,T01087,V0274,5285497.18,2025-06-16T09:50:04,3,RESPONSIVE
B005718,T01087,V0276,5383659.85,2025-06-15T01:02:25,4,RESPONSIVE
B005719,T01087,V0413,5535535.09,2025-06-25T02:23:32,5,RESPONSIVE
B005720,T01087,V0306,5646446.17,2025-06-26T20:28:41,6,RESPONSIVE
B005721,T01087,V0468,5675712.22,2025-06-16T21:07:18,7,RESPONSIVE
B005722,T01088,V0457,7952640.45,2026-03-05T20:32:53,1,RESPONSIVE
B005723,T01088,V0301,8250127.6,2026-02-24T11:29:04,2,NON_RESPONSIVE
B005724,T01088,V0241,8479247.9,2026-03-05T12:56:05,3,RESPONSIVE
B005725,T01088,V0188,8588518.25,2026-02-21T16:52:25,4,RESPONSIVE
B005726,T01088,V0284,8836194.98,2026-03-05T08:06:12,5,RESPONSIVE
B005727,T01088,V0107,9810706.97,2026-02-15T01:28:44,6,RESPONSIVE
B005728,T01089,V0415,2065672.56,2026-08-29T08:07:20,1,RESPONSIVE
B005729,T01089,V0359,2135465.1,2026-08-30T22:50:38,2,RESPONSIVE
B005730,T01089,V0510,2197830.72,2026-08-30T07:35:51,3,RESPONSIVE
B005731,T01089,V0313,2210421.62,2026-08-30T11:47:41,4,RESPONSIVE
B005732,T01090,V0054,9858678.15,2024-05-02T19:37:28,1,RESPONSIVE
B005733,T01090,V0510,9912709.05,2024-05-06T23:53:18,2,RESPONSIVE
B005734,T01091,V0397,7639489.69,2024-07-18T12:10:18,1,RESPONSIVE
B005735,T01091,V0472,7771514.43,2024-06-28T00:42:04,2,RESPONSIVE
B005736,T01091,V0032,8030888.52,2024-07-08T17:11:11,3,RESPONSIVE
B005737,T01091,V0222,8052150.65,2024-07-15T16:27:28,4,RESPONSIVE
B005738,T01091,V0326,8140829.97,2024-07-18T23:59:43,5,RESPONSIVE
B005739,T01091,V0217,8201773.25,2024-07-19T07:57:53,6,RESPONSIVE
B005740,T01091,V0263,8380443.11,2024-07-05T16:17:25,7,RESPONSIVE
B005741,T01092,V0001,15566272.11,2025-10-09T11:27:46,1,RESPONSIVE
B005742,T01092,V0307,16209682.99,2025-10-20T22:10:46,2,RESPONSIVE
B005743,T01092,V0505,16812072.23,2025-10-16T20:25:20,3,RESPONSIVE
B005744,T01092,V0343,16825226.53,2025-10-27T19:01:26,4,RESPONSIVE
B005745,T01092,V0469,17274332.49,2025-10-08T03:59:56,5,RESPONSIVE
B005746,T01093,V0295,4269044.78,2024-12-24T14:18:00,1,NON_RESPONSIVE
B005747,T01093,V0025,4381766.93,2024-12-04T09:30:17,2,RESPONSIVE
B005748,T01093,V0144,4407170.9,2024-12-18T04:07:51,3,RESPONSIVE
B005749,T01093,V0072,4415555.27,2024-12-06T23:58:54,4,RESPONSIVE
B005750,T01093,V0277,4426544.97,2024-12-28T03:40:09,5,RESPONSIVE
B005751,T01093,V0050,4501760.09,2024-12-27T10:36:01,6,RESPONSIVE
B005752,T01093,V0223,4504326.24,2024-12-20T20:21:36,7,RESPONSIVE
B005753,T01093,V0460,4523260.51,2024-11-30T15:13:29,8,RESPONSIVE
B005754,T01094,V0228,8907436.75,2025-04-07T22:25:07,1,RESPONSIVE
B005755,T01094,V0537,9321334.05,2025-04-13T15:30:58,2,RESPONSIVE
B005756,T01094,V0279,9430818.11,2025-04-04T14:21:31,3,RESPONSIVE
B005757,T01094,V0201,9433731.81,2025-04-13T04:44:17,4,RESPONSIVE
B005758,T01094,V0004,9537629.75,2025-04-09T06:30:34,5,RESPONSIVE
B005759,T01094,V0255,9666609.46,2025-04-05T12:52:31,6,RESPONSIVE
B005760,T01094,V0230,9721307.7,2025-04-13T18:20:41,7,RESPONSIVE
B005761,T01094,V0187,9815569.08,2025-04-13T07:13:18,8,RESPONSIVE
B005762,T01094,V0304,10154790.69,2025-04-12T14:50:11,9,RESPONSIVE
B005763,T01095,V0023,32092762.61,2026-08-01T21:00:37,1,RESPONSIVE
B005764,T01095,V0123,32151619.13,2026-08-13T09:13:25,2,RESPONSIVE
B005765,T01095,V0117,32194282.83,2026-08-10T04:52:54,3,RESPONSIVE
B005766,T01095,V0330,34123716.16,2026-08-16T17:49:05,4,RESPONSIVE
B005767,T01095,V0039,34203332.0,2026-07-26T08:16:02,5,RESPONSIVE
B005768,T01096,V0206,106042016.57,2026-08-25T16:12:25,1,RESPONSIVE
B005769,T01096,V0412,114937303.44,2026-08-29T05:47:06,2,RESPONSIVE
B005770,T01096,V0267,116670252.02,2026-08-20T19:28:17,3,RESPONSIVE
B005771,T01097,V0054,75218489.93,2025-01-07T04:48:28,1,RESPONSIVE
B005772,T01097,V0271,76875038.69,2025-01-08T12:38:12,2,RESPONSIVE
B005773,T01097,V0289,78718597.88,2025-01-06T23:27:43,3,RESPONSIVE
B005774,T01097,V0418,78945202.0,2025-01-09T03:41:35,4,RESPONSIVE
B005775,T01097,V0387,80327839.21,2025-01-03T19:22:49,5,RESPONSIVE
B005776,T01097,V0531,80339365.01,2024-12-29T23:17:35,6,RESPONSIVE
B005777,T01097,V0544,86443172.86,2025-01-01T21:46:22,7,RESPONSIVE
B005778,T01098,V0303,13341545.57,2024-01-17T20:51:06,1,RESPONSIVE
B005779,T01098,V0362,13615605.52,2024-01-19T22:13:11,2,RESPONSIVE
B005780,T01098,V0028,14815265.15,2024-01-28T18:33:07,3,RESPONSIVE
B005781,T01098,V0071,15299268.54,2024-01-22T02:06:21,4,RESPONSIVE
B005782,T01099,V0219,3023788.66,2024-03-19T09:10:46,1,RESPONSIVE
B005783,T01099,V0123,3034653.82,2024-03-22T11:09:09,2,RESPONSIVE
B005784,T01099,V0151,3055981.88,2024-03-26T20:26:15,3,RESPONSIVE
B005785,T01099,V0319,3096871.94,2024-03-26T20:14:58,4,RESPONSIVE
B005786,T01099,V0093,3172596.41,2024-03-20T12:50:47,5,RESPONSIVE
B005787,T01100,V0377,6397252.69,2024-08-27T08:47:52,1,RESPONSIVE
B005788,T01100,V0003,6820961.6,2024-09-09T11:21:39,2,RESPONSIVE
B005789,T01100,V0228,7267978.49,2024-09-10T19:35:17,3,RESPONSIVE
B005790,T01101,V0249,3689178.19,2024-09-04T16:25:53,1,RESPONSIVE
B005791,T01101,V0413,3887559.21,2024-09-12T03:10:25,2,NON_RESPONSIVE
B005792,T01101,V0298,4015720.44,2024-09-03T00:20:58,3,RESPONSIVE
B005793,T01101,V0309,4192901.86,2024-09-14T20:30:31,4,RESPONSIVE
B005794,T01102,V0212,1752697.39,2025-06-20T23:35:27,1,RESPONSIVE
B005795,T01102,V0436,1772779.89,2025-07-27T22:29:08,2,RESPONSIVE
B005796,T01102,V0161,1773604.03,2025-06-19T18:44:01,3,RESPONSIVE
B005797,T01102,V0419,1777187.99,2025-07-23T03:42:10,4,RESPONSIVE
B005798,T01102,V0003,1866320.52,2025-07-27T03:34:53,5,RESPONSIVE
B005799,T01103,V0538,4420144.19,2026-01-04T13:19:17,1,RESPONSIVE
B005800,T01103,V0090,4620865.18,2025-12-27T17:20:48,2,RESPONSIVE
B005801,T01103,V0439,4635054.86,2025-12-22T16:48:26,3,RESPONSIVE
B005802,T01103,V0431,4808661.14,2025-12-10T23:36:27,4,RESPONSIVE
B005803,T01103,V0077,4810073.82,2025-12-07T09:51:51,5,RESPONSIVE
B005804,T01103,V0264,4818798.96,2026-01-07T05:01:43,6,RESPONSIVE
B005805,T01103,V0505,4856593.5,2025-12-25T01:51:12,7,RESPONSIVE
B005806,T01103,V0463,4885294.89,2026-01-06T10:57:09,8,RESPONSIVE
B005807,T01104,V0029,5506312.12,2026-01-05T16:13:55,1,RESPONSIVE
B005808,T01104,V0298,5569974.21,2025-12-31T17:15:51,2,RESPONSIVE
B005809,T01104,V0414,5630970.77,2025-12-27T18:14:22,3,RESPONSIVE
B005810,T01105,V0032,6601536.69,2024-06-24T16:40:52,1,RESPONSIVE
B005811,T01105,V0328,6683184.88,2024-06-24T15:24:07,2,RESPONSIVE
B005812,T01105,V0160,6695460.61,2024-06-25T06:05:51,3,RESPONSIVE
B005813,T01105,V0397,6772399.63,2024-06-24T13:25:23,4,RESPONSIVE
B005814,T01105,V0326,6804705.61,2024-07-01T02:45:44,5,RESPONSIVE
B005815,T01105,V0402,6971866.34,2024-06-28T18:31:54,6,RESPONSIVE
B005816,T01105,V0530,7113264.07,2024-06-30T08:14:35,7,RESPONSIVE
B005817,T01105,V0239,7153525.7,2024-07-01T21:05:01,8,RESPONSIVE
B005818,T01105,V0253,8026846.0,2024-06-25T15:58:36,9,RESPONSIVE
B005819,T01106,V0091,29378775.78,2025-06-07T10:52:35,1,RESPONSIVE
B005820,T01106,V0484,29984238.9,2025-05-27T14:50:49,2,RESPONSIVE
B005821,T01106,V0271,30220519.96,2025-05-20T23:43:42,3,RESPONSIVE
B005822,T01106,V0017,31148066.95,2025-05-31T09:03:09,4,RESPONSIVE
B005823,T01106,V0172,31611877.18,2025-05-18T22:04:09,5,RESPONSIVE
B005824,T01106,V0225,31998886.89,2025-05-30T04:57:02,6,RESPONSIVE
B005825,T01106,V0054,32029404.89,2025-05-16T23:31:57,7,RESPONSIVE
B005826,T01106,V0547,32047530.0,2025-05-21T08:07:46,8,RESPONSIVE
B005827,T01106,V0478,32048670.11,2025-06-05T05:52:06,9,RESPONSIVE
B005828,T01107,V0304,13897493.41,2025-10-17T21:04:41,1,RESPONSIVE
B005829,T01107,V0516,14199454.85,2025-10-04T07:17:05,2,RESPONSIVE
B005830,T01107,V0224,14693424.2,2025-09-27T15:23:30,3,RESPONSIVE
B005831,T01107,V0455,15347732.57,2025-10-12T20:24:03,4,RESPONSIVE
B005832,T01108,V0458,2673733.59,2026-08-20T07:38:53,1,RESPONSIVE
B005833,T01108,V0158,2698580.0,2026-08-23T06:21:36,2,RESPONSIVE
B005834,T01108,V0337,2790827.49,2026-08-21T16:03:56,3,RESPONSIVE
B005835,T01109,V0185,10212289.82,2026-08-23T23:25:24,1,RESPONSIVE
B005836,T01109,V0080,10245394.61,2026-08-29T09:38:17,2,RESPONSIVE
B005837,T01109,V0436,10359368.54,2026-08-26T13:54:14,3,RESPONSIVE
B005838,T01109,V0212,10392895.1,2026-08-26T02:36:00,4,RESPONSIVE
B005839,T01109,V0115,10443079.63,2026-08-21T17:14:21,5,NON_RESPONSIVE
B005840,T01109,V0472,10572928.22,2026-08-19T20:49:14,6,RESPONSIVE
B005841,T01109,V0533,10611548.45,2026-08-28T19:26:43,7,RESPONSIVE
B005842,T01109,V0019,10913953.5,2026-08-17T18:37:05,8,RESPONSIVE
B005843,T01110,V0421,20684861.91,2024-03-13T18:38:36,1,RESPONSIVE
B005844,T01110,V0054,20725555.11,2024-03-13T11:28:25,2,RESPONSIVE
B005845,T01110,V0304,20834481.52,2024-03-09T09:48:14,3,RESPONSIVE
B005846,T01110,V0313,20889967.93,2024-03-07T22:24:22,4,RESPONSIVE
B005847,T01110,V0381,21033200.89,2024-03-13T19:27:00,5,RESPONSIVE
B005848,T01110,V0366,21051276.77,2024-03-03T20:45:23,6,RESPONSIVE
B005849,T01110,V0426,21201321.82,2024-03-13T22:19:39,7,RESPONSIVE
B005850,T01110,V0091,21330934.01,2024-03-01T17:16:44,8,RESPONSIVE
B005851,T01110,V0385,21814060.66,2024-03-14T00:54:37,9,RESPONSIVE
B005852,T01110,V0332,22601288.52,2024-03-07T09:52:07,10,RESPONSIVE
B005853,T01111,V0326,1334668.62,2025-05-26T18:16:58,1,RESPONSIVE
B005854,T01111,V0380,1340295.23,2025-06-03T21:37:51,2,RESPONSIVE
B005855,T01112,V0178,3179325.14,2024-05-25T05:40:54,1,RESPONSIVE
B005856,T01112,V0086,3257675.82,2024-05-17T02:38:26,2,RESPONSIVE
B005857,T01112,V0527,3274530.01,2024-05-31T11:52:22,3,RESPONSIVE
B005858,T01112,V0459,3283658.37,2024-05-23T09:31:59,4,RESPONSIVE
B005859,T01112,V0291,3481657.39,2024-05-29T19:54:23,5,RESPONSIVE
B005860,T01113,V0429,18913010.39,2025-09-27T21:58:22,1,RESPONSIVE
B005861,T01113,V0218,19152677.93,2025-09-27T18:23:25,2,NON_RESPONSIVE
B005862,T01113,V0359,19353996.27,2025-09-24T15:47:31,3,RESPONSIVE
B005863,T01113,V0455,19377816.12,2025-10-07T19:43:20,4,RESPONSIVE
B005864,T01114,V0510,26812081.7,2025-11-19T17:34:02,1,NON_RESPONSIVE
B005865,T01114,V0401,28177589.59,2025-11-09T02:18:59,2,RESPONSIVE
B005866,T01114,V0320,30365499.85,2025-11-21T10:21:09,3,RESPONSIVE
B005867,T01115,V0179,9106911.22,2024-07-19T15:25:57,1,RESPONSIVE
B005868,T01115,V0241,9680612.56,2024-08-13T13:26:10,2,RESPONSIVE
B005869,T01115,V0129,10082903.12,2024-08-03T16:49:02,3,NON_RESPONSIVE
B005870,T01115,V0383,10633773.52,2024-08-03T21:47:42,4,RESPONSIVE
B005871,T01116,V0249,52592399.83,2024-12-04T23:54:27,1,RESPONSIVE
B005872,T01116,V0274,52932212.62,2024-12-29T09:10:16,2,RESPONSIVE
B005873,T01116,V0060,53381471.1,2024-12-21T23:38:01,3,RESPONSIVE
B005874,T01116,V0412,55221420.65,2024-12-23T06:06:39,4,RESPONSIVE
B005875,T01116,V0066,55317718.22,2024-12-21T11:25:04,5,RESPONSIVE
B005876,T01116,V0127,58393269.23,2024-12-19T22:45:17,6,RESPONSIVE
B005877,T01116,V0046,59556828.23,2024-12-19T06:30:53,7,RESPONSIVE
B005878,T01117,V0142,3416537.77,2025-09-22T19:59:04,1,RESPONSIVE
B005879,T01117,V0402,3423506.88,2025-09-19T03:28:33,2,RESPONSIVE
B005880,T01117,V0112,3549842.01,2025-09-26T17:55:35,3,RESPONSIVE
B005881,T01117,V0337,3562496.07,2025-09-23T16:53:58,4,RESPONSIVE
B005882,T01118,V0353,18839001.48,2024-03-06T04:01:15,1,RESPONSIVE
B005883,T01118,V0311,18849882.35,2024-03-19T06:50:41,2,RESPONSIVE
B005884,T01118,V0387,19115362.63,2024-02-24T09:56:49,3,RESPONSIVE
B005885,T01119,V0144,542536.27,2025-10-29T18:36:11,1,RESPONSIVE
B005886,T01119,V0460,574897.86,2025-10-31T04:46:33,2,RESPONSIVE
B005887,T01119,V0295,606893.52,2025-11-26T09:09:03,3,RESPONSIVE
B005888,T01119,V0026,612063.44,2025-10-22T06:29:15,4,RESPONSIVE
B005889,T01119,V0119,615897.43,2025-11-03T11:39:27,5,RESPONSIVE
B005890,T01119,V0113,617349.0,2025-11-02T13:02:47,6,RESPONSIVE
B005891,T01120,V0276,5334535.83,2024-10-10T18:02:04,1,RESPONSIVE
B005892,T01120,V0242,5358043.0,2024-10-22T14:46:01,2,RESPONSIVE
B005893,T01120,V0310,5440713.24,2024-10-17T01:21:33,3,RESPONSIVE
B005894,T01120,V0016,5563169.32,2024-10-16T10:17:21,4,RESPONSIVE
B005895,T01120,V0379,5686874.48,2024-10-15T14:09:57,5,RESPONSIVE
B005896,T01120,V0211,5739368.86,2024-10-22T13:31:31,6,RESPONSIVE
B005897,T01121,V0370,44064881.13,2025-10-12T13:56:05,1,RESPONSIVE
B005898,T01121,V0515,46534290.35,2025-10-01T05:02:30,2,RESPONSIVE
B005899,T01121,V0195,47251162.75,2025-10-16T05:20:43,3,RESPONSIVE
B005900,T01121,V0004,48004069.97,2025-10-21T19:17:40,4,RESPONSIVE
B005901,T01122,V0236,8807806.38,2024-06-17T20:27:29,1,RESPONSIVE
B005902,T01122,V0492,9224366.26,2024-06-08T00:24:32,2,RESPONSIVE
B005903,T01122,V0245,10571576.31,2024-06-10T00:55:47,3,RESPONSIVE
B005904,T01123,V0255,50742787.94,2025-08-02T08:57:48,1,RESPONSIVE
B005905,T01123,V0368,51624527.14,2025-08-09T06:40:55,2,RESPONSIVE
B005906,T01123,V0247,53844611.71,2025-08-02T03:15:32,3,RESPONSIVE
B005907,T01123,V0218,54117345.95,2025-07-17T13:58:58,4,RESPONSIVE
B005908,T01123,V0182,55700322.81,2025-07-30T15:22:13,5,RESPONSIVE
B005909,T01123,V0159,55893643.47,2025-07-26T19:48:59,6,RESPONSIVE
B005910,T01124,V0117,87657674.96,2025-02-25T09:16:06,1,RESPONSIVE
B005911,T01124,V0206,91496208.44,2025-02-19T07:58:05,2,RESPONSIVE
B005912,T01124,V0195,93203514.13,2025-02-15T14:07:20,3,RESPONSIVE
B005913,T01124,V0370,98535707.94,2025-02-27T12:49:01,4,RESPONSIVE
B005914,T01124,V0316,99307351.84,2025-02-22T04:47:27,5,RESPONSIVE
B005915,T01125,V0525,63314310.8,2024-08-09T07:16:52,1,RESPONSIVE
B005916,T01125,V0225,64193027.87,2024-08-18T07:21:20,2,RESPONSIVE
B005917,T01125,V0353,66768645.67,2024-07-31T16:05:08,3,RESPONSIVE
B005918,T01125,V0094,67670914.3,2024-08-07T05:53:49,4,RESPONSIVE
B005919,T01125,V0121,69191406.3,2024-07-31T11:06:44,5,NON_RESPONSIVE
B005920,T01125,V0064,69220657.97,2024-07-27T09:47:28,6,RESPONSIVE
B005921,T01125,V0476,69628595.54,2024-08-25T07:57:49,7,RESPONSIVE
B005922,T01125,V0464,70598391.17,2024-07-31T11:01:06,8,RESPONSIVE
B005923,T01125,V0205,70638536.69,2024-08-17T05:41:06,9,RESPONSIVE
B005924,T01126,V0114,37962635.4,2024-11-11T14:13:40,1,RESPONSIVE
B005925,T01126,V0299,38911890.14,2024-11-11T20:40:43,2,RESPONSIVE
B005926,T01126,V0525,41581256.39,2024-11-25T22:22:24,3,RESPONSIVE
B005927,T01126,V0510,41875036.37,2024-11-19T16:30:08,4,RESPONSIVE
B005928,T01126,V0159,42065187.96,2024-11-23T23:54:23,5,RESPONSIVE
B005929,T01126,V0006,42457937.92,2024-11-25T09:15:15,6,RESPONSIVE
B005930,T01127,V0295,5084037.05,2024-09-24T16:27:58,1,NON_RESPONSIVE
B005931,T01127,V0407,5188485.09,2024-10-08T22:17:15,2,RESPONSIVE
B005932,T01127,V0184,5209905.18,2024-10-03T19:23:37,3,RESPONSIVE
B005933,T01127,V0307,5248051.65,2024-09-23T17:46:32,4,RESPONSIVE
B005934,T01127,V0355,5315089.39,2024-09-18T18:37:05,5,RESPONSIVE
B005935,T01127,V0119,5338108.16,2024-10-06T18:18:12,6,RESPONSIVE
B005936,T01127,V0072,5369727.9,2024-09-29T02:57:30,7,RESPONSIVE
B005937,T01127,V0277,5426939.62,2024-10-05T02:51:21,8,RESPONSIVE
B005938,T01127,V0050,5513926.69,2024-09-16T08:22:44,9,RESPONSIVE
B005939,T01127,V0026,5628351.53,2024-10-11T19:19:50,10,RESPONSIVE
B005940,T01128,V0282,1827233.46,2024-04-06T04:41:38,1,RESPONSIVE
B005941,T01128,V0419,1905163.6,2024-04-03T16:51:48,2,RESPONSIVE
B005942,T01128,V0230,1936195.65,2024-04-09T13:18:03,3,RESPONSIVE
B005943,T01129,V0050,10680176.48,2025-06-23T06:51:43,1,RESPONSIVE
B005944,T01129,V0041,10834211.42,2025-06-18T12:46:42,2,RESPONSIVE
B005945,T01129,V0355,10952081.48,2025-06-29T02:13:25,3,RESPONSIVE
B005946,T01130,V0169,8476153.29,2026-07-08T18:37:11,1,RESPONSIVE
B005947,T01130,V0228,8695774.09,2026-07-15T09:11:37,2,RESPONSIVE
B005948,T01130,V0397,8874534.99,2026-07-07T12:26:54,3,RESPONSIVE
B005949,T01130,V0394,9029498.38,2026-07-10T16:27:51,4,RESPONSIVE
B005950,T01130,V0263,9291587.73,2026-07-15T10:17:58,5,RESPONSIVE
B005951,T01130,V0455,9416803.67,2026-07-11T16:45:13,6,NON_RESPONSIVE
B005952,T01131,V0019,3122976.26,2024-10-11T08:03:06,1,RESPONSIVE
B005953,T01131,V0304,3244476.19,2024-10-23T07:02:01,2,RESPONSIVE
B005954,T01131,V0185,3303703.34,2024-11-09T15:55:35,3,RESPONSIVE
B005955,T01132,V0204,30134284.9,2024-08-28T07:26:00,1,RESPONSIVE
B005956,T01132,V0486,30151522.34,2024-08-22T22:12:53,2,RESPONSIVE
B005957,T01132,V0341,30707772.57,2024-08-27T03:25:53,3,RESPONSIVE
B005958,T01132,V0049,31490594.13,2024-09-02T07:32:41,4,RESPONSIVE
B005959,T01132,V0420,32078220.3,2024-08-22T12:25:25,5,RESPONSIVE
B005960,T01132,V0022,32736567.2,2024-08-27T20:22:00,6,RESPONSIVE
B005961,T01133,V0504,226566015.41,2026-01-02T09:15:14,1,RESPONSIVE
B005962,T01133,V0127,230455394.57,2026-01-10T04:51:02,2,RESPONSIVE
B005963,T01133,V0123,233465563.75,2026-01-12T18:37:28,3,RESPONSIVE
B005964,T01133,V0107,237593986.25,2026-01-12T04:09:46,4,RESPONSIVE
B005965,T01133,V0318,237749353.28,2026-01-08T20:00:56,5,RESPONSIVE
B005966,T01133,V0301,238928294.47,2026-01-12T12:08:46,6,RESPONSIVE
B005967,T01133,V0117,245080957.3,2026-01-06T10:59:49,7,RESPONSIVE
B005968,T01133,V0023,250538165.48,2026-01-06T07:41:54,8,RESPONSIVE
B005969,T01134,V0178,3811169.6,2025-03-28T03:01:38,1,RESPONSIVE
B005970,T01134,V0171,4033167.41,2025-04-22T13:02:04,2,RESPONSIVE
B005971,T01134,V0087,4092395.42,2025-03-26T18:03:27,3,RESPONSIVE
B005972,T01134,V0113,4151093.72,2025-04-01T03:20:34,4,RESPONSIVE
B005973,T01134,V0459,4151860.09,2025-03-27T23:11:07,5,RESPONSIVE
B005974,T01134,V0502,4240606.92,2025-03-30T20:43:10,6,RESPONSIVE
B005975,T01134,V0456,4310466.81,2025-03-27T07:35:53,7,RESPONSIVE
B005976,T01134,V0040,4371269.97,2025-04-04T21:06:58,8,RESPONSIVE
B005977,T01134,V0308,4507759.33,2025-03-27T11:45:04,9,RESPONSIVE
B005978,T01135,V0396,3917609.26,2024-05-18T08:37:24,1,RESPONSIVE
B005979,T01135,V0047,4122517.2,2024-05-16T05:34:57,2,RESPONSIVE
B005980,T01136,V0483,11351734.8,2024-10-18T09:16:34,1,RESPONSIVE
B005981,T01136,V0332,11535491.15,2024-10-14T08:43:17,2,RESPONSIVE
B005982,T01136,V0054,12156431.63,2024-10-16T21:00:37,3,RESPONSIVE
B005983,T01136,V0212,12665019.02,2024-10-18T19:12:57,4,RESPONSIVE
B005984,T01137,V0288,4620324.57,2025-05-29T19:03:34,1,RESPONSIVE
B005985,T01137,V0201,4744290.05,2025-05-30T04:07:27,2,RESPONSIVE
B005986,T01137,V0230,4840613.29,2025-06-18T21:15:03,3,RESPONSIVE
B005987,T01137,V0394,4915954.91,2025-06-17T04:36:16,4,RESPONSIVE
B005988,T01137,V0458,4980309.03,2025-06-04T21:33:56,5,RESPONSIVE
B005989,T01138,V0166,13584456.93,2024-07-27T09:09:32,1,RESPONSIVE
B005990,T01138,V0013,14134130.27,2024-07-24T11:06:44,2,RESPONSIVE
B005991,T01138,V0158,14701584.08,2024-07-15T01:43:45,3,RESPONSIVE
B005992,T01138,V0247,14791934.15,2024-07-07T12:46:29,4,RESPONSIVE
B005993,T01138,V0121,14963196.69,2024-07-29T06:47:21,5,RESPONSIVE
B005994,T01139,V0504,153662136.34,2026-04-25T17:07:16,1,RESPONSIVE
B005995,T01139,V0322,153899739.01,2026-03-26T15:46:35,2,RESPONSIVE
B005996,T01139,V0249,154698202.14,2026-04-25T14:34:14,3,RESPONSIVE
B005997,T01139,V0327,157319586.89,2026-04-25T03:52:57,4,RESPONSIVE
B005998,T01139,V0379,164635505.17,2026-03-26T20:51:41,5,RESPONSIVE
B005999,T01139,V0292,165122519.57,2026-04-14T15:31:08,6,RESPONSIVE
B006000,T01139,V0135,165486971.79,2026-04-18T13:07:15,7,RESPONSIVE
B006001,T01139,V0301,168505913.49,2026-04-07T20:18:47,8,RESPONSIVE
B006002,T01140,V0211,350400.01,2025-11-16T18:26:42,1,RESPONSIVE
B006003,T01140,V0274,368728.65,2025-11-05T02:53:47,2,RESPONSIVE
B006004,T01141,V0099,48563424.89,2025-10-29T07:27:48,1,RESPONSIVE
B006005,T01141,V0067,49064543.42,2025-10-29T01:39:52,2,RESPONSIVE
B006006,T01141,V0437,49346352.9,2025-10-28T14:19:26,3,RESPONSIVE
B006007,T01141,V0324,51136008.96,2025-10-11T23:52:14,4,RESPONSIVE
B006008,T01141,V0081,51833524.14,2025-10-22T11:48:34,5,RESPONSIVE
B006009,T01142,V0244,25316298.76,2025-06-15T20:15:29,1,RESPONSIVE
B006010,T01142,V0292,25517953.69,2025-06-12T14:01:45,2,RESPONSIVE
B006011,T01142,V0363,25795241.25,2025-06-11T21:36:32,3,RESPONSIVE
B006012,T01142,V0023,25844365.86,2025-06-15T11:01:07,4,RESPONSIVE
B006013,T01142,V0188,25988335.5,2025-06-21T12:27:23,5,RESPONSIVE
B006014,T01142,V0322,26064578.08,2025-06-20T09:56:08,6,RESPONSIVE
B006015,T01142,V0319,26068282.06,2025-06-16T04:03:01,7,RESPONSIVE
B006016,T01142,V0097,26203054.73,2025-06-21T12:50:47,8,RESPONSIVE
B006017,T01142,V0284,27058531.18,2025-06-15T15:20:14,9,RESPONSIVE
B006018,T01142,V0014,27354086.58,2025-06-22T13:05:49,10,RESPONSIVE
B006019,T01142,V0062,27838951.32,2025-06-21T16:27:59,11,RESPONSIVE
B006020,T01143,V0271,45243998.87,2025-06-08T15:47:17,1,RESPONSIVE
B006021,T01143,V0359,45245922.31,2025-05-23T23:56:26,2,RESPONSIVE
B006022,T01143,V0324,45710560.68,2025-05-23T03:36:30,3,RESPONSIVE
B006023,T01143,V0487,47394005.05,2025-05-24T22:36:11,4,RESPONSIVE
B006024,T01144,V0326,2766049.99,2025-08-11T19:35:20,1,RESPONSIVE
B006025,T01144,V0530,3030027.67,2025-08-21T06:47:28,2,RESPONSIVE
B006026,T01144,V0245,3045318.36,2025-07-30T23:43:50,3,RESPONSIVE
B006027,T01144,V0488,3106389.07,2025-08-11T19:45:31,4,RESPONSIVE
B006028,T01144,V0228,3138422.65,2025-08-16T10:59:09,5,RESPONSIVE
B006029,T01144,V0422,3207028.47,2025-08-03T16:16:32,6,RESPONSIVE
B006030,T01144,V0380,3238461.84,2025-08-25T03:08:04,7,RESPONSIVE
B006031,T01145,V0329,6109957.87,2024-03-05T05:29:33,1,RESPONSIVE
B006032,T01145,V0406,6181912.93,2024-03-05T11:09:49,2,RESPONSIVE
B006033,T01145,V0204,6257454.11,2024-02-28T03:36:11,3,NON_RESPONSIVE
B006034,T01145,V0001,6525755.65,2024-03-14T00:15:16,4,RESPONSIVE
B006035,T01145,V0243,6640209.02,2024-03-05T21:14:47,5,RESPONSIVE
B006036,T01146,V0326,12306245.65,2025-08-02T12:50:05,1,RESPONSIVE
B006037,T01146,V0375,13237253.16,2025-07-28T11:22:41,2,RESPONSIVE
B006038,T01146,V0488,13845598.65,2025-08-02T12:48:08,3,RESPONSIVE
B006039,T01146,V0032,13903577.84,2025-07-29T15:27:11,4,RESPONSIVE
B006040,T01147,V0244,2986261.49,2025-04-05T12:08:37,1,RESPONSIVE
B006041,T01147,V0002,2987324.17,2025-03-31T19:50:10,2,RESPONSIVE
B006042,T01147,V0203,3001592.82,2025-03-29T10:58:11,3,RESPONSIVE
B006043,T01147,V0309,3091881.86,2025-04-01T14:23:26,4,RESPONSIVE
B006044,T01147,V0092,3229505.57,2025-04-05T23:30:27,5,RESPONSIVE
B006045,T01147,V0073,3309375.85,2025-03-30T09:59:59,6,RESPONSIVE
B006046,T01148,V0385,50952308.3,2026-08-01T17:39:24,1,RESPONSIVE
B006047,T01148,V0443,51966319.02,2026-08-03T06:32:38,2,RESPONSIVE
B006048,T01148,V0480,52648946.85,2026-08-10T01:02:11,3,RESPONSIVE
B006049,T01148,V0172,54097121.63,2026-07-26T04:46:03,4,RESPONSIVE
B006050,T01148,V0250,54866349.1,2026-08-01T07:26:58,5,RESPONSIVE
B006051,T01148,V0193,55353997.6,2026-08-04T17:18:15,6,RESPONSIVE
B006052,T01149,V0025,1363563.27,2025-01-13T05:13:41,1,RESPONSIVE
B006053,T01149,V0026,1395747.04,2024-12-31T08:49:37,2,RESPONSIVE
B006054,T01149,V0277,1432870.66,2025-01-03T12:43:51,3,RESPONSIVE
B006055,T01149,V0355,1439245.56,2025-01-02T00:39:44,4,RESPONSIVE
B006056,T01149,V0223,1473245.37,2025-01-04T05:10:22,5,RESPONSIVE
B006057,T01149,V0460,1553903.21,2024-12-22T05:31:08,6,RESPONSIVE
B006058,T01150,V0244,878586.99,2025-03-16T22:26:11,1,RESPONSIVE
B006059,T01150,V0309,885446.18,2025-03-11T21:34:40,2,RESPONSIVE
B006060,T01150,V0195,909170.28,2025-03-10T11:53:05,3,RESPONSIVE
B006061,T01150,V0473,931941.07,2025-03-14T14:16:27,4,RESPONSIVE
B006062,T01150,V0413,952893.0,2025-03-17T04:20:41,5,RESPONSIVE
B006063,T01151,V0244,33540149.37,2024-02-23T11:18:13,1,RESPONSIVE
B006064,T01151,V0195,34249017.45,2024-03-13T11:58:02,2,RESPONSIVE
B006065,T01151,V0023,34492773.85,2024-03-22T13:38:48,3,RESPONSIVE
B006066,T01151,V0004,34586888.76,2024-03-14T15:57:57,4,RESPONSIVE
B006067,T01151,V0198,34895142.21,2024-02-19T08:28:27,5,RESPONSIVE
B006068,T01151,V0281,35561059.97,2024-03-10T08:32:21,6,RESPONSIVE
B006069,T01151,V0186,36654215.38,2024-02-29T11:22:45,7,RESPONSIVE
B006070,T01152,V0029,10672902.96,2025-04-24T07:09:54,1,RESPONSIVE
B006071,T01152,V0340,10810838.18,2025-04-24T02:16:55,2,RESPONSIVE
B006072,T01152,V0361,11330794.77,2025-04-16T17:47:06,3,RESPONSIVE
B006073,T01152,V0394,11428076.94,2025-04-21T04:18:38,4,RESPONSIVE
B006074,T01152,V0537,11495058.79,2025-04-19T08:36:52,5,RESPONSIVE
B006075,T01152,V0422,11818255.58,2025-04-21T08:00:37,6,RESPONSIVE
B006076,T01153,V0218,6209145.11,2026-06-12T21:39:22,1,RESPONSIVE
B006077,T01153,V0488,6250624.29,2026-06-23T19:26:45,2,RESPONSIVE
B006078,T01153,V0422,6252904.04,2026-06-15T09:27:26,3,RESPONSIVE
B006079,T01153,V0288,6276093.4,2026-06-24T05:10:56,4,RESPONSIVE
B006080,T01153,V0249,6385816.86,2026-06-16T19:05:00,5,RESPONSIVE
B006081,T01153,V0275,6568324.17,2026-07-03T23:03:28,6,RESPONSIVE
B006082,T01153,V0019,6573857.79,2026-06-27T16:31:05,7,RESPONSIVE
B006083,T01154,V0460,5448452.0,2025-04-14T18:53:14,1,RESPONSIVE
B006084,T01154,V0215,5616248.1,2025-04-05T09:11:41,2,RESPONSIVE
B006085,T01154,V0336,5701583.78,2025-04-14T23:33:52,3,RESPONSIVE
B006086,T01154,V0527,5755316.55,2025-04-10T03:46:55,4,RESPONSIVE
B006087,T01154,V0549,5943098.31,2025-04-04T23:54:55,5,NON_RESPONSIVE
B006088,T01154,V0144,5972606.07,2025-04-09T13:41:09,6,RESPONSIVE
B006089,T01155,V0145,11262123.07,2024-08-21T09:27:07,1,RESPONSIVE
B006090,T01155,V0472,11412892.06,2024-07-29T12:01:51,2,RESPONSIVE
B006091,T01155,V0189,11888354.87,2024-08-12T06:12:30,3,RESPONSIVE
B006092,T01156,V0254,703714.88,2024-02-06T03:00:07,1,RESPONSIVE
B006093,T01156,V0523,744666.77,2024-01-30T21:37:33,2,RESPONSIVE
B006094,T01156,V0127,751261.58,2024-02-10T01:51:45,3,RESPONSIVE
B006095,T01156,V0014,758456.4,2024-02-26T16:34:24,4,RESPONSIVE
B006096,T01156,V0319,787075.36,2024-02-07T20:37:26,5,RESPONSIVE
B006097,T01157,V0483,32829449.73,2025-06-15T05:56:18,1,RESPONSIVE
B006098,T01157,V0126,34933159.13,2025-06-22T15:00:10,2,RESPONSIVE
B006099,T01158,V0528,8303158.6,2026-03-12T18:14:26,1,RESPONSIVE
B006100,T01158,V0463,8517267.52,2026-03-05T10:53:33,2,RESPONSIVE
B006101,T01158,V0498,8880593.0,2026-03-13T14:32:42,3,RESPONSIVE
B006102,T01158,V0200,8914641.41,2026-03-12T00:04:12,4,RESPONSIVE
B006103,T01158,V0240,8941314.65,2026-03-06T05:07:03,5,RESPONSIVE
B006104,T01158,V0096,9189600.99,2026-03-02T01:40:36,6,RESPONSIVE
B006105,T01158,V0350,9310406.14,2026-03-14T05:13:27,7,RESPONSIVE
B006106,T01158,V0264,9358204.0,2026-02-25T21:37:49,8,RESPONSIVE
B006107,T01158,V0505,10169304.09,2026-02-16T21:10:45,9,RESPONSIVE
B006108,T01159,V0537,17305783.32,2024-07-24T17:35:52,1,RESPONSIVE
B006109,T01159,V0120,18203337.46,2024-07-22T13:32:53,2,RESPONSIVE
B006110,T01159,V0470,18864515.07,2024-07-27T02:20:14,3,RESPONSIVE
B006111,T01159,V0415,18911069.36,2024-07-26T23:15:29,4,RESPONSIVE
B006112,T01159,V0187,18942723.2,2024-07-20T13:19:41,5,RESPONSIVE
B006113,T01160,V0353,14586346.08,2025-06-30T18:02:42,1,RESPONSIVE
B006114,T01160,V0346,14619030.51,2025-07-18T06:09:05,2,RESPONSIVE
B006115,T01160,V0426,15074185.07,2025-07-04T01:58:05,3,RESPONSIVE
B006116,T01160,V0137,15090522.18,2025-06-26T14:58:02,4,RESPONSIVE
B006117,T01160,V0368,15538062.33,2025-07-09T06:00:50,5,RESPONSIVE
B006118,T01160,V0427,16239905.41,2025-06-29T11:03:25,6,RESPONSIVE
B006119,T01161,V0087,10526358.81,2026-04-26T04:52:39,1,RESPONSIVE
B006120,T01161,V0040,10723239.58,2026-04-27T08:21:25,2,RESPONSIVE
B006121,T01161,V0383,10768058.37,2026-05-04T17:10:50,3,RESPONSIVE
B006122,T01161,V0214,10874493.83,2026-05-08T10:23:03,4,RESPONSIVE
B006123,T01161,V0277,11182595.89,2026-05-09T22:40:54,5,NON_RESPONSIVE
B006124,T01161,V0134,11432533.37,2026-05-05T05:54:40,6,RESPONSIVE
B006125,T01162,V0016,5792795.71,2025-10-24T09:19:38,1,RESPONSIVE
B006126,T01162,V0523,5831429.82,2025-10-25T19:32:22,2,RESPONSIVE
B006127,T01162,V0301,5921462.75,2025-10-14T19:34:31,3,RESPONSIVE
B006128,T01163,V0032,2962950.64,2025-04-04T14:26:33,1,RESPONSIVE
B006129,T01163,V0335,3345322.67,2025-03-24T14:39:42,2,RESPONSIVE
B006130,T01163,V0217,3535213.74,2025-03-28T20:38:03,3,RESPONSIVE
B006131,T01164,V0379,2675698.6,2025-12-25T07:26:29,1,RESPONSIVE
B006132,T01164,V0195,2864223.01,2025-12-25T22:06:46,2,RESPONSIVE
B006133,T01165,V0397,7908927.87,2024-04-30T17:08:11,1,RESPONSIVE
B006134,T01165,V0003,8403143.1,2024-05-01T08:10:13,2,RESPONSIVE
B006135,T01165,V0245,8531533.5,2024-04-28T03:16:50,3,RESPONSIVE
B006136,T01165,V0169,8566264.03,2024-05-02T21:55:19,4,RESPONSIVE
B006137,T01166,V0184,4080631.15,2024-02-24T17:37:48,1,RESPONSIVE
B006138,T01166,V0295,4096181.01,2024-02-24T16:06:50,2,RESPONSIVE
B006139,T01166,V0307,4118863.98,2024-01-25T06:44:24,3,RESPONSIVE
B006140,T01166,V0025,4167162.83,2024-02-21T20:59:35,4,RESPONSIVE
B006141,T01166,V0144,4235313.08,2024-02-22T17:08:41,5,RESPONSIVE
B006142,T01166,V0041,4357428.82,2024-02-06T08:54:33,6,RESPONSIVE
B006143,T01167,V0281,975914.17,2025-09-26T17:26:07,1,RESPONSIVE
B006144,T01167,V0203,1000238.35,2025-08-30T11:43:06,2,RESPONSIVE
B006145,T01167,V0066,1003664.97,2025-09-24T04:06:12,3,RESPONSIVE
B006146,T01167,V0132,1073711.47,2025-09-04T17:05:26,4,RESPONSIVE
B006147,T01168,V0214,7082798.24,2024-12-19T06:30:26,1,RESPONSIVE
B006148,T01168,V0456,7245118.68,2024-12-10T06:50:46,2,RESPONSIVE
B006149,T01169,V0001,7807644.12,2024-02-10T09:25:35,1,RESPONSIVE
B006150,T01169,V0447,7872462.62,2024-02-13T21:34:01,2,RESPONSIVE
B006151,T01169,V0491,8068001.02,2024-02-26T17:35:16,3,RESPONSIVE
B006152,T01169,V0232,8222080.71,2024-02-20T04:27:46,4,RESPONSIVE
B006153,T01169,V0286,8438759.34,2024-03-04T17:54:41,5,RESPONSIVE
B006154,T01169,V0499,8958719.27,2024-02-26T20:26:30,6,RESPONSIVE
B006155,T01170,V0355,2417703.19,2024-03-07T09:31:19,1,RESPONSIVE
B006156,T01170,V0498,2455998.88,2024-03-03T23:42:40,2,RESPONSIVE
B006157,T01170,V0538,2458014.09,2024-03-05T21:36:51,3,RESPONSIVE
B006158,T01170,V0058,2472252.82,2024-03-14T13:04:22,4,RESPONSIVE
B006159,T01170,V0264,2547533.1,2024-03-19T15:57:18,5,RESPONSIVE
B006160,T01170,V0168,2598513.73,2024-03-07T15:07:07,6,RESPONSIVE
B006161,T01171,V0472,2813868.93,2025-03-14T00:24:40,1,RESPONSIVE
B006162,T01171,V0488,2826371.48,2025-03-11T16:08:09,2,RESPONSIVE
B006163,T01171,V0453,2951417.35,2025-03-16T21:03:10,3,RESPONSIVE
B006164,T01171,V0425,3068371.89,2025-02-22T11:51:36,4,RESPONSIVE
B006165,T01172,V0424,4495928.57,2025-03-21T15:26:38,1,RESPONSIVE
B006166,T01172,V0282,4700361.5,2025-03-23T22:37:44,2,RESPONSIVE
B006167,T01172,V0422,4741049.84,2025-03-21T12:47:33,3,RESPONSIVE
B006168,T01172,V0003,4774647.34,2025-03-24T22:45:27,4,RESPONSIVE
B006169,T01172,V0279,4814140.34,2025-03-15T15:52:49,5,RESPONSIVE
B006170,T01172,V0088,4872985.37,2025-03-25T08:12:59,6,RESPONSIVE
B006171,T01172,V0275,5021818.19,2025-03-19T15:07:07,7,RESPONSIVE
B006172,T01172,V0340,5091166.65,2025-03-26T23:36:47,8,RESPONSIVE
B006173,T01173,V0221,24550962.74,2026-08-06T00:02:17,1,NON_RESPONSIVE
B006174,T01173,V0145,27102951.75,2026-08-10T16:50:56,2,RESPONSIVE
B006175,T01173,V0158,27317992.14,2026-08-01T17:44:08,3,RESPONSIVE
B006176,T01173,V0282,27622745.82,2026-08-02T02:33:04,4,RESPONSIVE
B006177,T01173,V0217,27652759.03,2026-08-06T01:46:13,5,RESPONSIVE
B006178,T01173,V0402,27673668.72,2026-08-01T05:49:17,6,RESPONSIVE
B006179,T01173,V0404,27706170.53,2026-08-11T06:28:37,7,RESPONSIVE
B006180,T01173,V0453,27815373.61,2026-08-03T21:42:55,8,RESPONSIVE
B006181,T01173,V0335,29237787.36,2026-08-03T08:35:39,9,RESPONSIVE
B006182,T01174,V0209,39812104.6,2025-05-20T18:17:41,1,RESPONSIVE
B006183,T01174,V0327,41859176.49,2025-06-20T16:08:50,2,NON_RESPONSIVE
B006184,T01175,V0339,5535509.38,2025-06-12T08:06:02,1,RESPONSIVE
B006185,T01175,V0130,5651820.06,2025-06-04T19:54:33,2,RESPONSIVE
B006186,T01175,V0089,5669730.25,2025-06-11T12:05:33,3,RESPONSIVE
B006187,T01175,V0172,5696944.15,2025-05-29T02:05:02,4,RESPONSIVE
B006188,T01175,V0054,5703881.19,2025-06-29T16:46:09,5,RESPONSIVE
B006189,T01175,V0091,5954700.62,2025-06-06T06:31:51,6,RESPONSIVE
B006190,T01175,V0415,5964629.16,2025-06-22T21:11:29,7,RESPONSIVE
B006191,T01175,V0464,6007594.35,2025-06-20T14:07:12,8,RESPONSIVE
B006192,T01175,V0120,6087009.39,2025-06-17T16:10:04,9,RESPONSIVE
B006193,T01175,V0045,6127399.05,2025-06-04T10:04:57,10,RESPONSIVE
B006194,T01175,V0044,6197126.84,2025-05-30T14:04:34,11,RESPONSIVE
B006195,T01175,V0478,6247480.59,2025-06-28T07:20:59,12,RESPONSIVE
B006196,T01175,V0078,6251252.14,2025-06-26T05:01:00,13,RESPONSIVE
B006197,T01175,V0356,6306221.42,2025-06-23T15:19:03,14,RESPONSIVE
B006198,T01176,V0336,11468739.31,2026-07-27T20:38:28,1,RESPONSIVE
B006199,T01176,V0199,12239715.58,2026-08-11T07:54:06,2,RESPONSIVE
B006200,T01176,V0434,12267476.75,2026-08-20T05:17:04,3,RESPONSIVE
B006201,T01176,V0338,12586234.86,2026-08-10T19:29:59,4,RESPONSIVE
B006202,T01176,V0215,12973553.82,2026-07-23T03:06:40,5,RESPONSIVE
B006203,T01176,V0414,13414606.55,2026-08-19T19:42:09,6,RESPONSIVE
B006204,T01177,V0437,11416391.73,2024-08-02T23:14:56,1,RESPONSIVE
B006205,T01177,V0271,11806883.22,2024-07-29T05:32:11,2,RESPONSIVE
B006206,T01177,V0387,12054524.06,2024-08-09T15:01:22,3,RESPONSIVE
B006207,T01177,V0385,12055241.38,2024-08-06T07:20:43,4,RESPONSIVE
B006208,T01177,V0489,12162971.79,2024-08-01T12:37:37,5,RESPONSIVE
B006209,T01177,V0246,12280429.41,2024-08-15T19:34:29,6,RESPONSIVE
B006210,T01177,V0496,12328162.46,2024-08-02T15:17:09,7,RESPONSIVE
B006211,T01177,V0304,12440459.0,2024-08-19T22:53:31,8,RESPONSIVE
B006212,T01177,V0224,13480178.94,2024-08-18T22:55:01,9,RESPONSIVE
B006213,T01178,V0483,19882945.85,2025-06-21T16:27:52,1,RESPONSIVE
B006214,T01178,V0478,20051434.5,2025-06-22T09:15:28,2,RESPONSIVE
B006215,T01178,V0120,21322073.29,2025-06-21T02:07:18,3,RESPONSIVE
B006216,T01178,V0510,23068523.2,2025-06-16T00:04:50,4,NON_RESPONSIVE
B006217,T01179,V0025,23476194.51,2025-06-16T08:02:22,1,RESPONSIVE
B006218,T01179,V0481,23951536.71,2025-06-11T17:13:31,2,RESPONSIVE
B006219,T01180,V0506,10804981.07,2025-01-18T01:04:38,1,RESPONSIVE
B006220,T01180,V0078,11299768.04,2025-01-09T17:20:43,2,RESPONSIVE
B006221,T01180,V0157,11656810.6,2025-01-17T00:54:29,3,NON_RESPONSIVE
B006222,T01180,V0120,12027253.17,2025-02-04T14:42:50,4,RESPONSIVE
B006223,T01180,V0526,12081589.56,2025-01-30T15:03:50,5,RESPONSIVE
B006224,T01180,V0324,12099743.01,2025-01-19T00:31:50,6,RESPONSIVE
B006225,T01181,V0320,10618260.83,2026-01-25T20:37:27,1,RESPONSIVE
B006226,T01181,V0421,10936001.47,2026-01-24T09:39:22,2,RESPONSIVE
B006227,T01181,V0438,11053557.91,2026-01-27T03:25:27,3,RESPONSIVE
B006228,T01181,V0289,11551680.14,2026-01-25T16:27:20,4,RESPONSIVE
B006229,T01182,V0060,23449455.57,2026-04-04T05:16:58,1,RESPONSIVE
B006230,T01182,V0414,24600988.43,2026-04-02T15:56:19,2,RESPONSIVE
B006231,T01182,V0504,24743952.68,2026-04-01T01:28:05,3,RESPONSIVE
B006232,T01182,V0267,25059710.53,2026-04-10T10:48:55,4,NON_RESPONSIVE
B006233,T01182,V0082,25102650.71,2026-04-13T22:38:55,5,RESPONSIVE
B006234,T01182,V0327,25366896.8,2026-04-09T06:35:28,6,RESPONSIVE
B006235,T01182,V0284,25585143.73,2026-04-12T10:27:28,7,RESPONSIVE
B006236,T01182,V0347,26199477.74,2026-04-04T06:07:07,8,RESPONSIVE
B006237,T01182,V0411,27165665.99,2026-04-12T03:43:44,9,RESPONSIVE
B006238,T01183,V0422,2884883.75,2025-03-28T11:41:42,1,RESPONSIVE
B006239,T01183,V0533,2899797.78,2025-03-18T20:18:25,2,RESPONSIVE
B006240,T01183,V0377,2899800.26,2025-03-24T02:31:34,3,RESPONSIVE
B006241,T01183,V0222,3046548.46,2025-02-28T05:52:02,4,RESPONSIVE
B006242,T01183,V0228,3053933.78,2025-03-22T12:45:47,5,RESPONSIVE
B006243,T01183,V0335,3079554.9,2025-03-13T21:46:40,6,RESPONSIVE
B006244,T01183,V0425,3140077.75,2025-03-19T00:47:14,7,RESPONSIVE
B006245,T01183,V0221,3195178.08,2025-04-02T14:42:11,8,RESPONSIVE
B006246,T01183,V0115,3249338.72,2025-04-05T22:04:31,9,RESPONSIVE
B006247,T01184,V0253,18485090.28,2026-08-30T07:21:51,1,RESPONSIVE
B006248,T01184,V0197,19371180.99,2026-08-29T05:06:03,2,NON_RESPONSIVE
B006249,T01185,V0082,2042934.52,2024-09-02T13:02:24,1,RESPONSIVE
B006250,T01185,V0123,2075579.72,2024-08-27T04:28:41,2,RESPONSIVE
B006251,T01185,V0301,2131730.43,2024-08-29T16:29:27,3,RESPONSIVE
B006252,T01185,V0280,2245774.79,2024-09-08T11:10:07,4,RESPONSIVE
B006253,T01186,V0307,18862445.17,2026-07-19T08:11:22,1,RESPONSIVE
B006254,T01186,V0481,19034185.73,2026-07-27T00:33:57,2,RESPONSIVE
B006255,T01186,V0295,19358593.72,2026-07-11T15:40:52,3,RESPONSIVE
B006256,T01186,V0113,19395928.33,2026-07-18T03:52:12,4,RESPONSIVE
B006257,T01186,V0277,19649892.43,2026-07-15T21:47:30,5,RESPONSIVE
B006258,T01186,V0026,19723154.63,2026-07-26T03:19:35,6,RESPONSIVE
B006259,T01186,V0050,20102493.14,2026-07-10T14:27:16,7,RESPONSIVE
B006260,T01186,V0072,21095976.66,2026-07-13T19:17:23,8,RESPONSIVE
B006261,T01187,V0427,7341248.4,2025-04-08T19:45:28,1,RESPONSIVE
B006262,T01187,V0342,7571227.63,2025-03-30T01:16:25,2,RESPONSIVE
B006263,T01187,V0205,7574320.79,2025-04-15T13:21:28,3,RESPONSIVE
B006264,T01187,V0389,7636966.49,2025-03-22T03:12:54,4,RESPONSIVE
B006265,T01187,V0191,7895080.7,2025-04-14T23:36:52,5,RESPONSIVE
B006266,T01188,V0391,37379915.15,2024-08-28T00:16:40,1,RESPONSIVE
B006267,T01188,V0476,37828866.82,2024-09-05T21:51:41,2,RESPONSIVE
B006268,T01188,V0271,38108510.93,2024-09-08T11:35:24,3,RESPONSIVE
B006269,T01188,V0225,39452617.6,2024-08-22T20:15:18,4,NON_RESPONSIVE
B006270,T01188,V0464,39798645.96,2024-09-09T20:42:32,5,RESPONSIVE
B006271,T01188,V0386,39895869.83,2024-08-22T17:09:37,6,RESPONSIVE
B006272,T01188,V0021,39984933.26,2024-09-18T11:24:51,7,RESPONSIVE
B006273,T01188,V0094,40058520.09,2024-09-18T09:49:27,8,RESPONSIVE
B006274,T01188,V0443,40205729.31,2024-09-16T13:27:14,9,NON_RESPONSIVE
B006275,T01188,V0346,40433778.87,2024-08-31T01:42:01,10,RESPONSIVE
B006276,T01188,V0366,41008304.31,2024-09-09T16:37:03,11,RESPONSIVE
B006277,T01189,V0364,2225896.5,2025-05-07T17:08:13,1,RESPONSIVE
B006278,T01189,V0219,2320958.09,2025-05-15T08:05:54,2,RESPONSIVE
B006279,T01189,V0370,2388204.74,2025-05-02T08:00:14,3,RESPONSIVE
B006280,T01189,V0309,2391811.06,2025-05-16T08:02:00,4,NON_RESPONSIVE
B006281,T01189,V0092,2406413.55,2025-05-16T03:10:40,5,RESPONSIVE
B006282,T01189,V0327,2422472.5,2025-05-11T03:42:20,6,RESPONSIVE
B006283,T01189,V0203,2425630.56,2025-05-19T22:34:19,7,RESPONSIVE
B006284,T01189,V0066,2481978.66,2025-05-08T16:06:49,8,RESPONSIVE
B006285,T01190,V0489,10647126.52,2025-09-24T10:54:30,1,RESPONSIVE
B006286,T01190,V0100,10689800.07,2025-09-23T08:50:33,2,RESPONSIVE
B006287,T01190,V0342,11218174.76,2025-09-07T02:39:49,3,RESPONSIVE
B006288,T01190,V0537,11255497.56,2025-10-23T14:33:14,4,RESPONSIVE
B006289,T01191,V0080,45341511.7,2025-03-11T22:33:53,1,RESPONSIVE
B006290,T01191,V0179,46728372.0,2025-03-11T14:07:34,2,RESPONSIVE
B006291,T01191,V0405,47912126.85,2025-03-04T07:29:09,3,RESPONSIVE
B006292,T01191,V0396,48622973.2,2025-02-28T20:59:18,4,RESPONSIVE
B006293,T01191,V0213,48681881.07,2025-03-06T03:45:23,5,RESPONSIVE
B006294,T01191,V0424,48896481.13,2025-03-03T02:42:34,6,RESPONSIVE
B006295,T01191,V0509,50080490.05,2025-03-10T23:46:54,7,RESPONSIVE
B006296,T01191,V0501,54909793.41,2025-03-11T13:55:54,8,RESPONSIVE
B006297,T01192,V0098,18199170.47,2026-06-23T07:18:10,1,RESPONSIVE
B006298,T01192,V0392,19373754.53,2026-07-22T05:59:13,2,RESPONSIVE
B006299,T01192,V0011,19466502.88,2026-07-25T00:37:17,3,RESPONSIVE
B006300,T01192,V0293,19647522.0,2026-07-17T22:58:06,4,RESPONSIVE
B006301,T01192,V0321,19787003.77,2026-07-06T08:30:10,5,RESPONSIVE
B006302,T01192,V0029,20793765.6,2026-07-08T13:27:35,6,RESPONSIVE
B006303,T01193,V0224,52935853.84,2025-10-31T01:26:24,1,RESPONSIVE
B006304,T01193,V0517,53480213.68,2025-10-15T02:49:09,2,RESPONSIVE
B006305,T01193,V0368,54009768.21,2025-10-26T07:18:25,3,RESPONSIVE
B006306,T01193,V0191,54407357.81,2025-11-06T09:45:10,4,RESPONSIVE
B006307,T01193,V0421,54594284.73,2025-10-29T20:06:54,5,RESPONSIVE
B006308,T01193,V0017,55082561.33,2025-10-28T05:38:46,6,RESPONSIVE
B006309,T01193,V0339,56507708.0,2025-10-28T04:38:35,7,RESPONSIVE
B006310,T01193,V0205,56619709.4,2025-10-26T07:12:45,8,RESPONSIVE
B006311,T01193,V0511,58626488.79,2025-10-28T14:49:38,9,RESPONSIVE
B006312,T01194,V0035,8602607.07,2025-09-25T00:29:40,1,RESPONSIVE
B006313,T01194,V0085,8803898.11,2025-09-27T21:36:06,2,RESPONSIVE
B006314,T01195,V0182,24985783.77,2025-03-30T14:32:37,1,RESPONSIVE
B006315,T01195,V0332,25272057.17,2025-04-11T19:37:21,2,RESPONSIVE
B006316,T01196,V0233,6300187.71,2024-08-25T14:12:30,1,RESPONSIVE
B006317,T01196,V0407,6394514.89,2024-08-02T02:46:53,2,RESPONSIVE
B006318,T01196,V0479,6434385.03,2024-07-20T11:55:27,3,RESPONSIVE
B006319,T01196,V0223,7078709.57,2024-08-02T05:59:37,4,RESPONSIVE
B006320,T01197,V0456,11401600.88,2025-11-14T06:43:21,1,RESPONSIVE
B006321,T01197,V0494,11593286.03,2025-12-04T13:26:44,2,RESPONSIVE
B006322,T01198,V0327,5654869.2,2026-06-29T01:52:20,1,RESPONSIVE
B006323,T01198,V0274,5729315.94,2026-06-21T10:51:33,2,RESPONSIVE
B006324,T01198,V0504,6305535.78,2026-06-28T00:26:47,3,RESPONSIVE
B006325,T01198,V0151,6356857.67,2026-06-25T23:35:56,4,RESPONSIVE
B006326,T01199,V0115,9366378.85,2025-11-04T17:39:21,1,RESPONSIVE
B006327,T01199,V0425,9381483.64,2025-11-01T07:36:17,2,RESPONSIVE
B006328,T01199,V0375,9651865.57,2025-10-29T19:03:51,3,RESPONSIVE
B006329,T01199,V0530,9761694.56,2025-11-09T14:18:17,4,RESPONSIVE
B006330,T01199,V0441,9938763.93,2025-11-01T08:51:49,5,RESPONSIVE
B006331,T01199,V0458,10064396.58,2025-11-12T14:22:03,6,RESPONSIVE
B006332,T01199,V0335,10098431.48,2025-11-05T11:57:20,7,RESPONSIVE
B006333,T01199,V0488,10128950.58,2025-11-15T22:52:30,8,RESPONSIVE
B006334,T01199,V0377,10383270.51,2025-10-24T00:34:26,9,RESPONSIVE
B006335,T01200,V0278,1160425.24,2024-08-29T00:57:59,1,RESPONSIVE
B006336,T01200,V0379,1209639.04,2024-09-03T19:04:14,2,RESPONSIVE
B006337,T01200,V0244,1217742.57,2024-08-26T00:43:09,3,RESPONSIVE
B006338,T01200,V0504,1220725.08,2024-09-07T14:46:46,4,RESPONSIVE
B006339,T01201,V0410,174685793.05,2026-08-04T20:54:19,1,RESPONSIVE
B006340,T01201,V0299,175745776.51,2026-08-20T11:04:01,2,RESPONSIVE
B006341,T01201,V0359,183402046.34,2026-08-05T02:14:03,3,RESPONSIVE
B006342,T01201,V0484,191691925.88,2026-08-30T06:25:41,4,RESPONSIVE
B006343,T01201,V0133,206346057.07,2026-08-13T05:28:24,5,RESPONSIVE
B006344,T01202,V0248,13746303.12,2026-06-16T17:43:46,1,RESPONSIVE
B006345,T01202,V0073,13813798.25,2026-06-10T14:50:28,2,RESPONSIVE
B006346,T01202,V0135,13874447.87,2026-06-21T18:21:09,3,RESPONSIVE
B006347,T01202,V0284,14133175.7,2026-06-15T10:23:45,4,RESPONSIVE
B006348,T01202,V0122,14212038.02,2026-06-08T01:01:18,5,RESPONSIVE
B006349,T01202,V0468,14991759.5,2026-06-22T23:23:19,6,RESPONSIVE
B006350,T01202,V0318,15152287.23,2026-06-10T18:41:33,7,RESPONSIVE
B006351,T01203,V0104,6696358.53,2024-10-24T13:33:31,1,RESPONSIVE
B006352,T01203,V0229,6787228.07,2024-11-05T13:04:05,2,RESPONSIVE
B006353,T01203,V0439,6844374.98,2024-11-02T14:47:47,3,RESPONSIVE
B006354,T01203,V0355,6880328.36,2024-10-25T06:00:17,4,RESPONSIVE
B006355,T01203,V0049,6946344.63,2024-11-04T14:36:42,5,RESPONSIVE
B006356,T01203,V0499,6957644.91,2024-11-08T13:43:25,6,RESPONSIVE
B006357,T01203,V0452,7085030.64,2024-10-30T17:31:02,7,RESPONSIVE
B006358,T01203,V0020,7094541.39,2024-11-03T19:52:02,8,RESPONSIVE
B006359,T01203,V0106,7175201.88,2024-10-19T19:31:37,9,RESPONSIVE
B006360,T01204,V0279,4277200.61,2025-03-07T04:50:52,1,RESPONSIVE
B006361,T01204,V0340,4559797.07,2025-03-07T19:59:31,2,RESPONSIVE
B006362,T01205,V0117,117471722.41,2024-11-12T06:14:59,1,RESPONSIVE
B006363,T01205,V0199,117590454.83,2024-11-09T04:08:52,2,RESPONSIVE
B006364,T01205,V0135,117868329.67,2024-11-18T23:04:45,3,RESPONSIVE
B006365,T01205,V0269,119696685.74,2024-11-16T17:20:38,4,RESPONSIVE
B006366,T01205,V0127,120571473.25,2024-11-10T06:50:07,5,RESPONSIVE
B006367,T01205,V0413,120643029.88,2024-11-22T13:44:31,6,RESPONSIVE
B006368,T01205,V0198,124490908.09,2024-11-17T00:37:56,7,RESPONSIVE
B006369,T01205,V0504,126946303.86,2024-11-20T00:12:41,8,RESPONSIVE
B006370,T01205,V0274,131142615.51,2024-11-14T09:36:47,9,RESPONSIVE
B006371,T01206,V0263,1654252.2,2026-05-25T13:49:24,1,RESPONSIVE
B006372,T01206,V0361,1655181.64,2026-05-16T11:07:48,2,RESPONSIVE
B006373,T01206,V0332,1815766.03,2026-05-26T10:52:36,3,RESPONSIVE
B006374,T01206,V0419,1833071.65,2026-05-25T07:14:19,4,RESPONSIVE
B006375,T01206,V0230,1835055.53,2026-05-20T17:56:17,5,RESPONSIVE
B006376,T01207,V0166,44015574.75,2024-09-30T09:38:21,1,RESPONSIVE
B006377,T01207,V0309,45350789.98,2024-10-01T00:46:15,2,NON_RESPONSIVE
B006378,T01207,V0039,45818549.74,2024-10-09T03:39:25,3,RESPONSIVE
B006379,T01207,V0436,46766935.61,2024-09-30T17:45:33,4,RESPONSIVE
B006380,T01207,V0254,47363582.51,2024-09-29T02:18:20,5,RESPONSIVE
B006381,T01207,V0117,52163964.03,2024-09-21T19:31:32,6,RESPONSIVE
B006382,T01207,V0103,52552530.15,2024-10-10T13:50:53,7,RESPONSIVE
B006383,T01208,V0076,5190848.29,2026-08-06T23:04:03,1,RESPONSIVE
B006384,T01208,V0363,5273432.47,2026-07-28T10:26:47,2,RESPONSIVE
B006385,T01208,V0292,5414909.5,2026-07-28T04:14:13,3,RESPONSIVE
B006386,T01208,V0411,5459589.64,2026-07-24T02:08:27,4,RESPONSIVE
B006387,T01208,V0414,5695717.3,2026-07-27T23:06:09,5,RESPONSIVE
B006388,T01208,V0066,5893615.9,2026-08-04T05:18:42,6,RESPONSIVE
B006389,T01209,V0265,6469271.26,2024-01-23T23:49:00,1,RESPONSIVE
B006390,T01209,V0355,6938978.26,2024-01-24T04:46:15,2,RESPONSIVE
B006391,T01210,V0427,25160114.12,2024-06-09T10:48:32,1,RESPONSIVE
B006392,T01210,V0510,27229495.63,2024-05-10T00:10:37,2,NON_RESPONSIVE
B006393,T01210,V0167,27298999.69,2024-05-23T05:51:48,3,RESPONSIVE
B006394,T01210,V0193,27852355.68,2024-05-26T14:52:25,4,RESPONSIVE
B006395,T01210,V0381,29014818.17,2024-05-30T04:47:11,5,RESPONSIVE
B006396,T01210,V0385,29242310.56,2024-05-16T13:36:15,6,RESPONSIVE
B006397,T01210,V0376,29877504.11,2024-06-06T10:49:27,7,RESPONSIVE
B006398,T01210,V0120,31103370.55,2024-05-25T20:54:27,8,RESPONSIVE
B006399,T01211,V0429,51585004.15,2024-01-29T10:20:59,1,RESPONSIVE
B006400,T01211,V0385,52314736.03,2024-02-02T02:51:34,2,RESPONSIVE
B006401,T01211,V0517,53302624.55,2024-01-26T12:11:36,3,RESPONSIVE
B006402,T01211,V0052,53506094.98,2024-02-06T14:11:40,4,RESPONSIVE
B006403,T01211,V0544,53658700.91,2024-01-25T16:55:39,5,RESPONSIVE
B006404,T01211,V0381,54010737.19,2024-01-30T11:46:50,6,RESPONSIVE
B006405,T01211,V0133,54302819.73,2024-01-14T14:34:33,7,RESPONSIVE
B006406,T01212,V0301,4770939.76,2026-05-20T12:34:32,1,RESPONSIVE
B006407,T01212,V0364,4968161.27,2026-05-21T02:37:20,2,RESPONSIVE
B006408,T01212,V0413,5057450.58,2026-05-08T21:46:09,3,RESPONSIVE
B006409,T01212,V0352,5103060.65,2026-05-14T06:23:12,4,RESPONSIVE
B006410,T01212,V0281,5209992.76,2026-05-15T23:03:39,5,RESPONSIVE
B006411,T01212,V0523,5279118.26,2026-05-16T07:35:06,6,RESPONSIVE
B006412,T01212,V0122,5326154.8,2026-05-17T17:26:34,7,NON_RESPONSIVE
B006413,T01212,V0370,5347868.55,2026-05-16T14:07:58,8,RESPONSIVE
B006414,T01212,V0504,5454509.64,2026-05-10T22:21:46,9,RESPONSIVE
B006415,T01213,V0164,2493684.06,2024-03-22T16:29:37,1,RESPONSIVE
B006416,T01213,V0022,2506476.42,2024-03-30T01:51:25,2,RESPONSIVE
B006417,T01213,V0020,2546141.19,2024-03-26T02:23:24,3,RESPONSIVE
B006418,T01213,V0452,2568697.24,2024-03-31T14:07:35,4,RESPONSIVE
B006419,T01214,V0426,12530001.67,2026-08-29T12:24:23,1,RESPONSIVE
B006420,T01214,V0400,12873164.95,2026-08-29T12:27:00,2,RESPONSIVE
B006421,T01214,V0320,13048507.88,2026-08-25T23:20:02,3,RESPONSIVE
B006422,T01215,V0469,18222158.18,2026-03-04T02:43:38,1,RESPONSIVE
B006423,T01215,V0243,20083841.05,2026-03-25T14:52:19,2,RESPONSIVE
B006424,T01215,V0141,20514079.46,2026-03-12T03:12:34,3,RESPONSIVE
B006425,T01215,V0072,20648831.04,2026-03-22T14:44:46,4,RESPONSIVE
B006426,T01215,V0382,20709266.26,2026-03-16T03:41:49,5,RESPONSIVE
B006427,T01215,V0481,20748649.58,2026-03-25T02:27:27,6,NON_RESPONSIVE
B006428,T01215,V0022,21428663.15,2026-03-24T15:40:42,7,RESPONSIVE
B006429,T01216,V0381,40159533.58,2024-04-04T01:36:42,1,RESPONSIVE
B006430,T01216,V0205,40727443.72,2024-03-31T02:31:18,2,RESPONSIVE
B006431,T01216,V0320,42801429.02,2024-03-14T05:17:23,3,RESPONSIVE
B006432,T01216,V0078,44694450.55,2024-04-11T16:35:03,4,RESPONSIVE
B006433,T01216,V0346,44893262.81,2024-03-30T12:53:22,5,RESPONSIVE
B006434,T01216,V0387,45274635.91,2024-03-30T10:04:10,6,RESPONSIVE
B006435,T01216,V0464,45279761.63,2024-03-26T04:21:01,7,RESPONSIVE
B006436,T01216,V0163,46746244.12,2024-04-10T10:04:27,8,RESPONSIVE
B006437,T01216,V0159,48812384.43,2024-03-14T16:41:10,9,RESPONSIVE
B006438,T01217,V0172,42143651.5,2025-05-26T16:47:41,1,RESPONSIVE
B006439,T01217,V0153,44453714.1,2025-04-17T00:25:25,2,RESPONSIVE
B006440,T01217,V0368,45777042.39,2025-05-08T18:45:25,3,RESPONSIVE
B006441,T01218,V0197,1350087.8,2025-11-01T05:12:59,1,RESPONSIVE
B006442,T01218,V0179,1449555.9,2025-11-30T20:53:01,2,RESPONSIVE
B006443,T01218,V0363,1459439.28,2025-10-30T01:30:33,3,RESPONSIVE
B006444,T01218,V0029,1533561.04,2025-10-27T06:37:32,4,RESPONSIVE
B006445,T01219,V0523,50884412.37,2024-12-13T18:05:44,1,RESPONSIVE
B006446,T01219,V0127,55631521.76,2024-12-21T05:15:01,2,RESPONSIVE
B006447,T01219,V0319,58024197.75,2025-01-08T09:20:08,3,RESPONSIVE
B006448,T01220,V0391,22268334.08,2025-06-23T06:42:45,1,RESPONSIVE
B006449,T01220,V0437,23744754.95,2025-07-01T14:56:07,2,RESPONSIVE
B006450,T01220,V0128,25980498.85,2025-06-30T10:19:01,3,RESPONSIVE
B006451,T01220,V0299,27108556.25,2025-07-01T01:45:20,4,RESPONSIVE
B006452,T01221,V0195,3458536.42,2026-06-02T19:33:13,1,RESPONSIVE
B006453,T01221,V0219,3579133.99,2026-05-19T12:51:41,2,RESPONSIVE
B006454,T01221,V0319,3658369.68,2026-06-20T18:46:40,3,RESPONSIVE
B006455,T01221,V0123,3663648.4,2026-05-26T13:19:37,4,RESPONSIVE
B006456,T01221,V0309,3713865.7,2026-06-01T17:47:00,5,RESPONSIVE
B006457,T01221,V0504,3802806.91,2026-06-19T15:16:43,6,NON_RESPONSIVE
B006458,T01221,V0413,3826601.57,2026-06-04T04:57:05,7,RESPONSIVE
B006459,T01222,V0119,6056386.32,2025-01-14T18:07:14,1,NON_RESPONSIVE
B006460,T01222,V0295,6163365.22,2025-02-01T05:15:59,2,RESPONSIVE
B006461,T01222,V0481,6293329.33,2025-01-25T14:35:36,3,RESPONSIVE
B006462,T01223,V0322,442529.05,2025-08-20T21:01:05,1,RESPONSIVE
B006463,T01223,V0002,444899.16,2025-09-06T13:45:33,2,RESPONSIVE
B006464,T01223,V0203,453258.22,2025-09-06T07:00:47,3,RESPONSIVE
B006465,T01223,V0242,455710.83,2025-09-04T08:22:41,4,RESPONSIVE
B006466,T01223,V0014,467723.22,2025-09-05T05:36:54,5,RESPONSIVE
B006467,T01223,V0278,470740.12,2025-08-23T10:29:33,6,RESPONSIVE
B006468,T01223,V0007,475872.72,2025-09-02T20:22:12,7,RESPONSIVE
B006469,T01223,V0092,486649.81,2025-08-18T17:46:27,8,RESPONSIVE
B006470,T01223,V0413,502911.64,2025-09-03T22:26:02,9,RESPONSIVE
B006471,T01224,V0051,552765.59,2025-01-11T16:05:02,1,RESPONSIVE
B006472,T01224,V0472,567614.51,2025-01-09T16:53:11,2,RESPONSIVE
B006473,T01224,V0221,582262.74,2025-01-07T07:32:34,3,RESPONSIVE
B006474,T01224,V0328,584169.15,2025-01-06T16:56:09,4,RESPONSIVE
B006475,T01224,V0142,586594.46,2025-01-02T16:11:06,5,RESPONSIVE
B006476,T01224,V0335,589668.44,2024-12-30T04:54:41,6,RESPONSIVE
B006477,T01224,V0458,592337.77,2024-12-31T20:19:30,7,RESPONSIVE
B006478,T01224,V0180,602314.24,2024-12-31T14:13:22,8,RESPONSIVE
B006479,T01224,V0115,648909.86,2024-12-27T09:15:38,9,RESPONSIVE
B006480,T01225,V0525,75181348.35,2025-03-30T10:28:24,1,RESPONSIVE
B006481,T01225,V0510,76172317.14,2025-03-29T06:09:26,2,RESPONSIVE
B006482,T01225,V0542,80248998.17,2025-04-08T21:08:41,3,RESPONSIVE
B006483,T01225,V0400,80589218.16,2025-03-29T15:08:02,4,RESPONSIVE
B006484,T01225,V0387,82535477.02,2025-03-24T23:31:54,5,RESPONSIVE
B006485,T01226,V0291,6450586.3,2025-06-01T09:08:18,1,RESPONSIVE
B006486,T01226,V0174,6828761.06,2025-06-07T10:08:00,2,RESPONSIVE
B006487,T01227,V0148,5266936.54,2024-04-11T19:56:08,1,RESPONSIVE
B006488,T01227,V0049,5347660.66,2024-04-13T17:43:57,2,NON_RESPONSIVE
B006489,T01227,V0232,5420912.11,2024-05-02T09:25:54,3,RESPONSIVE
B006490,T01227,V0202,5529453.85,2024-05-01T05:50:08,4,RESPONSIVE
B006491,T01227,V0090,5762895.83,2024-04-25T15:24:26,5,RESPONSIVE
B006492,T01227,V0540,5872060.14,2024-05-13T06:35:15,6,RESPONSIVE
B006493,T01228,V0083,5078185.0,2025-07-24T19:31:10,1,RESPONSIVE
B006494,T01228,V0096,5114383.91,2025-07-23T06:56:56,2,NON_RESPONSIVE
B006495,T01228,V0232,5260215.79,2025-07-29T07:36:02,3,RESPONSIVE
B006496,T01228,V0200,5268976.17,2025-07-31T04:36:10,4,NON_RESPONSIVE
B006497,T01228,V0077,5281504.71,2025-08-03T00:33:25,5,RESPONSIVE
B006498,T01228,V0351,5300564.28,2025-08-05T16:22:26,6,RESPONSIVE
B006499,T01228,V0540,5568038.64,2025-08-09T02:48:07,7,RESPONSIVE
B006500,T01228,V0262,5656380.38,2025-07-27T02:09:07,8,RESPONSIVE
B006501,T01229,V0026,1452056.31,2025-09-09T17:11:05,1,RESPONSIVE
B006502,T01229,V0040,1489241.99,2025-09-05T06:02:00,2,RESPONSIVE
B006503,T01229,V0214,1519791.41,2025-08-30T04:29:42,3,RESPONSIVE
B006504,T01229,V0315,1543736.65,2025-09-07T14:21:35,4,RESPONSIVE
B006505,T01230,V0224,20569513.21,2026-04-07T15:04:51,1,RESPONSIVE
B006506,T01230,V0389,21533201.15,2026-04-06T20:36:27,2,RESPONSIVE
B006507,T01230,V0299,21922489.25,2026-03-25T13:00:17,3,RESPONSIVE
B006508,T01230,V0547,21939706.82,2026-04-09T19:34:36,4,RESPONSIVE
B006509,T01230,V0052,22332158.96,2026-04-15T18:50:56,5,RESPONSIVE
B006510,T01231,V0129,5733882.23,2024-01-16T20:57:27,1,RESPONSIVE
B006511,T01231,V0302,5781819.96,2024-01-28T01:20:40,2,RESPONSIVE
B006512,T01231,V0258,6043013.4,2024-01-23T02:24:31,3,RESPONSIVE
B006513,T01231,V0501,6303176.72,2024-01-21T08:06:49,4,RESPONSIVE
B006514,T01232,V0293,51582641.97,2026-02-13T13:57:26,1,RESPONSIVE
B006515,T01232,V0479,51639353.31,2026-02-22T06:17:03,2,RESPONSIVE
B006516,T01232,V0258,52627627.23,2026-02-15T03:19:26,3,RESPONSIVE
B006517,T01232,V0423,52761653.99,2026-02-18T15:58:35,4,RESPONSIVE
B006518,T01233,V0127,80223475.4,2026-05-18T11:33:33,1,RESPONSIVE
B006519,T01233,V0306,81645019.39,2026-05-09T14:05:40,2,RESPONSIVE
B006520,T01233,V0379,82257032.98,2026-05-08T04:52:22,3,RESPONSIVE
B006521,T01233,V0027,83824723.08,2026-05-09T05:01:51,4,RESPONSIVE
B006522,T01233,V0208,85514318.04,2026-05-19T00:43:38,5,RESPONSIVE
B006523,T01233,V0288,85933260.7,2026-05-15T07:08:52,6,RESPONSIVE
B006524,T01233,V0066,86739691.13,2026-04-25T23:08:06,7,RESPONSIVE
B006525,T01233,V0361,86861496.06,2026-05-02T20:12:29,8,NON_RESPONSIVE
B006526,T01233,V0123,90182647.5,2026-04-28T07:32:04,9,RESPONSIVE
B006527,T01233,V0138,90293010.99,2026-04-26T00:32:29,10,RESPONSIVE
B006528,T01233,V0523,91950861.99,2026-05-06T22:39:50,11,RESPONSIVE
B006529,T01233,V0198,92720020.61,2026-05-14T07:03:18,12,RESPONSIVE
B006530,T01234,V0395,6356202.98,2026-06-04T01:33:55,1,RESPONSIVE
B006531,T01234,V0439,6778373.99,2026-06-15T13:49:57,2,NON_RESPONSIVE
B006532,T01234,V0447,7014490.42,2026-06-01T20:58:10,3,RESPONSIVE
B006533,T01234,V0448,7080197.03,2026-06-17T12:40:50,4,RESPONSIVE
B006534,T01235,V0510,5256417.04,2025-10-09T12:03:22,1,RESPONSIVE
B006535,T01235,V0224,5291210.51,2025-09-21T01:42:08,2,RESPONSIVE
B006536,T01235,V0345,5718925.4,2025-09-20T04:14:52,3,RESPONSIVE
B006537,T01235,V0159,5747248.43,2025-09-27T01:39:47,4,RESPONSIVE
B006538,T01235,V0078,5757374.11,2025-10-02T06:02:54,5,RESPONSIVE
B006539,T01235,V0100,6025220.29,2025-10-08T08:47:15,6,RESPONSIVE
B006540,T01236,V0195,5682322.78,2025-01-27T06:19:33,1,RESPONSIVE
B006541,T01236,V0244,6216185.14,2025-01-30T05:55:26,2,RESPONSIVE
B006542,T01236,V0309,6573666.05,2025-01-27T08:38:18,3,RESPONSIVE
B006543,T01236,V0523,6862078.93,2025-01-29T22:12:26,4,RESPONSIVE
B006544,T01237,V0258,12436390.73,2025-07-16T19:46:31,1,RESPONSIVE
B006545,T01237,V0527,13113036.75,2025-07-02T22:24:38,2,RESPONSIVE
B006546,T01237,V0293,13260235.08,2025-07-09T01:17:13,3,RESPONSIVE
B006547,T01237,V0277,13307588.14,2025-07-07T04:59:14,4,RESPONSIVE
B006548,T01237,V0513,13703729.58,2025-07-11T09:21:59,5,RESPONSIVE
B006549,T01237,V0040,14081892.94,2025-07-06T00:43:38,6,RESPONSIVE
B006550,T01237,V0129,14082342.07,2025-07-13T23:44:39,7,RESPONSIVE
B006551,T01237,V0336,14167908.76,2025-07-12T07:04:21,8,RESPONSIVE
B006552,T01237,V0079,14996891.92,2025-07-14T01:37:28,9,RESPONSIVE
B006553,T01238,V0335,9094090.95,2024-11-19T17:09:55,1,RESPONSIVE
B006554,T01238,V0158,9190862.19,2024-11-11T10:19:49,2,RESPONSIVE
B006555,T01238,V0162,9244393.59,2024-11-06T07:36:33,3,RESPONSIVE
B006556,T01238,V0484,9354682.92,2024-11-08T15:53:04,4,RESPONSIVE
B006557,T01238,V0185,9669788.07,2024-11-25T15:57:57,5,RESPONSIVE
B006558,T01238,V0373,9767013.68,2024-11-16T08:24:06,6,RESPONSIVE
B006559,T01238,V0218,10189426.4,2024-11-18T07:36:49,7,RESPONSIVE
B006560,T01238,V0436,10218106.45,2024-11-27T09:50:50,8,RESPONSIVE
B006561,T01239,V0051,2833140.74,2025-07-30T16:50:20,1,RESPONSIVE
B006562,T01239,V0201,2909376.56,2025-07-29T19:36:59,2,RESPONSIVE
B006563,T01239,V0537,2943039.36,2025-07-08T05:53:23,3,RESPONSIVE
B006564,T01239,V0245,2979659.64,2025-07-29T20:45:36,4,RESPONSIVE
B006565,T01240,V0394,25540129.77,2025-10-02T11:08:03,1,RESPONSIVE
B006566,T01240,V0367,26794290.82,2025-10-04T10:12:57,2,RESPONSIVE
B006567,T01241,V0533,3192860.56,2026-03-23T06:27:23,1,RESPONSIVE
B006568,T01241,V0453,3430313.62,2026-03-29T12:04:07,2,RESPONSIVE
B006569,T01241,V0249,3443931.87,2026-03-24T19:06:24,3,RESPONSIVE
B006570,T01241,V0080,3651567.81,2026-03-26T07:52:55,4,RESPONSIVE
B006571,T01242,V0425,13715073.62,2024-02-16T17:26:59,1,RESPONSIVE
B006572,T01242,V0360,15287093.83,2024-02-25T01:22:43,2,RESPONSIVE
B006573,T01242,V0003,15800266.58,2024-02-20T19:54:26,3,RESPONSIVE
B006574,T01242,V0337,16390795.51,2024-02-18T19:44:26,4,RESPONSIVE
B006575,T01242,V0065,16498101.2,2024-02-19T10:44:40,5,RESPONSIVE
B006576,T01243,V0531,11814216.54,2025-02-09T20:25:15,1,RESPONSIVE
B006577,T01243,V0159,12176297.46,2025-02-22T18:42:31,2,RESPONSIVE
B006578,T01243,V0114,12184943.69,2025-02-18T20:37:24,3,RESPONSIVE
B006579,T01243,V0345,12648542.21,2025-02-08T00:35:29,4,RESPONSIVE
B006580,T01243,V0371,12662912.94,2025-02-21T20:01:26,5,RESPONSIVE
B006581,T01243,V0299,12932926.78,2025-02-13T00:52:33,6,RESPONSIVE
B006582,T01244,V0253,5094169.35,2024-09-25T22:23:27,1,RESPONSIVE
B006583,T01244,V0189,5239044.66,2024-09-17T13:52:03,2,RESPONSIVE
B006584,T01244,V0275,5240690.41,2024-09-24T20:09:29,3,RESPONSIVE
B006585,T01244,V0239,5421204.03,2024-09-22T06:56:12,4,RESPONSIVE
B006586,T01244,V0532,5438776.8,2024-09-25T20:06:32,5,RESPONSIVE
B006587,T01244,V0158,5439227.1,2024-09-18T06:45:44,6,RESPONSIVE
B006588,T01244,V0230,5693306.99,2024-09-21T01:06:17,7,RESPONSIVE
B006589,T01244,V0335,5911275.31,2024-09-25T00:06:41,8,RESPONSIVE
B006590,T01245,V0088,24687087.42,2025-08-29T14:14:49,1,RESPONSIVE
B006591,T01245,V0245,25296146.98,2025-08-21T07:23:38,2,RESPONSIVE
B006592,T01245,V0483,25657611.13,2025-08-20T18:05:49,3,RESPONSIVE
B006593,T01245,V0321,25792635.06,2025-08-28T14:39:11,4,RESPONSIVE
B006594,T01245,V0349,26165174.6,2025-08-24T14:09:40,5,RESPONSIVE
B006595,T01246,V0321,12019674.38,2025-08-23T12:13:25,1,RESPONSIVE
B006596,T01246,V0501,12217042.39,2025-08-18T18:31:05,2,RESPONSIVE
B006597,T01247,V0263,1194148.3,2024-07-01T12:54:57,1,RESPONSIVE
B006598,T01247,V0028,1194482.19,2024-06-19T00:54:06,2,RESPONSIVE
B006599,T01247,V0249,1235402.62,2024-06-26T04:14:47,3,RESPONSIVE
B006600,T01247,V0317,1248480.45,2024-06-24T03:24:49,4,RESPONSIVE
B006601,T01247,V0349,1256788.13,2024-06-25T23:43:55,5,RESPONSIVE
B006602,T01247,V0187,1258660.94,2024-07-01T22:43:53,6,NON_RESPONSIVE
B006603,T01247,V0304,1280713.59,2024-07-01T22:46:00,7,RESPONSIVE
B006604,T01247,V0248,1290193.83,2024-06-23T23:32:00,8,RESPONSIVE
B006605,T01247,V0340,1294395.55,2024-06-24T05:43:31,9,RESPONSIVE
B006606,T01248,V0485,9441544.93,2025-02-14T04:55:51,1,RESPONSIVE
B006607,T01248,V0321,9642762.73,2025-02-11T23:43:24,2,RESPONSIVE
B006608,T01248,V0174,9734277.72,2025-02-12T01:28:34,3,RESPONSIVE
B006609,T01249,V0026,7441755.52,2024-07-12T03:52:07,1,RESPONSIVE
B006610,T01249,V0129,7660836.86,2024-07-14T11:16:21,2,RESPONSIVE
B006611,T01249,V0214,7686704.2,2024-07-11T16:13:08,3,RESPONSIVE
B006612,T01249,V0152,7706049.79,2024-07-17T00:45:12,4,RESPONSIVE
B006613,T01249,V0396,7746815.08,2024-07-13T21:43:59,5,RESPONSIVE
B006614,T01249,V0178,7895112.28,2024-07-18T20:30:19,6,RESPONSIVE
B006615,T01249,V0025,7943358.19,2024-07-23T08:32:51,7,RESPONSIVE
B006616,T01249,V0465,8086989.4,2024-07-11T18:02:12,8,RESPONSIVE
B006617,T01250,V0394,8593156.64,2024-06-26T06:48:18,1,RESPONSIVE
B006618,T01250,V0293,8779733.85,2024-06-26T08:33:03,2,RESPONSIVE
B006619,T01251,V0158,1497972.37,2025-03-10T08:46:29,1,RESPONSIVE
B006620,T01251,V0530,1509390.39,2025-03-23T09:49:26,2,RESPONSIVE
B006621,T01251,V0304,1529117.46,2025-03-08T01:50:09,3,RESPONSIVE
B006622,T01251,V0533,1591779.37,2025-03-05T17:20:07,4,RESPONSIVE
B006623,T01251,V0166,1595339.78,2025-03-23T01:17:59,5,RESPONSIVE
B006624,T01251,V0218,1622942.39,2025-03-11T17:33:55,6,RESPONSIVE
B006625,T01252,V0271,4375165.05,2024-09-13T08:30:35,1,NON_RESPONSIVE
B006626,T01252,V0133,4579824.35,2024-09-11T05:33:58,2,RESPONSIVE
B006627,T01252,V0547,4717446.54,2024-09-02T04:45:15,3,RESPONSIVE
B006628,T01252,V0359,4758970.37,2024-09-06T05:20:16,4,RESPONSIVE
B006629,T01252,V0172,4827737.92,2024-09-19T19:52:09,5,RESPONSIVE
B006630,T01252,V0345,4831424.2,2024-09-14T05:59:22,6,RESPONSIVE
B006631,T01253,V0541,27287337.1,2024-12-03T00:09:50,1,RESPONSIVE
B006632,T01253,V0076,27304980.31,2024-11-30T04:09:09,2,RESPONSIVE
B006633,T01253,V0413,28710122.07,2024-12-12T06:17:39,3,RESPONSIVE
B006634,T01253,V0269,29188356.09,2024-12-13T22:18:18,4,RESPONSIVE
B006635,T01253,V0186,29354067.38,2024-12-08T23:55:46,5,RESPONSIVE
B006636,T01253,V0209,29841773.04,2024-12-10T21:18:00,6,RESPONSIVE
B006637,T01253,V0363,29988882.48,2024-12-11T10:22:27,7,RESPONSIVE
B006638,T01253,V0039,30741944.95,2024-12-12T14:47:46,8,RESPONSIVE
B006639,T01253,V0319,31277694.2,2024-12-04T14:39:03,9,RESPONSIVE
B006640,T01254,V0495,10833889.76,2024-11-29T11:32:42,1,RESPONSIVE
B006641,T01254,V0298,11019132.27,2024-11-18T10:35:27,2,RESPONSIVE
B006642,T01254,V0336,11289570.6,2024-11-22T13:27:37,3,RESPONSIVE
B006643,T01254,V0209,12049303.4,2024-11-16T17:27:34,4,RESPONSIVE
B006644,T01255,V0063,49288865.94,2026-04-27T15:02:11,1,RESPONSIVE
B006645,T01255,V0073,57863930.09,2026-05-14T18:13:34,2,RESPONSIVE
B006646,T01255,V0132,58502377.77,2026-05-13T13:23:46,3,RESPONSIVE
B006647,T01255,V0364,59044750.08,2026-05-09T19:02:33,4,RESPONSIVE
B006648,T01255,V0306,60719788.63,2026-04-24T22:17:08,5,RESPONSIVE
B006649,T01256,V0336,14093874.12,2024-04-26T15:02:15,1,RESPONSIVE
B006650,T01256,V0545,14215384.64,2024-04-20T19:50:15,2,RESPONSIVE
B006651,T01256,V0152,14306426.67,2024-05-06T07:42:07,3,RESPONSIVE
B006652,T01256,V0025,14545193.67,2024-04-19T00:11:28,4,RESPONSIVE
B006653,T01256,V0434,14662421.84,2024-04-19T10:44:52,5,RESPONSIVE
B006654,T01256,V0384,14703500.48,2024-05-02T13:51:38,6,RESPONSIVE
B006655,T01256,V0494,15250481.54,2024-05-06T01:55:27,7,RESPONSIVE
B006656,T01256,V0514,15360945.26,2024-04-27T08:40:22,8,RESPONSIVE
B006657,T01256,V0534,15450415.2,2024-05-04T06:01:34,9,RESPONSIVE
B006658,T01256,V0079,15461531.68,2024-04-21T07:24:59,10,RESPONSIVE
B006659,T01257,V0456,1730006.5,2025-10-16T12:11:05,1,RESPONSIVE
B006660,T01257,V0539,1736002.72,2025-09-28T15:43:17,2,RESPONSIVE
B006661,T01257,V0383,1788207.71,2025-10-18T18:41:59,3,RESPONSIVE
B006662,T01257,V0223,1815117.23,2025-11-06T20:14:27,4,RESPONSIVE
B006663,T01257,V0140,1859414.98,2025-10-23T04:24:19,5,RESPONSIVE
B006664,T01258,V0114,35159784.82,2026-02-26T13:35:46,1,RESPONSIVE
B006665,T01258,V0296,37888122.1,2026-02-19T03:41:19,2,RESPONSIVE
B006666,T01259,V0182,4064979.5,2024-06-10T04:20:48,1,RESPONSIVE
B006667,T01259,V0530,4371805.14,2024-06-14T22:28:20,2,RESPONSIVE
B006668,T01260,V0178,4131548.26,2024-10-07T17:44:28,1,RESPONSIVE
B006669,T01260,V0417,4524249.27,2024-10-23T17:52:44,2,RESPONSIVE
B006670,T01260,V0424,4797274.6,2024-10-15T03:15:26,3,RESPONSIVE
B006671,T01261,V0425,8976091.01,2026-04-01T02:20:19,1,RESPONSIVE
B006672,T01261,V0303,9319741.12,2026-04-07T00:07:29,2,RESPONSIVE
B006673,T01261,V0217,9462860.42,2026-04-05T12:28:53,3,RESPONSIVE
B006674,T01261,V0221,10564562.75,2026-03-21T20:36:56,4,RESPONSIVE
B006675,T01262,V0010,5111726.33,2024-02-18T17:45:22,1,RESPONSIVE
B006676,T01262,V0315,5112378.4,2024-02-12T07:24:12,2,RESPONSIVE
B006677,T01262,V0152,5337291.41,2024-02-12T06:04:56,3,RESPONSIVE
B006678,T01262,V0460,5657236.97,2024-02-25T23:40:06,4,RESPONSIVE
B006679,T01262,V0502,5725180.23,2024-02-15T19:33:40,5,RESPONSIVE
B006680,T01262,V0545,5753415.51,2024-02-05T13:36:53,6,RESPONSIVE
B006681,T01263,V0180,1164687.63,2025-04-04T19:58:45,1,RESPONSIVE
B006682,T01263,V0397,1178023.09,2025-04-02T12:45:05,2,RESPONSIVE
B006683,T01263,V0453,1228482.31,2025-04-11T02:37:05,3,RESPONSIVE
B006684,T01263,V0189,1299769.33,2025-03-31T09:31:10,4,RESPONSIVE
B006685,T01263,V0239,1308418.85,2025-04-01T15:02:41,5,RESPONSIVE
B006686,T01264,V0298,7726649.06,2024-05-13T14:46:27,1,RESPONSIVE
B006687,T01264,V0513,7924234.14,2024-05-18T04:15:07,2,RESPONSIVE
B006688,T01264,V0392,7987758.14,2024-05-15T03:28:48,3,RESPONSIVE
B006689,T01264,V0308,8434360.45,2024-05-17T05:26:30,4,RESPONSIVE
B006690,T01265,V0404,10448910.34,2025-11-26T11:21:13,1,RESPONSIVE
B006691,T01265,V0162,10631276.93,2025-11-17T20:15:02,2,RESPONSIVE
B006692,T01265,V0349,11429204.7,2025-11-22T21:54:49,3,RESPONSIVE
B006693,T01265,V0256,11596232.79,2025-11-26T17:31:04,4,RESPONSIVE
B006694,T01266,V0393,14285205.05,2024-03-28T11:29:17,1,RESPONSIVE
B006695,T01266,V0437,14699161.23,2024-04-20T06:48:57,2,RESPONSIVE
B006696,T01266,V0372,15073018.02,2024-03-18T16:37:30,3,RESPONSIVE
B006697,T01267,V0411,9126677.58,2025-05-18T21:11:11,1,RESPONSIVE
B006698,T01267,V0249,9173755.83,2025-05-18T17:57:57,2,RESPONSIVE
B006699,T01267,V0301,9196041.3,2025-05-05T14:06:37,3,RESPONSIVE
B006700,T01267,V0468,9285802.86,2025-05-09T07:15:52,4,RESPONSIVE
B006701,T01267,V0103,9315028.5,2025-05-29T18:14:50,5,RESPONSIVE
B006702,T01267,V0007,9467490.5,2025-05-02T17:34:26,6,RESPONSIVE
B006703,T01267,V0414,9827910.8,2025-05-28T13:16:03,7,RESPONSIVE
B006704,T01267,V0138,9895115.72,2025-04-29T20:46:24,8,RESPONSIVE
B006705,T01267,V0004,10319891.67,2025-05-16T10:30:46,9,RESPONSIVE
B006706,T01268,V0352,28445519.18,2024-03-14T10:31:16,1,RESPONSIVE
B006707,T01268,V0309,28466686.55,2024-03-12T07:48:59,2,RESPONSIVE
B006708,T01268,V0055,30128584.81,2024-03-11T22:20:31,3,RESPONSIVE
B006709,T01269,V0175,29138201.7,2024-08-23T05:54:05,1,RESPONSIVE
B006710,T01269,V0129,30998843.43,2024-08-31T11:42:09,2,RESPONSIVE
B006711,T01269,V0215,31587197.28,2024-08-27T02:12:11,3,RESPONSIVE
B006712,T01269,V0497,31656476.94,2024-08-29T12:27:09,4,RESPONSIVE
B006713,T01269,V0514,31767129.83,2024-09-14T16:10:29,5,RESPONSIVE
B006714,T01269,V0539,31773553.36,2024-08-28T23:20:53,6,RESPONSIVE
B006715,T01269,V0035,32010759.8,2024-09-19T18:44:39,7,RESPONSIVE
B006716,T01269,V0087,32284640.37,2024-09-10T12:53:48,8,RESPONSIVE
B006717,T01270,V0020,6612785.08,2026-05-19T23:37:35,1,RESPONSIVE
B006718,T01270,V0026,6800604.94,2026-06-24T18:53:30,2,RESPONSIVE
B006719,T01271,V0176,37204825.03,2025-04-19T06:28:23,1,RESPONSIVE
B006720,T01271,V0318,37750019.3,2025-04-24T17:37:16,2,RESPONSIVE
B006721,T01271,V0413,37914527.86,2025-05-12T13:29:13,3,RESPONSIVE
B006722,T01271,V0436,39998766.16,2025-05-11T23:58:13,4,RESPONSIVE
B006723,T01271,V0073,40634873.42,2025-04-19T10:10:40,5,RESPONSIVE
B006724,T01271,V0280,41280732.14,2025-04-28T08:29:44,6,RESPONSIVE
B006725,T01272,V0027,59304051.1,2024-12-18T04:01:27,1,RESPONSIVE
B006726,T01272,V0138,59696941.68,2024-12-19T04:07:20,2,RESPONSIVE
B006727,T01272,V0209,60261563.68,2024-12-06T16:49:27,3,RESPONSIVE
B006728,T01272,V0039,61648839.81,2024-12-21T04:08:23,4,RESPONSIVE
B006729,T01272,V0306,62251372.3,2024-12-16T13:40:26,5,RESPONSIVE
B006730,T01272,V0242,62680883.18,2024-12-02T19:20:26,6,RESPONSIVE
B006731,T01272,V0412,68903386.94,2024-12-07T07:53:12,7,RESPONSIVE
B006732,T01273,V0146,5157527.84,2024-10-18T17:01:50,1,RESPONSIVE
B006733,T01273,V0113,5678627.87,2024-10-16T02:56:16,2,RESPONSIVE
B006734,T01273,V0314,6007631.64,2024-10-30T00:09:34,3,RESPONSIVE
B006735,T01273,V0513,6072929.15,2024-10-21T20:41:12,4,NON_RESPONSIVE
B006736,T01274,V0412,12394742.73,2025-06-26T21:49:10,1,RESPONSIVE
B006737,T01274,V0292,12651179.13,2025-06-23T22:51:43,2,RESPONSIVE
B006738,T01274,V0515,13145999.75,2025-07-05T18:00:05,3,RESPONSIVE
B006739,T01274,V0374,13645301.65,2025-06-17T14:48:05,4,RESPONSIVE
B006740,T01274,V0209,13777410.93,2025-06-19T17:19:27,5,RESPONSIVE
B006741,T01274,V0219,13989257.58,2025-06-10T09:40:27,6,RESPONSIVE
B006742,T01275,V0339,74732448.48,2025-02-28T14:50:41,1,RESPONSIVE
B006743,T01275,V0547,74903836.84,2025-03-21T12:35:56,2,RESPONSIVE
B006744,T01275,V0376,78393612.29,2025-02-24T05:34:11,3,RESPONSIVE
B006745,T01275,V0163,78711725.76,2025-03-12T10:59:45,4,RESPONSIVE
B006746,T01275,V0516,80361816.75,2025-03-05T18:48:58,5,RESPONSIVE
B006747,T01275,V0121,81784611.22,2025-03-03T04:29:17,6,RESPONSIVE
B006748,T01276,V0360,7659121.48,2025-06-01T00:05:44,1,RESPONSIVE
B006749,T01276,V0161,8078979.96,2025-05-28T03:46:54,2,RESPONSIVE
B006750,T01276,V0003,8134401.27,2025-05-25T11:04:12,3,RESPONSIVE
B006751,T01276,V0419,8494700.69,2025-06-02T02:39:04,4,RESPONSIVE
B006752,T01276,V0294,8842832.31,2025-06-07T18:40:12,5,RESPONSIVE
B006753,T01277,V0162,1730090.41,2026-02-21T22:22:04,1,RESPONSIVE
B006754,T01277,V0064,1737689.79,2026-02-11T08:47:28,2,RESPONSIVE
B006755,T01277,V0380,1750378.35,2026-02-12T11:37:32,3,RESPONSIVE
B006756,T01277,V0028,1792908.86,2026-02-09T19:47:46,4,RESPONSIVE
B006757,T01277,V0483,1824725.67,2026-02-11T10:01:30,5,RESPONSIVE
B006758,T01277,V0485,1840527.67,2026-02-08T22:27:51,6,RESPONSIVE
B006759,T01277,V0433,1879334.92,2026-02-23T05:40:42,7,RESPONSIVE
B006760,T01277,V0187,1879621.85,2026-02-22T16:18:22,8,RESPONSIVE
B006761,T01278,V0499,9981483.9,2024-02-11T10:23:22,1,RESPONSIVE
B006762,T01278,V0202,10238715.83,2024-02-21T20:17:44,2,RESPONSIVE
B006763,T01279,V0271,19357187.28,2024-05-15T12:30:39,1,RESPONSIVE
B006764,T01279,V0357,19406844.76,2024-04-19T22:32:18,2,RESPONSIVE
B006765,T01279,V0121,19416447.18,2024-04-19T22:07:56,3,RESPONSIVE
B006766,T01279,V0517,19637025.63,2024-05-19T13:38:36,4,RESPONSIVE
B006767,T01279,V0279,19919865.1,2024-05-03T12:19:41,5,RESPONSIVE
B006768,T01279,V0426,20771432.05,2024-04-30T09:52:47,6,RESPONSIVE
B006769,T01279,V0476,20874397.92,2024-04-13T10:03:36,7,NON_RESPONSIVE
B006770,T01279,V0525,21470752.17,2024-04-22T14:53:19,8,RESPONSIVE
B006771,T01280,V0318,8836118.49,2024-01-29T19:23:20,1,NON_RESPONSIVE
B006772,T01280,V0374,9164745.72,2024-01-30T16:21:59,2,RESPONSIVE
B006773,T01280,V0207,9301316.42,2024-01-30T05:24:57,3,RESPONSIVE
B006774,T01280,V0327,9313600.81,2024-01-18T16:27:30,4,RESPONSIVE
B006775,T01280,V0270,9357385.48,2024-01-30T10:40:15,5,RESPONSIVE
B006776,T01280,V0039,9464453.66,2024-01-21T11:16:22,6,RESPONSIVE
B006777,T01280,V0504,9943372.62,2024-01-21T04:07:15,7,RESPONSIVE
B006778,T01281,V0336,2523161.26,2025-01-04T03:38:47,1,RESPONSIVE
B006779,T01281,V0512,2551727.15,2025-01-11T03:49:02,2,RESPONSIVE
B006780,T01281,V0383,2638293.78,2025-01-07T13:00:42,3,RESPONSIVE
B006781,T01281,V0023,2657230.36,2025-01-08T05:36:04,4,RESPONSIVE
B006782,T01281,V0424,2740141.42,2025-01-01T14:02:15,5,RESPONSIVE
B006783,T01282,V0475,5226089.11,2025-07-16T20:46:44,1,RESPONSIVE
B006784,T01282,V0463,5360296.3,2025-07-03T03:41:23,2,RESPONSIVE
B006785,T01282,V0354,5487876.03,2025-06-28T15:24:43,3,RESPONSIVE
B006786,T01282,V0536,5760043.83,2025-07-03T05:05:03,4,NON_RESPONSIVE
B006787,T01282,V0200,5773918.41,2025-07-10T07:19:59,5,RESPONSIVE
B006788,T01282,V0232,5899929.11,2025-07-02T10:06:50,6,RESPONSIVE
B006789,T01282,V0469,5974717.5,2025-07-18T00:37:58,7,RESPONSIVE
B006790,T01283,V0494,9253277.99,2025-12-26T10:26:46,1,RESPONSIVE
B006791,T01283,V0008,9842838.63,2025-12-25T03:36:06,2,RESPONSIVE
B006792,T01283,V0140,10092760.32,2025-12-25T21:00:26,3,RESPONSIVE
B006793,T01283,V0070,10151675.44,2025-12-31T17:22:58,4,RESPONSIVE
B006794,T01283,V0050,10367659.73,2025-12-20T10:25:37,5,RESPONSIVE
B006795,T01283,V0344,10745542.25,2025-12-30T04:46:22,6,RESPONSIVE
B006796,T01283,V0308,10793094.35,2025-12-24T01:44:00,7,RESPONSIVE
B006797,T01283,V0152,10940131.51,2025-12-30T12:35:55,8,RESPONSIVE
B006798,T01283,V0465,11399846.5,2026-01-01T20:30:15,9,RESPONSIVE
B006799,T01284,V0288,103616587.16,2025-05-02T01:14:12,1,RESPONSIVE
B006800,T01284,V0241,107603513.43,2025-04-24T03:14:50,2,RESPONSIVE
B006801,T01285,V0019,19555570.58,2025-08-17T14:48:25,1,RESPONSIVE
B006802,T01285,V0218,20220043.8,2025-08-26T12:22:41,2,RESPONSIVE
B006803,T01285,V0197,20222529.23,2025-08-18T22:41:40,3,RESPONSIVE
B006804,T01285,V0394,20447013.59,2025-08-27T23:35:27,4,RESPONSIVE
B006805,T01285,V0530,20584769.11,2025-08-27T01:32:09,5,RESPONSIVE
B006806,T01285,V0282,20636205.97,2025-08-15T17:58:56,6,RESPONSIVE
B006807,T01285,V0230,20944362.87,2025-08-27T21:02:29,7,RESPONSIVE
B006808,T01286,V0355,1492879.45,2024-01-08T14:03:28,1,RESPONSIVE
B006809,T01286,V0050,1542114.23,2024-01-16T04:04:34,2,RESPONSIVE
B006810,T01286,V0481,1564837.79,2024-01-20T08:45:46,3,RESPONSIVE
B006811,T01286,V0041,1568662.96,2024-02-01T17:42:52,4,RESPONSIVE
B006812,T01286,V0223,1613887.93,2024-01-18T21:50:32,5,RESPONSIVE
B006813,T01286,V0113,1631960.1,2024-01-23T00:18:58,6,RESPONSIVE
B006814,T01286,V0295,1651116.51,2024-02-02T02:55:42,7,RESPONSIVE
B006815,T01286,V0184,1713247.09,2024-01-20T08:14:43,8,RESPONSIVE
B006816,T01287,V0488,7149074.03,2025-12-11T20:00:31,1,RESPONSIVE
B006817,T01287,V0321,7161212.72,2025-11-25T01:35:54,2,RESPONSIVE
B006818,T01287,V0377,7197800.95,2025-12-08T01:57:28,3,RESPONSIVE
B006819,T01287,V0245,7203916.87,2025-12-17T04:31:47,4,RESPONSIVE
B006820,T01287,V0003,7318267.6,2025-12-17T05:50:17,5,RESPONSIVE
B006821,T01287,V0317,7407173.37,2025-12-09T15:03:10,6,RESPONSIVE
B006822,T01287,V0182,7469228.49,2025-11-28T19:39:16,7,RESPONSIVE
B006823,T01287,V0029,7679790.33,2025-12-13T17:21:18,8,RESPONSIVE
B006824,T01288,V0299,20625472.0,2024-02-17T06:55:32,1,RESPONSIVE
B006825,T01288,V0130,21504923.2,2024-02-25T10:47:19,2,RESPONSIVE
B006826,T01288,V0484,22049497.14,2024-02-11T18:20:10,3,RESPONSIVE
B006827,T01288,V0125,22093875.64,2024-01-27T04:45:13,4,RESPONSIVE
B006828,T01288,V0250,22237214.79,2024-02-05T20:26:43,5,RESPONSIVE
B006829,T01288,V0400,23211738.48,2024-02-26T15:24:48,6,NON_RESPONSIVE
B006830,T01288,V0531,23474549.82,2024-02-01T00:28:21,7,RESPONSIVE
B006831,T01289,V0443,12730926.42,2026-07-03T04:20:33,1,RESPONSIVE
B006832,T01289,V0289,13317620.08,2026-07-06T00:21:14,2,RESPONSIVE
B006833,T01290,V0050,6389174.26,2026-08-30T23:16:58,1,RESPONSIVE
B006834,T01290,V0295,6632128.54,2026-08-29T11:28:02,2,RESPONSIVE
B006835,T01290,V0026,6643119.38,2026-08-29T11:00:39,3,RESPONSIVE
B006836,T01290,V0181,6741373.34,2026-08-30T06:16:31,4,RESPONSIVE
B006837,T01290,V0184,6858465.76,2026-08-30T21:09:12,5,RESPONSIVE
B006838,T01290,V0070,6889760.64,2026-08-29T19:31:39,6,RESPONSIVE
B006839,T01291,V0004,20693760.11,2024-02-12T08:16:24,1,RESPONSIVE
B006840,T01291,V0461,21175179.78,2024-02-05T14:16:54,2,RESPONSIVE
B006841,T01291,V0248,21632627.95,2024-02-09T17:34:43,3,RESPONSIVE
B006842,T01291,V0379,21914599.42,2024-02-09T12:07:02,4,RESPONSIVE
B006843,T01291,V0188,22527967.33,2024-02-02T23:47:04,5,RESPONSIVE
B006844,T01291,V0301,22807448.23,2024-02-12T05:55:16,6,RESPONSIVE
B006845,T01291,V0135,22815153.24,2024-02-08T00:13:33,7,RESPONSIVE
B006846,T01291,V0244,23179373.31,2024-02-09T05:21:01,8,RESPONSIVE
B006847,T01291,V0413,23884327.98,2024-02-10T00:47:48,9,RESPONSIVE
B006848,T01292,V0424,3354150.68,2026-08-05T10:50:03,1,RESPONSIVE
B006849,T01292,V0405,3438947.09,2026-08-13T17:52:51,2,RESPONSIVE
B006850,T01292,V0298,3511547.89,2026-07-30T22:29:35,3,RESPONSIVE
B006851,T01292,V0293,3543495.84,2026-08-05T17:55:03,4,RESPONSIVE
B006852,T01292,V0079,3555842.51,2026-08-10T23:29:35,5,RESPONSIVE
B006853,T01292,V0209,3605962.89,2026-07-30T05:03:23,6,RESPONSIVE
B006854,T01292,V0129,3625451.15,2026-08-09T20:17:41,7,RESPONSIVE
B006855,T01293,V0379,807050.68,2026-07-07T03:35:25,1,RESPONSIVE
B006856,T01293,V0195,829611.79,2026-07-10T07:34:39,2,RESPONSIVE
B006857,T01293,V0388,893335.33,2026-06-22T13:33:31,3,RESPONSIVE
B006858,T01294,V0071,8456808.06,2026-06-01T05:18:18,1,RESPONSIVE
B006859,T01294,V0512,8481341.6,2026-06-20T05:12:38,2,RESPONSIVE
B006860,T01294,V0391,8528155.92,2026-06-04T20:27:36,3,RESPONSIVE
B006861,T01294,V0247,8709900.24,2026-05-30T23:48:38,4,RESPONSIVE
B006862,T01294,V0484,8947353.67,2026-06-10T20:48:45,5,RESPONSIVE
B006863,T01294,V0263,9040298.2,2026-06-18T13:11:50,6,RESPONSIVE
B006864,T01294,V0162,9077296.79,2026-05-27T07:30:45,7,RESPONSIVE
B006865,T01294,V0080,9077420.1,2026-06-14T18:40:36,8,RESPONSIVE
B006866,T01294,V0485,9171187.42,2026-05-31T22:26:07,9,RESPONSIVE
B006867,T01295,V0350,1550884.59,2024-07-12T13:23:06,1,RESPONSIVE
B006868,T01295,V0061,1632507.96,2024-07-02T08:53:59,2,RESPONSIVE
B006869,T01296,V0031,18717876.15,2024-01-09T11:38:13,1,RESPONSIVE
B006870,T01296,V0369,18876966.24,2024-01-23T17:16:01,2,RESPONSIVE
B006871,T01296,V0503,19013747.5,2024-01-17T03:05:57,3,RESPONSIVE
B006872,T01296,V0266,19138893.3,2024-01-19T20:38:14,4,RESPONSIVE
B006873,T01296,V0514,19235354.67,2024-01-12T09:01:39,5,NON_RESPONSIVE
B006874,T01297,V0161,22679704.04,2026-05-18T04:34:26,1,RESPONSIVE
B006875,T01297,V0335,24502508.08,2026-05-16T19:44:22,2,RESPONSIVE
B006876,T01297,V0377,24852317.13,2026-05-18T23:54:01,3,RESPONSIVE
B006877,T01297,V0488,25967886.88,2026-05-23T07:10:41,4,RESPONSIVE
B006878,T01297,V0419,26188709.53,2026-05-26T14:03:51,5,NON_RESPONSIVE
B006879,T01298,V0411,22207964.08,2025-01-25T07:08:00,1,RESPONSIVE
B006880,T01298,V0302,22264669.81,2025-01-06T19:36:58,2,RESPONSIVE
B006881,T01298,V0384,23150610.28,2025-02-04T12:36:06,3,RESPONSIVE
B006882,T01298,V0338,23862284.23,2025-02-02T08:43:10,4,RESPONSIVE
B006883,T01298,V0513,24021114.88,2025-01-21T11:48:15,5,RESPONSIVE
B006884,T01298,V0029,24667992.29,2025-01-05T14:14:15,6,RESPONSIVE
B006885,T01298,V0258,25297162.95,2025-01-14T05:16:16,7,RESPONSIVE
B006886,T01298,V0080,25387237.46,2025-01-01T07:53:01,8,RESPONSIVE
B006887,T01299,V0509,15975779.16,2026-06-14T08:55:06,1,RESPONSIVE
B006888,T01299,V0187,16274148.27,2026-06-14T13:20:44,2,RESPONSIVE
B006889,T01300,V0513,4326070.69,2026-06-23T02:42:28,1,RESPONSIVE
B006890,T01300,V0336,4372782.52,2026-06-10T07:48:26,2,RESPONSIVE
B006891,T01300,V0291,4384206.15,2026-06-28T03:04:25,3,RESPONSIVE
B006892,T01300,V0509,4389901.29,2026-06-22T10:20:19,4,RESPONSIVE
B006893,T01300,V0013,4461872.88,2026-06-10T23:48:42,5,RESPONSIVE
B006894,T01300,V0495,4487305.85,2026-06-06T08:25:04,6,RESPONSIVE
B006895,T01300,V0502,4704325.45,2026-06-06T03:44:42,7,RESPONSIVE
B006896,T01300,V0383,4731473.03,2026-06-18T13:28:52,8,RESPONSIVE
B006897,T01300,V0040,4871077.03,2026-06-26T06:48:49,9,RESPONSIVE
B006898,T01301,V0483,13027397.95,2025-10-11T22:02:32,1,RESPONSIVE
B006899,T01301,V0197,13169489.03,2025-10-08T06:22:10,2,RESPONSIVE
B006900,T01302,V0135,51132851.76,2025-03-04T18:30:00,1,RESPONSIVE
B006901,T01302,V0039,54387546.36,2025-03-09T12:10:57,2,RESPONSIVE
B006902,T01302,V0046,56012615.76,2025-03-05T17:54:27,3,RESPONSIVE
B006903,T01303,V0362,3261679.12,2024-12-14T18:42:17,1,RESPONSIVE
B006904,T01303,V0483,3414387.69,2024-11-13T00:50:58,2,RESPONSIVE
B006905,T01303,V0303,3434513.34,2024-12-08T16:41:55,3,RESPONSIVE
B006906,T01303,V0247,3508033.5,2024-11-18T11:14:02,4,RESPONSIVE
B006907,T01303,V0361,3533549.27,2024-12-01T20:33:27,5,RESPONSIVE
B006908,T01303,V0249,3554548.16,2024-12-11T05:03:19,6,RESPONSIVE
B006909,T01303,V0182,3563770.66,2024-11-16T22:28:31,7,RESPONSIVE
B006910,T01303,V0256,3603638.64,2024-11-22T02:54:43,8,RESPONSIVE
B006911,T01303,V0188,3669604.44,2024-11-14T11:21:53,9,RESPONSIVE
B006912,T01304,V0351,2364811.17,2024-07-25T15:13:21,1,RESPONSIVE
B006913,T01304,V0164,2438564.68,2024-07-27T02:54:25,2,RESPONSIVE
B006914,T01304,V0043,2486128.51,2024-08-03T22:07:43,3,RESPONSIVE
B006915,T01304,V0529,2519133.53,2024-07-26T15:29:50,4,RESPONSIVE
B006916,T01304,V0498,2530648.3,2024-07-21T15:39:52,5,RESPONSIVE
B006917,T01304,V0229,2536412.82,2024-08-03T18:44:38,6,RESPONSIVE
B006918,T01304,V0538,2553473.92,2024-07-24T06:40:06,7,RESPONSIVE
B006919,T01304,V0486,2637940.11,2024-08-02T10:24:57,8,RESPONSIVE
B006920,T01304,V0499,2684853.56,2024-07-25T21:42:07,9,RESPONSIVE
B006921,T01305,V0117,25278326.85,2025-07-22T09:33:47,1,RESPONSIVE
B006922,T01305,V0132,26017641.12,2025-07-25T15:07:06,2,RESPONSIVE
B006923,T01305,V0280,26424051.01,2025-08-06T11:21:29,3,RESPONSIVE
B006924,T01305,V0122,27462442.48,2025-07-27T10:45:11,4,RESPONSIVE
B006925,T01305,V0523,28348735.59,2025-07-19T12:36:54,5,RESPONSIVE
B006926,T01305,V0504,28762775.78,2025-08-06T18:00:53,6,RESPONSIVE
B006927,T01306,V0284,21133775.12,2024-04-20T19:32:40,1,RESPONSIVE
B006928,T01306,V0515,22904311.6,2024-04-22T03:01:08,2,RESPONSIVE
B006929,T01306,V0023,23901196.29,2024-04-23T01:53:34,3,RESPONSIVE
B006930,T01306,V0242,23972078.91,2024-04-30T14:16:00,4,NON_RESPONSIVE
B006931,T01306,V0206,25357238.35,2024-05-13T12:37:33,5,RESPONSIVE
B006932,T01307,V0394,5179544.24,2024-01-06T08:06:50,1,RESPONSIVE
B006933,T01307,V0251,5362172.15,2024-01-11T05:04:24,2,RESPONSIVE
B006934,T01307,V0064,5388890.9,2024-01-12T08:20:10,3,RESPONSIVE
B006935,T01307,V0247,5676658.67,2024-01-13T05:30:39,4,RESPONSIVE
B006936,T01307,V0003,5701397.06,2024-01-10T08:38:47,5,RESPONSIVE
B006937,T01307,V0029,5729775.84,2024-01-17T13:33:03,6,RESPONSIVE
B006938,T01307,V0294,5914003.58,2024-01-13T17:56:34,7,RESPONSIVE
B006939,T01308,V0251,3337336.05,2025-05-02T22:51:15,1,RESPONSIVE
B006940,T01308,V0532,3664303.67,2025-05-02T08:56:37,2,RESPONSIVE
B006941,T01309,V0034,5389496.17,2026-07-09T11:48:05,1,RESPONSIVE
B006942,T01309,V0397,5480132.59,2026-07-19T23:11:32,2,RESPONSIVE
B006943,T01309,V0158,5580785.65,2026-07-28T17:41:50,3,RESPONSIVE
B006944,T01309,V0248,5607905.64,2026-07-22T06:33:54,4,RESPONSIVE
B006945,T01309,V0483,5654617.84,2026-07-12T02:44:56,5,RESPONSIVE
B006946,T01309,V0080,6250426.18,2026-07-07T13:58:33,6,NON_RESPONSIVE
B006947,T01310,V0093,54540788.68,2024-05-08T23:00:23,1,RESPONSIVE
B006948,T01310,V0461,55095632.38,2024-05-12T03:08:45,2,RESPONSIVE
B006949,T01310,V0347,56637498.92,2024-05-14T10:18:40,3,RESPONSIVE
B006950,T01310,V0436,60034201.04,2024-05-18T19:09:46,4,RESPONSIVE
B006951,T01310,V0004,60863257.12,2024-05-09T03:27:37,5,RESPONSIVE
B006952,T01311,V0082,4909920.7,2026-01-21T04:13:48,1,RESPONSIVE
B006953,T01311,V0301,5079399.66,2026-01-31T21:46:35,2,RESPONSIVE
B006954,T01311,V0280,5347692.48,2026-02-09T23:48:41,3,RESPONSIVE
B006955,T01311,V0523,5377199.08,2026-01-15T00:30:32,4,RESPONSIVE
B006956,T01312,V0276,6087180.88,2026-04-01T17:17:29,1,RESPONSIVE
B006957,T01312,V0016,6131209.91,2026-04-22T02:11:42,2,RESPONSIVE
B006958,T01312,V0363,6413631.04,2026-03-31T07:32:48,3,RESPONSIVE
B006959,T01312,V0097,6455276.02,2026-04-20T21:23:18,4,RESPONSIVE
B006960,T01312,V0414,6639134.12,2026-03-31T23:26:48,5,RESPONSIVE
B006961,T01312,V0405,6681354.44,2026-03-27T21:38:34,6,RESPONSIVE
B006962,T01312,V0249,6737693.52,2026-04-20T20:21:09,7,RESPONSIVE
B006963,T01312,V0138,6858451.97,2026-03-29T22:32:44,8,RESPONSIVE
B006964,T01312,V0107,6959282.47,2026-04-03T04:01:11,9,RESPONSIVE
B006965,T01313,V0151,9289048.58,2025-02-21T00:53:14,1,RESPONSIVE
B006966,T01313,V0274,9787260.41,2025-01-29T15:24:47,2,RESPONSIVE
B006967,T01313,V0473,10256144.39,2025-02-08T07:27:14,3,RESPONSIVE
B006968,T01313,V0413,10356227.59,2025-02-07T03:30:52,4,RESPONSIVE
B006969,T01314,V0161,5738907.7,2025-11-07T07:24:07,1,RESPONSIVE
B006970,T01314,V0495,6079017.68,2025-10-22T15:14:40,2,RESPONSIVE
B006971,T01315,V0461,40910106.03,2025-07-30T08:43:07,1,RESPONSIVE
B006972,T01315,V0504,43754983.72,2025-08-05T15:20:44,2,RESPONSIVE
B006973,T01315,V0515,44353174.93,2025-07-23T20:45:27,3,RESPONSIVE
B006974,T01315,V0188,44729068.77,2025-07-31T13:05:37,4,RESPONSIVE
B006975,T01315,V0208,44909949.89,2025-07-24T06:46:47,5,RESPONSIVE
B006976,T01315,V0201,45808285.5,2025-07-26T09:39:50,6,RESPONSIVE
B006977,T01315,V0039,46410746.62,2025-07-28T16:38:48,7,RESPONSIVE
B006978,T01315,V0082,49621952.25,2025-08-05T13:55:46,8,NON_RESPONSIVE
B006979,T01316,V0295,2182124.96,2026-07-10T21:10:13,1,RESPONSIVE
B006980,T01316,V0277,2224862.45,2026-07-04T12:37:07,2,RESPONSIVE
B006981,T01316,V0026,2248927.71,2026-07-10T03:11:32,3,RESPONSIVE
B006982,T01316,V0460,2253316.27,2026-07-04T09:24:49,4,RESPONSIVE
B006983,T01316,V0072,2346745.86,2026-07-10T12:27:05,5,RESPONSIVE
B006984,T01317,V0421,9243343.05,2025-01-15T06:01:29,1,RESPONSIVE
B006985,T01317,V0153,9484130.93,2025-01-19T02:35:16,2,RESPONSIVE
B006986,T01317,V0289,9525271.23,2025-01-24T11:47:09,3,RESPONSIVE
B006987,T01317,V0220,9656015.31,2025-01-06T08:11:52,4,RESPONSIVE
B006988,T01317,V0437,10178634.05,2025-01-09T09:53:32,5,RESPONSIVE
B006989,T01317,V0345,10351786.0,2025-01-24T02:25:27,6,RESPONSIVE
B006990,T01318,V0292,5474298.45,2026-06-30T17:01:57,1,RESPONSIVE
B006991,T01318,V0301,5621927.91,2026-06-30T07:58:25,2,RESPONSIVE
B006992,T01318,V0473,5764391.37,2026-06-14T23:10:25,3,RESPONSIVE
B006993,T01318,V0132,5912650.17,2026-06-06T16:19:59,4,RESPONSIVE
B006994,T01318,V0066,5964075.06,2026-07-01T11:29:25,5,RESPONSIVE
B006995,T01318,V0281,6015466.1,2026-06-20T19:21:52,6,RESPONSIVE
B006996,T01319,V0050,7802081.59,2025-04-10T18:32:14,1,RESPONSIVE
B006997,T01319,V0223,7833614.97,2025-04-21T03:07:14,2,RESPONSIVE
B006998,T01319,V0277,7878726.57,2025-05-03T14:25:43,3,RESPONSIVE
B006999,T01319,V0184,8029367.14,2025-04-17T02:02:10,4,RESPONSIVE
B007000,T01319,V0355,8050080.85,2025-04-19T23:38:46,5,RESPONSIVE
B007001,T01319,V0119,8183184.04,2025-05-02T10:56:37,6,RESPONSIVE
B007002,T01319,V0020,8225535.52,2025-04-14T00:01:18,7,RESPONSIVE
B007003,T01319,V0113,8236020.43,2025-04-09T06:16:15,8,RESPONSIVE
B007004,T01319,V0307,8489671.21,2025-04-24T08:24:27,9,RESPONSIVE
B007005,T01320,V0018,77917333.97,2026-02-07T07:19:12,1,RESPONSIVE
B007006,T01320,V0014,78283703.89,2026-02-17T01:58:15,2,RESPONSIVE
B007007,T01320,V0199,80774119.42,2026-02-05T10:31:46,3,RESPONSIVE
B007008,T01320,V0039,82317352.28,2026-02-05T11:51:08,4,RESPONSIVE
B007009,T01320,V0132,83883931.46,2026-02-16T14:54:48,5,RESPONSIVE
B007010,T01321,V0142,12663372.46,2024-08-07T02:24:39,1,RESPONSIVE
B007011,T01321,V0402,13258716.3,2024-07-23T02:22:03,2,RESPONSIVE
B007012,T01321,V0112,13366464.25,2024-08-04T23:58:51,3,RESPONSIVE
B007013,T01321,V0003,13842526.41,2024-07-26T10:54:56,4,RESPONSIVE
B007014,T01321,V0377,14091841.28,2024-07-27T23:44:44,5,RESPONSIVE
B007015,T01322,V0372,5166983.6,2025-01-01T05:08:48,1,RESPONSIVE
B007016,T01322,V0118,5256163.83,2025-01-10T19:54:19,2,RESPONSIVE
B007017,T01322,V0311,5319173.06,2024-12-29T13:05:08,3,RESPONSIVE
B007018,T01322,V0357,5348258.61,2024-12-31T01:25:59,4,RESPONSIVE
B007019,T01322,V0006,5562577.96,2024-12-28T12:02:35,5,RESPONSIVE
B007020,T01323,V0148,4630918.1,2026-06-22T04:53:32,1,RESPONSIVE
B007021,T01323,V0022,4647175.14,2026-07-05T08:12:18,2,NON_RESPONSIVE
B007022,T01323,V0232,4725550.82,2026-07-03T14:31:00,3,RESPONSIVE
B007023,T01323,V0408,4889003.67,2026-07-03T03:09:40,4,RESPONSIVE
B007024,T01323,V0486,5088240.03,2026-06-23T21:47:13,5,RESPONSIVE
B007025,T01324,V0259,8536283.5,2024-06-16T20:03:28,1,RESPONSIVE
B007026,T01324,V0035,8814104.63,2024-05-09T10:51:38,2,RESPONSIVE
B007027,T01324,V0434,9373214.1,2024-06-17T05:40:54,3,RESPONSIVE
B007028,T01324,V0152,9469863.3,2024-06-03T11:23:23,4,RESPONSIVE
B007029,T01325,V0110,6461078.22,2026-08-12T17:42:07,1,RESPONSIVE
B007030,T01325,V0250,6831759.1,2026-08-03T00:34:25,2,RESPONSIVE
B007031,T01325,V0476,6928165.4,2026-08-15T05:29:08,3,RESPONSIVE
B007032,T01326,V0051,5140580.15,2026-01-14T09:04:13,1,NON_RESPONSIVE
B007033,T01326,V0230,5314979.01,2026-01-18T02:40:05,2,NON_RESPONSIVE
B007034,T01327,V0032,6668396.69,2025-08-08T04:23:11,1,RESPONSIVE
B007035,T01327,V0228,7242325.82,2025-08-25T06:01:05,2,RESPONSIVE
B007036,T01327,V0222,7540664.53,2025-08-17T08:23:12,3,RESPONSIVE
B007037,T01327,V0145,7724487.36,2025-08-25T22:55:04,4,RESPONSIVE
B007038,T01327,V0458,7762543.84,2025-09-05T06:57:48,5,RESPONSIVE
B007039,T01327,V0472,7840584.59,2025-08-16T05:51:30,6,RESPONSIVE
B007040,T01328,V0019,45496401.63,2024-05-04T13:54:44,1,RESPONSIVE
B007041,T01328,V0251,47522479.61,2024-05-04T09:49:45,2,RESPONSIVE
B007042,T01328,V0185,48099457.24,2024-05-04T19:07:23,3,RESPONSIVE
B007043,T01328,V0381,48459344.73,2024-04-24T23:49:03,4,RESPONSIVE
B007044,T01328,V0544,48675010.34,2024-04-28T11:48:16,5,RESPONSIVE
B007045,T01328,V0088,49311735.0,2024-04-25T17:44:38,6,RESPONSIVE
B007046,T01328,V0346,49540519.08,2024-04-22T20:20:03,7,RESPONSIVE
B007047,T01328,V0091,50073303.25,2024-05-01T16:29:52,8,RESPONSIVE
B007048,T01328,V0289,51506461.03,2024-05-03T12:32:00,9,RESPONSIVE
B007049,T01329,V0064,29080814.48,2024-03-07T10:26:59,1,RESPONSIVE
B007050,T01329,V0299,30484963.13,2024-03-09T23:47:12,2,RESPONSIVE
B007051,T01329,V0389,30697869.64,2024-03-15T11:49:04,3,RESPONSIVE
B007052,T01329,V0153,31293896.09,2024-03-08T17:40:25,4,RESPONSIVE
B007053,T01330,V0016,77544957.69,2024-04-20T11:31:48,1,RESPONSIVE
B007054,T01330,V0374,78919237.72,2024-04-21T11:44:17,2,RESPONSIVE
B007055,T01331,V0438,16827833.65,2025-08-04T22:01:59,1,RESPONSIVE
B007056,T01331,V0251,17099898.55,2025-08-05T17:31:28,2,RESPONSIVE
B007057,T01332,V0426,68279722.27,2026-02-22T13:48:16,1,RESPONSIVE
B007058,T01332,V0125,69945568.36,2026-03-23T18:31:56,2,RESPONSIVE
B007059,T01332,V0526,70135181.69,2026-03-25T18:45:58,3,RESPONSIVE
B007060,T01332,V0445,72015821.88,2026-03-19T20:07:59,4,RESPONSIVE
B007061,T01332,V0045,73640456.88,2026-03-20T19:34:16,5,RESPONSIVE
B007062,T01332,V0346,74101204.37,2026-03-12T14:06:50,6,RESPONSIVE
B007063,T01332,V0435,77940141.54,2026-03-11T15:44:09,7,RESPONSIVE
B007064,T01333,V0115,12656738.04,2026-07-08T10:13:37,1,RESPONSIVE
B007065,T01333,V0422,13389151.57,2026-07-23T21:50:43,2,RESPONSIVE
B007066,T01333,V0188,14190608.72,2026-07-19T13:54:45,3,RESPONSIVE
B007067,T01334,V0166,1494147.86,2024-11-07T15:26:19,1,RESPONSIVE
B007068,T01334,V0218,1519761.2,2024-11-09T16:01:59,2,RESPONSIVE
B007069,T01334,V0360,1525171.2,2024-11-02T16:44:03,3,RESPONSIVE
B007070,T01334,V0472,1579794.23,2024-11-09T13:47:21,4,RESPONSIVE
B007071,T01334,V0288,1580600.46,2024-11-05T05:02:10,5,RESPONSIVE
B007072,T01334,V0455,1636751.15,2024-11-05T20:54:01,6,RESPONSIVE
B007073,T01334,V0115,1640282.45,2024-11-07T04:38:27,7,RESPONSIVE
B007074,T01334,V0003,1650146.91,2024-11-04T22:05:11,8,RESPONSIVE
B007075,T01335,V0200,2474225.5,2026-06-01T19:47:51,1,RESPONSIVE
B007076,T01335,V0204,2588909.41,2026-05-23T00:01:31,2,RESPONSIVE
B007077,T01335,V0486,2620905.08,2026-05-07T20:28:33,3,RESPONSIVE
B007078,T01335,V0164,2703419.26,2026-05-25T01:18:14,4,RESPONSIVE
B007079,T01335,V0463,2852182.32,2026-05-18T10:32:35,5,RESPONSIVE
B007080,T01336,V0041,3101423.26,2025-10-10T03:12:46,1,RESPONSIVE
B007081,T01336,V0136,3300126.41,2025-10-20T00:39:06,2,RESPONSIVE
B007082,T01336,V0354,3410198.12,2025-11-07T09:31:18,3,RESPONSIVE
B007083,T01336,V0448,3507545.66,2025-10-27T13:39:06,4,RESPONSIVE
B007084,T01336,V0543,3714277.07,2025-10-31T12:37:04,5,RESPONSIVE
B007085,T01337,V0511,10555224.19,2025-06-05T08:54:20,1,RESPONSIVE
B007086,T01337,V0110,11079141.91,2025-06-10T08:09:45,2,RESPONSIVE
B007087,T01337,V0487,11404981.12,2025-06-08T10:28:24,3,RESPONSIVE
B007088,T01337,V0393,11421897.51,2025-06-07T16:01:47,4,RESPONSIVE
B007089,T01337,V0273,11773750.14,2025-06-03T09:23:40,5,RESPONSIVE
B007090,T01337,V0128,11871805.68,2025-06-10T17:32:25,6,RESPONSIVE
B007091,T01337,V0121,12117551.9,2025-06-06T08:34:12,7,NON_RESPONSIVE
B007092,T01338,V0289,13052864.49,2025-07-15T23:13:58,1,RESPONSIVE
B007093,T01338,V0357,13076641.74,2025-07-20T14:03:56,2,RESPONSIVE
B007094,T01338,V0526,14068799.06,2025-07-10T15:11:44,3,RESPONSIVE
B007095,T01339,V0407,4334778.64,2025-04-19T01:04:44,1,RESPONSIVE
B007096,T01339,V0050,4449261.46,2025-04-17T08:14:00,2,RESPONSIVE
B007097,T01339,V0144,4465563.77,2025-04-18T17:29:16,3,RESPONSIVE
B007098,T01339,V0026,4527108.91,2025-04-07T21:11:31,4,RESPONSIVE
B007099,T01340,V0317,8993617.2,2024-04-10T10:02:46,1,RESPONSIVE
B007100,T01340,V0056,9157675.22,2024-04-23T12:06:48,2,RESPONSIVE
B007101,T01340,V0241,9670108.6,2024-04-29T17:02:29,3,RESPONSIVE
B007102,T01340,V0396,9879099.36,2024-04-11T15:18:46,4,RESPONSIVE
B007103,T01341,V0004,2394302.71,2025-04-07T22:57:32,1,RESPONSIVE
B007104,T01341,V0245,2479538.51,2025-04-03T07:06:23,2,RESPONSIVE
B007105,T01341,V0377,2572868.4,2025-03-23T05:48:25,3,RESPONSIVE
B007106,T01341,V0537,2574110.52,2025-03-24T19:54:06,4,RESPONSIVE
B007107,T01341,V0028,2582894.62,2025-04-02T20:28:55,5,RESPONSIVE
B007108,T01341,V0488,2594530.66,2025-04-11T14:11:25,6,RESPONSIVE
B007109,T01341,V0349,2615835.54,2025-04-18T16:26:39,7,RESPONSIVE
B007110,T01341,V0247,2623120.34,2025-04-04T13:26:10,8,RESPONSIVE
B007111,T01341,V0182,2709045.98,2025-04-18T20:40:28,9,RESPONSIVE
B007112,T01342,V0321,4912715.52,2026-02-23T00:41:26,1,RESPONSIVE
B007113,T01342,V0377,5086698.16,2026-02-19T10:54:45,2,RESPONSIVE
B007114,T01342,V0360,5087630.62,2026-02-23T09:14:16,3,RESPONSIVE
B007115,T01342,V0065,5092088.19,2026-02-05T23:29:44,4,RESPONSIVE
B007116,T01342,V0245,5127875.03,2026-02-23T10:55:58,5,RESPONSIVE
B007117,T01343,V0188,77912129.04,2026-08-06T14:29:36,1,RESPONSIVE
B007118,T01343,V0364,81888987.59,2026-08-11T20:13:41,2,RESPONSIVE
B007119,T01343,V0292,87283623.97,2026-07-16T18:58:21,3,RESPONSIVE
B007120,T01343,V0097,87510081.35,2026-08-03T17:23:50,4,RESPONSIVE
B007121,T01343,V0309,89875893.92,2026-08-13T19:15:46,5,RESPONSIVE
B007122,T01344,V0114,16067311.14,2024-03-12T10:17:58,1,RESPONSIVE
B007123,T01344,V0547,16239506.44,2024-03-09T04:27:57,2,RESPONSIVE
B007124,T01345,V0381,31316469.52,2025-10-10T06:41:23,1,RESPONSIVE
B007125,T01345,V0099,35632448.49,2025-10-05T09:54:06,2,RESPONSIVE
B007126,T01346,V0106,2414836.7,2024-11-01T05:07:17,1,RESPONSIVE
B007127,T01346,V0491,2444135.76,2024-10-30T04:37:52,2,RESPONSIVE
B007128,T01347,V0172,43949940.46,2024-03-19T02:25:39,1,RESPONSIVE
B007129,T01347,V0385,44062159.52,2024-03-19T06:54:08,2,RESPONSIVE
B007130,T01347,V0430,47821938.1,2024-03-24T05:50:00,3,RESPONSIVE
B007131,T01347,V0325,50400872.46,2024-03-23T13:07:33,4,NON_RESPONSIVE
B007132,T01347,V0224,52236358.32,2024-04-02T09:29:19,5,RESPONSIVE
B007133,T01348,V0345,19058078.86,2026-08-29T13:54:01,1,RESPONSIVE
B007134,T01348,V0401,19950450.5,2026-08-25T18:55:24,2,RESPONSIVE
B007135,T01348,V0387,20439875.53,2026-08-27T12:25:22,3,RESPONSIVE
B007136,T01348,V0120,20667428.59,2026-08-28T05:18:19,4,RESPONSIVE
B007137,T01348,V0159,20712489.94,2026-08-28T16:52:55,5,RESPONSIVE
B007138,T01349,V0201,25835464.87,2024-03-01T18:18:04,1,RESPONSIVE
B007139,T01349,V0306,25933249.74,2024-03-14T12:48:29,2,RESPONSIVE
B007140,T01349,V0461,27788096.09,2024-03-04T21:17:41,3,RESPONSIVE
B007141,T01350,V0132,834644.04,2025-02-24T16:16:45,1,RESPONSIVE
B007142,T01350,V0073,835385.06,2025-03-22T23:19:11,2,RESPONSIVE
B007143,T01350,V0319,837089.07,2025-03-23T14:31:19,3,RESPONSIVE
B007144,T01351,V0301,104358125.78,2024-08-22T19:47:56,1,RESPONSIVE
B007145,T01351,V0318,106785417.92,2024-08-14T04:21:03,2,RESPONSIVE
B007146,T01351,V0374,111762966.45,2024-08-31T14:42:16,3,RESPONSIVE
B007147,T01351,V0004,111837500.23,2024-09-05T00:59:57,4,RESPONSIVE
B007148,T01351,V0117,113307599.24,2024-09-06T20:52:37,5,RESPONSIVE
B007149,T01351,V0132,114214159.88,2024-08-13T05:45:00,6,RESPONSIVE
B007150,T01352,V0270,36716417.13,2025-08-23T01:17:44,1,RESPONSIVE
B007151,T01352,V0206,37148320.31,2025-08-29T18:32:26,2,RESPONSIVE
B007152,T01352,V0411,37611897.95,2025-08-28T19:14:34,3,RESPONSIVE
B007153,T01352,V0309,38138563.18,2025-08-24T12:11:52,4,RESPONSIVE
B007154,T01352,V0254,40504972.78,2025-08-19T18:05:09,5,RESPONSIVE
B007155,T01352,V0198,40947925.22,2025-08-30T02:05:16,6,RESPONSIVE
B007156,T01352,V0364,41156146.58,2025-08-31T12:46:54,7,RESPONSIVE
B007157,T01352,V0103,41596746.83,2025-08-27T23:07:24,8,RESPONSIVE
B007158,T01353,V0169,2814142.42,2024-07-27T08:31:03,1,RESPONSIVE
B007159,T01353,V0275,2826118.31,2024-08-04T21:38:00,2,RESPONSIVE
B007160,T01353,V0051,2847119.31,2024-08-03T03:05:12,3,RESPONSIVE
B007161,T01353,V0253,2877223.85,2024-08-03T10:32:31,4,RESPONSIVE
B007162,T01353,V0328,2899824.85,2024-08-13T12:23:16,5,RESPONSIVE
B007163,T01353,V0377,2942857.34,2024-09-01T22:37:04,6,RESPONSIVE
B007164,T01353,V0326,2943620.37,2024-08-13T07:46:50,7,RESPONSIVE
B007165,T01353,V0189,2959826.31,2024-08-29T13:21:27,8,RESPONSIVE
B007166,T01353,V0453,3100631.58,2024-08-06T21:19:33,9,RESPONSIVE
B007167,T01354,V0144,8832715.86,2024-08-21T10:01:55,1,RESPONSIVE
B007168,T01354,V0113,8921794.76,2024-08-24T18:26:34,2,RESPONSIVE
B007169,T01354,V0277,9204344.07,2024-08-20T16:52:37,3,RESPONSIVE
B007170,T01354,V0025,9227765.86,2024-08-16T03:56:06,4,RESPONSIVE
B007171,T01355,V0177,4737315.61,2025-08-04T04:37:03,1,RESPONSIVE
B007172,T01355,V0501,4955861.52,2025-08-09T15:25:39,2,RESPONSIVE
B007173,T01355,V0256,4996336.9,2025-08-02T14:51:16,3,RESPONSIVE
B007174,T01356,V0191,497891545.35,2025-06-29T02:09:25,1,RESPONSIVE
B007175,T01356,V0133,522957168.51,2025-07-03T02:41:23,2,NON_RESPONSIVE
B007176,T01357,V0276,2753822.54,2025-11-16T16:45:27,1,RESPONSIVE
B007177,T01357,V0132,2860790.17,2025-12-08T02:56:30,2,RESPONSIVE
B007178,T01357,V0211,2915933.64,2025-12-09T04:10:54,3,NON_RESPONSIVE
B007179,T01358,V0474,28800442.78,2024-01-17T14:18:08,1,RESPONSIVE
B007180,T01358,V0107,29552297.02,2024-01-29T20:12:11,2,RESPONSIVE
B007181,T01358,V0076,30234162.59,2024-01-30T16:02:44,3,RESPONSIVE
B007182,T01358,V0016,30419837.6,2024-01-13T12:26:20,4,RESPONSIVE
B007183,T01359,V0341,10487877.6,2025-03-28T08:13:35,1,RESPONSIVE
B007184,T01359,V0538,10558657.52,2025-04-07T15:54:02,2,RESPONSIVE
B007185,T01359,V0481,10960791.29,2025-03-29T13:30:16,3,RESPONSIVE
B007186,T01359,V0165,11033729.76,2025-04-05T07:21:36,4,RESPONSIVE
B007187,T01359,V0262,11073600.21,2025-04-15T22:15:13,5,RESPONSIVE
B007188,T01359,V0382,11170449.29,2025-03-29T14:33:53,6,RESPONSIVE
B007189,T01359,V0343,11221177.1,2025-04-10T18:22:14,7,RESPONSIVE
B007190,T01360,V0273,151713371.45,2024-02-06T12:36:57,1,RESPONSIVE
B007191,T01360,V0172,156499734.82,2024-02-02T11:35:52,2,RESPONSIVE
B007192,T01360,V0089,158104253.03,2024-02-17T23:11:17,3,RESPONSIVE
B007193,T01360,V0250,160903710.38,2024-01-31T00:15:31,4,RESPONSIVE
B007194,T01361,V0275,4586700.91,2024-03-03T02:31:16,1,RESPONSIVE
B007195,T01361,V0201,4740574.99,2024-02-28T19:30:42,2,RESPONSIVE
B007196,T01361,V0060,4791759.14,2024-02-27T04:28:00,3,RESPONSIVE
B007197,T01361,V0453,4842369.14,2024-02-29T21:18:18,4,RESPONSIVE
B007198,T01361,V0019,5023760.94,2024-03-28T01:38:23,5,RESPONSIVE
B007199,T01361,V0282,5090395.95,2024-03-27T02:17:50,6,RESPONSIVE
B007200,T01362,V0390,22310544.37,2024-07-23T15:48:11,1,RESPONSIVE
B007201,T01362,V0360,22564428.03,2024-07-24T20:06:15,2,RESPONSIVE
B007202,T01363,V0066,21147055.61,2024-06-25T10:21:38,1,RESPONSIVE
B007203,T01363,V0150,21188117.29,2024-06-25T17:17:40,2,RESPONSIVE
B007204,T01364,V0403,14420610.91,2026-01-31T12:21:44,1,RESPONSIVE
B007205,T01364,V0010,14597897.96,2026-01-31T02:46:30,2,RESPONSIVE
B007206,T01364,V0549,14681254.4,2026-01-30T14:27:28,3,RESPONSIVE
B007207,T01364,V0369,15337718.87,2026-01-14T11:03:21,4,RESPONSIVE
B007208,T01365,V0478,21044785.76,2025-02-20T18:29:05,1,RESPONSIVE
B007209,T01365,V0366,21773631.6,2025-02-11T09:02:55,2,RESPONSIVE
B007210,T01365,V0313,22522687.41,2025-02-07T20:26:40,3,RESPONSIVE
B007211,T01365,V0019,22950186.46,2025-02-16T18:28:38,4,RESPONSIVE
B007212,T01366,V0204,2374537.07,2026-04-18T11:26:51,1,RESPONSIVE
B007213,T01366,V0378,2447493.15,2026-04-28T17:42:14,2,RESPONSIVE
B007214,T01366,V0447,2470654.55,2026-04-09T13:27:02,3,RESPONSIVE
B007215,T01367,V0434,28019701.34,2025-11-17T04:55:49,1,RESPONSIVE
B007216,T01367,V0259,29024523.36,2025-11-11T22:29:07,2,RESPONSIVE
B007217,T01367,V0403,29026977.18,2025-12-04T11:35:46,3,RESPONSIVE
B007218,T01367,V0098,29049189.3,2025-12-02T18:27:50,4,RESPONSIVE
B007219,T01368,V0231,3370002.23,2025-01-30T16:50:55,1,RESPONSIVE
B007220,T01368,V0527,3458060.47,2025-02-04T13:05:33,2,RESPONSIVE
B007221,T01368,V0144,3483011.77,2025-02-04T16:24:13,3,RESPONSIVE
B007222,T01368,V0031,3503414.23,2025-01-29T13:08:12,4,RESPONSIVE
B007223,T01369,V0132,8224704.05,2026-05-21T13:22:14,1,RESPONSIVE
B007224,T01369,V0195,8330506.49,2026-05-10T08:24:19,2,RESPONSIVE
B007225,T01369,V0015,8805143.65,2026-05-12T06:21:02,3,RESPONSIVE
B007226,T01369,V0242,9021881.34,2026-05-20T04:45:36,4,RESPONSIVE
B007227,T01370,V0546,5113758.51,2026-05-19T04:22:01,1,RESPONSIVE
B007228,T01370,V0413,5348444.59,2026-05-20T15:27:53,2,RESPONSIVE
B007229,T01370,V0274,5644372.63,2026-05-01T02:18:37,3,RESPONSIVE
B007230,T01371,V0310,1332596.53,2025-05-02T11:23:46,1,RESPONSIVE
B007231,T01371,V0127,1368907.51,2025-05-17T10:14:37,2,RESPONSIVE
B007232,T01371,V0014,1416224.14,2025-05-22T19:56:06,3,RESPONSIVE
B007233,T01371,V0504,1496809.75,2025-05-16T17:45:15,4,RESPONSIVE
B007234,T01372,V0135,15080067.49,2024-06-21T20:06:00,1,RESPONSIVE
B007235,T01372,V0023,15290313.93,2024-06-30T04:17:59,2,RESPONSIVE
B007236,T01372,V0414,15319997.12,2024-06-21T20:59:04,3,RESPONSIVE
B007237,T01372,V0103,15432141.57,2024-06-17T12:52:44,4,RESPONSIVE
B007238,T01372,V0150,15746972.68,2024-06-28T07:15:49,5,RESPONSIVE
B007239,T01372,V0063,16199135.98,2024-06-22T04:55:50,6,RESPONSIVE
B007240,T01373,V0144,6334377.06,2025-12-17T09:18:40,1,RESPONSIVE
B007241,T01373,V0417,6757156.89,2025-11-18T02:42:00,2,RESPONSIVE
B007242,T01373,V0384,6821577.61,2025-12-10T14:32:41,3,RESPONSIVE
B007243,T01374,V0472,9693855.11,2025-10-25T00:27:00,1,RESPONSIVE
B007244,T01374,V0142,9852974.83,2025-10-07T04:36:47,2,RESPONSIVE
B007245,T01375,V0185,7266026.0,2024-09-02T14:26:50,1,RESPONSIVE
B007246,T01375,V0034,7274315.35,2024-08-06T23:20:21,2,RESPONSIVE
B007247,T01375,V0186,7311574.45,2024-09-01T11:49:59,3,RESPONSIVE
B007248,T01375,V0158,7355528.86,2024-08-09T01:21:44,4,NON_RESPONSIVE
B007249,T01375,V0256,7445823.55,2024-08-23T02:14:08,5,RESPONSIVE
B007250,T01375,V0005,7460648.31,2024-08-28T04:11:41,6,RESPONSIVE
B007251,T01375,V0321,7578687.47,2024-08-14T12:49:41,7,RESPONSIVE
B007252,T01376,V0470,18696634.98,2026-07-14T19:29:06,1,RESPONSIVE
B007253,T01376,V0094,19440818.33,2026-07-12T01:01:37,2,RESPONSIVE
B007254,T01376,V0445,19709988.34,2026-07-15T02:23:19,3,RESPONSIVE
B007255,T01376,V0426,19845825.53,2026-07-15T19:59:51,4,RESPONSIVE
B007256,T01376,V0091,20577270.88,2026-07-06T22:48:31,5,RESPONSIVE
B007257,T01377,V0184,11541360.38,2026-02-22T18:15:04,1,RESPONSIVE
B007258,T01377,V0072,11655204.8,2026-02-06T09:29:05,2,RESPONSIVE
B007259,T01377,V0407,11664690.91,2026-02-03T20:16:53,3,RESPONSIVE
B007260,T01377,V0481,11925423.76,2026-01-24T22:06:57,4,RESPONSIVE
B007261,T01377,V0119,12138538.03,2026-02-06T02:01:37,5,RESPONSIVE
B007262,T01378,V0297,130078305.72,2024-09-07T16:46:08,1,RESPONSIVE
B007263,T01378,V0247,135490717.08,2024-09-12T18:14:36,2,RESPONSIVE
B007264,T01378,V0114,138171214.15,2024-09-10T16:37:18,3,RESPONSIVE
B007265,T01378,V0054,141784274.71,2024-09-08T16:26:59,4,NON_RESPONSIVE
B007266,T01378,V0381,146463581.68,2024-09-09T05:02:37,5,RESPONSIVE
B007267,T01379,V0120,6705899.2,2026-04-09T07:21:45,1,RESPONSIVE
B007268,T01379,V0438,7032899.91,2026-04-25T09:09:45,2,RESPONSIVE
B007269,T01379,V0368,7140863.72,2026-04-22T01:00:18,3,RESPONSIVE
B007270,T01379,V0483,7217907.84,2026-04-09T00:01:01,4,RESPONSIVE
B007271,T01379,V0537,7316804.82,2026-04-12T17:09:17,5,RESPONSIVE
B007272,T01379,V0182,7371738.97,2026-03-30T22:36:43,6,RESPONSIVE
B007273,T01379,V0332,7392050.68,2026-04-23T22:08:29,7,RESPONSIVE
B007274,T01379,V0387,7513547.87,2026-04-06T06:42:28,8,NON_RESPONSIVE
B007275,T01379,V0185,7550771.6,2026-04-15T15:09:45,9,RESPONSIVE
B007276,T01379,V0255,7622953.46,2026-04-08T22:34:21,10,RESPONSIVE
B007277,T01379,V0247,7818010.73,2026-04-13T07:58:45,11,RESPONSIVE
B007278,T01379,V0172,7862242.49,2026-04-23T22:04:23,12,RESPONSIVE
B007279,T01379,V0313,7921245.28,2026-04-09T09:40:39,13,RESPONSIVE
B007280,T01380,V0103,43976402.41,2025-06-28T13:47:07,1,RESPONSIVE
B007281,T01380,V0362,44368260.83,2025-06-18T11:38:49,2,RESPONSIVE
B007282,T01380,V0515,45083299.45,2025-06-30T20:27:06,3,RESPONSIVE
B007283,T01381,V0396,8157902.34,2025-02-15T23:21:42,1,RESPONSIVE
B007284,T01381,V0086,8291486.93,2025-02-18T20:55:52,2,RESPONSIVE
B007285,T01381,V0231,8363115.7,2025-02-12T18:13:32,3,RESPONSIVE
B007286,T01381,V0513,8571960.38,2025-02-26T00:29:58,4,RESPONSIVE
B007287,T01381,V0534,8576609.38,2025-02-24T17:21:29,5,RESPONSIVE
B007288,T01381,V0181,9103918.26,2025-02-25T19:14:14,6,RESPONSIVE
B007289,T01381,V0040,9146297.45,2025-02-20T13:17:44,7,RESPONSIVE
B007290,T01381,V0423,9174032.24,2025-02-02T05:27:19,8,RESPONSIVE
B007291,T01382,V0451,46875372.82,2024-10-10T19:01:17,1,RESPONSIVE
B007292,T01382,V0046,47622525.28,2024-10-11T13:28:47,2,RESPONSIVE
B007293,T01382,V0038,48833415.96,2024-10-29T23:26:57,3,RESPONSIVE
B007294,T01382,V0107,49019144.1,2024-11-01T02:31:27,4,RESPONSIVE
B007295,T01382,V0347,51712013.96,2024-10-30T19:41:55,5,RESPONSIVE
B007296,T01383,V0045,42815613.85,2024-04-02T00:26:02,1,RESPONSIVE
B007297,T01383,V0415,46592959.83,2024-03-15T23:04:45,2,RESPONSIVE
B007298,T01383,V0376,47174113.65,2024-03-30T17:08:17,3,RESPONSIVE
B007299,T01383,V0462,47862224.32,2024-03-31T15:59:14,4,RESPONSIVE
B007300,T01383,V0205,48886533.28,2024-03-19T20:17:36,5,RESPONSIVE
B007301,T01383,V0078,49174133.67,2024-04-02T15:05:21,6,RESPONSIVE
B007302,T01383,V0487,51449389.53,2024-03-22T12:30:30,7,RESPONSIVE
B007303,T01383,V0359,51596903.95,2024-04-01T15:55:14,8,RESPONSIVE
B007304,T01383,V0435,51616586.76,2024-03-13T04:10:51,9,RESPONSIVE
B007305,T01384,V0322,1709742.14,2025-06-21T06:28:20,1,RESPONSIVE
B007306,T01384,V0379,1737379.05,2025-06-23T04:36:59,2,RESPONSIVE
B007307,T01384,V0309,1832624.33,2025-06-26T01:02:19,3,RESPONSIVE
B007308,T01384,V0364,1889208.93,2025-06-18T16:57:30,4,RESPONSIVE
B007309,T01385,V0004,1835562.24,2024-09-21T14:14:53,1,RESPONSIVE
B007310,T01385,V0201,1838867.02,2024-09-24T21:51:39,2,RESPONSIVE
B007311,T01385,V0249,1891881.37,2024-09-28T13:19:12,3,RESPONSIVE
B007312,T01385,V0162,1897331.14,2024-09-30T18:51:17,4,RESPONSIVE
B007313,T01385,V0115,1903551.37,2024-09-24T02:33:36,5,RESPONSIVE
B007314,T01385,V0263,1908780.3,2024-09-26T22:47:08,6,RESPONSIVE
B007315,T01385,V0288,1918125.93,2024-09-27T13:57:50,7,RESPONSIVE
B007316,T01385,V0197,1951499.82,2024-09-26T13:56:55,8,RESPONSIVE
B007317,T01385,V0142,1990227.89,2024-09-25T09:13:37,9,RESPONSIVE
B007318,T01386,V0142,22140729.5,2024-03-10T20:41:52,1,RESPONSIVE
B007319,T01386,V0340,23216135.33,2024-04-01T11:30:18,2,RESPONSIVE
B007320,T01386,V0130,25561369.52,2024-04-03T03:42:43,3,RESPONSIVE
B007321,T01386,V0029,26514256.9,2024-04-03T08:20:57,4,RESPONSIVE
B007322,T01386,V0080,27422164.8,2024-04-05T12:00:07,5,RESPONSIVE
B007323,T01387,V0029,10212073.06,2026-03-28T00:25:52,1,RESPONSIVE
B007324,T01387,V0424,10420646.19,2026-03-27T11:30:24,2,RESPONSIVE
B007325,T01388,V0254,3434413.23,2024-01-16T07:25:15,1,RESPONSIVE
B007326,T01388,V0122,3481966.11,2024-01-16T18:33:42,2,RESPONSIVE
B007327,T01389,V0204,19895448.21,2025-12-15T19:15:10,1,RESPONSIVE
B007328,T01389,V0331,20591929.86,2025-11-27T14:00:32,2,RESPONSIVE
B007329,T01389,V0265,20682864.77,2025-11-30T19:00:58,3,RESPONSIVE
B007330,T01389,V0463,21016087.26,2025-12-08T16:43:17,4,RESPONSIVE
B007331,T01389,V0104,21375061.26,2025-11-15T01:56:40,5,RESPONSIVE
B007332,T01389,V0041,21915318.66,2025-12-05T14:48:39,6,RESPONSIVE
B007333,T01389,V0475,22368384.56,2025-11-30T03:10:23,7,RESPONSIVE
B007334,T01390,V0247,1497314.22,2025-05-05T11:52:44,1,RESPONSIVE
B007335,T01390,V0402,1641567.35,2025-04-26T23:50:35,2,RESPONSIVE
B007336,T01390,V0166,1704275.25,2025-05-17T15:34:06,3,RESPONSIVE
B007337,T01390,V0340,1748261.35,2025-04-28T02:34:01,4,RESPONSIVE
B007338,T01391,V0344,19507498.1,2025-02-03T03:33:08,1,RESPONSIVE
B007339,T01391,V0026,20779800.37,2025-01-07T09:33:56,2,RESPONSIVE
B007340,T01392,V0178,4522668.46,2025-01-24T08:08:46,1,RESPONSIVE
B007341,T01392,V0321,4706793.57,2025-01-22T18:19:27,2,RESPONSIVE
B007342,T01392,V0451,4834124.17,2025-01-20T18:25:48,3,RESPONSIVE
B007343,T01392,V0433,4993784.24,2025-01-18T09:38:43,4,RESPONSIVE
B007344,T01392,V0027,5080343.42,2025-02-04T21:42:56,5,RESPONSIVE
B007345,T01393,V0025,17028741.12,2025-07-12T19:43:30,1,NON_RESPONSIVE
B007346,T01393,V0295,17415676.39,2025-07-06T15:10:47,2,RESPONSIVE
B007347,T01393,V0481,17836371.69,2025-07-09T16:32:14,3,RESPONSIVE
B007348,T01393,V0119,17859126.68,2025-07-04T18:56:55,4,RESPONSIVE
B007349,T01394,V0426,5765506.58,2024-04-10T14:58:30,1,NON_RESPONSIVE
B007350,T01394,V0194,5921424.55,2024-04-12T01:17:53,2,RESPONSIVE
B007351,T01394,V0137,5923274.46,2024-04-10T08:15:02,3,RESPONSIVE
B007352,T01395,V0269,20489823.66,2026-08-28T01:30:56,1,RESPONSIVE
B007353,T01395,V0267,20530223.99,2026-08-28T21:07:55,2,RESPONSIVE
B007354,T01395,V0150,20551707.62,2026-08-29T05:17:54,3,RESPONSIVE
B007355,T01395,V0039,20704938.91,2026-08-19T06:43:57,4,RESPONSIVE
B007356,T01395,V0007,20809737.0,2026-08-28T06:33:29,5,RESPONSIVE
B007357,T01395,V0330,21711424.49,2026-08-12T01:44:33,6,RESPONSIVE
B007358,T01395,V0363,21807803.57,2026-08-29T03:59:49,7,RESPONSIVE
B007359,T01395,V0016,22922001.91,2026-08-13T02:08:55,8,RESPONSIVE
B007360,T01396,V0220,24107028.55,2026-03-20T09:19:10,1,RESPONSIVE
B007361,T01396,V0346,24768103.26,2026-03-23T04:34:37,2,RESPONSIVE
B007362,T01396,V0496,25366571.34,2026-03-29T12:36:23,3,RESPONSIVE
B007363,T01396,V0187,26000145.03,2026-04-03T03:42:20,4,RESPONSIVE
B007364,T01396,V0289,26391808.44,2026-04-02T12:22:43,5,RESPONSIVE
B007365,T01396,V0247,26395604.72,2026-03-28T23:55:08,6,RESPONSIVE
B007366,T01396,V0410,26435612.77,2026-04-03T15:58:17,7,RESPONSIVE
B007367,T01396,V0478,26840838.49,2026-03-16T20:56:09,8,RESPONSIVE
B007368,T01397,V0166,11311215.84,2024-10-14T19:22:29,1,RESPONSIVE
B007369,T01397,V0195,11748293.65,2024-09-18T23:48:48,2,RESPONSIVE
B007370,T01397,V0411,12193716.37,2024-10-06T23:09:27,3,RESPONSIVE
B007371,T01397,V0073,12194471.8,2024-09-28T07:35:25,4,RESPONSIVE
B007372,T01397,V0474,12417748.74,2024-10-04T10:51:01,5,RESPONSIVE
B007373,T01397,V0123,12455792.53,2024-09-18T07:46:48,6,RESPONSIVE
B007374,T01397,V0219,12587436.51,2024-10-14T23:01:30,7,NON_RESPONSIVE
B007375,T01397,V0269,12597832.16,2024-09-26T06:39:18,8,RESPONSIVE
B007376,T01397,V0301,12681254.35,2024-10-13T23:11:36,9,RESPONSIVE
B007377,T01398,V0127,5074203.75,2026-01-15T00:58:35,1,RESPONSIVE
B007378,T01398,V0281,5220368.25,2026-01-19T14:46:37,2,RESPONSIVE
B007379,T01398,V0122,5232056.16,2026-01-24T10:56:25,3,RESPONSIVE
B007380,T01398,V0310,5390538.55,2026-01-10T18:25:47,4,RESPONSIVE
B007381,T01399,V0347,16011739.36,2026-02-09T04:22:23,1,RESPONSIVE
B007382,T01399,V0027,16703554.93,2026-02-14T17:10:45,2,RESPONSIVE
B007383,T01399,V0135,16721755.87,2026-02-19T02:22:05,3,RESPONSIVE
B007384,T01399,V0097,16722601.89,2026-02-09T01:28:34,4,RESPONSIVE
B007385,T01400,V0513,5811156.28,2026-02-21T12:49:46,1,RESPONSIVE
B007386,T01400,V0175,5964228.03,2026-02-20T06:53:23,2,RESPONSIVE
B007387,T01400,V0215,6018573.86,2026-02-20T12:44:46,3,RESPONSIVE
B007388,T01400,V0407,6041149.13,2026-02-08T20:37:28,4,RESPONSIVE
B007389,T01400,V0396,6684861.22,2026-02-16T11:07:19,5,RESPONSIVE
B007390,T01401,V0308,6968547.12,2024-03-19T09:57:57,1,RESPONSIVE
B007391,T01401,V0414,7016764.45,2024-03-04T00:39:15,2,RESPONSIVE
B007392,T01401,V0071,7028796.22,2024-03-10T02:37:52,3,RESPONSIVE
B007393,T01401,V0396,7115560.71,2024-03-09T10:40:34,4,RESPONSIVE
B007394,T01401,V0434,7220727.28,2024-03-12T11:20:03,5,RESPONSIVE
B007395,T01401,V0485,7254673.43,2024-03-19T10:11:33,6,RESPONSIVE
B007396,T01401,V0454,7269205.14,2024-03-17T09:37:01,7,RESPONSIVE
B007397,T01401,V0384,7328200.98,2024-03-14T23:53:34,8,RESPONSIVE
B007398,T01401,V0424,7482236.85,2024-03-03T13:11:39,9,RESPONSIVE
B007399,T01402,V0352,11319084.28,2024-09-19T20:37:13,1,RESPONSIVE
B007400,T01402,V0473,11437015.9,2024-09-22T17:11:20,2,RESPONSIVE
B007401,T01403,V0073,19399969.33,2025-04-18T19:44:12,1,RESPONSIVE
B007402,T01403,V0284,20848986.83,2025-05-01T12:31:41,2,RESPONSIVE
B007403,T01403,V0209,20943140.55,2025-04-25T07:46:09,3,RESPONSIVE
B007404,T01403,V0188,20962866.92,2025-04-05T22:37:22,4,RESPONSIVE
B007405,T01403,V0107,21659061.13,2025-04-20T13:57:53,5,RESPONSIVE
B007406,T01404,V0530,7038404.97,2026-04-27T12:29:10,1,NON_RESPONSIVE
B007407,T01404,V0187,7089102.38,2026-04-24T12:06:19,2,RESPONSIVE
B007408,T01404,V0363,7355940.38,2026-04-28T18:09:04,3,RESPONSIVE
B007409,T01404,V0533,7422597.51,2026-04-26T23:21:29,4,RESPONSIVE
B007410,T01404,V0034,7426538.87,2026-04-30T23:43:20,5,RESPONSIVE
B007411,T01404,V0065,7560732.71,2026-04-25T06:32:49,6,RESPONSIVE
B007412,T01404,V0402,7631347.21,2026-04-29T08:49:40,7,RESPONSIVE
B007413,T01404,V0483,7718549.79,2026-04-26T14:00:41,8,RESPONSIVE
B007414,T01405,V0382,12773043.83,2025-08-19T14:25:10,1,RESPONSIVE
B007415,T01405,V0147,12842894.07,2025-08-29T02:53:56,2,RESPONSIVE
B007416,T01405,V0148,12967210.62,2025-08-23T01:56:32,3,NON_RESPONSIVE
B007417,T01405,V0243,13004333.83,2025-08-28T11:54:06,4,RESPONSIVE
B007418,T01405,V0049,13341169.61,2025-08-24T08:03:19,5,RESPONSIVE
B007419,T01405,V0469,13644347.57,2025-08-22T16:06:46,6,RESPONSIVE
B007420,T01406,V0355,9992239.23,2025-02-07T15:13:09,1,RESPONSIVE
B007421,T01406,V0295,10394939.18,2025-01-20T13:52:54,2,RESPONSIVE
B007422,T01406,V0277,11010498.47,2025-01-26T16:47:44,3,RESPONSIVE
B007423,T01406,V0184,11094555.26,2025-01-20T14:18:24,4,RESPONSIVE
B007424,T01406,V0025,11178184.3,2025-01-27T08:16:00,5,RESPONSIVE
B007425,T01407,V0212,23679425.72,2025-12-23T00:50:58,1,RESPONSIVE
B007426,T01407,V0028,24379452.26,2026-01-02T05:14:05,2,RESPONSIVE
B007427,T01407,V0320,24689260.15,2026-01-03T07:09:15,3,RESPONSIVE
B007428,T01408,V0229,12935250.84,2026-05-23T04:07:54,1,RESPONSIVE
B007429,T01408,V0354,13125192.96,2026-05-15T18:46:20,2,RESPONSIVE
B007430,T01408,V0136,13169996.82,2026-05-20T05:35:16,3,RESPONSIVE
B007431,T01409,V0378,5220949.08,2025-05-17T21:57:02,1,RESPONSIVE
B007432,T01409,V0200,5570607.83,2025-06-07T11:30:45,2,RESPONSIVE
B007433,T01409,V0041,5639697.47,2025-05-21T00:43:51,3,RESPONSIVE
B007434,T01409,V0020,5909087.32,2025-05-27T10:23:02,4,RESPONSIVE
B007435,T01410,V0324,49818625.11,2024-02-06T19:44:05,1,RESPONSIVE
B007436,T01410,V0095,51950770.31,2024-02-15T15:47:03,2,RESPONSIVE
B007437,T01410,V0357,52277584.89,2024-02-04T01:43:03,3,RESPONSIVE
B007438,T01410,V0470,54208878.48,2024-02-14T11:56:03,4,RESPONSIVE
B007439,T01411,V0397,3203080.88,2024-03-11T18:37:09,1,RESPONSIVE
B007440,T01411,V0161,3248465.91,2024-03-30T19:01:00,2,RESPONSIVE
B007441,T01411,V0112,3273732.04,2024-03-19T06:52:32,3,RESPONSIVE
B007442,T01411,V0003,3279742.56,2024-03-17T08:31:04,4,RESPONSIVE
B007443,T01411,V0533,3310321.3,2024-03-21T07:09:53,5,RESPONSIVE
B007444,T01411,V0360,3351309.14,2024-03-13T09:00:40,6,RESPONSIVE
B007445,T01411,V0419,3474216.94,2024-04-02T21:24:50,7,RESPONSIVE
B007446,T01411,V0253,3522750.76,2024-03-19T16:04:19,8,RESPONSIVE
B007447,T01411,V0115,3581474.07,2024-04-01T15:11:23,9,RESPONSIVE
B007448,T01412,V0121,6220290.86,2025-12-11T01:50:01,1,RESPONSIVE
B007449,T01412,V0472,6228631.96,2025-12-07T23:20:46,2,RESPONSIVE
B007450,T01412,V0509,6347627.06,2025-12-11T01:07:12,3,RESPONSIVE
B007451,T01412,V0161,6386651.83,2025-12-02T00:41:52,4,RESPONSIVE
B007452,T01412,V0303,6424774.22,2025-12-02T23:59:21,5,RESPONSIVE
B007453,T01412,V0256,6586719.27,2025-12-06T07:20:51,6,NON_RESPONSIVE
B007454,T01412,V0039,6639084.25,2025-12-07T16:03:10,7,RESPONSIVE
B007455,T01412,V0484,6848461.27,2025-12-07T04:06:41,8,RESPONSIVE
B007456,T01413,V0186,13872985.0,2025-04-02T16:09:30,1,RESPONSIVE
B007457,T01413,V0275,13948249.06,2025-03-15T20:01:40,2,RESPONSIVE
B007458,T01413,V0034,14188215.74,2025-03-22T06:35:43,3,RESPONSIVE
B007459,T01413,V0179,14500574.3,2025-04-01T14:44:20,4,RESPONSIVE
B007460,T01413,V0059,15371017.32,2025-03-25T16:49:40,5,RESPONSIVE
B007461,T01414,V0174,6098280.25,2024-09-14T03:45:08,1,RESPONSIVE
B007462,T01414,V0394,6197029.06,2024-08-27T18:07:02,2,RESPONSIVE
B007463,T01414,V0519,6332186.22,2024-10-02T09:12:47,3,RESPONSIVE
B007464,T01414,V0079,6555354.83,2024-09-07T14:03:20,4,RESPONSIVE
B007465,T01414,V0367,6631166.51,2024-09-10T03:13:14,5,RESPONSIVE
B007466,T01414,V0501,6709068.97,2024-09-27T09:38:22,6,RESPONSIVE
B007467,T01415,V0464,11611876.62,2024-05-01T07:12:18,1,RESPONSIVE
B007468,T01415,V0249,12964076.02,2024-04-22T18:28:28,2,RESPONSIVE
B007469,T01415,V0060,13202015.27,2024-04-22T04:22:45,3,RESPONSIVE
B007470,T01416,V0123,1900204.4,2025-10-05T02:52:51,1,RESPONSIVE
B007471,T01416,V0370,1942536.26,2025-10-01T19:22:25,2,RESPONSIVE
B007472,T01417,V0072,8773567.46,2025-12-21T09:43:07,1,RESPONSIVE
B007473,T01417,V0050,8784154.28,2026-01-08T07:59:39,2,RESPONSIVE
B007474,T01417,V0295,8912321.11,2025-12-21T08:51:54,3,RESPONSIVE
B007475,T01417,V0223,8973306.39,2025-12-31T02:45:29,4,RESPONSIVE
B007476,T01417,V0277,9122060.75,2026-01-09T05:02:28,5,RESPONSIVE
B007477,T01417,V0355,9231382.38,2026-01-04T22:43:19,6,RESPONSIVE
B007478,T01417,V0025,9359586.31,2025-12-17T00:49:33,7,RESPONSIVE
B007479,T01417,V0020,9636841.71,2026-01-01T11:51:51,8,RESPONSIVE
B007480,T01418,V0340,18988932.44,2025-03-19T14:19:35,1,RESPONSIVE
B007481,T01418,V0100,19583086.26,2025-04-01T09:00:21,2,RESPONSIVE
B007482,T01418,V0483,20064427.75,2025-03-15T14:18:04,3,RESPONSIVE
B007483,T01418,V0054,20874597.45,2025-03-18T10:16:34,4,RESPONSIVE
B007484,T01419,V0289,7190864.96,2024-12-07T01:10:33,1,RESPONSIVE
B007485,T01419,V0516,7205098.6,2024-12-06T13:34:38,2,RESPONSIVE
B007486,T01419,V0426,7458027.74,2024-11-26T13:06:39,3,RESPONSIVE
B007487,T01419,V0172,7545779.12,2024-12-06T12:44:43,4,RESPONSIVE
B007488,T01419,V0483,7553034.08,2024-12-03T05:49:45,5,RESPONSIVE
B007489,T01419,V0340,7899567.53,2024-11-18T15:36:26,6,RESPONSIVE
B007490,T01419,V0304,7915123.96,2024-11-30T17:58:42,7,RESPONSIVE
B007491,T01419,V0212,8217507.64,2024-11-12T22:36:39,8,RESPONSIVE
B007492,T01420,V0001,6673067.55,2025-11-22T06:06:57,1,RESPONSIVE
B007493,T01420,V0262,6776084.36,2025-11-29T06:18:45,2,RESPONSIVE
B007494,T01420,V0243,7075429.68,2025-11-23T18:25:34,3,RESPONSIVE
B007495,T01420,V0463,7096937.15,2025-11-17T21:51:00,4,RESPONSIVE
B007496,T01420,V0104,7149879.17,2025-11-26T03:47:47,5,RESPONSIVE
B007497,T01420,V0286,7231639.2,2025-11-20T16:44:56,6,NON_RESPONSIVE
B007498,T01420,V0072,7276356.57,2025-11-30T12:33:26,7,RESPONSIVE
B007499,T01420,V0447,7278439.97,2025-11-19T05:21:44,8,RESPONSIVE
B007500,T01420,V0491,7451172.68,2025-11-19T19:57:43,9,RESPONSIVE
B007501,T01421,V0434,15533978.8,2026-06-22T12:28:33,1,RESPONSIVE
B007502,T01421,V0383,15561411.14,2026-07-06T18:27:21,2,RESPONSIVE
B007503,T01421,V0174,15579492.53,2026-06-20T08:22:52,3,RESPONSIVE
B007504,T01421,V0451,16148383.47,2026-07-14T07:33:55,4,RESPONSIVE
B007505,T01421,V0047,16162994.35,2026-06-17T05:15:40,5,RESPONSIVE
B007506,T01422,V0386,15439837.43,2026-01-24T04:56:15,1,RESPONSIVE
B007507,T01422,V0435,16379688.76,2026-01-30T20:07:30,2,RESPONSIVE
B007508,T01422,V0525,16465423.17,2026-01-22T03:53:10,3,RESPONSIVE
B007509,T01422,V0430,17078446.33,2026-01-29T11:44:58,4,RESPONSIVE
B007510,T01423,V0126,4034134.31,2025-04-13T08:48:00,1,RESPONSIVE
B007511,T01423,V0166,4212955.18,2025-04-18T21:47:27,2,RESPONSIVE
B007512,T01423,V0064,4295266.27,2025-04-23T01:17:14,3,RESPONSIVE
B007513,T01423,V0453,4421906.2,2025-04-22T10:32:35,4,RESPONSIVE
B007514,T01423,V0059,4702889.75,2025-04-18T23:22:13,5,RESPONSIVE
B007515,T01424,V0472,20274720.2,2024-04-20T16:26:21,1,RESPONSIVE
B007516,T01424,V0455,20660697.53,2024-05-15T20:36:40,2,RESPONSIVE
B007517,T01424,V0397,21185191.42,2024-04-22T09:55:32,3,RESPONSIVE
B007518,T01424,V0483,21375890.46,2024-05-18T14:52:43,4,RESPONSIVE
B007519,T01424,V0130,21409370.74,2024-04-16T22:59:35,5,RESPONSIVE
B007520,T01424,V0269,22432485.05,2024-05-07T01:00:11,6,RESPONSIVE
B007521,T01425,V0031,35245786.94,2026-02-21T03:54:49,1,RESPONSIVE
B007522,T01425,V0479,35636685.81,2026-03-06T15:21:52,2,RESPONSIVE
B007523,T01425,V0214,36221726.53,2026-02-18T00:57:56,3,RESPONSIVE
B007524,T01425,V0338,36575041.68,2026-03-04T14:42:00,4,RESPONSIVE
B007525,T01425,V0293,37566415.2,2026-03-03T11:14:58,5,RESPONSIVE
B007526,T01425,V0502,37592253.05,2026-02-24T06:27:55,6,RESPONSIVE
B007527,T01425,V0344,38027550.54,2026-03-07T14:38:09,7,RESPONSIVE
B007528,T01425,V0503,38697797.61,2026-03-07T11:12:39,8,RESPONSIVE
B007529,T01426,V0240,6384143.37,2025-04-29T06:02:02,1,RESPONSIVE
B007530,T01426,V0192,6666588.07,2025-04-20T19:27:30,2,RESPONSIVE
B007531,T01426,V0408,6673010.66,2025-04-22T22:51:08,3,RESPONSIVE
B007532,T01426,V0439,6749154.66,2025-05-02T04:02:12,4,RESPONSIVE
B007533,T01426,V0499,6773976.14,2025-04-28T22:18:25,5,RESPONSIVE
B007534,T01426,V0033,7043844.07,2025-05-01T08:45:37,6,RESPONSIVE
B007535,T01426,V0343,7279950.64,2025-04-29T16:57:23,7,RESPONSIVE
B007536,T01427,V0107,21710877.3,2024-09-14T18:53:44,1,RESPONSIVE
B007537,T01427,V0007,23248985.87,2024-09-20T22:06:11,2,RESPONSIVE
B007538,T01427,V0062,23359774.35,2024-09-25T17:44:35,3,RESPONSIVE
B007539,T01427,V0274,25406019.4,2024-09-21T06:50:12,4,NON_RESPONSIVE
B007540,T01427,V0207,25499126.2,2024-09-18T08:37:11,5,RESPONSIVE
B007541,T01428,V0414,18232015.1,2025-07-11T18:03:51,1,RESPONSIVE
B007542,T01428,V0344,18336186.97,2025-07-11T22:48:16,2,RESPONSIVE
B007543,T01428,V0293,18695895.95,2025-06-25T19:29:39,3,RESPONSIVE
B007544,T01428,V0317,20032402.56,2025-07-07T18:01:10,4,NON_RESPONSIVE
B007545,T01429,V0540,5122203.45,2024-02-22T03:10:23,1,RESPONSIVE
B007546,T01429,V0106,5503959.52,2024-02-24T15:53:59,2,RESPONSIVE
B007547,T01429,V0168,5539727.19,2024-02-27T15:34:58,3,RESPONSIVE
B007548,T01429,V0141,5768522.63,2024-03-02T15:08:10,4,RESPONSIVE
B007549,T01429,V0058,5919426.51,2024-02-25T18:18:09,5,RESPONSIVE
B007550,T01429,V0452,5978900.57,2024-02-20T23:14:03,6,RESPONSIVE
B007551,T01430,V0384,2592562.43,2026-04-14T18:20:32,1,RESPONSIVE
B007552,T01430,V0047,2632270.88,2026-04-27T13:56:18,2,RESPONSIVE
B007553,T01430,V0023,2727393.58,2026-04-21T21:56:04,3,RESPONSIVE
B007554,T01430,V0512,2727817.28,2026-04-10T13:05:14,4,RESPONSIVE
B007555,T01430,V0502,2761289.07,2026-04-14T07:39:36,5,RESPONSIVE
B007556,T01430,V0509,2767123.72,2026-04-18T22:22:07,6,RESPONSIVE
B007557,T01430,V0056,2798199.99,2026-04-20T08:43:20,7,RESPONSIVE
B007558,T01430,V0396,2800013.33,2026-04-20T20:14:04,8,RESPONSIVE
B007559,T01430,V0034,2826685.17,2026-04-27T11:03:25,9,RESPONSIVE
B007560,T01430,V0302,2996522.37,2026-04-08T01:50:04,10,RESPONSIVE
B007561,T01431,V0550,20971254.26,2025-06-25T03:01:22,1,RESPONSIVE
B007562,T01431,V0296,21859882.74,2025-06-27T05:51:53,2,RESPONSIVE
B007563,T01431,V0128,21947732.27,2025-06-02T23:50:48,3,RESPONSIVE
B007564,T01431,V0366,22372460.36,2025-06-11T02:39:42,4,RESPONSIVE
B007565,T01431,V0110,22765513.74,2025-06-07T22:28:59,5,RESPONSIVE
B007566,T01432,V0121,14653752.22,2026-03-05T00:32:18,1,RESPONSIVE
B007567,T01432,V0394,15129104.52,2026-03-03T20:44:43,2,RESPONSIVE
B007568,T01432,V0182,15253025.31,2026-03-07T03:23:21,3,RESPONSIVE
B007569,T01433,V0452,7255834.98,2025-12-31T22:09:52,1,RESPONSIVE
B007570,T01433,V0020,7381141.89,2025-12-31T04:40:17,2,RESPONSIVE
B007571,T01433,V0264,7450840.6,2025-12-28T15:59:13,3,NON_RESPONSIVE
B007572,T01433,V0136,7613057.42,2025-12-30T06:39:16,4,RESPONSIVE
B007573,T01434,V0499,35392174.47,2024-05-04T10:34:54,1,NON_RESPONSIVE
B007574,T01434,V0104,35722793.27,2024-04-02T22:15:48,2,RESPONSIVE
B007575,T01435,V0299,64016421.07,2025-10-12T10:16:13,1,RESPONSIVE
B007576,T01435,V0415,64500803.61,2025-10-01T15:56:18,2,RESPONSIVE
B007577,T01435,V0220,68737423.07,2025-10-13T08:45:47,3,RESPONSIVE
B007578,T01435,V0045,69252194.68,2025-10-02T03:17:39,4,RESPONSIVE
B007579,T01435,V0393,70650628.91,2025-10-15T03:36:25,5,RESPONSIVE
B007580,T01436,V0421,39565588.43,2025-07-08T05:18:44,1,RESPONSIVE
B007581,T01436,V0006,40128963.8,2025-07-10T15:01:34,2,RESPONSIVE
B007582,T01436,V0510,40682312.07,2025-07-07T23:21:59,3,RESPONSIVE
B007583,T01436,V0054,41264296.5,2025-07-02T14:36:53,4,RESPONSIVE
B007584,T01436,V0400,41876236.4,2025-06-29T02:41:01,5,RESPONSIVE
B007585,T01436,V0372,42218642.58,2025-07-01T00:57:44,6,RESPONSIVE
B007586,T01436,V0220,43033215.66,2025-07-02T08:47:09,7,RESPONSIVE
B007587,T01436,V0437,44398383.76,2025-07-09T01:05:43,8,RESPONSIVE
B007588,T01436,V0194,45511682.58,2025-07-04T21:24:08,9,RESPONSIVE
B007589,T01437,V0242,84077700.61,2026-03-05T14:06:43,1,RESPONSIVE
B007590,T01437,V0306,84756042.02,2026-03-11T09:01:41,2,NON_RESPONSIVE
B007591,T01437,V0267,86076005.99,2026-02-25T23:24:25,3,RESPONSIVE
B007592,T01437,V0249,89961060.72,2026-03-03T10:48:41,4,RESPONSIVE
B007593,T01437,V0199,92877538.68,2026-02-19T21:53:29,5,RESPONSIVE
B007594,T01437,V0327,95251607.43,2026-03-16T17:27:02,6,RESPONSIVE
B007595,T01438,V0162,7215084.48,2025-02-08T19:49:00,1,RESPONSIVE
B007596,T01438,V0403,7462182.94,2025-02-07T16:58:42,2,RESPONSIVE
B007597,T01439,V0336,4892358.57,2026-03-01T09:06:05,1,RESPONSIVE
B007598,T01439,V0025,5389497.99,2026-02-26T21:51:47,2,RESPONSIVE
B007599,T01440,V0516,13372469.57,2025-08-26T11:48:51,1,RESPONSIVE
B007600,T01440,V0426,13382499.96,2025-08-19T01:26:59,2,NON_RESPONSIVE
B007601,T01440,V0019,13497426.48,2025-08-09T06:55:05,3,RESPONSIVE
B007602,T01440,V0054,13704935.86,2025-08-19T20:14:24,4,RESPONSIVE
B007603,T01441,V0016,8878780.21,2024-10-23T19:47:09,1,RESPONSIVE
B007604,T01441,V0132,8959654.41,2024-10-28T02:56:03,2,RESPONSIVE
B007605,T01441,V0219,9321919.32,2024-10-27T02:27:54,3,RESPONSIVE
B007606,T01441,V0242,9395929.54,2024-10-18T01:16:28,4,RESPONSIVE
B007607,T01441,V0244,9402997.44,2024-11-03T07:41:39,5,RESPONSIVE
B007608,T01441,V0002,9446878.76,2024-10-09T00:53:32,6,RESPONSIVE
B007609,T01441,V0319,9487740.96,2024-11-04T20:42:51,7,RESPONSIVE
B007610,T01441,V0195,9525344.11,2024-10-18T13:07:12,8,RESPONSIVE
B007611,T01441,V0014,9549141.66,2024-10-06T18:12:32,9,RESPONSIVE
B007612,T01441,V0504,9852209.05,2024-09-29T03:38:10,10,RESPONSIVE
B007613,T01442,V0375,22221489.26,2025-09-14T11:34:46,1,RESPONSIVE
B007614,T01442,V0197,23076864.55,2025-09-21T20:57:21,2,RESPONSIVE
B007615,T01443,V0113,25788164.25,2026-01-07T00:39:05,1,RESPONSIVE
B007616,T01443,V0181,26116623.05,2025-12-31T03:20:25,2,RESPONSIVE
B007617,T01443,V0482,27357722.74,2026-01-04T01:47:42,3,RESPONSIVE
B007618,T01444,V0079,40254877.93,2026-05-14T09:34:29,1,RESPONSIVE
B007619,T01444,V0223,42114619.06,2026-05-26T08:52:22,2,RESPONSIVE
B007620,T01444,V0175,43409272.64,2026-05-24T02:33:17,3,RESPONSIVE
B007621,T01444,V0338,44242160.15,2026-05-20T01:12:29,4,RESPONSIVE
B007622,T01444,V0031,44773999.04,2026-05-19T05:57:53,5,RESPONSIVE
B007623,T01444,V0008,44929173.06,2026-05-12T05:24:57,6,RESPONSIVE
B007624,T01444,V0214,47073991.51,2026-05-25T11:45:11,7,RESPONSIVE
B007625,T01445,V0423,11258456.59,2025-01-21T11:42:32,1,RESPONSIVE
B007626,T01445,V0144,11311722.03,2025-01-20T21:58:33,2,RESPONSIVE
B007627,T01445,V0026,11441376.65,2025-01-18T04:48:35,3,RESPONSIVE
B007628,T01445,V0482,11825418.86,2025-01-30T11:13:00,4,RESPONSIVE
B007629,T01445,V0549,12008259.57,2025-01-13T01:08:48,5,RESPONSIVE
B007630,T01445,V0338,12204182.71,2025-01-15T11:25:00,6,RESPONSIVE
B007631,T01445,V0502,12216391.75,2025-01-30T06:52:01,7,RESPONSIVE
B007632,T01446,V0491,4977924.18,2025-08-02T08:27:34,1,RESPONSIVE
B007633,T01446,V0498,5080040.14,2025-07-22T12:44:29,2,RESPONSIVE
B007634,T01446,V0001,5160605.94,2025-08-06T20:56:28,3,RESPONSIVE
B007635,T01446,V0463,5322948.57,2025-08-08T16:12:53,4,RESPONSIVE
B007636,T01446,V0490,5417142.89,2025-07-11T10:14:14,5,RESPONSIVE
B007637,T01446,V0119,5425550.7,2025-07-15T22:36:49,6,RESPONSIVE
B007638,T01447,V0365,17650765.73,2026-04-21T23:16:51,1,RESPONSIVE
B007639,T01447,V0113,17778030.41,2026-04-23T15:49:38,2,RESPONSIVE
B007640,T01447,V0384,18647895.3,2026-04-19T22:36:48,3,RESPONSIVE
B007641,T01447,V0503,18940194.08,2026-04-25T11:01:56,4,RESPONSIVE
B007642,T01447,V0293,18981615.74,2026-04-23T03:03:41,5,RESPONSIVE
B007643,T01447,V0403,19598279.14,2026-04-21T09:59:02,6,RESPONSIVE
B007644,T01447,V0259,20203104.28,2026-04-20T18:30:49,7,RESPONSIVE
B007645,T01448,V0092,6539501.69,2025-05-08T08:37:53,1,RESPONSIVE
B007646,T01448,V0203,6976093.76,2025-05-02T16:52:44,2,RESPONSIVE
B007647,T01448,V0309,7064173.29,2025-04-22T17:27:20,3,NON_RESPONSIVE
B007648,T01448,V0413,7286384.49,2025-04-19T16:58:43,4,RESPONSIVE
B007649,T01448,V0151,7384191.31,2025-04-25T02:38:32,5,RESPONSIVE
B007650,T01448,V0066,7429287.86,2025-05-02T20:01:59,6,RESPONSIVE
B007651,T01448,V0127,7538617.6,2025-05-02T00:34:50,7,RESPONSIVE
B007652,T01448,V0254,7633975.69,2025-04-20T13:07:45,8,NON_RESPONSIVE
B007653,T01448,V0093,7707205.76,2025-04-16T16:00:14,9,RESPONSIVE
B007654,T01448,V0379,7785399.93,2025-05-07T19:59:53,10,RESPONSIVE
B007655,T01448,V0276,8022753.01,2025-04-29T10:15:16,11,RESPONSIVE
B007656,T01449,V0491,29406363.52,2026-08-27T21:05:31,1,RESPONSIVE
B007657,T01449,V0475,29457519.6,2026-08-27T09:27:48,2,RESPONSIVE
B007658,T01449,V0022,29671837.62,2026-08-28T05:41:32,3,RESPONSIVE
B007659,T01449,V0481,30299081.53,2026-08-28T02:03:18,4,RESPONSIVE
B007660,T01449,V0204,30721124.94,2026-08-26T16:26:50,5,RESPONSIVE
B007661,T01449,V0395,31668487.85,2026-08-29T16:57:22,6,RESPONSIVE
B007662,T01449,V0141,32316517.4,2026-08-29T20:06:53,7,RESPONSIVE
B007663,T01450,V0422,11746056.15,2026-07-28T11:56:55,1,RESPONSIVE
B007664,T01450,V0169,12406639.29,2026-07-27T11:32:31,2,RESPONSIVE
B007665,T01451,V0181,9957373.21,2025-01-12T06:46:39,1,RESPONSIVE
B007666,T01451,V0423,9961965.17,2024-12-27T04:12:18,2,RESPONSIVE
B007667,T01451,V0184,10139192.98,2024-12-26T19:00:18,3,RESPONSIVE
B007668,T01451,V0534,10205076.06,2024-12-20T03:02:09,4,RESPONSIVE
B007669,T01451,V0259,10509179.68,2025-01-01T00:50:30,5,RESPONSIVE
B007670,T01452,V0416,34407446.02,2025-09-30T21:47:55,1,RESPONSIVE
B007671,T01452,V0511,37025854.7,2025-09-19T14:15:19,2,RESPONSIVE
B007672,T01452,V0484,39567056.9,2025-09-22T22:35:44,3,RESPONSIVE
B007673,T01452,V0153,40205546.6,2025-09-30T06:40:50,4,RESPONSIVE
B007674,T01452,V0550,40392239.67,2025-09-17T08:31:40,5,RESPONSIVE
B007675,T01453,V0325,9665685.41,2025-01-30T08:47:49,1,RESPONSIVE
B007676,T01453,V0289,9986857.84,2024-12-28T19:12:14,2,RESPONSIVE
B007677,T01453,V0393,10039199.25,2025-01-02T23:49:10,3,NON_RESPONSIVE
B007678,T01453,V0273,10065169.09,2025-01-09T06:01:25,4,RESPONSIVE
B007679,T01453,V0279,10171955.31,2024-12-29T18:16:45,5,RESPONSIVE
B007680,T01453,V0100,10228889.76,2025-01-09T20:42:40,6,RESPONSIVE
B007681,T01453,V0324,10241159.69,2025-01-29T01:46:31,7,RESPONSIVE
B007682,T01453,V0054,10509148.09,2025-01-04T07:06:58,8,RESPONSIVE
B007683,T01454,V0346,105953929.57,2026-07-25T15:49:39,1,RESPONSIVE
B007684,T01454,V0366,109884786.68,2026-07-21T07:36:43,2,RESPONSIVE
B007685,T01454,V0185,111022464.67,2026-07-15T07:48:21,3,NON_RESPONSIVE
B007686,T01454,V0220,112419127.22,2026-07-17T02:10:25,4,RESPONSIVE
B007687,T01454,V0120,113206414.29,2026-07-27T10:57:18,5,RESPONSIVE
B007688,T01454,V0415,116404653.9,2026-07-16T12:56:03,6,RESPONSIVE
B007689,T01455,V0364,2425336.11,2024-12-09T09:34:49,1,RESPONSIVE
B007690,T01455,V0310,2480493.28,2024-12-13T19:23:03,2,RESPONSIVE
B007691,T01455,V0093,2513312.37,2024-12-13T07:15:35,3,RESPONSIVE
B007692,T01456,V0091,19090835.58,2026-01-21T05:12:49,1,RESPONSIVE
B007693,T01456,V0427,19439873.8,2026-01-22T04:54:11,2,RESPONSIVE
B007694,T01456,V0224,20483610.28,2026-01-24T03:44:50,3,RESPONSIVE
B007695,T01457,V0383,17557293.22,2024-09-07T12:04:14,1,RESPONSIVE
B007696,T01457,V0545,17684350.95,2024-09-10T18:09:19,2,RESPONSIVE
B007697,T01457,V0514,17753401.49,2024-09-05T23:30:22,3,RESPONSIVE
B007698,T01457,V0258,17915181.51,2024-09-07T02:13:03,4,RESPONSIVE
B007699,T01457,V0423,18651970.13,2024-09-21T14:41:04,5,RESPONSIVE
B007700,T01457,V0384,18729969.96,2024-09-11T21:02:55,6,RESPONSIVE
B007701,T01457,V0534,19183279.99,2024-09-24T06:40:50,7,RESPONSIVE
B007702,T01457,V0086,19732929.18,2024-09-13T20:26:18,8,NON_RESPONSIVE
B007703,T01458,V0364,1606894.0,2026-02-26T01:56:40,1,RESPONSIVE
B007704,T01458,V0127,1712357.38,2026-03-06T12:19:02,2,RESPONSIVE
B007705,T01458,V0014,1737105.4,2026-02-26T12:35:14,3,RESPONSIVE
B007706,T01458,V0276,1873200.75,2026-03-02T05:44:13,4,RESPONSIVE
B007707,T01459,V0225,16554928.95,2026-03-26T07:21:39,1,RESPONSIVE
B007708,T01459,V0194,18336314.73,2026-03-20T22:06:18,2,RESPONSIVE
B007709,T01459,V0137,18541489.54,2026-03-20T16:28:57,3,NON_RESPONSIVE
B007710,T01459,V0052,18626348.11,2026-03-25T04:02:07,4,RESPONSIVE
B007711,T01459,V0359,18719066.38,2026-03-24T09:25:31,5,RESPONSIVE
B007712,T01459,V0531,18862451.96,2026-03-27T18:08:37,6,RESPONSIVE
B007713,T01459,V0193,18928919.69,2026-03-25T08:05:52,7,NON_RESPONSIVE
B007714,T01459,V0516,19509153.03,2026-03-28T00:59:55,8,RESPONSIVE
B007715,T01460,V0489,9739880.27,2026-03-22T10:54:59,1,RESPONSIVE
B007716,T01460,V0169,9798060.38,2026-03-31T08:05:47,2,NON_RESPONSIVE
B007717,T01461,V0248,85220909.56,2025-08-09T22:40:18,1,RESPONSIVE
B007718,T01461,V0188,87669664.98,2025-08-01T22:39:08,2,RESPONSIVE
B007719,T01462,V0422,6122838.14,2024-07-18T03:13:14,1,NON_RESPONSIVE
B007720,T01462,V0065,6160032.95,2024-07-23T11:24:04,2,RESPONSIVE
B007721,T01462,V0441,6423930.64,2024-07-27T17:44:26,3,RESPONSIVE
B007722,T01462,V0217,6460325.83,2024-07-26T11:10:47,4,RESPONSIVE
B007723,T01462,V0377,6644344.12,2024-07-23T15:12:36,5,RESPONSIVE
B007724,T01462,V0532,6728615.73,2024-07-27T19:30:59,6,RESPONSIVE
B007725,T01462,V0380,6874734.37,2024-07-23T13:08:09,7,NON_RESPONSIVE
B007726,T01463,V0175,2385029.04,2024-08-25T20:02:31,1,RESPONSIVE
B007727,T01463,V0384,2431967.57,2024-08-29T05:39:02,2,RESPONSIVE
B007728,T01463,V0146,2529392.07,2024-08-20T01:20:03,3,RESPONSIVE
B007729,T01463,V0293,2539893.62,2024-08-31T02:17:08,4,RESPONSIVE
B007730,T01463,V0295,2566100.66,2024-08-30T09:04:01,5,RESPONSIVE
B007731,T01463,V0214,2626292.16,2024-09-06T04:20:10,6,RESPONSIVE
B007732,T01463,V0085,2721933.42,2024-09-05T07:59:14,7,RESPONSIVE
B007733,T01464,V0153,54138116.75,2024-12-16T12:54:56,1,RESPONSIVE
B007734,T01464,V0088,54484969.71,2024-12-24T07:26:55,2,RESPONSIVE
B007735,T01464,V0421,55336666.38,2024-12-26T05:42:35,3,RESPONSIVE
B007736,T01464,V0356,56287189.63,2024-12-19T04:31:56,4,RESPONSIVE
B007737,T01464,V0437,56295598.46,2024-12-27T22:34:15,5,RESPONSIVE
B007738,T01464,V0313,58874346.98,2024-12-17T09:20:57,6,RESPONSIVE
B007739,T01465,V0352,1173398.13,2025-11-08T15:06:45,1,RESPONSIVE
B007740,T01465,V0281,1187154.81,2025-11-06T09:02:17,2,RESPONSIVE
B007741,T01465,V0379,1197490.36,2025-10-09T18:37:41,3,RESPONSIVE
B007742,T01465,V0132,1231247.97,2025-10-25T10:16:42,4,RESPONSIVE
B007743,T01465,V0219,1232538.62,2025-10-20T17:03:57,5,RESPONSIVE
B007744,T01465,V0388,1246703.16,2025-11-08T05:32:50,6,RESPONSIVE
B007745,T01465,V0370,1267022.05,2025-10-23T17:07:56,7,RESPONSIVE
B007746,T01465,V0123,1285737.44,2025-10-14T20:56:54,8,RESPONSIVE
B007747,T01466,V0394,22597878.55,2026-07-31T07:57:40,1,NON_RESPONSIVE
B007748,T01466,V0013,23202293.95,2026-08-09T06:46:24,2,RESPONSIVE
B007749,T01466,V0411,24972251.27,2026-08-08T19:13:45,3,RESPONSIVE
B007750,T01467,V0292,5017523.53,2026-04-28T16:32:25,1,RESPONSIVE
B007751,T01467,V0151,5404235.89,2026-04-13T06:03:26,2,RESPONSIVE
B007752,T01468,V0453,6877299.49,2026-07-07T19:05:11,1,RESPONSIVE
B007753,T01468,V0028,7346795.51,2026-07-16T02:08:37,2,RESPONSIVE
B007754,T01468,V0533,7387979.48,2026-07-22T00:22:24,3,RESPONSIVE
B007755,T01468,V0402,7597184.25,2026-07-07T09:06:42,4,RESPONSIVE
B007756,T01468,V0125,7615082.85,2026-07-19T00:19:04,5,RESPONSIVE
B007757,T01469,V0336,21284925.42,2025-03-29T13:02:38,1,RESPONSIVE
B007758,T01469,V0405,22526618.42,2025-01-26T18:53:09,2,RESPONSIVE
B007759,T01470,V0013,39028215.38,2024-06-22T09:01:56,1,RESPONSIVE
B007760,T01470,V0129,40353060.11,2024-06-11T05:05:11,2,RESPONSIVE
B007761,T01470,V0344,41062489.58,2024-06-24T23:32:56,3,RESPONSIVE
B007762,T01470,V0215,41108947.59,2024-06-10T04:56:13,4,RESPONSIVE
B007763,T01471,V0280,2996149.21,2025-12-22T20:31:57,1,RESPONSIVE
B007764,T01471,V0319,3106270.71,2025-12-26T20:20:25,2,RESPONSIVE
B007765,T01471,V0327,3162268.98,2025-12-26T01:41:37,3,RESPONSIVE
B007766,T01471,V0219,3293742.74,2025-11-27T14:05:05,4,RESPONSIVE
B007767,T01472,V0547,18784897.92,2025-01-20T00:36:22,1,RESPONSIVE
B007768,T01472,V0359,19107749.24,2025-01-26T01:15:20,2,RESPONSIVE
B007769,T01472,V0531,19155938.26,2025-01-25T07:48:39,3,RESPONSIVE
B007770,T01472,V0297,20553429.84,2025-02-15T12:04:19,4,RESPONSIVE
B007771,T01472,V0289,20811459.68,2025-01-20T04:55:59,5,RESPONSIVE
B007772,T01473,V0340,46431753.89,2025-11-07T04:41:17,1,RESPONSIVE
B007773,T01473,V0182,47696271.86,2025-11-12T23:11:02,2,NON_RESPONSIVE
B007774,T01473,V0224,47926134.03,2025-11-12T03:04:04,3,RESPONSIVE
B007775,T01473,V0187,49084799.14,2025-11-04T18:01:33,4,RESPONSIVE
B007776,T01473,V0410,50602368.43,2025-11-12T07:21:10,5,RESPONSIVE
B007777,T01473,V0342,50986601.96,2025-11-12T16:33:46,6,NON_RESPONSIVE
B007778,T01473,V0028,51953184.5,2025-11-08T16:34:17,7,NON_RESPONSIVE
B007779,T01474,V0509,2815377.18,2025-03-03T11:46:23,1,RESPONSIVE
B007780,T01474,V0004,2984368.39,2025-02-24T02:21:10,2,RESPONSIVE
B007781,T01474,V0485,3061518.58,2025-02-24T01:24:04,3,RESPONSIVE
B007782,T01474,V0424,3116578.51,2025-03-02T04:45:25,4,RESPONSIVE
B007783,T01474,V0247,3323794.51,2025-03-02T01:25:20,5,RESPONSIVE
B007784,T01475,V0129,9479256.84,2024-05-13T00:06:09,1,NON_RESPONSIVE
B007785,T01475,V0162,9665542.8,2024-05-10T21:41:23,2,RESPONSIVE
B007786,T01475,V0336,9734506.35,2024-05-19T17:50:05,3,RESPONSIVE
B007787,T01475,V0502,10258444.03,2024-05-11T14:04:40,4,RESPONSIVE
B007788,T01475,V0177,10475495.9,2024-05-28T12:17:01,5,RESPONSIVE
B007789,T01476,V0464,34518521.5,2025-08-21T03:05:17,1,RESPONSIVE
B007790,T01476,V0094,36085436.04,2025-08-13T06:34:00,2,RESPONSIVE
B007791,T01476,V0531,36847984.51,2025-08-14T01:00:25,3,RESPONSIVE
B007792,T01476,V0359,37087375.69,2025-08-17T23:10:44,4,RESPONSIVE
B007793,T01476,V0045,38006118.66,2025-08-08T19:02:50,5,RESPONSIVE
B007794,T01476,V0415,40184491.14,2025-08-20T01:53:59,6,RESPONSIVE
B007795,T01477,V0066,1733875.5,2024-02-17T13:23:57,1,RESPONSIVE
B007796,T01477,V0244,1777497.6,2024-02-25T05:38:48,2,RESPONSIVE
B007797,T01477,V0327,1792851.59,2024-02-28T13:13:38,3,RESPONSIVE
B007798,T01477,V0016,1796923.47,2024-02-27T07:50:12,4,RESPONSIVE
B007799,T01477,V0219,1902560.25,2024-03-02T03:17:53,5,RESPONSIVE
B007800,T01478,V0172,8761292.52,2025-09-19T17:00:39,1,RESPONSIVE
B007801,T01478,V0247,9231289.62,2025-09-20T09:29:43,2,RESPONSIVE
B007802,T01478,V0489,9244705.76,2025-09-19T11:55:56,3,RESPONSIVE
B007803,T01478,V0517,9329302.11,2025-09-05T16:24:39,4,RESPONSIVE
B007804,T01478,V0483,9377965.12,2025-09-20T09:18:57,5,RESPONSIVE
B007805,T01478,V0340,9829679.95,2025-09-19T20:30:25,6,RESPONSIVE
B007806,T01478,V0297,9908617.83,2025-09-04T07:45:38,7,RESPONSIVE
B007807,T01479,V0249,9859852.2,2024-12-09T00:35:01,1,RESPONSIVE
B007808,T01479,V0162,9907386.6,2024-12-16T05:12:35,2,RESPONSIVE
B007809,T01479,V0328,9963581.88,2024-12-10T20:41:57,3,RESPONSIVE
B007810,T01479,V0166,10043247.41,2024-12-12T13:49:42,4,RESPONSIVE
B007811,T01479,V0247,10154541.52,2024-12-23T07:04:08,5,RESPONSIVE
B007812,T01479,V0218,10155975.31,2024-12-16T01:58:13,6,RESPONSIVE
B007813,T01479,V0182,10348320.39,2024-12-22T22:52:27,7,RESPONSIVE
B007814,T01479,V0422,10452824.42,2024-12-22T01:10:56,8,RESPONSIVE
B007815,T01480,V0201,7837023.21,2025-09-23T12:02:16,1,RESPONSIVE
B007816,T01480,V0472,8033609.4,2025-10-05T18:55:28,2,RESPONSIVE
B007817,T01480,V0422,8089699.72,2025-09-27T16:16:30,3,RESPONSIVE
B007818,T01481,V0470,11772367.01,2024-12-07T09:51:26,1,RESPONSIVE
B007819,T01481,V0185,12168762.03,2024-12-10T07:12:45,2,RESPONSIVE
B007820,T01481,V0052,12550685.39,2024-12-04T14:49:41,3,RESPONSIVE
B007821,T01481,V0342,12552345.5,2024-12-15T18:18:14,4,RESPONSIVE
B007822,T01481,V0182,12686427.68,2024-12-08T13:40:09,5,RESPONSIVE
B007823,T01482,V0202,12780237.29,2025-11-03T03:42:57,1,RESPONSIVE
B007824,T01482,V0072,12796697.74,2025-10-15T03:45:08,2,RESPONSIVE
B007825,T01482,V0350,12943668.64,2025-10-27T17:45:04,3,RESPONSIVE
B007826,T01482,V0540,13151356.09,2025-10-28T12:31:19,4,NON_RESPONSIVE
B007827,T01482,V0331,13213054.59,2025-10-28T21:02:47,5,RESPONSIVE
B007828,T01482,V0164,13364370.01,2025-11-08T10:11:46,6,RESPONSIVE
B007829,T01482,V0149,13379272.35,2025-11-02T02:08:05,7,RESPONSIVE
B007830,T01482,V0536,13408620.24,2025-11-11T06:54:01,8,RESPONSIVE
B007831,T01483,V0417,18380852.76,2024-10-10T23:43:21,1,RESPONSIVE
B007832,T01483,V0519,19524591.87,2024-10-10T17:30:15,2,RESPONSIVE
B007833,T01483,V0394,19746270.25,2024-10-03T09:15:43,3,RESPONSIVE
B007834,T01483,V0213,20002650.63,2024-10-10T02:28:05,4,RESPONSIVE
B007835,T01483,V0034,20353777.39,2024-10-21T23:04:45,5,RESPONSIVE
B007836,T01484,V0445,26853173.73,2026-02-28T04:34:22,1,RESPONSIVE
B007837,T01484,V0385,27777759.93,2026-03-01T19:21:15,2,RESPONSIVE
B007838,T01484,V0516,27807647.34,2026-03-05T07:09:20,3,RESPONSIVE
B007839,T01485,V0248,15704832.26,2025-01-05T23:58:24,1,RESPONSIVE
B007840,T01485,V0405,16874230.14,2025-01-05T10:47:52,2,RESPONSIVE
B007841,T01485,V0060,17377222.71,2025-01-11T07:36:58,3,RESPONSIVE
B007842,T01486,V0346,42800940.06,2024-11-27T00:11:37,1,RESPONSIVE
B007843,T01486,V0421,43332475.42,2024-11-14T19:58:27,2,RESPONSIVE
B007844,T01486,V0517,44375882.35,2024-11-27T09:24:42,3,RESPONSIVE
B007845,T01486,V0289,46554458.51,2024-10-19T08:10:29,4,RESPONSIVE
B007846,T01486,V0091,46946528.11,2024-11-25T04:28:46,5,RESPONSIVE
B007847,T01487,V0247,94926748.03,2024-10-27T15:56:15,1,RESPONSIVE
B007848,T01487,V0387,96626353.06,2024-09-15T16:50:11,2,RESPONSIVE
B007849,T01487,V0359,97270599.7,2024-08-31T19:43:56,3,RESPONSIVE
B007850,T01487,V0304,101184870.84,2024-10-17T22:07:17,4,RESPONSIVE
B007851,T01487,V0332,104582691.74,2024-10-25T18:32:14,5,RESPONSIVE
B007852,T01488,V0396,3327309.28,2026-07-26T10:02:21,1,RESPONSIVE
B007853,T01488,V0407,3401336.6,2026-07-20T12:58:30,2,RESPONSIVE
B007854,T01488,V0365,3506940.38,2026-08-04T03:52:04,3,RESPONSIVE
B007855,T01488,V0231,3524766.48,2026-08-05T05:07:23,4,RESPONSIVE
B007856,T01488,V0513,3586581.12,2026-08-07T17:18:21,5,RESPONSIVE
B007857,T01489,V0274,47745220.15,2025-01-21T10:04:17,1,RESPONSIVE
B007858,T01489,V0374,48969222.12,2025-01-08T00:01:27,2,RESPONSIVE
B007859,T01489,V0523,50888102.17,2025-01-17T09:39:02,3,RESPONSIVE
B007860,T01490,V0516,26493212.1,2025-05-26T07:17:27,1,RESPONSIVE
B007861,T01490,V0172,28658851.68,2025-06-07T03:01:44,2,RESPONSIVE
B007862,T01490,V0044,28870573.85,2025-07-04T16:48:17,3,RESPONSIVE
B007863,T01490,V0095,29002371.21,2025-05-10T00:25:53,4,RESPONSIVE
B007864,T01491,V0259,28919304.89,2025-01-22T19:34:44,1,RESPONSIVE
B007865,T01491,V0465,30120358.9,2025-01-29T07:16:09,2,RESPONSIVE
B007866,T01491,V0344,30919819.64,2025-01-31T21:09:27,3,RESPONSIVE
B007867,T01491,V0334,31175534.78,2025-01-28T02:46:13,4,RESPONSIVE
B007868,T01491,V0494,31360142.78,2025-01-31T22:43:50,5,RESPONSIVE
B007869,T01491,V0144,31618857.63,2025-01-16T20:00:55,6,RESPONSIVE
B007870,T01491,V0456,32522108.13,2025-01-30T11:50:14,7,RESPONSIVE
B007871,T01492,V0275,27509214.32,2026-06-25T07:47:38,1,RESPONSIVE
B007872,T01492,V0228,28342984.88,2026-06-16T07:47:02,2,RESPONSIVE
B007873,T01492,V0263,29071708.78,2026-06-17T21:40:20,3,NON_RESPONSIVE
B007874,T01492,V0294,29647967.12,2026-06-12T22:41:52,4,RESPONSIVE
B007875,T01492,V0145,30228503.23,2026-06-09T02:20:17,5,RESPONSIVE
B007876,T01493,V0025,43030204.06,2026-01-10T08:34:10,1,RESPONSIVE
B007877,T01493,V0482,45791021.17,2025-12-28T07:07:41,2,RESPONSIVE
B007878,T01493,V0026,45877825.98,2025-12-07T22:01:16,3,RESPONSIVE
B007879,T01493,V0502,46971078.64,2025-12-05T10:29:32,4,RESPONSIVE
B007880,T01493,V0494,47411363.84,2025-12-08T17:56:46,5,RESPONSIVE
B007881,T01493,V0277,47725534.44,2025-12-18T20:05:29,6,RESPONSIVE
B007882,T01493,V0365,48783976.73,2025-12-23T15:08:38,7,RESPONSIVE
B007883,T01493,V0308,49096441.36,2026-01-10T10:23:18,8,NON_RESPONSIVE
B007884,T01494,V0003,19315975.06,2025-11-30T22:15:24,1,RESPONSIVE
B007885,T01494,V0189,19675030.24,2025-12-01T16:21:20,2,RESPONSIVE
B007886,T01494,V0032,19862566.61,2025-12-01T16:52:17,3,RESPONSIVE
B007887,T01494,V0142,20039852.75,2025-12-01T18:43:10,4,RESPONSIVE
B007888,T01494,V0488,20239852.54,2025-11-29T11:40:44,5,RESPONSIVE
B007889,T01494,V0335,20242120.66,2025-11-24T06:18:23,6,RESPONSIVE
B007890,T01494,V0160,20293318.31,2025-11-24T15:29:41,7,RESPONSIVE
B007891,T01494,V0245,20713952.78,2025-11-20T14:43:57,8,RESPONSIVE
B007892,T01494,V0282,20817622.27,2025-11-07T23:51:14,9,RESPONSIVE
B007893,T01495,V0375,1255135.6,2026-06-25T15:24:21,1,RESPONSIVE
B007894,T01495,V0380,1426536.95,2026-06-11T17:45:44,2,RESPONSIVE
B007895,T01495,V0458,1433602.76,2026-06-22T02:39:46,3,RESPONSIVE
B007896,T01495,V0404,1438064.01,2026-06-26T20:16:14,4,RESPONSIVE
B007897,T01495,V0115,1477331.38,2026-06-23T08:38:05,5,RESPONSIVE
B007898,T01495,V0419,1479233.78,2026-06-08T18:44:50,6,RESPONSIVE
B007899,T01495,V0532,1480571.64,2026-06-26T23:17:53,7,RESPONSIVE
B007900,T01496,V0246,84936322.07,2026-08-30T08:29:14,1,RESPONSIVE
B007901,T01496,V0489,88638628.21,2026-08-23T04:58:51,2,RESPONSIVE
B007902,T01496,V0483,90722703.64,2026-08-24T09:55:03,3,RESPONSIVE
B007903,T01496,V0415,91287780.86,2026-08-25T20:31:34,4,RESPONSIVE
B007904,T01496,V0054,93713608.44,2026-08-25T11:09:11,5,RESPONSIVE
B007905,T01497,V0016,3635676.68,2026-06-13T02:28:31,1,RESPONSIVE
B007906,T01497,V0219,3649805.01,2026-06-18T10:22:59,2,RESPONSIVE
B007907,T01497,V0002,3653378.96,2026-06-21T15:25:41,3,RESPONSIVE
B007908,T01497,V0327,3789435.72,2026-06-15T00:40:07,4,RESPONSIVE
B007909,T01497,V0092,3872603.84,2026-06-08T05:37:39,5,RESPONSIVE
B007910,T01497,V0319,3889127.84,2026-06-04T13:43:00,6,RESPONSIVE
B007911,T01498,V0469,13508628.27,2025-01-02T15:20:08,1,RESPONSIVE
B007912,T01498,V0540,13597395.52,2025-01-03T00:22:57,2,RESPONSIVE
B007913,T01499,V0033,3323525.11,2025-11-14T07:58:43,1,RESPONSIVE
B007914,T01499,V0168,3430701.66,2025-11-11T14:39:52,2,RESPONSIVE
B007915,T01499,V0329,3482489.97,2025-11-07T03:10:31,3,RESPONSIVE
B007916,T01499,V0529,3638387.81,2025-11-15T08:58:18,4,NON_RESPONSIVE
B007917,T01499,V0452,3648951.75,2025-11-18T08:25:28,5,RESPONSIVE
B007918,T01499,V0543,3749577.29,2025-11-25T04:15:53,6,RESPONSIVE
B007919,T01499,V0439,3881374.89,2025-11-09T20:31:36,7,RESPONSIVE
B007920,T01499,V0354,3908392.4,2025-11-25T18:20:00,8,RESPONSIVE
B007921,T01499,V0408,3908637.86,2025-11-22T22:18:38,9,RESPONSIVE
B007922,T01500,V0264,12164074.95,2024-06-04T09:06:19,1,RESPONSIVE
B007923,T01500,V0378,12267784.13,2024-05-26T20:10:52,2,RESPONSIVE
B007924,T01500,V0022,12313944.73,2024-05-28T11:56:39,3,RESPONSIVE
B007925,T01500,V0395,12609426.93,2024-05-23T10:52:21,4,RESPONSIVE
B007926,T01500,V0505,12627291.76,2024-05-22T20:34:39,5,RESPONSIVE
B007927,T01500,V0141,12934935.73,2024-06-04T13:22:49,6,RESPONSIVE
B007928,T01500,V0020,13063402.17,2024-05-25T14:58:38,7,RESPONSIVE
B007929,T01500,V0475,13157327.75,2024-05-19T19:47:32,8,RESPONSIVE
B007930,T01500,V0307,13793946.45,2024-05-29T03:49:02,9,RESPONSIVE
B007931,T01501,V0394,6434446.24,2026-07-30T16:17:49,1,RESPONSIVE
B007932,T01501,V0259,6544678.75,2026-07-22T00:42:45,2,RESPONSIVE
B007933,T01501,V0027,6563955.17,2026-07-09T11:50:02,3,RESPONSIVE
B007934,T01501,V0011,6647937.91,2026-07-11T22:35:28,4,RESPONSIVE
B007935,T01501,V0344,6793662.08,2026-07-18T18:02:16,5,RESPONSIVE
B007936,T01501,V0403,6796845.65,2026-07-22T00:35:48,6,RESPONSIVE
B007937,T01501,V0367,6843753.06,2026-07-29T12:32:38,7,RESPONSIVE
B007938,T01502,V0029,7725819.75,2024-06-17T12:26:21,1,RESPONSIVE
B007939,T01502,V0397,8017922.05,2024-06-22T22:18:35,2,RESPONSIVE
B007940,T01503,V0419,3346580.98,2025-09-24T09:02:03,1,RESPONSIVE
B007941,T01503,V0472,3446951.56,2025-09-12T10:44:13,2,RESPONSIVE
B007942,T01503,V0294,3661096.16,2025-09-24T05:00:48,3,RESPONSIVE
B007943,T01503,V0390,3681584.64,2025-10-08T12:39:28,4,RESPONSIVE
B007944,T01503,V0263,3711512.86,2025-10-03T04:54:36,5,RESPONSIVE
B007945,T01503,V0142,3741778.57,2025-09-10T06:15:21,6,RESPONSIVE
B007946,T01504,V0171,67796842.94,2024-04-01T18:46:14,1,RESPONSIVE
B007947,T01504,V0392,73149284.72,2024-04-07T03:21:47,2,RESPONSIVE
B007948,T01504,V0011,74921947.86,2024-03-07T10:39:46,3,RESPONSIVE
B007949,T01504,V0456,77039729.51,2024-03-12T23:37:17,4,RESPONSIVE
B007950,T01505,V0119,5068920.87,2026-02-20T10:43:16,1,RESPONSIVE
B007951,T01505,V0481,5177935.84,2026-02-23T02:57:57,2,RESPONSIVE
B007952,T01505,V0343,5391481.36,2026-02-19T00:08:52,3,RESPONSIVE
B007953,T01505,V0264,5498651.87,2026-02-27T09:28:12,4,RESPONSIVE
B007954,T01506,V0308,7841914.9,2025-06-07T02:26:42,1,RESPONSIVE
B007955,T01506,V0184,8054412.39,2025-07-03T06:49:43,2,RESPONSIVE
B007956,T01506,V0407,8155439.11,2025-06-01T11:40:16,3,RESPONSIVE
B007957,T01506,V0152,8167978.24,2025-06-23T10:20:30,4,RESPONSIVE
B007958,T01506,V0338,8339438.02,2025-06-19T01:45:11,5,RESPONSIVE
B007959,T01506,V0456,8381425.25,2025-07-03T16:54:07,6,RESPONSIVE
B007960,T01507,V0121,7327922.68,2026-07-01T20:21:17,1,RESPONSIVE
B007961,T01507,V0419,7615933.79,2026-06-26T10:43:00,2,RESPONSIVE
B007962,T01508,V0453,10743419.25,2025-07-18T03:38:40,1,RESPONSIVE
B007963,T01508,V0169,11497371.66,2025-07-11T13:13:05,2,RESPONSIVE
B007964,T01508,V0003,11549088.16,2025-07-22T19:41:20,3,RESPONSIVE
B007965,T01508,V0189,11814152.89,2025-07-19T07:23:34,4,RESPONSIVE
B007966,T01508,V0532,11883992.76,2025-07-09T20:10:00,5,RESPONSIVE
B007967,T01508,V0005,12751518.71,2025-07-09T06:09:09,6,RESPONSIVE
B007968,T01509,V0022,5068163.45,2024-11-14T20:24:14,1,RESPONSIVE
B007969,T01509,V0481,5304664.04,2024-11-27T10:07:39,2,RESPONSIVE
B007970,T01509,V0192,5524357.59,2024-11-17T16:52:04,3,RESPONSIVE
B007971,T01509,V0447,5628416.46,2024-11-27T03:18:43,4,RESPONSIVE
B007972,T01510,V0357,3973324.76,2026-03-27T06:17:08,1,RESPONSIVE
B007973,T01510,V0410,3993600.6,2026-03-24T21:06:32,2,RESPONSIVE
B007974,T01510,V0542,4012694.02,2026-03-15T06:26:39,3,RESPONSIVE
B007975,T01511,V0342,7937522.36,2025-02-08T00:11:15,1,RESPONSIVE
B007976,T01511,V0346,7962307.76,2025-01-30T22:14:42,2,RESPONSIVE
B007977,T01511,V0410,8097770.98,2025-01-31T21:13:15,3,RESPONSIVE
B007978,T01511,V0224,8106429.8,2025-02-07T23:27:50,4,RESPONSIVE
B007979,T01511,V0531,8221928.29,2025-02-19T04:19:35,5,RESPONSIVE
B007980,T01511,V0517,8555415.47,2025-02-07T19:04:24,6,RESPONSIVE
B007981,T01512,V0463,9649855.45,2025-08-11T03:37:49,1,RESPONSIVE
B007982,T01512,V0020,9800643.99,2025-07-30T00:30:12,2,RESPONSIVE
B007983,T01512,V0498,10121015.07,2025-08-11T23:05:00,3,RESPONSIVE
B007984,T01512,V0265,10734222.01,2025-08-06T06:07:06,4,RESPONSIVE
B007985,T01512,V0439,11032888.59,2025-08-12T06:21:28,5,RESPONSIVE
B007986,T01512,V0083,11097486.0,2025-07-30T20:17:05,6,RESPONSIVE
B007987,T01512,V0264,11123549.23,2025-08-11T23:17:38,7,RESPONSIVE
B007988,T01512,V0543,11176416.07,2025-08-10T06:28:55,8,RESPONSIVE
B007989,T01512,V0431,11855875.94,2025-08-01T21:50:25,9,RESPONSIVE
B007990,T01513,V0093,147556595.69,2026-04-11T21:19:54,1,RESPONSIVE
B007991,T01513,V0468,162351762.58,2026-04-05T02:12:50,2,RESPONSIVE
B007992,T01513,V0060,162413307.94,2026-03-27T18:48:50,3,RESPONSIVE
B007993,T01514,V0276,32375694.5,2025-05-25T20:27:52,1,RESPONSIVE
B007994,T01514,V0046,32733424.53,2025-05-31T17:46:20,2,RESPONSIVE
B007995,T01514,V0209,33070623.18,2025-05-30T23:20:17,3,RESPONSIVE
B007996,T01514,V0199,34384243.62,2025-05-22T15:32:17,4,RESPONSIVE
B007997,T01514,V0219,36905782.31,2025-05-29T03:39:27,5,RESPONSIVE
B007998,T01514,V0412,37334348.1,2025-06-02T15:00:14,6,RESPONSIVE
B007999,T01514,V0038,38228457.8,2025-05-30T19:03:33,7,RESPONSIVE
B008000,T01515,V0025,3700823.75,2024-04-19T15:35:13,1,RESPONSIVE
B008001,T01515,V0277,3926048.39,2024-04-26T21:47:18,2,RESPONSIVE
B008002,T01515,V0119,3965960.4,2024-04-15T19:53:24,3,RESPONSIVE
B008003,T01515,V0481,4113294.05,2024-04-26T14:37:27,4,RESPONSIVE
B008004,T01515,V0295,4277769.54,2024-04-22T21:43:07,5,RESPONSIVE
B008005,T01516,V0422,4708393.9,2025-10-30T13:13:55,1,RESPONSIVE
B008006,T01516,V0201,5064558.94,2025-10-25T14:09:59,2,RESPONSIVE
B008007,T01516,V0051,5367274.75,2025-10-24T05:52:33,3,RESPONSIVE
B008008,T01517,V0199,64760050.47,2026-01-25T12:18:13,1,RESPONSIVE
B008009,T01517,V0004,66236443.3,2026-01-26T19:13:37,2,RESPONSIVE
B008010,T01517,V0318,66763853.69,2026-01-19T23:14:53,3,RESPONSIVE
B008011,T01517,V0468,67459521.36,2026-01-15T08:15:58,4,RESPONSIVE
B008012,T01517,V0504,69244874.78,2026-01-10T19:28:30,5,RESPONSIVE
B008013,T01517,V0039,70859246.94,2026-01-12T21:55:57,6,RESPONSIVE
B008014,T01517,V0038,71043125.71,2026-01-27T11:56:01,7,RESPONSIVE
B008015,T01518,V0035,7090952.89,2025-06-19T21:35:59,1,RESPONSIVE
B008016,T01518,V0513,7245067.4,2025-06-27T21:48:25,2,RESPONSIVE
B008017,T01519,V0147,2556446.66,2025-03-31T00:49:08,1,RESPONSIVE
B008018,T01519,V0119,2579075.61,2025-03-16T00:34:56,2,RESPONSIVE
B008019,T01519,V0540,2603834.68,2025-03-30T22:29:13,3,RESPONSIVE
B008020,T01519,V0061,2625702.16,2025-03-20T16:39:46,4,RESPONSIVE
B008021,T01519,V0406,2649141.71,2025-04-09T10:59:57,5,RESPONSIVE
B008022,T01519,V0202,2707863.46,2025-04-08T11:42:36,6,NON_RESPONSIVE
B008023,T01519,V0286,2819353.25,2025-04-02T15:26:03,7,RESPONSIVE
B008024,T01520,V0358,41239373.06,2026-04-18T00:23:43,1,RESPONSIVE
B008025,T01520,V0167,41403187.83,2026-04-13T18:44:06,2,RESPONSIVE
B008026,T01520,V0172,42598162.15,2026-04-17T14:48:43,3,RESPONSIVE
B008027,T01520,V0110,43177296.17,2026-04-18T07:53:29,4,RESPONSIVE
B008028,T01520,V0464,43821424.72,2026-04-25T08:24:58,5,RESPONSIVE
B008029,T01521,V0533,7103994.18,2025-02-28T16:20:18,1,RESPONSIVE
B008030,T01521,V0059,7171810.33,2025-02-21T22:57:13,2,RESPONSIVE
B008031,T01521,V0188,7325609.56,2025-02-24T06:11:27,3,RESPONSIVE
B008032,T01521,V0142,7582676.8,2025-02-17T03:10:17,4,RESPONSIVE
B008033,T01521,V0273,7641100.02,2025-02-18T14:37:35,5,RESPONSIVE
B008034,T01521,V0125,7676422.34,2025-03-03T10:38:37,6,RESPONSIVE
B008035,T01521,V0380,8242101.89,2025-03-02T22:11:02,7,RESPONSIVE
B008036,T01522,V0370,5059882.1,2025-04-29T08:59:08,1,RESPONSIVE
B008037,T01522,V0082,5090925.78,2025-04-30T01:23:48,2,RESPONSIVE
B008038,T01522,V0244,5154044.86,2025-05-06T13:04:50,3,RESPONSIVE
B008039,T01523,V0230,17388801.05,2025-06-04T14:52:37,1,RESPONSIVE
B008040,T01523,V0034,17418167.85,2025-06-08T12:02:09,2,RESPONSIVE
B008041,T01523,V0533,17806654.69,2025-06-04T04:16:33,3,RESPONSIVE
B008042,T01523,V0332,17874953.21,2025-06-11T07:20:48,4,RESPONSIVE
B008043,T01524,V0049,932827.63,2025-05-13T23:54:54,1,RESPONSIVE
B008044,T01524,V0486,967610.06,2025-05-15T10:33:34,2,RESPONSIVE
B008045,T01525,V0509,5664810.41,2025-12-13T05:18:33,1,RESPONSIVE
B008046,T01525,V0199,5902029.96,2025-12-28T19:55:40,2,RESPONSIVE
B008047,T01525,V0414,5949718.52,2025-12-18T06:58:04,3,RESPONSIVE
B008048,T01525,V0098,5974977.44,2025-12-09T14:05:46,4,RESPONSIVE
B008049,T01525,V0344,6031377.86,2025-12-21T23:34:35,5,RESPONSIVE
B008050,T01525,V0321,6047830.03,2025-12-10T20:55:58,6,RESPONSIVE
B008051,T01525,V0258,6110610.89,2025-12-22T21:20:33,7,RESPONSIVE
B008052,T01525,V0162,6121868.78,2025-12-29T21:25:36,8,RESPONSIVE
B008053,T01525,V0403,6328395.95,2025-12-13T19:03:48,9,RESPONSIVE
B008054,T01526,V0047,42580446.05,2024-04-16T21:16:28,1,RESPONSIVE
B008055,T01526,V0396,43250396.32,2024-05-14T17:56:24,2,RESPONSIVE
B008056,T01526,V0011,45465626.66,2024-05-09T20:48:56,3,RESPONSIVE
B008057,T01526,V0056,46477563.39,2024-04-25T06:26:31,4,RESPONSIVE
B008058,T01527,V0366,55462252.37,2024-11-09T13:37:15,1,RESPONSIVE
B008059,T01527,V0332,56611038.88,2024-10-25T23:03:34,2,RESPONSIVE
B008060,T01527,V0187,58276230.39,2024-10-22T08:09:10,3,RESPONSIVE
B008061,T01528,V0453,4479040.71,2026-08-06T11:03:57,1,RESPONSIVE
B008062,T01528,V0422,4484142.08,2026-07-28T09:16:20,2,RESPONSIVE
B008063,T01528,V0005,4522880.29,2026-08-09T03:02:49,3,RESPONSIVE
B008064,T01528,V0161,4552830.58,2026-08-03T00:36:48,4,RESPONSIVE
B008065,T01529,V0028,10538676.49,2025-01-11T17:29:47,1,NON_RESPONSIVE
B008066,T01529,V0143,11119893.57,2025-01-03T23:53:30,2,RESPONSIVE
B008067,T01529,V0313,11123657.24,2025-01-11T23:56:05,3,RESPONSIVE
B008068,T01529,V0088,11129631.31,2025-01-01T07:33:54,4,RESPONSIVE
B008069,T01529,V0531,11204097.66,2025-01-08T18:57:03,5,RESPONSIVE
B008070,T01530,V0120,24832198.73,2024-11-10T01:15:38,1,RESPONSIVE
B008071,T01530,V0052,24972392.29,2024-11-14T10:54:51,2,RESPONSIVE
B008072,T01530,V0251,24975381.06,2024-11-01T23:22:21,3,RESPONSIVE
B008073,T01530,V0531,26943261.15,2024-10-25T23:33:55,4,RESPONSIVE
B008074,T01530,V0429,27996037.07,2024-11-11T05:59:10,5,RESPONSIVE
B008075,T01531,V0242,1883961.68,2024-09-07T21:32:42,1,RESPONSIVE
B008076,T01531,V0244,1884360.94,2024-09-14T04:03:50,2,RESPONSIVE
B008077,T01531,V0007,2061941.14,2024-09-15T11:42:57,3,RESPONSIVE
B008078,T01532,V0447,3731885.65,2026-08-21T22:08:56,1,RESPONSIVE
B008079,T01532,V0499,3740145.9,2026-08-21T19:55:01,2,RESPONSIVE
B008080,T01532,V0229,3836417.21,2026-08-19T23:08:09,3,RESPONSIVE
B008081,T01532,V0409,3840513.9,2026-08-17T00:33:44,4,RESPONSIVE
B008082,T01533,V0453,8295610.4,2024-07-30T01:59:24,1,RESPONSIVE
B008083,T01533,V0419,8304447.77,2024-07-29T20:18:17,2,RESPONSIVE
B008084,T01533,V0166,8498670.08,2024-07-29T18:20:50,3,RESPONSIVE
B008085,T01534,V0351,5704432.4,2025-11-10T16:58:37,1,RESPONSIVE
B008086,T01534,V0286,5704924.8,2025-11-23T15:58:07,2,RESPONSIVE
B008087,T01534,V0001,5722838.45,2025-11-21T04:40:55,3,RESPONSIVE
B008088,T01534,V0202,5844515.08,2025-11-14T15:29:43,4,RESPONSIVE
B008089,T01534,V0382,5846886.79,2025-11-18T00:12:59,5,RESPONSIVE
B008090,T01534,V0141,5903913.27,2025-11-18T00:40:55,6,RESPONSIVE
B008091,T01535,V0082,2562497.65,2024-03-07T18:58:16,1,RESPONSIVE
B008092,T01535,V0132,2648500.35,2024-03-20T19:48:50,2,RESPONSIVE
B008093,T01535,V0388,2723750.91,2024-03-17T09:08:24,3,RESPONSIVE
B008094,T01536,V0295,3017414.73,2025-03-08T10:29:42,1,RESPONSIVE
B008095,T01536,V0144,3034916.97,2025-03-06T13:24:59,2,RESPONSIVE
B008096,T01536,V0020,3067562.12,2025-02-28T14:59:41,3,RESPONSIVE
B008097,T01537,V0368,15554615.65,2024-02-21T07:48:06,1,RESPONSIVE
B008098,T01537,V0483,16044494.11,2024-02-21T02:05:37,2,RESPONSIVE
B008099,T01537,V0366,16067560.6,2024-02-14T05:26:56,3,RESPONSIVE
B008100,T01537,V0187,16162998.5,2024-02-14T12:12:10,4,RESPONSIVE
B008101,T01537,V0182,16751001.89,2024-02-17T16:04:28,5,RESPONSIVE
B008102,T01538,V0394,16291727.79,2024-11-22T23:42:32,1,RESPONSIVE
B008103,T01538,V0215,16796666.98,2024-11-29T04:55:33,2,RESPONSIVE
B008104,T01538,V0365,17717196.33,2024-11-29T05:02:13,3,RESPONSIVE
B008105,T01538,V0256,18002157.58,2024-11-28T03:45:25,4,RESPONSIVE
B008106,T01538,V0291,18158551.87,2024-11-10T20:40:40,5,RESPONSIVE
B008107,T01539,V0098,9364801.71,2024-09-05T11:47:17,1,RESPONSIVE
B008108,T01539,V0384,9488682.26,2024-09-08T02:11:05,2,RESPONSIVE
B008109,T01539,V0509,9537319.23,2024-09-12T04:32:23,3,RESPONSIVE
B008110,T01539,V0344,9793428.1,2024-09-16T02:24:19,4,RESPONSIVE
B008111,T01539,V0349,9846391.8,2024-09-13T11:38:30,5,RESPONSIVE
B008112,T01539,V0178,10029557.75,2024-09-07T00:45:22,6,RESPONSIVE
B008113,T01539,V0501,10140618.24,2024-09-03T06:29:52,7,RESPONSIVE
B008114,T01539,V0174,10336895.89,2024-09-09T13:29:13,8,NON_RESPONSIVE
B008115,T01540,V0104,9523912.72,2025-02-03T06:47:55,1,RESPONSIVE
B008116,T01540,V0448,9776607.3,2025-01-25T22:36:41,2,RESPONSIVE
B008117,T01540,V0490,9810858.32,2025-01-23T11:07:10,3,RESPONSIVE
B008118,T01540,V0286,9899101.11,2025-02-05T22:43:07,4,RESPONSIVE
B008119,T01541,V0295,3204268.13,2026-04-16T16:29:06,1,RESPONSIVE
B008120,T01541,V0144,3221796.63,2026-04-25T11:15:23,2,RESPONSIVE
B008121,T01541,V0119,3265959.82,2026-04-13T01:41:51,3,RESPONSIVE
B008122,T01541,V0223,3273952.61,2026-04-11T04:01:23,4,RESPONSIVE
B008123,T01541,V0307,3320062.8,2026-04-20T10:34:33,5,RESPONSIVE
B008124,T01541,V0481,3401407.2,2026-04-18T07:51:04,6,RESPONSIVE
B008125,T01541,V0355,3402783.92,2026-04-18T12:52:30,7,RESPONSIVE
B008126,T01541,V0025,3500433.51,2026-04-19T21:16:28,8,RESPONSIVE
B008127,T01541,V0020,3636352.46,2026-04-15T15:22:09,9,NON_RESPONSIVE
B008128,T01542,V0349,9065785.47,2026-08-16T00:37:14,1,RESPONSIVE
B008129,T01542,V0174,9131520.87,2026-08-07T06:57:58,2,RESPONSIVE
B008130,T01542,V0034,9232960.27,2026-08-10T02:40:55,3,RESPONSIVE
B008131,T01542,V0071,9698740.14,2026-08-12T05:45:50,4,RESPONSIVE
B008132,T01542,V0403,9705649.06,2026-08-13T13:32:41,5,RESPONSIVE
B008133,T01542,V0434,10228269.33,2026-08-18T17:02:51,6,RESPONSIVE
B008134,T01543,V0112,1592076.3,2025-05-30T12:01:17,1,RESPONSIVE
B008135,T01543,V0142,1595825.99,2025-05-22T21:17:01,2,RESPONSIVE
B008136,T01543,V0239,1706964.19,2025-05-30T16:59:08,3,NON_RESPONSIVE
B008137,T01544,V0430,15802028.58,2024-01-21T23:09:55,1,RESPONSIVE
B008138,T01544,V0547,15950913.92,2024-01-14T22:21:03,2,RESPONSIVE
B008139,T01544,V0389,16520812.56,2024-01-10T23:04:52,3,RESPONSIVE
B008140,T01545,V0384,16074623.32,2024-04-11T13:48:42,1,RESPONSIVE
B008141,T01545,V0258,16101786.13,2024-04-21T21:03:33,2,RESPONSIVE
B008142,T01546,V0120,6248908.9,2026-02-24T00:07:10,1,RESPONSIVE
B008143,T01546,V0320,6484669.67,2026-02-17T10:43:36,2,RESPONSIVE
B008144,T01546,V0470,6544583.14,2026-03-07T02:24:19,3,RESPONSIVE
B008145,T01546,V0017,6638222.63,2026-02-16T08:56:12,4,NON_RESPONSIVE
B008146,T01547,V0277,4005940.44,2026-07-11T23:11:17,1,RESPONSIVE
B008147,T01547,V0050,4141255.35,2026-07-12T00:18:45,2,RESPONSIVE
B008148,T01547,V0041,4170354.15,2026-07-02T18:04:46,3,RESPONSIVE
B008149,T01547,V0481,4176203.44,2026-07-06T23:27:12,4,RESPONSIVE
B008150,T01548,V0300,16061485.31,2025-08-16T09:52:19,1,RESPONSIVE
B008151,T01548,V0045,17253731.55,2025-08-08T21:27:31,2,RESPONSIVE
B008152,T01548,V0225,17525649.61,2025-08-17T09:40:27,3,RESPONSIVE
B008153,T01548,V0157,18160385.51,2025-08-19T07:21:02,4,RESPONSIVE
B008154,T01548,V0081,18191449.44,2025-08-14T11:15:50,5,RESPONSIVE
B008155,T01549,V0386,149332736.28,2026-08-24T07:44:44,1,RESPONSIVE
B008156,T01549,V0279,168307231.17,2026-08-30T03:19:17,2,RESPONSIVE
B008157,T01550,V0095,5229042.13,2024-11-09T09:17:55,1,RESPONSIVE
B008158,T01550,V0476,6234900.29,2024-10-28T01:23:17,2,RESPONSIVE
B008159,T01551,V0485,1433627.06,2025-08-13T09:52:54,1,RESPONSIVE
B008160,T01551,V0484,1493340.81,2025-08-26T15:15:58,2,RESPONSIVE
B008161,T01551,V0169,1513837.03,2025-08-14T18:46:05,3,RESPONSIVE
B008162,T01551,V0115,1540414.57,2025-08-19T01:54:24,4,RESPONSIVE
B008163,T01551,V0121,1562743.66,2025-08-12T16:25:52,5,RESPONSIVE
B008164,T01551,V0515,1577239.3,2025-08-20T06:58:10,6,RESPONSIVE
B008165,T01551,V0532,1577451.81,2025-08-14T05:47:49,7,RESPONSIVE
B008166,T01552,V0273,23931199.9,2025-01-31T10:13:12,1,RESPONSIVE
B008167,T01552,V0480,24612031.68,2025-02-09T07:00:04,2,RESPONSIVE
B008168,T01552,V0110,24792818.41,2025-01-21T01:28:48,3,RESPONSIVE
B008169,T01552,V0372,25588716.34,2025-01-29T04:15:45,4,RESPONSIVE
B008170,T01552,V0547,26537848.86,2025-01-17T23:44:18,5,RESPONSIVE
B008171,T01552,V0300,27034932.19,2025-01-26T23:49:00,6,RESPONSIVE
B008172,T01552,V0531,27096365.11,2025-02-03T21:51:32,7,RESPONSIVE
B008173,T01553,V0357,70399099.38,2025-07-11T18:00:42,1,RESPONSIVE
B008174,T01553,V0510,70457491.26,2025-07-17T15:19:54,2,RESPONSIVE
B008175,T01553,V0311,71080199.43,2025-07-16T16:15:35,3,RESPONSIVE
B008176,T01553,V0516,77021302.88,2025-07-17T16:27:34,4,RESPONSIVE
B008177,T01554,V0309,1803490.62,2025-12-19T04:34:15,1,RESPONSIVE
B008178,T01554,V0002,1805970.05,2025-12-13T13:35:09,2,RESPONSIVE
B008179,T01554,V0413,1836275.04,2025-12-13T03:19:08,3,NON_RESPONSIVE
B008180,T01555,V0120,7881157.52,2024-09-13T07:13:55,1,RESPONSIVE
B008181,T01555,V0487,8208721.86,2024-09-06T05:39:38,2,RESPONSIVE
B008182,T01555,V0081,8508714.37,2024-08-28T08:18:56,3,RESPONSIVE
B008183,T01555,V0387,8611086.7,2024-09-12T21:33:56,4,RESPONSIVE
B008184,T01555,V0078,8640005.11,2024-08-30T18:18:28,5,RESPONSIVE
B008185,T01555,V0297,8907097.63,2024-09-08T21:26:05,6,RESPONSIVE
B008186,T01555,V0484,8917485.22,2024-09-06T00:48:57,7,RESPONSIVE
B008187,T01555,V0121,9028371.67,2024-09-06T05:52:34,8,RESPONSIVE
B008188,T01555,V0114,9067852.05,2024-09-01T04:44:45,9,RESPONSIVE
B008189,T01555,V0089,9120801.6,2024-08-26T23:40:01,10,RESPONSIVE
B008190,T01556,V0310,4764217.8,2024-12-08T22:56:09,1,RESPONSIVE
B008191,T01556,V0241,4775022.05,2024-12-06T01:34:42,2,RESPONSIVE
B008192,T01556,V0541,5004029.24,2024-11-21T20:36:42,3,RESPONSIVE
B008193,T01556,V0523,5070973.39,2024-11-03T00:35:31,4,RESPONSIVE
B008194,T01557,V0462,204443443.29,2026-05-29T18:24:32,1,NON_RESPONSIVE
B008195,T01557,V0017,207029985.47,2026-05-27T22:49:22,2,RESPONSIVE
B008196,T01557,V0021,212144293.8,2026-05-28T02:30:58,3,RESPONSIVE
B008197,T01557,V0427,213984373.78,2026-05-16T09:22:51,4,RESPONSIVE
B008198,T01557,V0487,219389321.6,2026-05-12T19:25:51,5,RESPONSIVE
B008199,T01557,V0271,220173104.81,2026-05-29T04:56:30,6,RESPONSIVE
B008200,T01557,V0296,226203114.84,2026-05-30T04:49:50,7,RESPONSIVE
B008201,T01558,V0248,11104737.66,2024-05-11T06:35:35,1,RESPONSIVE
B008202,T01558,V0488,11393450.42,2024-05-02T00:58:38,2,RESPONSIVE
B008203,T01559,V0309,1792374.58,2025-11-27T13:20:01,1,RESPONSIVE
B008204,T01559,V0014,1892537.31,2025-11-29T22:42:45,2,RESPONSIVE
B008205,T01559,V0319,1988629.2,2025-12-11T07:46:47,3,RESPONSIVE
B008206,T01560,V0383,2012861.47,2025-12-16T20:29:49,1,RESPONSIVE
B008207,T01560,V0293,2086917.08,2025-12-11T02:29:40,2,RESPONSIVE
B008208,T01560,V0291,2217399.11,2025-12-19T11:14:32,3,RESPONSIVE
B008209,T01561,V0119,59857922.59,2026-02-20T06:10:34,1,RESPONSIVE
B008210,T01561,V0355,60426614.73,2026-02-07T19:43:23,2,RESPONSIVE
B008211,T01561,V0277,64122264.29,2026-02-14T13:06:38,3,RESPONSIVE
B008212,T01561,V0020,64203777.05,2026-02-22T07:15:28,4,RESPONSIVE
B008213,T01561,V0050,65162670.17,2026-02-16T01:57:24,5,RESPONSIVE
B008214,T01561,V0025,65349439.21,2026-01-31T03:22:45,6,RESPONSIVE
B008215,T01561,V0460,65599559.43,2026-02-06T19:41:51,7,RESPONSIVE
B008216,T01561,V0481,67565160.15,2026-02-09T09:40:42,8,RESPONSIVE
B008217,T01562,V0148,6754396.72,2026-04-30T00:16:29,1,RESPONSIVE
B008218,T01562,V0141,6949389.61,2026-04-28T06:07:19,2,RESPONSIVE
B008219,T01563,V0422,12802109.3,2024-10-16T22:21:25,1,RESPONSIVE
B008220,T01563,V0253,12821098.6,2024-10-18T13:24:05,2,RESPONSIVE
B008221,T01563,V0160,13448066.23,2024-10-21T20:30:03,3,RESPONSIVE
B008222,T01563,V0245,13479452.91,2024-10-08T00:45:28,4,RESPONSIVE
B008223,T01563,V0404,13789074.5,2024-10-19T13:39:20,5,RESPONSIVE
B008224,T01563,V0263,14317482.73,2024-10-14T23:21:10,6,RESPONSIVE
B008225,T01563,V0236,14330583.9,2024-10-08T19:10:58,7,RESPONSIVE
B008226,T01563,V0005,14623778.6,2024-10-21T06:51:24,8,RESPONSIVE
B008227,T01564,V0244,1909579.51,2026-07-15T13:52:45,1,RESPONSIVE
B008228,T01564,V0274,1997346.61,2026-07-06T09:12:44,2,RESPONSIVE
B008229,T01564,V0093,2112100.52,2026-07-04T12:19:39,3,RESPONSIVE
B008230,T01565,V0127,3387135.09,2025-09-06T05:02:12,1,NON_RESPONSIVE
B008231,T01565,V0379,3605205.77,2025-10-17T13:41:23,2,RESPONSIVE
B008232,T01566,V0224,22825265.34,2024-08-27T03:27:26,1,RESPONSIVE
B008233,T01566,V0516,23429492.13,2024-08-29T21:30:23,2,RESPONSIVE
B008234,T01566,V0346,23730195.03,2024-08-19T12:44:00,3,RESPONSIVE
B008235,T01566,V0381,24636453.0,2024-08-31T18:59:39,4,RESPONSIVE
B008236,T01566,V0078,25015122.78,2024-09-06T07:23:41,5,RESPONSIVE
B008237,T01566,V0218,25668229.18,2024-08-25T15:18:44,6,NON_RESPONSIVE
B008238,T01566,V0028,26683227.82,2024-09-06T17:22:45,7,RESPONSIVE
B008239,T01567,V0066,2005921.71,2025-05-02T15:28:34,1,RESPONSIVE
B008240,T01567,V0244,2024749.32,2025-05-13T10:38:43,2,RESPONSIVE
B008241,T01567,V0292,2058260.98,2025-05-02T10:46:22,3,RESPONSIVE
B008242,T01568,V0259,9238092.44,2024-08-25T07:00:27,1,RESPONSIVE
B008243,T01568,V0223,9610465.56,2024-08-21T14:10:51,2,RESPONSIVE
B008244,T01568,V0384,9635233.6,2024-08-29T08:57:18,3,RESPONSIVE
B008245,T01568,V0070,9722010.68,2024-08-29T01:47:01,4,RESPONSIVE
B008246,T01568,V0140,9807421.25,2024-08-25T11:19:03,5,NON_RESPONSIVE
B008247,T01568,V0035,9851667.76,2024-08-19T03:46:12,6,RESPONSIVE
B008248,T01568,V0334,9929178.1,2024-08-25T08:38:53,7,RESPONSIVE
B008249,T01568,V0181,9995963.42,2024-08-29T04:52:30,8,RESPONSIVE
B008250,T01568,V0434,10127465.87,2024-08-28T14:34:55,9,RESPONSIVE
B008251,T01569,V0220,12218910.13,2025-09-03T22:11:47,1,RESPONSIVE
B008252,T01569,V0340,12306293.55,2025-09-08T04:55:07,2,RESPONSIVE
B008253,T01569,V0078,12657777.64,2025-09-06T04:50:51,3,RESPONSIVE
B008254,T01569,V0483,12901804.12,2025-09-04T16:31:41,4,RESPONSIVE
B008255,T01569,V0426,13399228.3,2025-08-31T04:40:47,5,RESPONSIVE
B008256,T01570,V0031,13668429.93,2024-02-26T12:56:44,1,RESPONSIVE
B008257,T01570,V0454,13786540.47,2024-02-19T03:15:27,2,RESPONSIVE
B008258,T01570,V0295,13993244.06,2024-02-05T20:14:53,3,RESPONSIVE
B008259,T01570,V0460,14293862.37,2024-02-18T22:57:03,4,RESPONSIVE
B008260,T01570,V0315,14485010.19,2024-02-26T15:20:08,5,RESPONSIVE
B008261,T01570,V0417,14736819.11,2024-02-25T18:37:28,6,RESPONSIVE
B008262,T01571,V0472,18549964.55,2025-05-24T16:52:25,1,RESPONSIVE
B008263,T01571,V0064,18564452.59,2025-05-26T20:09:08,2,RESPONSIVE
B008264,T01571,V0488,18565894.61,2025-05-30T19:24:13,3,RESPONSIVE
B008265,T01571,V0188,18604911.22,2025-05-23T13:52:38,4,RESPONSIVE
B008266,T01571,V0455,19196559.41,2025-05-23T03:43:56,5,RESPONSIVE
B008267,T01572,V0481,1286694.68,2026-04-09T16:23:56,1,RESPONSIVE
B008268,T01572,V0460,1291584.78,2026-04-01T22:34:32,2,NON_RESPONSIVE
B008269,T01572,V0072,1299278.27,2026-04-03T15:53:47,3,RESPONSIVE
B008270,T01572,V0277,1340700.84,2026-04-03T14:28:38,4,RESPONSIVE
B008271,T01572,V0113,1396277.93,2026-04-07T13:39:05,5,RESPONSIVE
B008272,T01573,V0528,7200987.68,2024-07-21T01:01:18,1,NON_RESPONSIVE
B008273,T01573,V0536,7575046.04,2024-07-06T10:59:08,2,RESPONSIVE
B008274,T01573,V0540,8074824.57,2024-07-23T10:11:14,3,RESPONSIVE
B008275,T01573,V0041,8080353.81,2024-07-15T10:14:34,4,RESPONSIVE
B008276,T01573,V0307,8107004.07,2024-07-08T14:00:23,5,RESPONSIVE
B008277,T01573,V0543,8107158.36,2024-07-23T05:35:08,6,RESPONSIVE
B008278,T01573,V0147,8274577.37,2024-07-20T07:01:44,7,RESPONSIVE
B008279,T01573,V0475,8321173.48,2024-06-29T08:26:31,8,RESPONSIVE
B008280,T01573,V0262,8692859.07,2024-07-01T11:37:18,9,RESPONSIVE
B008281,T01574,V0308,1540790.68,2025-02-26T02:08:57,1,RESPONSIVE
B008282,T01574,V0010,1593434.16,2025-02-19T06:43:11,2,RESPONSIVE
B008283,T01575,V0300,31164859.57,2024-02-21T21:18:06,1,RESPONSIVE
B008284,T01575,V0017,31416338.97,2024-03-18T13:15:23,2,RESPONSIVE
B008285,T01575,V0387,33455233.33,2024-02-27T00:45:45,3,RESPONSIVE
B008286,T01576,V0119,6517589.2,2024-03-10T16:42:14,1,NON_RESPONSIVE
B008287,T01576,V0104,6589727.62,2024-03-04T19:43:52,2,RESPONSIVE
B008288,T01576,V0243,6634986.08,2024-03-14T08:07:26,3,RESPONSIVE
B008289,T01576,V0540,6637333.05,2024-03-19T22:06:39,4,RESPONSIVE
B008290,T01576,V0406,6668751.05,2024-03-11T02:20:43,5,RESPONSIVE
B008291,T01576,V0149,6761171.32,2024-03-14T17:36:35,6,RESPONSIVE
B008292,T01576,V0439,6804109.86,2024-03-06T11:51:36,7,RESPONSIVE
B008293,T01576,V0498,6880176.36,2024-03-11T11:07:05,8,RESPONSIVE
B008294,T01576,V0499,6905262.03,2024-03-06T12:33:30,9,RESPONSIVE
B008295,T01577,V0247,3590672.05,2026-05-16T03:12:22,1,RESPONSIVE
B008296,T01577,V0328,3679534.97,2026-05-10T03:43:51,2,RESPONSIVE
B008297,T01577,V0279,3732509.49,2026-05-07T10:35:09,3,RESPONSIVE
B008298,T01578,V0293,17215963.01,2026-08-27T22:55:17,1,RESPONSIVE
B008299,T01578,V0317,17455046.62,2026-08-29T14:17:53,2,NON_RESPONSIVE
B008300,T01578,V0501,17455441.29,2026-08-10T19:23:43,3,RESPONSIVE
B008301,T01578,V0383,17847641.09,2026-08-25T20:17:16,4,RESPONSIVE
B008302,T01578,V0454,18172180.07,2026-08-23T16:05:04,5,RESPONSIVE
B008303,T01578,V0047,18322128.06,2026-08-29T22:33:34,6,RESPONSIVE
B008304,T01578,V0177,18354511.45,2026-08-14T19:47:49,7,RESPONSIVE
B008305,T01578,V0162,18473130.36,2026-08-21T03:49:07,8,RESPONSIVE
B008306,T01578,V0199,19345220.7,2026-08-14T15:11:43,9,RESPONSIVE
B008307,T01579,V0066,979988.82,2024-05-27T01:41:53,1,RESPONSIVE
B008308,T01579,V0280,998808.69,2024-04-27T05:07:10,2,RESPONSIVE
B008309,T01579,V0292,1005720.8,2024-05-30T22:54:57,3,RESPONSIVE
B008310,T01579,V0093,1028476.67,2024-05-25T08:08:50,4,RESPONSIVE
B008311,T01580,V0275,15573855.67,2025-10-20T18:12:31,1,RESPONSIVE
B008312,T01580,V0303,16016364.5,2025-10-21T22:05:36,2,RESPONSIVE
B008313,T01580,V0288,17119481.7,2025-10-18T18:14:29,3,RESPONSIVE
B008314,T01581,V0091,39582716.43,2024-08-27T22:59:00,1,RESPONSIVE
B008315,T01581,V0547,41554733.61,2024-08-31T00:33:08,2,RESPONSIVE
B008316,T01581,V0415,42390967.85,2024-09-02T12:49:56,3,RESPONSIVE
B008317,T01582,V0384,17474404.76,2025-07-10T07:26:56,1,RESPONSIVE
B008318,T01582,V0513,18765067.04,2025-07-11T09:27:29,2,RESPONSIVE
B008319,T01582,V0162,18836112.38,2025-07-02T17:18:56,3,RESPONSIVE
B008320,T01582,V0321,18967946.92,2025-07-14T09:39:58,4,RESPONSIVE
B008321,T01582,V0023,19075097.2,2025-07-11T16:29:06,5,RESPONSIVE
B008322,T01582,V0383,19149427.49,2025-07-08T04:13:06,6,NON_RESPONSIVE
B008323,T01582,V0302,19158974.45,2025-07-03T20:08:07,7,RESPONSIVE
B008324,T01582,V0502,19399536.46,2025-07-05T11:59:17,8,RESPONSIVE
B008325,T01582,V0298,19964640.82,2025-07-07T20:15:01,9,NON_RESPONSIVE
B008326,T01583,V0205,11490191.44,2026-06-12T16:33:46,1,RESPONSIVE
B008327,T01583,V0224,11695135.38,2026-06-04T03:50:00,2,RESPONSIVE
B008328,T01583,V0421,11874594.06,2026-05-29T11:43:14,3,RESPONSIVE
B008329,T01583,V0345,11982737.2,2026-06-07T05:57:33,4,RESPONSIVE
B008330,T01583,V0520,12383997.87,2026-06-09T18:37:49,5,RESPONSIVE
B008331,T01583,V0339,12455902.06,2026-06-02T05:26:07,6,RESPONSIVE
B008332,T01583,V0006,12459982.14,2026-06-14T07:29:35,7,RESPONSIVE
B008333,T01583,V0526,12713281.54,2026-05-21T17:38:38,8,RESPONSIVE
B008334,T01583,V0445,12856954.11,2026-06-04T17:47:42,9,RESPONSIVE
B008335,T01584,V0364,39892879.33,2024-06-22T22:40:19,1,RESPONSIVE
B008336,T01584,V0188,40938189.54,2024-06-12T05:13:28,2,RESPONSIVE
B008337,T01584,V0244,41479780.72,2024-06-28T07:17:09,3,RESPONSIVE
B008338,T01584,V0007,42696266.64,2024-06-27T03:04:02,4,RESPONSIVE
B008339,T01584,V0274,43234925.87,2024-06-15T03:41:07,5,RESPONSIVE
B008340,T01584,V0046,43314576.15,2024-06-29T01:21:04,6,RESPONSIVE
B008341,T01584,V0123,43785135.55,2024-06-17T19:13:26,7,RESPONSIVE
B008342,T01584,V0107,44838127.1,2024-07-03T00:29:30,8,RESPONSIVE
B008343,T01585,V0509,5412577.21,2024-04-22T00:25:35,1,RESPONSIVE
B008344,T01585,V0434,5441439.61,2024-04-18T22:26:55,2,RESPONSIVE
B008345,T01585,V0485,5505592.8,2024-05-02T10:28:42,3,RESPONSIVE
B008346,T01585,V0507,5505662.07,2024-05-01T02:12:48,4,RESPONSIVE
B008347,T01585,V0317,5614898.49,2024-04-24T18:16:02,5,RESPONSIVE
B008348,T01585,V0209,5655060.23,2024-05-02T22:38:55,6,NON_RESPONSIVE
B008349,T01585,V0258,5685176.84,2024-05-01T00:16:44,7,RESPONSIVE
B008350,T01585,V0501,6101981.96,2024-04-23T04:28:04,8,RESPONSIVE
B008351,T01586,V0509,4699021.04,2025-11-02T14:26:58,1,RESPONSIVE
B008352,T01586,V0071,4777839.57,2025-11-30T23:34:03,2,RESPONSIVE
B008353,T01586,V0162,4782744.34,2025-11-14T01:32:41,3,RESPONSIVE
B008354,T01586,V0349,4925816.81,2025-10-27T07:03:09,4,RESPONSIVE
B008355,T01586,V0256,4926301.45,2025-11-24T23:30:46,5,RESPONSIVE
B008356,T01586,V0174,4928588.88,2025-12-01T04:16:31,6,RESPONSIVE
B008357,T01586,V0317,5139229.92,2025-12-02T10:02:28,7,RESPONSIVE
B008358,T01586,V0308,5152844.19,2025-11-08T23:25:42,8,RESPONSIVE
B008359,T01586,V0080,5169689.45,2025-11-09T11:29:20,9,RESPONSIVE
B008360,T01587,V0525,19995079.06,2024-10-06T22:18:41,1,RESPONSIVE
B008361,T01587,V0339,21875785.23,2024-09-29T03:53:23,2,RESPONSIVE
B008362,T01587,V0110,23227326.31,2024-10-01T19:38:33,3,RESPONSIVE
B008363,T01587,V0091,20100935.84,2024-10-06T05:34:52,4,RESPONSIVE
B008364,T01588,V0052,7648709.89,2024-12-27T10:59:30,1,RESPONSIVE
B008365,T01588,V0157,8212730.3,2025-01-02T05:00:56,2,RESPONSIVE
B008366,T01588,V0542,8597929.28,2024-12-25T01:38:19,3,RESPONSIVE
B008367,T01588,V0443,8630017.24,2024-12-21T10:52:27,4,RESPONSIVE
B008368,T01588,V0220,8765755.08,2024-12-25T19:36:34,5,RESPONSIVE
B008369,T01589,V0404,4059691.69,2024-06-01T23:37:49,1,RESPONSIVE
B008370,T01589,V0453,4193979.01,2024-05-31T03:36:51,2,RESPONSIVE
B008371,T01589,V0377,4272217.29,2024-05-31T04:01:58,3,RESPONSIVE
B008372,T01590,V0463,16530373.05,2024-09-28T15:38:37,1,RESPONSIVE
B008373,T01590,V0200,16790611.72,2024-10-07T00:53:39,2,RESPONSIVE
B008374,T01590,V0232,18037790.28,2024-10-09T14:21:17,3,RESPONSIVE
B008375,T01590,V0106,18450788.98,2024-10-07T15:15:04,4,RESPONSIVE
B008376,T01590,V0192,18931782.19,2024-09-29T10:22:10,5,RESPONSIVE
B008377,T01591,V0245,1739500.12,2024-12-26T07:19:50,1,RESPONSIVE
B008378,T01591,V0142,1831473.14,2024-12-14T23:30:43,2,RESPONSIVE
B008379,T01591,V0228,1848215.83,2024-12-11T20:53:43,3,RESPONSIVE
B008380,T01591,V0004,1899058.77,2024-12-12T17:19:20,4,RESPONSIVE
B008381,T01591,V0488,1931759.16,2024-12-26T17:40:03,5,RESPONSIVE
B008382,T01591,V0422,1945298.46,2024-12-23T11:22:45,6,RESPONSIVE
B008383,T01591,V0321,1988784.32,2024-12-26T20:06:09,7,RESPONSIVE
B008384,T01591,V0436,2035660.68,2024-12-15T03:52:09,8,RESPONSIVE
B008385,T01592,V0031,26763499.91,2024-04-28T16:07:27,1,RESPONSIVE
B008386,T01592,V0344,27539202.07,2024-04-28T20:22:58,2,RESPONSIVE
B008387,T01592,V0129,28706321.57,2024-04-27T22:20:39,3,RESPONSIVE
B008388,T01592,V0334,28757442.93,2024-04-26T23:59:00,4,RESPONSIVE
B008389,T01592,V0407,29095355.73,2024-04-27T23:48:52,5,RESPONSIVE
B008390,T01593,V0234,3070606.33,2026-06-18T02:25:31,1,RESPONSIVE
B008391,T01593,V0408,3143844.12,2026-06-17T16:15:39,2,RESPONSIVE
B008392,T01593,V0409,3180127.55,2026-06-07T01:44:53,3,RESPONSIVE
B008393,T01593,V0202,3237738.55,2026-06-08T18:44:54,4,RESPONSIVE
B008394,T01593,V0164,3429017.84,2026-06-06T02:03:35,5,RESPONSIVE
B008395,T01594,V0460,2784156.91,2025-04-21T18:30:58,1,RESPONSIVE
B008396,T01594,V0355,2845239.67,2025-04-12T18:22:25,2,RESPONSIVE
B008397,T01595,V0006,9896932.62,2025-08-13T05:59:53,1,NON_RESPONSIVE
B008398,T01595,V0130,10061927.84,2025-08-16T00:21:02,2,RESPONSIVE
B008399,T01595,V0476,10410244.32,2025-08-06T09:52:07,3,RESPONSIVE
B008400,T01595,V0044,10551596.39,2025-08-16T01:23:41,4,RESPONSIVE
B008401,T01595,V0381,11290923.41,2025-08-14T09:50:50,5,RESPONSIVE
B008402,T01596,V0384,7100755.94,2025-12-20T19:27:46,1,RESPONSIVE
B008403,T01596,V0113,7883846.21,2025-11-30T23:26:14,2,RESPONSIVE
B008404,T01596,V0026,7954643.0,2025-12-13T16:43:37,3,RESPONSIVE
B008405,T01596,V0482,8053484.72,2025-12-29T07:15:11,4,RESPONSIVE
B008406,T01597,V0498,20791963.99,2025-09-29T02:34:36,1,RESPONSIVE
B008407,T01597,V0307,22656799.71,2025-10-05T16:55:54,2,RESPONSIVE
B008408,T01597,V0229,23409927.61,2025-10-11T02:49:45,3,RESPONSIVE
B008409,T01598,V0209,36764637.13,2024-10-27T06:42:02,1,RESPONSIVE
B008410,T01598,V0244,37156398.84,2024-10-29T14:55:22,2,RESPONSIVE
B008411,T01599,V0050,2181219.73,2025-08-14T08:51:11,1,RESPONSIVE
B008412,T01599,V0113,2318307.7,2025-08-12T07:18:15,2,RESPONSIVE
B008413,T01600,V0224,6497761.11,2026-07-25T02:03:16,1,RESPONSIVE
B008414,T01600,V0185,6626032.58,2026-07-28T11:48:53,2,RESPONSIVE
B008415,T01600,V0387,7094510.2,2026-07-24T00:30:37,3,RESPONSIVE
B008416,T01600,V0544,7124138.89,2026-07-10T10:26:02,4,RESPONSIVE
B008417,T01600,V0153,7220074.93,2026-08-02T22:06:04,5,RESPONSIVE
B008418,T01600,V0359,7278324.04,2026-07-20T19:51:53,6,RESPONSIVE
B008419,T01600,V0525,7316850.21,2026-07-16T10:30:03,7,RESPONSIVE
B008420,T01600,V0346,7451495.67,2026-07-23T11:33:54,8,RESPONSIVE
B008421,T01601,V0263,2855369.6,2024-08-17T15:31:31,1,RESPONSIVE
B008422,T01601,V0533,2917415.24,2024-08-08T17:08:06,2,RESPONSIVE
B008423,T01601,V0317,2927512.57,2024-08-17T11:57:41,3,RESPONSIVE
B008424,T01601,V0186,2928864.68,2024-08-11T08:44:05,4,NON_RESPONSIVE
B008425,T01601,V0380,2940393.19,2024-08-06T01:08:42,5,NON_RESPONSIVE
B008426,T01601,V0060,2971455.53,2024-08-09T14:41:02,6,RESPONSIVE
B008427,T01601,V0282,3014792.47,2024-08-15T12:47:12,7,RESPONSIVE
B008428,T01601,V0039,3018049.4,2024-08-08T10:55:33,8,RESPONSIVE
B008429,T01602,V0041,6065571.67,2025-05-15T12:14:12,1,RESPONSIVE
B008430,T01602,V0307,6119896.59,2025-05-15T16:22:19,2,NON_RESPONSIVE
B008431,T01603,V0161,9144933.89,2026-08-23T08:32:14,1,RESPONSIVE
B008432,T01603,V0187,9292617.84,2026-08-30T17:38:45,2,RESPONSIVE
B008433,T01603,V0433,9354922.08,2026-08-22T08:36:31,3,RESPONSIVE
B008434,T01603,V0158,9387986.68,2026-08-25T02:41:03,4,RESPONSIVE
B008435,T01603,V0304,9997587.39,2026-08-24T08:05:34,5,RESPONSIVE
B008436,T01604,V0006,25896606.43,2026-03-14T18:00:14,1,RESPONSIVE
B008437,T01604,V0381,26074755.35,2026-03-13T17:49:39,2,RESPONSIVE
B008438,T01604,V0045,26199221.65,2026-03-04T22:21:26,3,RESPONSIVE
B008439,T01604,V0067,27599290.96,2026-03-19T22:07:31,4,RESPONSIVE
B008440,T01604,V0021,28957710.86,2026-03-11T18:07:12,5,RESPONSIVE
B008441,T01605,V0322,2373201.6,2024-12-31T15:28:20,1,RESPONSIVE
B008442,T01605,V0276,2460668.49,2024-12-30T16:13:24,2,RESPONSIVE
B008443,T01606,V0277,1085077.25,2024-04-28T03:10:42,1,RESPONSIVE
B008444,T01606,V0481,1091244.29,2024-06-03T11:37:48,2,RESPONSIVE
B008445,T01606,V0184,1122473.4,2024-05-28T02:42:16,3,NON_RESPONSIVE
B008446,T01606,V0025,1140950.81,2024-06-05T04:03:44,4,RESPONSIVE
B008447,T01606,V0113,1142218.88,2024-05-10T20:02:35,5,RESPONSIVE
B008448,T01606,V0050,1162744.55,2024-05-01T16:54:30,6,RESPONSIVE
B008449,T01606,V0072,1164443.29,2024-05-24T13:05:02,7,RESPONSIVE
B008450,T01607,V0298,4671905.24,2024-04-18T22:20:53,1,RESPONSIVE
B008451,T01607,V0178,4820147.6,2024-04-17T02:05:47,2,RESPONSIVE
B008452,T01608,V0001,2287797.48,2025-10-31T17:28:37,1,RESPONSIVE
B008453,T01608,V0149,2301226.56,2025-10-23T01:21:50,2,RESPONSIVE
B008454,T01608,V0331,2380462.21,2025-10-26T01:14:32,3,RESPONSIVE
B008455,T01609,V0360,12284737.15,2025-07-22T15:30:03,1,RESPONSIVE
B008456,T01609,V0472,12626404.34,2025-07-20T23:20:15,2,RESPONSIVE
B008457,T01609,V0335,12737409.63,2025-07-17T23:12:36,3,RESPONSIVE
B008458,T01610,V0438,47670353.26,2025-04-24T01:09:03,1,RESPONSIVE
B008459,T01610,V0159,49085711.74,2025-04-20T18:37:18,2,RESPONSIVE
B008460,T01610,V0212,49391382.34,2025-04-19T02:31:35,3,RESPONSIVE
B008461,T01610,V0088,50512067.35,2025-04-17T16:01:50,4,RESPONSIVE
B008462,T01611,V0185,4226701.2,2025-07-20T00:01:16,1,RESPONSIVE
B008463,T01611,V0179,4382156.46,2025-07-05T11:32:15,2,RESPONSIVE
B008464,T01611,V0419,4446574.7,2025-07-01T22:43:44,3,RESPONSIVE
B008465,T01611,V0488,4635388.29,2025-07-07T12:06:29,4,RESPONSIVE
B008466,T01611,V0162,4638353.34,2025-07-06T21:27:59,5,RESPONSIVE
B008467,T01611,V0218,4640654.85,2025-06-24T10:16:31,6,RESPONSIVE
B008468,T01611,V0532,4700869.95,2025-07-15T00:27:13,7,RESPONSIVE
B008469,T01612,V0162,4026732.06,2026-04-07T09:56:11,1,RESPONSIVE
B008470,T01612,V0417,4199092.03,2026-04-13T01:53:39,2,RESPONSIVE
B008471,T01612,V0396,4306083.27,2026-04-21T06:42:26,3,NON_RESPONSIVE
B008472,T01612,V0349,4316629.64,2026-04-10T23:55:10,4,RESPONSIVE
B008473,T01612,V0384,4534686.52,2026-04-16T15:27:20,5,RESPONSIVE
B008474,T01613,V0403,17111872.49,2024-02-13T12:47:15,1,RESPONSIVE
B008475,T01613,V0047,17621015.05,2024-01-23T15:34:51,2,RESPONSIVE
B008476,T01614,V0236,3006723.68,2024-08-28T22:41:38,1,RESPONSIVE
B008477,T01614,V0458,3034909.12,2024-09-22T12:03:20,2,RESPONSIVE
B008478,T01615,V0251,53839255.88,2025-01-21T12:54:14,1,RESPONSIVE
B008479,T01615,V0517,54711164.44,2025-02-03T08:46:28,2,RESPONSIVE
B008480,T01615,V0289,54956388.71,2024-12-29T02:43:59,3,RESPONSIVE
B008481,T01615,V0421,56361957.98,2025-01-15T00:46:15,4,RESPONSIVE
B008482,T01615,V0531,59721815.47,2025-01-12T22:19:24,5,RESPONSIVE
B008483,T01616,V0504,8740444.15,2025-02-02T16:11:46,1,RESPONSIVE
B008484,T01616,V0209,9516643.48,2025-02-09T05:55:11,2,RESPONSIVE
B008485,T01617,V0184,7193822.15,2024-11-14T12:47:34,1,RESPONSIVE
B008486,T01617,V0396,7405588.82,2024-11-06T08:19:10,2,RESPONSIVE
B008487,T01617,V0494,7413412.58,2024-11-15T05:37:09,3,RESPONSIVE
B008488,T01617,V0129,7465645.21,2024-11-15T15:52:44,4,RESPONSIVE
B008489,T01617,V0417,7498873.6,2024-11-16T09:15:05,5,RESPONSIVE
B008490,T01617,V0025,7559521.36,2024-11-27T22:20:03,6,RESPONSIVE
B008491,T01617,V0334,7574637.02,2024-11-16T07:20:16,7,RESPONSIVE
B008492,T01617,V0497,8028121.42,2024-11-02T13:54:36,8,RESPONSIVE
B008493,T01618,V0331,1717330.42,2024-11-28T07:31:04,1,RESPONSIVE
B008494,T01618,V0378,1743581.75,2024-11-29T06:07:40,2,RESPONSIVE
B008495,T01618,V0148,1833961.01,2024-11-30T10:03:12,3,RESPONSIVE
B008496,T01618,V0498,1909211.24,2024-11-27T04:07:29,4,RESPONSIVE
B008497,T01619,V0262,786679.42,2024-05-04T07:22:38,1,RESPONSIVE
B008498,T01619,V0355,787665.9,2024-05-11T08:24:51,2,RESPONSIVE
B008499,T01619,V0491,797602.7,2024-05-02T08:36:24,3,RESPONSIVE
B008500,T01619,V0490,804687.4,2024-05-17T10:05:33,4,RESPONSIVE
B008501,T01619,V0200,818768.87,2024-05-15T22:47:12,5,RESPONSIVE
B008502,T01619,V0264,822538.75,2024-05-03T00:53:47,6,RESPONSIVE
B008503,T01619,V0481,830403.25,2024-05-12T05:05:02,7,RESPONSIVE
B008504,T01619,V0033,832267.27,2024-05-07T07:33:18,8,RESPONSIVE
B008505,T01620,V0527,14002259.02,2025-01-01T03:54:04,1,RESPONSIVE
B008506,T01620,V0277,14437902.99,2025-01-06T01:47:58,2,RESPONSIVE
B008507,T01620,V0503,14511327.59,2024-12-10T09:27:17,3,RESPONSIVE
B008508,T01620,V0259,14829741.75,2025-01-10T00:44:31,4,RESPONSIVE
B008509,T01620,V0026,14998850.41,2024-12-27T07:34:43,5,RESPONSIVE
B008510,T01621,V0065,5750112.44,2024-11-19T06:28:43,1,RESPONSIVE
B008511,T01621,V0419,5956160.57,2024-11-04T13:41:05,2,RESPONSIVE
B008512,T01621,V0253,5968258.66,2024-11-10T23:00:47,3,RESPONSIVE
B008513,T01621,V0263,6152727.28,2024-11-18T20:22:40,4,RESPONSIVE
B008514,T01622,V0256,2580614.19,2024-09-07T22:03:40,1,RESPONSIVE
B008515,T01622,V0485,2656621.62,2024-09-06T04:32:02,2,RESPONSIVE
B008516,T01622,V0434,2678800.1,2024-09-05T13:16:28,3,RESPONSIVE
B008517,T01622,V0338,2761616.98,2024-09-05T21:19:32,4,RESPONSIVE
B008518,T01622,V0023,2762023.9,2024-08-26T21:04:15,5,RESPONSIVE
B008519,T01622,V0098,2785016.97,2024-09-16T02:09:25,6,RESPONSIVE
B008520,T01622,V0495,2814809.42,2024-09-12T13:44:46,7,RESPONSIVE
B008521,T01622,V0071,2827474.13,2024-09-02T07:59:15,8,RESPONSIVE
B008522,T01622,V0321,2829404.59,2024-09-14T22:11:58,9,NON_RESPONSIVE
B008523,T01623,V0263,17213605.35,2025-09-10T06:00:41,1,RESPONSIVE
B008524,T01623,V0115,17488728.96,2025-09-16T09:45:09,2,RESPONSIVE
B008525,T01623,V0472,18156211.84,2025-09-20T12:07:48,3,RESPONSIVE
B008526,T01624,V0339,20978959.23,2025-04-15T19:32:29,1,RESPONSIVE
B008527,T01624,V0345,21219529.31,2025-04-11T22:28:33,2,RESPONSIVE
B008528,T01624,V0531,21765752.65,2025-04-06T23:23:06,3,RESPONSIVE
B008529,T01625,V0127,1684305.89,2025-05-27T19:26:09,1,RESPONSIVE
B008530,T01625,V0038,1686213.34,2025-05-30T15:23:50,2,RESPONSIVE
B008531,T01625,V0309,1742690.43,2025-05-14T14:05:52,3,RESPONSIVE
B008532,T01625,V0073,1748126.67,2025-06-02T03:44:53,4,RESPONSIVE
B008533,T01625,V0014,1750099.23,2025-05-20T07:39:55,5,RESPONSIVE
B008534,T01625,V0132,1797778.1,2025-05-27T12:42:28,6,RESPONSIVE
B008535,T01626,V0499,6758516.39,2024-06-04T23:12:33,1,RESPONSIVE
B008536,T01626,V0012,7297437.02,2024-06-05T03:40:34,2,RESPONSIVE
B008537,T01626,V0355,7470937.93,2024-06-12T07:49:25,3,RESPONSIVE
B008538,T01627,V0396,17475742.03,2026-07-15T21:37:47,1,RESPONSIVE
B008539,T01627,V0334,17480135.9,2026-07-17T09:17:34,2,RESPONSIVE
B008540,T01627,V0465,18010204.28,2026-07-30T02:28:30,3,RESPONSIVE
B008541,T01627,V0503,18099050.16,2026-07-28T21:22:51,4,RESPONSIVE
B008542,T01627,V0534,18790042.43,2026-07-12T12:32:30,5,RESPONSIVE
B008543,T01627,V0035,19262327.2,2026-07-19T19:39:46,6,RESPONSIVE
B008544,T01627,V0031,19678043.01,2026-07-30T20:30:53,7,NON_RESPONSIVE
B008545,T01627,V0144,19933899.33,2026-07-28T19:40:35,8,RESPONSIVE
B008546,T01628,V0174,15508736.54,2025-01-17T21:11:21,1,RESPONSIVE
B008547,T01628,V0023,15825314.99,2025-01-16T09:53:10,2,RESPONSIVE
B008548,T01628,V0302,15973124.19,2024-12-22T18:03:48,3,RESPONSIVE
B008549,T01628,V0519,16043614.44,2024-12-27T03:38:36,4,RESPONSIVE
B008550,T01628,V0502,16076811.85,2025-01-08T04:04:27,5,RESPONSIVE
B008551,T01628,V0367,16314821.47,2025-01-07T21:51:34,6,RESPONSIVE
B008552,T01628,V0178,16602992.56,2024-12-28T17:21:47,7,RESPONSIVE
B008553,T01628,V0384,16717419.57,2025-01-14T11:24:20,8,RESPONSIVE
B008554,T01628,V0509,18550755.44,2025-01-18T21:02:22,9,RESPONSIVE
B008555,T01629,V0422,14849441.34,2025-03-14T05:49:55,1,RESPONSIVE
B008556,T01629,V0039,15360532.23,2025-03-23T19:14:49,2,RESPONSIVE
B008557,T01629,V0484,16234841.44,2025-03-14T00:45:36,3,RESPONSIVE
B008558,T01630,V0451,39848732.08,2025-08-14T21:08:56,1,RESPONSIVE
B008559,T01630,V0347,42161032.9,2025-08-17T10:03:44,2,RESPONSIVE
B008560,T01630,V0023,42836440.07,2025-08-06T09:30:43,3,RESPONSIVE
B008561,T01630,V0066,44087059.93,2025-08-19T08:25:36,4,RESPONSIVE
B008562,T01630,V0379,44458243.85,2025-08-09T22:09:52,5,RESPONSIVE
B008563,T01630,V0254,47550112.43,2025-07-29T18:06:43,6,RESPONSIVE
B008564,T01631,V0546,2955793.33,2025-08-14T13:12:04,1,RESPONSIVE
B008565,T01631,V0002,3189913.1,2025-08-30T11:12:04,2,RESPONSIVE
B008566,T01631,V0038,3224621.56,2025-08-23T15:53:15,3,RESPONSIVE
B008567,T01631,V0280,3227146.87,2025-08-20T08:18:01,4,RESPONSIVE
B008568,T01631,V0379,3248615.22,2025-08-26T16:17:00,5,RESPONSIVE
B008569,T01631,V0278,3253823.88,2025-08-19T11:18:30,6,RESPONSIVE
B008570,T01631,V0219,3257206.59,2025-08-25T15:48:57,7,RESPONSIVE
B008571,T01631,V0473,3359931.05,2025-08-31T09:54:35,8,RESPONSIVE
B008572,T01632,V0166,49247219.69,2026-01-13T13:54:00,1,NON_RESPONSIVE
B008573,T01632,V0411,49635899.5,2026-01-05T05:29:30,2,RESPONSIVE
B008574,T01632,V0127,52108612.28,2025-12-22T01:39:25,3,RESPONSIVE
B008575,T01632,V0055,52668491.61,2025-12-24T16:48:03,4,RESPONSIVE
B008576,T01632,V0150,53968124.92,2026-01-05T03:09:13,5,RESPONSIVE
B008577,T01632,V0298,54886526.48,2025-12-26T09:27:21,6,RESPONSIVE
B008578,T01632,V0523,56030038.49,2025-12-22T19:45:45,7,RESPONSIVE
B008579,T01633,V0361,10829706.42,2025-10-27T21:46:09,1,RESPONSIVE
B008580,T01633,V0060,11261981.64,2025-10-03T20:04:14,2,RESPONSIVE
B008581,T01633,V0176,11350571.59,2025-10-10T12:08:33,3,RESPONSIVE
B008582,T01633,V0103,11456252.67,2025-10-29T09:04:42,4,RESPONSIVE
B008583,T01633,V0284,11621253.27,2025-10-11T19:45:46,5,RESPONSIVE
B008584,T01633,V0269,11720714.06,2025-10-22T02:25:09,6,RESPONSIVE
B008585,T01633,V0188,11832276.5,2025-10-07T09:39:51,7,NON_RESPONSIVE
B008586,T01633,V0541,11964399.54,2025-10-03T09:01:36,8,RESPONSIVE
B008587,T01634,V0529,6639906.45,2025-11-18T05:15:41,1,RESPONSIVE
B008588,T01634,V0528,6935967.61,2025-11-27T10:25:30,2,RESPONSIVE
B008589,T01634,V0020,7039146.57,2025-11-20T20:03:00,3,RESPONSIVE
B008590,T01634,V0286,7259813.77,2025-11-14T22:24:02,4,RESPONSIVE
B008591,T01635,V0381,4508962.09,2025-10-23T09:14:22,1,RESPONSIVE
B008592,T01635,V0091,4838304.95,2025-10-14T14:07:28,2,RESPONSIVE
B008593,T01635,V0045,4934016.91,2025-11-03T06:40:23,3,RESPONSIVE
B008594,T01635,V0445,4962479.95,2025-10-13T16:42:18,4,RESPONSIVE
B008595,T01635,V0339,4971083.17,2025-11-04T17:00:43,5,RESPONSIVE
B008596,T01635,V0300,4979412.39,2025-10-26T01:42:41,6,RESPONSIVE
B008597,T01635,V0224,5129001.67,2025-10-15T14:24:01,7,RESPONSIVE
B008598,T01635,V0137,5144220.54,2025-10-25T13:20:45,8,RESPONSIVE
B008599,T01636,V0384,1601609.77,2026-02-04T13:47:47,1,RESPONSIVE
B008600,T01636,V0013,1732994.66,2026-01-31T06:02:27,2,NON_RESPONSIVE
B008601,T01636,V0433,1754510.56,2026-01-28T10:54:03,3,RESPONSIVE
B008602,T01637,V0145,4072816.82,2024-11-17T03:54:18,1,RESPONSIVE
B008603,T01637,V0065,4206776.87,2024-11-18T09:47:21,2,RESPONSIVE
B008604,T01637,V0533,4256258.48,2024-11-26T20:46:26,3,RESPONSIVE
B008605,T01637,V0419,4267954.88,2024-12-01T13:55:34,4,RESPONSIVE
B008606,T01637,V0051,4379352.1,2024-12-01T23:29:44,5,RESPONSIVE
B008607,T01637,V0253,4589109.58,2024-12-01T12:22:48,6,RESPONSIVE
B008608,T01638,V0385,14862988.7,2026-08-07T01:04:15,1,RESPONSIVE
B008609,T01638,V0340,15141921.28,2026-08-17T06:23:10,2,RESPONSIVE
B008610,T01638,V0426,15174675.01,2026-08-12T14:12:24,3,RESPONSIVE
B008611,T01638,V0304,15222284.05,2026-08-02T01:26:38,4,RESPONSIVE
B008612,T01638,V0342,15495921.8,2026-08-07T21:05:37,5,RESPONSIVE
B008613,T01638,V0496,15743601.28,2026-08-10T21:40:29,6,NON_RESPONSIVE
B008614,T01638,V0143,15755113.41,2026-08-16T18:26:36,7,RESPONSIVE
B008615,T01638,V0437,15959198.99,2026-08-07T12:44:56,8,RESPONSIVE
B008616,T01638,V0387,16165012.0,2026-08-13T18:01:50,9,RESPONSIVE
B008617,T01638,V0359,16469691.23,2026-08-17T19:20:31,10,RESPONSIVE
B008618,T01638,V0510,16928502.61,2026-08-15T03:34:37,11,RESPONSIVE
B008619,T01639,V0215,6668386.2,2025-04-09T03:10:36,1,RESPONSIVE
B008620,T01639,V0317,6893457.79,2025-04-21T21:26:40,2,RESPONSIVE
B008621,T01640,V0004,2411485.66,2024-05-15T09:57:09,1,RESPONSIVE
B008622,T01640,V0150,2446690.43,2024-05-08T19:09:10,2,RESPONSIVE
B008623,T01640,V0186,2484829.47,2024-05-02T03:50:19,3,RESPONSIVE
B008624,T01640,V0275,2503219.27,2024-05-08T20:20:26,4,RESPONSIVE
B008625,T01640,V0003,2505294.05,2024-04-30T18:36:01,5,RESPONSIVE
B008626,T01640,V0166,2544585.62,2024-05-15T01:40:10,6,RESPONSIVE
B008627,T01640,V0533,2551869.97,2024-05-08T20:31:12,7,RESPONSIVE
B008628,T01640,V0436,2555070.76,2024-05-15T17:25:10,8,RESPONSIVE
B008629,T01640,V0185,2606474.0,2024-05-05T05:21:10,9,RESPONSIVE
B008630,T01641,V0529,4420922.06,2025-04-21T17:41:33,1,RESPONSIVE
B008631,T01641,V0020,4651693.55,2025-04-23T18:41:52,2,NON_RESPONSIVE
B008632,T01641,V0148,4750918.43,2025-04-29T14:54:45,3,RESPONSIVE
B008633,T01641,V0355,4772062.97,2025-04-24T20:16:13,4,RESPONSIVE
B008634,T01642,V0316,8135012.77,2026-01-05T18:08:04,1,RESPONSIVE
B008635,T01642,V0135,8357628.82,2026-01-05T23:20:35,2,RESPONSIVE
B008636,T01642,V0241,8504126.84,2026-01-09T22:36:05,3,RESPONSIVE
B008637,T01642,V0244,8792555.08,2026-01-13T22:03:17,4,RESPONSIVE
B008638,T01642,V0309,8921929.98,2026-01-10T19:14:03,5,RESPONSIVE
B008639,T01643,V0158,4452055.7,2026-06-20T09:23:06,1,RESPONSIVE
B008640,T01643,V0303,4671451.6,2026-06-23T02:12:17,2,RESPONSIVE
B008641,T01643,V0377,4759428.45,2026-06-19T04:14:13,3,RESPONSIVE
B008642,T01643,V0060,4871724.75,2026-07-03T05:42:31,4,RESPONSIVE
B008643,T01643,V0533,4937393.17,2026-07-05T09:10:36,5,RESPONSIVE
B008644,T01643,V0489,5260017.78,2026-06-24T12:48:08,6,RESPONSIVE
B008645,T01644,V0153,7148502.85,2026-06-25T12:25:30,1,RESPONSIVE
B008646,T01644,V0389,7190486.19,2026-07-16T12:01:29,2,NON_RESPONSIVE
B008647,T01644,V0427,7203255.01,2026-07-17T21:06:00,3,RESPONSIVE
B008648,T01644,V0525,7769099.16,2026-07-06T13:03:24,4,RESPONSIVE
B008649,T01645,V0513,11199289.09,2024-03-03T16:05:24,1,RESPONSIVE
B008650,T01645,V0414,11535876.2,2024-02-27T13:54:25,2,RESPONSIVE
B008651,T01646,V0011,12387018.51,2024-09-18T00:26:36,1,RESPONSIVE
B008652,T01646,V0392,12635026.42,2024-09-30T03:18:49,2,RESPONSIVE
B008653,T01647,V0344,22357835.68,2025-04-01T17:07:50,1,RESPONSIVE
B008654,T01647,V0495,22737192.63,2025-04-08T13:56:01,2,RESPONSIVE
B008655,T01647,V0174,22844654.27,2025-04-05T15:09:15,3,RESPONSIVE
B008656,T01647,V0034,24448949.72,2025-04-03T06:48:02,4,RESPONSIVE
B008657,T01648,V0491,17776590.57,2026-08-21T20:49:42,1,RESPONSIVE
B008658,T01648,V0355,18057298.55,2026-08-19T07:16:42,2,RESPONSIVE
B008659,T01648,V0350,18199775.43,2026-08-23T12:00:08,3,RESPONSIVE
B008660,T01648,V0262,18319673.53,2026-08-29T15:18:15,4,RESPONSIVE
B008661,T01648,V0020,18563841.82,2026-08-23T23:14:09,5,RESPONSIVE
B008662,T01648,V0538,18654498.01,2026-08-27T16:37:52,6,RESPONSIVE
B008663,T01648,V0141,19090589.92,2026-08-19T00:11:40,7,RESPONSIVE
B008664,T01648,V0165,19148411.16,2026-08-16T20:32:45,8,RESPONSIVE
B008665,T01649,V0519,4300576.2,2025-02-10T00:45:07,1,RESPONSIVE
B008666,T01649,V0047,4494466.57,2025-02-11T07:46:53,2,RESPONSIVE
B008667,T01649,V0501,4511020.58,2025-02-15T09:48:42,3,RESPONSIVE
B008668,T01649,V0317,4622955.04,2025-02-10T05:12:18,4,RESPONSIVE
B008669,T01649,V0344,4639489.26,2025-02-16T07:49:23,5,RESPONSIVE
B008670,T01650,V0487,45966313.89,2024-06-04T14:01:08,1,RESPONSIVE
B008671,T01650,V0416,46402411.88,2024-06-21T14:30:56,2,RESPONSIVE
B008672,T01650,V0052,49614443.19,2024-06-19T00:31:33,3,RESPONSIVE
B008673,T01650,V0371,52875530.69,2024-05-24T12:46:53,4,RESPONSIVE
B008674,T01650,V0091,54961387.67,2024-05-27T23:25:07,5,RESPONSIVE
B008675,T01651,V0271,51477991.71,2024-03-29T19:35:32,1,RESPONSIVE
B008676,T01651,V0289,55505469.4,2024-04-16T08:07:07,2,RESPONSIVE
B008677,T01651,V0345,55647476.78,2024-04-03T17:51:30,3,RESPONSIVE
B008678,T01651,V0525,58679961.83,2024-04-01T04:27:53,4,RESPONSIVE
B008679,T01651,V0304,59037115.21,2024-04-08T17:03:22,5,RESPONSIVE
B008680,T01651,V0159,59092863.23,2024-04-13T21:14:54,6,RESPONSIVE
B008681,T01651,V0251,59136419.12,2024-04-05T22:26:42,7,RESPONSIVE
B008682,T01651,V0100,62771591.12,2024-03-26T20:19:12,8,RESPONSIVE
B008683,T01651,V0342,63575633.59,2024-03-31T15:41:22,9,RESPONSIVE
B008684,T01652,V0277,13634738.69,2024-01-27T19:33:06,1,RESPONSIVE
B008685,T01652,V0181,13986002.27,2024-02-05T10:27:24,2,RESPONSIVE
B008686,T01652,V0497,14360496.03,2024-02-01T17:42:43,3,RESPONSIVE
B008687,T01653,V0391,41743031.29,2025-08-28T15:40:38,1,RESPONSIVE
B008688,T01653,V0387,43689770.27,2025-08-25T09:34:02,2,RESPONSIVE
B008689,T01654,V0013,14582572.35,2025-11-02T03:16:07,1,RESPONSIVE
B008690,T01654,V0188,15806941.68,2025-11-06T14:53:07,2,RESPONSIVE
B008691,T01654,V0303,15882577.41,2025-11-19T03:59:27,3,RESPONSIVE
B008692,T01654,V0328,16077710.61,2025-12-01T03:06:05,4,RESPONSIVE
B008693,T01654,V0391,16219751.9,2025-11-25T23:51:56,5,RESPONSIVE
B008694,T01654,V0071,16387124.15,2025-11-09T02:56:03,6,RESPONSIVE
B008695,T01654,V0404,16561459.77,2025-11-30T16:42:07,7,RESPONSIVE
B008696,T01654,V0080,16854702.49,2025-11-08T12:58:58,8,RESPONSIVE
B008697,T01655,V0352,64405917.16,2025-01-11T00:39:52,1,RESPONSIVE
B008698,T01655,V0288,69399818.02,2025-01-26T20:21:24,2,RESPONSIVE
B008699,T01656,V0256,11562724.54,2025-01-25T00:25:00,1,NON_RESPONSIVE
B008700,T01656,V0174,11681676.92,2025-01-15T10:51:41,2,NON_RESPONSIVE
B008701,T01656,V0178,11891718.57,2025-01-19T13:20:38,3,RESPONSIVE
B008702,T01656,V0056,12128180.49,2025-01-16T04:21:11,4,RESPONSIVE
B008703,T01656,V0291,12217437.32,2025-01-24T21:54:51,5,RESPONSIVE
B008704,T01656,V0501,12301108.71,2025-01-15T20:26:42,6,RESPONSIVE
B008705,T01656,V0454,12323308.27,2025-01-17T23:31:28,7,RESPONSIVE
B008706,T01656,V0129,12400942.79,2025-01-24T23:49:47,8,RESPONSIVE
B008707,T01656,V0047,12519109.26,2025-01-25T12:00:37,9,RESPONSIVE
B008708,T01657,V0046,5822587.35,2025-08-30T14:12:40,1,RESPONSIVE
B008709,T01657,V0269,6162579.77,2025-08-28T09:20:04,2,RESPONSIVE
B008710,T01658,V0505,4550915.99,2025-06-20T23:13:32,1,RESPONSIVE
B008711,T01658,V0136,4598505.22,2025-05-30T17:38:25,2,RESPONSIVE
B008712,T01658,V0499,4731966.01,2025-06-06T23:23:44,3,RESPONSIVE
B008713,T01658,V0012,4895478.81,2025-06-21T00:21:14,4,RESPONSIVE
B008714,T01658,V0264,4996141.19,2025-06-18T01:09:53,5,RESPONSIVE
B008715,T01658,V0229,5006603.81,2025-06-11T14:35:09,6,RESPONSIVE
B008716,T01658,V0234,5020762.48,2025-06-20T18:24:46,7,RESPONSIVE
B008717,T01658,V0243,5084530.52,2025-06-17T05:20:29,8,RESPONSIVE
B008718,T01658,V0141,5105005.35,2025-06-22T21:09:07,9,RESPONSIVE
B008719,T01659,V0225,10921455.79,2025-09-10T16:52:18,1,RESPONSIVE
B008720,T01659,V0006,11661688.01,2025-09-08T17:17:20,2,RESPONSIVE
B008721,T01659,V0386,11701028.05,2025-09-02T18:41:53,3,RESPONSIVE
B008722,T01659,V0389,11855062.62,2025-09-12T08:16:16,4,RESPONSIVE
B008723,T01660,V0184,57844948.47,2026-03-10T11:33:38,1,RESPONSIVE
B008724,T01660,V0146,58183133.84,2026-03-12T08:57:13,2,RESPONSIVE
B008725,T01660,V0434,59342048.2,2026-03-15T16:28:48,3,RESPONSIVE
B008726,T01660,V0539,59600296.99,2026-03-11T13:08:35,4,RESPONSIVE
B008727,T01661,V0368,98462945.47,2026-08-28T09:27:01,1,RESPONSIVE
B008728,T01661,V0356,102277619.43,2026-08-27T17:49:42,2,RESPONSIVE
B008729,T01661,V0194,106285367.8,2026-08-27T21:06:42,3,NON_RESPONSIVE
B008730,T01662,V0485,22055243.44,2025-02-18T11:06:09,1,RESPONSIVE
B008731,T01662,V0034,22136535.79,2025-02-12T17:00:56,2,RESPONSIVE
B008732,T01662,V0384,22164836.55,2025-02-15T19:38:20,3,RESPONSIVE
B008733,T01663,V0062,234287589.04,2025-03-26T00:44:27,1,RESPONSIVE
B008734,T01663,V0244,235166789.36,2025-04-01T21:39:22,2,RESPONSIVE
B008735,T01664,V0470,7566322.22,2025-09-04T16:34:23,1,RESPONSIVE
B008736,T01664,V0516,8191565.42,2025-08-31T15:00:16,2,RESPONSIVE
B008737,T01664,V0531,8379929.16,2025-07-31T11:38:55,3,RESPONSIVE
B008738,T01665,V0338,8753053.76,2025-07-03T14:38:21,1,RESPONSIVE
B008739,T01665,V0184,8868074.81,2025-07-06T05:41:46,2,RESPONSIVE
B008740,T01665,V0086,8977464.04,2025-06-20T04:45:54,3,RESPONSIVE
B008741,T01665,V0502,9213604.08,2025-07-06T15:47:00,4,RESPONSIVE
B008742,T01665,V0384,9393495.73,2025-06-23T18:56:43,5,RESPONSIVE
B008743,T01665,V0277,9418303.38,2025-06-26T19:16:14,6,RESPONSIVE
B008744,T01665,V0079,9639668.15,2025-06-10T06:58:00,7,RESPONSIVE
B008745,T01665,V0513,9669085.29,2025-07-04T12:01:59,8,RESPONSIVE
B008746,T01666,V0153,11587895.56,2025-03-18T11:55:08,1,RESPONSIVE
B008747,T01666,V0218,12338519.09,2025-04-09T15:27:25,2,RESPONSIVE
B008748,T01667,V0406,1971494.53,2024-09-22T22:12:55,1,RESPONSIVE
B008749,T01667,V0001,2002323.67,2024-09-26T07:42:57,2,RESPONSIVE
B008750,T01667,V0350,2012061.7,2024-10-04T08:57:25,3,RESPONSIVE
B008751,T01667,V0058,2015952.16,2024-09-22T15:23:11,4,RESPONSIVE
B008752,T01667,V0420,2058453.4,2024-09-22T05:14:41,5,RESPONSIVE
B008753,T01667,V0149,2120130.59,2024-10-02T13:47:45,6,RESPONSIVE
B008754,T01667,V0204,2207775.53,2024-09-27T17:51:06,7,NON_RESPONSIVE
B008755,T01667,V0229,2278779.08,2024-10-01T03:24:39,8,RESPONSIVE
B008756,T01668,V0356,11853338.03,2024-06-13T12:12:15,1,RESPONSIVE
B008757,T01668,V0387,12982355.26,2024-06-07T02:33:14,2,RESPONSIVE
B008758,T01668,V0346,13350619.31,2024-05-25T02:55:53,3,RESPONSIVE
B008759,T01669,V0097,20719803.02,2024-09-10T23:16:55,1,RESPONSIVE
B008760,T01669,V0414,20851894.09,2024-09-13T10:25:53,2,RESPONSIVE
B008761,T01669,V0007,20857022.86,2024-08-29T04:21:00,3,RESPONSIVE
B008762,T01669,V0186,21338907.34,2024-09-12T18:05:54,4,NON_RESPONSIVE
B008763,T01669,V0014,21733734.34,2024-08-26T03:08:04,5,RESPONSIVE
B008764,T01669,V0362,21745423.53,2024-08-28T08:03:08,6,RESPONSIVE
B008765,T01669,V0208,21973794.43,2024-08-20T09:32:36,7,RESPONSIVE
B008766,T01669,V0117,22093697.45,2024-08-27T03:43:37,8,RESPONSIVE
B008767,T01669,V0327,22364360.23,2024-09-11T20:10:46,9,RESPONSIVE
B008768,T01670,V0044,37816162.82,2026-08-13T14:52:16,1,RESPONSIVE
B008769,T01670,V0159,38078481.66,2026-08-12T08:09:51,2,RESPONSIVE
B008770,T01670,V0381,40726846.89,2026-08-10T12:24:01,3,RESPONSIVE
B008771,T01670,V0455,42262161.75,2026-08-10T07:40:17,4,RESPONSIVE
B008772,T01671,V0140,10282540.51,2024-05-11T09:01:34,1,RESPONSIVE
B008773,T01671,V0215,11017181.59,2024-05-11T04:58:56,2,RESPONSIVE
B008774,T01671,V0479,11096062.17,2024-05-11T15:46:57,3,RESPONSIVE
B008775,T01671,V0277,11111005.62,2024-04-23T08:20:00,4,RESPONSIVE
B008776,T01671,V0460,11396262.81,2024-04-29T13:02:38,5,RESPONSIVE
B008777,T01671,V0502,11514020.7,2024-05-17T13:04:38,6,RESPONSIVE
B008778,T01671,V0146,11534159.22,2024-04-27T14:56:35,7,RESPONSIVE
B008779,T01672,V0520,10590977.94,2025-04-24T15:55:24,1,RESPONSIVE
B008780,T01672,V0006,10904016.8,2025-04-25T15:28:51,2,RESPONSIVE
B008781,T01672,V0531,11519295.42,2025-04-23T08:52:28,3,RESPONSIVE
B008782,T01672,V0516,11727583.64,2025-04-23T17:35:40,4,RESPONSIVE
B008783,T01672,V0299,11922619.92,2025-04-24T10:03:04,5,RESPONSIVE
B008784,T01672,V0137,12048300.19,2025-04-22T15:35:46,6,RESPONSIVE
B008785,T01672,V0353,12187886.34,2025-04-21T10:33:25,7,NON_RESPONSIVE
B008786,T01672,V0017,12488696.24,2025-04-18T15:03:13,8,RESPONSIVE
B008787,T01672,V0110,12518408.93,2025-04-21T21:44:23,9,RESPONSIVE
B008788,T01673,V0501,57246326.47,2026-04-18T04:40:02,1,RESPONSIVE
B008789,T01673,V0512,58222160.5,2026-04-13T00:08:49,2,RESPONSIVE
B008790,T01673,V0013,60018135.91,2026-04-16T18:43:40,3,RESPONSIVE
B008791,T01674,V0178,8867696.28,2024-06-11T21:07:44,1,RESPONSIVE
B008792,T01674,V0027,9837435.14,2024-06-26T01:01:01,2,RESPONSIVE
B008793,T01675,V0434,20981191.99,2026-08-19T23:05:00,1,RESPONSIVE
B008794,T01675,V0179,21238743.09,2026-08-13T18:35:49,2,RESPONSIVE
B008795,T01675,V0208,21381291.17,2026-08-16T12:41:10,3,RESPONSIVE
B008796,T01675,V0485,22350072.94,2026-08-13T01:46:41,4,RESPONSIVE
B008797,T01675,V0403,22426131.77,2026-08-03T12:45:46,5,RESPONSIVE
B008798,T01675,V0495,22678417.04,2026-08-19T19:18:03,6,RESPONSIVE
B008799,T01675,V0344,23251560.04,2026-08-06T20:17:01,7,RESPONSIVE
B008800,T01675,V0519,23285504.91,2026-08-05T11:44:26,8,NON_RESPONSIVE
B008801,T01675,V0174,23552071.51,2026-08-09T15:13:01,9,RESPONSIVE
B008802,T01675,V0405,24015051.24,2026-08-17T08:57:05,10,RESPONSIVE
B008803,T01675,V0365,24048885.09,2026-08-10T03:51:11,11,RESPONSIVE
B008804,T01676,V0277,3678339.4,2025-08-09T01:00:34,1,RESPONSIVE
B008805,T01676,V0481,3716891.97,2025-07-24T11:09:38,2,RESPONSIVE
B008806,T01676,V0025,3773393.3,2025-08-03T15:20:15,3,RESPONSIVE
B008807,T01676,V0295,3895030.7,2025-08-08T10:00:26,4,RESPONSIVE
B008808,T01676,V0026,4000232.43,2025-08-07T16:06:36,5,RESPONSIVE
B008809,T01676,V0223,4084473.62,2025-08-08T00:12:51,6,RESPONSIVE
B008810,T01676,V0119,4173164.6,2025-07-21T22:27:03,7,RESPONSIVE
B008811,T01676,V0072,4180697.89,2025-07-10T03:23:23,8,RESPONSIVE
B008812,T01676,V0184,4190450.37,2025-07-22T03:28:07,9,RESPONSIVE
B008813,T01677,V0501,32449767.46,2024-04-02T23:03:25,1,RESPONSIVE
B008814,T01677,V0179,34670323.51,2024-04-06T13:48:13,2,RESPONSIVE
B008815,T01677,V0027,34872377.78,2024-03-20T13:00:55,3,RESPONSIVE
B008816,T01677,V0336,36451880.32,2024-03-28T12:23:03,4,RESPONSIVE
B008817,T01677,V0317,38266347.31,2024-03-18T18:26:59,5,RESPONSIVE
B008818,T01677,V0338,38438601.48,2024-03-28T06:45:24,6,RESPONSIVE
B008819,T01678,V0417,8934409.21,2026-02-19T09:19:07,1,RESPONSIVE
B008820,T01678,V0079,9913552.9,2026-02-14T08:19:32,2,RESPONSIVE
B008821,T01678,V0178,9985459.64,2026-02-16T15:53:54,3,NON_RESPONSIVE
B008822,T01679,V0413,1734265.1,2024-11-10T00:21:41,1,RESPONSIVE
B008823,T01679,V0364,1794363.77,2024-11-07T01:31:52,2,RESPONSIVE
B008824,T01679,V0242,1797442.68,2024-11-10T12:15:16,3,RESPONSIVE
B008825,T01679,V0276,1826242.91,2024-10-25T07:40:14,4,RESPONSIVE
B008826,T01679,V0123,1866906.94,2024-10-21T23:55:11,5,RESPONSIVE
B008827,T01680,V0383,27282851.59,2025-07-22T00:30:48,1,RESPONSIVE
B008828,T01680,V0503,27676793.48,2025-07-31T09:22:04,2,RESPONSIVE
B008829,T01680,V0502,28516860.84,2025-07-22T12:31:46,3,RESPONSIVE
B008830,T01680,V0315,28657549.25,2025-07-23T15:04:12,4,RESPONSIVE
B008831,T01680,V0214,28716406.62,2025-08-06T22:57:35,5,RESPONSIVE
B008832,T01680,V0140,29674875.07,2025-07-20T02:18:33,6,RESPONSIVE
B008833,T01680,V0031,29766032.34,2025-07-16T08:34:09,7,RESPONSIVE
B008834,T01680,V0215,31604858.8,2025-08-07T02:57:15,8,RESPONSIVE
B008835,T01680,V0259,32293257.86,2025-07-31T18:35:05,9,RESPONSIVE
B008836,T01681,V0455,23711123.05,2025-05-13T00:56:46,1,RESPONSIVE
B008837,T01681,V0121,23999287.43,2025-05-15T18:50:56,2,RESPONSIVE
B008838,T01681,V0251,25512791.6,2025-05-10T04:13:12,3,RESPONSIVE
B008839,T01681,V0509,25747593.89,2025-04-23T00:34:03,4,RESPONSIVE
B008840,T01681,V0391,26789658.98,2025-05-13T00:34:49,5,RESPONSIVE
B008841,T01682,V0363,3992396.01,2025-05-08T12:08:10,1,RESPONSIVE
B008842,T01682,V0275,4034836.88,2025-05-12T01:22:33,2,RESPONSIVE
B008843,T01682,V0248,4225962.39,2025-05-05T12:25:01,3,RESPONSIVE
B008844,T01682,V0332,4249204.09,2025-05-16T11:03:29,4,RESPONSIVE
B008845,T01683,V0083,721161.03,2024-11-16T05:03:08,1,RESPONSIVE
B008846,T01683,V0012,727509.12,2024-11-15T12:45:35,2,RESPONSIVE
B008847,T01683,V0307,741447.44,2024-11-19T18:32:52,3,RESPONSIVE
B008848,T01683,V0168,796698.15,2024-11-16T07:55:25,4,NON_RESPONSIVE
B008849,T01683,V0262,815824.24,2024-11-15T14:51:12,5,RESPONSIVE
B008850,T01684,V0401,233696140.31,2025-12-20T16:54:45,1,RESPONSIVE
B008851,T01684,V0340,247835063.66,2025-12-24T15:32:59,2,RESPONSIVE
B008852,T01684,V0387,259368869.98,2025-12-18T11:07:30,3,RESPONSIVE
B008853,T01684,V0100,266198052.87,2025-12-23T03:13:48,4,RESPONSIVE
B008854,T01685,V0013,2377187.91,2026-06-09T13:19:31,1,RESPONSIVE
B008855,T01685,V0509,2450394.08,2026-05-27T17:25:08,2,RESPONSIVE
B008856,T01685,V0414,2547435.32,2026-05-16T09:14:48,3,RESPONSIVE
B008857,T01685,V0298,2594996.14,2026-06-10T22:33:17,4,RESPONSIVE
B008858,T01686,V0443,7917059.27,2025-07-08T11:51:56,1,RESPONSIVE
B008859,T01686,V0120,8088812.48,2025-06-27T21:13:06,2,RESPONSIVE
B008860,T01687,V0419,5708005.3,2025-11-22T16:38:15,1,RESPONSIVE
B008861,T01687,V0263,6094894.55,2025-11-21T19:52:11,2,RESPONSIVE
B008862,T01687,V0275,6096564.31,2025-11-10T03:27:14,3,NON_RESPONSIVE
B008863,T01688,V0311,14911828.93,2025-03-26T15:37:25,1,RESPONSIVE
B008864,T01688,V0357,15304089.99,2025-04-04T13:29:49,2,RESPONSIVE
B008865,T01688,V0137,15386699.55,2025-03-27T11:35:51,3,RESPONSIVE
B008866,T01688,V0437,16000427.16,2025-03-29T18:56:07,4,RESPONSIVE
B008867,T01689,V0031,6727930.15,2026-03-28T03:50:12,1,RESPONSIVE
B008868,T01689,V0295,6766227.0,2026-03-24T15:53:45,2,RESPONSIVE
B008869,T01689,V0384,6786359.65,2026-03-30T09:21:42,3,RESPONSIVE
B008870,T01689,V0460,6812370.7,2026-04-02T09:03:10,4,RESPONSIVE
B008871,T01689,V0407,6879834.34,2026-04-05T11:57:48,5,RESPONSIVE
B008872,T01689,V0231,6997827.15,2026-03-29T02:54:51,6,RESPONSIVE
B008873,T01689,V0497,7084650.09,2026-03-26T07:18:25,7,RESPONSIVE
B008874,T01689,V0545,7213257.64,2026-03-31T17:17:30,8,RESPONSIVE
B008875,T01689,V0079,7355331.85,2026-04-05T07:52:11,9,RESPONSIVE
B008876,T01690,V0473,4702136.67,2024-10-22T00:50:46,1,RESPONSIVE
B008877,T01690,V0278,4847336.24,2024-10-22T22:12:40,2,RESPONSIVE
B008878,T01690,V0014,5312292.8,2024-10-21T05:32:21,3,RESPONSIVE
B008879,T01691,V0395,5336443.92,2026-04-23T07:12:45,1,RESPONSIVE
B008880,T01691,V0354,5516626.32,2026-04-16T13:13:09,2,RESPONSIVE
B008881,T01691,V0481,5558769.15,2026-04-07T20:01:45,3,NON_RESPONSIVE
B008882,T01691,V0528,5603993.76,2026-04-21T13:28:00,4,RESPONSIVE
B008883,T01691,V0136,5782509.31,2026-04-26T18:11:21,5,RESPONSIVE
B008884,T01691,V0072,5788586.16,2026-04-17T09:12:50,6,RESPONSIVE
B008885,T01691,V0243,5831223.22,2026-04-17T14:28:32,7,RESPONSIVE
B008886,T01691,V0020,5887159.41,2026-04-22T14:25:04,8,RESPONSIVE
B008887,T01691,V0083,6050902.56,2026-05-03T00:18:35,9,RESPONSIVE
B008888,T01692,V0001,16785554.66,2025-08-11T20:19:47,1,RESPONSIVE
B008889,T01692,V0354,16973921.8,2025-08-27T00:49:45,2,RESPONSIVE
B008890,T01692,V0168,17314210.25,2025-08-31T10:16:57,3,RESPONSIVE
B008891,T01693,V0047,11580458.86,2026-07-17T07:23:40,1,RESPONSIVE
B008892,T01693,V0349,12172682.89,2026-06-30T09:18:36,2,RESPONSIVE
B008893,T01693,V0179,12217820.28,2026-06-09T04:34:40,3,RESPONSIVE
B008894,T01693,V0129,12346358.54,2026-07-02T03:37:18,4,RESPONSIVE
B008895,T01693,V0394,12560558.1,2026-06-09T05:01:36,5,RESPONSIVE
B008896,T01693,V0209,12808864.88,2026-07-06T00:16:54,6,RESPONSIVE
B008897,T01694,V0121,3587078.86,2024-06-26T10:18:43,1,RESPONSIVE
B008898,T01694,V0404,3592829.89,2024-06-23T17:28:40,2,RESPONSIVE
B008899,T01695,V0039,24367608.72,2025-09-20T05:38:32,1,RESPONSIVE
B008900,T01695,V0207,25370483.78,2025-09-10T09:25:20,2,RESPONSIVE
B008901,T01696,V0244,219501457.07,2025-03-11T23:04:53,1,RESPONSIVE
B008902,T01696,V0241,222925935.53,2025-03-14T13:36:53,2,NON_RESPONSIVE
B008903,T01696,V0014,243623410.69,2025-03-14T23:34:47,3,RESPONSIVE
B008904,T01696,V0267,244667027.96,2025-03-15T12:39:27,4,RESPONSIVE
B008905,T01696,V0281,246143092.05,2025-03-12T01:53:58,5,RESPONSIVE
B008906,T01696,V0198,252071186.09,2025-03-15T11:22:14,6,RESPONSIVE
B008907,T01696,V0208,253330444.53,2025-03-14T21:58:25,7,RESPONSIVE
B008908,T01696,V0097,253462655.74,2025-03-12T01:28:00,8,RESPONSIVE
B008909,T01696,V0364,261055547.53,2025-03-22T01:11:48,9,RESPONSIVE
B008910,T01696,V0411,272312282.71,2025-03-22T06:13:15,10,RESPONSIVE
B008911,T01697,V0153,19957093.09,2024-07-28T07:41:41,1,RESPONSIVE
B008912,T01697,V0393,19977698.32,2024-08-02T00:22:49,2,RESPONSIVE
B008913,T01697,V0325,20484151.21,2024-07-25T00:18:17,3,RESPONSIVE
B008914,T01697,V0426,21907217.52,2024-07-16T21:19:12,4,RESPONSIVE
B008915,T01698,V0319,4102739.68,2024-06-23T00:59:19,1,RESPONSIVE
B008916,T01698,V0132,4323124.3,2024-06-14T17:43:42,2,RESPONSIVE
B008917,T01698,V0504,4336968.04,2024-06-15T20:42:00,3,RESPONSIVE
B008918,T01698,V0092,4430567.37,2024-06-09T10:00:02,4,RESPONSIVE
B008919,T01698,V0203,4515544.58,2024-06-14T11:53:13,5,RESPONSIVE
B008920,T01699,V0368,38313778.09,2025-12-15T16:32:46,1,RESPONSIVE
B008921,T01699,V0470,38491912.59,2025-12-19T19:33:21,2,RESPONSIVE
B008922,T01699,V0153,38720279.39,2025-12-24T02:48:56,3,RESPONSIVE
B008923,T01699,V0289,38860533.16,2025-12-19T00:08:47,4,RESPONSIVE
B008924,T01699,V0437,39166318.64,2025-12-14T15:14:31,5,RESPONSIVE
B008925,T01700,V0220,22442261.32,2025-10-30T20:55:26,1,RESPONSIVE
B008926,T01700,V0387,23191747.11,2025-11-04T22:00:01,2,RESPONSIVE
B008927,T01701,V0178,21608362.55,2024-07-07T02:19:42,1,RESPONSIVE
B008928,T01701,V0302,22471342.01,2024-07-18T15:02:00,2,RESPONSIVE
B008929,T01701,V0383,22837937.82,2024-07-13T08:48:12,3,RESPONSIVE
B008930,T01701,V0179,23118170.39,2024-07-14T21:06:34,4,RESPONSIVE
B008931,T01701,V0509,23216687.76,2024-07-15T13:23:28,5,RESPONSIVE
B008932,T01702,V0280,19506283.79,2025-12-02T23:04:50,1,RESPONSIVE
B008933,T01702,V0515,19876804.8,2025-11-24T06:08:23,2,RESPONSIVE
B008934,T01702,V0063,19898742.61,2025-11-11T22:01:11,3,RESPONSIVE
B008935,T01703,V0023,25893075.07,2026-04-29T04:15:34,1,RESPONSIVE
B008936,T01703,V0302,26161792.37,2026-04-27T09:28:30,2,RESPONSIVE
B008937,T01703,V0209,27136608.69,2026-04-25T15:09:54,3,RESPONSIVE
B008938,T01703,V0384,27291163.59,2026-04-23T00:25:52,4,RESPONSIVE
B008939,T01703,V0349,28270871.23,2026-04-25T23:25:11,5,RESPONSIVE
B008940,T01703,V0501,28998269.86,2026-04-24T22:28:21,6,RESPONSIVE
B008941,T01703,V0298,29869475.96,2026-04-28T22:29:04,7,RESPONSIVE
B008942,T01703,V0414,30252984.09,2026-04-25T13:22:12,8,RESPONSIVE
B008943,T01703,V0241,31427839.55,2026-04-24T00:31:23,9,RESPONSIVE
B008944,T01704,V0121,1244738.8,2025-09-24T21:16:50,1,RESPONSIVE
B008945,T01704,V0256,1283730.76,2025-09-24T09:26:03,2,RESPONSIVE
B008946,T01704,V0453,1351184.57,2025-09-22T06:02:45,3,RESPONSIVE
B008947,T01704,V0458,1402559.58,2025-09-27T23:26:23,4,RESPONSIVE
B008948,T01704,V0275,1406026.93,2025-09-26T19:08:39,5,RESPONSIVE
B008949,T01704,V0294,1412657.65,2025-09-16T13:13:23,6,RESPONSIVE
B008950,T01705,V0152,21036993.25,2024-08-22T00:49:03,1,RESPONSIVE
B008951,T01705,V0417,21527000.31,2024-08-08T10:39:50,2,RESPONSIVE
B008952,T01706,V0470,42549628.84,2025-08-31T10:36:14,1,RESPONSIVE
B008953,T01706,V0393,42895970.97,2025-09-01T10:19:08,2,RESPONSIVE
B008954,T01706,V0385,48014969.25,2025-09-13T11:54:11,3,RESPONSIVE
B008955,T01706,V0114,49057905.21,2025-09-21T00:43:41,4,NON_RESPONSIVE
B008956,T01706,V0415,53610124.44,2025-09-05T12:25:19,5,RESPONSIVE
B008957,T01707,V0248,28692323.27,2026-03-31T11:01:12,1,RESPONSIVE
B008958,T01707,V0414,29052320.95,2026-04-04T06:49:02,2,RESPONSIVE
B008959,T01707,V0107,29078447.08,2026-04-05T22:14:12,3,RESPONSIVE
B008960,T01707,V0166,29831326.23,2026-03-23T00:06:40,4,RESPONSIVE
B008961,T01708,V0142,4335555.47,2025-11-07T04:52:24,1,RESPONSIVE
B008962,T01708,V0488,4445576.86,2025-11-09T13:54:05,2,RESPONSIVE
B008963,T01708,V0115,4475020.44,2025-11-20T22:01:02,3,RESPONSIVE
B008964,T01709,V0182,15959707.76,2026-08-31T00:14:59,1,RESPONSIVE
B008965,T01709,V0218,16262522.27,2026-08-31T00:28:12,2,RESPONSIVE
B008966,T01710,V0174,16538646.5,2026-01-07T06:07:22,1,RESPONSIVE
B008967,T01710,V0365,16607022.45,2025-12-31T14:15:30,2,RESPONSIVE
B008968,T01710,V0215,16640333.36,2026-01-12T03:19:12,3,NON_RESPONSIVE
B008969,T01710,V0258,16759781.49,2026-01-14T14:18:22,4,RESPONSIVE
B008970,T01710,V0501,16834876.74,2026-01-12T06:23:20,5,RESPONSIVE
B008971,T01710,V0209,16897188.02,2026-01-09T15:55:42,6,NON_RESPONSIVE
B008972,T01710,V0321,17188317.18,2026-01-13T03:56:44,7,RESPONSIVE
B008973,T01710,V0317,17548816.26,2026-01-04T05:22:20,8,RESPONSIVE
B008974,T01711,V0034,3812146.82,2025-09-01T22:03:13,1,RESPONSIVE
B008975,T01711,V0023,3887564.06,2025-09-13T21:00:58,2,RESPONSIVE
B008976,T01712,V0313,28145360.57,2024-11-09T19:18:34,1,RESPONSIVE
B008977,T01712,V0356,28456337.36,2024-11-11T20:05:48,2,NON_RESPONSIVE
B008978,T01713,V0292,2829513.4,2024-07-18T08:54:29,1,RESPONSIVE
B008979,T01713,V0461,2836028.53,2024-07-14T06:38:54,2,RESPONSIVE
B008980,T01714,V0523,55647656.2,2024-07-06T05:19:26,1,RESPONSIVE
B008981,T01714,V0132,59709606.81,2024-06-25T09:42:53,2,RESPONSIVE
B008982,T01714,V0097,62702165.67,2024-06-04T19:31:59,3,RESPONSIVE
B008983,T01715,V0232,10575424.31,2024-07-06T23:28:55,1,RESPONSIVE
B008984,T01715,V0022,10739602.72,2024-07-13T20:10:18,2,RESPONSIVE
B008985,T01715,V0420,10816688.7,2024-07-16T15:42:54,3,RESPONSIVE
B008986,T01715,V0528,10877311.31,2024-07-21T13:32:14,4,RESPONSIVE
B008987,T01715,V0043,11061275.88,2024-07-14T19:35:17,5,RESPONSIVE
B008988,T01715,V0535,11192859.62,2024-07-19T06:25:57,6,RESPONSIVE
B008989,T01716,V0247,3525883.09,2026-01-22T21:23:13,1,RESPONSIVE
B008990,T01716,V0248,3544059.56,2026-01-26T22:01:38,2,RESPONSIVE
B008991,T01717,V0149,1273111.41,2025-05-23T12:46:39,1,RESPONSIVE
B008992,T01717,V0147,1311599.29,2025-05-28T06:16:27,2,RESPONSIVE
B008993,T01717,V0072,1334999.83,2025-05-25T00:50:38,3,RESPONSIVE
B008994,T01718,V0331,7231444.41,2025-11-04T00:58:47,1,RESPONSIVE
B008995,T01718,V0240,7768646.37,2025-10-18T16:56:23,2,RESPONSIVE
B008996,T01718,V0439,7909713.0,2025-11-19T05:22:11,3,RESPONSIVE
B008997,T01718,V0204,8131376.87,2025-11-08T13:12:06,4,RESPONSIVE
B008998,T01719,V0536,19086399.93,2025-09-10T22:59:29,1,RESPONSIVE
B008999,T01719,V0528,20796194.47,2025-08-23T19:09:14,2,RESPONSIVE
B009000,T01719,V0001,20810588.71,2025-08-24T12:10:59,3,RESPONSIVE
B009001,T01719,V0033,21556036.72,2025-08-21T06:23:41,4,RESPONSIVE
B009002,T01719,V0136,21847427.33,2025-09-04T23:13:02,5,RESPONSIVE
B009003,T01720,V0195,18869576.79,2025-02-19T14:51:28,1,RESPONSIVE
B009004,T01720,V0207,18999565.46,2025-02-20T15:59:20,2,RESPONSIVE
B009005,T01720,V0347,19234646.14,2025-02-18T12:49:11,3,RESPONSIVE
B009006,T01720,V0059,19271430.11,2025-01-29T15:45:58,4,NON_RESPONSIVE
B009007,T01720,V0276,19469072.63,2025-01-28T10:14:10,5,RESPONSIVE
B009008,T01720,V0352,20234920.24,2025-02-07T00:35:51,6,RESPONSIVE
B009009,T01720,V0270,20383154.02,2025-01-30T16:31:09,7,RESPONSIVE
B009010,T01720,V0201,20488944.58,2025-02-20T03:30:44,8,RESPONSIVE
B009011,T01720,V0374,20489270.42,2025-02-13T10:55:23,9,RESPONSIVE
B009012,T01721,V0413,50126284.06,2024-04-12T08:26:27,1,RESPONSIVE
B009013,T01721,V0288,58311975.86,2024-04-06T04:33:31,2,RESPONSIVE
B009014,T01722,V0391,19089539.21,2026-04-15T09:58:34,1,RESPONSIVE
B009015,T01722,V0034,20792762.29,2026-04-22T00:31:29,2,RESPONSIVE
B009016,T01722,V0485,21213136.05,2026-04-27T13:11:52,3,RESPONSIVE
B009017,T01722,V0060,22661023.36,2026-05-01T11:48:34,4,RESPONSIVE
B009018,T01723,V0319,3139449.73,2024-03-13T22:34:37,1,RESPONSIVE
B009019,T01723,V0002,3271762.37,2024-03-09T03:26:37,2,RESPONSIVE
B009020,T01723,V0322,3297506.89,2024-03-11T02:27:09,3,RESPONSIVE
B009021,T01723,V0093,3409165.29,2024-03-15T23:47:10,4,RESPONSIVE
B009022,T01723,V0546,3473601.83,2024-03-16T15:13:37,5,RESPONSIVE
B009023,T01724,V0388,2411903.15,2025-08-07T13:46:16,1,RESPONSIVE
B009024,T01724,V0082,2455137.34,2025-07-23T10:10:55,2,RESPONSIVE
B009025,T01724,V0195,2459811.91,2025-08-05T12:03:38,3,RESPONSIVE
B009026,T01724,V0327,2463278.36,2025-08-07T11:28:27,4,RESPONSIVE
B009027,T01724,V0073,2498620.56,2025-08-06T17:10:29,5,RESPONSIVE
B009028,T01724,V0244,2536966.24,2025-07-19T06:27:34,6,RESPONSIVE
B009029,T01724,V0092,2593149.09,2025-07-28T15:05:54,7,RESPONSIVE
B009030,T01724,V0211,2692395.56,2025-08-03T09:51:27,8,RESPONSIVE
B009031,T01725,V0319,61857519.35,2024-06-23T03:29:14,1,RESPONSIVE
B009032,T01725,V0270,63887069.76,2024-06-15T02:18:41,2,RESPONSIVE
B009033,T01726,V0528,2473860.86,2025-07-06T11:30:28,1,RESPONSIVE
B009034,T01726,V0331,2488207.91,2025-07-11T04:50:54,2,RESPONSIVE
B009035,T01726,V0505,2530339.53,2025-07-13T22:44:56,3,RESPONSIVE
B009036,T01726,V0355,2532077.83,2025-07-06T17:07:59,4,RESPONSIVE
B009037,T01726,V0141,2624866.61,2025-07-06T21:04:17,5,RESPONSIVE
B009038,T01726,V0096,2684254.05,2025-07-07T12:42:40,6,RESPONSIVE
B009039,T01726,V0264,2689479.59,2025-07-09T02:08:11,7,RESPONSIVE
B009040,T01726,V0351,2751020.77,2025-07-13T21:39:35,8,RESPONSIVE
B009041,T01727,V0217,23962995.79,2025-07-11T09:57:40,1,RESPONSIVE
B009042,T01727,V0189,24854624.05,2025-07-10T06:49:29,2,RESPONSIVE
B009043,T01727,V0294,25499659.3,2025-06-25T02:32:38,3,RESPONSIVE
B009044,T01727,V0263,25589457.78,2025-07-10T14:51:20,4,NON_RESPONSIVE
B009045,T01727,V0488,25877676.47,2025-06-27T11:35:14,5,RESPONSIVE
B009046,T01727,V0375,25902637.56,2025-07-06T01:00:03,6,NON_RESPONSIVE
B009047,T01727,V0380,26223209.49,2025-07-09T20:33:09,7,RESPONSIVE
B009048,T01727,V0275,26649117.3,2025-06-25T05:43:40,8,NON_RESPONSIVE
B009049,T01727,V0453,27400773.26,2025-06-24T01:15:41,9,RESPONSIVE
B009050,T01728,V0412,7298364.94,2024-10-20T03:27:22,1,RESPONSIVE
B009051,T01728,V0206,7367270.53,2024-10-01T09:35:53,2,RESPONSIVE
B009052,T01728,V0316,7863368.63,2024-10-10T17:34:02,3,RESPONSIVE
B009053,T01728,V0132,7887080.99,2024-10-12T09:21:06,4,RESPONSIVE
B009054,T01728,V0039,7930316.06,2024-10-01T21:57:57,5,RESPONSIVE
B009055,T01728,V0062,8123822.76,2024-10-03T10:04:30,6,RESPONSIVE
B009056,T01729,V0178,4030568.71,2024-07-22T10:38:45,1,RESPONSIVE
B009057,T01729,V0047,4113626.07,2024-08-08T16:18:17,2,RESPONSIVE
B009058,T01729,V0502,4215781.89,2024-08-25T21:36:30,3,RESPONSIVE
B009059,T01729,V0485,4267785.65,2024-07-21T16:38:45,4,RESPONSIVE
B009060,T01729,V0258,4273220.68,2024-08-16T00:51:08,5,RESPONSIVE
B009061,T01730,V0138,37815305.67,2026-08-10T14:51:29,1,RESPONSIVE
B009062,T01730,V0132,39871647.97,2026-08-21T16:03:43,2,RESPONSIVE
B009063,T01730,V0316,40128918.76,2026-08-17T21:21:59,3,RESPONSIVE
B009064,T01730,V0523,40274369.17,2026-08-29T05:02:36,4,RESPONSIVE
B009065,T01730,V0318,40736809.61,2026-08-30T11:57:25,5,RESPONSIVE
B009066,T01730,V0195,41839493.3,2026-08-14T12:42:21,6,RESPONSIVE
B009067,T01730,V0405,42518015.23,2026-08-08T07:14:38,7,RESPONSIVE
B009068,T01730,V0451,44360710.15,2026-08-28T11:40:35,8,RESPONSIVE
B009069,T01731,V0365,19699088.99,2024-03-19T02:41:51,1,RESPONSIVE
B009070,T01731,V0256,21366099.97,2024-03-17T14:26:16,2,RESPONSIVE
B009071,T01731,V0079,21898975.41,2024-03-28T21:30:15,3,RESPONSIVE
B009072,T01731,V0417,22548471.41,2024-03-15T13:44:38,4,NON_RESPONSIVE
B009073,T01731,V0424,22554313.4,2024-03-26T16:14:31,5,RESPONSIVE
B009074,T01731,V0013,22822156.98,2024-03-24T14:50:01,6,RESPONSIVE
B009075,T01731,V0199,24819400.36,2024-03-16T11:41:47,7,RESPONSIVE
B009076,T01732,V0137,4955788.61,2024-05-21T05:49:32,1,RESPONSIVE
B009077,T01732,V0385,5324330.78,2024-05-30T03:09:03,2,RESPONSIVE
B009078,T01732,V0542,5503618.67,2024-06-03T15:03:33,3,RESPONSIVE
B009079,T01732,V0094,5572147.67,2024-05-19T06:04:03,4,RESPONSIVE
B009080,T01732,V0346,5584353.5,2024-06-03T12:16:32,5,RESPONSIVE
B009081,T01733,V0373,2009812.55,2025-10-10T04:01:16,1,RESPONSIVE
B009082,T01733,V0212,2212429.78,2025-10-08T03:44:43,2,RESPONSIVE
B009083,T01733,V0484,2342509.79,2025-10-20T06:00:50,3,NON_RESPONSIVE
B009084,T01734,V0298,5009930.43,2025-03-20T11:56:20,1,RESPONSIVE
B009085,T01734,V0417,5011893.68,2025-03-19T09:52:23,2,RESPONSIVE
B009086,T01734,V0178,5342754.9,2025-03-23T14:23:22,3,RESPONSIVE
B009087,T01734,V0047,5419348.82,2025-03-18T08:44:37,4,RESPONSIVE
B009088,T01734,V0293,5569946.57,2025-03-18T17:42:39,5,RESPONSIVE
B009089,T01734,V0209,5580744.56,2025-03-12T06:02:21,6,RESPONSIVE
B009090,T01735,V0453,13320061.61,2026-02-13T07:10:24,1,RESPONSIVE
B009091,T01735,V0047,13408226.65,2026-02-13T05:24:13,2,RESPONSIVE
B009092,T01735,V0332,13477440.46,2026-01-27T10:57:16,3,RESPONSIVE
B009093,T01735,V0495,13539746.01,2026-01-29T22:09:03,4,RESPONSIVE
B009094,T01735,V0013,13711629.15,2026-02-14T00:51:55,5,RESPONSIVE
B009095,T01735,V0185,13811173.76,2026-01-31T09:49:01,6,RESPONSIVE
B009096,T01735,V0419,13962469.13,2026-02-06T06:16:17,7,NON_RESPONSIVE
B009097,T01735,V0360,14500601.26,2026-02-11T02:07:27,8,NON_RESPONSIVE
B009098,T01736,V0367,5291113.03,2025-11-26T03:48:19,1,RESPONSIVE
B009099,T01736,V0080,5410580.07,2025-11-24T21:39:30,2,RESPONSIVE
B009100,T01736,V0258,5420617.6,2025-11-12T08:49:10,3,RESPONSIVE
B009101,T01736,V0384,5492028.44,2025-11-26T19:05:35,4,RESPONSIVE
B009102,T01736,V0513,5564002.33,2025-11-02T05:36:36,5,RESPONSIVE
B009103,T01736,V0178,5586606.98,2025-11-01T02:05:05,6,RESPONSIVE
B009104,T01736,V0501,5662079.47,2025-11-09T18:13:21,7,RESPONSIVE
B009105,T01736,V0383,5737795.02,2025-11-14T03:07:50,8,RESPONSIVE
B009106,T01736,V0213,6023070.07,2025-11-24T06:01:22,9,RESPONSIVE
B009107,T01737,V0327,3767777.76,2024-07-13T13:04:27,1,RESPONSIVE
B009108,T01737,V0016,3865799.47,2024-07-08T19:01:14,2,RESPONSIVE
B009109,T01738,V0534,7586609.07,2024-06-07T16:06:25,1,RESPONSIVE
B009110,T01738,V0008,7865227.28,2024-06-18T21:24:44,2,RESPONSIVE
B009111,T01738,V0527,7893133.6,2024-06-10T16:27:02,3,RESPONSIVE
B009112,T01738,V0513,8178816.13,2024-06-10T21:17:54,4,NON_RESPONSIVE
B009113,T01738,V0266,8332619.38,2024-06-13T01:45:59,5,RESPONSIVE
B009114,T01738,V0456,8375385.07,2024-06-10T04:44:01,6,RESPONSIVE
B009115,T01739,V0503,10781422.59,2026-08-20T20:21:41,1,RESPONSIVE
B009116,T01739,V0010,10898232.34,2026-08-23T13:52:31,2,RESPONSIVE
B009117,T01739,V0407,11134038.88,2026-08-29T05:48:05,3,RESPONSIVE
B009118,T01739,V0144,11309750.7,2026-08-22T22:17:02,4,RESPONSIVE
B009119,T01739,V0266,11537551.09,2026-08-28T16:06:28,5,RESPONSIVE
B009120,T01740,V0119,6328076.92,2026-05-22T12:59:01,1,RESPONSIVE
B009121,T01740,V0431,6341416.34,2026-06-14T19:05:28,2,RESPONSIVE
B009122,T01740,V0049,6554342.75,2026-06-11T13:18:59,3,RESPONSIVE
B009123,T01740,V0499,6589202.18,2026-06-18T03:50:13,4,RESPONSIVE
B009124,T01740,V0498,6908759.44,2026-06-15T19:34:31,5,RESPONSIVE
B009125,T01741,V0205,39928166.82,2025-01-10T12:46:18,1,RESPONSIVE
B009126,T01741,V0437,45964561.99,2025-01-23T08:37:03,2,RESPONSIVE
B009127,T01742,V0437,2106122.65,2026-06-05T06:09:22,1,RESPONSIVE
B009128,T01742,V0220,2128976.71,2026-05-19T18:34:11,2,RESPONSIVE
B009129,T01742,V0400,2138194.53,2026-06-07T16:32:26,3,RESPONSIVE
B009130,T01742,V0225,2173589.91,2026-05-26T02:39:14,4,RESPONSIVE
B009131,T01742,V0100,2174959.72,2026-06-04T19:38:33,5,RESPONSIVE
B009132,T01742,V0125,2190191.15,2026-05-31T20:05:29,6,RESPONSIVE
B009133,T01742,V0478,2356608.43,2026-05-23T02:30:39,7,RESPONSIVE
B009134,T01743,V0148,23444080.71,2026-05-19T15:10:03,1,RESPONSIVE
B009135,T01743,V0058,23845097.11,2026-05-02T19:56:55,2,RESPONSIVE
B009136,T01743,V0033,24591797.96,2026-05-20T05:03:45,3,RESPONSIVE
B009137,T01743,V0243,24657679.89,2026-05-18T09:40:58,4,RESPONSIVE
B009138,T01744,V0066,2814389.61,2024-06-07T18:06:30,1,RESPONSIVE
B009139,T01744,V0301,2880450.44,2024-05-21T20:37:05,2,RESPONSIVE
B009140,T01744,V0364,2934761.14,2024-05-18T11:28:08,3,RESPONSIVE
B009141,T01744,V0292,2967945.08,2024-05-19T02:18:49,4,RESPONSIVE
B009142,T01744,V0244,2977544.14,2024-05-20T01:58:00,5,RESPONSIVE
B009143,T01744,V0007,3054323.43,2024-06-06T16:28:54,6,RESPONSIVE
B009144,T01744,V0203,3183523.32,2024-05-27T22:19:00,7,RESPONSIVE
B009145,T01744,V0319,3222633.92,2024-05-27T21:20:09,8,RESPONSIVE
B009146,T01744,V0073,3225533.53,2024-06-03T04:49:33,9,RESPONSIVE
B009147,T01745,V0317,3982123.09,2025-05-27T22:35:38,1,RESPONSIVE
B009148,T01745,V0065,4192233.0,2025-05-20T07:11:24,2,RESPONSIVE
B009149,T01746,V0007,2783385.48,2025-04-07T23:36:06,1,RESPONSIVE
B009150,T01746,V0151,3031701.73,2025-04-04T19:22:00,2,RESPONSIVE
B009151,T01746,V0082,3065776.87,2025-04-02T04:43:46,3,RESPONSIVE
B009152,T01746,V0310,3116883.06,2025-04-05T00:52:37,4,RESPONSIVE
B009153,T01747,V0132,60739422.85,2025-03-10T17:00:10,1,RESPONSIVE
B009154,T01747,V0322,65902320.89,2025-03-21T22:13:01,2,RESPONSIVE
B009155,T01747,V0039,67594251.46,2025-04-06T00:08:36,3,RESPONSIVE
B009156,T01747,V0362,68256767.09,2025-03-22T21:24:10,4,RESPONSIVE
B009157,T01748,V0270,8725300.91,2025-12-04T10:29:09,1,RESPONSIVE
B009158,T01748,V0274,9084794.53,2025-12-03T06:54:07,2,RESPONSIVE
B009159,T01748,V0038,9226294.92,2025-12-07T08:35:34,3,RESPONSIVE
B009160,T01748,V0093,9402680.9,2025-12-13T22:08:01,4,RESPONSIVE
B009161,T01749,V0258,49296474.94,2025-11-10T17:27:18,1,RESPONSIVE
B009162,T01749,V0086,49700873.8,2025-11-11T00:00:31,2,RESPONSIVE
B009163,T01749,V0035,51407414.77,2025-10-24T05:26:51,3,RESPONSIVE
B009164,T01749,V0482,52867623.86,2025-11-09T17:54:41,4,RESPONSIVE
B009165,T01749,V0344,54259628.64,2025-11-04T20:04:57,5,NON_RESPONSIVE
B009166,T01750,V0166,5044477.03,2024-06-06T04:23:56,1,RESPONSIVE
B009167,T01750,V0474,5254068.66,2024-05-25T14:33:46,2,RESPONSIVE
B009168,T01750,V0414,5257963.76,2024-05-25T03:58:52,3,RESPONSIVE
B009169,T01750,V0254,5471952.2,2024-06-10T09:33:39,4,RESPONSIVE
B009170,T01750,V0288,5512946.12,2024-05-30T01:57:17,5,RESPONSIVE
B009171,T01750,V0209,5669646.31,2024-05-26T14:27:13,6,RESPONSIVE
B009172,T01750,V0014,5802689.59,2024-05-26T01:27:26,7,RESPONSIVE
B009173,T01751,V0158,9074924.48,2024-01-24T05:58:52,1,RESPONSIVE
B009174,T01751,V0419,9208577.93,2024-01-26T10:55:08,2,RESPONSIVE
B009175,T01752,V0182,14522238.22,2025-04-25T07:17:57,1,RESPONSIVE
B009176,T01752,V0547,14624287.04,2025-04-27T11:24:33,2,RESPONSIVE
B009177,T01752,V0332,14816622.15,2025-05-10T08:43:43,3,RESPONSIVE
B009178,T01752,V0054,15042557.04,2025-05-09T09:51:59,4,RESPONSIVE
B009179,T01752,V0172,15205218.41,2025-04-18T18:45:43,5,RESPONSIVE
B009180,T01752,V0544,15568282.23,2025-05-03T07:45:06,6,RESPONSIVE
B009181,T01752,V0114,15652511.2,2025-04-21T09:14:20,7,RESPONSIVE
B009182,T01752,V0525,15783704.59,2025-04-24T04:10:41,8,RESPONSIVE
B009183,T01752,V0246,15931001.15,2025-05-02T11:08:42,9,RESPONSIVE
B009184,T01753,V0029,47459145.52,2026-04-01T20:14:12,1,RESPONSIVE
B009185,T01753,V0365,48021436.4,2026-04-05T17:30:44,2,RESPONSIVE
B009186,T01753,V0302,49204113.81,2026-04-05T23:17:37,3,RESPONSIVE
B009187,T01753,V0098,49504220.39,2026-04-01T07:05:29,4,RESPONSIVE
B009188,T01753,V0451,49652680.8,2026-03-23T18:28:12,5,RESPONSIVE
B009189,T01753,V0403,49912839.36,2026-04-09T08:42:07,6,RESPONSIVE
B009190,T01754,V0119,5538452.29,2024-04-30T07:21:18,1,RESPONSIVE
B009191,T01754,V0184,5823339.38,2024-04-24T15:44:20,2,RESPONSIVE
B009192,T01754,V0295,5852857.35,2024-04-30T00:35:49,3,RESPONSIVE
B009193,T01754,V0041,6136950.67,2024-04-18T09:31:39,4,RESPONSIVE
B009194,T01755,V0344,3922653.96,2024-12-25T17:01:03,1,RESPONSIVE
B009195,T01755,V0423,4035058.8,2025-01-27T03:57:13,2,RESPONSIVE
B009196,T01755,V0031,4085348.19,2024-12-28T17:55:22,3,RESPONSIVE
B009197,T01755,V0070,4113107.66,2025-01-05T13:47:52,4,RESPONSIVE
B009198,T01755,V0181,4211055.94,2025-01-02T14:08:48,5,RESPONSIVE
B009199,T01756,V0061,16635689.02,2024-05-13T06:57:30,1,RESPONSIVE
B009200,T01756,V0033,16791637.77,2024-04-08T03:01:07,2,RESPONSIVE
B009201,T01756,V0232,16829512.2,2024-04-07T13:45:01,3,RESPONSIVE
B009202,T01756,V0382,17072127.1,2024-04-22T04:31:19,4,RESPONSIVE
B009203,T01756,V0264,17077517.28,2024-04-16T03:59:28,5,RESPONSIVE
B009204,T01756,V0543,17145614.47,2024-04-25T18:30:34,6,RESPONSIVE
B009205,T01756,V0148,17816361.44,2024-04-28T19:14:16,7,RESPONSIVE
B009206,T01756,V0329,17898091.14,2024-05-05T23:50:36,8,RESPONSIVE
B009207,T01757,V0307,2857413.27,2025-06-08T08:18:31,1,NON_RESPONSIVE
B009208,T01757,V0277,2989906.99,2025-06-12T19:21:51,2,RESPONSIVE
B009209,T01757,V0144,3015182.03,2025-06-01T14:09:28,3,RESPONSIVE
B009210,T01757,V0026,3021706.89,2025-06-06T05:39:02,4,RESPONSIVE
B009211,T01757,V0119,3033576.89,2025-06-10T19:57:20,5,NON_RESPONSIVE
B009212,T01757,V0050,3070678.93,2025-06-12T16:06:57,6,RESPONSIVE
B009213,T01757,V0025,3105254.31,2025-06-06T01:40:23,7,RESPONSIVE
B009214,T01757,V0407,3110026.33,2025-06-01T05:07:40,8,RESPONSIVE
B009215,T01757,V0355,3156700.84,2025-06-12T12:23:24,9,RESPONSIVE
B009216,T01758,V0329,1270105.44,2024-11-15T08:54:35,1,RESPONSIVE
B009217,T01758,V0020,1353559.94,2024-11-11T07:57:01,2,RESPONSIVE
B009218,T01758,V0168,1366187.53,2024-11-08T09:26:57,3,RESPONSIVE
B009219,T01758,V0061,1372234.84,2024-11-14T16:08:08,4,RESPONSIVE
B009220,T01759,V0112,15849716.7,2026-02-17T15:32:50,1,RESPONSIVE
B009221,T01759,V0245,16026968.46,2026-03-18T02:14:08,2,RESPONSIVE
B009222,T01760,V0468,14221721.03,2025-02-28T00:00:17,1,RESPONSIVE
B009223,T01760,V0103,14234684.26,2025-02-22T17:53:12,2,RESPONSIVE
B009224,T01760,V0292,14483622.27,2025-03-09T00:52:31,3,RESPONSIVE
B009225,T01760,V0198,14798439.31,2025-02-23T14:56:42,4,RESPONSIVE
B009226,T01760,V0123,14799769.45,2025-02-24T20:32:46,5,RESPONSIVE
B009227,T01761,V0259,2278387.27,2026-07-09T07:46:11,1,RESPONSIVE
B009228,T01761,V0129,2319068.44,2026-07-03T07:03:48,2,RESPONSIVE
B009229,T01761,V0519,2375327.38,2026-07-01T06:40:19,3,RESPONSIVE
B009230,T01761,V0454,2395679.31,2026-07-20T07:29:02,4,RESPONSIVE
B009231,T01761,V0258,2414186.08,2026-07-06T20:26:34,5,RESPONSIVE
B009232,T01761,V0302,2417409.36,2026-07-12T19:51:14,6,RESPONSIVE
B009233,T01761,V0013,2417778.14,2026-07-09T17:27:28,7,RESPONSIVE
B009234,T01761,V0512,2458949.65,2026-06-26T18:41:38,8,RESPONSIVE
B009235,T01761,V0047,2483611.32,2026-07-08T08:40:04,9,RESPONSIVE
B009236,T01762,V0230,10888943.8,2026-01-16T21:10:42,1,RESPONSIVE
B009237,T01762,V0326,11743149.44,2026-01-16T16:31:24,2,RESPONSIVE
B009238,T01763,V0431,13711539.2,2024-12-11T10:10:40,1,RESPONSIVE
B009239,T01763,V0439,14369696.97,2024-12-02T03:39:39,2,RESPONSIVE
B009240,T01764,V0031,945419.34,2025-11-04T17:09:45,1,RESPONSIVE
B009241,T01764,V0502,1054275.04,2025-10-24T14:40:08,2,RESPONSIVE
B009242,T01764,V0214,1060632.76,2025-10-22T13:15:44,3,RESPONSIVE
B009243,T01765,V0114,10214882.11,2024-01-30T23:24:29,1,RESPONSIVE
B009244,T01765,V0418,10308859.08,2024-02-06T14:29:33,2,RESPONSIVE
B009245,T01765,V0531,10673727.73,2024-01-26T10:18:10,3,RESPONSIVE
B009246,T01765,V0410,10950222.65,2024-02-04T01:15:29,4,RESPONSIVE
B009247,T01765,V0187,11001685.92,2024-01-27T00:45:38,5,RESPONSIVE
B009248,T01766,V0424,2553295.55,2025-01-21T23:35:48,1,RESPONSIVE
B009249,T01766,V0019,2583744.6,2025-01-21T16:50:46,2,RESPONSIVE
B009250,T01766,V0340,2622310.14,2025-01-22T10:56:19,3,RESPONSIVE
B009251,T01766,V0088,2652981.46,2025-01-20T08:05:18,4,RESPONSIVE
B009252,T01766,V0530,2696137.23,2025-01-20T21:44:07,5,RESPONSIVE
B009253,T01766,V0294,2717651.63,2025-01-22T02:07:31,6,RESPONSIVE
B009254,T01767,V0538,3485137.97,2024-03-26T12:07:09,1,RESPONSIVE
B009255,T01767,V0164,3549604.31,2024-03-13T03:39:01,2,RESPONSIVE
B009256,T01767,V0072,3579316.69,2024-03-19T10:40:55,3,RESPONSIVE
B009257,T01767,V0012,3635079.29,2024-03-30T01:10:57,4,RESPONSIVE
B009258,T01767,V0083,3687721.72,2024-03-21T16:08:31,5,RESPONSIVE
B009259,T01767,V0409,3915040.98,2024-03-17T15:19:08,6,RESPONSIVE
B009260,T01767,V0022,3955938.8,2024-03-28T17:41:53,7,RESPONSIVE
B009261,T01768,V0379,1011443.02,2026-06-25T19:32:20,1,RESPONSIVE
B009262,T01768,V0082,1086190.15,2026-07-03T00:18:57,2,RESPONSIVE
B009263,T01769,V0182,230504012.77,2025-12-07T03:52:01,1,RESPONSIVE
B009264,T01769,V0114,236711432.95,2025-12-07T12:32:15,2,RESPONSIVE
B009265,T01769,V0143,238970169.58,2025-12-20T05:41:08,3,RESPONSIVE
B009266,T01769,V0172,258307200.87,2025-12-23T12:10:40,4,RESPONSIVE
B009267,T01770,V0465,3519877.64,2024-05-06T07:37:10,1,RESPONSIVE
B009268,T01770,V0479,3602116.42,2024-05-04T20:40:35,2,RESPONSIVE
B009269,T01771,V0476,37265741.23,2024-07-01T18:18:51,1,RESPONSIVE
B009270,T01771,V0300,37804486.84,2024-07-09T03:39:59,2,RESPONSIVE
B009271,T01771,V0399,41033440.61,2024-06-25T21:46:19,3,RESPONSIVE
B009272,T01772,V0025,7543086.13,2025-11-02T07:18:04,1,RESPONSIVE
B009273,T01772,V0383,7578957.0,2025-10-27T14:45:38,2,RESPONSIVE
B009274,T01772,V0233,7725801.13,2025-11-16T14:28:29,3,RESPONSIVE
B009275,T01772,V0513,7908170.57,2025-11-04T01:41:41,4,RESPONSIVE
B009276,T01772,V0214,8030142.5,2025-11-08T23:39:19,5,RESPONSIVE
B009277,T01772,V0494,8355831.92,2025-10-24T05:54:41,6,RESPONSIVE
B009278,T01772,V0031,8599111.14,2025-11-10T09:54:35,7,NON_RESPONSIVE
B009279,T01773,V0011,1642024.18,2024-12-13T02:35:00,1,RESPONSIVE
B009280,T01773,V0113,1675147.71,2024-12-19T17:58:28,2,RESPONSIVE
B009281,T01774,V0161,6212601.66,2024-02-28T02:31:45,1,RESPONSIVE
B009282,T01774,V0404,6507991.12,2024-02-25T15:16:41,2,RESPONSIVE
B009283,T01774,V0335,6668898.34,2024-03-12T15:36:24,3,RESPONSIVE
B009284,T01774,V0377,6822608.05,2024-03-11T22:24:37,4,RESPONSIVE
B009285,T01774,V0221,6825977.83,2024-03-13T08:20:22,5,RESPONSIVE
B009286,T01774,V0458,6966252.13,2024-02-28T19:30:59,6,RESPONSIVE
B009287,T01774,V0360,7022831.92,2024-03-06T11:20:48,7,RESPONSIVE
B009288,T01774,V0003,7062680.05,2024-03-10T16:06:48,8,RESPONSIVE
B009289,T01774,V0005,7145839.36,2024-03-17T20:37:59,9,RESPONSIVE
B009290,T01775,V0072,10879156.23,2025-06-12T16:30:41,1,RESPONSIVE
B009291,T01775,V0012,11833642.4,2025-06-05T18:03:20,2,RESPONSIVE
B009292,T01776,V0118,45102846.09,2025-08-04T16:31:08,1,RESPONSIVE
B009293,T01776,V0484,53477154.11,2025-07-28T02:52:04,2,RESPONSIVE
B009294,T01777,V0445,25906921.62,2025-03-21T07:22:57,1,RESPONSIVE
B009295,T01777,V0359,27995470.78,2025-03-21T08:57:28,2,RESPONSIVE
B009296,T01777,V0346,28386956.32,2025-03-27T19:08:18,3,RESPONSIVE
B009297,T01777,V0159,30147503.67,2025-04-10T02:10:16,4,RESPONSIVE
B009298,T01777,V0478,30158408.84,2025-03-17T04:05:02,5,RESPONSIVE
B009299,T01778,V0219,25507003.48,2024-04-17T19:43:22,1,RESPONSIVE
B009300,T01778,V0330,26425393.31,2024-04-29T20:49:54,2,RESPONSIVE
B009301,T01778,V0097,26932753.92,2024-04-24T06:11:19,3,RESPONSIVE
B009302,T01778,V0195,26934573.28,2024-04-25T05:57:49,4,RESPONSIVE
B009303,T01778,V0062,27023662.07,2024-04-24T00:51:29,5,NON_RESPONSIVE
B009304,T01778,V0016,27159538.18,2024-04-04T23:31:56,6,RESPONSIVE
B009305,T01778,V0063,27390488.95,2024-04-07T00:48:17,7,RESPONSIVE
B009306,T01778,V0298,27775136.32,2024-04-23T05:18:26,8,RESPONSIVE
B009307,T01778,V0007,28282414.45,2024-04-21T22:37:33,9,RESPONSIVE
B009308,T01778,V0284,28895050.41,2024-04-28T09:06:42,10,RESPONSIVE
B009309,T01779,V0127,62262643.97,2026-08-17T05:05:40,1,RESPONSIVE
B009310,T01779,V0244,64911822.79,2026-08-08T17:22:23,2,RESPONSIVE
B009311,T01779,V0288,65834659.96,2026-08-10T19:00:52,3,RESPONSIVE
B009312,T01779,V0379,66071034.67,2026-07-30T09:00:34,4,RESPONSIVE
B009313,T01779,V0362,66440434.15,2026-08-11T17:30:18,5,RESPONSIVE
B009314,T01779,V0219,67462542.71,2026-08-02T22:29:17,6,RESPONSIVE
B009315,T01779,V0270,68386091.24,2026-08-02T20:04:57,7,RESPONSIVE
B009316,T01780,V0172,18985054.67,2025-01-08T11:16:38,1,RESPONSIVE
B009317,T01780,V0346,19244194.6,2024-12-31T18:04:57,2,RESPONSIVE
B009318,T01781,V0289,5615102.63,2025-06-11T23:47:21,1,RESPONSIVE
B009319,T01781,V0542,5669499.54,2025-06-23T03:17:23,2,RESPONSIVE
B009320,T01781,V0009,5797830.26,2025-06-15T15:58:55,3,RESPONSIVE
B009321,T01781,V0357,5880004.8,2025-06-11T22:05:06,4,NON_RESPONSIVE
B009322,T01781,V0167,6333126.16,2025-06-14T16:25:49,5,RESPONSIVE
B009323,T01782,V0060,13286413.46,2026-03-05T01:50:56,1,RESPONSIVE
B009324,T01782,V0059,13859872.38,2026-02-26T16:27:42,2,RESPONSIVE
B009325,T01782,V0394,13934197.47,2026-03-13T23:50:13,3,RESPONSIVE
B009326,T01782,V0337,13994459.24,2026-03-10T22:47:31,4,RESPONSIVE
B009327,T01782,V0361,14780196.62,2026-02-26T16:31:30,5,RESPONSIVE
B009328,T01783,V0162,4291663.91,2024-03-16T21:07:49,1,RESPONSIVE
B009329,T01783,V0178,4372301.04,2024-03-27T15:48:46,2,RESPONSIVE
B009330,T01783,V0495,4641539.95,2024-03-14T10:25:16,3,RESPONSIVE
B009331,T01783,V0338,4699719.79,2024-03-19T04:42:37,4,NON_RESPONSIVE
B009332,T01783,V0174,4755417.43,2024-03-28T20:27:32,5,RESPONSIVE
B009333,T01783,V0384,4788260.68,2024-03-21T12:43:26,6,NON_RESPONSIVE
B009334,T01783,V0424,4822779.35,2024-03-21T06:14:55,7,RESPONSIVE
B009335,T01784,V0270,51099241.93,2025-08-11T11:06:46,1,RESPONSIVE
B009336,T01784,V0209,55229190.93,2025-08-02T17:23:39,2,RESPONSIVE
B009337,T01785,V0418,35091446.44,2024-04-27T09:16:43,1,RESPONSIVE
B009338,T01785,V0470,35382677.09,2024-04-26T15:36:10,2,RESPONSIVE
B009339,T01785,V0088,35411628.77,2024-04-28T08:56:55,3,RESPONSIVE
B009340,T01785,V0126,37717104.16,2024-04-30T04:29:22,4,NON_RESPONSIVE
B009341,T01786,V0026,11138657.28,2024-06-01T19:02:58,1,RESPONSIVE
B009342,T01786,V0355,11678975.61,2024-06-16T21:10:41,2,RESPONSIVE
B009343,T01787,V0419,4502683.74,2026-05-26T16:22:45,1,RESPONSIVE
B009344,T01787,V0433,4646438.66,2026-05-19T01:06:59,2,RESPONSIVE
B009345,T01787,V0537,4898442.19,2026-05-26T08:18:56,3,RESPONSIVE
B009346,T01787,V0360,5519814.65,2026-05-17T21:52:46,4,RESPONSIVE
B009347,T01788,V0494,9810397.54,2024-08-19T14:43:43,1,NON_RESPONSIVE
B009348,T01788,V0423,10091680.31,2024-08-04T17:41:59,2,RESPONSIVE
B009349,T01789,V0195,955670.11,2024-09-02T13:02:55,1,NON_RESPONSIVE
B009350,T01789,V0082,961706.09,2024-08-21T16:34:56,2,RESPONSIVE
B009351,T01789,V0301,1003172.22,2024-08-29T09:16:39,3,RESPONSIVE
B009352,T01789,V0002,1011112.95,2024-08-24T12:30:54,4,RESPONSIVE
B009353,T01789,V0274,1024694.8,2024-08-28T14:02:43,5,RESPONSIVE
B009354,T01790,V0047,17007163.78,2026-02-06T22:05:52,1,RESPONSIVE
B009355,T01790,V0071,17299418.95,2026-03-02T02:18:34,2,RESPONSIVE
B009356,T01791,V0289,5564831.89,2026-06-14T13:27:34,1,RESPONSIVE
B009357,T01791,V0520,5793959.4,2026-05-27T05:59:04,2,RESPONSIVE
B009358,T01791,V0133,5797902.32,2026-06-10T23:37:42,3,RESPONSIVE
B009359,T01791,V0128,6066223.79,2026-05-15T20:30:59,4,RESPONSIVE
B009360,T01791,V0118,6177328.14,2026-05-30T07:01:44,5,RESPONSIVE
B009361,T01791,V0386,6392332.07,2026-06-06T18:45:40,6,RESPONSIVE
B009362,T01791,V0399,6419673.2,2026-05-29T22:28:05,7,RESPONSIVE
B009363,T01791,V0368,6462296.57,2026-05-13T19:40:10,8,RESPONSIVE
B009364,T01791,V0372,6570036.85,2026-05-26T04:09:42,9,RESPONSIVE
B009365,T01792,V0413,5708637.93,2025-03-19T13:36:47,1,RESPONSIVE
B009366,T01792,V0379,5805114.28,2025-03-09T06:57:22,2,RESPONSIVE
B009367,T01793,V0193,28918655.59,2024-11-14T03:15:57,1,RESPONSIVE
B009368,T01793,V0194,29338942.85,2024-11-12T10:16:15,2,RESPONSIVE
B009369,T01793,V0387,29488828.5,2024-11-16T17:52:50,3,RESPONSIVE
B009370,T01793,V0153,29951702.77,2024-11-10T22:01:50,4,RESPONSIVE
B009371,T01793,V0358,29970607.84,2024-11-22T12:19:49,5,NON_RESPONSIVE
B009372,T01793,V0487,30650191.7,2024-11-20T17:44:26,6,RESPONSIVE
B009373,T01793,V0531,30726719.14,2024-11-17T17:30:41,7,RESPONSIVE
B009374,T01793,V0385,31779160.41,2024-11-16T00:53:54,8,RESPONSIVE
B009375,T01793,V0359,31815513.51,2024-11-13T01:27:29,9,NON_RESPONSIVE
B009376,T01794,V0230,6149592.76,2026-03-30T00:28:07,1,RESPONSIVE
B009377,T01794,V0275,6291474.95,2026-04-15T16:09:54,2,RESPONSIVE
B009378,T01795,V0222,2672784.6,2026-05-25T11:00:39,1,RESPONSIVE
B009379,T01795,V0160,2985616.37,2026-05-29T12:07:00,2,RESPONSIVE
B009380,T01796,V0025,2554421.48,2026-04-19T09:18:09,1,RESPONSIVE
B009381,T01796,V0277,2566963.35,2026-04-10T03:20:27,2,RESPONSIVE
B009382,T01796,V0307,2609638.01,2026-04-08T04:04:12,3,RESPONSIVE
B009383,T01796,V0481,2615503.75,2026-04-14T07:28:01,4,RESPONSIVE
B009384,T01796,V0407,2635575.33,2026-04-08T04:00:12,5,RESPONSIVE
B009385,T01796,V0295,2651143.65,2026-04-07T09:48:57,6,RESPONSIVE
B009386,T01796,V0144,2651859.11,2026-04-10T00:58:26,7,RESPONSIVE
B009387,T01796,V0020,2706011.68,2026-04-03T16:06:38,8,RESPONSIVE
B009388,T01796,V0026,2722466.07,2026-04-20T21:14:58,9,RESPONSIVE
B009389,T01797,V0052,9742238.17,2025-07-09T01:03:36,1,RESPONSIVE
B009390,T01797,V0094,10519438.47,2025-07-14T09:05:48,2,RESPONSIVE
B009391,T01797,V0435,10661948.56,2025-07-11T19:09:36,3,RESPONSIVE
B009392,T01797,V0006,11082707.4,2025-07-05T00:48:21,4,NON_RESPONSIVE
B009393,T01797,V0389,11102326.42,2025-06-28T17:48:38,5,RESPONSIVE
B009394,T01797,V0224,11418426.17,2025-07-08T15:21:17,6,RESPONSIVE
B009395,T01797,V0225,11494876.33,2025-07-18T19:29:10,7,RESPONSIVE
B009396,T01797,V0526,12015202.21,2025-07-15T12:58:22,8,RESPONSIVE
B009397,T01798,V0301,13687841.74,2026-02-07T22:33:47,1,RESPONSIVE
B009398,T01798,V0504,13962002.9,2026-02-19T20:12:21,2,RESPONSIVE
B009399,T01799,V0093,695252.17,2025-02-06T12:53:29,1,RESPONSIVE
B009400,T01799,V0278,717409.4,2025-02-15T16:06:45,2,RESPONSIVE
B009401,T01799,V0038,722219.4,2025-02-19T00:18:56,3,RESPONSIVE
B009402,T01799,V0242,723734.98,2025-02-19T04:41:19,4,RESPONSIVE
B009403,T01799,V0364,731096.14,2025-02-17T20:43:23,5,RESPONSIVE
B009404,T01799,V0015,753840.78,2025-02-11T20:04:10,6,RESPONSIVE
B009405,T01800,V0403,13551201.38,2024-07-01T18:09:50,1,RESPONSIVE
B009406,T01800,V0087,13627900.56,2024-07-05T13:43:00,2,RESPONSIVE
B009407,T01800,V0085,13802371.77,2024-06-23T22:18:20,3,RESPONSIVE
B009408,T01800,V0384,13921632.97,2024-06-24T06:50:22,4,RESPONSIVE
B009409,T01800,V0514,14065507.79,2024-06-30T05:01:13,5,NON_RESPONSIVE
B009410,T01800,V0010,14249610.37,2024-06-13T11:34:39,6,RESPONSIVE
B009411,T01800,V0215,14302876.19,2024-06-27T22:46:23,7,RESPONSIVE
B009412,T01800,V0266,14339461.09,2024-06-11T02:49:18,8,RESPONSIVE
B009413,T01800,V0008,14383399.28,2024-07-10T12:25:05,9,RESPONSIVE
B009414,T01801,V0215,14856093.7,2024-01-31T04:33:50,1,RESPONSIVE
B009415,T01801,V0291,14965042.05,2024-01-29T20:39:14,2,RESPONSIVE
B009416,T01801,V0086,15093748.58,2024-01-27T11:51:19,3,RESPONSIVE
B009417,T01801,V0010,16280093.73,2024-01-30T22:32:25,4,RESPONSIVE
B009418,T01802,V0149,7680282.68,2025-09-01T08:07:18,1,RESPONSIVE
B009419,T01802,V0090,7923029.41,2025-09-03T08:43:40,2,RESPONSIVE
B009420,T01802,V0505,7944743.02,2025-08-31T03:37:18,3,RESPONSIVE
B009421,T01802,V0307,8070901.42,2025-08-31T10:17:11,4,RESPONSIVE
B009422,T01802,V0439,8125085.08,2025-09-07T02:00:44,5,RESPONSIVE
B009423,T01802,V0341,8307922.96,2025-08-26T09:03:48,6,RESPONSIVE
B009424,T01802,V0538,8345594.41,2025-08-25T20:41:24,7,RESPONSIVE
B009425,T01803,V0034,12007830.27,2025-11-12T16:23:49,1,RESPONSIVE
B009426,T01803,V0263,12187121.51,2025-11-14T02:03:08,2,RESPONSIVE
B009427,T01803,V0363,12313337.84,2025-11-17T16:03:07,3,RESPONSIVE
B009428,T01803,V0433,12345145.76,2025-10-30T12:15:45,4,RESPONSIVE
B009429,T01803,V0251,12986653.22,2025-11-17T19:47:26,5,RESPONSIVE
B009430,T01803,V0294,13072866.15,2025-11-17T20:10:38,6,RESPONSIVE
B009431,T01803,V0282,13104445.48,2025-11-13T07:05:17,7,RESPONSIVE
B009432,T01803,V0489,13410837.11,2025-11-14T15:20:29,8,RESPONSIVE
B009433,T01804,V0373,7841076.07,2024-05-06T09:17:02,1,RESPONSIVE
B009434,T01804,V0039,7924780.93,2024-04-19T08:04:37,2,RESPONSIVE
B009435,T01804,V0304,7988299.09,2024-04-22T12:57:23,3,RESPONSIVE
B009436,T01804,V0394,8106060.18,2024-04-27T13:20:48,4,RESPONSIVE
B009437,T01804,V0065,8329460.77,2024-04-28T12:39:52,5,RESPONSIVE
B009438,T01804,V0121,8511273.01,2024-04-28T03:32:57,6,RESPONSIVE
B009439,T01805,V0289,22476558.07,2024-07-02T19:48:58,1,RESPONSIVE
B009440,T01805,V0078,22965170.26,2024-07-02T11:18:29,2,RESPONSIVE
B009441,T01805,V0340,23412063.12,2024-06-24T13:57:32,3,RESPONSIVE
B009442,T01806,V0502,11335033.92,2024-05-10T10:47:48,1,RESPONSIVE
B009443,T01806,V0497,11578659.03,2024-05-13T14:22:58,2,RESPONSIVE
B009444,T01806,V0231,12229092.93,2024-04-24T05:35:00,3,RESPONSIVE
B009445,T01807,V0162,5534286.85,2025-07-29T21:47:17,1,RESPONSIVE
B009446,T01807,V0188,5735338.95,2025-07-29T13:09:00,2,RESPONSIVE
B009447,T01807,V0080,5793560.44,2025-08-06T13:09:24,3,RESPONSIVE
B009448,T01807,V0275,5880211.41,2025-07-24T19:24:17,4,RESPONSIVE
B009449,T01807,V0509,5995198.33,2025-07-27T11:51:35,5,RESPONSIVE
B009450,T01807,V0064,6127354.82,2025-07-28T12:56:47,6,RESPONSIVE
B009451,T01808,V0425,3279144.57,2025-09-22T00:44:09,1,RESPONSIVE
B009452,T01808,V0328,3288865.34,2025-10-05T14:29:48,2,RESPONSIVE
B009453,T01808,V0380,3356205.31,2025-10-03T16:43:54,3,RESPONSIVE
B009454,T01808,V0373,3412125.08,2025-10-07T04:57:25,4,NON_RESPONSIVE
B009455,T01808,V0303,3553434.03,2025-10-01T20:19:46,5,RESPONSIVE
B009456,T01809,V0013,4927732.8,2024-07-03T07:05:55,1,RESPONSIVE
B009457,T01809,V0411,5082628.54,2024-06-25T21:21:10,2,RESPONSIVE
B009458,T01810,V0317,5515207.26,2025-09-30T20:31:00,1,RESPONSIVE
B009459,T01810,V0174,5562425.8,2025-09-25T16:40:03,2,RESPONSIVE
B009460,T01810,V0405,5568785.72,2025-10-18T14:40:18,3,RESPONSIVE
B009461,T01810,V0344,5574767.97,2025-10-16T03:05:30,4,RESPONSIVE
B009462,T01810,V0027,5652248.72,2025-10-16T15:56:52,5,RESPONSIVE
B009463,T01810,V0129,5691138.56,2025-10-03T22:59:12,6,RESPONSIVE
B009464,T01810,V0259,5711544.0,2025-09-19T04:00:11,7,RESPONSIVE
B009465,T01810,V0034,5789487.06,2025-10-04T20:30:44,8,RESPONSIVE
B009466,T01810,V0451,6032973.02,2025-10-16T00:35:34,9,RESPONSIVE
B009467,T01811,V0127,3146759.42,2025-07-01T06:58:51,1,RESPONSIVE
B009468,T01811,V0123,3209021.39,2025-07-06T09:16:32,2,RESPONSIVE
B009469,T01811,V0093,3374180.16,2025-07-19T21:49:09,3,NON_RESPONSIVE
B009470,T01811,V0254,3424708.07,2025-07-05T22:41:49,4,RESPONSIVE
B009471,T01811,V0014,3560688.61,2025-07-19T19:55:05,5,RESPONSIVE
B009472,T01812,V0202,11316418.77,2026-07-06T20:48:05,1,RESPONSIVE
B009473,T01812,V0136,11609243.87,2026-06-10T01:57:38,2,RESPONSIVE
B009474,T01812,V0406,11664153.68,2026-06-20T06:22:11,3,RESPONSIVE
B009475,T01812,V0408,11998407.28,2026-06-12T18:00:29,4,RESPONSIVE
B009476,T01813,V0256,6069804.32,2024-12-28T11:57:46,1,RESPONSIVE
B009477,T01813,V0396,6117729.83,2025-01-05T02:21:01,2,RESPONSIVE
B009478,T01814,V0208,7809587.02,2025-12-23T02:07:05,1,RESPONSIVE
B009479,T01814,V0047,7843251.36,2025-12-23T05:45:39,2,RESPONSIVE
B009480,T01814,V0079,8303591.16,2025-12-20T22:36:51,3,RESPONSIVE
B009481,T01814,V0321,8329722.57,2025-12-20T16:00:07,4,RESPONSIVE
B009482,T01814,V0258,8377418.05,2025-12-21T14:27:34,5,RESPONSIVE
B009483,T01815,V0188,8463668.47,2025-10-21T15:58:03,1,RESPONSIVE
B009484,T01815,V0458,8672825.6,2025-11-05T23:47:03,2,RESPONSIVE
B009485,T01815,V0230,8774678.05,2025-10-21T12:25:17,3,RESPONSIVE
B009486,T01815,V0422,8971320.95,2025-11-02T01:22:53,4,RESPONSIVE
B009487,T01815,V0197,9128863.93,2025-10-13T21:53:17,5,RESPONSIVE
B009488,T01816,V0505,34279642.73,2025-04-11T11:01:17,1,RESPONSIVE
B009489,T01816,V0354,36486686.89,2025-04-10T13:54:43,2,NON_RESPONSIVE
B009490,T01816,V0382,37603911.8,2025-04-17T04:14:22,3,RESPONSIVE
B009491,T01816,V0351,38487336.38,2025-04-18T20:03:17,4,RESPONSIVE
B009492,T01816,V0491,39386522.2,2025-04-14T08:36:14,5,RESPONSIVE
B009493,T01816,V0447,39896854.96,2025-04-20T06:49:31,6,RESPONSIVE
B009494,T01817,V0483,8712082.13,2026-08-28T07:21:04,1,RESPONSIVE
B009495,T01817,V0029,8792015.65,2026-08-30T20:26:33,2,RESPONSIVE
B009496,T01817,V0269,8927723.61,2026-08-30T21:43:32,3,RESPONSIVE
B009497,T01817,V0169,9002782.92,2026-08-30T13:13:33,4,RESPONSIVE
B009498,T01817,V0472,9040565.52,2026-08-29T07:29:37,5,RESPONSIVE
B009499,T01817,V0182,9050877.19,2026-08-28T08:41:48,6,RESPONSIVE
B009500,T01817,V0166,9198977.41,2026-08-30T17:54:39,7,RESPONSIVE
B009501,T01818,V0258,20871126.13,2026-04-07T06:46:05,1,RESPONSIVE
B009502,T01818,V0215,25432583.64,2026-04-20T02:47:48,2,RESPONSIVE
B009503,T01819,V0265,8162240.54,2025-06-17T17:42:58,1,RESPONSIVE
B009504,T01819,V0204,8253863.32,2025-06-24T11:58:44,2,RESPONSIVE
B009505,T01819,V0535,8286661.66,2025-06-16T17:45:51,3,RESPONSIVE
B009506,T01819,V0041,8355889.59,2025-07-09T13:09:52,4,NON_RESPONSIVE
B009507,T01819,V0408,8477839.48,2025-06-26T00:10:30,5,RESPONSIVE
B009508,T01819,V0141,8661420.31,2025-07-12T22:58:08,6,RESPONSIVE
B009509,T01819,V0540,9110269.34,2025-07-14T17:08:27,7,RESPONSIVE
B009510,T01820,V0421,12927759.84,2024-05-29T11:55:20,1,RESPONSIVE
B009511,T01820,V0110,13239593.18,2024-05-24T00:18:16,2,RESPONSIVE
B009512,T01820,V0194,14066575.57,2024-06-03T14:50:58,3,RESPONSIVE
B009513,T01820,V0172,14367545.63,2024-05-23T09:27:12,4,RESPONSIVE
B009514,T01820,V0415,14385566.22,2024-05-25T20:52:25,5,RESPONSIVE
B009515,T01821,V0487,1901691.76,2026-04-15T12:39:26,1,RESPONSIVE
B009516,T01821,V0372,1927628.09,2026-04-20T17:04:16,2,RESPONSIVE
B009517,T01821,V0311,1957714.06,2026-03-30T05:16:14,3,RESPONSIVE
B009518,T01821,V0110,2007583.99,2026-03-26T18:24:06,4,RESPONSIVE
B009519,T01821,V0547,2044613.49,2026-04-18T11:01:44,5,RESPONSIVE
B009520,T01821,V0163,2054414.05,2026-04-18T10:00:01,6,RESPONSIVE
B009521,T01821,V0128,2124348.28,2026-04-15T22:48:15,7,NON_RESPONSIVE
B009522,T01821,V0120,2200922.15,2026-04-07T23:56:38,8,RESPONSIVE
B009523,T01822,V0162,23711067.41,2024-04-24T10:52:25,1,RESPONSIVE
B009524,T01822,V0394,24189221.88,2024-04-12T11:10:12,2,RESPONSIVE
B009525,T01822,V0019,25557445.92,2024-04-30T16:49:00,3,RESPONSIVE
B009526,T01822,V0326,25879155.39,2024-04-08T18:56:59,4,RESPONSIVE
B009527,T01822,V0340,25923884.49,2024-04-09T21:21:37,5,RESPONSIVE
B009528,T01822,V0335,26088425.64,2024-04-22T09:49:18,6,RESPONSIVE
B009529,T01822,V0065,26110082.11,2024-04-13T03:45:09,7,RESPONSIVE
B009530,T01823,V0512,2242438.17,2025-09-04T13:50:39,1,RESPONSIVE
B009531,T01823,V0245,2389464.29,2025-08-28T02:47:17,2,RESPONSIVE
B009532,T01824,V0181,7970032.63,2026-01-07T03:57:01,1,RESPONSIVE
B009533,T01824,V0407,8024118.89,2026-01-04T00:48:37,2,RESPONSIVE
B009534,T01824,V0113,8175254.32,2025-12-09T06:17:40,3,RESPONSIVE
B009535,T01824,V0383,8176629.5,2025-12-27T03:58:40,4,RESPONSIVE
B009536,T01824,V0479,8272536.75,2025-12-27T20:16:15,5,RESPONSIVE
B009537,T01824,V0338,8302482.83,2025-12-20T12:59:27,6,RESPONSIVE
B009538,T01824,V0434,8405263.53,2025-12-23T00:30:47,7,RESPONSIVE
B009539,T01824,V0258,8423920.24,2026-01-11T03:42:54,8,RESPONSIVE
B009540,T01824,V0502,8482178.93,2026-01-14T10:54:27,9,RESPONSIVE
B009541,T01824,V0008,8529512.54,2025-12-21T20:57:10,10,RESPONSIVE
B009542,T01824,V0040,8591163.63,2025-12-21T05:45:41,11,RESPONSIVE
B009543,T01824,V0513,8842096.47,2026-01-13T04:20:04,12,RESPONSIVE
B009544,T01825,V0461,160202845.34,2026-06-19T17:09:23,1,RESPONSIVE
B009545,T01825,V0007,166158337.4,2026-06-22T19:06:17,2,RESPONSIVE
B009546,T01825,V0039,169210709.35,2026-06-19T15:00:42,3,RESPONSIVE
B009547,T01825,V0327,169238179.76,2026-06-23T00:37:15,4,RESPONSIVE
B009548,T01825,V0352,170162193.4,2026-06-21T23:18:55,5,RESPONSIVE
B009549,T01825,V0082,181161863.77,2026-06-20T23:40:30,6,NON_RESPONSIVE
B009550,T01825,V0073,186481963.86,2026-06-24T03:42:04,7,RESPONSIVE
B009551,T01826,V0160,3916056.83,2025-05-23T03:49:20,1,RESPONSIVE
B009552,T01826,V0161,4038014.22,2025-05-24T10:33:30,2,RESPONSIVE
B009553,T01826,V0236,4088048.73,2025-05-12T13:31:21,3,RESPONSIVE
B009554,T01826,V0217,4188836.77,2025-06-03T06:53:05,4,RESPONSIVE
B009555,T01826,V0158,4245456.7,2025-05-15T12:28:21,5,RESPONSIVE
B009556,T01827,V0504,6042678.39,2025-08-12T01:41:22,1,RESPONSIVE
B009557,T01827,V0014,6349291.39,2025-08-08T11:15:54,2,RESPONSIVE
B009558,T01827,V0413,6396691.54,2025-08-08T12:40:22,3,RESPONSIVE
B009559,T01827,V0066,6440367.88,2025-08-14T07:02:51,4,RESPONSIVE
B009560,T01827,V0319,6463544.51,2025-08-14T21:41:39,5,RESPONSIVE
B009561,T01827,V0278,6539910.61,2025-08-14T05:55:30,6,RESPONSIVE
B009562,T01827,V0122,6541849.62,2025-08-10T22:43:48,7,RESPONSIVE
B009563,T01827,V0007,6568313.99,2025-08-13T20:15:47,8,RESPONSIVE
B009564,T01827,V0309,6608435.65,2025-08-11T04:17:54,9,RESPONSIVE
B009565,T01828,V0199,68619548.64,2024-07-27T04:32:15,1,RESPONSIVE
B009566,T01828,V0276,69564945.55,2024-07-26T09:14:23,2,RESPONSIVE
B009567,T01829,V0438,5393320.32,2025-05-06T02:06:40,1,RESPONSIVE
B009568,T01829,V0437,5676217.73,2025-04-25T19:04:57,2,RESPONSIVE
B009569,T01829,V0220,5705734.84,2025-05-04T08:49:06,3,RESPONSIVE
B009570,T01829,V0537,5944690.23,2025-05-04T20:58:00,4,NON_RESPONSIVE
B009571,T01829,V0313,5956004.76,2025-05-05T19:03:09,5,RESPONSIVE
B009572,T01830,V0499,9494548.29,2024-04-04T06:54:54,1,RESPONSIVE
B009573,T01830,V0351,9497654.47,2024-04-13T11:09:57,2,RESPONSIVE
B009574,T01830,V0378,9878817.51,2024-04-14T22:17:17,3,RESPONSIVE
B009575,T01830,V0491,10401964.87,2024-04-09T03:14:58,4,RESPONSIVE
B009576,T01830,V0341,10643333.86,2024-04-22T09:10:35,5,RESPONSIVE
B009577,T01831,V0033,20298194.41,2025-06-29T09:35:44,1,RESPONSIVE
B009578,T01831,V0083,21087211.8,2025-06-22T06:52:44,2,RESPONSIVE
B009579,T01831,V0104,21656611.24,2025-06-21T09:01:06,3,RESPONSIVE
B009580,T01831,V0229,22470437.86,2025-06-19T18:44:39,4,RESPONSIVE
B009581,T01831,V0262,22873334.41,2025-06-30T21:53:25,5,RESPONSIVE
B009582,T01832,V0027,3348588.6,2024-04-13T09:54:18,1,RESPONSIVE
B009583,T01832,V0405,3459374.81,2024-04-10T11:14:02,2,RESPONSIVE
B009584,T01833,V0468,7710666.75,2026-08-06T09:41:14,1,RESPONSIVE
B009585,T01833,V0515,9182787.42,2026-07-19T08:34:13,2,RESPONSIVE
B009586,T01834,V0209,17053754.89,2024-04-10T11:33:39,1,NON_RESPONSIVE
B009587,T01834,V0318,17205072.82,2024-04-12T19:57:19,2,RESPONSIVE
B009588,T01834,V0201,17342299.15,2024-04-08T20:50:56,3,RESPONSIVE
B009589,T01834,V0363,17399272.31,2024-03-31T19:08:00,4,RESPONSIVE
B009590,T01834,V0361,17696532.21,2024-04-11T00:06:18,5,RESPONSIVE
B009591,T01834,V0123,18424852.54,2024-04-06T11:44:32,6,RESPONSIVE
B009592,T01834,V0166,19666549.98,2024-04-11T08:49:59,7,RESPONSIVE
B009593,T01835,V0233,8997872.03,2024-11-17T04:56:26,1,NON_RESPONSIVE
B009594,T01835,V0423,9058854.18,2024-11-20T02:58:15,2,RESPONSIVE
B009595,T01835,V0030,9096521.1,2024-11-21T12:40:06,3,RESPONSIVE
B009596,T01836,V0148,17271016.93,2024-10-14T22:20:44,1,RESPONSIVE
B009597,T01836,V0475,17841135.23,2024-10-11T23:47:57,2,RESPONSIVE
B009598,T01836,V0420,18479360.04,2024-10-13T09:57:29,3,RESPONSIVE
B009599,T01837,V0020,8748013.79,2026-05-22T22:16:36,1,RESPONSIVE
B009600,T01837,V0234,8838439.96,2026-05-18T10:52:34,2,RESPONSIVE
B009601,T01837,V0229,8899680.51,2026-05-19T03:43:23,3,RESPONSIVE
B009602,T01837,V0469,9141914.19,2026-05-26T23:03:42,4,RESPONSIVE
B009603,T01837,V0106,9159297.28,2026-05-08T09:26:01,5,RESPONSIVE
B009604,T01837,V0529,9268536.77,2026-05-19T18:07:56,6,RESPONSIVE
B009605,T01837,V0200,9295882.79,2026-05-17T16:26:13,7,RESPONSIVE
B009606,T01837,V0240,9638315.6,2026-05-11T08:55:21,8,RESPONSIVE
B009607,T01837,V0540,10101604.23,2026-05-15T03:43:23,9,RESPONSIVE
B009608,T01838,V0251,11569399.4,2025-10-25T01:37:41,1,RESPONSIVE
B009609,T01838,V0133,11920845.82,2025-09-25T16:48:29,2,RESPONSIVE
B009610,T01838,V0381,12374154.07,2025-10-25T15:37:42,3,RESPONSIVE
B009611,T01838,V0054,12458471.8,2025-10-19T22:01:42,4,RESPONSIVE
B009612,T01838,V0100,13057331.76,2025-10-20T02:47:49,5,RESPONSIVE
B009613,T01839,V0304,115739987.89,2026-08-25T07:15:11,1,RESPONSIVE
B009614,T01839,V0415,120862619.81,2026-08-28T17:35:02,2,RESPONSIVE
B009615,T01839,V0421,123675212.55,2026-08-25T06:38:56,3,RESPONSIVE
B009616,T01839,V0054,125155878.86,2026-08-30T08:49:08,4,RESPONSIVE
B009617,T01839,V0218,127596129.37,2026-08-30T06:06:24,5,RESPONSIVE
B009618,T01840,V0404,4397107.32,2025-11-15T10:24:26,1,RESPONSIVE
B009619,T01840,V0142,4511134.37,2025-11-26T16:32:51,2,RESPONSIVE
B009620,T01840,V0197,4663135.21,2025-11-20T06:12:11,3,RESPONSIVE
B009621,T01841,V0065,6572050.8,2025-03-27T05:01:34,1,NON_RESPONSIVE
B009622,T01841,V0221,6849068.08,2025-03-27T21:31:57,2,RESPONSIVE
B009623,T01841,V0488,7037709.03,2025-04-01T14:31:46,3,RESPONSIVE
B009624,T01841,V0197,7167026.08,2025-04-10T19:00:42,4,RESPONSIVE
B009625,T01841,V0161,7315982.99,2025-04-02T04:41:33,5,RESPONSIVE
B009626,T01841,V0425,7351111.7,2025-03-29T14:56:07,6,RESPONSIVE
B009627,T01842,V0066,16290560.85,2024-10-31T20:12:42,1,RESPONSIVE
B009628,T01842,V0523,16664105.84,2024-10-29T16:13:36,2,RESPONSIVE
B009629,T01842,V0298,16725160.62,2024-11-02T01:27:35,3,RESPONSIVE
B009630,T01842,V0199,17457479.71,2024-11-03T01:53:17,4,RESPONSIVE
B009631,T01842,V0127,17903728.43,2024-10-29T15:41:39,5,RESPONSIVE
B009632,T01842,V0274,17973367.1,2024-11-03T00:08:05,6,RESPONSIVE
B009633,T01842,V0176,18379295.89,2024-11-02T04:12:35,7,RESPONSIVE
B009634,T01842,V0150,18653962.9,2024-10-31T23:28:53,8,RESPONSIVE
B009635,T01842,V0188,18937294.23,2024-11-07T07:34:23,9,RESPONSIVE
B009636,T01843,V0495,44080092.23,2025-01-25T01:30:46,1,RESPONSIVE
B009637,T01843,V0213,49591656.27,2025-01-20T20:30:26,2,RESPONSIVE
B009638,T01843,V0454,49662907.06,2025-01-26T14:42:01,3,RESPONSIVE
B009639,T01843,V0336,53095783.77,2025-01-23T11:46:23,4,RESPONSIVE
B009640,T01844,V0047,1600349.21,2026-05-01T10:19:12,1,RESPONSIVE
B009641,T01844,V0414,1629140.49,2026-04-23T11:53:53,2,RESPONSIVE
B009642,T01844,V0056,1651402.23,2026-04-23T18:04:15,3,RESPONSIVE
B009643,T01844,V0302,1672881.31,2026-04-29T18:21:08,4,RESPONSIVE
B009644,T01844,V0512,1675784.36,2026-04-24T13:13:51,5,RESPONSIVE
B009645,T01844,V0013,1755987.42,2026-04-27T17:15:45,6,RESPONSIVE
B009646,T01844,V0291,1805254.15,2026-04-29T15:17:29,7,RESPONSIVE
B009647,T01844,V0040,1816710.18,2026-04-28T01:13:38,8,RESPONSIVE
B009648,T01844,V0071,1826515.01,2026-04-30T20:40:12,9,RESPONSIVE
B009649,T01845,V0121,5078310.44,2025-07-30T02:30:30,1,RESPONSIVE
B009650,T01845,V0245,5231734.04,2025-07-26T15:33:32,2,RESPONSIVE
B009651,T01845,V0158,5301836.87,2025-07-27T17:54:56,3,RESPONSIVE
B009652,T01845,V0533,5304386.54,2025-07-25T19:58:41,4,RESPONSIVE
B009653,T01845,V0436,5397947.94,2025-07-28T04:07:52,5,RESPONSIVE
B009654,T01845,V0328,5398315.32,2025-07-30T07:15:37,6,RESPONSIVE
B009655,T01846,V0065,11693570.3,2026-04-07T09:25:57,1,RESPONSIVE
B009656,T01846,V0402,12827554.64,2026-04-08T21:31:22,2,RESPONSIVE
B009657,T01846,V0433,13427880.82,2026-04-07T23:00:24,3,RESPONSIVE
B009658,T01847,V0069,7821789.83,2024-02-08T21:47:56,1,RESPONSIVE
B009659,T01847,V0520,7828278.56,2024-02-14T20:41:43,2,NON_RESPONSIVE
B009660,T01847,V0437,8034441.04,2024-02-08T05:50:51,3,RESPONSIVE
B009661,T01847,V0110,8035941.43,2024-02-13T03:39:42,4,RESPONSIVE
B009662,T01847,V0094,8237737.14,2024-02-08T15:13:06,5,RESPONSIVE
B009663,T01847,V0346,8337898.42,2024-02-13T06:18:53,6,RESPONSIVE
B009664,T01847,V0133,8530284.91,2024-02-10T12:35:47,7,RESPONSIVE
B009665,T01847,V0325,8533279.1,2024-02-17T05:59:14,8,RESPONSIVE
B009666,T01847,V0368,8591855.02,2024-02-14T01:50:34,9,RESPONSIVE
B009667,T01848,V0137,44700997.94,2024-01-11T08:35:31,1,RESPONSIVE
B009668,T01848,V0376,45912394.51,2024-02-08T09:51:30,2,RESPONSIVE
B009669,T01849,V0445,13059523.02,2025-07-27T19:38:45,1,RESPONSIVE
B009670,T01849,V0054,14797319.5,2025-07-26T04:09:44,2,RESPONSIVE
B009671,T01850,V0286,28354812.2,2024-11-08T02:22:43,1,RESPONSIVE
B009672,T01850,V0204,29298591.28,2024-11-05T15:18:27,2,RESPONSIVE
B009673,T01850,V0022,29373733.69,2024-11-11T07:55:15,3,RESPONSIVE
B009674,T01850,V0406,29498431.12,2024-11-10T05:23:10,4,RESPONSIVE
B009675,T01851,V0490,52351633.37,2024-07-18T15:20:50,1,RESPONSIVE
B009676,T01851,V0447,53220239.56,2024-07-11T16:50:20,2,RESPONSIVE
B009677,T01852,V0487,17404741.04,2024-03-11T02:12:44,1,RESPONSIVE
B009678,T01852,V0289,17549776.49,2024-03-17T09:33:15,2,RESPONSIVE
B009679,T01852,V0359,18333428.04,2024-03-10T10:12:23,3,RESPONSIVE
B009680,T01852,V0526,19087750.03,2024-03-20T05:32:27,4,RESPONSIVE
B009681,T01853,V0306,51619341.3,2024-01-05T15:09:21,1,RESPONSIVE
B009682,T01853,V0007,54864768.61,2024-01-18T15:39:36,2,RESPONSIVE
B009683,T01853,V0135,58138103.27,2024-01-17T02:30:06,3,RESPONSIVE
B009684,T01853,V0176,59514663.15,2024-01-22T15:46:47,4,RESPONSIVE
B009685,T01854,V0193,111321422.15,2025-03-28T06:13:18,1,RESPONSIVE
B009686,T01854,V0399,118718588.29,2025-03-07T15:40:35,2,RESPONSIVE
B009687,T01854,V0289,122319706.72,2025-03-27T20:41:32,3,RESPONSIVE
B009688,T01854,V0416,129450051.5,2025-03-26T14:28:18,4,NON_RESPONSIVE
B009689,T01855,V0044,5428663.8,2025-05-16T13:42:29,1,RESPONSIVE
B009690,T01855,V0510,5495705.0,2025-05-27T21:08:26,2,RESPONSIVE
B009691,T01855,V0421,5527893.19,2025-06-01T18:50:57,3,RESPONSIVE
B009692,T01855,V0078,5529632.06,2025-05-01T08:16:19,4,RESPONSIVE
B009693,T01855,V0547,5534293.92,2025-05-17T17:20:59,5,RESPONSIVE
B009694,T01855,V0366,5661927.0,2025-06-02T07:26:36,6,RESPONSIVE
B009695,T01855,V0455,5699417.83,2025-06-01T20:32:25,7,RESPONSIVE
B009696,T01856,V0334,21626236.71,2024-03-09T17:25:31,1,RESPONSIVE
B009697,T01856,V0514,21628900.05,2024-03-12T04:50:46,2,RESPONSIVE
B009698,T01856,V0266,21754485.74,2024-02-24T16:55:08,3,RESPONSIVE
B009699,T01856,V0258,21997165.06,2024-03-01T15:42:05,4,RESPONSIVE
B009700,T01857,V0245,1569695.51,2025-03-04T19:55:13,1,RESPONSIVE
B009701,T01857,V0032,1601332.46,2025-02-14T08:39:58,2,RESPONSIVE
B009702,T01857,V0492,1649942.96,2025-03-10T08:38:54,3,NON_RESPONSIVE
B009703,T01857,V0189,1664127.66,2025-03-01T12:59:13,4,RESPONSIVE
B009704,T01857,V0453,1664282.32,2025-02-06T17:45:23,5,RESPONSIVE
B009705,T01857,V0115,1673578.85,2025-03-01T18:00:53,6,RESPONSIVE
B009706,T01857,V0275,1704697.26,2025-03-05T00:36:52,7,RESPONSIVE
B009707,T01857,V0422,1722657.98,2025-02-20T07:59:38,8,RESPONSIVE
B009708,T01857,V0282,1761166.74,2025-02-23T02:15:05,9,RESPONSIVE
B009709,T01858,V0369,35907664.35,2024-10-05T12:34:02,1,RESPONSIVE
B009710,T01858,V0494,36879980.21,2024-10-06T07:13:05,2,RESPONSIVE
B009711,T01858,V0040,37773279.79,2024-09-24T11:44:08,3,RESPONSIVE
B009712,T01858,V0336,38799009.52,2024-10-01T15:44:38,4,RESPONSIVE
B009713,T01858,V0534,39052846.27,2024-09-19T14:54:29,5,RESPONSIVE
B009714,T01858,V0070,39962726.67,2024-09-18T09:00:20,6,RESPONSIVE
B009715,T01858,V0392,40702466.68,2024-09-17T03:35:18,7,RESPONSIVE
B009716,T01858,V0308,41766166.46,2024-09-10T22:36:57,8,RESPONSIVE
B009717,T01859,V0526,21053898.81,2025-08-29T06:42:36,1,RESPONSIVE
B009718,T01859,V0478,21591946.52,2025-09-05T06:49:52,2,RESPONSIVE
B009719,T01860,V0426,27224080.31,2024-01-17T14:03:12,1,RESPONSIVE
B009720,T01860,V0094,27326018.04,2024-01-24T15:10:32,2,RESPONSIVE
B009721,T01860,V0054,27679882.33,2024-01-17T02:02:30,3,RESPONSIVE
B009722,T01860,V0081,28353684.11,2024-01-24T23:52:47,4,RESPONSIVE
B009723,T01860,V0476,28461672.62,2024-01-27T20:13:16,5,RESPONSIVE
B009724,T01860,V0437,29241047.02,2024-01-25T22:31:53,6,RESPONSIVE
B009725,T01860,V0220,29466994.12,2024-01-28T00:38:29,7,RESPONSIVE
B009726,T01861,V0127,396424.69,2024-10-20T21:15:57,1,RESPONSIVE
B009727,T01861,V0093,439999.88,2024-10-18T20:25:46,2,RESPONSIVE
B009728,T01861,V0280,441139.36,2024-10-24T08:44:41,3,RESPONSIVE
B009729,T01861,V0388,443949.16,2024-10-30T11:20:59,4,RESPONSIVE
B009730,T01861,V0413,481579.78,2024-10-21T23:40:40,5,RESPONSIVE
B009731,T01862,V0087,19753650.48,2026-07-20T00:44:41,1,RESPONSIVE
B009732,T01862,V0008,20405713.6,2026-08-15T07:52:54,2,RESPONSIVE
B009733,T01862,V0266,20519780.68,2026-07-26T16:31:15,3,RESPONSIVE
B009734,T01863,V0273,11137756.11,2026-05-29T20:30:27,1,RESPONSIVE
B009735,T01863,V0419,11337984.9,2026-05-14T11:09:04,2,RESPONSIVE
B009736,T01863,V0509,11384115.44,2026-05-17T05:01:30,3,RESPONSIVE
B009737,T01863,V0404,11392477.77,2026-05-28T17:04:16,4,RESPONSIVE
B009738,T01863,V0422,11753618.41,2026-05-23T21:50:21,5,RESPONSIVE
B009739,T01864,V0533,4175486.61,2025-12-23T03:47:07,1,RESPONSIVE
B009740,T01864,V0328,4290083.6,2026-01-11T12:07:31,2,RESPONSIVE
B009741,T01864,V0180,4295686.1,2025-12-18T09:26:51,3,RESPONSIVE
B009742,T01864,V0282,4307678.21,2025-12-17T09:32:06,4,RESPONSIVE
B009743,T01864,V0377,4403155.35,2026-01-06T06:18:53,5,RESPONSIVE
B009744,T01864,V0145,4408687.16,2025-12-09T07:25:06,6,RESPONSIVE
B009745,T01864,V0492,4501375.11,2025-12-17T23:56:45,7,RESPONSIVE
B009746,T01865,V0069,6522215.81,2026-01-30T22:39:04,1,RESPONSIVE
B009747,T01865,V0067,6555154.5,2026-02-15T15:36:10,2,RESPONSIVE
B009748,T01865,V0339,6741747.99,2026-01-30T20:08:09,3,RESPONSIVE
B009749,T01865,V0426,7023584.5,2026-02-11T01:03:33,4,RESPONSIVE
B009750,T01865,V0526,7473687.06,2026-02-11T16:27:06,5,RESPONSIVE
B009751,T01866,V0144,8804459.61,2025-10-11T11:27:06,1,RESPONSIVE
B009752,T01866,V0119,9052275.42,2025-10-08T19:19:50,2,RESPONSIVE
B009753,T01866,V0277,9227248.66,2025-10-07T06:47:32,3,RESPONSIVE
B009754,T01866,V0460,9284796.67,2025-09-23T16:31:34,4,RESPONSIVE
B009755,T01866,V0184,9498204.38,2025-10-12T06:06:31,5,RESPONSIVE
B009756,T01866,V0295,10507412.97,2025-09-23T04:31:37,6,RESPONSIVE
B009757,T01867,V0023,15264359.4,2025-04-19T23:07:59,1,RESPONSIVE
B009758,T01867,V0079,15587281.32,2025-04-19T21:18:58,2,RESPONSIVE
B009759,T01867,V0519,15799666.49,2025-04-16T02:56:07,3,RESPONSIVE
B009760,T01868,V0004,34693970.42,2025-07-02T16:22:42,1,RESPONSIVE
B009761,T01868,V0347,36820338.49,2025-06-26T17:33:31,2,RESPONSIVE
B009762,T01868,V0014,37870839.49,2025-06-22T14:44:14,3,RESPONSIVE
B009763,T01869,V0059,19791616.35,2026-07-23T08:19:57,1,RESPONSIVE
B009764,T01869,V0228,20655553.99,2026-07-14T03:36:52,2,RESPONSIVE
B009765,T01869,V0360,21985501.33,2026-07-23T09:21:09,3,RESPONSIVE
B009766,T01869,V0187,22485701.74,2026-07-23T23:02:49,4,RESPONSIVE
B009767,T01869,V0201,22622741.75,2026-07-09T13:45:42,5,RESPONSIVE
B009768,T01869,V0019,22814980.37,2026-07-13T05:46:14,6,RESPONSIVE
B009769,T01869,V0424,23382222.31,2026-07-11T00:23:33,7,RESPONSIVE
B009770,T01870,V0495,19566275.7,2024-11-05T05:07:59,1,RESPONSIVE
B009771,T01870,V0513,19931223.2,2024-12-02T14:37:49,2,NON_RESPONSIVE
B009772,T01870,V0040,20238909.34,2024-11-26T17:59:04,3,RESPONSIVE
B009773,T01871,V0457,8066869.39,2025-12-29T20:43:15,1,RESPONSIVE
B009774,T01871,V0097,8503932.02,2025-12-28T04:50:21,2,RESPONSIVE
B009775,T01871,V0122,8699709.81,2025-12-31T14:19:42,3,RESPONSIVE
B009776,T01871,V0414,8784996.07,2025-12-31T19:13:16,4,RESPONSIVE
B009777,T01871,V0199,8854615.28,2026-01-01T13:05:02,5,NON_RESPONSIVE
B009778,T01871,V0123,9082495.94,2025-12-24T21:23:31,6,RESPONSIVE
B009779,T01872,V0158,3437594.14,2025-03-29T00:57:41,1,RESPONSIVE
B009780,T01872,V0034,3526778.82,2025-04-02T01:12:47,2,RESPONSIVE
B009781,T01872,V0201,3619760.31,2025-04-02T08:30:17,3,RESPONSIVE
B009782,T01872,V0019,3632473.76,2025-03-30T22:45:40,4,RESPONSIVE
B009783,T01872,V0515,3636070.34,2025-03-29T12:20:46,5,RESPONSIVE
B009784,T01872,V0255,3660062.48,2025-03-25T08:24:53,6,NON_RESPONSIVE
B009785,T01872,V0187,3714173.97,2025-03-23T17:22:14,7,RESPONSIVE
B009786,T01872,V0419,3764467.77,2025-03-26T06:58:24,8,RESPONSIVE
B009787,T01872,V0332,3817535.22,2025-04-11T11:05:24,9,RESPONSIVE
B009788,T01873,V0396,13230804.8,2024-02-24T12:27:24,1,RESPONSIVE
B009789,T01873,V0451,13780444.76,2024-03-02T16:03:17,2,RESPONSIVE
B009790,T01873,V0434,14628683.43,2024-03-03T20:21:44,3,RESPONSIVE
B009791,T01873,V0308,14932125.87,2024-02-21T19:28:30,4,RESPONSIVE
B009792,T01873,V0302,14999869.2,2024-03-10T01:16:32,5,RESPONSIVE
B009793,T01873,V0011,15360436.91,2024-02-20T17:50:39,6,RESPONSIVE
B009794,T01874,V0538,11379501.01,2025-11-07T17:40:15,1,RESPONSIVE
B009795,T01874,V0350,11821334.3,2025-11-13T06:15:33,2,RESPONSIVE
B009796,T01875,V0412,23142157.97,2025-02-14T05:42:04,1,RESPONSIVE
B009797,T01875,V0361,23845368.33,2025-02-26T05:41:13,2,RESPONSIVE
B009798,T01875,V0016,24295268.02,2025-02-26T01:07:28,3,RESPONSIVE
B009799,T01875,V0288,25374433.77,2025-02-24T06:54:15,4,RESPONSIVE
B009800,T01876,V0047,18414022.21,2026-01-16T21:41:50,1,RESPONSIVE
B009801,T01876,V0344,18498692.82,2026-01-22T14:43:53,2,RESPONSIVE
B009802,T01876,V0321,19771401.09,2026-01-20T06:04:59,3,RESPONSIVE
B009803,T01877,V0417,17636422.97,2026-03-21T09:54:55,1,RESPONSIVE
B009804,T01877,V0174,18097243.11,2026-03-23T15:55:49,2,RESPONSIVE
B009805,T01877,V0011,18112119.61,2026-03-22T04:45:17,3,RESPONSIVE
B009806,T01877,V0512,18368882.14,2026-03-10T18:26:13,4,RESPONSIVE
B009807,T01878,V0123,54596465.99,2024-05-10T18:19:43,1,RESPONSIVE
B009808,T01878,V0364,55961766.05,2024-04-23T14:12:28,2,RESPONSIVE
B009809,T01878,V0066,57671486.72,2024-05-06T06:40:59,3,RESPONSIVE
B009810,T01878,V0132,59356624.23,2024-05-12T08:17:19,4,RESPONSIVE
B009811,T01878,V0059,59745399.21,2024-04-27T16:40:07,5,NON_RESPONSIVE
B009812,T01878,V0461,63622851.83,2024-05-03T10:52:19,6,RESPONSIVE
B009813,T01879,V0040,7507545.56,2026-06-19T19:46:06,1,RESPONSIVE
B009814,T01879,V0502,7632660.36,2026-06-23T22:09:31,2,RESPONSIVE
B009815,T01879,V0277,7757107.91,2026-06-30T03:37:17,3,RESPONSIVE
B009816,T01879,V0258,7770670.76,2026-06-22T15:32:13,4,RESPONSIVE
B009817,T01879,V0181,7912042.34,2026-06-28T07:27:20,5,RESPONSIVE
B009818,T01879,V0171,7963740.37,2026-06-22T19:39:01,6,RESPONSIVE
B009819,T01880,V0358,81473433.43,2025-01-04T10:28:16,1,RESPONSIVE
B009820,T01880,V0094,81873908.87,2025-01-17T02:32:07,2,RESPONSIVE
B009821,T01880,V0550,82735248.27,2025-01-06T19:37:18,3,RESPONSIVE
B009822,T01881,V0332,9241959.4,2025-12-02T10:49:49,1,RESPONSIVE
B009823,T01881,V0256,9881660.06,2025-11-19T23:59:26,2,NON_RESPONSIVE
B009824,T01881,V0179,10028822.36,2025-12-09T18:50:24,3,RESPONSIVE
B009825,T01881,V0197,10058338.16,2025-12-10T10:12:03,4,RESPONSIVE
B009826,T01881,V0537,10094034.74,2025-11-13T17:43:17,5,RESPONSIVE
B009827,T01881,V0088,10162387.87,2025-11-28T08:33:47,6,RESPONSIVE
B009828,T01881,V0530,10272601.1,2025-11-14T09:23:45,7,RESPONSIVE
B009829,T01881,V0489,10332084.68,2025-11-28T10:02:00,8,RESPONSIVE
B009830,T01881,V0060,10423541.3,2025-12-09T20:18:12,9,RESPONSIVE
B009831,T01882,V0503,6441634.6,2024-07-04T21:43:31,1,RESPONSIVE
B009832,T01882,V0407,7009155.53,2024-07-17T13:32:29,2,RESPONSIVE
B009833,T01883,V0089,7077633.34,2025-09-11T07:21:30,1,RESPONSIVE
B009834,T01883,V0225,7115241.08,2025-08-28T06:20:34,2,RESPONSIVE
B009835,T01883,V0387,7153174.55,2025-09-02T18:54:32,3,RESPONSIVE
B009836,T01884,V0225,71098227.41,2024-12-26T21:04:46,1,RESPONSIVE
B009837,T01884,V0358,73952510.84,2024-12-25T02:51:12,2,RESPONSIVE
B009838,T01884,V0296,74064954.52,2025-01-01T01:54:24,3,RESPONSIVE
B009839,T01884,V0547,75185706.75,2024-12-24T01:31:41,4,RESPONSIVE
B009840,T01884,V0064,75298230.54,2024-12-23T17:48:53,5,RESPONSIVE
B009841,T01884,V0300,76002142.97,2024-12-31T22:03:36,6,RESPONSIVE
B009842,T01884,V0520,76296462.43,2025-01-01T15:25:34,7,RESPONSIVE
B009843,T01884,V0193,77483729.38,2024-12-28T22:54:11,8,RESPONSIVE
B009844,T01885,V0082,1297771.07,2024-03-30T02:31:21,1,RESPONSIVE
B009845,T01885,V0327,1313556.88,2024-03-29T03:02:44,2,RESPONSIVE
B009846,T01885,V0301,1337119.27,2024-04-04T21:29:25,3,RESPONSIVE
B009847,T01885,V0002,1338435.39,2024-04-06T02:20:00,4,RESPONSIVE
B009848,T01885,V0007,1397597.7,2024-04-07T19:09:01,5,RESPONSIVE
B009849,T01885,V0546,1420787.43,2024-04-07T09:48:35,6,RESPONSIVE
B009850,T01885,V0254,1436056.8,2024-03-28T22:21:27,7,RESPONSIVE
B009851,T01886,V0383,5500943.92,2025-09-08T08:59:17,1,RESPONSIVE
B009852,T01886,V0485,5700277.69,2025-09-01T06:21:44,2,RESPONSIVE
B009853,T01886,V0336,5722300.19,2025-09-04T22:05:34,3,NON_RESPONSIVE
B009854,T01886,V0178,5820456.09,2025-09-11T10:34:02,4,RESPONSIVE
B009855,T01886,V0451,5911725.28,2025-08-30T18:42:01,5,RESPONSIVE
B009856,T01887,V0523,32346111.18,2025-10-01T20:10:07,1,RESPONSIVE
B009857,T01887,V0515,33196539.09,2025-09-23T20:59:59,2,RESPONSIVE
B009858,T01887,V0254,34918653.76,2025-09-16T00:10:43,3,RESPONSIVE
B009859,T01888,V0277,5420221.57,2025-01-24T07:28:35,1,RESPONSIVE
B009860,T01888,V0020,5426975.83,2025-01-20T01:49:33,2,RESPONSIVE
B009861,T01888,V0355,5663900.4,2025-01-25T19:35:42,3,RESPONSIVE
B009862,T01888,V0184,5845673.68,2025-01-25T21:57:28,4,RESPONSIVE
B009863,T01889,V0523,53604797.53,2025-11-15T10:49:47,1,RESPONSIVE
B009864,T01889,V0073,54289943.2,2025-11-20T09:10:19,2,RESPONSIVE
B009865,T01889,V0063,55452923.46,2025-11-21T11:26:34,3,RESPONSIVE
B009866,T01889,V0123,56014436.2,2025-11-18T19:53:43,4,RESPONSIVE
B009867,T01889,V0135,57515201.35,2025-11-09T16:41:27,5,RESPONSIVE
B009868,T01890,V0247,77894641.0,2025-06-18T20:11:51,1,RESPONSIVE
B009869,T01890,V0133,80194424.27,2025-05-20T10:30:49,2,RESPONSIVE
B009870,T01890,V0356,80954709.31,2025-05-23T18:37:08,3,RESPONSIVE
B009871,T01890,V0218,82737729.39,2025-06-18T16:54:47,4,RESPONSIVE
B009872,T01890,V0359,82992132.79,2025-05-23T06:35:49,5,RESPONSIVE
B009873,T01890,V0478,83600259.42,2025-06-19T06:35:45,6,RESPONSIVE
B009874,T01890,V0418,83982935.57,2025-05-29T14:18:52,7,RESPONSIVE
B009875,T01890,V0401,84748517.33,2025-05-28T06:30:45,8,RESPONSIVE
B009876,T01890,V0547,84994081.88,2025-06-14T01:02:14,9,RESPONSIVE
B009877,T01890,V0185,85367336.3,2025-06-07T07:32:33,10,RESPONSIVE
B009878,T01890,V0100,85620713.57,2025-06-19T01:34:59,11,RESPONSIVE
B009879,T01890,V0091,87073324.49,2025-06-04T13:49:45,12,RESPONSIVE
B009880,T01890,V0297,87282779.49,2025-06-01T05:04:44,13,RESPONSIVE
B009881,T01890,V0251,88878622.78,2025-06-08T22:17:57,14,RESPONSIVE
B009882,T01891,V0150,4132282.41,2024-12-13T11:22:52,1,RESPONSIVE
B009883,T01891,V0340,4273546.96,2024-12-21T22:39:51,2,RESPONSIVE
B009884,T01891,V0247,4275680.99,2024-12-06T21:39:35,3,RESPONSIVE
B009885,T01891,V0397,4291823.28,2024-12-07T12:01:52,4,RESPONSIVE
B009886,T01891,V0158,4717501.75,2024-12-22T19:38:03,5,RESPONSIVE
B009887,T01891,V0495,4848662.41,2024-12-22T09:41:58,6,RESPONSIVE
B009888,T01892,V0152,25477200.69,2024-11-04T22:32:38,1,RESPONSIVE
B009889,T01892,V0423,25720782.54,2024-11-17T09:51:22,2,RESPONSIVE
B009890,T01892,V0144,26262499.7,2024-11-26T14:17:28,3,RESPONSIVE
B009891,T01892,V0214,26355999.94,2024-11-27T09:14:42,4,RESPONSIVE
B009892,T01892,V0087,26393372.03,2024-11-11T04:29:32,5,RESPONSIVE
B009893,T01892,V0314,27120411.03,2024-11-27T20:34:42,6,RESPONSIVE
B009894,T01892,V0336,27126131.02,2024-11-28T13:26:50,7,RESPONSIVE
B009895,T01892,V0434,29117851.69,2024-11-10T13:05:05,8,RESPONSIVE
B009896,T01893,V0039,4950711.5,2025-03-05T16:12:01,1,RESPONSIVE
B009897,T01893,V0188,5651490.05,2025-03-28T13:52:44,2,RESPONSIVE
B009898,T01894,V0335,3830708.86,2024-10-24T20:08:32,1,RESPONSIVE
B009899,T01894,V0349,3942885.84,2024-10-22T00:28:00,2,RESPONSIVE
B009900,T01895,V0304,5857079.39,2024-10-06T09:46:54,1,RESPONSIVE
B009901,T01895,V0509,5999646.45,2024-09-14T04:14:55,2,RESPONSIVE
B009902,T01896,V0495,17508775.57,2025-01-18T10:35:43,1,RESPONSIVE
B009903,T01896,V0509,17922266.35,2025-02-01T09:39:00,2,RESPONSIVE
B009904,T01896,V0417,18035410.29,2025-01-24T12:28:59,3,RESPONSIVE
B009905,T01896,V0336,18181787.68,2025-02-06T18:39:13,4,RESPONSIVE
B009906,T01896,V0177,18551236.99,2025-01-30T17:59:25,5,RESPONSIVE
B009907,T01896,V0507,18775283.64,2025-01-28T01:13:19,6,RESPONSIVE
B009908,T01896,V0433,18851976.17,2025-02-09T15:10:50,7,RESPONSIVE
B009909,T01896,V0071,19300102.23,2025-01-31T23:39:25,8,RESPONSIVE
B009910,T01897,V0335,16125819.0,2025-10-09T04:07:41,1,RESPONSIVE
B009911,T01897,V0321,17338328.1,2025-10-13T21:42:48,2,RESPONSIVE
B009912,T01897,V0121,17956281.25,2025-10-17T15:28:01,3,RESPONSIVE
B009913,T01897,V0218,17995244.49,2025-10-22T05:17:51,4,RESPONSIVE
B009914,T01897,V0380,18511106.03,2025-10-15T06:33:25,5,RESPONSIVE
B009915,T01897,V0080,18788684.67,2025-10-08T04:08:44,6,RESPONSIVE
B009916,T01898,V0424,6840827.41,2026-04-14T15:29:12,1,RESPONSIVE
B009917,T01898,V0396,6960791.61,2026-04-23T15:06:22,2,RESPONSIVE
B009918,T01899,V0445,8761473.15,2024-11-06T08:53:21,1,RESPONSIVE
B009919,T01899,V0366,9150569.04,2024-11-15T10:22:20,2,RESPONSIVE
B009920,T01899,V0250,9220376.56,2024-11-07T20:31:51,3,RESPONSIVE
B009921,T01899,V0345,9256434.87,2024-11-23T15:00:22,4,RESPONSIVE
B009922,T01899,V0484,9276875.01,2024-11-05T10:18:47,5,RESPONSIVE
B009923,T01899,V0271,9282692.41,2024-11-23T05:12:25,6,RESPONSIVE
B009924,T01899,V0480,9294354.61,2024-11-10T09:50:09,7,RESPONSIVE
B009925,T01899,V0526,9657307.72,2024-11-22T03:16:08,8,RESPONSIVE
B009926,T01900,V0352,2307194.27,2024-02-27T03:46:50,1,RESPONSIVE
B009927,T01900,V0292,2447463.79,2024-02-18T01:20:55,2,RESPONSIVE
B009928,T01900,V0274,2685825.42,2024-02-25T01:05:51,3,RESPONSIVE
B009929,T01901,V0363,3174717.62,2024-07-12T07:23:17,1,RESPONSIVE
B009930,T01901,V0495,3207000.43,2024-07-08T08:17:03,2,RESPONSIVE
B009931,T01901,V0317,3480252.57,2024-07-11T16:09:47,3,RESPONSIVE
B009932,T01901,V0256,3485897.61,2024-07-05T08:02:35,4,RESPONSIVE
B009933,T01902,V0484,6866022.3,2026-08-10T05:13:14,1,RESPONSIVE
B009934,T01902,V0114,7124904.04,2026-08-15T10:53:51,2,RESPONSIVE
B009935,T01902,V0191,7488915.48,2026-08-10T20:10:40,3,RESPONSIVE
B009936,T01903,V0458,3105138.41,2024-03-12T00:00:28,1,RESPONSIVE
B009937,T01903,V0275,3160786.44,2024-03-08T22:14:30,2,RESPONSIVE
B009938,T01904,V0366,124254026.37,2025-12-23T08:33:17,1,RESPONSIVE
B009939,T01904,V0120,130297905.99,2026-01-03T11:14:13,2,RESPONSIVE
B009940,T01904,V0289,130353100.55,2025-12-27T14:02:40,3,RESPONSIVE
B009941,T01904,V0297,131110334.83,2026-01-04T12:58:37,4,RESPONSIVE
B009942,T01904,V0187,133619930.19,2025-12-28T05:51:19,5,RESPONSIVE
B009943,T01904,V0544,140416727.18,2025-12-24T01:14:36,6,RESPONSIVE
B009944,T01905,V0424,1017210.74,2026-04-19T21:34:13,1,RESPONSIVE
B009945,T01905,V0464,1056065.12,2026-04-19T13:50:05,2,RESPONSIVE
B009946,T01905,V0332,1172321.57,2026-04-16T15:21:21,3,RESPONSIVE
B009947,T01906,V0244,5998424.72,2024-06-26T01:16:52,1,RESPONSIVE
B009948,T01906,V0127,6474604.57,2024-06-21T02:26:25,2,RESPONSIVE
B009949,T01907,V0294,6815456.17,2025-10-30T08:02:20,1,RESPONSIVE
B009950,T01907,V0189,7090123.89,2025-10-22T00:06:08,2,RESPONSIVE
B009951,T01908,V0164,4649845.86,2025-03-15T19:24:07,1,RESPONSIVE
B009952,T01908,V0104,4695685.48,2025-03-12T10:46:27,2,RESPONSIVE
B009953,T01908,V0491,4764021.83,2025-03-08T22:59:01,3,RESPONSIVE
B009954,T01908,V0262,4769714.07,2025-03-10T22:20:28,4,RESPONSIVE
B009955,T01908,V0106,4817588.87,2025-03-16T21:37:05,5,RESPONSIVE
B009956,T01908,V0077,4850975.74,2025-03-13T01:25:21,6,RESPONSIVE
B009957,T01908,V0331,4905347.48,2025-03-12T11:07:48,7,RESPONSIVE
B009958,T01909,V0023,4332475.74,2026-08-29T01:22:49,1,RESPONSIVE
B009959,T01909,V0135,4381653.59,2026-08-30T14:42:36,2,RESPONSIVE
B009960,T01909,V0176,4492877.63,2026-08-25T13:51:28,3,RESPONSIVE
B009961,T01909,V0007,4607792.23,2026-08-26T23:54:20,4,RESPONSIVE
B009962,T01909,V0063,4700384.23,2026-08-29T14:28:10,5,RESPONSIVE
B009963,T01909,V0150,4757247.36,2026-08-24T14:56:19,6,RESPONSIVE
B009964,T01909,V0107,4765552.68,2026-08-26T03:13:07,7,RESPONSIVE
B009965,T01909,V0322,4816227.68,2026-08-24T20:43:33,8,NON_RESPONSIVE
B009966,T01910,V0198,88224355.24,2025-07-11T06:43:36,1,RESPONSIVE
B009967,T01910,V0363,91660712.21,2025-07-22T07:51:27,2,RESPONSIVE
B009968,T01910,V0274,94369350.27,2025-07-14T16:04:14,3,RESPONSIVE
B009969,T01910,V0414,95480944.55,2025-07-23T00:48:07,4,RESPONSIVE
B009970,T01910,V0039,97497650.04,2025-07-14T06:56:09,5,RESPONSIVE
B009971,T01910,V0166,97667840.04,2025-07-08T16:13:41,6,RESPONSIVE
B009972,T01910,V0117,98364307.37,2025-07-11T08:41:13,7,RESPONSIVE
B009973,T01910,V0292,98639467.46,2025-07-12T10:15:30,8,RESPONSIVE
B009974,T01911,V0532,13176346.81,2026-08-22T14:24:01,1,RESPONSIVE
B009975,T01911,V0332,13696813.79,2026-08-25T03:59:06,2,RESPONSIVE
B009976,T01911,V0247,14111048.29,2026-08-25T20:38:13,3,RESPONSIVE
B009977,T01911,V0294,14425433.4,2026-08-21T04:00:40,4,RESPONSIVE
B009978,T01911,V0495,14575043.48,2026-08-29T17:43:47,5,RESPONSIVE
B009979,T01911,V0186,14632424.66,2026-08-24T18:23:39,6,RESPONSIVE
B009980,T01911,V0004,14719349.67,2026-08-21T00:34:57,7,RESPONSIVE
B009981,T01911,V0458,14913507.38,2026-08-24T00:33:53,8,RESPONSIVE
B009982,T01911,V0489,15010303.54,2026-08-27T10:03:10,9,RESPONSIVE
B009983,T01911,V0279,15145782.97,2026-08-26T18:07:03,10,RESPONSIVE
B009984,T01911,V0361,15285777.08,2026-08-22T10:53:23,11,RESPONSIVE
B009985,T01911,V0436,15679617.6,2026-08-30T12:14:23,12,RESPONSIVE
B009986,T01912,V0242,88455923.68,2024-09-27T01:20:48,1,RESPONSIVE
B009987,T01912,V0060,88612106.48,2024-09-08T03:18:02,2,RESPONSIVE
B009988,T01912,V0457,92187205.66,2024-09-19T15:36:48,3,RESPONSIVE
B009989,T01912,V0436,96490743.63,2024-09-10T22:35:56,4,RESPONSIVE
B009990,T01912,V0451,96645082.93,2024-09-18T20:54:01,5,RESPONSIVE
B009991,T01912,V0412,98442910.95,2024-09-11T07:33:40,6,RESPONSIVE
B009992,T01912,V0066,99096040.25,2024-09-10T03:51:49,7,RESPONSIVE
B009993,T01912,V0249,107362375.31,2024-09-19T13:07:33,8,RESPONSIVE
B009994,T01913,V0167,28085916.08,2025-10-01T01:09:34,1,RESPONSIVE
B009995,T01913,V0387,28751993.37,2025-10-13T23:50:57,2,RESPONSIVE
B009996,T01913,V0081,29036941.34,2025-09-14T23:14:24,3,RESPONSIVE
B009997,T01913,V0415,32555113.6,2025-09-09T13:48:04,4,RESPONSIVE
B009998,T01914,V0280,4199312.48,2026-07-11T04:21:32,1,RESPONSIVE
B009999,T01914,V0135,4395448.97,2026-07-18T17:26:56,2,RESPONSIVE
B010000,T01914,V0541,4524057.09,2026-07-13T03:09:28,3,RESPONSIVE
B010001,T01915,V0408,1511207.83,2024-11-23T17:43:31,1,RESPONSIVE
B010002,T01915,V0475,1553404.43,2024-11-17T05:45:31,2,RESPONSIVE
B010003,T01915,V0072,1579575.11,2024-11-01T22:02:24,3,RESPONSIVE
B010004,T01915,V0049,1584368.18,2024-11-24T21:11:39,4,NON_RESPONSIVE
B010005,T01915,V0202,1595941.01,2024-11-09T02:23:22,5,RESPONSIVE
B010006,T01915,V0439,1653842.75,2024-11-15T06:44:30,6,RESPONSIVE
B010007,T01915,V0096,1679827.45,2024-11-11T07:29:48,7,RESPONSIVE
B010008,T01915,V0420,1685852.9,2024-11-22T21:56:33,8,NON_RESPONSIVE
B010009,T01915,V0395,1769830.06,2024-11-13T02:49:16,9,RESPONSIVE
B010010,T01916,V0244,35711350.53,2025-11-06T17:36:54,1,RESPONSIVE
B010011,T01916,V0281,36870283.79,2025-11-07T03:58:39,2,RESPONSIVE
B010012,T01916,V0007,37341212.54,2025-10-30T08:38:59,3,RESPONSIVE
B010013,T01916,V0269,38509319.51,2025-10-28T03:41:51,4,RESPONSIVE
B010014,T01916,V0284,38808975.31,2025-11-04T21:26:47,5,RESPONSIVE
B010015,T01916,V0374,38848729.87,2025-10-31T07:14:11,6,RESPONSIVE
B010016,T01916,V0414,39262142.42,2025-10-18T05:07:24,7,RESPONSIVE
B010017,T01916,V0117,39713509.51,2025-10-25T04:14:42,8,RESPONSIVE
B010018,T01916,V0248,41347655.71,2025-11-04T10:29:21,9,RESPONSIVE
B010019,T01917,V0114,2664473.0,2025-07-10T02:53:07,1,RESPONSIVE
B010020,T01917,V0296,2920135.87,2025-07-16T15:17:04,2,RESPONSIVE
B010021,T01918,V0431,995978.09,2025-11-05T06:41:11,1,RESPONSIVE
B010022,T01918,V0408,1042669.15,2025-10-31T02:07:00,2,RESPONSIVE
B010023,T01918,V0354,1063836.76,2025-10-29T02:11:23,3,RESPONSIVE
B010024,T01918,V0538,1106352.58,2025-11-05T23:39:02,4,RESPONSIVE
B010025,T01918,V0240,1184024.02,2025-11-01T06:50:51,5,RESPONSIVE
B010026,T01919,V0528,11675157.89,2026-06-23T06:28:12,1,RESPONSIVE
B010027,T01919,V0491,11922143.86,2026-06-11T16:04:57,2,RESPONSIVE
B010028,T01919,V0447,12130132.35,2026-06-14T08:38:16,3,RESPONSIVE
B010029,T01919,V0072,12322456.12,2026-06-18T00:31:38,4,RESPONSIVE
B010030,T01919,V0020,12467635.33,2026-06-11T19:08:04,5,RESPONSIVE
B010031,T01919,V0286,12809802.75,2026-06-17T15:10:08,6,RESPONSIVE
B010032,T01919,V0001,12889909.71,2026-06-12T15:19:20,7,RESPONSIVE
B010033,T01920,V0157,8770492.16,2025-10-24T11:46:42,1,RESPONSIVE
B010034,T01920,V0044,8815035.74,2025-10-21T09:58:45,2,RESPONSIVE
B010035,T01920,V0478,8981367.28,2025-10-26T18:36:31,3,RESPONSIVE
B010036,T01920,V0320,9047369.76,2025-10-18T23:14:40,4,RESPONSIVE
B010037,T01920,V0547,9094427.66,2025-10-28T13:38:51,5,RESPONSIVE
B010038,T01920,V0224,9174673.14,2025-10-19T21:42:01,6,RESPONSIVE
B010039,T01920,V0299,9435446.54,2025-10-20T05:10:44,7,RESPONSIVE
B010040,T01921,V0120,57739393.38,2026-07-25T10:13:15,1,RESPONSIVE
B010041,T01921,V0078,61084299.71,2026-07-25T06:39:13,2,RESPONSIVE
B010042,T01921,V0438,61270090.95,2026-07-16T22:45:47,3,RESPONSIVE
B010043,T01922,V0394,5429822.12,2025-05-01T23:38:35,1,RESPONSIVE
B010044,T01922,V0040,5457784.65,2025-04-10T06:28:29,2,RESPONSIVE
B010045,T01922,V0291,5721956.12,2025-04-29T13:53:08,3,RESPONSIVE
B010046,T01922,V0519,5767415.51,2025-04-08T16:04:19,4,RESPONSIVE
B010047,T01923,V0243,2957960.89,2026-01-01T17:19:50,1,RESPONSIVE
B010048,T01923,V0106,3181499.57,2025-12-27T10:39:13,2,RESPONSIVE
B010049,T01923,V0286,3370205.66,2025-12-23T09:47:24,3,RESPONSIVE
B010050,T01924,V0480,8157790.36,2026-01-27T01:38:37,1,RESPONSIVE
B010051,T01924,V0078,8366243.27,2026-01-10T11:20:03,2,RESPONSIVE
B010052,T01925,V0072,3192225.61,2025-10-03T02:09:52,1,RESPONSIVE
B010053,T01925,V0295,3194807.69,2025-09-21T02:45:21,2,RESPONSIVE
B010054,T01925,V0119,3208634.94,2025-10-04T03:07:18,3,RESPONSIVE
B010055,T01925,V0050,3297529.12,2025-10-04T15:06:00,4,RESPONSIVE
B010056,T01925,V0144,3307638.45,2025-09-16T17:56:47,5,RESPONSIVE
B010057,T01925,V0025,3360738.35,2025-10-04T13:57:27,6,RESPONSIVE
B010058,T01926,V0410,126706422.52,2025-03-31T11:50:27,1,RESPONSIVE
B010059,T01926,V0159,130365734.59,2025-04-21T10:43:03,2,RESPONSIVE
B010060,T01926,V0368,130785895.62,2025-04-15T21:46:42,3,RESPONSIVE
B010061,T01927,V0420,17340543.55,2025-04-27T13:05:27,1,RESPONSIVE
B010062,T01927,V0382,18121922.15,2025-05-07T18:57:17,2,RESPONSIVE
B010063,T01927,V0164,18387148.63,2025-04-27T12:36:45,3,RESPONSIVE
B010064,T01927,V0090,18473191.52,2025-04-19T12:02:01,4,RESPONSIVE
B010065,T01927,V0354,18990790.77,2025-05-09T16:50:22,5,RESPONSIVE
B010066,T01927,V0148,19091735.72,2025-04-22T11:51:15,6,RESPONSIVE
B010067,T01927,V0448,19276889.35,2025-04-30T01:53:15,7,RESPONSIVE
B010068,T01927,V0341,19370805.18,2025-04-25T00:26:00,8,RESPONSIVE
B010069,T01928,V0140,16022634.81,2024-06-26T02:11:19,1,RESPONSIVE
B010070,T01928,V0184,16138602.31,2024-06-24T22:14:42,2,RESPONSIVE
B010071,T01928,V0336,16524769.91,2024-06-21T09:13:06,3,RESPONSIVE
B010072,T01928,V0344,16706954.91,2024-06-20T13:31:07,4,RESPONSIVE
B010073,T01928,V0423,16862135.48,2024-07-06T04:18:59,5,RESPONSIVE
B010074,T01928,V0338,17110492.49,2024-06-21T06:11:24,6,RESPONSIVE
B010075,T01928,V0494,17121389.14,2024-06-24T00:47:05,7,RESPONSIVE
B010076,T01928,V0259,17794656.72,2024-07-09T11:26:37,8,RESPONSIVE
B010077,T01929,V0150,5228842.77,2024-10-01T07:59:09,1,RESPONSIVE
B010078,T01929,V0303,5404735.36,2024-09-22T22:23:19,2,RESPONSIVE
B010079,T01930,V0176,13532733.72,2025-04-24T05:59:56,1,RESPONSIVE
B010080,T01930,V0414,14583432.65,2025-04-18T03:07:34,2,RESPONSIVE
B010081,T01930,V0135,16511066.78,2025-04-23T19:32:47,3,RESPONSIVE
B010082,T01930,V0186,16815963.85,2025-04-24T18:38:55,4,RESPONSIVE
B010083,T01930,V0073,17177405.29,2025-04-13T02:16:34,5,RESPONSIVE
B010084,T01930,V0188,17568659.55,2025-04-22T00:25:41,6,RESPONSIVE
B010085,T01930,V0138,17574709.59,2025-04-13T10:22:03,7,RESPONSIVE
B010086,T01930,V0274,17685111.88,2025-04-20T06:27:55,8,RESPONSIVE
B010087,T01931,V0379,2964103.66,2026-04-24T18:55:17,1,RESPONSIVE
B010088,T01931,V0546,2977714.02,2026-04-25T04:28:23,2,RESPONSIVE
B010089,T01931,V0123,3011358.34,2026-04-27T09:24:30,3,RESPONSIVE
B010090,T01931,V0038,3076836.05,2026-04-29T13:19:07,4,RESPONSIVE
B010091,T01931,V0066,3135144.14,2026-04-29T14:03:00,5,RESPONSIVE
B010092,T01931,V0242,3159050.49,2026-04-29T11:59:56,6,RESPONSIVE
B010093,T01931,V0127,3226421.55,2026-04-22T11:07:05,7,RESPONSIVE
B010094,T01931,V0274,3286003.46,2026-04-25T05:21:05,8,NON_RESPONSIVE
B010095,T01932,V0356,86748235.22,2025-02-17T23:23:41,1,RESPONSIVE
B010096,T01932,V0385,87270239.5,2025-02-17T21:35:38,2,RESPONSIVE
B010097,T01933,V0171,65011241.31,2025-09-10T19:50:11,1,RESPONSIVE
B010098,T01933,V0392,67698985.54,2025-09-05T05:29:00,2,RESPONSIVE
B010099,T01933,V0549,68139200.82,2025-09-05T05:18:59,3,RESPONSIVE
B010100,T01933,V0308,69286409.41,2025-08-27T16:27:37,4,RESPONSIVE
B010101,T01934,V0021,7018263.46,2024-02-25T07:26:15,1,RESPONSIVE
B010102,T01934,V0044,7265292.95,2024-02-22T11:04:18,2,RESPONSIVE
B010103,T01934,V0006,7276361.22,2024-02-26T04:06:36,3,RESPONSIVE
B010104,T01934,V0191,7456460.28,2024-03-19T00:14:34,4,RESPONSIVE
B010105,T01934,V0476,7833650.53,2024-03-13T14:05:25,5,RESPONSIVE
B010106,T01934,V0511,7869514.19,2024-03-07T13:26:34,6,RESPONSIVE
B010107,T01935,V0179,8990119.25,2025-03-17T11:53:31,1,RESPONSIVE
B010108,T01935,V0034,9145484.35,2025-04-20T10:35:04,2,RESPONSIVE
B010109,T01935,V0071,9501188.74,2025-03-26T02:40:34,3,RESPONSIVE
B010110,T01935,V0215,9511718.9,2025-04-16T03:09:35,4,RESPONSIVE
B010111,T01935,V0405,9814252.25,2025-03-11T19:33:12,5,RESPONSIVE
B010112,T01935,V0485,9963487.46,2025-04-03T00:46:54,6,RESPONSIVE
B010113,T01936,V0488,2425712.29,2024-02-18T00:56:57,1,RESPONSIVE
B010114,T01936,V0187,2578553.65,2024-02-20T03:53:07,2,RESPONSIVE
B010115,T01936,V0188,2672575.65,2024-03-01T03:50:25,3,RESPONSIVE
B010116,T01937,V0386,16089990.01,2024-03-19T10:09:14,1,RESPONSIVE
B010117,T01937,V0437,18840275.56,2024-03-21T17:19:53,2,RESPONSIVE
B010118,T01938,V0456,14289922.29,2025-11-02T02:05:07,1,RESPONSIVE
B010119,T01938,V0026,14639956.3,2025-10-18T01:30:10,2,RESPONSIVE
B010120,T01939,V0437,8078125.9,2024-10-27T18:06:52,1,RESPONSIVE
B010121,T01939,V0019,8287781.2,2024-11-02T12:37:47,2,RESPONSIVE
B010122,T01939,V0320,8340602.23,2024-10-30T16:31:23,3,RESPONSIVE
B010123,T01939,V0172,8488454.47,2024-11-02T09:20:44,4,RESPONSIVE
B010124,T01940,V0071,8706593.8,2025-09-14T23:55:56,1,RESPONSIVE
B010125,T01940,V0256,8732998.88,2025-09-05T04:45:21,2,RESPONSIVE
B010126,T01940,V0034,8802768.85,2025-09-15T17:21:22,3,RESPONSIVE
B010127,T01940,V0483,8870055.93,2025-09-13T16:05:59,4,RESPONSIVE
B010128,T01940,V0530,8890804.56,2025-08-24T08:14:48,5,RESPONSIVE
B010129,T01940,V0464,9092215.41,2025-09-21T17:34:13,6,RESPONSIVE
B010130,T01941,V0045,13209449.86,2024-08-09T20:45:17,1,RESPONSIVE
B010131,T01941,V0526,13472348.74,2024-08-08T08:33:28,2,NON_RESPONSIVE
B010132,T01941,V0324,13779869.14,2024-07-28T00:01:26,3,RESPONSIVE
B010133,T01941,V0476,14092432.39,2024-08-08T07:54:20,4,RESPONSIVE
B010134,T01941,V0153,14105355.09,2024-07-29T20:52:10,5,RESPONSIVE
B010135,T01941,V0279,14844009.88,2024-08-07T23:07:38,6,RESPONSIVE
B010136,T01941,V0325,15131483.21,2024-08-02T03:44:51,7,RESPONSIVE
B010137,T01942,V0515,12318788.0,2024-01-22T03:18:54,1,NON_RESPONSIVE
B010138,T01942,V0340,13061661.83,2024-01-14T07:55:57,2,RESPONSIVE
B010139,T01943,V0456,21026618.54,2025-06-14T08:55:51,1,RESPONSIVE
B010140,T01943,V0338,21877947.19,2025-06-16T01:02:04,2,RESPONSIVE
B010141,T01944,V0209,40948382.87,2025-12-21T23:46:41,1,RESPONSIVE
B010142,T01944,V0379,42614335.96,2026-01-11T20:56:34,2,RESPONSIVE
B010143,T01944,V0412,44718933.52,2026-01-15T18:03:16,3,RESPONSIVE
B010144,T01944,V0027,44750635.08,2026-01-09T06:55:07,4,RESPONSIVE
B010145,T01944,V0327,45307829.43,2026-01-15T18:51:43,5,RESPONSIVE
B010146,T01945,V0515,25037355.54,2024-10-16T09:30:03,1,RESPONSIVE
B010147,T01945,V0280,26080200.53,2024-10-31T00:24:32,2,RESPONSIVE
B010148,T01945,V0186,26497321.5,2024-10-31T01:43:57,3,RESPONSIVE
B010149,T01945,V0363,26607177.44,2024-10-16T06:10:02,4,RESPONSIVE
B010150,T01945,V0310,26764217.12,2024-10-30T03:13:55,5,RESPONSIVE
B010151,T01945,V0201,27196969.82,2024-10-24T03:29:27,6,RESPONSIVE
B010152,T01945,V0468,28063273.38,2024-09-27T08:22:36,7,RESPONSIVE
B010153,T01946,V0540,20076001.85,2025-04-27T02:09:56,1,RESPONSIVE
B010154,T01946,V0536,21657865.64,2025-04-11T07:10:25,2,RESPONSIVE
B010155,T01946,V0149,22435566.56,2025-05-06T04:18:47,3,RESPONSIVE
B010156,T01946,V0395,24290417.82,2025-04-27T03:02:46,4,RESPONSIVE
B010157,T01947,V0039,54818788.09,2024-11-26T12:55:36,1,RESPONSIVE
B010158,T01947,V0122,56752432.96,2024-12-15T05:41:25,2,RESPONSIVE
B010159,T01947,V0451,59114311.96,2024-12-22T11:06:32,3,RESPONSIVE
B010160,T01947,V0363,59469058.77,2024-12-20T13:14:47,4,RESPONSIVE
B010161,T01947,V0457,60296102.9,2024-12-19T11:38:54,5,RESPONSIVE
B010162,T01947,V0093,60979215.94,2024-12-21T18:44:10,6,RESPONSIVE
B010163,T01947,V0269,61503316.16,2024-11-28T00:09:17,7,RESPONSIVE
B010164,T01948,V0178,7346844.11,2024-02-29T07:28:16,1,RESPONSIVE
B010165,T01948,V0258,7700156.26,2024-02-23T08:49:59,2,RESPONSIVE
B010166,T01948,V0070,7869773.11,2024-03-09T05:34:02,3,RESPONSIVE
B010167,T01948,V0113,7897825.39,2024-03-04T17:10:48,4,RESPONSIVE
B010168,T01948,V0513,7951315.68,2024-02-06T00:42:31,5,RESPONSIVE
B010169,T01948,V0086,8030374.97,2024-02-09T01:43:30,6,RESPONSIVE
B010170,T01948,V0008,8237483.61,2024-03-08T21:10:52,7,RESPONSIVE
B010171,T01948,V0277,8370141.61,2024-03-07T21:46:10,8,NON_RESPONSIVE
B010172,T01948,V0459,8789653.71,2024-03-04T00:33:55,9,RESPONSIVE
B010173,T01949,V0346,34559993.96,2025-08-10T14:01:31,1,RESPONSIVE
B010174,T01949,V0525,35112749.76,2025-08-15T21:05:25,2,RESPONSIVE
B010175,T01949,V0526,35421068.29,2025-08-13T16:48:49,3,NON_RESPONSIVE
B010176,T01950,V0332,9771944.09,2026-08-10T00:30:33,1,RESPONSIVE
B010177,T01950,V0455,10253641.66,2026-08-11T15:28:09,2,RESPONSIVE
B010178,T01950,V0415,10482229.44,2026-08-02T00:38:25,3,NON_RESPONSIVE
B010179,T01950,V0516,10767901.63,2026-08-07T22:25:50,4,NON_RESPONSIVE
B010180,T01951,V0443,5977952.19,2026-07-27T21:54:28,1,RESPONSIVE
B010181,T01951,V0193,6248109.94,2026-07-27T19:51:50,2,RESPONSIVE
B010182,T01952,V0082,3339232.31,2026-05-15T04:40:37,1,RESPONSIVE
B010183,T01952,V0370,3375685.61,2026-05-15T18:39:30,2,RESPONSIVE
B010184,T01952,V0195,3380590.47,2026-05-24T22:00:46,3,RESPONSIVE
B010185,T01952,V0276,3470979.09,2026-05-15T09:27:32,4,RESPONSIVE
B010186,T01952,V0327,3506131.43,2026-05-16T08:52:50,5,RESPONSIVE
B010187,T01952,V0379,3514703.87,2026-05-24T10:08:08,6,RESPONSIVE
B010188,T01953,V0310,7545817.47,2024-11-06T10:16:42,1,RESPONSIVE
B010189,T01953,V0280,7615951.71,2024-11-20T10:42:00,2,RESPONSIVE
B010190,T01953,V0523,7662001.11,2024-11-12T05:24:54,3,RESPONSIVE
B010191,T01953,V0248,7746291.68,2024-11-17T22:45:16,4,RESPONSIVE
B010192,T01953,V0361,8252520.51,2024-11-11T15:28:37,5,RESPONSIVE
B010193,T01953,V0468,8519490.7,2024-10-31T14:40:28,6,RESPONSIVE
B010194,T01953,V0219,8621552.45,2024-11-20T06:37:44,7,RESPONSIVE
B010195,T01953,V0254,8784456.72,2024-11-12T15:42:18,8,RESPONSIVE
B010196,T01954,V0463,8426594.62,2025-01-15T20:03:04,1,RESPONSIVE
B010197,T01954,V0307,8518995.43,2025-01-14T00:41:21,2,RESPONSIVE
B010198,T01954,V0061,8688566.03,2025-01-24T19:29:32,3,RESPONSIVE
B010199,T01954,V0202,8925221.19,2025-01-02T06:34:13,4,RESPONSIVE
B010200,T01954,V0535,8993964.82,2025-01-03T15:43:56,5,RESPONSIVE
B010201,T01954,V0200,9159952.78,2025-01-03T09:55:30,6,RESPONSIVE
B010202,T01955,V0288,5720950.1,2025-07-17T02:31:47,1,NON_RESPONSIVE
B010203,T01955,V0488,5841448.56,2025-07-14T11:55:35,2,RESPONSIVE
B010204,T01955,V0340,5988140.48,2025-07-18T05:47:21,3,RESPONSIVE
B010205,T01955,V0255,6057165.53,2025-07-16T23:38:01,4,RESPONSIVE
B010206,T01955,V0438,6068232.46,2025-07-15T20:56:32,5,RESPONSIVE
B010207,T01955,V0064,6138045.14,2025-07-19T00:59:32,6,RESPONSIVE
B010208,T01955,V0187,6462042.81,2025-07-17T02:26:05,7,RESPONSIVE
B010209,T01956,V0104,3731001.85,2025-01-20T15:54:52,1,RESPONSIVE
B010210,T01956,V0406,3781661.65,2025-01-14T20:57:55,2,RESPONSIVE
B010211,T01956,V0229,3825451.14,2025-01-17T02:36:18,3,RESPONSIVE
B010212,T01956,V0264,3901116.94,2025-01-16T10:47:27,4,RESPONSIVE
B010213,T01956,V0498,3908994.44,2025-01-16T07:32:11,5,RESPONSIVE
B010214,T01956,V0033,4011471.06,2025-01-15T14:54:36,6,RESPONSIVE
B010215,T01956,V0486,4118641.73,2025-01-21T03:45:22,7,RESPONSIVE
B010216,T01957,V0426,107052191.61,2024-09-22T18:08:08,1,RESPONSIVE
B010217,T01957,V0205,114150071.81,2024-10-06T05:03:26,2,RESPONSIVE
B010218,T01958,V0458,16352370.8,2026-05-26T18:58:02,1,RESPONSIVE
B010219,T01958,V0377,17383620.99,2026-06-14T11:59:14,2,RESPONSIVE
B010220,T01958,V0380,17816172.33,2026-06-03T04:17:17,3,RESPONSIVE
B010221,T01958,V0142,18169164.59,2026-05-28T12:37:41,4,RESPONSIVE
B010222,T01958,V0263,19230399.89,2026-06-02T18:57:27,5,RESPONSIVE
B010223,T01959,V0355,3455312.19,2026-04-11T10:05:40,1,RESPONSIVE
B010224,T01959,V0020,3560280.68,2026-04-29T20:28:05,2,RESPONSIVE
B010225,T01959,V0460,3594140.51,2026-04-20T23:29:05,3,RESPONSIVE
B010226,T01959,V0025,3640998.82,2026-04-23T14:20:58,4,RESPONSIVE
B010227,T01959,V0026,3704364.33,2026-04-10T01:00:47,5,RESPONSIVE
B010228,T01959,V0223,3707641.43,2026-04-10T00:58:23,6,RESPONSIVE
B010229,T01959,V0184,3728447.19,2026-04-25T07:03:03,7,RESPONSIVE
B010230,T01959,V0144,3739669.91,2026-04-09T03:02:14,8,RESPONSIVE
B010231,T01959,V0041,3791153.99,2026-04-23T14:44:10,9,RESPONSIVE
B010232,T01959,V0113,3824023.56,2026-04-24T11:14:59,10,RESPONSIVE
B010233,T01959,V0407,3850308.77,2026-04-28T10:11:07,11,RESPONSIVE
B010234,T01960,V0120,11271272.11,2025-08-04T19:54:57,1,RESPONSIVE
B010235,T01960,V0332,11675565.14,2025-09-01T15:05:30,2,RESPONSIVE
B010236,T01960,V0483,11776867.52,2025-08-01T16:37:47,3,RESPONSIVE
B010237,T01960,V0044,11928560.55,2025-08-16T13:48:14,4,RESPONSIVE
B010238,T01960,V0028,12056533.37,2025-08-15T14:26:44,5,RESPONSIVE
B010239,T01960,V0356,12400727.33,2025-09-05T16:44:42,6,RESPONSIVE
B010240,T01961,V0484,21560557.19,2026-06-07T07:28:58,1,RESPONSIVE
B010241,T01961,V0495,22084125.05,2026-05-21T11:55:06,2,NON_RESPONSIVE
B010242,T01961,V0186,22776962.4,2026-06-25T16:59:36,3,RESPONSIVE
B010243,T01961,V0335,23939974.79,2026-06-07T09:17:44,4,RESPONSIVE
B010244,T01962,V0061,4678159.04,2025-07-03T02:25:31,1,RESPONSIVE
B010245,T01962,V0106,4805824.74,2025-07-03T02:23:06,2,RESPONSIVE
B010246,T01963,V0550,155808881.75,2025-02-18T16:05:58,1,RESPONSIVE
B010247,T01963,V0387,162085886.46,2025-02-08T05:20:02,2,RESPONSIVE
B010248,T01964,V0193,11470285.28,2024-07-07T01:20:47,1,RESPONSIVE
B010249,T01964,V0159,11473243.8,2024-07-09T13:34:58,2,RESPONSIVE
B010250,T01964,V0095,11475168.24,2024-06-24T05:29:36,3,RESPONSIVE
B010251,T01964,V0045,11483972.37,2024-07-07T18:31:03,4,RESPONSIVE
B010252,T01964,V0110,11730849.07,2024-07-02T06:52:21,5,RESPONSIVE
B010253,T01964,V0121,11840281.66,2024-07-03T01:00:00,6,RESPONSIVE
B010254,T01964,V0427,12052805.32,2024-07-03T19:47:45,7,RESPONSIVE
B010255,T01964,V0526,12227773.55,2024-07-02T16:46:19,8,RESPONSIVE
B010256,T01964,V0081,13123123.38,2024-07-10T22:52:54,9,RESPONSIVE
B010257,T01965,V0352,74328667.93,2024-02-07T20:42:38,1,RESPONSIVE
B010258,T01965,V0269,75757716.43,2024-01-23T17:15:43,2,RESPONSIVE
B010259,T01965,V0451,77774049.13,2024-01-19T04:32:04,3,RESPONSIVE
B010260,T01965,V0363,77848169.49,2024-02-01T01:06:35,4,RESPONSIVE
B010261,T01965,V0062,78663594.74,2024-02-13T21:42:21,5,RESPONSIVE
B010262,T01965,V0059,78927902.81,2024-01-26T15:58:25,6,RESPONSIVE
B010263,T01965,V0016,79892941.92,2024-01-25T23:14:53,7,RESPONSIVE
B010264,T01965,V0132,83995566.59,2024-01-26T06:43:07,8,RESPONSIVE
B010265,T01966,V0370,3228778.42,2026-06-25T11:16:56,1,RESPONSIVE
B010266,T01966,V0066,3496069.83,2026-06-11T22:55:26,2,RESPONSIVE
B010267,T01966,V0292,3531485.43,2026-06-15T18:21:14,3,RESPONSIVE
B010268,T01967,V0258,63503714.76,2024-03-23T18:12:31,1,RESPONSIVE
B010269,T01967,V0383,67110876.15,2024-03-20T15:16:35,2,RESPONSIVE
B010270,T01968,V0088,29459425.57,2026-08-16T23:53:24,1,RESPONSIVE
B010271,T01968,V0400,30693218.25,2026-08-01T01:47:29,2,RESPONSIVE
B010272,T01968,V0438,32434614.81,2026-07-26T22:20:09,3,RESPONSIVE
B010273,T01968,V0091,33222020.57,2026-07-26T10:32:12,4,RESPONSIVE
B010274,T01969,V0494,6035574.82,2025-09-14T10:31:35,1,RESPONSIVE
B010275,T01969,V0456,6298519.24,2025-09-14T09:25:32,2,RESPONSIVE
B010276,T01969,V0396,6421934.13,2025-09-22T15:35:51,3,NON_RESPONSIVE
B010277,T01970,V0274,19708304.55,2025-08-14T06:19:29,1,RESPONSIVE
B010278,T01970,V0281,19948731.81,2025-08-11T00:01:34,2,RESPONSIVE
B010279,T01971,V0292,1509013.07,2024-04-16T20:38:02,1,RESPONSIVE
B010280,T01971,V0379,1515223.85,2024-04-27T06:25:48,2,RESPONSIVE
B010281,T01971,V0014,1537638.7,2024-04-09T03:28:24,3,RESPONSIVE
B010282,T01971,V0066,1552812.76,2024-04-05T15:40:14,4,RESPONSIVE
B010283,T01971,V0244,1552816.2,2024-04-05T01:18:20,5,RESPONSIVE
B010284,T01972,V0386,5247066.17,2026-03-25T12:57:38,1,RESPONSIVE
B010285,T01972,V0078,5640240.61,2026-03-02T20:48:12,2,RESPONSIVE
B010286,T01972,V0250,6296630.08,2026-03-03T05:30:55,3,RESPONSIVE
B010287,T01972,V0172,6385909.04,2026-03-05T08:36:06,4,RESPONSIVE
B010288,T01972,V0095,6493043.59,2026-03-15T21:29:21,5,RESPONSIVE
B010289,T01972,V0358,6523325.97,2026-03-15T22:53:57,6,RESPONSIVE
B010290,T01972,V0517,6619957.89,2026-03-20T04:39:39,7,RESPONSIVE
B010291,T01972,V0311,6776308.97,2026-03-25T01:39:42,8,RESPONSIVE
B010292,T01972,V0359,6828660.3,2026-03-16T02:20:36,9,RESPONSIVE
B010293,T01973,V0243,8937872.99,2026-01-02T09:07:05,1,RESPONSIVE
B010294,T01973,V0229,9266912.72,2026-01-13T11:08:25,2,RESPONSIVE
B010295,T01973,V0141,9373555.52,2026-01-11T12:56:23,3,RESPONSIVE
B010296,T01973,V0168,9448687.17,2026-01-28T10:45:05,4,RESPONSIVE
B010297,T01973,V0012,9830909.65,2026-01-02T12:14:40,5,RESPONSIVE
B010298,T01974,V0236,2482853.93,2025-06-03T07:02:57,1,RESPONSIVE
B010299,T01974,V0003,2492697.42,2025-06-02T19:01:30,2,RESPONSIVE
B010300,T01975,V0232,8996069.18,2025-03-06T09:11:58,1,RESPONSIVE
B010301,T01975,V0528,9028474.7,2025-03-17T00:20:08,2,RESPONSIVE
B010302,T01975,V0262,10008422.96,2025-03-14T05:12:34,3,RESPONSIVE
B010303,T01975,V0463,10374941.09,2025-03-10T07:39:44,4,RESPONSIVE
B010304,T01976,V0474,44865248.94,2026-06-24T03:07:28,1,RESPONSIVE
B010305,T01976,V0281,46906496.53,2026-06-29T11:52:00,2,RESPONSIVE
B010306,T01976,V0209,47059482.45,2026-06-26T21:02:52,3,RESPONSIVE
B010307,T01976,V0242,48290149.01,2026-06-30T23:03:26,4,RESPONSIVE
B010308,T01977,V0151,12715076.44,2024-12-15T02:51:06,1,RESPONSIVE
B010309,T01977,V0127,13197909.2,2024-12-16T05:03:22,2,RESPONSIVE
B010310,T01977,V0352,13957952.44,2024-12-15T04:12:41,3,RESPONSIVE
B010311,T01978,V0532,719231.47,2025-02-01T05:33:03,1,RESPONSIVE
B010312,T01978,V0245,738679.45,2025-01-24T17:10:47,2,RESPONSIVE
B010313,T01978,V0453,742834.2,2025-01-22T21:53:20,3,RESPONSIVE
B010314,T01978,V0160,773482.62,2025-01-27T18:04:16,4,RESPONSIVE
B010315,T01979,V0215,4813719.31,2026-03-07T08:59:57,1,RESPONSIVE
B010316,T01979,V0035,5025867.22,2026-03-09T09:00:28,2,RESPONSIVE
B010317,T01980,V0191,6334605.86,2025-12-15T09:49:46,1,RESPONSIVE
B010318,T01980,V0089,6442864.19,2025-12-30T02:26:54,2,RESPONSIVE
B010319,T01980,V0516,6842844.86,2025-11-29T15:33:24,3,RESPONSIVE
B010320,T01980,V0437,6961249.91,2025-12-05T19:35:01,4,RESPONSIVE
B010321,T01980,V0357,7064404.94,2025-12-17T09:26:51,5,RESPONSIVE
B010322,T01981,V0073,33768880.54,2025-02-20T15:50:03,1,RESPONSIVE
B010323,T01981,V0188,33826743.46,2025-03-07T06:18:34,2,RESPONSIVE
B010324,T01981,V0208,33826843.32,2025-03-07T22:47:51,3,RESPONSIVE
B010325,T01981,V0288,33875355.61,2025-03-05T22:43:49,4,RESPONSIVE
B010326,T01981,V0270,33902205.66,2025-02-25T04:32:37,5,RESPONSIVE
B010327,T01981,V0242,35722627.66,2025-03-02T19:30:46,6,RESPONSIVE
B010328,T01982,V0371,299508444.49,2025-07-31T03:37:01,1,RESPONSIVE
B010329,T01982,V0464,308570799.72,2025-08-01T10:21:36,2,RESPONSIVE
B010330,T01982,V0550,311882034.7,2025-08-02T19:22:04,3,RESPONSIVE
B010331,T01982,V0342,320206579.52,2025-08-12T04:17:33,4,RESPONSIVE
B010332,T01982,V0224,339773514.02,2025-08-06T01:49:21,5,RESPONSIVE
B010333,T01983,V0494,22863887.53,2024-11-23T13:49:57,1,RESPONSIVE
B010334,T01983,V0277,23637327.16,2024-11-22T10:05:05,2,RESPONSIVE
B010335,T01983,V0215,23947439.71,2024-11-11T10:32:53,3,RESPONSIVE
B010336,T01983,V0396,24082370.07,2024-11-18T08:13:25,4,RESPONSIVE
B010337,T01983,V0152,24245312.74,2024-11-12T23:51:41,5,RESPONSIVE
B010338,T01983,V0085,25058039.71,2024-11-14T06:33:16,6,RESPONSIVE
B010339,T01983,V0259,26211231.88,2024-11-13T09:58:29,7,RESPONSIVE
B010340,T01983,V0365,26420014.14,2024-11-16T06:07:46,8,RESPONSIVE
B010341,T01984,V0346,23470788.06,2025-05-27T17:23:44,1,RESPONSIVE
B010342,T01984,V0531,24118811.65,2025-05-22T15:50:58,2,RESPONSIVE
B010343,T01984,V0427,24770083.13,2025-05-19T07:34:42,3,RESPONSIVE
B010344,T01984,V0273,26133295.41,2025-05-14T22:23:19,4,RESPONSIVE
B010345,T01984,V0091,26696604.46,2025-05-24T16:49:57,5,RESPONSIVE
B010346,T01984,V0437,27690178.69,2025-06-04T17:26:00,6,RESPONSIVE
B010347,T01985,V0065,5235886.0,2025-08-04T00:46:50,1,RESPONSIVE
B010348,T01985,V0335,5282726.24,2025-07-26T16:29:11,2,RESPONSIVE
B010349,T01985,V0142,5413451.45,2025-07-21T19:20:51,3,RESPONSIVE
B010350,T01985,V0458,5475630.04,2025-07-27T09:58:40,4,RESPONSIVE
B010351,T01985,V0425,5481725.16,2025-07-17T07:26:35,5,RESPONSIVE
B010352,T01985,V0303,5552345.03,2025-08-06T20:54:09,6,RESPONSIVE
B010353,T01985,V0197,5722920.37,2025-07-08T16:29:48,7,RESPONSIVE
B010354,T01986,V0392,22646203.98,2025-02-18T18:23:07,1,RESPONSIVE
B010355,T01986,V0433,24866485.98,2025-02-19T03:00:26,2,RESPONSIVE
B010356,T01986,V0023,25486261.54,2025-03-02T13:40:48,3,RESPONSIVE
B010357,T01986,V0338,25932653.29,2025-03-01T23:01:10,4,RESPONSIVE
B010358,T01986,V0298,26946097.73,2025-02-09T22:18:55,5,RESPONSIVE
B010359,T01986,V0258,27576770.95,2025-03-02T17:20:54,6,NON_RESPONSIVE
B010360,T01987,V0250,38666176.59,2024-05-25T14:57:15,1,RESPONSIVE
B010361,T01987,V0547,39999077.41,2024-06-02T17:18:28,2,RESPONSIVE
B010362,T01987,V0430,40395370.6,2024-06-02T18:49:31,3,RESPONSIVE
B010363,T01987,V0506,40671978.49,2024-05-24T06:53:26,4,RESPONSIVE
B010364,T01988,V0289,11732528.86,2024-10-01T19:36:41,1,RESPONSIVE
B010365,T01988,V0381,11780986.36,2024-09-30T06:32:58,2,RESPONSIVE
B010366,T01988,V0091,12243595.78,2024-10-07T13:50:22,3,RESPONSIVE
B010367,T01988,V0019,12302045.08,2024-10-04T01:20:12,4,RESPONSIVE
B010368,T01988,V0359,12314903.17,2024-10-08T16:42:02,5,RESPONSIVE
B010369,T01988,V0489,12557589.88,2024-09-29T23:12:09,6,RESPONSIVE
B010370,T01988,V0478,12829051.14,2024-09-21T02:36:58,7,RESPONSIVE
B010371,T01988,V0429,12878549.27,2024-09-29T13:37:10,8,RESPONSIVE
B010372,T01989,V0513,4148292.43,2026-03-16T00:02:03,1,RESPONSIVE
B010373,T01989,V0277,4387723.12,2026-03-14T14:03:47,2,RESPONSIVE
B010374,T01989,V0259,4485339.87,2026-03-21T13:12:09,3,NON_RESPONSIVE
B010375,T01990,V0397,4933448.03,2024-05-31T14:14:03,1,RESPONSIVE
B010376,T01990,V0161,5178937.48,2024-06-01T13:51:12,2,RESPONSIVE
B010377,T01990,V0373,5246512.32,2024-05-16T16:38:20,3,RESPONSIVE
B010378,T01990,V0304,5263418.36,2024-05-27T22:46:21,4,RESPONSIVE
B010379,T01990,V0488,5305945.6,2024-05-24T08:34:12,5,RESPONSIVE
B010380,T01990,V0438,5391344.77,2024-06-02T10:30:43,6,RESPONSIVE
B010381,T01990,V0464,5414866.14,2024-05-23T11:02:13,7,RESPONSIVE
B010382,T01990,V0263,5444436.27,2024-05-27T14:05:28,8,RESPONSIVE
B010383,T01990,V0509,5459555.99,2024-05-22T15:31:23,9,RESPONSIVE
B010384,T01991,V0080,4261543.21,2024-04-02T01:04:18,1,RESPONSIVE
B010385,T01991,V0344,4267420.19,2024-04-04T20:03:10,2,NON_RESPONSIVE
B010386,T01991,V0079,4368546.68,2024-04-10T20:06:47,3,RESPONSIVE
B010387,T01991,V0174,4410431.95,2024-03-26T03:49:03,4,RESPONSIVE
B010388,T01991,V0336,4500864.03,2024-04-11T12:47:26,5,RESPONSIVE
B010389,T01992,V0212,21993245.76,2024-12-19T12:38:50,1,RESPONSIVE
B010390,T01992,V0332,23523896.49,2024-12-17T06:10:21,2,RESPONSIVE
B010391,T01992,V0366,23952103.08,2024-12-14T02:53:12,3,RESPONSIVE
B010392,T01992,V0438,24052881.6,2024-12-23T18:00:32,4,RESPONSIVE
B010393,T01992,V0304,24376576.35,2024-12-24T11:26:32,5,RESPONSIVE
B010394,T01992,V0088,24503712.08,2024-12-15T23:25:16,6,RESPONSIVE
B010395,T01992,V0100,24996705.8,2024-12-16T08:59:46,7,RESPONSIVE
B010396,T01992,V0531,25329229.82,2024-12-22T11:11:50,8,RESPONSIVE
B010397,T01993,V0259,22353575.7,2024-09-23T02:15:31,1,RESPONSIVE
B010398,T01993,V0023,22697363.35,2024-09-06T16:48:02,2,RESPONSIVE
B010399,T01993,V0241,23055089.19,2024-09-12T12:20:23,3,RESPONSIVE
B010400,T01993,V0495,23425582.54,2024-09-19T01:19:59,4,RESPONSIVE
B010401,T01993,V0336,23587449.42,2024-09-25T05:20:46,5,RESPONSIVE
B010402,T01993,V0383,24165736.74,2024-09-18T07:05:00,6,RESPONSIVE
B010403,T01994,V0120,57795496.44,2024-06-25T09:40:06,1,RESPONSIVE
B010404,T01994,V0121,60597036.76,2024-06-27T16:41:43,2,RESPONSIVE
B010405,T01994,V0118,62704642.75,2024-06-29T15:23:10,3,RESPONSIVE
B010406,T01994,V0339,64552626.36,2024-07-01T08:27:43,4,RESPONSIVE
B010407,T01994,V0376,65263762.24,2024-06-21T19:09:46,5,RESPONSIVE
B010408,T01994,V0399,65287047.86,2024-07-01T18:05:19,6,RESPONSIVE
B010409,T01994,V0359,65648353.57,2024-06-21T10:11:36,7,RESPONSIVE
B010410,T01994,V0094,66480325.93,2024-06-20T06:53:44,8,RESPONSIVE
B010411,T01995,V0191,13893812.15,2024-02-13T05:10:41,1,RESPONSIVE
B010412,T01995,V0120,14115214.87,2024-02-10T08:53:53,2,RESPONSIVE
B010413,T01995,V0271,14451728.56,2024-02-10T00:17:15,3,RESPONSIVE
B010414,T01995,V0220,14716104.25,2024-02-07T14:35:29,4,RESPONSIVE
B010415,T01996,V0021,45821437.47,2026-05-25T20:42:40,1,RESPONSIVE
B010416,T01996,V0516,51905652.07,2026-05-08T12:47:28,2,RESPONSIVE
B010417,T01996,V0017,52701803.6,2026-06-02T15:46:08,3,RESPONSIVE
B010418,T01996,V0391,55401131.77,2026-05-08T22:34:12,4,RESPONSIVE
B010419,T01997,V0420,3521490.12,2025-07-24T23:22:06,1,RESPONSIVE
B010420,T01997,V0041,3679282.85,2025-08-13T14:44:52,2,NON_RESPONSIVE
B010421,T01997,V0350,3728760.45,2025-07-23T22:40:45,3,RESPONSIVE
B010422,T01997,V0083,3740704.96,2025-07-20T21:14:32,4,RESPONSIVE
B010423,T01997,V0431,3743822.89,2025-07-31T17:51:35,5,RESPONSIVE
B010424,T01997,V0529,3851157.28,2025-08-09T04:48:33,6,RESPONSIVE
B010425,T01997,V0499,3856387.16,2025-08-18T05:14:40,7,RESPONSIVE
B010426,T01997,V0439,3935597.59,2025-08-17T19:01:21,8,RESPONSIVE
B010427,T01997,V0119,3983243.93,2025-07-25T23:43:07,9,RESPONSIVE
B010428,T01998,V0123,10023323.98,2024-10-02T20:57:46,1,RESPONSIVE
B010429,T01998,V0254,10034188.59,2024-10-09T02:06:30,2,RESPONSIVE
B010430,T01998,V0318,10408349.19,2024-10-06T22:41:11,3,RESPONSIVE
B010431,T01998,V0405,10673462.82,2024-10-09T04:19:59,4,RESPONSIVE
B010432,T01999,V0465,2322556.3,2026-08-15T05:28:20,1,RESPONSIVE
B010433,T01999,V0184,2518547.09,2026-08-29T03:46:13,2,RESPONSIVE
B010434,T01999,V0434,2542735.26,2026-08-26T19:51:27,3,RESPONSIVE
B010435,T01999,V0545,2582562.42,2026-07-31T09:50:49,4,RESPONSIVE
B010436,T01999,V0035,2633638.33,2026-07-22T22:59:11,5,RESPONSIVE
B010437,T02000,V0415,288972729.29,2025-03-11T12:30:55,1,RESPONSIVE
B010438,T02000,V0400,301737459.16,2025-03-26T09:37:19,2,RESPONSIVE
B010439,T02001,V0502,14397039.27,2026-02-10T22:05:58,1,RESPONSIVE
B010440,T02001,V0495,14492304.69,2026-02-07T20:33:04,2,RESPONSIVE
B010441,T02001,V0013,14685095.03,2026-02-02T09:42:37,3,RESPONSIVE
B010442,T02001,V0023,15503733.46,2026-02-05T13:44:15,4,RESPONSIVE
B010443,T02001,V0047,15565549.83,2026-02-11T16:16:36,5,RESPONSIVE
B010444,T02002,V0206,37344373.07,2024-03-20T22:57:49,1,RESPONSIVE
B010445,T02002,V0347,39888740.54,2024-03-22T08:08:05,2,RESPONSIVE
B010446,T02003,V0443,45766943.5,2026-02-25T21:31:17,1,RESPONSIVE
B010447,T02003,V0346,46817968.93,2026-03-01T05:19:09,2,RESPONSIVE
B010448,T02003,V0359,47342430.05,2026-03-06T21:08:31,3,RESPONSIVE
B010449,T02003,V0480,48930621.78,2026-03-16T09:43:55,4,RESPONSIVE
B010450,T02003,V0095,50163667.3,2026-02-23T07:15:46,5,RESPONSIVE
B010451,T02003,V0372,50937624.49,2026-03-09T09:25:37,6,RESPONSIVE
B010452,T02004,V0412,10222238.31,2026-02-12T19:38:17,1,RESPONSIVE
B010453,T02004,V0242,10226146.11,2026-03-02T07:57:15,2,RESPONSIVE
B010454,T02004,V0316,10575969.05,2026-03-02T17:02:29,3,RESPONSIVE
B010455,T02004,V0274,10577248.51,2026-01-25T02:57:13,4,RESPONSIVE
B010456,T02004,V0016,10592010.0,2026-02-07T00:51:10,5,RESPONSIVE
B010457,T02004,V0206,10714072.23,2026-01-26T17:35:06,6,RESPONSIVE
B010458,T02004,V0060,10849951.38,2026-02-22T13:04:15,7,RESPONSIVE
B010459,T02004,V0209,11003444.76,2026-03-03T20:34:44,8,RESPONSIVE
B010460,T02005,V0523,33754697.41,2024-06-09T14:05:51,1,RESPONSIVE
B010461,T02005,V0176,33792938.64,2024-06-14T19:59:25,2,RESPONSIVE
B010462,T02005,V0413,35352359.64,2024-06-11T16:54:55,3,RESPONSIVE
B010463,T02006,V0364,1278202.35,2026-06-27T21:02:07,1,RESPONSIVE
B010464,T02006,V0379,1279760.23,2026-06-26T15:13:34,2,RESPONSIVE
B010465,T02006,V0242,1280794.12,2026-06-26T07:48:45,3,RESPONSIVE
B010466,T02006,V0195,1292079.46,2026-07-18T05:48:25,4,RESPONSIVE
B010467,T02006,V0274,1310004.39,2026-07-07T05:57:09,5,RESPONSIVE
B010468,T02006,V0066,1340554.87,2026-06-29T14:22:34,6,RESPONSIVE
B010469,T02006,V0211,1362429.0,2026-07-06T08:58:04,7,RESPONSIVE
B010470,T02006,V0327,1365520.55,2026-07-20T07:17:58,8,RESPONSIVE
B010471,T02006,V0082,1395813.96,2026-07-18T03:26:26,9,RESPONSIVE
B010472,T02007,V0538,1801232.18,2026-08-01T19:32:18,1,RESPONSIVE
B010473,T02007,V0350,1884363.24,2026-08-11T15:34:04,2,RESPONSIVE
B010474,T02008,V0332,10072950.55,2025-05-01T11:24:13,1,RESPONSIVE
B010475,T02008,V0182,10445822.2,2025-05-05T21:03:49,2,RESPONSIVE
B010476,T02009,V0247,2605701.57,2026-03-26T02:50:13,1,RESPONSIVE
B010477,T02009,V0429,2607272.13,2026-03-06T12:22:30,2,RESPONSIVE
B010478,T02009,V0078,2872282.24,2026-02-24T20:26:52,3,RESPONSIVE
B010479,T02009,V0044,3017068.17,2026-04-05T08:06:24,4,RESPONSIVE
B010480,T02010,V0376,20431202.28,2024-10-06T01:48:49,1,RESPONSIVE
B010481,T02010,V0250,21544329.13,2024-10-11T03:25:41,2,RESPONSIVE
B010482,T02010,V0130,22050907.67,2024-10-11T11:36:32,3,RESPONSIVE
B010483,T02011,V0274,16205263.57,2024-09-28T07:31:58,1,RESPONSIVE
B010484,T02011,V0412,16210058.73,2024-09-28T12:34:24,2,RESPONSIVE
B010485,T02011,V0347,16517393.45,2024-09-24T10:56:35,3,RESPONSIVE
B010486,T02011,V0209,16848523.93,2024-09-18T01:21:36,4,RESPONSIVE
B010487,T02011,V0066,17219487.17,2024-09-08T15:34:48,5,RESPONSIVE
B010488,T02011,V0280,17321665.01,2024-09-15T03:19:15,6,RESPONSIVE
B010489,T02012,V0392,6451492.78,2024-01-22T23:42:32,1,RESPONSIVE
B010490,T02012,V0497,6543622.54,2024-01-20T15:35:35,2,RESPONSIVE
B010491,T02012,V0025,6918260.97,2024-01-22T19:06:27,3,RESPONSIVE
B010492,T02013,V0422,1697137.51,2025-06-24T22:27:42,1,RESPONSIVE
B010493,T02013,V0160,1730561.56,2025-05-25T18:14:58,2,RESPONSIVE
B010494,T02013,V0419,1733961.29,2025-05-24T13:50:48,3,RESPONSIVE
B010495,T02014,V0313,2121036.88,2026-06-27T22:21:07,1,RESPONSIVE
B010496,T02014,V0547,2298127.07,2026-06-22T08:19:38,2,RESPONSIVE
B010497,T02015,V0113,12438163.5,2026-06-06T19:48:28,1,RESPONSIVE
B010498,T02015,V0025,12698763.22,2026-06-09T20:29:23,2,RESPONSIVE
B010499,T02015,V0020,12705823.85,2026-06-12T06:59:59,3,RESPONSIVE
B010500,T02015,V0407,12970452.28,2026-06-21T14:57:19,4,RESPONSIVE
B010501,T02015,V0144,13122374.93,2026-06-13T15:42:46,5,RESPONSIVE
B010502,T02015,V0041,13367548.86,2026-06-03T03:03:11,6,RESPONSIVE
B010503,T02016,V0267,33270237.57,2024-04-20T15:04:34,1,RESPONSIVE
B010504,T02016,V0298,34455289.51,2024-04-27T13:31:44,2,RESPONSIVE
B010505,T02016,V0468,34737157.02,2024-04-26T21:54:59,3,RESPONSIVE
B010506,T02016,V0198,34840245.95,2024-04-17T17:45:06,4,RESPONSIVE
B010507,T02016,V0023,35603972.87,2024-04-05T15:26:22,5,RESPONSIVE
B010508,T02016,V0363,36327154.66,2024-04-26T20:08:44,6,RESPONSIVE
B010509,T02017,V0259,31947473.8,2026-01-03T15:36:00,1,RESPONSIVE
B010510,T02017,V0396,32432729.06,2025-12-24T16:31:51,2,RESPONSIVE
B010511,T02017,V0338,33533299.13,2025-12-25T00:18:17,3,RESPONSIVE
B010512,T02017,V0134,33749698.86,2026-01-03T23:00:14,4,RESPONSIVE
B010513,T02017,V0482,33871297.9,2025-12-29T11:53:11,5,RESPONSIVE
B010514,T02017,V0087,33911961.96,2026-01-03T20:06:53,6,RESPONSIVE
B010515,T02017,V0308,34049711.26,2026-01-03T22:43:52,7,RESPONSIVE
B010516,T02017,V0403,36069667.08,2026-01-03T19:29:14,8,RESPONSIVE
B010517,T02018,V0300,59626100.4,2024-10-04T02:26:15,1,RESPONSIVE
B010518,T02018,V0399,59761538.77,2024-09-30T07:51:20,2,RESPONSIVE
B010519,T02019,V0378,1243742.49,2024-10-02T04:29:25,1,RESPONSIVE
B010520,T02019,V0409,1349194.23,2024-09-18T18:00:17,2,RESPONSIVE
B010521,T02019,V0528,1365983.26,2024-09-14T12:40:42,3,NON_RESPONSIVE
B010522,T02019,V0204,1369829.66,2024-09-06T00:43:44,4,RESPONSIVE
B010523,T02019,V0043,1391826.09,2024-09-11T20:47:52,5,RESPONSIVE
B010524,T02019,V0240,1494753.4,2024-09-07T09:47:05,6,RESPONSIVE
B010525,T02020,V0421,13527672.0,2024-03-27T15:15:30,1,RESPONSIVE
B010526,T02020,V0220,13841670.89,2024-04-10T20:53:44,2,RESPONSIVE
B010527,T02020,V0304,13855351.52,2024-03-29T03:35:22,3,RESPONSIVE
B010528,T02020,V0185,13905442.32,2024-03-27T02:29:58,4,RESPONSIVE
B010529,T02020,V0091,14033510.64,2024-04-05T14:35:18,5,RESPONSIVE
B010530,T02020,V0438,14042136.03,2024-04-05T03:52:04,6,RESPONSIVE
B010531,T02020,V0054,14676575.04,2024-03-12T22:01:45,7,RESPONSIVE
B010532,T02020,V0517,15471075.1,2024-03-03T12:01:30,8,RESPONSIVE
B010533,T02021,V0455,23635797.69,2025-02-12T08:32:57,1,RESPONSIVE
B010534,T02021,V0143,25053511.23,2025-02-17T06:12:49,2,RESPONSIVE
B010535,T02022,V0379,72944535.96,2024-05-20T11:49:41,1,RESPONSIVE
B010536,T02022,V0461,73734109.73,2024-05-24T15:29:50,2,RESPONSIVE
B010537,T02022,V0276,74832185.45,2024-06-09T23:05:07,3,RESPONSIVE
B010538,T02022,V0007,75926622.23,2024-05-27T16:54:58,4,RESPONSIVE
B010539,T02022,V0242,76636182.95,2024-05-17T19:31:58,5,RESPONSIVE
B010540,T02022,V0076,81484911.33,2024-05-05T21:50:36,6,RESPONSIVE
B010541,T02023,V0345,128220527.22,2024-09-26T14:28:51,1,RESPONSIVE
B010542,T02023,V0218,133625687.73,2024-09-18T02:17:08,2,NON_RESPONSIVE
B010543,T02023,V0525,139011601.31,2024-09-18T14:41:43,3,RESPONSIVE
B010544,T02023,V0517,139502012.31,2024-09-18T11:15:02,4,RESPONSIVE
B010545,T02023,V0078,139828766.36,2024-09-26T13:42:18,5,RESPONSIVE
B010546,T02023,V0478,142041085.89,2024-09-16T19:15:54,6,RESPONSIVE
B010547,T02023,V0438,146111406.15,2024-09-20T14:54:00,7,RESPONSIVE
B010548,T02023,V0381,148741049.34,2024-09-18T01:06:53,8,RESPONSIVE
B010549,T02024,V0144,5479254.78,2026-06-16T03:14:10,1,RESPONSIVE
B010550,T02024,V0184,5496789.02,2026-07-03T11:53:50,2,RESPONSIVE
B010551,T02024,V0277,5739336.12,2026-07-11T11:45:46,3,RESPONSIVE
B010552,T02024,V0072,5754515.17,2026-06-23T21:44:56,4,RESPONSIVE
B010553,T02024,V0355,5986846.74,2026-06-20T04:48:51,5,RESPONSIVE
B010554,T02024,V0025,6025524.59,2026-07-03T01:00:23,6,RESPONSIVE
B010555,T02024,V0026,6245853.21,2026-06-29T12:13:51,7,RESPONSIVE
B010556,T02024,V0223,6399045.78,2026-06-24T16:40:40,8,RESPONSIVE
B010557,T02025,V0218,28747114.33,2025-06-09T21:31:47,1,RESPONSIVE
B010558,T02025,V0410,29492203.3,2025-05-25T17:35:25,2,RESPONSIVE
B010559,T02025,V0421,30150107.2,2025-06-05T04:40:28,3,RESPONSIVE
B010560,T02025,V0159,30372756.79,2025-06-05T20:16:55,4,RESPONSIVE
B010561,T02025,V0547,30401881.98,2025-06-05T00:21:12,5,RESPONSIVE
B010562,T02025,V0342,30870121.56,2025-06-11T03:33:21,6,NON_RESPONSIVE
B010563,T02025,V0028,31302889.27,2025-05-31T17:40:26,7,RESPONSIVE
B010564,T02025,V0496,32215338.4,2025-06-08T20:45:02,8,RESPONSIVE
B010565,T02025,V0313,32600548.73,2025-06-02T04:03:34,9,RESPONSIVE
B010566,T02026,V0150,57790637.84,2024-05-31T14:08:34,1,RESPONSIVE
B010567,T02026,V0123,58808100.9,2024-05-22T13:56:22,2,RESPONSIVE
B010568,T02026,V0280,59094704.32,2024-05-20T05:36:12,3,RESPONSIVE
B010569,T02026,V0060,60586809.27,2024-05-27T20:31:47,4,NON_RESPONSIVE
B010570,T02026,V0188,60831797.18,2024-05-24T04:08:20,5,RESPONSIVE
B010571,T02026,V0127,61011702.82,2024-05-31T08:15:18,6,RESPONSIVE
B010572,T02026,V0270,61341829.5,2024-05-24T05:22:08,7,RESPONSIVE
B010573,T02026,V0288,65797699.01,2024-05-23T22:44:30,8,RESPONSIVE
B010574,T02026,V0039,66507745.62,2024-05-25T22:10:51,9,RESPONSIVE
B010575,T02027,V0142,2416265.45,2024-12-11T16:02:39,1,RESPONSIVE
B010576,T02027,V0013,2458748.36,2024-12-05T13:30:48,2,RESPONSIVE
B010577,T02027,V0419,2629069.9,2024-12-30T12:52:31,3,RESPONSIVE
B010578,T02027,V0269,2645203.32,2024-12-02T07:46:58,4,RESPONSIVE
B010579,T02028,V0406,15412681.32,2026-08-04T16:49:40,1,RESPONSIVE
B010580,T02028,V0012,15480001.65,2026-07-28T18:09:18,2,RESPONSIVE
B010581,T02028,V0499,15573747.85,2026-08-08T20:09:32,3,RESPONSIVE
B010582,T02028,V0475,16800872.33,2026-08-07T21:09:05,4,RESPONSIVE
B010583,T02028,V0395,16877624.4,2026-08-08T17:50:40,5,RESPONSIVE
B010584,T02028,V0022,17039208.57,2026-07-23T08:39:55,6,RESPONSIVE
B010585,T02029,V0374,6077265.38,2025-01-23T15:05:53,1,RESPONSIVE
B010586,T02029,V0370,6095402.77,2025-01-12T15:36:24,2,RESPONSIVE
B010587,T02029,V0097,6297815.61,2025-01-13T22:27:56,3,RESPONSIVE
B010588,T02029,V0062,6344798.34,2025-01-28T06:39:18,4,NON_RESPONSIVE
B010589,T02029,V0379,6389763.64,2025-01-07T02:43:00,5,RESPONSIVE
B010590,T02029,V0281,6392313.99,2025-01-29T01:22:05,6,RESPONSIVE
B010591,T02029,V0195,6495779.3,2025-01-29T20:23:36,7,RESPONSIVE
B010592,T02029,V0207,6538452.53,2025-01-13T03:32:19,8,RESPONSIVE
B010593,T02029,V0060,6664906.69,2025-01-07T12:05:40,9,RESPONSIVE
B010594,T02030,V0546,1692638.2,2026-06-15T14:52:49,1,RESPONSIVE
B010595,T02030,V0413,1694975.06,2026-06-16T09:36:24,2,RESPONSIVE
B010596,T02030,V0203,1739845.31,2026-06-03T16:08:46,3,RESPONSIVE
B010597,T02030,V0309,1747199.55,2026-06-17T21:53:45,4,RESPONSIVE
B010598,T02030,V0504,1789142.06,2026-06-13T05:13:27,5,RESPONSIVE
B010599,T02030,V0015,1791506.62,2026-06-13T17:31:56,6,RESPONSIVE
B010600,T02031,V0253,7264096.5,2025-10-19T10:28:57,1,RESPONSIVE
B010601,T02031,V0245,7981860.12,2025-10-22T08:19:39,2,RESPONSIVE
B010602,T02031,V0189,7989485.68,2025-10-20T05:39:53,3,RESPONSIVE
B010603,T02031,V0112,8224220.56,2025-10-23T18:10:09,4,RESPONSIVE
B010604,T02031,V0377,8857802.83,2025-10-20T01:16:05,5,RESPONSIVE
B010605,T02032,V0133,32702488.22,2024-03-14T11:26:28,1,RESPONSIVE
B010606,T02032,V0516,33151716.86,2024-03-01T05:48:24,2,RESPONSIVE
B010607,T02032,V0483,33300503.79,2024-02-28T15:14:50,3,RESPONSIVE
B010608,T02032,V0100,34309868.09,2024-02-24T17:25:14,4,RESPONSIVE
B010609,T02032,V0381,35488346.34,2024-02-28T06:50:04,5,RESPONSIVE
B010610,T02033,V0005,11047275.15,2026-05-06T07:29:04,1,RESPONSIVE
B010611,T02033,V0390,11211182.12,2026-04-26T02:09:25,2,RESPONSIVE
B010612,T02033,V0303,11224888.08,2026-05-14T19:30:32,3,RESPONSIVE
B010613,T02033,V0377,11443209.78,2026-04-13T09:54:31,4,RESPONSIVE
B010614,T02033,V0282,11464632.58,2026-04-28T18:22:39,5,RESPONSIVE
B010615,T02033,V0492,11571627.7,2026-04-21T01:15:01,6,RESPONSIVE
B010616,T02033,V0419,11584384.63,2026-05-13T16:05:26,7,RESPONSIVE
B010617,T02033,V0245,11609934.21,2026-05-07T19:26:32,8,RESPONSIVE
B010618,T02033,V0404,11774559.05,2026-04-21T04:49:34,9,RESPONSIVE
B010619,T02033,V0142,11966214.35,2026-05-13T14:18:46,10,RESPONSIVE
B010620,T02033,V0145,12157669.0,2026-04-27T14:39:41,11,RESPONSIVE
B010621,T02033,V0115,12195936.89,2026-04-14T12:07:46,12,RESPONSIVE
B010622,T02034,V0405,91744247.49,2025-04-30T09:53:00,1,RESPONSIVE
B010623,T02034,V0310,91892992.59,2025-04-28T00:13:31,2,RESPONSIVE
B010624,T02034,V0201,92140029.01,2025-04-20T20:45:41,3,RESPONSIVE
B010625,T02034,V0254,96949417.6,2025-04-24T15:10:00,4,RESPONSIVE
B010626,T02034,V0284,99129315.37,2025-04-26T16:01:18,5,RESPONSIVE
B010627,T02035,V0022,6504437.94,2024-06-22T11:13:43,1,RESPONSIVE
B010628,T02035,V0491,6740656.11,2024-06-30T15:30:47,2,RESPONSIVE
B010629,T02035,V0061,6821301.86,2024-07-05T11:50:23,3,RESPONSIVE
B010630,T02035,V0329,6922179.47,2024-07-05T01:48:12,4,RESPONSIVE
B010631,T02035,V0448,7304644.71,2024-06-24T16:36:37,5,RESPONSIVE
B010632,T02036,V0507,15437367.84,2025-12-07T12:17:32,1,RESPONSIVE
B010633,T02036,V0394,15754850.92,2025-11-14T10:26:38,2,NON_RESPONSIVE
B010634,T02036,V0047,16121393.37,2025-11-25T06:46:10,3,RESPONSIVE
B010635,T02036,V0079,16395337.79,2025-12-07T05:54:16,4,RESPONSIVE
B010636,T02036,V0501,16570377.57,2025-12-06T05:14:55,5,RESPONSIVE
B010637,T02037,V0244,69240969.28,2025-12-09T16:40:49,1,RESPONSIVE
B010638,T02037,V0301,70076338.26,2025-11-20T10:31:13,2,RESPONSIVE
B010639,T02037,V0107,70566954.98,2025-12-06T09:52:23,3,RESPONSIVE
B010640,T02037,V0016,74128641.78,2025-12-06T00:02:15,4,RESPONSIVE
B010641,T02037,V0309,74271044.35,2025-11-28T06:35:18,5,RESPONSIVE
B010642,T02037,V0298,75004904.56,2025-11-30T10:09:12,6,RESPONSIVE
B010643,T02037,V0284,76687436.83,2025-12-08T01:44:27,7,RESPONSIVE
B010644,T02038,V0392,5304052.76,2024-03-26T18:12:46,1,RESPONSIVE
B010645,T02038,V0215,5633723.99,2024-03-19T04:32:02,2,RESPONSIVE
B010646,T02038,V0317,6194071.53,2024-03-28T07:22:31,3,RESPONSIVE
B010647,T02039,V0437,61170428.99,2024-08-09T20:18:35,1,RESPONSIVE
B010648,T02039,V0415,63504473.63,2024-08-05T04:51:38,2,RESPONSIVE
B010649,T02039,V0247,63988716.59,2024-08-15T15:57:35,3,RESPONSIVE
B010650,T02039,V0052,65085017.32,2024-08-11T18:43:28,4,RESPONSIVE
B010651,T02039,V0387,66448779.82,2024-08-09T14:30:06,5,RESPONSIVE
B010652,T02039,V0400,67206710.34,2024-08-08T12:31:09,6,RESPONSIVE
B010653,T02039,V0187,67341707.3,2024-08-09T14:05:10,7,RESPONSIVE
B010654,T02040,V0259,7266431.5,2026-04-23T21:46:34,1,RESPONSIVE
B010655,T02040,V0513,7726437.41,2026-05-04T23:05:56,2,RESPONSIVE
B010656,T02040,V0214,7776438.62,2026-05-29T22:28:31,3,RESPONSIVE
B010657,T02040,V0031,8133995.29,2026-05-07T09:02:28,4,RESPONSIVE
B010658,T02040,V0258,8138638.49,2026-05-23T02:36:43,5,RESPONSIVE
B010659,T02041,V0188,58348388.29,2024-04-17T18:39:07,1,RESPONSIVE
B010660,T02041,V0176,60787493.13,2024-04-26T17:26:15,2,RESPONSIVE
B010661,T02041,V0284,65676433.52,2024-04-29T10:06:41,3,RESPONSIVE
B010662,T02042,V0394,44965174.4,2024-11-14T06:10:23,1,NON_RESPONSIVE
B010663,T02042,V0501,45715264.64,2024-11-07T10:41:34,2,RESPONSIVE
B010664,T02042,V0344,46123553.15,2024-11-21T04:27:28,3,RESPONSIVE
B010665,T02042,V0417,47039957.25,2024-11-27T07:17:06,4,RESPONSIVE
B010666,T02042,V0174,47230223.07,2024-11-28T03:12:06,5,RESPONSIVE
B010667,T02042,V0209,48655680.01,2024-11-24T02:00:41,6,RESPONSIVE
B010668,T02043,V0029,5698283.97,2025-08-12T19:20:29,1,RESPONSIVE
B010669,T02043,V0179,5946010.57,2025-08-21T02:34:14,2,RESPONSIVE
B010670,T02043,V0182,6145446.38,2025-08-19T16:17:37,3,NON_RESPONSIVE
B010671,T02043,V0419,6327647.66,2025-08-04T20:21:40,4,RESPONSIVE
B010672,T02044,V0208,24877213.11,2025-12-22T09:09:56,1,RESPONSIVE
B010673,T02044,V0519,25272024.92,2025-12-14T06:27:32,2,NON_RESPONSIVE
B010674,T02044,V0513,26096775.93,2025-12-27T02:21:00,3,RESPONSIVE
B010675,T02044,V0396,26163466.21,2025-12-23T20:31:04,4,RESPONSIVE
B010676,T02044,V0079,26802532.02,2025-12-06T13:50:09,5,RESPONSIVE
B010677,T02044,V0434,26851962.14,2025-12-28T00:36:29,6,NON_RESPONSIVE
B010678,T02044,V0027,27104809.39,2025-12-03T20:21:29,7,RESPONSIVE
B010679,T02044,V0256,28272747.45,2025-12-21T05:38:53,8,RESPONSIVE
B010680,T02045,V0026,25461367.01,2024-09-19T21:03:45,1,RESPONSIVE
B010681,T02045,V0465,26701383.8,2024-09-07T12:34:45,2,RESPONSIVE
B010682,T02045,V0407,26804585.31,2024-09-04T15:51:03,3,RESPONSIVE
B010683,T02045,V0396,27618070.86,2024-09-26T00:39:03,4,RESPONSIVE
B010684,T02045,V0231,28076126.76,2024-08-26T14:11:36,5,RESPONSIVE
B010685,T02045,V0513,28649617.95,2024-09-22T06:01:10,6,RESPONSIVE
B010686,T02046,V0436,19481391.36,2024-10-12T14:28:47,1,RESPONSIVE
B010687,T02046,V0461,19493272.02,2024-10-29T14:37:18,2,RESPONSIVE
B010688,T02046,V0288,20339705.2,2024-10-13T01:58:27,3,RESPONSIVE
B010689,T02046,V0188,20382272.79,2024-10-20T19:11:56,4,RESPONSIVE
B010690,T02046,V0073,20519784.04,2024-10-16T11:50:05,5,RESPONSIVE
B010691,T02046,V0076,20889344.04,2024-09-27T08:57:24,6,RESPONSIVE
B010692,T02046,V0117,21248534.6,2024-10-15T02:45:54,7,RESPONSIVE
B010693,T02046,V0504,21267807.9,2024-11-01T06:38:21,8,RESPONSIVE
B010694,T02046,V0097,21351931.32,2024-10-13T13:18:04,9,RESPONSIVE
B010695,T02047,V0436,6974337.68,2024-12-13T00:58:07,1,RESPONSIVE
B010696,T02047,V0464,7060274.89,2024-12-12T16:11:34,2,RESPONSIVE
B010697,T02047,V0212,7098433.42,2024-12-16T07:40:24,3,RESPONSIVE
B010698,T02047,V0185,7196764.6,2024-12-18T23:16:56,4,RESPONSIVE
B010699,T02047,V0047,7331290.89,2024-12-16T07:57:41,5,RESPONSIVE
B010700,T02047,V0532,7719382.89,2024-12-12T02:49:07,6,RESPONSIVE
B010701,T02047,V0337,7768444.37,2024-12-14T21:49:55,7,RESPONSIVE
B010702,T02048,V0160,9596759.46,2024-03-01T22:54:26,1,RESPONSIVE
B010703,T02048,V0402,9855628.77,2024-03-13T00:21:37,2,RESPONSIVE
B010704,T02048,V0533,10513748.65,2024-03-09T01:49:37,3,RESPONSIVE
B010705,T02048,V0530,10760657.26,2024-03-06T05:59:03,4,RESPONSIVE
B010706,T02048,V0263,10824668.13,2024-02-29T17:58:37,5,RESPONSIVE
B010707,T02048,V0230,10936674.32,2024-03-05T08:55:28,6,RESPONSIVE
B010708,T02048,V0294,11010042.54,2024-03-02T17:55:57,7,RESPONSIVE
B010709,T02048,V0488,11115012.86,2024-03-12T19:26:03,8,RESPONSIVE
B010710,T02048,V0180,11583928.46,2024-03-12T22:06:40,9,RESPONSIVE
B010711,T02049,V0352,4552262.76,2025-07-23T06:20:06,1,RESPONSIVE
B010712,T02049,V0092,4668775.34,2025-07-21T16:14:19,2,NON_RESPONSIVE
B010713,T02049,V0127,4718416.72,2025-07-28T14:15:47,3,RESPONSIVE
B010714,T02049,V0546,4983313.27,2025-07-24T02:43:43,4,RESPONSIVE
B010715,T02049,V0038,5032029.84,2025-07-27T19:08:19,5,RESPONSIVE
B010716,T02050,V0536,7569473.55,2025-01-29T21:21:13,1,RESPONSIVE
B010717,T02050,V0200,8155423.44,2025-01-12T08:20:35,2,RESPONSIVE
B010718,T02050,V0136,8424194.89,2025-01-23T02:08:58,3,RESPONSIVE
B010719,T02050,V0141,8441761.19,2024-12-30T09:58:08,4,RESPONSIVE
B010720,T02050,V0204,8486695.42,2025-01-15T09:51:40,5,RESPONSIVE
B010721,T02050,V0164,8531999.02,2025-01-01T00:32:58,6,RESPONSIVE
B010722,T02050,V0447,8595494.31,2025-01-08T08:36:07,7,RESPONSIVE
B010723,T02050,V0265,8650058.2,2025-01-09T21:56:47,8,RESPONSIVE
B010724,T02051,V0179,5912698.38,2026-07-19T07:01:56,1,RESPONSIVE
B010725,T02051,V0321,5989868.75,2026-07-15T20:32:42,2,RESPONSIVE
B010726,T02051,V0247,6002790.62,2026-07-15T20:15:59,3,RESPONSIVE
B010727,T02051,V0013,6533332.08,2026-07-16T09:07:44,4,RESPONSIVE
B010728,T02051,V0218,6534253.73,2026-07-16T00:22:02,5,RESPONSIVE
B010729,T02051,V0273,6556625.86,2026-07-17T16:04:07,6,RESPONSIVE
B010730,T02051,V0373,6561889.52,2026-07-10T02:48:59,7,RESPONSIVE
B010731,T02051,V0337,6602954.38,2026-07-12T15:05:16,8,RESPONSIVE
B010732,T02052,V0035,27161251.51,2024-04-28T03:25:26,1,RESPONSIVE
B010733,T02052,V0214,27548465.02,2024-04-25T22:02:47,2,RESPONSIVE
B010734,T02052,V0266,28129694.91,2024-04-18T10:46:00,3,RESPONSIVE
B010735,T02052,V0171,28560320.71,2024-04-22T16:31:13,4,RESPONSIVE
B010736,T02052,V0494,28815496.42,2024-05-04T06:10:03,5,RESPONSIVE
B010737,T02052,V0454,29161458.47,2024-05-02T01:26:42,6,RESPONSIVE
B010738,T02052,V0549,29619405.41,2024-04-21T09:11:00,7,RESPONSIVE
B010739,T02053,V0514,7640201.16,2025-06-11T15:40:58,1,RESPONSIVE
B010740,T02053,V0085,8306924.26,2025-06-03T10:10:51,2,RESPONSIVE
B010741,T02053,V0146,8388121.31,2025-06-08T11:44:50,3,RESPONSIVE
B010742,T02054,V0487,93792907.33,2024-11-01T06:48:34,1,RESPONSIVE
B010743,T02054,V0297,98403026.9,2024-10-28T12:51:44,2,RESPONSIVE
B010744,T02054,V0462,98587360.17,2024-11-08T09:27:10,3,RESPONSIVE
B010745,T02055,V0144,18244402.71,2026-08-30T13:34:43,1,RESPONSIVE
B010746,T02055,V0295,19773619.93,2026-08-28T22:11:53,2,RESPONSIVE
B010747,T02055,V0025,19924265.44,2026-08-24T12:12:44,3,RESPONSIVE
B010748,T02055,V0072,20169183.7,2026-08-15T17:28:15,4,RESPONSIVE
B010749,T02055,V0407,20339914.7,2026-08-21T19:11:23,5,RESPONSIVE
B010750,T02055,V0355,21275577.65,2026-08-21T21:01:07,6,RESPONSIVE
B010751,T02056,V0076,36278532.62,2025-10-20T13:50:39,1,RESPONSIVE
B010752,T02056,V0451,37546561.95,2025-09-27T21:57:18,2,RESPONSIVE
B010753,T02056,V0059,37596148.07,2025-10-02T14:19:26,3,RESPONSIVE
B010754,T02057,V0122,30110943.1,2025-07-19T20:46:21,1,RESPONSIVE
B010755,T02057,V0248,30959581.12,2025-07-22T00:43:45,2,RESPONSIVE
B010756,T02057,V0309,32582219.79,2025-07-23T15:14:06,3,RESPONSIVE
B010757,T02058,V0092,2558329.01,2024-04-01T07:37:38,1,NON_RESPONSIVE
B010758,T02058,V0242,2586390.92,2024-03-16T12:15:47,2,RESPONSIVE
B010759,T02059,V0451,9965514.85,2026-01-10T20:30:05,1,RESPONSIVE
B010760,T02059,V0177,10583264.65,2026-01-17T00:04:43,2,RESPONSIVE
B010761,T02059,V0056,10675369.94,2026-01-09T18:09:49,3,RESPONSIVE
B010762,T02059,V0302,10816091.9,2026-01-05T07:34:46,4,RESPONSIVE
B010763,T02059,V0258,11059981.36,2025-12-28T14:14:47,5,RESPONSIVE
B010764,T02059,V0502,11065215.05,2025-12-29T08:49:03,6,RESPONSIVE
B010765,T02060,V0360,18072581.34,2024-04-18T16:56:13,1,RESPONSIVE
B010766,T02060,V0230,19098878.52,2024-04-15T23:56:53,2,RESPONSIVE
B010767,T02060,V0039,19962541.13,2024-04-23T18:43:35,3,RESPONSIVE
B010768,T02061,V0523,13708636.09,2025-09-21T15:24:37,1,RESPONSIVE
B010769,T02061,V0461,13806601.07,2025-09-24T20:36:47,2,RESPONSIVE
B010770,T02061,V0046,14238938.77,2025-09-20T16:17:33,3,RESPONSIVE
B010771,T02061,V0014,14303740.59,2025-09-19T09:28:06,4,RESPONSIVE
B010772,T02062,V0162,5575774.54,2025-11-21T16:06:46,1,RESPONSIVE
B010773,T02062,V0080,6049569.0,2025-11-20T23:27:38,2,RESPONSIVE
B010774,T02063,V0463,16304631.49,2025-07-20T17:01:03,1,RESPONSIVE
B010775,T02063,V0355,16513957.25,2025-07-19T20:35:46,2,RESPONSIVE
B010776,T02063,V0431,16908132.35,2025-07-31T19:27:29,3,RESPONSIVE
B010777,T02063,V0420,16944916.94,2025-07-14T17:19:19,4,RESPONSIVE
B010778,T02063,V0471,17056012.83,2025-07-24T08:47:37,5,RESPONSIVE
B010779,T02063,V0165,17260353.3,2025-08-09T11:27:15,6,RESPONSIVE
B010780,T02063,V0452,17292783.04,2025-07-21T09:44:46,7,RESPONSIVE
B010781,T02063,V0498,17826668.64,2025-08-23T08:05:55,8,RESPONSIVE
B010782,T02063,V0012,18251606.22,2025-08-05T22:55:06,9,RESPONSIVE
B010783,T02064,V0387,6377233.99,2024-08-08T20:26:27,1,NON_RESPONSIVE
B010784,T02064,V0426,6453736.2,2024-08-05T13:28:57,2,RESPONSIVE
B010785,T02064,V0320,6693187.92,2024-08-09T15:15:31,3,RESPONSIVE
B010786,T02064,V0081,6706011.46,2024-08-21T06:41:11,4,RESPONSIVE
B010787,T02064,V0346,6910481.68,2024-08-02T13:52:54,5,RESPONSIVE
B010788,T02064,V0089,7056557.12,2024-08-13T05:14:47,6,NON_RESPONSIVE
B010789,T02064,V0057,7089110.25,2024-08-11T06:07:14,7,RESPONSIVE
B010790,T02065,V0035,6013844.94,2024-11-19T01:24:00,1,RESPONSIVE
B010791,T02065,V0144,6025458.48,2024-12-07T08:11:25,2,RESPONSIVE
B010792,T02066,V0275,11162065.57,2024-12-27T18:38:15,1,RESPONSIVE
B010793,T02066,V0530,11180213.16,2024-12-27T12:14:59,2,RESPONSIVE
B010794,T02067,V0174,10670509.26,2024-06-20T12:02:12,1,RESPONSIVE
B010795,T02067,V0344,11277474.22,2024-06-26T19:47:54,2,RESPONSIVE
B010796,T02067,V0501,11346960.17,2024-06-24T15:02:58,3,RESPONSIVE
B010797,T02067,V0013,11396018.95,2024-06-20T05:52:00,4,RESPONSIVE
B010798,T02067,V0394,11482488.01,2024-06-21T07:42:00,5,RESPONSIVE
B010799,T02067,V0011,11584494.75,2024-06-24T21:58:53,6,RESPONSIVE
B010800,T02067,V0434,12125778.89,2024-06-12T02:09:38,7,RESPONSIVE
B010801,T02068,V0087,9023961.2,2025-12-12T22:50:03,1,RESPONSIVE
B010802,T02068,V0384,9351384.22,2025-12-06T08:02:16,2,RESPONSIVE
B010803,T02068,V0031,9646511.45,2025-12-12T02:37:49,3,RESPONSIVE
B010804,T02068,V0396,9695830.1,2025-12-07T02:50:26,4,RESPONSIVE
B010805,T02068,V0129,9847813.78,2025-12-04T11:48:15,5,RESPONSIVE
B010806,T02069,V0065,5838593.38,2024-01-24T15:56:37,1,RESPONSIVE
B010807,T02069,V0377,5847113.21,2024-01-19T14:56:08,2,RESPONSIVE
B010808,T02069,V0217,5848711.29,2024-01-23T02:01:26,3,RESPONSIVE
B010809,T02069,V0221,6045159.53,2024-01-25T17:58:40,4,RESPONSIVE
B010810,T02069,V0419,6070298.27,2024-01-28T15:08:54,5,RESPONSIVE
B010811,T02069,V0003,6333940.32,2024-01-20T08:54:08,6,RESPONSIVE
B010812,T02070,V0080,2706581.34,2025-07-30T23:40:34,1,RESPONSIVE
B010813,T02070,V0060,2789785.87,2025-07-30T19:18:45,2,RESPONSIVE
B010814,T02070,V0438,2797568.51,2025-07-04T10:13:55,3,RESPONSIVE
B010815,T02070,V0186,2798620.85,2025-07-24T06:28:15,4,RESPONSIVE
B010816,T02070,V0530,2818333.97,2025-07-23T02:08:40,5,RESPONSIVE
B010817,T02070,V0472,2823345.09,2025-07-10T05:45:48,6,RESPONSIVE
B010818,T02070,V0304,2870793.85,2025-07-19T01:56:12,7,RESPONSIVE
B010819,T02070,V0121,2881484.91,2025-07-21T04:52:23,8,RESPONSIVE
B010820,T02070,V0279,2944926.66,2025-07-24T07:51:20,9,RESPONSIVE
B010821,T02071,V0034,9950995.74,2025-09-15T11:46:54,1,RESPONSIVE
B010822,T02071,V0269,10149302.95,2025-09-07T22:30:04,2,RESPONSIVE
B010823,T02071,V0335,10483923.1,2025-10-02T14:46:42,3,RESPONSIVE
B010824,T02072,V0086,5292678.84,2025-06-28T05:49:01,1,RESPONSIVE
B010825,T02072,V0534,5441242.87,2025-06-19T14:46:55,2,RESPONSIVE
B010826,T02072,V0171,5842888.87,2025-06-21T19:46:52,3,RESPONSIVE
B010827,T02072,V0527,5951452.41,2025-06-20T10:28:30,4,RESPONSIVE
B010828,T02072,V0465,6142334.51,2025-06-20T13:01:15,5,RESPONSIVE
B010829,T02073,V0501,10998431.14,2026-06-08T02:52:26,1,RESPONSIVE
B010830,T02073,V0495,11095110.34,2026-06-11T18:06:34,2,RESPONSIVE
B010831,T02073,V0056,11255135.96,2026-06-09T22:57:36,3,RESPONSIVE
B010832,T02073,V0392,11261102.38,2026-06-16T02:29:55,4,RESPONSIVE
B010833,T02073,V0034,11446816.69,2026-06-07T14:01:21,5,RESPONSIVE
B010834,T02073,V0259,11647998.39,2026-06-13T06:56:02,6,RESPONSIVE
B010835,T02073,V0209,11960963.21,2026-06-15T13:32:29,7,NON_RESPONSIVE
B010836,T02073,V0383,12058362.77,2026-06-16T01:26:56,8,RESPONSIVE
B010837,T02073,V0079,13262653.97,2026-06-15T18:29:15,9,RESPONSIVE
B010838,T02074,V0406,3493091.97,2025-07-22T04:58:46,1,RESPONSIVE
B010839,T02074,V0200,3545692.53,2025-07-17T03:31:04,2,RESPONSIVE
B010840,T02074,V0463,3571566.93,2025-07-23T15:34:22,3,RESPONSIVE
B010841,T02074,V0240,3579427.87,2025-07-17T03:12:12,4,RESPONSIVE
B010842,T02074,V0469,3885725.51,2025-07-21T11:53:39,5,RESPONSIVE
B010843,T02075,V0248,24488477.13,2026-05-05T18:24:00,1,RESPONSIVE
B010844,T02075,V0188,25337102.88,2026-05-25T16:30:47,2,RESPONSIVE
B010845,T02075,V0509,25896721.56,2026-05-17T21:19:56,3,RESPONSIVE
B010846,T02075,V0533,25966773.58,2026-05-13T08:34:41,4,RESPONSIVE
B010847,T02075,V0397,26022090.52,2026-05-25T00:16:28,5,RESPONSIVE
B010848,T02075,V0245,26080979.65,2026-05-26T23:19:07,6,RESPONSIVE
B010849,T02075,V0197,26089226.56,2026-05-17T15:50:01,7,RESPONSIVE
B010850,T02075,V0169,26314927.54,2026-05-02T02:28:07,8,RESPONSIVE
B010851,T02076,V0482,9590640.41,2024-04-26T15:57:55,1,RESPONSIVE
B010852,T02076,V0129,9771924.99,2024-05-09T02:09:15,2,RESPONSIVE
B010853,T02076,V0035,9812783.28,2024-05-30T21:59:06,3,RESPONSIVE
B010854,T02076,V0050,10258796.21,2024-04-28T11:47:24,4,RESPONSIVE
B010855,T02077,V0379,7638395.84,2025-08-21T17:18:43,1,RESPONSIVE
B010856,T02077,V0276,7695210.04,2025-08-11T21:30:08,2,RESPONSIVE
B010857,T02077,V0195,7926770.39,2025-08-18T19:12:50,3,RESPONSIVE
B010858,T02077,V0123,8260292.26,2025-08-11T02:16:29,4,RESPONSIVE
B010859,T02077,V0242,8394652.41,2025-08-10T00:18:42,5,RESPONSIVE
B010860,T02078,V0230,1225741.12,2025-08-24T08:51:07,1,RESPONSIVE
B010861,T02078,V0530,1268365.57,2025-08-31T14:51:40,2,RESPONSIVE
B010862,T02078,V0492,1272032.54,2025-08-03T23:18:26,3,RESPONSIVE
B010863,T02078,V0441,1335028.24,2025-08-31T07:24:46,4,RESPONSIVE
B010864,T02078,V0228,1340461.97,2025-08-12T04:39:36,5,RESPONSIVE
B010865,T02078,V0161,1365248.13,2025-09-28T20:27:09,6,RESPONSIVE
B010866,T02079,V0309,45226006.83,2024-02-13T00:05:16,1,RESPONSIVE
B010867,T02079,V0023,46048725.93,2024-02-11T18:17:56,2,RESPONSIVE
B010868,T02079,V0004,46150938.31,2024-02-15T15:24:42,3,RESPONSIVE
B010869,T02079,V0195,49671912.95,2024-02-17T18:58:54,4,RESPONSIVE
B010870,T02079,V0176,50434014.06,2024-02-13T22:21:10,5,RESPONSIVE
B010871,T02079,V0379,50569896.98,2024-02-16T11:56:20,6,RESPONSIVE
B010872,T02079,V0364,52663935.39,2024-02-12T06:59:12,7,RESPONSIVE
B010873,T02080,V0215,6787856.33,2026-01-17T22:10:27,1,RESPONSIVE
B010874,T02080,V0384,7002004.31,2025-12-29T05:24:19,2,RESPONSIVE
B010875,T02080,V0241,7019693.38,2026-01-07T07:17:07,3,RESPONSIVE
B010876,T02080,V0256,7366555.83,2026-01-17T22:56:13,4,RESPONSIVE
B010877,T02081,V0539,29428301.87,2025-05-20T15:25:28,1,RESPONSIVE
B010878,T02081,V0549,29505083.92,2025-04-23T17:18:53,2,RESPONSIVE
B010879,T02081,V0494,29568235.2,2025-04-28T00:43:39,3,RESPONSIVE
B010880,T02081,V0295,30463443.82,2025-05-05T09:42:01,4,RESPONSIVE
B010881,T02081,V0184,32272223.69,2025-04-30T00:40:49,5,RESPONSIVE
B010882,T02082,V0187,4660617.54,2025-12-09T12:39:22,1,RESPONSIVE
B010883,T02082,V0359,4694454.58,2025-12-02T01:41:46,2,RESPONSIVE
B010884,T02082,V0220,4869444.83,2025-12-10T00:48:07,3,RESPONSIVE
B010885,T02082,V0028,5100195.79,2025-12-02T11:50:31,4,RESPONSIVE
B010886,T02082,V0418,5181545.07,2025-12-04T07:59:36,5,RESPONSIVE
B010887,T02083,V0338,30796876.78,2025-04-30T01:44:59,1,RESPONSIVE
B010888,T02083,V0008,33125698.68,2025-05-04T22:34:48,2,RESPONSIVE
B010889,T02083,V0031,33356813.63,2025-04-20T18:13:52,3,RESPONSIVE
B010890,T02083,V0140,33553907.6,2025-04-15T05:07:52,4,RESPONSIVE
B010891,T02083,V0215,34004007.63,2025-05-06T02:23:51,5,RESPONSIVE
B010892,T02083,V0336,34251649.1,2025-04-24T18:52:35,6,RESPONSIVE
B010893,T02083,V0184,34545621.49,2025-05-07T14:11:00,7,RESPONSIVE
B010894,T02083,V0079,35004791.58,2025-05-08T13:45:21,8,RESPONSIVE
B010895,T02083,V0181,35748050.52,2025-04-19T23:48:11,9,RESPONSIVE
B010896,T02084,V0078,103275177.45,2024-04-03T20:13:22,1,RESPONSIVE
B010897,T02084,V0359,103722164.99,2024-04-11T18:59:40,2,RESPONSIVE
B010898,T02084,V0332,105017492.08,2024-04-07T19:25:29,3,RESPONSIVE
B010899,T02084,V0345,106645903.14,2024-04-08T12:42:12,4,RESPONSIVE
B010900,T02084,V0114,107975660.12,2024-04-09T11:34:08,5,RESPONSIVE
B010901,T02084,V0340,109507215.68,2024-04-06T22:22:00,6,RESPONSIVE
B010902,T02084,V0224,109991946.6,2024-04-08T09:44:16,7,RESPONSIVE
B010903,T02085,V0039,3415014.7,2024-04-15T03:24:30,1,RESPONSIVE
B010904,T02085,V0003,3642958.47,2024-04-09T02:24:56,2,RESPONSIVE
B010905,T02085,V0186,3739373.92,2024-04-11T21:35:15,3,RESPONSIVE
B010906,T02085,V0422,3744286.2,2024-04-14T13:16:45,4,RESPONSIVE
B010907,T02085,V0533,3745112.21,2024-03-25T13:58:43,5,RESPONSIVE
B010908,T02085,V0269,3746315.76,2024-03-27T20:42:19,6,RESPONSIVE
B010909,T02086,V0058,16746842.63,2025-01-08T22:37:54,1,RESPONSIVE
B010910,T02086,V0471,17434849.51,2025-01-05T22:04:00,2,RESPONSIVE
B010911,T02086,V0528,17825886.41,2025-01-03T04:40:33,3,RESPONSIVE
B010912,T02086,V0499,19010147.64,2025-01-08T17:39:42,4,RESPONSIVE
B010913,T02087,V0537,1773196.72,2025-05-16T08:33:35,1,RESPONSIVE
B010914,T02087,V0269,1878997.84,2025-05-15T18:53:01,2,RESPONSIVE
B010915,T02087,V0288,1937864.51,2025-05-06T01:26:53,3,RESPONSIVE
B010916,T02088,V0259,10028398.93,2024-06-06T17:31:45,1,RESPONSIVE
B010917,T02088,V0367,10172150.8,2024-06-04T10:46:22,2,RESPONSIVE
B010918,T02088,V0302,10377584.52,2024-06-11T16:40:55,3,RESPONSIVE
B010919,T02088,V0405,10533220.32,2024-06-07T17:35:58,4,RESPONSIVE
B010920,T02089,V0160,1287910.53,2025-03-04T08:39:18,1,RESPONSIVE
B010921,T02089,V0245,1357811.11,2025-03-05T15:57:00,2,RESPONSIVE
B010922,T02089,V0197,1365438.19,2025-02-27T23:45:27,3,RESPONSIVE
B010923,T02089,V0005,1389828.85,2025-03-05T12:40:04,4,RESPONSIVE
B010924,T02089,V0275,1402893.09,2025-03-12T06:34:49,5,RESPONSIVE
B010925,T02089,V0228,1416868.22,2025-03-11T13:57:15,6,RESPONSIVE
B010926,T02089,V0397,1443346.07,2025-03-04T18:57:34,7,RESPONSIVE
B010927,T02090,V0188,44719638.79,2024-07-09T16:12:01,1,RESPONSIVE
B010928,T02090,V0309,45347509.53,2024-07-19T22:44:44,2,RESPONSIVE
B010929,T02090,V0244,45882792.06,2024-07-12T07:25:57,3,RESPONSIVE
B010930,T02090,V0504,46223495.53,2024-07-12T17:33:45,4,RESPONSIVE
B010931,T02090,V0117,46873090.79,2024-07-19T18:45:15,5,RESPONSIVE
B010932,T02090,V0301,48013643.1,2024-07-03T22:28:10,6,RESPONSIVE
B010933,T02091,V0454,8164470.73,2024-05-03T17:43:07,1,RESPONSIVE
B010934,T02091,V0514,8579429.08,2024-04-21T00:04:08,2,RESPONSIVE
B010935,T02091,V0549,8602256.77,2024-05-01T06:12:54,3,RESPONSIVE
B010936,T02092,V0359,65776853.29,2025-04-03T10:35:46,1,RESPONSIVE
B010937,T02092,V0516,68600304.53,2025-03-27T19:58:05,2,RESPONSIVE
B010938,T02092,V0443,68694532.11,2025-04-13T00:00:31,3,RESPONSIVE
B010939,T02092,V0387,69054103.36,2025-04-11T19:20:57,4,RESPONSIVE
B010940,T02092,V0299,69104912.51,2025-03-31T12:09:02,5,RESPONSIVE
B010941,T02092,V0372,70046141.35,2025-04-05T16:21:12,6,RESPONSIVE
B010942,T02092,V0517,70448961.62,2025-04-12T16:45:05,7,RESPONSIVE
B010943,T02092,V0358,70773372.19,2025-03-24T11:39:27,8,RESPONSIVE
B010944,T02092,V0081,71119069.16,2025-04-09T23:26:17,9,RESPONSIVE
B010945,T02093,V0512,18137398.18,2024-08-07T15:46:24,1,RESPONSIVE
B010946,T02093,V0502,18325622.34,2024-08-13T08:17:29,2,RESPONSIVE
B010947,T02093,V0349,18328535.58,2024-08-07T11:25:28,3,RESPONSIVE
B010948,T02093,V0321,19516820.34,2024-08-09T23:04:38,4,RESPONSIVE
B010949,T02094,V0462,40483474.0,2025-12-01T23:34:41,1,RESPONSIVE
B010950,T02094,V0376,41125152.06,2025-12-08T04:49:54,2,RESPONSIVE
B010951,T02094,V0220,41363679.87,2025-11-29T00:57:42,3,RESPONSIVE
B010952,T02094,V0435,41433241.05,2025-12-06T09:21:39,4,RESPONSIVE
B010953,T02094,V0067,41553828.3,2025-12-04T16:48:13,5,RESPONSIVE
B010954,T02094,V0320,41779026.43,2025-12-03T13:44:56,6,RESPONSIVE
B010955,T02094,V0526,42804079.47,2025-12-07T22:47:18,7,RESPONSIVE
B010956,T02094,V0172,42830550.42,2025-12-01T01:15:49,8,RESPONSIVE
B010957,T02094,V0366,44208207.9,2025-12-03T18:29:16,9,RESPONSIVE
B010958,T02095,V0409,879510.49,2026-01-10T01:46:06,1,RESPONSIVE
B010959,T02095,V0486,882019.91,2026-02-03T15:55:52,2,RESPONSIVE
B010960,T02095,V0540,896956.53,2026-02-14T16:50:53,3,RESPONSIVE
B010961,T02095,V0141,914568.45,2026-02-27T13:04:06,4,RESPONSIVE
B010962,T02095,V0204,919227.97,2026-02-01T02:12:54,5,RESPONSIVE
B010963,T02096,V0539,10937202.49,2024-02-04T15:01:21,1,RESPONSIVE
B010964,T02096,V0010,10974933.37,2024-01-28T18:28:02,2,RESPONSIVE
B010965,T02096,V0152,11187224.25,2024-02-02T23:20:25,3,RESPONSIVE
B010966,T02096,V0291,11291952.88,2024-01-28T09:33:21,4,RESPONSIVE
B010967,T02096,V0259,11412863.21,2024-01-25T08:58:38,5,RESPONSIVE
B010968,T02096,V0336,11550898.4,2024-01-29T05:51:54,6,RESPONSIVE
B010969,T02096,V0503,11737366.84,2024-02-03T15:09:17,7,RESPONSIVE
B010970,T02096,V0223,12129572.26,2024-01-31T11:28:50,8,RESPONSIVE
B010971,T02096,V0459,12581279.28,2024-01-27T07:16:22,9,RESPONSIVE
B010972,T02097,V0220,9845797.61,2024-09-12T17:02:33,1,RESPONSIVE
B010973,T02097,V0078,10076052.3,2024-08-27T09:37:19,2,RESPONSIVE
B010974,T02097,V0311,10678437.75,2024-08-17T05:01:49,3,RESPONSIVE
B010975,T02098,V0078,108979334.22,2024-01-18T18:34:28,1,NON_RESPONSIVE
B010976,T02098,V0520,109246709.47,2024-01-21T03:31:29,2,RESPONSIVE
B010977,T02098,V0415,109487081.27,2024-02-08T22:59:37,3,RESPONSIVE
B010978,T02098,V0296,109816756.27,2024-02-07T11:09:22,4,RESPONSIVE
B010979,T02098,V0006,113639450.16,2024-02-02T19:45:05,5,RESPONSIVE
B010980,T02099,V0504,13808526.66,2026-06-16T17:38:40,1,RESPONSIVE
B010981,T02099,V0276,13954596.16,2026-07-15T07:42:42,2,RESPONSIVE
B010982,T02099,V0150,14012477.7,2026-06-28T08:50:03,3,RESPONSIVE
B010983,T02099,V0411,14499110.44,2026-07-07T00:15:47,4,RESPONSIVE
B010984,T02099,V0319,14616273.26,2026-06-23T14:27:27,5,RESPONSIVE
B010985,T02099,V0135,14674180.3,2026-06-28T04:11:06,6,RESPONSIVE
B010986,T02099,V0374,14724022.88,2026-07-04T08:35:20,7,RESPONSIVE
B010987,T02099,V0413,14802902.18,2026-06-21T17:01:51,8,RESPONSIVE
B010988,T02099,V0362,14833360.17,2026-07-05T13:23:09,9,RESPONSIVE
B010989,T02100,V0106,8175435.38,2024-10-26T23:31:48,1,RESPONSIVE
B010990,T02100,V0104,8261510.23,2024-10-23T17:50:56,2,RESPONSIVE
B010991,T02100,V0378,8535362.13,2024-10-24T21:27:44,3,RESPONSIVE
B010992,T02101,V0359,76491260.79,2025-01-09T11:38:35,1,NON_RESPONSIVE
B010993,T02101,V0531,78437062.43,2025-01-01T00:43:33,2,RESPONSIVE
B010994,T02101,V0443,80270125.7,2025-01-11T19:01:59,3,RESPONSIVE
B010995,T02101,V0091,81046505.57,2024-12-07T10:49:40,4,RESPONSIVE
B010996,T02102,V0055,159585012.27,2024-12-30T06:47:58,1,RESPONSIVE
B010997,T02102,V0201,169163199.0,2025-01-01T03:50:17,2,RESPONSIVE
B010998,T02102,V0014,169969138.33,2024-12-28T08:00:28,3,RESPONSIVE
B010999,T02102,V0292,173445955.88,2025-01-16T17:16:52,4,RESPONSIVE
B011000,T02102,V0309,175437711.08,2025-01-08T04:01:52,5,RESPONSIVE
B011001,T02102,V0504,176036686.4,2025-01-05T05:06:54,6,RESPONSIVE
B011002,T02102,V0301,177028209.85,2025-01-20T08:29:05,7,RESPONSIVE
B011003,T02103,V0403,6915270.37,2024-12-01T11:53:07,1,RESPONSIVE
B011004,T02103,V0417,7105300.49,2024-12-01T23:33:26,2,RESPONSIVE
B011005,T02103,V0177,7265918.88,2024-12-11T04:48:02,3,RESPONSIVE
B011006,T02103,V0502,7629334.74,2024-12-11T20:56:49,4,RESPONSIVE
B011007,T02103,V0011,7776251.88,2024-11-25T21:36:34,5,RESPONSIVE
B011008,T02103,V0213,7787002.53,2024-11-20T04:52:34,6,RESPONSIVE
B011009,T02104,V0483,30918087.38,2025-02-18T14:16:42,1,RESPONSIVE
B011010,T02104,V0332,31273984.45,2025-02-19T01:52:07,2,RESPONSIVE
B011011,T02104,V0120,31640814.16,2025-03-12T11:17:40,3,RESPONSIVE
B011012,T02104,V0340,31752186.39,2025-02-26T00:42:17,4,RESPONSIVE
B011013,T02104,V0028,32425281.13,2025-03-02T23:12:51,5,RESPONSIVE
B011014,T02104,V0153,33440703.63,2025-02-13T08:32:41,6,NON_RESPONSIVE
B011015,T02104,V0437,34083337.28,2025-02-24T01:57:08,7,RESPONSIVE
B011016,T02104,V0421,34108379.77,2025-02-12T17:23:02,8,RESPONSIVE
B011017,T02104,V0366,34720607.55,2025-03-12T06:51:12,9,RESPONSIVE
B011018,T02105,V0034,18414497.13,2025-11-07T13:05:29,1,RESPONSIVE
B011019,T02105,V0247,18462231.37,2025-10-14T05:31:16,2,RESPONSIVE
B011020,T02105,V0150,19022438.72,2025-11-05T09:29:26,3,RESPONSIVE
B011021,T02106,V0280,2836279.2,2025-10-25T06:15:11,1,RESPONSIVE
B011022,T02106,V0093,2970562.22,2025-11-09T06:42:26,2,RESPONSIVE
B011023,T02107,V0359,14269926.43,2024-06-30T00:45:17,1,RESPONSIVE
B011024,T02107,V0320,14570440.71,2024-06-10T23:28:42,2,RESPONSIVE
B011025,T02107,V0381,15053595.12,2024-06-14T08:51:00,3,RESPONSIVE
B011026,T02107,V0544,15391978.62,2024-06-11T19:01:12,4,RESPONSIVE
B011027,T02107,V0418,15418469.78,2024-06-25T19:55:27,5,RESPONSIVE
B011028,T02107,V0153,15518381.99,2024-06-24T02:38:18,6,RESPONSIVE
B011029,T02107,V0340,15863600.42,2024-07-03T16:25:57,7,RESPONSIVE
B011030,T02108,V0087,19341113.74,2025-05-30T10:28:02,1,RESPONSIVE
B011031,T02108,V0539,20614754.8,2025-06-08T03:14:06,2,RESPONSIVE
B011032,T02108,V0369,21383127.12,2025-06-05T05:57:03,3,NON_RESPONSIVE
B011033,T02108,V0344,21393003.64,2025-06-10T23:22:15,4,RESPONSIVE
B011034,T02108,V0175,22395939.64,2025-06-12T18:24:40,5,RESPONSIVE
B011035,T02108,V0171,22520586.96,2025-06-11T11:39:51,6,RESPONSIVE
B011036,T02108,V0010,22910257.81,2025-05-29T03:14:38,7,RESPONSIVE
B011037,T02109,V0025,1297984.28,2026-08-08T06:59:49,1,RESPONSIVE
B011038,T02109,V0277,1373799.64,2026-08-25T21:06:09,2,RESPONSIVE
B011039,T02110,V0405,21833898.81,2024-06-06T21:56:41,1,RESPONSIVE
B011040,T02110,V0414,22298171.41,2024-06-16T08:45:23,2,RESPONSIVE
B011041,T02110,V0166,22399580.92,2024-06-11T21:52:40,3,RESPONSIVE
B011042,T02110,V0055,22475494.13,2024-05-19T03:11:35,4,RESPONSIVE
B011043,T02110,V0046,23720159.2,2024-05-25T14:29:47,5,RESPONSIVE
B011044,T02110,V0281,24337819.92,2024-06-08T15:32:46,6,RESPONSIVE
B011045,T02111,V0458,27541646.49,2026-03-04T15:50:16,1,RESPONSIVE
B011046,T02111,V0436,27675105.19,2026-03-02T03:01:03,2,RESPONSIVE
B011047,T02111,V0187,28161324.74,2026-02-18T09:06:04,3,RESPONSIVE
B011048,T02111,V0326,28176292.53,2026-02-16T16:58:07,4,RESPONSIVE
B011049,T02111,V0179,29250824.01,2026-02-24T15:57:43,5,RESPONSIVE
B011050,T02111,V0029,29424468.37,2026-02-28T18:08:34,6,RESPONSIVE
B011051,T02111,V0255,29636682.9,2026-02-26T22:59:15,7,RESPONSIVE
B011052,T02111,V0247,30571356.65,2026-02-26T14:00:04,8,RESPONSIVE
B011053,T02111,V0047,31604939.93,2026-02-28T12:22:09,9,RESPONSIVE
B011054,T02112,V0359,7640875.52,2024-11-19T10:45:26,1,RESPONSIVE
B011055,T02112,V0114,7727236.83,2024-11-02T16:58:40,2,RESPONSIVE
B011056,T02112,V0356,8019765.82,2024-11-18T04:34:54,3,RESPONSIVE
B011057,T02112,V0133,8130222.49,2024-11-07T22:36:54,4,RESPONSIVE
B011058,T02112,V0224,8196116.96,2024-11-09T11:18:26,5,NON_RESPONSIVE
B011059,T02112,V0320,8431188.81,2024-11-19T15:38:21,6,RESPONSIVE
B011060,T02112,V0052,8436061.19,2024-11-07T10:47:41,7,RESPONSIVE
B011061,T02112,V0525,8443163.72,2024-11-19T15:54:08,8,RESPONSIVE
B011062,T02113,V0093,15481154.56,2025-10-25T06:27:13,1,RESPONSIVE
B011063,T02113,V0117,16005424.75,2025-10-27T04:36:48,2,RESPONSIVE
B011064,T02113,V0059,16931116.77,2025-10-26T15:30:16,3,RESPONSIVE
B011065,T02113,V0107,17328925.65,2025-10-27T10:40:12,4,RESPONSIVE
B011066,T02114,V0259,746837.29,2025-06-08T13:50:22,1,RESPONSIVE
B011067,T02114,V0034,781948.7,2025-06-16T20:17:35,2,RESPONSIVE
B011068,T02115,V0547,9327782.55,2025-09-22T01:42:26,1,RESPONSIVE
B011069,T02115,V0224,9445234.5,2025-10-10T22:24:40,2,RESPONSIVE
B011070,T02115,V0430,9732477.17,2025-09-26T02:34:32,3,RESPONSIVE
B011071,T02115,V0006,9795219.78,2025-09-29T12:38:10,4,RESPONSIVE
B011072,T02115,V0130,9823568.02,2025-09-24T19:15:08,5,RESPONSIVE
B011073,T02116,V0015,895879.11,2024-02-12T11:22:15,1,RESPONSIVE
B011074,T02116,V0388,900605.17,2024-02-22T03:24:35,2,RESPONSIVE
B011075,T02116,V0523,916006.72,2024-02-26T03:36:04,3,RESPONSIVE
B011076,T02116,V0364,926657.52,2024-03-05T10:55:37,4,RESPONSIVE
B011077,T02116,V0370,936122.04,2024-02-13T11:53:51,5,RESPONSIVE
B011078,T02116,V0546,941718.21,2024-02-22T07:19:17,6,RESPONSIVE
B011079,T02116,V0244,962452.31,2024-02-28T08:21:09,7,RESPONSIVE
B011080,T02116,V0122,964790.15,2024-02-27T21:50:15,8,RESPONSIVE
B011081,T02116,V0007,966239.71,2024-03-06T22:41:45,9,RESPONSIVE
B011082,T02117,V0550,41743706.79,2025-04-18T10:32:17,1,RESPONSIVE
B011083,T02117,V0358,43245360.17,2025-04-14T04:04:59,2,RESPONSIVE
B011084,T02118,V0062,23091359.32,2024-06-10T10:57:01,1,RESPONSIVE
B011085,T02118,V0361,24966948.75,2024-06-08T14:11:15,2,RESPONSIVE
B011086,T02118,V0451,25096186.5,2024-05-23T12:41:49,3,RESPONSIVE
B011087,T02118,V0055,26343831.43,2024-05-23T09:50:09,4,RESPONSIVE
B011088,T02119,V0076,4169108.02,2025-10-03T16:07:58,1,RESPONSIVE
B011089,T02119,V0103,4217985.81,2025-10-04T00:36:51,2,RESPONSIVE
B011090,T02119,V0309,4500436.31,2025-09-16T07:48:17,3,RESPONSIVE
B011091,T02120,V0321,7051535.65,2026-08-16T00:07:11,1,RESPONSIVE
B011092,T02120,V0308,7179788.21,2026-08-29T00:09:17,2,RESPONSIVE
B011093,T02120,V0034,7213274.36,2026-08-22T07:06:32,3,RESPONSIVE
B011094,T02120,V0365,8160242.33,2026-08-14T11:29:02,4,RESPONSIVE
B011095,T02121,V0059,2783075.51,2024-07-03T21:22:37,1,RESPONSIVE
B011096,T02121,V0349,2858582.42,2024-07-21T05:41:01,2,RESPONSIVE
B011097,T02121,V0005,2881006.0,2024-07-11T06:29:59,3,RESPONSIVE
B011098,T02121,V0065,2888245.2,2024-07-07T18:07:07,4,RESPONSIVE
B011099,T02122,V0350,9812613.15,2024-12-03T18:12:44,1,RESPONSIVE
B011100,T02122,V0382,10496882.55,2024-12-02T05:55:04,2,RESPONSIVE
B011101,T02122,V0490,10549881.55,2024-12-03T13:13:15,3,NON_RESPONSIVE
B011102,T02122,V0049,10748883.51,2024-11-23T09:53:44,4,RESPONSIVE
B011103,T02122,V0331,10880044.57,2024-11-18T01:10:39,5,RESPONSIVE
B011104,T02122,V0536,10980358.04,2024-11-24T19:06:20,6,RESPONSIVE
B011105,T02122,V0149,11057574.8,2024-11-27T00:37:04,7,RESPONSIVE
B011106,T02123,V0429,12783593.81,2025-02-10T20:52:49,1,RESPONSIVE
B011107,T02123,V0289,13054310.55,2025-02-02T05:04:33,2,RESPONSIVE
B011108,T02123,V0359,13330209.06,2025-01-26T15:08:03,3,RESPONSIVE
B011109,T02123,V0496,13587250.67,2025-02-09T19:15:07,4,RESPONSIVE
B011110,T02123,V0251,13935518.72,2025-02-05T05:38:01,5,RESPONSIVE
B011111,T02123,V0387,14367082.88,2025-01-29T18:13:17,6,RESPONSIVE
B011112,T02124,V0327,3357031.05,2024-06-07T10:11:57,1,RESPONSIVE
B011113,T02124,V0103,3380287.17,2024-06-21T15:01:29,2,RESPONSIVE
B011114,T02124,V0364,3572254.64,2024-06-08T23:05:19,3,RESPONSIVE
B011115,T02125,V0025,2457479.45,2025-03-07T00:08:48,1,RESPONSIVE
B011116,T02125,V0113,2464244.67,2025-02-22T17:58:31,2,RESPONSIVE
B011117,T02125,V0277,2478660.24,2025-03-12T00:22:21,3,RESPONSIVE
B011118,T02125,V0119,2517073.72,2025-03-13T11:02:40,4,RESPONSIVE
B011119,T02125,V0295,2539693.71,2025-03-16T07:16:10,5,RESPONSIVE
B011120,T02125,V0223,2543776.32,2025-02-21T13:29:44,6,RESPONSIVE
B011121,T02125,V0184,2619225.22,2025-02-18T22:51:38,7,RESPONSIVE
B011122,T02126,V0040,9081411.69,2024-02-27T11:40:50,1,RESPONSIVE
B011123,T02126,V0424,9503575.27,2024-03-06T15:19:23,2,RESPONSIVE
B011124,T02126,V0241,9582009.83,2024-02-27T09:30:07,3,RESPONSIVE
B011125,T02126,V0512,10159682.67,2024-03-02T18:14:12,4,RESPONSIVE
B011126,T02127,V0121,27523380.95,2026-06-21T05:21:33,1,RESPONSIVE
B011127,T02127,V0515,27796888.4,2026-06-25T11:52:04,2,RESPONSIVE
B011128,T02127,V0533,28592152.17,2026-06-20T17:24:32,3,RESPONSIVE
B011129,T02128,V0526,25945219.87,2024-02-07T14:37:54,1,RESPONSIVE
B011130,T02128,V0205,26793442.96,2024-01-26T22:00:49,2,RESPONSIVE
B011131,T02128,V0376,27101345.55,2024-01-19T08:20:12,3,RESPONSIVE
B011132,T02128,V0045,27179296.72,2024-02-01T00:44:21,4,RESPONSIVE
B011133,T02128,V0353,27658978.21,2024-02-06T09:08:02,5,RESPONSIVE
B011134,T02128,V0191,29079068.85,2024-01-30T07:56:44,6,RESPONSIVE
B011135,T02128,V0372,29326457.35,2024-02-05T05:01:21,7,RESPONSIVE
B011136,T02128,V0078,31604122.52,2024-01-19T04:21:21,8,RESPONSIVE
B011137,T02129,V0270,6459609.0,2026-08-12T00:07:17,1,RESPONSIVE
B011138,T02129,V0364,6867343.92,2026-07-29T14:47:27,2,RESPONSIVE
B011139,T02129,V0023,6928064.09,2026-07-30T11:48:02,3,RESPONSIVE
B011140,T02129,V0457,6994868.55,2026-08-10T07:09:20,4,RESPONSIVE
B011141,T02129,V0188,7045781.04,2026-08-28T19:04:28,5,RESPONSIVE
B011142,T02129,V0309,7121952.28,2026-08-03T00:05:55,6,RESPONSIVE
B011143,T02129,V0135,7130037.57,2026-08-15T08:08:48,7,RESPONSIVE
B011144,T02129,V0414,7152924.71,2026-08-18T07:02:30,8,NON_RESPONSIVE
B011145,T02129,V0127,7342166.51,2026-07-24T12:10:35,9,RESPONSIVE
B011146,T02130,V0256,6761104.58,2024-06-23T18:58:26,1,RESPONSIVE
B011147,T02130,V0384,6800069.67,2024-06-08T14:15:13,2,RESPONSIVE
B011148,T02130,V0308,7118676.91,2024-06-28T09:47:22,3,RESPONSIVE
B011149,T02130,V0178,7274365.02,2024-05-27T17:20:58,4,RESPONSIVE
B011150,T02130,V0495,7297369.56,2024-06-23T09:21:48,5,RESPONSIVE
B011151,T02130,V0215,7361028.71,2024-06-20T22:49:41,6,RESPONSIVE
B011152,T02130,V0047,7380443.74,2024-05-30T13:53:23,7,RESPONSIVE
B011153,T02130,V0174,7426771.47,2024-06-04T03:42:17,8,RESPONSIVE
B011154,T02130,V0336,7987274.49,2024-05-27T17:47:30,9,RESPONSIVE
B011155,T02131,V0248,5315322.77,2025-06-11T15:53:54,1,RESPONSIVE
B011156,T02131,V0249,5484226.05,2025-06-19T18:56:15,2,RESPONSIVE
B011157,T02131,V0436,5719511.55,2025-06-05T13:19:09,3,RESPONSIVE
B011158,T02131,V0337,5734985.57,2025-06-18T14:50:03,4,NON_RESPONSIVE
B011159,T02131,V0251,5762940.08,2025-06-05T01:56:01,5,RESPONSIVE
B011160,T02131,V0187,5829163.67,2025-06-25T02:34:40,6,RESPONSIVE
B011161,T02132,V0082,43939203.19,2026-08-11T17:18:32,1,RESPONSIVE
B011162,T02132,V0364,47902088.49,2026-08-30T18:47:10,2,RESPONSIVE
B011163,T02132,V0412,49768666.49,2026-08-24T00:22:20,3,RESPONSIVE
B011164,T02133,V0338,32423220.83,2024-03-31T00:57:00,1,RESPONSIVE
B011165,T02133,V0512,33400721.82,2024-03-26T06:53:10,2,RESPONSIVE
B011166,T02133,V0321,33633883.94,2024-03-26T04:32:35,3,RESPONSIVE
B011167,T02133,V0308,35389706.3,2024-03-30T17:28:25,4,RESPONSIVE
B011168,T02133,V0027,35780705.57,2024-03-31T16:33:08,5,RESPONSIVE
B011169,T02134,V0447,4985708.27,2026-05-21T20:35:21,1,RESPONSIVE
B011170,T02134,V0090,5002580.41,2026-05-20T05:19:14,2,RESPONSIVE
B011171,T02134,V0104,5122262.51,2026-05-21T07:22:40,3,RESPONSIVE
B011172,T02134,V0264,5154948.37,2026-05-16T04:39:48,4,RESPONSIVE
B011173,T02134,V0147,5234519.65,2026-05-21T03:31:56,5,RESPONSIVE
B011174,T02134,V0043,5469100.9,2026-05-15T14:45:20,6,RESPONSIVE
B011175,T02134,V0499,5500691.03,2026-05-19T04:29:33,7,RESPONSIVE
B011176,T02135,V0389,82242826.04,2024-07-21T22:26:49,1,RESPONSIVE
B011177,T02135,V0157,89035102.46,2024-07-26T21:16:59,2,NON_RESPONSIVE
B011178,T02135,V0372,89123522.82,2024-08-04T18:25:27,3,RESPONSIVE
B011179,T02135,V0045,90471999.2,2024-07-27T07:12:46,4,RESPONSIVE
B011180,T02135,V0017,91793434.31,2024-08-07T10:20:17,5,RESPONSIVE
B011181,T02135,V0381,93037170.56,2024-08-04T17:09:27,6,RESPONSIVE
B011182,T02135,V0128,97889175.98,2024-07-27T10:07:13,7,RESPONSIVE
B011183,T02136,V0007,1853969.74,2026-05-12T23:51:53,1,RESPONSIVE
B011184,T02136,V0278,1856390.5,2026-05-04T20:33:01,2,RESPONSIVE
B011185,T02136,V0127,1942978.71,2026-05-20T19:05:09,3,RESPONSIVE
B011186,T02136,V0280,1997824.27,2026-05-04T04:13:54,4,RESPONSIVE
B011187,T02136,V0244,2012419.74,2026-05-01T10:04:34,5,RESPONSIVE
B011188,T02136,V0281,2044230.65,2026-05-10T16:07:05,6,RESPONSIVE
B011189,T02136,V0276,2101875.28,2026-05-16T14:38:09,7,NON_RESPONSIVE
B011190,T02136,V0310,2134591.06,2026-05-03T09:09:17,8,RESPONSIVE
B011191,T02137,V0149,24944165.01,2026-03-26T17:39:59,1,RESPONSIVE
B011192,T02137,V0382,25698689.46,2026-03-31T05:41:00,2,RESPONSIVE
B011193,T02137,V0204,25758288.93,2026-03-21T16:05:05,3,RESPONSIVE
B011194,T02138,V0245,10082127.86,2026-05-30T08:26:30,1,RESPONSIVE
B011195,T02138,V0212,10261798.9,2026-06-07T08:12:41,2,RESPONSIVE
B011196,T02138,V0533,10357065.04,2026-06-02T23:12:47,3,RESPONSIVE
B011197,T02138,V0162,10510588.2,2026-05-18T05:46:34,4,RESPONSIVE
B011198,T02138,V0004,10980520.01,2026-05-31T18:06:28,5,RESPONSIVE
B011199,T02139,V0254,45279365.78,2024-03-22T03:20:48,1,RESPONSIVE
B011200,T02139,V0195,46672002.5,2024-04-04T17:25:29,2,RESPONSIVE
B011201,T02139,V0039,48846798.46,2024-04-14T06:23:10,3,RESPONSIVE
B011202,T02139,V0362,49369057.39,2024-03-22T05:19:22,4,RESPONSIVE
B011203,T02140,V0360,119033214.14,2026-05-01T19:11:43,1,RESPONSIVE
B011204,T02140,V0255,120889415.86,2026-04-30T17:27:36,2,RESPONSIVE
B011205,T02140,V0256,122942121.94,2026-05-03T02:33:25,3,RESPONSIVE
B011206,T02141,V0458,16235336.73,2024-07-23T00:09:05,1,RESPONSIVE
B011207,T02141,V0201,16647578.9,2024-08-04T02:17:53,2,RESPONSIVE
B011208,T02141,V0003,17583609.39,2024-07-31T15:01:01,3,RESPONSIVE
B011209,T02141,V0249,17777079.03,2024-08-03T03:12:00,4,RESPONSIVE
B011210,T02142,V0502,7290396.05,2026-07-29T21:42:03,1,RESPONSIVE
B011211,T02142,V0241,7563033.69,2026-08-05T03:37:09,2,RESPONSIVE
B011212,T02142,V0513,7742398.82,2026-08-03T21:49:20,3,RESPONSIVE
B011213,T02142,V0129,7891628.18,2026-07-21T01:42:26,4,RESPONSIVE
B011214,T02142,V0507,8066360.75,2026-08-05T06:22:23,5,RESPONSIVE
B011215,T02143,V0188,11746788.39,2026-05-23T14:55:20,1,RESPONSIVE
B011216,T02143,V0270,12634154.13,2026-05-10T20:43:39,2,RESPONSIVE
B011217,T02143,V0117,13014676.69,2026-05-07T05:36:07,3,NON_RESPONSIVE
B011218,T02143,V0413,13027467.8,2026-04-26T03:32:45,4,RESPONSIVE
B011219,T02143,V0248,13255397.42,2026-05-17T19:55:39,5,RESPONSIVE
B011220,T02143,V0176,13630404.09,2026-05-22T20:09:14,6,RESPONSIVE
B011221,T02144,V0178,24117430.12,2025-09-25T09:53:46,1,RESPONSIVE
B011222,T02144,V0070,24191102.64,2025-09-26T02:03:29,2,RESPONSIVE
B011223,T02144,V0231,24396723.11,2025-09-18T18:13:48,3,RESPONSIVE
B011224,T02144,V0144,24663392.09,2025-09-18T17:57:09,4,RESPONSIVE
B011225,T02144,V0534,25002103.35,2025-09-30T05:45:03,5,RESPONSIVE
B011226,T02144,V0454,25600102.02,2025-10-01T02:01:16,6,RESPONSIVE
B011227,T02144,V0545,26715908.44,2025-10-13T06:24:43,7,RESPONSIVE
B011228,T02144,V0514,26768788.49,2025-09-26T14:32:36,8,RESPONSIVE
B011229,T02145,V0384,14467834.83,2025-12-31T21:28:15,1,RESPONSIVE
B011230,T02145,V0129,14770322.59,2025-12-31T19:53:33,2,RESPONSIVE
B011231,T02145,V0086,15116673.98,2026-01-09T22:40:03,3,RESPONSIVE
B011232,T02145,V0545,15565210.93,2026-01-01T17:43:41,4,RESPONSIVE
B011233,T02145,V0178,15815642.94,2026-01-12T22:56:59,5,RESPONSIVE
B011234,T02145,V0338,16018834.22,2025-12-30T22:31:04,6,RESPONSIVE
B011235,T02145,V0079,16059251.72,2025-12-28T17:03:33,7,RESPONSIVE
B011236,T02146,V0098,22314620.21,2025-07-16T22:36:10,1,RESPONSIVE
B011237,T02146,V0394,23002071.73,2025-07-15T14:56:38,2,RESPONSIVE
B011238,T02146,V0080,23333886.28,2025-07-13T22:38:51,3,RESPONSIVE
B011239,T02146,V0396,23654486.47,2025-07-15T19:58:44,4,RESPONSIVE
B011240,T02146,V0179,24373700.62,2025-07-15T11:25:22,5,RESPONSIVE
B011241,T02146,V0495,25294261.27,2025-07-13T18:03:33,6,RESPONSIVE
B011242,T02146,V0047,25325686.37,2025-07-19T14:32:17,7,RESPONSIVE
B011243,T02146,V0213,25641713.53,2025-07-16T07:41:13,8,RESPONSIVE
B011244,T02147,V0306,11005684.06,2025-09-09T00:41:10,1,RESPONSIVE
B011245,T02147,V0468,11011264.07,2025-09-01T00:12:25,2,RESPONSIVE
B011246,T02147,V0062,11405956.93,2025-09-15T22:55:55,3,RESPONSIVE
B011247,T02147,V0014,11851257.37,2025-09-15T14:14:16,4,RESPONSIVE
B011248,T02147,V0123,11999140.45,2025-09-13T07:44:26,5,RESPONSIVE
B011249,T02148,V0357,28979149.69,2026-08-08T10:55:06,1,RESPONSIVE
B011250,T02148,V0017,32198732.34,2026-08-09T02:33:16,2,RESPONSIVE
B011251,T02148,V0520,33064207.1,2026-08-25T17:28:54,3,RESPONSIVE
B011252,T02149,V0016,11159174.44,2025-05-02T02:11:51,1,RESPONSIVE
B011253,T02149,V0364,11826595.01,2025-04-21T19:03:15,2,RESPONSIVE
B011254,T02149,V0063,11851331.06,2025-05-03T14:08:23,3,NON_RESPONSIVE
B011255,T02149,V0284,12292295.95,2025-05-07T07:39:39,4,RESPONSIVE
B011256,T02149,V0248,12753742.86,2025-04-26T10:21:36,5,RESPONSIVE
B011257,T02150,V0080,4564405.44,2026-01-28T02:52:54,1,RESPONSIVE
B011258,T02150,V0027,4571007.66,2026-02-08T21:41:14,2,RESPONSIVE
B011259,T02150,V0308,4593907.29,2026-01-31T01:47:40,3,RESPONSIVE
B011260,T02150,V0336,4843173.18,2026-01-21T20:11:05,4,RESPONSIVE
B011261,T02150,V0162,4917809.67,2026-02-07T16:41:10,5,RESPONSIVE
B011262,T02150,V0396,5044612.66,2026-02-04T12:46:19,6,RESPONSIVE
B011263,T02151,V0016,24899880.95,2024-12-10T03:21:12,1,RESPONSIVE
B011264,T02151,V0347,25224989.67,2024-12-06T21:04:28,2,RESPONSIVE
B011265,T02151,V0292,26705980.01,2024-11-28T21:45:34,3,RESPONSIVE
B011266,T02152,V0532,19053410.99,2024-06-23T06:10:56,1,RESPONSIVE
B011267,T02152,V0005,19130182.43,2024-07-17T06:54:49,2,RESPONSIVE
B011268,T02152,V0047,19159758.5,2024-07-03T13:43:06,3,RESPONSIVE
B011269,T02152,V0003,19190502.39,2024-06-28T02:15:44,4,RESPONSIVE
B011270,T02152,V0422,19194034.08,2024-07-11T12:11:22,5,RESPONSIVE
B011271,T02152,V0039,19220886.14,2024-07-06T06:18:11,6,RESPONSIVE
B011272,T02152,V0230,19340917.04,2024-07-18T04:24:37,7,RESPONSIVE
B011273,T02152,V0185,19838506.35,2024-07-08T03:36:08,8,RESPONSIVE
B011274,T02153,V0397,1959216.5,2024-10-15T01:19:53,1,RESPONSIVE
B011275,T02153,V0269,2057786.64,2024-10-27T03:33:42,2,RESPONSIVE
B011276,T02153,V0212,2121214.01,2024-10-16T11:23:03,3,RESPONSIVE
B011277,T02153,V0188,2185131.73,2024-11-05T16:41:49,4,RESPONSIVE
B011278,T02153,V0362,2201493.33,2024-11-05T21:05:36,5,RESPONSIVE
B011279,T02153,V0532,2214961.89,2024-10-16T05:38:49,6,RESPONSIVE
B011280,T02153,V0263,2222522.85,2024-10-21T06:54:11,7,RESPONSIVE
B011281,T02154,V0335,8273602.17,2025-10-19T11:23:38,1,RESPONSIVE
B011282,T02154,V0115,8334517.41,2025-10-24T20:40:20,2,RESPONSIVE
B011283,T02154,V0492,8382169.38,2025-10-19T12:12:48,3,RESPONSIVE
B011284,T02154,V0236,8489811.34,2025-10-21T20:47:14,4,RESPONSIVE
B011285,T02154,V0458,8744225.48,2025-10-29T04:01:57,5,RESPONSIVE
B011286,T02154,V0441,8782224.49,2025-10-21T02:03:20,6,NON_RESPONSIVE
B011287,T02154,V0197,8880430.14,2025-10-26T10:27:30,7,RESPONSIVE
B011288,T02154,V0402,9359560.79,2025-10-17T23:03:48,8,RESPONSIVE
B011289,T02154,V0112,9453824.72,2025-10-23T13:40:23,9,RESPONSIVE
B011290,T02155,V0219,2164791.58,2025-09-22T08:49:42,1,NON_RESPONSIVE
B011291,T02155,V0007,2171453.77,2025-09-27T12:03:15,2,RESPONSIVE
B011292,T02155,V0254,2175646.79,2025-09-19T01:59:26,3,RESPONSIVE
B011293,T02155,V0327,2183585.09,2025-09-26T01:03:13,4,RESPONSIVE
B011294,T02155,V0352,2201649.54,2025-09-21T15:35:14,5,RESPONSIVE
B011295,T02155,V0132,2244233.52,2025-09-28T12:56:52,6,RESPONSIVE
B011296,T02156,V0507,7734514.71,2024-03-31T11:35:46,1,RESPONSIVE
B011297,T02156,V0519,7903310.98,2024-04-18T15:55:46,2,RESPONSIVE
B011298,T02156,V0394,8023613.4,2024-04-01T06:48:25,3,RESPONSIVE
B011299,T02156,V0512,8246047.21,2024-03-19T21:12:16,4,RESPONSIVE
B011300,T02156,V0454,8249713.7,2024-03-23T17:36:12,5,RESPONSIVE
B011301,T02156,V0177,8563780.83,2024-04-06T06:27:21,6,RESPONSIVE
B011302,T02156,V0034,8629658.0,2024-04-09T00:12:14,7,RESPONSIVE
B011303,T02156,V0129,9226029.96,2024-03-17T19:50:56,8,RESPONSIVE
B011304,T02157,V0126,14858885.97,2024-10-13T04:17:38,1,RESPONSIVE
B011305,T02157,V0525,15107762.42,2024-10-14T13:05:47,2,RESPONSIVE
B011306,T02157,V0019,15227605.48,2024-10-06T02:23:05,3,RESPONSIVE
B011307,T02157,V0346,15276481.39,2024-10-05T17:07:42,4,RESPONSIVE
B011308,T02157,V0421,16175509.59,2024-10-08T02:23:14,5,RESPONSIVE
B011309,T02157,V0304,16322985.91,2024-10-13T14:22:25,6,RESPONSIVE
B011310,T02157,V0455,16361472.56,2024-09-29T16:50:04,7,RESPONSIVE
B011311,T02158,V0379,6213068.07,2024-07-22T09:00:03,1,RESPONSIVE
B011312,T02158,V0002,6271867.73,2024-07-22T11:33:17,2,RESPONSIVE
B011313,T02159,V0514,6293333.77,2024-11-16T19:37:04,1,RESPONSIVE
B011314,T02159,V0434,6425041.75,2024-11-23T05:21:47,2,RESPONSIVE
B011315,T02159,V0011,6462976.34,2024-11-23T03:39:17,3,NON_RESPONSIVE
B011316,T02159,V0144,6507484.38,2024-11-24T01:50:38,4,RESPONSIVE
B011317,T02159,V0035,6792777.73,2024-12-05T23:11:12,5,RESPONSIVE
B011318,T02160,V0315,9356075.99,2026-01-13T15:59:25,1,RESPONSIVE
B011319,T02160,V0129,9452832.78,2025-12-25T14:50:30,2,NON_RESPONSIVE
B011320,T02160,V0035,9954398.34,2026-01-10T14:41:58,3,RESPONSIVE
B011321,T02161,V0391,514325.83,2025-03-07T16:57:49,1,RESPONSIVE
B011322,T02161,V0488,521765.16,2025-03-14T11:05:15,2,NON_RESPONSIVE
B011323,T02161,V0071,545471.81,2025-03-31T22:41:22,3,RESPONSIVE
B011324,T02161,V0404,561785.46,2025-03-28T19:12:38,4,RESPONSIVE
B011325,T02161,V0380,574720.02,2025-03-22T07:21:06,5,RESPONSIVE
B011326,T02162,V0359,27008424.26,2026-07-02T01:06:17,1,RESPONSIVE
B011327,T02162,V0483,28401159.4,2026-06-27T10:06:05,2,RESPONSIVE
B011328,T02163,V0091,282647476.4,2024-10-09T04:45:53,1,RESPONSIVE
B011329,T02163,V0296,295411733.66,2024-10-08T21:01:49,2,RESPONSIVE
B011330,T02163,V0520,297708762.18,2024-10-11T09:53:45,3,RESPONSIVE
B011331,T02164,V0470,10959194.77,2025-03-03T00:15:01,1,RESPONSIVE
B011332,T02164,V0185,12142009.45,2025-02-12T23:03:00,2,RESPONSIVE
B011333,T02164,V0544,12371702.16,2025-02-23T18:51:40,3,RESPONSIVE
B011334,T02165,V0464,9013995.38,2024-08-08T02:12:49,1,RESPONSIVE
B011335,T02165,V0172,9362772.32,2024-08-21T05:41:50,2,RESPONSIVE
B011336,T02165,V0511,9406468.32,2024-08-30T04:06:11,3,RESPONSIVE
B011337,T02165,V0021,9515472.76,2024-09-07T01:46:14,4,RESPONSIVE
B011338,T02165,V0415,9528761.47,2024-08-12T15:11:38,5,RESPONSIVE
B011339,T02166,V0536,9765059.68,2026-06-05T18:51:27,1,RESPONSIVE
B011340,T02166,V0202,10645705.02,2026-06-30T22:50:46,2,RESPONSIVE
B011341,T02166,V0141,10659414.01,2026-06-01T04:50:43,3,RESPONSIVE
B011342,T02166,V0354,10690872.41,2026-07-05T01:52:36,4,RESPONSIVE
B011343,T02166,V0072,11076078.14,2026-07-11T03:43:25,5,RESPONSIVE
B011344,T02166,V0286,11248346.62,2026-06-27T11:49:15,6,RESPONSIVE
B011345,T02166,V0061,11478297.46,2026-06-24T00:14:23,7,RESPONSIVE
B011346,T02167,V0172,70704121.19,2026-03-08T01:48:10,1,RESPONSIVE
B011347,T02167,V0304,74617599.38,2026-03-09T20:38:37,2,RESPONSIVE
B011348,T02168,V0033,5019132.17,2026-05-12T17:49:29,1,RESPONSIVE
B011349,T02168,V0307,5270632.3,2026-05-14T16:31:33,2,RESPONSIVE
B011350,T02168,V0083,5418789.3,2026-05-17T15:30:56,3,RESPONSIVE
B011351,T02168,V0204,5499426.32,2026-05-15T15:32:36,4,RESPONSIVE
B011352,T02169,V0335,17733932.37,2024-06-29T15:11:36,1,RESPONSIVE
B011353,T02169,V0375,17745041.97,2024-06-29T19:25:29,2,RESPONSIVE
B011354,T02169,V0005,17879564.79,2024-06-24T11:54:38,3,RESPONSIVE
B011355,T02169,V0282,18318425.28,2024-06-27T08:26:13,4,RESPONSIVE
B011356,T02169,V0458,18682781.29,2024-06-09T03:12:15,5,RESPONSIVE
B011357,T02169,V0142,19892570.36,2024-07-08T07:51:45,6,RESPONSIVE
B011358,T02170,V0319,9334763.07,2024-11-14T03:43:00,1,RESPONSIVE
B011359,T02170,V0188,9475030.77,2024-11-09T12:56:01,2,RESPONSIVE
B011360,T02170,V0318,9569247.09,2024-11-09T17:03:40,3,RESPONSIVE
B011361,T02170,V0414,9653288.23,2024-11-09T15:59:23,4,RESPONSIVE
B011362,T02170,V0451,9737308.37,2024-11-07T12:07:09,5,RESPONSIVE
B011363,T02170,V0412,10083179.58,2024-11-07T09:03:41,6,RESPONSIVE
B011364,T02170,V0309,10138335.11,2024-11-09T21:21:03,7,RESPONSIVE
B011365,T02171,V0029,7850473.74,2024-11-26T08:47:09,1,RESPONSIVE
B011366,T02171,V0458,7997366.65,2024-11-14T19:22:27,2,RESPONSIVE
B011367,T02171,V0485,8086578.93,2024-11-27T22:53:32,3,RESPONSIVE
B011368,T02171,V0419,8200193.93,2024-11-15T06:46:46,4,RESPONSIVE
B011369,T02171,V0230,8843345.29,2024-11-26T20:25:15,5,RESPONSIVE
B011370,T02172,V0039,5779488.6,2024-05-22T23:21:15,1,RESPONSIVE
B011371,T02172,V0188,5819468.77,2024-05-31T18:44:49,2,RESPONSIVE
B011372,T02172,V0363,5981609.25,2024-05-31T16:34:29,3,RESPONSIVE
B011373,T02172,V0013,6237035.23,2024-05-31T08:32:51,4,RESPONSIVE
B011374,T02173,V0420,5942488.07,2025-06-24T06:50:15,1,RESPONSIVE
B011375,T02173,V0200,6102511.81,2025-06-03T19:21:24,2,RESPONSIVE
B011376,T02173,V0536,6278077.21,2025-06-18T21:57:25,3,RESPONSIVE
B011377,T02173,V0061,6317633.75,2025-06-10T17:18:15,4,RESPONSIVE
B011378,T02173,V0022,6367423.37,2025-06-18T14:42:02,5,RESPONSIVE
B011379,T02173,V0469,6442968.12,2025-06-10T15:29:12,6,RESPONSIVE
B011380,T02173,V0229,6470225.8,2025-06-13T15:32:31,7,RESPONSIVE
B011381,T02173,V0409,6514047.9,2025-06-11T19:20:07,8,RESPONSIVE
B011382,T02173,V0204,6564191.57,2025-06-10T21:39:34,9,RESPONSIVE
B011383,T02174,V0339,10407894.74,2025-09-30T16:32:34,1,RESPONSIVE
B011384,T02174,V0353,10515398.29,2025-09-25T05:08:39,2,RESPONSIVE
B011385,T02174,V0526,10599986.46,2025-09-26T10:31:54,3,RESPONSIVE
B011386,T02174,V0393,10811769.26,2025-10-11T00:20:16,4,RESPONSIVE
B011387,T02174,V0345,11256977.86,2025-09-22T04:03:56,5,NON_RESPONSIVE
B011388,T02175,V0212,1703871.28,2024-08-09T15:32:56,1,RESPONSIVE
B011389,T02175,V0495,1708438.63,2024-08-17T11:12:03,2,RESPONSIVE
B011390,T02175,V0013,1709719.06,2024-08-13T20:56:55,3,RESPONSIVE
B011391,T02175,V0332,1745020.52,2024-08-17T05:18:51,4,NON_RESPONSIVE
B011392,T02175,V0185,1752927.25,2024-08-11T22:31:25,5,RESPONSIVE
B011393,T02175,V0488,1766033.13,2024-08-13T16:32:54,6,RESPONSIVE
B011394,T02175,V0169,1774109.89,2024-08-08T09:52:18,7,RESPONSIVE
B011395,T02175,V0019,1796923.87,2024-08-14T05:18:34,8,RESPONSIVE
B011396,T02176,V0184,10357192.57,2026-03-15T05:02:50,1,RESPONSIVE
B011397,T02176,V0384,10504396.92,2026-04-06T02:05:47,2,RESPONSIVE
B011398,T02176,V0494,10562608.75,2026-04-07T14:51:36,3,RESPONSIVE
B011399,T02176,V0026,11241372.46,2026-03-30T11:08:22,4,RESPONSIVE
B011400,T02176,V0482,11307732.0,2026-03-24T07:13:57,5,RESPONSIVE
B011401,T02176,V0086,11400869.63,2026-03-09T04:47:56,6,RESPONSIVE
B011402,T02176,V0178,11419159.28,2026-03-16T08:01:28,7,RESPONSIVE
B011403,T02177,V0520,13232704.83,2026-01-29T00:27:37,1,RESPONSIVE
B011404,T02177,V0069,14242067.74,2026-01-31T03:25:54,2,RESPONSIVE
B011405,T02177,V0550,14547990.23,2026-01-18T17:16:50,3,RESPONSIVE
B011406,T02177,V0366,14775020.36,2026-01-15T07:13:24,4,RESPONSIVE
B011407,T02177,V0426,15063357.31,2026-01-30T01:06:51,5,RESPONSIVE
B011408,T02178,V0322,6696451.08,2025-09-30T05:57:56,1,RESPONSIVE
B011409,T02178,V0014,7021808.73,2025-09-24T20:02:40,2,RESPONSIVE
B011410,T02178,V0280,7272975.72,2025-10-04T03:57:32,3,RESPONSIVE
B011411,T02178,V0242,7360474.74,2025-10-07T06:46:25,4,RESPONSIVE
B011412,T02178,V0292,7400344.26,2025-10-06T21:13:47,5,RESPONSIVE
B011413,T02178,V0413,7454079.18,2025-09-28T15:59:15,6,RESPONSIVE
B011414,T02178,V0093,7480376.6,2025-09-24T08:39:51,7,RESPONSIVE
B011415,T02178,V0327,7533935.09,2025-09-27T21:51:08,8,RESPONSIVE
B011416,T02178,V0007,7753914.42,2025-09-23T20:45:45,9,RESPONSIVE
B011417,T02179,V0531,4480324.61,2026-04-15T06:07:08,1,RESPONSIVE
B011418,T02179,V0091,4562734.36,2026-05-01T12:37:22,2,RESPONSIVE
B011419,T02179,V0387,4562958.67,2026-05-03T14:26:56,3,RESPONSIVE
B011420,T02179,V0401,4621586.0,2026-05-08T15:54:46,4,RESPONSIVE
B011421,T02180,V0070,14598158.73,2025-02-26T08:36:20,1,RESPONSIVE
B011422,T02180,V0513,14776871.4,2025-02-25T01:43:20,2,RESPONSIVE
B011423,T02180,V0011,14843114.64,2025-02-03T07:36:56,3,RESPONSIVE
B011424,T02180,V0223,14889326.58,2025-02-11T01:42:52,4,RESPONSIVE
B011425,T02180,V0008,15238528.45,2025-02-20T01:22:28,5,RESPONSIVE
B011426,T02180,V0423,15942389.91,2025-02-21T06:47:21,6,RESPONSIVE
B011427,T02181,V0294,4047701.1,2024-11-04T00:59:27,1,RESPONSIVE
B011428,T02181,V0047,4080741.65,2024-11-04T08:55:21,2,RESPONSIVE
B011429,T02182,V0483,9205647.94,2026-02-22T02:35:57,1,RESPONSIVE
B011430,T02182,V0532,9807297.51,2026-02-19T04:55:35,2,RESPONSIVE
B011431,T02182,V0326,10106997.03,2026-02-25T09:57:46,3,RESPONSIVE
B011432,T02182,V0485,10502953.07,2026-02-21T09:37:15,4,RESPONSIVE
B011433,T02182,V0005,10615496.7,2026-02-18T23:30:51,5,RESPONSIVE
B011434,T02182,V0472,10658557.41,2026-02-22T11:56:20,6,RESPONSIVE
B011435,T02182,V0003,10765903.41,2026-02-13T08:13:31,7,RESPONSIVE
B011436,T02182,V0455,10809044.93,2026-02-23T23:05:39,8,RESPONSIVE
B011437,T02182,V0304,10940781.76,2026-03-04T14:50:32,9,RESPONSIVE
B011438,T02183,V0100,111289480.32,2025-02-03T21:23:05,1,RESPONSIVE
B011439,T02183,V0358,111929262.9,2025-02-04T23:13:55,2,RESPONSIVE
B011440,T02183,V0099,113173768.91,2025-02-12T09:00:35,3,RESPONSIVE
B011441,T02183,V0416,114353559.61,2025-02-23T12:02:05,4,RESPONSIVE
B011442,T02183,V0387,115237698.94,2025-02-13T21:52:39,5,RESPONSIVE
B011443,T02183,V0389,116940121.76,2025-02-24T10:14:40,6,RESPONSIVE
B011444,T02183,V0064,119247269.07,2025-02-11T07:18:44,7,RESPONSIVE
B011445,T02183,V0054,120955841.7,2025-02-18T13:01:45,8,RESPONSIVE
B011446,T02184,V0020,3768554.96,2024-09-21T19:58:19,1,RESPONSIVE
B011447,T02184,V0382,3789498.49,2024-09-29T16:51:21,2,RESPONSIVE
B011448,T02184,V0307,3868221.25,2024-09-28T15:42:54,3,RESPONSIVE
B011449,T02184,V0350,4007892.86,2024-09-15T00:56:36,4,RESPONSIVE
B011450,T02185,V0322,4950029.99,2026-05-08T17:41:03,1,RESPONSIVE
B011451,T02185,V0244,4966842.02,2026-04-28T08:55:10,2,RESPONSIVE
B011452,T02185,V0301,5009711.63,2026-04-21T01:04:42,3,RESPONSIVE
B011453,T02185,V0014,5147594.51,2026-05-02T06:41:32,4,RESPONSIVE
B011454,T02186,V0030,2355330.87,2024-03-30T09:14:28,1,NON_RESPONSIVE
B011455,T02186,V0514,2467634.71,2024-03-28T20:40:03,2,RESPONSIVE
B011456,T02186,V0365,2494010.94,2024-03-31T19:04:20,3,RESPONSIVE
B011457,T02186,V0008,2496684.5,2024-04-07T04:30:29,4,RESPONSIVE
B011458,T02186,V0178,2512603.9,2024-04-10T11:23:54,5,RESPONSIVE
B011459,T02186,V0497,2653358.88,2024-04-11T20:24:49,6,RESPONSIVE
B011460,T02187,V0525,10389263.6,2024-05-03T06:19:16,1,RESPONSIVE
B011461,T02187,V0455,10466987.36,2024-05-14T23:02:11,2,RESPONSIVE
B011462,T02187,V0359,10839395.62,2024-06-04T05:37:56,3,RESPONSIVE
B011463,T02187,V0172,10917423.28,2024-05-22T10:43:38,4,RESPONSIVE
B011464,T02187,V0019,10957421.85,2024-05-06T12:22:37,5,RESPONSIVE
B011465,T02188,V0427,169358715.66,2024-02-03T03:48:02,1,RESPONSIVE
B011466,T02188,V0358,169693154.3,2024-02-01T14:38:11,2,RESPONSIVE
B011467,T02188,V0045,170590474.24,2024-02-07T02:57:13,3,RESPONSIVE
B011468,T02188,V0415,179260994.16,2024-01-25T20:50:14,4,RESPONSIVE
B011469,T02189,V0409,8187603.66,2025-08-16T17:59:07,1,RESPONSIVE
B011470,T02189,V0265,8196477.63,2025-08-16T21:44:18,2,RESPONSIVE
B011471,T02189,V0033,8289877.86,2025-08-20T03:01:06,3,RESPONSIVE
B011472,T02189,V0529,8312017.09,2025-08-20T15:32:47,4,RESPONSIVE
B011473,T02189,V0020,8411683.03,2025-08-25T09:51:23,5,RESPONSIVE
B011474,T02189,V0136,8491089.9,2025-08-21T20:53:56,6,RESPONSIVE
B011475,T02189,V0481,8596854.4,2025-08-19T07:53:20,7,RESPONSIVE
B011476,T02189,V0486,9240330.24,2025-08-13T03:25:04,8,RESPONSIVE
B011477,T02190,V0340,13862078.15,2025-08-28T16:54:50,1,RESPONSIVE
B011478,T02190,V0091,14139584.82,2025-08-24T17:54:41,2,RESPONSIVE
B011479,T02190,V0052,14234551.45,2025-08-20T08:40:30,3,RESPONSIVE
B011480,T02190,V0212,14396256.2,2025-08-17T18:14:28,4,RESPONSIVE
B011481,T02190,V0019,14495364.59,2025-08-22T20:47:50,5,RESPONSIVE
B011482,T02191,V0490,10586746.57,2025-09-04T11:10:20,1,RESPONSIVE
B011483,T02191,V0528,10590333.27,2025-09-14T03:29:10,2,RESPONSIVE
B011484,T02191,V0354,11283289.33,2025-08-14T03:14:11,3,RESPONSIVE
B011485,T02191,V0463,11305833.1,2025-08-12T08:32:29,4,RESPONSIVE
B011486,T02192,V0513,17641320.83,2025-04-17T09:17:35,1,RESPONSIVE
B011487,T02192,V0013,18137511.93,2025-04-18T06:03:23,2,RESPONSIVE
B011488,T02193,V0306,18378113.36,2026-01-01T07:42:46,1,RESPONSIVE
B011489,T02193,V0276,18600262.98,2025-12-23T22:58:26,2,RESPONSIVE
B011490,T02193,V0309,18656108.23,2025-12-30T01:17:50,3,RESPONSIVE
B011491,T02193,V0319,18862685.67,2025-12-03T00:40:28,4,RESPONSIVE
B011492,T02193,V0374,21155904.39,2025-12-29T21:09:33,5,RESPONSIVE
B011493,T02194,V0025,3486107.68,2024-01-22T00:26:55,1,RESPONSIVE
B011494,T02194,V0355,3507316.81,2024-01-16T16:05:11,2,RESPONSIVE
B011495,T02194,V0113,3536880.49,2024-01-21T10:14:30,3,RESPONSIVE
B011496,T02194,V0020,3573289.25,2024-01-24T05:21:22,4,RESPONSIVE
B011497,T02194,V0277,3593926.54,2024-02-02T00:32:29,5,RESPONSIVE
B011498,T02194,V0119,3617630.48,2024-01-20T23:56:32,6,RESPONSIVE
B011499,T02194,V0407,3624041.56,2024-01-12T17:56:17,7,RESPONSIVE
B011500,T02194,V0026,3810357.38,2024-01-25T15:34:28,8,RESPONSIVE
B011501,T02195,V0335,3895783.29,2024-07-09T02:13:41,1,RESPONSIVE
B011502,T02195,V0294,3934587.06,2024-07-02T10:39:32,2,RESPONSIVE
B011503,T02195,V0275,4030402.13,2024-07-16T10:32:19,3,RESPONSIVE
B011504,T02195,V0419,4061723.57,2024-07-15T12:56:29,4,RESPONSIVE
B011505,T02195,V0380,4095129.01,2024-07-22T13:18:46,5,RESPONSIVE
B011506,T02196,V0546,1761590.7,2025-08-29T08:14:40,1,RESPONSIVE
B011507,T02196,V0123,1783087.08,2025-09-20T13:15:52,2,RESPONSIVE
B011508,T02196,V0523,1829000.05,2025-09-08T03:46:52,3,RESPONSIVE
B011509,T02196,V0151,1830946.77,2025-09-04T13:39:06,4,RESPONSIVE
B011510,T02196,V0310,1839161.98,2025-09-08T07:17:30,5,RESPONSIVE
B011511,T02197,V0028,16384940.46,2026-01-27T12:57:47,1,RESPONSIVE
B011512,T02197,V0381,17072787.38,2026-02-09T18:07:36,2,RESPONSIVE
B011513,T02197,V0159,17547159.71,2026-01-23T08:39:11,3,RESPONSIVE
B011514,T02197,V0437,18194029.76,2026-01-31T05:09:48,4,RESPONSIVE
B011515,T02197,V0429,19030732.19,2026-02-08T13:03:13,5,RESPONSIVE
B011516,T02198,V0242,57885046.29,2026-07-16T15:28:43,1,RESPONSIVE
B011517,T02198,V0066,58784070.54,2026-07-14T10:56:09,2,RESPONSIVE
B011518,T02198,V0023,60678908.82,2026-07-07T19:25:09,3,RESPONSIVE
B011519,T02198,V0039,61499838.16,2026-07-09T17:09:33,4,RESPONSIVE
B011520,T02198,V0166,61815106.4,2026-07-15T18:52:49,5,RESPONSIVE
B011521,T02198,V0280,68190668.93,2026-07-15T05:58:54,6,RESPONSIVE
B011522,T02199,V0249,66193041.51,2025-02-16T17:59:45,1,RESPONSIVE
B011523,T02199,V0117,68871110.91,2025-02-16T07:04:17,2,RESPONSIVE
B011524,T02199,V0306,70942208.52,2025-02-10T12:24:14,3,RESPONSIVE
B011525,T02199,V0347,72168490.92,2025-02-13T01:38:18,4,RESPONSIVE
B011526,T02199,V0254,74846972.99,2025-02-18T09:58:29,5,RESPONSIVE
B011527,T02199,V0132,76663755.85,2025-02-07T21:02:15,6,NON_RESPONSIVE
B011528,T02199,V0195,78067950.07,2025-02-16T17:12:43,7,RESPONSIVE
B011529,T02200,V0265,5723106.49,2024-05-07T13:41:39,1,RESPONSIVE
B011530,T02200,V0165,5789354.04,2024-06-01T11:11:10,2,RESPONSIVE
B011531,T02200,V0382,5798728.69,2024-05-17T20:10:37,3,NON_RESPONSIVE
B011532,T02200,V0106,5804997.29,2024-05-19T00:04:36,4,RESPONSIVE
B011533,T02200,V0538,5807113.46,2024-05-20T04:05:48,5,RESPONSIVE
B011534,T02200,V0331,5815658.47,2024-05-13T21:07:10,6,RESPONSIVE
B011535,T02200,V0408,5819145.24,2024-05-30T15:49:26,7,RESPONSIVE
B011536,T02200,V0022,6022860.14,2024-05-20T12:15:28,8,RESPONSIVE
B011537,T02200,V0072,6265571.37,2024-05-03T16:00:30,9,RESPONSIVE
B011538,T02201,V0005,11025942.18,2024-11-05T01:39:27,1,RESPONSIVE
B011539,T02201,V0488,11422257.49,2024-10-23T23:34:19,2,RESPONSIVE
B011540,T02201,V0253,12202161.13,2024-11-02T11:17:43,3,RESPONSIVE
B011541,T02201,V0419,12406193.74,2024-11-04T11:56:31,4,RESPONSIVE
B011542,T02202,V0308,9919222.45,2025-06-19T07:08:19,1,NON_RESPONSIVE
B011543,T02202,V0434,10168926.12,2025-06-19T21:12:17,2,RESPONSIVE
B011544,T02202,V0034,11155461.15,2025-06-19T23:32:22,3,NON_RESPONSIVE
B011545,T02202,V0079,11253392.57,2025-06-15T07:18:21,4,RESPONSIVE
B011546,T02203,V0133,22212895.02,2025-08-17T06:54:42,1,RESPONSIVE
B011547,T02203,V0421,22724204.79,2025-08-08T07:41:02,2,RESPONSIVE
B011548,T02203,V0114,22831798.74,2025-08-07T06:23:05,3,RESPONSIVE
B011549,T02203,V0088,22867625.18,2025-08-19T02:57:58,4,RESPONSIVE
B011550,T02203,V0346,23060059.17,2025-08-19T01:24:57,5,RESPONSIVE
B011551,T02203,V0356,23317518.76,2025-08-02T13:50:21,6,RESPONSIVE
B011552,T02203,V0091,23866603.07,2025-07-23T00:12:37,7,RESPONSIVE
B011553,T02203,V0345,24479003.86,2025-08-01T14:09:08,8,RESPONSIVE
B011554,T02203,V0544,24606338.96,2025-08-16T13:43:43,9,RESPONSIVE
B011555,T02204,V0505,4099202.28,2024-07-30T14:18:37,1,RESPONSIVE
B011556,T02204,V0351,4120743.7,2024-07-22T11:59:06,2,NON_RESPONSIVE
B011557,T02204,V0232,4211258.18,2024-07-31T22:56:40,3,RESPONSIVE
B011558,T02204,V0329,4234644.22,2024-07-30T06:29:31,4,RESPONSIVE
B011559,T02204,V0168,4388759.91,2024-07-15T21:25:25,5,RESPONSIVE
B011560,T02205,V0415,2617715.86,2025-09-27T06:06:36,1,RESPONSIVE
B011561,T02205,V0531,2682186.88,2025-09-16T17:08:48,2,RESPONSIVE
B011562,T02205,V0078,2723346.79,2025-09-22T02:07:27,3,RESPONSIVE
B011563,T02205,V0332,2855339.07,2025-09-28T13:36:41,4,RESPONSIVE
B011564,T02205,V0255,2949264.3,2025-10-02T18:07:51,5,RESPONSIVE
B011565,T02206,V0217,9593023.5,2024-02-25T12:29:38,1,RESPONSIVE
B011566,T02206,V0160,10698313.51,2024-02-19T22:28:52,2,RESPONSIVE
B011567,T02206,V0390,10833036.32,2024-02-26T18:06:31,3,RESPONSIVE
B011568,T02206,V0488,10939274.25,2024-02-07T20:25:48,4,RESPONSIVE
B011569,T02206,V0360,11073416.75,2024-02-23T04:29:58,5,RESPONSIVE
B011570,T02206,V0275,11316025.22,2024-02-22T01:38:54,6,RESPONSIVE
B011571,T02207,V0259,13726726.08,2025-04-20T22:59:17,1,RESPONSIVE
B011572,T02207,V0451,13775730.33,2025-05-07T02:35:59,2,RESPONSIVE
B011573,T02207,V0177,14545553.01,2025-05-01T07:32:44,3,RESPONSIVE
B011574,T02208,V0219,2076223.59,2024-12-20T13:11:26,1,RESPONSIVE
B011575,T02208,V0244,2119178.11,2024-12-21T00:21:34,2,RESPONSIVE
B011576,T02208,V0504,2144029.31,2024-12-08T18:42:11,3,RESPONSIVE
B011577,T02209,V0359,26183636.55,2025-11-21T16:02:15,1,RESPONSIVE
B011578,T02209,V0478,26507470.74,2025-11-10T04:38:14,2,RESPONSIVE
B011579,T02209,V0358,26853962.55,2025-11-15T19:41:18,3,RESPONSIVE
B011580,T02209,V0387,26877206.37,2025-11-20T01:24:14,4,RESPONSIVE
B011581,T02209,V0044,27159160.52,2025-11-22T20:14:30,5,RESPONSIVE
B011582,T02209,V0289,27483995.41,2025-11-24T14:12:44,6,RESPONSIVE
B011583,T02209,V0386,28296926.06,2025-11-29T05:43:02,7,RESPONSIVE
B011584,T02210,V0025,15641485.84,2025-01-18T09:00:46,1,RESPONSIVE
B011585,T02210,V0144,16070221.58,2025-01-23T22:19:57,2,RESPONSIVE
B011586,T02210,V0072,16201624.0,2025-01-16T17:18:59,3,RESPONSIVE
B011587,T02210,V0184,16243501.91,2025-01-23T19:33:57,4,RESPONSIVE
B011588,T02210,V0113,16559594.23,2025-01-11T09:56:19,5,RESPONSIVE
B011589,T02210,V0481,16633808.52,2025-01-22T21:31:25,6,RESPONSIVE
B011590,T02210,V0277,16926512.62,2025-01-20T11:34:35,7,RESPONSIVE
B011591,T02210,V0020,17848612.89,2025-01-10T01:44:07,8,RESPONSIVE
B011592,T02211,V0039,4772599.36,2025-08-28T08:20:37,1,RESPONSIVE
B011593,T02211,V0360,4949820.9,2025-09-17T05:10:08,2,RESPONSIVE
B011594,T02211,V0187,5020334.5,2025-09-23T04:35:28,3,RESPONSIVE
B011595,T02211,V0464,5051544.71,2025-08-26T22:32:45,4,RESPONSIVE
B011596,T02211,V0201,5081250.12,2025-09-21T22:29:14,5,RESPONSIVE
B011597,T02212,V0400,19745201.9,2025-03-05T04:35:14,1,RESPONSIVE
B011598,T02212,V0401,20554356.18,2025-03-10T06:44:54,2,RESPONSIVE
B011599,T02212,V0255,20560295.95,2025-03-06T13:57:01,3,RESPONSIVE
B011600,T02212,V0172,20793880.64,2025-03-10T10:37:29,4,RESPONSIVE
B011601,T02212,V0019,20989208.47,2025-03-02T08:03:49,5,RESPONSIVE
B011602,T02212,V0510,21181783.89,2025-03-08T21:12:38,6,RESPONSIVE
B011603,T02212,V0346,21576403.14,2025-03-02T07:35:09,7,RESPONSIVE
B011604,T02212,V0289,21897243.3,2025-03-09T06:39:45,8,RESPONSIVE
B011605,T02212,V0054,23116762.54,2025-03-03T11:25:22,9,RESPONSIVE
B011606,T02213,V0434,12108499.31,2024-10-30T14:49:14,1,RESPONSIVE
B011607,T02213,V0259,12378935.86,2024-10-16T17:51:01,2,RESPONSIVE
B011608,T02213,V0456,12975240.63,2024-10-19T22:52:22,3,RESPONSIVE
B011609,T02213,V0315,13012976.61,2024-10-24T05:10:53,4,RESPONSIVE
B011610,T02213,V0308,13319469.26,2024-10-15T01:15:32,5,RESPONSIVE
B011611,T02213,V0266,13513601.4,2024-10-13T04:26:05,6,RESPONSIVE
B011612,T02213,V0178,13729032.34,2024-10-25T07:46:04,7,RESPONSIVE
B011613,T02213,V0223,13821173.24,2024-10-18T12:46:45,8,RESPONSIVE
B011614,T02213,V0184,14097662.86,2024-10-14T05:29:52,9,RESPONSIVE
B011615,T02214,V0447,3762676.68,2024-02-29T14:11:18,1,RESPONSIVE
B011616,T02214,V0431,3774573.39,2024-02-29T13:30:51,2,RESPONSIVE
B011617,T02215,V0239,7008703.74,2025-06-04T14:15:58,1,RESPONSIVE
B011618,T02215,V0441,7123874.62,2025-06-15T11:43:21,2,RESPONSIVE
B011619,T02215,V0380,7135812.77,2025-06-24T17:23:01,3,RESPONSIVE
B011620,T02215,V0221,7382256.22,2025-06-13T19:05:29,4,RESPONSIVE
B011621,T02215,V0217,7475448.28,2025-05-30T06:13:59,5,RESPONSIVE
B011622,T02215,V0158,7550642.6,2025-06-19T07:54:25,6,RESPONSIVE
B011623,T02215,V0294,7630332.21,2025-06-24T13:05:32,7,RESPONSIVE
B011624,T02215,V0402,7736991.18,2025-06-01T15:24:00,8,RESPONSIVE
B011625,T02216,V0528,6220834.19,2026-02-25T00:48:32,1,RESPONSIVE
B011626,T02216,V0232,6638576.91,2026-03-05T03:11:16,2,NON_RESPONSIVE
B011627,T02216,V0202,6742543.03,2026-03-09T09:40:29,3,RESPONSIVE
B011628,T02216,V0033,6760793.43,2026-03-14T21:50:50,4,RESPONSIVE
B011629,T02216,V0001,6822801.09,2026-02-27T15:28:07,5,RESPONSIVE
B011630,T02216,V0409,6865299.87,2026-03-04T05:34:24,6,RESPONSIVE
B011631,T02216,V0331,6895344.31,2026-03-08T08:23:04,7,RESPONSIVE
B011632,T02217,V0299,58494598.72,2024-09-17T07:25:08,1,RESPONSIVE
B011633,T02217,V0510,60178157.83,2024-09-03T11:15:35,2,RESPONSIVE
B011634,T02217,V0462,61167275.25,2024-09-16T00:27:11,3,RESPONSIVE
B011635,T02217,V0376,62432216.01,2024-08-26T18:55:47,4,RESPONSIVE
B011636,T02217,V0324,62455021.32,2024-09-04T08:08:40,5,RESPONSIVE
B011637,T02217,V0346,63112799.12,2024-09-08T02:29:36,6,RESPONSIVE
B011638,T02217,V0300,63391228.73,2024-09-10T23:03:43,7,RESPONSIVE
B011639,T02218,V0454,1172444.91,2025-05-18T18:26:18,1,RESPONSIVE
B011640,T02218,V0213,1287493.76,2025-05-17T07:51:12,2,RESPONSIVE
B011641,T02218,V0209,1326254.72,2025-06-04T13:03:21,3,NON_RESPONSIVE
B011642,T02218,V0338,1412094.88,2025-06-09T09:16:49,4,RESPONSIVE
B011643,T02218,V0501,1457331.08,2025-05-21T02:31:23,5,RESPONSIVE
B011644,T02219,V0014,13674554.45,2025-06-25T02:15:13,1,RESPONSIVE
B011645,T02219,V0379,13785582.5,2025-06-15T01:38:37,2,RESPONSIVE
B011646,T02219,V0055,14567254.59,2025-07-11T21:33:27,3,RESPONSIVE
B011647,T02219,V0330,14652564.42,2025-06-26T18:33:08,4,RESPONSIVE
B011648,T02219,V0412,15039688.55,2025-06-09T14:16:56,5,RESPONSIVE
B011649,T02219,V0267,15112093.21,2025-06-21T23:26:16,6,RESPONSIVE
B011650,T02219,V0059,15190348.36,2025-06-25T02:49:49,7,RESPONSIVE
B011651,T02219,V0270,15474818.03,2025-06-08T00:12:26,8,RESPONSIVE
B011652,T02219,V0436,15904777.5,2025-07-08T02:33:25,9,RESPONSIVE
B011653,T02220,V0468,16364295.18,2025-09-23T08:37:04,1,RESPONSIVE
B011654,T02220,V0254,16575342.28,2025-09-17T01:38:09,2,RESPONSIVE
B011655,T02220,V0209,16786694.06,2025-08-28T17:20:55,3,RESPONSIVE
B011656,T02220,V0059,16883451.14,2025-09-11T08:15:25,4,RESPONSIVE
B011657,T02220,V0132,16885834.98,2025-09-06T06:44:22,5,RESPONSIVE
B011658,T02220,V0176,17012754.84,2025-09-22T13:14:04,6,RESPONSIVE
B011659,T02220,V0379,17132742.06,2025-09-09T15:22:02,7,RESPONSIVE
B011660,T02220,V0276,17217842.41,2025-09-08T15:57:06,8,RESPONSIVE
B011661,T02220,V0195,19152498.21,2025-09-04T11:38:57,9,RESPONSIVE
B011662,T02221,V0368,15672967.69,2025-03-08T04:34:13,1,RESPONSIVE
B011663,T02221,V0480,15921109.56,2025-03-08T20:07:19,2,RESPONSIVE
B011664,T02221,V0172,16060785.93,2025-03-08T01:09:47,3,RESPONSIVE
B011665,T02221,V0078,16068659.0,2025-03-05T11:07:00,4,RESPONSIVE
B011666,T02221,V0045,16274611.97,2025-03-12T07:29:19,5,RESPONSIVE
B011667,T02221,V0006,16610743.46,2025-03-07T12:11:45,6,RESPONSIVE
B011668,T02222,V0126,4857483.75,2024-05-06T00:13:01,1,RESPONSIVE
B011669,T02222,V0279,4918716.76,2024-05-12T18:09:25,2,RESPONSIVE
B011670,T02222,V0251,5027435.93,2024-05-16T04:39:33,3,RESPONSIVE
B011671,T02222,V0453,5107451.84,2024-05-29T16:20:28,4,RESPONSIVE
B011672,T02222,V0288,5110838.34,2024-05-06T11:02:12,5,RESPONSIVE
B011673,T02222,V0515,5127771.54,2024-05-20T19:02:44,6,RESPONSIVE
B011674,T02222,V0362,5159483.16,2024-05-08T04:10:54,7,RESPONSIVE
B011675,T02222,V0248,5243106.85,2024-05-21T07:32:46,8,RESPONSIVE
B011676,T02222,V0188,5352053.37,2024-05-29T06:52:28,9,RESPONSIVE
B011677,T02223,V0355,5414275.98,2026-04-08T16:02:30,1,RESPONSIVE
B011678,T02223,V0286,5596133.16,2026-04-05T04:06:17,2,NON_RESPONSIVE
B011679,T02223,V0104,5749293.02,2026-04-10T15:31:01,3,RESPONSIVE
B011680,T02223,V0012,5852134.31,2026-04-09T06:57:07,4,RESPONSIVE
B011681,T02223,V0043,5932330.89,2026-04-06T23:07:28,5,RESPONSIVE
B011682,T02224,V0187,25153253.67,2025-11-27T11:37:40,1,RESPONSIVE
B011683,T02224,V0172,28043061.13,2025-11-25T01:12:30,2,RESPONSIVE
B011684,T02225,V0220,9440986.15,2024-06-09T06:34:31,1,RESPONSIVE
B011685,T02225,V0525,9578235.05,2024-05-21T10:03:03,2,RESPONSIVE
B011686,T02225,V0185,9765159.53,2024-06-09T00:27:09,3,RESPONSIVE
B011687,T02225,V0159,10305202.16,2024-06-01T07:32:50,4,RESPONSIVE
B011688,T02225,V0483,10389786.74,2024-05-14T23:59:35,5,RESPONSIVE
B011689,T02225,V0531,10460334.53,2024-05-19T13:59:45,6,RESPONSIVE
B011690,T02225,V0426,10510616.66,2024-05-29T20:58:23,7,RESPONSIVE
B011691,T02225,V0421,11400960.93,2024-06-08T18:44:37,8,RESPONSIVE
B011692,T02226,V0244,4502673.28,2025-03-06T01:13:31,1,RESPONSIVE
B011693,T02226,V0309,5055970.14,2025-03-05T22:44:56,2,RESPONSIVE
B011694,T02227,V0076,45214240.06,2026-03-15T13:58:54,1,RESPONSIVE
B011695,T02227,V0322,46485765.93,2026-04-03T08:18:30,2,RESPONSIVE
B011696,T02227,V0292,46808863.17,2026-03-12T21:40:01,3,RESPONSIVE
B011697,T02227,V0288,49976603.0,2026-03-30T23:55:18,4,RESPONSIVE
B011698,T02228,V0223,7353106.24,2026-03-05T12:30:14,1,RESPONSIVE
B011699,T02228,V0307,7784109.07,2026-02-24T02:16:15,2,RESPONSIVE
B011700,T02228,V0020,7887168.7,2026-03-03T02:36:34,3,RESPONSIVE
B011701,T02229,V0302,27918423.27,2024-02-27T13:47:49,1,RESPONSIVE
B011702,T02229,V0512,29080721.82,2024-02-27T01:03:25,2,RESPONSIVE
B011703,T02229,V0047,29292277.23,2024-02-23T01:19:58,3,RESPONSIVE
B011704,T02229,V0485,29380330.61,2024-02-27T12:58:12,4,RESPONSIVE
B011705,T02229,V0129,29382513.76,2024-02-19T16:37:29,5,NON_RESPONSIVE
B011706,T02229,V0177,29457826.97,2024-02-20T13:05:38,6,RESPONSIVE
B011707,T02229,V0495,29868779.24,2024-02-23T09:40:35,7,RESPONSIVE
B011708,T02229,V0162,32128885.49,2024-02-19T10:16:33,8,RESPONSIVE
B011709,T02230,V0502,6590611.23,2025-06-05T00:45:57,1,RESPONSIVE
B011710,T02230,V0013,6651898.76,2025-05-22T14:26:53,2,RESPONSIVE
B011711,T02230,V0178,6812207.34,2025-05-24T16:37:34,3,RESPONSIVE
B011712,T02230,V0367,7059673.88,2025-05-24T05:56:56,4,RESPONSIVE
B011713,T02230,V0023,7179875.87,2025-05-29T16:26:13,5,RESPONSIVE
B011714,T02231,V0535,3878093.67,2024-03-30T16:30:20,1,RESPONSIVE
B011715,T02231,V0355,3919011.31,2024-03-23T14:31:10,2,RESPONSIVE
B011716,T02232,V0475,9994753.75,2024-03-30T16:52:36,1,RESPONSIVE
B011717,T02232,V0119,10158661.58,2024-03-18T11:35:18,2,RESPONSIVE
B011718,T02232,V0452,10250354.85,2024-03-17T19:09:56,3,RESPONSIVE
B011719,T02233,V0510,33605145.78,2025-02-26T19:28:40,1,NON_RESPONSIVE
B011720,T02233,V0163,35371234.45,2025-03-01T23:58:15,2,RESPONSIVE
B011721,T02233,V0516,36050045.75,2025-03-03T04:08:48,3,RESPONSIVE
B011722,T02233,V0220,36342184.01,2025-02-24T19:11:26,4,RESPONSIVE
B011723,T02233,V0391,36648805.79,2025-02-25T16:59:43,5,RESPONSIVE
B011724,T02233,V0128,37194230.16,2025-03-06T20:53:20,6,RESPONSIVE
B011725,T02233,V0470,37273029.42,2025-02-26T07:25:59,7,RESPONSIVE
B011726,T02233,V0371,38281893.47,2025-03-14T06:54:09,8,RESPONSIVE
B011727,T02233,V0376,39617213.13,2025-03-01T15:30:15,9,RESPONSIVE
B011728,T02234,V0526,27123502.73,2024-08-12T03:10:51,1,RESPONSIVE
B011729,T02234,V0386,28765623.99,2024-08-01T21:25:22,2,RESPONSIVE
B011730,T02234,V0372,29795443.22,2024-07-16T17:58:00,3,RESPONSIVE
B011731,T02235,V0388,512640.54,2026-07-31T18:11:45,1,RESPONSIVE
B011732,T02235,V0066,529610.24,2026-08-21T03:37:28,2,RESPONSIVE
B011733,T02236,V0028,29938619.08,2024-08-27T10:05:11,1,RESPONSIVE
B011734,T02236,V0143,31316928.26,2024-09-01T20:17:33,2,RESPONSIVE
B011735,T02237,V0510,14263330.37,2024-03-27T00:50:22,1,RESPONSIVE
B011736,T02237,V0299,15367209.4,2024-03-30T20:00:47,2,RESPONSIVE
B011737,T02237,V0487,15489258.46,2024-03-24T15:15:41,3,RESPONSIVE
B011738,T02238,V0125,2722031.88,2024-06-17T07:54:52,1,RESPONSIVE
B011739,T02238,V0488,2826092.38,2024-06-04T14:10:11,2,RESPONSIVE
B011740,T02238,V0532,2946557.29,2024-05-24T18:54:50,3,RESPONSIVE
B011741,T02238,V0458,3035183.23,2024-06-08T16:02:04,4,RESPONSIVE
B011742,T02239,V0266,8455890.39,2026-07-25T12:57:45,1,RESPONSIVE
B011743,T02239,V0144,9026924.3,2026-07-09T15:15:10,2,RESPONSIVE
B011744,T02239,V0152,9049757.42,2026-07-18T21:28:04,3,RESPONSIVE
B011745,T02240,V0385,75753987.18,2026-02-08T02:02:00,1,RESPONSIVE
B011746,T02240,V0251,76987254.71,2026-02-01T09:28:25,2,RESPONSIVE
B011747,T02240,V0478,78002855.41,2026-01-30T21:57:26,3,RESPONSIVE
B011748,T02241,V0026,2482832.32,2026-06-25T01:41:48,1,RESPONSIVE
B011749,T02241,V0072,2641863.39,2026-06-14T22:06:07,2,RESPONSIVE
B011750,T02242,V0003,3748336.66,2025-12-09T22:40:47,1,RESPONSIVE
B011751,T02242,V0182,3770140.7,2025-11-30T09:38:27,2,RESPONSIVE
B011752,T02242,V0489,3900119.44,2025-12-11T13:53:41,3,RESPONSIVE
B011753,T02242,V0360,3956762.71,2025-12-10T02:06:42,4,RESPONSIVE
B011754,T02242,V0029,3981904.98,2025-12-09T17:02:43,5,RESPONSIVE
B011755,T02242,V0230,3983601.33,2025-11-26T11:53:28,6,RESPONSIVE
B011756,T02242,V0515,3985504.48,2025-11-29T10:05:14,7,RESPONSIVE
B011757,T02242,V0472,4142922.6,2025-12-05T08:22:20,8,RESPONSIVE
B011758,T02243,V0502,1920736.58,2025-10-15T01:38:07,1,RESPONSIVE
B011759,T02243,V0414,1963066.12,2025-10-05T20:54:58,2,RESPONSIVE
B011760,T02243,V0383,2046879.09,2025-10-05T10:00:20,3,RESPONSIVE
B011761,T02243,V0079,2080810.58,2025-10-09T08:58:00,4,RESPONSIVE
B011762,T02243,V0298,2124629.96,2025-10-09T21:10:25,5,RESPONSIVE
B011763,T02243,V0040,2159926.81,2025-10-10T01:51:11,6,RESPONSIVE
B011764,T02243,V0258,2184660.06,2025-10-19T06:10:47,7,RESPONSIVE
B011765,T02244,V0361,17030889.8,2026-06-23T02:03:41,1,RESPONSIVE
B011766,T02244,V0298,17339871.77,2026-06-21T10:27:40,2,RESPONSIVE
B011767,T02244,V0198,17618480.18,2026-06-08T04:35:29,3,RESPONSIVE
B011768,T02245,V0086,21703843.02,2025-06-17T03:14:33,1,RESPONSIVE
B011769,T02245,V0011,22437541.61,2025-06-09T19:08:54,2,RESPONSIVE
B011770,T02245,V0291,23062467.87,2025-06-14T22:16:02,3,RESPONSIVE
B011771,T02245,V0315,23178769.85,2025-06-19T11:04:38,4,RESPONSIVE
B011772,T02245,V0008,23435637.56,2025-06-07T02:39:47,5,RESPONSIVE
B011773,T02245,V0233,23694783.36,2025-06-13T03:26:09,6,RESPONSIVE
B011774,T02245,V0025,23808836.27,2025-06-18T01:20:50,7,RESPONSIVE
B011775,T02245,V0140,23936006.83,2025-06-16T01:41:46,8,RESPONSIVE
B011776,T02246,V0429,9923992.63,2025-08-23T03:30:30,1,RESPONSIVE
B011777,T02246,V0182,9988769.72,2025-08-24T07:08:39,2,RESPONSIVE
B011778,T02246,V0426,10619999.25,2025-09-12T16:34:06,3,RESPONSIVE
B011779,T02246,V0421,10898901.27,2025-09-12T15:26:42,4,RESPONSIVE
B011780,T02246,V0332,11457311.06,2025-09-11T10:37:26,5,RESPONSIVE
B011781,T02246,V0547,11957393.74,2025-09-11T08:24:23,6,RESPONSIVE
B011782,T02247,V0411,5972569.9,2026-04-05T22:25:19,1,RESPONSIVE
B011783,T02247,V0507,6086608.92,2026-04-10T18:15:37,2,RESPONSIVE
B011784,T02247,V0208,6091558.41,2026-04-12T09:21:40,3,RESPONSIVE
B011785,T02247,V0454,6164844.49,2026-04-14T01:32:48,4,RESPONSIVE
B011786,T02247,V0047,6410691.53,2026-04-16T17:31:04,5,RESPONSIVE
B011787,T02247,V0215,6411552.41,2026-04-16T22:18:26,6,RESPONSIVE
B011788,T02247,V0029,6633001.31,2026-04-11T07:14:14,7,RESPONSIVE
B011789,T02248,V0394,13219028.91,2024-06-01T17:17:44,1,RESPONSIVE
B011790,T02248,V0174,13413487.38,2024-06-10T18:42:42,2,RESPONSIVE
B011791,T02248,V0405,13655443.49,2024-06-10T07:09:13,3,RESPONSIVE
B011792,T02249,V0311,5505169.1,2025-03-07T10:15:15,1,RESPONSIVE
B011793,T02249,V0399,5673626.6,2025-02-14T19:29:52,2,RESPONSIVE
B011794,T02249,V0372,6211461.87,2025-02-25T04:14:57,3,RESPONSIVE
B011795,T02249,V0480,6542771.46,2025-02-07T16:58:37,4,NON_RESPONSIVE
B011796,T02250,V0207,44716675.97,2025-08-17T08:58:01,1,RESPONSIVE
B011797,T02250,V0364,45172307.93,2025-08-21T12:23:25,2,RESPONSIVE
B011798,T02250,V0219,46136731.7,2025-08-22T05:21:34,3,RESPONSIVE
B011799,T02250,V0016,46332838.84,2025-09-01T19:34:54,4,RESPONSIVE
B011800,T02250,V0117,46436551.32,2025-08-24T23:48:24,5,RESPONSIVE
B011801,T02250,V0066,47734038.26,2025-08-31T11:00:50,6,RESPONSIVE
B011802,T02250,V0270,48518046.03,2025-08-28T01:00:11,7,RESPONSIVE
B011803,T02250,V0060,48799568.38,2025-08-19T06:38:14,8,RESPONSIVE
B011804,T02251,V0523,25166793.88,2025-03-13T19:28:55,1,RESPONSIVE
B011805,T02251,V0076,25980802.47,2025-03-12T21:32:54,2,RESPONSIVE
B011806,T02251,V0361,26290354.22,2025-02-27T15:19:00,3,RESPONSIVE
B011807,T02251,V0436,26340015.69,2025-03-13T21:50:44,4,RESPONSIVE
B011808,T02251,V0362,26803161.52,2025-03-06T05:18:21,5,RESPONSIVE
B011809,T02251,V0097,27146120.85,2025-02-15T22:07:30,6,RESPONSIVE
B011810,T02251,V0122,27372726.57,2025-02-21T09:15:08,7,RESPONSIVE
B011811,T02251,V0007,27863876.37,2025-02-27T16:06:12,8,RESPONSIVE
B011812,T02251,V0330,29147525.3,2025-02-19T07:22:27,9,RESPONSIVE
B011813,T02252,V0386,19513878.74,2026-06-01T18:02:40,1,RESPONSIVE
B011814,T02252,V0118,19815758.65,2026-06-12T13:28:38,2,RESPONSIVE
B011815,T02252,V0045,20340274.24,2026-06-13T02:48:36,3,RESPONSIVE
B011816,T02252,V0387,20366427.38,2026-06-12T06:09:24,4,RESPONSIVE
B011817,T02252,V0516,21149090.39,2026-05-31T14:25:33,5,RESPONSIVE
B011818,T02252,V0547,21636639.7,2026-06-12T19:03:41,6,RESPONSIVE
B011819,T02252,V0153,21802041.71,2026-06-02T11:18:02,7,RESPONSIVE
B011820,T02253,V0513,3610338.95,2025-08-15T07:45:39,1,RESPONSIVE
B011821,T02253,V0365,3783648.22,2025-08-24T09:49:17,2,RESPONSIVE
B011822,T02254,V0355,7750807.48,2024-04-23T22:25:42,1,RESPONSIVE
B011823,T02254,V0033,7789259.52,2024-04-14T12:51:21,2,RESPONSIVE
B011824,T02254,V0168,8079748.28,2024-04-13T11:36:42,3,RESPONSIVE
B011825,T02254,V0119,8151125.22,2024-04-20T02:15:02,4,RESPONSIVE
B011826,T02254,V0475,8271889.21,2024-04-19T07:18:52,5,RESPONSIVE
B011827,T02254,V0072,8677994.18,2024-04-13T14:24:40,6,RESPONSIVE
B011828,T02255,V0098,29447315.67,2026-08-11T20:59:24,1,RESPONSIVE
B011829,T02255,V0179,30289921.89,2026-08-23T10:41:24,2,RESPONSIVE
B011830,T02255,V0509,30843248.19,2026-08-15T16:52:09,3,RESPONSIVE
B011831,T02255,V0308,31479482.09,2026-08-22T01:53:29,4,RESPONSIVE
B011832,T02256,V0350,2814384.97,2026-05-09T01:49:29,1,RESPONSIVE
B011833,T02256,V0001,2865453.89,2026-05-06T14:36:49,2,RESPONSIVE
B011834,T02256,V0505,2979085.22,2026-05-06T10:29:52,3,RESPONSIVE
B011835,T02256,V0243,2981725.51,2026-05-05T16:43:19,4,RESPONSIVE
B011836,T02256,V0204,3020892.77,2026-05-04T04:27:23,5,RESPONSIVE
B011837,T02256,V0491,3042787.28,2026-05-06T20:07:03,6,RESPONSIVE
B011838,T02256,V0409,3070464.66,2026-05-07T16:09:27,7,RESPONSIVE
B011839,T02256,V0264,3189756.93,2026-05-07T17:52:57,8,NON_RESPONSIVE
B011840,T02257,V0041,6189129.43,2026-05-10T14:50:31,1,RESPONSIVE
B011841,T02257,V0090,6392931.57,2026-04-21T17:51:26,2,RESPONSIVE
B011842,T02257,V0505,6425911.18,2026-04-13T14:17:20,3,RESPONSIVE
B011843,T02258,V0349,8052315.97,2024-06-20T09:20:34,1,RESPONSIVE
B011844,T02258,V0433,8309326.46,2024-06-23T23:27:09,2,RESPONSIVE
B011845,T02258,V0317,8527808.25,2024-06-18T16:36:27,3,RESPONSIVE
B011846,T02258,V0178,8769979.99,2024-07-04T22:55:44,4,RESPONSIVE
B011847,T02258,V0519,8851187.88,2024-07-14T05:54:46,5,RESPONSIVE
B011848,T02258,V0336,8920386.4,2024-07-01T10:57:27,6,RESPONSIVE
B011849,T02258,V0258,9145172.13,2024-07-15T22:11:57,7,RESPONSIVE
B011850,T02259,V0026,9366777.78,2026-08-19T05:25:08,1,RESPONSIVE
B011851,T02259,V0119,9899839.85,2026-08-17T06:42:44,2,RESPONSIVE
B011852,T02259,V0481,9972654.33,2026-08-21T09:52:12,3,RESPONSIVE
B011853,T02259,V0295,9986144.39,2026-08-15T15:41:05,4,RESPONSIVE
B011854,T02260,V0391,8607414.58,2026-06-11T18:52:18,1,RESPONSIVE
B011855,T02260,V0269,9031229.8,2026-06-22T10:05:36,2,RESPONSIVE
B011856,T02261,V0475,6547118.62,2026-08-18T03:00:47,1,NON_RESPONSIVE
B011857,T02261,V0395,6964374.18,2026-08-07T06:14:17,2,RESPONSIVE
B011858,T02261,V0469,7051306.27,2026-08-08T16:29:34,3,RESPONSIVE
B011859,T02261,V0481,7147751.19,2026-08-16T12:24:07,4,RESPONSIVE
B011860,T02261,V0406,7271553.72,2026-08-15T05:42:25,5,RESPONSIVE
B011861,T02261,V0202,7311251.23,2026-07-25T01:45:52,6,RESPONSIVE
B011862,T02262,V0438,2006473.84,2024-04-16T22:35:38,1,RESPONSIVE
B011863,T02262,V0247,2007367.06,2024-04-15T01:17:41,2,RESPONSIVE
B011864,T02262,V0269,2057672.24,2024-04-02T20:33:27,3,RESPONSIVE
B011865,T02262,V0489,2087801.03,2024-03-31T14:49:53,4,RESPONSIVE
B011866,T02262,V0218,2123576.23,2024-03-29T17:17:10,5,RESPONSIVE
B011867,T02262,V0060,2146520.56,2024-04-01T00:00:51,6,RESPONSIVE
B011868,T02262,V0197,2236698.68,2024-04-14T14:23:01,7,RESPONSIVE
B011869,T02263,V0148,10157752.53,2024-11-12T02:02:03,1,RESPONSIVE
B011870,T02263,V0469,10532730.67,2024-10-12T06:58:34,2,RESPONSIVE
B011871,T02263,V0378,10733635.37,2024-10-31T10:50:07,3,RESPONSIVE
B011872,T02263,V0061,10780460.97,2024-10-14T16:59:11,4,RESPONSIVE
B011873,T02263,V0535,11492997.34,2024-11-12T13:54:17,5,RESPONSIVE
B011874,T02264,V0047,5383079.1,2024-05-20T10:45:54,1,RESPONSIVE
B011875,T02264,V0247,5421547.08,2024-05-14T19:12:07,2,RESPONSIVE
B011876,T02265,V0166,22067884.32,2026-08-13T15:12:31,1,RESPONSIVE
B011877,T02265,V0269,22196500.2,2026-08-13T21:03:17,2,RESPONSIVE
B011878,T02265,V0107,22483005.45,2026-08-11T21:30:12,3,RESPONSIVE
B011879,T02265,V0306,23100099.14,2026-08-12T16:24:49,4,NON_RESPONSIVE
B011880,T02265,V0281,24752768.82,2026-08-08T19:52:30,5,RESPONSIVE
B011881,T02265,V0412,25101565.19,2026-08-12T16:44:18,6,RESPONSIVE
B011882,T02265,V0319,25631539.16,2026-08-13T03:08:00,7,RESPONSIVE
B011883,T02265,V0219,25642547.33,2026-08-15T08:51:29,8,RESPONSIVE
B011884,T02265,V0097,25862387.19,2026-08-15T09:59:24,9,RESPONSIVE
B011885,T02266,V0277,12129012.43,2025-09-02T02:57:56,1,RESPONSIVE
B011886,T02266,V0070,12319571.0,2025-08-29T21:09:13,2,RESPONSIVE
B011887,T02266,V0233,12730356.16,2025-09-12T10:35:05,3,RESPONSIVE
B011888,T02266,V0392,12779154.69,2025-09-09T04:01:24,4,RESPONSIVE
B011889,T02266,V0086,13075253.66,2025-09-21T02:20:51,5,RESPONSIVE
B011890,T02266,V0369,13572869.26,2025-09-15T03:55:48,6,RESPONSIVE
B011891,T02267,V0526,13934294.47,2026-02-19T21:14:26,1,RESPONSIVE
B011892,T02267,V0191,14162834.33,2026-03-23T14:56:48,2,RESPONSIVE
B011893,T02267,V0356,15638103.38,2026-02-05T09:55:25,3,RESPONSIVE
B011894,T02267,V0157,15902120.25,2026-03-10T04:48:53,4,RESPONSIVE
B011895,T02268,V0346,34532343.38,2025-05-07T07:50:50,1,RESPONSIVE
B011896,T02268,V0496,34996715.91,2025-05-16T04:50:46,2,RESPONSIVE
B011897,T02268,V0044,35744223.36,2025-05-03T13:42:12,3,RESPONSIVE
B011898,T02268,V0143,36089189.64,2025-05-04T08:12:50,4,RESPONSIVE
B011899,T02268,V0437,36132504.7,2025-05-17T19:42:03,5,RESPONSIVE
B011900,T02268,V0320,36178787.65,2025-05-31T20:19:29,6,RESPONSIVE
B011901,T02268,V0415,36832257.42,2025-05-08T16:50:34,7,RESPONSIVE
B011902,T02268,V0120,36912355.16,2025-05-11T10:53:42,8,NON_RESPONSIVE
B011903,T02268,V0224,37085894.16,2025-05-26T04:30:59,9,RESPONSIVE
B011904,T02268,V0091,38243625.49,2025-05-09T16:41:23,10,RESPONSIVE
B011905,T02268,V0438,38484278.34,2025-05-26T02:11:03,11,RESPONSIVE
B011906,T02268,V0297,38503153.99,2025-05-15T02:56:42,12,RESPONSIVE
B011907,T02269,V0126,15277720.34,2024-03-11T11:51:48,1,RESPONSIVE
B011908,T02269,V0516,15555694.68,2024-03-01T01:24:28,2,RESPONSIVE
B011909,T02269,V0359,16369900.52,2024-03-07T23:23:30,3,RESPONSIVE
B011910,T02269,V0218,16589990.56,2024-03-25T05:33:01,4,RESPONSIVE
B011911,T02269,V0255,16836516.06,2024-03-11T21:10:41,5,RESPONSIVE
B011912,T02269,V0313,17096621.98,2024-03-24T10:09:17,6,RESPONSIVE
B011913,T02269,V0385,17220352.35,2024-03-24T14:36:19,7,RESPONSIVE
B011914,T02269,V0426,17336661.54,2024-03-14T12:24:46,8,RESPONSIVE
B011915,T02270,V0282,16649394.94,2026-07-04T05:43:09,1,RESPONSIVE
B011916,T02270,V0158,17000580.83,2026-07-04T20:34:30,2,RESPONSIVE
B011917,T02271,V0123,5878973.61,2025-08-15T08:13:33,1,RESPONSIVE
B011918,T02271,V0132,5964692.97,2025-08-09T20:01:00,2,RESPONSIVE
B011919,T02271,V0546,5965439.67,2025-08-10T11:22:13,3,RESPONSIVE
B011920,T02272,V0223,27671854.64,2025-09-18T13:57:33,1,NON_RESPONSIVE
B011921,T02272,V0417,27859108.58,2025-09-17T14:58:05,2,RESPONSIVE
B011922,T02272,V0266,27883542.66,2025-08-31T19:57:11,3,RESPONSIVE
B011923,T02272,V0184,28410667.93,2025-09-21T06:46:15,4,RESPONSIVE
B011924,T02272,V0070,29333283.61,2025-09-01T09:56:37,5,RESPONSIVE
B011925,T02272,V0175,29723161.15,2025-09-22T16:37:48,6,RESPONSIVE
B011926,T02272,V0085,30287332.96,2025-09-24T06:00:25,7,RESPONSIVE
B011927,T02273,V0127,23639801.8,2025-04-18T05:16:28,1,RESPONSIVE
B011928,T02273,V0379,23726134.52,2025-04-21T19:10:16,2,NON_RESPONSIVE
B011929,T02273,V0132,24126391.37,2025-04-18T15:47:31,3,RESPONSIVE
B011930,T02273,V0107,25007993.86,2025-04-28T06:17:11,4,RESPONSIVE
B011931,T02273,V0363,25023701.54,2025-04-21T15:14:55,5,RESPONSIVE
B011932,T02273,V0280,25039021.06,2025-05-03T09:30:48,6,RESPONSIVE
B011933,T02273,V0219,25059058.73,2025-05-14T03:45:59,7,RESPONSIVE
B011934,T02273,V0451,25211589.6,2025-04-18T23:41:57,8,RESPONSIVE
B011935,T02273,V0016,25241877.71,2025-04-11T08:41:28,9,RESPONSIVE
B011936,T02274,V0144,12890325.0,2024-10-15T06:59:23,1,RESPONSIVE
B011937,T02274,V0295,13011095.02,2024-10-20T05:11:43,2,RESPONSIVE
B011938,T02274,V0481,13166730.55,2024-10-29T08:00:36,3,RESPONSIVE
B011939,T02274,V0072,13182869.24,2024-10-11T06:40:31,4,RESPONSIVE
B011940,T02274,V0184,13202507.35,2024-10-13T21:53:37,5,RESPONSIVE
B011941,T02274,V0113,13223385.83,2024-10-30T09:36:51,6,RESPONSIVE
B011942,T02274,V0307,13315247.15,2024-10-10T07:26:43,7,RESPONSIVE
B011943,T02274,V0407,13398752.51,2024-10-14T12:59:40,8,RESPONSIVE
B011944,T02275,V0417,4976188.13,2025-08-06T21:57:39,1,RESPONSIVE
B011945,T02275,V0549,5099300.55,2025-08-09T18:04:19,2,RESPONSIVE
B011946,T02275,V0308,5229009.43,2025-07-31T13:20:42,3,RESPONSIVE
B011947,T02276,V0119,5527477.15,2026-07-23T06:11:54,1,RESPONSIVE
B011948,T02276,V0026,5623194.25,2026-07-29T23:15:55,2,RESPONSIVE
B011949,T02277,V0317,41107717.89,2025-04-29T19:58:42,1,RESPONSIVE
B011950,T02277,V0039,44263094.57,2025-04-27T00:18:21,2,RESPONSIVE
B011951,T02277,V0182,45079007.93,2025-04-25T14:24:48,3,RESPONSIVE
B011952,T02278,V0205,13908693.78,2025-06-10T06:31:02,1,RESPONSIVE
B011953,T02278,V0346,14754655.47,2025-06-01T17:50:34,2,RESPONSIVE
B011954,T02278,V0153,14845772.86,2025-06-01T20:39:34,3,RESPONSIVE
B011955,T02278,V0225,14852456.53,2025-06-05T10:56:16,4,RESPONSIVE
B011956,T02278,V0389,14857148.44,2025-06-02T05:21:41,5,RESPONSIVE
B011957,T02278,V0300,15094146.7,2025-06-08T18:53:47,6,RESPONSIVE
B011958,T02278,V0359,15647420.2,2025-06-01T14:05:47,7,RESPONSIVE
B011959,T02279,V0244,12117279.87,2025-04-26T23:21:31,1,RESPONSIVE
B011960,T02279,V0123,12876958.69,2025-04-29T02:52:48,2,RESPONSIVE
B011961,T02279,V0046,12902879.96,2025-04-15T23:19:44,3,RESPONSIVE
B011962,T02279,V0241,13149388.99,2025-04-28T06:15:37,4,RESPONSIVE
B011963,T02279,V0014,13361452.22,2025-04-14T10:50:32,5,RESPONSIVE
B011964,T02279,V0023,13628569.04,2025-04-06T05:38:26,6,RESPONSIVE
B011965,T02279,V0316,13647237.91,2025-04-01T05:22:19,7,RESPONSIVE
B011966,T02279,V0063,14006917.7,2025-04-29T12:23:05,8,RESPONSIVE
B011967,T02279,V0198,15063012.66,2025-04-02T00:02:03,9,RESPONSIVE
B011968,T02280,V0502,7855198.73,2025-09-19T18:47:28,1,RESPONSIVE
B011969,T02280,V0338,8011807.87,2025-10-05T02:05:03,2,RESPONSIVE
B011970,T02280,V0513,8126175.65,2025-09-15T02:05:23,3,RESPONSIVE
B011971,T02280,V0302,8349620.98,2025-09-24T13:13:03,4,RESPONSIVE
B011972,T02280,V0178,8642429.98,2025-10-06T03:27:55,5,RESPONSIVE
B011973,T02281,V0034,15410652.61,2026-06-22T23:29:36,1,RESPONSIVE
B011974,T02281,V0454,16381667.21,2026-06-23T21:29:22,2,RESPONSIVE
B011975,T02281,V0434,16991619.99,2026-06-26T00:24:23,3,RESPONSIVE
B011976,T02282,V0295,29971070.06,2025-06-30T01:55:21,1,RESPONSIVE
B011977,T02282,V0134,31274127.11,2025-07-24T20:29:07,2,NON_RESPONSIVE
B011978,T02283,V0270,130807465.51,2026-07-31T23:32:32,1,RESPONSIVE
B011979,T02283,V0298,132281674.45,2026-08-02T20:44:39,2,RESPONSIVE
B011980,T02283,V0060,137608622.41,2026-08-02T20:10:15,3,RESPONSIVE
B011981,T02283,V0206,138493620.51,2026-07-21T19:38:50,4,RESPONSIVE
B011982,T02283,V0457,143959635.16,2026-08-10T17:33:35,5,RESPONSIVE
B011983,T02283,V0310,145460784.35,2026-07-19T16:58:53,6,RESPONSIVE
B011984,T02284,V0025,14750378.2,2026-04-07T18:55:35,1,RESPONSIVE
B011985,T02284,V0184,15154995.1,2026-04-14T12:53:00,2,RESPONSIVE
B011986,T02284,V0355,15705296.57,2026-04-02T05:23:07,3,RESPONSIVE
B011987,T02284,V0072,15752844.97,2026-04-14T02:08:24,4,RESPONSIVE
B011988,T02284,V0481,15837111.29,2026-04-20T05:37:56,5,RESPONSIVE
B011989,T02284,V0119,15921921.48,2026-04-15T07:48:33,6,RESPONSIVE
B011990,T02284,V0223,16007185.41,2026-04-03T06:33:23,7,NON_RESPONSIVE
B011991,T02284,V0026,16434994.23,2026-04-14T21:22:05,8,RESPONSIVE
B011992,T02285,V0136,2744379.26,2026-03-02T03:39:32,1,RESPONSIVE
B011993,T02285,V0408,2796272.66,2026-02-16T12:53:45,2,RESPONSIVE
B011994,T02285,V0165,2986856.53,2026-03-02T09:48:06,3,RESPONSIVE
B011995,T02285,V0083,3042178.73,2026-02-22T17:30:40,4,RESPONSIVE
B011996,T02286,V0030,36429186.56,2024-04-28T12:32:05,1,RESPONSIVE
B011997,T02286,V0344,36685651.17,2024-04-13T16:10:06,2,RESPONSIVE
B011998,T02287,V0175,17380546.36,2026-08-19T01:27:08,1,RESPONSIVE
B011999,T02287,V0171,17467157.07,2026-08-21T14:47:40,2,RESPONSIVE
B012000,T02287,V0338,17645149.57,2026-08-20T06:47:11,3,RESPONSIVE
B012001,T02287,V0010,18117711.88,2026-08-15T02:06:49,4,RESPONSIVE
B012002,T02288,V0416,127771869.63,2026-06-12T08:44:56,1,RESPONSIVE
B012003,T02288,V0224,136047063.98,2026-05-30T08:12:22,2,RESPONSIVE
B012004,T02289,V0416,22821673.11,2026-06-07T02:45:25,1,RESPONSIVE
B012005,T02289,V0445,23564217.42,2026-05-24T14:00:01,2,RESPONSIVE
B012006,T02289,V0531,23572055.81,2026-05-24T17:39:55,3,RESPONSIVE
B012007,T02290,V0302,10285110.07,2026-04-01T19:54:41,1,RESPONSIVE
B012008,T02290,V0338,10757041.99,2026-04-07T18:08:48,2,RESPONSIVE
B012009,T02290,V0047,10955750.3,2026-04-07T22:41:49,3,RESPONSIVE
B012010,T02290,V0365,11424854.16,2026-04-07T22:29:13,4,RESPONSIVE
B012011,T02291,V0005,12569402.62,2026-07-21T14:41:29,1,RESPONSIVE
B012012,T02291,V0039,12932529.76,2026-07-25T23:27:18,2,RESPONSIVE
B012013,T02292,V0215,20105491.77,2025-06-24T14:40:04,1,RESPONSIVE
B012014,T02292,V0308,20812379.41,2025-06-12T19:22:03,2,RESPONSIVE
B012015,T02293,V0547,13269345.89,2026-05-25T05:28:01,1,RESPONSIVE
B012016,T02293,V0516,14151620.33,2026-06-05T18:59:03,2,RESPONSIVE
B012017,T02293,V0410,14638004.11,2026-06-04T11:10:03,3,RESPONSIVE
B012018,T02294,V0059,12207996.8,2024-06-08T13:44:23,1,RESPONSIVE
B012019,T02294,V0097,13105496.66,2024-05-31T21:49:49,2,RESPONSIVE
B012020,T02294,V0023,13225497.19,2024-05-15T17:13:27,3,RESPONSIVE
B012021,T02294,V0199,14228548.05,2024-05-31T16:40:15,4,RESPONSIVE
B012022,T02295,V0121,4627005.37,2026-06-08T01:23:39,1,RESPONSIVE
B012023,T02295,V0133,4910947.41,2026-06-06T13:09:10,2,RESPONSIVE
B012024,T02295,V0427,4954500.33,2026-05-28T23:58:22,3,RESPONSIVE
B012025,T02295,V0325,5063922.34,2026-06-07T15:30:11,4,RESPONSIVE
B012026,T02295,V0324,5219867.81,2026-05-17T22:58:34,5,RESPONSIVE
B012027,T02296,V0092,1485981.22,2024-09-09T23:43:58,1,RESPONSIVE
B012028,T02296,V0319,1589412.63,2024-09-19T00:21:04,2,NON_RESPONSIVE
B012029,T02296,V0014,1596240.98,2024-09-09T00:08:34,3,RESPONSIVE
B012030,T02296,V0278,1609957.32,2024-08-27T12:47:24,4,RESPONSIVE
B012031,T02296,V0132,1639096.25,2024-09-11T15:59:25,5,RESPONSIVE
B012032,T02296,V0015,1658530.4,2024-09-17T19:01:58,6,RESPONSIVE
B012033,T02296,V0211,1658787.13,2024-09-11T17:59:04,7,RESPONSIVE
B012034,T02296,V0327,1659976.6,2024-09-23T03:08:15,8,RESPONSIVE
B012035,T02297,V0030,101997488.21,2025-11-04T15:07:22,1,RESPONSIVE
B012036,T02297,V0392,102451327.52,2025-10-14T17:18:12,2,NON_RESPONSIVE
B012037,T02297,V0460,106070198.1,2025-11-01T05:56:01,3,RESPONSIVE
B012038,T02297,V0171,106869742.92,2025-10-12T13:26:27,4,RESPONSIVE
B012039,T02297,V0434,107369659.55,2025-11-01T21:08:10,5,RESPONSIVE
B012040,T02297,V0266,109206719.4,2025-10-20T14:35:33,6,RESPONSIVE
B012041,T02298,V0159,31123722.85,2025-06-02T15:23:31,1,RESPONSIVE
B012042,T02298,V0400,35322672.88,2025-05-26T14:02:01,2,RESPONSIVE
B012043,T02298,V0172,35693271.34,2025-05-19T20:55:11,3,RESPONSIVE
B012044,T02299,V0188,21438552.28,2026-01-24T08:08:23,1,RESPONSIVE
B012045,T02299,V0247,21576306.29,2026-01-22T12:01:19,2,RESPONSIVE
B012046,T02299,V0034,22128533.72,2026-01-17T04:36:50,3,RESPONSIVE
B012047,T02299,V0337,23414469.3,2026-01-19T02:08:23,4,RESPONSIVE
B012048,T02300,V0121,20287817.33,2026-08-08T10:02:19,1,RESPONSIVE
B012049,T02300,V0125,21499351.84,2026-08-27T11:19:05,2,RESPONSIVE
B012050,T02300,V0297,22366439.36,2026-08-16T07:58:22,3,RESPONSIVE
B012051,T02300,V0399,23534995.65,2026-08-13T21:04:21,4,RESPONSIVE
B012052,T02301,V0259,8141724.2,2024-11-24T01:50:30,1,RESPONSIVE
B012053,T02301,V0277,8237593.58,2024-11-24T10:23:41,2,RESPONSIVE
B012054,T02301,V0184,8322250.75,2024-11-20T01:07:14,3,RESPONSIVE
B012055,T02301,V0008,8611290.7,2024-11-11T06:01:22,4,RESPONSIVE
B012056,T02301,V0384,8780891.03,2024-11-25T09:52:26,5,RESPONSIVE
B012057,T02302,V0003,4884688.74,2024-07-14T10:32:36,1,RESPONSIVE
B012058,T02302,V0472,4962073.04,2024-07-15T06:00:17,2,RESPONSIVE
B012059,T02302,V0005,5218327.86,2024-07-11T08:37:13,3,RESPONSIVE
B012060,T02302,V0249,5376052.09,2024-07-15T03:58:10,4,RESPONSIVE
B012061,T02302,V0125,5626324.38,2024-07-12T18:21:50,5,RESPONSIVE
B012062,T02303,V0359,10704291.16,2025-03-06T07:53:17,1,RESPONSIVE
B012063,T02303,V0247,10704533.35,2025-03-18T17:36:54,2,RESPONSIVE
B012064,T02303,V0437,10926605.88,2025-03-06T12:58:35,3,RESPONSIVE
B012065,T02303,V0220,11100845.95,2025-03-04T16:11:56,4,RESPONSIVE
B012066,T02303,V0531,11261299.51,2025-03-05T14:45:08,5,RESPONSIVE
B012067,T02303,V0187,11323837.8,2025-03-18T14:02:41,6,RESPONSIVE
B012068,T02303,V0387,11330801.67,2025-03-06T23:23:03,7,RESPONSIVE
B012069,T02303,V0332,11333253.37,2025-03-12T11:48:12,8,RESPONSIVE
B012070,T02303,V0381,11770211.63,2025-03-12T02:42:01,9,RESPONSIVE
B012071,T02304,V0247,4885171.04,2025-01-11T03:38:25,1,RESPONSIVE
B012072,T02304,V0438,5045076.45,2025-01-05T22:21:18,2,NON_RESPONSIVE
B012073,T02304,V0320,5152867.17,2025-01-04T10:55:49,3,RESPONSIVE
B012074,T02304,V0271,5244018.09,2025-01-04T03:01:43,4,RESPONSIVE
B012075,T02304,V0212,5345860.03,2025-01-10T01:10:20,5,RESPONSIVE
B012076,T02304,V0359,5667394.3,2025-01-07T04:17:09,6,RESPONSIVE
B012077,T02305,V0144,4549418.76,2025-11-13T14:18:13,1,RESPONSIVE
B012078,T02305,V0481,4718499.84,2025-10-25T14:03:47,2,RESPONSIVE
B012079,T02305,V0119,4810784.81,2025-10-30T19:38:16,3,RESPONSIVE
B012080,T02305,V0355,4858181.56,2025-11-08T12:34:51,4,RESPONSIVE
B012081,T02305,V0113,4923078.96,2025-10-24T09:00:19,5,NON_RESPONSIVE
B012082,T02306,V0537,123966875.25,2025-09-25T19:51:18,1,RESPONSIVE
B012083,T02306,V0478,125692493.85,2025-10-03T11:38:07,2,RESPONSIVE
B012084,T02306,V0510,128640837.72,2025-10-01T22:51:46,3,RESPONSIVE
B012085,T02306,V0346,131039873.31,2025-09-27T11:02:14,4,RESPONSIVE
B012086,T02306,V0320,131635045.43,2025-10-07T00:52:57,5,RESPONSIVE
B012087,T02306,V0054,132892131.85,2025-10-12T23:42:07,6,RESPONSIVE
B012088,T02306,V0247,132932906.74,2025-09-28T02:16:12,7,RESPONSIVE
B012089,T02306,V0401,136176883.59,2025-09-28T16:19:24,8,RESPONSIVE
B012090,T02307,V0309,28254697.9,2024-07-03T10:44:42,1,RESPONSIVE
B012091,T02307,V0117,29185779.7,2024-06-30T16:02:10,2,RESPONSIVE
B012092,T02307,V0352,29351372.31,2024-06-22T13:16:35,3,RESPONSIVE
B012093,T02307,V0306,30372649.35,2024-06-24T15:34:21,4,RESPONSIVE
B012094,T02308,V0023,17409210.47,2024-02-26T06:20:47,1,RESPONSIVE
B012095,T02308,V0174,17945801.28,2024-02-26T13:45:49,2,RESPONSIVE
B012096,T02308,V0027,18122331.01,2024-02-27T17:37:30,3,RESPONSIVE
B012097,T02308,V0178,18581262.28,2024-03-07T15:23:39,4,RESPONSIVE
B012098,T02308,V0384,18866206.16,2024-03-08T16:19:18,5,RESPONSIVE
B012099,T02308,V0502,19016562.51,2024-02-22T18:40:07,6,RESPONSIVE
B012100,T02308,V0513,19454165.44,2024-02-29T17:17:11,7,RESPONSIVE
B012101,T02308,V0392,20119665.06,2024-03-08T16:27:42,8,RESPONSIVE
B012102,T02309,V0392,3815257.08,2024-10-23T03:24:47,1,RESPONSIVE
B012103,T02309,V0344,4072390.14,2024-10-17T16:21:45,2,RESPONSIVE
B012104,T02309,V0456,4112908.14,2024-10-16T11:10:13,3,RESPONSIVE
B012105,T02310,V0460,14514832.83,2024-05-03T18:59:16,1,RESPONSIVE
B012106,T02310,V0178,14605726.16,2024-04-05T10:15:39,2,RESPONSIVE
B012107,T02310,V0465,14809209.68,2024-03-27T23:46:19,3,RESPONSIVE
B012108,T02310,V0140,14934542.28,2024-04-19T20:06:07,4,RESPONSIVE
B012109,T02310,V0315,15271216.45,2024-04-18T20:16:26,5,RESPONSIVE
B012110,T02311,V0368,14714522.09,2025-03-29T08:51:16,1,RESPONSIVE
B012111,T02311,V0483,14847769.43,2025-03-15T16:16:45,2,RESPONSIVE
B012112,T02312,V0073,1468931.54,2025-03-15T22:07:14,1,RESPONSIVE
B012113,T02312,V0281,1482096.71,2025-03-27T14:21:57,2,RESPONSIVE
B012114,T02312,V0195,1536294.9,2025-03-16T06:44:39,3,RESPONSIVE
B012115,T02312,V0388,1543814.54,2025-03-12T21:44:03,4,RESPONSIVE
B012116,T02312,V0413,1570143.08,2025-03-26T18:43:23,5,RESPONSIVE
B012117,T02312,V0219,1603532.51,2025-03-27T13:21:45,6,RESPONSIVE
B012118,T02313,V0474,95120740.56,2026-04-24T15:46:25,1,RESPONSIVE
B012119,T02313,V0248,96593192.69,2026-04-28T13:24:30,2,RESPONSIVE
B012120,T02313,V0364,97009851.01,2026-04-21T23:39:51,3,RESPONSIVE
B012121,T02313,V0451,100955183.52,2026-04-25T23:03:26,4,RESPONSIVE
B012122,T02313,V0166,102576438.39,2026-04-26T11:41:22,5,RESPONSIVE
B012123,T02313,V0363,105022465.82,2026-04-24T13:48:00,6,RESPONSIVE
B012124,T02313,V0188,105113639.4,2026-04-26T21:38:44,7,RESPONSIVE
B012125,T02313,V0523,106578166.36,2026-05-07T16:20:11,8,RESPONSIVE
B012126,T02313,V0276,111650903.0,2026-04-20T20:49:30,9,RESPONSIVE
B012127,T02314,V0327,1208818.07,2024-10-28T11:18:40,1,RESPONSIVE
B012128,T02314,V0092,1268609.93,2024-10-12T08:05:29,2,RESPONSIVE
B012129,T02314,V0322,1271244.2,2024-10-12T13:01:24,3,RESPONSIVE
B012130,T02314,V0132,1339087.77,2024-10-08T14:35:04,4,RESPONSIVE
B012131,T02314,V0254,1359002.08,2024-10-16T14:17:09,5,RESPONSIVE
B012132,T02314,V0122,1359656.96,2024-10-09T03:50:08,6,RESPONSIVE
B012133,T02314,V0219,1390023.44,2024-10-16T10:04:37,7,RESPONSIVE
B012134,T02315,V0195,2378248.45,2025-08-21T03:53:24,1,RESPONSIVE
B012135,T02315,V0151,2502763.94,2025-08-24T13:37:30,2,RESPONSIVE
B012136,T02315,V0219,2511935.03,2025-08-19T08:50:58,3,RESPONSIVE
B012137,T02315,V0122,2548804.8,2025-09-08T21:31:51,4,RESPONSIVE
B012138,T02315,V0242,2652389.96,2025-09-19T21:05:19,5,RESPONSIVE
B012139,T02315,V0278,2803057.0,2025-08-25T23:21:05,6,RESPONSIVE
B012140,T02316,V0451,9928632.24,2026-08-25T09:27:37,1,RESPONSIVE
B012141,T02316,V0384,10190607.94,2026-08-30T04:42:46,2,RESPONSIVE
B012142,T02316,V0433,10790682.81,2026-08-25T21:22:30,3,RESPONSIVE
B012143,T02316,V0367,10833348.69,2026-08-25T00:05:08,4,RESPONSIVE
B012144,T02316,V0405,10928853.74,2026-08-24T17:32:50,5,RESPONSIVE
B012145,T02316,V0502,10998176.08,2026-08-25T04:21:46,6,RESPONSIVE
B012146,T02316,V0349,11162575.52,2026-08-23T04:43:20,7,RESPONSIVE
B012147,T02316,V0509,11280998.24,2026-08-30T21:37:48,8,RESPONSIVE
B012148,T02316,V0291,11403227.52,2026-08-24T20:33:22,9,RESPONSIVE
B012149,T02317,V0404,7203211.84,2024-06-28T11:16:54,1,RESPONSIVE
B012150,T02317,V0263,7296997.77,2024-06-21T03:24:45,2,RESPONSIVE
B012151,T02317,V0230,7910296.14,2024-06-23T14:00:00,3,RESPONSIVE
B012152,T02318,V0424,1665441.71,2026-08-14T05:30:53,1,RESPONSIVE
B012153,T02318,V0098,1828264.5,2026-08-13T20:39:38,2,RESPONSIVE
B012154,T02318,V0208,1856597.54,2026-08-21T12:11:25,3,RESPONSIVE
B012155,T02319,V0471,8102286.21,2025-01-19T08:06:27,1,RESPONSIVE
B012156,T02319,V0490,8725829.7,2024-12-21T07:37:08,2,RESPONSIVE
B012157,T02319,V0072,8865775.08,2025-01-08T20:15:15,3,RESPONSIVE
B012158,T02319,V0262,8913348.05,2025-01-13T16:48:13,4,RESPONSIVE
B012159,T02320,V0244,563069.7,2024-12-23T21:50:32,1,RESPONSIVE
B012160,T02320,V0473,576899.45,2024-12-07T23:33:26,2,RESPONSIVE
B012161,T02320,V0504,609923.11,2024-12-26T10:44:20,3,RESPONSIVE
B012162,T02321,V0371,56765528.83,2024-05-23T02:51:48,1,RESPONSIVE
B012163,T02321,V0064,57799687.73,2024-05-17T21:58:45,2,RESPONSIVE
B012164,T02321,V0091,58152993.24,2024-05-21T13:09:45,3,RESPONSIVE
B012165,T02321,V0506,60950961.45,2024-05-22T15:47:37,4,RESPONSIVE
B012166,T02322,V0069,59636886.33,2025-08-11T19:08:51,1,RESPONSIVE
B012167,T02322,V0157,60683515.19,2025-08-21T20:55:14,2,RESPONSIVE
B012168,T02322,V0300,61887725.55,2025-08-04T05:25:02,3,RESPONSIVE
B012169,T02322,V0470,63232823.84,2025-08-11T17:03:01,4,RESPONSIVE
B012170,T02322,V0421,66269038.91,2025-07-31T11:03:36,5,RESPONSIVE
B012171,T02322,V0387,66573553.54,2025-07-25T09:57:32,6,RESPONSIVE
B012172,T02322,V0389,67059852.05,2025-08-09T01:25:14,7,RESPONSIVE
B012173,T02323,V0169,2235472.65,2025-06-18T14:13:05,1,RESPONSIVE
B012174,T02323,V0492,2292009.07,2025-07-08T11:57:55,2,RESPONSIVE
B012175,T02323,V0326,2299962.3,2025-07-13T03:49:49,3,RESPONSIVE
B012176,T02323,V0419,2314153.53,2025-07-08T03:42:56,4,RESPONSIVE
B012177,T02323,V0253,2320643.87,2025-06-20T22:25:12,5,RESPONSIVE
B012178,T02323,V0160,2350479.67,2025-06-22T12:55:37,6,RESPONSIVE
B012179,T02323,V0294,2448039.49,2025-06-30T04:34:18,7,RESPONSIVE
B012180,T02324,V0115,8732368.55,2026-08-22T18:57:47,1,RESPONSIVE
B012181,T02324,V0326,8868176.56,2026-08-12T06:29:57,2,RESPONSIVE
B012182,T02324,V0248,8949426.67,2026-08-29T08:06:15,3,RESPONSIVE
B012183,T02324,V0453,9035441.53,2026-08-09T13:31:53,4,RESPONSIVE
B012184,T02324,V0340,9234003.77,2026-08-14T11:06:03,5,RESPONSIVE
B012185,T02325,V0284,19796863.04,2026-01-27T07:00:32,1,RESPONSIVE
B012186,T02325,V0150,20021126.79,2026-01-26T08:00:49,2,RESPONSIVE
B012187,T02325,V0027,20127353.91,2026-02-05T17:03:54,3,RESPONSIVE
B012188,T02325,V0414,20277576.99,2026-01-31T11:21:18,4,RESPONSIVE
B012189,T02326,V0370,138673888.26,2026-03-07T13:26:32,1,RESPONSIVE
B012190,T02326,V0457,144141861.48,2026-02-25T01:44:54,2,RESPONSIVE
B012191,T02327,V0497,3881365.78,2025-11-24T19:28:20,1,RESPONSIVE
B012192,T02327,V0171,3953342.22,2025-11-07T22:02:16,2,RESPONSIVE
B012193,T02327,V0369,4114136.45,2025-11-24T02:50:51,3,RESPONSIVE
B012194,T02327,V0459,4263907.34,2025-11-08T15:29:26,4,RESPONSIVE
B012195,T02328,V0243,5055307.79,2026-07-21T05:01:33,1,RESPONSIVE
B012196,T02328,V0395,5112238.52,2026-07-25T13:05:05,2,RESPONSIVE
B012197,T02328,V0136,5333305.01,2026-07-15T19:00:11,3,RESPONSIVE
B012198,T02328,V0229,5427879.82,2026-07-15T00:00:31,4,RESPONSIVE
B012199,T02328,V0529,5467274.93,2026-08-01T22:09:41,5,RESPONSIVE
B012200,T02328,V0331,5532000.2,2026-07-04T19:25:13,6,RESPONSIVE
B012201,T02328,V0341,5604670.56,2026-07-19T12:00:29,7,RESPONSIVE
B012202,T02328,V0204,5627857.45,2026-07-13T03:24:47,8,RESPONSIVE
B012203,T02329,V0258,9597793.16,2024-04-02T13:02:04,1,RESPONSIVE
B012204,T02329,V0417,9936869.17,2024-04-09T15:18:27,2,RESPONSIVE
B012205,T02329,V0047,9960180.6,2024-04-11T14:03:14,3,RESPONSIVE
B012206,T02329,V0513,10021576.38,2024-04-18T05:10:12,4,RESPONSIVE
B012207,T02330,V0125,37790244.89,2025-11-03T16:09:03,1,RESPONSIVE
B012208,T02330,V0476,37813842.41,2025-10-23T15:25:18,2,RESPONSIVE
B012209,T02330,V0057,37830205.94,2025-10-20T04:56:38,3,RESPONSIVE
B012210,T02330,V0099,38048891.36,2025-10-31T02:23:04,4,RESPONSIVE
B012211,T02331,V0502,37881275.61,2025-03-20T10:20:24,1,RESPONSIVE
B012212,T02331,V0266,40594282.06,2025-04-08T10:48:21,2,RESPONSIVE
B012213,T02331,V0291,40806988.14,2025-05-10T20:04:00,3,NON_RESPONSIVE
B012214,T02331,V0035,41914372.85,2025-05-09T10:40:17,4,RESPONSIVE
B012215,T02331,V0025,42479031.91,2025-05-12T03:54:13,5,RESPONSIVE
B012216,T02332,V0110,70726663.45,2025-06-11T21:54:53,1,RESPONSIVE
B012217,T02332,V0325,72600625.47,2025-06-16T07:37:17,2,RESPONSIVE
B012218,T02332,V0057,76243037.12,2025-06-07T04:38:14,3,RESPONSIVE
B012219,T02332,V0368,77378752.46,2025-06-21T06:20:35,4,RESPONSIVE
B012220,T02332,V0371,78323766.36,2025-06-17T14:43:26,5,RESPONSIVE
B012221,T02332,V0462,78679822.44,2025-06-12T00:08:28,6,RESPONSIVE
B012222,T02333,V0470,17307287.55,2025-05-05T01:27:49,1,RESPONSIVE
B012223,T02333,V0094,18115540.66,2025-04-21T20:15:34,2,RESPONSIVE
B012224,T02333,V0320,18661517.44,2025-05-17T13:22:17,3,RESPONSIVE
B012225,T02333,V0297,19043148.13,2025-05-25T14:58:53,4,RESPONSIVE
B012226,T02334,V0462,4784716.64,2025-12-05T03:37:39,1,RESPONSIVE
B012227,T02334,V0393,4932112.11,2025-12-01T19:51:39,2,RESPONSIVE
B012228,T02335,V0533,55776748.04,2025-11-08T09:53:02,1,RESPONSIVE
B012229,T02335,V0245,57357339.51,2025-10-28T04:33:35,2,RESPONSIVE
B012230,T02335,V0402,57546466.49,2025-10-15T20:10:11,3,RESPONSIVE
B012231,T02335,V0488,57559124.89,2025-11-10T11:09:04,4,RESPONSIVE
B012232,T02335,V0458,57575678.52,2025-10-17T08:15:34,5,RESPONSIVE
B012233,T02335,V0239,58831199.93,2025-10-17T01:30:53,6,RESPONSIVE
B012234,T02335,V0145,58954813.66,2025-10-31T04:28:13,7,RESPONSIVE
B012235,T02335,V0397,59799986.4,2025-11-03T06:18:34,8,RESPONSIVE
B012236,T02336,V0201,69199639.19,2025-03-14T14:37:06,1,RESPONSIVE
B012237,T02336,V0301,70838621.08,2025-02-13T07:13:38,2,RESPONSIVE
B012238,T02336,V0269,72246039.55,2025-02-21T21:12:14,3,RESPONSIVE
B012239,T02336,V0122,74955034.92,2025-03-05T01:16:00,4,RESPONSIVE
B012240,T02336,V0016,75302424.28,2025-02-24T22:31:07,5,RESPONSIVE
B012241,T02336,V0103,75396453.12,2025-02-22T13:57:30,6,RESPONSIVE
B012242,T02336,V0244,76980979.09,2025-02-26T17:31:18,7,RESPONSIVE
B012243,T02336,V0270,79472915.82,2025-02-20T22:51:19,8,RESPONSIVE
B012244,T02337,V0407,9717637.9,2025-06-10T09:11:12,1,RESPONSIVE
B012245,T02337,V0344,9891270.13,2025-06-05T03:07:41,2,RESPONSIVE
B012246,T02337,V0178,9991731.64,2025-07-06T04:07:11,3,RESPONSIVE
B012247,T02338,V0455,29631823.55,2026-04-01T19:53:26,1,RESPONSIVE
B012248,T02338,V0332,30888723.57,2026-03-28T15:58:52,2,RESPONSIVE
B012249,T02338,V0159,30935311.46,2026-03-24T09:46:57,3,RESPONSIVE
B012250,T02338,V0212,31155269.85,2026-03-23T08:57:58,4,RESPONSIVE
B012251,T02338,V0320,32296568.94,2026-03-23T21:53:46,5,RESPONSIVE
B012252,T02338,V0297,32921518.06,2026-03-28T00:19:00,6,RESPONSIVE
B012253,T02338,V0313,33056873.47,2026-03-21T15:33:32,7,RESPONSIVE
B012254,T02339,V0405,12122408.68,2024-10-28T22:18:07,1,RESPONSIVE
B012255,T02339,V0213,12208267.86,2024-10-29T21:32:59,2,RESPONSIVE
B012256,T02339,V0501,12569937.95,2024-10-19T21:19:34,3,RESPONSIVE
B012257,T02340,V0039,1909971.91,2024-03-09T23:07:04,1,RESPONSIVE
B012258,T02340,V0458,1973483.41,2024-02-18T03:42:57,2,RESPONSIVE
B012259,T02341,V0265,20288798.44,2026-02-04T12:18:57,1,RESPONSIVE
B012260,T02341,V0406,22928465.03,2026-01-28T03:02:24,2,RESPONSIVE
B012261,T02341,V0090,24050002.82,2026-01-25T19:56:20,3,RESPONSIVE
B012262,T02342,V0121,27857710.57,2026-05-29T11:13:37,1,NON_RESPONSIVE
B012263,T02342,V0438,28176125.86,2026-06-05T13:54:19,2,RESPONSIVE
B012264,T02342,V0142,28266305.48,2026-05-24T16:45:01,3,RESPONSIVE
B012265,T02342,V0391,28869222.14,2026-05-29T18:57:45,4,RESPONSIVE
B012266,T02342,V0489,29165326.69,2026-05-28T10:33:37,5,RESPONSIVE
B012267,T02342,V0328,30700068.12,2026-05-25T18:39:10,6,RESPONSIVE
B012268,T02343,V0365,3041823.76,2025-08-09T17:46:00,1,RESPONSIVE
B012269,T02343,V0512,3312427.97,2025-08-11T13:12:45,2,RESPONSIVE
B012270,T02343,V0519,3331544.08,2025-08-10T14:10:18,3,RESPONSIVE
B012271,T02343,V0056,3406300.15,2025-08-03T18:53:58,4,RESPONSIVE
B012272,T02343,V0215,3440661.47,2025-08-28T06:15:48,5,RESPONSIVE
B012273,T02344,V0062,15609526.76,2025-12-25T13:24:55,1,RESPONSIVE
B012274,T02344,V0267,17406262.94,2026-01-17T02:38:56,2,RESPONSIVE
B012275,T02344,V0292,17669769.17,2025-12-28T08:35:59,3,RESPONSIVE
B012276,T02344,V0201,17921748.7,2026-01-19T18:11:52,4,RESPONSIVE
B012277,T02344,V0209,18121308.83,2026-01-12T23:27:48,5,RESPONSIVE
B012278,T02344,V0474,18544692.26,2026-01-09T01:19:17,6,RESPONSIVE
B012279,T02344,V0374,18999741.75,2026-01-04T07:16:49,7,RESPONSIVE
B012280,T02344,V0076,19400315.17,2026-01-12T11:38:24,8,RESPONSIVE
B012281,T02345,V0017,15139369.68,2026-04-01T16:01:22,1,RESPONSIVE
B012282,T02345,V0133,16336570.8,2026-04-01T01:07:33,2,RESPONSIVE
B012283,T02345,V0099,16506218.75,2026-03-07T18:56:54,3,RESPONSIVE
B012284,T02345,V0271,16539599.23,2026-03-31T21:22:21,4,RESPONSIVE
B012285,T02346,V0164,2788715.22,2026-08-28T16:46:52,1,RESPONSIVE
B012286,T02346,V0141,2893611.2,2026-08-30T06:56:25,2,NON_RESPONSIVE
B012287,T02346,V0136,2935583.14,2026-08-28T23:01:18,3,RESPONSIVE
B012288,T02346,V0265,2950377.57,2026-08-28T16:25:31,4,RESPONSIVE
B012289,T02346,V0408,2964007.8,2026-08-30T22:46:36,5,RESPONSIVE
B012290,T02346,V0491,3003533.99,2026-08-29T19:34:55,6,RESPONSIVE
B012291,T02346,V0202,3031190.48,2026-08-30T14:50:56,7,RESPONSIVE
B012292,T02347,V0380,8206494.13,2026-07-14T20:33:23,1,NON_RESPONSIVE
B012293,T02347,V0332,9155817.82,2026-07-25T13:55:11,2,RESPONSIVE
B012294,T02347,V0201,9562166.24,2026-07-28T17:49:45,3,RESPONSIVE
B012295,T02347,V0532,9575205.89,2026-07-27T10:58:41,4,RESPONSIVE
B012296,T02347,V0182,9848543.53,2026-07-27T17:14:25,5,RESPONSIVE
B012297,T02347,V0028,9867040.22,2026-07-12T19:00:26,6,RESPONSIVE
B012298,T02347,V0485,9994414.11,2026-07-26T15:20:21,7,RESPONSIVE
B012299,T02348,V0242,3902249.45,2025-11-10T19:30:20,1,RESPONSIVE
B012300,T02348,V0473,3907761.25,2025-11-08T07:35:28,2,RESPONSIVE
B012301,T02348,V0122,4011333.63,2025-10-20T02:21:44,3,RESPONSIVE
B012302,T02348,V0352,4150320.44,2025-11-11T10:34:36,4,RESPONSIVE
B012303,T02348,V0310,4273243.5,2025-10-15T00:27:31,5,NON_RESPONSIVE
B012304,T02349,V0345,15944535.69,2026-03-10T10:15:23,1,RESPONSIVE
B012305,T02349,V0342,17150857.48,2026-04-03T09:27:14,2,RESPONSIVE
B012306,T02349,V0304,17397656.67,2026-03-11T11:24:04,3,RESPONSIVE
B012307,T02349,V0320,17703488.35,2026-03-24T17:45:10,4,RESPONSIVE
B012308,T02349,V0478,17785324.09,2026-03-17T21:00:34,5,RESPONSIVE
B012309,T02350,V0358,19833285.8,2025-10-12T15:15:08,1,RESPONSIVE
B012310,T02350,V0009,20080206.58,2025-09-29T13:33:14,2,RESPONSIVE
B012311,T02350,V0095,20815410.17,2025-09-29T12:02:52,3,RESPONSIVE
B012312,T02350,V0416,21880281.49,2025-09-29T22:53:21,4,RESPONSIVE
B012313,T02351,V0364,88672817.22,2025-08-29T20:12:11,1,RESPONSIVE
B012314,T02351,V0244,88803010.1,2025-08-30T20:42:13,2,RESPONSIVE
B012315,T02351,V0267,92131687.73,2025-08-24T18:13:01,3,RESPONSIVE
B012316,T02351,V0076,93222325.22,2025-08-21T16:39:59,4,RESPONSIVE
B012317,T02351,V0062,94799474.77,2025-08-26T23:55:18,5,RESPONSIVE
B012318,T02352,V0455,39107085.26,2026-07-29T09:28:26,1,RESPONSIVE
B012319,T02352,V0115,39986740.92,2026-08-02T03:54:11,2,RESPONSIVE
B012320,T02352,V0436,40509010.81,2026-07-21T22:49:29,3,NON_RESPONSIVE
B012321,T02352,V0391,42028705.83,2026-07-27T20:26:10,4,RESPONSIVE
B012322,T02352,V0121,43669908.75,2026-07-28T01:23:56,5,RESPONSIVE
B012323,T02352,V0005,43708669.66,2026-07-31T08:40:49,6,RESPONSIVE
B012324,T02353,V0526,17126928.25,2024-03-26T00:07:45,1,RESPONSIVE
B012325,T02353,V0157,17301754.7,2024-03-31T08:28:07,2,RESPONSIVE
B012326,T02353,V0324,18612455.08,2024-04-06T20:33:15,3,RESPONSIVE
B012327,T02353,V0421,18814383.01,2024-04-08T05:18:09,4,RESPONSIVE
B012328,T02353,V0054,19083928.53,2024-04-08T00:48:50,5,RESPONSIVE
B012329,T02353,V0114,19245776.15,2024-04-09T01:19:17,6,RESPONSIVE
B012330,T02353,V0547,19512182.21,2024-04-07T02:34:14,7,RESPONSIVE
B012331,T02353,V0520,20031821.93,2024-04-01T03:47:02,8,RESPONSIVE
B012332,T02353,V0297,20986143.61,2024-04-20T06:20:54,9,RESPONSIVE
B012333,T02354,V0014,37544139.21,2026-04-27T10:30:59,1,RESPONSIVE
B012334,T02354,V0016,38926667.58,2026-04-14T11:26:25,2,NON_RESPONSIVE
B012335,T02354,V0249,39099942.89,2026-04-10T20:50:22,3,RESPONSIVE
B012336,T02354,V0361,39166795.63,2026-04-14T01:15:18,4,RESPONSIVE
B012337,T02354,V0076,39520389.12,2026-04-17T19:38:09,5,RESPONSIVE
B012338,T02354,V0292,40231509.72,2026-04-05T18:15:11,6,RESPONSIVE
B012339,T02355,V0504,2427351.07,2025-05-29T15:20:17,1,RESPONSIVE
B012340,T02355,V0276,2447072.46,2025-06-02T22:49:07,2,RESPONSIVE
B012341,T02355,V0473,2530651.66,2025-06-03T02:26:09,3,RESPONSIVE
B012342,T02355,V0038,2587937.09,2025-06-04T17:48:59,4,RESPONSIVE
B012343,T02355,V0413,2632249.73,2025-06-04T07:44:00,5,RESPONSIVE
B012344,T02355,V0309,2636199.54,2025-06-08T08:53:10,6,RESPONSIVE
B012345,T02355,V0388,2650122.4,2025-05-23T14:22:53,7,RESPONSIVE
B012346,T02355,V0002,2794139.24,2025-06-12T09:07:36,8,RESPONSIVE
B012347,T02355,V0082,2873822.34,2025-06-04T04:51:41,9,RESPONSIVE
B012348,T02356,V0437,16780197.6,2024-12-20T17:47:48,1,RESPONSIVE
B012349,T02356,V0009,16963958.01,2024-12-14T23:53:39,2,RESPONSIVE
B012350,T02356,V0289,17524491.74,2024-12-26T21:07:09,3,RESPONSIVE
B012351,T02356,V0387,18682608.79,2024-12-27T06:49:31,4,RESPONSIVE
B012352,T02356,V0120,19092937.39,2024-12-26T04:30:46,5,RESPONSIVE
B012353,T02357,V0342,42845480.46,2025-04-05T04:41:15,1,RESPONSIVE
B012354,T02357,V0325,45454598.33,2025-04-14T16:17:32,2,RESPONSIVE
B012355,T02357,V0421,46702450.28,2025-03-24T22:06:51,3,RESPONSIVE
B012356,T02357,V0435,46920094.87,2025-04-05T08:18:58,4,RESPONSIVE
B012357,T02357,V0478,47913194.96,2025-03-21T12:38:25,5,RESPONSIVE
B012358,T02357,V0387,48129646.65,2025-04-10T13:54:21,6,RESPONSIVE
B012359,T02357,V0506,49019700.18,2025-04-14T23:56:00,7,RESPONSIVE
B012360,T02357,V0289,49603718.29,2025-04-25T23:09:33,8,RESPONSIVE
B012361,T02358,V0374,18914472.7,2026-03-18T01:22:34,1,RESPONSIVE
B012362,T02358,V0274,20518454.71,2026-03-13T18:37:41,2,RESPONSIVE
B012363,T02359,V0408,3033875.55,2025-05-05T20:27:10,1,RESPONSIVE
B012364,T02359,V0202,3091296.89,2025-05-05T00:19:12,2,RESPONSIVE
B012365,T02359,V0061,3097892.69,2025-04-30T16:37:55,3,RESPONSIVE
B012366,T02359,V0529,3112773.76,2025-04-29T23:37:49,4,RESPONSIVE
B012367,T02359,V0119,3120429.81,2025-04-29T14:10:11,5,RESPONSIVE
B012368,T02360,V0379,53862991.46,2024-06-17T02:39:21,1,RESPONSIVE
B012369,T02360,V0209,55108240.2,2024-07-12T17:56:35,2,NON_RESPONSIVE
B012370,T02360,V0060,55693892.37,2024-06-23T21:17:02,3,RESPONSIVE
B012371,T02360,V0249,56368082.8,2024-06-23T04:41:59,4,RESPONSIVE
B012372,T02360,V0059,56419436.96,2024-06-30T19:08:40,5,RESPONSIVE
B012373,T02361,V0461,24724674.7,2024-08-21T08:32:04,1,RESPONSIVE
B012374,T02361,V0362,25396780.23,2024-08-18T16:45:43,2,RESPONSIVE
B012375,T02361,V0046,25503610.78,2024-08-17T16:26:02,3,RESPONSIVE
B012376,T02361,V0244,26203312.0,2024-08-11T01:43:04,4,RESPONSIVE
B012377,T02361,V0411,26629987.49,2024-08-15T18:16:54,5,RESPONSIVE
B012378,T02361,V0249,27673190.93,2024-08-18T21:47:41,6,RESPONSIVE
B012379,T02361,V0316,27767167.8,2024-08-25T01:31:12,7,RESPONSIVE
B012380,T02361,V0318,28236037.69,2024-08-18T15:11:24,8,RESPONSIVE
B012381,T02362,V0367,2179356.93,2026-08-11T01:15:19,1,RESPONSIVE
B012382,T02362,V0394,2201464.04,2026-08-18T17:40:29,2,RESPONSIVE
B012383,T02363,V0081,22591154.38,2024-12-07T13:48:34,1,RESPONSIVE
B012384,T02363,V0137,23546958.16,2024-12-08T20:13:25,2,RESPONSIVE
B012385,T02363,V0130,25280764.05,2024-11-21T00:32:44,3,RESPONSIVE
B012386,T02363,V0387,25287126.31,2024-12-04T15:14:15,4,RESPONSIVE
B012387,T02363,V0476,25663230.71,2024-12-03T12:03:56,5,RESPONSIVE
B012388,T02363,V0220,25680490.8,2024-12-14T13:33:16,6,RESPONSIVE
B012389,T02363,V0357,26974240.63,2024-11-29T07:32:21,7,RESPONSIVE
B012390,T02364,V0394,5586494.63,2025-12-02T09:30:05,1,RESPONSIVE
B012391,T02364,V0455,5608674.69,2025-11-14T03:47:49,2,RESPONSIVE
B012392,T02364,V0182,5617401.97,2025-11-22T10:59:04,3,RESPONSIVE
B012393,T02365,V0431,11798506.75,2026-04-01T04:55:38,1,RESPONSIVE
B012394,T02365,V0058,11853158.22,2026-04-11T23:56:17,2,RESPONSIVE
B012395,T02365,V0350,12685856.14,2026-04-21T19:38:38,3,RESPONSIVE
B012396,T02366,V0133,974150.04,2026-07-29T00:41:21,1,RESPONSIVE
B012397,T02366,V0220,991495.9,2026-07-21T13:49:16,2,RESPONSIVE
B012398,T02366,V0464,992722.44,2026-08-01T11:18:41,3,RESPONSIVE
B012399,T02366,V0128,1012913.62,2026-07-30T02:31:54,4,RESPONSIVE
B012400,T02366,V0225,1012951.07,2026-07-21T10:05:34,5,RESPONSIVE
B012401,T02366,V0399,1015104.02,2026-08-01T17:38:28,6,RESPONSIVE
B012402,T02366,V0410,1037639.25,2026-08-01T15:23:08,7,RESPONSIVE
B012403,T02366,V0359,1056656.18,2026-07-27T22:55:15,8,RESPONSIVE
B012404,T02366,V0357,1095610.13,2026-07-18T11:13:31,9,RESPONSIVE
B012405,T02367,V0418,81375332.51,2026-08-13T10:19:36,1,NON_RESPONSIVE
B012406,T02367,V0220,83748388.99,2026-08-18T05:19:26,2,RESPONSIVE
B012407,T02367,V0212,84251972.45,2026-08-06T11:01:51,3,NON_RESPONSIVE
B012408,T02367,V0426,84901687.13,2026-08-09T09:55:24,4,RESPONSIVE
B012409,T02367,V0054,85158226.78,2026-08-09T16:29:10,5,RESPONSIVE
B012410,T02367,V0247,87441582.66,2026-08-07T23:52:44,6,RESPONSIVE
B012411,T02367,V0172,88461629.44,2026-08-18T19:27:16,7,RESPONSIVE
B012412,T02368,V0026,4738757.4,2024-08-19T02:14:14,1,RESPONSIVE
B012413,T02368,V0050,5294369.14,2024-08-20T11:12:45,2,RESPONSIVE
B012414,T02368,V0041,5306602.97,2024-08-23T08:43:35,3,RESPONSIVE
B012415,T02368,V0460,5360815.53,2024-08-10T12:34:54,4,RESPONSIVE
B012416,T02368,V0307,5404918.36,2024-08-12T13:33:19,5,RESPONSIVE
B012417,T02368,V0072,5405724.38,2024-08-10T11:03:33,6,RESPONSIVE
B012418,T02368,V0020,5480255.9,2024-08-17T10:43:47,7,RESPONSIVE
B012419,T02368,V0355,5662701.9,2024-08-14T04:22:04,8,RESPONSIVE
B012420,T02369,V0082,5355853.81,2024-10-25T18:08:42,1,RESPONSIVE
B012421,T02369,V0002,5627650.32,2024-10-25T15:25:15,2,RESPONSIVE
B012422,T02369,V0379,5824160.04,2024-10-17T16:50:24,3,NON_RESPONSIVE
B012423,T02369,V0127,6056280.15,2024-10-21T21:11:40,4,RESPONSIVE
B012424,T02369,V0319,6088936.53,2024-10-16T18:45:05,5,RESPONSIVE
B012425,T02369,V0132,6145861.08,2024-10-20T22:37:34,6,RESPONSIVE
B012426,T02369,V0203,6193222.98,2024-10-24T19:07:52,7,RESPONSIVE
B012427,T02369,V0310,6358236.41,2024-11-03T02:16:43,8,RESPONSIVE
B012428,T02370,V0307,1280410.02,2024-09-25T13:51:11,1,RESPONSIVE
B012429,T02370,V0033,1327287.06,2024-10-03T09:58:10,2,RESPONSIVE
B012430,T02370,V0083,1357860.72,2024-09-22T06:59:05,3,RESPONSIVE
B012431,T02370,V0164,1399829.95,2024-09-29T19:06:31,4,RESPONSIVE
B012432,T02370,V0471,1405014.94,2024-10-18T07:16:56,5,RESPONSIVE
B012433,T02370,V0149,1426042.04,2024-10-13T23:32:11,6,RESPONSIVE
B012434,T02371,V0249,25829928.95,2024-07-14T08:22:52,1,RESPONSIVE
B012435,T02371,V0199,25972970.12,2024-07-05T04:14:43,2,RESPONSIVE
B012436,T02371,V0270,25986819.56,2024-06-28T09:36:55,3,RESPONSIVE
B012437,T02371,V0066,27083520.39,2024-06-23T14:59:39,4,RESPONSIVE
B012438,T02371,V0411,27323632.94,2024-07-03T02:41:41,5,RESPONSIVE
B012439,T02371,V0361,27476372.32,2024-06-30T18:53:28,6,RESPONSIVE
B012440,T02371,V0306,27626073.91,2024-07-11T00:30:51,7,NON_RESPONSIVE
B012441,T02371,V0016,28169521.25,2024-07-16T16:44:04,8,RESPONSIVE
B012442,T02371,V0523,29432908.83,2024-06-21T08:41:27,9,RESPONSIVE
B012443,T02372,V0531,2371620.48,2025-09-29T07:28:55,1,RESPONSIVE
B012444,T02372,V0114,2437183.09,2025-09-09T18:51:33,2,RESPONSIVE
B012445,T02372,V0435,2506983.08,2025-09-15T13:52:59,3,RESPONSIVE
B012446,T02372,V0320,2552955.38,2025-09-11T12:39:22,4,RESPONSIVE
B012447,T02373,V0172,13413436.6,2024-02-05T08:18:19,1,RESPONSIVE
B012448,T02373,V0401,13819378.21,2024-01-19T19:06:46,2,RESPONSIVE
B012449,T02373,V0218,14273857.04,2024-01-25T09:41:07,3,RESPONSIVE
B012450,T02373,V0366,14874688.28,2024-02-06T06:22:30,4,RESPONSIVE
B012451,T02374,V0355,2571752.35,2026-07-31T13:52:05,1,RESPONSIVE
B012452,T02374,V0307,2578217.96,2026-08-01T18:46:35,2,RESPONSIVE
B012453,T02374,V0460,2598228.82,2026-08-08T16:48:14,3,RESPONSIVE
B012454,T02374,V0113,2618217.06,2026-08-01T19:45:27,4,RESPONSIVE
B012455,T02374,V0407,2632668.71,2026-08-06T05:50:08,5,RESPONSIVE
B012456,T02374,V0119,2634342.63,2026-07-27T21:45:12,6,RESPONSIVE
B012457,T02374,V0025,2663659.31,2026-08-10T06:14:21,7,RESPONSIVE
B012458,T02374,V0050,2667012.09,2026-08-03T17:57:00,8,RESPONSIVE
B012459,T02375,V0302,7669654.63,2024-10-11T15:39:07,1,RESPONSIVE
B012460,T02375,V0338,7670581.51,2024-10-09T15:59:25,2,RESPONSIVE
B012461,T02375,V0293,7871583.48,2024-09-23T11:32:46,3,RESPONSIVE
B012462,T02375,V0383,7904729.32,2024-10-11T17:43:36,4,RESPONSIVE
B012463,T02375,V0405,8139059.67,2024-10-03T00:01:29,5,RESPONSIVE
B012464,T02375,V0433,8140254.85,2024-09-29T01:19:35,6,RESPONSIVE
B012465,T02376,V0284,17116244.89,2026-05-24T13:17:47,1,RESPONSIVE
B012466,T02376,V0352,17230454.13,2026-06-07T19:15:44,2,RESPONSIVE
B012467,T02376,V0201,18715251.57,2026-06-22T08:35:20,3,RESPONSIVE
B012468,T02376,V0004,19087491.57,2026-06-04T13:59:03,4,RESPONSIVE
B012469,T02376,V0379,19155007.27,2026-06-06T17:32:56,5,RESPONSIVE
B012470,T02376,V0127,19571853.74,2026-06-03T14:02:50,6,RESPONSIVE
B012471,T02377,V0255,62017769.68,2026-04-23T01:51:54,1,RESPONSIVE
B012472,T02377,V0433,62174108.57,2026-04-11T17:15:02,2,RESPONSIVE
B012473,T02377,V0003,62947263.81,2026-04-10T07:23:25,3,RESPONSIVE
B012474,T02377,V0380,65444684.64,2026-04-09T16:23:55,4,RESPONSIVE
B012475,T02377,V0218,69472749.12,2026-04-22T10:33:40,5,RESPONSIVE
B012476,T02378,V0431,18730081.62,2026-07-10T11:38:07,1,NON_RESPONSIVE
B012477,T02378,V0012,19408625.41,2026-07-19T17:44:49,2,RESPONSIVE
B012478,T02378,V0343,19790326.92,2026-07-10T15:44:51,3,RESPONSIVE
B012479,T02379,V0382,14578167.57,2024-02-18T21:33:02,1,RESPONSIVE
B012480,T02379,V0475,14634408.39,2024-02-10T11:41:59,2,RESPONSIVE
B012481,T02379,V0409,14813677.37,2024-02-18T04:09:44,3,RESPONSIVE
B012482,T02379,V0136,15018316.05,2024-02-01T20:30:36,4,RESPONSIVE
B012483,T02379,V0505,15036878.37,2024-02-26T01:36:56,5,RESPONSIVE
B012484,T02379,V0096,15233576.08,2024-02-06T21:19:13,6,RESPONSIVE
B012485,T02379,V0471,15375637.02,2024-02-28T06:09:50,7,RESPONSIVE
B012486,T02379,V0408,15611613.82,2024-02-19T09:51:05,8,RESPONSIVE
B012487,T02379,V0490,15622861.43,2024-02-16T11:25:23,9,RESPONSIVE
B012488,T02380,V0413,3609996.22,2026-08-23T05:57:43,1,RESPONSIVE
B012489,T02380,V0254,3807593.58,2026-08-23T16:45:56,2,RESPONSIVE
B012490,T02380,V0352,3943847.35,2026-08-29T08:07:49,3,RESPONSIVE
B012491,T02380,V0504,4185014.73,2026-08-13T10:05:26,4,RESPONSIVE
B012492,T02381,V0288,10528031.41,2024-08-06T01:04:21,1,RESPONSIVE
B012493,T02381,V0028,10874880.31,2024-08-20T20:50:43,2,RESPONSIVE
B012494,T02381,V0335,11145319.45,2024-08-11T03:29:18,3,RESPONSIVE
B012495,T02381,V0269,11181412.11,2024-08-26T21:02:09,4,NON_RESPONSIVE
B012496,T02381,V0088,11321174.63,2024-08-25T20:53:49,5,RESPONSIVE
B012497,T02382,V0462,80231591.66,2026-03-14T11:58:07,1,NON_RESPONSIVE
B012498,T02382,V0476,81273217.06,2026-03-03T23:57:18,2,RESPONSIVE
B012499,T02382,V0006,85708439.43,2026-03-11T04:24:40,3,RESPONSIVE
B012500,T02382,V0128,86962060.04,2026-03-10T21:22:34,4,RESPONSIVE
B012501,T02383,V0369,1762125.84,2025-01-23T18:13:51,1,RESPONSIVE
B012502,T02383,V0087,1831188.48,2025-02-02T21:14:04,2,RESPONSIVE
B012503,T02383,V0030,1870986.16,2025-02-04T11:12:30,3,RESPONSIVE
B012504,T02383,V0266,1891684.71,2025-02-05T11:48:25,4,RESPONSIVE
B012505,T02383,V0171,1901488.29,2025-02-05T00:09:25,5,RESPONSIVE
B012506,T02383,V0129,1922423.94,2025-01-28T05:39:16,6,RESPONSIVE
B012507,T02384,V0319,215451228.11,2025-11-18T06:48:15,1,RESPONSIVE
B012508,T02384,V0412,231391857.74,2025-11-14T19:50:03,2,RESPONSIVE
B012509,T02385,V0402,2645044.95,2024-03-24T20:44:46,1,RESPONSIVE
B012510,T02385,V0453,2688666.56,2024-03-18T11:39:32,2,RESPONSIVE
B012511,T02385,V0255,2690224.01,2024-03-22T19:25:02,3,RESPONSIVE
B012512,T02385,V0161,2716529.38,2024-03-14T20:27:14,4,RESPONSIVE
B012513,T02385,V0419,2896945.41,2024-03-19T15:31:57,5,RESPONSIVE
B012514,T02386,V0549,14319002.03,2026-06-26T22:29:59,1,RESPONSIVE
B012515,T02386,V0129,14345930.26,2026-07-06T08:03:24,2,RESPONSIVE
B012516,T02386,V0175,14883915.72,2026-07-01T16:32:15,3,RESPONSIVE
B012517,T02387,V0517,15625989.71,2025-05-02T12:02:16,1,RESPONSIVE
B012518,T02387,V0371,15763226.78,2025-05-03T11:15:50,2,RESPONSIVE
B012519,T02387,V0516,16568043.97,2025-04-26T14:06:34,3,RESPONSIVE
B012520,T02387,V0017,17037526.49,2025-05-05T10:02:04,4,NON_RESPONSIVE
B012521,T02387,V0476,18029129.95,2025-05-13T00:14:04,5,RESPONSIVE
B012522,T02388,V0339,42967349.03,2025-12-09T10:11:06,1,NON_RESPONSIVE
B012523,T02388,V0368,44375216.46,2025-12-13T18:15:52,2,RESPONSIVE
B012524,T02388,V0121,45811609.88,2025-12-22T18:17:41,3,RESPONSIVE
B012525,T02388,V0325,46142275.78,2025-12-05T15:13:25,4,NON_RESPONSIVE
B012526,T02388,V0271,46188947.93,2025-12-19T13:24:14,5,RESPONSIVE
B012527,T02388,V0153,46636899.01,2025-12-24T10:38:46,6,RESPONSIVE
B012528,T02388,V0399,46812182.5,2025-12-12T19:50:29,7,RESPONSIVE
B012529,T02388,V0359,47002007.89,2025-12-05T23:52:24,8,RESPONSIVE
B012530,T02388,V0437,48688614.82,2025-11-29T02:38:52,9,RESPONSIVE
B012531,T02389,V0085,12695395.33,2024-06-28T11:11:16,1,RESPONSIVE
B012532,T02389,V0392,12954869.26,2024-07-10T19:02:23,2,RESPONSIVE
B012533,T02389,V0259,13291295.8,2024-06-26T23:30:12,3,RESPONSIVE
B012534,T02389,V0008,13497703.83,2024-07-02T06:37:03,4,RESPONSIVE
B012535,T02390,V0080,2415779.32,2025-02-27T20:39:54,1,RESPONSIVE
B012536,T02390,V0288,2521153.05,2025-03-03T10:58:49,2,RESPONSIVE
B012537,T02390,V0197,2575221.37,2025-03-12T08:33:31,3,RESPONSIVE
B012538,T02390,V0019,2610623.22,2025-03-04T23:46:26,4,NON_RESPONSIVE
B012539,T02390,V0455,2625975.53,2025-02-26T07:42:25,5,RESPONSIVE
B012540,T02390,V0185,2686095.85,2025-03-07T07:28:38,6,RESPONSIVE
B012541,T02390,V0247,2743043.95,2025-02-28T22:16:43,7,RESPONSIVE
B012542,T02391,V0453,13953141.88,2026-05-10T00:16:40,1,RESPONSIVE
B012543,T02391,V0179,14537899.59,2026-05-12T14:12:20,2,RESPONSIVE
B012544,T02391,V0059,14643780.24,2026-05-11T19:16:28,3,RESPONSIVE
B012545,T02392,V0301,16060416.87,2026-04-17T00:08:23,1,NON_RESPONSIVE
B012546,T02392,V0319,16660574.81,2026-04-21T14:53:59,2,RESPONSIVE
B012547,T02392,V0374,16777511.32,2026-04-22T03:16:28,3,RESPONSIVE
B012548,T02392,V0468,16896161.15,2026-04-30T03:41:10,4,RESPONSIVE
B012549,T02393,V0065,6286958.84,2026-02-25T03:48:30,1,RESPONSIVE
B012550,T02393,V0142,6656705.27,2026-03-01T11:03:16,2,RESPONSIVE
B012551,T02393,V0003,6765046.78,2026-02-16T10:59:26,3,RESPONSIVE
B012552,T02393,V0533,6879820.3,2026-02-24T17:53:57,4,RESPONSIVE
B012553,T02393,V0360,6895065.54,2026-02-25T06:25:56,5,RESPONSIVE
B012554,T02393,V0404,7095040.75,2026-02-18T16:31:47,6,RESPONSIVE
B012555,T02393,V0263,7195132.37,2026-03-02T11:21:42,7,RESPONSIVE
B012556,T02394,V0394,5482282.9,2024-06-20T10:46:10,1,RESPONSIVE
B012557,T02394,V0433,6027965.23,2024-06-22T10:42:28,2,RESPONSIVE
B012558,T02394,V0495,6355091.35,2024-06-17T17:38:14,3,RESPONSIVE
B012559,T02394,V0027,7032535.08,2024-06-22T10:53:47,4,RESPONSIVE
B012560,T02395,V0382,4415254.42,2025-06-07T03:13:02,1,RESPONSIVE
B012561,T02395,V0136,4540844.44,2025-06-10T08:31:06,2,RESPONSIVE
B012562,T02395,V0498,4550048.98,2025-06-17T01:33:21,3,RESPONSIVE
B012563,T02395,V0499,4674942.81,2025-06-20T18:28:37,4,NON_RESPONSIVE
B012564,T02395,V0147,4725278.24,2025-07-01T20:08:44,5,RESPONSIVE
B012565,T02395,V0505,4811269.53,2025-06-09T11:01:17,6,RESPONSIVE
B012566,T02395,V0061,4821612.18,2025-06-30T05:20:54,7,RESPONSIVE
B012567,T02395,V0148,4946919.27,2025-07-03T22:37:08,8,RESPONSIVE
B012568,T02396,V0416,17016650.35,2026-01-03T23:42:35,1,RESPONSIVE
B012569,T02396,V0091,17837266.64,2026-01-07T23:27:32,2,RESPONSIVE
B012570,T02396,V0400,18094897.81,2026-01-07T11:04:36,3,RESPONSIVE
B012571,T02396,V0427,18284911.53,2026-01-28T20:03:54,4,RESPONSIVE
B012572,T02396,V0118,18370667.53,2026-01-27T07:11:39,5,RESPONSIVE
B012573,T02396,V0006,18553583.14,2026-01-15T07:58:40,6,RESPONSIVE
B012574,T02397,V0349,21948356.75,2026-06-23T09:44:45,1,RESPONSIVE
B012575,T02397,V0519,24243296.64,2026-06-27T00:30:59,2,RESPONSIVE
B012576,T02397,V0177,24448120.98,2026-06-15T08:18:36,3,RESPONSIVE
B012577,T02398,V0434,3474563.06,2024-03-30T07:10:43,1,RESPONSIVE
B012578,T02398,V0308,3641484.51,2024-04-06T11:21:44,2,RESPONSIVE
B012579,T02398,V0383,3667800.39,2024-03-08T03:01:12,3,RESPONSIVE
B012580,T02398,V0214,3759240.33,2024-04-20T17:32:05,4,RESPONSIVE
B012581,T02398,V0539,3860585.01,2024-03-30T10:05:32,5,RESPONSIVE
B012582,T02399,V0104,2064885.47,2025-02-12T15:24:14,1,RESPONSIVE
B012583,T02399,V0286,2102926.49,2025-03-01T00:57:17,2,RESPONSIVE
B012584,T02399,V0200,2117379.09,2025-02-19T12:22:14,3,RESPONSIVE
B012585,T02399,V0378,2177783.63,2025-02-18T04:21:49,4,RESPONSIVE
B012586,T02399,V0351,2275231.73,2025-02-16T21:42:42,5,RESPONSIVE
B012587,T02400,V0263,20066558.14,2025-01-25T20:04:27,1,RESPONSIVE
B012588,T02400,V0483,20809088.27,2025-01-19T17:20:09,2,RESPONSIVE
B012589,T02400,V0186,21000952.08,2025-01-16T05:08:36,3,RESPONSIVE
B012590,T02400,V0047,21751048.49,2025-01-11T09:31:11,4,RESPONSIVE
B012591,T02401,V0388,992499.52,2026-02-13T17:56:43,1,RESPONSIVE
B012592,T02401,V0007,1041222.51,2026-02-11T10:35:45,2,RESPONSIVE
B012593,T02401,V0014,1108877.23,2026-02-13T10:29:45,3,RESPONSIVE
B012594,T02401,V0301,1152389.89,2026-02-16T21:04:36,4,RESPONSIVE
B012595,T02401,V0244,1207721.55,2026-02-17T07:44:58,5,RESPONSIVE
B012596,T02402,V0072,2972620.75,2024-09-08T01:35:28,1,RESPONSIVE
B012597,T02402,V0184,2992284.36,2024-09-01T22:00:06,2,RESPONSIVE
B012598,T02402,V0407,3053680.39,2024-08-31T07:36:53,3,RESPONSIVE
B012599,T02402,V0020,3129696.8,2024-09-11T16:19:14,4,RESPONSIVE
B012600,T02402,V0460,3191617.88,2024-08-31T17:49:49,5,RESPONSIVE
B012601,T02402,V0277,3215675.46,2024-09-11T15:37:42,6,RESPONSIVE
B012602,T02402,V0113,3222470.32,2024-09-05T04:21:07,7,RESPONSIVE
B012603,T02403,V0240,7871428.57,2024-01-10T20:06:09,1,RESPONSIVE
B012604,T02403,V0001,8198895.34,2024-01-17T07:56:08,2,RESPONSIVE
B012605,T02403,V0475,8649917.19,2024-01-18T15:08:49,3,RESPONSIVE
B012606,T02403,V0382,8774332.01,2024-01-25T08:40:11,4,RESPONSIVE
B012607,T02403,V0072,8962859.01,2024-01-13T22:55:03,5,RESPONSIVE
B012608,T02403,V0406,9058863.14,2024-01-27T21:52:43,6,RESPONSIVE
B012609,T02404,V0115,4537835.34,2026-05-09T04:09:32,1,RESPONSIVE
B012610,T02404,V0161,4571853.9,2026-05-10T01:42:27,2,RESPONSIVE
B012611,T02404,V0424,4619626.61,2026-05-08T08:39:37,3,RESPONSIVE
B012612,T02404,V0530,4700756.53,2026-04-07T05:55:44,4,RESPONSIVE
B012613,T02405,V0266,10708022.66,2025-04-26T15:06:49,1,RESPONSIVE
B012614,T02405,V0545,10819675.17,2025-05-22T03:44:42,2,RESPONSIVE
B012615,T02405,V0129,11699327.38,2025-04-26T20:14:06,3,RESPONSIVE
B012616,T02406,V0220,58542030.47,2026-08-28T19:16:09,1,RESPONSIVE
B012617,T02406,V0325,60889239.67,2026-08-27T08:08:01,2,RESPONSIVE
B012618,T02406,V0299,61453991.74,2026-08-30T01:51:06,3,RESPONSIVE
B012619,T02406,V0172,63162366.35,2026-08-27T21:28:43,4,RESPONSIVE
B012620,T02406,V0386,63497669.33,2026-08-30T23:52:53,5,RESPONSIVE
B012621,T02407,V0336,4567930.66,2025-02-14T16:06:00,1,RESPONSIVE
B012622,T02407,V0396,4858009.82,2025-02-21T10:55:32,2,RESPONSIVE
B012623,T02407,V0394,4920587.92,2025-02-18T23:48:41,3,RESPONSIVE
B012624,T02407,V0023,4960727.74,2025-02-20T18:49:20,4,RESPONSIVE
B012625,T02408,V0456,4977446.63,2026-04-23T13:57:17,1,RESPONSIVE
B012626,T02408,V0175,5378496.0,2026-04-11T23:44:13,2,RESPONSIVE
B012627,T02409,V0362,118219059.74,2024-12-19T10:28:19,1,RESPONSIVE
B012628,T02409,V0082,125379946.15,2024-12-10T15:19:13,2,RESPONSIVE
B012629,T02409,V0364,125437675.23,2024-12-14T05:16:23,3,NON_RESPONSIVE
B012630,T02409,V0199,131005205.77,2024-12-13T07:11:46,4,RESPONSIVE
B012631,T02409,V0461,131678003.0,2024-12-16T12:13:48,5,RESPONSIVE
B012632,T02409,V0055,133622322.16,2024-12-14T12:46:02,6,RESPONSIVE
B012633,T02409,V0150,135724475.82,2024-12-14T16:27:14,7,RESPONSIVE
B012634,T02409,V0132,143269353.64,2024-12-12T10:13:56,8,RESPONSIVE
B012635,T02410,V0538,7542740.28,2026-04-28T09:34:37,1,NON_RESPONSIVE
B012636,T02410,V0136,7605650.14,2026-04-12T19:00:23,2,RESPONSIVE
B012637,T02410,V0475,7940218.71,2026-04-28T13:18:00,3,RESPONSIVE
B012638,T02410,V0234,8199896.78,2026-04-15T12:48:39,4,RESPONSIVE
B012639,T02410,V0165,8327391.7,2026-04-26T09:16:27,5,RESPONSIVE
B012640,T02410,V0431,8843260.34,2026-04-26T19:10:35,6,RESPONSIVE
B012641,T02411,V0078,26775926.87,2024-05-16T15:04:49,1,RESPONSIVE
B012642,T02411,V0172,27276339.65,2024-05-17T02:57:45,2,RESPONSIVE
B012643,T02411,V0324,27832478.95,2024-05-17T21:28:17,3,RESPONSIVE
B012644,T02411,V0311,29172298.82,2024-05-16T17:48:12,4,RESPONSIVE
B012645,T02411,V0381,29607318.72,2024-04-30T16:44:18,5,RESPONSIVE
B012646,T02411,V0531,29734739.58,2024-05-04T17:30:37,6,RESPONSIVE
B012647,T02412,V0197,11492568.97,2024-05-02T13:38:05,1,RESPONSIVE
B012648,T02412,V0394,12426193.24,2024-05-06T10:11:55,2,RESPONSIVE
B012649,T02413,V0526,10085023.13,2024-10-26T07:29:17,1,RESPONSIVE
B012650,T02413,V0445,10207945.55,2024-10-22T10:57:48,2,RESPONSIVE
B012651,T02413,V0289,10267772.13,2024-11-03T06:03:21,3,RESPONSIVE
B012652,T02413,V0435,10999482.91,2024-10-25T06:13:26,4,RESPONSIVE
B012653,T02413,V0386,11230133.97,2024-10-11T18:58:51,5,RESPONSIVE
B012654,T02413,V0052,11661499.64,2024-11-08T16:33:55,6,RESPONSIVE
B012655,T02413,V0547,11899290.08,2024-11-04T11:46:11,7,RESPONSIVE
B012656,T02413,V0443,11981056.71,2024-10-16T16:27:46,8,RESPONSIVE
B012657,T02413,V0118,12684846.09,2024-11-13T22:06:49,9,RESPONSIVE
B012658,T02414,V0485,6291042.95,2024-01-31T03:25:41,1,RESPONSIVE
B012659,T02414,V0269,6513366.32,2024-02-03T19:45:31,2,RESPONSIVE
B012660,T02414,V0039,6630823.67,2024-02-08T07:59:22,3,RESPONSIVE
B012661,T02414,V0034,6651952.84,2024-02-01T01:57:04,4,RESPONSIVE
B012662,T02414,V0363,6725038.65,2024-02-04T11:21:05,5,RESPONSIVE
B012663,T02414,V0373,6859841.41,2024-02-04T18:18:03,6,RESPONSIVE
B012664,T02414,V0337,6881436.39,2024-01-26T05:25:05,7,RESPONSIVE
B012665,T02414,V0397,6910317.77,2024-02-08T16:54:21,8,RESPONSIVE
B012666,T02414,V0187,6946305.83,2024-02-02T03:13:24,9,RESPONSIVE
B012667,T02414,V0273,7004196.02,2024-02-05T05:30:36,10,RESPONSIVE
B012668,T02415,V0447,6659389.22,2026-06-01T17:20:49,1,RESPONSIVE
B012669,T02415,V0141,6852442.75,2026-05-15T09:42:44,2,RESPONSIVE
B012670,T02415,V0355,7008690.58,2026-05-27T15:32:51,3,RESPONSIVE
B012671,T02415,V0119,7180949.31,2026-05-16T17:05:18,4,RESPONSIVE
B012672,T02415,V0331,7256036.0,2026-06-03T05:37:58,5,RESPONSIVE
B012673,T02415,V0431,7286071.81,2026-05-30T11:30:22,6,RESPONSIVE
B012674,T02415,V0043,7567991.0,2026-05-06T20:27:36,7,RESPONSIVE
B012675,T02416,V0407,7021363.06,2025-01-17T13:43:13,1,RESPONSIVE
B012676,T02416,V0026,7318973.04,2025-01-17T02:48:01,2,RESPONSIVE
B012677,T02416,V0113,7695419.9,2024-12-28T16:22:59,3,NON_RESPONSIVE
B012678,T02416,V0144,7702638.65,2025-01-21T14:50:29,4,RESPONSIVE
B012679,T02416,V0277,7759373.98,2025-01-03T21:03:59,5,RESPONSIVE
B012680,T02416,V0025,7819753.29,2025-01-11T11:25:53,6,RESPONSIVE
B012681,T02416,V0072,7948491.49,2025-01-04T22:48:12,7,RESPONSIVE
B012682,T02416,V0119,7953733.25,2025-01-10T19:35:34,8,RESPONSIVE
B012683,T02416,V0460,8016902.52,2025-01-05T13:54:30,9,RESPONSIVE
B012684,T02417,V0025,7249647.96,2024-10-11T09:08:29,1,RESPONSIVE
B012685,T02417,V0231,7345338.18,2024-10-16T01:48:26,2,RESPONSIVE
B012686,T02417,V0035,7621910.66,2024-10-18T05:32:59,3,RESPONSIVE
B012687,T02417,V0434,7625519.39,2024-10-18T17:25:23,4,RESPONSIVE
B012688,T02417,V0497,7720407.46,2024-10-20T18:48:44,5,RESPONSIVE
B012689,T02417,V0295,7769230.93,2024-10-10T15:17:09,6,RESPONSIVE
B012690,T02417,V0383,8132285.24,2024-10-20T06:54:16,7,RESPONSIVE
B012691,T02417,V0396,8538383.99,2024-10-11T03:39:11,8,RESPONSIVE
B012692,T02418,V0137,33714120.74,2025-08-31T13:50:51,1,RESPONSIVE
B012693,T02418,V0400,35643542.82,2025-08-25T09:26:26,2,RESPONSIVE
B012694,T02418,V0547,36782188.13,2025-09-02T12:56:17,3,RESPONSIVE
B012695,T02418,V0358,38574179.18,2025-08-31T18:22:48,4,RESPONSIVE
B012696,T02418,V0386,38712033.29,2025-09-04T00:45:25,5,RESPONSIVE
B012697,T02419,V0335,3933634.59,2025-02-24T01:41:08,1,RESPONSIVE
B012698,T02419,V0145,4130137.61,2025-02-24T10:24:12,2,RESPONSIVE
B012699,T02419,V0180,4279143.2,2025-02-20T18:20:47,3,RESPONSIVE
B012700,T02419,V0245,4291668.52,2025-02-20T09:53:38,4,RESPONSIVE
B012701,T02419,V0328,4380808.53,2025-02-22T14:05:46,5,RESPONSIVE
B012702,T02420,V0399,18326176.09,2025-08-01T13:43:00,1,RESPONSIVE
B012703,T02420,V0385,20091813.58,2025-07-20T10:23:50,2,RESPONSIVE
B012704,T02420,V0296,20133497.84,2025-08-01T22:05:13,3,RESPONSIVE
B012705,T02420,V0273,20224719.16,2025-07-25T09:12:44,4,RESPONSIVE
B012706,T02420,V0163,20541812.11,2025-07-22T03:26:35,5,RESPONSIVE
B012707,T02420,V0300,20584682.41,2025-07-18T12:17:06,6,RESPONSIVE
B012708,T02420,V0157,20790578.98,2025-07-26T16:57:51,7,RESPONSIVE
B012709,T02421,V0315,7119914.69,2026-02-07T07:19:18,1,RESPONSIVE
B012710,T02421,V0459,7211730.78,2026-02-27T11:38:31,2,RESPONSIVE
B012711,T02421,V0417,7648961.4,2026-02-20T20:54:29,3,RESPONSIVE
B012712,T02422,V0141,10704460.41,2024-05-06T11:35:58,1,RESPONSIVE
B012713,T02422,V0408,10930441.46,2024-05-10T00:28:05,2,RESPONSIVE
B012714,T02422,V0469,11376243.69,2024-05-14T02:54:05,3,RESPONSIVE
B012715,T02422,V0077,11399659.07,2024-05-08T20:26:55,4,RESPONSIVE
B012716,T02422,V0136,11420913.38,2024-05-05T12:13:58,5,RESPONSIVE
B012717,T02422,V0202,11429363.31,2024-05-16T21:48:15,6,RESPONSIVE
B012718,T02422,V0486,11501648.35,2024-05-11T21:50:01,7,RESPONSIVE
B012719,T02423,V0059,5315112.16,2025-06-26T12:59:19,1,RESPONSIVE
B012720,T02423,V0488,5605739.46,2025-06-30T22:07:18,2,NON_RESPONSIVE
B012721,T02424,V0184,8905958.1,2026-03-12T04:04:13,1,RESPONSIVE
B012722,T02424,V0481,9102976.88,2026-03-03T07:28:42,2,RESPONSIVE
B012723,T02424,V0050,9227712.95,2026-03-06T16:06:15,3,RESPONSIVE
B012724,T02424,V0295,9722568.53,2026-03-06T03:25:32,4,RESPONSIVE
B012725,T02425,V0262,21654998.32,2026-04-16T13:48:57,1,RESPONSIVE
B012726,T02425,V0033,21916877.37,2026-04-22T21:56:16,2,RESPONSIVE
B012727,T02425,V0020,22066049.81,2026-04-17T18:51:33,3,RESPONSIVE
B012728,T02425,V0001,22448215.59,2026-04-11T18:29:05,4,RESPONSIVE
B012729,T02426,V0219,44761379.3,2025-10-23T14:11:58,1,RESPONSIVE
B012730,T02426,V0123,47757226.54,2025-10-22T05:53:04,2,RESPONSIVE
B012731,T02426,V0292,48670525.81,2025-10-21T18:22:53,3,RESPONSIVE
B012732,T02426,V0254,49294938.68,2025-10-14T08:25:13,4,RESPONSIVE
B012733,T02426,V0093,50215171.61,2025-10-23T00:26:52,5,RESPONSIVE
B012734,T02426,V0242,51637395.27,2025-10-11T08:11:04,6,RESPONSIVE
B012735,T02427,V0010,14246708.99,2025-05-27T00:12:37,1,NON_RESPONSIVE
B012736,T02427,V0295,14580241.65,2025-05-08T02:57:44,2,RESPONSIVE
B012737,T02427,V0338,14769662.63,2025-05-27T11:10:48,3,RESPONSIVE
B012738,T02428,V0121,2729607.08,2026-05-02T09:14:43,1,RESPONSIVE
B012739,T02428,V0362,2790525.98,2026-05-02T06:33:05,2,RESPONSIVE
B012740,T02428,V0533,2886443.45,2026-04-29T20:39:08,3,RESPONSIVE
B012741,T02428,V0282,3015154.5,2026-04-23T11:57:47,4,RESPONSIVE
B012742,T02429,V0248,5806896.06,2025-08-31T16:30:02,1,NON_RESPONSIVE
B012743,T02429,V0455,5823682.86,2025-08-07T23:27:26,2,RESPONSIVE
B012744,T02429,V0179,5871165.43,2025-08-13T02:52:18,3,RESPONSIVE
B012745,T02429,V0489,5969017.12,2025-08-27T10:31:58,4,RESPONSIVE
B012746,T02429,V0363,6190956.51,2025-08-27T17:51:45,5,RESPONSIVE
B012747,T02429,V0390,6250739.39,2025-08-22T16:23:17,6,RESPONSIVE
B012748,T02430,V0005,12580726.44,2025-09-17T01:06:38,1,RESPONSIVE
B012749,T02430,V0533,12652690.2,2025-09-26T11:49:14,2,RESPONSIVE
B012750,T02430,V0425,13538374.74,2025-09-20T11:26:51,3,RESPONSIVE
B012751,T02431,V0093,2759464.55,2024-10-18T15:42:56,1,RESPONSIVE
B012752,T02431,V0278,2847171.07,2024-10-14T23:15:34,2,RESPONSIVE
B012753,T02431,V0379,2871578.21,2024-10-11T14:05:46,3,RESPONSIVE
B012754,T02431,V0219,2955328.06,2024-10-16T03:57:53,4,RESPONSIVE
B012755,T02431,V0132,2978988.01,2024-10-23T11:19:39,5,RESPONSIVE
B012756,T02431,V0523,2993595.36,2024-10-10T23:15:25,6,RESPONSIVE
B012757,T02431,V0309,2999896.97,2024-10-17T06:40:46,7,RESPONSIVE
B012758,T02431,V0254,3113750.16,2024-10-16T15:47:38,8,RESPONSIVE
B012759,T02432,V0438,11714432.56,2024-05-15T09:35:08,1,RESPONSIVE
B012760,T02432,V0029,11793679.28,2024-05-17T17:27:33,2,RESPONSIVE
B012761,T02432,V0003,12040093.14,2024-04-29T11:43:36,3,RESPONSIVE
B012762,T02432,V0273,12372480.87,2024-05-17T10:28:04,4,RESPONSIVE
B012763,T02432,V0197,12631069.36,2024-05-02T13:31:12,5,RESPONSIVE
B012764,T02433,V0087,11711510.23,2025-01-05T20:56:11,1,NON_RESPONSIVE
B012765,T02433,V0175,13243902.36,2025-01-06T14:46:00,2,RESPONSIVE
B012766,T02433,V0334,13630974.53,2025-01-09T18:49:08,3,RESPONSIVE
B012767,T02433,V0454,13690804.81,2025-01-01T20:43:18,4,RESPONSIVE
B012768,T02433,V0291,13958306.65,2025-01-02T04:38:37,5,RESPONSIVE
B012769,T02434,V0249,22364088.35,2026-05-31T01:50:41,1,RESPONSIVE
B012770,T02434,V0377,22534488.53,2026-06-15T07:44:48,2,RESPONSIVE
B012771,T02434,V0212,22632680.25,2026-05-26T20:42:16,3,RESPONSIVE
B012772,T02434,V0188,22806527.18,2026-06-17T13:03:08,4,RESPONSIVE
B012773,T02434,V0530,22883258.33,2026-06-08T05:44:17,5,RESPONSIVE
B012774,T02434,V0201,22967026.07,2026-06-16T23:34:24,6,RESPONSIVE
B012775,T02434,V0169,23498717.41,2026-05-26T05:19:42,7,RESPONSIVE
B012776,T02435,V0011,8375662.37,2025-12-20T13:47:39,1,NON_RESPONSIVE
B012777,T02435,V0365,8966587.45,2026-01-18T14:33:08,2,RESPONSIVE
B012778,T02436,V0245,6919688.52,2026-07-31T19:24:07,1,RESPONSIVE
B012779,T02436,V0088,7230420.37,2026-08-23T13:53:36,2,RESPONSIVE
B012780,T02437,V0162,10890243.22,2025-09-03T00:19:57,1,RESPONSIVE
B012781,T02437,V0129,11212659.83,2025-08-16T11:40:53,2,RESPONSIVE
B012782,T02437,V0519,11454973.04,2025-08-12T05:00:38,3,RESPONSIVE
B012783,T02437,V0209,11551940.87,2025-08-16T20:33:18,4,RESPONSIVE
B012784,T02437,V0454,12388731.42,2025-08-26T16:36:45,5,RESPONSIVE
B012785,T02438,V0106,3633521.42,2025-01-14T16:14:28,1,RESPONSIVE
B012786,T02438,V0164,3695586.56,2024-12-25T12:18:13,2,RESPONSIVE
B012787,T02439,V0336,3671605.41,2025-06-29T20:18:18,1,RESPONSIVE
B012788,T02439,V0434,3679521.25,2025-07-16T05:42:57,2,RESPONSIVE
B012789,T02439,V0277,3822921.72,2025-07-29T20:42:52,3,RESPONSIVE
B012790,T02440,V0328,3049364.0,2026-05-28T04:21:59,1,RESPONSIVE
B012791,T02440,V0458,3260917.72,2026-05-03T15:04:32,2,RESPONSIVE
B012792,T02440,V0263,3316564.59,2026-05-18T04:53:57,3,RESPONSIVE
B012793,T02440,V0373,3334505.05,2026-05-12T10:04:21,4,RESPONSIVE
B012794,T02440,V0375,3338747.85,2026-06-03T15:18:58,5,RESPONSIVE
B012795,T02440,V0335,3364862.0,2026-05-27T03:47:30,6,RESPONSIVE
B012796,T02440,V0275,3470866.56,2026-05-24T04:06:08,7,RESPONSIVE
B012797,T02441,V0405,25368146.19,2024-09-12T14:58:37,1,NON_RESPONSIVE
B012798,T02441,V0392,26846887.2,2024-09-15T13:09:51,2,NON_RESPONSIVE
B012799,T02441,V0495,26932613.89,2024-09-13T08:13:41,3,RESPONSIVE
B012800,T02441,V0080,27992072.97,2024-09-13T08:24:48,4,RESPONSIVE
B012801,T02442,V0132,1484355.08,2024-11-06T07:41:32,1,RESPONSIVE
B012802,T02442,V0278,1522778.18,2024-11-09T14:59:05,2,RESPONSIVE
B012803,T02442,V0370,1547554.64,2024-11-14T21:57:42,3,RESPONSIVE
B012804,T02442,V0388,1550235.71,2024-10-26T01:52:54,4,RESPONSIVE
B012805,T02442,V0195,1719776.22,2024-10-27T10:16:17,5,RESPONSIVE
B012806,T02443,V0038,3144378.55,2026-04-28T17:04:50,1,RESPONSIVE
B012807,T02443,V0219,3176807.77,2026-04-10T09:23:29,2,RESPONSIVE
B012808,T02443,V0066,3193113.3,2026-04-11T18:42:10,3,RESPONSIVE
B012809,T02443,V0014,3239482.65,2026-04-12T06:32:11,4,RESPONSIVE
B012810,T02443,V0016,3328170.31,2026-04-24T03:39:42,5,RESPONSIVE
B012811,T02444,V0231,2937212.75,2026-06-14T17:32:57,1,RESPONSIVE
B012812,T02444,V0527,3117638.17,2026-06-01T13:14:43,2,RESPONSIVE
B012813,T02444,V0465,3169729.38,2026-06-08T08:42:10,3,RESPONSIVE
B012814,T02445,V0050,6765660.54,2026-03-08T08:43:26,1,RESPONSIVE
B012815,T02445,V0144,6776223.68,2026-04-01T15:16:21,2,RESPONSIVE
B012816,T02445,V0184,6886570.57,2026-04-02T21:20:20,3,RESPONSIVE
B012817,T02446,V0197,13625307.87,2026-07-07T04:41:25,1,RESPONSIVE
B012818,T02446,V0239,14049898.48,2026-07-24T15:39:15,2,RESPONSIVE
B012819,T02446,V0275,14188610.14,2026-07-17T15:59:52,3,RESPONSIVE
B012820,T02446,V0263,14355025.3,2026-07-04T12:12:24,4,RESPONSIVE
B012821,T02447,V0215,5441720.77,2026-02-22T13:01:59,1,RESPONSIVE
B012822,T02447,V0129,5659305.15,2026-02-14T12:22:04,2,RESPONSIVE
B012823,T02447,V0025,5711953.53,2026-02-28T21:12:24,3,RESPONSIVE
B012824,T02447,V0086,5786459.13,2026-02-05T03:10:42,4,RESPONSIVE
B012825,T02447,V0233,5802589.32,2026-02-06T19:13:47,5,RESPONSIVE
B012826,T02447,V0277,5900695.68,2026-02-05T10:52:29,6,RESPONSIVE
B012827,T02447,V0369,6043971.41,2026-02-17T02:55:00,7,RESPONSIVE
B012828,T02447,V0223,6190867.87,2026-03-05T03:14:14,8,RESPONSIVE
B012829,T02448,V0030,20690887.52,2025-12-29T03:06:30,1,RESPONSIVE
B012830,T02448,V0215,21740545.29,2026-01-03T23:53:43,2,RESPONSIVE
B012831,T02448,V0113,21926458.47,2025-12-31T07:18:12,3,RESPONSIVE
B012832,T02448,V0460,22353530.25,2026-01-02T22:10:07,4,RESPONSIVE
B012833,T02448,V0503,23149172.53,2026-01-03T13:48:35,5,RESPONSIVE
B012834,T02449,V0224,5441822.71,2024-12-12T00:24:33,1,RESPONSIVE
B012835,T02449,V0496,5570775.2,2024-12-08T23:18:51,2,RESPONSIVE
B012836,T02449,V0437,5640901.98,2024-12-07T19:08:01,3,RESPONSIVE
B012837,T02449,V0088,5709458.54,2024-12-04T06:10:31,4,RESPONSIVE
B012838,T02449,V0187,5751229.38,2024-11-17T01:03:07,5,RESPONSIVE
B012839,T02449,V0289,5805843.04,2024-11-27T09:15:40,6,RESPONSIVE
B012840,T02449,V0544,5875776.05,2024-11-24T19:00:15,7,RESPONSIVE
B012841,T02449,V0421,6175709.76,2024-12-05T04:43:42,8,RESPONSIVE
B012842,T02450,V0274,62831968.4,2026-07-16T09:02:17,1,RESPONSIVE
B012843,T02450,V0107,65012598.55,2026-07-22T02:50:53,2,RESPONSIVE
B012844,T02451,V0185,18986388.01,2026-05-04T13:55:09,1,RESPONSIVE
B012845,T02451,V0088,20056692.82,2026-04-28T00:57:58,2,RESPONSIVE
B012846,T02451,V0391,20279388.82,2026-04-28T23:49:01,3,RESPONSIVE
B012847,T02451,V0433,20937204.09,2026-05-04T07:56:28,4,RESPONSIVE
B012848,T02451,V0397,23089801.92,2026-04-25T09:51:10,5,RESPONSIVE
B012849,T02452,V0475,4971325.65,2024-01-29T03:46:59,1,RESPONSIVE
B012850,T02452,V0491,5151010.48,2024-02-06T06:40:25,2,RESPONSIVE
B012851,T02452,V0406,5196829.91,2024-01-31T03:29:31,3,RESPONSIVE
B012852,T02452,V0229,5214419.47,2024-01-19T06:58:57,4,RESPONSIVE
B012853,T02452,V0529,5225760.65,2024-01-24T15:23:37,5,RESPONSIVE
B012854,T02452,V0043,5399229.24,2024-01-26T05:40:36,6,RESPONSIVE
B012855,T02452,V0165,5429203.34,2024-01-29T15:41:23,7,RESPONSIVE
B012856,T02452,V0286,5645187.54,2024-01-24T08:30:05,8,RESPONSIVE
B012857,T02453,V0464,35581764.06,2025-11-30T10:34:21,1,RESPONSIVE
B012858,T02453,V0172,37318453.25,2025-11-22T12:16:53,2,RESPONSIVE
B012859,T02453,V0114,37872487.81,2025-11-27T00:30:06,3,RESPONSIVE
B012860,T02454,V0273,20447365.37,2025-10-14T16:31:55,1,RESPONSIVE
B012861,T02454,V0506,20496615.86,2025-10-19T23:47:38,2,RESPONSIVE
B012862,T02454,V0054,20982127.82,2025-10-03T11:50:48,3,RESPONSIVE
B012863,T02454,V0021,21138655.08,2025-09-19T13:43:29,4,RESPONSIVE
B012864,T02454,V0081,21279434.15,2025-10-15T01:14:56,5,RESPONSIVE
B012865,T02454,V0386,21455416.03,2025-10-24T20:21:00,6,RESPONSIVE
B012866,T02454,V0157,21952610.08,2025-09-17T17:52:53,7,RESPONSIVE
B012867,T02454,V0120,22229476.15,2025-10-21T22:03:17,8,RESPONSIVE
B012868,T02455,V0317,1891847.32,2025-07-15T05:12:50,1,RESPONSIVE
B012869,T02455,V0438,1909431.19,2025-07-02T16:19:33,2,RESPONSIVE
B012870,T02455,V0464,1984561.71,2025-06-21T14:46:27,3,RESPONSIVE
B012871,T02455,V0397,1994821.91,2025-07-14T15:07:58,4,RESPONSIVE
B012872,T02455,V0142,2004110.55,2025-07-06T05:33:04,5,RESPONSIVE
B012873,T02455,V0332,2045652.48,2025-07-13T01:29:50,6,RESPONSIVE
B012874,T02455,V0269,2067103.15,2025-07-13T12:38:23,7,RESPONSIVE
B012875,T02455,V0455,2089953.16,2025-07-14T06:15:14,8,RESPONSIVE
B012876,T02455,V0060,2126006.07,2025-07-13T02:25:54,9,RESPONSIVE
B012877,T02456,V0097,35080998.04,2026-05-10T00:59:28,1,RESPONSIVE
B012878,T02456,V0206,35926909.34,2026-05-08T23:18:23,2,RESPONSIVE
B012879,T02456,V0276,37971993.07,2026-04-27T20:17:01,3,RESPONSIVE
B012880,T02456,V0292,38313321.86,2026-05-09T04:36:19,4,RESPONSIVE
B012881,T02456,V0055,38510709.56,2026-05-03T10:29:51,5,RESPONSIVE
B012882,T02456,V0352,38573717.04,2026-05-07T12:56:15,6,NON_RESPONSIVE
B012883,T02456,V0004,39917350.34,2026-05-08T02:48:06,7,RESPONSIVE
B012884,T02456,V0127,40836113.54,2026-05-09T13:55:28,8,NON_RESPONSIVE
B012885,T02456,V0461,40897078.87,2026-05-04T01:59:20,9,RESPONSIVE
B012886,T02457,V0091,4101839.28,2024-05-08T00:58:21,1,RESPONSIVE
B012887,T02457,V0437,4125965.22,2024-05-19T20:28:58,2,RESPONSIVE
B012888,T02457,V0418,4183230.63,2024-05-13T19:53:58,3,RESPONSIVE
B012889,T02457,V0400,4183248.27,2024-05-21T21:43:22,4,RESPONSIVE
B012890,T02457,V0525,4337922.69,2024-05-13T02:32:54,5,RESPONSIVE
B012891,T02457,V0297,4472427.73,2024-05-23T01:11:50,6,RESPONSIVE
B012892,T02457,V0052,4522509.4,2024-05-13T16:18:01,7,RESPONSIVE
B012893,T02457,V0531,4663873.83,2024-05-05T08:52:26,8,RESPONSIVE
B012894,T02458,V0158,5700749.26,2025-12-23T08:24:24,1,RESPONSIVE
B012895,T02458,V0169,5808675.12,2025-11-17T17:56:20,2,RESPONSIVE
B012896,T02458,V0362,5884843.55,2025-12-04T16:54:26,3,RESPONSIVE
B012897,T02458,V0485,6058333.84,2025-12-13T03:03:35,4,RESPONSIVE
B012898,T02459,V0256,9282579.85,2025-10-29T18:49:48,1,RESPONSIVE
B012899,T02459,V0411,9572393.98,2025-10-24T18:09:01,2,NON_RESPONSIVE
B012900,T02459,V0367,9669394.86,2025-10-24T20:12:02,3,RESPONSIVE
B012901,T02459,V0495,10248046.58,2025-10-21T10:16:45,4,NON_RESPONSIVE
B012902,T02459,V0080,10522436.27,2025-10-26T15:32:20,5,RESPONSIVE
B012903,T02460,V0132,8467283.76,2024-11-28T23:37:33,1,RESPONSIVE
B012904,T02460,V0066,9992186.89,2024-11-23T23:25:00,2,RESPONSIVE
B012905,T02461,V0298,14922956.09,2026-08-14T03:35:31,1,RESPONSIVE
B012906,T02461,V0080,15460568.76,2026-08-20T04:48:20,2,RESPONSIVE
B012907,T02461,V0365,15592840.46,2026-08-18T12:50:44,3,RESPONSIVE
B012908,T02461,V0213,16881050.74,2026-08-27T08:59:23,4,RESPONSIVE
B012909,T02462,V0113,3391378.88,2026-05-13T12:50:40,1,RESPONSIVE
B012910,T02462,V0460,3561300.95,2026-05-11T07:25:44,2,RESPONSIVE
B012911,T02462,V0184,3755137.51,2026-05-11T07:39:07,3,RESPONSIVE
B012912,T02463,V0364,4978111.82,2024-02-20T05:54:23,1,RESPONSIVE
B012913,T02463,V0103,5081476.18,2024-02-27T05:18:22,2,RESPONSIVE
B012914,T02463,V0363,5138192.84,2024-03-18T04:41:58,3,RESPONSIVE
B012915,T02463,V0127,5182011.99,2024-03-15T15:06:41,4,RESPONSIVE
B012916,T02463,V0352,5249879.85,2024-03-16T01:28:21,5,RESPONSIVE
B012917,T02463,V0097,5264953.65,2024-02-12T12:06:18,6,RESPONSIVE
B012918,T02463,V0016,5280775.41,2024-03-05T12:39:42,7,RESPONSIVE
B012919,T02463,V0138,5290994.03,2024-03-16T21:58:00,8,RESPONSIVE
B012920,T02463,V0122,5312114.14,2024-02-25T03:42:07,9,RESPONSIVE
B012921,T02463,V0292,5414567.7,2024-02-27T04:30:14,10,RESPONSIVE
B012922,T02464,V0244,87831655.07,2024-08-13T17:26:38,1,RESPONSIVE
B012923,T02464,V0363,89454089.36,2024-08-21T23:11:34,2,RESPONSIVE
B012924,T02464,V0269,91103909.38,2024-08-19T13:41:15,3,RESPONSIVE
B012925,T02465,V0337,8212827.5,2025-01-28T09:09:04,1,NON_RESPONSIVE
B012926,T02465,V0363,8511076.09,2025-02-05T03:46:28,2,RESPONSIVE
B012927,T02465,V0509,8552470.61,2025-02-03T07:50:49,3,RESPONSIVE
B012928,T02465,V0402,8826364.15,2025-02-05T22:30:41,4,RESPONSIVE
B012929,T02465,V0249,8833244.34,2025-02-05T20:09:55,5,RESPONSIVE
B012930,T02465,V0013,9118916.88,2025-01-27T16:46:53,6,RESPONSIVE
B012931,T02466,V0510,2684520.57,2025-08-30T12:04:20,1,RESPONSIVE
B012932,T02466,V0526,2694240.47,2025-08-26T23:13:30,2,RESPONSIVE
B012933,T02466,V0531,2873996.8,2025-09-01T17:30:28,3,RESPONSIVE
B012934,T02466,V0081,2902617.63,2025-08-17T06:16:43,4,RESPONSIVE
B012935,T02466,V0006,3015844.87,2025-08-17T00:26:48,5,RESPONSIVE
B012936,T02466,V0389,3023414.35,2025-08-26T06:28:51,6,RESPONSIVE
B012937,T02466,V0480,3142738.31,2025-08-19T18:46:41,7,RESPONSIVE
B012938,T02467,V0028,2989605.44,2025-07-13T13:39:29,1,RESPONSIVE
B012939,T02467,V0484,3041207.45,2025-07-23T02:43:57,2,RESPONSIVE
B012940,T02467,V0256,3309517.83,2025-08-02T13:42:34,3,RESPONSIVE
B012941,T02467,V0495,3436594.84,2025-08-15T08:03:36,4,RESPONSIVE
B012942,T02467,V0121,3440369.4,2025-07-23T11:05:55,5,RESPONSIVE
B012943,T02467,V0326,3461336.8,2025-08-20T08:43:06,6,RESPONSIVE
B012944,T02467,V0218,3527149.62,2025-08-07T13:04:58,7,RESPONSIVE
B012945,T02468,V0006,13158974.01,2026-07-13T03:37:23,1,RESPONSIVE
B012946,T02468,V0366,14912983.34,2026-06-23T16:10:03,2,RESPONSIVE
B012947,T02469,V0406,2600684.58,2026-06-26T13:08:51,1,RESPONSIVE
B012948,T02469,V0481,2623590.49,2026-06-19T00:32:54,2,NON_RESPONSIVE
B012949,T02470,V0321,5253963.97,2024-11-20T11:21:30,1,RESPONSIVE
B012950,T02470,V0304,5329653.44,2024-11-25T15:35:59,2,RESPONSIVE
B012951,T02470,V0530,5569062.82,2024-11-13T13:23:21,3,RESPONSIVE
B012952,T02470,V0377,5820658.61,2024-11-25T20:45:24,4,RESPONSIVE
B012953,T02470,V0373,5872981.25,2024-12-04T00:48:58,5,RESPONSIVE
B012954,T02470,V0028,5877311.44,2024-11-17T08:24:41,6,RESPONSIVE
B012955,T02470,V0433,5967561.75,2024-11-13T02:11:18,7,RESPONSIVE
B012956,T02470,V0161,5979606.66,2024-11-12T17:05:41,8,RESPONSIVE
B012957,T02470,V0169,5999900.01,2024-11-22T18:52:21,9,RESPONSIVE
B012958,T02471,V0298,7517560.67,2024-04-09T08:00:35,1,RESPONSIVE
B012959,T02471,V0079,7903106.04,2024-04-19T22:28:21,2,RESPONSIVE
B012960,T02471,V0034,8151582.35,2024-04-19T18:49:58,3,RESPONSIVE
B012961,T02471,V0013,8190700.57,2024-03-28T10:20:35,4,RESPONSIVE
B012962,T02471,V0344,8358532.09,2024-03-30T09:21:32,5,RESPONSIVE
B012963,T02471,V0056,8405772.93,2024-04-01T00:50:37,6,RESPONSIVE
B012964,T02471,V0502,8412097.67,2024-04-07T19:25:13,7,RESPONSIVE
B012965,T02471,V0417,8420081.92,2024-04-19T04:52:29,8,RESPONSIVE
B012966,T02471,V0177,8596184.75,2024-04-02T20:04:26,9,RESPONSIVE
B012967,T02472,V0263,5045311.33,2026-04-01T19:19:57,1,RESPONSIVE
B012968,T02472,V0256,5157046.97,2026-04-13T05:00:41,2,RESPONSIVE
B012969,T02473,V0336,16014289.78,2025-05-12T10:58:36,1,RESPONSIVE
B012970,T02473,V0338,17824467.29,2025-05-14T01:19:56,2,RESPONSIVE
B012971,T02473,V0295,17854215.43,2025-05-10T08:35:14,3,RESPONSIVE
B012972,T02474,V0393,3417822.11,2025-03-31T04:06:26,1,NON_RESPONSIVE
B012973,T02474,V0121,3480356.67,2025-04-08T07:12:21,2,RESPONSIVE
B012974,T02474,V0064,3631641.42,2025-04-09T06:07:57,3,RESPONSIVE
B012975,T02474,V0120,3699539.85,2025-04-20T18:29:26,4,RESPONSIVE
B012976,T02475,V0302,11419790.17,2025-12-08T15:25:47,1,RESPONSIVE
B012977,T02475,V0079,11609586.59,2025-12-02T10:44:54,2,RESPONSIVE
B012978,T02475,V0384,11642571.2,2025-12-23T07:51:01,3,RESPONSIVE
B012979,T02475,V0098,11695015.98,2025-12-08T13:51:14,4,RESPONSIVE
B012980,T02475,V0414,11702551.36,2025-12-25T11:54:56,5,RESPONSIVE
B012981,T02475,V0344,11746762.28,2025-12-24T21:43:41,6,RESPONSIVE
B012982,T02475,V0392,12016279.61,2025-12-17T20:35:28,7,RESPONSIVE
B012983,T02475,V0258,12469744.21,2025-12-11T07:53:16,8,RESPONSIVE
B012984,T02475,V0502,12548082.85,2026-01-01T12:39:51,9,RESPONSIVE
B012985,T02476,V0269,18085304.69,2024-05-18T17:14:09,1,RESPONSIVE
B012986,T02476,V0316,18221639.55,2024-05-20T06:43:30,2,RESPONSIVE
B012987,T02476,V0097,18879141.71,2024-05-30T10:10:05,3,RESPONSIVE
B012988,T02476,V0201,19011692.97,2024-06-02T19:26:31,4,RESPONSIVE
B012989,T02476,V0309,19013925.54,2024-05-23T23:45:01,5,RESPONSIVE
B012990,T02476,V0276,19165724.74,2024-05-23T17:47:56,6,RESPONSIVE
B012991,T02476,V0039,20394838.45,2024-06-01T11:25:35,7,RESPONSIVE
B012992,T02477,V0367,14053040.8,2026-03-28T14:59:43,1,RESPONSIVE
B012993,T02477,V0349,15071909.82,2026-03-21T09:37:35,2,RESPONSIVE
B012994,T02478,V0144,11773128.03,2026-02-05T00:24:01,1,RESPONSIVE
B012995,T02478,V0085,12387363.4,2026-01-30T02:32:12,2,RESPONSIVE
B012996,T02478,V0175,13368091.36,2026-01-25T04:39:38,3,RESPONSIVE
B012997,T02478,V0031,13620062.34,2025-12-31T09:48:40,4,RESPONSIVE
B012998,T02479,V0459,1408820.17,2024-10-09T14:05:04,1,NON_RESPONSIVE
B012999,T02479,V0396,1416643.09,2024-10-19T05:01:08,2,RESPONSIVE
B013000,T02479,V0215,1419115.79,2024-10-04T15:18:44,3,RESPONSIVE
B013001,T02479,V0079,1462109.1,2024-10-12T02:04:35,4,RESPONSIVE
B013002,T02479,V0344,1472711.59,2024-10-11T19:51:28,5,RESPONSIVE
B013003,T02479,V0502,1521793.66,2024-10-13T01:52:45,6,RESPONSIVE
B013004,T02479,V0295,1567911.87,2024-09-29T06:18:33,7,RESPONSIVE
B013005,T02480,V0100,8970550.71,2025-07-28T19:08:11,1,RESPONSIVE
B013006,T02480,V0544,9019880.42,2025-07-27T19:39:16,2,RESPONSIVE
B013007,T02480,V0415,9069778.74,2025-08-01T15:02:01,3,RESPONSIVE
B013008,T02480,V0133,9669080.2,2025-07-23T23:39:07,4,RESPONSIVE
B013009,T02480,V0421,9738017.19,2025-07-23T10:09:19,5,RESPONSIVE
B013010,T02480,V0332,9899642.3,2025-07-30T08:10:57,6,RESPONSIVE
B013011,T02480,V0224,9988385.86,2025-07-26T23:41:51,7,RESPONSIVE
B013012,T02480,V0044,10031433.34,2025-07-21T09:10:35,8,NON_RESPONSIVE
B013013,T02481,V0505,19769326.38,2025-02-09T06:37:05,1,RESPONSIVE
B013014,T02481,V0431,21030763.91,2025-02-01T14:05:46,2,RESPONSIVE
B013015,T02481,V0043,21134187.05,2025-02-08T13:38:29,3,RESPONSIVE
B013016,T02482,V0421,11780144.93,2024-01-20T14:15:28,1,RESPONSIVE
B013017,T02482,V0247,11833057.02,2024-01-11T18:49:00,2,RESPONSIVE
B013018,T02482,V0438,12004591.52,2024-01-14T22:28:26,3,RESPONSIVE
B013019,T02482,V0224,12090142.96,2024-01-19T22:23:32,4,RESPONSIVE
B013020,T02482,V0470,12202875.53,2024-01-13T17:02:03,5,RESPONSIVE
B013021,T02482,V0172,12782804.31,2024-01-20T04:33:46,6,RESPONSIVE
B013022,T02482,V0401,12915528.7,2024-01-18T17:24:22,7,RESPONSIVE
B013023,T02482,V0100,13603584.57,2024-01-11T04:20:46,8,RESPONSIVE
B013024,T02483,V0066,1276859.27,2025-04-05T11:45:37,1,RESPONSIVE
B013025,T02483,V0473,1397830.59,2025-03-26T05:09:22,2,RESPONSIVE
B013026,T02483,V0546,1473979.74,2025-04-13T22:51:08,3,RESPONSIVE
B013027,T02484,V0523,769087.75,2025-12-17T16:29:00,1,RESPONSIVE
B013028,T02484,V0276,781859.62,2025-12-22T16:40:18,2,RESPONSIVE
B013029,T02484,V0309,820047.84,2025-12-13T14:32:22,3,RESPONSIVE
B013030,T02484,V0327,844578.33,2025-12-21T23:37:13,4,NON_RESPONSIVE
B013031,T02484,V0370,853504.22,2025-12-15T10:17:04,5,RESPONSIVE
B013032,T02484,V0002,929070.73,2025-12-18T19:42:14,6,RESPONSIVE
B013033,T02485,V0487,36012101.7,2026-07-13T13:20:32,1,RESPONSIVE
B013034,T02485,V0094,37774874.45,2026-07-06T20:45:43,2,RESPONSIVE
B013035,T02485,V0368,40631137.48,2026-07-12T03:06:58,3,RESPONSIVE
B013036,T02485,V0325,40757741.06,2026-07-13T07:41:20,4,RESPONSIVE
B013037,T02485,V0172,41005420.28,2026-07-18T19:22:01,5,RESPONSIVE
B013038,T02486,V0380,3711709.26,2024-02-07T01:40:50,1,RESPONSIVE
B013039,T02486,V0180,3787169.72,2024-01-25T19:57:30,2,RESPONSIVE
B013040,T02486,V0458,3799431.43,2024-02-25T08:08:40,3,RESPONSIVE
B013041,T02486,V0003,3976203.36,2024-02-10T22:12:04,4,RESPONSIVE
B013042,T02487,V0236,2154730.72,2024-08-23T11:04:58,1,NON_RESPONSIVE
B013043,T02487,V0197,2177629.08,2024-08-22T06:43:09,2,RESPONSIVE
B013044,T02487,V0419,2195660.87,2024-08-20T16:41:20,3,RESPONSIVE
B013045,T02487,V0380,2264690.11,2024-08-21T08:37:23,4,RESPONSIVE
B013046,T02487,V0404,2266784.54,2024-08-28T20:15:15,5,RESPONSIVE
B013047,T02488,V0063,22555410.02,2025-07-16T04:08:05,1,RESPONSIVE
B013048,T02488,V0046,23600093.76,2025-07-16T02:59:38,2,RESPONSIVE
B013049,T02488,V0436,24075576.28,2025-07-12T06:59:31,3,RESPONSIVE
B013050,T02488,V0127,24804810.33,2025-07-12T10:23:22,4,RESPONSIVE
B013051,T02488,V0474,25463893.78,2025-07-13T14:39:55,5,RESPONSIVE
B013052,T02489,V0011,4579658.36,2025-09-13T03:25:37,1,RESPONSIVE
B013053,T02489,V0392,4675728.51,2025-09-08T13:09:47,2,RESPONSIVE
B013054,T02490,V0355,8724127.54,2025-11-02T17:59:11,1,RESPONSIVE
B013055,T02490,V0020,8811696.38,2025-10-18T14:20:45,2,RESPONSIVE
B013056,T02490,V0407,9085179.5,2025-10-31T17:19:27,3,RESPONSIVE
B013057,T02490,V0072,9132978.11,2025-11-01T15:28:06,4,RESPONSIVE
B013058,T02490,V0144,9448653.57,2025-10-28T05:30:38,5,RESPONSIVE
B013059,T02491,V0255,31078884.64,2026-08-30T09:13:22,1,RESPONSIVE
B013060,T02491,V0470,31268448.09,2026-08-29T09:21:57,2,NON_RESPONSIVE
B013061,T02492,V0256,6830113.16,2025-01-13T08:59:38,1,RESPONSIVE
B013062,T02492,V0502,6909722.0,2025-01-06T20:22:15,2,RESPONSIVE
B013063,T02492,V0079,6984537.96,2025-01-06T05:40:05,3,RESPONSIVE
B013064,T02492,V0317,7039500.55,2025-01-13T10:38:55,4,RESPONSIVE
B013065,T02492,V0047,7448631.42,2025-01-07T13:12:58,5,RESPONSIVE
B013066,T02493,V0402,5491837.17,2026-06-01T09:10:56,1,RESPONSIVE
B013067,T02493,V0282,5624453.34,2026-06-08T06:18:07,2,RESPONSIVE
B013068,T02493,V0488,5812435.69,2026-05-22T21:38:43,3,RESPONSIVE
B013069,T02493,V0255,5880614.28,2026-05-20T07:09:30,4,RESPONSIVE
B013070,T02493,V0039,5934107.34,2026-06-10T05:51:18,5,RESPONSIVE
B013071,T02493,V0458,6011313.43,2026-05-25T07:41:13,6,RESPONSIVE
B013072,T02493,V0247,6067853.3,2026-06-09T20:25:52,7,RESPONSIVE
B013073,T02493,V0394,6110128.42,2026-05-20T17:24:38,8,RESPONSIVE
B013074,T02493,V0047,6278285.58,2026-06-06T20:01:31,9,NON_RESPONSIVE
B013075,T02494,V0031,6974596.73,2026-03-06T23:06:28,1,RESPONSIVE
B013076,T02494,V0184,7191898.92,2026-03-06T05:48:07,2,RESPONSIVE
B013077,T02495,V0462,138436514.89,2025-12-22T21:06:51,1,RESPONSIVE
B013078,T02495,V0517,140890704.36,2025-12-18T19:27:45,2,RESPONSIVE
B013079,T02496,V0304,3781547.33,2025-06-01T17:27:55,1,RESPONSIVE
B013080,T02496,V0121,3911219.53,2025-06-01T04:29:51,2,RESPONSIVE
B013081,T02496,V0060,3932754.15,2025-06-04T11:20:29,3,RESPONSIVE
B013082,T02496,V0530,4076303.24,2025-05-27T15:30:32,4,RESPONSIVE
B013083,T02496,V0130,4086945.68,2025-06-03T00:34:37,5,RESPONSIVE
B013084,T02496,V0064,4099762.15,2025-05-28T03:53:13,6,RESPONSIVE
B013085,T02496,V0245,4100723.76,2025-05-31T22:56:13,7,RESPONSIVE
B013086,T02496,V0161,4209202.74,2025-05-29T05:41:33,8,RESPONSIVE
B013087,T02496,V0029,4363532.35,2025-05-28T20:51:14,9,RESPONSIVE
B013088,T02497,V0523,21924109.28,2025-01-26T14:03:24,1,RESPONSIVE
B013089,T02497,V0093,23250510.15,2025-01-30T07:05:46,2,RESPONSIVE
B013090,T02498,V0026,4315069.1,2025-09-09T22:18:26,1,RESPONSIVE
B013091,T02498,V0259,4469937.71,2025-09-10T16:57:56,2,RESPONSIVE
B013092,T02498,V0369,4522322.85,2025-09-05T02:29:40,3,RESPONSIVE
B013093,T02498,V0494,4565350.91,2025-09-02T10:37:48,4,RESPONSIVE
B013094,T02498,V0534,4849359.1,2025-08-16T01:14:13,5,RESPONSIVE
B013095,T02499,V0201,3162724.41,2026-01-21T16:46:41,1,RESPONSIVE
B013096,T02499,V0483,3564306.06,2026-01-30T13:40:47,2,RESPONSIVE
B013097,T02499,V0064,3579832.08,2026-01-11T05:04:28,3,RESPONSIVE
B013098,T02499,V0360,3597354.23,2026-01-28T22:44:56,4,RESPONSIVE
B013099,T02499,V0380,3846345.01,2026-01-14T00:22:09,5,RESPONSIVE
B013100,T02499,V0269,4012091.46,2026-01-31T19:19:07,6,RESPONSIVE
B013101,T02500,V0028,10153828.39,2026-07-12T00:40:40,1,RESPONSIVE
B013102,T02500,V0455,10420916.69,2026-06-24T08:27:11,2,RESPONSIVE
B013103,T02500,V0510,10895655.99,2026-06-25T01:57:44,3,RESPONSIVE
B013104,T02500,V0091,11047954.14,2026-07-06T08:10:33,4,RESPONSIVE
B013105,T02500,V0143,11399046.71,2026-06-21T06:14:20,5,RESPONSIVE
B-PLANTED-013105,T00942,V0001,7177853.59,2025-09-27T12:00:00,99,RESPONSIVE
B-PLANTED-013106,T00942,V0024,7155036.64,2025-09-27T12:00:00,99,RESPONSIVE
B-PLANTED-013107,T00942,V0091,7139943.03,2025-09-27T12:00:00,99,RESPONSIVE
B-PLANTED-013108,T00989,V0001,7363673.85,2024-07-26T12:00:00,99,RESPONSIVE
B-PLANTED-013109,T00989,V0024,7379678.87,2024-07-26T12:00:00,99,RESPONSIVE
B-PLANTED-013110,T00989,V0091,7359684.4,2024-07-26T12:00:00,99,RESPONSIVE
B-PLANTED-013111,T01987,V0001,39015159.79,2024-05-22T12:00:00,99,RESPONSIVE
B-PLANTED-013112,T01987,V0024,38871806.47,2024-05-22T12:00:00,99,RESPONSIVE
B-PLANTED-013113,T01987,V0091,38832491.86,2024-05-22T12:00:00,99,RESPONSIVE
B-PLANTED-013114,T00106,V0001,44666047.45,2024-10-02T12:00:00,99,RESPONSIVE
B-PLANTED-013115,T00106,V0024,44684734.91,2024-10-02T12:00:00,99,RESPONSIVE
B-PLANTED-013116,T00106,V0091,44672984.13,2024-10-02T12:00:00,99,RESPONSIVE
B-PLANTED-013117,T02295,V0001,4664426.5,2026-05-08T12:00:00,99,RESPONSIVE
B-PLANTED-013118,T02295,V0024,4640893.31,2026-05-08T12:00:00,99,RESPONSIVE
B-PLANTED-013119,T02295,V0091,4645341.06,2026-05-08T12:00:00,99,RESPONSIVE
B-PLANTED-013120,T02470,V0001,5325484.1,2024-11-06T12:00:00,99,RESPONSIVE
B-PLANTED-013121,T02470,V0024,5325116.31,2024-11-06T12:00:00,99,RESPONSIVE
B-PLANTED-013122,T02470,V0091,5322429.04,2024-11-06T12:00:00,99,RESPONSIVE
B-PLANTED-013123,T02161,V0001,519636.74,2025-02-22T12:00:00,99,RESPONSIVE
B-PLANTED-013124,T02161,V0024,520091.44,2025-02-22T12:00:00,99,RESPONSIVE
B-PLANTED-013125,T02161,V0091,516377.77,2025-02-22T12:00:00,99,RESPONSIVE
B-PLANTED-013126,T01821,V0001,1915872.56,2026-03-26T12:00:00,99,RESPONSIVE
B-PLANTED-013127,T01821,V0024,1920516.12,2026-03-26T12:00:00,99,RESPONSIVE
B-PLANTED-013128,T01821,V0091,1916115.43,2026-03-26T12:00:00,99,RESPONSIVE
B-PLANTED-013129,T00224,V0001,80962447.81,2026-08-27T12:00:00,99,RESPONSIVE
B-PLANTED-013130,T00224,V0024,80589344.05,2026-08-27T12:00:00,99,RESPONSIVE
B-PLANTED-013131,T00224,V0091,80439013.2,2026-08-27T12:00:00,99,RESPONSIVE
B-PLANTED-013132,T00559,V0001,11297637.66,2025-11-15T12:00:00,99,RESPONSIVE
B-PLANTED-013133,T00559,V0024,11295751.88,2025-11-15T12:00:00,99,RESPONSIVE
B-PLANTED-013134,T00559,V0091,11283825.88,2025-11-15T12:00:00,99,RESPONSIVE
B-PLANTED-013135,T01587,V0001,20124202.38,2024-09-20T12:00:00,99,RESPONSIVE
B-PLANTED-013136,T01587,V0024,20223931.02,2024-09-20T12:00:00,99,RESPONSIVE
B-PLANTED-013137,T00533,V0001,11890807.75,2025-01-30T12:00:00,99,RESPONSIVE
B-PLANTED-013138,T00533,V0024,11890549.09,2025-01-30T12:00:00,99,RESPONSIVE
B-PLANTED-013139,T00533,V0091,11892653.53,2025-01-30T12:00:00,99,RESPONSIVE
B-PLANTED-013140,T01803,V0001,12138685.08,2025-10-28T12:00:00,99,RESPONSIVE
B-PLANTED-013141,T01803,V0024,12171547.54,2025-10-28T12:00:00,99,RESPONSIVE
B-PLANTED-013142,T01803,V0091,12131743.53,2025-10-28T12:00:00,99,RESPONSIVE
B-PLANTED-013143,T01601,V0001,2885359.73,2024-08-02T12:00:00,99,RESPONSIVE
B-PLANTED-013144,T01601,V0024,2879161.9,2024-08-02T12:00:00,99,RESPONSIVE
B-PLANTED-013145,T01601,V0091,2881578.78,2024-08-02T12:00:00,99,RESPONSIVE
B-PLANTED-013146,T01265,V0001,10532267.56,2025-11-12T12:00:00,99,RESPONSIVE
B-PLANTED-013147,T01265,V0024,10515813.01,2025-11-12T12:00:00,99,RESPONSIVE
B-PLANTED-013148,T01265,V0091,10588893.35,2025-11-12T12:00:00,99,RESPONSIVE
B-PLANTED-013149,T01490,V0001,26724925.47,2025-05-06T12:00:00,99,RESPONSIVE
B-PLANTED-013150,T01490,V0024,26828036.37,2025-05-06T12:00:00,99,RESPONSIVE
B-PLANTED-013151,T01490,V0091,26780106.74,2025-05-06T12:00:00,99,RESPONSIVE
B-PLANTED-013152,T01936,V0001,2443559.06,2024-01-24T12:00:00,99,RESPONSIVE
B-PLANTED-013153,T01936,V0024,2434686.26,2024-01-24T12:00:00,99,RESPONSIVE
B-PLANTED-013154,T01936,V0091,2446176.8,2024-01-24T12:00:00,99,RESPONSIVE
B-PLANTED-013155,T01733,V0001,2034769.99,2025-10-01T12:00:00,99,RESPONSIVE
B-PLANTED-013156,T01733,V0024,2028245.05,2025-10-01T12:00:00,99,RESPONSIVE
B-PLANTED-013157,T01733,V0091,2025064.17,2025-10-01T12:00:00,99,RESPONSIVE
B-PLANTED-013158,T00091,V0001,1663352.15,2025-02-13T12:00:00,99,RESPONSIVE
B-PLANTED-013159,T00091,V0024,1662318.52,2025-02-13T12:00:00,99,RESPONSIVE
B-PLANTED-013160,T00091,V0091,1670838.73,2025-02-13T12:00:00,99,RESPONSIVE
B-PLANTED-013161,T01629,V0001,14998018.15,2025-03-07T12:00:00,99,RESPONSIVE
B-PLANTED-013162,T01629,V0024,14987624.24,2025-03-07T12:00:00,99,RESPONSIVE
B-PLANTED-013163,T01629,V0091,14948781.21,2025-03-07T12:00:00,99,RESPONSIVE
B-PLANTED-013164,T00399,V0001,4641408.78,2024-05-17T12:00:00,99,RESPONSIVE
B-PLANTED-013165,T00399,V0024,4672605.96,2024-05-17T12:00:00,99,RESPONSIVE
B-PLANTED-013166,T00399,V0091,4673723.8,2024-05-17T12:00:00,99,RESPONSIVE
B-PLANTED-013167,T01338,V0001,13219217.1,2025-07-06T12:00:00,99,RESPONSIVE
B-PLANTED-013168,T01338,V0024,13236486.79,2025-07-06T12:00:00,99,RESPONSIVE
B-PLANTED-013169,T01338,V0091,13150855.91,2025-07-06T12:00:00,99,RESPONSIVE
B-PLANTED-013170,T01225,V0001,75410176.32,2025-03-22T12:00:00,99,RESPONSIVE
B-PLANTED-013171,T01225,V0024,75815033.97,2025-03-22T12:00:00,99,RESPONSIVE
B-PLANTED-013172,T01225,V0091,75503430.6,2025-03-22T12:00:00,99,RESPONSIVE
B-PLANTED-013173,T01672,V0001,10659858.17,2025-04-16T12:00:00,99,RESPONSIVE
B-PLANTED-013174,T01672,V0024,10645696.85,2025-04-16T12:00:00,99,RESPONSIVE
B-PLANTED-013175,T01672,V0091,10631069.82,2025-04-16T12:00:00,99,RESPONSIVE
B-PLANTED-013176,T00046,V0001,16125980.36,2026-03-01T12:00:00,99,RESPONSIVE
B-PLANTED-013177,T00046,V0024,16180338.34,2026-03-01T12:00:00,99,RESPONSIVE
B-PLANTED-013178,T00046,V0091,16125991.39,2026-03-01T12:00:00,99,RESPONSIVE
B-PLANTED-013179,T01846,V0001,11760601.05,2026-03-31T12:00:00,99,RESPONSIVE
B-PLANTED-013180,T01846,V0024,11802516.42,2026-03-31T12:00:00,99,RESPONSIVE
B-PLANTED-013181,T01846,V0091,11794740.65,2026-03-31T12:00:00,99,RESPONSIVE
B-PLANTED-013182,T02414,V0001,6364286.17,2024-01-24T12:00:00,99,RESPONSIVE
B-PLANTED-013183,T02414,V0024,6337581.35,2024-01-24T12:00:00,99,RESPONSIVE
B-PLANTED-013184,T02414,V0091,6335029.05,2024-01-24T12:00:00,99,RESPONSIVE
B-PLANTED-013185,T01911,V0001,13295502.77,2026-08-19T12:00:00,99,RESPONSIVE
B-PLANTED-013186,T01911,V0024,13287654.85,2026-08-19T12:00:00,99,RESPONSIVE
B-PLANTED-013187,T01911,V0091,13237479.24,2026-08-19T12:00:00,99,RESPONSIVE
B-PLANTED-013188,T00931,V0001,57212587.47,2025-10-05T12:00:00,99,RESPONSIVE
B-PLANTED-013189,T00931,V0024,57046091.7,2025-10-05T12:00:00,99,RESPONSIVE
B-PLANTED-013190,T00931,V0091,57046361.08,2025-10-05T12:00:00,99,RESPONSIVE
B-PLANTED-013191,T01436,V0001,39927046.2,2025-06-21T12:00:00,99,RESPONSIVE
B-PLANTED-013192,T01436,V0024,40039381.42,2025-06-21T12:00:00,99,RESPONSIVE
B-PLANTED-013193,T01436,V0091,40062351.37,2025-06-21T12:00:00,99,RESPONSIVE
B-PLANTED-013194,T02496,V0001,3809155.46,2025-05-25T12:00:00,99,RESPONSIVE
B-PLANTED-013195,T02496,V0024,3795710.44,2025-05-25T12:00:00,99,RESPONSIVE
B-PLANTED-013196,T02496,V0091,3807125.88,2025-05-25T12:00:00,99,RESPONSIVE
B-PLANTED-013197,T01817,V0001,8778981.51,2026-08-25T12:00:00,99,RESPONSIVE
B-PLANTED-013198,T01817,V0024,8793958.53,2026-08-25T12:00:00,99,RESPONSIVE
B-PLANTED-013199,T01817,V0091,8792656.21,2026-08-25T12:00:00,99,RESPONSIVE
B-PLANTED-013200,T00542,V0001,14865707.38,2025-12-17T12:00:00,99,RESPONSIVE
B-PLANTED-013201,T00542,V0024,14842676.55,2025-12-17T12:00:00,99,RESPONSIVE
B-PLANTED-013202,T00542,V0091,14879286.89,2025-12-17T12:00:00,99,RESPONSIVE
B-PLANTED-013203,T01277,V0001,1742537.98,2026-02-07T12:00:00,99,RESPONSIVE
B-PLANTED-013204,T01277,V0024,1745039.73,2026-02-07T12:00:00,99,RESPONSIVE
B-PLANTED-013205,T01277,V0091,1747385.02,2026-02-07T12:00:00,99,RESPONSIVE
B-PLANTED-013206,T02278,V0001,13993173.39,2025-05-27T12:00:00,99,RESPONSIVE
B-PLANTED-013207,T02278,V0024,13953454.19,2025-05-27T12:00:00,99,RESPONSIVE
B-PLANTED-013208,T02278,V0091,13986606.97,2025-05-27T12:00:00,99,RESPONSIVE
B-LEGIT-013209,T01119,V0010,591867.01,2025-09-21T10:00:00,1,RESPONSIVE
B-LEGIT-013210,T01119,V0020,624426.24,2025-09-21T10:00:00,1,RESPONSIVE
B-LEGIT-013211,T00927,V0010,4526149.11,2026-06-21T10:00:00,1,RESPONSIVE
B-LEGIT-013212,T00927,V0020,4465300.8,2026-06-21T10:00:00,1,RESPONSIVE
B-LEGIT-013213,T00771,V0010,3305556.87,2026-08-22T10:00:00,1,RESPONSIVE
B-LEGIT-013214,T00771,V0020,3468866.87,2026-08-22T10:00:00,1,RESPONSIVE
B-LEGIT-013215,T01676,V0010,4100803.66,2025-07-07T10:00:00,1,RESPONSIVE
B-LEGIT-013216,T01676,V0020,3869356.3,2025-07-07T10:00:00,1,RESPONSIVE
B-LEGIT-013217,T00566,V0010,10371663.66,2026-03-06T10:00:00,1,RESPONSIVE
B-LEGIT-013218,T00566,V0020,9668660.92,2026-03-06T10:00:00,1,RESPONSIVE
B-LEGIT-013219,T00893,V0010,1680062.54,2024-04-01T10:00:00,1,RESPONSIVE
B-LEGIT-013220,T00893,V0020,1766225.06,2024-04-01T10:00:00,1,RESPONSIVE
B-LEGIT-013221,T02024,V0010,6065213.41,2026-06-01T10:00:00,1,RESPONSIVE
B-LEGIT-013222,T02024,V0020,5845738.83,2026-06-01T10:00:00,1,RESPONSIVE
B-LEGIT-013223,T00669,V0010,7777173.54,2026-01-20T10:00:00,1,RESPONSIVE
B-LEGIT-013224,T00631,V0010,3679336.06,2025-11-30T10:00:00,1,RESPONSIVE
B-LEGIT-013225,T01561,V0010,62856447.72,2026-01-15T10:00:00,1,RESPONSIVE
B-LEGIT-013226,T02228,V0010,7596545.59,2026-02-03T10:00:00,1,RESPONSIVE
B-LEGIT-013227,T00407,V0010,3487899.19,2024-12-11T10:00:00,1,RESPONSIVE
B-LEGIT-013228,T00407,V0020,3419267.32,2024-12-11T10:00:00,1,RESPONSIVE
B-LEGIT-013229,T02259,V0010,9560765.99,2026-07-30T10:00:00,1,RESPONSIVE
B-LEGIT-013230,T02259,V0020,9893244.56,2026-07-30T10:00:00,1,RESPONSIVE
B-LEGIT-013231,T00787,V0010,2041009.07,2026-03-12T10:00:00,1,RESPONSIVE
B-LEGIT-013232,T00787,V0020,2005456.73,2026-03-12T10:00:00,1,RESPONSIVE
B-LEGIT-013233,T01572,V0010,1372617.24,2026-03-28T10:00:00,1,RESPONSIVE
B-LEGIT-013234,T01572,V0020,1400970.14,2026-03-28T10:00:00,1,RESPONSIVE
B-LEGIT-013235,T01093,V0010,4611193.62,2024-11-25T10:00:00,1,RESPONSIVE
B-LEGIT-013236,T01093,V0020,4366842.12,2024-11-25T10:00:00,1,RESPONSIVE
B-LEGIT-013237,T01536,V0010,3038055.92,2025-02-22T10:00:00,1,RESPONSIVE
B-LEGIT-013238,T02374,V0010,2636961.36,2026-07-24T10:00:00,1,RESPONSIVE
B-LEGIT-013239,T02374,V0020,2709583.59,2026-07-24T10:00:00,1,RESPONSIVE
B-LEGIT-013240,T00405,V0010,4613441.9,2024-05-22T10:00:00,1,RESPONSIVE
B-LEGIT-013241,T00405,V0020,4550725.75,2024-05-22T10:00:00,1,RESPONSIVE
B-LEGIT-013242,T01354,V0010,8867805.06,2024-08-15T10:00:00,1,RESPONSIVE
B-LEGIT-013243,T01354,V0020,9070794.67,2024-08-15T10:00:00,1,RESPONSIVE
B-LEGIT-013244,T02490,V0010,9072279.57,2025-10-14T10:00:00,1,RESPONSIVE
B-LEGIT-013245,T01602,V0010,5703003.94,2025-04-30T10:00:00,1,RESPONSIVE
B-LEGIT-013246,T01602,V0020,5955591.13,2025-04-30T10:00:00,1,RESPONSIVE
B-LEGIT-013247,T00929,V0010,5927444.34,2025-05-20T10:00:00,1,RESPONSIVE
B-LEGIT-013248,T01925,V0010,3316361.52,2025-09-06T10:00:00,1,RESPONSIVE
B-LEGIT-013249,T01925,V0020,3301373.28,2025-09-06T10:00:00,1,RESPONSIVE
B-LEGIT-013250,T01599,V0010,2229774.67,2025-08-01T10:00:00,1,RESPONSIVE
B-LEGIT-013251,T01599,V0020,2247670.86,2025-08-01T10:00:00,1,RESPONSIVE
B-LEGIT-013252,T02416,V0010,7334309.01,2024-12-14T10:00:00,1,RESPONSIVE
B-LEGIT-013253,T02416,V0020,7664837.5,2024-12-14T10:00:00,1,RESPONSIVE
B-LEGIT-013254,T01786,V0010,12076921.9,2024-05-18T10:00:00,1,RESPONSIVE
B-LEGIT-013255,T01786,V0020,11134806.71,2024-05-18T10:00:00,1,RESPONSIVE
B-LEGIT-013256,T00174,V0010,10545571.71,2026-01-20T10:00:00,1,RESPONSIVE
B-LEGIT-013257,T01166,V0010,4285915.39,2024-01-14T10:00:00,1,RESPONSIVE
B-LEGIT-013258,T01166,V0020,4264777.83,2024-01-14T10:00:00,1,RESPONSIVE
B-LEGIT-013259,T02445,V0010,7011967.84,2026-02-27T10:00:00,1,RESPONSIVE
B-LEGIT-013260,T02445,V0020,6915269.31,2026-02-27T10:00:00,1,RESPONSIVE
B-LEGIT-013261,T00923,V0010,853206.5,2024-12-04T10:00:00,1,RESPONSIVE
B-LEGIT-013262,T00923,V0020,843232.08,2024-12-04T10:00:00,1,RESPONSIVE
B-LEGIT-013263,T01085,V0010,2814536.11,2025-01-09T10:00:00,1,RESPONSIVE
B-LEGIT-013264,T01085,V0020,2939665.43,2025-01-09T10:00:00,1,RESPONSIVE
B-LEGIT-013265,T02305,V0010,4586559.29,2025-10-09T10:00:00,1,RESPONSIVE
B-LEGIT-013266,T02305,V0020,4531907.49,2025-10-09T10:00:00,1,RESPONSIVE
B-LEGIT-013267,T02274,V0010,12858041.89,2024-09-25T10:00:00,1,RESPONSIVE
B-LEGIT-013268,T02274,V0020,12489760.82,2024-09-25T10:00:00,1,RESPONSIVE
B-LEGIT-013269,T00720,V0010,4451687.49,2024-02-07T10:00:00,1,RESPONSIVE
B-LEGIT-013270,T00720,V0020,4754920.61,2024-02-07T10:00:00,1,RESPONSIVE
B-LEGIT-013271,T00200,V0010,6853193.95,2025-06-13T10:00:00,1,RESPONSIVE
B-LEGIT-013272,T00200,V0020,6676997.65,2025-06-13T10:00:00,1,RESPONSIVE
B-LEGIT-013273,T01959,V0010,3519023.95,2026-04-05T10:00:00,1,RESPONSIVE
B-LEGIT-013274,T00456,V0010,11881221.53,2024-12-15T10:00:00,1,RESPONSIVE
B-LEGIT-013275,T00456,V0020,12773934.31,2024-12-15T10:00:00,1,RESPONSIVE
B-LEGIT-013276,T01149,V0010,1412110.09,2024-12-14T10:00:00,1,RESPONSIVE
B-LEGIT-013277,T01149,V0020,1445281.39,2024-12-14T10:00:00,1,RESPONSIVE
B-LEGIT-013278,T02055,V0010,20139523.83,2026-08-09T10:00:00,1,RESPONSIVE
B-LEGIT-013279,T02055,V0020,19786815.93,2026-08-09T10:00:00,1,RESPONSIVE
B-COVER-013280,T00293,V0042,72482127.62,2026-07-06T11:00:00,99,RESPONSIVE
B-COVER-013281,T00293,V0043,75268918.47,2026-07-06T11:00:00,99,RESPONSIVE
B-COVER-013282,T01944,V0042,40960666.43,2025-12-17T11:00:00,99,RESPONSIVE
B-COVER-013283,T01944,V0043,43863294.59,2025-12-17T11:00:00,99,RESPONSIVE
B-COVER-013284,T01453,V0042,9675804.9,2024-12-22T11:00:00,99,RESPONSIVE
B-COVER-013285,T01453,V0043,10225464.26,2024-12-22T11:00:00,99,RESPONSIVE
B-COVER-013286,T01291,V0042,20645753.33,2024-01-28T11:00:00,99,RESPONSIVE
B-COVER-013287,T01291,V0043,21845425.82,2024-01-28T11:00:00,99,RESPONSIVE
B-COVER-013288,T00389,V0042,8673869.72,2026-02-07T11:00:00,99,RESPONSIVE
B-COVER-013289,T00389,V0043,9089513.93,2026-02-07T11:00:00,99,RESPONSIVE
B-COVER-013290,T01849,V0042,12999044.53,2025-07-19T11:00:00,99,RESPONSIVE
B-COVER-013291,T01849,V0043,13659968.98,2025-07-19T11:00:00,99,RESPONSIVE
B-COVER-013292,T02330,V0042,37924581.39,2025-10-01T11:00:00,99,RESPONSIVE
B-COVER-013293,T02330,V0043,40410766.75,2025-10-01T11:00:00,99,RESPONSIVE
B-COVER-013294,T01207,V0042,43941542.32,2024-09-11T11:00:00,99,RESPONSIVE
B-COVER-013295,T01207,V0043,46264339.76,2024-09-11T11:00:00,99,RESPONSIVE
B-COVER-013296,T02307,V0042,28228644.59,2024-06-15T11:00:00,99,RESPONSIVE
B-COVER-013297,T02307,V0043,29314522.37,2024-06-15T11:00:00,99,RESPONSIVE
B-COVER-013298,T01964,V0042,11492277.33,2024-06-13T11:00:00,99,RESPONSIVE
B-COVER-013299,T01964,V0043,11938631.96,2024-06-13T11:00:00,99,RESPONSIVE
B-COVER-013300,T02354,V0042,37518964.33,2026-04-01T11:00:00,99,RESPONSIVE
B-COVER-013301,T02354,V0043,39053113.44,2026-04-01T11:00:00,99,RESPONSIVE
B-COVER-013302,T01994,V0042,57980860.13,2024-06-18T11:00:00,99,RESPONSIVE
B-COVER-013303,T01994,V0043,61417843.01,2024-06-18T11:00:00,99,RESPONSIVE
B-COVER-013304,T01513,V0042,147272318.44,2026-03-18T11:00:00,99,RESPONSIVE
B-COVER-013305,T01513,V0043,154299611.87,2026-03-18T11:00:00,99,RESPONSIVE
B-COVER-013306,T01095,V0042,32090689.06,2026-07-17T11:00:00,99,RESPONSIVE
B-COVER-013307,T01095,V0043,33622765.59,2026-07-17T11:00:00,99,RESPONSIVE
B-COVER-013308,T01016,V0042,44617689.03,2026-07-19T11:00:00,99,RESPONSIVE
B-COVER-013309,T01016,V0043,46410631.65,2026-07-19T11:00:00,99,RESPONSIVE
B-COVER-013310,T01630,V0042,39773097.88,2025-07-25T11:00:00,99,RESPONSIVE
B-COVER-013311,T01630,V0043,41267652.17,2025-07-25T11:00:00,99,RESPONSIVE
B-COVER-013312,T02372,V0042,2363699.44,2025-09-05T11:00:00,99,RESPONSIVE
B-COVER-013313,T02372,V0043,2521665.27,2025-09-05T11:00:00,99,RESPONSIVE
B-COVER-013314,T02273,V0042,23572811.81,2025-04-07T11:00:00,99,RESPONSIVE
B-COVER-013315,T02273,V0043,25223396.45,2025-04-07T11:00:00,99,RESPONSIVE
B-COVER-013316,T00489,V0042,8308348.41,2025-12-20T11:00:00,99,RESPONSIVE
B-COVER-013317,T00489,V0043,8887008.26,2025-12-20T11:00:00,99,RESPONSIVE
B-COVER-013318,T00754,V0042,38614699.65,2025-09-21T11:00:00,99,RESPONSIVE
B-COVER-013319,T00754,V0043,40518403.58,2025-09-21T11:00:00,99,RESPONSIVE
B-COVER-013320,T00582,V0042,38955596.26,2024-08-08T11:00:00,99,RESPONSIVE
B-COVER-013321,T00582,V0043,41436644.46,2024-08-08T11:00:00,99,RESPONSIVE
B-COVER-013322,T00363,V0042,79552099.27,2025-02-17T11:00:00,99,RESPONSIVE
B-COVER-013323,T00363,V0043,82933268.96,2025-02-17T11:00:00,99,RESPONSIVE
B-COVER-013324,T01847,V0042,7857068.18,2024-02-05T11:00:00,99,RESPONSIVE
B-COVER-013325,T01847,V0043,8431893.58,2024-02-05T11:00:00,99,RESPONSIVE
B-COVER-013326,T00081,V0042,42454868.14,2026-07-14T11:00:00,99,RESPONSIVE
B-COVER-013327,T00081,V0043,44697921.0,2026-07-14T11:00:00,99,RESPONSIVE
B-ROT-013328,T00975,V0051,7847914.09,2024-01-04T09:00:00,99,RESPONSIVE
B-ROT-013329,T00975,V0052,8090713.83,2024-01-04T09:00:00,99,RESPONSIVE
B-ROT-013330,T00975,V0053,8153371.82,2024-01-04T09:00:00,99,RESPONSIVE
B-ROT-013331,T01307,V0051,5309032.85,2024-01-05T09:00:00,99,RESPONSIVE
B-ROT-013332,T01307,V0052,5189903.33,2024-01-05T09:00:00,99,RESPONSIVE
B-ROT-013333,T01307,V0053,5391905.55,2024-01-05T09:00:00,99,RESPONSIVE
B-ROT-013334,T01942,V0051,12626757.7,2024-01-07T09:00:00,99,RESPONSIVE
B-ROT-013335,T01942,V0052,12725308.0,2024-01-07T09:00:00,99,RESPONSIVE
B-ROT-013336,T01942,V0053,12343425.58,2024-01-07T09:00:00,99,RESPONSIVE
B-ROT-013337,T00098,V0051,1146363.11,2024-01-07T09:00:00,99,RESPONSIVE
B-ROT-013338,T00098,V0052,1181829.43,2024-01-07T09:00:00,99,RESPONSIVE
B-ROT-013339,T00098,V0053,1190982.03,2024-01-07T09:00:00,99,RESPONSIVE
B-ROT-013340,T00664,V0051,9549427.65,2024-01-11T09:00:00,99,RESPONSIVE
B-ROT-013341,T00664,V0052,9335147.81,2024-01-11T09:00:00,99,RESPONSIVE
B-ROT-013342,T00664,V0053,9698491.89,2024-01-11T09:00:00,99,RESPONSIVE
B-ROT-013343,T01098,V0051,13675084.21,2024-01-11T09:00:00,99,RESPONSIVE
B-ROT-013344,T01098,V0052,13781816.57,2024-01-11T09:00:00,99,RESPONSIVE
B-ROT-013345,T01098,V0053,13368228.66,2024-01-11T09:00:00,99,RESPONSIVE
B-ROT-013346,T00843,V0051,6361355.59,2024-01-18T09:00:00,99,RESPONSIVE
B-ROT-013347,T00843,V0052,6558163.99,2024-01-18T09:00:00,99,RESPONSIVE
B-ROT-013348,T00843,V0053,6608953.26,2024-01-18T09:00:00,99,RESPONSIVE
B-ROT-013349,T02414,V0051,6448319.02,2024-01-24T09:00:00,99,RESPONSIVE
B-ROT-013350,T02414,V0052,6303625.04,2024-01-24T09:00:00,99,RESPONSIVE
B-ROT-013351,T02414,V0053,6548975.71,2024-01-24T09:00:00,99,RESPONSIVE
B-ROT-013352,T01936,V0051,2486355.1,2024-01-24T09:00:00,99,RESPONSIVE
B-ROT-013353,T01936,V0052,2505760.8,2024-01-24T09:00:00,99,RESPONSIVE
B-ROT-013354,T01936,V0053,2430563.71,2024-01-24T09:00:00,99,RESPONSIVE
B-ROT-013355,T00609,V0051,4722811.8,2024-01-26T09:00:00,99,RESPONSIVE
B-ROT-013356,T00609,V0052,4868926.74,2024-01-26T09:00:00,99,RESPONSIVE
B-ROT-013357,T00609,V0053,4906633.82,2024-01-26T09:00:00,99,RESPONSIVE
B-ROT-013358,T02340,V0051,1957721.21,2024-02-02T09:00:00,99,RESPONSIVE
B-ROT-013359,T02340,V0052,1913791.85,2024-02-02T09:00:00,99,RESPONSIVE
B-ROT-013360,T02340,V0053,1988280.76,2024-02-02T09:00:00,99,RESPONSIVE
B-ROT-013361,T00137,V0052,5022267.44,2024-02-11T09:00:00,99,RESPONSIVE
B-ROT-013362,T00137,V0053,4871550.79,2024-02-11T09:00:00,99,RESPONSIVE
B-ROT-013363,T00304,V0051,6921800.45,2024-02-14T09:00:00,99,RESPONSIVE
B-ROT-013364,T00304,V0052,7135947.97,2024-02-14T09:00:00,99,RESPONSIVE
B-ROT-013365,T00304,V0053,7191211.84,2024-02-14T09:00:00,99,RESPONSIVE
B-ROT-013366,T01361,V0051,4701368.43,2024-02-19T09:00:00,99,RESPONSIVE
B-ROT-013367,T01361,V0052,4595874.31,2024-02-19T09:00:00,99,RESPONSIVE
B-ROT-013368,T01361,V0053,4774755.65,2024-02-19T09:00:00,99,RESPONSIVE
B-ROT-013369,T01386,V0051,22694247.74,2024-02-23T09:00:00,99,RESPONSIVE
B-ROT-013370,T01386,V0052,22871373.57,2024-02-23T09:00:00,99,RESPONSIVE
B-ROT-013371,T01386,V0053,22185010.96,2024-02-23T09:00:00,99,RESPONSIVE
B-ROT-013372,T00226,V0051,6649363.35,2024-02-25T09:00:00,99,RESPONSIVE
B-ROT-013373,T00226,V0052,6855082.18,2024-02-25T09:00:00,99,RESPONSIVE
B-ROT-013374,T00226,V0053,6908170.91,2024-02-25T09:00:00,99,RESPONSIVE
B-ROT-013375,T02385,V0051,2711171.07,2024-02-25T09:00:00,99,RESPONSIVE
B-ROT-013376,T02385,V0052,2650335.04,2024-02-25T09:00:00,99,RESPONSIVE
B-ROT-013377,T02385,V0053,2753491.79,2024-02-25T09:00:00,99,RESPONSIVE
B-ROT-013378,T01903,V0051,3182766.87,2024-02-29T09:00:00,99,RESPONSIVE
B-ROT-013379,T01903,V0052,3207607.98,2024-02-29T09:00:00,99,RESPONSIVE
B-ROT-013380,T01903,V0053,3111348.69,2024-02-29T09:00:00,99,RESPONSIVE
B-ROT-013381,T01001,V0051,5476928.17,2024-03-11T09:00:00,99,RESPONSIVE
B-ROT-013382,T01001,V0052,5646374.05,2024-03-11T09:00:00,99,RESPONSIVE
B-ROT-013383,T01001,V0053,5690102.02,2024-03-11T09:00:00,99,RESPONSIVE
B-ROT-013384,T00598,V0051,2476121.21,2024-03-12T09:00:00,99,RESPONSIVE
B-ROT-013385,T00598,V0052,2420559.47,2024-03-12T09:00:00,99,RESPONSIVE
B-ROT-013386,T00598,V0053,2514772.86,2024-03-12T09:00:00,99,RESPONSIVE
B-ROT-013387,T00722,V0051,27440513.18,2024-03-14T09:00:00,99,RESPONSIVE
B-ROT-013388,T00722,V0052,27654683.04,2024-03-14T09:00:00,99,RESPONSIVE
B-ROT-013389,T00722,V0053,26824774.83,2024-03-14T09:00:00,99,RESPONSIVE
B-ROT-013390,T02060,V0051,18108726.5,2024-03-16T09:00:00,99,RESPONSIVE
B-ROT-013391,T02060,V0052,18668976.52,2024-03-16T09:00:00,99,RESPONSIVE
B-ROT-013392,T02060,V0053,18813557.17,2024-03-16T09:00:00,99,RESPONSIVE
B-ROT-013393,T02085,V0051,3500390.07,2024-03-21T09:00:00,99,RESPONSIVE
B-ROT-013394,T02085,V0052,3421844.73,2024-03-21T09:00:00,99,RESPONSIVE
B-ROT-013395,T02085,V0053,3555030.3,2024-03-21T09:00:00,99,RESPONSIVE
B-ROT-013396,T02262,V0051,2056635.69,2024-03-23T09:00:00,99,RESPONSIVE
B-ROT-013397,T02262,V0052,2072687.48,2024-03-23T09:00:00,99,RESPONSIVE
B-ROT-013398,T02262,V0053,2010486.79,2024-03-23T09:00:00,99,RESPONSIVE
B-ROT-013399,T01822,V0051,23758489.54,2024-04-04T09:00:00,99,RESPONSIVE
B-ROT-013400,T01822,V0052,24493532.63,2024-04-04T09:00:00,99,RESPONSIVE
B-ROT-013401,T01822,V0053,24683221.17,2024-04-04T09:00:00,99,RESPONSIVE
B-ROT-013402,T01804,V0051,8037102.97,2024-04-07T09:00:00,99,RESPONSIVE
B-ROT-013403,T01804,V0052,7856758.22,2024-04-07T09:00:00,99,RESPONSIVE
B-ROT-013404,T01804,V0053,8162560.19,2024-04-07T09:00:00,99,RESPONSIVE
B-ROT-013405,T01424,V0051,20781588.2,2024-04-07T09:00:00,99,RESPONSIVE
B-ROT-013406,T01424,V0052,20943785.97,2024-04-07T09:00:00,99,RESPONSIVE
B-ROT-013407,T01424,V0053,20315269.64,2024-04-07T09:00:00,99,RESPONSIVE
B-GEO-013408,T00002,V0061,17477856.65,2026-01-10T13:00:00,1,RESPONSIVE
B-GEO-013409,T00008,V0061,15455416.2,2025-05-01T13:00:00,1,RESPONSIVE
B-GEO-013410,T00014,V0061,79518936.51,2024-09-16T13:00:00,1,RESPONSIVE
B-GEO-013411,T00015,V0061,6041636.93,2024-06-20T13:00:00,1,RESPONSIVE
B-GEO-013412,T00017,V0061,28557937.26,2024-06-15T13:00:00,1,RESPONSIVE
B-GEO-013413,T00020,V0061,74315657.58,2025-01-07T13:00:00,1,RESPONSIVE
B-GEO-013414,T00021,V0061,7189759.01,2024-08-20T13:00:00,1,RESPONSIVE
B-GEO-013415,T00022,V0061,11180837.9,2025-12-04T13:00:00,1,RESPONSIVE
B-GEO-013416,T00025,V0061,7194400.58,2024-06-11T13:00:00,1,RESPONSIVE
B-GEO-013417,T00026,V0061,16431210.84,2024-09-03T13:00:00,1,RESPONSIVE
B-GEO-013418,T00030,V0061,4673696.71,2025-01-25T13:00:00,1,RESPONSIVE
B-GEO-013419,T00037,V0061,5000768.16,2024-10-24T13:00:00,1,RESPONSIVE
B-GEO-013420,T00038,V0061,9195299.64,2026-05-14T13:00:00,1,RESPONSIVE
B-GEO-013421,T00039,V0061,32977725.52,2025-07-29T13:00:00,1,RESPONSIVE
B-GEO-013422,T00043,V0061,17953138.14,2024-08-23T13:00:00,1,RESPONSIVE
B-GEO-013423,T00045,V0061,10982995.06,2026-03-30T13:00:00,1,RESPONSIVE
B-GEO-013424,T00046,V0061,16076825.99,2026-03-01T13:00:00,1,RESPONSIVE
B-GEO-013425,T00049,V0061,22761470.46,2026-01-12T13:00:00,1,RESPONSIVE
B-GEO-013426,T00052,V0061,4661916.37,2026-06-02T13:00:00,1,RESPONSIVE
B-GEO-013427,T00054,V0061,13941462.03,2024-08-04T13:00:00,1,RESPONSIVE
B-GEO-013428,T00001,V0062,17476327.63,2026-01-01T13:00:00,1,RESPONSIVE
B-GEO-013429,T00004,V0062,3446200.16,2026-07-15T13:00:00,1,RESPONSIVE
B-GEO-013430,T00007,V0062,4865130.55,2025-12-30T13:00:00,1,RESPONSIVE
B-GEO-013431,T00009,V0062,52406207.48,2024-05-29T13:00:00,1,RESPONSIVE
B-GEO-013432,T00012,V0062,31434453.44,2026-07-14T13:00:00,1,RESPONSIVE
B-GEO-013433,T00013,V0062,6552915.03,2025-12-13T13:00:00,1,RESPONSIVE
B-GEO-013434,T00018,V0062,1894955.64,2024-08-31T13:00:00,1,RESPONSIVE
B-GEO-013435,T00027,V0062,24103373.35,2024-05-10T13:00:00,1,RESPONSIVE
B-GEO-013436,T00033,V0062,28443379.5,2025-01-25T13:00:00,1,RESPONSIVE
B-GEO-013437,T00036,V0062,18847009.4,2025-07-05T13:00:00,1,RESPONSIVE
B-GEO-013438,T00041,V0062,140524413.62,2024-04-18T13:00:00,1,RESPONSIVE
B-GEO-013439,T00042,V0062,32131455.68,2026-01-17T13:00:00,1,RESPONSIVE
B-GEO-013440,T00044,V0062,3719456.94,2026-07-11T13:00:00,1,RESPONSIVE
B-GEO-013441,T00050,V0062,1717140.61,2024-05-09T13:00:00,1,RESPONSIVE
B-GEO-013442,T00053,V0062,8850028.83,2026-03-10T13:00:00,1,RESPONSIVE
B-GEO-013443,T00055,V0062,1677194.25,2026-04-14T13:00:00,1,RESPONSIVE
B-GEO-013444,T00060,V0062,40227784.66,2024-03-01T13:00:00,1,RESPONSIVE
B-GEO-013445,T00063,V0062,2187945.12,2024-10-08T13:00:00,1,RESPONSIVE
B-GEO-013446,T00067,V0062,18112223.26,2026-07-17T13:00:00,1,RESPONSIVE
B-GEO-013447,T00073,V0062,60362364.06,2025-09-23T13:00:00,1,RESPONSIVE
B-GEO-013448,T00005,V0063,3894822.96,2026-04-27T13:00:00,1,RESPONSIVE
B-GEO-013449,T00006,V0063,4988828.27,2025-04-06T13:00:00,1,RESPONSIVE
B-GEO-013450,T00010,V0063,43234919.22,2025-01-05T13:00:00,1,RESPONSIVE
B-GEO-013451,T00011,V0063,19199479.09,2026-02-20T13:00:00,1,RESPONSIVE
B-GEO-013452,T00016,V0063,1456567.58,2025-04-18T13:00:00,1,RESPONSIVE
B-GEO-013453,T00019,V0063,27466408.76,2024-06-05T13:00:00,1,RESPONSIVE
B-GEO-013454,T00023,V0063,10536137.06,2026-02-05T13:00:00,1,RESPONSIVE
B-GEO-013455,T00024,V0063,1684025.26,2026-07-29T13:00:00,1,RESPONSIVE
B-GEO-013456,T00028,V0063,12180608.11,2026-05-24T13:00:00,1,RESPONSIVE
B-GEO-013457,T00031,V0063,34938582.23,2026-07-13T13:00:00,1,RESPONSIVE
B-GEO-013458,T00032,V0063,2715173.17,2026-08-17T13:00:00,1,RESPONSIVE
B-GEO-013459,T00034,V0063,2183738.21,2025-07-29T13:00:00,1,RESPONSIVE
B-GEO-013460,T00035,V0063,6889325.77,2025-12-21T13:00:00,1,RESPONSIVE
B-GEO-013461,T00040,V0063,5415109.52,2024-06-27T13:00:00,1,RESPONSIVE
B-GEO-013462,T00047,V0063,24599914.73,2024-03-29T13:00:00,1,RESPONSIVE
B-GEO-013463,T00051,V0063,3598550.52,2026-04-21T13:00:00,1,RESPONSIVE
B-GEO-013464,T00057,V0063,1794558.92,2025-10-11T13:00:00,1,RESPONSIVE
B-GEO-013465,T00058,V0063,18554756.58,2026-08-05T13:00:00,1,RESPONSIVE
B-GEO-013466,T00059,V0063,5666626.69,2025-02-10T13:00:00,1,RESPONSIVE
B-GEO-013467,T00062,V0063,51968162.04,2024-08-28T13:00:00,1,RESPONSIVE
B-PRICE-013468,T00009,V0071,54614763.86,2024-05-29T14:00:00,99,RESPONSIVE
B-PRICE-013469,T00009,V0072,54686034.33,2024-05-29T14:00:00,99,RESPONSIVE
B-PRICE-013470,T00009,V0073,54734408.72,2024-05-29T14:00:00,99,RESPONSIVE
B-PRICE-013471,T00009,V0074,55006788.63,2024-05-29T14:00:00,99,RESPONSIVE
B-PRICE-013472,T00017,V0071,28346251.15,2024-06-15T14:00:00,99,RESPONSIVE
B-PRICE-013473,T00017,V0072,28412000.75,2024-06-15T14:00:00,99,RESPONSIVE
B-PRICE-013474,T00017,V0073,28394998.21,2024-06-15T14:00:00,99,RESPONSIVE
B-PRICE-013475,T00017,V0074,28437954.58,2024-06-15T14:00:00,99,RESPONSIVE
B-PRICE-013476,T00020,V0071,75258347.09,2025-01-07T14:00:00,99,RESPONSIVE
B-PRICE-013477,T00020,V0072,75443322.75,2025-01-07T14:00:00,99,RESPONSIVE
B-PRICE-013478,T00020,V0073,75622876.34,2025-01-07T14:00:00,99,RESPONSIVE
B-PRICE-013479,T00020,V0074,75738107.7,2025-01-07T14:00:00,99,RESPONSIVE
B-PRICE-013480,T00041,V0071,147855838.8,2024-04-18T14:00:00,99,RESPONSIVE
B-PRICE-013481,T00041,V0072,148135390.3,2024-04-18T14:00:00,99,RESPONSIVE
B-PRICE-013482,T00041,V0073,148483540.97,2024-04-18T14:00:00,99,RESPONSIVE
B-PRICE-013483,T00041,V0074,148258234.3,2024-04-18T14:00:00,99,RESPONSIVE
B-PRICE-013484,T00043,V0071,17820406.18,2024-08-23T14:00:00,99,RESPONSIVE
B-PRICE-013485,T00043,V0072,17863138.16,2024-08-23T14:00:00,99,RESPONSIVE
B-PRICE-013486,T00043,V0073,17865374.08,2024-08-23T14:00:00,99,RESPONSIVE
B-PRICE-013487,T00043,V0074,17874173.97,2024-08-23T14:00:00,99,RESPONSIVE
B-PRICE-013488,T00048,V0071,286105685.84,2026-01-30T14:00:00,99,RESPONSIVE
B-PRICE-013489,T00048,V0072,286808148.07,2026-01-30T14:00:00,99,RESPONSIVE
B-PRICE-013490,T00048,V0073,287046468.85,2026-01-30T14:00:00,99,RESPONSIVE
B-PRICE-013491,T00048,V0074,287742376.95,2026-01-30T14:00:00,99,RESPONSIVE
B-PRICE-013492,T00060,V0071,43925746.88,2024-03-01T14:00:00,99,RESPONSIVE
B-PRICE-013493,T00060,V0072,44024527.95,2024-03-01T14:00:00,99,RESPONSIVE
B-PRICE-013494,T00060,V0073,43997183.79,2024-03-01T14:00:00,99,RESPONSIVE
B-PRICE-013495,T00060,V0074,44051946.67,2024-03-01T14:00:00,99,RESPONSIVE
B-PRICE-013496,T00073,V0071,64071408.38,2025-09-23T14:00:00,99,RESPONSIVE
B-PRICE-013497,T00073,V0072,64127229.02,2025-09-23T14:00:00,99,RESPONSIVE
B-PRICE-013498,T00073,V0073,64218876.72,2025-09-23T14:00:00,99,RESPONSIVE
B-PRICE-013499,T00073,V0074,64266503.09,2025-09-23T14:00:00,99,RESPONSIVE
B-PRICE-013500,T00081,V0071,45973118.56,2026-07-14T14:00:00,99,RESPONSIVE
B-PRICE-013501,T00081,V0072,46057366.26,2026-07-14T14:00:00,99,RESPONSIVE
B-PRICE-013502,T00081,V0073,46112846.42,2026-07-14T14:00:00,99,RESPONSIVE
B-PRICE-013503,T00081,V0074,46132031.2,2026-07-14T14:00:00,99,RESPONSIVE
B-PRICE-013504,T00083,V0071,26800805.56,2025-01-19T14:00:00,99,RESPONSIVE
B-PRICE-013505,T00083,V0072,26823736.84,2025-01-19T14:00:00,99,RESPONSIVE
B-PRICE-013506,T00083,V0073,26923722.41,2025-01-19T14:00:00,99,RESPONSIVE
B-PRICE-013507,T00083,V0074,26970707.39,2025-01-19T14:00:00,99,RESPONSIVE
B-PRICE-013508,T00089,V0071,2179779.43,2025-11-01T14:00:00,99,RESPONSIVE
B-PRICE-013509,T00089,V0072,2181595.84,2025-11-01T14:00:00,99,RESPONSIVE
B-PRICE-013510,T00089,V0073,2186547.28,2025-11-01T14:00:00,99,RESPONSIVE
B-PRICE-013511,T00089,V0074,2192889.8,2025-11-01T14:00:00,99,RESPONSIVE
B-PRICE-013512,T00090,V0071,33058821.37,2024-10-11T14:00:00,99,RESPONSIVE
B-PRICE-013513,T00090,V0072,33127717.2,2024-10-11T14:00:00,99,RESPONSIVE
B-PRICE-013514,T00090,V0073,33186514.39,2024-10-11T14:00:00,99,RESPONSIVE
B-PRICE-013515,T00090,V0074,33144564.85,2024-10-11T14:00:00,99,RESPONSIVE
B-PRICE-013516,T00092,V0071,54015130.35,2025-10-24T14:00:00,99,RESPONSIVE
B-PRICE-013517,T00092,V0072,54124889.56,2025-10-24T14:00:00,99,RESPONSIVE
B-PRICE-013518,T00092,V0073,54157860.88,2025-10-24T14:00:00,99,RESPONSIVE
B-PRICE-013519,T00092,V0074,54148797.26,2025-10-24T14:00:00,99,RESPONSIVE
B-PRICE-013520,T00095,V0071,121402961.99,2024-05-28T14:00:00,99,RESPONSIVE
B-PRICE-013521,T00095,V0072,121641637.7,2024-05-28T14:00:00,99,RESPONSIVE
B-PRICE-013522,T00095,V0073,121686591.66,2024-05-28T14:00:00,99,RESPONSIVE
B-PRICE-013523,T00095,V0074,121855298.67,2024-05-28T14:00:00,99,RESPONSIVE
B-PRICE-013524,T00097,V0071,858191.94,2025-11-09T14:00:00,99,RESPONSIVE
B-PRICE-013525,T00097,V0072,860203.42,2025-11-09T14:00:00,99,RESPONSIVE
B-PRICE-013526,T00097,V0073,861643.52,2025-11-09T14:00:00,99,RESPONSIVE
B-PRICE-013527,T00097,V0074,863951.33,2025-11-09T14:00:00,99,RESPONSIVE
B-PRICE-013528,T00102,V0071,71030074.62,2026-03-01T14:00:00,99,RESPONSIVE
B-PRICE-013529,T00102,V0072,71201585.88,2026-03-01T14:00:00,99,RESPONSIVE
B-PRICE-013530,T00102,V0073,71321421.6,2026-03-01T14:00:00,99,RESPONSIVE
B-PRICE-013531,T00102,V0074,71397050.84,2026-03-01T14:00:00,99,RESPONSIVE
B-PRICE-013532,T00103,V0071,41232685.67,2026-04-19T14:00:00,99,RESPONSIVE
B-PRICE-013533,T00103,V0072,41281199.21,2026-04-19T14:00:00,99,RESPONSIVE
B-PRICE-013534,T00103,V0073,41349635.34,2026-04-19T14:00:00,99,RESPONSIVE
B-PRICE-013535,T00103,V0074,41355527.22,2026-04-19T14:00:00,99,RESPONSIVE
B-PRICE-013536,T00106,V0071,47050314.7,2024-10-02T14:00:00,99,RESPONSIVE
B-PRICE-013537,T00106,V0072,47101386.55,2024-10-02T14:00:00,99,RESPONSIVE
B-PRICE-013538,T00106,V0073,47187414.84,2024-10-02T14:00:00,99,RESPONSIVE
B-PRICE-013539,T00106,V0074,47245483.31,2024-10-02T14:00:00,99,RESPONSIVE
