contract_id,tender_id,award_id,vendor_id,contract_value,start_date,end_date,status
C-T00001,T00001,A-T00001,V0041,17473627.04,2026-03-29,2027-04-10,ACTIVE
C-T00002,T00002,A-T00002,V0061,17388761.09,2026-04-10,2027-07-26,ACTIVE
C-T00003,T00003,A-T00003,V0133,28934035.48,2025-09-08,2027-02-21,ACTIVE
C-T00004,T00004,A-T00004,V0062,3450528.48,2026-09-28,2027-06-08,ACTIVE
C-T00005,T00005,A-T00005,V0223,3861656.91,2026-06-19,2027-06-20,ACTIVE
C-T00006,T00006,A-T00006,V0251,4959173.54,2025-06-11,2026-04-23,ACTIVE
C-T00007,T00007,A-T00007,V0455,4817693.65,2026-03-07,2026-06-05,ACTIVE
C-T00008,T00008,A-T00008,V0061,15340788.08,2025-06-23,2026-11-27,ACTIVE
C-T00009,T00009,A-T00009,V0017,51731996.14,2024-07-10,2025-03-22,ACTIVE
C-T00010,T00010,A-T00010,V0063,42972106.81,2025-03-11,2025-08-19,ACTIVE
C-T00011,T00011,A-T00011,V0063,19021068.93,2026-04-21,2026-10-04,ACTIVE
C-T00012,T00012,A-T00012,V0062,31128974.96,2026-08-28,2027-11-07,ACTIVE
C-T00013,T00013,A-T00013,V0062,6541005.79,2026-02-24,2027-08-04,ACTIVE
C-T00014,T00014,A-T00014,V0060,78221971.42,2024-11-19,2025-02-04,ACTIVE
C-T00015,T00015,A-T00015,V0258,6063192.86,2024-08-20,2026-01-18,ACTIVE
C-T00016,T00016,A-T00016,V0063,1460323.91,2025-06-11,2026-10-22,ACTIVE
C-T00017,T00017,A-T00017,V0071,28531760.29,2024-08-16,2025-01-21,ACTIVE
C-T00018,T00018,A-T00018,V0016,1872094.4,2024-11-18,2025-05-05,ACTIVE
C-T00019,T00019,A-T00019,V0452,27314795.69,2024-07-28,2025-09-29,ACTIVE
C-T00020,T00020,A-T00020,V0061,73688603.37,2025-05-13,2025-12-26,ACTIVE
C-T00021,T00021,A-T00021,V0456,7157026.17,2024-10-02,2026-03-19,ACTIVE
C-T00022,T00022,A-T00022,V0447,11004955.39,2026-01-23,2026-05-28,ACTIVE
C-T00023,T00023,A-T00023,V0301,10524438.51,2026-04-10,2026-10-22,ACTIVE
C-T00024,T00024,A-T00024,V0063,1695407.35,2026-09-29,2027-04-06,ACTIVE
C-T00025,T00025,A-T00025,V0061,7251150.42,2024-08-17,2025-02-20,ACTIVE
C-T00026,T00026,A-T00026,V0297,16386308.1,2024-11-09,2025-11-08,ACTIVE
C-T00027,T00027,A-T00027,V0502,24079844.96,2024-07-11,2025-12-15,ACTIVE
C-T00028,T00028,A-T00028,V0063,12158281.87,2026-07-07,2027-12-23,ACTIVE
C-T00029,T00029,A-T00029,V0536,13323549.24,2024-05-21,2024-11-05,ACTIVE
C-T00030,T00030,A-T00030,V0061,4648485.98,2025-04-16,2026-04-17,ACTIVE
C-T00031,T00031,A-T00031,V0206,34658806.5,2026-10-01,2028-02-18,ACTIVE
C-T00032,T00032,A-T00032,V0039,2659250.71,2026-09-14,2026-12-17,ACTIVE
C-T00033,T00033,A-T00033,V0280,28203750.44,2025-03-20,2025-06-08,ACTIVE
C-T00034,T00034,A-T00034,V0533,2188101.25,2025-09-04,2027-02-17,ACTIVE
C-T00035,T00035,A-T00035,V0537,6852208.95,2026-02-03,2026-10-12,ACTIVE
C-T00036,T00036,A-T00036,V0062,18902722.83,2025-09-26,2026-05-11,ACTIVE
C-T00037,T00037,A-T00037,V0121,4990906.62,2025-01-11,2026-01-20,ACTIVE
C-T00038,T00038,A-T00038,V0061,9084076.98,2026-07-09,2026-12-10,ACTIVE
C-T00039,T00039,A-T00039,V0061,32995242.79,2025-08-28,2026-03-03,ACTIVE
C-T00040,T00040,A-T00040,V0130,5334318.98,2024-08-04,2025-04-15,ACTIVE
C-T00041,T00041,A-T00041,V0062,141488266.52,2024-05-19,2025-06-14,ACTIVE
C-T00042,T00042,A-T00042,V0062,32092853.16,2026-03-10,2026-12-14,ACTIVE
C-T00043,T00043,A-T00043,V0071,17796252.49,2024-11-01,2025-01-02,ACTIVE
C-T00044,T00044,A-T00044,V0062,3671958.47,2026-08-18,2028-01-18,ACTIVE
C-T00045,T00045,A-T00045,V0103,11007829.83,2026-05-31,2027-02-05,ACTIVE
C-T00046,T00046,A-T00046,V0248,15901039.15,2026-04-24,2026-06-27,ACTIVE
C-T00047,T00047,A-T00047,V0063,24769652.55,2024-05-29,2025-03-24,ACTIVE
C-T00048,T00048,A-T00048,V0296,232230345.12,2026-03-20,2026-10-19,ACTIVE
C-T00049,T00049,A-T00049,V0061,22502508.9,2026-03-21,2026-06-08,ACTIVE
C-T00050,T00050,A-T00050,V0230,1688508.23,2024-06-20,2025-09-18,ACTIVE
C-T00051,T00051,A-T00051,V0294,3587051.54,2026-06-20,2026-11-04,ACTIVE
C-T00052,T00052,A-T00052,V0061,4650393.85,2026-08-07,2027-04-11,ACTIVE
C-T00053,T00053,A-T00053,V0065,8706788.2,2026-05-18,2027-01-09,ACTIVE
C-T00054,T00054,A-T00054,V0061,13932251.28,2024-10-18,2026-03-29,ACTIVE
C-T00055,T00055,A-T00055,V0062,1674615.15,2026-06-11,2027-06-18,ACTIVE
C-T00056,T00056,A-T00056,V0228,9358824.34,2025-02-23,2026-04-15,ACTIVE
C-T00057,T00057,A-T00057,V0063,1770882.29,2026-01-01,2027-04-06,ACTIVE
C-T00058,T00058,A-T00058,V0063,18504796.21,2026-09-30,2027-01-12,ACTIVE
C-T00059,T00059,A-T00059,V0419,5669670.06,2025-03-20,2026-04-11,ACTIVE
C-T00060,T00060,A-T00060,V0062,40129487.12,2024-04-26,2025-06-29,ACTIVE
C-T00061,T00061,A-T00061,V0400,9816433.26,2025-09-27,2025-12-26,ACTIVE
C-T00062,T00062,A-T00062,V0138,50977728.74,2024-10-28,2025-11-12,ACTIVE
C-T00063,T00063,A-T00063,V0275,2159392.84,2024-11-24,2025-03-23,ACTIVE
C-T00064,T00064,A-T00064,V0044,36943737.2,2025-06-22,2025-11-30,ACTIVE
C-T00065,T00065,A-T00065,V0061,2747615.71,2024-05-26,2025-03-22,ACTIVE
C-T00066,T00066,A-T00066,V0005,4118095.86,2025-05-13,2026-09-19,ACTIVE
C-T00067,T00067,A-T00067,V0062,18222568.61,2026-09-12,2027-02-09,ACTIVE
C-T00068,T00068,A-T00068,V0174,85754744.68,2024-03-29,2024-08-19,ACTIVE
C-T00069,T00069,A-T00069,V0509,4786514.07,2025-10-12,2026-09-11,ACTIVE
C-T00070,T00070,A-T00070,V0011,3587158.91,2025-03-02,2025-06-01,ACTIVE
C-T00071,T00071,A-T00071,V0332,31189355.36,2024-09-16,2025-03-13,ACTIVE
C-T00072,T00072,A-T00072,V0247,6639452.99,2026-02-27,2026-08-03,ACTIVE
C-T00073,T00073,A-T00073,V0062,59548471.38,2025-11-23,2026-05-07,ACTIVE
C-T00074,T00074,A-T00074,V0027,26357692.61,2026-09-29,2028-02-21,ACTIVE
C-T00075,T00075,A-T00075,V0422,14251112.44,2025-03-06,2025-09-03,ACTIVE
C-T00076,T00076,A-T00076,V0434,25191909.9,2024-06-12,2025-10-09,ACTIVE
C-T00077,T00077,A-T00077,V0184,26720817.31,2025-07-09,2025-12-30,ACTIVE
C-T00078,T00078,A-T00078,V0027,6804853.8,2025-09-30,2026-05-10,ACTIVE
C-T00079,T00079,A-T00079,V0286,7444735.62,2025-06-13,2026-11-02,ACTIVE
C-T00080,T00080,A-T00080,V0251,8452174.15,2026-03-02,2026-05-30,ACTIVE
C-T00081,T00081,A-T00081,V0042,41903647.85,2026-10-09,2028-01-22,ACTIVE
C-T00082,T00082,A-T00082,V0133,22102025.44,2025-09-06,2027-02-17,ACTIVE
C-T00083,T00083,A-T00083,V0120,25896164.36,2025-03-20,2025-08-02,ACTIVE
C-T00084,T00084,A-T00084,V0136,4590916.05,2025-09-25,2026-01-11,ACTIVE
C-T00085,T00085,A-T00085,V0304,32473340.89,2026-01-18,2027-02-13,ACTIVE
C-T00086,T00086,A-T00086,V0013,7900159.09,2024-09-11,2025-09-03,ACTIVE
C-T00087,T00087,A-T00087,V0239,10068446.01,2025-12-07,2026-09-26,ACTIVE
C-T00088,T00088,A-T00088,V0072,5753639.99,2024-12-02,2025-02-04,ACTIVE
C-T00089,T00089,A-T00089,V0100,2020640.91,2025-11-30,2026-11-14,ACTIVE
C-T00090,T00090,A-T00090,V0359,31450684.92,2024-11-28,2026-04-11,ACTIVE
C-T00091,T00091,A-T00091,V0169,1667493.13,2025-04-20,2026-04-14,ACTIVE
C-T00092,T00092,A-T00092,V0435,49993684.19,2025-12-14,2026-11-13,ACTIVE
C-T00093,T00093,A-T00093,V0419,2814142.83,2026-09-19,2027-08-05,ACTIVE
C-T00094,T00094,A-T00094,V0184,30513613.29,2026-07-27,2028-01-15,ACTIVE
C-T00095,T00095,A-T00095,V0167,114125605.65,2024-07-31,2025-09-17,ACTIVE
C-T00096,T00096,A-T00096,V0439,4474978.78,2024-07-26,2024-09-25,ACTIVE
C-T00097,T00097,A-T00097,V0386,838647.79,2026-01-05,2026-07-16,ACTIVE
C-T00098,T00098,A-T00098,V0162,1128414.33,2024-02-25,2024-06-05,ACTIVE
C-T00099,T00099,A-T00099,V0054,3034865.08,2024-10-10,2025-06-09,ACTIVE
C-T00100,T00100,A-T00100,V0086,76263218.77,2025-02-24,2026-03-20,ACTIVE
C-T00101,T00101,A-T00101,V0509,15101978.97,2024-08-17,2025-11-19,ACTIVE
C-T00102,T00102,A-T00102,V0191,62763631.41,2026-05-14,2027-07-18,ACTIVE
C-T00103,T00103,A-T00103,V0224,38306323.59,2026-05-31,2027-05-16,ACTIVE
C-T00104,T00104,A-T00104,V0179,12197055.11,2026-02-01,2027-05-07,ACTIVE
C-T00105,T00105,A-T00105,V0390,5491854.96,2026-08-11,2027-07-30,ACTIVE
C-T00106,T00106,A-T00106,V0389,44521047.23,2024-11-26,2026-03-14,ACTIVE
C-T00107,T00107,A-T00107,V0172,12349564.66,2026-06-27,2027-02-14,ACTIVE
C-T00108,T00108,A-T00108,V0404,16064280.82,2026-08-04,2027-08-24,ACTIVE
C-T00109,T00109,A-T00109,V0214,22948318.56,2025-07-31,2025-11-09,ACTIVE
C-T00110,T00110,A-T00110,V0031,11227860.6,2026-10-16,2028-01-10,ACTIVE
C-T00111,T00111,A-T00111,V0026,5697018.01,2026-06-21,2027-10-04,ACTIVE
C-T00112,T00112,A-T00112,V0016,2233642.73,2026-05-23,2026-11-04,ACTIVE
C-T00113,T00113,A-T00113,V0546,14631807.0,2026-07-02,2027-03-25,ACTIVE
C-T00114,T00114,A-T00114,V0078,1589780.38,2025-05-03,2026-02-13,ACTIVE
C-T00115,T00115,A-T00115,V0370,2544527.52,2025-07-29,2026-10-04,ACTIVE
C-T00116,T00116,A-T00116,V0515,9090730.6,2026-02-10,2027-07-04,ACTIVE
C-T00117,T00117,A-T00117,V0311,182866712.32,2025-08-23,2026-05-08,ACTIVE
C-T00118,T00118,A-T00118,V0392,3943161.2,2026-07-04,2027-06-25,ACTIVE
C-T00119,T00119,A-T00119,V0488,8069425.57,2024-05-06,2024-11-18,ACTIVE
C-T00120,T00120,A-T00120,V0438,27442712.05,2024-07-21,2024-12-18,ACTIVE
C-T00121,T00121,A-T00121,V0271,22057498.3,2025-10-27,2027-04-19,ACTIVE
C-T00122,T00122,A-T00122,V0044,57210094.62,2026-05-08,2027-05-01,ACTIVE
C-T00123,T00123,A-T00123,V0460,3864604.5,2026-01-02,2026-09-06,ACTIVE
C-T00124,T00124,A-T00124,V0066,28219117.1,2026-08-16,2028-01-18,ACTIVE
C-T00125,T00125,A-T00125,V0269,9354603.31,2025-08-19,2026-08-28,ACTIVE
C-T00126,T00126,A-T00126,V0525,35356094.69,2026-01-28,2027-03-21,ACTIVE
C-T00127,T00127,A-T00127,V0455,45831180.27,2025-06-28,2025-10-07,ACTIVE
C-T00128,T00128,A-T00128,V0117,18171053.33,2025-08-24,2026-08-26,ACTIVE
C-T00129,T00129,A-T00129,V0519,37884515.47,2026-03-30,2027-01-20,ACTIVE
C-T00130,T00130,A-T00130,V0009,16552084.07,2026-02-26,2027-08-16,ACTIVE
C-T00131,T00131,A-T00131,V0458,6237386.43,2024-10-07,2025-06-03,ACTIVE
C-T00132,T00132,A-T00132,V0263,1350426.01,2025-05-21,2026-10-21,ACTIVE
C-T00133,T00133,A-T00133,V0119,5950123.53,2026-03-16,2027-07-11,ACTIVE
C-T00134,T00134,A-T00134,V0392,10072063.18,2024-04-08,2025-03-07,ACTIVE
C-T00135,T00135,A-T00135,V0280,3783756.26,2025-08-09,2026-12-29,ACTIVE
C-T00136,T00136,A-T00136,V0114,99160936.89,2025-06-24,2026-03-13,ACTIVE
C-T00137,T00137,A-T00137,V0051,4850519.51,2024-04-09,2024-06-20,ACTIVE
C-T00138,T00138,A-T00138,V0223,16179311.43,2026-09-08,2027-09-15,ACTIVE
C-T00139,T00139,A-T00139,V0343,14344251.55,2026-01-29,2026-11-30,ACTIVE
C-T00140,T00140,A-T00140,V0198,42812605.18,2025-05-06,2025-12-06,ACTIVE
C-T00141,T00141,A-T00141,V0212,4579037.16,2026-05-26,2027-05-04,ACTIVE
C-T00142,T00142,A-T00142,V0456,12664738.66,2026-03-27,2026-09-06,ACTIVE
C-T00143,T00143,A-T00143,V0282,2204761.36,2026-03-10,2027-04-02,ACTIVE
C-T00144,T00144,A-T00144,V0119,12779397.06,2025-04-08,2026-01-28,ACTIVE
C-T00145,T00145,A-T00145,V0228,3163724.98,2025-10-23,2027-02-01,ACTIVE
C-T00146,T00146,A-T00146,V0482,13974059.68,2024-08-16,2025-01-14,ACTIVE
C-T00147,T00147,A-T00147,V0065,6378690.42,2026-01-05,2027-02-06,ACTIVE
C-T00148,T00148,A-T00148,V0083,19366304.7,2025-12-15,2026-12-24,ACTIVE
C-T00149,T00149,A-T00149,V0435,19223489.98,2025-03-19,2025-10-12,ACTIVE
C-T00150,T00150,A-T00150,V0211,9815596.63,2025-10-02,2025-12-29,ACTIVE
C-T00151,T00151,A-T00151,V0502,13209869.43,2026-06-04,2026-09-28,ACTIVE
C-T00152,T00152,A-T00152,V0025,20394271.34,2024-09-06,2025-03-16,ACTIVE
C-T00153,T00153,A-T00153,V0349,8448513.6,2025-10-06,2026-03-09,ACTIVE
C-T00154,T00154,A-T00154,V0021,12464138.19,2024-06-20,2024-11-02,ACTIVE
C-T00155,T00155,A-T00155,V0336,2583745.12,2025-03-05,2026-05-07,ACTIVE
C-T00156,T00156,A-T00156,V0438,122238407.31,2025-03-06,2025-12-15,ACTIVE
C-T00157,T00157,A-T00157,V0414,7658030.71,2025-11-14,2026-11-13,ACTIVE
C-T00158,T00158,A-T00158,V0433,4423047.19,2026-01-22,2026-06-27,ACTIVE
C-T00159,T00159,A-T00159,V0338,11149321.52,2024-10-28,2025-09-23,ACTIVE
C-T00160,T00160,A-T00160,V0526,85657293.71,2026-04-12,2026-08-24,ACTIVE
C-T00161,T00161,A-T00161,V0103,23440428.39,2025-11-08,2026-06-08,ACTIVE
C-T00162,T00162,A-T00162,V0034,11946889.99,2026-01-23,2026-08-03,ACTIVE
C-T00163,T00163,A-T00163,V0016,63159240.45,2025-09-08,2026-11-24,ACTIVE
C-T00164,T00164,A-T00164,V0431,5918092.07,2026-10-19,2028-03-14,ACTIVE
C-T00165,T00165,A-T00165,V0415,9780968.66,2026-03-28,2027-05-04,ACTIVE
C-T00166,T00166,A-T00166,V0356,30294874.36,2025-07-05,2026-10-16,ACTIVE
C-T00167,T00167,A-T00167,V0437,2195528.03,2026-09-20,2027-07-05,ACTIVE
C-T00168,T00168,A-T00168,V0248,1993370.41,2026-03-04,2026-12-09,ACTIVE
C-T00169,T00169,A-T00169,V0076,35562052.55,2026-04-11,2026-12-12,ACTIVE
C-T00170,T00170,A-T00170,V0027,4526278.68,2026-01-13,2026-04-25,ACTIVE
C-T00171,T00171,A-T00171,V0436,112132838.09,2025-12-12,2026-09-29,ACTIVE
C-T00172,T00172,A-T00172,V0453,10930197.76,2024-04-05,2025-06-08,ACTIVE
C-T00173,T00173,A-T00173,V0328,3406311.51,2025-06-05,2026-06-10,ACTIVE
C-T00174,T00174,A-T00174,V0041,9891080.67,2026-03-26,2027-06-10,ACTIVE
C-T00175,T00175,A-T00175,V0177,8562140.61,2026-06-09,2027-07-05,ACTIVE
C-T00176,T00176,A-T00176,V0347,40600226.06,2025-09-16,2026-02-09,ACTIVE
C-T00177,T00177,A-T00177,V0342,25730095.36,2025-04-08,2025-10-21,ACTIVE
C-T00178,T00178,A-T00178,V0015,3421680.48,2024-06-11,2025-03-24,ACTIVE
C-T00179,T00179,A-T00179,V0426,14296323.69,2025-01-10,2026-04-15,ACTIVE
C-T00180,T00180,A-T00180,V0443,62011849.99,2024-04-25,2025-08-24,ACTIVE
C-T00181,T00181,A-T00181,V0531,25584680.13,2025-03-02,2026-02-10,ACTIVE
C-T00182,T00182,A-T00182,V0253,44910984.29,2024-07-02,2025-10-31,ACTIVE
C-T00183,T00183,A-T00183,V0504,14970430.31,2026-03-31,2027-05-28,ACTIVE
C-T00184,T00184,A-T00184,V0159,69033444.78,2025-08-25,2025-12-05,ACTIVE
C-T00185,T00185,A-T00185,V0489,48162804.54,2024-07-24,2025-01-30,ACTIVE
C-T00186,T00186,A-T00186,V0379,55536444.75,2026-08-07,2027-09-02,ACTIVE
C-T00187,T00187,A-T00187,V0308,15201534.02,2025-10-19,2026-05-08,ACTIVE
C-T00188,T00188,A-T00188,V0487,13508384.81,2026-10-12,2027-05-13,ACTIVE
C-T00189,T00189,A-T00189,V0447,12527971.86,2025-09-10,2025-12-25,ACTIVE
C-T00190,T00190,A-T00190,V0229,1079146.01,2025-05-17,2025-10-08,ACTIVE
C-T00191,T00191,A-T00191,V0259,92313393.59,2024-10-28,2025-04-22,ACTIVE
C-T00192,T00192,A-T00192,V0419,4232684.49,2025-02-24,2025-10-09,ACTIVE
C-T00193,T00193,A-T00193,V0179,7271732.74,2024-07-19,2025-01-10,ACTIVE
C-T00194,T00194,A-T00194,V0445,23995628.48,2024-12-26,2025-11-04,ACTIVE
C-T00195,T00195,A-T00195,V0407,11811474.39,2024-06-26,2025-03-30,ACTIVE
C-T00196,T00196,A-T00196,V0445,12301380.49,2026-02-22,2026-07-12,ACTIVE
C-T00197,T00197,A-T00197,V0480,6006688.03,2026-08-06,2026-12-15,ACTIVE
C-T00198,T00198,A-T00198,V0140,3810076.04,2026-02-13,2027-03-13,ACTIVE
C-T00199,T00199,A-T00199,V0314,24186991.12,2026-02-07,2027-04-15,ACTIVE
C-T00200,T00200,A-T00200,V0020,6580378.9,2025-09-02,2025-11-09,ACTIVE
C-T00201,T00201,A-T00201,V0178,14694969.5,2026-06-26,2026-10-29,ACTIVE
C-T00202,T00202,A-T00202,V0419,2270109.03,2025-07-09,2026-11-06,ACTIVE
C-T00203,T00203,A-T00203,V0484,3295024.75,2024-12-10,2025-04-11,ACTIVE
C-T00204,T00204,A-T00204,V0294,6044757.1,2024-06-26,2025-03-16,ACTIVE
C-T00205,T00205,A-T00205,V0503,3888822.47,2025-05-24,2026-06-01,ACTIVE
C-T00206,T00206,A-T00206,V0220,26863366.72,2026-03-12,2027-08-25,ACTIVE
C-T00207,T00207,A-T00207,V0426,27174536.33,2026-10-02,2026-12-28,ACTIVE
C-T00208,T00208,A-T00208,V0379,735556.54,2024-09-22,2025-05-16,ACTIVE
C-T00209,T00209,A-T00209,V0543,6544747.22,2024-03-07,2024-06-17,ACTIVE
C-T00210,T00210,A-T00210,V0079,2280310.47,2025-02-23,2025-10-21,ACTIVE
C-T00211,T00211,A-T00211,V0461,102381361.57,2025-11-11,2026-07-08,ACTIVE
C-T00212,T00212,A-T00212,V0013,7167286.65,2024-10-24,2025-11-10,ACTIVE
C-T00213,T00213,A-T00213,V0482,8238996.12,2025-09-22,2025-12-28,ACTIVE
C-T00214,T00214,A-T00214,V0289,8039118.79,2025-09-04,2027-01-10,ACTIVE
C-T00215,T00215,A-T00215,V0437,14506854.66,2025-09-03,2026-01-14,ACTIVE
C-T00216,T00216,A-T00216,V0374,27512866.44,2024-08-29,2025-10-25,ACTIVE
C-T00217,T00217,A-T00217,V0482,23589318.71,2025-06-09,2026-03-29,ACTIVE
C-T00218,T00218,A-T00218,V0277,8805725.45,2026-03-28,2027-03-01,ACTIVE
C-T00219,T00219,A-T00219,V0375,47906392.59,2026-06-02,2026-12-17,ACTIVE
C-T00220,T00220,A-T00220,V0328,43660922.01,2025-04-03,2026-04-18,ACTIVE
C-T00221,T00221,A-T00221,V0070,31618809.5,2025-06-26,2026-02-08,ACTIVE
C-T00222,T00222,A-T00222,V0296,9531642.54,2025-06-09,2026-09-25,ACTIVE
C-T00223,T00223,A-T00223,V0220,71804644.03,2025-04-18,2026-07-31,ACTIVE
C-T00224,T00224,A-T00224,V0525,79867884.85,2026-09-21,2027-10-11,ACTIVE
C-T00225,T00225,A-T00225,V0486,15372922.36,2024-06-28,2025-04-12,ACTIVE
C-T00226,T00226,A-T00226,V0332,6675332.06,2024-04-27,2025-09-29,ACTIVE
C-T00227,T00227,A-T00227,V0308,36200673.46,2025-12-05,2026-07-30,ACTIVE
C-T00228,T00228,A-T00228,V0443,13856123.26,2024-09-02,2024-12-07,ACTIVE
C-T00229,T00229,A-T00229,V0073,6865610.07,2024-09-08,2025-05-18,ACTIVE
C-T00230,T00230,A-T00230,V0041,12915052.17,2026-09-27,2028-02-25,ACTIVE
C-T00231,T00231,A-T00231,V0533,6125261.69,2025-12-13,2026-08-11,ACTIVE
C-T00232,T00232,A-T00232,V0119,3195585.95,2025-01-27,2026-03-05,ACTIVE
C-T00233,T00233,A-T00233,V0134,7994178.05,2026-04-07,2026-07-02,ACTIVE
C-T00234,T00234,A-T00234,V0376,13562886.25,2025-03-27,2025-09-09,ACTIVE
C-T00235,T00235,A-T00235,V0060,68384378.02,2026-06-02,2027-06-05,ACTIVE
C-T00236,T00236,A-T00236,V0419,21587867.46,2026-05-20,2027-03-29,ACTIVE
C-T00237,T00237,A-T00237,V0011,5351611.41,2024-07-13,2025-09-05,ACTIVE
C-T00238,T00238,A-T00238,V0186,17349040.82,2024-11-21,2025-06-16,ACTIVE
C-T00239,T00239,A-T00239,V0073,224599455.18,2024-08-29,2025-06-03,ACTIVE
C-T00240,T00240,A-T00240,V0016,14645940.04,2026-01-12,2027-05-01,ACTIVE
C-T00241,T00241,A-T00241,V0316,32504648.59,2025-11-09,2026-05-22,ACTIVE
C-T00242,T00242,A-T00242,V0083,6410221.0,2024-06-30,2025-12-21,ACTIVE
C-T00243,T00243,A-T00243,V0436,13862606.35,2025-04-14,2026-03-05,ACTIVE
C-T00244,T00244,A-T00244,V0020,16067760.32,2024-06-30,2025-12-07,ACTIVE
C-T00245,T00245,A-T00245,V0127,794237.16,2024-07-09,2025-11-27,ACTIVE
C-T00246,T00246,A-T00246,V0456,10098149.71,2024-04-07,2025-07-12,ACTIVE
C-T00247,T00247,A-T00247,V0528,6068247.55,2024-04-08,2025-04-24,ACTIVE
C-T00248,T00248,A-T00248,V0185,10136123.86,2024-11-14,2025-09-08,ACTIVE
C-T00249,T00249,A-T00249,V0110,18620967.33,2026-01-06,2027-01-18,ACTIVE
C-T00250,T00250,A-T00250,V0482,59591085.55,2025-02-24,2026-03-02,ACTIVE
C-T00251,T00251,A-T00251,V0335,13836390.17,2026-05-10,2027-02-10,ACTIVE
C-T00252,T00252,A-T00252,V0345,23335709.69,2024-04-29,2024-07-26,ACTIVE
C-T00253,T00253,A-T00253,V0253,3882991.06,2024-10-21,2025-05-30,ACTIVE
C-T00254,T00254,A-T00254,V0328,2672885.77,2025-11-18,2026-04-20,ACTIVE
C-T00255,T00255,A-T00255,V0372,4428442.69,2024-06-09,2025-01-30,ACTIVE
C-T00256,T00256,A-T00256,V0288,19062457.18,2026-02-04,2026-07-10,ACTIVE
C-T00257,T00257,A-T00257,V0207,23405854.13,2025-08-14,2026-05-28,ACTIVE
C-T00258,T00258,A-T00258,V0378,6151507.37,2025-02-22,2026-07-05,ACTIVE
C-T00259,T00259,A-T00259,V0142,1183849.79,2024-11-11,2025-12-18,ACTIVE
C-T00260,T00260,A-T00260,V0244,24542826.64,2025-12-15,2026-11-25,ACTIVE
C-T00261,T00261,A-T00261,V0144,786055.44,2024-08-20,2026-01-02,ACTIVE
C-T00262,T00262,A-T00262,V0409,3266314.43,2026-08-16,2026-10-22,ACTIVE
C-T00263,T00263,A-T00263,V0468,60850441.6,2025-06-01,2025-12-09,ACTIVE
C-T00264,T00264,A-T00264,V0276,3473440.02,2024-05-29,2025-10-02,ACTIVE
C-T00265,T00265,A-T00265,V0387,30004497.53,2026-01-17,2026-12-30,ACTIVE
C-T00266,T00266,A-T00266,V0083,19355993.78,2026-08-13,2027-04-21,ACTIVE
C-T00267,T00267,A-T00267,V0045,10825314.98,2026-09-29,2028-01-30,ACTIVE
C-T00268,T00268,A-T00268,V0134,4585946.28,2025-12-13,2026-08-18,ACTIVE
C-T00269,T00269,A-T00269,V0280,14438309.77,2026-02-12,2027-01-07,ACTIVE
C-T00270,T00270,A-T00270,V0204,9693884.9,2025-12-17,2027-03-12,ACTIVE
C-T00271,T00271,A-T00271,V0403,7972448.67,2025-04-26,2026-01-30,ACTIVE
C-T00272,T00272,A-T00272,V0195,93907662.81,2026-10-02,2028-02-19,ACTIVE
C-T00273,T00273,A-T00273,V0143,5900419.01,2024-07-01,2024-10-27,ACTIVE
C-T00274,T00274,A-T00274,V0022,4147898.6,2026-06-17,2027-10-04,ACTIVE
C-T00275,T00275,A-T00275,V0119,4384624.77,2025-07-02,2026-02-08,ACTIVE
C-T00276,T00276,A-T00276,V0332,5514189.22,2026-09-15,2027-11-03,ACTIVE
C-T00277,T00277,A-T00277,V0306,11469515.42,2025-07-07,2026-09-11,ACTIVE
C-T00278,T00278,A-T00278,V0533,817858.21,2026-08-16,2026-12-02,ACTIVE
C-T00279,T00279,A-T00279,V0192,15923124.62,2025-07-13,2026-11-19,ACTIVE
C-T00280,T00280,A-T00280,V0027,20174571.56,2024-12-15,2026-05-24,ACTIVE
C-T00281,T00281,A-T00281,V0419,891345.42,2025-03-12,2025-12-12,ACTIVE
C-T00282,T00282,A-T00282,V0549,25672347.32,2024-08-23,2024-10-26,ACTIVE
C-T00283,T00283,A-T00283,V0013,5034299.78,2026-09-23,2027-05-06,ACTIVE
C-T00284,T00284,A-T00284,V0258,4165324.92,2026-01-13,2027-02-13,ACTIVE
C-T00285,T00285,A-T00285,V0230,4631214.33,2026-05-11,2027-06-23,ACTIVE
C-T00286,T00286,A-T00286,V0181,19247955.59,2026-03-25,2026-08-22,ACTIVE
C-T00287,T00287,A-T00287,V0054,10103999.54,2026-03-08,2026-07-28,ACTIVE
C-T00288,T00288,A-T00288,V0384,11400353.88,2024-11-02,2025-07-03,ACTIVE
C-T00289,T00289,A-T00289,V0151,4555834.69,2026-05-16,2027-06-28,ACTIVE
C-T00290,T00290,A-T00290,V0231,5525128.41,2025-09-03,2026-09-20,ACTIVE
C-T00291,T00291,A-T00291,V0531,37425475.97,2024-10-08,2025-08-25,ACTIVE
C-T00292,T00292,A-T00292,V0240,2871622.31,2026-09-29,2028-02-08,ACTIVE
C-T00293,T00293,A-T00293,V0125,72511993.38,2026-09-16,2027-10-16,ACTIVE
C-T00294,T00294,A-T00294,V0040,8140563.85,2024-11-13,2025-11-14,ACTIVE
C-T00295,T00295,A-T00295,V0212,12145242.33,2025-09-27,2026-04-01,ACTIVE
C-T00296,T00296,A-T00296,V0350,7993606.89,2024-04-10,2024-06-25,ACTIVE
C-T00297,T00297,A-T00297,V0275,36932560.18,2025-12-19,2027-02-11,ACTIVE
C-T00298,T00298,A-T00298,V0218,2883448.13,2025-10-20,2026-06-22,ACTIVE
C-T00299,T00299,A-T00299,V0169,9329707.05,2024-07-05,2025-02-08,ACTIVE
C-T00300,T00300,A-T00300,V0460,13097497.63,2024-06-21,2024-12-09,ACTIVE
C-T00301,T00301,A-T00301,V0365,22787650.86,2025-08-04,2026-04-16,ACTIVE
C-T00302,T00302,A-T00302,V0198,4649676.17,2025-04-21,2026-08-17,ACTIVE
C-T00303,T00303,A-T00303,V0438,51968105.66,2025-05-25,2025-12-27,ACTIVE
C-T00304,T00304,A-T00304,V0051,6966975.53,2024-04-01,2024-10-05,ACTIVE
C-T00305,T00305,A-T00305,V0161,6959505.98,2024-08-27,2025-05-26,ACTIVE
C-T00306,T00306,A-T00306,V0126,6244632.41,2024-10-09,2025-06-18,ACTIVE
C-T00307,T00307,A-T00307,V0335,1258295.47,2024-09-09,2025-02-02,ACTIVE
C-T00308,T00308,A-T00308,V0086,6281975.05,2026-01-24,2027-06-25,ACTIVE
C-T00309,T00309,A-T00309,V0514,16545982.65,2024-04-08,2024-12-18,ACTIVE
C-T00310,T00310,A-T00310,V0454,8094826.67,2025-03-22,2025-12-30,ACTIVE
C-T00311,T00311,A-T00311,V0399,9830217.02,2025-11-18,2026-08-31,ACTIVE
C-T00312,T00312,A-T00312,V0456,6533894.52,2024-07-18,2025-12-12,ACTIVE
C-T00313,T00313,A-T00313,V0149,19101554.16,2026-09-09,2027-01-25,ACTIVE
C-T00314,T00314,A-T00314,V0532,15102557.69,2025-08-14,2026-10-04,ACTIVE
C-T00315,T00315,A-T00315,V0114,10379478.5,2026-09-15,2027-12-06,ACTIVE
C-T00316,T00316,A-T00316,V0536,5897754.17,2026-06-01,2027-06-28,ACTIVE
C-T00317,T00317,A-T00317,V0160,7833876.09,2024-04-27,2024-09-11,ACTIVE
C-T00318,T00318,A-T00318,V0303,5590217.86,2024-08-04,2025-11-08,ACTIVE
C-T00319,T00319,A-T00319,V0184,16610843.47,2026-03-17,2027-01-15,ACTIVE
C-T00320,T00320,A-T00320,V0452,5947703.35,2024-10-12,2026-02-28,ACTIVE
C-T00321,T00321,A-T00321,V0114,55209409.5,2026-07-19,2026-11-07,ACTIVE
C-T00322,T00322,A-T00322,V0469,22181053.53,2026-08-14,2026-11-21,ACTIVE
C-T00323,T00323,A-T00323,V0085,1594594.02,2026-02-16,2026-06-25,ACTIVE
C-T00324,T00324,A-T00324,V0023,13842889.65,2025-05-04,2025-12-31,ACTIVE
C-T00325,T00325,A-T00325,V0410,62668744.54,2025-12-08,2026-12-01,ACTIVE
C-T00326,T00326,A-T00326,V0388,2015811.14,2025-01-24,2025-03-29,ACTIVE
C-T00327,T00327,A-T00327,V0132,3706910.21,2025-11-12,2026-12-04,ACTIVE
C-T00328,T00328,A-T00328,V0218,6752161.68,2026-02-11,2026-06-04,ACTIVE
C-T00329,T00329,A-T00329,V0319,7218635.25,2025-07-07,2026-10-23,ACTIVE
C-T00330,T00330,A-T00330,V0302,7809686.18,2026-03-05,2026-09-07,ACTIVE
C-T00331,T00331,A-T00331,V0062,3054475.0,2025-04-19,2026-01-30,ACTIVE
C-T00332,T00332,A-T00332,V0294,6476667.05,2025-02-20,2025-12-22,ACTIVE
C-T00333,T00333,A-T00333,V0259,1035747.55,2024-09-18,2025-05-27,ACTIVE
C-T00334,T00334,A-T00334,V0182,3198383.26,2026-05-10,2027-08-30,ACTIVE
C-T00335,T00335,A-T00335,V0314,4620587.59,2025-06-11,2026-07-07,ACTIVE
C-T00336,T00336,A-T00336,V0461,28914218.07,2026-05-10,2027-02-17,ACTIVE
C-T00337,T00337,A-T00337,V0054,23499246.82,2026-01-29,2026-04-20,ACTIVE
C-T00338,T00338,A-T00338,V0289,67781390.18,2024-03-20,2024-09-19,ACTIVE
C-T00339,T00339,A-T00339,V0464,23375885.51,2026-03-23,2027-01-21,ACTIVE
C-T00340,T00340,A-T00340,V0214,23641199.2,2026-08-05,2026-12-30,ACTIVE
C-T00341,T00341,A-T00341,V0188,2526495.94,2026-05-02,2026-08-28,ACTIVE
C-T00342,T00342,A-T00342,V0530,4547403.8,2024-09-16,2025-10-21,ACTIVE
C-T00343,T00343,A-T00343,V0071,7345010.13,2024-04-06,2025-01-15,ACTIVE
C-T00344,T00344,A-T00344,V0309,10361301.27,2026-07-06,2027-07-31,ACTIVE
C-T00345,T00345,A-T00345,V0363,123881571.92,2026-07-23,2026-10-03,ACTIVE
C-T00346,T00346,A-T00346,V0279,13207434.02,2025-06-24,2026-04-05,ACTIVE
C-T00347,T00347,A-T00347,V0064,5766902.46,2025-12-15,2026-05-01,ACTIVE
C-T00348,T00348,A-T00348,V0127,2034709.07,2025-06-28,2026-05-02,ACTIVE
C-T00349,T00349,A-T00349,V0421,15425697.18,2024-11-26,2025-10-14,ACTIVE
C-T00350,T00350,A-T00350,V0091,36595675.57,2024-08-05,2025-01-24,ACTIVE
C-T00351,T00351,A-T00351,V0222,3032650.3,2025-07-26,2026-07-30,ACTIVE
C-T00352,T00352,A-T00352,V0187,5022625.51,2024-07-02,2025-06-29,ACTIVE
C-T00353,T00353,A-T00353,V0437,29582799.4,2025-09-23,2027-03-11,ACTIVE
C-T00354,T00354,A-T00354,V0133,17745789.01,2026-04-02,2026-08-03,ACTIVE
C-T00355,T00355,A-T00355,V0415,33780593.73,2025-05-17,2026-03-24,ACTIVE
C-T00356,T00356,A-T00356,V0512,1532808.19,2025-05-19,2026-04-23,ACTIVE
C-T00357,T00357,A-T00357,V0369,55512671.36,2026-07-17,2027-01-14,ACTIVE
C-T00358,T00358,A-T00358,V0057,35253914.36,2026-07-16,2027-03-21,ACTIVE
C-T00359,T00359,A-T00359,V0259,17631972.01,2024-03-18,2024-12-29,ACTIVE
C-T00360,T00360,A-T00360,V0297,9953966.04,2026-08-23,2026-12-31,ACTIVE
C-T00361,T00361,A-T00361,V0229,6657563.85,2024-06-12,2024-08-29,ACTIVE
C-T00362,T00362,A-T00362,V0385,238809461.29,2026-09-20,2027-12-11,ACTIVE
C-T00363,T00363,A-T00363,V0399,80081868.05,2025-04-21,2026-08-10,ACTIVE
C-T00364,T00364,A-T00364,V0015,3130239.88,2024-05-30,2025-08-16,ACTIVE
C-T00365,T00365,A-T00365,V0417,20305641.99,2024-08-26,2025-02-12,ACTIVE
C-T00366,T00366,A-T00366,V0372,12105411.87,2025-12-06,2026-04-18,ACTIVE
C-T00367,T00367,A-T00367,V0199,5961611.15,2025-08-15,2026-11-04,ACTIVE
C-T00368,T00368,A-T00368,V0342,41010796.27,2024-09-01,2025-10-25,ACTIVE
C-T00369,T00369,A-T00369,V0001,9925715.51,2025-07-23,2026-01-22,ACTIVE
C-T00370,T00370,A-T00370,V0021,85102831.33,2026-07-14,2026-10-09,ACTIVE
C-T00371,T00371,A-T00371,V0388,2649942.93,2025-09-08,2025-11-30,ACTIVE
C-T00372,T00372,A-T00372,V0142,14399901.38,2024-11-04,2025-07-17,ACTIVE
C-T00373,T00373,A-T00373,V0152,14870726.39,2026-02-20,2026-12-26,ACTIVE
C-T00374,T00374,A-T00374,V0020,4305830.06,2024-08-14,2025-11-12,ACTIVE
C-T00375,T00375,A-T00375,V0114,41158366.25,2025-04-17,2026-02-19,ACTIVE
C-T00376,T00376,A-T00376,V0151,1273258.58,2026-04-28,2026-10-17,ACTIVE
C-T00377,T00377,A-T00377,V0313,58490080.7,2026-03-11,2027-03-15,ACTIVE
C-T00378,T00378,A-T00378,V0421,15738229.75,2026-01-04,2027-06-11,ACTIVE
C-T00379,T00379,A-T00379,V0375,8190666.68,2026-04-07,2027-01-12,ACTIVE
C-T00380,T00380,A-T00380,V0006,42522973.01,2026-06-07,2026-10-29,ACTIVE
C-T00381,T00381,A-T00381,V0203,1937639.9,2026-05-08,2027-02-01,ACTIVE
C-T00382,T00382,A-T00382,V0349,15503365.65,2026-06-24,2026-11-02,ACTIVE
C-T00383,T00383,A-T00383,V0365,17993421.13,2024-05-14,2025-06-19,ACTIVE
C-T00384,T00384,A-T00384,V0161,4074735.13,2025-02-08,2026-03-20,ACTIVE
C-T00385,T00385,A-T00385,V0322,129053381.08,2026-08-04,2027-06-14,ACTIVE
C-T00386,T00386,A-T00386,V0308,11047316.16,2024-10-14,2025-09-08,ACTIVE
C-T00387,T00387,A-T00387,V0050,2152554.21,2026-03-26,2027-02-17,ACTIVE
C-T00388,T00388,A-T00388,V0495,7350820.89,2026-09-19,2027-12-21,ACTIVE
C-T00389,T00389,A-T00389,V0157,8713679.9,2026-03-18,2027-08-04,ACTIVE
C-T00390,T00390,A-T00390,V0314,11914017.57,2025-03-15,2026-08-18,ACTIVE
C-T00391,T00391,A-T00391,V0096,4960807.81,2026-02-10,2027-03-03,ACTIVE
C-T00392,T00392,A-T00392,V0538,20103125.72,2024-05-14,2024-10-21,ACTIVE
C-T00393,T00393,A-T00393,V0510,54688338.36,2026-04-07,2026-08-23,ACTIVE
C-T00394,T00394,A-T00394,V0123,5948192.17,2025-05-27,2026-08-22,ACTIVE
C-T00395,T00395,A-T00395,V0381,22859184.83,2025-04-19,2026-08-11,ACTIVE
C-T00396,T00396,A-T00396,V0340,1449311.79,2026-02-13,2026-04-19,ACTIVE
C-T00397,T00397,A-T00397,V0066,30061375.42,2026-07-03,2027-07-27,ACTIVE
C-T00398,T00398,A-T00398,V0187,24952722.43,2024-05-21,2025-02-28,ACTIVE
C-T00399,T00399,A-T00399,V0051,4654829.81,2024-07-12,2025-10-12,ACTIVE
C-T00400,T00400,A-T00400,V0489,2002990.2,2025-07-12,2026-12-09,ACTIVE
C-T00401,T00401,A-T00401,V0431,7704124.44,2024-08-31,2024-11-09,ACTIVE
C-T00402,T00402,A-T00402,V0366,4216496.29,2025-03-26,2025-07-19,ACTIVE
C-T00403,T00403,A-T00403,V0224,16098477.82,2025-01-08,2026-05-20,ACTIVE
C-T00404,T00404,A-T00404,V0277,14869746.49,2025-11-14,2026-07-03,ACTIVE
C-T00405,T00405,A-T00405,V0307,4429493.79,2024-06-15,2024-09-23,ACTIVE
C-T00406,T00406,A-T00406,V0453,4159547.24,2025-09-28,2026-02-24,ACTIVE
C-T00407,T00407,A-T00407,V0020,3374697.56,2025-01-26,2026-05-08,ACTIVE
C-T00408,T00408,A-T00408,V0469,11099714.0,2025-12-03,2026-11-25,ACTIVE
C-T00409,T00409,A-T00409,V0338,20302754.82,2024-12-04,2025-07-23,ACTIVE
C-T00410,T00410,A-T00410,V0248,12516149.58,2024-10-22,2025-11-25,ACTIVE
C-T00411,T00411,A-T00411,V0488,54495152.12,2025-04-18,2026-02-19,ACTIVE
C-T00412,T00412,A-T00412,V0402,2369519.7,2024-04-26,2025-03-06,ACTIVE
C-T00413,T00413,A-T00413,V0098,15135319.01,2025-05-15,2026-06-09,ACTIVE
C-T00414,T00414,A-T00414,V0523,3831267.51,2025-09-27,2027-02-17,ACTIVE
C-T00415,T00415,A-T00415,V0078,16756002.89,2025-11-26,2026-07-09,ACTIVE
C-T00416,T00416,A-T00416,V0133,16021197.37,2024-09-10,2025-01-25,ACTIVE
C-T00417,T00417,A-T00417,V0482,3326569.06,2026-03-15,2026-06-12,ACTIVE
C-T00418,T00418,A-T00418,V0071,32835323.4,2025-03-07,2026-08-28,ACTIVE
C-T00419,T00419,A-T00419,V0281,8264412.22,2025-09-18,2026-09-25,ACTIVE
C-T00420,T00420,A-T00420,V0003,11018572.12,2025-03-05,2025-12-17,ACTIVE
C-T00421,T00421,A-T00421,V0072,9638300.28,2025-01-26,2025-08-27,ACTIVE
C-T00422,T00422,A-T00422,V0304,10303940.61,2026-06-09,2026-08-08,ACTIVE
C-T00423,T00423,A-T00423,V0379,2033506.15,2024-11-12,2025-02-03,ACTIVE
C-T00424,T00424,A-T00424,V0251,7455189.91,2026-06-29,2026-09-03,ACTIVE
C-T00425,T00425,A-T00425,V0393,60595512.51,2026-10-25,2028-03-20,ACTIVE
C-T00426,T00426,A-T00426,V0401,17684816.13,2024-10-13,2025-03-15,ACTIVE
C-T00427,T00427,A-T00427,V0523,1304942.63,2025-10-13,2026-04-25,ACTIVE
C-T00428,T00428,A-T00428,V0249,43149162.99,2025-11-28,2026-09-30,ACTIVE
C-T00429,T00429,A-T00429,V0481,1890278.14,2025-12-08,2027-05-30,ACTIVE
C-T00430,T00430,A-T00430,V0489,15105252.36,2026-06-27,2027-10-07,ACTIVE
C-T00431,T00431,A-T00431,V0356,110246443.01,2024-07-08,2025-04-16,ACTIVE
C-T00432,T00432,A-T00432,V0087,7618911.25,2025-04-07,2025-07-17,ACTIVE
C-T00433,T00433,A-T00433,V0016,56722437.62,2025-07-28,2026-10-10,ACTIVE
C-T00434,T00434,A-T00434,V0404,13749687.18,2026-02-07,2026-10-30,ACTIVE
C-T00435,T00435,A-T00435,V0083,2858715.6,2025-05-23,2026-01-04,ACTIVE
C-T00436,T00436,A-T00436,V0433,2673644.71,2026-10-12,2027-05-16,ACTIVE
C-T00437,T00437,A-T00437,V0414,9514197.32,2026-05-10,2026-12-27,ACTIVE
C-T00438,T00438,A-T00438,V0223,11224684.46,2026-02-18,2026-08-27,ACTIVE
C-T00439,T00439,A-T00439,V0424,6225985.32,2026-06-15,2027-11-01,ACTIVE
C-T00440,T00440,A-T00440,V0123,5882205.44,2024-04-06,2025-06-03,ACTIVE
C-T00441,T00441,A-T00441,V0310,194983711.81,2024-06-12,2025-05-28,ACTIVE
C-T00442,T00442,A-T00442,V0098,22641199.77,2026-06-22,2027-01-05,ACTIVE
C-T00443,T00443,A-T00443,V0019,8356638.59,2025-09-05,2026-06-11,ACTIVE
C-T00444,T00444,A-T00444,V0507,7687155.24,2025-03-10,2026-06-12,ACTIVE
C-T00445,T00445,A-T00445,V0544,72362560.65,2024-06-09,2025-04-08,ACTIVE
C-T00446,T00446,A-T00446,V0374,85195846.66,2024-11-28,2026-03-17,ACTIVE
C-T00447,T00447,A-T00447,V0355,6949654.94,2025-08-10,2026-09-03,ACTIVE
C-T00448,T00448,A-T00448,V0364,1209532.51,2024-05-07,2024-07-20,ACTIVE
C-T00449,T00449,A-T00449,V0411,3146372.18,2025-09-03,2026-10-16,ACTIVE
C-T00450,T00450,A-T00450,V0355,20815263.17,2026-05-13,2027-04-15,ACTIVE
C-T00451,T00451,A-T00451,V0023,93627148.89,2025-04-04,2025-08-23,ACTIVE
C-T00452,T00452,A-T00452,V0304,35895372.54,2025-06-08,2026-11-05,ACTIVE
C-T00453,T00453,A-T00453,V0397,5718266.84,2026-05-21,2027-10-10,ACTIVE
C-T00454,T00454,A-T00454,V0148,1807578.56,2024-05-24,2025-01-20,ACTIVE
C-T00455,T00455,A-T00455,V0208,55052576.3,2026-01-04,2027-04-17,ACTIVE
C-T00456,T00456,A-T00456,V0010,11869090.9,2025-01-26,2025-05-29,ACTIVE
C-T00457,T00457,A-T00457,V0020,6701379.49,2024-08-30,2024-11-29,ACTIVE
C-T00458,T00458,A-T00458,V0215,53022154.46,2025-01-14,2025-06-30,ACTIVE
C-T00459,T00459,A-T00459,V0063,231107132.98,2026-03-18,2027-06-24,ACTIVE
C-T00460,T00460,A-T00460,V0026,21341364.08,2024-07-03,2024-09-02,ACTIVE
C-T00461,T00461,A-T00461,V0519,1945924.36,2024-12-15,2026-03-04,ACTIVE
C-T00462,T00462,A-T00462,V0054,6520913.7,2025-11-25,2026-03-13,ACTIVE
C-T00463,T00463,A-T00463,V0319,1501432.45,2025-10-18,2026-07-08,ACTIVE
C-T00464,T00464,A-T00464,V0256,1133591.62,2025-05-02,2026-04-25,ACTIVE
C-T00465,T00465,A-T00465,V0212,3284988.62,2025-09-05,2026-04-14,ACTIVE
C-T00466,T00466,A-T00466,V0328,2973110.38,2024-04-04,2024-07-17,ACTIVE
C-T00467,T00467,A-T00467,V0082,1104278.13,2025-01-14,2025-07-08,ACTIVE
C-T00468,T00468,A-T00468,V0511,30860088.92,2024-12-03,2025-04-07,ACTIVE
C-T00469,T00469,A-T00469,V0066,3765497.62,2025-07-23,2026-02-01,ACTIVE
C-T00470,T00470,A-T00470,V0478,8155174.87,2025-05-11,2026-03-12,ACTIVE
C-T00471,T00471,A-T00471,V0263,2480996.94,2024-07-13,2025-01-11,ACTIVE
C-T00472,T00472,A-T00472,V0293,45977819.11,2026-05-03,2027-01-06,ACTIVE
C-T00473,T00473,A-T00473,V0006,8118019.8,2025-12-18,2026-10-11,ACTIVE
C-T00474,T00474,A-T00474,V0014,92418375.11,2024-05-12,2025-01-27,ACTIVE
C-T00475,T00475,A-T00475,V0098,7092298.24,2025-05-15,2026-09-02,ACTIVE
C-T00476,T00476,A-T00476,V0347,37270520.04,2024-10-17,2025-04-03,ACTIVE
C-T00477,T00477,A-T00477,V0547,35960483.35,2025-08-01,2026-08-06,ACTIVE
C-T00478,T00478,A-T00478,V0546,3321687.17,2026-02-28,2027-04-01,ACTIVE
C-T00479,T00479,A-T00479,V0382,1258607.18,2025-10-21,2026-01-26,ACTIVE
C-T00480,T00480,A-T00480,V0313,7097087.37,2025-02-10,2026-07-25,ACTIVE
C-T00481,T00481,A-T00481,V0476,11950773.19,2024-10-26,2025-03-03,ACTIVE
C-T00482,T00482,A-T00482,V0265,20122684.95,2025-01-31,2025-12-24,ACTIVE
C-T00483,T00483,A-T00483,V0543,11936512.05,2024-12-12,2025-08-17,ACTIVE
C-T00484,T00484,A-T00484,V0336,7549185.9,2024-12-09,2026-03-03,ACTIVE
C-T00485,T00485,A-T00485,V0286,9187092.93,2025-01-20,2025-06-29,ACTIVE
C-T00486,T00486,A-T00486,V0178,1358132.42,2026-09-07,2027-03-29,ACTIVE
C-T00487,T00487,A-T00487,V0223,4023167.31,2025-05-09,2025-12-22,ACTIVE
C-T00488,T00488,A-T00488,V0132,33530513.1,2024-02-20,2025-04-27,ACTIVE
C-T00489,T00489,A-T00489,V0207,8172976.59,2026-02-27,2027-01-25,ACTIVE
C-T00490,T00490,A-T00490,V0100,24481770.38,2026-03-02,2027-04-14,ACTIVE
C-T00491,T00491,A-T00491,V0404,13535660.81,2025-05-17,2025-08-09,ACTIVE
C-T00492,T00492,A-T00492,V0244,2123535.33,2026-09-02,2027-04-03,ACTIVE
C-T00493,T00493,A-T00493,V0133,21393534.43,2024-10-05,2025-11-09,ACTIVE
C-T00494,T00494,A-T00494,V0027,27843411.83,2026-06-16,2027-02-04,ACTIVE
C-T00495,T00495,A-T00495,V0347,4879339.44,2026-06-25,2027-02-11,ACTIVE
C-T00496,T00496,A-T00496,V0022,12775656.44,2025-11-17,2026-08-05,ACTIVE
C-T00497,T00497,A-T00497,V0363,5854071.24,2024-11-21,2025-02-19,ACTIVE
C-T00498,T00498,A-T00498,V0099,4534715.65,2026-06-10,2027-05-09,ACTIVE
C-T00499,T00499,A-T00499,V0129,19389409.49,2024-06-30,2025-02-01,ACTIVE
C-T00500,T00500,A-T00500,V0421,49947040.72,2024-07-18,2025-04-28,ACTIVE
C-T00501,T00501,A-T00501,V0091,28789133.07,2024-09-28,2026-02-14,ACTIVE
C-T00502,T00502,A-T00502,V0503,11198708.06,2024-11-07,2025-07-11,ACTIVE
C-T00503,T00503,A-T00503,V0127,11118871.27,2026-07-10,2027-06-11,ACTIVE
C-T00504,T00504,A-T00504,V0231,18314487.12,2026-08-03,2027-08-23,ACTIVE
C-T00505,T00505,A-T00505,V0465,2870366.1,2026-01-20,2026-05-13,ACTIVE
C-T00506,T00506,A-T00506,V0263,5561343.65,2026-02-04,2026-09-27,ACTIVE
C-T00507,T00507,A-T00507,V0259,53388528.15,2026-09-26,2027-05-25,ACTIVE
C-T00508,T00508,A-T00508,V0135,5482536.97,2025-05-01,2026-03-14,ACTIVE
C-T00509,T00509,A-T00509,V0340,5925255.15,2025-04-30,2025-11-21,ACTIVE
C-T00510,T00510,A-T00510,V0335,6336179.1,2024-08-20,2025-02-15,ACTIVE
C-T00511,T00511,A-T00511,V0494,13756335.94,2025-12-22,2026-11-03,ACTIVE
C-T00512,T00512,A-T00512,V0504,85663671.87,2025-01-30,2026-05-16,ACTIVE
C-T00513,T00513,A-T00513,V0368,51299291.5,2026-03-20,2026-08-08,ACTIVE
C-T00514,T00514,A-T00514,V0125,17499967.45,2025-08-10,2026-03-01,ACTIVE
C-T00515,T00515,A-T00515,V0368,10619562.73,2024-06-24,2025-03-07,ACTIVE
C-T00516,T00516,A-T00516,V0194,35656498.56,2025-04-19,2025-08-04,ACTIVE
C-T00517,T00517,A-T00517,V0385,62538359.04,2026-02-14,2026-12-14,ACTIVE
C-T00518,T00518,A-T00518,V0455,16357534.02,2026-02-01,2026-12-17,ACTIVE
C-T00519,T00519,A-T00519,V0248,2065367.16,2026-06-09,2027-08-14,ACTIVE
C-T00520,T00520,A-T00520,V0309,7842461.9,2026-06-24,2027-02-23,ACTIVE
C-T00521,T00521,A-T00521,V0025,7765415.54,2026-06-26,2027-09-11,ACTIVE
C-T00522,T00522,A-T00522,V0060,12732654.79,2024-09-09,2025-05-20,ACTIVE
C-T00523,T00523,A-T00523,V0483,7738393.14,2025-02-12,2025-05-20,ACTIVE
C-T00524,T00524,A-T00524,V0307,10582088.71,2024-11-02,2025-08-09,ACTIVE
C-T00525,T00525,A-T00525,V0286,5640873.61,2024-06-02,2025-01-23,ACTIVE
C-T00526,T00526,A-T00526,V0482,2505266.5,2025-01-15,2025-06-16,ACTIVE
C-T00527,T00527,A-T00527,V0379,779973.71,2026-04-21,2026-10-02,ACTIVE
C-T00528,T00528,A-T00528,V0144,3016819.57,2026-06-26,2027-06-25,ACTIVE
C-T00529,T00529,A-T00529,V0133,41927899.13,2026-05-13,2027-11-02,ACTIVE
C-T00530,T00530,A-T00530,V0263,5795231.5,2025-09-01,2026-10-05,ACTIVE
C-T00531,T00531,A-T00531,V0012,3706339.06,2024-07-05,2025-03-12,ACTIVE
C-T00532,T00532,A-T00532,V0455,1118292.53,2025-03-19,2026-07-21,ACTIVE
C-T00533,T00533,A-T00533,V0358,11653542.15,2025-03-21,2026-01-04,ACTIVE
C-T00534,T00534,A-T00534,V0023,2034331.96,2024-11-11,2025-02-27,ACTIVE
C-T00535,T00535,A-T00535,V0501,2825603.72,2024-11-22,2025-09-21,ACTIVE
C-T00536,T00536,A-T00536,V0400,23533390.28,2025-07-25,2026-04-27,ACTIVE
C-T00537,T00537,A-T00537,V0308,5205445.55,2025-12-14,2026-05-13,ACTIVE
C-T00538,T00538,A-T00538,V0498,4266539.24,2024-08-12,2025-12-25,ACTIVE
C-T00539,T00539,A-T00539,V0455,3534541.59,2026-09-13,2027-05-05,ACTIVE
C-T00540,T00540,A-T00540,V0023,152176858.55,2024-07-30,2025-05-05,ACTIVE
C-T00541,T00541,A-T00541,V0514,3628992.7,2026-09-27,2027-12-03,ACTIVE
C-T00542,T00542,A-T00542,V0078,14851009.15,2026-02-27,2027-08-19,ACTIVE
C-T00543,T00543,A-T00543,V0244,22848279.26,2024-12-22,2025-07-26,ACTIVE
C-T00544,T00544,A-T00544,V0532,5334090.46,2025-06-17,2026-01-08,ACTIVE
C-T00545,T00545,A-T00545,V0015,5607879.97,2026-07-12,2027-11-29,ACTIVE
C-T00546,T00546,A-T00546,V0092,8769191.44,2026-04-02,2027-08-04,ACTIVE
C-T00547,T00547,A-T00547,V0531,42620298.09,2025-11-10,2026-11-23,ACTIVE
C-T00548,T00548,A-T00548,V0078,3762864.66,2025-06-28,2026-05-15,ACTIVE
C-T00549,T00549,A-T00549,V0362,8185683.56,2026-05-10,2027-03-17,ACTIVE
C-T00550,T00550,A-T00550,V0278,1414604.48,2026-10-08,2027-11-01,ACTIVE
C-T00551,T00551,A-T00551,V0147,6728547.1,2024-09-02,2025-07-19,ACTIVE
C-T00552,T00552,A-T00552,V0301,4095595.48,2026-02-15,2027-08-07,ACTIVE
C-T00553,T00553,A-T00553,V0384,35347696.99,2025-12-06,2026-06-09,ACTIVE
C-T00554,T00554,A-T00554,V0004,264674904.33,2025-12-28,2026-09-26,ACTIVE
C-T00555,T00555,A-T00555,V0478,95242075.29,2025-02-10,2026-03-12,ACTIVE
C-T00556,T00556,A-T00556,V0298,3145074.3,2025-01-07,2025-05-10,ACTIVE
C-T00557,T00557,A-T00557,V0355,5974777.21,2024-12-20,2025-08-15,ACTIVE
C-T00558,T00558,A-T00558,V0550,34755233.47,2025-06-08,2025-12-18,ACTIVE
C-T00559,T00559,A-T00559,V0179,11316332.46,2025-12-17,2026-12-29,ACTIVE
C-T00560,T00560,A-T00560,V0280,1429519.06,2026-06-10,2027-02-14,ACTIVE
C-T00561,T00561,A-T00561,V0541,36177776.49,2026-08-24,2027-10-25,ACTIVE
C-T00562,T00562,A-T00562,V0273,20924173.47,2026-09-12,2027-11-05,ACTIVE
C-T00563,T00563,A-T00563,V0347,259181377.2,2025-01-22,2026-06-19,ACTIVE
C-T00564,T00564,A-T00564,V0490,4937940.15,2025-01-19,2025-07-23,ACTIVE
C-T00565,T00565,A-T00565,V0041,2962294.26,2026-09-16,2027-11-30,ACTIVE
C-T00566,T00566,A-T00566,V0223,9507750.91,2026-04-19,2027-06-04,ACTIVE
C-T00567,T00567,A-T00567,V0382,15714420.01,2024-11-03,2025-05-25,ACTIVE
C-T00568,T00568,A-T00568,V0077,4601661.85,2024-07-01,2025-07-31,ACTIVE
C-T00569,T00569,A-T00569,V0470,24380978.73,2026-07-13,2027-08-22,ACTIVE
C-T00570,T00570,A-T00570,V0391,10608299.86,2024-07-24,2025-12-20,ACTIVE
C-T00571,T00571,A-T00571,V0365,15636640.68,2025-04-09,2026-09-12,ACTIVE
C-T00572,T00572,A-T00572,V0016,8668525.95,2024-06-11,2025-11-17,ACTIVE
C-T00573,T00573,A-T00573,V0394,19534676.4,2026-07-17,2026-11-15,ACTIVE
C-T00574,T00574,A-T00574,V0044,192285792.51,2024-08-22,2025-08-01,ACTIVE
C-T00575,T00575,A-T00575,V0443,145900096.55,2025-06-15,2026-09-03,ACTIVE
C-T00576,T00576,A-T00576,V0200,6439630.79,2026-01-04,2026-12-17,ACTIVE
C-T00577,T00577,A-T00577,V0340,751915.65,2026-09-13,2027-01-22,ACTIVE
C-T00578,T00578,A-T00578,V0123,3579564.49,2026-09-14,2026-12-02,ACTIVE
C-T00579,T00579,A-T00579,V0002,3898084.2,2025-02-04,2025-11-14,ACTIVE
C-T00580,T00580,A-T00580,V0331,9248077.59,2026-07-28,2027-10-17,ACTIVE
C-T00581,T00581,A-T00581,V0034,31725672.75,2024-07-06,2025-07-04,ACTIVE
C-T00582,T00582,A-T00582,V0042,39047854.86,2024-10-26,2025-06-10,ACTIVE
C-T00583,T00583,A-T00583,V0438,4991354.58,2026-02-15,2027-06-20,ACTIVE
C-T00584,T00584,A-T00584,V0142,6187317.75,2024-03-07,2024-07-20,ACTIVE
C-T00585,T00585,A-T00585,V0545,9748038.11,2025-09-04,2026-11-03,ACTIVE
C-T00586,T00586,A-T00586,V0192,9310410.02,2025-10-10,2026-01-19,ACTIVE
C-T00587,T00587,A-T00587,V0277,1626911.96,2025-10-01,2026-09-19,ACTIVE
C-T00588,T00588,A-T00588,V0528,5561213.2,2026-07-17,2027-07-26,ACTIVE
C-T00589,T00589,A-T00589,V0461,30681805.54,2025-11-09,2027-01-26,ACTIVE
C-T00590,T00590,A-T00590,V0463,13531780.03,2025-07-10,2025-11-24,ACTIVE
C-T00591,T00591,A-T00591,V0177,8247083.36,2024-05-04,2025-09-30,ACTIVE
C-T00592,T00592,A-T00592,V0453,12285276.51,2026-07-05,2027-09-17,ACTIVE
C-T00593,T00593,A-T00593,V0055,9249497.8,2025-07-01,2026-05-26,ACTIVE
C-T00594,T00594,A-T00594,V0481,3314925.47,2025-06-04,2026-11-01,ACTIVE
C-T00595,T00595,A-T00595,V0370,1979022.88,2024-04-22,2025-06-02,ACTIVE
C-T00596,T00596,A-T00596,V0141,2961950.37,2024-04-11,2025-02-08,ACTIVE
C-T00597,T00597,A-T00597,V0019,16665341.54,2026-08-16,2027-04-22,ACTIVE
C-T00598,T00598,A-T00598,V0455,2391296.87,2024-05-08,2025-01-22,ACTIVE
C-T00599,T00599,A-T00599,V0503,12042264.49,2026-05-10,2026-12-20,ACTIVE
C-T00600,T00600,A-T00600,V0289,54199019.46,2025-03-17,2026-01-30,ACTIVE
C-T00601,T00601,A-T00601,V0041,3090427.03,2026-01-13,2027-06-15,ACTIVE
C-T00602,T00602,A-T00602,V0172,121408685.19,2026-07-10,2027-05-04,ACTIVE
C-T00603,T00603,A-T00603,V0426,35728370.92,2026-09-04,2026-11-12,ACTIVE
C-T00604,T00604,A-T00604,V0417,7717226.08,2024-11-30,2025-04-26,ACTIVE
C-T00605,T00605,A-T00605,V0501,4125065.05,2025-04-14,2026-02-03,ACTIVE
C-T00606,T00606,A-T00606,V0452,16473977.55,2025-07-22,2026-01-24,ACTIVE
C-T00607,T00607,A-T00607,V0032,10291694.97,2026-01-09,2026-11-04,ACTIVE
C-T00608,T00608,A-T00608,V0484,7000778.29,2026-01-28,2027-02-02,ACTIVE
C-T00609,T00609,A-T00609,V0335,4710850.64,2024-03-12,2025-08-28,ACTIVE
C-T00610,T00610,A-T00610,V0132,2394679.46,2025-06-11,2026-03-16,ACTIVE
C-T00611,T00611,A-T00611,V0391,2748286.07,2025-08-31,2026-12-14,ACTIVE
C-T00612,T00612,A-T00612,V0161,17720083.79,2025-11-24,2026-07-05,ACTIVE
C-T00613,T00613,A-T00613,V0528,11176894.53,2025-09-07,2026-04-24,ACTIVE
C-T00614,T00614,A-T00614,V0499,3163354.18,2025-11-01,2026-05-31,ACTIVE
C-T00615,T00615,A-T00615,V0236,6395548.88,2026-04-07,2027-02-09,ACTIVE
C-T00616,T00616,A-T00616,V0044,9815492.16,2024-08-08,2025-11-07,ACTIVE
C-T00617,T00617,A-T00617,V0380,11886061.89,2025-09-16,2026-11-10,ACTIVE
C-T00618,T00618,A-T00618,V0146,4719864.43,2026-07-23,2027-08-10,ACTIVE
C-T00619,T00619,A-T00619,V0515,7566110.51,2026-05-26,2026-10-24,ACTIVE
C-T00620,T00620,A-T00620,V0483,1456246.91,2026-07-12,2027-12-18,ACTIVE
C-T00621,T00621,A-T00621,V0330,11295659.7,2026-01-28,2027-03-16,ACTIVE
C-T00622,T00622,A-T00622,V0452,20027439.58,2026-06-11,2027-08-22,ACTIVE
C-T00623,T00623,A-T00623,V0059,18598622.59,2025-05-13,2026-05-12,ACTIVE
C-T00624,T00624,A-T00624,V0377,1761691.93,2024-02-20,2024-09-22,ACTIVE
C-T00625,T00625,A-T00625,V0089,26222769.63,2024-10-09,2025-01-29,ACTIVE
C-T00626,T00626,A-T00626,V0008,8302228.07,2025-08-06,2026-04-05,ACTIVE
C-T00627,T00627,A-T00627,V0167,37491852.73,2025-08-05,2025-11-28,ACTIVE
C-T00628,T00628,A-T00628,V0374,20969127.88,2024-10-15,2025-10-25,ACTIVE
C-T00629,T00629,A-T00629,V0531,51317598.08,2026-07-22,2027-09-13,ACTIVE
C-T00630,T00630,A-T00630,V0112,8410407.88,2026-02-06,2026-08-06,ACTIVE
C-T00631,T00631,A-T00631,V0481,3391169.65,2026-01-16,2026-10-13,ACTIVE
C-T00632,T00632,A-T00632,V0461,51979438.96,2025-07-15,2025-11-06,ACTIVE
C-T00633,T00633,A-T00633,V0249,8587004.13,2025-02-19,2026-07-28,ACTIVE
C-T00634,T00634,A-T00634,V0289,22742417.83,2025-03-05,2026-03-10,ACTIVE
C-T00635,T00635,A-T00635,V0469,3910040.68,2025-07-24,2026-09-27,ACTIVE
C-T00636,T00636,A-T00636,V0171,46141636.75,2026-03-25,2026-08-04,ACTIVE
C-T00637,T00637,A-T00637,V0352,1061916.4,2026-01-05,2026-09-02,ACTIVE
C-T00638,T00638,A-T00638,V0434,25441877.99,2026-02-16,2026-12-07,ACTIVE
C-T00639,T00639,A-T00639,V0293,28119303.63,2024-10-23,2025-05-16,ACTIVE
C-T00640,T00640,A-T00640,V0525,34071008.37,2025-11-18,2027-03-28,ACTIVE
C-T00641,T00641,A-T00641,V0530,8168156.54,2025-11-21,2026-08-27,ACTIVE
C-T00642,T00642,A-T00642,V0295,6663314.26,2026-03-24,2026-07-20,ACTIVE
C-T00643,T00643,A-T00643,V0298,15937073.4,2025-03-13,2026-02-16,ACTIVE
C-T00644,T00644,A-T00644,V0294,14784786.61,2026-06-09,2027-11-12,ACTIVE
C-T00645,T00645,A-T00645,V0209,12693292.87,2026-06-27,2027-09-05,ACTIVE
C-T00646,T00646,A-T00646,V0056,10354315.72,2025-01-30,2026-02-11,ACTIVE
C-T00647,T00647,A-T00647,V0067,15490321.45,2026-09-30,2027-11-06,ACTIVE
C-T00648,T00648,A-T00648,V0280,23255313.15,2025-12-19,2026-09-11,ACTIVE
C-T00649,T00649,A-T00649,V0277,12354358.68,2024-12-29,2026-06-09,ACTIVE
C-T00650,T00650,A-T00650,V0314,25909296.33,2025-04-27,2026-07-07,ACTIVE
C-T00651,T00651,A-T00651,V0481,12236687.82,2026-01-24,2026-04-18,ACTIVE
C-T00652,T00652,A-T00652,V0094,133926563.36,2025-07-10,2026-08-28,ACTIVE
C-T00653,T00653,A-T00653,V0399,62429682.42,2024-05-16,2025-04-11,ACTIVE
C-T00654,T00654,A-T00654,V0520,12155379.65,2025-07-12,2026-09-21,ACTIVE
C-T00655,T00655,A-T00655,V0528,3039741.0,2024-07-05,2025-10-16,ACTIVE
C-T00656,T00656,A-T00656,V0327,56719974.75,2024-12-16,2025-10-24,ACTIVE
C-T00657,T00657,A-T00657,V0208,9996867.59,2024-03-17,2025-05-03,ACTIVE
C-T00658,T00658,A-T00658,V0353,19428113.05,2026-05-01,2027-02-21,ACTIVE
C-T00659,T00659,A-T00659,V0280,4255040.64,2025-05-14,2026-10-09,ACTIVE
C-T00660,T00660,A-T00660,V0387,5740080.1,2025-08-03,2026-08-16,ACTIVE
C-T00661,T00661,A-T00661,V0180,1134669.79,2024-09-24,2026-01-07,ACTIVE
C-T00662,T00662,A-T00662,V0490,5245240.93,2026-08-08,2027-05-31,ACTIVE
C-T00663,T00663,A-T00663,V0127,29776796.44,2026-03-07,2027-02-16,ACTIVE
C-T00664,T00664,A-T00664,V0028,9402274.83,2024-03-21,2024-05-29,ACTIVE
C-T00665,T00665,A-T00665,V0213,3720728.12,2026-04-08,2027-07-12,ACTIVE
C-T00666,T00666,A-T00666,V0188,81051225.53,2024-04-20,2025-09-10,ACTIVE
C-T00667,T00667,A-T00667,V0203,2295054.96,2025-09-09,2027-01-27,ACTIVE
C-T00668,T00668,A-T00668,V0533,26113137.13,2024-04-02,2024-08-25,ACTIVE
C-T00669,T00669,A-T00669,V0113,7434723.55,2026-03-10,2026-08-07,ACTIVE
C-T00670,T00670,A-T00670,V0091,27810543.28,2025-11-17,2027-03-17,ACTIVE
C-T00671,T00671,A-T00671,V0065,10970432.57,2025-01-29,2025-04-04,ACTIVE
C-T00672,T00672,A-T00672,V0532,1160883.29,2024-11-08,2025-06-11,ACTIVE
C-T00673,T00673,A-T00673,V0355,7030341.05,2025-11-15,2027-03-11,ACTIVE
C-T00674,T00674,A-T00674,V0438,3141490.89,2025-07-26,2026-12-12,ACTIVE
C-T00675,T00675,A-T00675,V0184,4848467.8,2024-06-19,2024-10-30,ACTIVE
C-T00676,T00676,A-T00676,V0120,15020552.49,2025-07-09,2025-10-19,ACTIVE
C-T00677,T00677,A-T00677,V0091,39698971.09,2026-06-18,2027-01-17,ACTIVE
C-T00678,T00678,A-T00678,V0414,5570087.73,2025-04-27,2026-01-30,ACTIVE
C-T00679,T00679,A-T00679,V0533,1317852.58,2025-07-13,2026-01-17,ACTIVE
C-T00680,T00680,A-T00680,V0220,23228960.31,2025-03-08,2026-01-24,ACTIVE
C-T00681,T00681,A-T00681,V0188,138786639.76,2024-12-06,2026-02-21,ACTIVE
C-T00682,T00682,A-T00682,V0297,15761973.28,2025-07-30,2025-10-25,ACTIVE
C-T00683,T00683,A-T00683,V0030,5452583.21,2026-07-02,2027-02-17,ACTIVE
C-T00684,T00684,A-T00684,V0525,18032315.98,2025-02-13,2025-07-22,ACTIVE
C-T00685,T00685,A-T00685,V0096,1901443.87,2024-10-12,2025-06-07,ACTIVE
C-T00686,T00686,A-T00686,V0179,11133836.29,2026-01-27,2027-04-02,ACTIVE
C-T00687,T00687,A-T00687,V0376,6757368.24,2025-08-25,2026-12-26,ACTIVE
C-T00688,T00688,A-T00688,V0030,7074587.05,2025-12-21,2026-06-17,ACTIVE
C-T00689,T00689,A-T00689,V0126,10603676.46,2025-10-09,2026-08-21,ACTIVE
C-T00690,T00690,A-T00690,V0437,16422426.34,2026-10-21,2027-04-09,ACTIVE
C-T00691,T00691,A-T00691,V0439,12156159.62,2024-06-11,2024-12-31,ACTIVE
C-T00692,T00692,A-T00692,V0502,7942491.76,2025-03-30,2025-12-09,ACTIVE
C-T00693,T00693,A-T00693,V0005,8413471.31,2024-04-19,2025-02-11,ACTIVE
C-T00694,T00694,A-T00694,V0488,3374847.12,2025-11-29,2026-12-14,ACTIVE
C-T00695,T00695,A-T00695,V0288,8207650.27,2025-10-28,2026-04-02,ACTIVE
C-T00696,T00696,A-T00696,V0491,6722491.11,2026-01-12,2026-04-09,ACTIVE
C-T00697,T00697,A-T00697,V0316,27823915.77,2024-08-01,2025-10-22,ACTIVE
C-T00698,T00698,A-T00698,V0434,10026657.99,2025-07-07,2026-08-23,ACTIVE
C-T00699,T00699,A-T00699,V0203,4038503.27,2025-10-13,2026-09-16,ACTIVE
C-T00700,T00700,A-T00700,V0142,1944788.64,2024-03-20,2024-10-25,ACTIVE
C-T00701,T00701,A-T00701,V0343,11415837.17,2024-11-26,2026-02-20,ACTIVE
C-T00702,T00702,A-T00702,V0525,52206937.11,2025-07-25,2026-09-27,ACTIVE
C-T00703,T00703,A-T00703,V0302,3757387.77,2024-05-02,2024-09-17,ACTIVE
C-T00704,T00704,A-T00704,V0523,2636128.3,2025-02-26,2026-05-13,ACTIVE
C-T00705,T00705,A-T00705,V0039,11706246.19,2025-07-20,2026-09-14,ACTIVE
C-T00706,T00706,A-T00706,V0295,9168826.64,2025-08-20,2026-09-30,ACTIVE
C-T00707,T00707,A-T00707,V0368,40162544.09,2025-01-15,2025-05-12,ACTIVE
C-T00708,T00708,A-T00708,V0119,4690429.63,2024-08-22,2025-09-26,ACTIVE
C-T00709,T00709,A-T00709,V0498,1735467.27,2024-08-12,2024-12-25,ACTIVE
C-T00710,T00710,A-T00710,V0382,2585179.95,2025-09-10,2026-07-02,ACTIVE
C-T00711,T00711,A-T00711,V0296,75400947.09,2024-10-19,2025-06-25,ACTIVE
C-T00712,T00712,A-T00712,V0280,7640154.39,2025-10-02,2026-10-09,ACTIVE
C-T00713,T00713,A-T00713,V0387,73230460.3,2026-09-18,2028-01-28,ACTIVE
C-T00714,T00714,A-T00714,V0011,7522012.96,2024-09-21,2025-01-14,ACTIVE
C-T00715,T00715,A-T00715,V0050,3412035.23,2025-12-28,2026-08-18,ACTIVE
C-T00716,T00716,A-T00716,V0279,49931282.84,2026-08-26,2027-02-08,ACTIVE
C-T00717,T00717,A-T00717,V0026,7076570.55,2026-09-30,2027-08-29,ACTIVE
C-T00718,T00718,A-T00718,V0309,6328186.47,2025-07-04,2025-10-13,ACTIVE
C-T00719,T00719,A-T00719,V0169,1346037.3,2025-01-16,2025-10-11,ACTIVE
C-T00720,T00720,A-T00720,V0010,4385718.89,2024-03-28,2025-06-13,ACTIVE
C-T00721,T00721,A-T00721,V0179,50632813.13,2026-04-24,2027-02-21,ACTIVE
C-T00722,T00722,A-T00722,V0059,26753095.12,2024-05-07,2024-08-07,ACTIVE
C-T00723,T00723,A-T00723,V0165,4304380.45,2025-11-25,2026-08-31,ACTIVE
C-T00724,T00724,A-T00724,V0205,20197730.92,2025-08-03,2026-01-02,ACTIVE
C-T00725,T00725,A-T00725,V0275,13979441.93,2025-01-21,2025-07-25,ACTIVE
C-T00726,T00726,A-T00726,V0016,26072731.08,2025-09-25,2026-09-02,ACTIVE
C-T00727,T00727,A-T00727,V0182,21286485.6,2025-10-29,2025-12-30,ACTIVE
C-T00728,T00728,A-T00728,V0303,24219012.78,2026-09-18,2027-05-15,ACTIVE
C-T00729,T00729,A-T00729,V0455,6319095.71,2026-06-09,2027-09-27,ACTIVE
C-T00730,T00730,A-T00730,V0384,41007890.14,2025-08-19,2026-11-26,ACTIVE
C-T00731,T00731,A-T00731,V0363,6585199.73,2026-05-12,2027-03-23,ACTIVE
C-T00732,T00732,A-T00732,V0107,67694113.97,2026-03-26,2027-03-29,ACTIVE
C-T00733,T00733,A-T00733,V0062,81189862.4,2024-04-20,2025-02-09,ACTIVE
C-T00734,T00734,A-T00734,V0077,19926558.95,2025-06-22,2026-04-25,ACTIVE
C-T00735,T00735,A-T00735,V0448,2914940.85,2024-08-02,2025-01-10,ACTIVE
C-T00736,T00736,A-T00736,V0006,7219748.55,2026-10-06,2028-01-12,ACTIVE
C-T00737,T00737,A-T00737,V0169,659595.26,2024-09-21,2025-05-24,ACTIVE
C-T00738,T00738,A-T00738,V0016,6683680.17,2025-01-23,2026-01-09,ACTIVE
C-T00739,T00739,A-T00739,V0220,30262186.55,2026-01-04,2027-02-14,ACTIVE
C-T00740,T00740,A-T00740,V0081,8512937.39,2025-03-14,2025-09-16,ACTIVE
C-T00741,T00741,A-T00741,V0236,8531757.24,2025-04-18,2026-03-29,ACTIVE
C-T00742,T00742,A-T00742,V0233,15805528.65,2026-04-26,2026-09-13,ACTIVE
C-T00743,T00743,A-T00743,V0179,8062959.97,2025-09-05,2026-10-11,ACTIVE
C-T00744,T00744,A-T00744,V0367,6486346.53,2025-08-06,2026-01-23,ACTIVE
C-T00745,T00745,A-T00745,V0161,25384907.38,2025-04-09,2026-06-06,ACTIVE
C-T00746,T00746,A-T00746,V0424,2374847.69,2024-05-03,2025-10-18,ACTIVE
C-T00747,T00747,A-T00747,V0472,9308784.15,2025-06-22,2025-09-17,ACTIVE
C-T00748,T00748,A-T00748,V0121,22369789.73,2025-09-10,2026-05-29,ACTIVE
C-T00749,T00749,A-T00749,V0464,4600680.5,2025-06-10,2026-06-30,ACTIVE
C-T00750,T00750,A-T00750,V0248,3609209.05,2026-10-14,2027-01-30,ACTIVE
C-T00751,T00751,A-T00751,V0346,12493662.15,2024-06-27,2025-10-18,ACTIVE
C-T00752,T00752,A-T00752,V0015,1406963.89,2024-03-08,2024-06-05,ACTIVE
C-T00753,T00753,A-T00753,V0064,4475593.04,2025-08-05,2026-06-17,ACTIVE
C-T00754,T00754,A-T00754,V0269,38496034.89,2025-11-17,2026-03-17,ACTIVE
C-T00755,T00755,A-T00755,V0016,1210952.82,2026-05-23,2027-06-29,ACTIVE
C-T00756,T00756,A-T00756,V0039,2809563.37,2025-08-14,2026-04-24,ACTIVE
C-T00757,T00757,A-T00757,V0047,5385299.07,2024-08-23,2026-01-11,ACTIVE
C-T00758,T00758,A-T00758,V0547,22350297.0,2024-05-20,2025-09-30,ACTIVE
C-T00759,T00759,A-T00759,V0087,8978861.21,2024-06-01,2024-11-29,ACTIVE
C-T00760,T00760,A-T00760,V0279,12640318.04,2024-12-06,2026-02-28,ACTIVE
C-T00761,T00761,A-T00761,V0171,3182143.72,2025-08-07,2027-01-24,ACTIVE
C-T00762,T00762,A-T00762,V0376,2315213.12,2024-10-15,2025-03-30,ACTIVE
C-T00763,T00763,A-T00763,V0275,16478712.31,2025-07-04,2026-01-25,ACTIVE
C-T00764,T00764,A-T00764,V0096,4695955.42,2026-02-20,2027-02-11,ACTIVE
C-T00765,T00765,A-T00765,V0306,12069104.25,2026-08-11,2027-06-10,ACTIVE
C-T00766,T00766,A-T00766,V0284,26874838.54,2025-01-28,2025-07-10,ACTIVE
C-T00767,T00767,A-T00767,V0325,47380341.29,2024-08-23,2025-09-10,ACTIVE
C-T00768,T00768,A-T00768,V0409,3666837.87,2025-02-10,2026-07-04,ACTIVE
C-T00769,T00769,A-T00769,V0165,2979035.55,2025-02-21,2025-04-24,ACTIVE
C-T00770,T00770,A-T00770,V0370,608433.21,2025-06-10,2026-08-24,ACTIVE
C-T00771,T00771,A-T00771,V0010,3313138.62,2026-10-23,2027-05-03,ACTIVE
C-T00772,T00772,A-T00772,V0247,15527813.61,2024-10-28,2025-01-22,ACTIVE
C-T00773,T00773,A-T00773,V0471,6183804.31,2025-11-24,2026-07-30,ACTIVE
C-T00774,T00774,A-T00774,V0431,17042374.49,2025-11-08,2026-01-25,ACTIVE
C-T00775,T00775,A-T00775,V0240,4099765.86,2024-09-19,2025-07-22,ACTIVE
C-T00776,T00776,A-T00776,V0356,30396527.93,2024-10-09,2026-01-31,ACTIVE
C-T00777,T00777,A-T00777,V0040,3283690.33,2026-07-02,2027-08-22,ACTIVE
C-T00778,T00778,A-T00778,V0421,31139260.69,2024-03-28,2025-07-05,ACTIVE
C-T00779,T00779,A-T00779,V0025,10494672.06,2024-11-17,2025-10-23,ACTIVE
C-T00780,T00780,A-T00780,V0250,51430424.52,2025-10-07,2026-01-15,ACTIVE
C-T00781,T00781,A-T00781,V0209,3141234.5,2024-07-16,2025-12-16,ACTIVE
C-T00782,T00782,A-T00782,V0115,19441262.41,2025-05-01,2025-07-19,ACTIVE
C-T00783,T00783,A-T00783,V0206,28940397.94,2024-09-21,2025-07-29,ACTIVE
C-T00784,T00784,A-T00784,V0040,13328785.47,2025-01-10,2026-04-15,ACTIVE
C-T00785,T00785,A-T00785,V0208,8098309.78,2026-08-10,2027-09-27,ACTIVE
C-T00786,T00786,A-T00786,V0347,172241777.21,2024-05-04,2025-06-27,ACTIVE
C-T00787,T00787,A-T00787,V0144,1908680.93,2026-04-21,2027-08-08,ACTIVE
C-T00788,T00788,A-T00788,V0316,26670989.96,2024-10-28,2025-01-24,ACTIVE
C-T00789,T00789,A-T00789,V0039,10847445.16,2026-06-15,2026-12-20,ACTIVE
C-T00790,T00790,A-T00790,V0286,7733177.88,2024-07-31,2024-11-23,ACTIVE
C-T00791,T00791,A-T00791,V0372,27474230.74,2025-08-10,2026-01-16,ACTIVE
C-T00792,T00792,A-T00792,V0355,3600848.53,2024-04-14,2025-07-15,ACTIVE
C-T00793,T00793,A-T00793,V0266,30007019.36,2026-04-09,2026-11-19,ACTIVE
C-T00794,T00794,A-T00794,V0460,1744217.76,2024-12-01,2025-05-06,ACTIVE
C-T00795,T00795,A-T00795,V0125,103475988.38,2025-10-27,2026-11-19,ACTIVE
C-T00796,T00796,A-T00796,V0233,20973185.8,2026-01-03,2026-10-31,ACTIVE
C-T00797,T00797,A-T00797,V0381,23496444.43,2026-06-05,2027-10-20,ACTIVE
C-T00798,T00798,A-T00798,V0341,4350443.44,2024-05-23,2025-07-13,ACTIVE
C-T00799,T00799,A-T00799,V0539,37208380.36,2026-06-07,2027-07-04,ACTIVE
C-T00800,T00800,A-T00800,V0379,4093742.14,2024-10-16,2025-07-17,ACTIVE
C-T00801,T00801,A-T00801,V0224,9581030.78,2025-02-17,2025-05-30,ACTIVE
C-T00802,T00802,A-T00802,V0142,6913667.31,2026-06-23,2027-02-21,ACTIVE
C-T00803,T00803,A-T00803,V0172,30481557.14,2025-06-03,2026-02-22,ACTIVE
C-T00804,T00804,A-T00804,V0219,944391.12,2026-08-27,2027-12-03,ACTIVE
C-T00805,T00805,A-T00805,V0241,9282192.25,2024-05-31,2024-09-30,ACTIVE
C-T00806,T00806,A-T00806,V0247,3071783.68,2026-08-07,2027-02-20,ACTIVE
C-T00807,T00807,A-T00807,V0334,15884030.76,2026-01-25,2027-02-24,ACTIVE
C-T00808,T00808,A-T00808,V0451,26841935.81,2024-05-07,2024-08-26,ACTIVE
C-T00809,T00809,A-T00809,V0438,14395373.79,2024-11-26,2025-04-18,ACTIVE
C-T00810,T00810,A-T00810,V0259,17054736.59,2025-03-05,2025-10-21,ACTIVE
C-T00811,T00811,A-T00811,V0390,9312390.68,2025-02-23,2025-08-21,ACTIVE
C-T00812,T00812,A-T00812,V0218,14755842.81,2026-01-29,2026-12-07,ACTIVE
C-T00813,T00813,A-T00813,V0347,68551584.89,2026-09-23,2027-12-27,ACTIVE
C-T00814,T00814,A-T00814,V0072,13308693.96,2025-08-22,2026-05-13,ACTIVE
C-T00815,T00815,A-T00815,V0543,11686894.52,2025-09-01,2026-08-03,ACTIVE
C-T00816,T00816,A-T00816,V0525,7478014.56,2025-05-28,2025-10-19,ACTIVE
C-T00817,T00817,A-T00817,V0146,5822946.14,2024-07-03,2025-12-23,ACTIVE
C-T00818,T00818,A-T00818,V0463,2835878.69,2025-10-11,2026-03-09,ACTIVE
C-T00819,T00819,A-T00819,V0408,2983393.46,2024-07-15,2025-06-29,ACTIVE
C-T00820,T00820,A-T00820,V0185,22996161.05,2026-09-19,2028-01-16,ACTIVE
C-T00821,T00821,A-T00821,V0186,4771929.3,2025-09-02,2026-04-09,ACTIVE
C-T00822,T00822,A-T00822,V0011,6031622.1,2025-02-24,2025-08-12,ACTIVE
C-T00823,T00823,A-T00823,V0310,2303990.14,2025-10-20,2027-03-11,ACTIVE
C-T00824,T00824,A-T00824,V0067,71063868.24,2026-08-29,2027-01-06,ACTIVE
C-T00825,T00825,A-T00825,V0162,26596285.77,2025-04-25,2026-02-05,ACTIVE
C-T00826,T00826,A-T00826,V0378,848538.31,2025-06-18,2026-11-28,ACTIVE
C-T00827,T00827,A-T00827,V0259,43683843.15,2024-05-18,2024-10-02,ACTIVE
C-T00828,T00828,A-T00828,V0119,2734053.06,2024-03-20,2024-11-04,ACTIVE
C-T00829,T00829,A-T00829,V0047,1301400.98,2025-08-22,2026-01-23,ACTIVE
C-T00830,T00830,A-T00830,V0275,12466980.17,2024-10-19,2025-07-23,ACTIVE
C-T00831,T00831,A-T00831,V0186,22283302.01,2026-08-07,2027-04-01,ACTIVE
C-T00832,T00832,A-T00832,V0082,2852681.8,2024-06-05,2024-10-14,ACTIVE
C-T00833,T00833,A-T00833,V0310,4125393.47,2024-03-01,2024-09-12,ACTIVE
C-T00834,T00834,A-T00834,V0133,5576624.37,2026-06-21,2027-10-30,ACTIVE
C-T00835,T00835,A-T00835,V0087,5225142.87,2024-06-28,2025-03-05,ACTIVE
C-T00836,T00836,A-T00836,V0460,7597416.31,2026-06-04,2026-12-06,ACTIVE
C-T00837,T00837,A-T00837,V0129,3863883.88,2026-04-30,2027-01-24,ACTIVE
C-T00838,T00838,A-T00838,V0007,26001224.69,2024-11-24,2025-11-08,ACTIVE
C-T00839,T00839,A-T00839,V0528,1882127.69,2025-09-23,2026-04-12,ACTIVE
C-T00840,T00840,A-T00840,V0047,3928801.58,2026-06-22,2027-09-10,ACTIVE
C-T00841,T00841,A-T00841,V0336,7632858.65,2025-10-22,2026-01-10,ACTIVE
C-T00842,T00842,A-T00842,V0224,61943640.53,2026-05-22,2027-02-24,ACTIVE
C-T00843,T00843,A-T00843,V0126,6378515.52,2024-03-18,2024-07-28,ACTIVE
C-T00844,T00844,A-T00844,V0126,32377007.25,2024-11-03,2025-08-16,ACTIVE
C-T00845,T00845,A-T00845,V0217,10243061.34,2026-07-04,2027-12-17,ACTIVE
C-T00846,T00846,A-T00846,V0492,3023567.9,2026-03-30,2026-07-05,ACTIVE
C-T00847,T00847,A-T00847,V0364,5294706.67,2024-12-08,2025-12-29,ACTIVE
C-T00848,T00848,A-T00848,V0047,4604862.33,2026-04-28,2026-09-24,ACTIVE
C-T00849,T00849,A-T00849,V0034,2288822.23,2026-05-12,2027-10-18,ACTIVE
C-T00850,T00850,A-T00850,V0230,9860675.27,2024-06-08,2025-07-04,ACTIVE
C-T00851,T00851,A-T00851,V0062,488154129.06,2026-06-30,2027-10-17,ACTIVE
C-T00852,T00852,A-T00852,V0003,8562090.71,2025-07-23,2025-11-30,ACTIVE
C-T00853,T00853,A-T00853,V0166,291036492.4,2024-03-23,2024-09-07,ACTIVE
C-T00854,T00854,A-T00854,V0262,3514543.38,2025-07-06,2025-10-09,ACTIVE
C-T00855,T00855,A-T00855,V0439,1308570.52,2024-11-20,2025-03-16,ACTIVE
C-T00856,T00856,A-T00856,V0417,14951052.72,2026-01-06,2026-04-28,ACTIVE
C-T00857,T00857,A-T00857,V0100,26660339.19,2025-02-11,2026-01-14,ACTIVE
C-T00858,T00858,A-T00858,V0327,2837119.69,2026-05-10,2027-04-07,ACTIVE
C-T00859,T00859,A-T00859,V0421,10629506.09,2026-01-24,2026-09-27,ACTIVE
C-T00860,T00860,A-T00860,V0083,48407534.47,2024-03-24,2024-10-19,ACTIVE
C-T00861,T00861,A-T00861,V0276,42100067.52,2024-08-29,2025-05-02,ACTIVE
C-T00862,T00862,A-T00862,V0092,4191851.47,2025-09-28,2026-12-13,ACTIVE
C-T00863,T00863,A-T00863,V0501,8175349.32,2025-05-06,2025-09-04,ACTIVE
C-T00864,T00864,A-T00864,V0286,16639139.4,2026-07-06,2027-04-30,ACTIVE
C-T00865,T00865,A-T00865,V0146,97576554.11,2025-11-21,2026-06-26,ACTIVE
C-T00866,T00866,A-T00866,V0366,48585930.7,2025-09-20,2026-10-21,ACTIVE
C-T00867,T00867,A-T00867,V0259,7734560.64,2025-10-31,2027-01-08,ACTIVE
C-T00868,T00868,A-T00868,V0295,1197627.87,2024-08-04,2025-10-28,ACTIVE
C-T00869,T00869,A-T00869,V0180,22067819.49,2026-04-22,2027-05-14,ACTIVE
C-T00870,T00870,A-T00870,V0236,4401515.98,2026-04-30,2027-08-02,ACTIVE
C-T00871,T00871,A-T00871,V0007,2909785.48,2025-09-07,2026-01-11,ACTIVE
C-T00872,T00872,A-T00872,V0270,17824551.22,2024-03-19,2025-08-15,ACTIVE
C-T00873,T00873,A-T00873,V0347,5543459.29,2026-04-26,2027-05-16,ACTIVE
C-T00874,T00874,A-T00874,V0525,139659642.66,2024-06-28,2025-05-19,ACTIVE
C-T00875,T00875,A-T00875,V0421,10384535.9,2026-09-07,2027-05-13,ACTIVE
C-T00876,T00876,A-T00876,V0274,2109330.64,2026-01-02,2027-01-01,ACTIVE
C-T00877,T00877,A-T00877,V0353,18556370.71,2025-03-18,2026-06-10,ACTIVE
C-T00878,T00878,A-T00878,V0367,10600974.86,2025-04-06,2026-01-09,ACTIVE
C-T00879,T00879,A-T00879,V0386,20104072.69,2025-01-19,2025-06-30,ACTIVE
C-T00880,T00880,A-T00880,V0418,24680347.82,2026-08-29,2027-09-25,ACTIVE
C-T00881,T00881,A-T00881,V0182,5053609.58,2024-10-17,2025-07-24,ACTIVE
C-T00882,T00882,A-T00882,V0212,23844739.82,2026-04-27,2027-07-27,ACTIVE
C-T00883,T00883,A-T00883,V0203,1479509.33,2026-01-17,2027-01-28,ACTIVE
C-T00884,T00884,A-T00884,V0298,2596697.47,2024-10-02,2025-08-21,ACTIVE
C-T00885,T00885,A-T00885,V0199,8135548.97,2024-07-07,2025-03-10,ACTIVE
C-T00886,T00886,A-T00886,V0249,10601935.12,2024-11-06,2026-04-20,ACTIVE
C-T00887,T00887,A-T00887,V0359,110919899.47,2026-04-25,2027-07-04,ACTIVE
C-T00888,T00888,A-T00888,V0501,6096388.01,2026-08-31,2027-04-30,ACTIVE
C-T00889,T00889,A-T00889,V0086,8929535.18,2026-03-08,2026-05-21,ACTIVE
C-T00890,T00890,A-T00890,V0525,18359314.82,2024-09-24,2025-10-07,ACTIVE
C-T00891,T00891,A-T00891,V0365,5363085.39,2026-09-04,2027-07-21,ACTIVE
C-T00892,T00892,A-T00892,V0346,46010483.11,2026-04-10,2026-08-26,ACTIVE
C-T00893,T00893,A-T00893,V0026,1609658.6,2024-06-13,2025-01-04,ACTIVE
C-T00894,T00894,A-T00894,V0025,4714735.83,2024-10-23,2025-10-29,ACTIVE
C-T00895,T00895,A-T00895,V0144,4757343.47,2025-03-19,2025-07-24,ACTIVE
C-T00896,T00896,A-T00896,V0532,1094354.5,2026-02-08,2026-05-13,ACTIVE
C-T00897,T00897,A-T00897,V0394,19273198.19,2025-07-13,2025-09-13,ACTIVE
C-T00898,T00898,A-T00898,V0248,4507090.57,2025-05-19,2026-06-20,ACTIVE
C-T00899,T00899,A-T00899,V0535,3710826.32,2025-12-19,2026-11-06,ACTIVE
C-T00900,T00900,A-T00900,V0169,13780486.08,2025-05-14,2026-01-28,ACTIVE
C-T00901,T00901,A-T00901,V0141,13643230.33,2024-06-22,2025-01-06,ACTIVE
C-T00902,T00902,A-T00902,V0223,6444093.97,2024-07-10,2024-11-12,ACTIVE
C-T00903,T00903,A-T00903,V0427,6785765.91,2026-08-31,2027-05-11,ACTIVE
C-T00904,T00904,A-T00904,V0035,13439897.93,2026-09-26,2026-12-07,ACTIVE
C-T00905,T00905,A-T00905,V0054,7911494.11,2024-11-13,2026-03-03,ACTIVE
C-T00906,T00906,A-T00906,V0066,569507.87,2024-03-28,2025-09-02,ACTIVE
C-T00907,T00907,A-T00907,V0099,12723266.47,2025-09-15,2026-05-01,ACTIVE
C-T00908,T00908,A-T00908,V0127,3271392.67,2026-03-21,2026-06-01,ACTIVE
C-T00909,T00909,A-T00909,V0327,1466965.52,2026-02-23,2026-08-02,ACTIVE
C-T00910,T00910,A-T00910,V0142,4727285.48,2026-06-22,2026-09-04,ACTIVE
C-T00911,T00911,A-T00911,V0397,3113316.3,2026-01-05,2026-12-07,ACTIVE
C-T00912,T00912,A-T00912,V0017,19193801.42,2024-03-23,2024-07-14,ACTIVE
C-T00913,T00913,A-T00913,V0263,12782726.48,2025-07-29,2025-10-27,ACTIVE
C-T00914,T00914,A-T00914,V0093,2257378.07,2025-03-19,2025-09-19,ACTIVE
C-T00915,T00915,A-T00915,V0452,15380065.49,2024-05-15,2024-10-26,ACTIVE
C-T00916,T00916,A-T00916,V0127,2683104.17,2026-08-24,2027-11-15,ACTIVE
C-T00917,T00917,A-T00917,V0051,8546934.85,2026-03-04,2027-05-07,ACTIVE
C-T00918,T00918,A-T00918,V0201,1954917.65,2026-02-12,2026-04-24,ACTIVE
C-T00919,T00919,A-T00919,V0248,4894205.72,2025-03-30,2025-09-07,ACTIVE
C-T00920,T00920,A-T00920,V0248,18794597.27,2025-07-11,2026-04-07,ACTIVE
C-T00921,T00921,A-T00921,V0241,1768414.88,2024-12-12,2025-02-20,ACTIVE
C-T00922,T00922,A-T00922,V0338,7329945.26,2025-07-01,2026-11-25,ACTIVE
C-T00923,T00923,A-T00923,V0460,830782.35,2025-01-12,2025-11-19,ACTIVE
C-T00924,T00924,A-T00924,V0039,63442951.25,2024-11-18,2025-08-18,ACTIVE
C-T00925,T00925,A-T00925,V0308,30218599.25,2026-03-09,2026-11-18,ACTIVE
C-T00926,T00926,A-T00926,V0104,8662245.49,2025-10-16,2025-12-18,ACTIVE
C-T00927,T00927,A-T00927,V0184,4354820.07,2026-09-03,2027-02-26,ACTIVE
C-T00928,T00928,A-T00928,V0393,5765334.17,2024-04-12,2025-02-06,ACTIVE
C-T00929,T00929,A-T00929,V0307,5311469.79,2025-07-30,2026-01-02,ACTIVE
C-T00930,T00930,A-T00930,V0258,7122629.34,2025-08-25,2026-03-29,ACTIVE
C-T00931,T00931,A-T00931,V0480,55705753.27,2025-11-09,2026-07-18,ACTIVE
C-T00932,T00932,A-T00932,V0538,11849331.2,2025-02-08,2025-05-17,ACTIVE
C-T00933,T00933,A-T00933,V0071,1184509.98,2024-12-25,2025-04-29,ACTIVE
C-T00934,T00934,A-T00934,V0360,5873511.34,2024-09-11,2025-10-11,ACTIVE
C-T00935,T00935,A-T00935,V0504,974362.64,2024-11-03,2025-05-15,ACTIVE
C-T00936,T00936,A-T00936,V0140,7142779.38,2026-09-06,2027-08-14,ACTIVE
C-T00937,T00937,A-T00937,V0437,3864663.86,2025-12-03,2026-10-16,ACTIVE
C-T00938,T00938,A-T00938,V0526,38491683.47,2025-12-30,2026-03-15,ACTIVE
C-T00939,T00939,A-T00939,V0277,2474705.23,2024-10-15,2026-01-21,ACTIVE
C-T00940,T00940,A-T00940,V0242,90226983.27,2026-04-13,2026-12-12,ACTIVE
C-T00941,T00941,A-T00941,V0547,74484626.77,2024-03-11,2025-06-10,ACTIVE
C-T00942,T00942,A-T00942,V0371,7099881.13,2025-12-11,2026-12-11,ACTIVE
C-T00943,T00943,A-T00943,V0072,5130196.36,2025-03-19,2025-06-16,ACTIVE
C-T00944,T00944,A-T00944,V0066,6901825.83,2025-05-22,2025-09-03,ACTIVE
C-T00945,T00945,A-T00945,V0385,18911199.93,2025-07-03,2026-07-11,ACTIVE
C-T00946,T00946,A-T00946,V0281,680019.88,2025-11-17,2026-06-01,ACTIVE
C-T00947,T00947,A-T00947,V0337,12727524.57,2024-03-26,2025-03-13,ACTIVE
C-T00948,T00948,A-T00948,V0403,19049843.48,2026-08-06,2026-11-04,ACTIVE
C-T00949,T00949,A-T00949,V0377,8795679.72,2026-09-17,2028-01-19,ACTIVE
C-T00950,T00950,A-T00950,V0302,12317568.77,2025-05-06,2026-05-13,ACTIVE
C-T00951,T00951,A-T00951,V0153,4429105.61,2025-08-15,2026-08-02,ACTIVE
C-T00952,T00952,A-T00952,V0322,2003962.78,2026-05-07,2027-01-05,ACTIVE
C-T00953,T00953,A-T00953,V0496,9736636.23,2024-12-16,2025-02-16,ACTIVE
C-T00954,T00954,A-T00954,V0386,4644194.12,2025-02-20,2025-09-24,ACTIVE
C-T00955,T00955,A-T00955,V0383,19147724.96,2026-10-18,2027-01-07,ACTIVE
C-T00956,T00956,A-T00956,V0452,31854259.74,2026-04-09,2026-08-03,ACTIVE
C-T00957,T00957,A-T00957,V0032,30203211.65,2026-09-27,2027-04-27,ACTIVE
C-T00958,T00958,A-T00958,V0295,2866065.34,2024-08-24,2024-12-16,ACTIVE
C-T00959,T00959,A-T00959,V0082,9164178.75,2026-02-11,2027-06-04,ACTIVE
C-T00960,T00960,A-T00960,V0178,18386331.66,2026-05-12,2026-10-20,ACTIVE
C-T00961,T00961,A-T00961,V0434,4846859.27,2026-02-07,2026-11-10,ACTIVE
C-T00962,T00962,A-T00962,V0529,9862416.02,2024-11-13,2025-03-06,ACTIVE
C-T00963,T00963,A-T00963,V0512,16348312.45,2024-04-03,2025-01-25,ACTIVE
C-T00964,T00964,A-T00964,V0208,2511780.2,2026-03-19,2027-01-09,ACTIVE
C-T00965,T00965,A-T00965,V0056,8468736.81,2026-05-16,2027-05-03,ACTIVE
C-T00966,T00966,A-T00966,V0132,5229879.58,2025-03-30,2026-07-16,ACTIVE
C-T00967,T00967,A-T00967,V0481,11194560.99,2025-09-09,2025-11-27,ACTIVE
C-T00968,T00968,A-T00968,V0419,3507212.45,2024-08-13,2025-10-24,ACTIVE
C-T00969,T00969,A-T00969,V0520,52165023.49,2024-12-05,2025-10-15,ACTIVE
C-T00970,T00970,A-T00970,V0301,35836119.64,2025-12-21,2026-08-07,ACTIVE
C-T00971,T00971,A-T00971,V0397,6960869.6,2024-12-25,2025-08-10,ACTIVE
C-T00972,T00972,A-T00972,V0402,11505918.85,2025-09-22,2026-06-10,ACTIVE
C-T00973,T00973,A-T00973,V0198,21194306.16,2025-04-08,2026-04-05,ACTIVE
C-T00974,T00974,A-T00974,V0338,5646018.06,2025-06-23,2025-09-19,ACTIVE
C-T00975,T00975,A-T00975,V0361,7890027.8,2024-03-21,2025-04-02,ACTIVE
C-T00976,T00976,A-T00976,V0483,10109731.05,2025-01-18,2026-03-12,ACTIVE
C-T00977,T00977,A-T00977,V0107,16210204.82,2025-05-07,2026-05-02,ACTIVE
C-T00978,T00978,A-T00978,V0132,11421752.67,2025-05-14,2025-09-01,ACTIVE
C-T00979,T00979,A-T00979,V0438,2124332.9,2025-02-26,2026-03-20,ACTIVE
C-T00980,T00980,A-T00980,V0337,437918.25,2025-01-31,2026-01-28,ACTIVE
C-T00981,T00981,A-T00981,V0194,47459985.13,2026-10-05,2028-03-25,ACTIVE
C-T00982,T00982,A-T00982,V0034,10411220.95,2026-05-29,2026-11-08,ACTIVE
C-T00983,T00983,A-T00983,V0134,8588786.33,2026-02-01,2026-12-04,ACTIVE
C-T00984,T00984,A-T00984,V0051,5963649.13,2024-08-08,2024-11-18,ACTIVE
C-T00985,T00985,A-T00985,V0219,1788656.21,2025-08-26,2026-06-01,ACTIVE
C-T00986,T00986,A-T00986,V0187,30474866.64,2024-03-21,2025-04-23,ACTIVE
C-T00987,T00987,A-T00987,V0067,49929318.67,2025-03-18,2026-03-14,ACTIVE
C-T00988,T00988,A-T00988,V0188,8851088.18,2025-07-09,2026-07-14,ACTIVE
C-T00989,T00989,A-T00989,V0137,7219350.09,2024-10-12,2025-03-20,ACTIVE
C-T00990,T00990,A-T00990,V0278,1709911.04,2026-08-17,2027-12-09,ACTIVE
C-T00991,T00991,A-T00991,V0327,5815711.45,2024-11-18,2025-05-19,ACTIVE
C-T00992,T00992,A-T00992,V0007,2927290.16,2024-08-11,2025-01-10,ACTIVE
C-T00993,T00993,A-T00993,V0469,2042943.85,2026-03-02,2026-12-26,ACTIVE
C-T00994,T00994,A-T00994,V0121,6443477.07,2024-03-26,2024-10-17,ACTIVE
C-T00995,T00995,A-T00995,V0454,9652345.68,2024-10-03,2025-07-24,ACTIVE
C-T00996,T00996,A-T00996,V0372,48906374.73,2025-01-09,2025-05-31,ACTIVE
C-T00997,T00997,A-T00997,V0023,18934773.08,2024-03-22,2024-08-06,ACTIVE
C-T00998,T00998,A-T00998,V0088,24814019.47,2026-09-07,2027-02-20,ACTIVE
C-T00999,T00999,A-T00999,V0359,22347589.59,2024-11-05,2026-01-30,ACTIVE
C-T01000,T01000,A-T01000,V0456,17054230.62,2026-06-21,2027-04-03,ACTIVE
C-T01001,T01001,A-T01001,V0483,5468027.17,2024-05-22,2025-07-25,ACTIVE
C-T01002,T01002,A-T01002,V0205,7589759.43,2026-05-29,2026-11-26,ACTIVE
C-T01003,T01003,A-T01003,V0417,16356699.11,2025-02-08,2026-05-30,ACTIVE
C-T01004,T01004,A-T01004,V0369,12864633.73,2024-09-05,2024-11-24,ACTIVE
C-T01005,T01005,A-T01005,V0384,3788077.48,2024-08-22,2025-09-06,ACTIVE
C-T01006,T01006,A-T01006,V0357,66958825.92,2024-04-02,2024-09-12,ACTIVE
C-T01007,T01007,A-T01007,V0115,6713709.34,2026-04-12,2027-06-28,ACTIVE
C-T01008,T01008,A-T01008,V0385,47016838.14,2025-07-22,2026-04-29,ACTIVE
C-T01009,T01009,A-T01009,V0275,1364793.18,2025-08-18,2026-11-05,ACTIVE
C-T01010,T01010,A-T01010,V0240,5230764.56,2026-01-15,2026-05-18,ACTIVE
C-T01011,T01011,A-T01011,V0169,5244182.19,2025-08-28,2026-11-27,ACTIVE
C-T01012,T01012,A-T01012,V0263,4902192.8,2025-06-03,2026-02-02,ACTIVE
C-T01013,T01013,A-T01013,V0536,3654719.34,2024-03-22,2024-05-29,ACTIVE
C-T01014,T01014,A-T01014,V0088,10200169.03,2025-07-11,2026-07-01,ACTIVE
C-T01015,T01015,A-T01015,V0122,110415827.52,2025-01-29,2025-07-02,ACTIVE
C-T01016,T01016,A-T01016,V0042,44754298.93,2026-09-05,2028-01-20,ACTIVE
C-T01017,T01017,A-T01017,V0117,15535988.67,2025-02-03,2025-12-27,ACTIVE
C-T01018,T01018,A-T01018,V0187,58341972.02,2024-06-28,2024-11-09,ACTIVE
C-T01019,T01019,A-T01019,V0463,10240740.35,2026-03-05,2026-05-09,ACTIVE
C-T01020,T01020,A-T01020,V0161,2104724.3,2024-10-11,2025-02-23,ACTIVE
C-T01021,T01021,A-T01021,V0162,2604288.6,2024-03-23,2024-10-04,ACTIVE
C-T01022,T01022,A-T01022,V0191,9584333.55,2026-01-12,2026-04-01,ACTIVE
C-T01023,T01023,A-T01023,V0135,11000326.7,2026-07-10,2027-10-20,ACTIVE
C-T01024,T01024,A-T01024,V0390,3036401.01,2026-04-01,2026-07-04,ACTIVE
C-T01025,T01025,A-T01025,V0387,53758534.92,2025-04-05,2026-06-26,ACTIVE
C-T01026,T01026,A-T01026,V0274,4699473.61,2025-04-09,2025-09-16,ACTIVE
C-T01027,T01027,A-T01027,V0176,116288990.32,2026-05-21,2026-11-22,ACTIVE
C-T01028,T01028,A-T01028,V0540,17394876.98,2024-11-18,2026-05-11,ACTIVE
C-T01029,T01029,A-T01029,V0322,1676146.33,2024-12-03,2025-02-15,ACTIVE
C-T01030,T01030,A-T01030,V0035,19191834.62,2026-07-13,2027-12-25,ACTIVE
C-T01031,T01031,A-T01031,V0023,21741863.47,2025-06-19,2025-11-27,ACTIVE
C-T01032,T01032,A-T01032,V0020,13843834.12,2025-11-02,2027-04-12,ACTIVE
C-T01033,T01033,A-T01033,V0481,8442491.32,2026-05-21,2026-12-06,ACTIVE
C-T01034,T01034,A-T01034,V0083,1209386.78,2026-07-06,2027-06-14,ACTIVE
C-T01035,T01035,A-T01035,V0072,8294424.32,2026-07-15,2027-04-06,ACTIVE
C-T01036,T01036,A-T01036,V0276,2354543.64,2024-09-05,2025-09-27,ACTIVE
C-T01037,T01037,A-T01037,V0352,3718448.36,2026-03-03,2027-03-23,ACTIVE
C-T01038,T01038,A-T01038,V0201,7471287.48,2025-08-21,2026-02-25,ACTIVE
C-T01039,T01039,A-T01039,V0499,5528942.38,2025-04-23,2025-07-08,ACTIVE
C-T01040,T01040,A-T01040,V0204,1360787.22,2025-11-01,2026-11-24,ACTIVE
C-T01041,T01041,A-T01041,V0514,6117478.55,2024-03-29,2024-10-14,ACTIVE
C-T01042,T01042,A-T01042,V0335,756659.91,2026-09-28,2027-08-29,ACTIVE
C-T01043,T01043,A-T01043,V0224,55443390.4,2026-09-17,2028-01-04,ACTIVE
C-T01044,T01044,A-T01044,V0338,8268304.34,2025-04-16,2025-07-14,ACTIVE
C-T01045,T01045,A-T01045,V0254,1907743.25,2025-07-03,2026-09-11,ACTIVE
C-T01046,T01046,A-T01046,V0360,4166006.87,2025-08-17,2026-12-03,ACTIVE
C-T01047,T01047,A-T01047,V0410,15366430.1,2024-12-17,2025-10-30,ACTIVE
C-T01048,T01048,A-T01048,V0239,6066705.77,2024-08-30,2025-02-19,ACTIVE
C-T01049,T01049,A-T01049,V0267,37504750.82,2024-07-26,2025-08-24,ACTIVE
C-T01050,T01050,A-T01050,V0119,14793090.92,2024-10-14,2025-06-09,ACTIVE
C-T01051,T01051,A-T01051,V0078,29126186.0,2025-06-29,2025-10-01,ACTIVE
C-T01052,T01052,A-T01052,V0519,32154645.76,2024-12-31,2025-07-14,ACTIVE
C-T01053,T01053,A-T01053,V0350,13263857.96,2024-04-27,2025-08-07,ACTIVE
C-T01054,T01054,A-T01054,V0087,5519217.93,2025-09-15,2027-02-20,ACTIVE
C-T01055,T01055,A-T01055,V0104,2760723.25,2024-09-04,2025-01-01,ACTIVE
C-T01056,T01056,A-T01056,V0103,96997289.65,2025-08-13,2026-05-04,ACTIVE
C-T01057,T01057,A-T01057,V0258,7186774.22,2026-05-28,2027-11-02,ACTIVE
C-T01058,T01058,A-T01058,V0309,8191348.58,2025-05-26,2025-09-26,ACTIVE
C-T01059,T01059,A-T01059,V0199,4746973.48,2025-07-01,2026-10-22,ACTIVE
C-T01060,T01060,A-T01060,V0482,10160474.97,2026-04-18,2027-06-22,ACTIVE
C-T01061,T01061,A-T01061,V0354,6784728.91,2024-07-02,2025-02-28,ACTIVE
C-T01062,T01062,A-T01062,V0302,7629396.22,2025-01-20,2025-07-06,ACTIVE
C-T01063,T01063,A-T01063,V0085,13317501.53,2025-10-16,2026-02-18,ACTIVE
C-T01064,T01064,A-T01064,V0355,2684455.74,2025-09-23,2027-03-13,ACTIVE
C-T01065,T01065,A-T01065,V0439,66701341.52,2025-07-13,2026-05-29,ACTIVE
C-T01066,T01066,A-T01066,V0288,944471.28,2026-03-03,2026-09-12,ACTIVE
C-T01067,T01067,A-T01067,V0381,66787104.32,2025-03-01,2026-01-10,ACTIVE
C-T01068,T01068,A-T01068,V0526,11989345.11,2024-10-11,2025-08-19,ACTIVE
C-T01069,T01069,A-T01069,V0429,5149505.24,2025-04-12,2026-06-30,ACTIVE
C-T01070,T01070,A-T01070,V0321,2254604.89,2025-05-12,2026-08-13,ACTIVE
C-T01071,T01071,A-T01071,V0347,17129195.96,2025-10-15,2026-11-30,ACTIVE
C-T01072,T01072,A-T01072,V0413,26909942.32,2024-11-03,2025-03-12,ACTIVE
C-T01073,T01073,A-T01073,V0159,95345543.04,2026-05-28,2027-07-21,ACTIVE
C-T01074,T01074,A-T01074,V0502,3440462.0,2025-01-09,2025-07-25,ACTIVE
C-T01075,T01075,A-T01075,V0474,28986021.13,2025-03-05,2025-09-13,ACTIVE
C-T01076,T01076,A-T01076,V0118,58759137.5,2024-08-21,2024-11-13,ACTIVE
C-T01077,T01077,A-T01077,V0454,10409663.08,2024-08-10,2025-05-17,ACTIVE
C-T01078,T01078,A-T01078,V0215,8246612.26,2024-05-19,2025-01-20,ACTIVE
C-T01079,T01079,A-T01079,V0416,25571728.01,2025-10-12,2026-04-07,ACTIVE
C-T01080,T01080,A-T01080,V0021,25487370.6,2025-05-12,2025-12-31,ACTIVE
C-T01081,T01081,A-T01081,V0292,36738961.9,2026-02-15,2026-08-21,ACTIVE
C-T01082,T01082,A-T01082,V0379,7234894.11,2024-11-13,2026-02-07,ACTIVE
C-T01083,T01083,A-T01083,V0174,4295631.72,2026-02-22,2027-03-10,ACTIVE
C-T01084,T01084,A-T01084,V0041,1880225.22,2026-05-31,2027-08-18,ACTIVE
C-T01085,T01085,A-T01085,V0025,2804024.95,2025-03-23,2026-08-27,ACTIVE
C-T01086,T01086,A-T01086,V0144,3028373.2,2026-05-15,2027-01-22,ACTIVE
C-T01087,T01087,A-T01087,V0370,5129560.89,2025-08-07,2026-05-13,ACTIVE
C-T01088,T01088,A-T01088,V0457,7931298.14,2026-03-27,2026-07-15,ACTIVE
C-T01089,T01089,A-T01089,V0415,2058072.08,2026-09-30,2028-02-07,ACTIVE
C-T01090,T01090,A-T01090,V0054,9863314.61,2024-06-01,2025-03-22,ACTIVE
C-T01091,T01091,A-T01091,V0397,7631913.3,2024-09-01,2025-01-26,ACTIVE
C-T01092,T01092,A-T01092,V0001,15590543.11,2025-12-02,2026-04-26,ACTIVE
C-T01093,T01093,A-T01093,V0020,4374997.44,2025-02-01,2026-02-24,ACTIVE
C-T01094,T01094,A-T01094,V0228,8861399.67,2025-05-29,2026-03-28,ACTIVE
C-T01095,T01095,A-T01095,V0042,31898414.48,2026-10-07,2027-12-29,ACTIVE
C-T01096,T01096,A-T01096,V0206,105336381.28,2026-09-27,2028-01-19,ACTIVE
C-T01097,T01097,A-T01097,V0054,75550293.93,2025-02-16,2026-04-10,ACTIVE
C-T01098,T01098,A-T01098,V0303,13281046.42,2024-03-15,2024-10-23,ACTIVE
C-T01099,T01099,A-T01099,V0219,3034933.49,2024-05-16,2025-10-07,ACTIVE
C-T01100,T01100,A-T01100,V0377,6418556.32,2024-10-11,2025-10-30,ACTIVE
C-T01101,T01101,A-T01101,V0249,3717357.26,2024-10-02,2024-12-31,ACTIVE
C-T01102,T01102,A-T01102,V0212,1762942.48,2025-08-07,2026-06-11,ACTIVE
C-T01103,T01103,A-T01103,V0538,4447086.31,2026-03-01,2027-08-09,ACTIVE
C-T01104,T01104,A-T01104,V0029,5493834.93,2026-02-07,2027-05-24,ACTIVE
C-T01105,T01105,A-T01105,V0032,6598034.85,2024-07-28,2025-04-06,ACTIVE
C-T01106,T01106,A-T01106,V0091,29244556.83,2025-07-30,2026-02-09,ACTIVE
C-T01107,T01107,A-T01107,V0304,13921601.13,2025-12-15,2027-04-22,ACTIVE
C-T01108,T01108,A-T01108,V0458,2635972.44,2026-10-06,2027-04-24,ACTIVE
C-T01109,T01109,A-T01109,V0185,10081548.84,2026-10-27,2027-06-13,ACTIVE
C-T01110,T01110,A-T01110,V0421,20549213.94,2024-04-06,2024-07-01,ACTIVE
C-T01111,T01111,A-T01111,V0326,1334733.32,2025-07-30,2026-09-05,ACTIVE
C-T01112,T01112,A-T01112,V0178,3160206.47,2024-07-25,2025-05-10,ACTIVE
C-T01113,T01113,A-T01113,V0429,18687605.61,2025-12-02,2026-05-20,ACTIVE
C-T01114,T01114,A-T01114,V0401,27910375.4,2025-12-31,2027-01-16,ACTIVE
C-T01115,T01115,A-T01115,V0179,8993192.33,2024-10-02,2025-06-17,ACTIVE
C-T01116,T01116,A-T01116,V0249,52643139.91,2025-02-01,2026-01-10,ACTIVE
C-T01117,T01117,A-T01117,V0142,3432930.68,2025-11-07,2026-10-24,ACTIVE
C-T01118,T01118,A-T01118,V0353,18932047.58,2024-05-07,2025-09-20,ACTIVE
C-T01119,T01119,A-T01119,V0144,535503.87,2025-12-25,2026-09-30,ACTIVE
C-T01120,T01120,A-T01120,V0276,5304009.74,2024-11-22,2025-08-01,ACTIVE
C-T01121,T01121,A-T01121,V0370,43981757.79,2025-11-26,2026-09-09,ACTIVE
C-T01122,T01122,A-T01122,V0236,8870448.15,2024-07-19,2025-08-21,ACTIVE
C-T01123,T01123,A-T01123,V0255,50544753.62,2025-09-10,2026-12-01,ACTIVE
C-T01124,T01124,A-T01124,V0117,86811756.3,2025-04-04,2026-06-30,ACTIVE
C-T01125,T01125,A-T01125,V0525,62730759.11,2024-10-09,2026-02-21,ACTIVE
C-T01126,T01126,A-T01126,V0114,38315198.1,2024-12-18,2026-03-19,ACTIVE
C-T01127,T01127,A-T01127,V0407,5127665.49,2024-11-19,2026-01-09,ACTIVE
C-T01128,T01128,A-T01128,V0282,1838562.57,2024-05-15,2025-02-20,ACTIVE
C-T01129,T01129,A-T01129,V0050,10573417.94,2025-08-11,2026-01-28,ACTIVE
C-T01130,T01130,A-T01130,V0169,8492018.88,2026-08-18,2027-08-22,ACTIVE
C-T01131,T01131,A-T01131,V0019,3086976.08,2024-12-16,2025-12-30,ACTIVE
C-T01132,T01132,A-T01132,V0204,29756351.83,2024-10-17,2025-11-16,ACTIVE
C-T01133,T01133,A-T01133,V0504,225781647.36,2026-03-10,2027-03-09,ACTIVE
C-T01134,T01134,A-T01134,V0178,3754409.53,2025-06-03,2026-02-23,ACTIVE
C-T01135,T01135,A-T01135,V0396,3897689.59,2024-06-08,2025-09-05,ACTIVE
C-T01136,T01136,A-T01136,V0483,11387758.3,2024-11-13,2025-09-12,ACTIVE
C-T01137,T01137,A-T01137,V0288,4634302.64,2025-08-02,2026-09-30,ACTIVE
C-T01138,T01138,A-T01138,V0166,13686482.31,2024-09-23,2025-12-19,ACTIVE
C-T01139,T01139,A-T01139,V0504,151778143.01,2026-06-12,2027-02-21,ACTIVE
C-T01140,T01140,A-T01140,V0211,352272.61,2026-01-20,2027-01-18,ACTIVE
C-T01141,T01141,A-T01141,V0099,48298140.51,2025-11-29,2026-11-29,ACTIVE
C-T01142,T01142,A-T01142,V0244,25046664.76,2025-07-18,2025-12-23,ACTIVE
C-T01143,T01143,A-T01143,V0271,44571698.45,2025-07-15,2026-10-24,ACTIVE
C-T01144,T01144,A-T01144,V0326,2724656.51,2025-09-19,2026-12-17,ACTIVE
C-T01145,T01145,A-T01145,V0329,6145852.47,2024-04-05,2025-05-23,ACTIVE
C-T01146,T01146,A-T01146,V0326,12383868.31,2025-08-31,2025-12-01,ACTIVE
C-T01147,T01147,A-T01147,V0244,3002380.45,2025-05-24,2026-07-09,ACTIVE
C-T01148,T01148,A-T01148,V0385,50208066.12,2026-08-22,2028-02-12,ACTIVE
C-T01149,T01149,A-T01149,V0025,1368248.16,2025-02-28,2025-06-17,ACTIVE
C-T01150,T01150,A-T01150,V0244,875736.52,2025-04-16,2026-02-02,ACTIVE
C-T01151,T01151,A-T01151,V0244,33114883.96,2024-04-16,2025-08-19,ACTIVE
C-T01152,T01152,A-T01152,V0029,10747360.99,2025-05-19,2025-12-20,ACTIVE
C-T01153,T01153,A-T01153,V0218,6194288.35,2026-07-18,2027-11-20,ACTIVE
C-T01154,T01154,A-T01154,V0460,5370535.07,2025-05-20,2025-08-12,ACTIVE
C-T01155,T01155,A-T01155,V0145,11136622.02,2024-09-30,2025-10-20,ACTIVE
C-T01156,T01156,A-T01156,V0254,705063.63,2024-04-10,2025-09-13,ACTIVE
C-T01157,T01157,A-T01157,V0483,32406152.33,2025-08-01,2026-03-01,ACTIVE
C-T01158,T01158,A-T01158,V0528,8217434.55,2026-05-02,2026-08-25,ACTIVE
C-T01159,T01159,A-T01159,V0537,17218616.04,2024-08-26,2025-03-17,ACTIVE
C-T01160,T01160,A-T01160,V0353,14689523.91,2025-08-13,2025-12-24,ACTIVE
C-T01161,T01161,A-T01161,V0087,10392540.69,2026-06-17,2026-11-14,ACTIVE
C-T01162,T01162,A-T01162,V0016,5717404.99,2025-12-02,2026-11-03,ACTIVE
C-T01163,T01163,A-T01163,V0032,2974280.9,2025-05-10,2025-09-04,ACTIVE
C-T01164,T01164,A-T01164,V0379,2645361.52,2026-02-18,2027-02-16,ACTIVE
C-T01165,T01165,A-T01165,V0397,7865858.09,2024-05-30,2025-06-04,ACTIVE
C-T01166,T01166,A-T01166,V0184,4020389.58,2024-04-07,2024-07-18,ACTIVE
C-T01167,T01167,A-T01167,V0281,982535.8,2025-11-05,2026-04-16,ACTIVE
C-T01168,T01168,A-T01168,V0214,7016696.21,2025-01-12,2025-12-19,ACTIVE
C-T01169,T01169,A-T01169,V0001,7787134.54,2024-03-30,2025-01-28,ACTIVE
C-T01170,T01170,A-T01170,V0355,2398187.19,2024-04-23,2024-12-26,ACTIVE
C-T01171,T01171,A-T01171,V0472,2796972.44,2025-04-25,2026-07-20,ACTIVE
C-T01172,T01172,A-T01172,V0424,4507074.05,2025-05-07,2025-09-20,ACTIVE
C-T01173,T01173,A-T01173,V0145,26780274.65,2026-09-25,2027-06-21,ACTIVE
C-T01174,T01174,A-T01174,V0209,39848685.38,2025-08-10,2026-08-06,ACTIVE
C-T01175,T01175,A-T01175,V0339,5510528.04,2025-08-04,2026-10-23,ACTIVE
C-T01176,T01176,A-T01176,V0336,11318175.31,2026-09-24,2027-04-17,ACTIVE
C-T01177,T01177,A-T01177,V0437,11481982.68,2024-10-10,2025-02-06,ACTIVE
C-T01178,T01178,A-T01178,V0483,19639321.09,2025-08-17,2026-10-19,ACTIVE
C-T01179,T01179,A-T01179,V0025,23695804.43,2025-08-02,2026-06-10,ACTIVE
C-T01180,T01180,A-T01180,V0506,10646491.2,2025-03-21,2026-09-08,ACTIVE
C-T01181,T01181,A-T01181,V0320,10625342.01,2026-03-10,2027-03-18,ACTIVE
C-T01182,T01182,A-T01182,V0060,23332166.59,2026-05-28,2027-03-14,ACTIVE
C-T01183,T01183,A-T01183,V0422,2874595.47,2025-04-28,2025-09-04,ACTIVE
C-T01184,T01184,A-T01184,V0253,18330968.76,2026-09-20,2027-11-05,ACTIVE
C-T01185,T01185,A-T01185,V0082,2035047.73,2024-10-01,2025-11-16,ACTIVE
C-T01186,T01186,A-T01186,V0307,19035373.11,2026-08-30,2027-01-21,ACTIVE
C-T01187,T01187,A-T01187,V0427,7250082.71,2025-05-06,2026-02-25,ACTIVE
C-T01188,T01188,A-T01188,V0391,36970487.27,2024-11-04,2025-02-25,ACTIVE
C-T01189,T01189,A-T01189,V0364,2200672.24,2025-07-21,2025-10-11,ACTIVE
C-T01190,T01190,A-T01190,V0489,10537785.48,2025-12-02,2026-10-21,ACTIVE
C-T01191,T01191,A-T01191,V0080,45107259.19,2025-04-02,2026-06-07,ACTIVE
C-T01192,T01192,A-T01192,V0098,18269438.94,2026-08-29,2027-04-23,ACTIVE
C-T01193,T01193,A-T01193,V0224,52188946.45,2025-12-23,2026-05-20,ACTIVE
C-T01194,T01194,A-T01194,V0035,8524755.63,2025-11-23,2026-09-12,ACTIVE
C-T01195,T01195,A-T01195,V0182,25077524.03,2025-05-16,2026-06-22,ACTIVE
C-T01196,T01196,A-T01196,V0233,6325429.74,2024-09-30,2025-02-16,ACTIVE
C-T01197,T01197,A-T01197,V0456,11363924.78,2026-01-18,2027-06-29,ACTIVE
C-T01198,T01198,A-T01198,V0327,5688777.92,2026-07-29,2026-12-28,ACTIVE
C-T01199,T01199,A-T01199,V0115,9226382.02,2026-01-05,2026-08-20,ACTIVE
C-T01200,T01200,A-T01200,V0278,1152864.12,2024-10-11,2025-09-10,ACTIVE
C-T01201,T01201,A-T01201,V0410,174978113.74,2026-10-10,2027-03-04,ACTIVE
C-T01202,T01202,A-T01202,V0248,13877703.17,2026-08-12,2027-05-19,ACTIVE
C-T01203,T01203,A-T01203,V0104,6726137.76,2024-12-27,2025-10-29,ACTIVE
C-T01204,T01204,A-T01204,V0279,4283169.21,2025-04-05,2025-08-18,ACTIVE
C-T01205,T01205,A-T01205,V0117,116465613.14,2024-12-15,2025-02-26,ACTIVE
C-T01206,T01206,A-T01206,V0263,1645645.23,2026-06-25,2027-10-12,ACTIVE
C-T01207,T01207,A-T01207,V0042,43900458.19,2024-11-16,2025-04-20,ACTIVE
C-T01208,T01208,A-T01208,V0076,5206664.85,2026-09-30,2027-06-16,ACTIVE
C-T01209,T01209,A-T01209,V0265,6492665.56,2024-03-12,2024-05-29,ACTIVE
C-T01210,T01210,A-T01210,V0427,25257502.15,2024-07-27,2026-01-10,ACTIVE
C-T01211,T01211,A-T01211,V0429,51517802.47,2024-02-24,2024-06-20,ACTIVE
C-T01212,T01212,A-T01212,V0301,4788828.78,2026-06-12,2026-10-12,ACTIVE
C-T01213,T01213,A-T01213,V0164,2511847.37,2024-05-20,2025-06-19,ACTIVE
C-T01214,T01214,A-T01214,V0426,12567243.75,2026-10-14,2027-08-15,ACTIVE
C-T01215,T01215,A-T01215,V0469,17959824.99,2026-04-27,2027-08-13,ACTIVE
C-T01216,T01216,A-T01216,V0381,39789852.67,2024-05-18,2025-02-09,ACTIVE
C-T01217,T01217,A-T01217,V0172,42178057.01,2025-06-21,2025-11-26,ACTIVE
C-T01218,T01218,A-T01218,V0197,1335771.75,2026-01-17,2027-04-30,ACTIVE
C-T01219,T01219,A-T01219,V0523,50474093.11,2025-02-12,2026-05-25,ACTIVE
C-T01220,T01220,A-T01220,V0391,22175564.45,2025-08-18,2026-12-12,ACTIVE
C-T01221,T01221,A-T01221,V0195,3439772.74,2026-07-25,2027-12-23,ACTIVE
C-T01222,T01222,A-T01222,V0295,6161830.94,2025-03-06,2025-07-07,ACTIVE
C-T01223,T01223,A-T01223,V0322,436418.48,2025-10-02,2027-03-07,ACTIVE
C-T01224,T01224,A-T01224,V0051,546138.28,2025-02-20,2025-08-16,ACTIVE
C-T01225,T01225,A-T01225,V0525,74993512.3,2025-05-25,2025-12-05,ACTIVE
C-T01226,T01226,A-T01226,V0291,6418144.97,2025-07-18,2025-12-06,ACTIVE
C-T01227,T01227,A-T01227,V0148,5302531.12,2024-06-11,2025-02-19,ACTIVE
C-T01228,T01228,A-T01228,V0083,5038562.14,2025-09-16,2026-07-13,ACTIVE
C-T01229,T01229,A-T01229,V0026,1438871.92,2025-11-02,2026-01-24,ACTIVE
C-T01230,T01230,A-T01230,V0224,20655212.74,2026-06-01,2027-09-06,ACTIVE
C-T01231,T01231,A-T01231,V0129,5682432.53,2024-03-19,2025-01-31,ACTIVE
C-T01232,T01232,A-T01232,V0293,51224064.45,2026-03-12,2027-06-04,ACTIVE
C-T01233,T01233,A-T01233,V0127,79701698.6,2026-06-20,2027-07-23,ACTIVE
C-T01234,T01234,A-T01234,V0395,6366287.02,2026-08-04,2026-11-19,ACTIVE
C-T01235,T01235,A-T01235,V0510,5271861.09,2025-11-26,2027-02-28,ACTIVE
C-T01236,T01236,A-T01236,V0195,5693216.24,2025-03-05,2026-07-25,ACTIVE
C-T01237,T01237,A-T01237,V0258,12390509.36,2025-08-04,2026-12-02,ACTIVE
C-T01238,T01238,A-T01238,V0335,8977659.88,2025-01-01,2025-12-24,ACTIVE
C-T01239,T01239,A-T01239,V0051,2826446.09,2025-08-19,2026-05-28,ACTIVE
C-T01240,T01240,A-T01240,V0394,25169582.36,2025-10-27,2026-04-07,ACTIVE
C-T01241,T01241,A-T01241,V0533,3180530.31,2026-05-07,2026-11-01,ACTIVE
C-T01242,T01242,A-T01242,V0425,13662718.43,2024-04-09,2024-09-08,ACTIVE
C-T01243,T01243,A-T01243,V0531,11682229.63,2025-04-19,2025-10-26,ACTIVE
C-T01244,T01244,A-T01244,V0253,5115867.69,2024-11-07,2025-08-15,ACTIVE
C-T01245,T01245,A-T01245,V0088,24545597.06,2025-10-23,2027-04-02,ACTIVE
C-T01246,T01246,A-T01246,V0321,12120155.6,2025-10-12,2026-09-09,ACTIVE
C-T01247,T01247,A-T01247,V0263,1194872.42,2024-08-04,2025-10-15,ACTIVE
C-T01248,T01248,A-T01248,V0485,9432018.17,2025-04-08,2026-03-20,ACTIVE
C-T01249,T01249,A-T01249,V0026,7359661.3,2024-08-19,2025-01-07,ACTIVE
C-T01250,T01250,A-T01250,V0394,8647450.31,2024-07-17,2025-08-17,ACTIVE
C-T01251,T01251,A-T01251,V0158,1508514.96,2025-05-10,2026-06-21,ACTIVE
C-T01252,T01252,A-T01252,V0133,4539580.4,2024-10-09,2025-11-13,ACTIVE
C-T01253,T01253,A-T01253,V0541,27112406.57,2025-01-05,2025-04-11,ACTIVE
C-T01254,T01254,A-T01254,V0495,10798194.53,2025-01-28,2025-08-25,ACTIVE
C-T01255,T01255,A-T01255,V0063,49227807.91,2026-06-20,2027-08-15,ACTIVE
C-T01256,T01256,A-T01256,V0336,13915461.52,2024-06-15,2025-10-04,ACTIVE
C-T01257,T01257,A-T01257,V0456,1704467.81,2025-12-09,2026-04-09,ACTIVE
C-T01258,T01258,A-T01258,V0114,35037204.7,2026-03-26,2027-08-10,ACTIVE
C-T01259,T01259,A-T01259,V0182,4039483.32,2024-07-28,2024-10-15,ACTIVE
C-T01260,T01260,A-T01260,V0178,4076394.04,2024-11-20,2025-08-15,ACTIVE
C-T01261,T01261,A-T01261,V0425,8958541.98,2026-05-11,2027-01-29,ACTIVE
C-T01262,T01262,A-T01262,V0010,5050885.8,2024-04-07,2025-04-12,ACTIVE
C-T01263,T01263,A-T01263,V0180,1161222.57,2025-04-27,2025-11-28,ACTIVE
C-T01264,T01264,A-T01264,V0298,7613585.68,2024-07-06,2024-12-05,ACTIVE
C-T01265,T01265,A-T01265,V0404,10365452.81,2026-01-08,2026-04-12,ACTIVE
C-T01266,T01266,A-T01266,V0393,14396565.15,2024-05-19,2025-09-11,ACTIVE
C-T01267,T01267,A-T01267,V0411,9042154.47,2025-06-28,2026-05-11,ACTIVE
C-T01268,T01268,A-T01268,V0352,28499207.95,2024-04-07,2025-09-17,ACTIVE
C-T01269,T01269,A-T01269,V0175,29352950.8,2024-11-01,2025-03-13,ACTIVE
C-T01270,T01270,A-T01270,V0020,6521099.77,2026-08-01,2027-02-04,ACTIVE
C-T01271,T01271,A-T01271,V0176,37056536.89,2025-06-26,2026-11-07,ACTIVE
C-T01272,T01272,A-T01272,V0027,59524559.17,2025-01-24,2025-05-31,ACTIVE
C-T01273,T01273,A-T01273,V0146,5202582.48,2024-12-22,2026-03-09,ACTIVE
C-T01274,T01274,A-T01274,V0412,12386523.61,2025-08-06,2026-06-08,ACTIVE
C-T01275,T01275,A-T01275,V0339,74704466.35,2025-04-23,2026-10-06,ACTIVE
C-T01276,T01276,A-T01276,V0360,7551702.43,2025-07-07,2026-07-09,ACTIVE
C-T01277,T01277,A-T01277,V0162,1712888.03,2026-04-06,2026-09-19,ACTIVE
C-T01278,T01278,A-T01278,V0499,9872578.53,2024-04-01,2025-04-06,ACTIVE
C-T01279,T01279,A-T01279,V0271,19376280.23,2024-07-03,2025-06-21,ACTIVE
C-T01280,T01280,A-T01280,V0374,9218348.98,2024-03-11,2025-05-14,ACTIVE
C-T01281,T01281,A-T01281,V0336,2511226.03,2025-03-05,2025-09-30,ACTIVE
C-T01282,T01282,A-T01282,V0475,5156950.12,2025-08-12,2026-12-04,ACTIVE
C-T01283,T01283,A-T01283,V0494,9315584.29,2026-02-15,2027-05-28,ACTIVE
C-T01284,T01284,A-T01284,V0288,102712321.63,2025-06-25,2026-12-04,ACTIVE
C-T01285,T01285,A-T01285,V0019,19444703.81,2025-10-23,2026-05-14,ACTIVE
C-T01286,T01286,A-T01286,V0355,1495460.74,2024-03-04,2025-07-19,ACTIVE
C-T01287,T01287,A-T01287,V0488,7121389.89,2026-01-21,2027-05-11,ACTIVE
C-T01288,T01288,A-T01288,V0299,20334258.2,2024-03-28,2024-10-17,ACTIVE
C-T01289,T01289,A-T01289,V0443,12629330.96,2026-08-16,2026-12-04,ACTIVE
C-T01290,T01290,A-T01290,V0050,6426836.64,2026-10-23,2027-10-15,ACTIVE
C-T01291,T01291,A-T01291,V0042,20469256.8,2024-04-08,2025-04-16,ACTIVE
C-T01292,T01292,A-T01292,V0424,3317271.69,2026-09-24,2027-04-26,ACTIVE
C-T01293,T01293,A-T01293,V0379,796564.8,2026-08-25,2027-08-30,ACTIVE
C-T01294,T01294,A-T01294,V0071,8379517.87,2026-08-05,2027-04-30,ACTIVE
C-T01295,T01295,A-T01295,V0350,1545304.79,2024-09-08,2026-01-31,ACTIVE
C-T01296,T01296,A-T01296,V0031,18591945.01,2024-02-28,2025-03-20,ACTIVE
C-T01297,T01297,A-T01297,V0161,22551156.12,2026-06-25,2027-02-14,ACTIVE
C-T01298,T01298,A-T01298,V0411,21882776.46,2025-04-03,2026-07-16,ACTIVE
C-T01299,T01299,A-T01299,V0509,15784077.65,2026-07-31,2027-08-15,ACTIVE
C-T01300,T01300,A-T01300,V0513,4274413.51,2026-08-22,2026-11-28,ACTIVE
C-T01301,T01301,A-T01301,V0483,13115219.5,2025-12-21,2027-03-24,ACTIVE
C-T01302,T01302,A-T01302,V0135,51484033.96,2025-05-03,2025-10-14,ACTIVE
C-T01303,T01303,A-T01303,V0362,3251200.06,2025-02-02,2025-10-02,ACTIVE
C-T01304,T01304,A-T01304,V0351,2336245.34,2024-09-15,2025-09-13,ACTIVE
C-T01305,T01305,A-T01305,V0117,25438451.6,2025-09-14,2026-07-03,ACTIVE
C-T01306,T01306,A-T01306,V0284,21007173.87,2024-06-06,2024-12-26,ACTIVE
C-T01307,T01307,A-T01307,V0394,5179445.79,2024-02-14,2024-08-09,ACTIVE
C-T01308,T01308,A-T01308,V0251,3317221.49,2025-05-25,2025-07-27,ACTIVE
C-T01309,T01309,A-T01309,V0034,5369744.76,2026-09-21,2027-08-11,ACTIVE
C-T01310,T01310,A-T01310,V0093,54583330.42,2024-06-17,2024-08-31,ACTIVE
C-T01311,T01311,A-T01311,V0082,4951871.18,2026-03-26,2026-07-30,ACTIVE
C-T01312,T01312,A-T01312,V0276,6124378.12,2026-06-06,2027-11-26,ACTIVE
C-T01313,T01313,A-T01313,V0151,9203022.56,2025-04-12,2026-03-01,ACTIVE
C-T01314,T01314,A-T01314,V0161,5767669.39,2026-01-09,2026-09-09,ACTIVE
C-T01315,T01315,A-T01315,V0461,41313737.76,2025-09-15,2026-09-13,ACTIVE
C-T01316,T01316,A-T01316,V0295,2189406.29,2026-08-31,2026-11-03,ACTIVE
C-T01317,T01317,A-T01317,V0421,9217451.09,2025-02-24,2026-07-08,ACTIVE
C-T01318,T01318,A-T01318,V0292,5416697.64,2026-08-07,2026-10-15,ACTIVE
C-T01319,T01319,A-T01319,V0050,7756358.16,2025-06-04,2026-08-28,ACTIVE
C-T01320,T01320,A-T01320,V0018,78242387.09,2026-03-15,2027-06-21,ACTIVE
C-T01321,T01321,A-T01321,V0142,12786332.8,2024-09-21,2025-05-15,ACTIVE
C-T01322,T01322,A-T01322,V0372,5097396.03,2025-02-13,2025-05-03,ACTIVE
C-T01323,T01323,A-T01323,V0148,4660973.65,2026-08-08,2027-02-01,ACTIVE
C-T01324,T01324,A-T01324,V0259,8600257.86,2024-07-25,2025-05-24,ACTIVE
C-T01325,T01325,A-T01325,V0110,6491098.99,2026-09-17,2026-12-18,ACTIVE
C-T01326,T01326,A-T01326,V0051,5093721.25,2026-02-22,2027-04-30,ACTIVE
C-T01327,T01327,A-T01327,V0032,6589687.53,2025-09-29,2027-03-05,ACTIVE
C-T01328,T01328,A-T01328,V0019,45933938.94,2024-06-22,2025-02-11,ACTIVE
C-T01329,T01329,A-T01329,V0064,28758267.28,2024-04-25,2024-09-18,ACTIVE
C-T01330,T01330,A-T01330,V0016,76976912.39,2024-06-12,2025-09-14,ACTIVE
C-T01331,T01331,A-T01331,V0438,16740354.99,2025-09-25,2026-05-12,ACTIVE
C-T01332,T01332,A-T01332,V0426,68143308.02,2026-04-09,2026-07-21,ACTIVE
C-T01333,T01333,A-T01333,V0115,12510367.64,2026-08-18,2027-06-04,ACTIVE
C-T01334,T01334,A-T01334,V0166,1501114.19,2024-12-11,2025-03-04,ACTIVE
C-T01335,T01335,A-T01335,V0200,2498912.21,2026-07-02,2026-10-03,ACTIVE
C-T01336,T01336,A-T01336,V0041,3095898.22,2026-01-04,2026-11-28,ACTIVE
C-T01337,T01337,A-T01337,V0511,10614207.19,2025-07-30,2025-10-03,ACTIVE
C-T01338,T01338,A-T01338,V0289,13182189.85,2025-08-23,2026-10-22,ACTIVE
C-T01339,T01339,A-T01339,V0407,4360686.99,2025-05-22,2026-05-27,ACTIVE
C-T01340,T01340,A-T01340,V0317,8942405.23,2024-06-11,2024-10-27,ACTIVE
C-T01341,T01341,A-T01341,V0004,2377568.65,2025-05-09,2026-01-19,ACTIVE
C-T01342,T01342,A-T01342,V0321,4907654.79,2026-05-04,2027-02-26,ACTIVE
C-T01343,T01343,A-T01343,V0188,78284172.62,2026-09-28,2027-02-26,ACTIVE
C-T01344,T01344,A-T01344,V0114,16162804.3,2024-04-05,2025-03-13,ACTIVE
C-T01345,T01345,A-T01345,V0381,31170820.06,2025-11-10,2027-01-01,ACTIVE
C-T01346,T01346,A-T01346,V0106,2421313.25,2024-12-10,2025-05-29,ACTIVE
C-T01347,T01347,A-T01347,V0172,43681311.16,2024-05-21,2025-04-25,ACTIVE
C-T01348,T01348,A-T01348,V0345,19157168.35,2026-10-06,2027-11-27,ACTIVE
C-T01349,T01349,A-T01349,V0201,25587716.38,2024-04-18,2025-06-13,ACTIVE
C-T01350,T01350,A-T01350,V0132,832954.85,2025-04-22,2026-04-14,ACTIVE
C-T01351,T01351,A-T01351,V0301,103526708.69,2024-10-24,2025-07-17,ACTIVE
C-T01352,T01352,A-T01352,V0270,36691550.48,2025-10-08,2026-05-29,ACTIVE
C-T01353,T01353,A-T01353,V0169,2787051.55,2024-10-14,2025-03-11,ACTIVE
C-T01354,T01354,A-T01354,V0144,8763156.9,2024-09-20,2025-08-26,ACTIVE
C-T01355,T01355,A-T01355,V0177,4675884.05,2025-10-07,2026-12-19,ACTIVE
C-T01356,T01356,A-T01356,V0191,492453784.21,2025-07-30,2026-03-27,ACTIVE
C-T01357,T01357,A-T01357,V0276,2724615.26,2026-01-26,2027-03-10,ACTIVE
C-T01358,T01358,A-T01358,V0474,28654092.71,2024-03-11,2024-06-19,ACTIVE
C-T01359,T01359,A-T01359,V0341,10359122.1,2025-05-08,2025-10-02,ACTIVE
C-T01360,T01360,A-T01360,V0273,151763117.16,2024-03-20,2025-09-05,ACTIVE
C-T01361,T01361,A-T01361,V0275,4598621.26,2024-05-23,2024-11-05,ACTIVE
C-T01362,T01362,A-T01362,V0390,22214515.57,2024-09-20,2025-07-24,ACTIVE
C-T01363,T01363,A-T01363,V0066,21227778.76,2024-07-07,2025-05-19,ACTIVE
C-T01364,T01364,A-T01364,V0403,14522595.78,2026-03-20,2026-12-11,ACTIVE
C-T01365,T01365,A-T01365,V0478,21014488.37,2025-03-28,2025-09-22,ACTIVE
C-T01366,T01366,A-T01366,V0204,2385227.56,2026-05-31,2027-09-06,ACTIVE
C-T01367,T01367,A-T01367,V0434,27765846.3,2026-01-06,2026-07-11,ACTIVE
C-T01368,T01368,A-T01368,V0231,3371471.38,2025-03-20,2026-02-11,ACTIVE
C-T01369,T01369,A-T01369,V0132,8157535.27,2026-06-24,2027-02-14,ACTIVE
C-T01370,T01370,A-T01370,V0546,5158437.44,2026-07-17,2027-03-28,ACTIVE
C-T01371,T01371,A-T01371,V0310,1334115.03,2025-07-20,2026-12-28,ACTIVE
C-T01372,T01372,A-T01372,V0135,15123165.84,2024-08-18,2025-05-14,ACTIVE
C-T01373,T01373,A-T01373,V0144,6284577.67,2026-01-22,2026-08-09,ACTIVE
C-T01374,T01374,A-T01374,V0472,9633824.44,2025-12-21,2027-01-20,ACTIVE
C-T01375,T01375,A-T01375,V0185,7220710.37,2024-09-21,2025-07-12,ACTIVE
C-T01376,T01376,A-T01376,V0470,18826136.76,2026-07-30,2027-02-10,ACTIVE
C-T01377,T01377,A-T01377,V0184,11588102.44,2026-03-18,2027-01-14,ACTIVE
C-T01378,T01378,A-T01378,V0297,129649388.41,2024-10-16,2026-03-29,ACTIVE
C-T01379,T01379,A-T01379,V0120,6651673.58,2026-06-06,2026-08-10,ACTIVE
C-T01380,T01380,A-T01380,V0103,43650454.21,2025-08-29,2025-12-18,ACTIVE
C-T01381,T01381,A-T01381,V0396,8081449.35,2025-03-24,2026-02-26,ACTIVE
C-T01382,T01382,A-T01382,V0451,46744952.21,2024-12-05,2026-03-22,ACTIVE
C-T01383,T01383,A-T01383,V0045,42818060.22,2024-05-01,2025-04-30,ACTIVE
C-T01384,T01384,A-T01384,V0322,1712644.99,2025-08-23,2026-10-17,ACTIVE
C-T01385,T01385,A-T01385,V0004,1820745.58,2024-11-05,2026-01-19,ACTIVE
C-T01386,T01386,A-T01386,V0142,21869088.73,2024-05-27,2025-03-09,ACTIVE
C-T01387,T01387,A-T01387,V0029,10202815.87,2026-05-20,2027-05-21,ACTIVE
C-T01388,T01388,A-T01388,V0254,3428866.72,2024-02-19,2025-05-12,ACTIVE
C-T01389,T01389,A-T01389,V0204,19750630.89,2026-01-31,2026-05-18,ACTIVE
C-T01390,T01390,A-T01390,V0247,1480827.85,2025-06-26,2026-06-07,ACTIVE
C-T01391,T01391,A-T01391,V0344,19684910.98,2025-03-18,2025-07-07,ACTIVE
C-T01392,T01392,A-T01392,V0178,4521493.77,2025-03-08,2025-12-03,ACTIVE
C-T01393,T01393,A-T01393,V0295,17373265.55,2025-09-05,2026-05-08,ACTIVE
C-T01394,T01394,A-T01394,V0194,5931522.24,2024-05-07,2024-12-09,ACTIVE
C-T01395,T01395,A-T01395,V0269,20598311.73,2026-10-05,2027-11-21,ACTIVE
C-T01396,T01396,A-T01396,V0220,24307055.88,2026-05-26,2026-11-24,ACTIVE
C-T01397,T01397,A-T01397,V0166,11195742.28,2024-11-05,2025-03-24,ACTIVE
C-T01398,T01398,A-T01398,V0127,5096125.1,2026-03-10,2026-11-09,ACTIVE
C-T01399,T01399,A-T01399,V0347,15811853.38,2026-04-04,2027-09-05,ACTIVE
C-T01400,T01400,A-T01400,V0513,5842321.08,2026-04-03,2026-11-07,ACTIVE
C-T01401,T01401,A-T01401,V0308,7026734.7,2024-05-12,2025-09-27,ACTIVE
C-T01402,T01402,A-T01402,V0352,11364018.42,2024-11-26,2025-09-06,ACTIVE
C-T01403,T01403,A-T01403,V0073,19286956.13,2025-06-10,2026-03-24,ACTIVE
C-T01404,T01404,A-T01404,V0187,7094193.04,2026-06-04,2026-09-25,ACTIVE
C-T01405,T01405,A-T01405,V0382,12840569.14,2025-10-13,2026-03-23,ACTIVE
C-T01406,T01406,A-T01406,V0355,10018617.57,2025-03-11,2026-04-24,ACTIVE
C-T01407,T01407,A-T01407,V0212,23914948.06,2026-02-24,2027-03-25,ACTIVE
C-T01408,T01408,A-T01408,V0229,13054582.06,2026-06-30,2026-10-31,ACTIVE
C-T01409,T01409,A-T01409,V0378,5156780.75,2025-07-04,2026-03-19,ACTIVE
C-T01410,T01410,A-T01410,V0324,50144777.34,2024-03-28,2025-06-03,ACTIVE
C-T01411,T01411,A-T01411,V0397,3218462.9,2024-05-02,2025-03-07,ACTIVE
C-T01412,T01412,A-T01412,V0121,6269505.89,2025-12-31,2026-07-31,ACTIVE
C-T01413,T01413,A-T01413,V0186,13768899.75,2025-05-13,2026-01-11,ACTIVE
C-T01414,T01414,A-T01414,V0174,6111600.01,2024-11-18,2025-09-17,ACTIVE
C-T01415,T01415,A-T01415,V0464,11481195.77,2024-06-18,2025-09-17,ACTIVE
C-T01416,T01416,A-T01416,V0123,1874623.59,2025-11-27,2026-07-01,ACTIVE
C-T01417,T01417,A-T01417,V0072,8775716.47,2026-02-02,2027-01-28,ACTIVE
C-T01418,T01418,A-T01418,V0340,18876081.63,2025-05-05,2026-08-20,ACTIVE
C-T01419,T01419,A-T01419,V0289,7159366.09,2025-01-12,2025-12-27,ACTIVE
C-T01420,T01420,A-T01420,V0001,6658524.16,2026-01-12,2027-05-20,ACTIVE
C-T01421,T01421,A-T01421,V0434,15410978.74,2026-09-03,2027-10-04,ACTIVE
C-T01422,T01422,A-T01422,V0386,15373207.67,2026-02-22,2026-04-29,ACTIVE
C-T01423,T01423,A-T01423,V0126,3984894.11,2025-05-16,2026-04-22,ACTIVE
C-T01424,T01424,A-T01424,V0472,20396126.04,2024-06-25,2025-05-20,ACTIVE
C-T01425,T01425,A-T01425,V0031,35317090.26,2026-04-16,2027-06-30,ACTIVE
C-T01426,T01426,A-T01426,V0240,6326258.53,2025-06-07,2025-09-01,ACTIVE
C-T01427,T01427,A-T01427,V0107,21499542.42,2024-11-21,2025-06-20,ACTIVE
C-T01428,T01428,A-T01428,V0414,18359790.41,2025-09-03,2026-09-26,ACTIVE
C-T01429,T01429,A-T01429,V0540,5063197.99,2024-04-03,2024-07-17,ACTIVE
C-T01430,T01430,A-T01430,V0384,2576161.43,2026-05-16,2026-08-21,ACTIVE
C-T01431,T01431,A-T01431,V0550,20668551.85,2025-07-31,2026-06-10,ACTIVE
C-T01432,T01432,A-T01432,V0121,14781714.64,2026-05-05,2027-08-18,ACTIVE
C-T01433,T01433,A-T01433,V0452,7221913.13,2026-01-24,2027-07-15,ACTIVE
C-T01434,T01434,A-T01434,V0104,35504618.81,2024-06-07,2025-01-06,ACTIVE
C-T01435,T01435,A-T01435,V0299,63388107.65,2025-11-27,2027-02-19,ACTIVE
C-T01436,T01436,A-T01436,V0421,39440450.03,2025-08-17,2026-06-07,ACTIVE
C-T01437,T01437,A-T01437,V0242,83018448.56,2026-04-22,2027-09-15,ACTIVE
C-T01438,T01438,A-T01438,V0162,7274620.95,2025-03-26,2025-09-15,ACTIVE
C-T01439,T01439,A-T01439,V0336,4836153.13,2026-04-15,2027-04-29,ACTIVE
C-T01440,T01440,A-T01440,V0516,13420010.81,2025-10-24,2026-07-17,ACTIVE
C-T01441,T01441,A-T01441,V0016,8903243.72,2024-11-27,2026-04-10,ACTIVE
C-T01442,T01442,A-T01442,V0375,22443479.68,2025-11-18,2026-06-29,ACTIVE
C-T01443,T01443,A-T01443,V0113,25772132.77,2026-02-14,2027-08-04,ACTIVE
C-T01444,T01444,A-T01444,V0079,39659215.45,2026-07-01,2027-10-02,ACTIVE
C-T01445,T01445,A-T01445,V0423,11150160.29,2025-03-15,2025-10-28,ACTIVE
C-T01446,T01446,A-T01446,V0491,4912735.12,2025-09-04,2026-05-13,ACTIVE
C-T01447,T01447,A-T01447,V0365,17609953.01,2026-06-02,2027-05-11,ACTIVE
C-T01448,T01448,A-T01448,V0092,6544562.6,2025-06-30,2026-02-20,ACTIVE
C-T01449,T01449,A-T01449,V0491,29332442.78,2026-10-12,2028-03-22,ACTIVE
C-T01450,T01450,A-T01450,V0422,11821181.13,2026-09-14,2027-04-10,ACTIVE
C-T01451,T01451,A-T01451,V0181,9846733.63,2025-02-12,2026-06-29,ACTIVE
C-T01452,T01452,A-T01452,V0416,33907562.42,2025-11-01,2026-10-04,ACTIVE
C-T01453,T01453,A-T01453,V0325,9616777.7,2025-03-22,2026-01-20,ACTIVE
C-T01454,T01454,A-T01454,V0346,105812941.48,2026-08-27,2027-08-28,ACTIVE
C-T01455,T01455,A-T01455,V0364,2430823.47,2025-01-25,2025-09-05,ACTIVE
C-T01456,T01456,A-T01456,V0091,19135457.79,2026-03-11,2027-07-16,ACTIVE
C-T01457,T01457,A-T01457,V0383,17709818.85,2024-11-01,2025-06-16,ACTIVE
C-T01458,T01458,A-T01458,V0364,1613559.62,2026-04-15,2026-10-04,ACTIVE
C-T01459,T01459,A-T01459,V0225,16328185.34,2026-05-07,2027-07-27,ACTIVE
C-T01460,T01460,A-T01460,V0489,9783011.06,2026-04-29,2027-08-01,ACTIVE
C-T01461,T01461,A-T01461,V0248,85228918.53,2025-10-06,2026-06-20,ACTIVE
C-T01462,T01462,A-T01462,V0065,6208722.32,2024-08-18,2026-02-05,ACTIVE
C-T01463,T01463,A-T01463,V0175,2399705.61,2024-10-05,2025-09-15,ACTIVE
C-T01464,T01464,A-T01464,V0153,54335106.48,2025-01-13,2026-03-07,ACTIVE
C-T01465,T01465,A-T01465,V0352,1165864.0,2025-12-24,2026-06-18,ACTIVE
C-T01466,T01466,A-T01466,V0013,23040900.75,2026-09-30,2027-11-12,ACTIVE
C-T01467,T01467,A-T01467,V0292,4991307.65,2026-06-29,2027-04-27,ACTIVE
C-T01468,T01468,A-T01468,V0453,6887635.38,2026-08-14,2027-04-26,ACTIVE
C-T01469,T01469,A-T01469,V0336,21309595.26,2025-05-25,2025-08-29,ACTIVE
C-T01470,T01470,A-T01470,V0013,38881714.28,2024-08-20,2025-06-01,ACTIVE
C-T01471,T01471,A-T01471,V0280,2993901.95,2026-01-27,2026-05-06,ACTIVE
C-T01472,T01472,A-T01472,V0547,18854684.05,2025-03-23,2026-07-19,ACTIVE
C-T01473,T01473,A-T01473,V0340,46409931.94,2025-11-26,2026-08-28,ACTIVE
C-T01474,T01474,A-T01474,V0509,2804403.57,2025-05-17,2026-04-26,ACTIVE
C-T01475,T01475,A-T01475,V0162,9637144.35,2024-07-06,2024-10-18,ACTIVE
C-T01476,T01476,A-T01476,V0464,34559802.08,2025-09-28,2026-06-18,ACTIVE
C-T01477,T01477,A-T01477,V0066,1737078.21,2024-04-04,2024-10-04,ACTIVE
C-T01478,T01478,A-T01478,V0172,8710011.89,2025-10-08,2026-12-31,ACTIVE
C-T01479,T01479,A-T01479,V0249,9952576.85,2025-01-27,2025-10-09,ACTIVE
C-T01480,T01480,A-T01480,V0201,7891380.51,2025-11-14,2027-03-08,ACTIVE
C-T01481,T01481,A-T01481,V0470,11647193.92,2025-01-19,2026-05-09,ACTIVE
C-T01482,T01482,A-T01482,V0202,12663295.88,2025-11-27,2027-05-12,ACTIVE
C-T01483,T01483,A-T01483,V0417,18556964.28,2024-12-11,2025-09-27,ACTIVE
C-T01484,T01484,A-T01484,V0445,27071866.52,2026-05-19,2027-08-02,ACTIVE
C-T01485,T01485,A-T01485,V0248,15559846.79,2025-02-28,2025-08-30,ACTIVE
C-T01486,T01486,A-T01486,V0346,43182688.57,2025-01-16,2025-08-14,ACTIVE
C-T01487,T01487,A-T01487,V0247,95644869.65,2024-11-17,2025-05-14,ACTIVE
C-T01488,T01488,A-T01488,V0396,3338793.38,2026-10-02,2026-12-24,ACTIVE
C-T01489,T01489,A-T01489,V0274,47472188.25,2025-03-03,2026-07-30,ACTIVE
C-T01490,T01490,A-T01490,V0516,26658021.48,2025-08-05,2025-12-28,ACTIVE
C-T01491,T01491,A-T01491,V0259,29077181.2,2025-03-06,2026-06-03,ACTIVE
C-T01492,T01492,A-T01492,V0275,27293102.03,2026-07-14,2026-12-20,ACTIVE
C-T01493,T01493,A-T01493,V0025,43093972.5,2026-02-21,2027-05-10,ACTIVE
C-T01494,T01494,A-T01494,V0003,19150471.07,2026-01-16,2027-07-08,ACTIVE
C-T01495,T01495,A-T01495,V0375,1237754.29,2026-07-29,2027-06-26,ACTIVE
C-T01496,T01496,A-T01496,V0246,85325521.51,2026-10-04,2027-09-28,ACTIVE
C-T01497,T01497,A-T01497,V0016,3619767.77,2026-07-27,2027-01-19,ACTIVE
C-T01498,T01498,A-T01498,V0469,13590231.25,2025-02-12,2025-05-17,ACTIVE
C-T01499,T01499,A-T01499,V0033,3293707.36,2026-01-19,2027-02-20,ACTIVE
C-T01500,T01500,A-T01500,V0264,12115358.17,2024-07-09,2024-10-15,ACTIVE
C-T01501,T01501,A-T01501,V0394,6403677.63,2026-08-29,2027-09-28,ACTIVE
C-T01502,T01502,A-T01502,V0029,7797015.52,2024-08-12,2025-09-25,ACTIVE
C-T01503,T01503,A-T01503,V0419,3341582.75,2025-11-22,2027-03-06,ACTIVE
C-T01504,T01504,A-T01504,V0171,68230532.02,2024-05-24,2024-12-27,ACTIVE
C-T01505,T01505,A-T01505,V0119,5083023.68,2026-04-14,2026-10-07,ACTIVE
C-T01506,T01506,A-T01506,V0308,7813916.35,2025-08-13,2027-01-21,ACTIVE
C-T01507,T01507,A-T01507,V0121,7250607.52,2026-08-13,2027-08-05,ACTIVE
C-T01508,T01508,A-T01508,V0453,10769733.02,2025-08-16,2026-02-07,ACTIVE
C-T01509,T01509,A-T01509,V0022,5057959.24,2025-01-06,2026-03-25,ACTIVE
C-T01510,T01510,A-T01510,V0357,4003484.38,2026-06-05,2027-10-14,ACTIVE
C-T01511,T01511,A-T01511,V0342,7823867.59,2025-03-14,2026-06-15,ACTIVE
C-T01512,T01512,A-T01512,V0463,9738066.11,2025-09-22,2027-03-08,ACTIVE
C-T01513,T01513,A-T01513,V0042,148508807.84,2026-05-11,2026-10-17,ACTIVE
C-T01514,T01514,A-T01514,V0276,32325493.09,2025-07-18,2026-11-07,ACTIVE
C-T01515,T01515,A-T01515,V0025,3681722.5,2024-05-06,2024-11-28,ACTIVE
C-T01516,T01516,A-T01516,V0422,4666534.92,2025-11-23,2026-06-11,ACTIVE
C-T01517,T01517,A-T01517,V0199,64436095.0,2026-02-22,2027-07-30,ACTIVE
C-T01518,T01518,A-T01518,V0035,7120508.3,2025-07-26,2026-11-16,ACTIVE
C-T01519,T01519,A-T01519,V0147,2548239.33,2025-05-14,2025-07-26,ACTIVE
C-T01520,T01520,A-T01520,V0358,41528151.89,2026-06-10,2027-01-28,ACTIVE
C-T01521,T01521,A-T01521,V0533,7002062.53,2025-03-31,2025-10-22,ACTIVE
C-T01522,T01522,A-T01522,V0370,4993083.11,2025-06-15,2026-06-19,ACTIVE
C-T01523,T01523,A-T01523,V0230,17380561.01,2025-07-28,2026-11-12,ACTIVE
C-T01524,T01524,A-T01524,V0049,935538.52,2025-07-01,2025-09-21,ACTIVE
C-T01525,T01525,A-T01525,V0509,5592860.09,2026-02-05,2027-06-02,ACTIVE
C-T01526,T01526,A-T01526,V0047,42993515.6,2024-06-14,2024-09-23,ACTIVE
C-T01527,T01527,A-T01527,V0366,54704013.35,2024-12-19,2026-01-16,ACTIVE
C-T01528,T01528,A-T01528,V0453,4425768.75,2026-09-13,2027-11-02,ACTIVE
C-T01529,T01529,A-T01529,V0143,11131685.17,2025-01-29,2025-04-05,ACTIVE
C-T01530,T01530,A-T01530,V0120,24501994.53,2024-12-22,2025-04-30,ACTIVE
C-T01531,T01531,A-T01531,V0242,1896371.06,2024-10-16,2025-11-02,ACTIVE
C-T01532,T01532,A-T01532,V0447,3738276.3,2026-09-26,2027-05-16,ACTIVE
C-T01533,T01533,A-T01533,V0453,8248228.89,2024-09-18,2025-12-03,ACTIVE
C-T01534,T01534,A-T01534,V0351,5752529.42,2025-12-26,2026-08-01,ACTIVE
C-T01535,T01535,A-T01535,V0082,2534978.13,2024-05-16,2024-09-14,ACTIVE
C-T01536,T01536,A-T01536,V0295,3035440.84,2025-04-14,2026-04-30,ACTIVE
C-T01537,T01537,A-T01537,V0368,15542857.32,2024-03-28,2025-05-29,ACTIVE
C-T01538,T01538,A-T01538,V0394,16267586.45,2025-01-11,2025-08-05,ACTIVE
C-T01539,T01539,A-T01539,V0098,9292008.74,2024-10-29,2026-04-16,ACTIVE
C-T01540,T01540,A-T01540,V0104,9457221.29,2025-03-21,2025-08-29,ACTIVE
C-T01541,T01541,A-T01541,V0295,3213753.01,2026-05-14,2027-05-05,ACTIVE
C-T01542,T01542,A-T01542,V0349,9111185.58,2026-10-15,2027-09-23,ACTIVE
C-T01543,T01543,A-T01543,V0112,1586446.84,2025-07-24,2026-07-31,ACTIVE
C-T01544,T01544,A-T01544,V0430,15871100.6,2024-03-20,2024-10-22,ACTIVE
C-T01545,T01545,A-T01545,V0384,15950586.21,2024-07-07,2025-12-28,ACTIVE
C-T01546,T01546,A-T01546,V0120,6243361.04,2026-04-01,2027-06-23,ACTIVE
C-T01547,T01547,A-T01547,V0277,4021882.64,2026-09-01,2027-07-08,ACTIVE
C-T01548,T01548,A-T01548,V0300,15913550.94,2025-09-17,2026-07-25,ACTIVE
C-T01549,T01549,A-T01549,V0386,150487366.26,2026-10-25,2027-02-27,ACTIVE
C-T01550,T01550,A-T01550,V0095,5212145.88,2024-12-14,2026-02-08,ACTIVE
C-T01551,T01551,A-T01551,V0485,1438695.99,2025-10-31,2026-06-29,ACTIVE
C-T01552,T01552,A-T01552,V0273,24161498.25,2025-03-24,2026-05-07,ACTIVE
C-T01553,T01553,A-T01553,V0357,70957719.75,2025-08-30,2026-03-23,ACTIVE
C-T01554,T01554,A-T01554,V0309,1785475.74,2026-01-23,2027-04-02,ACTIVE
C-T01555,T01555,A-T01555,V0120,7895616.26,2024-10-23,2025-04-15,ACTIVE
C-T01556,T01556,A-T01556,V0310,4710344.57,2025-01-05,2026-04-05,ACTIVE
C-T01557,T01557,A-T01557,V0017,208465461.48,2026-07-04,2027-05-31,ACTIVE
C-T01558,T01558,A-T01558,V0248,11009750.78,2024-06-09,2025-06-09,ACTIVE
C-T01559,T01559,A-T01559,V0309,1792727.27,2026-01-19,2027-05-03,ACTIVE
C-T01560,T01560,A-T01560,V0383,2028777.78,2026-02-05,2026-09-12,ACTIVE
C-T01561,T01561,A-T01561,V0119,59559720.4,2026-04-12,2027-06-24,ACTIVE
C-T01562,T01562,A-T01562,V0148,6715264.18,2026-05-23,2027-06-19,ACTIVE
C-T01563,T01563,A-T01563,V0422,12747922.85,2024-11-17,2025-07-13,ACTIVE
C-T01564,T01564,A-T01564,V0244,1905073.97,2026-08-30,2028-01-06,ACTIVE
C-T01565,T01565,A-T01565,V0379,3570088.57,2025-12-11,2026-08-14,ACTIVE
C-T01566,T01566,A-T01566,V0224,22589911.66,2024-10-12,2025-09-17,ACTIVE
C-T01567,T01567,A-T01567,V0066,1983670.13,2025-07-04,2026-03-24,ACTIVE
C-T01568,T01568,A-T01568,V0259,9207606.39,2024-09-20,2025-04-03,ACTIVE
C-T01569,T01569,A-T01569,V0220,12177661.13,2025-10-18,2026-11-01,ACTIVE
C-T01570,T01570,A-T01570,V0031,13774644.98,2024-04-13,2025-07-18,ACTIVE
C-T01571,T01571,A-T01571,V0472,18620216.05,2025-07-02,2025-09-10,ACTIVE
C-T01572,T01572,A-T01572,V0481,1289555.23,2026-05-03,2027-08-19,ACTIVE
C-T01573,T01573,A-T01573,V0536,7520131.45,2024-08-20,2025-07-14,ACTIVE
C-T01574,T01574,A-T01574,V0308,1521723.0,2025-03-20,2026-06-04,ACTIVE
C-T01575,T01575,A-T01575,V0300,30779775.71,2024-05-11,2025-06-12,ACTIVE
C-T01576,T01576,A-T01576,V0104,6491681.29,2024-04-24,2025-05-08,ACTIVE
C-T01577,T01577,A-T01577,V0247,3548953.01,2026-06-30,2027-01-09,ACTIVE
C-T01578,T01578,A-T01578,V0293,17074892.88,2026-10-02,2027-09-08,ACTIVE
C-T01579,T01579,A-T01579,V0066,966100.12,2024-07-06,2024-09-12,ACTIVE
C-T01580,T01580,A-T01580,V0275,15542122.94,2025-12-04,2027-03-17,ACTIVE
C-T01581,T01581,A-T01581,V0091,39563481.25,2024-09-19,2026-01-13,ACTIVE
C-T01582,T01582,A-T01582,V0384,17325203.5,2025-08-25,2026-11-29,ACTIVE
C-T01583,T01583,A-T01583,V0205,11321218.69,2026-08-02,2027-01-13,ACTIVE
C-T01584,T01584,A-T01584,V0364,39884179.27,2024-08-05,2025-05-18,ACTIVE
C-T01585,T01585,A-T01585,V0509,5337821.09,2024-06-09,2024-10-07,ACTIVE
C-T01586,T01586,A-T01586,V0509,4699432.76,2025-12-28,2026-04-14,ACTIVE
C-T01587,T01587,A-T01587,V0525,19855808.05,2024-11-12,2025-12-14,ACTIVE
C-T01588,T01588,A-T01588,V0052,7642952.82,2025-02-03,2025-05-16,ACTIVE
C-T01589,T01589,A-T01589,V0404,4089156.16,2024-07-05,2025-03-13,ACTIVE
C-T01590,T01590,A-T01590,V0463,16343568.36,2024-11-17,2025-09-07,ACTIVE
C-T01591,T01591,A-T01591,V0245,1733205.5,2025-02-05,2026-05-13,ACTIVE
C-T01592,T01592,A-T01592,V0031,26532895.92,2024-05-23,2024-11-04,ACTIVE
C-T01593,T01593,A-T01593,V0234,3068909.96,2026-07-17,2027-05-23,ACTIVE
C-T01594,T01594,A-T01594,V0460,2792832.33,2025-05-29,2026-04-12,ACTIVE
C-T01595,T01595,A-T01595,V0130,10147177.38,2025-09-30,2027-01-23,ACTIVE
C-T01596,T01596,A-T01596,V0384,7094875.1,2026-02-02,2026-05-24,ACTIVE
C-T01597,T01597,A-T01597,V0498,20797514.07,2025-12-02,2026-07-30,ACTIVE
C-T01598,T01598,A-T01598,V0209,36699335.96,2024-12-05,2025-08-27,ACTIVE
C-T01599,T01599,A-T01599,V0050,2162598.15,2025-09-28,2027-02-18,ACTIVE
C-T01600,T01600,A-T01600,V0224,6495563.39,2026-09-05,2027-01-16,ACTIVE
C-T01601,T01601,A-T01601,V0263,2860832.84,2024-09-22,2024-12-04,ACTIVE
C-T01602,T01602,A-T01602,V0010,5676609.19,2025-07-09,2026-12-10,ACTIVE
C-T01603,T01603,A-T01603,V0161,9147225.91,2026-09-13,2027-11-23,ACTIVE
C-T01604,T01604,A-T01604,V0006,26054766.96,2026-04-09,2027-07-09,ACTIVE
C-T01605,T01605,A-T01605,V0322,2390347.54,2025-02-19,2026-03-04,ACTIVE
C-T01606,T01606,A-T01606,V0277,1095516.59,2024-07-10,2024-12-04,ACTIVE
C-T01607,T01607,A-T01607,V0298,4609503.68,2024-06-14,2024-11-09,ACTIVE
C-T01608,T01608,A-T01608,V0001,2310546.98,2025-11-19,2027-03-16,ACTIVE
C-T01609,T01609,A-T01609,V0360,12114989.62,2025-09-09,2026-10-23,ACTIVE
C-T01610,T01610,A-T01610,V0438,47163783.16,2025-05-19,2026-01-07,ACTIVE
C-T01611,T01611,A-T01611,V0185,4253020.43,2025-09-06,2026-02-07,ACTIVE
C-T01612,T01612,A-T01612,V0162,3998418.68,2026-05-31,2026-11-23,ACTIVE
C-T01613,T01613,A-T01613,V0403,17120058.45,2024-03-04,2024-07-31,ACTIVE
C-T01614,T01614,A-T01614,V0236,2964194.67,2024-10-29,2025-07-22,ACTIVE
C-T01615,T01615,A-T01615,V0251,53293482.74,2025-03-28,2025-06-24,ACTIVE
C-T01616,T01616,A-T01616,V0504,8719240.9,2025-03-23,2026-06-26,ACTIVE
C-T01617,T01617,A-T01617,V0184,7094846.16,2025-01-04,2025-09-23,ACTIVE
C-T01618,T01618,A-T01618,V0331,1715437.96,2025-01-22,2026-06-19,ACTIVE
C-T01619,T01619,A-T01619,V0262,780394.41,2024-06-18,2025-08-17,ACTIVE
C-T01620,T01620,A-T01620,V0527,13804022.21,2025-01-24,2026-07-09,ACTIVE
C-T01621,T01621,A-T01621,V0065,5795497.69,2024-12-25,2025-09-16,ACTIVE
C-T01622,T01622,A-T01622,V0256,2591280.06,2024-10-13,2025-08-14,ACTIVE
C-T01623,T01623,A-T01623,V0263,16958742.6,2025-10-28,2027-04-03,ACTIVE
C-T01624,T01624,A-T01624,V0339,20786308.03,2025-05-24,2026-07-26,ACTIVE
C-T01625,T01625,A-T01625,V0127,1700991.02,2025-07-08,2026-07-16,ACTIVE
C-T01626,T01626,A-T01626,V0499,6697481.52,2024-07-06,2025-04-20,ACTIVE
C-T01627,T01627,A-T01627,V0396,17224590.17,2026-09-05,2027-08-29,ACTIVE
C-T01628,T01628,A-T01628,V0174,15566301.72,2025-02-14,2026-02-14,ACTIVE
C-T01629,T01629,A-T01629,V0422,14851226.99,2025-04-28,2025-09-05,ACTIVE
C-T01630,T01630,A-T01630,V0042,39835457.86,2025-10-16,2026-02-04,ACTIVE
C-T01631,T01631,A-T01631,V0546,2917186.45,2025-10-09,2026-07-14,ACTIVE
C-T01632,T01632,A-T01632,V0411,49145329.4,2026-02-21,2026-10-17,ACTIVE
C-T01633,T01633,A-T01633,V0361,10791682.93,2025-12-19,2027-02-20,ACTIVE
C-T01634,T01634,A-T01634,V0529,6669056.38,2026-01-08,2026-11-29,ACTIVE
C-T01635,T01635,A-T01635,V0381,4497051.6,2025-12-25,2026-07-10,ACTIVE
C-T01636,T01636,A-T01636,V0384,1604780.88,2026-03-14,2027-09-03,ACTIVE
C-T01637,T01637,A-T01637,V0145,4070992.35,2024-12-30,2026-04-02,ACTIVE
C-T01638,T01638,A-T01638,V0385,15009673.27,2026-09-17,2027-09-16,ACTIVE
C-T01639,T01639,A-T01639,V0215,6664411.25,2025-06-07,2026-08-31,ACTIVE
C-T01640,T01640,A-T01640,V0004,2424810.62,2024-06-08,2024-10-17,ACTIVE
C-T01641,T01641,A-T01641,V0529,4440031.17,2025-05-27,2026-09-12,ACTIVE
C-T01642,T01642,A-T01642,V0316,8015033.92,2026-03-14,2027-03-09,ACTIVE
C-T01643,T01643,A-T01643,V0158,4450538.12,2026-07-27,2027-12-17,ACTIVE
C-T01644,T01644,A-T01644,V0153,7146860.81,2026-08-23,2027-02-10,ACTIVE
C-T01645,T01645,A-T01645,V0513,11179558.0,2024-04-09,2025-03-04,ACTIVE
C-T01646,T01646,A-T01646,V0011,12244729.16,2024-10-24,2025-12-03,ACTIVE
C-T01647,T01647,A-T01647,V0344,22296492.61,2025-05-30,2025-12-30,ACTIVE
C-T01648,T01648,A-T01648,V0491,17714326.98,2026-10-07,2028-02-25,ACTIVE
C-T01649,T01649,A-T01649,V0519,4319630.61,2025-03-10,2025-08-15,ACTIVE
C-T01650,T01650,A-T01650,V0487,45778554.39,2024-08-15,2025-06-12,ACTIVE
C-T01651,T01651,A-T01651,V0271,50998979.96,2024-05-09,2025-05-18,ACTIVE
C-T01652,T01652,A-T01652,V0277,13760278.23,2024-03-26,2025-01-31,ACTIVE
C-T01653,T01653,A-T01653,V0391,41981563.02,2025-10-16,2027-02-25,ACTIVE
C-T01654,T01654,A-T01654,V0013,14572106.81,2026-01-24,2026-11-03,ACTIVE
C-T01655,T01655,A-T01655,V0352,63453843.14,2025-03-19,2025-06-09,ACTIVE
C-T01656,T01656,A-T01656,V0178,12008228.45,2025-02-13,2025-05-18,ACTIVE
C-T01657,T01657,A-T01657,V0046,5829365.75,2025-10-12,2026-08-14,ACTIVE
C-T01658,T01658,A-T01658,V0505,4506156.72,2025-08-05,2026-11-24,ACTIVE
C-T01659,T01659,A-T01659,V0225,10886199.4,2025-10-22,2026-03-25,ACTIVE
C-T01660,T01660,A-T01660,V0184,58223037.88,2026-04-10,2027-03-27,ACTIVE
C-T01661,T01661,A-T01661,V0368,99230953.55,2026-10-27,2027-09-07,ACTIVE
C-T01662,T01662,A-T01662,V0485,21833215.99,2025-04-15,2026-03-06,ACTIVE
C-T01663,T01663,A-T01663,V0062,236132725.72,2025-05-22,2025-09-12,ACTIVE
C-T01664,T01664,A-T01664,V0470,7577425.69,2025-10-20,2026-10-22,ACTIVE
C-T01665,T01665,A-T01665,V0338,8774444.19,2025-07-30,2025-11-11,ACTIVE
C-T01666,T01666,A-T01666,V0153,11586774.57,2025-05-21,2026-02-20,ACTIVE
C-T01667,T01667,A-T01667,V0406,1943772.27,2024-10-29,2025-12-20,ACTIVE
C-T01668,T01668,A-T01668,V0356,11950524.74,2024-08-14,2025-11-06,ACTIVE
C-T01669,T01669,A-T01669,V0097,20866864.93,2024-11-12,2025-01-23,ACTIVE
C-T01670,T01670,A-T01670,V0044,37747438.96,2026-10-07,2027-07-13,ACTIVE
C-T01671,T01671,A-T01671,V0140,10160321.99,2024-06-20,2025-02-10,ACTIVE
C-T01672,T01672,A-T01672,V0520,10658193.94,2025-06-08,2026-05-04,ACTIVE
C-T01673,T01673,A-T01673,V0501,57421793.55,2026-05-27,2027-10-13,ACTIVE
C-T01674,T01674,A-T01674,V0178,8831304.93,2024-07-31,2025-11-16,ACTIVE
C-T01675,T01675,A-T01675,V0434,20929210.43,2026-09-09,2027-01-01,ACTIVE
C-T01676,T01676,A-T01676,V0277,3649880.87,2025-09-14,2026-05-17,ACTIVE
C-T01677,T01677,A-T01677,V0501,32253685.46,2024-05-08,2024-12-15,ACTIVE
C-T01678,T01678,A-T01678,V0417,8896740.58,2026-04-05,2026-12-11,ACTIVE
C-T01679,T01679,A-T01679,V0413,1748289.96,2024-12-13,2026-04-11,ACTIVE
C-T01680,T01680,A-T01680,V0383,27555556.42,2025-08-28,2026-04-06,ACTIVE
C-T01681,T01681,A-T01681,V0455,23710643.43,2025-06-09,2026-01-05,ACTIVE
C-T01682,T01682,A-T01682,V0363,4005952.3,2025-06-13,2025-12-06,ACTIVE
C-T01683,T01683,A-T01683,V0083,718544.39,2025-01-01,2025-08-11,ACTIVE
C-T01684,T01684,A-T01684,V0401,231390289.62,2026-02-07,2026-04-17,ACTIVE
C-T01685,T01685,A-T01685,V0013,2382329.37,2026-07-24,2027-02-06,ACTIVE
C-T01686,T01686,A-T01686,V0443,7821092.43,2025-08-12,2026-10-20,ACTIVE
C-T01687,T01687,A-T01687,V0419,5712578.16,2025-12-21,2026-03-25,ACTIVE
C-T01688,T01688,A-T01688,V0311,15047903.89,2025-05-26,2026-04-19,ACTIVE
C-T01689,T01689,A-T01689,V0031,6786767.8,2026-05-11,2027-02-06,ACTIVE
C-T01690,T01690,A-T01690,V0473,4745372.46,2024-11-25,2025-10-29,ACTIVE
C-T01691,T01691,A-T01691,V0395,5267060.2,2026-06-20,2027-10-14,ACTIVE
C-T01692,T01692,A-T01692,V0001,16890536.95,2025-10-02,2026-12-18,ACTIVE
C-T01693,T01693,A-T01693,V0047,11512859.87,2026-09-04,2026-11-13,ACTIVE
C-T01694,T01694,A-T01694,V0121,3601332.78,2024-07-21,2024-12-29,ACTIVE
C-T01695,T01695,A-T01695,V0039,24229762.66,2025-11-08,2026-04-30,ACTIVE
C-T01696,T01696,A-T01696,V0244,216590557.27,2025-05-06,2025-12-22,ACTIVE
C-T01697,T01697,A-T01697,V0153,20082871.88,2024-09-05,2025-07-10,ACTIVE
C-T01698,T01698,A-T01698,V0319,4119062.97,2024-08-06,2025-08-29,ACTIVE
C-T01699,T01699,A-T01699,V0368,38543036.19,2026-01-26,2026-07-16,ACTIVE
C-T01700,T01700,A-T01700,V0220,22173574.11,2025-12-16,2027-05-12,ACTIVE
C-T01701,T01701,A-T01701,V0178,21305866.67,2024-09-06,2025-10-15,ACTIVE
C-T01702,T01702,A-T01702,V0280,19478043.43,2026-01-25,2026-09-06,ACTIVE
C-T01703,T01703,A-T01703,V0023,25571722.24,2026-06-06,2026-11-08,ACTIVE
C-T01704,T01704,A-T01704,V0121,1235841.68,2025-11-21,2026-06-21,ACTIVE
C-T01705,T01705,A-T01705,V0152,21187843.18,2024-09-14,2025-08-09,ACTIVE
C-T01706,T01706,A-T01706,V0470,42063372.27,2025-11-12,2027-02-05,ACTIVE
C-T01707,T01707,A-T01707,V0248,28369810.48,2026-05-06,2027-09-03,ACTIVE
C-T01708,T01708,A-T01708,V0142,4297395.83,2026-01-12,2026-10-17,ACTIVE
C-T01709,T01709,A-T01709,V0182,15963063.74,2026-10-04,2027-08-04,ACTIVE
C-T01710,T01710,A-T01710,V0174,16441062.08,2026-02-15,2027-05-16,ACTIVE
C-T01711,T01711,A-T01711,V0034,3836950.94,2025-11-10,2026-04-04,ACTIVE
C-T01712,T01712,A-T01712,V0313,27746484.4,2024-12-28,2025-10-19,ACTIVE
C-T01713,T01713,A-T01713,V0292,2809543.26,2024-09-06,2025-02-14,ACTIVE
C-T01714,T01714,A-T01714,V0523,55237842.88,2024-08-30,2025-11-22,ACTIVE
C-T01715,T01715,A-T01715,V0232,10599243.72,2024-09-04,2025-08-07,ACTIVE
C-T01716,T01716,A-T01716,V0247,3487135.14,2026-03-14,2026-10-10,ACTIVE
C-T01717,T01717,A-T01717,V0149,1257782.92,2025-06-17,2026-04-02,ACTIVE
C-T01718,T01718,A-T01718,V0331,7288514.7,2025-12-21,2026-09-04,ACTIVE
C-T01719,T01719,A-T01719,V0536,19057804.45,2025-10-10,2026-03-19,ACTIVE
C-T01720,T01720,A-T01720,V0195,19010102.55,2025-04-02,2026-02-21,ACTIVE
C-T01721,T01721,A-T01721,V0413,49704511.85,2024-05-07,2024-07-30,ACTIVE
C-T01722,T01722,A-T01722,V0391,19095079.2,2026-06-14,2027-10-03,ACTIVE
C-T01723,T01723,A-T01723,V0319,3148469.23,2024-04-20,2024-09-04,ACTIVE
C-T01724,T01724,A-T01724,V0388,2430621.04,2025-09-23,2026-10-12,ACTIVE
C-T01725,T01725,A-T01725,V0319,61898918.09,2024-08-14,2025-12-24,ACTIVE
C-T01726,T01726,A-T01726,V0528,2490584.29,2025-08-16,2026-03-06,ACTIVE
C-T01727,T01727,A-T01727,V0217,24046334.93,2025-08-27,2026-06-13,ACTIVE
C-T01728,T01728,A-T01728,V0412,7332537.57,2024-11-17,2025-05-08,ACTIVE
C-T01729,T01729,A-T01729,V0178,4060621.09,2024-10-02,2025-10-21,ACTIVE
C-T01730,T01730,A-T01730,V0138,38108765.43,2026-10-03,2027-12-19,ACTIVE
C-T01731,T01731,A-T01731,V0365,19464646.2,2024-05-18,2025-08-02,ACTIVE
C-T01732,T01732,A-T01732,V0137,4972718.07,2024-07-20,2025-06-28,ACTIVE
C-T01733,T01733,A-T01733,V0373,1980896.26,2025-11-03,2027-04-17,ACTIVE
C-T01734,T01734,A-T01734,V0298,5025881.74,2025-04-22,2025-06-24,ACTIVE
C-T01735,T01735,A-T01735,V0453,13182093.55,2026-03-19,2027-07-08,ACTIVE
C-T01736,T01736,A-T01736,V0367,5228959.91,2026-01-03,2026-07-16,ACTIVE
C-T01737,T01737,A-T01737,V0327,3746844.44,2024-09-11,2025-02-07,ACTIVE
C-T01738,T01738,A-T01738,V0534,7637449.1,2024-07-22,2025-06-12,ACTIVE
C-T01739,T01739,A-T01739,V0503,10744796.62,2026-10-16,2027-02-19,ACTIVE
C-T01740,T01740,A-T01740,V0119,6330498.6,2026-07-23,2027-09-25,ACTIVE
C-T01741,T01741,A-T01741,V0205,39417940.57,2025-03-21,2025-08-05,ACTIVE
C-T01742,T01742,A-T01742,V0437,2122041.7,2026-07-02,2026-10-10,ACTIVE
C-T01743,T01743,A-T01743,V0148,23624599.59,2026-07-18,2027-09-03,ACTIVE
C-T01744,T01744,A-T01744,V0066,2775511.84,2024-07-20,2025-10-13,ACTIVE
C-T01745,T01745,A-T01745,V0317,3977973.16,2025-07-06,2026-01-14,ACTIVE
C-T01746,T01746,A-T01746,V0007,2809749.17,2025-05-02,2025-09-22,ACTIVE
C-T01747,T01747,A-T01747,V0132,60162353.1,2025-05-29,2026-07-20,ACTIVE
C-T01748,T01748,A-T01748,V0270,8662109.37,2026-01-13,2026-12-01,ACTIVE
C-T01749,T01749,A-T01749,V0258,48986171.36,2025-12-06,2026-10-09,ACTIVE
C-T01750,T01750,A-T01750,V0166,5092394.52,2024-07-27,2025-02-25,ACTIVE
C-T01751,T01751,A-T01751,V0158,9101939.86,2024-03-05,2025-04-10,ACTIVE
C-T01752,T01752,A-T01752,V0182,14396267.38,2025-06-11,2026-01-08,ACTIVE
C-T01753,T01753,A-T01753,V0029,47252476.21,2026-05-03,2027-04-07,ACTIVE
C-T01754,T01754,A-T01754,V0119,5487339.01,2024-06-15,2025-11-09,ACTIVE
C-T01755,T01755,A-T01755,V0344,3889723.23,2025-03-11,2025-12-06,ACTIVE
C-T01756,T01756,A-T01756,V0061,16628266.52,2024-06-18,2024-12-25,ACTIVE
C-T01757,T01757,A-T01757,V0277,2976929.48,2025-07-24,2026-06-03,ACTIVE
C-T01758,T01758,A-T01758,V0329,1268957.3,2024-12-17,2026-05-28,ACTIVE
C-T01759,T01759,A-T01759,V0112,15793506.63,2026-05-12,2026-09-08,ACTIVE
C-T01760,T01760,A-T01760,V0468,14185229.14,2025-05-09,2026-08-05,ACTIVE
C-T01761,T01761,A-T01761,V0259,2268620.97,2026-09-03,2027-10-03,ACTIVE
C-T01762,T01762,A-T01762,V0230,10807408.24,2026-02-12,2027-07-19,ACTIVE
C-T01763,T01763,A-T01763,V0431,13814900.76,2025-01-19,2026-06-01,ACTIVE
C-T01764,T01764,A-T01764,V0031,932303.79,2025-12-09,2027-04-06,ACTIVE
C-T01765,T01765,A-T01765,V0114,10209522.63,2024-03-28,2025-01-16,ACTIVE
C-T01766,T01766,A-T01766,V0424,2569935.03,2025-02-28,2026-02-17,ACTIVE
C-T01767,T01767,A-T01767,V0538,3517301.78,2024-05-07,2025-01-23,ACTIVE
C-T01768,T01768,A-T01768,V0379,1009055.03,2026-09-07,2027-01-16,ACTIVE
C-T01769,T01769,A-T01769,V0182,227294803.62,2026-01-09,2026-10-25,ACTIVE
C-T01770,T01770,A-T01770,V0465,3475673.65,2024-06-23,2025-07-08,ACTIVE
C-T01771,T01771,A-T01771,V0476,36714030.51,2024-09-06,2025-10-24,ACTIVE
C-T01772,T01772,A-T01772,V0025,7466292.97,2025-12-17,2027-02-15,ACTIVE
C-T01773,T01773,A-T01773,V0011,1652944.88,2025-01-10,2025-11-03,ACTIVE
C-T01774,T01774,A-T01774,V0161,6208871.93,2024-04-16,2024-07-13,ACTIVE
C-T01775,T01775,A-T01775,V0072,10907698.83,2025-07-08,2025-11-26,ACTIVE
C-T01776,T01776,A-T01776,V0118,44874180.3,2025-09-19,2025-12-13,ACTIVE
C-T01777,T01777,A-T01777,V0445,25656418.98,2025-06-10,2026-03-09,ACTIVE
C-T01778,T01778,A-T01778,V0219,25152601.36,2024-06-18,2025-08-16,ACTIVE
C-T01779,T01779,A-T01779,V0127,61936241.89,2026-09-04,2027-07-16,ACTIVE
C-T01780,T01780,A-T01780,V0172,19085379.12,2025-02-21,2025-12-31,ACTIVE
C-T01781,T01781,A-T01781,V0289,5616617.2,2025-08-05,2026-11-09,ACTIVE
C-T01782,T01782,A-T01782,V0060,13137246.66,2026-05-03,2026-08-18,ACTIVE
C-T01783,T01783,A-T01783,V0162,4304866.43,2024-04-26,2024-09-13,ACTIVE
C-T01784,T01784,A-T01784,V0270,50660434.91,2025-09-13,2025-12-15,ACTIVE
C-T01785,T01785,A-T01785,V0418,34952381.82,2024-06-10,2025-04-29,ACTIVE
C-T01786,T01786,A-T01786,V0020,10996132.42,2024-07-17,2025-01-08,ACTIVE
C-T01787,T01787,A-T01787,V0419,4459280.12,2026-07-06,2027-06-21,ACTIVE
C-T01788,T01788,A-T01788,V0423,10180890.77,2024-10-06,2025-01-28,ACTIVE
C-T01789,T01789,A-T01789,V0082,964077.27,2024-10-25,2025-08-07,ACTIVE
C-T01790,T01790,A-T01790,V0047,17071727.16,2026-03-31,2026-10-14,ACTIVE
C-T01791,T01791,A-T01791,V0289,5484690.84,2026-07-08,2027-10-13,ACTIVE
C-T01792,T01792,A-T01792,V0413,5652849.56,2025-05-05,2026-08-04,ACTIVE
C-T01793,T01793,A-T01793,V0193,28592122.15,2025-01-12,2026-01-23,ACTIVE
C-T01794,T01794,A-T01794,V0230,6184607.15,2026-05-09,2026-07-21,ACTIVE
C-T01795,T01795,A-T01795,V0222,2635553.47,2026-07-05,2026-10-24,ACTIVE
C-T01796,T01796,A-T01796,V0025,2533551.37,2026-05-18,2026-09-16,ACTIVE
C-T01797,T01797,A-T01797,V0052,9656925.89,2025-08-18,2027-01-28,ACTIVE
C-T01798,T01798,A-T01798,V0301,13818206.01,2026-04-14,2026-12-01,ACTIVE
C-T01799,T01799,A-T01799,V0093,686714.65,2025-03-15,2025-10-21,ACTIVE
C-T01800,T01800,A-T01800,V0403,13452139.76,2024-07-31,2025-04-22,ACTIVE
C-T01801,T01801,A-T01801,V0215,14644164.17,2024-03-06,2025-02-07,ACTIVE
C-T01802,T01802,A-T01802,V0149,7713787.07,2025-09-18,2026-05-10,ACTIVE
C-T01803,T01803,A-T01803,V0034,12070433.5,2025-11-28,2026-06-12,ACTIVE
C-T01804,T01804,A-T01804,V0373,7854296.77,2024-05-26,2025-08-21,ACTIVE
C-T01805,T01805,A-T01805,V0289,22266093.27,2024-08-13,2025-10-18,ACTIVE
C-T01806,T01806,A-T01806,V0502,11314834.59,2024-06-19,2025-01-12,ACTIVE
C-T01807,T01807,A-T01807,V0162,5557652.77,2025-09-07,2026-08-03,ACTIVE
C-T01808,T01808,A-T01808,V0425,3289420.05,2025-11-16,2026-10-26,ACTIVE
C-T01809,T01809,A-T01809,V0013,4863139.81,2024-09-01,2025-05-27,ACTIVE
C-T01810,T01810,A-T01810,V0317,5516130.03,2025-12-16,2026-06-28,ACTIVE
C-T01811,T01811,A-T01811,V0127,3117816.57,2025-08-17,2026-07-09,ACTIVE
C-T01812,T01812,A-T01812,V0202,11158740.18,2026-08-19,2027-03-04,ACTIVE
C-T01813,T01813,A-T01813,V0256,6046628.39,2025-02-24,2026-06-05,ACTIVE
C-T01814,T01814,A-T01814,V0208,7781263.61,2026-02-10,2027-07-06,ACTIVE
C-T01815,T01815,A-T01815,V0188,8428600.87,2025-12-16,2026-09-24,ACTIVE
C-T01816,T01816,A-T01816,V0505,34014431.21,2025-05-21,2026-01-08,ACTIVE
C-T01817,T01817,A-T01817,V0483,8634960.17,2026-10-08,2027-02-11,ACTIVE
C-T01818,T01818,A-T01818,V0258,20847238.49,2026-05-25,2026-11-05,ACTIVE
C-T01819,T01819,A-T01819,V0265,8142830.25,2025-08-19,2026-01-29,ACTIVE
C-T01820,T01820,A-T01820,V0421,12761300.6,2024-07-11,2024-10-01,ACTIVE
C-T01821,T01821,A-T01821,V0487,1891802.58,2026-05-14,2026-08-31,ACTIVE
C-T01822,T01822,A-T01822,V0162,23432389.26,2024-06-02,2024-11-06,ACTIVE
C-T01823,T01823,A-T01823,V0512,2262286.58,2025-10-07,2026-01-09,ACTIVE
C-T01824,T01824,A-T01824,V0181,7935642.33,2026-03-05,2027-02-09,ACTIVE
C-T01825,T01825,A-T01825,V0461,158228356.97,2026-08-07,2027-12-08,ACTIVE
C-T01826,T01826,A-T01826,V0160,3874756.3,2025-07-08,2026-05-03,ACTIVE
C-T01827,T01827,A-T01827,V0504,6040082.82,2025-10-06,2026-01-18,ACTIVE
C-T01828,T01828,A-T01828,V0199,68407143.57,2024-09-12,2025-10-22,ACTIVE
C-T01829,T01829,A-T01829,V0438,5366620.19,2025-06-26,2026-12-06,ACTIVE
C-T01830,T01830,A-T01830,V0499,9555141.92,2024-06-12,2025-06-05,ACTIVE
C-T01831,T01831,A-T01831,V0033,20149010.71,2025-07-22,2026-11-16,ACTIVE
C-T01832,T01832,A-T01832,V0027,3377724.29,2024-05-20,2025-08-28,ACTIVE
C-T01833,T01833,A-T01833,V0468,7761562.95,2026-09-23,2027-11-24,ACTIVE
C-T01834,T01834,A-T01834,V0318,17149597.45,2024-05-19,2024-10-31,ACTIVE
C-T01835,T01835,A-T01835,V0423,8963102.56,2025-01-17,2025-05-05,ACTIVE
C-T01836,T01836,A-T01836,V0148,17244031.73,2024-11-26,2025-04-16,ACTIVE
C-T01837,T01837,A-T01837,V0020,8686913.62,2026-06-21,2027-08-16,ACTIVE
C-T01838,T01838,A-T01838,V0251,11397966.26,2025-12-11,2027-02-19,ACTIVE
C-T01839,T01839,A-T01839,V0304,115221483.16,2026-09-28,2028-03-09,ACTIVE
C-T01840,T01840,A-T01840,V0404,4415959.51,2026-01-03,2026-07-27,ACTIVE
C-T01841,T01841,A-T01841,V0221,6858158.55,2025-05-23,2025-09-07,ACTIVE
C-T01842,T01842,A-T01842,V0066,16089306.73,2024-12-02,2026-03-27,ACTIVE
C-T01843,T01843,A-T01843,V0495,43890014.54,2025-03-22,2025-10-17,ACTIVE
C-T01844,T01844,A-T01844,V0047,1578809.11,2026-06-10,2026-11-29,ACTIVE
C-T01845,T01845,A-T01845,V0121,5128034.45,2025-09-15,2026-06-22,ACTIVE
C-T01846,T01846,A-T01846,V0065,11531937.69,2026-05-15,2027-09-06,ACTIVE
C-T01847,T01847,A-T01847,V0069,7899578.12,2024-03-18,2024-10-04,ACTIVE
C-T01848,T01848,A-T01848,V0137,44697827.72,2024-03-23,2025-08-21,ACTIVE
C-T01849,T01849,A-T01849,V0042,13053939.66,2025-09-09,2026-10-14,ACTIVE
C-T01850,T01850,A-T01850,V0286,28550814.88,2024-12-18,2025-07-16,ACTIVE
C-T01851,T01851,A-T01851,V0490,52539513.82,2024-08-14,2025-10-16,ACTIVE
C-T01852,T01852,A-T01852,V0487,17145073.37,2024-04-24,2025-06-24,ACTIVE
C-T01853,T01853,A-T01853,V0306,51965303.38,2024-03-01,2025-03-30,ACTIVE
C-T01854,T01854,A-T01854,V0193,110783162.88,2025-05-03,2025-08-06,ACTIVE
C-T01855,T01855,A-T01855,V0044,5416962.94,2025-06-28,2025-09-28,ACTIVE
C-T01856,T01856,A-T01856,V0334,21373040.36,2024-04-29,2024-10-14,ACTIVE
C-T01857,T01857,A-T01857,V0245,1559020.97,2025-04-24,2026-04-07,ACTIVE
C-T01858,T01858,A-T01858,V0369,36261660.74,2024-11-25,2025-03-10,ACTIVE
C-T01859,T01859,A-T01859,V0526,21079638.2,2025-10-15,2027-02-19,ACTIVE
C-T01860,T01860,A-T01860,V0426,27286786.75,2024-03-08,2024-07-26,ACTIVE
C-T01861,T01861,A-T01861,V0127,394330.08,2024-12-14,2025-11-08,ACTIVE
C-T01862,T01862,A-T01862,V0087,19861224.45,2026-10-14,2028-02-19,ACTIVE
C-T01863,T01863,A-T01863,V0273,10979666.21,2026-07-20,2028-01-04,ACTIVE
C-T01864,T01864,A-T01864,V0533,4138866.32,2026-02-21,2026-05-14,ACTIVE
C-T01865,T01865,A-T01865,V0069,6557852.82,2026-03-10,2027-05-10,ACTIVE
C-T01866,T01866,A-T01866,V0144,8876012.81,2025-12-06,2027-04-27,ACTIVE
C-T01867,T01867,A-T01867,V0023,15132779.11,2025-05-14,2026-02-20,ACTIVE
C-T01868,T01868,A-T01868,V0004,34321011.43,2025-08-07,2025-10-25,ACTIVE
C-T01869,T01869,A-T01869,V0059,19935330.45,2026-09-07,2027-03-10,ACTIVE
C-T01870,T01870,A-T01870,V0495,19399418.55,2025-01-01,2026-01-22,ACTIVE
C-T01871,T01871,A-T01871,V0457,8103103.02,2026-02-10,2026-12-26,ACTIVE
C-T01872,T01872,A-T01872,V0158,3414969.82,2025-06-13,2025-12-12,ACTIVE
C-T01873,T01873,A-T01873,V0396,13149358.19,2024-04-15,2024-06-22,ACTIVE
C-T01874,T01874,A-T01874,V0538,11267159.19,2025-12-23,2026-08-29,ACTIVE
C-T01875,T01875,A-T01875,V0412,22981643.07,2025-04-02,2026-03-16,ACTIVE
C-T01876,T01876,A-T01876,V0047,18456512.72,2026-03-03,2027-02-10,ACTIVE
C-T01877,T01877,A-T01877,V0417,17778946.02,2026-05-01,2026-11-23,ACTIVE
C-T01878,T01878,A-T01878,V0123,53800233.39,2024-07-07,2025-06-21,ACTIVE
C-T01879,T01879,A-T01879,V0040,7437447.68,2026-07-22,2027-06-26,ACTIVE
C-T01880,T01880,A-T01880,V0358,81986813.0,2025-03-08,2026-07-19,ACTIVE
C-T01881,T01881,A-T01881,V0332,9194444.84,2026-01-16,2026-06-08,ACTIVE
C-T01882,T01882,A-T01882,V0503,6481068.96,2024-08-28,2025-12-24,ACTIVE
C-T01883,T01883,A-T01883,V0089,7118531.49,2025-10-21,2026-11-19,ACTIVE
C-T01884,T01884,A-T01884,V0225,70542306.22,2025-02-01,2026-02-15,ACTIVE
C-T01885,T01885,A-T01885,V0082,1290834.74,2024-05-16,2024-09-05,ACTIVE
C-T01886,T01886,A-T01886,V0383,5466141.42,2025-10-10,2026-03-28,ACTIVE
C-T01887,T01887,A-T01887,V0523,32636232.02,2025-11-19,2027-04-09,ACTIVE
C-T01888,T01888,A-T01888,V0277,5437417.31,2025-02-26,2026-02-15,ACTIVE
C-T01889,T01889,A-T01889,V0523,54053946.06,2025-12-30,2027-05-23,ACTIVE
C-T01890,T01890,A-T01890,V0247,77049354.04,2025-07-14,2026-03-23,ACTIVE
C-T01891,T01891,A-T01891,V0150,4094284.77,2025-01-27,2025-07-15,ACTIVE
C-T01892,T01892,A-T01892,V0152,25237811.36,2025-01-02,2026-02-10,ACTIVE
C-T01893,T01893,A-T01893,V0039,4939209.35,2025-05-22,2026-01-31,ACTIVE
C-T01894,T01894,A-T01894,V0335,3822121.59,2024-11-29,2025-05-07,ACTIVE
C-T01895,T01895,A-T01895,V0304,5886809.37,2024-11-01,2025-05-20,ACTIVE
C-T01896,T01896,A-T01896,V0495,17584032.35,2025-03-05,2026-01-17,ACTIVE
C-T01897,T01897,A-T01897,V0335,15972979.77,2025-11-18,2026-06-02,ACTIVE
C-T01898,T01898,A-T01898,V0424,6766529.4,2026-06-04,2027-06-02,ACTIVE
C-T01899,T01899,A-T01899,V0445,8847228.47,2024-12-31,2025-06-09,ACTIVE
C-T01900,T01900,A-T01900,V0352,2281881.84,2024-03-22,2025-09-12,ACTIVE
C-T01901,T01901,A-T01901,V0363,3169679.48,2024-08-14,2025-09-13,ACTIVE
C-T01902,T01902,A-T01902,V0484,6770515.79,2026-10-05,2027-06-14,ACTIVE
C-T01903,T01903,A-T01903,V0458,3132379.6,2024-04-20,2025-03-31,ACTIVE
C-T01904,T01904,A-T01904,V0366,124577040.48,2026-01-25,2026-12-01,ACTIVE
C-T01905,T01905,A-T01905,V0424,1019028.39,2026-05-26,2027-11-10,ACTIVE
C-T01906,T01906,A-T01906,V0244,5997428.91,2024-07-30,2025-04-12,ACTIVE
C-T01907,T01907,A-T01907,V0294,6879956.99,2025-12-19,2027-05-13,ACTIVE
C-T01908,T01908,A-T01908,V0164,4659803.14,2025-05-05,2026-09-05,ACTIVE
C-T01909,T01909,A-T01909,V0023,4299062.6,2026-10-30,2028-01-17,ACTIVE
C-T01910,T01910,A-T01910,V0198,88062516.51,2025-09-08,2025-12-01,ACTIVE
C-T01911,T01911,A-T01911,V0532,13063889.3,2026-10-07,2028-01-17,ACTIVE
C-T01912,T01912,A-T01912,V0242,87772732.03,2024-11-08,2025-03-23,ACTIVE
C-T01913,T01913,A-T01913,V0167,28067675.65,2025-12-04,2026-02-26,ACTIVE
C-T01914,T01914,A-T01914,V0280,4158694.05,2026-08-23,2027-05-11,ACTIVE
C-T01915,T01915,A-T01915,V0408,1506760.47,2025-01-06,2025-05-23,ACTIVE
C-T01916,T01916,A-T01916,V0244,35489805.51,2025-12-12,2026-06-08,ACTIVE
C-T01917,T01917,A-T01917,V0114,2659332.11,2025-08-22,2026-03-21,ACTIVE
C-T01918,T01918,A-T01918,V0431,988694.35,2025-12-29,2026-04-11,ACTIVE
C-T01919,T01919,A-T01919,V0528,11716705.19,2026-08-10,2027-02-03,ACTIVE
C-T01920,T01920,A-T01920,V0157,8710102.8,2025-11-23,2026-04-02,ACTIVE
C-T01921,T01921,A-T01921,V0120,57948514.55,2026-08-17,2027-12-31,ACTIVE
C-T01922,T01922,A-T01922,V0394,5365523.94,2025-05-21,2025-11-03,ACTIVE
C-T01923,T01923,A-T01923,V0243,2982686.54,2026-02-05,2027-07-12,ACTIVE
C-T01924,T01924,A-T01924,V0480,8187088.88,2026-03-04,2026-07-06,ACTIVE
C-T01925,T01925,A-T01925,V0072,3211491.13,2025-11-08,2027-04-16,ACTIVE
C-T01926,T01926,A-T01926,V0410,125532834.43,2025-05-19,2026-01-27,ACTIVE
C-T01927,T01927,A-T01927,V0420,17177092.53,2025-06-08,2026-10-28,ACTIVE
C-T01928,T01928,A-T01928,V0140,16015899.7,2024-08-04,2025-02-21,ACTIVE
C-T01929,T01929,A-T01929,V0150,5164278.93,2024-12-01,2025-04-30,ACTIVE
C-T01930,T01930,A-T01930,V0176,13376845.77,2025-05-24,2026-10-16,ACTIVE
C-T01931,T01931,A-T01931,V0379,2921960.92,2026-06-13,2026-11-24,ACTIVE
C-T01932,T01932,A-T01932,V0356,87270650.02,2025-04-11,2025-09-06,ACTIVE
C-T01933,T01933,A-T01933,V0171,65077816.62,2025-11-03,2026-09-13,ACTIVE
C-T01934,T01934,A-T01934,V0021,7042216.91,2024-05-09,2025-04-14,ACTIVE
C-T01935,T01935,A-T01935,V0179,8929082.4,2025-05-27,2026-03-31,ACTIVE
C-T01936,T01936,A-T01936,V0488,2422945.48,2024-04-20,2025-07-31,ACTIVE
C-T01937,T01937,A-T01937,V0386,16030449.05,2024-04-12,2025-03-23,ACTIVE
C-T01938,T01938,A-T01938,V0456,14244070.41,2026-01-01,2026-06-08,ACTIVE
C-T01939,T01939,A-T01939,V0437,8156294.87,2024-12-06,2026-01-04,ACTIVE
C-T01940,T01940,A-T01940,V0071,8733208.79,2025-10-29,2026-04-14,ACTIVE
C-T01941,T01941,A-T01941,V0045,13202287.6,2024-09-04,2024-11-22,ACTIVE
C-T01942,T01942,A-T01942,V0053,12242911.15,2024-02-18,2025-04-07,ACTIVE
C-T01943,T01943,A-T01943,V0456,20830420.64,2025-07-28,2025-10-17,ACTIVE
C-T01944,T01944,A-T01944,V0209,41129973.37,2026-03-08,2026-12-22,ACTIVE
C-T01945,T01945,A-T01945,V0515,25077440.78,2024-12-12,2026-01-15,ACTIVE
C-T01946,T01946,A-T01946,V0540,19939366.48,2025-05-31,2025-10-29,ACTIVE
C-T01947,T01947,A-T01947,V0039,55143242.47,2025-01-12,2026-06-22,ACTIVE
C-T01948,T01948,A-T01948,V0178,7391319.44,2024-04-11,2025-06-14,ACTIVE
C-T01949,T01949,A-T01949,V0346,34133504.34,2025-09-25,2026-11-18,ACTIVE
C-T01950,T01950,A-T01950,V0332,9784191.22,2026-09-01,2027-09-21,ACTIVE
C-T01951,T01951,A-T01951,V0443,5950365.21,2026-08-19,2027-02-06,ACTIVE
C-T01952,T01952,A-T01952,V0082,3306027.07,2026-06-11,2027-09-19,ACTIVE
C-T01953,T01953,A-T01953,V0310,7444381.32,2024-12-27,2025-11-19,ACTIVE
C-T01954,T01954,A-T01954,V0463,8488555.34,2025-03-18,2025-07-25,ACTIVE
C-T01955,T01955,A-T01955,V0488,5880777.04,2025-09-06,2026-01-28,ACTIVE
C-T01956,T01956,A-T01956,V0104,3742425.4,2025-03-04,2025-06-13,ACTIVE
C-T01957,T01957,A-T01957,V0426,106509654.64,2024-10-30,2026-03-15,ACTIVE
C-T01958,T01958,A-T01958,V0458,16121552.09,2026-08-03,2027-11-05,ACTIVE
C-T01959,T01959,A-T01959,V0355,3425022.31,2026-06-09,2027-02-07,ACTIVE
C-T01960,T01960,A-T01960,V0120,11310607.3,2025-10-07,2027-03-22,ACTIVE
C-T01961,T01961,A-T01961,V0484,21648749.82,2026-08-08,2027-09-10,ACTIVE
C-T01962,T01962,A-T01962,V0061,4705587.46,2025-08-03,2026-09-26,ACTIVE
C-T01963,T01963,A-T01963,V0550,155431202.06,2025-03-18,2026-09-03,ACTIVE
C-T01964,T01964,A-T01964,V0193,11430750.96,2024-08-24,2025-05-25,ACTIVE
C-T01965,T01965,A-T01965,V0352,75020470.34,2024-03-05,2025-05-06,ACTIVE
C-T01966,T01966,A-T01966,V0370,3195507.52,2026-08-05,2026-12-07,ACTIVE
C-T01967,T01967,A-T01967,V0258,64035086.74,2024-05-14,2025-01-23,ACTIVE
C-T01968,T01968,A-T01968,V0088,29416927.27,2026-09-23,2028-02-15,ACTIVE
C-T01969,T01969,A-T01969,V0494,6075070.85,2025-11-13,2027-02-20,ACTIVE
C-T01970,T01970,A-T01970,V0274,19625258.37,2025-09-22,2026-06-08,ACTIVE
C-T01971,T01971,A-T01971,V0292,1521667.92,2024-06-01,2024-10-07,ACTIVE
C-T01972,T01972,A-T01972,V0386,5194733.01,2026-04-27,2026-08-13,ACTIVE
C-T01973,T01973,A-T01973,V0243,8931887.52,2026-03-19,2027-05-11,ACTIVE
C-T01974,T01974,A-T01974,V0236,2487768.0,2025-08-02,2026-03-17,ACTIVE
C-T01975,T01975,A-T01975,V0232,8951816.7,2025-04-18,2025-07-18,ACTIVE
C-T01976,T01976,A-T01976,V0474,44228878.99,2026-08-13,2026-11-07,ACTIVE
C-T01977,T01977,A-T01977,V0151,12693575.7,2025-02-02,2025-04-30,ACTIVE
C-T01978,T01978,A-T01978,V0532,717807.25,2025-03-20,2026-05-19,ACTIVE
C-T01979,T01979,A-T01979,V0215,4802056.13,2026-04-16,2026-09-07,ACTIVE
C-T01980,T01980,A-T01980,V0191,6290609.16,2026-02-20,2027-04-20,ACTIVE
C-T01981,T01981,A-T01981,V0073,33829179.59,2025-04-07,2026-04-11,ACTIVE
C-T01982,T01982,A-T01982,V0371,300376118.81,2025-08-26,2026-07-13,ACTIVE
C-T01983,T01983,A-T01983,V0494,23069721.25,2024-12-31,2025-10-28,ACTIVE
C-T01984,T01984,A-T01984,V0346,23558549.55,2025-07-16,2026-05-05,ACTIVE
C-T01985,T01985,A-T01985,V0065,5228186.7,2025-09-21,2026-07-14,ACTIVE
C-T01986,T01986,A-T01986,V0392,22396393.66,2025-03-17,2026-02-28,ACTIVE
C-T01987,T01987,A-T01987,V0250,38250260.4,2024-07-15,2025-01-05,ACTIVE
C-T01988,T01988,A-T01988,V0289,11593757.3,2024-11-23,2025-06-07,ACTIVE
C-T01989,T01989,A-T01989,V0513,4138406.67,2026-05-06,2027-06-23,ACTIVE
C-T01990,T01990,A-T01990,V0397,4861806.61,2024-07-03,2025-02-03,ACTIVE
C-T01991,T01991,A-T01991,V0080,4285075.22,2024-05-24,2024-08-23,ACTIVE
C-T01992,T01992,A-T01992,V0212,22197930.93,2025-01-22,2026-02-05,ACTIVE
C-T01993,T01993,A-T01993,V0259,22551167.5,2024-11-11,2026-01-26,ACTIVE
C-T01994,T01994,A-T01994,V0120,57698234.02,2024-08-01,2025-12-23,ACTIVE
C-T01995,T01995,A-T01995,V0191,13687955.11,2024-03-25,2024-10-18,ACTIVE
C-T01996,T01996,A-T01996,V0021,45716006.5,2026-07-15,2027-04-18,ACTIVE
C-T01997,T01997,A-T01997,V0420,3510666.66,2025-10-12,2026-07-28,ACTIVE
C-T01998,T01998,A-T01998,V0123,9935484.21,2024-10-27,2026-03-24,ACTIVE
C-T01999,T01999,A-T01999,V0465,2327703.71,2026-10-22,2027-02-04,ACTIVE
C-T02000,T02000,A-T02000,V0415,285901449.83,2025-04-29,2025-10-04,ACTIVE
C-T02001,T02001,A-T02001,V0502,14238327.75,2026-03-18,2027-08-19,ACTIVE
C-T02002,T02002,A-T02002,V0206,37142198.54,2024-05-06,2025-10-05,ACTIVE
C-T02003,T02003,A-T02003,V0443,45358095.48,2026-04-16,2027-06-15,ACTIVE
C-T02004,T02004,A-T02004,V0412,10282264.73,2026-04-19,2027-09-05,ACTIVE
C-T02005,T02005,A-T02005,V0523,33922340.36,2024-07-25,2024-11-28,ACTIVE
C-T02006,T02006,A-T02006,V0364,1266093.35,2026-08-25,2026-12-22,ACTIVE
C-T02007,T02007,A-T02007,V0538,1776637.63,2026-10-19,2027-01-20,ACTIVE
C-T02008,T02008,A-T02008,V0332,10039691.16,2025-06-10,2026-10-26,ACTIVE
C-T02009,T02009,A-T02009,V0247,2584505.64,2026-05-30,2027-09-01,ACTIVE
C-T02010,T02010,A-T02010,V0376,20572043.07,2024-11-15,2025-01-15,ACTIVE
C-T02011,T02011,A-T02011,V0274,16157748.34,2024-10-28,2026-03-12,ACTIVE
C-T02012,T02012,A-T02012,V0392,6411977.87,2024-03-17,2025-02-23,ACTIVE
C-T02013,T02013,A-T02013,V0422,1710730.97,2025-07-30,2026-02-12,ACTIVE
C-T02014,T02014,A-T02014,V0313,2134487.4,2026-08-07,2027-01-30,ACTIVE
C-T02015,T02015,A-T02015,V0113,12456328.95,2026-07-23,2027-05-27,ACTIVE
C-T02016,T02016,A-T02016,V0267,33003747.18,2024-06-08,2025-07-20,ACTIVE
C-T02017,T02017,A-T02017,V0259,31762375.31,2026-01-31,2026-07-08,ACTIVE
C-T02018,T02018,A-T02018,V0300,58829628.4,2024-11-22,2025-05-22,ACTIVE
C-T02019,T02019,A-T02019,V0378,1231979.33,2024-12-04,2026-04-28,ACTIVE
C-T02020,T02020,A-T02020,V0421,13515804.25,2024-05-08,2025-09-06,ACTIVE
C-T02021,T02021,A-T02021,V0455,23804468.14,2025-04-05,2025-12-31,ACTIVE
C-T02022,T02022,A-T02022,V0379,72802534.52,2024-06-27,2025-05-05,ACTIVE
C-T02023,T02023,A-T02023,V0345,127959693.15,2024-11-15,2025-11-03,ACTIVE
C-T02024,T02024,A-T02024,V0144,5501453.65,2026-08-18,2027-12-12,ACTIVE
C-T02025,T02025,A-T02025,V0218,28969270.2,2025-07-03,2026-09-13,ACTIVE
C-T02026,T02026,A-T02026,V0150,57442965.41,2024-07-03,2025-10-23,ACTIVE
C-T02027,T02027,A-T02027,V0142,2428106.3,2025-02-07,2026-05-27,ACTIVE
C-T02028,T02028,A-T02028,V0406,15467273.67,2026-09-01,2026-11-20,ACTIVE
C-T02029,T02029,A-T02029,V0374,6128412.06,2025-03-07,2025-06-19,ACTIVE
C-T02030,T02030,A-T02030,V0546,1705787.97,2026-07-14,2026-11-01,ACTIVE
C-T02031,T02031,A-T02031,V0253,7250599.89,2025-11-21,2026-10-17,ACTIVE
C-T02032,T02032,A-T02032,V0133,32686191.29,2024-04-28,2024-11-18,ACTIVE
C-T02033,T02033,A-T02033,V0005,11038910.94,2026-05-31,2027-07-22,ACTIVE
C-T02034,T02034,A-T02034,V0405,92638684.71,2025-06-11,2026-06-07,ACTIVE
C-T02035,T02035,A-T02035,V0022,6408315.49,2024-08-15,2024-12-18,ACTIVE
C-T02036,T02036,A-T02036,V0507,15223760.72,2026-01-03,2026-10-14,ACTIVE
C-T02037,T02037,A-T02037,V0244,68992065.33,2026-01-19,2026-07-16,ACTIVE
C-T02038,T02038,A-T02038,V0392,5233215.7,2024-05-28,2025-04-21,ACTIVE
C-T02039,T02039,A-T02039,V0437,61409196.58,2024-09-05,2025-08-24,ACTIVE
C-T02040,T02040,A-T02040,V0259,7171051.91,2026-07-11,2027-01-26,ACTIVE
C-T02041,T02041,A-T02041,V0188,57772033.79,2024-06-09,2024-11-24,ACTIVE
C-T02042,T02042,A-T02042,V0501,45889578.97,2025-01-02,2026-04-13,ACTIVE
C-T02043,T02043,A-T02043,V0029,5626732.7,2025-10-01,2026-02-10,ACTIVE
C-T02044,T02044,A-T02044,V0208,24842382.44,2026-02-04,2026-05-08,ACTIVE
C-T02045,T02045,A-T02045,V0026,25280353.88,2024-10-21,2025-03-15,ACTIVE
C-T02046,T02046,A-T02046,V0436,19328523.64,2024-12-20,2025-06-22,ACTIVE
C-T02047,T02047,A-T02047,V0436,6987251.43,2025-01-16,2025-10-19,ACTIVE
C-T02048,T02048,A-T02048,V0160,9459663.23,2024-04-13,2025-04-10,ACTIVE
C-T02049,T02049,A-T02049,V0352,4484666.74,2025-09-16,2026-12-12,ACTIVE
C-T02050,T02050,A-T02050,V0536,7519629.67,2025-02-20,2025-08-18,ACTIVE
C-T02051,T02051,A-T02051,V0179,5915216.6,2026-09-04,2027-10-11,ACTIVE
C-T02052,T02052,A-T02052,V0035,27235637.83,2024-06-24,2024-10-23,ACTIVE
C-T02053,T02053,A-T02053,V0514,7645894.88,2025-07-17,2025-11-02,ACTIVE
C-T02054,T02054,A-T02054,V0487,92584293.18,2024-12-25,2026-03-20,ACTIVE
C-T02055,T02055,A-T02055,V0144,18225237.27,2026-10-21,2027-08-07,ACTIVE
C-T02056,T02056,A-T02056,V0076,35754087.61,2025-12-11,2026-10-14,ACTIVE
C-T02057,T02057,A-T02057,V0122,29926662.64,2025-09-13,2026-06-21,ACTIVE
C-T02058,T02058,A-T02058,V0242,2562439.4,2024-05-26,2024-07-30,ACTIVE
C-T02059,T02059,A-T02059,V0451,9872156.03,2026-03-04,2026-10-16,ACTIVE
C-T02060,T02060,A-T02060,V0360,18020182.2,2024-05-12,2025-01-09,ACTIVE
C-T02061,T02061,A-T02061,V0523,13681374.44,2025-11-05,2026-06-10,ACTIVE
C-T02062,T02062,A-T02062,V0162,5495243.45,2026-01-28,2027-06-30,ACTIVE
C-T02063,T02063,A-T02063,V0463,16405190.88,2025-09-29,2026-01-30,ACTIVE
C-T02064,T02064,A-T02064,V0426,6423856.06,2024-09-28,2025-09-10,ACTIVE
C-T02065,T02065,A-T02065,V0035,5984629.35,2025-01-16,2026-05-16,ACTIVE
C-T02066,T02066,A-T02066,V0275,11131341.78,2025-02-04,2025-08-14,ACTIVE
C-T02067,T02067,A-T02067,V0174,10702510.32,2024-08-06,2025-03-21,ACTIVE
C-T02068,T02068,A-T02068,V0087,9054281.7,2026-01-02,2026-04-19,ACTIVE
C-T02069,T02069,A-T02069,V0065,5802590.31,2024-02-26,2025-05-13,ACTIVE
C-T02070,T02070,A-T02070,V0080,2705102.62,2025-09-09,2026-10-29,ACTIVE
C-T02071,T02071,A-T02071,V0034,9910854.37,2025-10-23,2026-09-22,ACTIVE
C-T02072,T02072,A-T02072,V0086,5299612.69,2025-08-11,2026-09-11,ACTIVE
C-T02073,T02073,A-T02073,V0501,10935448.55,2026-07-04,2027-12-16,ACTIVE
C-T02074,T02074,A-T02074,V0406,3517626.25,2025-09-12,2026-09-16,ACTIVE
C-T02075,T02075,A-T02075,V0248,24418783.54,2026-07-09,2027-08-18,ACTIVE
C-T02076,T02076,A-T02076,V0482,9585958.89,2024-07-12,2024-12-20,ACTIVE
C-T02077,T02077,A-T02077,V0379,7531351.46,2025-09-26,2025-11-28,ACTIVE
C-T02078,T02078,A-T02078,V0230,1226970.26,2025-10-30,2026-12-07,ACTIVE
C-T02079,T02079,A-T02079,V0309,45627401.38,2024-04-15,2024-09-25,ACTIVE
C-T02080,T02080,A-T02080,V0215,6731918.63,2026-02-21,2027-01-15,ACTIVE
C-T02081,T02081,A-T02081,V0539,29434836.41,2025-06-11,2025-11-16,ACTIVE
C-T02082,T02082,A-T02082,V0187,4646850.24,2026-01-07,2026-10-30,ACTIVE
C-T02083,T02083,A-T02083,V0338,31036237.66,2025-05-31,2026-11-04,ACTIVE
C-T02084,T02084,A-T02084,V0078,102246209.4,2024-05-24,2025-05-30,ACTIVE
C-T02085,T02085,A-T02085,V0039,3383469.74,2024-05-27,2024-09-14,ACTIVE
C-T02086,T02086,A-T02086,V0058,16766889.31,2025-02-12,2025-11-25,ACTIVE
C-T02087,T02087,A-T02087,V0537,1777369.4,2025-06-30,2026-10-21,ACTIVE
C-T02088,T02088,A-T02088,V0259,9934068.19,2024-07-19,2025-04-14,ACTIVE
C-T02089,T02089,A-T02089,V0160,1283031.51,2025-05-05,2025-10-12,ACTIVE
C-T02090,T02090,A-T02090,V0188,44465891.33,2024-08-21,2024-11-09,ACTIVE
C-T02091,T02091,A-T02091,V0454,8086020.41,2024-06-02,2025-08-25,ACTIVE
C-T02092,T02092,A-T02092,V0359,65221376.02,2025-05-24,2025-09-24,ACTIVE
C-T02093,T02093,A-T02093,V0512,17942049.14,2024-09-08,2025-03-08,ACTIVE
C-T02094,T02094,A-T02094,V0462,39978593.58,2026-01-14,2027-02-03,ACTIVE
C-T02095,T02095,A-T02095,V0409,886836.0,2026-05-07,2027-08-19,ACTIVE
C-T02096,T02096,A-T02096,V0539,10994603.42,2024-03-20,2024-05-29,ACTIVE
C-T02097,T02097,A-T02097,V0220,9808404.38,2024-10-25,2025-03-29,ACTIVE
C-T02098,T02098,A-T02098,V0520,109286010.99,2024-04-02,2025-04-20,ACTIVE
C-T02099,T02099,A-T02099,V0504,13766584.55,2026-08-14,2026-12-11,ACTIVE
C-T02100,T02100,A-T02100,V0106,8206909.2,2024-12-19,2025-03-07,ACTIVE
C-T02101,T02101,A-T02101,V0531,77293523.47,2025-02-01,2025-05-18,ACTIVE
C-T02102,T02102,A-T02102,V0055,161016034.79,2025-03-18,2025-09-17,ACTIVE
C-T02103,T02103,A-T02103,V0403,6836346.35,2025-01-05,2025-03-15,ACTIVE
C-T02104,T02104,A-T02104,V0483,30620210.01,2025-04-17,2025-09-01,ACTIVE
C-T02105,T02105,A-T02105,V0034,18190855.59,2025-12-13,2027-01-31,ACTIVE
C-T02106,T02106,A-T02106,V0280,2809232.71,2026-01-07,2026-10-03,ACTIVE
C-T02107,T02107,A-T02107,V0359,14376800.16,2024-08-07,2025-03-22,ACTIVE
C-T02108,T02108,A-T02108,V0087,19291852.37,2025-07-14,2025-12-15,ACTIVE
C-T02109,T02109,A-T02109,V0025,1305625.77,2026-09-18,2027-04-18,ACTIVE
C-T02110,T02110,A-T02110,V0405,21675982.58,2024-07-30,2025-04-15,ACTIVE
C-T02111,T02111,A-T02111,V0458,27137380.21,2026-03-29,2026-07-11,ACTIVE
C-T02112,T02112,A-T02112,V0359,7689956.15,2024-12-30,2026-05-21,ACTIVE
C-T02113,T02113,A-T02113,V0093,15633848.41,2025-12-20,2026-09-14,ACTIVE
C-T02114,T02114,A-T02114,V0259,746331.5,2025-08-04,2026-10-18,ACTIVE
C-T02115,T02115,A-T02115,V0547,9324690.15,2025-11-21,2027-03-24,ACTIVE
C-T02116,T02116,A-T02116,V0015,898962.15,2024-04-17,2025-07-04,ACTIVE
C-T02117,T02117,A-T02117,V0550,41382917.8,2025-05-25,2026-07-14,ACTIVE
C-T02118,T02118,A-T02118,V0062,22971708.82,2024-06-27,2025-08-03,ACTIVE
C-T02119,T02119,A-T02119,V0076,4117548.76,2025-11-27,2027-04-08,ACTIVE
C-T02120,T02120,A-T02120,V0321,6981988.11,2026-09-28,2028-01-08,ACTIVE
C-T02121,T02121,A-T02121,V0059,2768230.93,2024-09-06,2025-04-08,ACTIVE
C-T02122,T02122,A-T02122,V0350,9821007.26,2025-01-19,2025-05-20,ACTIVE
C-T02123,T02123,A-T02123,V0429,12674144.59,2025-03-28,2026-07-14,ACTIVE
C-T02124,T02124,A-T02124,V0327,3312108.16,2024-08-10,2024-12-31,ACTIVE
C-T02125,T02125,A-T02125,V0025,2466743.1,2025-04-27,2025-07-03,ACTIVE
C-T02126,T02126,A-T02126,V0040,9149105.23,2024-04-09,2024-11-23,ACTIVE
C-T02127,T02127,A-T02127,V0121,27256458.15,2026-07-13,2027-10-08,ACTIVE
C-T02128,T02128,A-T02128,V0526,26172163.71,2024-03-19,2025-04-11,ACTIVE
C-T02129,T02129,A-T02129,V0270,6411381.06,2026-10-01,2027-03-04,ACTIVE
C-T02130,T02130,A-T02130,V0256,6704035.2,2024-07-27,2025-09-28,ACTIVE
C-T02131,T02131,A-T02131,V0248,5303017.1,2025-08-16,2025-12-03,ACTIVE
C-T02132,T02132,A-T02132,V0082,44137634.44,2026-10-24,2027-05-19,ACTIVE
C-T02133,T02133,A-T02133,V0338,32297001.45,2024-05-15,2025-07-08,ACTIVE
C-T02134,T02134,A-T02134,V0447,4913637.2,2026-06-12,2027-01-04,ACTIVE
C-T02135,T02135,A-T02135,V0389,82581446.02,2024-09-10,2025-06-29,ACTIVE
C-T02136,T02136,A-T02136,V0007,1870830.52,2026-06-01,2027-04-05,ACTIVE
C-T02137,T02137,A-T02137,V0149,24901541.87,2026-05-16,2027-08-03,ACTIVE
C-T02138,T02138,A-T02138,V0245,10082268.63,2026-07-26,2027-02-25,ACTIVE
C-T02139,T02139,A-T02139,V0254,45162764.37,2024-05-07,2025-09-12,ACTIVE
C-T02140,T02140,A-T02140,V0360,118637746.08,2026-05-31,2027-01-13,ACTIVE
C-T02141,T02141,A-T02141,V0458,16188658.63,2024-09-18,2026-03-02,ACTIVE
C-T02142,T02142,A-T02142,V0502,7251935.05,2026-08-28,2027-06-08,ACTIVE
C-T02143,T02143,A-T02143,V0188,11668086.84,2026-07-13,2027-07-27,ACTIVE
C-T02144,T02144,A-T02144,V0178,23785374.88,2025-11-06,2026-04-16,ACTIVE
C-T02145,T02145,A-T02145,V0384,14395039.23,2026-02-23,2026-12-04,ACTIVE
C-T02146,T02146,A-T02146,V0098,22517417.63,2025-08-17,2025-12-26,ACTIVE
C-T02147,T02147,A-T02147,V0306,10978441.0,2025-10-12,2026-03-30,ACTIVE
C-T02148,T02148,A-T02148,V0357,28689395.7,2026-09-06,2027-02-19,ACTIVE
C-T02149,T02149,A-T02149,V0016,11216538.75,2025-06-22,2026-07-15,ACTIVE
C-T02150,T02150,A-T02150,V0080,4534425.55,2026-03-23,2027-08-13,ACTIVE
C-T02151,T02151,A-T02151,V0016,24580495.08,2025-01-21,2025-07-03,ACTIVE
C-T02152,T02152,A-T02152,V0532,18974509.52,2024-09-01,2025-05-25,ACTIVE
C-T02153,T02153,A-T02153,V0397,1962099.69,2024-12-28,2025-06-21,ACTIVE
C-T02154,T02154,A-T02154,V0335,8162211.08,2025-12-08,2027-01-07,ACTIVE
C-T02155,T02155,A-T02155,V0007,2184358.4,2025-10-27,2026-01-04,ACTIVE
C-T02156,T02156,A-T02156,V0507,7693686.56,2024-05-18,2025-07-15,ACTIVE
C-T02157,T02157,A-T02157,V0126,14759873.92,2024-11-22,2025-09-04,ACTIVE
C-T02158,T02158,A-T02158,V0379,6179275.13,2024-09-19,2025-12-15,ACTIVE
C-T02159,T02159,A-T02159,V0514,6303369.8,2025-01-18,2025-07-09,ACTIVE
C-T02160,T02160,A-T02160,V0315,9342700.44,2026-03-04,2027-02-11,ACTIVE
C-T02161,T02161,A-T02161,V0391,507954.47,2025-05-02,2026-09-10,ACTIVE
C-T02162,T02162,A-T02162,V0359,26627292.99,2026-08-04,2027-01-04,ACTIVE
C-T02163,T02163,A-T02163,V0091,283977356.3,2024-12-01,2026-01-22,ACTIVE
C-T02164,T02164,A-T02164,V0470,10919184.68,2025-04-15,2026-03-27,ACTIVE
C-T02165,T02165,A-T02165,V0464,9097955.93,2024-10-15,2025-12-18,ACTIVE
C-T02166,T02166,A-T02166,V0536,9854124.0,2026-08-22,2026-11-09,ACTIVE
C-T02167,T02167,A-T02167,V0172,69785518.25,2026-04-18,2026-08-02,ACTIVE
C-T02168,T02168,A-T02168,V0033,5017252.31,2026-06-23,2026-09-08,ACTIVE
C-T02169,T02169,A-T02169,V0335,17853576.92,2024-08-15,2025-02-25,ACTIVE
C-T02170,T02170,A-T02170,V0319,9203219.31,2024-12-17,2025-04-16,ACTIVE
C-T02171,T02171,A-T02171,V0029,7735232.04,2025-01-23,2026-06-27,ACTIVE
C-T02172,T02172,A-T02172,V0039,5813767.62,2024-07-24,2024-11-29,ACTIVE
C-T02173,T02173,A-T02173,V0420,5934133.03,2025-07-15,2026-01-24,ACTIVE
C-T02174,T02174,A-T02174,V0339,10252601.42,2025-11-02,2026-12-08,ACTIVE
C-T02175,T02175,A-T02175,V0212,1705254.06,2024-09-24,2025-11-12,ACTIVE
C-T02176,T02176,A-T02176,V0184,10232340.17,2026-05-08,2026-07-18,ACTIVE
C-T02177,T02177,A-T02177,V0520,13239849.42,2026-02-26,2027-07-21,ACTIVE
C-T02178,T02178,A-T02178,V0322,6709754.23,2025-11-25,2026-03-30,ACTIVE
C-T02179,T02179,A-T02179,V0531,4521448.15,2026-06-14,2027-04-18,ACTIVE
C-T02180,T02180,A-T02180,V0070,14524773.94,2025-03-27,2026-06-06,ACTIVE
C-T02181,T02181,A-T02181,V0294,4087320.33,2024-12-03,2026-05-23,ACTIVE
C-T02182,T02182,A-T02182,V0483,9072337.24,2026-04-30,2027-08-13,ACTIVE
C-T02183,T02183,A-T02183,V0100,112004617.71,2025-03-22,2026-05-10,ACTIVE
C-T02184,T02184,A-T02184,V0020,3758574.64,2024-10-21,2025-05-25,ACTIVE
C-T02185,T02185,A-T02185,V0322,4925311.56,2026-06-03,2027-03-18,ACTIVE
C-T02186,T02186,A-T02186,V0514,2448524.61,2024-05-08,2024-07-09,ACTIVE
C-T02187,T02187,A-T02187,V0525,10408608.79,2024-07-19,2025-05-21,ACTIVE
C-T02188,T02188,A-T02188,V0427,170938375.95,2024-03-18,2025-06-25,ACTIVE
C-T02189,T02189,A-T02189,V0409,8073040.44,2025-10-07,2026-09-05,ACTIVE
C-T02190,T02190,A-T02190,V0340,13777065.91,2025-10-12,2026-10-03,ACTIVE
C-T02191,T02191,A-T02191,V0490,10538711.12,2025-10-03,2025-12-10,ACTIVE
C-T02192,T02192,A-T02192,V0513,17745486.72,2025-06-04,2026-10-10,ACTIVE
C-T02193,T02193,A-T02193,V0306,18394695.21,2026-02-11,2026-12-26,ACTIVE
C-T02194,T02194,A-T02194,V0025,3453720.75,2024-03-05,2024-06-10,ACTIVE
C-T02195,T02195,A-T02195,V0335,3869373.36,2024-08-30,2025-01-24,ACTIVE
C-T02196,T02196,A-T02196,V0546,1759633.48,2025-10-19,2026-01-19,ACTIVE
C-T02197,T02197,A-T02197,V0028,16456891.64,2026-03-05,2027-01-10,ACTIVE
C-T02198,T02198,A-T02198,V0242,57798839.7,2026-08-20,2027-09-15,ACTIVE
C-T02199,T02199,A-T02199,V0249,65451023.43,2025-03-08,2026-08-09,ACTIVE
C-T02200,T02200,A-T02200,V0265,5703877.19,2024-07-27,2025-04-10,ACTIVE
C-T02201,T02201,A-T02201,V0005,10869986.01,2024-12-16,2026-03-18,ACTIVE
C-T02202,T02202,A-T02202,V0434,10243361.33,2025-07-17,2026-03-22,ACTIVE
C-T02203,T02203,A-T02203,V0133,22329666.29,2025-10-03,2025-12-04,ACTIVE
C-T02204,T02204,A-T02204,V0505,4040678.41,2024-09-02,2025-02-03,ACTIVE
C-T02205,T02205,A-T02205,V0415,2599385.92,2025-11-16,2026-03-17,ACTIVE
C-T02206,T02206,A-T02206,V0217,9451919.06,2024-04-03,2025-08-09,ACTIVE
C-T02207,T02207,A-T02207,V0259,13600709.81,2025-06-24,2026-02-22,ACTIVE
C-T02208,T02208,A-T02208,V0219,2067935.8,2025-01-23,2025-10-06,ACTIVE
C-T02209,T02209,A-T02209,V0359,26055482.45,2025-12-26,2026-08-04,ACTIVE
C-T02210,T02210,A-T02210,V0025,15763851.1,2025-02-26,2025-12-31,ACTIVE
C-T02211,T02211,A-T02211,V0039,4715715.7,2025-11-15,2026-11-06,ACTIVE
C-T02212,T02212,A-T02212,V0400,19606269.98,2025-04-17,2026-07-04,ACTIVE
C-T02213,T02213,A-T02213,V0434,12133329.23,2024-12-04,2026-05-16,ACTIVE
C-T02214,T02214,A-T02214,V0447,3708984.93,2024-03-29,2025-06-05,ACTIVE
C-T02215,T02215,A-T02215,V0239,7057271.5,2025-07-27,2025-11-23,ACTIVE
C-T02216,T02216,A-T02216,V0528,6234642.25,2026-04-19,2026-08-19,ACTIVE
C-T02217,T02217,A-T02217,V0299,57834164.25,2024-10-27,2025-11-23,ACTIVE
C-T02218,T02218,A-T02218,V0454,1166123.85,2025-07-06,2026-06-09,ACTIVE
C-T02219,T02219,A-T02219,V0014,13554726.97,2025-09-01,2026-03-15,ACTIVE
C-T02220,T02220,A-T02220,V0468,16167327.47,2025-11-10,2026-07-31,ACTIVE
C-T02221,T02221,A-T02221,V0368,15692669.44,2025-04-06,2025-09-18,ACTIVE
C-T02222,T02222,A-T02222,V0126,4871891.18,2024-07-06,2025-07-08,ACTIVE
C-T02223,T02223,A-T02223,V0355,5370601.41,2026-05-16,2027-05-28,ACTIVE
C-T02224,T02224,A-T02224,V0187,25086335.56,2026-01-29,2027-02-16,ACTIVE
C-T02225,T02225,A-T02225,V0220,9315454.92,2024-07-15,2025-12-11,ACTIVE
C-T02226,T02226,A-T02226,V0244,4473995.42,2025-03-18,2026-06-28,ACTIVE
C-T02227,T02227,A-T02227,V0076,45291322.35,2026-05-27,2026-11-03,ACTIVE
C-T02228,T02228,A-T02228,V0223,7274841.77,2026-04-15,2026-12-12,ACTIVE
C-T02229,T02229,A-T02229,V0302,27784087.11,2024-03-30,2025-06-22,ACTIVE
C-T02230,T02230,A-T02230,V0502,6603870.43,2025-06-29,2026-01-29,ACTIVE
C-T02231,T02231,A-T02231,V0535,3858400.17,2024-05-01,2025-09-15,ACTIVE
C-T02232,T02232,A-T02232,V0475,9912697.08,2024-05-15,2025-03-10,ACTIVE
C-T02233,T02233,A-T02233,V0163,35563757.34,2025-05-05,2025-12-27,ACTIVE
C-T02234,T02234,A-T02234,V0526,26769347.54,2024-10-01,2025-04-04,ACTIVE
C-T02235,T02235,A-T02235,V0388,514154.52,2026-10-26,2027-04-11,ACTIVE
C-T02236,T02236,A-T02236,V0028,29651491.26,2024-10-17,2025-04-14,ACTIVE
C-T02237,T02237,A-T02237,V0510,14156224.25,2024-05-02,2024-07-01,ACTIVE
C-T02238,T02238,A-T02238,V0125,2696696.21,2024-08-01,2025-01-21,ACTIVE
C-T02239,T02239,A-T02239,V0266,8353941.38,2026-09-09,2027-02-07,ACTIVE
C-T02240,T02240,A-T02240,V0385,75504425.08,2026-03-15,2026-11-03,ACTIVE
C-T02241,T02241,A-T02241,V0026,2449294.79,2026-08-08,2027-11-10,ACTIVE
C-T02242,T02242,A-T02242,V0003,3717970.89,2026-01-28,2027-03-14,ACTIVE
C-T02243,T02243,A-T02243,V0502,1914776.43,2025-12-10,2026-03-01,ACTIVE
C-T02244,T02244,A-T02244,V0361,17115254.32,2026-08-20,2027-01-02,ACTIVE
C-T02245,T02245,A-T02245,V0086,21538766.56,2025-07-31,2027-01-03,ACTIVE
C-T02246,T02246,A-T02246,V0429,9939240.46,2025-10-15,2027-01-23,ACTIVE
C-T02247,T02247,A-T02247,V0411,5939491.92,2026-05-27,2027-10-30,ACTIVE
C-T02248,T02248,A-T02248,V0394,13027298.79,2024-07-22,2024-11-23,ACTIVE
C-T02249,T02249,A-T02249,V0311,5461408.07,2025-04-08,2025-08-06,ACTIVE
C-T02250,T02250,A-T02250,V0207,44459550.83,2025-10-21,2026-08-15,ACTIVE
C-T02251,T02251,A-T02251,V0523,25158718.36,2025-05-04,2026-02-20,ACTIVE
C-T02252,T02252,A-T02252,V0386,19636476.52,2026-07-05,2027-07-08,ACTIVE
C-T02253,T02253,A-T02253,V0513,3563792.52,2025-10-15,2027-03-05,ACTIVE
C-T02254,T02254,A-T02254,V0355,7664642.25,2024-06-04,2025-10-05,ACTIVE
C-T02255,T02255,A-T02255,V0098,29614742.97,2026-10-08,2028-03-02,ACTIVE
C-T02256,T02256,A-T02256,V0350,2809175.77,2026-06-21,2027-05-24,ACTIVE
C-T02257,T02257,A-T02257,V0041,6192732.83,2026-06-26,2026-09-29,ACTIVE
C-T02258,T02258,A-T02258,V0349,8063974.56,2024-08-06,2025-12-16,ACTIVE
C-T02259,T02259,A-T02259,V0026,9274915.73,2026-09-06,2027-02-10,ACTIVE
C-T02260,T02260,A-T02260,V0391,8689821.29,2026-08-08,2027-09-29,ACTIVE
C-T02261,T02261,A-T02261,V0395,6870160.64,2026-09-28,2027-09-09,ACTIVE
C-T02262,T02262,A-T02262,V0438,2025355.03,2024-06-03,2025-06-22,ACTIVE
C-T02263,T02263,A-T02263,V0148,10246607.86,2025-01-01,2025-09-29,ACTIVE
C-T02264,T02264,A-T02264,V0047,5357583.47,2024-06-29,2024-11-27,ACTIVE
C-T02265,T02265,A-T02265,V0166,21768902.06,2026-10-02,2027-12-11,ACTIVE
C-T02266,T02266,A-T02266,V0277,12099285.51,2025-10-21,2026-09-17,ACTIVE
C-T02267,T02267,A-T02267,V0526,13782950.0,2026-05-06,2027-01-29,ACTIVE
C-T02268,T02268,A-T02268,V0346,34460689.3,2025-08-01,2027-01-16,ACTIVE
C-T02269,T02269,A-T02269,V0126,15127595.56,2024-04-20,2025-03-14,ACTIVE
C-T02270,T02270,A-T02270,V0282,16421517.62,2026-08-07,2027-01-14,ACTIVE
C-T02271,T02271,A-T02271,V0123,5916109.27,2025-09-11,2026-08-21,ACTIVE
C-T02272,T02272,A-T02272,V0417,27743718.6,2025-11-01,2026-10-26,ACTIVE
C-T02273,T02273,A-T02273,V0042,23342287.0,2025-07-10,2025-11-29,ACTIVE
C-T02274,T02274,A-T02274,V0020,12432770.94,2024-12-27,2026-05-22,ACTIVE
C-T02275,T02275,A-T02275,V0417,4943766.57,2025-10-09,2026-09-01,ACTIVE
C-T02276,T02276,A-T02276,V0119,5444828.74,2026-09-08,2027-03-25,ACTIVE
C-T02277,T02277,A-T02277,V0317,41020179.64,2025-06-10,2026-08-30,ACTIVE
C-T02278,T02278,A-T02278,V0205,13900800.27,2025-07-27,2026-05-25,ACTIVE
C-T02279,T02279,A-T02279,V0244,12193494.36,2025-06-27,2025-08-31,ACTIVE
C-T02280,T02280,A-T02280,V0502,7777630.14,2025-11-13,2026-04-01,ACTIVE
C-T02281,T02281,A-T02281,V0034,15264748.14,2026-07-31,2027-12-28,ACTIVE
C-T02282,T02282,A-T02282,V0295,29999222.74,2025-09-03,2027-02-25,ACTIVE
C-T02283,T02283,A-T02283,V0270,129632906.98,2026-09-30,2027-03-20,ACTIVE
C-T02284,T02284,A-T02284,V0025,14791156.87,2026-06-02,2027-02-04,ACTIVE
C-T02285,T02285,A-T02285,V0136,2769339.85,2026-04-21,2027-09-20,ACTIVE
C-T02286,T02286,A-T02286,V0030,36275407.46,2024-06-02,2025-09-17,ACTIVE
C-T02287,T02287,A-T02287,V0175,17201791.19,2026-10-16,2028-02-28,ACTIVE
C-T02288,T02288,A-T02288,V0416,125931716.46,2026-07-08,2027-03-04,ACTIVE
C-T02289,T02289,A-T02289,V0416,22682634.05,2026-08-13,2028-01-26,ACTIVE
C-T02290,T02290,A-T02290,V0302,10280187.64,2026-05-26,2027-03-06,ACTIVE
C-T02291,T02291,A-T02291,V0005,12465371.03,2026-08-15,2027-03-19,ACTIVE
C-T02292,T02292,A-T02292,V0215,20188892.41,2025-08-23,2026-02-06,ACTIVE
C-T02293,T02293,A-T02293,V0547,13190712.42,2026-06-28,2027-07-06,ACTIVE
C-T02294,T02294,A-T02294,V0059,12231670.6,2024-07-11,2025-01-30,ACTIVE
C-T02295,T02295,A-T02295,V0121,4668255.98,2026-07-23,2026-11-30,ACTIVE
C-T02296,T02296,A-T02296,V0092,1472628.29,2024-11-17,2025-07-11,ACTIVE
C-T02297,T02297,A-T02297,V0030,102490106.91,2025-11-21,2026-03-14,ACTIVE
C-T02298,T02298,A-T02298,V0159,31092682.48,2025-07-13,2026-01-18,ACTIVE
C-T02299,T02299,A-T02299,V0188,21578421.9,2026-03-14,2026-08-03,ACTIVE
C-T02300,T02300,A-T02300,V0121,20440288.63,2026-09-25,2027-12-03,ACTIVE
C-T02301,T02301,A-T02301,V0259,8170351.22,2024-12-17,2025-06-06,ACTIVE
C-T02302,T02302,A-T02302,V0003,4897113.91,2024-09-11,2025-01-17,ACTIVE
C-T02303,T02303,A-T02303,V0359,10677418.8,2025-05-02,2026-04-20,ACTIVE
C-T02304,T02304,A-T02304,V0247,4932470.11,2025-02-08,2025-05-14,ACTIVE
C-T02305,T02305,A-T02305,V0020,4514194.54,2025-12-26,2027-01-23,ACTIVE
C-T02306,T02306,A-T02306,V0537,124775585.83,2025-11-02,2026-03-11,ACTIVE
C-T02307,T02307,A-T02307,V0042,28225982.53,2024-07-26,2025-11-08,ACTIVE
C-T02308,T02308,A-T02308,V0023,17441684.23,2024-04-15,2025-05-21,ACTIVE
C-T02309,T02309,A-T02309,V0392,3776466.94,2024-12-01,2025-12-02,ACTIVE
C-T02310,T02310,A-T02310,V0460,14481993.94,2024-06-09,2024-09-08,ACTIVE
C-T02311,T02311,A-T02311,V0368,14615629.56,2025-04-18,2026-01-25,ACTIVE
C-T02312,T02312,A-T02312,V0073,1475221.59,2025-05-14,2026-10-03,ACTIVE
C-T02313,T02313,A-T02313,V0474,94567549.54,2026-05-31,2027-11-17,ACTIVE
C-T02314,T02314,A-T02314,V0327,1219790.48,2024-12-12,2026-03-20,ACTIVE
C-T02315,T02315,A-T02315,V0195,2386130.95,2025-11-17,2027-02-26,ACTIVE
C-T02316,T02316,A-T02316,V0451,9856860.86,2026-09-21,2026-12-07,ACTIVE
C-T02317,T02317,A-T02317,V0404,7195887.15,2024-07-28,2025-08-12,ACTIVE
C-T02318,T02318,A-T02318,V0424,1642088.85,2026-09-20,2028-02-26,ACTIVE
C-T02319,T02319,A-T02319,V0471,8113222.4,2025-03-02,2026-02-08,ACTIVE
C-T02320,T02320,A-T02320,V0244,568549.15,2025-01-31,2025-07-24,ACTIVE
C-T02321,T02321,A-T02321,V0371,55994712.84,2024-06-18,2025-08-05,ACTIVE
C-T02322,T02322,A-T02322,V0069,58746163.64,2025-09-29,2026-02-10,ACTIVE
C-T02323,T02323,A-T02323,V0169,2230393.17,2025-08-24,2026-03-19,ACTIVE
C-T02324,T02324,A-T02324,V0115,8657427.63,2026-10-15,2027-09-10,ACTIVE
C-T02325,T02325,A-T02325,V0284,19501771.81,2026-02-27,2026-07-18,ACTIVE
C-T02326,T02326,A-T02326,V0370,137072568.3,2026-04-07,2026-07-04,ACTIVE
C-T02327,T02327,A-T02327,V0497,3865854.27,2026-01-04,2027-05-28,ACTIVE
C-T02328,T02328,A-T02328,V0243,5004762.22,2026-08-28,2027-12-04,ACTIVE
C-T02329,T02329,A-T02329,V0258,9510837.57,2024-05-27,2025-08-21,ACTIVE
C-T02330,T02330,A-T02330,V0125,37712190.77,2025-12-18,2026-11-22,ACTIVE
C-T02331,T02331,A-T02331,V0502,38241334.36,2025-06-26,2025-10-08,ACTIVE
C-T02332,T02332,A-T02332,V0110,71408159.65,2025-08-05,2026-10-31,ACTIVE
C-T02333,T02333,A-T02333,V0470,17414124.94,2025-06-29,2025-09-25,ACTIVE
C-T02334,T02334,A-T02334,V0462,4737756.78,2026-01-22,2026-07-22,ACTIVE
C-T02335,T02335,A-T02335,V0533,55660436.5,2025-12-21,2027-01-10,ACTIVE
C-T02336,T02336,A-T02336,V0201,69209427.71,2025-04-16,2026-01-14,ACTIVE
C-T02337,T02337,A-T02337,V0407,9616344.62,2025-09-09,2026-01-26,ACTIVE
C-T02338,T02338,A-T02338,V0455,29501357.82,2026-05-26,2027-10-21,ACTIVE
C-T02339,T02339,A-T02339,V0405,12046668.23,2024-12-04,2026-05-06,ACTIVE
C-T02340,T02340,A-T02340,V0039,1909492.22,2024-03-28,2024-06-16,ACTIVE
C-T02341,T02341,A-T02341,V0265,20362369.47,2026-04-01,2026-09-20,ACTIVE
C-T02342,T02342,A-T02342,V0438,28085798.59,2026-07-10,2027-08-20,ACTIVE
C-T02343,T02343,A-T02343,V0365,3062622.39,2025-09-13,2026-06-25,ACTIVE
C-T02344,T02344,A-T02344,V0062,15705434.88,2026-02-14,2027-02-27,ACTIVE
C-T02345,T02345,A-T02345,V0017,14988522.2,2026-05-07,2026-12-21,ACTIVE
C-T02346,T02346,A-T02346,V0164,2759860.37,2026-10-08,2027-07-12,ACTIVE
C-T02347,T02347,A-T02347,V0332,9087858.16,2026-09-08,2026-12-29,ACTIVE
C-T02348,T02348,A-T02348,V0242,3921621.71,2025-12-18,2027-03-25,ACTIVE
C-T02349,T02349,A-T02349,V0345,15733931.88,2026-05-10,2027-06-06,ACTIVE
C-T02350,T02350,A-T02350,V0358,19818925.89,2025-11-14,2026-05-14,ACTIVE
C-T02351,T02351,A-T02351,V0364,87442458.98,2025-09-27,2027-01-29,ACTIVE
C-T02352,T02352,A-T02352,V0455,39453597.65,2026-09-04,2027-06-12,ACTIVE
C-T02353,T02353,A-T02353,V0526,17190005.91,2024-05-10,2024-08-06,ACTIVE
C-T02354,T02354,A-T02354,V0042,37479928.18,2026-05-27,2026-07-30,ACTIVE
C-T02355,T02355,A-T02355,V0504,2444238.06,2025-07-23,2026-02-18,ACTIVE
C-T02356,T02356,A-T02356,V0437,16748851.7,2025-02-11,2026-06-22,ACTIVE
C-T02357,T02357,A-T02357,V0342,42273088.99,2025-05-23,2025-08-03,ACTIVE
C-T02358,T02358,A-T02358,V0374,18655193.92,2026-05-09,2026-08-14,ACTIVE
C-T02359,T02359,A-T02359,V0408,3047963.86,2025-07-02,2026-08-17,ACTIVE
C-T02360,T02360,A-T02360,V0379,54079728.15,2024-08-16,2025-06-21,ACTIVE
C-T02361,T02361,A-T02361,V0461,24406517.9,2024-10-09,2025-01-28,ACTIVE
C-T02362,T02362,A-T02362,V0367,2189677.61,2026-10-19,2026-12-18,ACTIVE
C-T02363,T02363,A-T02363,V0081,22554005.61,2025-02-01,2026-05-28,ACTIVE
C-T02364,T02364,A-T02364,V0394,5522281.93,2026-01-15,2026-09-07,ACTIVE
C-T02365,T02365,A-T02365,V0431,11671267.54,2026-06-22,2026-12-06,ACTIVE
C-T02366,T02366,A-T02366,V0133,980668.39,2026-09-02,2027-12-15,ACTIVE
C-T02367,T02367,A-T02367,V0220,83454932.42,2026-10-14,2027-03-27,ACTIVE
C-T02368,T02368,A-T02368,V0026,4761858.61,2024-10-08,2025-11-30,ACTIVE
C-T02369,T02369,A-T02369,V0082,5291793.27,2024-11-21,2025-10-02,ACTIVE
C-T02370,T02370,A-T02370,V0307,1285951.36,2024-11-28,2025-12-08,ACTIVE
C-T02371,T02371,A-T02371,V0249,25496976.6,2024-08-21,2024-12-04,ACTIVE
C-T02372,T02372,A-T02372,V0042,2333366.83,2025-11-10,2027-04-23,ACTIVE
C-T02373,T02373,A-T02373,V0172,13313138.98,2024-03-09,2025-08-01,ACTIVE
C-T02374,T02374,A-T02374,V0355,2544883.47,2026-09-29,2027-10-09,ACTIVE
C-T02375,T02375,A-T02375,V0302,7688887.42,2024-11-13,2025-08-25,ACTIVE
C-T02376,T02376,A-T02376,V0284,17128846.83,2026-07-25,2027-01-05,ACTIVE
C-T02377,T02377,A-T02377,V0255,62089380.87,2026-05-08,2026-07-14,ACTIVE
C-T02378,T02378,A-T02378,V0012,19256650.77,2026-09-13,2027-12-25,ACTIVE
C-T02379,T02379,A-T02379,V0382,14644343.48,2024-03-13,2025-04-15,ACTIVE
C-T02380,T02380,A-T02380,V0413,3611782.15,2026-10-03,2027-08-28,ACTIVE
C-T02381,T02381,A-T02381,V0288,10626461.44,2024-10-02,2025-10-04,ACTIVE
C-T02382,T02382,A-T02382,V0476,81452907.44,2026-04-27,2027-10-02,ACTIVE
C-T02383,T02383,A-T02383,V0369,1752766.74,2025-03-27,2026-07-16,ACTIVE
C-T02384,T02384,A-T02384,V0319,214039043.32,2025-12-08,2027-02-21,ACTIVE
C-T02385,T02385,A-T02385,V0402,2631565.66,2024-05-12,2025-02-16,ACTIVE
C-T02386,T02386,A-T02386,V0549,14410391.48,2026-08-10,2027-04-22,ACTIVE
C-T02387,T02387,A-T02387,V0517,15464450.52,2025-06-06,2026-01-07,ACTIVE
C-T02388,T02388,A-T02388,V0368,44256921.84,2026-01-29,2026-04-15,ACTIVE
C-T02389,T02389,A-T02389,V0085,12586661.42,2024-08-21,2025-08-13,ACTIVE
C-T02390,T02390,A-T02390,V0080,2419084.64,2025-04-28,2026-07-08,ACTIVE
C-T02391,T02391,A-T02391,V0453,14040244.08,2026-06-24,2027-12-16,ACTIVE
C-T02392,T02392,A-T02392,V0319,16483235.08,2026-06-04,2027-11-06,ACTIVE
C-T02393,T02393,A-T02393,V0065,6332018.74,2026-04-18,2027-09-09,ACTIVE
C-T02394,T02394,A-T02394,V0394,5528791.54,2024-08-23,2026-01-15,ACTIVE
C-T02395,T02395,A-T02395,V0382,4443785.63,2025-08-03,2025-12-15,ACTIVE
C-T02396,T02396,A-T02396,V0416,17170910.17,2026-02-12,2026-09-02,ACTIVE
C-T02397,T02397,A-T02397,V0349,22070412.18,2026-08-09,2027-01-04,ACTIVE
C-T02398,T02398,A-T02398,V0434,3467071.29,2024-05-24,2025-02-28,ACTIVE
C-T02399,T02399,A-T02399,V0104,2063818.2,2025-04-26,2025-07-26,ACTIVE
C-T02400,T02400,A-T02400,V0263,19891926.75,2025-02-14,2025-12-17,ACTIVE
C-T02401,T02401,A-T02401,V0388,997628.5,2026-04-06,2026-07-11,ACTIVE
C-T02402,T02402,A-T02402,V0072,2968236.12,2024-10-26,2025-06-29,ACTIVE
C-T02403,T02403,A-T02403,V0240,7762867.69,2024-03-05,2025-07-31,ACTIVE
C-T02404,T02404,A-T02404,V0115,4510755.35,2026-05-26,2026-08-06,ACTIVE
C-T02405,T02405,A-T02405,V0266,10604499.6,2025-06-24,2026-02-08,ACTIVE
C-T02406,T02406,A-T02406,V0220,57995079.03,2026-10-18,2027-09-03,ACTIVE
C-T02407,T02407,A-T02407,V0336,4605102.89,2025-04-16,2025-12-24,ACTIVE
C-T02408,T02408,A-T02408,V0456,4980387.48,2026-05-18,2027-04-02,ACTIVE
C-T02409,T02409,A-T02409,V0362,118743999.67,2025-02-13,2026-05-08,ACTIVE
C-T02410,T02410,A-T02410,V0136,7527609.28,2026-06-15,2027-04-12,ACTIVE
C-T02411,T02411,A-T02411,V0078,26436097.9,2024-06-19,2025-05-07,ACTIVE
C-T02412,T02412,A-T02412,V0197,11350286.08,2024-06-20,2024-11-04,ACTIVE
C-T02413,T02413,A-T02413,V0526,10052932.21,2025-01-13,2025-07-13,ACTIVE
C-T02414,T02414,A-T02414,V0485,6277451.98,2024-03-24,2024-06-10,ACTIVE
C-T02415,T02415,A-T02415,V0447,6712270.56,2026-06-17,2027-03-12,ACTIVE
C-T02416,T02416,A-T02416,V0407,7005789.72,2025-02-08,2025-09-09,ACTIVE
C-T02417,T02417,A-T02417,V0025,7148186.38,2024-11-23,2025-09-27,ACTIVE
C-T02418,T02418,A-T02418,V0137,33936735.1,2025-10-06,2026-05-05,ACTIVE
C-T02419,T02419,A-T02419,V0335,3959642.51,2025-04-06,2026-06-07,ACTIVE
C-T02420,T02420,A-T02420,V0399,18273493.71,2025-08-25,2026-09-09,ACTIVE
C-T02421,T02421,A-T02421,V0315,7071371.15,2026-04-04,2026-06-07,ACTIVE
C-T02422,T02422,A-T02422,V0141,10605320.81,2024-06-14,2025-09-01,ACTIVE
C-T02423,T02423,A-T02423,V0059,5334318.09,2025-07-20,2025-12-14,ACTIVE
C-T02424,T02424,A-T02424,V0184,8814611.85,2026-04-03,2027-02-24,ACTIVE
C-T02425,T02425,A-T02425,V0262,21336123.63,2026-06-04,2026-11-30,ACTIVE
C-T02426,T02426,A-T02426,V0219,45017166.9,2025-12-22,2027-05-09,ACTIVE
C-T02427,T02427,A-T02427,V0295,14473175.88,2025-06-18,2026-07-12,ACTIVE
C-T02428,T02428,A-T02428,V0121,2732940.51,2026-06-13,2027-04-05,ACTIVE
C-T02429,T02429,A-T02429,V0455,5866916.7,2025-10-02,2026-03-21,ACTIVE
C-T02430,T02430,A-T02430,V0005,12524684.3,2025-10-31,2026-02-11,ACTIVE
C-T02431,T02431,A-T02431,V0093,2732754.58,2024-11-29,2025-02-01,ACTIVE
C-T02432,T02432,A-T02432,V0438,11714320.91,2024-06-20,2025-06-29,ACTIVE
C-T02433,T02433,A-T02433,V0175,13227952.83,2025-02-15,2025-06-13,ACTIVE
C-T02434,T02434,A-T02434,V0249,22252826.2,2026-08-11,2026-11-18,ACTIVE
C-T02435,T02435,A-T02435,V0365,8889131.59,2026-04-08,2026-07-25,ACTIVE
C-T02436,T02436,A-T02436,V0245,6845182.8,2026-09-13,2027-05-12,ACTIVE
C-T02437,T02437,A-T02437,V0162,10917187.02,2025-10-01,2027-01-26,ACTIVE
C-T02438,T02438,A-T02438,V0106,3585142.23,2025-02-08,2025-07-14,ACTIVE
C-T02439,T02439,A-T02439,V0336,3702576.66,2025-08-22,2026-12-20,ACTIVE
C-T02440,T02440,A-T02440,V0328,3074778.28,2026-07-03,2027-04-24,ACTIVE
C-T02441,T02441,A-T02441,V0495,26724294.87,2024-11-03,2025-06-25,ACTIVE
C-T02442,T02442,A-T02442,V0132,1463049.86,2024-12-01,2025-02-25,ACTIVE
C-T02443,T02443,A-T02443,V0038,3147118.75,2026-06-13,2027-10-06,ACTIVE
C-T02444,T02444,A-T02444,V0231,2925517.62,2026-07-16,2027-06-02,ACTIVE
C-T02445,T02445,A-T02445,V0050,6683964.7,2026-05-04,2026-12-02,ACTIVE
C-T02446,T02446,A-T02446,V0197,13471826.52,2026-09-23,2026-12-15,ACTIVE
C-T02447,T02447,A-T02447,V0215,5463915.78,2026-04-02,2026-12-22,ACTIVE
C-T02448,T02448,A-T02448,V0030,20735911.09,2026-02-21,2027-05-10,ACTIVE
C-T02449,T02449,A-T02449,V0224,5441901.37,2025-01-04,2025-12-19,ACTIVE
C-T02450,T02450,A-T02450,V0274,63393137.03,2026-09-07,2027-07-01,ACTIVE
C-T02451,T02451,A-T02451,V0185,19171809.27,2026-06-24,2027-03-06,ACTIVE
C-T02452,T02452,A-T02452,V0475,4966316.46,2024-02-16,2024-08-28,ACTIVE
C-T02453,T02453,A-T02453,V0464,35933895.31,2025-12-29,2027-01-17,ACTIVE
C-T02454,T02454,A-T02454,V0273,20431910.83,2025-11-30,2027-04-07,ACTIVE
C-T02455,T02455,A-T02455,V0317,1909631.66,2025-08-02,2026-09-20,ACTIVE
C-T02456,T02456,A-T02456,V0097,34808747.68,2026-06-22,2026-11-03,ACTIVE
C-T02457,T02457,A-T02457,V0091,4079023.62,2024-07-01,2025-06-13,ACTIVE
C-T02458,T02458,A-T02458,V0158,5739960.81,2026-02-03,2027-05-17,ACTIVE
C-T02459,T02459,A-T02459,V0256,9232850.7,2025-11-15,2026-06-23,ACTIVE
C-T02460,T02460,A-T02460,V0132,8509057.52,2025-01-07,2025-04-21,ACTIVE
C-T02461,T02461,A-T02461,V0298,14733044.14,2026-10-01,2026-12-05,ACTIVE
C-T02462,T02462,A-T02462,V0113,3375193.24,2026-06-28,2027-01-20,ACTIVE
C-T02463,T02463,A-T02463,V0364,5026167.62,2024-04-16,2025-09-28,ACTIVE
C-T02464,T02464,A-T02464,V0244,87572057.06,2024-10-21,2026-03-25,ACTIVE
C-T02465,T02465,A-T02465,V0363,8560275.68,2025-03-05,2026-04-20,ACTIVE
C-T02466,T02466,A-T02466,V0510,2654088.49,2025-10-08,2026-11-25,ACTIVE
C-T02467,T02467,A-T02467,V0028,3004190.76,2025-09-24,2026-10-23,ACTIVE
C-T02468,T02468,A-T02468,V0006,13224921.7,2026-08-10,2027-04-07,ACTIVE
C-T02469,T02469,A-T02469,V0406,2561735.02,2026-07-13,2026-10-18,ACTIVE
C-T02470,T02470,A-T02470,V0321,5178814.4,2025-01-23,2026-04-30,ACTIVE
C-T02471,T02471,A-T02471,V0298,7469209.67,2024-06-18,2025-11-30,ACTIVE
C-T02472,T02472,A-T02472,V0263,4981982.63,2026-05-04,2027-01-13,ACTIVE
C-T02473,T02473,A-T02473,V0336,16127526.01,2025-07-02,2026-11-20,ACTIVE
C-T02474,T02474,A-T02474,V0121,3438171.41,2025-06-08,2025-12-27,ACTIVE
C-T02475,T02475,A-T02475,V0302,11527608.7,2026-02-17,2026-06-11,ACTIVE
C-T02476,T02476,A-T02476,V0269,18044527.9,2024-07-13,2024-11-02,ACTIVE
C-T02477,T02477,A-T02477,V0367,14168622.93,2026-04-30,2026-12-30,ACTIVE
C-T02478,T02478,A-T02478,V0144,11748485.1,2026-03-12,2026-12-06,ACTIVE
C-T02479,T02479,A-T02479,V0396,1406502.79,2024-11-22,2026-01-18,ACTIVE
C-T02480,T02480,A-T02480,V0100,8917491.88,2025-08-29,2026-08-08,ACTIVE
C-T02481,T02481,A-T02481,V0505,19949145.35,2025-03-09,2026-01-11,ACTIVE
C-T02482,T02482,A-T02482,V0421,11848645.07,2024-03-09,2025-04-22,ACTIVE
C-T02483,T02483,A-T02483,V0066,1262825.09,2025-05-16,2026-03-19,ACTIVE
C-T02484,T02484,A-T02484,V0523,775598.18,2026-01-24,2027-02-28,ACTIVE
C-T02485,T02485,A-T02485,V0487,36315337.71,2026-09-11,2028-02-10,ACTIVE
C-T02486,T02486,A-T02486,V0380,3670957.32,2024-04-06,2024-12-15,ACTIVE
C-T02487,T02487,A-T02487,V0197,2198310.78,2024-09-10,2026-01-13,ACTIVE
C-T02488,T02488,A-T02488,V0063,22345945.62,2025-09-03,2026-01-17,ACTIVE
C-T02489,T02489,A-T02489,V0011,4625427.94,2025-11-01,2026-04-17,ACTIVE
C-T02490,T02490,A-T02490,V0355,8716044.3,2025-12-17,2026-07-17,ACTIVE
C-T02491,T02491,A-T02491,V0255,31290772.06,2026-10-03,2027-05-23,ACTIVE
C-T02492,T02492,A-T02492,V0256,6781604.1,2025-03-07,2026-07-14,ACTIVE
C-T02493,T02493,A-T02493,V0402,5409979.49,2026-07-27,2026-12-28,ACTIVE
C-T02494,T02494,A-T02494,V0031,6924330.07,2026-04-20,2027-03-08,ACTIVE
C-T02495,T02495,A-T02495,V0462,137525927.58,2026-02-26,2027-03-29,ACTIVE
C-T02496,T02496,A-T02496,V0304,3727555.08,2025-07-20,2026-02-22,ACTIVE
C-T02497,T02497,A-T02497,V0523,21942182.28,2025-02-23,2026-08-07,ACTIVE
C-T02498,T02498,A-T02498,V0026,4307463.17,2025-10-09,2026-12-27,ACTIVE
C-T02499,T02499,A-T02499,V0201,3159025.92,2026-03-06,2027-07-19,ACTIVE
C-T02500,T02500,A-T02500,V0028,10221018.93,2026-08-20,2028-02-10,ACTIVE
