vendor_a,vendor_b,observed_shared_tenders,vendor_a_tenders,vendor_b_tenders,expected_shared_tenders,enrichment_ratio,p_value,surprise_score,dominant_category,category_share,dominant_region,region_share,context_concentration,contextual_adjustment,contextual_enrichment
V0193,V0445,3,8,16,0.051,58.594,1.1823120026805183e-05,4.927,ROAD_CONSTRUCTION,1.0,KA-SOUTH,0.609,0.843,0.62,36.354
V0165,V0168,4,14,12,0.067,59.524,2.9742113991511685e-07,6.527,MEDICAL_SUPPLIES,1.0,KA-CENTRAL,0.852,0.941,0.577,34.326
V0425,V0441,4,12,17,0.082,49.02,7.01715949371608e-07,6.154,VEHICLE_SUPPLIES,1.0,KA-NORTH,0.529,0.812,0.635,31.113
V0534,V0545,3,9,17,0.061,49.02,2.1412098661585897e-05,4.669,IT_SERVICES,1.0,KA-NORTH,0.615,0.846,0.619,30.355
V0171,V0545,3,9,17,0.061,49.02,2.1412098661585897e-05,4.669,IT_SERVICES,1.0,KA-CENTRAL,0.679,0.871,0.608,29.797
V0032,V0222,3,14,11,0.062,48.701,2.2487219138537476e-05,4.648,VEHICLE_SUPPLIES,1.0,KA-SOUTH,0.667,0.867,0.61,29.708
V0089,V0163,4,16,13,0.083,48.077,7.74103033906084e-07,6.111,ROAD_CONSTRUCTION,1.0,KA-CENTRAL,0.692,0.877,0.605,29.105
V0221,V0222,3,15,11,0.066,45.455,2.804136306639056e-05,4.552,VEHICLE_SUPPLIES,1.0,KA-BENGALURU,0.5,0.8,0.64,29.091
V0146,V0171,3,19,9,0.068,43.86,3.0402045670444326e-05,4.517,IT_SERVICES,1.0,KA-BENGALURU,0.474,0.789,0.645,28.278
V0115,V0441,5,16,17,0.109,45.956,3.190396742384591e-08,7.496,VEHICLE_SUPPLIES,1.0,KA-NORTH,0.659,0.863,0.611,28.1
V0236,V0492,3,12,14,0.067,44.643,2.9883818471411595e-05,4.525,VEHICLE_SUPPLIES,1.0,KA-NORTH,0.625,0.85,0.617,27.567
V0143,V0418,4,13,18,0.094,42.735,1.2939960625091548e-06,5.888,WATER_INFRASTRUCTURE,1.0,KA-NORTH,0.483,0.793,0.643,27.483
V0160,V0222,3,16,11,0.07,42.614,3.442935927872244e-05,4.463,VEHICLE_SUPPLIES,1.0,KA-BENGALURU,0.562,0.825,0.629,26.794
V0110,V0324,3,14,13,0.073,41.209,3.8720495262824385e-05,4.412,ROAD_CONSTRUCTION,1.0,KA-BENGALURU,0.526,0.811,0.635,26.179
V0140,V0315,4,14,17,0.095,42.017,1.4072091488880331e-06,5.852,IT_SERVICES,1.0,KA-BENGALURU,0.679,0.871,0.608,25.54
V0112,V0441,4,15,17,0.102,39.216,1.9109134047374816e-06,5.719,VEHICLE_SUPPLIES,1.0,KA-SOUTH,0.462,0.785,0.647,25.37
V0205,V0435,3,14,13,0.073,41.209,3.8720495262824385e-05,4.412,ROAD_CONSTRUCTION,1.0,KA-SOUTH,0.64,0.856,0.615,25.335
V0160,V0282,4,16,16,0.102,39.062,1.9477567270377485e-06,5.71,VEHICLE_SUPPLIES,1.0,KA-SOUTH,0.476,0.79,0.644,25.167
V0015,V0203,3,12,15,0.072,41.667,3.725364009149576e-05,4.429,FURNITURE,1.0,KA-SOUTH,0.706,0.882,0.603,25.123
V0090,V0264,6,21,18,0.151,39.683,2.8087385811996102e-09,8.551,MEDICAL_SUPPLIES,1.0,KA-SOUTH,0.543,0.817,0.632,25.087
V0032,V0492,3,14,14,0.078,38.265,4.911764964970875e-05,4.309,VEHICLE_SUPPLIES,1.0,TN-NORTH,0.429,0.771,0.653,24.982
V0073,V0074,18,44,28,0.493,36.526,5.719437607362663e-27,26.243,ROAD_CONSTRUCTION,1.0,KA-CENTRAL,0.267,0.707,0.682,24.906
V0181,V0479,3,14,14,0.078,38.265,4.911764964970875e-05,4.309,IT_SERVICES,1.0,KA-CENTRAL,0.444,0.778,0.65,24.872
V0146,V0315,5,19,17,0.129,38.7,8.391126441608586e-08,7.076,IT_SERVICES,1.0,KA-NORTH,0.486,0.794,0.643,24.868
V0056,V0507,4,17,16,0.109,36.765,2.5372498838420272e-06,5.596,ELECTRICAL_EQUIPMENT,1.0,KA-NORTH,0.303,0.721,0.675,24.833
V0314,V0527,3,13,15,0.078,38.462,4.825505387646059e-05,4.316,IT_SERVICES,1.0,TN-NORTH,0.5,0.8,0.64,24.616
V0086,V0233,5,20,16,0.128,39.062,7.90546938872332e-08,7.102,IT_SERVICES,1.0,KA-NORTH,0.571,0.829,0.627,24.497
V0115,V0236,3,16,12,0.077,39.062,4.572648252981568e-05,4.34,VEHICLE_SUPPLIES,1.0,KA-BENGALURU,0.571,0.829,0.627,24.497
V0099,V0296,3,12,16,0.077,39.062,4.572648252981568e-05,4.34,ROAD_CONSTRUCTION,1.0,KA-NORTH,0.619,0.848,0.619,24.163
V0239,V0253,3,13,14,0.073,41.209,3.8720495262824385e-05,4.412,VEHICLE_SUPPLIES,1.0,KA-NORTH,0.812,0.925,0.584,24.056
V0085,V0314,3,16,13,0.083,36.058,5.921219637858855e-05,4.228,IT_SERVICES,1.0,TN-NORTH,0.381,0.752,0.661,23.85
V0140,V0479,3,14,14,0.078,38.265,4.911764964970875e-05,4.309,IT_SERVICES,1.0,KA-BENGALURU,0.619,0.848,0.619,23.67
V0140,V0181,3,14,14,0.078,38.265,4.911764964970875e-05,4.309,IT_SERVICES,1.0,KA-BENGALURU,0.636,0.855,0.615,23.55
V0115,V0425,3,16,12,0.077,39.062,4.572648252981568e-05,4.34,VEHICLE_SUPPLIES,1.0,KA-NORTH,0.72,0.888,0.6,23.453
V0085,V0233,4,16,16,0.102,39.062,1.9477567270377485e-06,5.71,IT_SERVICES,1.0,KA-SOUTH,0.739,0.896,0.597,23.318
V0071,V0074,18,47,28,0.526,34.195,2.508814403059401e-26,25.601,ROAD_CONSTRUCTION,1.0,KA-CENTRAL,0.267,0.707,0.682,23.316
V0052,V0053,28,46,44,0.81,34.585,2.6821797681143906e-42,41.572,CIVIL_MAINTENANCE,1.0,KA-NORTH,0.341,0.736,0.669,23.126
V0300,V0358,4,14,17,0.095,42.017,1.4072091488880331e-06,5.852,ROAD_CONSTRUCTION,1.0,KA-NORTH,1.0,1.0,0.55,23.109
V0202,V0229,4,18,14,0.101,39.683,1.8034549512141078e-06,5.744,MEDICAL_SUPPLIES,1.0,KA-NORTH,0.829,0.931,0.581,23.05
V0033,V0058,6,25,17,0.17,35.294,6.050176666240931e-09,8.218,MEDICAL_SUPPLIES,1.0,KA-CENTRAL,0.486,0.794,0.643,22.679
V0358,V0427,5,17,19,0.129,38.7,8.391126441608586e-08,7.076,ROAD_CONSTRUCTION,1.0,KA-NORTH,0.818,0.927,0.583,22.552
V0060,V0207,3,18,12,0.086,34.722,6.626959894503318e-05,4.179,BUILDING_CONSTRUCTION,1.0,KA-BENGALURU,0.455,0.782,0.648,22.506
V0177,V0507,3,13,16,0.083,36.058,5.921219637858855e-05,4.228,ELECTRICAL_EQUIPMENT,1.0,KA-SOUTH,0.636,0.855,0.615,22.192
V0012,V0439,5,19,19,0.144,34.626,1.5620440990078356e-07,6.806,MEDICAL_SUPPLIES,1.0,KA-SOUTH,0.5,0.8,0.64,22.161
V0233,V0456,4,16,18,0.115,34.722,3.249603575743451e-06,5.488,IT_SERVICES,1.0,KA-NORTH,0.514,0.806,0.637,22.133
V0145,V0236,3,18,12,0.086,34.722,6.626959894503318e-05,4.179,VEHICLE_SUPPLIES,1.0,KA-BENGALURU,0.571,0.829,0.627,21.776
V0243,V0409,5,20,18,0.144,34.722,1.5351538829316812e-07,6.814,MEDICAL_SUPPLIES,1.0,KA-CENTRAL,0.581,0.832,0.625,21.718
V0112,V0253,3,15,14,0.084,35.714,6.11939904751828e-05,4.213,VEHICLE_SUPPLIES,1.0,KA-SOUTH,0.7,0.88,0.604,21.571
V0262,V0543,5,26,14,0.146,34.341,1.5249298921289464e-07,6.817,MEDICAL_SUPPLIES,1.0,KA-CENTRAL,0.568,0.827,0.628,21.561
V0018,V0107,3,12,19,0.091,32.895,7.848197555450034e-05,4.105,BUILDING_CONSTRUCTION,1.0,TN-NORTH,0.421,0.768,0.654,21.52
V0112,V0217,4,15,19,0.114,35.088,3.0900989164871186e-06,5.51,VEHICLE_SUPPLIES,1.0,KA-CENTRAL,0.654,0.862,0.612,21.485
V0115,V0145,4,16,18,0.115,34.722,3.249603575743451e-06,5.488,VEHICLE_SUPPLIES,1.0,KA-NORTH,0.636,0.855,0.615,21.37
V0147,V0240,3,11,21,0.092,32.468,8.078970569206333e-05,4.093,MEDICAL_SUPPLIES,1.0,KA-SOUTH,0.409,0.764,0.656,21.311
V0089,V0480,3,16,14,0.09,33.482,7.506654915134263e-05,4.125,ROAD_CONSTRUCTION,1.0,KA-CENTRAL,0.52,0.808,0.636,21.308
V0081,V0399,3,25,9,0.09,33.333,7.138208562634296e-05,4.146,ROAD_CONSTRUCTION,1.0,KA-SOUTH,0.52,0.808,0.636,21.213
V0092,V0473,5,20,19,0.152,32.895,2.0729582044547645e-07,6.683,FURNITURE,1.0,KA-SOUTH,0.488,0.795,0.642,21.122
V0076,V0541,6,22,20,0.176,34.091,7.941831959160277e-09,8.1,BUILDING_CONSTRUCTION,1.0,KA-SOUTH,0.619,0.848,0.619,21.088
V0471,V0543,3,14,14,0.078,38.265,4.911764964970875e-05,4.309,MEDICAL_SUPPLIES,1.0,KA-NORTH,1.0,1.0,0.55,21.046
V0032,V0160,3,14,16,0.09,33.482,7.506654915134263e-05,4.125,VEHICLE_SUPPLIES,1.0,KA-SOUTH,0.571,0.829,0.627,20.998
V0046,V0235,3,20,11,0.088,34.091,6.941556645959943e-05,4.159,BUILDING_CONSTRUCTION,1.0,KA-NORTH,0.636,0.855,0.615,20.981
V0104,V0264,4,16,18,0.115,34.722,3.249603575743451e-06,5.488,MEDICAL_SUPPLIES,1.0,KA-SOUTH,0.704,0.881,0.603,20.949
V0051,V0053,28,51,44,0.898,31.194,1.8142266177102819e-40,39.741,CIVIL_MAINTENANCE,1.0,KA-NORTH,0.342,0.737,0.668,20.85
V0032,V0221,3,14,15,0.084,35.714,6.11939904751828e-05,4.213,VEHICLE_SUPPLIES,1.0,KA-NORTH,0.812,0.925,0.584,20.848
V0147,V0264,3,11,18,0.079,37.879,4.992717072306395e-05,4.302,MEDICAL_SUPPLIES,1.0,KA-SOUTH,1.0,1.0,0.55,20.833
V0009,V0110,3,17,14,0.095,31.513,9.08506934375829e-05,4.042,ROAD_CONSTRUCTION,1.0,KA-BENGALURU,0.389,0.756,0.66,20.799
V0217,V0236,3,19,12,0.091,32.895,7.848197555450034e-05,4.105,VEHICLE_SUPPLIES,1.0,KA-BENGALURU,0.55,0.82,0.631,20.757
V0112,V0115,3,15,16,0.096,31.25,9.34665693209019e-05,4.029,VEHICLE_SUPPLIES,1.0,KA-SOUTH,0.368,0.747,0.664,20.74
V0001,V0024,36,62,47,1.166,30.885,7.378721461586263e-54,53.132,CIVIL_MAINTENANCE,1.0,KA-CENTRAL,0.326,0.731,0.671,20.732
V0341,V0543,3,17,14,0.095,31.513,9.08506934375829e-05,4.042,MEDICAL_SUPPLIES,1.0,KA-NORTH,0.409,0.764,0.656,20.684
V0232,V0331,5,22,18,0.158,31.566,2.5848333152214074e-07,6.588,MEDICAL_SUPPLIES,1.0,KA-SOUTH,0.423,0.769,0.654,20.639
V0536,V0540,6,22,21,0.185,32.468,1.1057223673115654e-08,7.956,MEDICAL_SUPPLIES,1.0,KA-BENGALURU,0.553,0.821,0.631,20.472
V0168,V0202,3,12,18,0.086,34.722,6.626959894503318e-05,4.179,MEDICAL_SUPPLIES,1.0,KA-NORTH,0.783,0.913,0.589,20.456
V0112,V0221,3,15,15,0.09,33.333,7.621655041194007e-05,4.118,VEHICLE_SUPPLIES,1.0,KA-CENTRAL,0.65,0.86,0.613,20.433
V0069,V0393,3,15,15,0.09,33.333,7.621655041194007e-05,4.118,ROAD_CONSTRUCTION,1.0,KA-SOUTH,0.68,0.872,0.608,20.253
V0094,V0099,3,17,12,0.082,36.765,5.537464679705369e-05,4.257,ROAD_CONSTRUCTION,1.0,KA-NORTH,1.0,1.0,0.55,20.221
V0104,V0447,4,16,20,0.128,31.25,5.10560519124972e-06,5.292,MEDICAL_SUPPLIES,1.0,KA-SOUTH,0.5,0.8,0.64,20.0
V0164,V0234,6,24,21,0.202,29.762,1.9740420364547587e-08,7.705,MEDICAL_SUPPLIES,1.0,KA-BENGALURU,0.324,0.729,0.672,19.993
V0057,V0393,3,15,15,0.09,33.333,7.621655041194007e-05,4.118,ROAD_CONSTRUCTION,1.0,KA-CENTRAL,0.75,0.9,0.595,19.833
V0143,V0251,3,13,19,0.099,30.364,0.00010153627236291886,3.993,WATER_INFRASTRUCTURE,1.0,KA-NORTH,0.438,0.775,0.651,19.775
V0072,V0074,19,58,28,0.65,29.249,2.0459581235480234e-26,25.689,ROAD_CONSTRUCTION,1.0,KA-CENTRAL,0.304,0.722,0.675,19.752
V0154,V0306,5,24,17,0.163,30.637,3.006023618216626e-07,6.522,BUILDING_CONSTRUCTION,1.0,KA-NORTH,0.475,0.79,0.644,19.746
V0358,V0487,4,17,18,0.122,32.68,4.230380397926571e-06,5.374,ROAD_CONSTRUCTION,1.0,KA-NORTH,0.7,0.88,0.604,19.739
V0051,V0052,28,51,46,0.938,29.838,1.2051820397637867e-39,38.919,CIVIL_MAINTENANCE,1.0,KA-NORTH,0.384,0.754,0.661,19.718
V0239,V0397,4,13,24,0.125,32.051,4.415982816366721e-06,5.355,VEHICLE_SUPPLIES,1.0,KA-NORTH,0.667,0.867,0.61,19.551
V0191,V0445,5,22,16,0.141,35.511,1.332882416605576e-07,6.875,ROAD_CONSTRUCTION,1.0,KA-SOUTH,1.0,1.0,0.55,19.531
V0356,V0550,4,23,14,0.129,31.056,5.135457951638734e-06,5.289,ROAD_CONSTRUCTION,1.0,KA-BENGALURU,0.565,0.826,0.628,19.511
V0092,V0388,5,20,19,0.152,32.895,2.0729582044547645e-07,6.683,FURNITURE,1.0,KA-CENTRAL,0.771,0.909,0.591,19.446
V0265,V0538,4,15,22,0.132,30.303,5.770157470295633e-06,5.239,MEDICAL_SUPPLIES,1.0,KA-NORTH,0.5,0.8,0.64,19.394
V0104,V0350,3,16,15,0.096,31.25,9.34665693209019e-05,4.029,MEDICAL_SUPPLIES,1.0,KA-CENTRAL,0.64,0.856,0.615,19.213
V0361,V0468,4,13,26,0.135,29.586,6.177014692232871e-06,5.209,BUILDING_CONSTRUCTION,1.0,KA-CENTRAL,0.464,0.786,0.646,19.125
V0060,V0412,5,18,20,0.144,34.722,1.5351538829316812e-07,6.814,BUILDING_CONSTRUCTION,1.0,KA-SOUTH,1.0,1.0,0.55,19.097
V0009,V0250,3,17,15,0.102,29.412,0.00011308563844579424,3.947,ROAD_CONSTRUCTION,1.0,KA-CENTRAL,0.45,0.78,0.649,19.088
V0284,V0318,3,20,12,0.096,31.25,9.20815891968517e-05,4.036,BUILDING_CONSTRUCTION,1.0,KA-CENTRAL,0.667,0.867,0.61,19.062
V0350,V0538,4,15,22,0.132,30.303,5.770157470295633e-06,5.239,MEDICAL_SUPPLIES,1.0,KA-NORTH,0.562,0.825,0.629,19.053
V0002,V0546,5,22,20,0.176,28.409,4.624225055244152e-07,6.335,FURNITURE,1.0,KA-CENTRAL,0.333,0.733,0.67,19.034
V0229,V0528,4,14,25,0.14,28.571,7.289234083559635e-06,5.137,MEDICAL_SUPPLIES,1.0,KA-CENTRAL,0.375,0.75,0.662,18.928
V0164,V0409,5,24,18,0.173,28.935,4.135722819624388e-07,6.383,MEDICAL_SUPPLIES,1.0,KA-CENTRAL,0.433,0.773,0.652,18.866
V0234,V0540,5,21,21,0.176,28.345,4.688339441870758e-07,6.329,MEDICAL_SUPPLIES,1.0,KA-NORTH,0.368,0.747,0.664,18.812
V0103,V0412,3,11,20,0.088,34.091,6.941556645959943e-05,4.159,BUILDING_CONSTRUCTION,1.0,KA-SOUTH,1.0,1.0,0.55,18.75
V0328,V0375,4,20,17,0.136,29.412,6.6422739175584785e-06,5.178,VEHICLE_SUPPLIES,1.0,KA-BENGALURU,0.519,0.807,0.637,18.726
V0236,V0530,4,12,29,0.139,28.736,6.789379361926916e-06,5.168,VEHICLE_SUPPLIES,1.0,KA-BENGALURU,0.444,0.778,0.65,18.678
V0204,V0490,4,23,16,0.147,27.174,9.223730593128292e-06,5.035,MEDICAL_SUPPLIES,1.0,KA-BENGALURU,0.276,0.71,0.68,18.488
V0299,V0542,4,22,16,0.141,28.409,7.649113879840658e-06,5.116,ROAD_CONSTRUCTION,1.0,KA-NORTH,0.448,0.779,0.649,18.446
V0160,V0253,3,16,14,0.09,33.482,7.506654915134263e-05,4.125,VEHICLE_SUPPLIES,1.0,KA-SOUTH,1.0,1.0,0.55,18.415
V0115,V0492,3,16,14,0.09,33.482,7.506654915134263e-05,4.125,VEHICLE_SUPPLIES,1.0,KA-NORTH,1.0,1.0,0.55,18.415
V0115,V0180,3,16,14,0.09,33.482,7.506654915134263e-05,4.125,VEHICLE_SUPPLIES,1.0,KA-NORTH,1.0,1.0,0.55,18.415
V0085,V0514,4,16,22,0.141,28.409,7.649113879840658e-06,5.116,IT_SERVICES,1.0,KA-SOUTH,0.471,0.788,0.645,18.332
V0008,V0233,3,17,16,0.109,27.574,0.000138596805037014,3.858,IT_SERVICES,1.0,TN-NORTH,0.375,0.75,0.662,18.268
V0046,V0284,5,20,20,0.16,31.25,2.750058397404988e-07,6.561,BUILDING_CONSTRUCTION,1.0,KA-NORTH,0.81,0.924,0.584,18.259
V0030,V0479,3,18,14,0.101,29.762,0.00010866014113485668,3.964,IT_SERVICES,1.0,KA-BENGALURU,0.652,0.861,0.613,18.232
V0350,V0505,3,15,18,0.108,27.778,0.00013521312500048226,3.869,MEDICAL_SUPPLIES,1.0,KA-SOUTH,0.429,0.771,0.653,18.135
V0104,V0354,3,16,17,0.109,27.574,0.000138596805037014,3.858,MEDICAL_SUPPLIES,1.0,KA-NORTH,0.409,0.764,0.656,18.099
V0055,V0548,4,16,19,0.122,32.895,4.100295091777223e-06,5.387,BUILDING_CONSTRUCTION,1.0,KA-CENTRAL,1.0,1.0,0.55,18.092
V0099,V0389,3,12,19,0.091,32.895,7.848197555450034e-05,4.105,ROAD_CONSTRUCTION,1.0,KA-NORTH,1.0,1.0,0.55,18.092
V0086,V0456,4,20,18,0.144,27.778,8.496204925919996e-06,5.071,IT_SERVICES,1.0,KA-NORTH,0.455,0.782,0.648,18.005
V0033,V0229,4,25,14,0.14,28.571,7.289234083559635e-06,5.137,MEDICAL_SUPPLIES,1.0,KA-SOUTH,0.556,0.822,0.63,18.0
V0008,V0214,4,17,20,0.136,29.412,6.6422739175584785e-06,5.178,IT_SERVICES,1.0,KA-SOUTH,0.667,0.867,0.61,17.941
V0221,V0441,3,15,17,0.102,29.412,0.00011308563844579424,3.947,VEHICLE_SUPPLIES,1.0,KA-NORTH,0.696,0.878,0.605,17.788
V0265,V0475,4,15,24,0.144,27.778,8.322712279040256e-06,5.08,MEDICAL_SUPPLIES,1.0,KA-NORTH,0.5,0.8,0.64,17.778
V0447,V0505,4,20,18,0.144,27.778,8.496204925919996e-06,5.071,MEDICAL_SUPPLIES,1.0,KA-CENTRAL,0.5,0.8,0.64,17.778
V0042,V0043,26,49,51,1.0,26.01,2.388462533406612e-34,33.622,ROAD_CONSTRUCTION,0.961,KA-NORTH,0.328,0.708,0.681,17.725
V0136,V0406,6,24,20,0.192,31.25,1.4188343582584696e-08,7.848,MEDICAL_SUPPLIES,1.0,KA-NORTH,0.919,0.968,0.565,17.644
V0202,V0448,3,18,13,0.094,32.051,8.57622798097904e-05,4.067,MEDICAL_SUPPLIES,1.0,KA-NORTH,1.0,1.0,0.55,17.628
V0264,V0498,4,18,19,0.137,29.24,6.827667018394632e-06,5.166,MEDICAL_SUPPLIES,1.0,KA-SOUTH,0.71,0.884,0.602,17.61
V0200,V0408,7,30,21,0.252,27.778,1.7594925316300785e-09,8.755,MEDICAL_SUPPLIES,1.0,KA-CENTRAL,0.538,0.815,0.633,17.586
V0191,V0520,3,22,12,0.106,28.409,0.00012371769040779302,3.908,ROAD_CONSTRUCTION,1.0,KA-SOUTH,0.625,0.85,0.617,17.543
V0002,V0092,5,22,20,0.176,28.409,4.624225055244152e-07,6.335,FURNITURE,1.0,KA-CENTRAL,0.625,0.85,0.617,17.543
V0056,V0501,4,17,21,0.143,28.011,8.170887525543848e-06,5.088,ELECTRICAL_EQUIPMENT,1.0,KA-NORTH,0.581,0.832,0.625,17.52
V0163,V0430,3,13,20,0.104,28.846,0.00011909496967132934,3.924,ROAD_CONSTRUCTION,1.0,TN-NORTH,0.684,0.874,0.607,17.505
V0024,V0091,36,47,74,1.391,25.877,5.672353171499064e-50,49.246,CIVIL_MAINTENANCE,1.0,KA-CENTRAL,0.325,0.73,0.671,17.375
V0232,V0264,5,22,18,0.158,31.566,2.5848333152214074e-07,6.588,MEDICAL_SUPPLIES,1.0,KA-SOUTH,1.0,1.0,0.55,17.361
V0229,V0341,3,14,17,0.095,31.513,9.08506934375829e-05,4.042,MEDICAL_SUPPLIES,1.0,KA-CENTRAL,1.0,1.0,0.55,17.332
V0343,V0354,3,16,17,0.109,27.574,0.000138596805037014,3.858,MEDICAL_SUPPLIES,1.0,KA-BENGALURU,0.571,0.829,0.627,17.293
V0140,V0146,3,14,19,0.106,28.195,0.00012860697369628245,3.891,IT_SERVICES,1.0,KA-BENGALURU,0.654,0.862,0.612,17.264
V0136,V0265,4,24,15,0.144,27.778,8.322712279040256e-06,5.08,MEDICAL_SUPPLIES,1.0,KA-NORTH,0.609,0.843,0.62,17.234
V0314,V0459,3,13,21,0.109,27.473,0.0001385259653486474,3.858,IT_SERVICES,1.0,KA-SOUTH,0.571,0.829,0.627,17.229
V0204,V0243,5,23,20,0.184,27.174,5.879029443854167e-07,6.231,MEDICAL_SUPPLIES,1.0,KA-NORTH,0.538,0.815,0.633,17.203
V0070,V0315,3,17,17,0.116,25.952,0.00016758810086416504,3.776,IT_SERVICES,1.0,KA-CENTRAL,0.375,0.75,0.662,17.193
V0138,V0457,3,18,15,0.108,27.778,0.00013521312500048226,3.869,BUILDING_CONSTRUCTION,1.0,KA-CENTRAL,0.625,0.85,0.617,17.153
V0090,V0439,4,21,19,0.16,25.063,1.3162058599808073e-05,4.881,MEDICAL_SUPPLIES,1.0,KA-NORTH,0.273,0.709,0.681,17.066
V0497,V0539,3,16,18,0.115,26.042,0.00016566624532926813,3.781,IT_SERVICES,1.0,TN-NORTH,0.421,0.768,0.654,17.037
V0265,V0505,3,15,18,0.108,27.778,0.00013521312500048226,3.869,MEDICAL_SUPPLIES,1.0,KA-CENTRAL,0.654,0.862,0.612,17.009
V0080,V0321,7,39,16,0.25,28.045,1.3235224127389199e-09,8.878,ELECTRICAL_EQUIPMENT,1.0,KA-BENGALURU,0.688,0.875,0.606,17.002
V0324,V0386,3,13,22,0.114,26.224,0.0001599156958187704,3.796,ROAD_CONSTRUCTION,1.0,KA-CENTRAL,0.458,0.783,0.648,16.98
V0112,V0360,4,15,25,0.15,26.667,9.872929572261191e-06,5.006,VEHICLE_SUPPLIES,1.0,KA-SOUTH,0.519,0.807,0.637,16.978
V0202,V0331,4,18,18,0.13,30.864,5.4146087379959604e-06,5.266,MEDICAL_SUPPLIES,1.0,KA-NORTH,1.0,1.0,0.55,16.975
V0049,V0343,3,17,16,0.109,27.574,0.000138596805037014,3.858,MEDICAL_SUPPLIES,1.0,KA-BENGALURU,0.65,0.86,0.613,16.903
V0401,V0478,5,16,30,0.192,26.042,7.002568500939994e-07,6.155,WATER_INFRASTRUCTURE,1.0,KA-NORTH,0.463,0.785,0.647,16.838
V0145,V0303,5,18,27,0.194,25.72,7.752867408286631e-07,6.111,VEHICLE_SUPPLIES,1.0,KA-NORTH,0.423,0.769,0.654,16.817
V0033,V0096,5,25,17,0.17,29.412,3.742404081105179e-07,6.427,MEDICAL_SUPPLIES,1.0,KA-CENTRAL,0.88,0.952,0.572,16.812
V0395,V0505,5,26,18,0.187,26.709,6.344826581672291e-07,6.198,MEDICAL_SUPPLIES,1.0,KA-NORTH,0.585,0.834,0.625,16.683
V0071,V0073,20,47,44,0.827,24.178,3.860585871772661e-25,24.413,ROAD_CONSTRUCTION,0.973,KA-SOUTH,0.264,0.689,0.69,16.681
V0047,V0177,8,55,13,0.286,27.972,3.847839330379388e-11,10.415,ELECTRICAL_EQUIPMENT,1.0,KA-SOUTH,0.742,0.897,0.596,16.681
V0189,V0326,3,10,27,0.108,27.778,0.00012828521006194127,3.892,VEHICLE_SUPPLIES,1.0,KA-SOUTH,0.722,0.889,0.6,16.667
V0083,V0406,3,14,20,0.112,26.786,0.0001508016497545065,3.822,MEDICAL_SUPPLIES,1.0,KA-SOUTH,0.6,0.84,0.622,16.661
V0231,V0539,5,26,18,0.187,26.709,6.344826581672291e-07,6.198,IT_SERVICES,1.0,KA-CENTRAL,0.606,0.842,0.621,16.584
V0251,V0496,5,19,26,0.198,25.304,8.550330383645508e-07,6.068,WATER_INFRASTRUCTURE,1.0,KA-NORTH,0.417,0.767,0.655,16.574
V0181,V0459,3,14,21,0.118,25.51,0.0001753530185662247,3.756,IT_SERVICES,1.0,KA-BENGALURU,0.45,0.78,0.649,16.556
V0008,V0514,4,17,22,0.15,26.738,9.944917920934688e-06,5.002,IT_SERVICES,1.0,KA-SOUTH,0.625,0.85,0.617,16.511
V0217,V0328,4,19,20,0.152,26.316,1.0706580687379866e-05,4.97,VEHICLE_SUPPLIES,1.0,KA-BENGALURU,0.593,0.837,0.623,16.404
V0049,V0486,3,17,17,0.116,25.952,0.00016758810086416504,3.776,MEDICAL_SUPPLIES,1.0,KA-SOUTH,0.55,0.82,0.631,16.376
V0300,V0487,3,14,18,0.101,29.762,0.00010866014113485668,3.964,ROAD_CONSTRUCTION,1.0,KA-NORTH,1.0,1.0,0.55,16.369
V0350,V0439,3,15,19,0.114,26.316,0.00015998619239123135,3.796,MEDICAL_SUPPLIES,1.0,KA-NORTH,0.6,0.84,0.622,16.369
V0300,V0476,3,14,21,0.118,25.51,0.0001753530185662247,3.756,ROAD_CONSTRUCTION,1.0,KA-CENTRAL,0.5,0.8,0.64,16.326
V0217,V0282,3,19,16,0.122,24.671,0.00019595986099879765,3.708,VEHICLE_SUPPLIES,1.0,KA-SOUTH,0.389,0.756,0.66,16.283
V0077,V0192,3,14,22,0.123,24.351,0.0002023683333742698,3.694,MEDICAL_SUPPLIES,1.0,KA-CENTRAL,0.35,0.74,0.667,16.242
V0145,V0375,3,18,17,0.122,24.51,0.00020025964495741275,3.698,VEHICLE_SUPPLIES,1.0,KA-CENTRAL,0.375,0.75,0.662,16.238
V0148,V0165,3,21,14,0.118,25.51,0.0001753530185662247,3.756,MEDICAL_SUPPLIES,1.0,KA-BENGALURU,0.526,0.811,0.635,16.206
V0175,V0503,3,22,13,0.114,26.224,0.0001599156958187704,3.796,IT_SERVICES,1.0,KA-SOUTH,0.625,0.85,0.617,16.193
V0035,V0214,5,24,20,0.192,26.042,7.38880470912478e-07,6.131,IT_SERVICES,1.0,KA-NORTH,0.611,0.844,0.62,16.146
V0217,V0221,3,19,15,0.114,26.316,0.00015998619239123135,3.796,VEHICLE_SUPPLIES,1.0,TN-NORTH,0.667,0.867,0.61,16.053
V0270,V0347,5,27,16,0.173,28.935,4.011262349175731e-07,6.397,BUILDING_CONSTRUCTION,1.0,KA-SOUTH,1.0,1.0,0.55,15.914
V0443,V0464,4,11,33,0.145,27.548,7.790396392441718e-06,5.108,ROAD_CONSTRUCTION,1.0,KA-CENTRAL,0.853,0.941,0.576,15.881
V0164,V0540,5,24,21,0.202,24.802,9.636117367087059e-07,6.016,MEDICAL_SUPPLIES,1.0,KA-SOUTH,0.5,0.8,0.64,15.873
V0267,V0411,3,17,17,0.116,25.952,0.00016758810086416504,3.776,BUILDING_CONSTRUCTION,1.0,KA-NORTH,0.667,0.867,0.61,15.831
V0067,V0094,3,17,17,0.116,25.952,0.00016758810086416504,3.776,ROAD_CONSTRUCTION,1.0,KA-NORTH,0.667,0.867,0.61,15.831
V0511,V0542,3,18,16,0.115,26.042,0.00016566624532926813,3.781,ROAD_CONSTRUCTION,1.0,KA-SOUTH,0.682,0.873,0.607,15.815
V0092,V0211,4,20,20,0.16,25.0,1.3314474399289712e-05,4.876,FURNITURE,1.0,KA-SOUTH,0.542,0.817,0.633,15.813
V0324,V0339,3,13,22,0.114,26.224,0.0001599156958187704,3.796,ROAD_CONSTRUCTION,1.0,KA-BENGALURU,0.706,0.882,0.603,15.812
V0094,V0386,4,17,22,0.15,26.738,9.944917920934688e-06,5.002,ROAD_CONSTRUCTION,1.0,KA-NORTH,0.781,0.912,0.589,15.759
V0148,V0491,3,21,15,0.126,23.81,0.00021800682463935864,3.662,MEDICAL_SUPPLIES,1.0,KA-CENTRAL,0.381,0.752,0.661,15.749
V0090,V0350,3,21,15,0.126,23.81,0.00021800682463935864,3.662,MEDICAL_SUPPLIES,1.0,KA-NORTH,0.391,0.757,0.66,15.704
V0096,V0164,4,17,24,0.163,24.51,1.4325817947299042e-05,4.844,MEDICAL_SUPPLIES,1.0,KA-CENTRAL,0.5,0.8,0.64,15.686
V0234,V0471,3,21,14,0.118,25.51,0.0001753530185662247,3.756,MEDICAL_SUPPLIES,1.0,KA-CENTRAL,0.64,0.856,0.615,15.684
V0213,V0501,4,19,21,0.16,25.063,1.3162058599808073e-05,4.881,ELECTRICAL_EQUIPMENT,1.0,KA-NORTH,0.586,0.834,0.624,15.651
V0104,V0505,3,16,18,0.115,26.042,0.00016566624532926813,3.781,MEDICAL_SUPPLIES,1.0,KA-SOUTH,0.72,0.888,0.6,15.636
V0152,V0315,4,25,17,0.17,23.529,1.6983261288096858e-05,4.77,IT_SERVICES,1.0,KA-CENTRAL,0.375,0.75,0.662,15.588
V0076,V0138,4,22,18,0.158,25.253,1.2712470660766847e-05,4.896,BUILDING_CONSTRUCTION,1.0,KA-SOUTH,0.633,0.853,0.616,15.556
V0334,V0459,4,20,21,0.168,23.81,1.636279038892247e-05,4.786,IT_SERVICES,1.0,KA-SOUTH,0.429,0.771,0.653,15.545
V0098,V0367,4,16,26,0.166,24.038,1.539292937145996e-05,4.813,ELECTRICAL_EQUIPMENT,1.0,KA-NORTH,0.467,0.787,0.646,15.529
V0206,V0468,3,12,26,0.125,24.038,0.00020661829195525204,3.685,BUILDING_CONSTRUCTION,1.0,KA-NORTH,0.471,0.788,0.645,15.512
V0200,V0471,4,30,14,0.168,23.81,1.5538827517394187e-05,4.809,MEDICAL_SUPPLIES,1.0,KA-CENTRAL,0.444,0.778,0.65,15.476
V0234,V0265,3,21,15,0.126,23.81,0.00021800682463935864,3.662,MEDICAL_SUPPLIES,1.0,KA-CENTRAL,0.45,0.78,0.649,15.453
V0503,V0549,3,13,23,0.12,25.084,0.0001833494489585161,3.737,IT_SERVICES,1.0,KA-BENGALURU,0.64,0.856,0.615,15.422
V0035,V0545,4,24,17,0.163,24.51,1.4325817947299042e-05,4.844,IT_SERVICES,1.0,KA-CENTRAL,0.56,0.824,0.629,15.422
V0087,V0181,3,22,14,0.123,24.351,0.0002023683333742698,3.694,IT_SERVICES,1.0,KA-SOUTH,0.55,0.82,0.631,15.365
V0232,V0243,4,22,20,0.176,22.727,1.989620547412203e-05,4.701,MEDICAL_SUPPLIES,1.0,KA-SOUTH,0.3,0.72,0.676,15.363
V0192,V0341,4,22,17,0.15,26.738,9.944917920934688e-06,5.002,MEDICAL_SUPPLIES,1.0,KA-CENTRAL,0.87,0.948,0.573,15.334
V0030,V0494,5,18,29,0.209,23.946,1.1305274476507773e-06,5.947,IT_SERVICES,1.0,KA-NORTH,0.5,0.8,0.64,15.325
V0077,V0431,3,14,23,0.129,23.292,0.00023195326468766444,3.635,MEDICAL_SUPPLIES,1.0,KA-CENTRAL,0.409,0.764,0.656,15.288
V0465,V0527,3,18,15,0.108,27.778,0.00013521312500048226,3.869,IT_SERVICES,1.0,KA-CENTRAL,1.0,1.0,0.55,15.278
V0329,V0406,6,27,20,0.216,27.778,3.075332135545646e-08,7.512,MEDICAL_SUPPLIES,1.0,KA-NORTH,1.0,1.0,0.55,15.278
V0202,V0491,3,18,15,0.108,27.778,0.00013521312500048226,3.869,MEDICAL_SUPPLIES,1.0,KA-NORTH,1.0,1.0,0.55,15.278
V0165,V0536,3,14,22,0.123,24.351,0.0002023683333742698,3.694,MEDICAL_SUPPLIES,1.0,KA-BENGALURU,0.579,0.832,0.626,15.239
V0049,V0354,3,17,17,0.116,25.952,0.00016758810086416504,3.776,MEDICAL_SUPPLIES,1.0,KA-BENGALURU,0.8,0.92,0.586,15.208
V0406,V0491,3,20,15,0.12,25.0,0.00018753982030140587,3.727,MEDICAL_SUPPLIES,1.0,KA-NORTH,0.679,0.871,0.608,15.196
V0083,V0286,3,14,21,0.118,25.51,0.0001753530185662247,3.756,MEDICAL_SUPPLIES,1.0,KA-SOUTH,0.75,0.9,0.595,15.178
V0090,V0447,4,21,20,0.168,23.81,1.636279038892247e-05,4.786,MEDICAL_SUPPLIES,1.0,KA-CENTRAL,0.515,0.806,0.637,15.173
V0008,V0085,3,17,16,0.109,27.574,0.000138596805037014,3.858,IT_SERVICES,1.0,KA-SOUTH,1.0,1.0,0.55,15.166
V0354,V0490,3,17,16,0.109,27.574,0.000138596805037014,3.858,MEDICAL_SUPPLIES,1.0,KA-BENGALURU,1.0,1.0,0.55,15.166
V0049,V0490,3,17,16,0.109,27.574,0.000138596805037014,3.858,MEDICAL_SUPPLIES,1.0,KA-BENGALURU,1.0,1.0,0.55,15.166
V0067,V0194,3,17,16,0.109,27.574,0.000138596805037014,3.858,ROAD_CONSTRUCTION,1.0,KA-CENTRAL,1.0,1.0,0.55,15.166
V0282,V0375,3,16,17,0.109,27.574,0.000138596805037014,3.858,VEHICLE_SUPPLIES,1.0,KA-CENTRAL,1.0,1.0,0.55,15.166
V0141,V0343,4,28,16,0.179,22.321,2.0919145381979053e-05,4.679,MEDICAL_SUPPLIES,1.0,KA-CENTRAL,0.281,0.712,0.679,15.164
V0194,V0376,4,16,27,0.173,23.148,1.800019948216298e-05,4.745,ROAD_CONSTRUCTION,1.0,KA-SOUTH,0.419,0.768,0.655,15.151
V0130,V0296,4,27,16,0.173,23.148,1.800019948216298e-05,4.745,ROAD_CONSTRUCTION,1.0,KA-NORTH,0.429,0.771,0.653,15.112
V0106,V0408,3,13,21,0.109,27.473,0.0001385259653486474,3.858,MEDICAL_SUPPLIES,1.0,KA-NORTH,1.0,1.0,0.55,15.11
V0214,V0334,4,20,20,0.16,25.0,1.3314474399289712e-05,4.876,IT_SERVICES,1.0,KA-NORTH,0.7,0.88,0.604,15.1
V0429,V0496,7,26,26,0.27,25.888,3.172149454333424e-09,8.499,WATER_INFRASTRUCTURE,1.0,KA-NORTH,0.816,0.927,0.583,15.094
V0456,V0549,4,18,23,0.166,24.155,1.531954978053737e-05,4.815,IT_SERVICES,1.0,KA-NORTH,0.586,0.834,0.624,15.084
V0191,V0339,5,22,22,0.194,25.826,7.765195595676075e-07,6.11,ROAD_CONSTRUCTION,1.0,KA-SOUTH,0.816,0.926,0.583,15.061
V0420,V0471,3,22,14,0.123,24.351,0.0002023683333742698,3.694,MEDICAL_SUPPLIES,1.0,KA-NORTH,0.625,0.85,0.617,15.037
V0092,V0203,3,20,15,0.12,25.0,0.00018753982030140587,3.727,FURNITURE,1.0,KA-CENTRAL,0.714,0.886,0.601,15.036
V0456,V0521,3,18,17,0.122,24.51,0.00020025964495741275,3.698,IT_SERVICES,1.0,KA-NORTH,0.654,0.862,0.612,15.008
V0117,V0457,3,20,15,0.12,25.0,0.00018753982030140587,3.727,BUILDING_CONSTRUCTION,1.0,KA-CENTRAL,0.722,0.889,0.6,15.0
V0090,V0431,5,21,23,0.193,25.88,7.669718791370065e-07,6.115,MEDICAL_SUPPLIES,1.0,KA-SOUTH,0.837,0.935,0.579,14.992
V0251,V0401,3,19,16,0.122,24.671,0.00019595986099879765,3.708,WATER_INFRASTRUCTURE,1.0,KA-NORTH,0.68,0.872,0.608,14.99
V0351,V0499,4,17,25,0.17,23.529,1.6983261288096858e-05,4.77,MEDICAL_SUPPLIES,1.0,KA-SOUTH,0.519,0.807,0.637,14.98
V0498,V0538,4,19,22,0.167,23.923,1.6009448880402516e-05,4.796,MEDICAL_SUPPLIES,1.0,KA-SOUTH,0.577,0.831,0.626,14.979
V0141,V0147,3,28,11,0.123,24.351,0.00019566368405265,3.708,MEDICAL_SUPPLIES,1.0,KA-NORTH,0.65,0.86,0.613,14.927
V0514,V0527,3,22,15,0.132,22.727,0.00025151787735026333,3.599,IT_SERVICES,1.0,TN-NORTH,0.421,0.768,0.654,14.868
V0146,V0233,3,19,16,0.122,24.671,0.00019595986099879765,3.708,IT_SERVICES,1.0,KA-NORTH,0.708,0.883,0.602,14.864
V0077,V0536,3,14,22,0.123,24.351,0.0002023683333742698,3.694,MEDICAL_SUPPLIES,1.0,KA-CENTRAL,0.667,0.867,0.61,14.854
V0191,V0205,3,22,14,0.123,24.351,0.0002023683333742698,3.694,ROAD_CONSTRUCTION,1.0,KA-SOUTH,0.667,0.867,0.61,14.854
V0476,V0542,3,21,16,0.134,22.321,0.0002668662610651851,3.574,ROAD_CONSTRUCTION,1.0,KA-CENTRAL,0.368,0.747,0.664,14.814
V0002,V0203,3,22,15,0.132,22.727,0.00025151787735026333,3.599,FURNITURE,1.0,KA-SOUTH,0.45,0.78,0.649,14.75
V0165,V0447,3,14,20,0.112,26.786,0.0001508016497545065,3.822,MEDICAL_SUPPLIES,1.0,KA-CENTRAL,1.0,1.0,0.55,14.732
V0229,V0406,3,14,20,0.112,26.786,0.0001508016497545065,3.822,MEDICAL_SUPPLIES,1.0,KA-NORTH,1.0,1.0,0.55,14.732
V0378,V0471,3,24,14,0.134,22.321,0.0002642119134800423,3.578,MEDICAL_SUPPLIES,1.0,KA-SOUTH,0.391,0.757,0.66,14.722
V0361,V0362,3,13,26,0.135,22.189,0.0002667506751341578,3.574,BUILDING_CONSTRUCTION,1.0,KA-SOUTH,0.375,0.75,0.662,14.7
V0231,V0465,5,26,18,0.187,26.709,6.344826581672291e-07,6.198,IT_SERVICES,1.0,KA-CENTRAL,1.0,1.0,0.55,14.69
V0471,V0475,3,14,24,0.134,22.321,0.0002642119134800423,3.578,MEDICAL_SUPPLIES,1.0,KA-NORTH,0.409,0.764,0.656,14.651
V0372,V0386,3,14,22,0.123,24.351,0.0002023683333742698,3.694,ROAD_CONSTRUCTION,1.0,KA-CENTRAL,0.714,0.886,0.601,14.645
V0005,V0492,4,31,14,0.174,23.041,1.7783398570784997e-05,4.75,VEHICLE_SUPPLIES,1.0,KA-NORTH,0.528,0.811,0.635,14.631
V0193,V0342,3,8,39,0.125,24.038,0.00018635921622159603,3.73,ROAD_CONSTRUCTION,1.0,KA-NORTH,0.68,0.872,0.608,14.605
V0246,V0429,3,13,26,0.135,22.189,0.0002667506751341578,3.574,WATER_INFRASTRUCTURE,1.0,TN-NORTH,0.4,0.76,0.658,14.6
V0409,V0420,4,18,22,0.158,25.253,1.2712470660766847e-05,4.896,MEDICAL_SUPPLIES,1.0,KA-NORTH,0.844,0.938,0.578,14.599
V0096,V0243,3,17,20,0.136,22.059,0.00027742525590353776,3.557,MEDICAL_SUPPLIES,1.0,KA-CENTRAL,0.381,0.752,0.661,14.59
V0141,V0420,6,28,22,0.246,24.351,7.384852870931056e-08,7.132,MEDICAL_SUPPLIES,1.0,KA-NORTH,0.727,0.891,0.599,14.588
V0357,V0389,3,17,19,0.129,23.22,0.00023680780860564087,3.626,ROAD_CONSTRUCTION,1.0,KA-NORTH,0.567,0.827,0.628,14.582
V0106,V0499,3,13,25,0.13,23.077,0.0002366844835447049,3.626,MEDICAL_SUPPLIES,1.0,KA-CENTRAL,0.55,0.82,0.631,14.562
V0202,V0286,4,18,21,0.151,26.455,1.04481093281769e-05,4.981,MEDICAL_SUPPLIES,1.0,KA-NORTH,1.0,1.0,0.55,14.55
V0134,V0494,4,15,29,0.174,22.989,1.8275798985810656e-05,4.738,IT_SERVICES,1.0,KA-NORTH,0.541,0.816,0.633,14.545
V0149,V0329,3,12,27,0.13,23.148,0.00023181523505500906,3.635,MEDICAL_SUPPLIES,1.0,KA-NORTH,0.571,0.829,0.627,14.517
V0240,V0540,4,21,21,0.176,22.676,2.010254484650726e-05,4.697,MEDICAL_SUPPLIES,1.0,KA-CENTRAL,0.5,0.8,0.64,14.513
V0152,V0539,4,25,18,0.18,22.222,2.1688561260080786e-05,4.664,IT_SERVICES,1.0,KA-CENTRAL,0.433,0.773,0.652,14.489
V0505,V0528,4,18,25,0.18,22.222,2.1688561260080786e-05,4.664,MEDICAL_SUPPLIES,1.0,KA-CENTRAL,0.433,0.773,0.652,14.489
V0136,V0229,3,24,14,0.134,22.321,0.0002642119134800423,3.578,MEDICAL_SUPPLIES,1.0,KA-NORTH,0.45,0.78,0.649,14.486
V0090,V0528,5,21,25,0.21,23.81,1.198054733296613e-06,5.922,MEDICAL_SUPPLIES,1.0,KA-NORTH,0.676,0.87,0.608,14.485
V0203,V0388,3,15,19,0.114,26.316,0.00015998619239123135,3.796,FURNITURE,1.0,KA-CENTRAL,1.0,1.0,0.55,14.474
V0012,V0452,4,19,20,0.152,26.316,1.0706580687379866e-05,4.97,MEDICAL_SUPPLIES,1.0,KA-SOUTH,1.0,1.0,0.55,14.474
V0243,V0538,4,20,22,0.176,22.727,1.989620547412203e-05,4.701,MEDICAL_SUPPLIES,1.0,KA-NORTH,0.526,0.811,0.635,14.438
V0191,V0435,3,22,13,0.114,26.224,0.0001599156958187704,3.796,ROAD_CONSTRUCTION,1.0,KA-SOUTH,1.0,1.0,0.55,14.423
V0378,V0543,3,24,14,0.134,22.321,0.0002642119134800423,3.578,MEDICAL_SUPPLIES,1.0,KA-CENTRAL,0.471,0.788,0.645,14.404
V0071,V0072,22,47,58,1.09,20.176,1.273086166225711e-25,24.895,ROAD_CONSTRUCTION,0.888,KA-NORTH,0.264,0.639,0.713,14.378
V0474,V0523,3,10,34,0.136,22.059,0.00025859067399750625,3.587,BUILDING_CONSTRUCTION,1.0,KA-CENTRAL,0.438,0.775,0.651,14.366
V0005,V0222,3,31,11,0.136,21.994,0.0002665315914101109,3.574,VEHICLE_SUPPLIES,1.0,TN-NORTH,0.429,0.771,0.653,14.359
V0221,V0380,4,15,28,0.168,23.81,1.5810990057300916e-05,4.801,VEHICLE_SUPPLIES,1.0,KA-CENTRAL,0.71,0.884,0.602,14.34
V0217,V0375,3,19,17,0.129,23.22,0.00023680780860564087,3.626,VEHICLE_SUPPLIES,1.0,TN-NORTH,0.625,0.85,0.617,14.338
V0456,V0482,3,18,16,0.115,26.042,0.00016566624532926813,3.781,IT_SERVICES,1.0,KA-NORTH,1.0,1.0,0.55,14.323
V0408,V0491,3,21,15,0.126,23.81,0.00021800682463935864,3.662,MEDICAL_SUPPLIES,1.0,KA-NORTH,0.72,0.888,0.6,14.296
V0475,V0505,4,24,18,0.173,23.148,1.830074528025236e-05,4.738,MEDICAL_SUPPLIES,1.0,KA-NORTH,0.625,0.85,0.617,14.294
V0354,V0486,3,17,17,0.116,25.952,0.00016758810086416504,3.776,MEDICAL_SUPPLIES,1.0,KA-BENGALURU,1.0,1.0,0.55,14.274
V0058,V0439,3,17,19,0.129,23.22,0.00023680780860564087,3.626,MEDICAL_SUPPLIES,1.0,KA-BENGALURU,0.643,0.857,0.614,14.264
V0147,V0200,3,11,30,0.132,22.727,0.00024132054953799538,3.617,MEDICAL_SUPPLIES,1.0,KA-NORTH,0.571,0.829,0.627,14.253
V0177,V0485,5,13,42,0.218,22.894,1.2228042158619292e-06,5.913,ELECTRICAL_EQUIPMENT,1.0,KA-SOUTH,0.605,0.842,0.621,14.221
V0431,V0529,5,23,24,0.221,22.645,1.5732112300542657e-06,5.803,MEDICAL_SUPPLIES,1.0,KA-NORTH,0.571,0.829,0.627,14.202
V0353,V0376,5,19,27,0.205,24.366,1.044430495012284e-06,5.981,ROAD_CONSTRUCTION,1.0,KA-CENTRAL,0.821,0.928,0.582,14.189
V0420,V0490,3,22,16,0.141,21.307,0.0003077952843049763,3.512,MEDICAL_SUPPLIES,1.0,KA-BENGALURU,0.375,0.75,0.662,14.116
V0074,V0089,4,28,16,0.179,22.321,2.0919145381979053e-05,4.679,ROAD_CONSTRUCTION,1.0,KA-CENTRAL,0.545,0.818,0.632,14.103
V0067,V0353,3,17,19,0.129,23.22,0.00023680780860564087,3.626,ROAD_CONSTRUCTION,1.0,KA-CENTRAL,0.682,0.873,0.607,14.101
V0057,V0476,3,15,21,0.126,23.81,0.00021800682463935864,3.662,ROAD_CONSTRUCTION,1.0,KA-CENTRAL,0.769,0.908,0.592,14.085
V0234,V0486,3,21,17,0.143,21.008,0.00032230098396653675,3.492,MEDICAL_SUPPLIES,1.0,KA-BENGALURU,0.333,0.733,0.67,14.075
V0310,V0474,3,35,10,0.14,21.429,0.0002822355929346756,3.549,BUILDING_CONSTRUCTION,1.0,KA-CENTRAL,0.409,0.764,0.656,14.065
V0393,V0476,3,15,21,0.126,23.81,0.00021800682463935864,3.662,ROAD_CONSTRUCTION,1.0,KA-CENTRAL,0.778,0.911,0.59,14.048
V0056,V0365,3,17,21,0.143,21.008,0.00032230098396653675,3.492,ELECTRICAL_EQUIPMENT,1.0,KA-CENTRAL,0.348,0.739,0.667,14.021
V0206,V0270,3,12,27,0.13,23.148,0.00023181523505500906,3.635,BUILDING_CONSTRUCTION,1.0,KA-SOUTH,0.692,0.877,0.605,14.013
V0141,V0168,3,28,12,0.134,22.321,0.0002589288983067784,3.587,MEDICAL_SUPPLIES,1.0,KA-NORTH,0.579,0.832,0.626,13.968
V0211,V0278,4,20,22,0.176,22.727,1.989620547412203e-05,4.701,FURNITURE,1.0,KA-SOUTH,0.645,0.858,0.614,13.951
V0189,V0453,3,10,32,0.128,23.438,0.00021524880396202168,3.667,VEHICLE_SUPPLIES,1.0,KA-SOUTH,0.75,0.9,0.595,13.946
V0134,V0266,3,15,24,0.144,20.833,0.00032818421378029287,3.484,IT_SERVICES,1.0,KA-NORTH,0.346,0.738,0.668,13.91
V0482,V0494,4,16,29,0.186,21.552,2.4172494792647845e-05,4.617,IT_SERVICES,1.0,KA-NORTH,0.481,0.793,0.643,13.865
V0057,V0299,3,15,22,0.132,22.727,0.00025151787735026333,3.599,ROAD_CONSTRUCTION,1.0,KA-CENTRAL,0.667,0.867,0.61,13.863
V0096,V0329,4,17,27,0.184,21.786,2.336515913303266e-05,4.631,MEDICAL_SUPPLIES,1.0,KA-NORTH,0.522,0.809,0.636,13.858
V0030,V0456,3,18,18,0.13,23.148,0.00023922865220129608,3.621,IT_SERVICES,1.0,KA-NORTH,0.733,0.893,0.598,13.843
V0176,V0541,3,17,20,0.136,22.059,0.00027742525590353776,3.557,BUILDING_CONSTRUCTION,1.0,KA-NORTH,0.571,0.829,0.627,13.834
V0135,V0154,5,24,24,0.23,21.701,1.9745674161100915e-06,5.705,BUILDING_CONSTRUCTION,1.0,KA-NORTH,0.514,0.806,0.637,13.833
V0083,V0136,3,14,24,0.134,22.321,0.0002642119134800423,3.578,MEDICAL_SUPPLIES,1.0,KA-NORTH,0.615,0.846,0.619,13.822
V0141,V0408,5,28,21,0.235,21.259,2.1806857605279312e-06,5.661,MEDICAL_SUPPLIES,1.0,KA-NORTH,0.444,0.778,0.65,13.818
V0107,V0267,3,19,17,0.129,23.22,0.00023680780860564087,3.626,BUILDING_CONSTRUCTION,1.0,KA-NORTH,0.75,0.9,0.595,13.816
V0192,V0540,4,22,21,0.185,21.645,2.443567166659711e-05,4.612,MEDICAL_SUPPLIES,1.0,KA-NORTH,0.522,0.809,0.636,13.768
V0086,V0134,3,20,15,0.12,25.0,0.00018753982030140587,3.727,IT_SERVICES,1.0,KA-NORTH,1.0,1.0,0.55,13.75
V0046,V0117,4,20,20,0.16,25.0,1.3314474399289712e-05,4.876,BUILDING_CONSTRUCTION,1.0,KA-NORTH,1.0,1.0,0.55,13.75
V0033,V0168,3,25,12,0.12,25.0,0.00018327465498394334,3.737,MEDICAL_SUPPLIES,1.0,KA-CENTRAL,1.0,1.0,0.55,13.75
V0117,V0284,4,20,20,0.16,25.0,1.3314474399289712e-05,4.876,BUILDING_CONSTRUCTION,1.0,KA-NORTH,1.0,1.0,0.55,13.75
V0234,V0341,3,21,17,0.143,21.008,0.00032230098396653675,3.492,MEDICAL_SUPPLIES,1.0,KA-NORTH,0.429,0.771,0.653,13.715
V0027,V0177,4,32,13,0.166,24.038,1.4601261166026488e-05,4.836,ELECTRICAL_EQUIPMENT,1.0,KA-SOUTH,0.889,0.956,0.57,13.702
V0104,V0240,3,16,21,0.134,22.321,0.0002668662610651851,3.574,MEDICAL_SUPPLIES,1.0,KA-CENTRAL,0.654,0.862,0.612,13.667
V0112,V0337,3,15,24,0.144,20.833,0.00032818421378029287,3.484,VEHICLE_SUPPLIES,1.0,KA-NORTH,0.412,0.765,0.656,13.664
V0141,V0395,7,28,26,0.291,24.038,5.6336010208647785e-09,8.249,MEDICAL_SUPPLIES,1.0,KA-NORTH,0.898,0.959,0.568,13.661
V0058,V0286,3,17,21,0.143,21.008,0.00032230098396653675,3.492,MEDICAL_SUPPLIES,1.0,KA-NORTH,0.444,0.778,0.65,13.655
V0090,V0538,4,21,22,0.185,21.645,2.443567166659711e-05,4.612,MEDICAL_SUPPLIES,1.0,KA-NORTH,0.552,0.821,0.631,13.651
V0083,V0395,3,14,26,0.146,20.604,0.000337158998341626,3.472,MEDICAL_SUPPLIES,1.0,KA-SOUTH,0.375,0.75,0.662,13.65
V0001,V0091,37,62,74,1.835,20.161,6.04056117329242e-45,44.219,CIVIL_MAINTENANCE,0.983,KA-NORTH,0.328,0.721,0.676,13.62
V0520,V0526,3,12,28,0.134,22.321,0.0002589288983067784,3.587,ROAD_CONSTRUCTION,1.0,KA-SOUTH,0.667,0.867,0.61,13.616
V0329,V0491,4,27,15,0.162,24.691,1.3600431170351628e-05,4.866,MEDICAL_SUPPLIES,1.0,KA-NORTH,1.0,1.0,0.55,13.58
V0192,V0265,3,22,15,0.132,22.727,0.00025151787735026333,3.599,MEDICAL_SUPPLIES,1.0,KA-CENTRAL,0.737,0.895,0.597,13.576
V0296,V0389,3,16,19,0.122,24.671,0.00019595986099879765,3.708,ROAD_CONSTRUCTION,1.0,KA-NORTH,1.0,1.0,0.55,13.569
V0136,V0331,4,24,18,0.173,23.148,1.830074528025236e-05,4.738,MEDICAL_SUPPLIES,1.0,KA-NORTH,0.8,0.92,0.586,13.565
V0185,V0418,3,19,18,0.137,21.93,0.00028280383692309006,3.549,WATER_INFRASTRUCTURE,1.0,KA-NORTH,0.625,0.85,0.617,13.542
V0202,V0463,3,18,19,0.137,21.93,0.00028280383692309006,3.549,MEDICAL_SUPPLIES,1.0,KA-CENTRAL,0.625,0.85,0.617,13.542
V0169,V0492,4,35,14,0.196,20.408,2.9213141238158298e-05,4.534,VEHICLE_SUPPLIES,1.0,KA-SOUTH,0.37,0.748,0.663,13.537
V0074,V0511,4,28,18,0.202,19.841,3.463269152113765e-05,4.461,ROAD_CONSTRUCTION,1.0,AP-SOUTH,0.278,0.711,0.68,13.492
V0232,V0431,4,22,23,0.202,19.763,3.573677523311982e-05,4.447,MEDICAL_SUPPLIES,1.0,KA-SOUTH,0.265,0.706,0.682,13.485
V0098,V0179,4,16,29,0.186,21.552,2.4172494792647845e-05,4.617,ELECTRICAL_EQUIPMENT,1.0,KA-BENGALURU,0.581,0.832,0.625,13.48
V0014,V0235,4,46,11,0.202,19.763,3.0165891100900693e-05,4.52,BUILDING_CONSTRUCTION,1.0,KA-BENGALURU,0.273,0.709,0.681,13.457
V0049,V0406,3,17,20,0.136,22.059,0.00027742525590353776,3.557,MEDICAL_SUPPLIES,1.0,KA-NORTH,0.667,0.867,0.61,13.456
V0232,V0420,4,22,22,0.194,20.661,2.969326102371478e-05,4.527,MEDICAL_SUPPLIES,1.0,KA-BENGALURU,0.44,0.776,0.651,13.446
V0221,V0337,3,15,24,0.144,20.833,0.00032818421378029287,3.484,VEHICLE_SUPPLIES,1.0,KA-BENGALURU,0.474,0.789,0.645,13.432
V0017,V0159,3,9,40,0.144,20.833,0.0002984005745148712,3.525,ROAD_CONSTRUCTION,1.0,AP-SOUTH,0.474,0.789,0.645,13.432
V0152,V0549,5,25,23,0.23,21.739,1.9546536004974264e-06,5.709,IT_SERVICES,1.0,KA-CENTRAL,0.625,0.85,0.617,13.424
V0081,V0300,3,25,14,0.14,21.429,0.0002992468243068354,3.524,ROAD_CONSTRUCTION,1.0,KA-NORTH,0.581,0.832,0.625,13.403
V0351,V0406,3,17,20,0.136,22.059,0.00027742525590353776,3.557,MEDICAL_SUPPLIES,1.0,KA-NORTH,0.68,0.872,0.608,13.403
V0306,V0412,3,17,20,0.136,22.059,0.00027742525590353776,3.557,BUILDING_CONSTRUCTION,1.0,KA-SOUTH,0.682,0.873,0.607,13.396
V0035,V0479,3,24,14,0.134,22.321,0.0002642119134800423,3.578,IT_SERVICES,1.0,KA-CENTRAL,0.722,0.889,0.6,13.393
V0420,V0536,4,22,22,0.194,20.661,2.969326102371478e-05,4.527,MEDICAL_SUPPLIES,1.0,KA-CENTRAL,0.455,0.782,0.648,13.392
V0164,V0395,5,24,26,0.25,20.032,3.0170973301468596e-06,5.52,MEDICAL_SUPPLIES,1.0,KA-NORTH,0.342,0.737,0.668,13.39
V0088,V0544,5,38,16,0.243,20.559,2.394432718762375e-06,5.621,WATER_INFRASTRUCTURE,1.0,KA-SOUTH,0.439,0.776,0.651,13.383
V0350,V0528,3,15,25,0.15,20.0,0.00037159029799047896,3.43,MEDICAL_SUPPLIES,1.0,KA-NORTH,0.346,0.738,0.668,13.354
V0373,V0375,3,22,17,0.15,20.053,0.0003716203628158424,3.43,VEHICLE_SUPPLIES,1.0,KA-BENGALURU,0.36,0.744,0.665,13.339
V0341,V0420,3,17,22,0.15,20.053,0.0003716203628158424,3.43,MEDICAL_SUPPLIES,1.0,KA-CENTRAL,0.368,0.747,0.664,13.309
V0236,V0402,3,12,29,0.139,21.552,0.000288021919723492,3.541,VEHICLE_SUPPLIES,1.0,KA-BENGALURU,0.625,0.85,0.617,13.308
V0142,V0236,3,29,12,0.139,21.552,0.000288021919723492,3.541,VEHICLE_SUPPLIES,1.0,KA-BENGALURU,0.625,0.85,0.617,13.308
V0093,V0374,4,34,15,0.204,19.608,3.505743518119806e-05,4.455,BUILDING_CONSTRUCTION,1.0,KA-SOUTH,0.29,0.716,0.678,13.289
V0204,V0529,5,23,24,0.221,22.645,1.5732112300542657e-06,5.803,MEDICAL_SUPPLIES,1.0,KA-NORTH,0.795,0.918,0.587,13.288
V0087,V0545,3,22,17,0.15,20.053,0.0003716203628158424,3.43,IT_SERVICES,1.0,KA-BENGALURU,0.375,0.75,0.662,13.285
V0228,V0492,4,34,14,0.19,21.008,2.5958190888537817e-05,4.586,VEHICLE_SUPPLIES,1.0,KA-CENTRAL,0.548,0.819,0.631,13.262
V0350,V0499,3,15,25,0.15,20.0,0.00037159029799047896,3.43,MEDICAL_SUPPLIES,1.0,KA-SOUTH,0.375,0.75,0.662,13.25
V0033,V0165,3,25,14,0.14,21.429,0.0002992468243068354,3.524,MEDICAL_SUPPLIES,1.0,KA-CENTRAL,0.625,0.85,0.617,13.232
V0022,V0395,6,24,26,0.25,24.038,8.118596561623605e-08,7.091,MEDICAL_SUPPLIES,1.0,KA-NORTH,1.0,1.0,0.55,13.221
V0067,V0386,3,17,22,0.15,20.053,0.0003716203628158424,3.43,ROAD_CONSTRUCTION,1.0,KA-CENTRAL,0.393,0.757,0.659,13.221
V0329,V0543,3,27,14,0.151,19.841,0.00037804790633205846,3.422,MEDICAL_SUPPLIES,1.0,KA-BENGALURU,0.36,0.744,0.665,13.198
V0299,V0357,3,22,17,0.15,20.053,0.0003716203628158424,3.43,ROAD_CONSTRUCTION,1.0,KA-CENTRAL,0.409,0.764,0.656,13.162
V0356,V0517,5,23,28,0.258,19.41,3.5506739888229503e-06,5.45,ROAD_CONSTRUCTION,0.791,KA-SOUTH,0.605,0.716,0.678,13.154
V0246,V0489,3,13,27,0.14,21.368,0.0002991907266362244,3.524,WATER_INFRASTRUCTURE,1.0,KA-CENTRAL,0.636,0.855,0.615,13.151
V0253,V0397,3,14,24,0.134,22.321,0.0002642119134800423,3.578,VEHICLE_SUPPLIES,1.0,KA-SOUTH,0.783,0.913,0.589,13.15
V0243,V0475,4,20,24,0.192,20.833,2.8605557429644782e-05,4.544,MEDICAL_SUPPLIES,1.0,KA-NORTH,0.562,0.825,0.629,13.099
V0049,V0420,3,17,22,0.15,20.053,0.0003716203628158424,3.43,MEDICAL_SUPPLIES,1.0,KA-NORTH,0.429,0.771,0.653,13.092
V0475,V0490,3,24,16,0.154,19.531,0.0004013746245246748,3.396,MEDICAL_SUPPLIES,1.0,KA-BENGALURU,0.333,0.733,0.67,13.086
V0148,V0192,4,21,22,0.185,21.645,2.443567166659711e-05,4.612,MEDICAL_SUPPLIES,1.0,KA-CENTRAL,0.7,0.88,0.604,13.074
V0441,V0532,4,17,29,0.197,20.284,3.13569243672856e-05,4.504,VEHICLE_SUPPLIES,1.0,KA-CENTRAL,0.483,0.793,0.643,13.045
V0125,V0279,3,21,21,0.176,17.007,0.0006168703996799926,3.21,ROAD_CONSTRUCTION,0.591,AP-SOUTH,0.409,0.518,0.767,13.041
V0141,V0529,6,28,24,0.269,22.321,1.3120380576121167e-07,6.882,MEDICAL_SUPPLIES,1.0,KA-NORTH,0.812,0.925,0.584,13.03
V0153,V0216,6,36,19,0.274,21.93,1.3701400411578927e-07,6.863,WATER_INFRASTRUCTURE,1.0,KA-NORTH,0.757,0.903,0.594,13.022
V0060,V0284,3,18,20,0.144,20.833,0.0003312110660990612,3.48,BUILDING_CONSTRUCTION,1.0,KA-NORTH,0.583,0.833,0.625,13.021
V0331,V0529,4,18,24,0.173,23.148,1.830074528025236e-05,4.738,MEDICAL_SUPPLIES,1.0,KA-NORTH,0.935,0.974,0.562,13.0
V0281,V0515,3,40,9,0.144,20.833,0.0002984005745148712,3.525,BUILDING_CONSTRUCTION,1.0,KA-CENTRAL,0.591,0.836,0.624,12.992
V0266,V0497,3,24,16,0.154,19.531,0.0004013746245246748,3.396,IT_SERVICES,1.0,TN-NORTH,0.364,0.745,0.665,12.979
V0152,V0479,3,25,14,0.14,21.429,0.0002992468243068354,3.524,IT_SERVICES,1.0,KA-CENTRAL,0.696,0.878,0.605,12.96
V0030,V0459,3,18,21,0.151,19.841,0.00038467155889420875,3.415,IT_SERVICES,1.0,KA-SOUTH,0.429,0.771,0.653,12.953
V0326,V0492,3,27,14,0.151,19.841,0.00037804790633205846,3.422,VEHICLE_SUPPLIES,1.0,KA-NORTH,0.429,0.771,0.653,12.953
V0063,V0365,5,30,21,0.252,19.841,3.12814104455497e-06,5.505,ELECTRICAL_EQUIPMENT,1.0,KA-CENTRAL,0.429,0.771,0.653,12.953
V0400,V0510,5,24,30,0.288,17.361,6.371329386380377e-06,5.196,WATER_INFRASTRUCTURE,0.529,KA-CENTRAL,0.618,0.565,0.746,12.949
V0200,V0234,5,30,21,0.252,19.841,3.12814104455497e-06,5.505,MEDICAL_SUPPLIES,1.0,KA-NORTH,0.432,0.773,0.652,12.94
V0329,V0475,5,27,24,0.259,19.29,3.67922549946437e-06,5.434,MEDICAL_SUPPLIES,1.0,KA-CENTRAL,0.333,0.733,0.67,12.924
V0003,V0112,5,40,15,0.24,20.833,2.167390732341259e-06,5.664,VEHICLE_SUPPLIES,1.0,KA-SOUTH,0.636,0.855,0.615,12.822
V0234,V0475,4,21,24,0.202,19.841,3.5109544651512095e-05,4.455,MEDICAL_SUPPLIES,1.0,KA-NORTH,0.467,0.787,0.646,12.817
V0083,V0431,3,14,23,0.129,23.292,0.00023195326468766444,3.635,MEDICAL_SUPPLIES,1.0,KA-SOUTH,1.0,1.0,0.55,12.811
V0077,V0204,3,14,23,0.129,23.292,0.00023195326468766444,3.635,MEDICAL_SUPPLIES,1.0,KA-NORTH,1.0,1.0,0.55,12.811
V0231,V0456,4,26,18,0.187,21.368,2.5516575551337798e-05,4.593,IT_SERVICES,1.0,KA-NORTH,0.727,0.891,0.599,12.801
V0243,V0499,4,20,25,0.2,20.0,3.387919581094192e-05,4.47,MEDICAL_SUPPLIES,1.0,KA-CENTRAL,0.5,0.8,0.64,12.8
V0154,V0292,5,24,27,0.259,19.29,3.67922549946437e-06,5.434,BUILDING_CONSTRUCTION,1.0,TN-NORTH,0.37,0.748,0.663,12.798
V0140,V0152,3,14,25,0.14,21.429,0.0002992468243068354,3.524,IT_SERVICES,1.0,KA-CENTRAL,0.739,0.896,0.597,12.792
V0282,V0453,4,16,32,0.205,19.531,3.6175638990982385e-05,4.442,VEHICLE_SUPPLIES,1.0,KA-CENTRAL,0.419,0.768,0.655,12.783
V0081,V0372,3,25,14,0.14,21.429,0.0002992468243068354,3.524,ROAD_CONSTRUCTION,1.0,KA-CENTRAL,0.742,0.897,0.596,12.781
V0411,V0548,3,17,19,0.129,23.22,0.00023680780860564087,3.626,BUILDING_CONSTRUCTION,1.0,KA-CENTRAL,1.0,1.0,0.55,12.771
V0058,V0498,3,17,19,0.129,23.22,0.00023680780860564087,3.626,MEDICAL_SUPPLIES,1.0,KA-SOUTH,1.0,1.0,0.55,12.771
V0015,V0504,4,12,41,0.197,20.325,2.8064441040292145e-05,4.552,FURNITURE,1.0,KA-NORTH,0.571,0.829,0.627,12.747
V0175,V0521,3,22,17,0.15,20.053,0.0003716203628158424,3.43,IT_SERVICES,1.0,KA-BENGALURU,0.529,0.812,0.635,12.728
V0072,V0073,19,58,44,1.021,18.613,3.2758060106881332e-21,20.485,ROAD_CONSTRUCTION,1.0,KA-CENTRAL,0.257,0.703,0.684,12.727
V0045,V0320,3,9,40,0.144,20.833,0.0002984005745148712,3.525,ROAD_CONSTRUCTION,1.0,KA-SOUTH,0.667,0.867,0.61,12.708
V0335,V0425,4,38,12,0.182,21.93,2.0615400016283218e-05,4.686,VEHICLE_SUPPLIES,1.0,KA-NORTH,0.839,0.935,0.579,12.698
V0154,V0199,5,24,27,0.259,19.29,3.67922549946437e-06,5.434,BUILDING_CONSTRUCTION,1.0,TN-NORTH,0.405,0.762,0.657,12.676
V0008,V0079,4,17,30,0.204,19.608,3.6029722272304e-05,4.443,IT_SERVICES,1.0,KA-SOUTH,0.464,0.786,0.646,12.675
V0058,V0420,3,17,22,0.15,20.053,0.0003716203628158424,3.43,MEDICAL_SUPPLIES,1.0,KA-NORTH,0.545,0.818,0.632,12.67
V0357,V0386,3,17,22,0.15,20.053,0.0003716203628158424,3.43,ROAD_CONSTRUCTION,1.0,KA-NORTH,0.552,0.821,0.631,12.647
V0029,V0321,4,33,16,0.211,18.939,4.1006299030361535e-05,4.387,ELECTRICAL_EQUIPMENT,1.0,AP-SOUTH,0.346,0.738,0.668,12.645
V0395,V0543,3,26,14,0.146,20.604,0.000337158998341626,3.472,MEDICAL_SUPPLIES,1.0,KA-NORTH,0.667,0.867,0.61,12.568
V0435,V0526,3,13,28,0.146,20.604,0.0003340843111884108,3.476,ROAD_CONSTRUCTION,1.0,KA-SOUTH,0.667,0.867,0.61,12.568
V0046,V0412,3,20,20,0.16,18.75,0.0004580099834751272,3.339,BUILDING_CONSTRUCTION,1.0,KA-NORTH,0.333,0.733,0.67,12.562
V0005,V0282,4,31,16,0.198,20.161,3.177646349807673e-05,4.498,VEHICLE_SUPPLIES,1.0,KA-NORTH,0.606,0.842,0.621,12.518
V0284,V0412,3,20,20,0.16,18.75,0.0004580099834751272,3.339,BUILDING_CONSTRUCTION,1.0,KA-NORTH,0.348,0.739,0.667,12.514
V0192,V0486,3,22,17,0.15,20.053,0.0003716203628158424,3.43,MEDICAL_SUPPLIES,1.0,KA-CENTRAL,0.591,0.836,0.624,12.506
V0007,V0361,4,39,13,0.203,19.724,3.272441507816849e-05,4.485,BUILDING_CONSTRUCTION,1.0,KA-BENGALURU,0.533,0.813,0.634,12.505
V0030,V0514,3,18,22,0.158,18.939,0.0004434019412468575,3.353,IT_SERVICES,1.0,KA-SOUTH,0.389,0.756,0.66,12.5
V0286,V0475,4,21,24,0.202,19.841,3.5109544651512095e-05,4.455,MEDICAL_SUPPLIES,1.0,KA-NORTH,0.559,0.824,0.629,12.488
V0378,V0431,5,24,23,0.221,22.645,1.5732112300542657e-06,5.803,MEDICAL_SUPPLIES,1.0,KA-SOUTH,1.0,1.0,0.55,12.455
V0096,V0395,4,17,26,0.177,22.624,1.9987221575077673e-05,4.699,MEDICAL_SUPPLIES,1.0,KA-NORTH,1.0,1.0,0.55,12.443
V0060,V0288,4,18,29,0.209,19.157,3.999303777289553e-05,4.398,BUILDING_CONSTRUCTION,1.0,KA-SOUTH,0.462,0.785,0.647,12.393
V0379,V0388,8,53,19,0.403,19.861,1.498014927438859e-09,8.824,FURNITURE,1.0,KA-SOUTH,0.589,0.836,0.624,12.392
V0083,V0262,3,14,26,0.146,20.604,0.000337158998341626,3.472,MEDICAL_SUPPLIES,1.0,KA-NORTH,0.714,0.886,0.601,12.392
V0142,V0492,3,29,14,0.162,18.473,0.0004691462322162846,3.329,VEHICLE_SUPPLIES,1.0,KA-CENTRAL,0.333,0.733,0.67,12.377
V0494,V0549,5,29,23,0.267,18.741,4.264504527813304e-06,5.37,IT_SERVICES,1.0,KA-CENTRAL,0.39,0.756,0.66,12.364
V0254,V0318,4,43,12,0.206,19.38,3.402334226352426e-05,4.468,BUILDING_CONSTRUCTION,1.0,KA-CENTRAL,0.516,0.806,0.637,12.347
V0395,V0471,3,26,14,0.146,20.604,0.000337158998341626,3.472,MEDICAL_SUPPLIES,1.0,KA-NORTH,0.727,0.891,0.599,12.344
V0152,V0497,3,25,16,0.16,18.75,0.0004543245383632452,3.343,IT_SERVICES,1.0,TN-NORTH,0.4,0.76,0.658,12.337
V0204,V0286,4,23,21,0.193,20.704,2.9418555832378193e-05,4.531,MEDICAL_SUPPLIES,1.0,KA-NORTH,0.75,0.9,0.595,12.319
V0286,V0431,4,21,23,0.193,20.704,2.9418555832378193e-05,4.531,MEDICAL_SUPPLIES,1.0,KA-SOUTH,0.75,0.9,0.595,12.319
V0329,V0350,3,27,15,0.162,18.519,0.0004691597751224852,3.329,MEDICAL_SUPPLIES,1.0,KA-SOUTH,0.36,0.744,0.665,12.319
V0164,V0486,3,24,17,0.163,18.382,0.00048431365450554096,3.315,MEDICAL_SUPPLIES,1.0,KA-BENGALURU,0.333,0.733,0.67,12.316
V0400,V0401,3,24,16,0.154,19.531,0.0004013746245246748,3.396,WATER_INFRASTRUCTURE,1.0,KA-SOUTH,0.556,0.822,0.63,12.305
V0304,V0438,13,44,44,0.774,16.787,8.086176778432243e-14,13.092,WATER_INFRASTRUCTURE,0.692,KA-SOUTH,0.451,0.596,0.732,12.288
V0148,V0378,4,21,24,0.202,19.841,3.5109544651512095e-05,4.455,MEDICAL_SUPPLIES,1.0,KA-CENTRAL,0.615,0.846,0.619,12.286
V0529,V0543,3,24,14,0.134,22.321,0.0002642119134800423,3.578,MEDICAL_SUPPLIES,1.0,KA-NORTH,1.0,1.0,0.55,12.277
V0180,V0397,3,14,24,0.134,22.321,0.0002642119134800423,3.578,VEHICLE_SUPPLIES,1.0,KA-NORTH,1.0,1.0,0.55,12.277
V0058,V0204,3,17,23,0.156,19.182,0.0004255651749357608,3.371,MEDICAL_SUPPLIES,1.0,KA-NORTH,0.5,0.8,0.64,12.276
V0094,V0387,5,17,35,0.238,21.008,2.1961557406043154e-06,5.658,ROAD_CONSTRUCTION,1.0,KA-NORTH,0.811,0.924,0.584,12.27
V0376,V0393,3,27,15,0.162,18.519,0.0004691597751224852,3.329,ROAD_CONSTRUCTION,1.0,KA-CENTRAL,0.375,0.75,0.662,12.269
V0062,V0501,7,40,21,0.336,20.833,1.5332892650208624e-08,7.814,ELECTRICAL_EQUIPMENT,1.0,KA-SOUTH,0.786,0.914,0.589,12.262
V0253,V0422,3,14,27,0.151,19.841,0.00037804790633205846,3.422,VEHICLE_SUPPLIES,1.0,KA-NORTH,0.632,0.853,0.616,12.228
V0497,V0549,3,16,23,0.147,20.38,0.00035258101736175345,3.453,IT_SERVICES,1.0,KA-SOUTH,0.722,0.889,0.6,12.228
V0246,V0385,3,13,28,0.146,20.604,0.0003340843111884108,3.476,WATER_INFRASTRUCTURE,1.0,KA-CENTRAL,0.759,0.903,0.593,12.227
V0255,V0544,4,33,16,0.211,18.939,4.1006299030361535e-05,4.387,WATER_INFRASTRUCTURE,1.0,KA-CENTRAL,0.471,0.788,0.645,12.221
V0093,V0211,5,34,20,0.272,18.382,4.599117314377398e-06,5.337,FURNITURE,1.0,TN-NORTH,0.368,0.747,0.664,12.2
V0148,V0498,3,21,19,0.16,18.797,0.0004543295901994089,3.343,MEDICAL_SUPPLIES,1.0,KA-CENTRAL,0.45,0.78,0.649,12.199
V0032,V0326,3,14,27,0.151,19.841,0.00037804790633205846,3.422,VEHICLE_SUPPLIES,1.0,KA-SOUTH,0.64,0.856,0.615,12.198
V0240,V0469,5,21,31,0.26,19.201,3.7096816706683586e-06,5.431,MEDICAL_SUPPLIES,1.0,KA-CENTRAL,0.528,0.811,0.635,12.193
V0447,V0498,3,20,19,0.152,19.737,0.00039130565711375154,3.407,MEDICAL_SUPPLIES,1.0,KA-SOUTH,0.625,0.85,0.617,12.188
V0454,V0539,6,43,18,0.31,19.38,2.8795446668818275e-07,6.541,IT_SERVICES,1.0,KA-SOUTH,0.562,0.825,0.629,12.185
V0013,V0512,7,32,34,0.435,16.085,1.1877248199890327e-07,6.925,ELECTRICAL_EQUIPMENT,0.625,KA-NORTH,0.411,0.539,0.757,12.182
V0049,V0536,3,17,22,0.15,20.053,0.0003716203628158424,3.43,MEDICAL_SUPPLIES,1.0,KA-BENGALURU,0.684,0.874,0.607,12.169
V0178,V0456,7,49,18,0.353,19.841,1.933144550036502e-08,7.714,IT_SERVICES,1.0,KA-NORTH,0.654,0.862,0.612,12.149
V0086,V0545,3,20,17,0.136,22.059,0.00027742525590353776,3.557,IT_SERVICES,1.0,KA-NORTH,1.0,1.0,0.55,12.132
V0486,V0529,3,17,24,0.163,18.382,0.00048431365450554096,3.315,MEDICAL_SUPPLIES,1.0,KA-SOUTH,0.391,0.757,0.66,12.124
V0142,V0217,4,29,19,0.22,18.149,5.025198892724702e-05,4.299,VEHICLE_SUPPLIES,1.0,KA-NORTH,0.346,0.738,0.668,12.118
V0077,V0329,3,14,27,0.151,19.841,0.00037804790633205846,3.422,MEDICAL_SUPPLIES,1.0,KA-NORTH,0.667,0.867,0.61,12.103
V0529,V0540,4,24,21,0.202,19.841,3.5109544651512095e-05,4.455,MEDICAL_SUPPLIES,1.0,KA-NORTH,0.667,0.867,0.61,12.103
V0262,V0498,4,26,19,0.198,20.243,3.2092986888130675e-05,4.494,MEDICAL_SUPPLIES,1.0,KA-CENTRAL,0.735,0.894,0.598,12.098
V0245,V0328,5,38,20,0.304,16.447,8.130285139771105e-06,5.09,VEHICLE_SUPPLIES,0.758,KA-NORTH,0.333,0.588,0.735,12.096
V0262,V0471,3,26,14,0.146,20.604,0.000337158998341626,3.472,MEDICAL_SUPPLIES,1.0,KA-NORTH,0.8,0.92,0.586,12.074
V0251,V0418,3,19,18,0.137,21.93,0.00028280383692309006,3.549,WATER_INFRASTRUCTURE,1.0,KA-NORTH,1.0,1.0,0.55,12.062
V0145,V0335,6,18,38,0.274,21.93,1.331428253614113e-07,6.876,VEHICLE_SUPPLIES,1.0,KA-NORTH,1.0,1.0,0.55,12.062
V0136,V0463,4,24,19,0.182,21.93,2.3032222037898314e-05,4.638,MEDICAL_SUPPLIES,1.0,KA-CENTRAL,1.0,1.0,0.55,12.062
V0012,V0264,3,19,18,0.137,21.93,0.00028280383692309006,3.549,MEDICAL_SUPPLIES,1.0,KA-SOUTH,1.0,1.0,0.55,12.062
V0176,V0188,6,17,43,0.292,20.52,1.944443480360479e-07,6.711,BUILDING_CONSTRUCTION,1.0,KA-NORTH,0.791,0.916,0.588,12.059
V0459,V0494,5,21,29,0.244,20.525,2.6208530927891203e-06,5.582,IT_SERVICES,1.0,KA-CENTRAL,0.8,0.92,0.586,12.028
V0076,V0306,3,22,17,0.15,20.053,0.0003716203628158424,3.43,BUILDING_CONSTRUCTION,1.0,KA-SOUTH,0.724,0.89,0.6,12.025
V0160,V0397,3,16,24,0.154,19.531,0.0004013746245246748,3.396,VEHICLE_SUPPLIES,1.0,KA-SOUTH,0.64,0.856,0.615,12.008
V0339,V0526,5,22,28,0.246,20.292,2.800343769886349e-06,5.553,ROAD_CONSTRUCTION,1.0,KA-SOUTH,0.769,0.908,0.592,12.003
V0162,V0507,4,35,16,0.224,17.857,5.2065565265431776e-05,4.283,ELECTRICAL_EQUIPMENT,1.0,KA-SOUTH,0.324,0.729,0.672,11.996
V0429,V0544,3,26,16,0.166,18.029,0.0005115764873621738,3.291,WATER_INFRASTRUCTURE,1.0,KA-NORTH,0.364,0.745,0.665,11.981
V0278,V0473,3,22,19,0.167,17.943,0.0005235380335655677,3.281,FURNITURE,1.0,KA-NORTH,0.346,0.738,0.668,11.98
V0255,V0401,4,33,16,0.211,18.939,4.1006299030361535e-05,4.387,WATER_INFRASTRUCTURE,1.0,KA-NORTH,0.543,0.817,0.632,11.975
V0230,V0303,7,41,27,0.443,15.808,1.3071538570356768e-07,6.884,VEHICLE_SUPPLIES,0.614,KA-NORTH,0.432,0.541,0.757,11.96
V0115,V0397,3,16,24,0.154,19.531,0.0004013746245246748,3.396,VEHICLE_SUPPLIES,1.0,KA-NORTH,0.654,0.862,0.612,11.959
V0054,V0542,4,33,16,0.211,18.939,4.1006299030361535e-05,4.387,ROAD_CONSTRUCTION,1.0,KA-CENTRAL,0.548,0.819,0.631,11.956
V0431,V0452,4,23,20,0.184,21.739,2.396111126985606e-05,4.62,MEDICAL_SUPPLIES,1.0,KA-SOUTH,1.0,1.0,0.55,11.956
V0202,V0431,3,18,23,0.166,18.116,0.0005076142999668055,3.294,MEDICAL_SUPPLIES,1.0,KA-NORTH,0.391,0.757,0.66,11.949
V0065,V0282,3,26,16,0.166,18.029,0.0005115764873621738,3.291,VEHICLE_SUPPLIES,1.0,KA-CENTRAL,0.375,0.75,0.662,11.944
V0229,V0329,3,14,27,0.151,19.841,0.00037804790633205846,3.422,MEDICAL_SUPPLIES,1.0,KA-NORTH,0.714,0.886,0.601,11.933
V0234,V0409,3,21,18,0.151,19.841,0.00038467155889420875,3.415,MEDICAL_SUPPLIES,1.0,KA-CENTRAL,0.722,0.889,0.6,11.905
V0204,V0351,3,23,17,0.156,19.182,0.0004255651749357608,3.371,MEDICAL_SUPPLIES,1.0,KA-SOUTH,0.609,0.843,0.62,11.901
V0228,V0236,3,34,12,0.163,18.382,0.000465316062894008,3.332,VEHICLE_SUPPLIES,1.0,KA-NORTH,0.462,0.785,0.647,11.892
V0232,V0486,3,22,17,0.15,20.053,0.0003716203628158424,3.43,MEDICAL_SUPPLIES,1.0,KA-SOUTH,0.762,0.905,0.593,11.889
V0005,V0169,7,31,35,0.434,16.129,1.1611158322136503e-07,6.935,VEHICLE_SUPPLIES,0.529,KA-SOUTH,0.667,0.584,0.737,11.888
V0003,V0180,4,40,14,0.224,17.857,5.017190722159138e-05,4.3,VEHICLE_SUPPLIES,1.0,TN-NORTH,0.36,0.744,0.665,11.878
V0343,V0529,3,16,24,0.154,19.531,0.0004013746245246748,3.396,MEDICAL_SUPPLIES,1.0,KA-NORTH,0.68,0.872,0.608,11.867
V0347,V0362,3,16,26,0.166,18.029,0.0005115764873621738,3.291,BUILDING_CONSTRUCTION,1.0,KA-NORTH,0.4,0.76,0.658,11.863
V0200,V0240,5,30,21,0.252,19.841,3.12814104455497e-06,5.505,MEDICAL_SUPPLIES,1.0,KA-CENTRAL,0.735,0.894,0.598,11.858
V0069,V0074,3,15,28,0.168,17.857,0.0005235616293303073,3.281,ROAD_CONSTRUCTION,1.0,KA-NORTH,0.37,0.748,0.663,11.845
V0291,V0479,4,38,14,0.213,18.797,4.078627613315501e-05,4.389,IT_SERVICES,1.0,KA-BENGALURU,0.556,0.822,0.63,11.842
V0146,V0369,3,19,19,0.144,20.776,0.0003342157956497958,3.476,IT_SERVICES,1.0,KA-BENGALURU,0.889,0.956,0.57,11.842
V0299,V0511,3,22,18,0.158,18.939,0.0004434019412468575,3.353,ROAD_CONSTRUCTION,1.0,KA-NORTH,0.583,0.833,0.625,11.837
V0409,V0540,3,18,21,0.151,19.841,0.00038467155889420875,3.415,MEDICAL_SUPPLIES,1.0,KA-NORTH,0.75,0.9,0.595,11.805
V0240,V0529,4,21,24,0.202,19.841,3.5109544651512095e-05,4.455,MEDICAL_SUPPLIES,1.0,KA-NORTH,0.757,0.903,0.594,11.781
V0022,V0536,4,24,22,0.211,18.939,4.2636311630804945e-05,4.37,MEDICAL_SUPPLIES,1.0,KA-CENTRAL,0.6,0.84,0.622,11.78
V0160,V0169,4,16,35,0.224,17.857,5.2065565265431776e-05,4.283,VEHICLE_SUPPLIES,1.0,KA-SOUTH,0.4,0.76,0.658,11.75
V0022,V0431,4,24,23,0.221,18.116,5.1281174873068255e-05,4.29,MEDICAL_SUPPLIES,1.0,KA-NORTH,0.455,0.782,0.648,11.742
V0074,V0081,5,28,25,0.28,17.857,5.52033649670083e-06,5.258,ROAD_CONSTRUCTION,1.0,KA-CENTRAL,0.404,0.762,0.657,11.738
V0145,V0458,5,18,35,0.252,19.841,3.010343875911607e-06,5.521,VEHICLE_SUPPLIES,1.0,KA-NORTH,0.769,0.908,0.592,11.737
V0033,V0204,4,25,23,0.23,17.391,6.067670273451031e-05,4.217,MEDICAL_SUPPLIES,1.0,KA-CENTRAL,0.308,0.723,0.675,11.732
V0353,V0386,3,19,22,0.167,17.943,0.0005235380335655677,3.281,ROAD_CONSTRUCTION,1.0,KA-CENTRAL,0.423,0.769,0.654,11.732
V0090,V0262,4,21,26,0.218,18.315,4.885860821011518e-05,4.311,MEDICAL_SUPPLIES,1.0,KA-CENTRAL,0.5,0.8,0.64,11.722
V0339,V0445,3,22,16,0.141,21.307,0.0003077952843049763,3.512,ROAD_CONSTRUCTION,1.0,KA-SOUTH,1.0,1.0,0.55,11.719
V0056,V0392,4,17,33,0.224,17.825,5.312558315925723e-05,4.275,ELECTRICAL_EQUIPMENT,1.0,KA-BENGALURU,0.406,0.762,0.657,11.709
V0179,V0512,6,29,34,0.394,15.213,1.516913074236242e-06,5.819,ELECTRICAL_EQUIPMENT,0.625,KA-CENTRAL,0.354,0.517,0.768,11.676
V0336,V0423,3,35,11,0.154,19.481,0.00038435268009153704,3.415,IT_SERVICES,1.0,KA-CENTRAL,0.727,0.891,0.599,11.671
V0163,V0366,3,13,30,0.156,19.231,0.00041154529193706044,3.386,ROAD_CONSTRUCTION,1.0,KA-BENGALURU,0.684,0.874,0.607,11.67
V0140,V0494,3,14,29,0.162,18.473,0.0004691462322162846,3.329,IT_SERVICES,1.0,KA-SOUTH,0.55,0.82,0.631,11.656
V0491,V0528,3,15,25,0.15,20.0,0.00037159029799047896,3.43,MEDICAL_SUPPLIES,1.0,KA-NORTH,0.818,0.927,0.583,11.655
V0395,V0475,5,26,24,0.25,20.032,3.0170973301468596e-06,5.52,MEDICAL_SUPPLIES,1.0,KA-NORTH,0.824,0.929,0.582,11.654
V0096,V0378,3,17,24,0.163,18.382,0.00048431365450554096,3.315,MEDICAL_SUPPLIES,1.0,AP-SOUTH,0.538,0.815,0.633,11.637
V0039,V0207,5,56,12,0.269,18.601,3.3096423241584047e-06,5.48,BUILDING_CONSTRUCTION,1.0,KA-CENTRAL,0.583,0.833,0.625,11.626
V0263,V0492,5,49,14,0.274,18.222,4.122495677324978e-06,5.385,VEHICLE_SUPPLIES,1.0,KA-CENTRAL,0.512,0.805,0.638,11.624
V0265,V0329,3,15,27,0.162,18.519,0.0004691597751224852,3.329,MEDICAL_SUPPLIES,1.0,KA-NORTH,0.571,0.829,0.627,11.614
V0058,V0475,3,17,24,0.163,18.382,0.00048431365450554096,3.315,MEDICAL_SUPPLIES,1.0,KA-NORTH,0.545,0.818,0.632,11.614
V0409,V0538,3,18,22,0.158,18.939,0.0004434019412468575,3.353,MEDICAL_SUPPLIES,1.0,KA-CENTRAL,0.65,0.86,0.613,11.61
V0514,V0539,3,22,18,0.158,18.939,0.0004434019412468575,3.353,IT_SERVICES,1.0,KA-SOUTH,0.654,0.862,0.612,11.596
V0337,V0458,6,24,35,0.336,17.857,5.411246199081453e-07,6.267,VEHICLE_SUPPLIES,0.829,KA-NORTH,0.707,0.78,0.649,11.585
V0463,V0528,4,19,25,0.19,21.053,2.728714783432049e-05,4.564,MEDICAL_SUPPLIES,1.0,KA-CENTRAL,1.0,1.0,0.55,11.579
V0498,V0499,4,19,25,0.19,21.053,2.728714783432049e-05,4.564,MEDICAL_SUPPLIES,1.0,KA-SOUTH,1.0,1.0,0.55,11.579
V0090,V0498,3,21,19,0.16,18.797,0.0004543295901994089,3.343,MEDICAL_SUPPLIES,1.0,KA-CENTRAL,0.64,0.856,0.615,11.556
V0012,V0090,3,19,21,0.16,18.797,0.0004543295901994089,3.343,MEDICAL_SUPPLIES,1.0,KA-NORTH,0.64,0.856,0.615,11.556
V0049,V0540,3,17,21,0.143,21.008,0.00032230098396653675,3.492,MEDICAL_SUPPLIES,1.0,KA-BENGALURU,1.0,1.0,0.55,11.554
V0198,V0411,3,21,17,0.143,21.008,0.00032230098396653675,3.492,BUILDING_CONSTRUCTION,1.0,KA-NORTH,1.0,1.0,0.55,11.554
V0320,V0445,5,40,16,0.256,19.531,3.115714818830927e-06,5.506,ROAD_CONSTRUCTION,1.0,KA-SOUTH,0.769,0.908,0.592,11.553
V0100,V0393,3,26,15,0.156,19.231,0.00041854207023891483,3.378,ROAD_CONSTRUCTION,1.0,KA-CENTRAL,0.719,0.888,0.601,11.551
V0204,V0420,4,23,22,0.202,19.763,3.573677523311982e-05,4.447,MEDICAL_SUPPLIES,1.0,KA-NORTH,0.812,0.925,0.584,11.537
V0158,V0337,5,34,24,0.326,15.319,1.2126518335247505e-05,4.916,CIVIL_MAINTENANCE,0.641,KA-NORTH,0.41,0.549,0.753,11.536
V0262,V0395,5,26,26,0.27,18.491,4.603871179633413e-06,5.337,MEDICAL_SUPPLIES,1.0,KA-NORTH,0.59,0.836,0.624,11.536
V0141,V0204,5,28,23,0.258,19.41,3.5506739888229503e-06,5.45,MEDICAL_SUPPLIES,1.0,KA-NORTH,0.757,0.903,0.594,11.525
V0035,V0549,4,24,23,0.221,18.116,5.1281174873068255e-05,4.29,IT_SERVICES,1.0,KA-CENTRAL,0.522,0.809,0.636,11.523
V0022,V0420,4,24,22,0.211,18.939,4.2636311630804945e-05,4.37,MEDICAL_SUPPLIES,1.0,KA-CENTRAL,0.679,0.871,0.608,11.512
V0539,V0549,3,18,23,0.166,18.116,0.0005076142999668055,3.294,IT_SERVICES,1.0,KA-NORTH,0.526,0.811,0.635,11.508
V0251,V0371,4,19,31,0.236,16.978,6.593247737511447e-05,4.181,WATER_INFRASTRUCTURE,1.0,KA-NORTH,0.29,0.716,0.678,11.507
V0035,V0070,3,24,17,0.163,18.382,0.00048431365450554096,3.315,IT_SERVICES,1.0,AP-SOUTH,0.579,0.832,0.626,11.503
V0022,V0329,5,24,27,0.259,19.29,3.67922549946437e-06,5.434,MEDICAL_SUPPLIES,1.0,KA-NORTH,0.743,0.897,0.596,11.502
V0378,V0409,3,24,18,0.173,17.361,0.0005775162363505987,3.238,MEDICAL_SUPPLIES,1.0,KA-CENTRAL,0.381,0.752,0.661,11.483
V0151,V0276,7,23,41,0.377,18.558,3.7866683635447974e-08,7.422,FURNITURE,1.0,KA-CENTRAL,0.619,0.848,0.619,11.479
V0107,V0198,3,19,21,0.16,18.797,0.0004543295901994089,3.343,BUILDING_CONSTRUCTION,1.0,KA-NORTH,0.667,0.867,0.61,11.466
V0452,V0505,3,20,18,0.144,20.833,0.0003312110660990612,3.48,MEDICAL_SUPPLIES,1.0,KA-SOUTH,1.0,1.0,0.55,11.458
V0202,V0406,3,18,20,0.144,20.833,0.0003312110660990612,3.48,MEDICAL_SUPPLIES,1.0,KA-NORTH,1.0,1.0,0.55,11.458
V0022,V0406,4,24,20,0.192,20.833,2.8605557429644782e-05,4.544,MEDICAL_SUPPLIES,1.0,KA-NORTH,1.0,1.0,0.55,11.458
V0113,V0184,20,46,63,1.159,17.253,1.4137345497507943e-21,20.85,LAB_EQUIPMENT,0.714,KA-NORTH,0.796,0.747,0.664,11.454
V0197,V0488,6,25,36,0.36,16.667,8.403134475718079e-07,6.076,VEHICLE_SUPPLIES,0.826,KA-CENTRAL,0.5,0.696,0.687,11.45
V0074,V0372,3,28,14,0.157,19.133,0.000422011501475706,3.375,ROAD_CONSTRUCTION,1.0,KA-CENTRAL,0.733,0.893,0.598,11.442
V0179,V0213,4,29,19,0.22,18.149,5.025198892724702e-05,4.299,ELECTRICAL_EQUIPMENT,1.0,KA-NORTH,0.556,0.822,0.63,11.434
V0439,V0498,3,19,19,0.144,20.776,0.0003342157956497958,3.476,MEDICAL_SUPPLIES,1.0,KA-SOUTH,1.0,1.0,0.55,11.427
V0286,V0498,3,21,19,0.16,18.797,0.0004543295901994089,3.343,MEDICAL_SUPPLIES,1.0,KA-SOUTH,0.682,0.873,0.607,11.415
V0221,V0422,3,15,27,0.162,18.519,0.0004691597751224852,3.329,VEHICLE_SUPPLIES,1.0,TN-NORTH,0.632,0.853,0.616,11.414
V0180,V0402,3,14,29,0.162,18.473,0.0004691462322162846,3.329,VEHICLE_SUPPLIES,1.0,KA-NORTH,0.625,0.85,0.617,11.407
V0122,V0352,8,36,38,0.547,14.62,2.9232056429681548e-08,7.534,FURNITURE,0.596,KA-BENGALURU,0.327,0.488,0.78,11.406
V0351,V0529,3,17,24,0.163,18.382,0.00048431365450554096,3.315,MEDICAL_SUPPLIES,1.0,KA-NORTH,0.609,0.843,0.62,11.405
V0005,V0180,3,31,14,0.174,17.281,0.0005733074467166579,3.242,VEHICLE_SUPPLIES,1.0,TN-NORTH,0.391,0.757,0.66,11.398
V0278,V0546,3,22,20,0.176,17.045,0.0006124160032287641,3.213,FURNITURE,1.0,KA-NORTH,0.346,0.738,0.668,11.381
V0002,V0211,3,22,20,0.176,17.045,0.0006124160032287641,3.213,FURNITURE,1.0,KA-BENGALURU,0.346,0.738,0.668,11.381
V0030,V0549,3,18,23,0.166,18.116,0.0005076142999668055,3.294,IT_SERVICES,1.0,KA-BENGALURU,0.571,0.829,0.627,11.361
V0437,V0496,6,33,26,0.343,17.483,6.276800308696364e-07,6.202,WATER_INFRASTRUCTURE,1.0,KA-NORTH,0.449,0.78,0.649,11.35
V0469,V0543,3,31,14,0.174,17.281,0.0005733074467166579,3.242,MEDICAL_SUPPLIES,1.0,KA-SOUTH,0.409,0.764,0.656,11.343
V0073,V0089,5,44,16,0.282,17.756,5.066521001946436e-06,5.295,ROAD_CONSTRUCTION,1.0,KA-CENTRAL,0.511,0.804,0.638,11.33
V0003,V0189,3,40,10,0.16,18.75,0.0004215614928763263,3.375,VEHICLE_SUPPLIES,1.0,KA-CENTRAL,0.7,0.88,0.604,11.325
V0148,V0243,3,21,20,0.168,17.857,0.0005316178489894947,3.274,MEDICAL_SUPPLIES,1.0,KA-BENGALURU,0.533,0.813,0.634,11.321
V0146,V0549,3,19,23,0.175,17.162,0.0005991757681596885,3.222,IT_SERVICES,1.0,KA-CENTRAL,0.391,0.757,0.66,11.319
V0115,V0335,5,16,38,0.243,20.559,2.394432718762375e-06,5.621,VEHICLE_SUPPLIES,1.0,KA-NORTH,1.0,1.0,0.55,11.307
V0022,V0096,3,24,17,0.163,18.382,0.00048431365450554096,3.315,MEDICAL_SUPPLIES,1.0,KA-NORTH,0.64,0.856,0.615,11.301
V0405,V0507,3,25,16,0.16,18.75,0.0004543245383632452,3.343,ELECTRICAL_EQUIPMENT,1.0,KA-BENGALURU,0.708,0.883,0.602,11.297
V0406,V0540,3,20,21,0.168,17.857,0.0005316178489894947,3.274,MEDICAL_SUPPLIES,1.0,KA-NORTH,0.55,0.82,0.631,11.268
V0267,V0451,4,17,31,0.211,18.975,4.119439364100856e-05,4.385,BUILDING_CONSTRUCTION,1.0,KA-CENTRAL,0.758,0.903,0.594,11.264
V0369,V0549,3,19,23,0.175,17.162,0.0005991757681596885,3.222,IT_SERVICES,1.0,KA-BENGALURU,0.412,0.765,0.656,11.256
V0002,V0322,6,22,40,0.352,17.045,7.039237223613849e-07,6.152,FURNITURE,1.0,KA-SOUTH,0.388,0.755,0.66,11.253
V0087,V0231,4,22,26,0.229,17.483,5.929477577153859e-05,4.227,IT_SERVICES,1.0,KA-CENTRAL,0.486,0.794,0.643,11.234
V0033,V0490,3,25,16,0.16,18.75,0.0004543245383632452,3.343,MEDICAL_SUPPLIES,1.0,KA-CENTRAL,0.727,0.891,0.599,11.233
V0041,V0460,11,39,42,0.655,16.789,8.89185925342249e-12,11.051,LAB_EQUIPMENT,1.0,KA-CENTRAL,0.341,0.736,0.669,11.226
V0373,V0484,4,22,26,0.229,17.483,5.929477577153859e-05,4.227,CIVIL_MAINTENANCE,1.0,KA-CENTRAL,0.489,0.796,0.642,11.224
V0329,V0529,5,27,24,0.259,19.29,3.67922549946437e-06,5.434,MEDICAL_SUPPLIES,1.0,KA-NORTH,0.824,0.929,0.582,11.222
V0245,V0492,4,38,14,0.213,18.797,4.078627613315501e-05,4.389,VEHICLE_SUPPLIES,1.0,KA-NORTH,0.742,0.897,0.596,11.212
V0385,V0510,5,28,30,0.336,14.881,1.4245249847348006e-05,4.846,WATER_INFRASTRUCTURE,0.677,KA-NORTH,0.355,0.548,0.753,11.209
V0069,V0426,4,15,40,0.24,16.667,6.762809503586413e-05,4.17,ROAD_CONSTRUCTION,1.0,KA-NORTH,0.323,0.729,0.672,11.199
V0035,V0465,3,24,18,0.173,17.361,0.0005775162363505987,3.238,IT_SERVICES,1.0,KA-CENTRAL,0.474,0.789,0.645,11.193
V0439,V0538,3,19,22,0.167,17.943,0.0005235380335655677,3.281,MEDICAL_SUPPLIES,1.0,KA-CENTRAL,0.591,0.836,0.624,11.19
V0214,V0259,6,20,39,0.312,19.231,3.197789325970421e-07,6.495,IT_SERVICES,1.0,KA-NORTH,0.826,0.93,0.581,11.179
V0103,V0301,3,11,36,0.158,18.939,0.0004182812376499425,3.379,BUILDING_CONSTRUCTION,1.0,KA-SOUTH,0.778,0.911,0.59,11.174
V0010,V0020,54,96,85,3.264,16.544,3.5603328505180613e-62,61.449,LAB_EQUIPMENT,0.953,KA-CENTRAL,0.376,0.722,0.675,11.168
V0058,V0528,3,17,25,0.17,17.647,0.0005480405263079197,3.261,MEDICAL_SUPPLIES,1.0,KA-CENTRAL,0.542,0.817,0.633,11.162
V0025,V0041,17,61,39,0.952,17.865,1.2176810362920381e-18,17.914,LAB_EQUIPMENT,1.0,KA-CENTRAL,0.588,0.835,0.624,11.151
V0112,V0380,3,15,28,0.168,17.857,0.0005235616293303073,3.281,VEHICLE_SUPPLIES,1.0,KA-CENTRAL,0.591,0.836,0.624,11.136
V0057,V0526,3,15,28,0.168,17.857,0.0005235616293303073,3.281,ROAD_CONSTRUCTION,1.0,KA-CENTRAL,0.591,0.836,0.624,11.136
V0499,V0505,3,25,18,0.18,16.667,0.0006533109193174875,3.185,MEDICAL_SUPPLIES,1.0,KA-CENTRAL,0.346,0.738,0.668,11.128
V0063,V0349,6,30,29,0.348,17.241,6.914192546419296e-07,6.16,ELECTRICAL_EQUIPMENT,1.0,KA-CENTRAL,0.474,0.789,0.645,11.116
V0200,V0498,4,30,19,0.228,17.544,5.770340530595787e-05,4.239,MEDICAL_SUPPLIES,1.0,KA-SOUTH,0.536,0.814,0.634,11.115
V0354,V0528,3,17,25,0.17,17.647,0.0005480405263079197,3.261,MEDICAL_SUPPLIES,1.0,KA-NORTH,0.562,0.825,0.629,11.096
V0231,V0514,4,26,22,0.229,17.483,5.929477577153859e-05,4.227,IT_SERVICES,1.0,KA-SOUTH,0.531,0.812,0.634,11.091
V0096,V0475,3,17,24,0.163,18.382,0.00048431365450554096,3.315,MEDICAL_SUPPLIES,1.0,KA-CENTRAL,0.714,0.886,0.601,11.055
V0375,V0488,4,17,36,0.245,16.34,7.551873849819543e-05,4.122,VEHICLE_SUPPLIES,1.0,KA-NORTH,0.3,0.72,0.676,11.046
V0112,V0142,3,15,29,0.174,17.241,0.0005818638405239031,3.235,VEHICLE_SUPPLIES,1.0,KA-SOUTH,0.5,0.8,0.64,11.034
V0008,V0266,3,17,24,0.163,18.382,0.00048431365450554096,3.315,IT_SERVICES,1.0,KA-SOUTH,0.722,0.889,0.6,11.029
V0007,V0278,6,39,22,0.343,17.483,6.016692388055153e-07,6.221,FURNITURE,1.0,KA-SOUTH,0.554,0.821,0.63,11.021
V0395,V0529,5,26,24,0.25,20.032,3.0170973301468596e-06,5.52,MEDICAL_SUPPLIES,1.0,KA-NORTH,1.0,1.0,0.55,11.018
V0142,V0532,5,29,29,0.336,14.863,1.4339373670908463e-05,4.843,VEHICLE_SUPPLIES,0.575,KA-CENTRAL,0.575,0.575,0.741,11.017
V0103,V0370,3,11,37,0.163,18.428,0.00045408895519534904,3.343,BUILDING_CONSTRUCTION,1.0,KA-SOUTH,0.737,0.895,0.597,11.008
V0022,V0141,5,24,28,0.269,18.601,4.450534563312882e-06,5.352,MEDICAL_SUPPLIES,1.0,KA-NORTH,0.769,0.908,0.592,11.003
V0491,V0499,3,15,25,0.15,20.0,0.00037159029799047896,3.43,MEDICAL_SUPPLIES,1.0,KA-SOUTH,1.0,1.0,0.55,11.0
V0331,V0499,3,18,25,0.18,16.667,0.0006533109193174875,3.185,MEDICAL_SUPPLIES,1.0,KA-NORTH,0.391,0.757,0.66,10.993
V0110,V0410,3,14,30,0.168,17.857,0.0005195470549606056,3.284,ROAD_CONSTRUCTION,1.0,AP-SOUTH,0.636,0.855,0.615,10.99
V0180,V0453,3,14,32,0.179,16.741,0.0006305194176532046,3.2,VEHICLE_SUPPLIES,1.0,TN-NORTH,0.409,0.764,0.656,10.988
V0002,V0473,3,22,19,0.167,17.943,0.0005235380335655677,3.281,FURNITURE,1.0,KA-CENTRAL,0.654,0.862,0.612,10.987
V0309,V0364,10,56,31,0.694,14.401,4.283752564822357e-10,9.368,FURNITURE,0.5,KA-NORTH,0.573,0.529,0.762,10.971
V0112,V0419,6,15,56,0.336,17.857,4.1249633344454275e-07,6.385,VEHICLE_SUPPLIES,1.0,KA-CENTRAL,0.647,0.859,0.614,10.956
V0214,V0365,3,20,21,0.168,17.857,0.0005316178489894947,3.274,IT_SERVICES,1.0,KA-CENTRAL,0.65,0.86,0.613,10.946
V0246,V0537,3,13,32,0.166,18.029,0.0004997491983696695,3.301,WATER_INFRASTRUCTURE,1.0,KA-CENTRAL,0.692,0.877,0.605,10.914
V0240,V0331,3,21,18,0.151,19.841,0.00038467155889420875,3.415,MEDICAL_SUPPLIES,1.0,KA-NORTH,1.0,1.0,0.55,10.913
V0202,V0408,3,18,21,0.151,19.841,0.00038467155889420875,3.415,MEDICAL_SUPPLIES,1.0,KA-NORTH,1.0,1.0,0.55,10.913
V0240,V0505,3,21,18,0.151,19.841,0.00038467155889420875,3.415,MEDICAL_SUPPLIES,1.0,KA-SOUTH,1.0,1.0,0.55,10.913
V0208,V0461,3,25,16,0.16,18.75,0.0004543245383632452,3.343,BUILDING_CONSTRUCTION,1.0,KA-NORTH,0.824,0.929,0.582,10.908
V0151,V0473,3,23,19,0.175,17.162,0.0005991757681596885,3.222,FURNITURE,1.0,KA-BENGALURU,0.526,0.811,0.635,10.902
V0465,V0549,3,18,23,0.166,18.116,0.0005076142999668055,3.294,IT_SERVICES,1.0,KA-CENTRAL,0.714,0.886,0.601,10.895
V0282,V0380,3,16,28,0.179,16.741,0.0006395560487029986,3.194,VEHICLE_SUPPLIES,1.0,KA-NORTH,0.444,0.778,0.65,10.882
V0192,V0463,3,22,19,0.167,17.943,0.0005235380335655677,3.281,MEDICAL_SUPPLIES,1.0,KA-CENTRAL,0.688,0.875,0.606,10.878
V0353,V0430,3,19,20,0.152,19.737,0.00039130565711375154,3.407,ROAD_CONSTRUCTION,1.0,KA-CENTRAL,1.0,1.0,0.55,10.855
V0232,V0240,3,22,21,0.185,16.234,0.000710412725155792,3.148,MEDICAL_SUPPLIES,1.0,KA-SOUTH,0.346,0.738,0.668,10.839
V0240,V0243,3,21,20,0.168,17.857,0.0005316178489894947,3.274,MEDICAL_SUPPLIES,1.0,KA-NORTH,0.69,0.876,0.606,10.819
V0420,V0475,4,22,24,0.211,18.939,4.2636311630804945e-05,4.37,MEDICAL_SUPPLIES,1.0,KA-NORTH,0.882,0.953,0.571,10.818
V0197,V0375,3,25,17,0.17,17.647,0.0005480405263079197,3.261,VEHICLE_SUPPLIES,1.0,TN-NORTH,0.654,0.862,0.612,10.805
V0243,V0286,3,20,21,0.168,17.857,0.0005316178489894947,3.274,MEDICAL_SUPPLIES,1.0,KA-NORTH,0.7,0.88,0.604,10.786
V0151,V0211,3,23,20,0.184,16.304,0.0007006842370226003,3.154,FURNITURE,1.0,KA-CENTRAL,0.385,0.754,0.661,10.773
V0161,V0530,6,34,29,0.394,15.213,1.516913074236242e-06,5.819,CIVIL_MAINTENANCE,0.667,KA-SOUTH,0.622,0.649,0.708,10.771
V0451,V0457,3,31,15,0.186,16.129,0.0007106242317470841,3.148,BUILDING_CONSTRUCTION,1.0,AP-SOUTH,0.346,0.738,0.668,10.769
V0025,V0223,19,61,45,1.098,17.304,1.6981629842076254e-20,19.77,LAB_EQUIPMENT,0.899,KA-CENTRAL,0.752,0.84,0.622,10.761
V0087,V0459,3,22,21,0.185,16.234,0.000710412725155792,3.148,IT_SERVICES,1.0,KA-NORTH,0.375,0.75,0.662,10.755
V0220,V0418,5,37,18,0.266,18.769,4.006857647227855e-06,5.397,WATER_INFRASTRUCTURE,1.0,KA-NORTH,0.875,0.95,0.572,10.745
V0164,V0382,3,24,16,0.154,19.531,0.0004013746245246748,3.396,MEDICAL_SUPPLIES,1.0,KA-BENGALURU,1.0,1.0,0.55,10.742
V0071,V0089,5,47,16,0.301,16.622,7.0769096866011255e-06,5.15,ROAD_CONSTRUCTION,1.0,KA-CENTRAL,0.471,0.788,0.645,10.726
V0418,V0478,4,18,30,0.216,18.519,4.593801102378284e-05,4.338,WATER_INFRASTRUCTURE,1.0,KA-NORTH,0.838,0.935,0.579,10.726
V0223,V0295,16,45,55,0.99,16.162,1.175523701306751e-16,15.93,LAB_EQUIPMENT,0.955,KA-CENTRAL,0.44,0.749,0.663,10.713
V0006,V0043,6,16,51,0.326,18.382,3.661234344848769e-07,6.436,ROAD_CONSTRUCTION,1.0,KA-SOUTH,0.818,0.927,0.583,10.712
V0469,V0499,5,31,25,0.31,16.129,9.353163937604789e-06,5.029,MEDICAL_SUPPLIES,1.0,KA-CENTRAL,0.367,0.747,0.664,10.71
V0179,V0317,6,29,35,0.406,14.778,1.8162125823943582e-06,5.741,ELECTRICAL_EQUIPMENT,0.786,KA-CENTRAL,0.357,0.614,0.724,10.693
V0415,V0476,4,29,21,0.244,16.42,7.635664890534284e-05,4.117,ROAD_CONSTRUCTION,1.0,KA-SOUTH,0.444,0.778,0.65,10.673
V0384,V0545,5,45,17,0.306,16.34,7.93740819493425e-06,5.1,IT_SERVICES,1.0,KA-NORTH,0.429,0.771,0.653,10.668
V0494,V0497,3,29,16,0.186,16.164,0.000710561843384962,3.148,IT_SERVICES,1.0,KA-NORTH,0.389,0.756,0.66,10.668
V0201,V0374,4,38,15,0.228,17.544,5.501236834337171e-05,4.26,BUILDING_CONSTRUCTION,1.0,KA-SOUTH,0.679,0.871,0.608,10.664
V0335,V0441,5,38,17,0.258,19.35,3.3547171048260986e-06,5.474,VEHICLE_SUPPLIES,1.0,KA-NORTH,1.0,1.0,0.55,10.643
V0030,V0403,4,18,34,0.245,16.34,7.634709395738635e-05,4.117,IT_SERVICES,1.0,KA-CENTRAL,0.438,0.775,0.651,10.641
V0215,V0321,6,51,16,0.326,18.382,3.661234344848769e-07,6.436,ELECTRICAL_EQUIPMENT,1.0,KA-BENGALURU,0.841,0.936,0.579,10.636
V0264,V0378,3,18,24,0.173,17.361,0.0005775162363505987,3.238,MEDICAL_SUPPLIES,1.0,KA-SOUTH,0.652,0.861,0.613,10.635
V0035,V0456,3,24,18,0.173,17.361,0.0005775162363505987,3.238,IT_SERVICES,1.0,KA-CENTRAL,0.654,0.862,0.612,10.63
V0141,V0406,4,28,20,0.224,17.857,5.399466887241644e-05,4.268,MEDICAL_SUPPLIES,1.0,KA-NORTH,0.75,0.9,0.595,10.625
V0033,V0341,3,25,17,0.17,17.647,0.0005480405263079197,3.261,MEDICAL_SUPPLIES,1.0,KA-CENTRAL,0.714,0.886,0.601,10.613
V0150,V0176,3,26,17,0.177,16.968,0.0006169170443165512,3.21,BUILDING_CONSTRUCTION,1.0,KA-NORTH,0.583,0.833,0.625,10.605
V0289,V0544,3,27,16,0.173,17.361,0.000573273523347175,3.242,WATER_INFRASTRUCTURE,1.0,KA-NORTH,0.667,0.867,0.61,10.59
V0022,V0528,4,24,25,0.24,16.667,7.232154348324958e-05,4.141,MEDICAL_SUPPLIES,1.0,KA-CENTRAL,0.526,0.811,0.635,10.588
V0038,V0097,3,25,17,0.17,17.647,0.0005480405263079197,3.261,BUILDING_CONSTRUCTION,1.0,TN-NORTH,0.722,0.889,0.6,10.588
V0003,V0360,6,40,25,0.4,15.0,1.6128350986220592e-06,5.792,VEHICLE_SUPPLIES,0.636,KA-SOUTH,0.682,0.655,0.705,10.582
V0351,V0395,3,17,26,0.177,16.968,0.0006169170443165512,3.21,MEDICAL_SUPPLIES,1.0,KA-SOUTH,0.591,0.836,0.624,10.582
V0074,V0339,4,28,22,0.246,16.234,8.027193887509039e-05,4.095,ROAD_CONSTRUCTION,1.0,KA-SOUTH,0.441,0.776,0.651,10.562
V0065,V0263,7,26,49,0.51,13.736,3.547487034813374e-07,6.45,VEHICLE_SUPPLIES,0.569,KA-CENTRAL,0.431,0.514,0.769,10.561
V0418,V0429,3,18,26,0.187,16.026,0.0007351971380695941,3.134,WATER_INFRASTRUCTURE,1.0,KA-NORTH,0.4,0.76,0.658,10.545
V0002,V0319,5,22,34,0.299,16.711,7.66100567073013e-06,5.116,FURNITURE,1.0,KA-CENTRAL,0.553,0.821,0.631,10.537
V0060,V0150,3,18,26,0.187,16.026,0.0007351971380695941,3.134,BUILDING_CONSTRUCTION,1.0,TN-NORTH,0.407,0.763,0.657,10.524
V0077,V0141,3,14,28,0.157,19.133,0.000422011501475706,3.375,MEDICAL_SUPPLIES,1.0,KA-NORTH,1.0,1.0,0.55,10.523
V0145,V0397,3,18,24,0.173,17.361,0.0005775162363505987,3.238,VEHICLE_SUPPLIES,1.0,KA-NORTH,0.69,0.876,0.606,10.518
V0178,V0383,11,49,36,0.706,15.59,2.1038989897664266e-11,10.677,ELECTRICAL_EQUIPMENT,0.641,KA-NORTH,0.846,0.723,0.675,10.517
V0175,V0334,3,22,20,0.176,17.045,0.0006124160032287641,3.213,IT_SERVICES,1.0,KA-SOUTH,0.632,0.853,0.616,10.505
V0240,V0536,3,21,22,0.185,16.234,0.000710412725155792,3.148,MEDICAL_SUPPLIES,1.0,KA-NORTH,0.462,0.785,0.647,10.502
V0160,V0326,3,16,27,0.173,17.361,0.000573273523347175,3.242,VEHICLE_SUPPLIES,1.0,KA-SOUTH,0.696,0.878,0.605,10.5
V0231,V0266,4,26,24,0.25,16.026,8.492235187472277e-05,4.071,IT_SERVICES,1.0,KA-CENTRAL,0.419,0.768,0.655,10.489
V0009,V0074,3,17,28,0.19,15.756,0.000770786910095889,3.113,ROAD_CONSTRUCTION,1.0,AP-SOUTH,0.357,0.743,0.666,10.489
V0022,V0529,4,24,24,0.23,17.361,6.114249636445989e-05,4.214,MEDICAL_SUPPLIES,1.0,KA-NORTH,0.7,0.88,0.604,10.486
V0380,V0441,3,28,17,0.19,15.756,0.000770786910095889,3.113,VEHICLE_SUPPLIES,1.0,AP-SOUTH,0.36,0.744,0.665,10.481
V0160,V0335,4,16,38,0.243,16.447,7.255168021824149e-05,4.139,VEHICLE_SUPPLIES,1.0,KA-NORTH,0.515,0.806,0.637,10.481
V0164,V0469,5,24,31,0.298,16.801,7.5481879739043494e-06,5.122,MEDICAL_SUPPLIES,1.0,KA-NORTH,0.594,0.838,0.623,10.469
V0221,V0453,3,15,32,0.192,15.625,0.0007813049500652128,3.107,VEHICLE_SUPPLIES,1.0,KA-NORTH,0.333,0.733,0.67,10.469
V0431,V0439,3,23,19,0.175,17.162,0.0005991757681596885,3.222,MEDICAL_SUPPLIES,1.0,KA-SOUTH,0.667,0.867,0.61,10.469
V0289,V0429,5,27,26,0.281,17.806,5.610460675243648e-06,5.251,WATER_INFRASTRUCTURE,1.0,KA-NORTH,0.789,0.916,0.588,10.468
V0417,V0482,4,37,16,0.237,16.892,6.516670679724366e-05,4.186,IT_SERVICES,1.0,KA-NORTH,0.615,0.846,0.619,10.46
V0041,V0355,16,39,69,1.076,14.864,4.2596846962921287e-16,15.371,LAB_EQUIPMENT,0.934,AP-SOUTH,0.255,0.663,0.702,10.431
V0431,V0499,4,23,25,0.23,17.391,6.067670273451031e-05,4.217,MEDICAL_SUPPLIES,1.0,KA-SOUTH,0.724,0.89,0.6,10.429
V0070,V0152,3,17,25,0.17,17.647,0.0005480405263079197,3.261,IT_SERVICES,1.0,KA-CENTRAL,0.773,0.909,0.591,10.428
V0352,V0473,5,38,19,0.289,17.313,6.165689074991524e-06,5.21,FURNITURE,1.0,KA-BENGALURU,0.71,0.884,0.602,10.427
V0081,V0511,3,25,18,0.18,16.667,0.0006533109193174875,3.185,ROAD_CONSTRUCTION,1.0,KA-NORTH,0.583,0.833,0.625,10.417
V0175,V0539,3,22,18,0.158,18.939,0.0004434019412468575,3.353,IT_SERVICES,1.0,KA-SOUTH,1.0,1.0,0.55,10.416
V0060,V0076,3,18,22,0.158,18.939,0.0004434019412468575,3.353,BUILDING_CONSTRUCTION,1.0,KA-SOUTH,1.0,1.0,0.55,10.416
V0233,V0434,4,16,38,0.243,16.447,7.255168021824149e-05,4.139,IT_SERVICES,1.0,KA-NORTH,0.545,0.818,0.632,10.392
V0453,V0488,7,32,36,0.461,15.191,1.8106323460831173e-07,6.742,VEHICLE_SUPPLIES,0.88,KA-CENTRAL,0.44,0.704,0.683,10.378
V0236,V0404,3,12,38,0.182,16.447,0.000648888034588112,3.188,VEHICLE_SUPPLIES,1.0,KA-BENGALURU,0.55,0.82,0.631,10.378
V0234,V0240,3,21,21,0.176,17.007,0.0006168703996799926,3.21,MEDICAL_SUPPLIES,1.0,KA-CENTRAL,0.667,0.867,0.61,10.374
V0234,V0431,3,21,23,0.193,15.528,0.0008125618505543039,3.09,MEDICAL_SUPPLIES,1.0,KA-SOUTH,0.346,0.738,0.668,10.368
V0041,V0307,12,39,50,0.78,15.385,2.6662578268031075e-12,11.574,LAB_EQUIPMENT,1.0,AP-SOUTH,0.327,0.731,0.671,10.325
V0282,V0404,4,16,38,0.243,16.447,7.255168021824149e-05,4.139,VEHICLE_SUPPLIES,1.0,KA-NORTH,0.571,0.829,0.627,10.315
V0135,V0199,4,24,27,0.259,15.432,9.905159124433296e-05,4.004,BUILDING_CONSTRUCTION,1.0,KA-NORTH,0.346,0.738,0.668,10.304
V0408,V0420,3,21,22,0.185,16.234,0.000710412725155792,3.148,MEDICAL_SUPPLIES,1.0,KA-NORTH,0.529,0.812,0.635,10.304
V0012,V0431,3,19,23,0.175,17.162,0.0005991757681596885,3.222,MEDICAL_SUPPLIES,1.0,KA-SOUTH,0.72,0.888,0.6,10.304
V0204,V0540,3,23,21,0.193,15.528,0.0008125618505543039,3.09,MEDICAL_SUPPLIES,1.0,KA-CENTRAL,0.375,0.75,0.662,10.287
V0161,V0253,3,34,14,0.19,15.756,0.0007556588783580017,3.122,VEHICLE_SUPPLIES,1.0,KA-SOUTH,0.429,0.771,0.653,10.286
V0292,V0322,6,27,40,0.432,13.889,2.6329887949418336e-06,5.58,FURNITURE,0.698,KA-NORTH,0.395,0.577,0.74,10.284
V0319,V0322,7,34,40,0.544,12.868,6.093651943693172e-07,6.215,BUILDING_CONSTRUCTION,0.52,KA-NORTH,0.34,0.448,0.798,10.274
V0074,V0386,4,28,22,0.246,16.234,8.027193887509039e-05,4.095,ROAD_CONSTRUCTION,1.0,KA-SOUTH,0.541,0.816,0.633,10.271
V0328,V0422,3,20,27,0.216,13.889,0.0011338154933890842,2.945,VEHICLE_SUPPLIES,0.579,KA-NORTH,0.579,0.579,0.739,10.271
V0240,V0408,3,21,21,0.176,17.007,0.0006168703996799926,3.21,MEDICAL_SUPPLIES,1.0,KA-CENTRAL,0.706,0.882,0.603,10.254
V0469,V0491,3,31,15,0.186,16.129,0.0007106242317470841,3.148,MEDICAL_SUPPLIES,1.0,KA-NORTH,0.524,0.81,0.636,10.253
V0447,V0538,3,20,22,0.176,17.045,0.0006124160032287641,3.213,MEDICAL_SUPPLIES,1.0,KA-CENTRAL,0.714,0.886,0.601,10.251
V0409,V0475,3,18,24,0.173,17.361,0.0005775162363505987,3.238,MEDICAL_SUPPLIES,1.0,KA-NORTH,0.783,0.913,0.589,10.228
V0393,V0426,4,15,40,0.24,16.667,6.762809503586413e-05,4.17,ROAD_CONSTRUCTION,1.0,KA-CENTRAL,0.647,0.859,0.614,10.226
V0085,V0494,3,16,29,0.186,16.164,0.000710561843384962,3.148,IT_SERVICES,1.0,KA-SOUTH,0.545,0.818,0.632,10.213
V0066,V0203,5,53,15,0.318,15.723,9.046059002284147e-06,5.044,FURNITURE,1.0,KA-CENTRAL,0.447,0.779,0.649,10.212
V0204,V0439,3,23,19,0.175,17.162,0.0005991757681596885,3.222,MEDICAL_SUPPLIES,1.0,KA-NORTH,0.75,0.9,0.595,10.211
V0244,V0278,7,50,22,0.44,15.909,1.1289974968233259e-07,6.947,FURNITURE,1.0,KA-NORTH,0.492,0.797,0.642,10.206
V0479,V0513,5,14,55,0.308,16.234,7.384506944551301e-06,5.132,IT_SERVICES,1.0,KA-BENGALURU,0.564,0.826,0.628,10.202
V0033,V0499,4,25,25,0.25,16.0,8.551705884819527e-05,4.068,MEDICAL_SUPPLIES,1.0,KA-CENTRAL,0.516,0.806,0.637,10.194
V0169,V0373,4,35,22,0.308,12.987,0.00019711029396994982,3.705,CIVIL_MAINTENANCE,0.585,KA-CENTRAL,0.317,0.478,0.785,10.193
V0250,V0376,3,15,27,0.162,18.519,0.0004691597751224852,3.329,ROAD_CONSTRUCTION,1.0,KA-CENTRAL,1.0,1.0,0.55,10.185
V0204,V0240,3,23,21,0.193,15.528,0.0008125618505543039,3.09,MEDICAL_SUPPLIES,1.0,KA-NORTH,0.414,0.766,0.656,10.179
V0276,V0318,3,41,12,0.197,15.244,0.0008132916378899977,3.09,BUILDING_CONSTRUCTION,1.0,KA-CENTRAL,0.346,0.738,0.668,10.178
V0086,V0549,3,20,23,0.184,16.304,0.0007006842370226003,3.154,IT_SERVICES,1.0,KA-NORTH,0.588,0.835,0.624,10.176
V0243,V0378,3,20,24,0.192,15.625,0.0007966954769644509,3.099,MEDICAL_SUPPLIES,1.0,AP-SOUTH,0.438,0.775,0.651,10.176
V0214,V0494,4,20,29,0.232,17.241,6.231173541723738e-05,4.205,IT_SERVICES,1.0,KA-NORTH,0.778,0.911,0.59,10.172
V0136,V0469,5,24,31,0.298,16.801,7.5481879739043494e-06,5.122,MEDICAL_SUPPLIES,1.0,KA-NORTH,0.697,0.879,0.605,10.157
V0038,V0122,5,25,36,0.36,13.889,2.006574774188108e-05,4.698,BUILDING_CONSTRUCTION,0.556,KA-NORTH,0.667,0.6,0.73,10.139
V0206,V0504,3,12,41,0.197,15.244,0.0008132916378899977,3.09,BUILDING_CONSTRUCTION,1.0,KA-NORTH,0.364,0.745,0.665,10.13
V0229,V0469,3,14,31,0.174,17.281,0.0005733074467166579,3.242,MEDICAL_SUPPLIES,1.0,KA-NORTH,0.8,0.92,0.586,10.127
V0146,V0266,3,19,24,0.182,16.447,0.0006814819890342299,3.167,IT_SERVICES,1.0,KA-CENTRAL,0.636,0.855,0.615,10.122
V0232,V0536,3,22,22,0.194,15.496,0.0008178947458082251,3.087,MEDICAL_SUPPLIES,1.0,KA-CENTRAL,0.429,0.771,0.653,10.117
V0088,V0143,3,38,13,0.198,15.182,0.0008347183528282279,3.078,WATER_INFRASTRUCTURE,1.0,TN-NORTH,0.36,0.744,0.665,10.099
V0375,V0458,4,17,35,0.238,16.807,6.740999896537868e-05,4.171,VEHICLE_SUPPLIES,1.0,KA-CENTRAL,0.719,0.888,0.601,10.095
V0089,V0517,3,16,28,0.179,16.741,0.0006395560487029986,3.194,ROAD_CONSTRUCTION,1.0,KA-CENTRAL,0.706,0.882,0.603,10.094
V0251,V0255,4,19,33,0.251,15.949,8.491932819452512e-05,4.071,WATER_INFRASTRUCTURE,1.0,KA-NORTH,0.541,0.816,0.633,10.091
V0221,V0335,4,15,38,0.228,17.544,5.501236834337171e-05,4.26,VEHICLE_SUPPLIES,1.0,KA-NORTH,0.862,0.945,0.575,10.085
V0142,V0441,3,29,17,0.197,15.213,0.0008561057546030356,3.067,VEHICLE_SUPPLIES,1.0,KA-NORTH,0.375,0.75,0.662,10.079
V0327,V0515,3,51,9,0.184,16.34,0.0006165075311022112,3.21,BUILDING_CONSTRUCTION,1.0,KA-CENTRAL,0.632,0.853,0.616,10.071
V0125,V0339,3,21,22,0.185,16.234,0.000710412725155792,3.148,ROAD_CONSTRUCTION,1.0,KA-SOUTH,0.611,0.844,0.62,10.065
V0096,V0262,3,17,26,0.177,16.968,0.0006169170443165512,3.21,MEDICAL_SUPPLIES,1.0,KA-NORTH,0.762,0.905,0.593,10.06
V0012,V0395,3,19,26,0.198,15.182,0.0008670291664161184,3.062,MEDICAL_SUPPLIES,1.0,KA-BENGALURU,0.375,0.75,0.662,10.058
V0294,V0492,3,32,14,0.179,16.741,0.0006305194176532046,3.2,VEHICLE_SUPPLIES,1.0,KA-CENTRAL,0.72,0.888,0.6,10.051
V0424,V0507,4,40,16,0.256,15.625,8.913222177487524e-05,4.05,ELECTRICAL_EQUIPMENT,1.0,KA-CENTRAL,0.485,0.794,0.643,10.043
V0469,V0475,5,31,24,0.298,16.801,7.5481879739043494e-06,5.122,MEDICAL_SUPPLIES,1.0,KA-NORTH,0.737,0.895,0.597,10.036
V0206,V0269,3,12,39,0.187,16.026,0.0007010526965365513,3.154,BUILDING_CONSTRUCTION,1.0,KA-CENTRAL,0.579,0.832,0.626,10.029
V0127,V0278,6,43,22,0.378,15.856,1.0995418019101207e-06,5.959,FURNITURE,1.0,KA-NORTH,0.545,0.818,0.632,10.018
V0071,V0163,4,47,13,0.244,16.367,6.933006216516906e-05,4.159,ROAD_CONSTRUCTION,1.0,KA-CENTRAL,0.656,0.862,0.612,10.015
V0523,V0546,4,34,20,0.272,14.706,0.0001185720851233651,3.926,FURNITURE,1.0,KA-BENGALURU,0.281,0.712,0.679,9.991
V0033,V0409,3,25,18,0.18,16.667,0.0006533109193174875,3.185,MEDICAL_SUPPLIES,1.0,KA-CENTRAL,0.727,0.891,0.599,9.985
V0179,V0507,3,29,16,0.186,16.164,0.000710561843384962,3.148,ELECTRICAL_EQUIPMENT,1.0,KA-CENTRAL,0.625,0.85,0.617,9.981
V0244,V0316,4,50,13,0.26,15.385,8.873745865514928e-05,4.052,BUILDING_CONSTRUCTION,1.0,KA-NORTH,0.452,0.781,0.649,9.98
V0063,V0241,7,30,34,0.408,17.157,7.322596871759046e-08,7.135,ELECTRICAL_EQUIPMENT,1.0,KA-CENTRAL,0.826,0.93,0.581,9.973
V0267,V0288,3,17,29,0.197,15.213,0.0008561057546030356,3.067,BUILDING_CONSTRUCTION,1.0,KA-CENTRAL,0.429,0.771,0.653,9.932
V0038,V0546,3,25,20,0.2,15.0,0.0009007158789399294,3.045,FURNITURE,1.0,KA-CENTRAL,0.381,0.752,0.661,9.921
V0071,V0511,5,47,18,0.338,14.775,1.3495218353497708e-05,4.87,ROAD_CONSTRUCTION,1.0,KA-NORTH,0.326,0.73,0.671,9.92
V0033,V0331,3,25,18,0.18,16.667,0.0006533109193174875,3.185,MEDICAL_SUPPLIES,1.0,KA-SOUTH,0.75,0.9,0.595,9.917
V0087,V0175,3,22,22,0.194,15.496,0.0008178947458082251,3.087,IT_SERVICES,1.0,KA-SOUTH,0.5,0.8,0.64,9.917
V0401,V0496,3,16,26,0.166,18.029,0.0005115764873621738,3.291,WATER_INFRASTRUCTURE,1.0,KA-NORTH,1.0,1.0,0.55,9.916
V0234,V0536,3,21,22,0.185,16.234,0.000710412725155792,3.148,MEDICAL_SUPPLIES,1.0,KA-CENTRAL,0.667,0.867,0.61,9.903
V0243,V0528,3,20,25,0.2,15.0,0.0009007158789399294,3.045,MEDICAL_SUPPLIES,1.0,KA-CENTRAL,0.391,0.757,0.66,9.893
V0026,V0223,12,44,45,0.792,15.152,3.3683631322700603e-12,11.473,LAB_EQUIPMENT,0.959,KA-CENTRAL,0.49,0.771,0.653,9.892
V0203,V0242,4,15,41,0.246,16.26,7.467328355879658e-05,4.127,FURNITURE,1.0,KA-SOUTH,0.679,0.871,0.608,9.884
V0406,V0431,3,20,23,0.184,16.304,0.0007006842370226003,3.154,MEDICAL_SUPPLIES,1.0,KA-SOUTH,0.692,0.877,0.605,9.87
V0175,V0369,3,22,19,0.167,17.943,0.0005235380335655677,3.281,IT_SERVICES,1.0,KA-SOUTH,1.0,1.0,0.55,9.869
V0441,V0488,4,17,36,0.245,16.34,7.551873849819543e-05,4.122,VEHICLE_SUPPLIES,1.0,KA-SOUTH,0.7,0.88,0.604,9.869
V0126,V0438,7,30,44,0.528,13.258,4.80723054472569e-07,6.318,CIVIL_MAINTENANCE,0.678,KA-SOUTH,0.407,0.569,0.744,9.86
V0233,V0293,4,16,41,0.262,15.244,9.838594223316557e-05,4.007,IT_SERVICES,1.0,KA-NORTH,0.464,0.786,0.646,9.854
V0180,V0488,3,14,36,0.202,14.881,0.0008956726539979117,3.048,VEHICLE_SUPPLIES,1.0,KA-SOUTH,0.381,0.752,0.661,9.843
V0232,V0234,3,22,21,0.185,16.234,0.000710412725155792,3.148,MEDICAL_SUPPLIES,1.0,KA-CENTRAL,0.692,0.877,0.605,9.828
V0099,V0387,3,12,35,0.168,17.857,0.0005075578278344277,3.295,ROAD_CONSTRUCTION,1.0,KA-NORTH,1.0,1.0,0.55,9.821
V0115,V0458,4,16,35,0.224,17.857,5.2065565265431776e-05,4.283,VEHICLE_SUPPLIES,1.0,KA-NORTH,1.0,1.0,0.55,9.821
V0266,V0334,3,24,20,0.192,15.625,0.0007966954769644509,3.099,IT_SERVICES,1.0,KA-SOUTH,0.571,0.829,0.627,9.799
V0406,V0529,3,20,24,0.192,15.625,0.0007966954769644509,3.099,MEDICAL_SUPPLIES,1.0,KA-NORTH,0.571,0.829,0.627,9.799
V0148,V0232,3,21,22,0.185,16.234,0.000710412725155792,3.148,MEDICAL_SUPPLIES,1.0,KA-BENGALURU,0.706,0.882,0.603,9.788
V0020,V0407,20,85,40,1.36,14.706,3.364381759227079e-20,19.473,LAB_EQUIPMENT,1.0,KA-CENTRAL,0.365,0.746,0.664,9.77
V0164,V0240,3,24,21,0.202,14.881,0.0009236264656832742,3.035,MEDICAL_SUPPLIES,1.0,KA-SOUTH,0.409,0.764,0.656,9.767
V0251,V0359,5,19,40,0.304,16.447,8.00681705961611e-06,5.097,WATER_INFRASTRUCTURE,1.0,KA-NORTH,0.76,0.904,0.593,9.756
V0150,V0288,4,26,29,0.302,13.263,0.00018321378315752312,3.737,BUILDING_CONSTRUCTION,0.765,TN-NORTH,0.324,0.588,0.735,9.752
V0177,V0209,3,13,36,0.187,16.026,0.0007107625425509629,3.148,ELECTRICAL_EQUIPMENT,1.0,KA-SOUTH,0.68,0.872,0.608,9.737
V0204,V0538,3,23,22,0.202,14.822,0.000935218441394491,3.029,MEDICAL_SUPPLIES,1.0,KA-NORTH,0.409,0.764,0.656,9.729
V0408,V0475,3,21,24,0.202,14.881,0.0009236264656832742,3.035,MEDICAL_SUPPLIES,1.0,KA-CENTRAL,0.429,0.771,0.653,9.715
V0043,V0057,5,51,15,0.306,16.34,7.455191048981666e-06,5.128,ROAD_CONSTRUCTION,1.0,KA-SOUTH,0.756,0.902,0.594,9.706
V0081,V0094,3,25,17,0.17,17.647,0.0005480405263079197,3.261,ROAD_CONSTRUCTION,1.0,KA-NORTH,1.0,1.0,0.55,9.706
V0204,V0447,3,23,20,0.184,16.304,0.0007006842370226003,3.154,MEDICAL_SUPPLIES,1.0,KA-NORTH,0.75,0.9,0.595,9.701
V0191,V0476,3,22,21,0.185,16.234,0.000710412725155792,3.148,ROAD_CONSTRUCTION,1.0,KA-SOUTH,0.739,0.896,0.597,9.691
V0375,V0380,3,17,28,0.19,15.756,0.000770786910095889,3.113,VEHICLE_SUPPLIES,1.0,KA-CENTRAL,0.64,0.856,0.615,9.687
V0221,V0230,4,15,41,0.246,16.26,7.467328355879658e-05,4.127,VEHICLE_SUPPLIES,1.0,KA-NORTH,0.75,0.9,0.595,9.675
V0006,V0516,3,16,32,0.205,14.648,0.0009532578680054198,3.021,ROAD_CONSTRUCTION,1.0,KA-SOUTH,0.389,0.756,0.66,9.668
V0400,V0437,4,24,33,0.317,12.626,0.00022219696614426848,3.653,WATER_INFRASTRUCTURE,0.536,KA-CENTRAL,0.5,0.521,0.765,9.663
V0022,V0090,3,24,21,0.202,14.881,0.0009236264656832742,3.035,MEDICAL_SUPPLIES,1.0,KA-SOUTH,0.45,0.78,0.649,9.658
V0032,V0472,3,14,37,0.207,14.479,0.0009714722033594367,3.013,VEHICLE_SUPPLIES,1.0,KA-CENTRAL,0.35,0.74,0.667,9.657
V0115,V0404,4,16,38,0.243,16.447,7.255168021824149e-05,4.139,VEHICLE_SUPPLIES,1.0,KA-NORTH,0.794,0.918,0.587,9.655
V0009,V0510,3,17,30,0.204,14.706,0.0009472253137508946,3.024,ROAD_CONSTRUCTION,1.0,KA-CENTRAL,0.409,0.764,0.656,9.652
V0080,V0507,4,39,16,0.25,16.026,8.053057107927082e-05,4.094,ELECTRICAL_EQUIPMENT,1.0,KA-BENGALURU,0.71,0.884,0.602,9.652
V0141,V0354,3,28,17,0.19,15.756,0.000770786910095889,3.113,MEDICAL_SUPPLIES,1.0,KA-NORTH,0.654,0.862,0.612,9.648
V0255,V0478,6,33,30,0.396,15.152,1.5593744596926727e-06,5.807,WATER_INFRASTRUCTURE,1.0,KA-SOUTH,0.522,0.809,0.636,9.638
V0032,V0263,4,14,49,0.274,14.577,0.00011297865867027403,3.947,VEHICLE_SUPPLIES,1.0,KA-CENTRAL,0.385,0.754,0.661,9.632
V0356,V0366,4,23,30,0.276,14.493,0.00012748969235238934,3.895,WATER_INFRASTRUCTURE,1.0,KA-BENGALURU,0.367,0.747,0.664,9.623
V0153,V0387,8,36,35,0.504,15.873,1.4501476137716891e-08,7.839,WATER_INFRASTRUCTURE,0.794,KA-NORTH,1.0,0.876,0.606,9.615
V0387,V0496,6,35,26,0.364,16.484,9.072032863062171e-07,6.042,WATER_INFRASTRUCTURE,1.0,KA-NORTH,0.816,0.927,0.583,9.611
V0096,V0141,3,17,28,0.19,15.756,0.000770786910095889,3.113,MEDICAL_SUPPLIES,1.0,KA-NORTH,0.667,0.867,0.61,9.611
V0161,V0492,3,34,14,0.19,15.756,0.0007556588783580017,3.122,VEHICLE_SUPPLIES,1.0,KA-NORTH,0.667,0.867,0.61,9.611
V0141,V0536,4,28,22,0.246,16.234,8.027193887509039e-05,4.095,MEDICAL_SUPPLIES,1.0,KA-NORTH,0.769,0.908,0.592,9.603
V0204,V0329,4,23,27,0.248,16.103,8.31561969535215e-05,4.08,MEDICAL_SUPPLIES,1.0,KA-NORTH,0.743,0.897,0.596,9.602
V0502,V0507,5,53,16,0.339,14.741,1.2947235395767972e-05,4.888,ELECTRICAL_EQUIPMENT,1.0,KA-NORTH,0.442,0.777,0.65,9.589
V0281,V0316,3,40,13,0.208,14.423,0.0009717103473163854,3.012,BUILDING_CONSTRUCTION,1.0,KA-SOUTH,0.375,0.75,0.662,9.555
V0022,V0331,3,24,18,0.173,17.361,0.0005775162363505987,3.238,MEDICAL_SUPPLIES,1.0,KA-NORTH,1.0,1.0,0.55,9.549
V0202,V0529,3,18,24,0.173,17.361,0.0005775162363505987,3.238,MEDICAL_SUPPLIES,1.0,KA-NORTH,1.0,1.0,0.55,9.549
V0145,V0337,3,18,24,0.173,17.361,0.0005775162363505987,3.238,VEHICLE_SUPPLIES,1.0,KA-NORTH,1.0,1.0,0.55,9.549
V0469,V0536,4,31,22,0.273,14.663,0.0001212308008412849,3.916,MEDICAL_SUPPLIES,1.0,KA-NORTH,0.444,0.778,0.65,9.531
V0259,V0521,4,39,17,0.265,15.083,0.00010412997170567269,3.982,IT_SERVICES,1.0,KA-NORTH,0.548,0.819,0.631,9.522
V0019,V0371,4,23,31,0.285,14.025,0.0001454840054468145,3.837,WATER_INFRASTRUCTURE,1.0,KA-NORTH,0.286,0.714,0.679,9.517
V0177,V0256,3,13,40,0.208,14.423,0.0009717103473163854,3.012,ELECTRICAL_EQUIPMENT,1.0,KA-CENTRAL,0.391,0.757,0.66,9.513
V0377,V0453,4,24,32,0.307,13.021,0.0001965257648095554,3.707,VEHICLE_SUPPLIES,0.778,KA-NORTH,0.333,0.6,0.73,9.505
V0180,V0472,3,14,37,0.207,14.479,0.0009714722033594367,3.013,VEHICLE_SUPPLIES,1.0,KA-NORTH,0.409,0.764,0.656,9.503
V0097,V0451,3,17,31,0.211,14.231,0.0010443000551912393,2.981,BUILDING_CONSTRUCTION,1.0,KA-SOUTH,0.346,0.738,0.668,9.502
V0054,V0356,4,33,23,0.304,13.175,0.0001868990643090379,3.728,WATER_INFRASTRUCTURE,0.567,KA-BENGALURU,0.7,0.62,0.721,9.499
V0189,V0263,3,10,49,0.196,15.306,0.0007712604685223646,3.113,VEHICLE_SUPPLIES,1.0,KA-SOUTH,0.609,0.843,0.62,9.496
V0204,V0431,3,23,23,0.212,14.178,0.0010690517304637796,2.971,MEDICAL_SUPPLIES,1.0,KA-NORTH,0.346,0.738,0.668,9.467
V0114,V0357,3,31,17,0.211,14.231,0.0010443000551912393,2.981,ROAD_CONSTRUCTION,1.0,KA-CENTRAL,0.36,0.744,0.665,9.466
V0114,V0401,3,31,16,0.198,15.121,0.0008672814090353165,3.062,WATER_INFRASTRUCTURE,1.0,KA-NORTH,0.583,0.833,0.625,9.451
V0376,V0511,3,27,18,0.194,15.432,0.0008233693542797998,3.084,ROAD_CONSTRUCTION,1.0,KA-CENTRAL,0.655,0.862,0.612,9.445
V0033,V0528,4,25,25,0.25,16.0,8.551705884819527e-05,4.068,MEDICAL_SUPPLIES,1.0,KA-CENTRAL,0.778,0.911,0.59,9.44
V0079,V0098,3,30,16,0.192,15.625,0.0007864260917252611,3.104,ELECTRICAL_EQUIPMENT,1.0,KA-BENGALURU,0.704,0.881,0.603,9.427
V0060,V0270,3,18,27,0.194,15.432,0.0008233693542797998,3.084,BUILDING_CONSTRUCTION,1.0,KA-SOUTH,0.667,0.867,0.61,9.414
V0161,V0221,3,34,15,0.204,14.706,0.0009358092391522028,3.029,VEHICLE_SUPPLIES,1.0,TN-NORTH,0.5,0.8,0.64,9.412
V0192,V0538,3,22,22,0.194,15.496,0.0008178947458082251,3.087,MEDICAL_SUPPLIES,1.0,KA-CENTRAL,0.682,0.873,0.607,9.41
V0397,V0402,4,24,29,0.278,14.368,0.0001323344268710297,3.878,VEHICLE_SUPPLIES,1.0,KA-NORTH,0.419,0.768,0.655,9.404
V0098,V0509,4,16,42,0.269,14.881,0.0001083214959715155,3.965,ELECTRICAL_EQUIPMENT,1.0,KA-BENGALURU,0.545,0.818,0.632,9.402
V0025,V0144,25,61,68,1.659,15.068,2.4907398644122487e-25,24.604,LAB_EQUIPMENT,0.913,KA-CENTRAL,0.719,0.836,0.624,9.401
V0014,V0278,6,46,22,0.405,14.822,1.6614159200844846e-06,5.78,FURNITURE,1.0,KA-NORTH,0.532,0.813,0.634,9.401
V0002,V0278,3,22,22,0.194,15.496,0.0008178947458082251,3.087,FURNITURE,1.0,KA-SOUTH,0.692,0.877,0.605,9.381
V0376,V0487,3,27,18,0.194,15.432,0.0008233693542797998,3.084,ROAD_CONSTRUCTION,1.0,KA-CENTRAL,0.679,0.871,0.608,9.38
V0032,V0245,3,14,38,0.213,14.098,0.001051245282835975,2.978,VEHICLE_SUPPLIES,1.0,KA-SOUTH,0.36,0.744,0.665,9.378
V0192,V0452,3,22,20,0.176,17.045,0.0006124160032287641,3.213,MEDICAL_SUPPLIES,1.0,KA-SOUTH,1.0,1.0,0.55,9.375
V0076,V0412,3,22,20,0.176,17.045,0.0006124160032287641,3.213,BUILDING_CONSTRUCTION,1.0,KA-SOUTH,1.0,1.0,0.55,9.375
V0042,V0358,5,49,17,0.333,15.006,1.2189192430155165e-05,4.914,ROAD_CONSTRUCTION,1.0,KA-NORTH,0.585,0.834,0.625,9.373
V0208,V0317,5,25,35,0.35,14.286,1.7395548534338132e-05,4.76,ELECTRICAL_EQUIPMENT,1.0,KA-CENTRAL,0.414,0.766,0.656,9.365
V0096,V0469,3,17,31,0.211,14.231,0.0010443000551912393,2.981,MEDICAL_SUPPLIES,1.0,KA-CENTRAL,0.4,0.76,0.658,9.364
V0431,V0447,3,23,20,0.184,16.304,0.0007006842370226003,3.154,MEDICAL_SUPPLIES,1.0,KA-SOUTH,0.867,0.947,0.574,9.358
V0012,V0329,3,19,27,0.205,14.62,0.0009707212202398751,3.013,MEDICAL_SUPPLIES,1.0,KA-BENGALURU,0.5,0.8,0.64,9.357
V0262,V0528,4,26,25,0.26,15.385,0.00010038473318500737,3.998,MEDICAL_SUPPLIES,1.0,KA-CENTRAL,0.679,0.871,0.608,9.352
V0245,V0397,5,38,24,0.365,13.706,2.132225329143729e-05,4.671,VEHICLE_SUPPLIES,0.824,KA-NORTH,0.529,0.706,0.682,9.352
V0326,V0402,5,27,29,0.313,15.964,9.90651016629362e-06,5.004,VEHICLE_SUPPLIES,1.0,KA-SOUTH,0.806,0.923,0.585,9.336
V0004,V0411,3,26,17,0.177,16.968,0.0006169170443165512,3.21,BUILDING_CONSTRUCTION,1.0,KA-CENTRAL,1.0,1.0,0.55,9.332
V0452,V0499,3,20,25,0.2,15.0,0.0009007158789399294,3.045,MEDICAL_SUPPLIES,1.0,KA-SOUTH,0.6,0.84,0.622,9.33
V0271,V0371,4,24,31,0.298,13.441,0.00017307116894139658,3.762,WATER_INFRASTRUCTURE,0.774,AP-SOUTH,0.548,0.684,0.692,9.305
V0203,V0219,4,15,45,0.27,14.815,0.00010831215617380847,3.965,FURNITURE,1.0,KA-CENTRAL,0.567,0.827,0.628,9.304
V0027,V0501,4,32,21,0.269,14.881,0.00011372283597803553,3.944,ELECTRICAL_EQUIPMENT,1.0,KA-NORTH,0.586,0.834,0.624,9.293
V0249,V0412,5,37,20,0.296,16.892,7.096287210939747e-06,5.149,BUILDING_CONSTRUCTION,1.0,KA-SOUTH,1.0,1.0,0.55,9.291
V0351,V0469,3,17,31,0.211,14.231,0.0010443000551912393,2.981,MEDICAL_SUPPLIES,1.0,KA-NORTH,0.429,0.771,0.653,9.291
V0002,V0007,5,22,39,0.343,14.569,1.5404509475922896e-05,4.812,FURNITURE,1.0,KA-BENGALURU,0.514,0.805,0.638,9.289
V0144,V0223,16,68,45,1.224,13.072,5.0187032206064545e-15,14.299,LAB_EQUIPMENT,0.721,KA-CENTRAL,0.529,0.644,0.71,9.283
V0070,V0396,5,17,51,0.347,14.418,1.4894336076540024e-05,4.827,IT_SERVICES,1.0,TN-NORTH,0.484,0.794,0.643,9.269
V0100,V0389,3,26,19,0.198,15.182,0.0008670291664161184,3.062,ROAD_CONSTRUCTION,1.0,KA-NORTH,0.667,0.867,0.61,9.261
V0197,V0326,4,25,27,0.27,14.815,0.0001170490074434377,3.932,VEHICLE_SUPPLIES,0.833,TN-NORTH,0.833,0.833,0.625,9.259
V0054,V0487,4,33,18,0.238,16.835,6.766997920347997e-05,4.17,ROAD_CONSTRUCTION,1.0,KA-CENTRAL,1.0,1.0,0.55,9.259
V0136,V0540,3,24,21,0.202,14.881,0.0009236264656832742,3.035,MEDICAL_SUPPLIES,1.0,KA-BENGALURU,0.6,0.84,0.622,9.256
V0345,V0426,6,27,40,0.432,13.889,2.6329887949418336e-06,5.58,WATER_INFRASTRUCTURE,0.689,KA-SOUTH,0.822,0.742,0.666,9.25
V0174,V0434,4,18,38,0.274,14.62,0.00011934284472634157,3.923,ELECTRICAL_EQUIPMENT,1.0,KA-SOUTH,0.542,0.817,0.633,9.247
V0224,V0426,9,42,40,0.672,13.393,8.101819931651956e-09,8.091,WATER_INFRASTRUCTURE,0.621,KA-SOUTH,0.788,0.688,0.69,9.247
V0219,V0388,5,45,19,0.342,14.62,1.4519732273150768e-05,4.838,FURNITURE,1.0,KA-CENTRAL,0.543,0.817,0.632,9.242
V0056,V0062,4,17,40,0.272,14.706,0.00011521526513278388,3.938,ELECTRICAL_EQUIPMENT,1.0,KA-CENTRAL,0.567,0.827,0.628,9.235
V0065,V0362,4,26,26,0.27,14.793,0.0001177994353678026,3.929,CIVIL_MAINTENANCE,1.0,KA-NORTH,0.588,0.835,0.624,9.233
V0003,V0239,3,40,13,0.208,14.423,0.0009717103473163854,3.012,VEHICLE_SUPPLIES,1.0,AP-SOUTH,0.5,0.8,0.64,9.231
V0382,V0469,3,16,31,0.198,15.121,0.0008672814090353165,3.062,MEDICAL_SUPPLIES,1.0,KA-BENGALURU,0.667,0.867,0.61,9.224
V0278,V0413,5,22,40,0.352,14.205,1.750459315500311e-05,4.757,FURNITURE,1.0,KA-NORTH,0.45,0.78,0.649,9.219
V0035,V0087,3,24,22,0.211,14.205,0.0010627301742178745,2.974,IT_SERVICES,1.0,KA-CENTRAL,0.45,0.78,0.649,9.219
V0445,V0526,3,16,28,0.179,16.741,0.0006395560487029986,3.194,ROAD_CONSTRUCTION,1.0,KA-SOUTH,1.0,1.0,0.55,9.208
V0262,V0540,3,26,21,0.218,13.736,0.001173695972765275,2.93,MEDICAL_SUPPLIES,1.0,KA-NORTH,0.333,0.733,0.67,9.203
V0233,V0403,3,16,34,0.218,13.787,0.0011410819455702353,2.943,IT_SERVICES,1.0,KA-NORTH,0.348,0.739,0.667,9.201
V0134,V0502,5,15,53,0.318,15.723,9.046059002284147e-06,5.044,IT_SERVICES,1.0,KA-NORTH,0.805,0.922,0.585,9.2
V0065,V0337,3,26,24,0.25,12.019,0.0017494813137992722,2.757,CIVIL_MAINTENANCE,0.609,KA-NORTH,0.391,0.522,0.765,9.197
V0430,V0464,4,20,33,0.264,15.152,0.00010516350067524888,3.978,ROAD_CONSTRUCTION,1.0,AP-SOUTH,0.686,0.874,0.607,9.191
V0159,V0320,8,40,40,0.64,12.5,1.0932071842505037e-07,6.961,WATER_INFRASTRUCTURE,0.574,KA-SOUTH,0.611,0.589,0.735,9.188
V0198,V0364,4,21,31,0.26,15.361,0.00010005411267620306,4.0,BUILDING_CONSTRUCTION,1.0,KA-NORTH,0.735,0.894,0.598,9.18
V0223,V0355,17,45,69,1.242,13.688,2.420887948782288e-16,15.616,LAB_EQUIPMENT,1.0,KA-CENTRAL,0.331,0.732,0.67,9.177
V0020,V0481,30,85,64,2.176,13.787,2.3427002992551757e-29,28.63,LAB_EQUIPMENT,0.866,KA-NORTH,0.563,0.745,0.665,9.168
V0409,V0499,3,18,25,0.18,16.667,0.0006533109193174875,3.185,MEDICAL_SUPPLIES,1.0,KA-CENTRAL,1.0,1.0,0.55,9.167
V0152,V0465,3,25,18,0.18,16.667,0.0006533109193174875,3.185,IT_SERVICES,1.0,KA-CENTRAL,1.0,1.0,0.55,9.167
V0033,V0164,4,25,24,0.24,16.667,7.232154348324958e-05,4.141,MEDICAL_SUPPLIES,1.0,KA-CENTRAL,1.0,1.0,0.55,9.167
V0251,V0313,3,19,28,0.213,14.098,0.0010819840938122844,2.966,WATER_INFRASTRUCTURE,1.0,KA-SOUTH,0.444,0.778,0.65,9.164
V0200,V0431,4,30,23,0.276,14.493,0.00012748969235238934,3.895,MEDICAL_SUPPLIES,1.0,KA-SOUTH,0.545,0.818,0.632,9.157
V0202,V0329,3,18,27,0.194,15.432,0.0008233693542797998,3.084,MEDICAL_SUPPLIES,1.0,KA-NORTH,0.76,0.904,0.593,9.154
V0141,V0200,5,28,30,0.336,14.881,1.4245249847348006e-05,4.846,MEDICAL_SUPPLIES,1.0,KA-NORTH,0.639,0.856,0.615,9.152
V0217,V0472,4,19,37,0.281,14.225,0.00013443313214652155,3.871,VEHICLE_SUPPLIES,1.0,TN-NORTH,0.484,0.794,0.643,9.145
V0050,V0184,18,55,63,1.386,12.987,9.154867153829238e-17,16.038,LAB_EQUIPMENT,0.763,KA-NORTH,0.504,0.659,0.703,9.134
V0302,V0383,5,24,36,0.346,14.468,1.6220660883019226e-05,4.79,ELECTRICAL_EQUIPMENT,1.0,KA-NORTH,0.55,0.82,0.631,9.129
V0187,V0251,4,34,19,0.258,15.48,9.577749156156756e-05,4.019,WATER_INFRASTRUCTURE,1.0,KA-NORTH,0.78,0.912,0.59,9.126
V0096,V0200,3,17,30,0.204,14.706,0.0009472253137508946,3.024,MEDICAL_SUPPLIES,1.0,KA-CENTRAL,0.609,0.843,0.62,9.124
V0319,V0546,4,34,20,0.272,14.706,0.0001185720851233651,3.926,FURNITURE,1.0,KA-NORTH,0.609,0.843,0.62,9.124
V0175,V0549,3,22,23,0.202,14.822,0.000935218441394491,3.029,IT_SERVICES,1.0,KA-SOUTH,0.64,0.856,0.615,9.113
V0072,V0399,3,58,9,0.209,14.368,0.0009018901053592869,3.045,ROAD_CONSTRUCTION,1.0,KA-NORTH,0.536,0.814,0.634,9.103
V0007,V0292,5,39,27,0.421,11.871,4.460293824989274e-05,4.351,FURNITURE,0.591,KA-CENTRAL,0.409,0.518,0.767,9.103
V0079,V0344,6,30,38,0.456,13.158,3.7283843244984726e-06,5.428,ELECTRICAL_EQUIPMENT,0.795,KA-SOUTH,0.523,0.686,0.691,9.094
V0475,V0538,3,24,22,0.211,14.205,0.0010627301742178745,2.974,MEDICAL_SUPPLIES,1.0,KA-NORTH,0.5,0.8,0.64,9.091
V0093,V0195,7,34,42,0.571,12.255,8.650433080006118e-07,6.063,BUILDING_CONSTRUCTION,0.592,KA-SOUTH,0.551,0.576,0.741,9.081
V0176,V0413,4,17,40,0.272,14.706,0.00011521526513278388,3.938,BUILDING_CONSTRUCTION,1.0,KA-NORTH,0.625,0.85,0.617,9.081
V0003,V0169,7,40,35,0.56,12.5,7.528451063739634e-07,6.123,CIVIL_MAINTENANCE,0.542,KA-SOUTH,0.708,0.608,0.726,9.078
V0022,V0234,3,24,21,0.202,14.881,0.0009236264656832742,3.035,MEDICAL_SUPPLIES,1.0,KA-CENTRAL,0.667,0.867,0.61,9.077
V0135,V0198,3,24,21,0.202,14.881,0.0009236264656832742,3.035,BUILDING_CONSTRUCTION,1.0,KA-NORTH,0.667,0.867,0.61,9.077
V0240,V0528,3,21,25,0.21,14.286,0.0010439070460858335,2.981,MEDICAL_SUPPLIES,1.0,KA-CENTRAL,0.526,0.811,0.635,9.075
V0387,V0510,5,35,30,0.42,11.905,4.436515634400785e-05,4.353,ROAD_CONSTRUCTION,0.548,KA-NORTH,0.5,0.529,0.762,9.073
V0031,V0291,3,13,38,0.198,15.182,0.0008347183528282279,3.078,IT_SERVICES,1.0,KA-SOUTH,0.737,0.895,0.597,9.069
V0114,V0547,7,31,48,0.595,11.761,1.1380170612924029e-06,5.944,ROAD_CONSTRUCTION,0.582,KA-NORTH,0.4,0.509,0.771,9.067
V0061,V0367,6,37,26,0.385,15.593,1.2814417057926703e-06,5.892,ELECTRICAL_EQUIPMENT,1.0,KA-NORTH,0.825,0.93,0.582,9.067
V0119,V0407,14,64,40,1.024,13.672,1.643888024402867e-13,12.784,LAB_EQUIPMENT,1.0,KA-CENTRAL,0.375,0.75,0.662,9.058
V0373,V0532,3,22,29,0.255,11.755,0.0018645504201086713,2.729,VEHICLE_SUPPLIES,0.55,KA-CENTRAL,0.45,0.51,0.77,9.057
V0431,V0538,3,23,22,0.202,14.822,0.000935218441394491,3.029,MEDICAL_SUPPLIES,1.0,KA-SOUTH,0.667,0.867,0.61,9.041
V0232,V0499,3,22,25,0.22,13.636,0.0012007664471861755,2.921,MEDICAL_SUPPLIES,1.0,KA-SOUTH,0.375,0.75,0.662,9.034
V0164,V0286,3,24,21,0.202,14.881,0.0009236264656832742,3.035,MEDICAL_SUPPLIES,1.0,KA-NORTH,0.684,0.874,0.607,9.03
V0055,V0363,4,16,45,0.288,13.889,0.00014252330792731058,3.846,BUILDING_CONSTRUCTION,1.0,KA-NORTH,0.444,0.778,0.65,9.028
V0269,V0361,3,39,13,0.203,14.793,0.000901551180974066,3.045,BUILDING_CONSTRUCTION,1.0,KA-CENTRAL,0.667,0.867,0.61,9.024
V0277,V0295,20,71,55,1.562,12.804,1.6376469818798502e-18,17.786,LAB_EQUIPMENT,0.787,KA-CENTRAL,0.46,0.656,0.705,9.024
V0143,V0224,3,13,42,0.218,13.736,0.0011222708580132137,2.95,WATER_INFRASTRUCTURE,1.0,KA-BENGALURU,0.409,0.764,0.656,9.016
V0056,V0080,4,17,39,0.265,15.083,0.00010412997170567269,3.982,ELECTRICAL_EQUIPMENT,1.0,KA-BENGALURU,0.735,0.894,0.598,9.014
V0092,V0242,5,20,41,0.328,15.244,1.1955755814548846e-05,4.922,FURNITURE,1.0,KA-SOUTH,0.775,0.91,0.59,9.002
V0039,V0515,3,56,9,0.202,14.881,0.0008131874724967654,3.09,BUILDING_CONSTRUCTION,1.0,KA-CENTRAL,0.696,0.878,0.605,9.0
V0373,V0390,3,22,23,0.202,14.822,0.000935218441394491,3.029,VEHICLE_SUPPLIES,1.0,TN-NORTH,0.684,0.874,0.607,8.995
V0119,V0355,23,64,69,1.766,13.021,1.6929011172413182e-21,20.771,LAB_EQUIPMENT,0.798,KA-SOUTH,0.525,0.689,0.69,8.987
V0043,V0045,3,51,9,0.184,16.34,0.0006165075311022112,3.21,ROAD_CONSTRUCTION,1.0,KA-SOUTH,1.0,1.0,0.55,8.987
V0138,V0249,4,18,37,0.266,15.015,0.00010726399624308345,3.97,BUILDING_CONSTRUCTION,1.0,KA-SOUTH,0.731,0.892,0.598,8.986
V0364,V0523,5,31,34,0.422,11.86,4.5279574766725416e-05,4.344,FURNITURE,0.628,KA-CENTRAL,0.419,0.544,0.755,8.956
V0375,V0453,3,17,32,0.218,13.787,0.0011474812006685015,2.94,VEHICLE_SUPPLIES,1.0,KA-BENGALURU,0.45,0.78,0.649,8.948
V0204,V0536,3,23,22,0.202,14.822,0.000935218441394491,3.029,MEDICAL_SUPPLIES,1.0,KA-NORTH,0.704,0.881,0.603,8.943
V0336,V0507,3,35,16,0.224,13.393,0.0012431772312238103,2.905,ELECTRICAL_EQUIPMENT,1.0,KA-NORTH,0.346,0.738,0.668,8.942
V0141,V0409,3,28,18,0.202,14.881,0.0009180177538108392,3.037,MEDICAL_SUPPLIES,1.0,KA-NORTH,0.72,0.888,0.6,8.935
V0220,V0487,4,37,18,0.266,15.015,0.00010726399624308345,3.97,ROAD_CONSTRUCTION,1.0,KA-NORTH,0.75,0.9,0.595,8.934
V0056,V0063,3,17,30,0.204,14.706,0.0009472253137508946,3.024,ELECTRICAL_EQUIPMENT,1.0,KA-CENTRAL,0.682,0.873,0.607,8.931
V0061,V0080,8,37,39,0.577,13.86,4.593224350347287e-08,7.338,ELECTRICAL_EQUIPMENT,1.0,KA-NORTH,0.476,0.79,0.644,8.93
V0175,V0459,3,22,21,0.185,16.234,0.000710412725155792,3.148,IT_SERVICES,1.0,KA-NORTH,1.0,1.0,0.55,8.929
V0367,V0513,8,26,55,0.572,13.986,3.747925636692137e-08,7.426,ELECTRICAL_EQUIPMENT,1.0,KA-NORTH,0.509,0.804,0.638,8.928
V0286,V0529,3,21,24,0.202,14.881,0.0009236264656832742,3.035,MEDICAL_SUPPLIES,1.0,KA-NORTH,0.724,0.89,0.6,8.923
V0329,V0528,4,27,25,0.27,14.815,0.0001170490074434377,3.932,MEDICAL_SUPPLIES,1.0,KA-NORTH,0.71,0.884,0.602,8.922
V0220,V0313,6,37,28,0.414,14.479,2.0523526530451525e-06,5.688,WATER_INFRASTRUCTURE,1.0,KA-CENTRAL,0.633,0.853,0.616,8.921
V0217,V0326,3,19,27,0.205,14.62,0.0009707212202398751,3.013,VEHICLE_SUPPLIES,1.0,TN-NORTH,0.667,0.867,0.61,8.918
V0200,V0538,4,30,22,0.264,15.152,0.00010620218343380745,3.974,MEDICAL_SUPPLIES,1.0,KA-NORTH,0.786,0.914,0.589,8.918
V0294,V0422,4,32,27,0.346,11.574,0.0003159332390889547,3.5,CIVIL_MAINTENANCE,0.605,KA-CENTRAL,0.368,0.511,0.77,8.915
V0016,V0122,9,50,36,0.72,12.5,1.5196954846077662e-08,7.818,BUILDING_CONSTRUCTION,0.725,KA-CENTRAL,0.507,0.638,0.713,8.913
V0003,V0441,4,40,17,0.272,14.706,0.00011521526513278388,3.938,VEHICLE_SUPPLIES,1.0,KA-SOUTH,0.69,0.876,0.606,8.91
V0475,V0536,3,24,22,0.211,14.205,0.0010627301742178745,2.974,MEDICAL_SUPPLIES,1.0,KA-CENTRAL,0.571,0.829,0.627,8.909
V0211,V0292,3,20,27,0.216,13.889,0.0011338154933890842,2.945,FURNITURE,1.0,KA-CENTRAL,0.5,0.8,0.64,8.889
V0082,V0176,3,32,17,0.218,13.787,0.0011474812006685015,2.94,BUILDING_CONSTRUCTION,1.0,KA-BENGALURU,0.476,0.79,0.644,8.883
V0230,V0275,9,41,46,0.754,11.93,2.4178898417602468e-08,7.617,VEHICLE_SUPPLIES,0.5,KA-CENTRAL,0.672,0.569,0.744,8.876
V0262,V0452,3,26,20,0.208,14.423,0.0010130049206859666,2.994,MEDICAL_SUPPLIES,1.0,KA-SOUTH,0.64,0.856,0.615,8.867
V0087,V0266,3,22,24,0.211,14.205,0.0010627301742178745,2.974,IT_SERVICES,1.0,KA-SOUTH,0.591,0.836,0.624,8.859
V0294,V0335,6,32,38,0.486,12.336,5.565283776773545e-06,5.255,CIVIL_MAINTENANCE,0.553,KA-NORTH,0.737,0.626,0.718,8.859
V0346,V0445,4,41,16,0.262,15.244,9.838594223316557e-05,4.007,ROAD_CONSTRUCTION,1.0,KA-SOUTH,0.828,0.931,0.581,8.857
V0021,V0421,4,15,46,0.276,14.493,0.00011820621635506568,3.927,ROAD_CONSTRUCTION,1.0,KA-CENTRAL,0.667,0.867,0.61,8.841
V0245,V0253,3,38,14,0.213,14.098,0.001051245282835975,2.978,VEHICLE_SUPPLIES,1.0,KA-NORTH,0.571,0.829,0.627,8.841
V0176,V0414,3,17,31,0.211,14.231,0.0010443000551912393,2.981,BUILDING_CONSTRUCTION,1.0,KA-NORTH,0.609,0.843,0.62,8.829
V0289,V0359,6,27,40,0.432,13.889,2.6329887949418336e-06,5.58,WATER_INFRASTRUCTURE,0.683,KA-NORTH,1.0,0.81,0.636,8.828
V0302,V0501,3,24,21,0.202,14.881,0.0009236264656832742,3.035,ELECTRICAL_EQUIPMENT,1.0,KA-NORTH,0.762,0.905,0.593,8.822
V0022,V0200,4,24,30,0.288,13.889,0.0001517133649455911,3.819,MEDICAL_SUPPLIES,1.0,KA-CENTRAL,0.529,0.812,0.635,8.815
V0100,V0531,5,26,43,0.447,11.181,5.974514761853538e-05,4.224,WATER_INFRASTRUCTURE,0.514,TN-NORTH,0.405,0.47,0.788,8.815
V0395,V0409,3,26,18,0.187,16.026,0.0007351971380695941,3.134,MEDICAL_SUPPLIES,1.0,KA-NORTH,1.0,1.0,0.55,8.814
V0160,V0294,3,16,32,0.205,14.648,0.0009532578680054198,3.021,VEHICLE_SUPPLIES,1.0,KA-CENTRAL,0.72,0.888,0.6,8.795
V0288,V0436,4,29,28,0.325,12.315,0.00024691934168880226,3.607,BUILDING_CONSTRUCTION,0.727,KA-CENTRAL,0.5,0.636,0.714,8.788
V0200,V0341,3,30,17,0.204,14.706,0.0009472253137508946,3.024,MEDICAL_SUPPLIES,1.0,KA-CENTRAL,0.737,0.895,0.597,8.785
V0041,V0050,11,39,55,0.858,12.821,2.1689335563474557e-10,9.664,LAB_EQUIPMENT,1.0,KA-SOUTH,0.25,0.7,0.685,8.782
V0014,V0322,9,46,40,0.736,12.228,1.9128820719949928e-08,7.718,FURNITURE,0.76,KA-NORTH,0.427,0.627,0.718,8.78
V0044,V0250,3,34,15,0.204,14.706,0.0009358092391522028,3.029,ROAD_CONSTRUCTION,1.0,KA-CENTRAL,0.739,0.896,0.597,8.779
V0020,V0041,18,85,39,1.326,13.575,2.0392232725343487e-17,16.691,LAB_EQUIPMENT,1.0,KA-CENTRAL,0.465,0.786,0.646,8.773
V0023,V0405,5,44,25,0.44,11.364,5.477129188571732e-05,4.261,ELECTRICAL_EQUIPMENT,0.649,KA-SOUTH,0.297,0.508,0.771,8.766
V0025,V0050,18,61,55,1.342,13.413,4.776685097044285e-17,16.321,LAB_EQUIPMENT,0.966,KA-CENTRAL,0.483,0.772,0.652,8.751
V0192,V0378,3,22,24,0.211,14.205,0.0010627301742178745,2.974,MEDICAL_SUPPLIES,1.0,KA-CENTRAL,0.636,0.855,0.615,8.743
V0245,V0422,5,38,27,0.41,12.183,3.917364053389763e-05,4.407,VEHICLE_SUPPLIES,0.528,KA-NORTH,0.778,0.628,0.718,8.741
V0026,V0041,9,44,39,0.686,13.112,9.884598990098092e-09,8.005,LAB_EQUIPMENT,1.0,KA-CENTRAL,0.354,0.742,0.666,8.735
V0114,V0437,5,31,33,0.409,12.219,3.895993601825629e-05,4.409,WATER_INFRASTRUCTURE,0.78,KA-CENTRAL,0.415,0.634,0.715,8.732
V0328,V0402,3,20,29,0.232,12.931,0.0014019804065903748,2.853,CIVIL_MAINTENANCE,0.722,KA-NORTH,0.722,0.722,0.675,8.728
V0395,V0538,3,26,22,0.229,13.112,0.0013496540565011278,2.87,MEDICAL_SUPPLIES,1.0,KA-SOUTH,0.36,0.744,0.665,8.722
V0090,V0499,3,21,25,0.21,14.286,0.0010439070460858335,2.981,MEDICAL_SUPPLIES,1.0,KA-SOUTH,0.667,0.867,0.61,8.714
V0107,V0309,6,19,56,0.426,14.098,2.0863808819996776e-06,5.681,BUILDING_CONSTRUCTION,1.0,KA-NORTH,0.622,0.849,0.618,8.714
V0392,V0545,3,33,17,0.224,13.369,0.001256916762419426,2.901,IT_SERVICES,1.0,KA-CENTRAL,0.435,0.774,0.652,8.713
V0130,V0273,3,27,22,0.238,12.626,0.0015097102425455468,2.821,ROAD_CONSTRUCTION,0.69,KA-NORTH,0.69,0.69,0.69,8.708
V0180,V0335,3,14,38,0.213,14.098,0.001051245282835975,2.978,VEHICLE_SUPPLIES,1.0,KA-NORTH,0.625,0.85,0.617,8.706
V0158,V0282,3,34,16,0.218,13.787,0.0011410819455702353,2.943,VEHICLE_SUPPLIES,1.0,KA-CENTRAL,0.55,0.82,0.631,8.7
V0100,V0339,3,26,22,0.229,13.112,0.0013496540565011278,2.87,ROAD_CONSTRUCTION,1.0,KA-NORTH,0.37,0.748,0.663,8.698
V0355,V0481,22,69,64,1.766,12.455,4.729013962692668e-20,19.325,LAB_EQUIPMENT,0.914,KA-NORTH,0.309,0.672,0.698,8.689
V0307,V0355,17,50,69,1.38,12.319,1.953859767121175e-15,14.709,LAB_EQUIPMENT,0.907,KA-SOUTH,0.28,0.656,0.705,8.682
V0153,V0386,5,36,22,0.317,15.783,1.0261281999094461e-05,4.989,ROAD_CONSTRUCTION,1.0,KA-NORTH,1.0,1.0,0.55,8.681
V0251,V0510,3,19,30,0.228,13.158,0.0013280664059820094,2.877,WATER_INFRASTRUCTURE,1.0,TN-NORTH,0.391,0.757,0.66,8.679
V0041,V0119,13,39,64,0.998,13.021,2.7859381307934186e-12,11.555,LAB_EQUIPMENT,1.0,KA-CENTRAL,0.354,0.741,0.666,8.677
V0380,V0404,5,28,38,0.426,11.748,4.716385930023527e-05,4.326,VEHICLE_SUPPLIES,0.727,KA-NORTH,0.364,0.582,0.738,8.672
V0151,V0352,5,23,38,0.35,14.302,1.7068296857968193e-05,4.768,FURNITURE,1.0,KA-CENTRAL,0.69,0.876,0.606,8.665
V0121,V0484,5,43,26,0.447,11.181,5.974514761853538e-05,4.224,ROAD_CONSTRUCTION,0.5,KA-NORTH,0.5,0.5,0.775,8.665
V0093,V0097,3,34,17,0.231,12.976,0.0013727515792686168,2.862,BUILDING_CONSTRUCTION,1.0,KA-SOUTH,0.346,0.738,0.668,8.664
V0160,V0488,3,16,36,0.23,13.021,0.0013508890440554516,2.869,VEHICLE_SUPPLIES,1.0,KA-NORTH,0.36,0.744,0.665,8.662
V0002,V0276,5,22,41,0.361,13.858,1.982189416132333e-05,4.703,FURNITURE,1.0,KA-CENTRAL,0.583,0.833,0.625,8.661
V0016,V0060,5,50,18,0.36,13.889,1.8396330310286845e-05,4.735,BUILDING_CONSTRUCTION,1.0,KA-SOUTH,0.595,0.838,0.623,8.651
V0353,V0391,3,19,29,0.22,13.612,0.001201030105914404,2.92,ROAD_CONSTRUCTION,1.0,KA-SOUTH,0.529,0.812,0.635,8.64
V0026,V0314,3,44,13,0.229,13.112,0.0012869163274319831,2.89,IT_SERVICES,1.0,KA-NORTH,0.4,0.76,0.658,8.628
V0041,V0481,12,39,64,0.998,12.019,6.252327977039582e-11,10.204,LAB_EQUIPMENT,0.823,KA-NORTH,0.333,0.627,0.718,8.627
V0161,V0377,4,34,24,0.326,12.255,0.0002502063591854713,3.602,CIVIL_MAINTENANCE,0.63,KA-SOUTH,0.704,0.659,0.703,8.619
V0007,V0244,10,39,50,0.78,12.821,1.6490067569806025e-09,8.783,FURNITURE,0.901,KA-NORTH,0.469,0.728,0.672,8.619
V0456,V0494,3,18,29,0.209,14.368,0.0010193282979690634,2.992,IT_SERVICES,1.0,KA-NORTH,0.724,0.89,0.6,8.616
V0161,V0303,4,34,27,0.367,10.893,0.0004014577238277861,3.396,VEHICLE_SUPPLIES,0.524,TN-NORTH,0.381,0.467,0.79,8.605
V0147,V0307,3,11,50,0.22,13.636,0.001109961694986284,2.955,MEDICAL_SUPPLIES,1.0,AP-SOUTH,0.55,0.82,0.631,8.604
V0204,V0528,3,23,25,0.23,13.043,0.0013717799088539255,2.863,MEDICAL_SUPPLIES,1.0,KA-NORTH,0.391,0.757,0.66,8.603
V0427,V0526,3,19,28,0.213,14.098,0.0010819840938122844,2.966,ROAD_CONSTRUCTION,1.0,KA-SOUTH,0.667,0.867,0.61,8.6
V0243,V0529,3,20,24,0.192,15.625,0.0007966954769644509,3.099,MEDICAL_SUPPLIES,1.0,KA-NORTH,1.0,1.0,0.55,8.594
V0378,V0452,3,24,20,0.192,15.625,0.0007966954769644509,3.099,MEDICAL_SUPPLIES,1.0,KA-SOUTH,1.0,1.0,0.55,8.594
V0223,V0481,15,45,64,1.152,13.021,4.591482962647212e-14,13.338,LAB_EQUIPMENT,1.0,KA-NORTH,0.39,0.756,0.66,8.591
V0073,V0511,4,44,18,0.317,12.626,0.00021360706845618865,3.67,ROAD_CONSTRUCTION,1.0,AP-SOUTH,0.278,0.711,0.68,8.586
V0142,V0328,3,29,20,0.232,12.931,0.0014019804065903748,2.853,VEHICLE_SUPPLIES,1.0,KA-CENTRAL,0.368,0.747,0.664,8.582
V0289,V0496,4,27,26,0.281,14.245,0.00013731056140129118,3.862,WATER_INFRASTRUCTURE,1.0,KA-NORTH,0.71,0.884,0.602,8.579
V0221,V0488,3,15,36,0.216,13.889,0.0011085374651842593,2.955,VEHICLE_SUPPLIES,1.0,KA-CENTRAL,0.625,0.85,0.617,8.576
V0026,V0481,15,44,64,1.126,13.317,3.119157778758986e-14,13.506,LAB_EQUIPMENT,1.0,KA-NORTH,0.478,0.791,0.644,8.575
V0281,V0388,4,40,19,0.304,13.158,0.00018334073198345415,3.737,FURNITURE,1.0,KA-CENTRAL,0.438,0.775,0.651,8.569
V0079,V0174,3,30,18,0.216,13.889,0.0011274827742963171,2.948,ELECTRICAL_EQUIPMENT,1.0,KA-SOUTH,0.63,0.852,0.617,8.565
V0081,V0386,3,25,22,0.22,13.636,0.0012007664471861755,2.921,ROAD_CONSTRUCTION,1.0,KA-NORTH,0.567,0.827,0.628,8.563
V0050,V0407,11,55,40,0.88,12.5,2.942811837131031e-10,9.531,LAB_EQUIPMENT,0.921,KA-CENTRAL,0.371,0.701,0.684,8.556
V0465,V0494,3,18,29,0.209,14.368,0.0010193282979690634,2.992,IT_SERVICES,1.0,KA-CENTRAL,0.75,0.9,0.595,8.549
V0263,V0282,4,49,16,0.314,12.755,0.00019955081110788008,3.7,VEHICLE_SUPPLIES,1.0,KA-NORTH,0.333,0.733,0.67,8.546
V0176,V0451,3,17,31,0.211,14.231,0.0010443000551912393,2.981,BUILDING_CONSTRUCTION,1.0,KA-CENTRAL,0.72,0.888,0.6,8.544
V0363,V0411,4,45,17,0.306,13.072,0.000183934353998811,3.735,BUILDING_CONSTRUCTION,1.0,KA-CENTRAL,0.429,0.771,0.653,8.534
V0038,V0151,3,25,23,0.23,13.043,0.0013717799088539255,2.863,FURNITURE,1.0,KA-SOUTH,0.421,0.768,0.654,8.533
V0266,V0494,4,24,29,0.278,14.368,0.0001323344268710297,3.878,IT_SERVICES,1.0,KA-CENTRAL,0.759,0.903,0.593,8.527
V0011,V0266,5,40,24,0.384,13.021,2.759638684912733e-05,4.559,IT_SERVICES,1.0,KA-SOUTH,0.419,0.768,0.655,8.522
V0231,V0459,3,26,21,0.218,13.736,0.001173695972765275,2.93,IT_SERVICES,1.0,KA-NORTH,0.609,0.843,0.62,8.522
V0292,V0473,3,27,19,0.205,14.62,0.0009707212202398751,3.013,FURNITURE,1.0,KA-SOUTH,0.818,0.927,0.583,8.519
V0217,V0380,3,19,28,0.213,14.098,0.0010819840938122844,2.966,VEHICLE_SUPPLIES,1.0,KA-BENGALURU,0.7,0.88,0.604,8.515
V0201,V0306,4,38,17,0.258,15.48,9.384305348390776e-05,4.028,BUILDING_CONSTRUCTION,1.0,KA-SOUTH,1.0,1.0,0.55,8.514
V0378,V0538,3,24,22,0.211,14.205,0.0010627301742178745,2.974,MEDICAL_SUPPLIES,1.0,KA-CENTRAL,0.727,0.891,0.599,8.51
V0207,V0219,3,12,45,0.216,13.889,0.0010708875310012067,2.97,BUILDING_CONSTRUCTION,1.0,KA-SOUTH,0.652,0.861,0.613,8.509
V0295,V0407,11,55,40,0.88,12.5,2.942811837131031e-10,9.531,LAB_EQUIPMENT,0.918,KA-NORTH,0.4,0.711,0.68,8.503
V0204,V0378,3,23,24,0.221,13.587,0.0012144475241195956,2.916,MEDICAL_SUPPLIES,1.0,KA-SOUTH,0.579,0.832,0.626,8.503
V0041,V0407,8,39,40,0.624,12.821,8.847306559839794e-08,7.053,LAB_EQUIPMENT,1.0,AP-SOUTH,0.377,0.751,0.662,8.49
V0035,V0514,3,24,22,0.211,14.205,0.0010627301742178745,2.974,IT_SERVICES,1.0,KA-CENTRAL,0.737,0.895,0.597,8.486
V0079,V0369,3,30,19,0.228,13.158,0.0013280664059820094,2.877,IT_SERVICES,1.0,KA-CENTRAL,0.474,0.789,0.645,8.483
V0286,V0395,3,21,26,0.218,13.736,0.001173695972765275,2.93,MEDICAL_SUPPLIES,1.0,KA-NORTH,0.625,0.85,0.617,8.482
V0062,V0417,8,40,37,0.592,13.514,5.681721321644039e-08,7.246,ELECTRICAL_EQUIPMENT,1.0,KA-SOUTH,0.569,0.828,0.628,8.481
V0355,V0407,14,69,40,1.104,12.681,5.052207927379373e-13,12.297,LAB_EQUIPMENT,1.0,KA-SOUTH,0.342,0.737,0.668,8.477
V0054,V0400,4,33,24,0.317,12.626,0.00022219696614426848,3.653,WATER_INFRASTRUCTURE,0.828,KA-CENTRAL,0.586,0.731,0.671,8.472
V0219,V0318,3,45,12,0.216,13.889,0.0010708875310012067,2.97,BUILDING_CONSTRUCTION,1.0,KA-CENTRAL,0.667,0.867,0.61,8.472
V0015,V0219,3,12,45,0.216,13.889,0.0010708875310012067,2.97,FURNITURE,1.0,KA-SOUTH,0.667,0.867,0.61,8.472
V0050,V0113,12,55,46,1.012,11.858,8.132982224082768e-11,10.09,LAB_EQUIPMENT,0.727,KA-NORTH,0.5,0.636,0.714,8.462
V0057,V0133,3,15,37,0.222,13.514,0.001201991052792093,2.92,ROAD_CONSTRUCTION,1.0,KA-SOUTH,0.577,0.831,0.626,8.462
V0162,V0321,3,35,16,0.224,13.393,0.0012431772312238103,2.905,ELECTRICAL_EQUIPMENT,1.0,KA-CENTRAL,0.55,0.82,0.631,8.451
V0217,V0404,4,19,38,0.289,13.85,0.00014952341956670157,3.825,VEHICLE_SUPPLIES,1.0,KA-BENGALURU,0.667,0.867,0.61,8.448
V0294,V0375,3,32,17,0.218,13.787,0.0011474812006685015,2.94,VEHICLE_SUPPLIES,1.0,KA-CENTRAL,0.652,0.861,0.613,8.446
V0161,V0360,4,34,25,0.34,11.765,0.0002950054430165081,3.53,VEHICLE_SUPPLIES,0.5,KA-SOUTH,0.821,0.629,0.717,8.437
V0244,V0388,5,50,19,0.38,13.158,2.459171238815555e-05,4.609,FURNITURE,1.0,KA-SOUTH,0.5,0.8,0.64,8.421
V0280,V0388,4,36,19,0.274,14.62,0.00012048141370962091,3.919,FURNITURE,1.0,KA-SOUTH,0.857,0.943,0.576,8.417
V0211,V0322,4,20,40,0.32,12.5,0.00022653817474733808,3.645,FURNITURE,1.0,KA-BENGALURU,0.321,0.729,0.672,8.402
V0307,V0407,10,50,40,0.8,12.5,2.166342360188847e-09,8.664,LAB_EQUIPMENT,1.0,KA-NORTH,0.322,0.729,0.672,8.401
V0328,V0380,3,20,28,0.224,13.393,0.0012633939923310843,2.898,VEHICLE_SUPPLIES,1.0,KA-NORTH,0.571,0.829,0.627,8.399
V0078,V0194,3,36,16,0.23,13.021,0.0013508890440554516,2.869,ROAD_CONSTRUCTION,1.0,TN-NORTH,0.474,0.789,0.645,8.395
V0185,V0313,3,19,28,0.213,14.098,0.0010819840938122844,2.966,WATER_INFRASTRUCTURE,1.0,KA-SOUTH,0.75,0.9,0.595,8.388
V0040,V0056,3,35,17,0.238,12.605,0.0014951273524220455,2.825,ELECTRICAL_EQUIPMENT,1.0,AP-SOUTH,0.36,0.744,0.665,8.385
V0015,V0242,3,12,41,0.197,15.244,0.0008132916378899977,3.09,FURNITURE,1.0,KA-SOUTH,1.0,1.0,0.55,8.384
V0033,V0420,3,25,22,0.22,13.636,0.0012007664471861755,2.921,MEDICAL_SUPPLIES,1.0,KA-CENTRAL,0.647,0.859,0.614,8.366
V0377,V0488,4,24,36,0.346,11.574,0.00031373425658745525,3.503,VEHICLE_SUPPLIES,0.676,KA-NORTH,0.529,0.618,0.722,8.357
V0061,V0507,3,37,16,0.237,12.669,0.001464335132637058,2.834,ELECTRICAL_EQUIPMENT,1.0,KA-BENGALURU,0.391,0.757,0.66,8.356
V0002,V0254,5,22,43,0.378,13.214,2.5170964523177677e-05,4.599,FURNITURE,1.0,KA-SOUTH,0.543,0.817,0.632,8.355
V0313,V0345,4,28,27,0.302,13.228,0.00018529243110944191,3.732,WATER_INFRASTRUCTURE,1.0,KA-CENTRAL,0.548,0.819,0.631,8.351
V0191,V0320,5,22,40,0.352,14.205,1.750459315500311e-05,4.757,ROAD_CONSTRUCTION,1.0,KA-SOUTH,0.789,0.916,0.588,8.351
V0360,V0472,4,25,37,0.37,10.811,0.0004116863610480978,3.385,VEHICLE_SUPPLIES,0.529,KA-SOUTH,0.471,0.506,0.772,8.35
V0262,V0463,3,26,19,0.198,15.182,0.0008670291664161184,3.062,MEDICAL_SUPPLIES,1.0,KA-CENTRAL,1.0,1.0,0.55,8.35
V0468,V0548,3,26,19,0.198,15.182,0.0008670291664161184,3.062,BUILDING_CONSTRUCTION,1.0,KA-CENTRAL,1.0,1.0,0.55,8.35
V0004,V0548,3,26,19,0.198,15.182,0.0008670291664161184,3.062,BUILDING_CONSTRUCTION,1.0,KA-CENTRAL,1.0,1.0,0.55,8.35
V0216,V0429,3,19,26,0.198,15.182,0.0008670291664161184,3.062,WATER_INFRASTRUCTURE,1.0,KA-NORTH,1.0,1.0,0.55,8.35
V0041,V0144,14,39,68,1.061,13.198,2.6990120167449106e-13,12.569,LAB_EQUIPMENT,1.0,KA-CENTRAL,0.542,0.817,0.632,8.346
V0050,V0295,15,55,55,1.21,12.397,1.1244575522346499e-13,12.949,LAB_EQUIPMENT,0.937,KA-BENGALURU,0.411,0.726,0.673,8.345
V0144,V0407,14,68,40,1.088,12.868,4.0675489080773705e-13,12.391,LAB_EQUIPMENT,1.0,KA-CENTRAL,0.454,0.781,0.648,8.343
V0072,V0089,5,58,16,0.371,13.47,2.029182912453873e-05,4.693,ROAD_CONSTRUCTION,1.0,KA-CENTRAL,0.615,0.846,0.619,8.341
V0402,V0453,4,29,32,0.371,10.776,0.0004199334640957468,3.377,CIVIL_MAINTENANCE,0.514,KA-BENGALURU,0.486,0.503,0.774,8.338
V0201,V0541,4,38,20,0.304,13.158,0.00018487170317343417,3.733,BUILDING_CONSTRUCTION,1.0,KA-SOUTH,0.538,0.815,0.633,8.33
V0204,V0469,4,23,31,0.285,14.025,0.0001454840054468145,3.837,MEDICAL_SUPPLIES,1.0,KA-NORTH,0.757,0.903,0.594,8.328
V0114,V0531,6,31,43,0.533,11.253,9.668193288631582e-06,5.015,WATER_INFRASTRUCTURE,0.578,KA-BENGALURU,0.578,0.578,0.74,8.327
V0142,V0337,3,29,24,0.278,10.776,0.002412589473644424,2.618,VEHICLE_SUPPLIES,0.526,KA-NORTH,0.474,0.505,0.773,8.326
V0088,V0496,5,38,26,0.395,12.652,3.2275102992754365e-05,4.491,WATER_INFRASTRUCTURE,1.0,TN-NORTH,0.4,0.76,0.658,8.325
V0266,V0514,3,24,22,0.211,14.205,0.0010627301742178745,2.974,IT_SERVICES,1.0,KA-SOUTH,0.8,0.92,0.586,8.324
V0098,V0384,4,16,45,0.288,13.889,0.00014252330792731058,3.846,ELECTRICAL_EQUIPMENT,1.0,KA-NORTH,0.727,0.891,0.599,8.321
V0061,V0098,3,37,16,0.237,12.669,0.001464335132637058,2.834,ELECTRICAL_EQUIPMENT,1.0,KA-BENGALURU,0.409,0.764,0.656,8.315
V0185,V0426,4,19,40,0.304,13.158,0.00018334073198345415,3.737,WATER_INFRASTRUCTURE,1.0,KA-SOUTH,0.545,0.818,0.632,8.313
V0476,V0526,3,21,28,0.235,12.755,0.001462928625334514,2.835,ROAD_CONSTRUCTION,1.0,KA-SOUTH,0.438,0.775,0.651,8.307
V0431,V0469,4,23,31,0.285,14.025,0.0001454840054468145,3.837,MEDICAL_SUPPLIES,1.0,KA-SOUTH,0.767,0.907,0.592,8.303
V0035,V0513,7,24,55,0.528,13.258,4.380543095244407e-07,6.358,IT_SERVICES,1.0,KA-NORTH,0.578,0.831,0.626,8.3
V0059,V0135,4,32,24,0.307,13.021,0.0001965257648095554,3.707,BUILDING_CONSTRUCTION,1.0,KA-CENTRAL,0.515,0.806,0.637,8.298
V0026,V0295,11,44,55,0.968,11.364,9.140483043914157e-10,9.039,LAB_EQUIPMENT,0.756,KA-NORTH,0.372,0.603,0.729,8.283
V0346,V0470,6,41,33,0.541,11.086,1.0652770618167364e-05,4.973,WATER_INFRASTRUCTURE,0.649,KA-SOUTH,0.432,0.562,0.747,8.282
V0007,V0546,4,39,20,0.312,12.821,0.00020493945336539613,3.688,FURNITURE,1.0,KA-BENGALURU,0.471,0.788,0.645,8.273
V0216,V0387,4,19,35,0.266,15.038,0.0001076140060427584,3.968,WATER_INFRASTRUCTURE,1.0,KA-NORTH,1.0,1.0,0.55,8.271
V0138,V0166,3,18,31,0.223,13.441,0.0012426588469033471,2.906,BUILDING_CONSTRUCTION,1.0,KA-CENTRAL,0.64,0.856,0.615,8.264
V0303,V0422,4,27,27,0.292,13.717,0.0001600019920630986,3.796,VEHICLE_SUPPLIES,0.806,TN-NORTH,1.0,0.884,0.602,8.261
V0395,V0408,3,26,21,0.218,13.736,0.001173695972765275,2.93,MEDICAL_SUPPLIES,1.0,KA-NORTH,0.714,0.886,0.601,8.261
V0338,V0365,4,45,21,0.378,10.582,0.00043878342371148597,3.358,IT_SERVICES,0.55,KA-SOUTH,0.4,0.49,0.78,8.249
V0259,V0513,10,39,55,0.858,11.655,4.449147686764479e-09,8.352,IT_SERVICES,0.57,KA-NORTH,0.772,0.651,0.707,8.243
V0404,V0492,3,38,14,0.213,14.098,0.001051245282835975,2.978,VEHICLE_SUPPLIES,1.0,KA-NORTH,0.808,0.923,0.585,8.242
V0015,V0244,3,12,50,0.24,12.5,0.001459165364583846,2.836,FURNITURE,1.0,KA-SOUTH,0.393,0.757,0.659,8.241
V0038,V0278,3,25,22,0.22,13.636,0.0012007664471861755,2.921,FURNITURE,1.0,KA-CENTRAL,0.7,0.88,0.604,8.236
V0487,V0516,3,18,32,0.23,13.021,0.0013650301063481488,2.865,ROAD_CONSTRUCTION,1.0,KA-BENGALURU,0.542,0.817,0.633,8.236
V0174,V0454,4,18,43,0.31,12.92,0.0001950683417853023,3.71,ELECTRICAL_EQUIPMENT,1.0,KA-SOUTH,0.515,0.806,0.637,8.234
V0146,V0494,3,19,29,0.22,13.612,0.001201030105914404,2.92,IT_SERVICES,1.0,KA-CENTRAL,0.696,0.878,0.605,8.232
V0153,V0429,5,36,26,0.374,13.355,2.458589795018237e-05,4.609,WATER_INFRASTRUCTURE,1.0,KA-NORTH,0.632,0.853,0.616,8.231
V0322,V0546,4,40,20,0.32,12.5,0.00022653817474733808,3.645,FURNITURE,1.0,KA-NORTH,0.4,0.76,0.658,8.225
V0023,V0061,9,44,37,0.651,13.821,5.953294552869733e-09,8.225,ELECTRICAL_EQUIPMENT,1.0,KA-NORTH,0.75,0.9,0.595,8.223
V0169,V0360,4,35,25,0.35,11.429,0.00033082607456259443,3.48,VEHICLE_SUPPLIES,0.8,TN-NORTH,0.36,0.624,0.719,8.22
V0246,V0531,3,13,43,0.224,13.417,0.0012028013091383875,2.92,WATER_INFRASTRUCTURE,1.0,KA-BENGALURU,0.652,0.861,0.613,8.219
V0228,V0245,6,34,38,0.517,11.61,8.078388726913304e-06,5.093,VEHICLE_SUPPLIES,0.625,KA-NORTH,0.688,0.65,0.708,8.214
V0369,V0494,3,19,29,0.22,13.612,0.001201030105914404,2.92,IT_SERVICES,1.0,KA-CENTRAL,0.708,0.883,0.602,8.201
V0211,V0504,4,20,41,0.328,12.195,0.0002497362740914234,3.603,FURNITURE,1.0,KA-BENGALURU,0.321,0.729,0.672,8.197
V0203,V0370,3,15,37,0.222,13.514,0.001201991052792093,2.92,FURNITURE,1.0,KA-BENGALURU,0.688,0.875,0.606,8.193
V0137,V0346,3,13,41,0.213,14.071,0.001045261890978637,2.981,ROAD_CONSTRUCTION,1.0,KA-NORTH,0.824,0.929,0.582,8.186
V0141,V0202,3,28,18,0.202,14.881,0.0009180177538108392,3.037,MEDICAL_SUPPLIES,1.0,KA-NORTH,1.0,1.0,0.55,8.185
V0286,V0329,3,21,27,0.227,13.228,0.001313277650581942,2.882,MEDICAL_SUPPLIES,1.0,KA-NORTH,0.625,0.85,0.617,8.168
V0142,V0472,5,29,37,0.429,11.65,4.934220953333574e-05,4.307,CIVIL_MAINTENANCE,0.794,KA-CENTRAL,0.471,0.665,0.701,8.165
V0134,V0258,3,15,37,0.222,13.514,0.001201991052792093,2.92,IT_SERVICES,1.0,KA-NORTH,0.7,0.88,0.604,8.162
V0217,V0263,5,19,49,0.372,13.426,2.2237467198565443e-05,4.653,VEHICLE_SUPPLIES,1.0,KA-CENTRAL,0.682,0.873,0.607,8.153
V0514,V0549,3,22,23,0.202,14.822,0.000935218441394491,3.029,IT_SERVICES,1.0,KA-SOUTH,1.0,1.0,0.55,8.152
V0141,V0262,4,28,26,0.291,13.736,0.0001590653091354563,3.798,MEDICAL_SUPPLIES,1.0,KA-NORTH,0.765,0.906,0.592,8.137
V0143,V0297,3,13,39,0.203,14.793,0.000901551180974066,3.045,WATER_INFRASTRUCTURE,1.0,KA-NORTH,1.0,1.0,0.55,8.136
V0291,V0367,5,38,26,0.395,12.652,3.2275102992754365e-05,4.491,ELECTRICAL_EQUIPMENT,1.0,KA-BENGALURU,0.484,0.794,0.643,8.134
V0242,V0388,4,41,19,0.312,12.837,0.00020218017043604854,3.694,FURNITURE,1.0,KA-CENTRAL,0.536,0.814,0.634,8.133
V0113,V0407,9,46,40,0.736,12.228,1.9128820719949928e-08,7.718,LAB_EQUIPMENT,0.779,KA-NORTH,0.691,0.744,0.665,8.133
V0008,V0338,4,17,45,0.306,13.072,0.000183934353998811,3.735,IT_SERVICES,1.0,KA-NORTH,0.6,0.84,0.622,8.131
V0320,V0356,4,40,23,0.368,10.87,0.00039990700105196897,3.398,ROAD_CONSTRUCTION,0.56,KA-SOUTH,0.56,0.56,0.748,8.131
V0178,V0233,4,49,16,0.314,12.755,0.00019955081110788008,3.7,IT_SERVICES,1.0,KA-NORTH,0.515,0.806,0.637,8.128
V0161,V0422,4,34,27,0.367,10.893,0.0004014577238277861,3.396,VEHICLE_SUPPLIES,0.679,TN-NORTH,0.393,0.564,0.746,8.127
V0152,V0266,3,25,24,0.24,12.5,0.0015574168181925934,2.808,IT_SERVICES,1.0,TN-NORTH,0.444,0.778,0.65,8.125
V0215,V0423,3,51,11,0.224,13.369,0.0011764796490904932,2.929,IT_SERVICES,1.0,KA-CENTRAL,0.68,0.872,0.608,8.123
V0022,V0475,3,24,24,0.23,13.021,0.001379205385227472,2.86,MEDICAL_SUPPLIES,1.0,KA-NORTH,0.591,0.836,0.624,8.12
V0145,V0453,3,18,32,0.23,13.021,0.0013650301063481488,2.865,VEHICLE_SUPPLIES,1.0,KA-NORTH,0.591,0.836,0.624,8.12
V0528,V0536,3,25,22,0.22,13.636,0.0012007664471861755,2.921,MEDICAL_SUPPLIES,1.0,KA-CENTRAL,0.75,0.9,0.595,8.113
V0012,V0200,3,19,30,0.228,13.158,0.0013280664059820094,2.877,MEDICAL_SUPPLIES,1.0,KA-CENTRAL,0.632,0.853,0.616,8.109
V0441,V0453,3,17,32,0.218,13.787,0.0011474812006685015,2.94,VEHICLE_SUPPLIES,1.0,KA-SOUTH,0.789,0.916,0.588,8.105
V0413,V0504,8,40,41,0.656,12.195,1.34261886724194e-07,6.872,FURNITURE,0.847,KA-NORTH,0.593,0.746,0.664,8.102
V0074,V0191,3,28,22,0.246,12.175,0.0016812428389860023,2.774,ROAD_CONSTRUCTION,1.0,KA-BENGALURU,0.36,0.744,0.665,8.099
V0197,V0533,4,25,37,0.37,10.811,0.0004116863610480978,3.385,CIVIL_MAINTENANCE,0.708,KA-NORTH,0.333,0.558,0.749,8.095
V0113,V0295,12,46,55,1.012,11.858,8.132982224082768e-11,10.09,LAB_EQUIPMENT,0.837,KA-NORTH,0.511,0.707,0.682,8.088
V0063,V0256,6,30,40,0.48,12.5,5.098213097104674e-06,5.293,ELECTRICAL_EQUIPMENT,1.0,KA-CENTRAL,0.462,0.785,0.647,8.087
V0114,V0418,3,31,18,0.223,13.441,0.0012426588469033471,2.906,WATER_INFRASTRUCTURE,1.0,KA-NORTH,0.714,0.886,0.601,8.084
V0253,V0419,4,14,56,0.314,12.755,0.00019145720211881652,3.718,VEHICLE_SUPPLIES,1.0,KA-CENTRAL,0.536,0.814,0.634,8.081
V0153,V0445,3,36,16,0.23,13.021,0.0013508890440554516,2.869,ROAD_CONSTRUCTION,1.0,KA-NORTH,0.609,0.843,0.62,8.079
V0120,V0401,4,44,16,0.282,14.205,0.00013035934285939873,3.885,WATER_INFRASTRUCTURE,1.0,KA-NORTH,0.897,0.959,0.569,8.077
V0007,V0014,8,39,46,0.718,11.148,2.8066968674574444e-07,6.552,FURNITURE,0.75,KA-SOUTH,0.412,0.615,0.723,8.064
V0263,V0275,11,49,46,0.902,12.201,4.052975587229321e-10,9.392,VEHICLE_SUPPLIES,0.754,KA-CENTRAL,0.754,0.754,0.661,8.061
V0092,V0292,3,20,27,0.216,13.889,0.0011338154933890842,2.945,FURNITURE,1.0,KA-SOUTH,0.833,0.933,0.58,8.056
V0282,V0294,3,16,32,0.205,14.648,0.0009532578680054198,3.021,VEHICLE_SUPPLIES,1.0,KA-CENTRAL,1.0,1.0,0.55,8.056
V0004,V0337,3,26,24,0.25,12.019,0.0017494813137992722,2.757,CIVIL_MAINTENANCE,1.0,KA-CENTRAL,0.333,0.733,0.67,8.053
V0141,V0192,3,28,22,0.246,12.175,0.0016812428389860023,2.774,MEDICAL_SUPPLIES,1.0,KA-SOUTH,0.381,0.752,0.661,8.053
V0006,V0042,4,16,49,0.314,12.755,0.00019955081110788008,3.7,ROAD_CONSTRUCTION,1.0,KA-NORTH,0.548,0.819,0.631,8.052
V0020,V0295,23,85,55,1.87,12.299,5.958368496200222e-21,20.225,LAB_EQUIPMENT,1.0,KA-CENTRAL,0.419,0.768,0.655,8.051
V0295,V0355,18,55,69,1.518,11.858,5.587427189333326e-16,15.253,LAB_EQUIPMENT,1.0,KA-NORTH,0.287,0.715,0.678,8.044
V0251,V0289,3,19,27,0.205,14.62,0.0009707212202398751,3.013,WATER_INFRASTRUCTURE,1.0,KA-NORTH,1.0,1.0,0.55,8.041
V0217,V0422,3,19,27,0.205,14.62,0.0009707212202398751,3.013,VEHICLE_SUPPLIES,1.0,TN-NORTH,1.0,1.0,0.55,8.041
V0358,V0464,3,17,33,0.224,13.369,0.001256916762419426,2.901,ROAD_CONSTRUCTION,1.0,KA-NORTH,0.714,0.886,0.601,8.04
V0050,V0460,11,55,42,0.924,11.905,5.272491200118278e-10,9.278,LAB_EQUIPMENT,0.883,KA-BENGALURU,0.481,0.722,0.675,8.037
V0027,V0166,5,32,31,0.397,12.601,3.334716039249774e-05,4.477,BUILDING_CONSTRUCTION,1.0,KA-CENTRAL,0.513,0.805,0.638,8.036
V0336,V0459,4,35,21,0.294,13.605,0.0001628878461111128,3.788,IT_SERVICES,1.0,KA-CENTRAL,0.778,0.911,0.59,8.027
V0378,V0529,3,24,24,0.23,13.021,0.001379205385227472,2.86,MEDICAL_SUPPLIES,1.0,KA-CENTRAL,0.632,0.853,0.616,8.025
V0153,V0496,5,36,26,0.374,13.355,2.458589795018237e-05,4.609,WATER_INFRASTRUCTURE,1.0,KA-NORTH,0.721,0.888,0.6,8.016
V0113,V0497,4,46,16,0.294,13.587,0.00015549242343250786,3.808,IT_SERVICES,1.0,KA-NORTH,0.783,0.913,0.589,8.005
V0159,V0385,5,40,28,0.448,11.161,6.0878385693199637e-05,4.216,WATER_INFRASTRUCTURE,0.781,KA-SOUTH,0.406,0.631,0.716,7.991
V0082,V0138,3,32,18,0.23,13.021,0.0013650301063481488,2.865,BUILDING_CONSTRUCTION,1.0,KA-CENTRAL,0.647,0.859,0.614,7.989
V0082,V0310,5,32,35,0.448,11.161,6.144121361824745e-05,4.212,FURNITURE,0.71,KA-BENGALURU,0.516,0.632,0.715,7.986
V0397,V0532,3,24,29,0.278,10.776,0.002412589473644424,2.618,VEHICLE_SUPPLIES,0.72,AP-SOUTH,0.36,0.576,0.741,7.983
V0499,V0528,3,25,25,0.25,12.0,0.0017581304217395568,2.755,MEDICAL_SUPPLIES,1.0,KA-CENTRAL,0.36,0.744,0.665,7.982
V0469,V0529,4,31,24,0.298,13.441,0.00017307116894139658,3.762,MEDICAL_SUPPLIES,1.0,KA-NORTH,0.757,0.903,0.594,7.981
V0020,V0307,20,85,50,1.7,11.765,8.915106437392768e-18,17.05,LAB_EQUIPMENT,0.899,KA-NORTH,0.438,0.715,0.678,7.981
V0002,V0309,6,22,56,0.493,12.175,5.446917619641452e-06,5.264,FURNITURE,1.0,KA-NORTH,0.415,0.766,0.655,7.979
V0370,V0523,6,37,34,0.503,11.924,6.869244383030538e-06,5.163,FURNITURE,0.812,KA-BENGALURU,0.625,0.738,0.668,7.967
V0352,V0523,6,38,34,0.517,11.61,8.078388726913304e-06,5.093,FURNITURE,0.902,KA-BENGALURU,0.392,0.698,0.686,7.963
V0220,V0300,3,37,14,0.207,14.479,0.0009714722033594367,3.013,ROAD_CONSTRUCTION,1.0,KA-NORTH,1.0,1.0,0.55,7.963
V0064,V0393,3,40,15,0.24,12.5,0.0015118917422370134,2.82,ROAD_CONSTRUCTION,1.0,KA-CENTRAL,0.519,0.807,0.637,7.958
V0026,V0144,14,44,68,1.197,11.698,1.855180125105123e-12,11.732,LAB_EQUIPMENT,0.889,KA-CENTRAL,0.444,0.711,0.68,7.955
V0141,V0240,3,28,21,0.235,12.755,0.001462928625334514,2.835,MEDICAL_SUPPLIES,1.0,KA-NORTH,0.591,0.836,0.624,7.954
V0195,V0276,7,42,41,0.689,10.163,3.314158671933434e-06,5.48,BUILDING_CONSTRUCTION,0.528,KA-SOUTH,0.415,0.483,0.783,7.954
V0454,V0545,4,43,17,0.292,13.68,0.00015363508446928115,3.814,IT_SERVICES,1.0,KA-CENTRAL,0.828,0.931,0.581,7.949
V0246,V0438,3,13,44,0.229,13.112,0.0012869163274319831,2.89,WATER_INFRASTRUCTURE,1.0,KA-CENTRAL,0.692,0.877,0.605,7.938
V0185,V0525,4,19,41,0.312,12.837,0.00020218017043604854,3.694,WATER_INFRASTRUCTURE,1.0,KA-SOUTH,0.621,0.848,0.618,7.937
V0307,V0481,15,50,64,1.28,11.719,2.7272693714803636e-13,12.564,LAB_EQUIPMENT,0.889,KA-NORTH,0.46,0.717,0.677,7.935
V0322,V0504,7,40,41,0.656,10.671,2.346223414302525e-06,5.63,FURNITURE,0.736,KA-CENTRAL,0.321,0.57,0.744,7.935
V0395,V0406,3,26,20,0.208,14.423,0.0010130049206859666,2.994,MEDICAL_SUPPLIES,1.0,KA-NORTH,1.0,1.0,0.55,7.933
V0243,V0395,3,20,26,0.208,14.423,0.0010130049206859666,2.994,MEDICAL_SUPPLIES,1.0,KA-NORTH,1.0,1.0,0.55,7.933
V0002,V0310,4,22,35,0.308,12.987,0.00019711029396994982,3.705,FURNITURE,1.0,KA-BENGALURU,0.667,0.867,0.61,7.922
V0313,V0415,4,28,29,0.325,12.315,0.00024691934168880226,3.607,WATER_INFRASTRUCTURE,1.0,KA-CENTRAL,0.485,0.794,0.643,7.915
V0072,V0511,5,58,18,0.418,11.973,3.840943974865023e-05,4.416,ROAD_CONSTRUCTION,1.0,KA-CENTRAL,0.386,0.755,0.66,7.908
V0115,V0488,3,16,36,0.23,13.021,0.0013508890440554516,2.869,VEHICLE_SUPPLIES,1.0,KA-NORTH,0.682,0.873,0.607,7.907
V0154,V0188,5,24,43,0.413,12.112,3.960273154003116e-05,4.402,BUILDING_CONSTRUCTION,1.0,KA-SOUTH,0.429,0.771,0.653,7.907
V0295,V0481,17,55,64,1.408,12.074,3.0481047543687357e-15,14.516,LAB_EQUIPMENT,1.0,KA-NORTH,0.418,0.767,0.655,7.906
V0278,V0370,4,22,37,0.326,12.285,0.00024575969913075,3.609,FURNITURE,1.0,KA-CENTRAL,0.481,0.793,0.643,7.903
V0120,V0251,4,44,19,0.334,11.962,0.00026711093908023906,3.573,WATER_INFRASTRUCTURE,1.0,KA-CENTRAL,0.389,0.756,0.66,7.895
V0020,V0355,27,85,69,2.346,11.509,1.0560651561324713e-23,22.976,LAB_EQUIPMENT,0.973,KA-SOUTH,0.285,0.698,0.686,7.895
V0150,V0436,3,26,28,0.291,10.302,0.0027545012996810724,2.56,BUILDING_CONSTRUCTION,0.611,KA-NORTH,0.389,0.522,0.765,7.881
V0066,V0219,11,53,45,0.954,11.53,7.776587281751996e-10,9.109,FURNITURE,0.813,KA-SOUTH,0.538,0.703,0.684,7.881
V0202,V0469,3,18,31,0.223,13.441,0.0012426588469033471,2.906,MEDICAL_SUPPLIES,1.0,KA-NORTH,0.8,0.92,0.586,7.876
V0215,V0266,6,51,24,0.49,12.255,5.4321537964760596e-06,5.265,IT_SERVICES,1.0,KA-SOUTH,0.488,0.795,0.642,7.869
V0251,V0478,3,19,30,0.228,13.158,0.0013280664059820094,2.877,WATER_INFRASTRUCTURE,1.0,KA-NORTH,0.733,0.893,0.598,7.868
V0033,V0240,3,25,21,0.21,14.286,0.0010439070460858335,2.981,MEDICAL_SUPPLIES,1.0,KA-CENTRAL,1.0,1.0,0.55,7.857
V0297,V0387,6,39,35,0.546,10.989,1.1281302097611462e-05,4.948,ROAD_CONSTRUCTION,0.556,KA-NORTH,0.75,0.633,0.715,7.857
V0033,V0234,3,25,21,0.21,14.286,0.0010439070460858335,2.981,MEDICAL_SUPPLIES,1.0,KA-CENTRAL,1.0,1.0,0.55,7.857
V0221,V0458,3,15,35,0.21,14.286,0.0010198437938566142,2.991,VEHICLE_SUPPLIES,1.0,KA-NORTH,1.0,1.0,0.55,7.857
V0342,V0476,4,39,21,0.328,12.21,0.0002503275064857598,3.601,ROAD_CONSTRUCTION,1.0,KA-NORTH,0.481,0.793,0.643,7.855
V0086,V0494,3,20,29,0.232,12.931,0.0014019804065903748,2.853,IT_SERVICES,1.0,KA-CENTRAL,0.682,0.873,0.607,7.853
V0025,V0355,20,61,69,1.684,11.879,9.502797682816579e-18,17.022,LAB_EQUIPMENT,1.0,KA-CENTRAL,0.383,0.753,0.661,7.852
V0390,V0453,3,23,32,0.294,10.19,0.0028363809687292213,2.547,CIVIL_MAINTENANCE,0.55,TN-NORTH,0.45,0.51,0.77,7.851
V0019,V0304,5,23,44,0.405,12.352,3.560934136217469e-05,4.448,WATER_INFRASTRUCTURE,1.0,KA-CENTRAL,0.525,0.81,0.636,7.85
V0016,V0284,5,50,20,0.4,12.5,3.229685988491963e-05,4.491,BUILDING_CONSTRUCTION,1.0,KA-NORTH,0.568,0.827,0.628,7.847
V0295,V0460,11,55,42,0.924,11.905,5.272491200118278e-10,9.278,LAB_EQUIPMENT,1.0,KA-CENTRAL,0.394,0.758,0.659,7.846
V0216,V0470,3,19,33,0.251,11.962,0.0017591123923503826,2.755,WATER_INFRASTRUCTURE,1.0,KA-NORTH,0.412,0.765,0.656,7.846
V0086,V0293,4,20,41,0.328,12.195,0.0002497362740914234,3.603,IT_SERVICES,1.0,KA-NORTH,0.483,0.793,0.643,7.843
V0141,V0540,3,28,21,0.235,12.755,0.001462928625334514,2.835,MEDICAL_SUPPLIES,1.0,KA-NORTH,0.64,0.856,0.615,7.842
V0082,V0151,4,32,23,0.294,13.587,0.00016525297031867698,3.782,FURNITURE,1.0,KA-CENTRAL,0.852,0.941,0.577,7.835
V0259,V0456,4,39,18,0.281,14.245,0.0001323824501726292,3.878,IT_SERVICES,1.0,KA-NORTH,1.0,1.0,0.55,7.835
V0043,V0376,7,51,27,0.551,12.709,6.269435008944613e-07,6.203,ROAD_CONSTRUCTION,1.0,KA-SOUTH,0.632,0.853,0.616,7.833
V0223,V0479,3,45,14,0.252,11.905,0.001727640005839576,2.763,IT_SERVICES,1.0,KA-CENTRAL,0.4,0.76,0.658,7.833
V0368,V0516,7,50,32,0.64,10.938,1.913252024579922e-06,5.718,ROAD_CONSTRUCTION,0.578,KA-CENTRAL,0.711,0.631,0.716,7.832
V0389,V0516,3,19,32,0.243,12.336,0.0016069130228816679,2.794,ROAD_CONSTRUCTION,1.0,KA-BENGALURU,0.529,0.812,0.635,7.83
V0009,V0114,3,17,31,0.211,14.231,0.0010443000551912393,2.981,ROAD_CONSTRUCTION,1.0,KA-BENGALURU,1.0,1.0,0.55,7.827
V0020,V0026,18,85,44,1.496,12.032,2.954909708025327e-16,15.529,LAB_EQUIPMENT,1.0,KA-CENTRAL,0.443,0.777,0.65,7.824
V0010,V0407,18,96,40,1.536,11.719,3.723299984876989e-16,15.429,LAB_EQUIPMENT,1.0,KA-NORTH,0.347,0.739,0.668,7.823
V0328,V0458,3,20,35,0.28,10.714,0.0024353194954519273,2.613,VEHICLE_SUPPLIES,0.6,KA-CENTRAL,0.6,0.6,0.73,7.821
V0076,V0370,4,22,37,0.326,12.285,0.00024575969913075,3.609,BUILDING_CONSTRUCTION,1.0,KA-SOUTH,0.519,0.807,0.637,7.821
V0127,V0310,6,43,35,0.602,9.967,2.024834554187639e-05,4.694,FURNITURE,0.5,KA-CENTRAL,0.447,0.479,0.784,7.819
V0198,V0270,3,21,27,0.227,13.228,0.001313277650581942,2.882,BUILDING_CONSTRUCTION,1.0,KA-NORTH,0.773,0.909,0.591,7.817
V0043,V0069,4,51,15,0.306,13.072,0.00017782591660047605,3.75,ROAD_CONSTRUCTION,1.0,KA-SOUTH,0.735,0.894,0.598,7.812
V0141,V0234,3,28,21,0.235,12.755,0.001462928625334514,2.835,MEDICAL_SUPPLIES,1.0,KA-NORTH,0.654,0.862,0.612,7.81
V0025,V0295,16,61,55,1.342,11.923,2.8970123257606175e-14,13.538,LAB_EQUIPMENT,0.935,KA-CENTRAL,0.516,0.768,0.655,7.804
V0164,V0262,3,24,26,0.25,12.019,0.0017494813137992722,2.757,MEDICAL_SUPPLIES,1.0,KA-SOUTH,0.45,0.78,0.649,7.8
V0278,V0379,6,22,53,0.466,12.864,3.9163231365202935e-06,5.407,FURNITURE,1.0,KA-SOUTH,0.688,0.875,0.606,7.799
V0203,V0327,4,15,51,0.306,13.072,0.00017782591660047605,3.75,FURNITURE,1.0,KA-CENTRAL,0.742,0.897,0.596,7.797
V0200,V0406,3,30,20,0.24,12.5,0.0015498084078071055,2.81,MEDICAL_SUPPLIES,1.0,KA-NORTH,0.591,0.836,0.624,7.795
V0066,V0388,5,53,19,0.403,12.413,3.2837994910699294e-05,4.484,FURNITURE,1.0,KA-CENTRAL,0.567,0.827,0.628,7.795
V0220,V0496,5,37,26,0.385,12.994,2.822721923836826e-05,4.549,WATER_INFRASTRUCTURE,1.0,KA-NORTH,0.727,0.891,0.599,7.785
V0113,V0314,3,46,13,0.239,12.542,0.0014661475554942687,2.834,IT_SERVICES,1.0,KA-CENTRAL,0.609,0.843,0.62,7.781
V0024,V0053,10,47,44,0.827,12.089,3.1286903193880944e-09,8.505,CIVIL_MAINTENANCE,1.0,KA-CENTRAL,0.483,0.793,0.643,7.774
V0098,V0383,3,16,36,0.23,13.021,0.0013508890440554516,2.869,ELECTRICAL_EQUIPMENT,1.0,KA-NORTH,0.739,0.896,0.597,7.773
V0161,V0373,3,34,22,0.299,10.027,0.002967533238379926,2.528,VEHICLE_SUPPLIES,0.5,KA-SOUTH,0.5,0.5,0.775,7.771
V0216,V0478,3,19,30,0.228,13.158,0.0013280664059820094,2.877,WATER_INFRASTRUCTURE,1.0,KA-CENTRAL,0.778,0.911,0.59,7.763
V0188,V0541,4,43,20,0.344,11.628,0.00030120811418841813,3.521,BUILDING_CONSTRUCTION,1.0,KA-SOUTH,0.353,0.741,0.666,7.75
V0043,V0542,4,51,16,0.326,12.255,0.00023354205729726263,3.632,ROAD_CONSTRUCTION,1.0,KA-SOUTH,0.543,0.817,0.632,7.749
V0204,V0395,3,23,26,0.239,12.542,0.0015414114435587033,2.812,MEDICAL_SUPPLIES,1.0,KA-NORTH,0.625,0.85,0.617,7.745
V0402,V0530,4,29,29,0.336,11.891,0.0002841321365716653,3.546,VEHICLE_SUPPLIES,1.0,KA-SOUTH,0.438,0.775,0.651,7.744
V0043,V0445,4,51,16,0.326,12.255,0.00023354205729726263,3.632,ROAD_CONSTRUCTION,1.0,KA-SOUTH,0.545,0.818,0.632,7.743
V0309,V0413,10,56,40,0.896,11.161,7.023635519943552e-09,8.153,FURNITURE,0.73,KA-NORTH,0.608,0.681,0.694,7.74
V0339,V0376,3,22,27,0.238,12.626,0.0015097102425455468,2.821,ROAD_CONSTRUCTION,1.0,KA-SOUTH,0.654,0.862,0.612,7.731
V0126,V0313,4,30,28,0.336,11.905,0.0002827153558182567,3.549,WATER_INFRASTRUCTURE,1.0,KA-CENTRAL,0.448,0.779,0.649,7.73
V0159,V0544,3,40,16,0.256,11.719,0.0018402208623436605,2.735,WATER_INFRASTRUCTURE,1.0,KA-SOUTH,0.391,0.757,0.66,7.729
V0303,V0390,3,27,23,0.248,12.077,0.0017236933493843514,2.764,VEHICLE_SUPPLIES,1.0,TN-NORTH,0.5,0.8,0.64,7.729
V0430,V0516,3,20,32,0.256,11.719,0.0018740927965844826,2.727,ROAD_CONSTRUCTION,1.0,KA-NORTH,0.393,0.757,0.659,7.726
V0044,V0547,7,34,48,0.653,10.723,2.228819702776448e-06,5.652,ROAD_CONSTRUCTION,0.821,KA-CENTRAL,0.321,0.621,0.72,7.724
V0395,V0431,3,26,23,0.239,12.542,0.0015414114435587033,2.812,MEDICAL_SUPPLIES,1.0,KA-NORTH,0.64,0.856,0.615,7.711
V0309,V0523,8,56,34,0.762,10.504,4.395363997740915e-07,6.357,FURNITURE,0.746,KA-BENGALURU,0.358,0.591,0.734,7.71
V0013,V0509,6,32,42,0.538,11.161,1.020016849493997e-05,4.991,ELECTRICAL_EQUIPMENT,0.561,KA-NORTH,0.878,0.688,0.69,7.707
V0127,V0457,3,43,15,0.258,11.628,0.0018680853550982683,2.729,BUILDING_CONSTRUCTION,1.0,TN-NORTH,0.375,0.75,0.662,7.704
V0243,V0469,3,20,31,0.248,12.097,0.0017071054380202236,2.768,MEDICAL_SUPPLIES,1.0,KA-CENTRAL,0.52,0.808,0.636,7.699
V0313,V0438,6,28,44,0.493,12.175,5.907383981262168e-06,5.229,WATER_INFRASTRUCTURE,1.0,KA-CENTRAL,0.544,0.818,0.632,7.696
V0016,V0123,9,50,45,0.9,10.0,1.249601106224691e-07,6.903,FURNITURE,0.53,KA-SOUTH,0.485,0.512,0.77,7.695
V0184,V0277,21,63,71,1.789,11.737,1.6236705623273214e-18,17.79,LAB_EQUIPMENT,0.783,KA-NORTH,0.739,0.766,0.655,7.693
V0158,V0326,4,34,27,0.367,10.893,0.0004014577238277861,3.396,CIVIL_MAINTENANCE,0.727,TN-NORTH,0.545,0.655,0.705,7.685
V0086,V0434,4,20,38,0.304,13.158,0.00018487170317343417,3.733,IT_SERVICES,1.0,KA-NORTH,0.812,0.925,0.584,7.681
V0447,V0469,3,20,31,0.248,12.097,0.0017071054380202236,2.768,MEDICAL_SUPPLIES,1.0,KA-NORTH,0.529,0.812,0.635,7.678
V0329,V0536,3,27,22,0.238,12.626,0.0015097102425455468,2.821,MEDICAL_SUPPLIES,1.0,KA-NORTH,0.679,0.871,0.608,7.675
V0309,V0473,5,56,19,0.426,11.748,4.309397243894129e-05,4.366,FURNITURE,1.0,KA-CENTRAL,0.429,0.771,0.653,7.67
V0278,V0322,4,22,40,0.352,11.364,0.0003342023973520998,3.476,FURNITURE,1.0,KA-SOUTH,0.31,0.724,0.674,7.661
V0066,V0211,5,53,20,0.424,11.792,4.3083391741726806e-05,4.366,FURNITURE,1.0,KA-CENTRAL,0.447,0.779,0.649,7.659
V0385,V0437,4,28,33,0.37,10.823,0.000412472136530357,3.385,WATER_INFRASTRUCTURE,0.75,KA-NORTH,0.5,0.65,0.708,7.657
V0159,V0476,4,40,21,0.336,11.905,0.0002766209784071732,3.558,ROAD_CONSTRUCTION,1.0,KA-SOUTH,0.483,0.793,0.643,7.656
V0192,V0395,3,22,26,0.229,13.112,0.0013496540565011278,2.87,MEDICAL_SUPPLIES,1.0,KA-CENTRAL,0.812,0.925,0.584,7.654
V0019,V0429,3,23,26,0.239,12.542,0.0015414114435587033,2.812,WATER_INFRASTRUCTURE,1.0,KA-NORTH,0.667,0.867,0.61,7.651
V0271,V0297,4,24,39,0.374,10.684,0.00042969185018819627,3.367,WATER_INFRASTRUCTURE,0.737,KA-NORTH,0.474,0.632,0.716,7.647
V0106,V0307,3,13,50,0.26,11.538,0.0018702937363624553,2.728,MEDICAL_SUPPLIES,1.0,KA-CENTRAL,0.375,0.75,0.662,7.644
V0003,V0488,6,40,36,0.576,10.417,1.558237965954905e-05,4.807,VEHICLE_SUPPLIES,0.667,KA-SOUTH,0.479,0.592,0.734,7.643
V0302,V0338,6,24,45,0.432,13.889,2.550834738032729e-06,5.593,ELECTRICAL_EQUIPMENT,1.0,KA-NORTH,1.0,1.0,0.55,7.639
V0142,V0228,4,29,34,0.394,10.142,0.0005329291757991347,3.273,CIVIL_MAINTENANCE,0.548,KA-NORTH,0.548,0.548,0.753,7.639
V0062,V0174,4,40,18,0.288,13.889,0.0001464283288415935,3.834,ELECTRICAL_EQUIPMENT,1.0,KA-SOUTH,1.0,1.0,0.55,7.639
V0242,V0280,7,41,36,0.59,11.856,1.1024567589004865e-06,5.958,FURNITURE,0.791,KA-SOUTH,0.791,0.791,0.644,7.637
V0158,V0373,3,34,22,0.299,10.027,0.002967533238379926,2.528,VEHICLE_SUPPLIES,0.654,TN-NORTH,0.346,0.531,0.761,7.632
V0200,V0452,3,30,20,0.24,12.5,0.0015498084078071055,2.81,MEDICAL_SUPPLIES,1.0,KA-CENTRAL,0.667,0.867,0.61,7.625
V0005,V0377,3,31,24,0.298,10.081,0.002930661511726352,2.533,CIVIL_MAINTENANCE,0.542,AP-SOUTH,0.542,0.542,0.756,7.624
V0126,V0345,4,30,27,0.324,12.346,0.00024436248353669834,3.612,WATER_INFRASTRUCTURE,1.0,KA-SOUTH,0.633,0.853,0.616,7.605
V0148,V0469,3,21,31,0.26,11.521,0.001974947325577561,2.704,MEDICAL_SUPPLIES,1.0,KA-NORTH,0.389,0.756,0.66,7.604
V0062,V0213,4,40,19,0.304,13.158,0.00018334073198345415,3.737,ELECTRICAL_EQUIPMENT,1.0,KA-SOUTH,0.846,0.938,0.578,7.601
V0062,V0367,5,40,26,0.416,12.019,4.1716116329710945e-05,4.38,ELECTRICAL_EQUIPMENT,1.0,KA-SOUTH,0.543,0.817,0.632,7.599
V0098,V0258,3,16,37,0.237,12.669,0.001464335132637058,2.834,ELECTRICAL_EQUIPMENT,1.0,KA-NORTH,0.727,0.891,0.599,7.59
V0271,V0415,3,24,29,0.278,10.776,0.002412589473644424,2.618,WATER_INFRASTRUCTURE,0.619,KA-CENTRAL,0.714,0.657,0.704,7.589
V0066,V0093,8,53,34,0.721,11.099,2.821120133163547e-07,6.55,FURNITURE,0.742,KA-CENTRAL,0.645,0.703,0.684,7.587
V0166,V0284,3,31,20,0.248,12.097,0.0017071054380202236,2.768,BUILDING_CONSTRUCTION,1.0,KA-NORTH,0.571,0.829,0.627,7.587
V0160,V0245,3,16,38,0.243,12.336,0.0015836308571300993,2.8,VEHICLE_SUPPLIES,1.0,KA-SOUTH,0.64,0.856,0.615,7.584
V0115,V0228,3,16,34,0.218,13.787,0.0011410819455702353,2.943,VEHICLE_SUPPLIES,1.0,KA-NORTH,1.0,1.0,0.55,7.583
V0254,V0412,4,43,20,0.344,11.628,0.00030120811418841813,3.521,BUILDING_CONSTRUCTION,1.0,KA-SOUTH,0.433,0.773,0.652,7.581
V0056,V0061,3,17,37,0.252,11.924,0.0017600530970355692,2.754,ELECTRICAL_EQUIPMENT,1.0,KA-BENGALURU,0.524,0.81,0.636,7.58
V0025,V0460,12,61,42,1.025,11.71,9.148172228260979e-11,10.039,LAB_EQUIPMENT,1.0,KA-CENTRAL,0.462,0.785,0.647,7.575
V0259,V0403,6,39,34,0.53,11.312,9.454901769455767e-06,5.024,ELECTRICAL_EQUIPMENT,0.635,KA-NORTH,0.885,0.735,0.669,7.573
V0079,V0129,7,30,47,0.564,12.411,7.698471393491133e-07,6.114,ELECTRICAL_EQUIPMENT,0.778,KA-SOUTH,1.0,0.867,0.61,7.571
V0143,V0547,3,13,48,0.25,12.019,0.0016604499436662493,2.78,WATER_INFRASTRUCTURE,1.0,KA-NORTH,0.56,0.824,0.629,7.562
V0308,V0497,3,41,16,0.262,11.433,0.0019777341455102784,2.704,IT_SERVICES,1.0,TN-NORTH,0.381,0.752,0.661,7.562
V0271,V0410,3,24,30,0.288,10.417,0.002663797930166517,2.574,WATER_INFRASTRUCTURE,0.65,AP-SOUTH,0.55,0.61,0.725,7.558
V0044,V0415,4,34,29,0.394,10.142,0.0005329291757991347,3.273,WATER_INFRASTRUCTURE,0.556,KA-SOUTH,0.583,0.567,0.745,7.556
V0356,V0470,3,23,33,0.304,9.881,0.003101329159171239,2.508,ROAD_CONSTRUCTION,0.63,AP-SOUTH,0.37,0.526,0.763,7.542
V0335,V0375,3,38,17,0.258,11.61,0.001902871100768569,2.721,VEHICLE_SUPPLIES,1.0,KA-NORTH,0.45,0.78,0.649,7.535
V0136,V0475,3,24,24,0.23,13.021,0.001379205385227472,2.86,MEDICAL_SUPPLIES,1.0,KA-NORTH,0.842,0.937,0.578,7.532
V0014,V0473,4,46,19,0.35,11.442,0.00031799592228907563,3.498,FURNITURE,1.0,KA-NORTH,0.4,0.76,0.658,7.529
V0026,V0277,14,44,71,1.25,11.204,3.5005771845122988e-12,11.456,LAB_EQUIPMENT,0.891,KA-NORTH,0.487,0.729,0.672,7.526
V0195,V0322,7,42,40,0.672,10.417,2.782678775498543e-06,5.556,FURNITURE,0.638,KA-SOUTH,0.586,0.617,0.722,7.524
V0216,V0371,3,19,31,0.236,12.733,0.0014632950411898908,2.835,WATER_INFRASTRUCTURE,1.0,KA-NORTH,0.773,0.909,0.591,7.524
V0009,V0220,3,17,37,0.252,11.924,0.0017600530970355692,2.754,ROAD_CONSTRUCTION,1.0,KA-NORTH,0.55,0.82,0.631,7.524
V0452,V0469,3,20,31,0.248,12.097,0.0017071054380202236,2.768,MEDICAL_SUPPLIES,1.0,KA-SOUTH,0.6,0.84,0.622,7.524
V0163,V0368,3,13,50,0.26,11.538,0.0018702937363624553,2.728,ROAD_CONSTRUCTION,1.0,KA-CENTRAL,0.433,0.773,0.652,7.523
V0078,V0421,7,36,46,0.662,10.568,2.492966044733306e-06,5.603,WATER_INFRASTRUCTURE,0.532,KA-SOUTH,0.809,0.643,0.711,7.512
V0020,V0144,27,85,68,2.312,11.678,6.5792405003185115e-24,23.182,LAB_EQUIPMENT,1.0,KA-CENTRAL,0.482,0.793,0.643,7.512
V0293,V0507,3,41,16,0.262,11.433,0.0019777341455102784,2.704,ELECTRICAL_EQUIPMENT,1.0,KA-BENGALURU,0.409,0.764,0.656,7.504
V0251,V0438,4,19,44,0.334,11.962,0.00026711093908023906,3.573,WATER_INFRASTRUCTURE,1.0,KA-SOUTH,0.571,0.829,0.627,7.502
V0074,V0114,4,28,31,0.347,11.521,0.0003221022431599777,3.492,ROAD_CONSTRUCTION,1.0,KA-BENGALURU,0.439,0.776,0.651,7.5
V0420,V0528,3,22,25,0.22,13.636,0.0012007664471861755,2.921,MEDICAL_SUPPLIES,1.0,KA-CENTRAL,1.0,1.0,0.55,7.5
V0304,V0345,6,44,27,0.475,12.626,4.7030205962666674e-06,5.328,WATER_INFRASTRUCTURE,1.0,KA-SOUTH,0.757,0.903,0.594,7.497
V0035,V0384,5,24,45,0.432,11.574,4.962529538038724e-05,4.304,IT_SERVICES,1.0,KA-CENTRAL,0.459,0.784,0.647,7.492
V0186,V0548,3,29,19,0.22,13.612,0.001201030105914404,2.92,BUILDING_CONSTRUCTION,1.0,KA-CENTRAL,1.0,1.0,0.55,7.487
V0134,V0178,4,15,49,0.294,13.605,0.00015184619233015676,3.819,IT_SERVICES,1.0,KA-NORTH,1.0,1.0,0.55,7.483
V0211,V0379,5,20,53,0.424,11.792,4.3083391741726806e-05,4.366,FURNITURE,1.0,KA-SOUTH,0.531,0.812,0.634,7.481
V0379,V0546,5,53,20,0.424,11.792,4.3083391741726806e-05,4.366,FURNITURE,1.0,KA-CENTRAL,0.531,0.812,0.634,7.481
V0016,V0278,5,50,22,0.44,11.364,5.322324659922881e-05,4.274,FURNITURE,1.0,KA-SOUTH,0.4,0.76,0.658,7.478
V0204,V0475,3,23,24,0.221,13.587,0.0012144475241195956,2.916,MEDICAL_SUPPLIES,1.0,KA-NORTH,1.0,1.0,0.55,7.473
V0397,V0453,3,24,32,0.307,9.766,0.0032135031407177447,2.493,VEHICLE_SUPPLIES,0.609,KA-BENGALURU,0.391,0.522,0.765,7.473
V0203,V0276,3,15,41,0.246,12.195,0.00162535635739582,2.789,FURNITURE,1.0,KA-CENTRAL,0.652,0.861,0.613,7.471
V0184,V0295,15,63,55,1.386,10.823,1.020154465979874e-12,11.991,LAB_EQUIPMENT,0.793,KA-NORTH,0.532,0.688,0.69,7.471
V0050,V0086,5,55,20,0.44,11.364,5.170067890667044e-05,4.287,IT_SERVICES,1.0,KA-NORTH,0.405,0.762,0.657,7.468
V0007,V0097,3,39,17,0.265,11.312,0.002052766194857144,2.688,BUILDING_CONSTRUCTION,1.0,KA-BENGALURU,0.391,0.757,0.66,7.461
V0114,V0381,5,31,41,0.508,9.835,0.00011470568702587656,3.94,ROAD_CONSTRUCTION,0.682,KA-CENTRAL,0.318,0.536,0.759,7.461
V0356,V0410,3,23,30,0.276,10.87,0.0023497873595139016,2.629,WATER_INFRASTRUCTURE,0.75,KA-CENTRAL,0.625,0.7,0.685,7.446
V0119,V0481,18,64,64,1.638,10.986,2.6699716168110266e-15,14.573,LAB_EQUIPMENT,0.957,KA-CENTRAL,0.357,0.717,0.677,7.441
V0007,V0082,6,39,32,0.499,12.019,6.5180887925479e-06,5.186,FURNITURE,1.0,KA-BENGALURU,0.617,0.847,0.619,7.439
V0011,V0087,4,40,22,0.352,11.364,0.0003342023973520998,3.476,IT_SERVICES,1.0,KA-SOUTH,0.419,0.768,0.655,7.438
V0244,V0301,8,50,36,0.72,11.111,2.842184018555205e-07,6.546,FURNITURE,0.56,KA-NORTH,1.0,0.736,0.669,7.431
V0066,V0546,5,53,20,0.424,11.792,4.3083391741726806e-05,4.366,FURNITURE,1.0,KA-SOUTH,0.556,0.822,0.63,7.429
V0231,V0403,4,26,34,0.354,11.312,0.00034529642555410447,3.462,IT_SERVICES,1.0,KA-CENTRAL,0.407,0.763,0.657,7.428
V0020,V0223,18,85,45,1.53,11.765,4.797892169339048e-16,15.319,LAB_EQUIPMENT,1.0,KA-CENTRAL,0.548,0.819,0.631,7.427
V0020,V0025,25,85,61,2.074,12.054,1.6093845182472965e-22,21.793,LAB_EQUIPMENT,1.0,KA-CENTRAL,0.634,0.853,0.616,7.425
V0335,V0337,4,38,24,0.365,10.965,0.00038811339094902585,3.411,CIVIL_MAINTENANCE,0.529,KA-NORTH,1.0,0.718,0.677,7.424
V0246,V0368,3,13,50,0.26,11.538,0.0018702937363624553,2.728,WATER_INFRASTRUCTURE,1.0,KA-CENTRAL,0.481,0.793,0.643,7.423
V0247,V0496,5,41,26,0.426,11.726,4.7175220751629346e-05,4.326,WATER_INFRASTRUCTURE,1.0,KA-NORTH,0.538,0.815,0.633,7.423
V0022,V0262,3,24,26,0.25,12.019,0.0017494813137992722,2.757,MEDICAL_SUPPLIES,1.0,KA-NORTH,0.625,0.85,0.617,7.422
V0336,V0434,6,35,38,0.532,11.278,9.642224880035836e-06,5.016,IT_SERVICES,0.7,KA-CENTRAL,0.85,0.76,0.658,7.421
V0321,V0394,3,16,41,0.262,11.433,0.0019777341455102784,2.704,ELECTRICAL_EQUIPMENT,1.0,KA-BENGALURU,0.45,0.78,0.649,7.42
V0060,V0370,3,18,37,0.266,11.261,0.0020906109171940673,2.68,BUILDING_CONSTRUCTION,1.0,KA-BENGALURU,0.4,0.76,0.658,7.41
V0135,V0209,4,24,36,0.346,11.574,0.00031373425658745525,3.503,BUILDING_CONSTRUCTION,1.0,KA-SOUTH,0.5,0.8,0.64,7.407
V0020,V0050,21,85,55,1.87,11.23,3.809779391788322e-18,17.419,LAB_EQUIPMENT,1.0,KA-CENTRAL,0.393,0.757,0.659,7.404
V0359,V0387,7,40,35,0.56,12.5,7.528451063739634e-07,6.123,WATER_INFRASTRUCTURE,0.845,KA-NORTH,1.0,0.907,0.592,7.399
V0302,V0509,5,24,42,0.403,12.401,3.5222565254138326e-05,4.453,ELECTRICAL_EQUIPMENT,1.0,KA-NORTH,0.742,0.897,0.596,7.397
V0403,V0456,3,34,18,0.245,12.255,0.001632032476330863,2.787,IT_SERVICES,1.0,KA-NORTH,0.704,0.881,0.603,7.394
V0244,V0281,8,50,40,0.8,10.0,6.798028624639634e-07,6.168,FURNITURE,0.627,KA-NORTH,0.507,0.579,0.739,7.394
V0331,V0469,3,18,31,0.223,13.441,0.0012426588469033471,2.906,MEDICAL_SUPPLIES,1.0,KA-NORTH,1.0,1.0,0.55,7.393
V0317,V0405,4,35,25,0.35,11.429,0.00033082607456259443,3.48,ELECTRICAL_EQUIPMENT,1.0,KA-CENTRAL,0.467,0.787,0.646,7.383
V0177,V0454,3,13,43,0.224,13.417,0.0012028013091383875,2.92,ELECTRICAL_EQUIPMENT,1.0,KA-SOUTH,1.0,1.0,0.55,7.379
V0166,V0412,3,31,20,0.248,12.097,0.0017071054380202236,2.768,BUILDING_CONSTRUCTION,1.0,KA-SOUTH,0.667,0.867,0.61,7.379
V0016,V0267,4,50,17,0.34,11.765,0.0002783928719066416,3.555,BUILDING_CONSTRUCTION,1.0,KA-CENTRAL,0.571,0.829,0.627,7.378
V0198,V0288,3,21,29,0.244,12.315,0.0016229176995378805,2.79,BUILDING_CONSTRUCTION,1.0,KA-SOUTH,0.727,0.891,0.599,7.378
V0123,V0203,3,45,15,0.27,11.111,0.002132471968256018,2.671,FURNITURE,1.0,KA-NORTH,0.368,0.747,0.664,7.374
V0384,V0403,6,45,34,0.612,9.804,2.226704237822009e-05,4.652,IT_SERVICES,0.667,KA-NORTH,0.378,0.551,0.752,7.373
V0005,V0488,5,31,36,0.446,11.201,6.02830851548843e-05,4.22,VEHICLE_SUPPLIES,0.733,KA-SOUTH,0.8,0.76,0.658,7.37
V0307,V0341,4,50,17,0.34,11.765,0.0002783928719066416,3.555,MEDICAL_SUPPLIES,1.0,KA-CENTRAL,0.577,0.831,0.626,7.367
V0412,V0436,3,20,28,0.224,13.393,0.0012633939923310843,2.898,BUILDING_CONSTRUCTION,1.0,KA-SOUTH,1.0,1.0,0.55,7.366
V0110,V0320,3,14,40,0.224,13.393,0.0012230390127967834,2.913,ROAD_CONSTRUCTION,1.0,KA-SOUTH,1.0,1.0,0.55,7.366
V0141,V0243,3,28,20,0.224,13.393,0.0012633939923310843,2.898,MEDICAL_SUPPLIES,1.0,KA-NORTH,1.0,1.0,0.55,7.366
V0293,V0365,4,41,21,0.344,11.614,0.00030484991793871033,3.516,ELECTRICAL_EQUIPMENT,1.0,AP-SOUTH,0.533,0.813,0.634,7.363
V0309,V0319,8,56,34,0.762,10.504,4.395363997740915e-07,6.357,FURNITURE,0.712,KA-NORTH,0.596,0.665,0.701,7.359
V0297,V0542,3,39,16,0.25,12.019,0.0017088892143010015,2.767,ROAD_CONSTRUCTION,1.0,KA-CENTRAL,0.654,0.862,0.612,7.359
V0067,V0464,3,17,33,0.224,13.369,0.001256916762419426,2.901,ROAD_CONSTRUCTION,1.0,KA-CENTRAL,1.0,1.0,0.55,7.353
V0309,V0504,10,56,41,0.918,10.889,9.132286697375769e-09,8.039,FURNITURE,0.729,KA-NORTH,0.714,0.723,0.675,7.347
V0384,V0456,4,45,18,0.324,12.346,0.00023338887809444038,3.632,IT_SERVICES,1.0,KA-NORTH,0.75,0.9,0.595,7.346
V0093,V0352,5,34,38,0.517,9.675,0.00012493959944206984,3.903,BUILDING_CONSTRUCTION,0.625,KA-CENTRAL,0.4,0.535,0.759,7.346
V0338,V0456,4,45,18,0.324,12.346,0.00023338887809444038,3.632,IT_SERVICES,1.0,KA-NORTH,0.75,0.9,0.595,7.346
V0127,V0244,9,43,50,0.86,10.465,8.194688299304277e-08,7.086,FURNITURE,0.767,KA-NORTH,0.507,0.663,0.702,7.343
V0042,V0296,4,49,16,0.314,12.755,0.00019955081110788008,3.7,ROAD_CONSTRUCTION,1.0,KA-NORTH,0.857,0.943,0.576,7.343
V0367,V0502,7,26,53,0.551,12.7,6.195828887794006e-07,6.208,ELECTRICAL_EQUIPMENT,1.0,KA-NORTH,0.846,0.938,0.578,7.337
V0203,V0254,3,15,43,0.258,11.628,0.0018680853550982683,2.729,FURNITURE,1.0,KA-BENGALURU,0.55,0.82,0.631,7.337
V0424,V0433,6,40,35,0.56,10.714,1.313926509606514e-05,4.881,ELECTRICAL_EQUIPMENT,0.83,KA-CENTRAL,0.511,0.702,0.684,7.329
V0219,V0242,8,45,41,0.738,10.84,3.5453648440725466e-07,6.45,FURNITURE,0.686,KA-SOUTH,0.771,0.72,0.676,7.328
V0223,V0407,8,45,40,0.72,11.111,2.891981932465856e-07,6.539,LAB_EQUIPMENT,1.0,KA-CENTRAL,0.394,0.758,0.659,7.322
V0121,V0480,3,43,14,0.241,12.458,0.0015125390215279745,2.82,ROAD_CONSTRUCTION,1.0,KA-CENTRAL,0.792,0.917,0.588,7.319
V0087,V0494,3,22,29,0.255,11.755,0.0018645504201086713,2.729,IT_SERVICES,1.0,KA-SOUTH,0.6,0.84,0.622,7.312
V0371,V0429,4,31,26,0.322,12.407,0.00023930576521998684,3.621,WATER_INFRASTRUCTURE,1.0,KA-NORTH,0.781,0.912,0.589,7.312
V0113,V0481,14,46,64,1.178,11.889,1.5151376572030502e-12,11.82,LAB_EQUIPMENT,1.0,KA-NORTH,0.639,0.855,0.615,7.312
V0244,V0364,6,50,31,0.62,9.677,2.37141224408022e-05,4.625,BUILDING_CONSTRUCTION,0.5,KA-CENTRAL,0.609,0.543,0.755,7.31
V0135,V0370,4,24,37,0.355,11.261,0.0003495037975113849,3.457,BUILDING_CONSTRUCTION,1.0,KA-BENGALURU,0.455,0.782,0.648,7.299
V0063,V0495,5,30,36,0.432,11.574,5.108941954083523e-05,4.292,ELECTRICAL_EQUIPMENT,1.0,KA-CENTRAL,0.553,0.821,0.631,7.298
V0278,V0352,4,22,38,0.334,11.962,0.00027308358027018837,3.564,FURNITURE,1.0,KA-NORTH,0.667,0.867,0.61,7.297
V0422,V0532,3,27,29,0.313,9.579,0.0034059175886131617,2.468,VEHICLE_SUPPLIES,0.652,TN-NORTH,0.348,0.53,0.761,7.293
V0224,V0356,4,42,23,0.386,10.352,0.00048382459570099693,3.315,WATER_INFRASTRUCTURE,0.771,KA-SOUTH,0.486,0.657,0.704,7.291
V0293,V0527,3,41,15,0.246,12.195,0.00162535635739582,2.789,IT_SERVICES,1.0,KA-NORTH,0.737,0.895,0.597,7.285
V0042,V0487,4,49,18,0.353,11.338,0.00032593509665568933,3.487,ROAD_CONSTRUCTION,1.0,KA-CENTRAL,0.486,0.794,0.643,7.285
V0194,V0531,3,16,43,0.275,10.901,0.002271727570968584,2.644,ROAD_CONSTRUCTION,1.0,KA-NORTH,0.346,0.738,0.668,7.279
V0151,V0370,4,23,37,0.34,11.751,0.0002943590885869934,3.531,FURNITURE,1.0,KA-CENTRAL,0.615,0.846,0.619,7.277
V0240,V0329,3,21,27,0.227,13.228,0.001313277650581942,2.882,MEDICAL_SUPPLIES,1.0,KA-NORTH,1.0,1.0,0.55,7.275
V0406,V0469,3,20,31,0.248,12.097,0.0017071054380202236,2.768,MEDICAL_SUPPLIES,1.0,KA-NORTH,0.714,0.886,0.601,7.275
V0262,V0378,3,26,24,0.25,12.019,0.0017494813137992722,2.757,MEDICAL_SUPPLIES,1.0,KA-CENTRAL,0.696,0.878,0.605,7.269
V0007,V0322,6,39,40,0.624,9.615,2.519416748575187e-05,4.599,FURNITURE,0.679,KA-BENGALURU,0.34,0.543,0.755,7.264
V0125,V0366,3,21,30,0.252,11.905,0.001793506046909687,2.746,ROAD_CONSTRUCTION,1.0,KA-NORTH,0.667,0.867,0.61,7.262
V0288,V0373,3,29,22,0.255,11.755,0.0018645504201086713,2.729,CIVIL_MAINTENANCE,1.0,KA-SOUTH,0.625,0.85,0.617,7.259
V0120,V0547,8,44,48,0.845,9.47,1.0636271694680931e-06,5.973,WATER_INFRASTRUCTURE,0.567,KA-CENTRAL,0.448,0.519,0.766,7.257
V0228,V0328,3,34,20,0.272,11.029,0.002237993497890119,2.65,VEHICLE_SUPPLIES,1.0,KA-CENTRAL,0.4,0.76,0.658,7.257
V0275,V0488,7,46,36,0.662,10.568,2.492966044733306e-06,5.603,VEHICLE_SUPPLIES,0.592,KA-CENTRAL,0.857,0.698,0.686,7.249
V0249,V0306,3,37,17,0.252,11.924,0.0017600530970355692,2.754,BUILDING_CONSTRUCTION,1.0,KA-SOUTH,0.68,0.872,0.608,7.245
V0294,V0488,5,32,36,0.461,10.851,7.070624132515267e-05,4.151,VEHICLE_SUPPLIES,0.8,KA-CENTRAL,0.65,0.74,0.667,7.238
V0145,V0245,3,18,38,0.274,10.965,0.0022595767519770155,2.646,VEHICLE_SUPPLIES,1.0,KA-CENTRAL,0.391,0.757,0.66,7.232
V0031,V0178,3,13,49,0.255,11.774,0.0017634003597000166,2.754,IT_SERVICES,1.0,KA-NORTH,0.647,0.859,0.614,7.224
V0296,V0381,3,16,41,0.262,11.433,0.0019777341455102784,2.704,ROAD_CONSTRUCTION,1.0,KA-NORTH,0.545,0.818,0.632,7.224
V0142,V0360,3,29,25,0.29,10.345,0.002720268181857534,2.565,VEHICLE_SUPPLIES,0.765,KA-SOUTH,0.529,0.671,0.698,7.223
V0123,V0546,4,45,20,0.36,11.111,0.00035991718128399364,3.444,FURNITURE,1.0,KA-NORTH,0.444,0.778,0.65,7.222
V0142,V0397,3,29,24,0.278,10.776,0.002412589473644424,2.618,VEHICLE_SUPPLIES,1.0,KA-BENGALURU,0.333,0.733,0.67,7.22
V0044,V0510,4,34,30,0.408,9.804,0.0006090185323721006,3.215,WATER_INFRASTRUCTURE,0.667,KA-SOUTH,0.467,0.587,0.736,7.216
V0195,V0219,9,42,45,0.756,11.905,2.471628367338067e-08,7.607,FURNITURE,0.919,KA-SOUTH,0.811,0.876,0.606,7.214
V0172,V0271,5,48,24,0.461,10.851,6.822623832642314e-05,4.166,WATER_INFRASTRUCTURE,0.828,KA-CENTRAL,0.621,0.745,0.665,7.214
V0200,V0420,3,30,22,0.264,11.364,0.0020599224464058785,2.686,MEDICAL_SUPPLIES,1.0,KA-NORTH,0.529,0.812,0.635,7.213
V0395,V0420,3,26,22,0.229,13.112,0.0013496540565011278,2.87,MEDICAL_SUPPLIES,1.0,KA-NORTH,1.0,1.0,0.55,7.212
V0339,V0415,3,22,29,0.255,11.755,0.0018645504201086713,2.729,ROAD_CONSTRUCTION,1.0,KA-SOUTH,0.654,0.862,0.612,7.198
V0217,V0228,3,19,34,0.258,11.61,0.001920080285975106,2.717,VEHICLE_SUPPLIES,1.0,TN-NORTH,0.611,0.844,0.62,7.198
V0182,V0483,9,35,55,0.77,11.688,2.799419610418562e-08,7.553,WATER_INFRASTRUCTURE,0.81,KA-CENTRAL,0.921,0.854,0.616,7.196
V0007,V0523,5,39,34,0.53,9.427,0.0001419226432174542,3.848,FURNITURE,0.633,KA-BENGALURU,0.367,0.527,0.763,7.193
V0114,V0371,4,31,31,0.384,10.406,0.00048226527016381434,3.317,WATER_INFRASTRUCTURE,0.812,KA-NORTH,0.5,0.688,0.691,7.187
V0181,V0308,3,14,41,0.23,13.066,0.0013152197426284152,2.881,IT_SERVICES,1.0,KA-CENTRAL,1.0,1.0,0.55,7.186
V0107,V0209,3,19,36,0.274,10.965,0.0022690460529923217,2.644,BUILDING_CONSTRUCTION,1.0,KA-NORTH,0.417,0.767,0.655,7.182
V0353,V0547,4,19,48,0.365,10.965,0.0003755183830976687,3.425,ROAD_CONSTRUCTION,1.0,KA-CENTRAL,0.424,0.77,0.654,7.167
V0159,V0357,3,40,17,0.272,11.029,0.0022098649188888484,2.656,ROAD_CONSTRUCTION,1.0,KA-SOUTH,0.448,0.779,0.649,7.161
V0144,V0295,16,68,55,1.496,10.695,1.888367378015315e-13,12.724,LAB_EQUIPMENT,0.882,KA-CENTRAL,0.513,0.734,0.669,7.16
V0093,V0150,4,34,26,0.354,11.312,0.00034529642555410447,3.462,BUILDING_CONSTRUCTION,1.0,KA-NORTH,0.542,0.817,0.633,7.155
V0071,V0464,6,47,33,0.62,9.671,2.4047945085235747e-05,4.619,ROAD_CONSTRUCTION,0.719,KA-SOUTH,0.368,0.579,0.739,7.151
V0195,V0523,6,42,34,0.571,10.504,1.4765297828525058e-05,4.831,FURNITURE,0.816,KA-BENGALURU,0.551,0.71,0.68,7.147
V0145,V0472,3,18,37,0.266,11.261,0.0020906109171940673,2.68,VEHICLE_SUPPLIES,1.0,KA-NORTH,0.529,0.812,0.635,7.147
V0135,V0270,3,24,27,0.259,11.574,0.0019557850291186396,2.709,BUILDING_CONSTRUCTION,1.0,KA-SOUTH,0.625,0.85,0.617,7.147
V0093,V0132,8,34,58,0.789,10.142,5.820281088757648e-07,6.235,FURNITURE,0.579,KA-CENTRAL,0.772,0.656,0.705,7.147
V0336,V0514,4,35,22,0.308,12.987,0.00019711029396994982,3.705,IT_SERVICES,1.0,KA-CENTRAL,1.0,1.0,0.55,7.143
V0282,V0419,4,16,56,0.358,11.161,0.0003366440437845027,3.473,VEHICLE_SUPPLIES,1.0,KA-CENTRAL,0.5,0.8,0.64,7.143
V0367,V0509,5,26,42,0.437,11.447,5.3172837447123216e-05,4.274,ELECTRICAL_EQUIPMENT,1.0,KA-NORTH,0.59,0.836,0.624,7.141
V0078,V0216,3,36,19,0.274,10.965,0.0022690460529923217,2.644,WATER_INFRASTRUCTURE,1.0,KA-NORTH,0.438,0.775,0.651,7.141
V0185,V0255,3,19,33,0.251,11.962,0.0017591123923503826,2.755,WATER_INFRASTRUCTURE,1.0,KA-SOUTH,0.739,0.896,0.597,7.141
V0140,V0178,3,14,49,0.274,10.933,0.0022135153690717646,2.655,IT_SERVICES,1.0,KA-NORTH,0.429,0.771,0.653,7.138
V0113,V0277,15,46,71,1.306,11.482,3.5258393353965335e-13,12.453,LAB_EQUIPMENT,0.957,KA-NORTH,0.67,0.842,0.621,7.133
V0198,V0298,4,21,43,0.361,11.074,0.0003674452736134622,3.435,BUILDING_CONSTRUCTION,1.0,KA-NORTH,0.478,0.791,0.644,7.131
V0184,V0481,19,63,64,1.613,11.781,8.860770214390516e-17,16.053,LAB_EQUIPMENT,1.0,KA-NORTH,0.694,0.878,0.605,7.128
V0280,V0473,3,36,19,0.274,10.965,0.0022690460529923217,2.644,FURNITURE,1.0,TN-NORTH,0.444,0.778,0.65,7.127
V0030,V0113,4,18,46,0.331,12.077,0.00025446280768142294,3.594,IT_SERVICES,1.0,KA-NORTH,0.778,0.911,0.59,7.125
V0383,V0513,9,36,55,0.792,11.364,3.670223286258079e-08,7.435,ELECTRICAL_EQUIPMENT,0.803,KA-NORTH,0.868,0.829,0.627,7.125
V0129,V0174,4,47,18,0.338,11.82,0.0002768783973863461,3.558,ELECTRICAL_EQUIPMENT,1.0,KA-SOUTH,0.711,0.884,0.602,7.117
V0245,V0335,6,38,38,0.578,10.388,1.586268451375979e-05,4.8,CIVIL_MAINTENANCE,0.63,KA-NORTH,0.804,0.7,0.685,7.116
V0025,V0277,19,61,71,1.732,10.967,3.937994183027996e-16,15.405,LAB_EQUIPMENT,0.904,KA-CENTRAL,0.596,0.781,0.649,7.114
V0186,V0284,3,29,20,0.232,12.931,0.0014019804065903748,2.853,BUILDING_CONSTRUCTION,1.0,KA-CENTRAL,1.0,1.0,0.55,7.112
V0052,V0391,6,46,29,0.534,11.244,9.59959764349017e-06,5.018,CIVIL_MAINTENANCE,1.0,KA-NORTH,0.542,0.817,0.633,7.112
V0065,V0530,3,26,29,0.302,9.947,0.003051188320818404,2.516,CIVIL_MAINTENANCE,0.75,KA-NORTH,0.458,0.633,0.715,7.112
V0302,V0434,4,24,38,0.365,10.965,0.00038811339094902585,3.411,ELECTRICAL_EQUIPMENT,1.0,KA-CENTRAL,0.455,0.782,0.648,7.107
V0197,V0419,5,25,56,0.56,8.929,0.00017766833192233434,3.75,VEHICLE_SUPPLIES,0.552,KA-CENTRAL,0.31,0.455,0.795,7.1
V0120,V0366,5,44,30,0.528,9.47,0.00013759613734500286,3.861,WATER_INFRASTRUCTURE,0.78,KA-SOUTH,0.22,0.556,0.75,7.1
V0174,V0417,3,18,37,0.266,11.261,0.0020906109171940673,2.68,ELECTRICAL_EQUIPMENT,1.0,KA-SOUTH,0.556,0.822,0.63,7.094
V0078,V0224,6,36,42,0.605,9.921,2.0857194695877615e-05,4.681,WATER_INFRASTRUCTURE,0.69,KA-NORTH,0.548,0.633,0.715,7.094
V0145,V0488,3,18,36,0.259,11.574,0.0019297990046845276,2.714,VEHICLE_SUPPLIES,1.0,KA-NORTH,0.654,0.862,0.612,7.087
V0281,V0352,6,40,38,0.608,9.868,2.1570942113916565e-05,4.666,FURNITURE,0.827,KA-NORTH,0.327,0.627,0.718,7.084
V0070,V0293,3,17,41,0.279,10.76,0.0023742908833653356,2.624,IT_SERVICES,1.0,KA-BENGALURU,0.4,0.76,0.658,7.08
V0144,V0355,20,68,69,1.877,10.656,1.0931814495353756e-16,15.961,LAB_EQUIPMENT,1.0,KA-CENTRAL,0.365,0.746,0.664,7.079
V0141,V0431,3,28,23,0.258,11.646,0.0019189656972167567,2.717,MEDICAL_SUPPLIES,1.0,KA-NORTH,0.68,0.872,0.608,7.076
V0259,V0434,6,39,38,0.593,10.121,1.8539923080142562e-05,4.732,ELECTRICAL_EQUIPMENT,0.657,KA-NORTH,0.686,0.669,0.699,7.076
V0130,V0187,4,27,34,0.367,10.893,0.0004014577238277861,3.396,CIVIL_MAINTENANCE,1.0,KA-NORTH,0.447,0.779,0.649,7.075
V0015,V0066,3,12,53,0.254,11.792,0.0017298040938019015,2.762,FURNITURE,1.0,KA-SOUTH,0.727,0.891,0.599,7.064
V0074,V0464,4,28,33,0.37,10.823,0.000412472136530357,3.385,ROAD_CONSTRUCTION,1.0,AP-SOUTH,0.432,0.773,0.652,7.06
V0494,V0514,3,29,22,0.255,11.755,0.0018645504201086713,2.729,IT_SERVICES,1.0,KA-CENTRAL,0.72,0.888,0.6,7.058
V0219,V0327,10,45,51,0.918,10.893,9.295469289392193e-09,8.032,FURNITURE,1.0,KA-CENTRAL,0.459,0.784,0.647,7.051
V0224,V0525,7,42,41,0.689,10.163,3.314158671933434e-06,5.48,WATER_INFRASTRUCTURE,0.632,KA-SOUTH,0.754,0.681,0.694,7.05
V0117,V0188,4,20,43,0.344,11.628,0.00030120811418841813,3.521,BUILDING_CONSTRUCTION,1.0,KA-NORTH,0.688,0.875,0.606,7.049
V0415,V0421,5,29,46,0.534,9.37,0.00014428461061974309,3.841,ROAD_CONSTRUCTION,0.541,KA-CENTRAL,0.568,0.551,0.752,7.045
V0119,V0295,15,64,55,1.408,10.653,1.312030781638873e-12,11.882,LAB_EQUIPMENT,1.0,KA-CENTRAL,0.384,0.754,0.661,7.04
V0178,V0291,7,49,38,0.745,9.398,5.6923518519324976e-06,5.245,IT_SERVICES,0.684,KA-NORTH,0.368,0.558,0.749,7.039
V0359,V0544,3,40,16,0.256,11.719,0.0018402208623436605,2.735,WATER_INFRASTRUCTURE,1.0,KA-SOUTH,0.72,0.888,0.6,7.036
V0223,V0277,14,45,71,1.278,10.955,4.971838104228504e-12,11.303,LAB_EQUIPMENT,1.0,KA-CENTRAL,0.488,0.795,0.642,7.036
V0023,V0321,3,44,16,0.282,10.653,0.002428413051074134,2.615,ELECTRICAL_EQUIPMENT,1.0,AP-SOUTH,0.391,0.757,0.66,7.026
V0421,V0517,5,46,28,0.515,9.705,0.00012106305665832018,3.917,WATER_INFRASTRUCTURE,0.537,KA-SOUTH,0.732,0.615,0.723,7.021
V0002,V0327,5,22,51,0.449,11.141,5.867070031044332e-05,4.232,FURNITURE,1.0,KA-BENGALURU,0.556,0.822,0.63,7.019
V0005,V0245,5,31,38,0.471,10.611,7.887171967791288e-05,4.103,VEHICLE_SUPPLIES,0.882,KA-NORTH,0.559,0.753,0.661,7.016
V0141,V0286,3,28,21,0.235,12.755,0.001462928625334514,2.835,MEDICAL_SUPPLIES,1.0,KA-NORTH,1.0,1.0,0.55,7.015
V0236,V0263,3,12,49,0.235,12.755,0.0013753564838804313,2.862,VEHICLE_SUPPLIES,1.0,KA-CENTRAL,1.0,1.0,0.55,7.015
V0182,V0313,5,35,28,0.392,12.755,3.1219809090755494e-05,4.506,WATER_INFRASTRUCTURE,1.0,KA-CENTRAL,1.0,1.0,0.55,7.015
V0098,V0424,3,16,40,0.256,11.719,0.0018402208623436605,2.735,ELECTRICAL_EQUIPMENT,1.0,KA-BENGALURU,0.731,0.892,0.598,7.013
V0388,V0523,3,19,34,0.258,11.61,0.001920080285975106,2.717,FURNITURE,1.0,KA-SOUTH,0.7,0.88,0.604,7.012
V0454,V0514,4,43,22,0.378,10.571,0.0004435062311890811,3.353,IT_SERVICES,1.0,KA-SOUTH,0.371,0.749,0.663,7.01
V0054,V0410,4,33,30,0.396,10.101,0.000541880864807719,3.266,WATER_INFRASTRUCTURE,0.8,KA-NORTH,0.5,0.68,0.694,7.01
V0069,V0073,3,15,44,0.264,11.364,0.0019975279807838706,2.7,ROAD_CONSTRUCTION,1.0,KA-CENTRAL,0.63,0.852,0.617,7.008
V0469,V0498,3,31,19,0.236,12.733,0.0014632950411898908,2.835,MEDICAL_SUPPLIES,1.0,KA-SOUTH,1.0,1.0,0.55,7.003
V0107,V0364,3,19,31,0.236,12.733,0.0014632950411898908,2.835,BUILDING_CONSTRUCTION,1.0,KA-NORTH,1.0,1.0,0.55,7.003
V0275,V0294,6,46,32,0.589,10.19,1.7567315241990975e-05,4.755,CIVIL_MAINTENANCE,0.568,KA-CENTRAL,0.886,0.695,0.687,7.001
V0214,V0338,4,20,45,0.36,11.111,0.00035991718128399364,3.444,IT_SERVICES,1.0,KA-NORTH,0.556,0.822,0.63,7.0
V0025,V0119,18,61,64,1.562,11.527,1.0266914173298522e-15,14.989,LAB_EQUIPMENT,1.0,KA-CENTRAL,0.684,0.874,0.607,6.996
V0281,V0322,6,40,40,0.64,9.375,2.9292802080970543e-05,4.533,BUILDING_CONSTRUCTION,0.604,KA-SOUTH,0.509,0.566,0.745,6.987
V0016,V0151,5,50,23,0.46,10.87,6.698721470195221e-05,4.174,FURNITURE,1.0,KA-SOUTH,0.486,0.795,0.642,6.983
V0197,V0275,5,25,46,0.46,10.87,6.820632796583684e-05,4.166,VEHICLE_SUPPLIES,0.795,KA-CENTRAL,0.795,0.795,0.642,6.982
V0003,V0005,5,40,31,0.496,10.081,0.00010160201225539792,3.993,VEHICLE_SUPPLIES,0.639,KA-SOUTH,0.75,0.683,0.692,6.981
V0122,V0546,3,36,20,0.288,10.417,0.0026431612985264325,2.578,FURNITURE,1.0,KA-CENTRAL,0.333,0.733,0.67,6.979
V0130,V0158,4,27,34,0.367,10.893,0.0004014577238277861,3.396,CIVIL_MAINTENANCE,1.0,KA-SOUTH,0.5,0.8,0.64,6.972
V0174,V0344,3,18,38,0.274,10.965,0.0022595767519770155,2.646,ELECTRICAL_EQUIPMENT,1.0,KA-CENTRAL,0.524,0.81,0.636,6.971
V0050,V0481,15,55,64,1.408,10.653,1.312030781638873e-12,11.882,LAB_EQUIPMENT,1.0,KA-NORTH,0.421,0.768,0.654,6.969
V0381,V0517,5,41,28,0.459,10.889,6.8798986014503e-05,4.162,WATER_INFRASTRUCTURE,1.0,KA-SOUTH,0.5,0.8,0.64,6.969
V0188,V0248,8,43,46,0.791,10.111,6.26178221803106e-07,6.203,BUILDING_CONSTRUCTION,0.537,KA-NORTH,0.926,0.693,0.688,6.96
V0485,V0507,3,42,16,0.269,11.161,0.002121535118551722,2.673,ELECTRICAL_EQUIPMENT,1.0,KA-CENTRAL,0.593,0.837,0.623,6.957
V0019,V0410,3,23,30,0.276,10.87,0.0023497873595139016,2.629,WATER_INFRASTRUCTURE,1.0,KA-CENTRAL,0.5,0.8,0.64,6.957
V0313,V0437,4,28,33,0.37,10.823,0.000412472136530357,3.385,WATER_INFRASTRUCTURE,1.0,KA-CENTRAL,0.486,0.794,0.643,6.955
V0132,V0292,6,58,27,0.626,9.579,2.434441384879503e-05,4.614,FURNITURE,0.659,KA-SOUTH,0.537,0.61,0.726,6.951
V0422,V0530,3,27,29,0.313,9.579,0.0034059175886131617,2.468,CIVIL_MAINTENANCE,0.65,KA-NORTH,0.55,0.61,0.725,6.95
V0327,V0370,8,51,37,0.755,10.599,4.1919229903077113e-07,6.378,FURNITURE,0.862,KA-BENGALURU,0.621,0.766,0.656,6.948
V0339,V0345,3,22,27,0.238,12.626,0.0015097102425455468,2.821,ROAD_CONSTRUCTION,1.0,KA-SOUTH,1.0,1.0,0.55,6.944
V0127,V0319,6,43,34,0.585,10.26,1.6993715910785367e-05,4.77,FURNITURE,1.0,KA-CENTRAL,0.295,0.718,0.677,6.944
V0169,V0422,4,35,27,0.378,10.582,0.0004499161833342391,3.347,CIVIL_MAINTENANCE,0.607,KA-SOUTH,1.0,0.764,0.656,6.943
V0309,V0347,4,56,16,0.358,11.161,0.0003366440437845027,3.473,BUILDING_CONSTRUCTION,1.0,KA-SOUTH,0.6,0.84,0.622,6.942
V0019,V0114,3,23,31,0.285,10.519,0.002585962718878233,2.587,WATER_INFRASTRUCTURE,1.0,KA-SOUTH,0.391,0.757,0.66,6.938
V0005,V0360,3,31,25,0.31,9.677,0.003302444142755371,2.481,VEHICLE_SUPPLIES,0.65,KA-SOUTH,0.6,0.63,0.716,6.934
V0056,V0162,3,17,35,0.238,12.605,0.0014951273524220455,2.825,ELECTRICAL_EQUIPMENT,1.0,KA-BENGALURU,1.0,1.0,0.55,6.933
V0441,V0458,3,17,35,0.238,12.605,0.0014951273524220455,2.825,VEHICLE_SUPPLIES,1.0,KA-NORTH,1.0,1.0,0.55,6.933
V0092,V0310,3,20,35,0.28,10.714,0.0024353194954519273,2.613,FURNITURE,1.0,KA-SOUTH,0.462,0.785,0.647,6.931
V0309,V0546,5,56,20,0.448,11.161,5.64821824998533e-05,4.248,FURNITURE,1.0,KA-NORTH,0.606,0.842,0.621,6.93
V0010,V0307,19,96,50,1.92,9.896,2.407324552398195e-15,14.618,LAB_EQUIPMENT,0.903,KA-NORTH,0.31,0.666,0.7,6.929
V0056,V0502,4,17,53,0.36,11.099,0.00034953679416885287,3.457,ELECTRICAL_EQUIPMENT,1.0,KA-NORTH,0.588,0.835,0.624,6.927
V0023,V0461,3,44,16,0.282,10.653,0.002428413051074134,2.615,BUILDING_CONSTRUCTION,1.0,KA-NORTH,0.444,0.778,0.65,6.924
V0085,V0338,3,16,45,0.288,10.417,0.0025916908898703348,2.586,IT_SERVICES,1.0,KA-CENTRAL,0.364,0.745,0.665,6.923
V0082,V0327,7,32,51,0.653,10.723,2.197998087159151e-06,5.658,FURNITURE,0.896,KA-BENGALURU,0.625,0.788,0.646,6.923
V0007,V0327,8,39,51,0.796,10.055,6.475754289608932e-07,6.189,FURNITURE,0.846,KA-BENGALURU,0.462,0.692,0.688,6.922
V0088,V0346,7,38,41,0.623,11.232,1.6270011545580812e-06,5.789,WATER_INFRASTRUCTURE,1.0,KA-SOUTH,0.633,0.853,0.616,6.92
V0010,V0355,27,96,69,2.65,10.19,4.239870600975773e-22,21.373,LAB_EQUIPMENT,0.986,KA-SOUTH,0.304,0.713,0.679,6.92
V0034,V0063,8,53,30,0.636,12.579,9.70462675515993e-08,7.013,ELECTRICAL_EQUIPMENT,1.0,KA-CENTRAL,1.0,1.0,0.55,6.918
V0092,V0523,3,20,34,0.272,11.029,0.002237993497890119,2.65,FURNITURE,1.0,KA-SOUTH,0.571,0.829,0.627,6.917
V0123,V0319,6,45,34,0.612,9.804,2.226704237822009e-05,4.652,FURNITURE,0.788,KA-NORTH,0.455,0.655,0.705,6.916
V0251,V0387,3,19,35,0.266,11.278,0.002089998999718764,2.68,WATER_INFRASTRUCTURE,1.0,KA-NORTH,0.652,0.861,0.613,6.909
V0277,V0460,12,71,42,1.193,10.06,6.000146358035902e-10,9.222,LAB_EQUIPMENT,0.865,KA-NORTH,0.446,0.697,0.686,6.903
V0026,V0307,9,44,50,0.88,10.227,1.014822008241229e-07,6.994,LAB_EQUIPMENT,1.0,KA-NORTH,0.306,0.722,0.675,6.903
V0292,V0319,4,27,34,0.367,10.893,0.0004014577238277861,3.396,FURNITURE,1.0,KA-CENTRAL,0.538,0.815,0.633,6.896
V0335,V0377,4,38,24,0.365,10.965,0.00038811339094902585,3.411,VEHICLE_SUPPLIES,1.0,KA-NORTH,0.562,0.825,0.629,6.894
V0198,V0281,4,21,40,0.336,11.905,0.0002766209784071732,3.558,BUILDING_CONSTRUCTION,1.0,KA-NORTH,0.839,0.935,0.579,6.893
V0255,V0438,6,33,44,0.581,10.331,1.626051166009503e-05,4.789,WATER_INFRASTRUCTURE,0.82,KA-SOUTH,0.62,0.74,0.667,6.891
V0338,V0403,6,45,34,0.612,9.804,2.226704237822009e-05,4.652,ELECTRICAL_EQUIPMENT,0.623,KA-NORTH,0.717,0.66,0.703,6.891
V0346,V0544,3,41,16,0.262,11.433,0.0019777341455102784,2.704,WATER_INFRASTRUCTURE,1.0,KA-SOUTH,0.708,0.883,0.602,6.888
V0054,V0510,4,33,30,0.396,10.101,0.000541880864807719,3.266,WATER_INFRASTRUCTURE,0.679,KA-CENTRAL,0.75,0.707,0.682,6.887
V0142,V0458,4,29,35,0.406,9.852,0.0005968754490166578,3.224,VEHICLE_SUPPLIES,0.724,KA-NORTH,0.586,0.669,0.699,6.886
V0047,V0098,4,55,16,0.352,11.364,0.0003138153634101457,3.503,ELECTRICAL_EQUIPMENT,1.0,KA-SOUTH,0.69,0.876,0.606,6.885
V0386,V0525,4,22,41,0.361,11.086,0.0003681894787781297,3.434,ROAD_CONSTRUCTION,1.0,KA-SOUTH,0.606,0.842,0.621,6.883
V0344,V0417,6,38,37,0.562,10.669,1.3507097286509043e-05,4.869,ELECTRICAL_EQUIPMENT,0.778,KA-SOUTH,0.806,0.789,0.645,6.882
V0197,V0532,3,25,29,0.29,10.345,0.002720268181857534,2.565,VEHICLE_SUPPLIES,1.0,AP-SOUTH,0.36,0.744,0.665,6.881
V0056,V0509,3,17,42,0.286,10.504,0.0025461648034385926,2.594,ELECTRICAL_EQUIPMENT,1.0,KA-NORTH,0.417,0.767,0.655,6.88
V0117,V0127,4,20,43,0.344,11.628,0.00030120811418841813,3.521,BUILDING_CONSTRUCTION,1.0,KA-NORTH,0.769,0.908,0.592,6.878
V0414,V0501,3,31,21,0.26,11.521,0.001974947325577561,2.704,ELECTRICAL_EQUIPMENT,1.0,KA-NORTH,0.739,0.896,0.597,6.878
V0120,V0271,4,44,24,0.422,9.47,0.0006866996627402516,3.163,WATER_INFRASTRUCTURE,0.708,KA-CENTRAL,0.458,0.608,0.726,6.878
V0144,V0307,14,68,50,1.36,10.294,1.3369684022919024e-11,10.874,LAB_EQUIPMENT,1.0,KA-CENTRAL,0.345,0.738,0.668,6.876
V0499,V0529,3,25,24,0.24,12.5,0.0015574168181925934,2.808,MEDICAL_SUPPLIES,1.0,KA-SOUTH,1.0,1.0,0.55,6.875
V0035,V0152,3,24,25,0.24,12.5,0.0015574168181925934,2.808,IT_SERVICES,1.0,KA-CENTRAL,1.0,1.0,0.55,6.875
V0501,V0513,5,21,55,0.462,10.823,6.672662624920916e-05,4.176,ELECTRICAL_EQUIPMENT,1.0,KA-NORTH,0.526,0.811,0.635,6.875
V0284,V0298,4,20,43,0.344,11.628,0.00030120811418841813,3.521,BUILDING_CONSTRUCTION,1.0,KA-NORTH,0.771,0.909,0.591,6.874
V0208,V0495,4,25,36,0.36,11.111,0.0003696711154151837,3.432,ELECTRICAL_EQUIPMENT,1.0,KA-CENTRAL,0.619,0.848,0.619,6.873
V0141,V0378,3,28,24,0.269,11.161,0.0021767010205299355,2.662,MEDICAL_SUPPLIES,1.0,KA-CENTRAL,0.636,0.855,0.615,6.869
V0050,V0277,16,55,71,1.562,10.243,3.9311645675034695e-13,12.405,LAB_EQUIPMENT,0.952,KA-NORTH,0.403,0.732,0.67,6.868
V0080,V0302,4,39,24,0.374,10.684,0.00042969185018819627,3.367,ELECTRICAL_EQUIPMENT,1.0,KA-NORTH,0.485,0.794,0.643,6.867
V0010,V0223,19,96,45,1.728,10.995,2.2450522369148713e-16,15.649,LAB_EQUIPMENT,1.0,KA-CENTRAL,0.589,0.835,0.624,6.861
V0174,V0424,3,18,40,0.288,10.417,0.0026225522368982994,2.581,ELECTRICAL_EQUIPMENT,1.0,KA-BENGALURU,0.4,0.76,0.658,6.854
V0020,V0119,22,85,64,2.176,10.11,7.778033013502172e-18,17.109,LAB_EQUIPMENT,0.966,KA-SOUTH,0.341,0.716,0.678,6.852
V0061,V0338,8,37,45,0.666,12.012,1.5112201198384019e-07,6.821,ELECTRICAL_EQUIPMENT,1.0,KA-NORTH,0.891,0.956,0.57,6.842
V0256,V0495,6,40,36,0.576,10.417,1.558237965954905e-05,4.807,ELECTRICAL_EQUIPMENT,0.763,KA-CENTRAL,0.763,0.763,0.657,6.84
V0010,V0041,16,96,39,1.498,10.684,1.1576558108876245e-13,12.936,LAB_EQUIPMENT,1.0,KA-CENTRAL,0.5,0.8,0.64,6.838
V0152,V0223,5,25,45,0.45,11.111,6.120378751737991e-05,4.213,IT_SERVICES,1.0,KA-CENTRAL,0.636,0.855,0.615,6.838
V0085,V0384,3,16,45,0.288,10.417,0.0025916908898703348,2.586,IT_SERVICES,1.0,KA-SOUTH,0.409,0.764,0.656,6.837
V0044,V0470,4,34,33,0.449,8.913,0.000883442589744778,3.054,ROAD_CONSTRUCTION,0.591,KA-CENTRAL,0.409,0.518,0.767,6.835
V0063,V0344,5,30,38,0.456,10.965,6.688792880975828e-05,4.175,ELECTRICAL_EQUIPMENT,1.0,KA-CENTRAL,0.593,0.837,0.623,6.835
V0321,V0338,3,16,45,0.288,10.417,0.0025916908898703348,2.586,ELECTRICAL_EQUIPMENT,1.0,KA-CENTRAL,0.412,0.765,0.656,6.832
V0062,V0241,6,40,34,0.544,11.029,1.101587881211808e-05,4.958,ELECTRICAL_EQUIPMENT,1.0,KA-SOUTH,0.619,0.848,0.619,6.822
V0415,V0531,5,29,43,0.499,10.024,0.00010380853453398863,3.984,WATER_INFRASTRUCTURE,0.793,KA-SOUTH,0.586,0.71,0.68,6.82
V0151,V0327,5,23,51,0.469,10.656,7.381863723783453e-05,4.132,FURNITURE,1.0,KA-SOUTH,0.5,0.8,0.64,6.82
V0302,V0424,4,24,40,0.384,10.417,0.0004743691238925373,3.324,ELECTRICAL_EQUIPMENT,1.0,KA-NORTH,0.419,0.768,0.655,6.818
V0359,V0437,5,40,33,0.528,9.47,0.00013862247268622727,3.858,WATER_INFRASTRUCTURE,0.667,KA-NORTH,0.556,0.622,0.72,6.818
V0429,V0517,3,26,28,0.291,10.302,0.0027545012996810724,2.56,WATER_INFRASTRUCTURE,1.0,KA-SOUTH,0.381,0.752,0.661,6.814
V0217,V0245,3,19,38,0.289,10.388,0.0026552117518039487,2.576,VEHICLE_SUPPLIES,1.0,KA-SOUTH,0.412,0.765,0.656,6.813
V0213,V0317,3,19,35,0.266,11.278,0.002089998999718764,2.68,ELECTRICAL_EQUIPMENT,1.0,KA-NORTH,0.7,0.88,0.604,6.812
V0366,V0537,4,30,32,0.384,10.417,0.00048019652311417693,3.319,WATER_INFRASTRUCTURE,1.0,KA-SOUTH,0.423,0.769,0.654,6.811
V0056,V0256,3,17,40,0.272,11.029,0.0022098649188888484,2.656,ELECTRICAL_EQUIPMENT,1.0,KA-CENTRAL,0.625,0.85,0.617,6.81
V0062,V0383,6,40,36,0.576,10.417,1.558237965954905e-05,4.807,ELECTRICAL_EQUIPMENT,1.0,KA-SOUTH,0.426,0.77,0.653,6.807
V0159,V0415,5,40,29,0.464,10.776,7.270161190097044e-05,4.138,ROAD_CONSTRUCTION,0.7,KA-SOUTH,1.0,0.82,0.631,6.8
V0132,V0211,5,58,20,0.464,10.776,6.707004592346273e-05,4.173,FURNITURE,1.0,KA-CENTRAL,0.552,0.821,0.631,6.796
V0197,V0422,3,25,27,0.27,11.111,0.0022065217593470773,2.656,VEHICLE_SUPPLIES,0.773,TN-NORTH,1.0,0.864,0.611,6.793
V0408,V0469,3,21,31,0.26,11.521,0.001974947325577561,2.704,MEDICAL_SUPPLIES,1.0,KA-NORTH,0.783,0.913,0.589,6.787
V0289,V0376,3,27,27,0.292,10.288,0.0027659709821300526,2.558,ROAD_CONSTRUCTION,1.0,KA-CENTRAL,0.391,0.757,0.66,6.786
V0010,V0026,18,96,44,1.69,10.653,2.993329954446521e-15,14.524,LAB_EQUIPMENT,1.0,KA-CENTRAL,0.518,0.807,0.637,6.783
V0061,V0302,4,37,24,0.355,11.261,0.0003495037975113849,3.457,ELECTRICAL_EQUIPMENT,1.0,KA-NORTH,0.71,0.884,0.602,6.782
V0020,V0113,17,85,46,1.564,10.87,1.6810022664464936e-14,13.774,LAB_EQUIPMENT,1.0,KA-NORTH,0.59,0.836,0.624,6.782
V0081,V0376,3,25,27,0.27,11.111,0.0022065217593470773,2.656,ROAD_CONSTRUCTION,1.0,KA-CENTRAL,0.667,0.867,0.61,6.778
V0011,V0392,5,40,33,0.528,9.47,0.00013862247268622727,3.858,ELECTRICAL_EQUIPMENT,0.839,KA-BENGALURU,0.323,0.632,0.715,6.776
V0273,V0516,3,22,32,0.282,10.653,0.0024879729689365414,2.604,ROAD_CONSTRUCTION,1.0,AP-SOUTH,0.522,0.809,0.636,6.776
V0349,V0365,3,29,21,0.244,12.315,0.0016229176995378805,2.79,ELECTRICAL_EQUIPMENT,1.0,AP-SOUTH,1.0,1.0,0.55,6.773
V0061,V0174,3,37,18,0.266,11.261,0.0020906109171940673,2.68,ELECTRICAL_EQUIPMENT,1.0,KA-NORTH,0.714,0.886,0.601,6.773
V0336,V0494,5,35,29,0.406,12.315,3.7345558363330746e-05,4.428,IT_SERVICES,1.0,KA-CENTRAL,1.0,1.0,0.55,6.773
V0336,V0365,3,35,21,0.294,10.204,0.0028140581036753963,2.551,ELECTRICAL_EQUIPMENT,0.579,KA-CENTRAL,1.0,0.747,0.664,6.772
V0392,V0454,5,33,43,0.568,8.809,0.00019714200030540062,3.705,IT_SERVICES,0.571,KA-CENTRAL,0.429,0.514,0.769,6.77
V0357,V0531,3,17,43,0.292,10.26,0.0027256045323612913,2.565,ROAD_CONSTRUCTION,1.0,KA-NORTH,0.391,0.757,0.66,6.767
V0141,V0164,3,28,24,0.269,11.161,0.0021767010205299355,2.662,MEDICAL_SUPPLIES,1.0,KA-BENGALURU,0.688,0.875,0.606,6.766
V0346,V0357,3,41,17,0.279,10.76,0.0023742908833653356,2.624,ROAD_CONSTRUCTION,1.0,KA-NORTH,0.562,0.825,0.629,6.765
V0231,V0384,5,26,45,0.468,10.684,7.476493631659937e-05,4.126,IT_SERVICES,1.0,KA-CENTRAL,0.541,0.816,0.633,6.76
V0005,V0458,4,31,35,0.434,9.217,0.0007751378791657907,3.111,VEHICLE_SUPPLIES,0.667,KA-NORTH,0.481,0.593,0.733,6.759
V0153,V0376,4,36,27,0.389,10.288,0.0005024230866559497,3.299,ROAD_CONSTRUCTION,1.0,KA-SOUTH,0.406,0.762,0.657,6.758
V0019,V0313,3,23,28,0.258,11.646,0.0019189656972167567,2.717,WATER_INFRASTRUCTURE,1.0,KA-CENTRAL,0.833,0.933,0.58,6.755
V0041,V0295,9,39,55,0.858,10.49,7.854426699118066e-08,7.105,LAB_EQUIPMENT,1.0,KA-CENTRAL,0.479,0.792,0.644,6.753
V0010,V0119,24,96,64,2.458,9.766,4.081221553306783e-19,18.389,LAB_EQUIPMENT,0.889,KA-SOUTH,0.381,0.686,0.691,6.752
V0129,V0177,3,47,13,0.244,12.275,0.0015613851118576165,2.806,ELECTRICAL_EQUIPMENT,1.0,KA-SOUTH,1.0,1.0,0.55,6.751
V0122,V0468,4,36,26,0.374,10.684,0.00043241388222700205,3.364,BUILDING_CONSTRUCTION,1.0,KA-CENTRAL,0.545,0.818,0.632,6.75
V0153,V0297,5,36,39,0.562,8.903,0.00018794017160597874,3.726,WATER_INFRASTRUCTURE,0.69,KA-SOUTH,0.31,0.538,0.758,6.748
V0175,V0502,5,22,53,0.466,10.72,7.085577767065659e-05,4.15,IT_SERVICES,1.0,KA-NORTH,0.559,0.824,0.629,6.747
V0087,V0384,4,22,45,0.396,10.101,0.0005292722830141336,3.276,IT_SERVICES,1.0,KA-CENTRAL,0.346,0.738,0.668,6.744
V0098,V0513,4,16,55,0.352,11.364,0.0003138153634101457,3.503,ELECTRICAL_EQUIPMENT,1.0,KA-NORTH,0.759,0.903,0.593,6.744
V0114,V0289,3,31,27,0.335,8.961,0.004129920005998934,2.384,WATER_INFRASTRUCTURE,0.65,KA-NORTH,0.4,0.55,0.752,6.743
V0182,V0326,4,35,27,0.378,10.582,0.0004499161833342391,3.347,CIVIL_MAINTENANCE,1.0,KA-CENTRAL,0.517,0.807,0.637,6.74
V0359,V0371,5,40,31,0.496,10.081,0.00010160201225539792,3.993,WATER_INFRASTRUCTURE,0.805,KA-NORTH,0.634,0.737,0.669,6.74
V0153,V0357,3,36,17,0.245,12.255,0.0016241826809605777,2.789,ROAD_CONSTRUCTION,1.0,KA-NORTH,1.0,1.0,0.55,6.74
V0113,V0119,12,46,64,1.178,10.19,5.422119291209896e-10,9.266,LAB_EQUIPMENT,1.0,KA-NORTH,0.381,0.753,0.661,6.739
V0194,V0224,3,16,42,0.269,11.161,0.002121535118551722,2.673,ROAD_CONSTRUCTION,1.0,KA-CENTRAL,0.704,0.881,0.603,6.734
V0224,V0517,5,42,28,0.47,10.629,7.749377380662347e-05,4.111,WATER_INFRASTRUCTURE,0.805,KA-SOUTH,0.829,0.815,0.633,6.733
V0008,V0259,3,17,39,0.265,11.312,0.002052766194857144,2.688,IT_SERVICES,1.0,KA-NORTH,0.75,0.9,0.595,6.731
V0040,V0258,5,35,37,0.518,9.653,0.00012645667015999135,3.898,ELECTRICAL_EQUIPMENT,0.576,KA-NORTH,0.818,0.673,0.697,6.731
V0162,V0501,3,35,21,0.294,10.204,0.0028140581036753963,2.551,ELECTRICAL_EQUIPMENT,1.0,KA-BENGALURU,0.391,0.757,0.66,6.73
V0015,V0309,3,12,56,0.269,11.161,0.0020302100487284676,2.692,FURNITURE,1.0,KA-NORTH,0.706,0.882,0.603,6.729
V0244,V0309,10,50,56,1.12,8.929,7.17612500043618e-08,7.144,FURNITURE,0.639,KA-CENTRAL,0.417,0.55,0.752,6.719
V0397,V0458,3,24,35,0.336,8.929,0.004160947102627887,2.381,VEHICLE_SUPPLIES,0.55,KA-NORTH,0.55,0.55,0.752,6.719
V0086,V0178,4,20,49,0.392,10.204,0.0005013477137504325,3.3,IT_SERVICES,1.0,KA-NORTH,0.4,0.76,0.658,6.714
V0050,V0307,11,55,50,1.1,10.0,4.0326547545516924e-09,8.394,LAB_EQUIPMENT,1.0,KA-NORTH,0.326,0.73,0.671,6.713
V0039,V0060,4,56,18,0.403,9.921,0.0005473877350065937,3.262,BUILDING_CONSTRUCTION,1.0,TN-NORTH,0.297,0.719,0.676,6.711
V0092,V0276,4,20,41,0.328,12.195,0.0002497362740914234,3.603,FURNITURE,1.0,KA-CENTRAL,1.0,1.0,0.55,6.707
V0113,V0233,3,46,16,0.294,10.19,0.0027616582247380907,2.559,IT_SERVICES,1.0,KA-NORTH,0.4,0.76,0.658,6.705
V0119,V0498,5,64,19,0.486,10.28,8.281694307620258e-05,4.082,MEDICAL_SUPPLIES,1.0,KA-CENTRAL,0.432,0.773,0.652,6.704
V0061,V0213,3,37,19,0.281,10.669,0.0024573942518904815,2.61,ELECTRICAL_EQUIPMENT,1.0,KA-BENGALURU,0.565,0.826,0.628,6.703
V0008,V0011,3,17,40,0.272,11.029,0.0022098649188888484,2.656,IT_SERVICES,1.0,KA-SOUTH,0.68,0.872,0.608,6.701
V0011,V0365,3,40,21,0.336,8.929,0.00413457604771726,2.384,ELECTRICAL_EQUIPMENT,0.682,KA-CENTRAL,0.364,0.555,0.75,6.701
V0014,V0504,7,46,41,0.754,9.279,6.265254445881554e-06,5.203,FURNITURE,0.696,KA-SOUTH,0.5,0.617,0.722,6.701
V0191,V0526,3,22,28,0.246,12.175,0.0016812428389860023,2.774,ROAD_CONSTRUCTION,1.0,KA-SOUTH,1.0,1.0,0.55,6.696
V0073,V0205,3,44,14,0.246,12.175,0.0016178296121061037,2.791,ROAD_CONSTRUCTION,1.0,KA-SOUTH,1.0,1.0,0.55,6.696
V0132,V0310,8,58,35,0.812,9.852,7.409819991180008e-07,6.13,FURNITURE,0.8,KA-CENTRAL,0.582,0.713,0.679,6.692
V0034,V0056,4,53,17,0.36,11.099,0.00034953679416885287,3.457,ELECTRICAL_EQUIPMENT,1.0,KA-CENTRAL,0.706,0.882,0.603,6.692
V0132,V0546,5,58,20,0.464,10.776,6.707004592346273e-05,4.173,FURNITURE,1.0,KA-NORTH,0.606,0.842,0.621,6.691
V0026,V0355,12,44,69,1.214,9.881,7.721241371743401e-10,9.112,LAB_EQUIPMENT,1.0,KA-SOUTH,0.295,0.718,0.677,6.688
V0029,V0394,5,33,41,0.541,9.239,0.00015639604241790228,3.806,ELECTRICAL_EQUIPMENT,0.655,KA-CENTRAL,0.552,0.614,0.724,6.687
V0301,V0504,5,36,41,0.59,8.469,0.00023957633291758496,3.621,BUILDING_CONSTRUCTION,0.553,KA-NORTH,0.342,0.468,0.789,6.684
V0302,V0451,3,24,31,0.298,10.081,0.002930661511726352,2.533,ELECTRICAL_EQUIPMENT,1.0,KA-CENTRAL,0.375,0.75,0.662,6.679
V0020,V0277,25,85,71,2.414,10.356,1.4350058271602243e-20,19.843,LAB_EQUIPMENT,1.0,KA-NORTH,0.473,0.789,0.645,6.678
V0191,V0381,4,22,41,0.361,11.086,0.0003681894787781297,3.434,ROAD_CONSTRUCTION,1.0,KA-SOUTH,0.71,0.884,0.602,6.677
V0064,V0358,3,40,17,0.272,11.029,0.0022098649188888484,2.656,ROAD_CONSTRUCTION,1.0,KA-NORTH,0.692,0.877,0.605,6.677
V0016,V0361,3,50,13,0.26,11.538,0.0018702937363624553,2.728,BUILDING_CONSTRUCTION,1.0,KA-CENTRAL,0.842,0.937,0.578,6.674
V0489,V0537,3,27,32,0.346,8.681,0.004524470361196516,2.344,WATER_INFRASTRUCTURE,0.571,KA-CENTRAL,0.429,0.514,0.769,6.672
V0370,V0379,7,37,53,0.784,8.924,8.104681642510884e-06,5.091,BUILDING_CONSTRUCTION,0.632,KA-SOUTH,0.456,0.561,0.747,6.67
V0113,V0223,8,46,45,0.828,9.662,9.055837525171204e-07,6.043,LAB_EQUIPMENT,0.918,KA-CENTRAL,0.344,0.689,0.69,6.668
V0400,V0410,3,24,30,0.288,10.417,0.002663797930166517,2.574,WATER_INFRASTRUCTURE,1.0,KA-NORTH,0.5,0.8,0.64,6.667
V0236,V0419,3,12,56,0.269,11.161,0.0020302100487284676,2.692,VEHICLE_SUPPLIES,1.0,KA-CENTRAL,0.737,0.895,0.597,6.667
V0073,V0191,4,44,22,0.387,10.331,0.00048503328513283905,3.314,ROAD_CONSTRUCTION,1.0,KA-SOUTH,0.471,0.788,0.645,6.667
V0132,V0276,9,58,41,0.951,9.462,2.0297267443538527e-07,6.693,FURNITURE,0.629,KA-CENTRAL,0.7,0.657,0.704,6.664
V0138,V0201,3,18,38,0.274,10.965,0.0022595767519770155,2.646,BUILDING_CONSTRUCTION,1.0,KA-SOUTH,0.68,0.872,0.608,6.662
V0119,V0144,18,64,68,1.741,10.34,8.78568967551467e-15,14.056,LAB_EQUIPMENT,1.0,KA-CENTRAL,0.478,0.791,0.644,6.659
V0014,V0046,4,46,20,0.368,10.87,0.0003921643035877767,3.407,BUILDING_CONSTRUCTION,1.0,KA-NORTH,0.654,0.862,0.612,6.656
V0258,V0365,3,37,21,0.311,9.653,0.0033047923921506075,2.481,ELECTRICAL_EQUIPMENT,0.75,KA-CENTRAL,0.6,0.69,0.69,6.656
V0472,V0488,5,37,36,0.533,9.384,0.0001452824228737602,3.838,VEHICLE_SUPPLIES,0.567,KA-SOUTH,0.767,0.647,0.709,6.653
V0211,V0364,3,20,31,0.248,12.097,0.0017071054380202236,2.768,FURNITURE,1.0,KA-CENTRAL,1.0,1.0,0.55,6.653
V0248,V0461,3,46,16,0.294,10.19,0.0027616582247380907,2.559,BUILDING_CONSTRUCTION,1.0,KA-NORTH,0.429,0.771,0.653,6.653
V0114,V0191,3,31,22,0.273,10.997,0.0022676394084306566,2.644,ROAD_CONSTRUCTION,1.0,KA-BENGALURU,0.696,0.878,0.605,6.651
V0114,V0339,3,31,22,0.273,10.997,0.0022676394084306566,2.644,ROAD_CONSTRUCTION,1.0,KA-BENGALURU,0.696,0.878,0.605,6.651
V0026,V0050,9,44,55,0.968,9.298,2.4151592174466217e-07,6.617,LAB_EQUIPMENT,0.863,KA-CENTRAL,0.288,0.633,0.715,6.65
V0308,V0539,3,41,18,0.295,10.163,0.0028168437309675754,2.55,IT_SERVICES,1.0,TN-NORTH,0.421,0.768,0.654,6.649
V0166,V0269,4,31,39,0.484,8.271,0.0011761033434346494,2.93,BUILDING_CONSTRUCTION,0.536,KA-SOUTH,0.286,0.436,0.804,6.649
V0135,V0166,3,24,31,0.298,10.081,0.002930661511726352,2.533,BUILDING_CONSTRUCTION,1.0,KA-NORTH,0.391,0.757,0.66,6.649
V0419,V0532,6,56,29,0.65,9.236,3.071731054777999e-05,4.513,VEHICLE_SUPPLIES,0.659,KA-CENTRAL,0.568,0.623,0.72,6.648
V0278,V0504,4,22,41,0.361,11.086,0.0003681894787781297,3.434,FURNITURE,1.0,KA-NORTH,0.727,0.891,0.599,6.642
V0169,V0453,5,35,32,0.448,11.161,6.144121361824745e-05,4.212,VEHICLE_SUPPLIES,1.0,KA-SOUTH,0.75,0.9,0.595,6.641
V0263,V0390,4,49,23,0.451,8.873,0.0008774096565903061,3.057,VEHICLE_SUPPLIES,0.524,KA-CENTRAL,0.619,0.562,0.747,6.629
V0530,V0533,4,29,37,0.429,9.32,0.0007408667521985172,3.13,CIVIL_MAINTENANCE,0.719,KA-CENTRAL,0.531,0.644,0.71,6.62
V0024,V0052,9,47,46,0.865,10.407,8.6693425285087e-08,7.062,CIVIL_MAINTENANCE,1.0,KA-CENTRAL,0.525,0.81,0.636,6.614
V0242,V0276,6,41,41,0.672,8.923,3.924653828233159e-05,4.406,FURNITURE,0.583,KA-SOUTH,0.562,0.575,0.741,6.614
V0313,V0426,5,28,40,0.448,11.161,6.0878385693199637e-05,4.216,WATER_INFRASTRUCTURE,1.0,KA-CENTRAL,0.763,0.905,0.593,6.614
V0195,V0242,8,42,41,0.689,11.614,2.0120499281478212e-07,6.696,FURNITURE,1.0,KA-SOUTH,0.893,0.957,0.569,6.612
V0080,V0098,3,39,16,0.25,12.019,0.0017088892143010015,2.767,ELECTRICAL_EQUIPMENT,1.0,KA-BENGALURU,1.0,1.0,0.55,6.61
V0259,V0482,3,39,16,0.25,12.019,0.0017088892143010015,2.767,IT_SERVICES,1.0,KA-NORTH,1.0,1.0,0.55,6.61
V0136,V0395,3,24,26,0.25,12.019,0.0017494813137992722,2.757,MEDICAL_SUPPLIES,1.0,KA-NORTH,1.0,1.0,0.55,6.61
V0302,V0367,3,24,26,0.25,12.019,0.0017494813137992722,2.757,ELECTRICAL_EQUIPMENT,1.0,KA-NORTH,1.0,1.0,0.55,6.61
V0400,V0429,3,24,26,0.25,12.019,0.0017494813137992722,2.757,WATER_INFRASTRUCTURE,1.0,KA-CENTRAL,1.0,1.0,0.55,6.61
V0135,V0468,3,24,26,0.25,12.019,0.0017494813137992722,2.757,BUILDING_CONSTRUCTION,1.0,KA-CENTRAL,1.0,1.0,0.55,6.61
V0035,V0231,3,24,26,0.25,12.019,0.0017494813137992722,2.757,IT_SERVICES,1.0,KA-CENTRAL,1.0,1.0,0.55,6.61
V0263,V0375,4,49,17,0.333,12.005,0.00025720053993179547,3.59,VEHICLE_SUPPLIES,1.0,KA-CENTRAL,1.0,1.0,0.55,6.603
V0178,V0315,4,49,17,0.333,12.005,0.00025720053993179547,3.59,IT_SERVICES,1.0,KA-NORTH,1.0,1.0,0.55,6.603
V0320,V0526,5,40,28,0.448,11.161,6.0878385693199637e-05,4.216,ROAD_CONSTRUCTION,1.0,KA-SOUTH,0.769,0.908,0.592,6.602
V0080,V0215,8,39,51,0.796,10.055,6.475754289608932e-07,6.189,ELECTRICAL_EQUIPMENT,1.0,KA-BENGALURU,0.409,0.764,0.656,6.6
V0397,V0488,3,24,36,0.346,8.681,0.004510693724995198,2.346,VEHICLE_SUPPLIES,0.533,KA-NORTH,0.533,0.533,0.76,6.598
V0066,V0364,7,53,31,0.657,10.651,2.282876435849776e-06,5.642,FURNITURE,0.902,KA-CENTRAL,0.765,0.847,0.619,6.591
V0026,V0407,7,44,40,0.704,9.943,3.8610247766965e-06,5.413,LAB_EQUIPMENT,1.0,KA-CENTRAL,0.373,0.749,0.663,6.591
V0072,V0353,5,58,19,0.441,11.343,5.120659452081536e-05,4.291,ROAD_CONSTRUCTION,1.0,KA-NORTH,0.829,0.931,0.581,6.589
V0050,V0223,10,55,45,0.99,10.101,2.0199351722944384e-08,7.695,LAB_EQUIPMENT,1.0,KA-CENTRAL,0.432,0.773,0.652,6.588
V0370,V0473,3,37,19,0.281,10.669,0.0024573942518904815,2.61,FURNITURE,1.0,KA-BENGALURU,0.625,0.85,0.617,6.588
V0100,V0366,3,26,30,0.312,9.615,0.0033668860441060443,2.473,ROAD_CONSTRUCTION,0.75,KA-BENGALURU,0.625,0.7,0.685,6.586
V0211,V0319,3,20,34,0.272,11.029,0.002237993497890119,2.65,FURNITURE,1.0,KA-CENTRAL,0.739,0.896,0.597,6.584
V0064,V0121,6,40,43,0.688,8.721,4.490837947099526e-05,4.348,CIVIL_MAINTENANCE,0.556,KA-NORTH,0.528,0.544,0.755,6.584
V0007,V0254,6,39,43,0.671,8.945,3.866487861561605e-05,4.413,FURNITURE,0.622,KA-BENGALURU,0.533,0.587,0.736,6.584
V0199,V0495,4,27,36,0.389,10.288,0.0005024230866559497,3.299,ELECTRICAL_EQUIPMENT,1.0,KA-CENTRAL,0.5,0.8,0.64,6.584
V0005,V0397,3,31,24,0.298,10.081,0.002930661511726352,2.533,VEHICLE_SUPPLIES,1.0,KA-NORTH,0.429,0.771,0.653,6.581
V0067,V0224,3,17,42,0.286,10.504,0.0025461648034385926,2.594,ROAD_CONSTRUCTION,1.0,KA-SOUTH,0.577,0.831,0.626,6.577
V0219,V0280,6,45,36,0.648,9.259,3.138882839944915e-05,4.503,FURNITURE,0.531,KA-SOUTH,0.816,0.645,0.71,6.572
V0232,V0469,3,22,31,0.273,10.997,0.0022676394084306566,2.644,MEDICAL_SUPPLIES,1.0,KA-CENTRAL,0.737,0.895,0.597,6.569
V0437,V0526,4,33,28,0.37,10.823,0.000412472136530357,3.385,ROAD_CONSTRUCTION,1.0,KA-SOUTH,0.686,0.874,0.607,6.565
V0158,V0533,5,34,37,0.503,9.936,0.0001095631243479703,3.96,CIVIL_MAINTENANCE,0.864,KA-CENTRAL,0.591,0.755,0.66,6.562
V0007,V0123,6,39,45,0.702,8.547,5.0488184047997385e-05,4.297,FURNITURE,0.625,KA-NORTH,0.354,0.517,0.768,6.56
V0176,V0274,3,17,37,0.252,11.924,0.0017600530970355692,2.754,BUILDING_CONSTRUCTION,1.0,KA-NORTH,1.0,1.0,0.55,6.558
V0133,V0358,3,37,17,0.252,11.924,0.0017600530970355692,2.754,ROAD_CONSTRUCTION,1.0,KA-NORTH,1.0,1.0,0.55,6.558
V0273,V0438,4,22,44,0.387,10.331,0.00048503328513283905,3.314,CIVIL_MAINTENANCE,1.0,KA-SOUTH,0.529,0.812,0.635,6.557
V0158,V0419,7,34,56,0.762,9.191,6.501069441475883e-06,5.187,CIVIL_MAINTENANCE,0.623,KA-CENTRAL,0.66,0.638,0.713,6.553
V0281,V0292,4,40,27,0.432,9.259,0.000756759699636282,3.121,FURNITURE,0.75,KA-SOUTH,0.5,0.65,0.708,6.551
V0336,V0344,5,35,38,0.532,9.398,0.00014415582853574216,3.841,ELECTRICAL_EQUIPMENT,0.683,KA-CENTRAL,0.659,0.673,0.697,6.551
V0142,V0530,3,29,29,0.336,8.918,0.004188943367667827,2.378,CIVIL_MAINTENANCE,0.55,KA-BENGALURU,0.65,0.59,0.734,6.55
V0010,V0481,24,96,64,2.458,9.766,4.081221553306783e-19,18.389,LAB_EQUIPMENT,0.943,KA-NORTH,0.417,0.732,0.67,6.548
V0246,V0332,3,13,51,0.265,11.312,0.00198118652507689,2.703,WATER_INFRASTRUCTURE,1.0,KA-CENTRAL,0.84,0.936,0.579,6.547
V0098,V0129,3,16,47,0.301,9.973,0.002938410022942884,2.532,ELECTRICAL_EQUIPMENT,1.0,KA-BENGALURU,0.409,0.764,0.656,6.546
V0129,V0321,3,47,16,0.301,9.973,0.002938410022942884,2.532,ELECTRICAL_EQUIPMENT,1.0,AP-SOUTH,0.409,0.764,0.656,6.546
V0284,V0301,3,20,36,0.288,10.417,0.0026431612985264325,2.578,BUILDING_CONSTRUCTION,1.0,KA-NORTH,0.565,0.826,0.628,6.545
V0117,V0301,3,20,36,0.288,10.417,0.0026431612985264325,2.578,BUILDING_CONSTRUCTION,1.0,KA-NORTH,0.565,0.826,0.628,6.545
V0005,V0422,3,31,27,0.335,8.961,0.004129920005998934,2.384,VEHICLE_SUPPLIES,0.6,KA-SOUTH,0.6,0.6,0.73,6.542
V0004,V0166,3,26,31,0.322,9.305,0.003701983931129551,2.432,BUILDING_CONSTRUCTION,0.696,KA-CENTRAL,0.609,0.661,0.703,6.538
V0169,V0230,5,35,41,0.574,8.711,0.00020881082170080975,3.68,CIVIL_MAINTENANCE,0.625,KA-SOUTH,0.45,0.555,0.75,6.535
V0219,V0278,4,45,22,0.396,10.101,0.0005292722830141336,3.276,FURNITURE,1.0,KA-NORTH,0.462,0.785,0.647,6.535
V0402,V0484,3,29,26,0.302,9.947,0.003051188320818404,2.516,CIVIL_MAINTENANCE,1.0,AP-SOUTH,0.406,0.762,0.657,6.534
V0044,V0299,3,34,22,0.299,10.027,0.002967533238379926,2.528,ROAD_CONSTRUCTION,1.0,KA-CENTRAL,0.438,0.775,0.651,6.53
V0179,V0367,3,29,26,0.302,9.947,0.003051188320818404,2.516,ELECTRICAL_EQUIPMENT,1.0,KA-BENGALURU,0.409,0.764,0.656,6.529
V0245,V0530,4,38,29,0.441,9.074,0.0008213968009204352,3.085,CIVIL_MAINTENANCE,0.515,KA-SOUTH,0.788,0.624,0.719,6.525
V0126,V0182,4,30,35,0.42,9.524,0.0006818770325047579,3.166,CIVIL_MAINTENANCE,0.658,KA-CENTRAL,0.763,0.7,0.685,6.524
V0132,V0370,8,58,37,0.858,9.32,1.1723899823503568e-06,5.931,FURNITURE,0.596,KA-CENTRAL,0.772,0.667,0.7,6.524
V0060,V0281,3,18,40,0.288,10.417,0.0026225522368982994,2.581,BUILDING_CONSTRUCTION,1.0,KA-NORTH,0.577,0.831,0.626,6.523
V0291,V0365,3,38,21,0.319,9.398,0.0035686985012856783,2.447,ELECTRICAL_EQUIPMENT,0.68,AP-SOUTH,0.68,0.68,0.694,6.522
V0369,V0407,3,19,40,0.304,9.868,0.003079904394069833,2.511,IT_SERVICES,1.0,KA-SOUTH,0.389,0.756,0.66,6.513
V0291,V0502,7,38,53,0.806,8.689,9.773985250284701e-06,5.01,IT_SERVICES,0.51,KA-NORTH,0.627,0.557,0.749,6.512
V0026,V0184,11,44,63,1.109,9.921,4.260071412057243e-09,8.371,LAB_EQUIPMENT,0.932,KA-NORTH,0.511,0.764,0.656,6.512
V0005,V0161,4,31,34,0.422,9.488,0.0006925354149803047,3.16,VEHICLE_SUPPLIES,0.758,KA-NORTH,0.606,0.697,0.686,6.512
V0097,V0127,3,17,43,0.292,10.26,0.0027256045323612913,2.565,BUILDING_CONSTRUCTION,1.0,KA-BENGALURU,0.529,0.812,0.635,6.512
V0007,V0388,3,39,19,0.296,10.121,0.002862662119413354,2.543,FURNITURE,1.0,KA-SOUTH,0.481,0.793,0.643,6.511
V0010,V0295,21,96,55,2.112,9.943,5.911791305880478e-17,16.228,LAB_EQUIPMENT,1.0,KA-CENTRAL,0.418,0.767,0.655,6.511
V0127,V0195,7,43,42,0.722,9.69,4.6337096042887975e-06,5.334,FURNITURE,0.833,KA-SOUTH,0.574,0.73,0.672,6.508
V0197,V0294,3,25,32,0.32,9.375,0.003620090578604035,2.441,VEHICLE_SUPPLIES,0.68,KA-CENTRAL,0.68,0.68,0.694,6.506
V0293,V0521,3,41,17,0.279,10.76,0.0023742908833653356,2.624,IT_SERVICES,1.0,TN-NORTH,0.7,0.88,0.604,6.499
V0043,V0353,4,51,19,0.388,10.32,0.0004753187519076135,3.323,ROAD_CONSTRUCTION,1.0,KA-NORTH,0.559,0.824,0.629,6.496
V0219,V0254,7,45,43,0.774,9.044,7.501049556660353e-06,5.125,FURNITURE,0.588,KA-SOUTH,0.686,0.627,0.718,6.49
V0355,V0460,11,69,42,1.159,9.489,6.82698240474895e-09,8.166,LAB_EQUIPMENT,1.0,KA-NORTH,0.258,0.703,0.683,6.486
V0093,V0301,4,34,36,0.49,8.17,0.0012354951236032109,2.908,FURNITURE,0.542,TN-NORTH,0.333,0.458,0.794,6.485
V0224,V0339,4,42,22,0.37,10.823,0.0004045913226620203,3.393,ROAD_CONSTRUCTION,1.0,KA-SOUTH,0.727,0.891,0.599,6.484
V0403,V0434,5,34,38,0.517,9.675,0.00012493959944206984,3.903,ELECTRICAL_EQUIPMENT,0.81,KA-NORTH,0.619,0.733,0.67,6.482
V0008,V0454,3,17,43,0.292,10.26,0.0027256045323612913,2.565,IT_SERVICES,1.0,KA-NORTH,0.545,0.818,0.632,6.482
V0146,V0291,3,19,38,0.289,10.388,0.0026552117518039487,2.576,IT_SERVICES,1.0,KA-SOUTH,0.591,0.836,0.624,6.478
V0413,V0473,3,40,19,0.304,9.868,0.003079904394069833,2.511,FURNITURE,1.0,KA-NORTH,0.409,0.764,0.656,6.477
V0016,V0306,4,50,17,0.34,11.765,0.0002783928719066416,3.555,BUILDING_CONSTRUCTION,1.0,KA-SOUTH,1.0,1.0,0.55,6.471
V0010,V0113,18,96,46,1.766,10.19,7.711556598974823e-15,14.113,LAB_EQUIPMENT,1.0,KA-NORTH,0.529,0.812,0.635,6.468
V0123,V0274,6,45,37,0.666,9.009,3.696114789679107e-05,4.432,BUILDING_CONSTRUCTION,0.649,KA-NORTH,0.595,0.627,0.718,6.467
V0191,V0391,3,22,29,0.255,11.755,0.0018645504201086713,2.729,ROAD_CONSTRUCTION,1.0,KA-SOUTH,1.0,1.0,0.55,6.465
V0002,V0219,4,22,45,0.396,10.101,0.0005292722830141336,3.276,FURNITURE,1.0,KA-CENTRAL,0.5,0.8,0.64,6.465
V0345,V0371,3,27,31,0.335,8.961,0.004129920005998934,2.384,WATER_INFRASTRUCTURE,0.619,KA-NORTH,0.619,0.619,0.721,6.465
V0122,V0281,5,36,40,0.576,8.681,0.00021256271331261158,3.673,FURNITURE,0.622,KA-NORTH,0.486,0.568,0.745,6.464
V0426,V0427,3,40,19,0.304,9.868,0.003079904394069833,2.511,ROAD_CONSTRUCTION,1.0,KA-NORTH,0.417,0.767,0.655,6.464
V0029,V0373,3,33,22,0.29,10.331,0.0027211861033196484,2.565,CIVIL_MAINTENANCE,1.0,KA-SOUTH,0.581,0.832,0.625,6.462
V0028,V0158,6,45,34,0.612,9.804,2.226704237822009e-05,4.652,CIVIL_MAINTENANCE,1.0,KA-CENTRAL,0.395,0.758,0.659,6.46
V0007,V0301,5,39,36,0.562,8.903,0.00018794017160597874,3.726,FURNITURE,0.744,KA-BENGALURU,0.41,0.61,0.725,6.458
V0274,V0364,4,37,31,0.459,8.718,0.0009609067598334344,3.017,BUILDING_CONSTRUCTION,0.5,KA-CENTRAL,0.692,0.577,0.74,6.455
V0153,V0410,4,36,30,0.432,9.259,0.0007607254841252482,3.119,WATER_INFRASTRUCTURE,0.842,KA-SOUTH,0.421,0.674,0.697,6.452
V0280,V0292,4,36,27,0.389,10.288,0.0005024230866559497,3.299,FURNITURE,1.0,KA-SOUTH,0.571,0.829,0.627,6.452
V0172,V0510,5,48,30,0.576,8.681,0.00020976564260926733,3.678,ROAD_CONSTRUCTION,0.571,KA-CENTRAL,0.571,0.571,0.743,6.449
V0231,V0308,5,26,41,0.426,11.726,4.7175220751629346e-05,4.326,IT_SERVICES,1.0,KA-CENTRAL,1.0,1.0,0.55,6.449
V0230,V0402,4,41,29,0.476,8.41,0.0011000555709364049,2.959,VEHICLE_SUPPLIES,0.6,KA-CENTRAL,0.4,0.52,0.766,6.442
V0007,V0211,3,39,20,0.312,9.615,0.003331672001657112,2.477,FURNITURE,1.0,KA-BENGALURU,0.333,0.733,0.67,6.442
V0415,V0510,3,29,30,0.348,8.621,0.004618246099806415,2.336,ROAD_CONSTRUCTION,0.562,KA-SOUTH,0.562,0.562,0.747,6.439
V0062,V0215,9,40,51,0.816,11.029,4.9903025813047807e-08,7.302,ELECTRICAL_EQUIPMENT,1.0,KA-SOUTH,0.812,0.925,0.584,6.438
V0127,V0198,4,43,21,0.361,11.074,0.0003674452736134622,3.435,BUILDING_CONSTRUCTION,1.0,KA-NORTH,0.828,0.931,0.581,6.434
V0259,V0383,5,39,36,0.562,8.903,0.00018794017160597874,3.726,ELECTRICAL_EQUIPMENT,0.514,KA-NORTH,0.771,0.617,0.722,6.431
V0247,V0387,6,41,35,0.574,10.453,1.5237619590485993e-05,4.817,WATER_INFRASTRUCTURE,1.0,KA-NORTH,0.638,0.855,0.615,6.43
V0289,V0437,3,27,33,0.356,8.418,0.0049412314927374775,2.306,ROAD_CONSTRUCTION,0.625,KA-CENTRAL,0.375,0.525,0.764,6.429
V0119,V0447,5,64,20,0.512,9.766,0.00010825429177206096,3.966,MEDICAL_SUPPLIES,1.0,KA-NORTH,0.4,0.76,0.658,6.426
V0242,V0504,6,41,41,0.672,8.923,3.924653828233159e-05,4.406,FURNITURE,0.622,KA-SOUTH,0.622,0.622,0.72,6.425
V0092,V0327,4,20,51,0.408,9.804,0.0005852418365302071,3.233,FURNITURE,1.0,KA-CENTRAL,0.417,0.767,0.655,6.422
V0174,V0215,4,18,51,0.367,10.893,0.00038096449927650005,3.419,ELECTRICAL_EQUIPMENT,1.0,KA-SOUTH,0.781,0.912,0.589,6.42
V0080,V0367,4,39,26,0.406,9.862,0.000591100534062772,3.228,ELECTRICAL_EQUIPMENT,1.0,KA-NORTH,0.44,0.776,0.651,6.418
V0073,V0357,3,44,17,0.299,10.027,0.0029127250946532042,2.536,ROAD_CONSTRUCTION,1.0,KA-SOUTH,0.5,0.8,0.64,6.417
V0213,V0291,3,19,38,0.289,10.388,0.0026552117518039487,2.576,ELECTRICAL_EQUIPMENT,1.0,KA-NORTH,0.625,0.85,0.617,6.415
V0392,V0417,5,33,37,0.488,10.238,9.446108317665563e-05,4.025,ELECTRICAL_EQUIPMENT,1.0,KA-SOUTH,0.576,0.83,0.626,6.413
V0159,V0525,6,40,41,0.656,9.146,3.391221556668506e-05,4.47,WATER_INFRASTRUCTURE,0.56,KA-SOUTH,0.82,0.664,0.701,6.413
V0338,V0497,3,45,16,0.288,10.417,0.0025916908898703348,2.586,IT_SERVICES,1.0,KA-NORTH,0.636,0.855,0.615,6.411
V0211,V0301,3,20,36,0.288,10.417,0.0026431612985264325,2.578,FURNITURE,1.0,KA-BENGALURU,0.636,0.855,0.615,6.411
V0313,V0496,3,28,26,0.291,10.302,0.0027545012996810724,2.56,WATER_INFRASTRUCTURE,1.0,KA-CENTRAL,0.6,0.84,0.622,6.408
V0368,V0480,3,50,14,0.28,10.714,0.0023469904484587183,2.629,ROAD_CONSTRUCTION,1.0,KA-CENTRAL,0.733,0.893,0.598,6.407
V0029,V0512,4,33,34,0.449,8.913,0.000883442589744778,3.054,ELECTRICAL_EQUIPMENT,0.625,AP-SOUTH,0.625,0.625,0.719,6.406
V0280,V0412,3,36,20,0.288,10.417,0.0026431612985264325,2.578,BUILDING_CONSTRUCTION,1.0,KA-SOUTH,0.64,0.856,0.615,6.404
V0120,V0313,5,44,28,0.493,10.146,9.741214809967174e-05,4.011,WATER_INFRASTRUCTURE,1.0,KA-CENTRAL,0.553,0.821,0.631,6.397
V0402,V0458,4,29,35,0.406,9.852,0.0005968754490166578,3.224,CIVIL_MAINTENANCE,0.724,KA-NORTH,0.862,0.779,0.649,6.397
V0219,V0379,9,45,53,0.954,9.434,2.1243698928594297e-07,6.673,FURNITURE,0.743,KA-SOUTH,0.676,0.716,0.678,6.393
V0172,V0356,4,48,23,0.442,9.058,0.0008107358715114811,3.091,WATER_INFRASTRUCTURE,0.727,KA-SOUTH,0.545,0.655,0.705,6.39
V0002,V0132,5,22,58,0.51,9.796,0.0001099346392550317,3.959,FURNITURE,1.0,KA-CENTRAL,0.432,0.773,0.652,6.389
V0291,V0369,3,38,19,0.289,10.388,0.0026552117518039487,2.576,IT_SERVICES,1.0,KA-CENTRAL,0.64,0.856,0.615,6.387
V0473,V0523,3,19,34,0.258,11.61,0.001920080285975106,2.717,FURNITURE,1.0,KA-BENGALURU,1.0,1.0,0.55,6.386
V0211,V0370,3,20,37,0.296,10.135,0.0028617107651569625,2.543,FURNITURE,1.0,TN-NORTH,0.556,0.822,0.63,6.385
V0092,V0319,3,20,34,0.272,11.029,0.002237993497890119,2.65,FURNITURE,1.0,KA-CENTRAL,0.842,0.937,0.578,6.379
V0201,V0468,4,38,26,0.395,10.121,0.000534245158192415,3.272,BUILDING_CONSTRUCTION,1.0,KA-CENTRAL,0.556,0.822,0.63,6.376
V0063,V0424,5,30,40,0.48,10.417,8.622229166174361e-05,4.064,ELECTRICAL_EQUIPMENT,1.0,KA-CENTRAL,0.658,0.863,0.612,6.371
V0039,V0150,5,56,26,0.582,8.585,0.00021623650288690922,3.665,BUILDING_CONSTRUCTION,0.733,KA-BENGALURU,0.333,0.573,0.742,6.37
V0208,V0209,3,25,36,0.36,8.333,0.0050753786263015655,2.295,ELECTRICAL_EQUIPMENT,0.619,KA-NORTH,0.381,0.524,0.764,6.369
V0370,V0468,4,37,26,0.385,10.395,0.0004814062050135032,3.317,BUILDING_CONSTRUCTION,1.0,KA-CENTRAL,0.652,0.861,0.613,6.368
V0369,V0513,4,19,55,0.418,9.569,0.0006362394931732754,3.196,IT_SERVICES,1.0,KA-CENTRAL,0.36,0.744,0.665,6.365
V0172,V0313,6,48,28,0.538,11.161,9.960125733011458e-06,5.002,WATER_INFRASTRUCTURE,1.0,KA-CENTRAL,0.889,0.956,0.57,6.362
V0026,V0119,11,44,64,1.126,9.766,5.080796312075367e-09,8.294,LAB_EQUIPMENT,1.0,KA-SOUTH,0.439,0.776,0.651,6.357
V0270,V0362,3,27,26,0.281,10.684,0.002476418872122613,2.606,BUILDING_CONSTRUCTION,1.0,KA-SOUTH,0.75,0.9,0.595,6.357
V0274,V0541,3,37,20,0.296,10.135,0.0028617107651569625,2.543,BUILDING_CONSTRUCTION,1.0,KA-NORTH,0.571,0.829,0.627,6.356
V0346,V0427,3,41,19,0.312,9.628,0.003307093148567237,2.481,ROAD_CONSTRUCTION,1.0,KA-NORTH,0.389,0.756,0.66,6.354
V0114,V0153,4,31,36,0.446,8.961,0.000864494728417154,3.063,WATER_INFRASTRUCTURE,0.765,KA-NORTH,0.471,0.647,0.709,6.352
V0307,V0543,3,50,14,0.28,10.714,0.0023469904484587183,2.629,MEDICAL_SUPPLIES,1.0,KA-CENTRAL,0.762,0.905,0.593,6.352
V0417,V0501,3,37,21,0.311,9.653,0.0033047923921506075,2.481,ELECTRICAL_EQUIPMENT,1.0,KA-NORTH,0.4,0.76,0.658,6.352
V0224,V0366,5,42,30,0.504,9.921,0.00010960780466246618,3.96,WATER_INFRASTRUCTURE,1.0,KA-SOUTH,0.5,0.8,0.64,6.349
V0039,V0270,6,56,27,0.605,9.921,1.9816322254226547e-05,4.703,BUILDING_CONSTRUCTION,1.0,KA-CENTRAL,0.5,0.8,0.64,6.349
V0308,V0434,6,41,38,0.623,9.628,2.498990342123516e-05,4.602,IT_SERVICES,0.595,KA-CENTRAL,1.0,0.757,0.659,6.348
V0152,V0231,3,25,26,0.26,11.538,0.0019743581202466723,2.705,IT_SERVICES,1.0,KA-CENTRAL,1.0,1.0,0.55,6.346
V0033,V0262,3,25,26,0.26,11.538,0.0019743581202466723,2.705,MEDICAL_SUPPLIES,1.0,KA-CENTRAL,1.0,1.0,0.55,6.346
V0216,V0332,4,19,51,0.388,10.32,0.0004753187519076135,3.323,WATER_INFRASTRUCTURE,1.0,KA-CENTRAL,0.64,0.856,0.615,6.345
V0078,V0251,3,36,19,0.274,10.965,0.0022690460529923217,2.644,WATER_INFRASTRUCTURE,1.0,KA-NORTH,0.842,0.937,0.578,6.342
V0368,V0430,4,50,20,0.4,10.0,0.0005421347445213469,3.266,ROAD_CONSTRUCTION,1.0,KA-CENTRAL,0.533,0.813,0.634,6.34
V0088,V0429,4,38,26,0.395,10.121,0.000534245158192415,3.272,WATER_INFRASTRUCTURE,1.0,KA-CENTRAL,0.577,0.831,0.626,6.337
V0080,V0162,5,39,35,0.546,9.158,0.00016369620007076135,3.786,ELECTRICAL_EQUIPMENT,0.818,KA-BENGALURU,0.485,0.685,0.692,6.336
V0104,V0119,4,16,64,0.41,9.766,0.0005645198924511002,3.248,MEDICAL_SUPPLIES,1.0,KA-SOUTH,0.452,0.781,0.649,6.335
V0346,V0359,6,41,40,0.656,9.146,3.391221556668506e-05,4.47,WATER_INFRASTRUCTURE,0.736,KA-NORTH,0.604,0.683,0.693,6.335
V0271,V0470,3,24,33,0.317,9.47,0.0035126337581750915,2.454,WATER_INFRASTRUCTURE,0.632,AP-SOUTH,0.895,0.737,0.668,6.33
V0310,V0364,4,35,31,0.434,9.217,0.0007751378791657907,3.111,BUILDING_CONSTRUCTION,0.903,KA-NORTH,0.387,0.697,0.686,6.327
V0011,V0539,3,40,18,0.288,10.417,0.0026225522368982994,2.581,IT_SERVICES,1.0,KA-CENTRAL,0.682,0.873,0.607,6.326
V0277,V0407,11,71,40,1.136,9.683,5.289509262768404e-09,8.277,LAB_EQUIPMENT,1.0,KA-NORTH,0.427,0.771,0.653,6.324
V0119,V0460,10,64,42,1.075,9.301,4.5572204910009686e-08,7.341,LAB_EQUIPMENT,1.0,KA-SOUTH,0.279,0.711,0.68,6.323
V0197,V0303,3,25,27,0.27,11.111,0.0022065217593470773,2.656,VEHICLE_SUPPLIES,1.0,TN-NORTH,0.895,0.958,0.569,6.322
V0292,V0379,5,27,53,0.572,8.735,0.00020039829829015838,3.698,FURNITURE,0.724,KA-SOUTH,0.448,0.614,0.724,6.322
V0388,V0504,3,19,41,0.312,9.628,0.003307093148567237,2.481,FURNITURE,1.0,KA-CENTRAL,0.409,0.764,0.656,6.319
V0380,V0419,6,28,56,0.627,9.566,2.4787659767206805e-05,4.606,VEHICLE_SUPPLIES,1.0,KA-NORTH,0.386,0.755,0.66,6.318
V0002,V0082,3,22,32,0.282,10.653,0.0024879729689365414,2.604,FURNITURE,1.0,KA-BENGALURU,0.762,0.905,0.593,6.316
V0327,V0352,7,51,38,0.775,9.03,7.504786543864611e-06,5.125,FURNITURE,0.795,KA-CENTRAL,0.477,0.668,0.699,6.315
V0244,V0379,10,50,53,1.06,9.434,4.109024407869633e-08,7.386,FURNITURE,0.798,KA-SOUTH,0.643,0.736,0.669,6.311
V0061,V0414,5,37,31,0.459,10.898,6.909546923283935e-05,4.161,ELECTRICAL_EQUIPMENT,1.0,KA-NORTH,0.842,0.937,0.578,6.304
V0255,V0397,3,33,24,0.317,9.47,0.0035126337581750915,2.454,CIVIL_MAINTENANCE,1.0,AP-SOUTH,0.36,0.744,0.665,6.299
V0418,V0531,3,18,43,0.31,9.69,0.0032317117704764886,2.491,WATER_INFRASTRUCTURE,1.0,KA-CENTRAL,0.444,0.778,0.65,6.298
V0038,V0132,5,25,58,0.58,8.621,0.0002102662256360315,3.677,FURNITURE,0.613,KA-CENTRAL,0.581,0.6,0.73,6.293
V0335,V0373,3,38,22,0.334,8.971,0.004089058751972335,2.388,VEHICLE_SUPPLIES,0.68,KA-NORTH,0.64,0.664,0.701,6.29
V0410,V0510,3,30,30,0.36,8.333,0.005090037042450741,2.293,WATER_INFRASTRUCTURE,0.545,KA-CENTRAL,0.545,0.545,0.755,6.288
V0115,V0230,3,16,41,0.262,11.433,0.0019777341455102784,2.704,VEHICLE_SUPPLIES,1.0,KA-NORTH,1.0,1.0,0.55,6.288
V0152,V0336,4,25,35,0.35,11.429,0.00033082607456259443,3.48,IT_SERVICES,1.0,KA-CENTRAL,1.0,1.0,0.55,6.286
V0081,V0387,4,25,35,0.35,11.429,0.00033082607456259443,3.48,ROAD_CONSTRUCTION,1.0,KA-NORTH,1.0,1.0,0.55,6.286
V0064,V0487,3,40,18,0.288,10.417,0.0026225522368982994,2.581,ROAD_CONSTRUCTION,1.0,KA-NORTH,0.704,0.881,0.603,6.285
V0119,V0307,11,64,50,1.28,8.594,2.196492746975751e-08,7.658,LAB_EQUIPMENT,0.753,KA-SOUTH,0.366,0.598,0.731,6.282
V0051,V0065,5,51,26,0.53,9.427,0.00013777221801832438,3.861,CIVIL_MAINTENANCE,1.0,KA-CENTRAL,0.356,0.742,0.666,6.278
V0010,V0025,24,96,61,2.342,10.246,1.0547842343872821e-19,18.977,LAB_EQUIPMENT,1.0,KA-CENTRAL,0.653,0.861,0.612,6.275
V0383,V0514,3,36,22,0.317,9.47,0.0035006052956867303,2.456,IT_SERVICES,1.0,KA-SOUTH,0.375,0.75,0.662,6.274
V0042,V0069,3,49,15,0.294,10.204,0.0027289326632571674,2.564,ROAD_CONSTRUCTION,1.0,KA-SOUTH,0.64,0.856,0.615,6.273
V0396,V0479,3,51,14,0.286,10.504,0.0024854027437923834,2.605,IT_SERVICES,1.0,KA-CENTRAL,0.739,0.896,0.597,6.27
V0178,V0384,8,49,45,0.882,9.07,1.5035575924572508e-06,5.823,ELECTRICAL_EQUIPMENT,0.533,KA-NORTH,0.917,0.687,0.691,6.267
V0292,V0523,3,27,34,0.367,8.17,0.0053805644381158335,2.269,FURNITURE,0.591,TN-NORTH,0.409,0.518,0.767,6.265
V0122,V0322,5,36,40,0.576,8.681,0.00021256271331261158,3.673,FURNITURE,0.774,KA-CENTRAL,0.387,0.619,0.721,6.262
V0041,V0223,7,39,45,0.702,9.972,3.7787787698407455e-06,5.423,LAB_EQUIPMENT,1.0,KA-CENTRAL,0.567,0.827,0.628,6.262
V0151,V0523,3,23,34,0.313,9.591,0.0033810842662803497,2.471,FURNITURE,1.0,KA-BENGALURU,0.429,0.771,0.653,6.262
V0169,V0533,5,35,37,0.518,9.653,0.00012645667015999135,3.898,CIVIL_MAINTENANCE,1.0,KA-CENTRAL,0.452,0.781,0.649,6.261
V0093,V0122,4,34,36,0.49,8.17,0.0012354951236032109,2.908,FURNITURE,0.543,KA-CENTRAL,0.486,0.52,0.766,6.258
V0159,V0191,4,40,22,0.352,11.364,0.0003342023973520998,3.476,ROAD_CONSTRUCTION,1.0,KA-SOUTH,1.0,1.0,0.55,6.25
V0280,V0504,5,36,41,0.59,8.469,0.00023957633291758496,3.621,FURNITURE,0.743,KA-SOUTH,0.343,0.583,0.738,6.248
V0002,V0014,4,22,46,0.405,9.881,0.0005763236815463046,3.239,FURNITURE,1.0,KA-SOUTH,0.543,0.817,0.632,6.248
V0200,V0475,3,30,24,0.288,10.417,0.002663797930166517,2.574,MEDICAL_SUPPLIES,1.0,KA-CENTRAL,0.727,0.891,0.599,6.241
V0407,V0481,10,40,64,1.024,9.766,2.7325999303219434e-08,7.563,LAB_EQUIPMENT,1.0,KA-NORTH,0.506,0.802,0.639,6.24
V0010,V0144,26,96,68,2.611,9.957,5.777788731118898e-21,20.238,LAB_EQUIPMENT,1.0,KA-CENTRAL,0.575,0.83,0.626,6.238
V0079,V0336,4,30,35,0.42,9.524,0.0006818770325047579,3.166,ELECTRICAL_EQUIPMENT,1.0,KA-SOUTH,0.419,0.768,0.655,6.234
V0011,V0231,4,40,26,0.416,9.615,0.0006521432471442233,3.186,IT_SERVICES,1.0,KA-CENTRAL,0.455,0.782,0.648,6.232
V0470,V0516,4,33,32,0.422,9.47,0.0006979084506878884,3.156,ROAD_CONSTRUCTION,0.7,KA-BENGALURU,0.85,0.76,0.658,6.231
V0007,V0362,4,39,26,0.406,9.862,0.000591100534062772,3.228,BUILDING_CONSTRUCTION,1.0,KA-BENGALURU,0.545,0.818,0.632,6.231
V0039,V0361,3,56,13,0.291,10.302,0.0025975536237896556,2.585,BUILDING_CONSTRUCTION,1.0,KA-CENTRAL,0.696,0.878,0.605,6.23
V0366,V0387,4,30,35,0.42,9.524,0.0006818770325047579,3.166,WATER_INFRASTRUCTURE,0.781,KA-NORTH,0.75,0.769,0.654,6.229
V0329,V0395,3,27,26,0.281,10.684,0.002476418872122613,2.606,MEDICAL_SUPPLIES,1.0,KA-NORTH,0.818,0.927,0.583,6.226
V0481,V0490,4,64,16,0.41,9.766,0.0005645198924511002,3.248,MEDICAL_SUPPLIES,1.0,KA-BENGALURU,0.515,0.806,0.637,6.224
V0322,V0362,4,40,26,0.416,9.615,0.0006521432471442233,3.186,BUILDING_CONSTRUCTION,1.0,KA-BENGALURU,0.459,0.784,0.647,6.224
V0112,V0263,3,15,49,0.294,10.204,0.0027289326632571674,2.564,VEHICLE_SUPPLIES,1.0,KA-CENTRAL,0.667,0.867,0.61,6.224
V0056,V0129,3,17,47,0.32,9.387,0.003521280284563707,2.453,ELECTRICAL_EQUIPMENT,1.0,KA-BENGALURU,0.375,0.75,0.662,6.219
V0368,V0470,6,50,33,0.66,9.091,3.4601420774000186e-05,4.461,ROAD_CONSTRUCTION,0.848,KA-BENGALURU,0.485,0.703,0.684,6.215
V0223,V0460,7,45,42,0.756,9.259,6.365228836109656e-06,5.196,LAB_EQUIPMENT,0.782,KA-CENTRAL,0.655,0.731,0.671,6.214
V0082,V0244,6,32,50,0.64,9.375,2.8745092536853492e-05,4.541,FURNITURE,0.833,KA-CENTRAL,0.63,0.752,0.662,6.203
V0327,V0546,4,51,20,0.408,9.804,0.0005852418365302071,3.233,FURNITURE,1.0,KA-NORTH,0.543,0.817,0.632,6.199
V0097,V0298,3,17,43,0.292,10.26,0.0027256045323612913,2.565,BUILDING_CONSTRUCTION,1.0,KA-CENTRAL,0.7,0.88,0.604,6.197
V0258,V0302,4,37,24,0.355,11.261,0.0003495037975113849,3.457,ELECTRICAL_EQUIPMENT,1.0,KA-NORTH,1.0,1.0,0.55,6.194
V0060,V0249,3,18,37,0.266,11.261,0.0020906109171940673,2.68,BUILDING_CONSTRUCTION,1.0,KA-SOUTH,1.0,1.0,0.55,6.194
V0346,V0525,7,41,41,0.672,10.41,2.795333058746992e-06,5.554,WATER_INFRASTRUCTURE,0.833,KA-SOUTH,1.0,0.9,0.595,6.194
V0258,V0456,3,37,18,0.266,11.261,0.0020906109171940673,2.68,IT_SERVICES,1.0,KA-NORTH,1.0,1.0,0.55,6.194
V0258,V0465,3,37,18,0.266,11.261,0.0020906109171940673,2.68,IT_SERVICES,1.0,KA-CENTRAL,1.0,1.0,0.55,6.194
V0003,V0532,4,40,29,0.464,8.621,0.0010007460477029278,3.0,VEHICLE_SUPPLIES,0.742,KA-SOUTH,0.452,0.626,0.718,6.193
V0025,V0407,10,61,40,0.976,10.246,1.68225281756553e-08,7.774,LAB_EQUIPMENT,1.0,KA-CENTRAL,0.698,0.879,0.604,6.193
V0064,V0430,3,40,20,0.32,9.375,0.003583439609244391,2.446,ROAD_CONSTRUCTION,1.0,KA-CENTRAL,0.391,0.757,0.66,6.183
V0244,V0319,6,50,34,0.68,8.824,4.138041998521698e-05,4.383,FURNITURE,0.878,KA-CENTRAL,0.347,0.665,0.701,6.182
V0277,V0481,19,71,64,1.818,10.453,1.0875994864603303e-15,14.964,LAB_EQUIPMENT,1.0,KA-NORTH,0.77,0.908,0.591,6.181
V0027,V0059,4,32,32,0.41,9.766,0.0006188579957884325,3.208,BUILDING_CONSTRUCTION,1.0,KA-CENTRAL,0.541,0.816,0.633,6.179
V0063,V0199,3,30,27,0.324,9.259,0.003757201489177214,2.425,ELECTRICAL_EQUIPMENT,1.0,AP-SOUTH,0.348,0.739,0.667,6.179
V0043,V0526,6,51,28,0.571,10.504,1.4285637942976934e-05,4.845,ROAD_CONSTRUCTION,1.0,KA-SOUTH,0.788,0.915,0.588,6.177
V0381,V0429,4,41,26,0.426,9.381,0.0007175451959434227,3.144,WATER_INFRASTRUCTURE,1.0,KA-CENTRAL,0.4,0.76,0.658,6.173
V0259,V0384,6,39,45,0.702,8.547,5.0488184047997385e-05,4.297,ELECTRICAL_EQUIPMENT,0.522,KA-NORTH,0.761,0.617,0.722,6.172
V0481,V0491,4,64,15,0.384,10.417,0.0004316443944259021,3.365,MEDICAL_SUPPLIES,1.0,KA-NORTH,0.765,0.906,0.592,6.171
V0132,V0379,11,58,53,1.23,8.946,1.421420257541233e-08,7.847,FURNITURE,0.833,KA-CENTRAL,0.474,0.69,0.69,6.169
V0070,V0223,3,17,45,0.306,9.804,0.003107638718985662,2.508,IT_SERVICES,1.0,KA-SOUTH,0.562,0.825,0.629,6.164
V0197,V0453,3,25,32,0.32,9.375,0.003620090578604035,2.441,VEHICLE_SUPPLIES,0.762,KA-CENTRAL,0.762,0.762,0.657,6.161
V0120,V0371,5,44,31,0.546,9.164,0.00016192270505819894,3.791,ROAD_CONSTRUCTION,0.714,KA-CENTRAL,0.75,0.729,0.672,6.16
V0014,V0198,4,46,21,0.386,10.352,0.0004779434846154016,3.321,BUILDING_CONSTRUCTION,1.0,KA-NORTH,0.75,0.9,0.595,6.159
V0327,V0388,4,51,19,0.388,10.32,0.0004753187519076135,3.323,FURNITURE,1.0,KA-CENTRAL,0.742,0.897,0.596,6.155
V0275,V0282,3,46,16,0.294,10.19,0.0027616582247380907,2.559,VEHICLE_SUPPLIES,1.0,KA-CENTRAL,0.7,0.88,0.604,6.155
V0127,V0473,3,43,19,0.327,9.18,0.0037919064158882434,2.421,FURNITURE,1.0,KA-CENTRAL,0.333,0.733,0.67,6.151
V0005,V0453,4,31,32,0.397,10.081,0.000546396428702574,3.262,VEHICLE_SUPPLIES,1.0,KA-SOUTH,0.667,0.867,0.61,6.149
V0142,V0380,3,29,28,0.325,9.236,0.0037849973782440854,2.422,VEHICLE_SUPPLIES,0.571,KA-CENTRAL,1.0,0.743,0.666,6.149
V0401,V0547,3,16,48,0.307,9.766,0.003122039104956977,2.506,WATER_INFRASTRUCTURE,1.0,KA-NORTH,0.56,0.824,0.629,6.145
V0172,V0372,3,48,14,0.269,11.161,0.002084911080679837,2.681,ROAD_CONSTRUCTION,1.0,KA-CENTRAL,1.0,1.0,0.55,6.139
V0136,V0141,3,24,28,0.269,11.161,0.0021767010205299355,2.662,MEDICAL_SUPPLIES,1.0,KA-NORTH,1.0,1.0,0.55,6.139
V0313,V0400,3,28,24,0.269,11.161,0.0021767010205299355,2.662,WATER_INFRASTRUCTURE,1.0,KA-CENTRAL,1.0,1.0,0.55,6.139
V0241,V0349,4,34,29,0.394,10.142,0.0005329291757991347,3.273,ELECTRICAL_EQUIPMENT,1.0,KA-CENTRAL,0.697,0.879,0.605,6.131
V0327,V0523,7,51,34,0.694,10.092,3.405112022952933e-06,5.468,FURNITURE,0.904,KA-BENGALURU,0.827,0.873,0.607,6.127
V0130,V0376,3,27,27,0.292,10.288,0.0027659709821300526,2.558,ROAD_CONSTRUCTION,1.0,KA-SOUTH,0.75,0.9,0.595,6.121
V0020,V0184,21,85,63,2.142,9.804,1.0212894089161188e-16,15.991,LAB_EQUIPMENT,1.0,KA-NORTH,0.588,0.835,0.624,6.119
V0054,V0516,4,33,32,0.422,9.47,0.0006979084506878884,3.156,WATER_INFRASTRUCTURE,0.645,KA-CENTRAL,1.0,0.787,0.646,6.116
V0187,V0255,4,34,33,0.449,8.913,0.000883442589744778,3.054,WATER_INFRASTRUCTURE,0.837,KA-NORTH,0.488,0.698,0.686,6.115
V0123,V0176,3,45,17,0.306,9.804,0.003107638718985662,2.508,BUILDING_CONSTRUCTION,1.0,KA-NORTH,0.591,0.836,0.624,6.114
V0357,V0547,3,17,48,0.326,9.191,0.003740218995960945,2.427,ROAD_CONSTRUCTION,1.0,KA-CENTRAL,0.36,0.744,0.665,6.114
V0063,V0079,4,30,30,0.36,11.111,0.00037212761600748865,3.429,ELECTRICAL_EQUIPMENT,1.0,KA-CENTRAL,1.0,1.0,0.55,6.111
V0134,V0338,3,15,45,0.27,11.111,0.002132471968256018,2.671,IT_SERVICES,1.0,KA-NORTH,1.0,1.0,0.55,6.111
V0061,V0502,8,37,53,0.784,10.199,5.713558925047247e-07,6.243,ELECTRICAL_EQUIPMENT,1.0,KA-NORTH,0.729,0.892,0.599,6.107
V0074,V0130,3,28,27,0.302,9.921,0.003075652408252526,2.512,ROAD_CONSTRUCTION,1.0,AP-SOUTH,0.636,0.855,0.615,6.106
V0082,V0135,3,32,24,0.307,9.766,0.0032135031407177447,2.493,BUILDING_CONSTRUCTION,1.0,KA-NORTH,0.583,0.833,0.625,6.104
V0004,V0468,3,26,26,0.27,11.095,0.002216517948709133,2.654,BUILDING_CONSTRUCTION,1.0,KA-CENTRAL,1.0,1.0,0.55,6.102
V0186,V0248,5,29,46,0.534,9.37,0.00014428461061974309,3.841,BUILDING_CONSTRUCTION,0.625,KA-CENTRAL,1.0,0.775,0.651,6.102
V0256,V0512,5,40,34,0.544,9.191,0.0001606236095610737,3.794,ELECTRICAL_EQUIPMENT,0.676,KA-CENTRAL,0.853,0.747,0.664,6.101
V0255,V0340,5,33,47,0.62,8.059,0.00030253954227784134,3.519,CIVIL_MAINTENANCE,0.595,KA-NORTH,0.459,0.541,0.757,6.099
V0082,V0370,4,32,37,0.474,8.446,0.0010866055565645026,2.964,FURNITURE,0.531,KA-BENGALURU,0.75,0.619,0.722,6.094
V0454,V0501,4,43,21,0.361,11.074,0.0003674452736134622,3.435,ELECTRICAL_EQUIPMENT,1.0,KA-SOUTH,1.0,1.0,0.55,6.091
V0509,V0512,5,42,34,0.571,8.754,0.00020364294080079567,3.691,ELECTRICAL_EQUIPMENT,0.714,KA-NORTH,0.619,0.676,0.696,6.09
V0197,V0228,3,25,34,0.34,8.824,0.004310172597227834,2.366,CIVIL_MAINTENANCE,0.65,KA-CENTRAL,0.75,0.69,0.69,6.084
V0258,V0293,5,37,41,0.607,8.24,0.00027368184991783724,3.563,IT_SERVICES,0.559,KA-NORTH,0.618,0.582,0.738,6.081
V0215,V0497,3,51,16,0.326,9.191,0.0037150865413503064,2.43,IT_SERVICES,1.0,TN-NORTH,0.381,0.752,0.661,6.079
V0383,V0501,3,36,21,0.302,9.921,0.0030533136308839443,2.515,ELECTRICAL_EQUIPMENT,1.0,KA-SOUTH,0.652,0.861,0.613,6.078
V0332,V0489,5,51,27,0.551,9.078,0.00016649299829504688,3.779,CIVIL_MAINTENANCE,0.825,KA-CENTRAL,0.6,0.735,0.669,6.075
V0061,V0179,4,37,29,0.429,9.32,0.0007408667521985172,3.13,ELECTRICAL_EQUIPMENT,1.0,KA-NORTH,0.435,0.774,0.652,6.074
V0142,V0453,3,29,32,0.371,8.082,0.005554761699769568,2.255,VEHICLE_SUPPLIES,0.68,KA-BENGALURU,0.36,0.552,0.752,6.074
V0005,V0228,4,31,34,0.422,9.488,0.0006925354149803047,3.16,VEHICLE_SUPPLIES,0.828,KA-CENTRAL,0.759,0.8,0.64,6.072
V0159,V0359,6,40,40,0.64,9.375,2.9292802080970543e-05,4.533,WATER_INFRASTRUCTURE,0.846,KA-SOUTH,0.692,0.785,0.647,6.065
V0326,V0335,4,27,38,0.41,9.747,0.000620344552567809,3.207,VEHICLE_SUPPLIES,1.0,KA-SOUTH,0.6,0.84,0.622,6.063
V0152,V0494,3,25,29,0.29,10.345,0.002720268181857534,2.565,IT_SERVICES,1.0,KA-CENTRAL,0.8,0.92,0.586,6.062
V0397,V0533,3,24,37,0.355,8.446,0.004877857542126124,2.312,VEHICLE_SUPPLIES,0.773,KA-SOUTH,0.409,0.627,0.718,6.062
V0089,V0368,3,16,50,0.32,9.375,0.0035102898069942446,2.455,ROAD_CONSTRUCTION,1.0,KA-CENTRAL,0.464,0.786,0.646,6.06
V0053,V0391,5,44,29,0.51,9.796,0.00011617488164033469,3.935,CIVIL_MAINTENANCE,1.0,KA-NORTH,0.619,0.848,0.619,6.06
V0172,V0421,8,48,46,0.883,9.058,1.5212978884120308e-06,5.818,WATER_INFRASTRUCTURE,0.815,KA-CENTRAL,0.615,0.735,0.669,6.06
V0007,V0352,5,39,38,0.593,8.435,0.00024458046375037956,3.612,FURNITURE,0.816,KA-SOUTH,0.342,0.626,0.718,6.058
V0215,V0454,7,51,43,0.877,7.98,1.772359649635684e-05,4.751,IT_SERVICES,0.5,KA-SOUTH,0.593,0.537,0.758,6.052
V0174,V0509,3,18,42,0.302,9.921,0.0030198529266143126,2.52,ELECTRICAL_EQUIPMENT,1.0,KA-SOUTH,0.667,0.867,0.61,6.052
V0059,V0161,4,32,34,0.435,9.191,0.0007838770220092299,3.106,CIVIL_MAINTENANCE,1.0,KA-SOUTH,0.4,0.76,0.658,6.048
V0078,V0426,5,36,40,0.576,8.681,0.00021256271331261158,3.673,WATER_INFRASTRUCTURE,0.575,KA-SOUTH,0.825,0.675,0.696,6.044
V0387,V0429,4,35,26,0.364,10.989,0.00038709966175179997,3.412,WATER_INFRASTRUCTURE,1.0,KA-NORTH,1.0,1.0,0.55,6.044
V0081,V0531,4,25,43,0.43,9.302,0.0007386764551482003,3.132,ROAD_CONSTRUCTION,1.0,KA-CENTRAL,0.448,0.779,0.649,6.04
V0159,V0430,3,40,20,0.32,9.375,0.003583439609244391,2.446,ROAD_CONSTRUCTION,1.0,KA-NORTH,0.478,0.791,0.644,6.037
V0003,V0337,3,40,24,0.384,7.812,0.0060863406985948295,2.216,VEHICLE_SUPPLIES,0.526,KA-CENTRAL,0.474,0.505,0.773,6.036
V0043,V0194,3,51,16,0.326,9.191,0.0037150865413503064,2.43,ROAD_CONSTRUCTION,1.0,KA-NORTH,0.409,0.764,0.656,6.033
V0184,V0407,10,63,40,1.008,9.921,2.3315386955565408e-08,7.632,LAB_EQUIPMENT,1.0,KA-NORTH,0.679,0.871,0.608,6.031
V0389,V0547,4,19,48,0.365,10.965,0.0003755183830976687,3.425,ROAD_CONSTRUCTION,1.0,KA-CENTRAL,1.0,1.0,0.55,6.031
V0016,V0301,6,50,36,0.72,8.333,5.8130823242792825e-05,4.236,BUILDING_CONSTRUCTION,0.732,KA-SOUTH,0.439,0.615,0.723,6.028
V0263,V0326,5,49,27,0.529,9.448,0.00013717241879847422,3.863,VEHICLE_SUPPLIES,1.0,KA-SOUTH,0.512,0.805,0.638,6.027
V0123,V0278,4,45,22,0.396,10.101,0.0005292722830141336,3.276,FURNITURE,1.0,KA-NORTH,0.743,0.897,0.596,6.023
V0166,V0201,4,31,38,0.471,8.489,0.001064675588087025,2.973,BUILDING_CONSTRUCTION,0.767,KA-CENTRAL,0.467,0.647,0.709,6.019
V0028,V0483,9,45,55,0.99,9.091,2.968450642500918e-07,6.527,WATER_INFRASTRUCTURE,0.694,KA-CENTRAL,0.839,0.752,0.662,6.016
V0122,V0132,7,36,58,0.835,8.381,1.2373720102782316e-05,4.907,BUILDING_CONSTRUCTION,0.51,KA-CENTRAL,0.804,0.627,0.718,6.015
V0014,V0254,7,46,43,0.791,8.847,8.735000821891141e-06,5.059,FURNITURE,0.86,KA-SOUTH,0.488,0.712,0.68,6.014
V0023,V0367,5,44,26,0.458,10.927,6.692960589927258e-05,4.174,ELECTRICAL_EQUIPMENT,1.0,KA-NORTH,1.0,1.0,0.55,6.01
V0256,V0349,4,40,29,0.464,8.621,0.0010007460477029278,3.0,ELECTRICAL_EQUIPMENT,0.767,KA-NORTH,0.533,0.673,0.697,6.009
V0042,V0376,5,49,27,0.529,9.448,0.00013717241879847422,3.863,ROAD_CONSTRUCTION,1.0,KA-SOUTH,0.523,0.809,0.636,6.008
V0231,V0434,4,26,38,0.395,10.121,0.000534245158192415,3.272,IT_SERVICES,1.0,KA-CENTRAL,0.76,0.904,0.593,6.004
V0213,V0293,3,19,41,0.312,9.628,0.003307093148567237,2.481,ELECTRICAL_EQUIPMENT,1.0,KA-SOUTH,0.591,0.836,0.624,6.004
V0092,V0281,3,20,40,0.32,9.375,0.003583439609244391,2.446,FURNITURE,1.0,KA-SOUTH,0.5,0.8,0.64,6.0
V0098,V0215,3,16,51,0.326,9.191,0.0037150865413503064,2.43,ELECTRICAL_EQUIPMENT,1.0,KA-BENGALURU,0.429,0.771,0.653,6.0
V0213,V0259,3,19,39,0.296,10.121,0.002862662119413354,2.543,ELECTRICAL_EQUIPMENT,1.0,KA-NORTH,0.765,0.906,0.592,5.995
V0122,V0413,5,36,40,0.576,8.681,0.00021256271331261158,3.673,FURNITURE,0.791,KA-NORTH,0.535,0.688,0.69,5.992
V0212,V0418,3,42,18,0.302,9.921,0.0030198529266143126,2.52,WATER_INFRASTRUCTURE,1.0,KA-NORTH,0.7,0.88,0.604,5.992
V0214,V0258,3,20,37,0.296,10.135,0.0028617107651569625,2.543,IT_SERVICES,1.0,KA-NORTH,0.773,0.909,0.591,5.989
V0195,V0379,9,42,53,0.89,10.108,1.1219225847957094e-07,6.95,FURNITURE,0.845,KA-SOUTH,1.0,0.907,0.592,5.983
V0050,V0144,14,55,68,1.496,9.358,5.595983127412902e-11,10.252,LAB_EQUIPMENT,0.956,KA-CENTRAL,0.57,0.802,0.639,5.982
V0302,V0433,3,24,35,0.336,8.929,0.004160947102627887,2.381,ELECTRICAL_EQUIPMENT,1.0,KA-NORTH,0.333,0.733,0.67,5.982
V0270,V0281,4,27,40,0.432,9.259,0.000756759699636282,3.121,BUILDING_CONSTRUCTION,1.0,KA-SOUTH,0.467,0.787,0.646,5.981
V0245,V0263,6,38,49,0.745,8.056,7.111277629810478e-05,4.148,CIVIL_MAINTENANCE,0.595,KA-CENTRAL,0.541,0.573,0.742,5.979
V0159,V0251,3,40,19,0.304,9.868,0.003079904394069833,2.511,WATER_INFRASTRUCTURE,1.0,KA-SOUTH,0.69,0.876,0.606,5.979
V0044,V0133,4,34,37,0.503,7.949,0.0013719717295735427,2.863,ROAD_CONSTRUCTION,0.552,KA-NORTH,0.552,0.552,0.752,5.975
V0151,V0219,4,23,45,0.414,9.662,0.0006323152655266044,3.199,FURNITURE,1.0,KA-SOUTH,0.621,0.848,0.618,5.974
V0281,V0473,3,40,19,0.304,9.868,0.003079904394069833,2.511,FURNITURE,1.0,KA-SOUTH,0.692,0.877,0.605,5.974
V0059,V0362,3,32,26,0.333,9.014,0.004056855125406789,2.392,BUILDING_CONSTRUCTION,0.75,KA-SOUTH,0.75,0.75,0.662,5.972
V0219,V0276,6,45,41,0.738,8.13,6.772451083860665e-05,4.169,BUILDING_CONSTRUCTION,0.535,KA-CENTRAL,0.674,0.591,0.734,5.969
V0158,V0472,4,34,37,0.503,7.949,0.0013719717295735427,2.863,VEHICLE_SUPPLIES,0.692,TN-NORTH,0.346,0.554,0.751,5.968
V0334,V0417,3,20,37,0.296,10.135,0.0028617107651569625,2.543,IT_SERVICES,1.0,KA-SOUTH,0.786,0.914,0.589,5.965
V0029,V0080,4,33,39,0.515,7.77,0.00149554258944238,2.825,CIVIL_MAINTENANCE,0.586,KA-BENGALURU,0.414,0.517,0.767,5.961
V0005,V0532,3,31,29,0.36,8.343,0.005073371552675147,2.295,VEHICLE_SUPPLIES,0.652,KA-SOUTH,0.609,0.635,0.714,5.96
V0040,V0336,4,35,35,0.49,8.163,0.0012395274491753137,2.907,ELECTRICAL_EQUIPMENT,0.769,KA-BENGALURU,0.346,0.6,0.73,5.959
V0043,V0391,5,51,29,0.592,8.452,0.0002374665244289165,3.624,ROAD_CONSTRUCTION,0.721,KA-SOUTH,0.558,0.656,0.705,5.958
V0242,V0292,4,41,27,0.443,9.033,0.0008323876710439394,3.08,FURNITURE,0.757,KA-SOUTH,0.757,0.757,0.659,5.957
V0292,V0309,5,27,56,0.605,8.267,0.00026087745303070064,3.584,FURNITURE,0.821,KA-NORTH,0.321,0.621,0.72,5.955
V0047,V0501,5,55,21,0.462,10.823,6.672662624920916e-05,4.176,ELECTRICAL_EQUIPMENT,1.0,KA-SOUTH,1.0,1.0,0.55,5.953
V0365,V0384,3,21,45,0.378,7.937,0.005779780619217766,2.238,ELECTRICAL_EQUIPMENT,0.556,KA-NORTH,0.556,0.556,0.75,5.953
V0276,V0370,5,41,37,0.607,8.24,0.00027368184991783724,3.563,FURNITURE,0.629,KA-CENTRAL,0.6,0.617,0.722,5.952
V0216,V0359,3,19,40,0.304,9.868,0.003079904394069833,2.511,WATER_INFRASTRUCTURE,1.0,KA-NORTH,0.706,0.882,0.603,5.95
V0126,V0537,3,30,32,0.384,7.812,0.0061186022749535,2.213,CIVIL_MAINTENANCE,0.649,KA-CENTRAL,0.351,0.53,0.762,5.95
V0007,V0364,4,39,31,0.484,8.271,0.0011761033434346494,2.93,FURNITURE,0.529,KA-CENTRAL,0.765,0.624,0.719,5.95
V0073,V0081,4,44,25,0.44,9.091,0.0008070669714744486,3.093,ROAD_CONSTRUCTION,1.0,KA-NORTH,0.422,0.769,0.654,5.946
V0122,V0280,4,36,36,0.518,7.716,0.0015373705154378618,2.813,FURNITURE,0.55,KA-CENTRAL,0.45,0.51,0.77,5.945
V0020,V0460,13,85,42,1.428,9.104,3.678722052693108e-10,9.434,LAB_EQUIPMENT,1.0,KA-CENTRAL,0.429,0.771,0.653,5.944
V0070,V0384,3,17,45,0.306,9.804,0.003107638718985662,2.508,IT_SERVICES,1.0,AP-SOUTH,0.688,0.875,0.606,5.944
V0386,V0387,3,22,35,0.308,9.74,0.003227260389418361,2.491,ROAD_CONSTRUCTION,1.0,KA-NORTH,0.667,0.867,0.61,5.941
V0161,V0533,4,34,37,0.503,7.949,0.0013719717295735427,2.863,VEHICLE_SUPPLIES,0.562,KA-SOUTH,0.562,0.562,0.747,5.937
V0244,V0274,6,50,37,0.74,8.108,6.833240921696492e-05,4.165,FURNITURE,0.675,KA-NORTH,0.475,0.595,0.732,5.937
V0259,V0502,7,39,53,0.827,8.466,1.1719246034485793e-05,4.931,IT_SERVICES,0.536,KA-NORTH,0.857,0.664,0.701,5.935
V0213,V0215,4,19,51,0.388,10.32,0.0004753187519076135,3.323,ELECTRICAL_EQUIPMENT,1.0,KA-SOUTH,0.862,0.945,0.575,5.932
V0053,V0397,4,44,24,0.422,9.47,0.0006866996627402516,3.163,CIVIL_MAINTENANCE,1.0,KA-CENTRAL,0.576,0.83,0.626,5.932
V0150,V0363,4,26,45,0.468,8.547,0.0010262103250192626,2.989,BUILDING_CONSTRUCTION,0.76,KA-SOUTH,0.56,0.68,0.694,5.932
V0150,V0453,3,26,32,0.333,9.014,0.004056855125406789,2.392,CIVIL_MAINTENANCE,1.0,AP-SOUTH,0.4,0.76,0.658,5.931
V0502,V0513,10,53,55,1.166,8.576,1.0801528021229598e-07,6.967,ELECTRICAL_EQUIPMENT,0.68,KA-NORTH,0.693,0.685,0.692,5.931
V0019,V0054,3,23,33,0.304,9.881,0.003101329159171239,2.508,WATER_INFRASTRUCTURE,1.0,KA-CENTRAL,0.722,0.889,0.6,5.929
V0010,V0050,19,96,55,2.112,8.996,1.9097417389556255e-14,13.719,LAB_EQUIPMENT,1.0,KA-CENTRAL,0.395,0.758,0.659,5.928
V0065,V0228,3,26,34,0.354,8.484,0.004827330358750492,2.316,VEHICLE_SUPPLIES,0.75,TN-NORTH,0.55,0.67,0.698,5.926
V0223,V0307,8,45,50,0.9,8.889,1.766147588997209e-06,5.753,LAB_EQUIPMENT,1.0,KA-CENTRAL,0.353,0.741,0.666,5.924
V0277,V0355,18,71,69,1.96,9.186,8.757657409356702e-14,13.058,LAB_EQUIPMENT,1.0,KA-NORTH,0.473,0.789,0.645,5.923
V0074,V0426,4,28,40,0.448,8.929,0.0008727399186267959,3.059,ROAD_CONSTRUCTION,1.0,KA-CENTRAL,0.371,0.749,0.663,5.921
V0276,V0327,8,41,51,0.836,9.565,9.749405854768937e-07,6.011,FURNITURE,1.0,KA-CENTRAL,0.617,0.847,0.619,5.92
V0308,V0545,3,41,17,0.279,10.76,0.0023742908833653356,2.624,IT_SERVICES,1.0,KA-CENTRAL,1.0,1.0,0.55,5.918
V0014,V0151,4,46,23,0.423,9.452,0.0006883068495069047,3.162,FURNITURE,1.0,KA-SOUTH,0.581,0.832,0.625,5.912
V0072,V0300,3,58,14,0.325,9.236,0.0035978546860770087,2.444,ROAD_CONSTRUCTION,1.0,KA-CENTRAL,0.5,0.8,0.64,5.911
V0008,V0178,3,17,49,0.333,9.004,0.003967372373528063,2.401,IT_SERVICES,1.0,TN-NORTH,0.409,0.764,0.656,5.91
V0016,V0347,3,50,16,0.32,9.375,0.0035102898069942446,2.455,BUILDING_CONSTRUCTION,1.0,KA-SOUTH,0.556,0.822,0.63,5.906
V0336,V0396,6,35,51,0.714,8.403,5.51858574716244e-05,4.258,ELECTRICAL_EQUIPMENT,0.652,KA-CENTRAL,0.674,0.661,0.703,5.904
V0309,V0322,7,56,40,0.896,7.812,2.0299053182816654e-05,4.693,FURNITURE,0.551,KA-NORTH,0.531,0.543,0.756,5.904
V0278,V0309,5,22,56,0.493,10.146,9.270457922799367e-05,4.033,FURNITURE,1.0,KA-SOUTH,0.824,0.929,0.582,5.903
V0088,V0517,4,38,28,0.426,9.398,0.0007158746681124048,3.145,WATER_INFRASTRUCTURE,1.0,KA-SOUTH,0.567,0.827,0.628,5.902
V0359,V0496,4,40,26,0.416,9.615,0.0006521432471442233,3.186,WATER_INFRASTRUCTURE,1.0,KA-NORTH,0.647,0.859,0.614,5.899
V0212,V0496,4,42,26,0.437,9.158,0.0007874791284167174,3.104,WATER_INFRASTRUCTURE,1.0,KA-NORTH,0.481,0.793,0.643,5.892
V0172,V0345,4,48,27,0.518,7.716,0.001518596304135712,2.819,WATER_INFRASTRUCTURE,0.556,KA-CENTRAL,0.481,0.526,0.763,5.89
V0120,V0387,5,44,35,0.616,8.117,0.0002935854039406517,3.532,ROAD_CONSTRUCTION,0.6,KA-NORTH,0.625,0.61,0.726,5.889
V0132,V0352,8,58,38,0.882,9.074,1.4584491234689804e-06,5.836,FURNITURE,1.0,KA-CENTRAL,0.452,0.781,0.649,5.886
V0297,V0368,6,39,50,0.78,7.692,9.301900674985585e-05,4.031,ROAD_CONSTRUCTION,0.523,KA-CENTRAL,0.523,0.523,0.765,5.883
V0255,V0537,4,33,32,0.422,9.47,0.0006979084506878884,3.156,WATER_INFRASTRUCTURE,1.0,KA-CENTRAL,0.606,0.842,0.621,5.88
V0019,V0421,4,23,46,0.423,9.452,0.0006883068495069047,3.162,WATER_INFRASTRUCTURE,1.0,KA-SOUTH,0.6,0.84,0.622,5.879
V0345,V0526,3,27,28,0.302,9.921,0.003075652408252526,2.512,ROAD_CONSTRUCTION,1.0,KA-SOUTH,0.765,0.906,0.592,5.877
V0262,V0329,3,26,27,0.281,10.684,0.002476418872122613,2.606,MEDICAL_SUPPLIES,1.0,KA-CENTRAL,1.0,1.0,0.55,5.876
V0254,V0473,3,43,19,0.327,9.18,0.0037919064158882434,2.421,FURNITURE,1.0,KA-SOUTH,0.5,0.8,0.64,5.875
V0065,V0472,3,26,37,0.385,7.796,0.006139768886737824,2.212,VEHICLE_SUPPLIES,0.652,KA-NORTH,0.391,0.548,0.753,5.874
V0388,V0413,3,19,40,0.304,9.868,0.003079904394069833,2.511,FURNITURE,1.0,KA-CENTRAL,0.75,0.9,0.595,5.871
V0044,V0081,3,34,25,0.34,8.824,0.004310172597227834,2.366,ROAD_CONSTRUCTION,1.0,KA-SOUTH,0.36,0.744,0.665,5.87
V0001,V0052,10,62,46,1.141,8.766,8.495879443544658e-08,7.071,CIVIL_MAINTENANCE,0.901,KA-CENTRAL,0.484,0.734,0.67,5.87
V0003,V0404,5,40,38,0.608,8.224,0.0002764389668413029,3.558,VEHICLE_SUPPLIES,0.758,KA-BENGALURU,0.455,0.636,0.714,5.869
V0218,V0438,6,43,44,0.757,7.928,7.845880564646325e-05,4.105,WATER_INFRASTRUCTURE,0.614,KA-SOUTH,0.523,0.577,0.74,5.869
V0220,V0251,3,37,19,0.281,10.669,0.0024573942518904815,2.61,WATER_INFRASTRUCTURE,1.0,KA-NORTH,1.0,1.0,0.55,5.868
V0216,V0220,3,19,37,0.281,10.669,0.0024573942518904815,2.61,WATER_INFRASTRUCTURE,1.0,KA-NORTH,1.0,1.0,0.55,5.868
V0146,V0258,3,19,37,0.281,10.669,0.0024573942518904815,2.61,IT_SERVICES,1.0,KA-CENTRAL,1.0,1.0,0.55,5.868
V0008,V0184,4,17,63,0.428,9.337,0.0006817179580634405,3.166,IT_SERVICES,1.0,KA-NORTH,0.567,0.827,0.628,5.864
V0438,V0478,5,44,30,0.528,9.47,0.00013759613734500286,3.861,WATER_INFRASTRUCTURE,1.0,KA-SOUTH,0.615,0.846,0.619,5.864
V0417,V0514,3,37,22,0.326,9.214,0.0037877975542063755,2.422,IT_SERVICES,1.0,KA-NORTH,0.522,0.809,0.636,5.861
V0003,V0419,7,40,56,0.896,7.812,2.0299053182816654e-05,4.693,VEHICLE_SUPPLIES,0.745,KA-SOUTH,0.275,0.557,0.749,5.854
V0063,V0403,4,30,34,0.408,9.804,0.0006090185323721006,3.215,ELECTRICAL_EQUIPMENT,1.0,KA-CENTRAL,0.739,0.896,0.597,5.853
V0289,V0478,3,27,30,0.324,9.259,0.003757201489177214,2.425,WATER_INFRASTRUCTURE,0.696,KA-NORTH,1.0,0.817,0.632,5.853
V0067,V0421,3,17,46,0.313,9.591,0.0033104548707859624,2.48,ROAD_CONSTRUCTION,1.0,KA-SOUTH,0.667,0.867,0.61,5.851
V0195,V0473,3,42,19,0.319,9.398,0.0035443785493109573,2.45,FURNITURE,1.0,KA-BENGALURU,0.6,0.84,0.622,5.846
V0216,V0346,3,19,41,0.312,9.628,0.003307093148567237,2.481,WATER_INFRASTRUCTURE,1.0,KA-NORTH,0.688,0.875,0.606,5.837
V0195,V0280,5,42,36,0.605,8.267,0.00026913297321781574,3.57,FURNITURE,0.533,KA-SOUTH,0.833,0.653,0.706,5.837
V0366,V0496,3,30,26,0.312,9.615,0.0033668860441060443,2.473,WATER_INFRASTRUCTURE,1.0,KA-NORTH,0.684,0.874,0.607,5.835
V0336,V0454,5,35,43,0.602,8.306,0.00026286099997180145,3.58,ELECTRICAL_EQUIPMENT,0.744,KA-CENTRAL,0.538,0.662,0.702,5.833
V0306,V0363,3,17,45,0.306,9.804,0.003107638718985662,2.508,BUILDING_CONSTRUCTION,1.0,KA-SOUTH,0.75,0.9,0.595,5.833
V0123,V0281,6,45,40,0.72,8.333,5.86003942626659e-05,4.232,FURNITURE,0.788,KA-NORTH,0.485,0.667,0.7,5.833
V0047,V0174,4,55,18,0.396,10.101,0.000510595932575879,3.292,ELECTRICAL_EQUIPMENT,1.0,KA-SOUTH,0.848,0.939,0.577,5.831
V0309,V0388,4,56,19,0.426,9.398,0.000681866071691301,3.166,FURNITURE,1.0,KA-SOUTH,0.611,0.844,0.62,5.827
V0120,V0487,3,44,18,0.317,9.47,0.003452548699892608,2.462,ROAD_CONSTRUCTION,1.0,KA-CENTRAL,0.64,0.856,0.615,5.822
V0071,V0339,4,47,22,0.414,9.671,0.000626288537348137,3.203,ROAD_CONSTRUCTION,1.0,KA-SOUTH,0.714,0.886,0.601,5.816
V0294,V0380,3,32,28,0.358,8.371,0.005023572571941242,2.299,VEHICLE_SUPPLIES,0.609,KA-CENTRAL,0.783,0.678,0.695,5.816
V0172,V0400,4,48,24,0.461,8.681,0.0009592377981484928,3.018,ROAD_CONSTRUCTION,0.556,KA-CENTRAL,1.0,0.733,0.67,5.816
V0426,V0517,4,40,28,0.448,8.929,0.0008727399186267959,3.059,WATER_INFRASTRUCTURE,0.75,KA-SOUTH,0.812,0.775,0.651,5.815
V0377,V0458,3,24,35,0.336,8.929,0.004160947102627887,2.381,VEHICLE_SUPPLIES,0.625,KA-NORTH,1.0,0.775,0.651,5.815
V0121,V0386,4,43,22,0.378,10.571,0.0004435062311890811,3.353,ROAD_CONSTRUCTION,1.0,KA-NORTH,1.0,1.0,0.55,5.814
V0385,V0526,3,28,28,0.314,9.566,0.003418989305496987,2.466,ROAD_CONSTRUCTION,1.0,KA-SOUTH,0.68,0.872,0.608,5.812
V0195,V0211,3,42,20,0.336,8.929,0.004121397774051429,2.385,FURNITURE,1.0,KA-SOUTH,0.44,0.776,0.651,5.811
V0129,V0392,5,47,33,0.62,8.059,0.00030253954227784134,3.519,ELECTRICAL_EQUIPMENT,0.621,KA-SOUTH,0.621,0.621,0.721,5.808
V0337,V0472,3,24,37,0.355,8.446,0.004877857542126124,2.312,VEHICLE_SUPPLIES,0.842,KA-NORTH,0.474,0.695,0.687,5.806
V0044,V0064,5,34,40,0.544,9.191,0.0001606236095610737,3.794,ROAD_CONSTRUCTION,1.0,KA-CENTRAL,0.55,0.82,0.631,5.8
V0054,V0342,4,33,39,0.515,7.77,0.00149554258944238,2.825,WATER_INFRASTRUCTURE,0.727,KA-BENGALURU,0.318,0.564,0.746,5.799
V0343,V0355,4,16,69,0.442,9.058,0.0007532849618578313,3.123,MEDICAL_SUPPLIES,1.0,KA-CENTRAL,0.5,0.8,0.64,5.797
V0310,V0523,4,35,34,0.476,8.403,0.001108849617980782,2.955,BUILDING_CONSTRUCTION,0.69,KA-BENGALURU,0.69,0.69,0.69,5.795
V0307,V0351,3,50,17,0.34,8.824,0.004202839150227304,2.376,MEDICAL_SUPPLIES,1.0,KA-NORTH,0.409,0.764,0.656,5.792
V0142,V0326,3,29,27,0.313,9.579,0.0034059175886131617,2.468,VEHICLE_SUPPLIES,1.0,TN-NORTH,0.7,0.88,0.604,5.786
V0212,V0218,6,42,43,0.722,8.306,5.982028383771397e-05,4.223,WATER_INFRASTRUCTURE,0.686,KA-SOUTH,0.657,0.674,0.697,5.786
V0090,V0119,5,21,64,0.538,9.301,0.00013929452422804537,3.856,MEDICAL_SUPPLIES,1.0,KA-CENTRAL,0.6,0.84,0.622,5.785
V0309,V0327,9,56,51,1.142,7.878,1.080502534942565e-06,5.966,FURNITURE,0.73,KA-BENGALURU,0.381,0.59,0.734,5.785
V0123,V0523,5,45,34,0.612,8.17,0.0002840471135228673,3.547,FURNITURE,0.75,KA-CENTRAL,0.5,0.65,0.708,5.78
V0302,V0502,5,24,53,0.509,9.827,0.00011073502979310646,3.956,ELECTRICAL_EQUIPMENT,1.0,KA-NORTH,0.789,0.916,0.588,5.777
V0375,V0419,4,17,56,0.381,10.504,0.0004329243496665925,3.364,VEHICLE_SUPPLIES,1.0,KA-CENTRAL,1.0,1.0,0.55,5.777
V0065,V0335,3,26,38,0.395,7.591,0.006620242349184571,2.179,VEHICLE_SUPPLIES,0.667,KA-CENTRAL,0.333,0.533,0.76,5.769
V0129,V0344,7,47,38,0.714,9.798,4.26046395596758e-06,5.371,ELECTRICAL_EQUIPMENT,1.0,KA-SOUTH,0.784,0.914,0.589,5.769
V0007,V0122,4,39,36,0.562,7.123,0.0020815675197317094,2.682,FURNITURE,0.514,KA-SOUTH,0.286,0.423,0.81,5.768
V0074,V0517,3,28,28,0.314,9.566,0.003418989305496987,2.466,ROAD_CONSTRUCTION,1.0,KA-CENTRAL,0.706,0.882,0.603,5.768
V0195,V0388,3,42,19,0.319,9.398,0.0035443785493109573,2.45,FURNITURE,1.0,KA-SOUTH,0.647,0.859,0.614,5.766
V0019,V0220,3,23,37,0.34,8.813,0.004311813324049281,2.365,WATER_INFRASTRUCTURE,1.0,KA-CENTRAL,0.421,0.768,0.654,5.766
V0082,V0195,5,32,42,0.538,9.301,0.0001510858312134342,3.821,FURNITURE,1.0,KA-BENGALURU,0.614,0.845,0.62,5.762
V0429,V0478,3,26,30,0.312,9.615,0.0033668860441060443,2.473,WATER_INFRASTRUCTURE,1.0,KA-NORTH,0.727,0.891,0.599,5.76
V0384,V0539,3,45,18,0.324,9.259,0.003682488687163906,2.434,IT_SERVICES,1.0,KA-CENTRAL,0.6,0.84,0.622,5.759
V0119,V0184,14,64,63,1.613,8.681,1.7046731531554385e-10,9.768,LAB_EQUIPMENT,1.0,KA-CENTRAL,0.373,0.749,0.663,5.755
V0390,V0472,3,23,37,0.34,8.813,0.004311813324049281,2.365,VEHICLE_SUPPLIES,0.619,KA-CENTRAL,1.0,0.771,0.653,5.754
V0014,V0244,8,46,50,0.92,8.696,2.1057497230152814e-06,5.677,FURNITURE,0.716,KA-NORTH,0.806,0.752,0.661,5.752
V0219,V0473,3,45,19,0.342,8.772,0.004318251444073366,2.365,FURNITURE,1.0,KA-SOUTH,0.414,0.766,0.656,5.75
V0368,V0544,3,50,16,0.32,9.375,0.0035102898069942446,2.455,WATER_INFRASTRUCTURE,1.0,KA-NORTH,0.65,0.86,0.613,5.747
V0200,V0329,3,30,27,0.324,9.259,0.003757201489177214,2.425,MEDICAL_SUPPLIES,1.0,KA-CENTRAL,0.609,0.843,0.62,5.745
V0119,V0223,10,64,45,1.152,8.681,9.303892601240547e-08,7.031,LAB_EQUIPMENT,1.0,KA-CENTRAL,0.379,0.752,0.662,5.744
V0007,V0127,5,39,43,0.671,7.454,0.00044301371032846377,3.354,BUILDING_CONSTRUCTION,0.605,KA-NORTH,0.372,0.512,0.77,5.738
V0383,V0502,7,36,53,0.763,9.172,6.67945785196918e-06,5.175,ELECTRICAL_EQUIPMENT,0.721,KA-NORTH,1.0,0.833,0.625,5.735
V0081,V0120,4,25,44,0.44,9.091,0.0008070669714744486,3.093,ROAD_CONSTRUCTION,1.0,KA-CENTRAL,0.553,0.821,0.631,5.732
V0380,V0532,3,28,29,0.325,9.236,0.0037849973782440854,2.422,VEHICLE_SUPPLIES,1.0,KA-CENTRAL,0.609,0.843,0.62,5.73
V0062,V0209,6,40,36,0.576,10.417,1.558237965954905e-05,4.807,ELECTRICAL_EQUIPMENT,1.0,KA-SOUTH,1.0,1.0,0.55,5.729
V0338,V0482,3,45,16,0.288,10.417,0.0025916908898703348,2.586,IT_SERVICES,1.0,KA-NORTH,1.0,1.0,0.55,5.729
V0250,V0547,3,15,48,0.288,10.417,0.0025711518589146966,2.59,ROAD_CONSTRUCTION,1.0,KA-CENTRAL,1.0,1.0,0.55,5.729
V0063,V0302,3,30,24,0.288,10.417,0.002663797930166517,2.574,ELECTRICAL_EQUIPMENT,1.0,KA-CENTRAL,1.0,1.0,0.55,5.729
V0359,V0418,3,40,18,0.288,10.417,0.0026225522368982994,2.581,WATER_INFRASTRUCTURE,1.0,KA-NORTH,1.0,1.0,0.55,5.729
V0007,V0076,3,39,22,0.343,8.741,0.004404602596558996,2.356,BUILDING_CONSTRUCTION,1.0,KA-SOUTH,0.417,0.767,0.655,5.725
V0161,V0488,4,34,36,0.49,8.17,0.0012354951236032109,2.908,CIVIL_MAINTENANCE,0.593,KA-SOUTH,0.778,0.667,0.7,5.719
V0066,V0274,6,53,37,0.784,7.649,9.558329410946647e-05,4.02,FURNITURE,0.63,KA-CENTRAL,0.457,0.561,0.748,5.718
V0356,V0426,3,23,40,0.368,8.152,0.005384844251757044,2.269,ROAD_CONSTRUCTION,0.591,KA-SOUTH,0.773,0.664,0.701,5.718
V0258,V0367,4,37,26,0.385,10.395,0.0004814062050135032,3.317,ELECTRICAL_EQUIPMENT,1.0,KA-NORTH,1.0,1.0,0.55,5.717
V0211,V0309,4,20,56,0.448,8.929,0.0008382120439891631,3.077,FURNITURE,1.0,KA-CENTRAL,0.5,0.8,0.64,5.715
V0073,V0464,5,44,33,0.581,8.609,0.00022033193474710647,3.657,ROAD_CONSTRUCTION,1.0,AP-SOUTH,0.375,0.75,0.662,5.703
V0185,V0421,3,19,46,0.35,8.581,0.004597339038616455,2.337,WATER_INFRASTRUCTURE,1.0,AP-SOUTH,0.364,0.745,0.665,5.702
V0251,V0346,3,19,41,0.312,9.628,0.003307093148567237,2.481,WATER_INFRASTRUCTURE,1.0,KA-NORTH,0.767,0.907,0.592,5.7
V0142,V0419,5,29,56,0.65,7.697,0.00037084382333639357,3.431,VEHICLE_SUPPLIES,0.657,KA-CENTRAL,0.457,0.577,0.74,5.698
V0263,V0419,10,49,56,1.098,9.111,5.839809851264713e-08,7.234,VEHICLE_SUPPLIES,0.838,KA-CENTRAL,0.824,0.832,0.625,5.698
V0064,V0464,4,40,33,0.528,7.576,0.0016463114913041743,2.783,ROAD_CONSTRUCTION,0.636,KA-CENTRAL,0.424,0.552,0.752,5.696
V0306,V0327,3,17,51,0.347,8.651,0.004446715454665803,2.352,BUILDING_CONSTRUCTION,1.0,KA-BENGALURU,0.4,0.76,0.658,5.692
V0050,V0119,12,55,64,1.408,8.523,5.121781725528961e-09,8.291,LAB_EQUIPMENT,1.0,KA-SOUTH,0.346,0.738,0.668,5.691
V0062,V0392,5,40,33,0.528,9.47,0.00013862247268622727,3.858,ELECTRICAL_EQUIPMENT,1.0,KA-SOUTH,0.719,0.888,0.601,5.688
V0228,V0275,5,34,46,0.626,7.992,0.00031559440141700645,3.501,VEHICLE_SUPPLIES,0.618,KA-CENTRAL,0.676,0.641,0.711,5.686
V0016,V0038,4,50,25,0.5,8.0,0.0013147249453923713,2.881,FURNITURE,0.696,KA-CENTRAL,0.565,0.643,0.71,5.683
V0339,V0437,3,22,33,0.29,10.331,0.0027211861033196484,2.565,ROAD_CONSTRUCTION,1.0,KA-SOUTH,1.0,1.0,0.55,5.682
V0029,V0161,4,33,34,0.449,8.913,0.000883442589744778,3.054,CIVIL_MAINTENANCE,1.0,KA-SOUTH,0.515,0.806,0.637,5.68
V0275,V0373,3,46,22,0.405,7.411,0.007029679267740869,2.153,VEHICLE_SUPPLIES,0.52,KA-CENTRAL,0.52,0.52,0.766,5.677
V0415,V0517,3,29,28,0.325,9.236,0.0037849973782440854,2.422,ROAD_CONSTRUCTION,0.762,KA-SOUTH,1.0,0.857,0.614,5.674
V0061,V0501,3,37,21,0.311,9.653,0.0033047923921506075,2.481,ELECTRICAL_EQUIPMENT,1.0,KA-NORTH,0.792,0.917,0.588,5.671
V0313,V0366,3,28,30,0.336,8.929,0.004174139825180287,2.379,WATER_INFRASTRUCTURE,1.0,KA-SOUTH,0.529,0.812,0.635,5.667
V0313,V0429,3,28,26,0.291,10.302,0.0027545012996810724,2.56,WATER_INFRASTRUCTURE,1.0,KA-CENTRAL,1.0,1.0,0.55,5.666
V0362,V0436,3,26,28,0.291,10.302,0.0027545012996810724,2.56,BUILDING_CONSTRUCTION,1.0,KA-BENGALURU,1.0,1.0,0.55,5.666
V0088,V0304,5,38,44,0.669,7.476,0.00043645957740630364,3.36,WATER_INFRASTRUCTURE,0.641,KA-NORTH,0.385,0.538,0.758,5.665
V0059,V0269,4,32,39,0.499,8.013,0.001329106165631729,2.876,BUILDING_CONSTRUCTION,0.743,AP-SOUTH,0.514,0.651,0.707,5.664
V0278,V0280,3,22,36,0.317,9.47,0.0035006052956867303,2.456,FURNITURE,1.0,KA-SOUTH,0.733,0.893,0.598,5.663
V0276,V0412,3,41,20,0.328,9.146,0.0038466267146512034,2.415,BUILDING_CONSTRUCTION,1.0,KA-CENTRAL,0.619,0.848,0.619,5.657
V0199,V0293,4,27,41,0.443,9.033,0.0008323876710439394,3.08,ELECTRICAL_EQUIPMENT,1.0,KA-SOUTH,0.577,0.831,0.626,5.656
V0303,V0537,3,27,32,0.346,8.681,0.004524470361196516,2.344,CIVIL_MAINTENANCE,1.0,KA-CENTRAL,0.444,0.778,0.65,5.643
V0304,V0429,4,44,26,0.458,8.741,0.0009416374015790259,3.026,WATER_INFRASTRUCTURE,1.0,KA-CENTRAL,0.469,0.788,0.646,5.643
V0242,V0322,6,41,40,0.656,9.146,3.391221556668506e-05,4.47,FURNITURE,0.851,KA-SOUTH,0.851,0.851,0.617,5.643
V0455,V0472,6,43,37,0.636,9.428,2.8266509758565126e-05,4.549,CIVIL_MAINTENANCE,1.0,KA-SOUTH,0.733,0.893,0.598,5.638
V0003,V0197,3,40,25,0.4,7.5,0.006840173787376161,2.165,VEHICLE_SUPPLIES,0.68,AP-SOUTH,0.36,0.552,0.752,5.637
V0050,V0355,13,55,69,1.518,8.564,9.908176525019453e-10,9.004,LAB_EQUIPMENT,1.0,KA-SOUTH,0.4,0.76,0.658,5.635
V0404,V0453,4,38,32,0.486,8.224,0.0012035653884443812,2.92,VEHICLE_SUPPLIES,0.864,KA-SOUTH,0.455,0.7,0.685,5.633
V0072,V0427,4,58,19,0.441,9.074,0.0007800440561868916,3.108,ROAD_CONSTRUCTION,1.0,KA-NORTH,0.607,0.843,0.621,5.632
V0144,V0184,14,68,63,1.714,8.17,4.070951048531308e-10,9.39,LAB_EQUIPMENT,0.809,KA-CENTRAL,0.513,0.69,0.689,5.632
V0142,V0294,3,29,32,0.371,8.082,0.005554761699769568,2.255,VEHICLE_SUPPLIES,0.625,KA-CENTRAL,0.75,0.675,0.696,5.627
V0360,V0533,3,25,37,0.37,8.108,0.005486880885000402,2.261,CIVIL_MAINTENANCE,0.591,KA-SOUTH,0.818,0.682,0.693,5.62
V0002,V0301,3,22,36,0.317,9.47,0.0035006052956867303,2.456,FURNITURE,1.0,KA-BENGALURU,0.762,0.905,0.593,5.614
V0055,V0066,3,16,53,0.339,8.844,0.004146445113622093,2.382,BUILDING_CONSTRUCTION,1.0,KA-CENTRAL,0.529,0.812,0.635,5.613
V0034,V0256,7,53,40,0.848,8.255,1.3975219671218572e-05,4.855,ELECTRICAL_EQUIPMENT,0.519,KA-CENTRAL,1.0,0.712,0.68,5.612
V0026,V0113,7,44,46,0.81,8.646,1.0244751576261886e-05,4.989,LAB_EQUIPMENT,0.903,KA-NORTH,0.597,0.781,0.649,5.609
V0122,V0301,4,36,36,0.518,7.716,0.0015373705154378618,2.813,BUILDING_CONSTRUCTION,0.69,KA-SOUTH,0.483,0.607,0.727,5.609
V0071,V0081,4,47,25,0.47,8.511,0.0010391151326392986,2.983,ROAD_CONSTRUCTION,1.0,KA-NORTH,0.395,0.758,0.659,5.607
V0224,V0353,3,42,19,0.319,9.398,0.0035443785493109573,2.45,ROAD_CONSTRUCTION,1.0,KA-CENTRAL,0.741,0.896,0.597,5.607
V0302,V0403,3,24,34,0.326,9.191,0.0038283525387224743,2.417,ELECTRICAL_EQUIPMENT,1.0,KA-NORTH,0.667,0.867,0.61,5.607
V0053,V0091,11,44,74,1.302,8.446,2.5221918655791836e-08,7.598,CIVIL_MAINTENANCE,1.0,KA-CENTRAL,0.371,0.749,0.663,5.601
V0211,V0276,3,20,41,0.328,9.146,0.0038466267146512034,2.415,FURNITURE,1.0,KA-SOUTH,0.654,0.862,0.612,5.6
V0281,V0310,4,40,35,0.56,7.143,0.0020584933863191275,2.686,FURNITURE,0.533,KA-SOUTH,0.4,0.48,0.784,5.6
V0389,V0531,3,19,43,0.327,9.18,0.0037919064158882434,2.421,ROAD_CONSTRUCTION,1.0,KA-NORTH,0.667,0.867,0.61,5.6
V0114,V0346,4,31,41,0.508,7.868,0.0014231449957141243,2.847,WATER_INFRASTRUCTURE,0.794,KA-NORTH,0.412,0.641,0.711,5.598
V0175,V0259,3,22,39,0.343,8.741,0.004404602596558996,2.356,IT_SERVICES,1.0,KA-BENGALURU,0.5,0.8,0.64,5.594
V0185,V0224,3,19,42,0.319,9.398,0.0035443785493109573,2.45,WATER_INFRASTRUCTURE,1.0,KA-SOUTH,0.75,0.9,0.595,5.592
V0138,V0242,3,18,41,0.295,10.163,0.0028168437309675754,2.55,BUILDING_CONSTRUCTION,1.0,KA-SOUTH,1.0,1.0,0.55,5.59
V0060,V0242,3,18,41,0.295,10.163,0.0028168437309675754,2.55,BUILDING_CONSTRUCTION,1.0,KA-SOUTH,1.0,1.0,0.55,5.59
V0114,V0313,3,31,28,0.347,8.641,0.004586858137539607,2.338,WATER_INFRASTRUCTURE,1.0,KA-SOUTH,0.462,0.785,0.647,5.59
V0043,V0299,4,51,22,0.449,8.913,0.000857321502567367,3.067,ROAD_CONSTRUCTION,1.0,KA-SOUTH,0.571,0.829,0.627,5.59
V0308,V0456,3,41,18,0.295,10.163,0.0028168437309675754,2.55,IT_SERVICES,1.0,KA-CENTRAL,1.0,1.0,0.55,5.59
V0178,V0521,3,49,17,0.333,9.004,0.003967372373528063,2.401,IT_SERVICES,1.0,KA-NORTH,0.609,0.843,0.62,5.586
V0184,V0223,10,63,45,1.134,8.818,7.953164878116357e-08,7.099,LAB_EQUIPMENT,1.0,KA-NORTH,0.539,0.816,0.633,5.581
V0195,V0327,7,42,51,0.857,8.17,1.5071857479994589e-05,4.822,FURNITURE,0.889,KA-BENGALURU,0.429,0.705,0.683,5.579
V0051,V0530,5,51,29,0.592,8.452,0.0002374665244289165,3.624,CIVIL_MAINTENANCE,1.0,KA-NORTH,0.39,0.756,0.66,5.576
V0074,V0525,4,28,41,0.459,8.711,0.0009596524518821787,3.018,ROAD_CONSTRUCTION,1.0,KA-SOUTH,0.5,0.8,0.64,5.575
V0213,V0485,3,19,42,0.319,9.398,0.0035443785493109573,2.45,ELECTRICAL_EQUIPMENT,1.0,KA-SOUTH,0.76,0.904,0.593,5.575
V0005,V0326,3,31,27,0.335,8.961,0.004129920005998934,2.384,VEHICLE_SUPPLIES,1.0,KA-NORTH,0.6,0.84,0.622,5.574
V0251,V0340,3,19,47,0.357,8.399,0.004887210079892465,2.311,WATER_INFRASTRUCTURE,1.0,AP-SOUTH,0.368,0.747,0.664,5.574
V0335,V0488,5,38,36,0.547,9.137,0.0001655611209580858,3.781,VEHICLE_SUPPLIES,1.0,KA-NORTH,0.667,0.867,0.61,5.574
V0187,V0484,3,34,26,0.354,8.484,0.004827330358750492,2.316,CIVIL_MAINTENANCE,1.0,AP-SOUTH,0.406,0.762,0.657,5.573
V0297,V0389,3,39,19,0.296,10.121,0.002862662119413354,2.543,ROAD_CONSTRUCTION,1.0,KA-NORTH,1.0,1.0,0.55,5.567
V0093,V0274,4,34,37,0.503,7.949,0.0013719717295735427,2.863,FURNITURE,0.667,KA-NORTH,0.667,0.667,0.7,5.564
V0249,V0436,3,37,28,0.414,7.239,0.007580367097097961,2.12,CIVIL_MAINTENANCE,0.571,KA-SOUTH,0.429,0.514,0.769,5.564
V0064,V0289,4,40,27,0.432,9.259,0.000756759699636282,3.121,ROAD_CONSTRUCTION,1.0,KA-NORTH,0.719,0.888,0.601,5.561
V0014,V0309,8,46,56,1.03,7.764,5.130087200987088e-06,5.29,FURNITURE,0.754,KA-NORTH,0.446,0.631,0.716,5.56
V0016,V0242,7,50,41,0.82,8.537,1.1140294421864284e-05,4.953,BUILDING_CONSTRUCTION,0.625,KA-SOUTH,1.0,0.775,0.651,5.56
V0453,V0532,3,32,29,0.371,8.082,0.005554761699769568,2.255,VEHICLE_SUPPLIES,0.667,KA-SOUTH,0.733,0.693,0.688,5.56
V0024,V0245,6,47,38,0.714,8.399,5.5830999886005345e-05,4.253,CIVIL_MAINTENANCE,1.0,KA-NORTH,0.378,0.751,0.662,5.56
V0025,V0481,14,61,64,1.562,8.965,1.066680434185256e-10,9.972,LAB_EQUIPMENT,1.0,KA-CENTRAL,0.612,0.845,0.62,5.557
V0172,V0517,4,48,28,0.538,7.44,0.0017468785097460976,2.758,ROAD_CONSTRUCTION,0.562,KA-SOUTH,0.562,0.562,0.747,5.557
V0214,V0502,4,20,53,0.424,9.434,0.0006787161747279232,3.168,IT_SERVICES,1.0,KA-NORTH,0.784,0.914,0.589,5.556
V0132,V0388,4,58,19,0.441,9.074,0.0007800440561868916,3.108,FURNITURE,1.0,KA-SOUTH,0.656,0.862,0.612,5.552
V0302,V0414,3,24,31,0.298,10.081,0.002930661511726352,2.533,ELECTRICAL_EQUIPMENT,1.0,KA-NORTH,1.0,1.0,0.55,5.545
V0159,V0381,5,40,41,0.656,7.622,0.000398424267802531,3.4,WATER_INFRASTRUCTURE,0.639,KA-SOUTH,0.556,0.606,0.728,5.545
V0258,V0403,4,37,34,0.503,7.949,0.0013719717295735427,2.863,IT_SERVICES,0.567,KA-NORTH,0.833,0.673,0.697,5.54
V0224,V0437,4,42,33,0.554,7.215,0.0019791220227653675,2.704,ROAD_CONSTRUCTION,0.516,KA-SOUTH,0.516,0.516,0.768,5.539
V0230,V0335,6,41,38,0.623,9.628,2.498990342123516e-05,4.602,VEHICLE_SUPPLIES,0.907,KA-NORTH,1.0,0.944,0.575,5.537
V0317,V0349,3,35,29,0.406,7.389,0.007160591473988379,2.145,ELECTRICAL_EQUIPMENT,0.643,KA-BENGALURU,0.429,0.557,0.749,5.536
V0002,V0504,3,22,41,0.361,8.315,0.005079354431961646,2.294,FURNITURE,1.0,KA-SOUTH,0.357,0.743,0.666,5.535
V0307,V0460,7,50,42,0.84,8.333,1.3165924100526266e-05,4.881,LAB_EQUIPMENT,1.0,KA-NORTH,0.365,0.746,0.664,5.535
V0278,V0281,3,22,40,0.352,8.523,0.00473463504514334,2.325,FURNITURE,1.0,KA-SOUTH,0.448,0.779,0.649,5.534
V0028,V0212,6,45,42,0.756,7.937,7.795105783902278e-05,4.108,WATER_INFRASTRUCTURE,0.636,KA-CENTRAL,0.727,0.673,0.697,5.534
V0306,V0379,3,17,53,0.36,8.324,0.004960068324933501,2.305,BUILDING_CONSTRUCTION,1.0,KA-BENGALURU,0.364,0.745,0.665,5.532
V0007,V0436,4,39,28,0.437,9.158,0.0007915537653334361,3.102,BUILDING_CONSTRUCTION,1.0,KA-BENGALURU,0.7,0.88,0.604,5.531
V0059,V0188,4,32,43,0.55,7.267,0.0019237380282833168,2.716,BUILDING_CONSTRUCTION,0.531,KA-CENTRAL,0.531,0.531,0.761,5.53
V0016,V0370,6,50,37,0.74,8.108,6.833240921696492e-05,4.165,BUILDING_CONSTRUCTION,0.744,KA-SOUTH,0.651,0.707,0.682,5.529
V0380,V0533,3,28,37,0.414,7.239,0.007580367097097961,2.12,CIVIL_MAINTENANCE,0.625,KA-NORTH,0.375,0.525,0.764,5.529
V0065,V0275,4,26,46,0.478,8.361,0.001116012153385613,2.952,CIVIL_MAINTENANCE,0.833,KA-CENTRAL,0.633,0.753,0.661,5.527
V0019,V0153,3,23,36,0.331,9.058,0.003986073791444232,2.399,WATER_INFRASTRUCTURE,1.0,KA-NORTH,0.667,0.867,0.61,5.525
V0158,V0402,3,34,29,0.394,7.606,0.0065979872432765175,2.181,CIVIL_MAINTENANCE,0.64,KA-BENGALURU,0.56,0.608,0.726,5.525
V0151,V0310,3,23,35,0.322,9.317,0.0036759133635991606,2.435,FURNITURE,1.0,KA-CENTRAL,0.765,0.906,0.592,5.519
V0132,V0151,5,58,23,0.534,9.37,0.0001379935657092928,3.86,FURNITURE,1.0,KA-CENTRAL,0.784,0.914,0.589,5.518
V0255,V0496,3,33,26,0.343,8.741,0.004431856776409638,2.353,WATER_INFRASTRUCTURE,1.0,KA-NORTH,0.55,0.82,0.631,5.516
V0010,V0277,23,96,71,2.726,8.436,1.1448019521665099e-16,15.941,LAB_EQUIPMENT,1.0,KA-CENTRAL,0.424,0.77,0.654,5.515
V0087,V0403,3,22,34,0.299,10.027,0.002967533238379926,2.528,IT_SERVICES,1.0,KA-SOUTH,1.0,1.0,0.55,5.515
V0121,V0526,4,43,28,0.482,8.306,0.0011515366324751,2.939,ROAD_CONSTRUCTION,1.0,KA-CENTRAL,0.37,0.748,0.663,5.51
V0132,V0242,7,58,41,0.951,7.359,3.0443080686263473e-05,4.517,FURNITURE,0.537,KA-CENTRAL,0.593,0.559,0.748,5.507
V0510,V0517,3,30,28,0.336,8.929,0.004174139825180287,2.379,ROAD_CONSTRUCTION,1.0,KA-SOUTH,0.63,0.852,0.617,5.506
V0166,V0179,3,31,29,0.36,8.343,0.005073371552675147,2.295,CIVIL_MAINTENANCE,1.0,KA-CENTRAL,0.389,0.756,0.66,5.506
V0249,V0270,4,37,27,0.4,10.01,0.0005591686670905552,3.252,BUILDING_CONSTRUCTION,1.0,KA-SOUTH,1.0,1.0,0.55,5.506
V0127,V0379,8,43,53,0.912,8.776,1.946534342422507e-06,5.711,FURNITURE,0.855,KA-SOUTH,0.79,0.829,0.627,5.502
V0079,V0259,4,30,39,0.468,8.547,0.0010359200383198968,2.985,ELECTRICAL_EQUIPMENT,1.0,KA-SOUTH,0.48,0.792,0.644,5.501
V0033,V0200,3,25,30,0.3,10.0,0.0030026194403126134,2.522,MEDICAL_SUPPLIES,1.0,KA-CENTRAL,1.0,1.0,0.55,5.5
V0021,V0368,3,15,50,0.3,10.0,0.002892622183885073,2.539,ROAD_CONSTRUCTION,1.0,KA-CENTRAL,1.0,1.0,0.55,5.5
V0281,V0319,4,40,34,0.544,7.353,0.0018444032088699212,2.734,BUILDING_CONSTRUCTION,0.6,KA-CENTRAL,0.5,0.56,0.748,5.5
V0403,V0417,4,34,37,0.503,7.949,0.0013719717295735427,2.863,ELECTRICAL_EQUIPMENT,0.786,KA-CENTRAL,0.536,0.686,0.691,5.496
V0424,V0485,5,40,42,0.672,7.44,0.00044698153754631225,3.35,ELECTRICAL_EQUIPMENT,0.714,KA-CENTRAL,0.381,0.581,0.739,5.495
V0169,V0472,4,35,37,0.518,7.722,0.0015326833501430335,2.815,CIVIL_MAINTENANCE,0.735,KA-SOUTH,0.5,0.641,0.711,5.494
V0087,V0291,3,22,38,0.334,8.971,0.004089058751972335,2.388,IT_SERVICES,1.0,KA-CENTRAL,0.654,0.862,0.612,5.493
V0052,V0088,6,46,38,0.699,8.581,4.9247527214085625e-05,4.308,CIVIL_MAINTENANCE,1.0,KA-NORTH,0.5,0.8,0.64,5.492
V0044,V0496,3,34,26,0.354,8.484,0.004827330358750492,2.316,WATER_INFRASTRUCTURE,1.0,KA-SOUTH,0.462,0.785,0.647,5.488
V0247,V0385,4,41,28,0.459,8.711,0.0009596524518821787,3.018,WATER_INFRASTRUCTURE,1.0,KA-NORTH,0.556,0.822,0.63,5.488
V0113,V0355,11,46,69,1.27,8.664,1.9504815161784734e-08,7.71,LAB_EQUIPMENT,1.0,KA-NORTH,0.539,0.816,0.633,5.484
V0133,V0386,3,37,22,0.326,9.214,0.0037877975542063755,2.422,ROAD_CONSTRUCTION,1.0,KA-NORTH,0.75,0.9,0.595,5.482
V0262,V0307,5,26,50,0.52,9.615,0.00012514813760919683,3.903,MEDICAL_SUPPLIES,1.0,KA-CENTRAL,0.889,0.956,0.57,5.481
V0385,V0537,3,28,32,0.358,8.371,0.005023572571941242,2.299,WATER_INFRASTRUCTURE,1.0,KA-CENTRAL,0.419,0.768,0.655,5.479
V0120,V0342,5,44,39,0.686,7.284,0.0004941359471213125,3.306,WATER_INFRASTRUCTURE,0.515,KA-NORTH,0.606,0.552,0.752,5.476
V0352,V0504,5,38,41,0.623,8.023,0.0003113624478718679,3.507,FURNITURE,0.765,KA-NORTH,0.618,0.706,0.682,5.475
V0292,V0310,3,27,35,0.378,7.937,0.005842812712001607,2.233,FURNITURE,0.69,KA-SOUTH,0.69,0.69,0.69,5.474
V0185,V0438,3,19,44,0.334,8.971,0.0040498182800449275,2.393,WATER_INFRASTRUCTURE,1.0,KA-SOUTH,0.667,0.867,0.61,5.472
V0231,V0494,3,26,29,0.302,9.947,0.003051188320818404,2.516,IT_SERVICES,1.0,KA-CENTRAL,1.0,1.0,0.55,5.471
V0040,V0302,3,35,24,0.336,8.929,0.004160947102627887,2.381,ELECTRICAL_EQUIPMENT,1.0,TN-NORTH,0.652,0.861,0.613,5.47
V0204,V0307,4,23,50,0.46,8.696,0.00094788117327625,3.023,MEDICAL_SUPPLIES,1.0,KA-NORTH,0.562,0.825,0.629,5.468
V0123,V0364,4,45,31,0.558,7.168,0.002022420275526449,2.694,FURNITURE,0.636,KA-NORTH,0.364,0.527,0.763,5.467
V0516,V0517,3,32,28,0.358,8.371,0.005023572571941242,2.299,ROAD_CONSTRUCTION,1.0,KA-CENTRAL,0.429,0.771,0.653,5.465
V0066,V0473,4,53,19,0.403,9.93,0.0005515896181306839,3.258,FURNITURE,1.0,KA-SOUTH,1.0,1.0,0.55,5.462
V0186,V0530,3,29,29,0.336,8.918,0.004188943367667827,2.378,CIVIL_MAINTENANCE,1.0,KA-SOUTH,0.654,0.862,0.612,5.461
V0276,V0278,3,41,22,0.361,8.315,0.005079354431961646,2.294,FURNITURE,1.0,KA-SOUTH,0.407,0.763,0.657,5.46
V0371,V0387,4,31,35,0.434,9.217,0.0007751378791657907,3.111,WATER_INFRASTRUCTURE,1.0,KA-NORTH,0.765,0.906,0.592,5.46
V0141,V0329,3,28,27,0.302,9.921,0.003075652408252526,2.512,MEDICAL_SUPPLIES,1.0,KA-NORTH,1.0,1.0,0.55,5.457
V0403,V0454,4,34,43,0.585,6.84,0.0024197141585850907,2.616,ELECTRICAL_EQUIPMENT,0.536,AP-SOUTH,0.321,0.45,0.798,5.455
V0292,V0370,3,27,37,0.4,7.508,0.0068373439141937295,2.165,FURNITURE,0.591,TN-NORTH,0.636,0.609,0.726,5.45
V0162,V0336,4,35,35,0.49,8.163,0.0012395274491753137,2.907,ELECTRICAL_EQUIPMENT,1.0,KA-SOUTH,0.346,0.738,0.668,5.45
V0276,V0504,5,41,41,0.672,7.436,0.00044831006356922535,3.348,FURNITURE,0.595,KA-CENTRAL,0.595,0.595,0.732,5.446
V0219,V0301,5,45,36,0.648,7.716,0.00037464370943571094,3.426,BUILDING_CONSTRUCTION,0.568,KA-SOUTH,0.784,0.654,0.706,5.445
V0098,V0502,3,16,53,0.339,8.844,0.004146445113622093,2.382,ELECTRICAL_EQUIPMENT,1.0,KA-NORTH,0.636,0.855,0.615,5.443
V0255,V0436,3,33,28,0.37,8.117,0.00548468261548233,2.261,CIVIL_MAINTENANCE,1.0,AP-SOUTH,0.333,0.733,0.67,5.438
V0126,V0424,4,30,40,0.48,8.333,0.0011414420101708022,2.943,CIVIL_MAINTENANCE,1.0,KA-CENTRAL,0.433,0.773,0.652,5.433
V0322,V0413,5,40,40,0.64,7.812,0.0003539715785054767,3.451,FURNITURE,0.667,KA-NORTH,0.694,0.678,0.695,5.429
V0215,V0539,3,51,18,0.367,8.17,0.005259865645743661,2.279,IT_SERVICES,1.0,TN-NORTH,0.364,0.745,0.665,5.429
V0005,V0484,3,31,26,0.322,9.305,0.003701983931129551,2.432,CIVIL_MAINTENANCE,1.0,AP-SOUTH,0.815,0.926,0.583,5.428
V0214,V0434,3,20,38,0.304,9.868,0.00309115411332698,2.51,IT_SERVICES,1.0,KA-CENTRAL,1.0,1.0,0.55,5.427
V0384,V0513,8,45,55,0.99,8.081,3.7459282691385796e-06,5.426,ELECTRICAL_EQUIPMENT,0.603,KA-NORTH,0.921,0.73,0.671,5.426
V0135,V0201,3,24,38,0.365,8.224,0.00526269275508416,2.279,BUILDING_CONSTRUCTION,1.0,KA-NORTH,0.391,0.757,0.66,5.424
V0346,V0517,4,41,28,0.459,8.711,0.0009596524518821787,3.018,WATER_INFRASTRUCTURE,0.733,KA-SOUTH,1.0,0.84,0.622,5.418
V0334,V0384,3,20,45,0.36,8.333,0.005016781019859728,2.3,IT_SERVICES,1.0,KA-SOUTH,0.444,0.778,0.65,5.416
V0064,V0376,4,40,27,0.432,9.259,0.000756759699636282,3.121,ROAD_CONSTRUCTION,1.0,KA-CENTRAL,0.806,0.923,0.585,5.415
V0166,V0424,4,31,40,0.496,8.065,0.0012954923802323437,2.888,CIVIL_MAINTENANCE,1.0,KA-SOUTH,0.333,0.733,0.67,5.404
V0043,V0393,3,51,15,0.306,9.804,0.00306229695059036,2.514,ROAD_CONSTRUCTION,1.0,KA-SOUTH,1.0,1.0,0.55,5.392
V0248,V0284,3,46,20,0.368,8.152,0.005339428697739165,2.273,BUILDING_CONSTRUCTION,1.0,KA-SOUTH,0.381,0.752,0.661,5.392
V0082,V0127,4,32,43,0.55,7.267,0.0019237380282833168,2.716,FURNITURE,0.763,KA-SOUTH,0.289,0.574,0.742,5.391
V0303,V0458,3,27,35,0.378,7.937,0.005842812712001607,2.233,CIVIL_MAINTENANCE,0.714,AP-SOUTH,0.714,0.714,0.679,5.386
V0344,V0454,5,38,43,0.654,7.65,0.0003911741165191243,3.408,ELECTRICAL_EQUIPMENT,0.8,KA-CENTRAL,0.444,0.658,0.704,5.386
V0003,V0142,4,40,29,0.464,8.621,0.0010007460477029278,3.0,VEHICLE_SUPPLIES,1.0,KA-SOUTH,0.586,0.834,0.624,5.384
V0335,V0453,4,38,32,0.486,8.224,0.0012035653884443812,2.92,VEHICLE_SUPPLIES,1.0,KA-NORTH,0.419,0.768,0.655,5.383
V0138,V0363,3,18,45,0.324,9.259,0.003682488687163906,2.434,BUILDING_CONSTRUCTION,1.0,KA-SOUTH,0.826,0.93,0.581,5.382
V0320,V0381,5,40,41,0.656,7.622,0.000398424267802531,3.4,ROAD_CONSTRUCTION,0.514,KA-SOUTH,0.865,0.654,0.706,5.379
V0066,V0278,4,53,22,0.466,8.576,0.00099298091666131,3.003,FURNITURE,1.0,KA-SOUTH,0.571,0.829,0.627,5.378
V0133,V0385,3,37,28,0.414,7.239,0.007580367097097961,2.12,WATER_INFRASTRUCTURE,0.714,KA-CENTRAL,0.357,0.571,0.743,5.378
V0043,V0296,3,51,16,0.326,9.191,0.0037150865413503064,2.43,ROAD_CONSTRUCTION,1.0,KA-NORTH,0.808,0.923,0.585,5.373
V0066,V0292,5,53,27,0.572,8.735,0.00020039829829015838,3.698,FURNITURE,1.0,KA-SOUTH,0.639,0.856,0.615,5.372
V0065,V0533,3,26,37,0.385,7.796,0.006139768886737824,2.212,CIVIL_MAINTENANCE,0.727,KA-CENTRAL,0.636,0.691,0.689,5.372
V0027,V0302,3,32,24,0.307,9.766,0.0032135031407177447,2.493,ELECTRICAL_EQUIPMENT,1.0,KA-NORTH,1.0,1.0,0.55,5.371
V0122,V0151,3,36,23,0.331,9.058,0.003986073791444232,2.399,FURNITURE,1.0,KA-CENTRAL,0.762,0.905,0.593,5.37
V0281,V0523,4,40,34,0.544,7.353,0.0018444032088699212,2.734,FURNITURE,0.647,KA-SOUTH,0.529,0.6,0.73,5.368
V0028,V0537,4,45,32,0.576,6.944,0.002281171498728162,2.642,WATER_INFRASTRUCTURE,0.522,KA-NORTH,0.478,0.504,0.773,5.368
V0254,V0546,3,43,20,0.344,8.721,0.004407911998541155,2.356,FURNITURE,1.0,KA-BENGALURU,0.64,0.856,0.615,5.362
V0074,V0224,4,28,42,0.47,8.503,0.0010525112601006581,2.978,ROAD_CONSTRUCTION,1.0,KA-SOUTH,0.553,0.821,0.631,5.361
V0295,V0307,9,55,50,1.1,8.182,7.713478394225245e-07,6.113,LAB_EQUIPMENT,1.0,KA-CENTRAL,0.416,0.766,0.655,5.361
V0407,V0460,5,40,42,0.672,7.44,0.00044698153754631225,3.35,LAB_EQUIPMENT,0.838,KA-CENTRAL,0.297,0.622,0.72,5.359
V0299,V0387,3,22,35,0.308,9.74,0.003227260389418361,2.491,ROAD_CONSTRUCTION,1.0,KA-NORTH,1.0,1.0,0.55,5.357
V0145,V0263,3,18,49,0.353,8.503,0.004695659828902537,2.328,VEHICLE_SUPPLIES,1.0,KA-CENTRAL,0.556,0.822,0.63,5.357
V0224,V0526,4,42,28,0.47,8.503,0.0010525112601006581,2.978,ROAD_CONSTRUCTION,1.0,KA-SOUTH,0.556,0.822,0.63,5.357
V0050,V0134,3,55,15,0.33,9.091,0.00380232308311659,2.42,IT_SERVICES,1.0,KA-NORTH,0.783,0.913,0.589,5.356
V0093,V0219,5,34,45,0.612,8.17,0.0002840471135228673,3.547,FURNITURE,0.833,KA-CENTRAL,0.667,0.767,0.655,5.351
V0146,V0338,3,19,45,0.342,8.772,0.004318251444073366,2.365,IT_SERVICES,1.0,KA-SOUTH,0.667,0.867,0.61,5.351
V0007,V0281,5,39,40,0.624,8.013,0.0003133867314524133,3.504,FURNITURE,0.872,KA-NORTH,0.538,0.738,0.668,5.35
V0501,V0502,4,21,53,0.445,8.985,0.0008253218004811913,3.083,ELECTRICAL_EQUIPMENT,1.0,KA-NORTH,0.75,0.9,0.595,5.346
V0025,V0307,10,61,50,1.22,8.197,1.6870857004333916e-07,6.773,LAB_EQUIPMENT,1.0,KA-CENTRAL,0.434,0.773,0.652,5.344
V0144,V0460,9,68,42,1.142,7.878,1.0398816489073344e-06,5.983,LAB_EQUIPMENT,0.907,KA-CENTRAL,0.427,0.715,0.678,5.344
V0043,V0358,3,51,17,0.347,8.651,0.004446715454665803,2.352,ROAD_CONSTRUCTION,1.0,KA-NORTH,0.625,0.85,0.617,5.342
V0258,V0384,5,37,45,0.666,7.508,0.00042740660967616705,3.369,IT_SERVICES,0.5,KA-NORTH,0.853,0.641,0.711,5.342
V0437,V0517,3,33,28,0.37,8.117,0.00548468261548233,2.261,WATER_INFRASTRUCTURE,0.867,KA-NORTH,0.6,0.76,0.658,5.341
V0263,V0404,5,49,38,0.745,6.713,0.0007250466884274054,3.14,CIVIL_MAINTENANCE,0.541,KA-NORTH,0.324,0.454,0.796,5.341
V0047,V0056,3,55,17,0.374,8.021,0.00550814909608129,2.259,ELECTRICAL_EQUIPMENT,1.0,KA-NORTH,0.357,0.743,0.666,5.34
V0159,V0526,4,40,28,0.448,8.929,0.0008727399186267959,3.059,ROAD_CONSTRUCTION,1.0,KA-SOUTH,0.735,0.894,0.598,5.336
V0269,V0362,3,39,26,0.406,7.396,0.0071226708337780555,2.147,CIVIL_MAINTENANCE,0.619,KA-CENTRAL,0.619,0.619,0.721,5.336
V0153,V0159,4,36,40,0.576,6.944,0.002289234720444942,2.64,WATER_INFRASTRUCTURE,0.525,KA-NORTH,0.5,0.515,0.768,5.335
V0144,V0481,14,68,64,1.741,8.042,5.103722448205458e-10,9.292,LAB_EQUIPMENT,1.0,KA-CENTRAL,0.371,0.748,0.663,5.334
V0150,V0464,3,26,33,0.343,8.741,0.004431856776409638,2.353,CIVIL_MAINTENANCE,1.0,KA-CENTRAL,0.667,0.867,0.61,5.332
V0135,V0269,3,24,39,0.374,8.013,0.005665442830492159,2.247,BUILDING_CONSTRUCTION,1.0,KA-NORTH,0.36,0.744,0.665,5.33
V0054,V0517,3,33,28,0.37,8.117,0.00548468261548233,2.261,ROAD_CONSTRUCTION,1.0,KA-CENTRAL,0.409,0.764,0.656,5.328
V0064,V0299,3,40,22,0.352,8.523,0.00473463504514334,2.325,ROAD_CONSTRUCTION,1.0,KA-CENTRAL,0.583,0.833,0.625,5.327
V0088,V0438,5,38,44,0.669,7.476,0.00043645957740630364,3.36,WATER_INFRASTRUCTURE,0.75,KA-SOUTH,0.472,0.639,0.712,5.327
V0421,V0429,4,46,26,0.478,8.361,0.001116012153385613,2.952,WATER_INFRASTRUCTURE,1.0,KA-CENTRAL,0.517,0.807,0.637,5.325
V0054,V0385,3,33,28,0.37,8.117,0.00548468261548233,2.261,WATER_INFRASTRUCTURE,1.0,KA-BENGALURU,0.412,0.765,0.656,5.324
V0069,V0072,3,15,58,0.348,8.621,0.00442370175523882,2.354,ROAD_CONSTRUCTION,1.0,KA-CENTRAL,0.63,0.852,0.617,5.316
V0011,V0514,3,40,22,0.352,8.523,0.00473463504514334,2.325,IT_SERVICES,1.0,KA-CENTRAL,0.591,0.836,0.624,5.315
V0004,V0201,3,26,38,0.395,7.591,0.006620242349184571,2.179,BUILDING_CONSTRUCTION,0.667,KA-SOUTH,0.667,0.667,0.7,5.314
V0158,V0230,4,34,41,0.558,7.174,0.0020242135550057375,2.694,CIVIL_MAINTENANCE,0.577,KA-NORTH,0.577,0.577,0.74,5.312
V0220,V0279,3,37,21,0.311,9.653,0.0033047923921506075,2.481,ROAD_CONSTRUCTION,1.0,KA-NORTH,1.0,1.0,0.55,5.309
V0073,V0525,6,44,41,0.722,8.315,5.941142684719396e-05,4.226,ROAD_CONSTRUCTION,1.0,KA-SOUTH,0.509,0.804,0.638,5.308
V0003,V0422,3,40,27,0.432,6.944,0.00850862676892116,2.07,CIVIL_MAINTENANCE,0.619,TN-NORTH,0.381,0.524,0.764,5.307
V0066,V0379,9,53,53,1.124,8.01,9.336342905062179e-07,6.03,FURNITURE,0.697,KA-SOUTH,0.833,0.752,0.662,5.301
V0054,V0120,5,33,44,0.581,8.609,0.00022033193474710647,3.657,WATER_INFRASTRUCTURE,0.758,KA-CENTRAL,1.0,0.855,0.615,5.298
V0038,V0322,3,25,40,0.4,7.5,0.006840173787376161,2.165,FURNITURE,0.632,KA-CENTRAL,0.684,0.653,0.706,5.297
V0162,V0485,5,35,42,0.588,8.503,0.00023465022620087984,3.63,ELECTRICAL_EQUIPMENT,1.0,KA-SOUTH,0.595,0.838,0.623,5.296
V0254,V0327,7,43,51,0.877,7.98,1.772359649635684e-05,4.751,FURNITURE,0.86,KA-BENGALURU,0.579,0.747,0.664,5.296
V0276,V0388,3,41,19,0.312,9.628,0.003307093148567237,2.481,FURNITURE,1.0,KA-CENTRAL,1.0,1.0,0.55,5.295
V0242,V0473,3,41,19,0.312,9.628,0.003307093148567237,2.481,FURNITURE,1.0,KA-SOUTH,1.0,1.0,0.55,5.295
V0016,V0135,4,50,24,0.48,8.333,0.0011207881747533686,2.95,BUILDING_CONSTRUCTION,1.0,KA-CENTRAL,0.529,0.812,0.635,5.289
V0366,V0478,3,30,30,0.36,8.333,0.005090037042450741,2.293,WATER_INFRASTRUCTURE,1.0,KA-NORTH,0.529,0.812,0.635,5.289
V0359,V0429,4,40,26,0.416,9.615,0.0006521432471442233,3.186,WATER_INFRASTRUCTURE,1.0,KA-NORTH,1.0,1.0,0.55,5.288
V0200,V0262,3,30,26,0.312,9.615,0.0033668860441060443,2.473,MEDICAL_SUPPLIES,1.0,KA-CENTRAL,1.0,1.0,0.55,5.288
V0339,V0426,3,22,40,0.352,8.523,0.00473463504514334,2.325,ROAD_CONSTRUCTION,1.0,KA-SOUTH,0.609,0.843,0.62,5.288
V0478,V0496,3,30,26,0.312,9.615,0.0033668860441060443,2.473,WATER_INFRASTRUCTURE,1.0,KA-NORTH,1.0,1.0,0.55,5.288
V0244,V0523,5,50,34,0.68,7.353,0.0004691482568015246,3.329,FURNITURE,0.667,KA-CENTRAL,0.564,0.626,0.718,5.283
V0169,V0532,3,35,29,0.406,7.389,0.007160591473988379,2.145,VEHICLE_SUPPLIES,0.652,KA-SOUTH,0.609,0.635,0.714,5.278
V0275,V0375,3,46,17,0.313,9.591,0.0033104548707859624,2.48,VEHICLE_SUPPLIES,1.0,KA-CENTRAL,1.0,1.0,0.55,5.275
V0142,V0169,3,29,35,0.406,7.389,0.007160591473988379,2.145,VEHICLE_SUPPLIES,0.607,KA-SOUTH,0.679,0.636,0.714,5.275
V0326,V0530,3,27,29,0.313,9.579,0.0034059175886131617,2.468,VEHICLE_SUPPLIES,1.0,KA-SOUTH,1.0,1.0,0.55,5.268
V0059,V0281,4,32,40,0.512,7.812,0.001463561307229272,2.835,BUILDING_CONSTRUCTION,1.0,KA-SOUTH,0.31,0.724,0.674,5.266
V0056,V0513,3,17,55,0.374,8.021,0.00550814909608129,2.259,ELECTRICAL_EQUIPMENT,1.0,KA-BENGALURU,0.409,0.764,0.656,5.265
V0042,V0511,3,49,18,0.353,8.503,0.004695659828902537,2.328,ROAD_CONSTRUCTION,1.0,KA-SOUTH,0.615,0.846,0.619,5.265
V0297,V0517,3,39,28,0.437,6.868,0.008783518695531753,2.056,ROAD_CONSTRUCTION,0.52,KA-CENTRAL,0.52,0.52,0.766,5.261
V0195,V0244,6,42,50,0.84,7.143,0.00014287527909212042,3.845,FURNITURE,0.622,KA-SOUTH,0.533,0.587,0.736,5.257
V0494,V0502,5,29,53,0.615,8.133,0.00028544308271022346,3.544,IT_SERVICES,1.0,KA-NORTH,0.465,0.786,0.646,5.256
V0152,V0215,4,25,51,0.51,7.843,0.001416998591914763,2.849,IT_SERVICES,1.0,KA-CENTRAL,0.333,0.733,0.67,5.255
V0383,V0396,5,36,51,0.734,6.808,0.0006766727644707791,3.17,ELECTRICAL_EQUIPMENT,0.59,KA-SOUTH,0.385,0.508,0.772,5.253
V0338,V0414,5,45,31,0.558,8.961,0.00018057621020717144,3.743,ELECTRICAL_EQUIPMENT,1.0,KA-NORTH,0.8,0.92,0.586,5.251
V0047,V0507,3,55,16,0.352,8.523,0.004607363326125768,2.337,ELECTRICAL_EQUIPMENT,1.0,KA-NORTH,0.633,0.853,0.616,5.25
V0371,V0526,3,31,28,0.347,8.641,0.004586858137539607,2.338,ROAD_CONSTRUCTION,1.0,KA-SOUTH,0.68,0.872,0.608,5.25
V0071,V0130,4,47,27,0.508,7.88,0.0014023875979861677,2.853,ROAD_CONSTRUCTION,0.868,AP-SOUTH,0.553,0.742,0.666,5.248
V0255,V0313,3,33,28,0.37,8.117,0.00548468261548233,2.261,WATER_INFRASTRUCTURE,1.0,KA-CENTRAL,0.464,0.786,0.646,5.247
V0159,V0426,5,40,40,0.64,7.812,0.0003539715785054767,3.451,ROAD_CONSTRUCTION,0.55,KA-SOUTH,1.0,0.73,0.672,5.246
V0255,V0304,5,33,44,0.581,8.609,0.00022033193474710647,3.657,WATER_INFRASTRUCTURE,0.78,KA-SOUTH,1.0,0.868,0.609,5.245
V0046,V0298,3,20,43,0.344,8.721,0.004407911998541155,2.356,BUILDING_CONSTRUCTION,1.0,KA-NORTH,0.714,0.886,0.601,5.245
V0402,V0404,3,29,38,0.441,6.806,0.009016523934922556,2.045,CIVIL_MAINTENANCE,0.55,KA-BENGALURU,0.45,0.51,0.77,5.244
V0414,V0451,3,31,31,0.384,7.804,0.00613725921417086,2.212,BUILDING_CONSTRUCTION,0.75,KA-CENTRAL,0.7,0.73,0.672,5.24
V0024,V0051,8,47,51,0.959,8.344,2.922924752004832e-06,5.534,CIVIL_MAINTENANCE,1.0,KA-CENTRAL,0.568,0.827,0.628,5.239
V0122,V0135,3,36,24,0.346,8.681,0.004510693724995198,2.346,BUILDING_CONSTRUCTION,1.0,KA-CENTRAL,0.704,0.881,0.603,5.238
V0371,V0470,3,31,33,0.409,7.331,0.007325547995992571,2.135,ROAD_CONSTRUCTION,0.565,AP-SOUTH,0.739,0.635,0.714,5.237
V0218,V0537,4,43,32,0.55,7.267,0.0019237380282833168,2.716,CIVIL_MAINTENANCE,0.75,KA-SOUTH,0.429,0.621,0.72,5.235
V0308,V0502,6,41,53,0.869,6.903,0.00017321601801957156,3.761,ELECTRICAL_EQUIPMENT,0.562,KA-CENTRAL,0.5,0.538,0.758,5.233
V0047,V0394,6,55,41,0.902,6.652,0.00021348000056063606,3.671,CIVIL_MAINTENANCE,0.543,KA-SOUTH,0.371,0.474,0.787,5.232
V0035,V0383,3,24,36,0.346,8.681,0.004510693724995198,2.346,IT_SERVICES,1.0,KA-NORTH,0.708,0.883,0.602,5.23
V0197,V0472,3,25,37,0.37,8.108,0.005486880885000402,2.261,VEHICLE_SUPPLIES,1.0,TN-NORTH,0.474,0.789,0.645,5.228
V0126,V0455,4,30,43,0.516,7.752,0.0015032011885176,2.823,CIVIL_MAINTENANCE,0.829,KA-NORTH,0.571,0.726,0.673,5.22
V0332,V0340,7,51,47,0.959,7.301,3.249633851749979e-05,4.488,WATER_INFRASTRUCTURE,0.643,KA-CENTRAL,0.619,0.633,0.715,5.22
V0230,V0488,4,41,36,0.59,6.775,0.0025108194109884395,2.6,CIVIL_MAINTENANCE,0.621,KA-CENTRAL,0.345,0.51,0.77,5.219
V0339,V0346,3,22,41,0.361,8.315,0.005079354431961646,2.294,ROAD_CONSTRUCTION,1.0,KA-SOUTH,0.571,0.829,0.627,5.215
V0041,V0277,9,39,71,1.108,8.126,7.709466771230896e-07,6.113,LAB_EQUIPMENT,1.0,KA-CENTRAL,0.493,0.797,0.641,5.211
V0214,V0454,3,20,43,0.344,8.721,0.004407911998541155,2.356,IT_SERVICES,1.0,KA-CENTRAL,0.737,0.895,0.597,5.21
V0076,V0280,3,22,36,0.317,9.47,0.0035006052956867303,2.456,BUILDING_CONSTRUCTION,1.0,KA-SOUTH,1.0,1.0,0.55,5.209
V0081,V0153,3,25,36,0.36,8.333,0.0050753786263015655,2.295,ROAD_CONSTRUCTION,1.0,KA-NORTH,0.583,0.833,0.625,5.208
V0244,V0473,3,50,19,0.38,7.895,0.005822753515606725,2.235,FURNITURE,1.0,KA-CENTRAL,0.391,0.757,0.66,5.207
V0044,V0074,3,34,28,0.381,7.878,0.005970567443192651,2.224,ROAD_CONSTRUCTION,1.0,TN-NORTH,0.385,0.754,0.661,5.206
V0092,V0219,3,20,45,0.36,8.333,0.005016781019859728,2.3,FURNITURE,1.0,KA-CENTRAL,0.586,0.834,0.624,5.204
V0003,V0472,5,40,37,0.592,8.446,0.0002429037004298047,3.615,CIVIL_MAINTENANCE,0.853,KA-SOUTH,0.853,0.853,0.616,5.204
V0380,V0472,3,28,37,0.414,7.239,0.007580367097097961,2.12,CIVIL_MAINTENANCE,0.625,KA-CENTRAL,0.625,0.625,0.719,5.203
V0042,V0130,4,49,27,0.529,7.559,0.0016413895383879105,2.785,ROAD_CONSTRUCTION,0.78,KA-NORTH,0.561,0.693,0.688,5.203
V0120,V0516,4,44,32,0.563,7.102,0.002097170628895832,2.678,WATER_INFRASTRUCTURE,0.5,KA-CENTRAL,0.735,0.594,0.733,5.203
V0092,V0132,4,20,58,0.464,8.621,0.0009582875587527489,3.019,FURNITURE,1.0,KA-CENTRAL,0.704,0.881,0.603,5.201
V0387,V0437,4,35,33,0.462,8.658,0.000988185316936005,3.005,WATER_INFRASTRUCTURE,1.0,KA-NORTH,0.719,0.888,0.601,5.2
V0011,V0403,4,40,34,0.544,7.353,0.0018444032088699212,2.734,ELECTRICAL_EQUIPMENT,0.519,KA-SOUTH,0.852,0.652,0.707,5.196
V0010,V0184,20,96,63,2.419,8.267,2.335253265378575e-14,13.632,LAB_EQUIPMENT,1.0,KA-NORTH,0.564,0.826,0.628,5.195
V0011,V0394,5,40,41,0.656,7.622,0.000398424267802531,3.4,ELECTRICAL_EQUIPMENT,1.0,KA-BENGALURU,0.27,0.708,0.681,5.193
V0317,V0495,4,35,36,0.504,7.937,0.0013806588441989205,2.86,ELECTRICAL_EQUIPMENT,1.0,KA-CENTRAL,0.421,0.768,0.654,5.192
V0154,V0322,3,24,40,0.384,7.812,0.0060863406985948295,2.216,BUILDING_CONSTRUCTION,1.0,KA-NORTH,0.364,0.745,0.665,5.191
V0113,V0460,6,46,42,0.773,7.764,8.853147252485052e-05,4.053,LAB_EQUIPMENT,0.667,KA-NORTH,0.843,0.737,0.668,5.188
V0144,V0277,15,68,71,1.931,7.767,1.8999203869732293e-10,9.721,LAB_EQUIPMENT,0.886,KA-CENTRAL,0.515,0.738,0.668,5.188
V0158,V0294,3,34,32,0.435,6.893,0.0087105809307619,2.06,VEHICLE_SUPPLIES,0.55,KA-CENTRAL,0.55,0.55,0.752,5.187
V0291,V0336,4,38,35,0.532,7.519,0.0016960395291556556,2.771,IT_SERVICES,0.69,KA-CENTRAL,0.69,0.69,0.69,5.186
V0259,V0424,5,39,40,0.624,8.013,0.0003133867314524133,3.504,ELECTRICAL_EQUIPMENT,1.0,KA-BENGALURU,0.462,0.785,0.647,5.184
V0132,V0278,4,58,22,0.51,7.837,0.0013975275976561242,2.855,FURNITURE,1.0,KA-CENTRAL,0.382,0.753,0.661,5.182
V0014,V0310,5,46,35,0.644,7.764,0.00036316266263072936,3.44,FURNITURE,0.833,KA-CENTRAL,0.6,0.74,0.667,5.179
V0061,V0215,6,37,51,0.755,7.949,7.661424640015155e-05,4.116,ELECTRICAL_EQUIPMENT,1.0,KA-NORTH,0.438,0.775,0.651,5.177
V0394,V0424,5,41,40,0.656,7.622,0.000398424267802531,3.4,ELECTRICAL_EQUIPMENT,0.865,KA-BENGALURU,0.486,0.714,0.679,5.175
V0338,V0501,3,45,21,0.378,7.937,0.005779780619217766,2.238,ELECTRICAL_EQUIPMENT,1.0,KA-SOUTH,0.435,0.774,0.652,5.173
V0132,V0281,7,58,40,0.928,7.543,2.5706325413986262e-05,4.59,FURNITURE,0.887,KA-CENTRAL,0.415,0.698,0.686,5.173
V0198,V0309,4,21,56,0.47,8.503,0.0010182917502221842,2.992,BUILDING_CONSTRUCTION,1.0,KA-NORTH,0.679,0.871,0.608,5.169
V0039,V0548,4,56,19,0.426,9.398,0.000681866071691301,3.166,BUILDING_CONSTRUCTION,1.0,KA-CENTRAL,1.0,1.0,0.55,5.169
V0029,V0530,3,33,29,0.383,7.837,0.006062835060852044,2.217,CIVIL_MAINTENANCE,1.0,KA-NORTH,0.393,0.757,0.659,5.167
V0241,V0451,3,34,31,0.422,7.116,0.007967452439316337,2.099,ELECTRICAL_EQUIPMENT,0.609,KA-CENTRAL,0.609,0.609,0.726,5.167
V0184,V0355,14,63,69,1.739,8.052,5.011764408656122e-10,9.3,LAB_EQUIPMENT,1.0,KA-NORTH,0.491,0.796,0.642,5.166
V0025,V0026,9,61,44,1.074,8.383,6.097603308574364e-07,6.215,LAB_EQUIPMENT,0.924,KA-CENTRAL,0.747,0.853,0.616,5.165
V0288,V0455,4,29,43,0.499,8.019,0.0013191731281456778,2.88,CIVIL_MAINTENANCE,1.0,KA-SOUTH,0.481,0.793,0.643,5.159
V0088,V0483,6,38,55,0.836,7.177,0.00013791553050443689,3.86,WATER_INFRASTRUCTURE,0.605,KA-CENTRAL,0.658,0.626,0.718,5.154
V0012,V0307,3,19,50,0.38,7.895,0.005822753515606725,2.235,MEDICAL_SUPPLIES,1.0,KA-NORTH,0.429,0.771,0.653,5.154
V0093,V0468,3,34,26,0.354,8.484,0.004827330358750492,2.316,BUILDING_CONSTRUCTION,1.0,KA-CENTRAL,0.682,0.873,0.607,5.152
V0001,V0051,9,62,51,1.265,7.116,2.637294005918555e-06,5.579,CIVIL_MAINTENANCE,0.798,KA-CENTRAL,0.337,0.613,0.724,5.152
V0011,V0061,5,40,37,0.592,8.446,0.0002429037004298047,3.615,ELECTRICAL_EQUIPMENT,1.0,KA-NORTH,0.667,0.867,0.61,5.152
V0144,V0231,6,68,26,0.707,8.484,4.8620882854888613e-05,4.313,IT_SERVICES,1.0,KA-CENTRAL,0.683,0.873,0.607,5.15
V0277,V0539,4,71,18,0.511,7.825,0.0013528643036100337,2.869,IT_SERVICES,1.0,KA-NORTH,0.4,0.76,0.658,5.149
V0219,V0412,3,45,20,0.36,8.333,0.005016781019859728,2.3,BUILDING_CONSTRUCTION,1.0,KA-SOUTH,0.625,0.85,0.617,5.146
V0127,V0242,5,43,41,0.705,7.09,0.0005621010966915574,3.25,BUILDING_CONSTRUCTION,0.619,KA-SOUTH,0.595,0.61,0.726,5.145
V0245,V0488,4,38,36,0.547,7.31,0.001887349330180352,2.724,VEHICLE_SUPPLIES,0.774,KA-NORTH,0.484,0.658,0.704,5.145
V0114,V0359,4,31,40,0.496,8.065,0.0012954923802323437,2.888,WATER_INFRASTRUCTURE,1.0,KA-NORTH,0.512,0.805,0.638,5.145
V0093,V0276,4,34,41,0.558,7.174,0.0020242135550057375,2.694,FURNITURE,0.559,KA-SOUTH,0.735,0.629,0.717,5.142
V0182,V0247,4,35,41,0.574,6.969,0.0022584590689805678,2.646,CIVIL_MAINTENANCE,0.6,KA-NORTH,0.56,0.584,0.737,5.138
V0322,V0451,4,40,31,0.496,8.065,0.0012954923802323437,2.888,BUILDING_CONSTRUCTION,1.0,KA-CENTRAL,0.516,0.806,0.637,5.138
V0269,V0504,5,39,41,0.64,7.817,0.0003528602612730504,3.452,BUILDING_CONSTRUCTION,1.0,KA-CENTRAL,0.405,0.762,0.657,5.136
V0080,V0405,3,39,25,0.39,7.692,0.00636902810688783,2.196,ELECTRICAL_EQUIPMENT,1.0,KA-BENGALURU,0.346,0.738,0.668,5.136
V0044,V0120,4,34,44,0.598,6.684,0.002636189530548476,2.579,ROAD_CONSTRUCTION,0.515,KA-SOUTH,0.515,0.515,0.768,5.135
V0078,V0531,4,36,43,0.619,6.46,0.002997596411495629,2.523,ROAD_CONSTRUCTION,0.52,TN-NORTH,0.36,0.456,0.795,5.134
V0230,V0326,3,41,27,0.443,6.775,0.00911464564506936,2.04,VEHICLE_SUPPLIES,0.538,KA-SOUTH,0.538,0.538,0.758,5.133
V0154,V0274,3,24,37,0.355,8.446,0.004877857542126124,2.312,BUILDING_CONSTRUCTION,1.0,KA-NORTH,0.68,0.872,0.608,5.132
V0195,V0254,6,42,43,0.722,8.306,5.982028383771397e-05,4.223,FURNITURE,1.0,KA-SOUTH,0.625,0.85,0.617,5.129
V0003,V0397,3,40,24,0.384,7.812,0.0060863406985948295,2.216,VEHICLE_SUPPLIES,1.0,AP-SOUTH,0.409,0.764,0.656,5.128
V0123,V0413,5,45,40,0.72,6.944,0.0006197335636830214,3.208,BUILDING_CONSTRUCTION,0.628,KA-NORTH,0.512,0.581,0.738,5.127
V0019,V0182,3,23,35,0.322,9.317,0.0036759133635991606,2.435,WATER_INFRASTRUCTURE,1.0,KA-CENTRAL,1.0,1.0,0.55,5.124
V0014,V0132,8,46,58,1.067,7.496,6.7344973570328404e-06,5.172,FURNITURE,0.917,KA-CENTRAL,0.383,0.703,0.684,5.124
V0200,V0469,3,30,31,0.372,8.065,0.005590001735718563,2.253,MEDICAL_SUPPLIES,1.0,KA-CENTRAL,0.526,0.811,0.635,5.123
V0086,V0338,3,20,45,0.36,8.333,0.005016781019859728,2.3,IT_SERVICES,1.0,KA-NORTH,0.64,0.856,0.615,5.123
V0126,V0255,3,30,33,0.396,7.576,0.006676274415968079,2.175,WATER_INFRASTRUCTURE,0.733,KA-CENTRAL,0.7,0.72,0.676,5.121
V0153,V0342,4,36,39,0.562,7.123,0.0020815675197317094,2.682,WATER_INFRASTRUCTURE,0.575,KA-NORTH,0.7,0.625,0.719,5.12
V0395,V0469,3,26,31,0.322,9.305,0.003701983931129551,2.432,MEDICAL_SUPPLIES,1.0,KA-NORTH,1.0,1.0,0.55,5.118
V0076,V0254,3,22,43,0.378,7.928,0.005813609996442439,2.236,BUILDING_CONSTRUCTION,1.0,KA-BENGALURU,0.471,0.788,0.645,5.116
V0024,V0158,5,47,34,0.639,7.822,0.000349737879165592,3.456,CIVIL_MAINTENANCE,1.0,KA-NORTH,0.422,0.769,0.654,5.116
V0218,V0360,4,43,25,0.43,9.302,0.0007386764551482003,3.132,CIVIL_MAINTENANCE,1.0,KA-SOUTH,1.0,1.0,0.55,5.116
V0027,V0241,3,32,34,0.435,6.893,0.0087105809307619,2.06,ELECTRICAL_EQUIPMENT,0.696,KA-NORTH,0.391,0.574,0.742,5.113
V0135,V0274,3,24,37,0.355,8.446,0.004877857542126124,2.312,BUILDING_CONSTRUCTION,1.0,KA-NORTH,0.692,0.877,0.605,5.113
V0172,V0368,7,48,50,0.96,7.292,3.278801806213697e-05,4.484,ROAD_CONSTRUCTION,0.529,KA-CENTRAL,0.868,0.665,0.701,5.111
V0043,V0511,3,51,18,0.367,8.17,0.005259865645743661,2.279,ROAD_CONSTRUCTION,1.0,KA-CENTRAL,0.583,0.833,0.625,5.106
V0141,V0469,3,28,31,0.347,8.641,0.004586858137539607,2.338,MEDICAL_SUPPLIES,1.0,KA-CENTRAL,0.773,0.909,0.591,5.106
V0150,V0370,3,26,37,0.385,7.796,0.006139768886737824,2.212,BUILDING_CONSTRUCTION,1.0,KA-BENGALURU,0.417,0.767,0.655,5.106
V0215,V0396,7,51,51,1.04,6.728,5.619812604482162e-05,4.25,ELECTRICAL_EQUIPMENT,0.634,KA-CENTRAL,0.39,0.537,0.759,5.103
V0292,V0327,4,27,51,0.551,7.262,0.0019075142848383807,2.72,FURNITURE,0.758,KA-NORTH,0.515,0.661,0.703,5.103
V0172,V0427,3,48,19,0.365,8.224,0.005187989526345451,2.285,ROAD_CONSTRUCTION,1.0,KA-NORTH,0.609,0.843,0.62,5.102
V0034,V0062,7,53,40,0.848,8.255,1.3975219671218572e-05,4.855,ELECTRICAL_EQUIPMENT,1.0,KA-CENTRAL,0.622,0.849,0.618,5.102
V0144,V0152,6,68,25,0.68,8.824,3.821297461113083e-05,4.418,IT_SERVICES,1.0,KA-CENTRAL,0.848,0.939,0.577,5.095
V0230,V0422,3,41,27,0.443,6.775,0.00911464564506936,2.04,CIVIL_MAINTENANCE,0.68,KA-SOUTH,0.36,0.552,0.752,5.092
V0127,V0276,5,43,41,0.705,7.09,0.0005621010966915574,3.25,FURNITURE,0.763,KA-SOUTH,0.421,0.626,0.718,5.092
V0113,V0392,5,46,33,0.607,8.235,0.00027291277661905356,3.564,IT_SERVICES,1.0,KA-NORTH,0.621,0.848,0.618,5.092
V0209,V0270,3,36,27,0.389,7.716,0.006328302677942122,2.199,BUILDING_CONSTRUCTION,1.0,KA-SOUTH,0.391,0.757,0.66,5.089
V0080,V0495,4,39,36,0.562,7.123,0.0020815675197317094,2.682,ELECTRICAL_EQUIPMENT,0.565,KA-CENTRAL,0.739,0.635,0.714,5.088
V0335,V0390,3,38,23,0.35,8.581,0.004653370334567269,2.332,VEHICLE_SUPPLIES,1.0,TN-NORTH,0.762,0.905,0.593,5.087
V0133,V0366,3,37,30,0.444,6.757,0.009205507533659053,2.036,WATER_INFRASTRUCTURE,0.65,KA-BENGALURU,0.4,0.55,0.752,5.085
V0062,V0079,4,40,30,0.48,8.333,0.0011414420101708022,2.943,ELECTRICAL_EQUIPMENT,1.0,KA-SOUTH,0.667,0.867,0.61,5.083
V0072,V0372,3,58,14,0.325,9.236,0.0035978546860770087,2.444,ROAD_CONSTRUCTION,1.0,KA-CENTRAL,1.0,1.0,0.55,5.08
V0027,V0338,5,32,45,0.576,8.681,0.000211161713114458,3.675,ELECTRICAL_EQUIPMENT,1.0,KA-NORTH,0.806,0.922,0.585,5.078
V0005,V0294,3,31,32,0.397,7.56,0.006715624329908956,2.173,VEHICLE_SUPPLIES,0.75,KA-CENTRAL,0.7,0.73,0.672,5.077
V0212,V0530,4,42,29,0.487,8.21,0.0012061159566469158,2.919,CIVIL_MAINTENANCE,1.0,KA-SOUTH,0.621,0.848,0.618,5.076
V0355,V0439,4,69,19,0.524,7.628,0.0015067910523691448,2.822,MEDICAL_SUPPLIES,1.0,KA-CENTRAL,0.36,0.744,0.665,5.074
V0132,V0301,6,58,36,0.835,7.184,0.0001362202213317634,3.866,FURNITURE,0.773,KA-NORTH,0.477,0.655,0.705,5.068
V0380,V0488,3,28,36,0.403,7.44,0.007018079283008273,2.154,VEHICLE_SUPPLIES,0.727,KA-CENTRAL,0.682,0.709,0.681,5.066
V0061,V0509,5,37,42,0.622,8.044,0.0003073435374979968,3.512,ELECTRICAL_EQUIPMENT,1.0,KA-NORTH,0.559,0.824,0.629,5.063
V0436,V0464,3,28,33,0.37,8.117,0.00548468261548233,2.261,CIVIL_MAINTENANCE,1.0,KA-NORTH,0.591,0.836,0.624,5.062
V0120,V0368,6,44,50,0.88,6.818,0.0001864896051972546,3.729,ROAD_CONSTRUCTION,0.596,KA-CENTRAL,0.538,0.573,0.742,5.06
V0078,V0415,3,36,29,0.418,7.184,0.007750999122334535,2.111,WATER_INFRASTRUCTURE,0.706,KA-SOUTH,0.588,0.659,0.704,5.054
V0039,V0468,5,56,26,0.582,8.585,0.00021623650288690922,3.665,BUILDING_CONSTRUCTION,1.0,KA-CENTRAL,0.788,0.915,0.588,5.05
V0040,V0367,3,35,26,0.364,8.242,0.005243601986594121,2.28,ELECTRICAL_EQUIPMENT,1.0,KA-NORTH,0.652,0.861,0.613,5.049
V0178,V0344,5,49,38,0.745,6.713,0.0007250466884274054,3.14,ELECTRICAL_EQUIPMENT,0.595,KA-CENTRAL,0.486,0.551,0.752,5.047
V0185,V0547,3,19,48,0.365,8.224,0.005187989526345451,2.285,WATER_INFRASTRUCTURE,1.0,KA-CENTRAL,0.647,0.859,0.614,5.046
V0113,V0459,3,46,21,0.386,7.764,0.006149676233259793,2.211,IT_SERVICES,1.0,KA-NORTH,0.45,0.78,0.649,5.039
V0135,V0322,3,24,40,0.384,7.812,0.0060863406985948295,2.216,BUILDING_CONSTRUCTION,1.0,KA-BENGALURU,0.474,0.789,0.645,5.037
V0403,V0502,5,34,53,0.721,6.937,0.0006170997749499383,3.21,ELECTRICAL_EQUIPMENT,0.535,KA-NORTH,0.721,0.609,0.726,5.035
V0363,V0541,3,45,20,0.36,8.333,0.005016781019859728,2.3,BUILDING_CONSTRUCTION,1.0,KA-SOUTH,0.7,0.88,0.604,5.033
V0062,V0434,5,40,38,0.608,8.224,0.0002764389668413029,3.558,ELECTRICAL_EQUIPMENT,1.0,KA-CENTRAL,0.656,0.862,0.612,5.032
V0352,V0468,3,38,26,0.395,7.591,0.006620242349184571,2.179,BUILDING_CONSTRUCTION,1.0,KA-CENTRAL,0.375,0.75,0.662,5.029
V0426,V0516,4,40,32,0.512,7.812,0.001463561307229272,2.835,WATER_INFRASTRUCTURE,0.792,KA-CENTRAL,0.792,0.792,0.644,5.029
V0123,V0284,3,45,20,0.36,8.333,0.005016781019859728,2.3,BUILDING_CONSTRUCTION,1.0,KA-NORTH,0.704,0.881,0.603,5.028
V0019,V0426,3,23,40,0.368,8.152,0.005384844251757044,2.269,WATER_INFRASTRUCTURE,1.0,KA-CENTRAL,0.632,0.853,0.616,5.024
V0065,V0245,3,26,38,0.395,7.591,0.006620242349184571,2.179,CIVIL_MAINTENANCE,1.0,KA-CENTRAL,0.381,0.752,0.661,5.021
V0041,V0113,6,39,46,0.718,8.361,5.7400414979791394e-05,4.241,LAB_EQUIPMENT,1.0,KA-NORTH,0.721,0.888,0.6,5.019
V0064,V0091,8,40,74,1.184,6.757,1.4443350561940662e-05,4.84,ROAD_CONSTRUCTION,0.554,KA-NORTH,0.6,0.572,0.742,5.017
V0082,V0122,3,32,36,0.461,6.51,0.01021470456987748,1.991,BUILDING_CONSTRUCTION,0.55,KA-CENTRAL,0.45,0.51,0.77,5.016
V0187,V0402,3,34,29,0.394,7.606,0.0065979872432765175,2.181,CIVIL_MAINTENANCE,1.0,AP-SOUTH,0.394,0.758,0.659,5.013
V0034,V0302,4,53,24,0.509,7.862,0.0013977815111480688,2.855,ELECTRICAL_EQUIPMENT,1.0,KA-NORTH,0.516,0.806,0.637,5.009
V0228,V0294,3,34,32,0.435,6.893,0.0087105809307619,2.06,CIVIL_MAINTENANCE,0.609,KA-CENTRAL,0.609,0.609,0.726,5.005
V0215,V0338,6,51,45,0.918,6.536,0.00023695687198532655,3.625,ELECTRICAL_EQUIPMENT,0.605,KA-SOUTH,0.395,0.521,0.766,5.004
V0349,V0394,4,29,41,0.476,8.41,0.0011000555709364049,2.959,ELECTRICAL_EQUIPMENT,1.0,AP-SOUTH,0.75,0.9,0.595,5.004
V0043,V0487,3,51,18,0.367,8.17,0.005259865645743661,2.279,ROAD_CONSTRUCTION,1.0,KA-CENTRAL,0.654,0.862,0.612,5.003
V0215,V0308,6,51,41,0.836,7.174,0.00013922375276034535,3.856,IT_SERVICES,0.682,KA-CENTRAL,0.659,0.673,0.697,5.002
V0019,V0320,3,23,40,0.368,8.152,0.005384844251757044,2.269,WATER_INFRASTRUCTURE,1.0,KA-SOUTH,0.647,0.859,0.614,5.001
V0219,V0244,7,45,50,0.9,7.778,2.115506012421507e-05,4.675,FURNITURE,1.0,KA-SOUTH,0.484,0.794,0.643,5.0
V0368,V0387,5,50,35,0.7,7.143,0.0005391418992003001,3.268,ROAD_CONSTRUCTION,0.769,KA-CENTRAL,0.513,0.667,0.7,5.0
V0014,V0352,5,46,38,0.699,7.151,0.0005388184949986608,3.269,FURNITURE,0.707,KA-SOUTH,0.61,0.668,0.699,5.0
V0187,V0483,5,34,55,0.748,6.684,0.0007336245079639726,3.135,WATER_INFRASTRUCTURE,0.608,KA-NORTH,0.49,0.561,0.748,4.997
V0188,V0301,5,43,36,0.619,8.075,0.0003013888356258895,3.521,BUILDING_CONSTRUCTION,1.0,KA-NORTH,0.618,0.847,0.619,4.997
V0319,V0523,3,34,34,0.462,6.488,0.01031603623871547,1.986,FURNITURE,0.556,TN-NORTH,0.444,0.511,0.77,4.996
V0066,V0254,7,53,43,0.912,7.679,2.3001012840690044e-05,4.638,FURNITURE,0.824,KA-SOUTH,0.706,0.776,0.651,4.996
V0126,V0304,4,30,44,0.528,7.576,0.0016397616936348594,2.785,WATER_INFRASTRUCTURE,0.757,KA-SOUTH,0.757,0.757,0.659,4.996
V0024,V0187,5,47,34,0.639,7.822,0.000349737879165592,3.456,CIVIL_MAINTENANCE,1.0,KA-NORTH,0.511,0.804,0.638,4.99
V0027,V0414,3,32,31,0.397,7.56,0.006715624329908956,2.173,ELECTRICAL_EQUIPMENT,0.778,KA-NORTH,0.722,0.756,0.66,4.99
V0254,V0370,5,43,37,0.636,7.857,0.0003440641990426589,3.463,FURNITURE,0.778,KA-BENGALURU,0.861,0.811,0.635,4.989
V0259,V0291,4,39,38,0.593,6.748,0.002550573878655151,2.593,IT_SERVICES,0.567,KA-BENGALURU,0.6,0.58,0.739,4.987
V0133,V0410,3,37,30,0.444,6.757,0.009205507533659053,2.036,WATER_INFRASTRUCTURE,0.565,KA-NORTH,0.609,0.583,0.738,4.985
V0130,V0161,3,27,34,0.367,8.17,0.0053805644381158335,2.269,CIVIL_MAINTENANCE,1.0,KA-SOUTH,0.667,0.867,0.61,4.984
V0212,V0478,4,42,30,0.504,7.937,0.0013748095184906773,2.862,WATER_INFRASTRUCTURE,1.0,KA-NORTH,0.567,0.827,0.628,4.984
V0224,V0386,3,42,22,0.37,8.117,0.0054389515942154625,2.264,ROAD_CONSTRUCTION,1.0,KA-SOUTH,0.645,0.858,0.614,4.983
V0291,V0396,5,38,51,0.775,6.45,0.0008735924591005435,3.059,IT_SERVICES,0.588,KA-CENTRAL,0.382,0.506,0.772,4.982
V0040,V0392,3,35,33,0.462,6.494,0.010290648775606825,1.988,IT_SERVICES,0.591,AP-SOUTH,0.409,0.518,0.767,4.98
V0066,V0280,5,53,36,0.763,6.551,0.0008095979147856984,3.092,BUILDING_CONSTRUCTION,0.533,KA-CENTRAL,0.533,0.533,0.76,4.979
V0391,V0464,3,29,33,0.383,7.837,0.006062835060852044,2.217,ROAD_CONSTRUCTION,1.0,KA-CENTRAL,0.526,0.811,0.635,4.979
V0198,V0363,3,21,45,0.378,7.937,0.005779780619217766,2.238,BUILDING_CONSTRUCTION,1.0,KA-NORTH,0.571,0.829,0.627,4.978
V0019,V0359,3,23,40,0.368,8.152,0.005384844251757044,2.269,WATER_INFRASTRUCTURE,1.0,KA-SOUTH,0.667,0.867,0.61,4.973
V0367,V0495,3,26,36,0.374,8.013,0.00568098272335477,2.246,ELECTRICAL_EQUIPMENT,1.0,KA-NORTH,0.609,0.843,0.62,4.972
V0054,V0426,4,33,40,0.528,7.576,0.0016463114913041743,2.783,ROAD_CONSTRUCTION,0.607,KA-CENTRAL,1.0,0.764,0.656,4.97
V0390,V0485,3,23,42,0.386,7.764,0.0061822206439926305,2.209,CIVIL_MAINTENANCE,1.0,KA-NORTH,0.5,0.8,0.64,4.969
V0033,V0307,4,25,50,0.5,8.0,0.0013147249453923713,2.881,MEDICAL_SUPPLIES,1.0,KA-CENTRAL,0.607,0.843,0.621,4.966
V0127,V0274,4,43,37,0.636,6.285,0.0033192366796717474,2.479,BUILDING_CONSTRUCTION,0.515,KA-NORTH,0.394,0.467,0.79,4.965
V0309,V0411,3,56,17,0.381,7.878,0.005795425968519856,2.237,BUILDING_CONSTRUCTION,1.0,KA-CENTRAL,0.556,0.822,0.63,4.963
V0322,V0327,6,40,51,0.816,7.353,0.00012071649769369862,3.918,FURNITURE,0.837,KA-NORTH,0.551,0.722,0.675,4.963
V0059,V0468,3,32,26,0.333,9.014,0.004056855125406789,2.392,BUILDING_CONSTRUCTION,1.0,KA-CENTRAL,1.0,1.0,0.55,4.958
V0488,V0532,3,36,29,0.418,7.184,0.007750999122334535,2.111,VEHICLE_SUPPLIES,0.778,KA-SOUTH,0.556,0.689,0.69,4.957
V0258,V0291,4,37,38,0.562,7.112,0.0020931711202438158,2.679,IT_SERVICES,0.767,KA-NORTH,0.533,0.673,0.697,4.957
V0120,V0426,5,44,40,0.704,7.102,0.0005573854337474265,3.254,ROAD_CONSTRUCTION,0.595,KA-CENTRAL,0.786,0.671,0.698,4.956
V0391,V0455,4,29,43,0.499,8.019,0.0013191731281456778,2.88,CIVIL_MAINTENANCE,1.0,KA-SOUTH,0.625,0.85,0.617,4.952
V0038,V0276,3,25,41,0.41,7.317,0.007331681347936946,2.135,FURNITURE,0.773,KA-CENTRAL,0.636,0.718,0.677,4.952
V0115,V0419,3,16,56,0.358,8.371,0.004849102153428105,2.314,VEHICLE_SUPPLIES,1.0,KA-NORTH,0.769,0.908,0.592,4.952
V0081,V0133,3,25,37,0.37,8.108,0.005486880885000402,2.261,ROAD_CONSTRUCTION,1.0,KA-NORTH,0.667,0.867,0.61,4.946
V0293,V0383,4,41,36,0.59,6.775,0.0025108194109884395,2.6,ELECTRICAL_EQUIPMENT,0.76,KA-NORTH,0.36,0.6,0.73,4.946
V0035,V0344,3,24,38,0.365,8.224,0.00526269275508416,2.279,IT_SERVICES,1.0,KA-SOUTH,0.714,0.886,0.601,4.946
V0402,V0533,3,29,37,0.429,6.99,0.008369540213817125,2.077,VEHICLE_SUPPLIES,0.607,KA-CENTRAL,0.714,0.65,0.708,4.945
V0472,V0532,3,37,29,0.429,6.99,0.008369540213817125,2.077,VEHICLE_SUPPLIES,0.65,KA-SOUTH,0.65,0.65,0.708,4.945
V0219,V0322,5,45,40,0.72,6.944,0.0006197335636830214,3.208,FURNITURE,0.7,KA-SOUTH,0.55,0.64,0.712,4.944
V0043,V0130,4,51,27,0.551,7.262,0.0019075142848383807,2.72,ROAD_CONSTRUCTION,0.8,KA-NORTH,0.575,0.71,0.68,4.942
V0132,V0219,8,58,45,1.044,7.663,5.6647484183068684e-06,5.247,FURNITURE,0.883,KA-CENTRAL,0.65,0.79,0.645,4.939
V0072,V0357,3,58,17,0.394,7.606,0.006396858433811262,2.194,ROAD_CONSTRUCTION,1.0,KA-SOUTH,0.448,0.779,0.649,4.939
V0169,V0489,3,35,27,0.378,7.937,0.005842812712001607,2.233,CIVIL_MAINTENANCE,1.0,KA-CENTRAL,0.6,0.84,0.622,4.937
V0228,V0391,3,34,29,0.394,7.606,0.0065979872432765175,2.181,CIVIL_MAINTENANCE,1.0,KA-NORTH,0.45,0.78,0.649,4.936
V0029,V0062,4,33,40,0.528,7.576,0.0016463114913041743,2.783,ELECTRICAL_EQUIPMENT,1.0,KA-SOUTH,0.438,0.775,0.651,4.934
V0310,V0327,5,35,51,0.714,7.003,0.0005917458167795039,3.228,FURNITURE,0.718,KA-BENGALURU,0.564,0.656,0.705,4.934
V0129,V0367,4,47,26,0.489,8.183,0.0012112179885953342,2.917,ELECTRICAL_EQUIPMENT,1.0,KA-SOUTH,0.71,0.884,0.602,4.928
V0065,V0091,6,26,74,0.77,7.796,7.891314111237102e-05,4.103,CIVIL_MAINTENANCE,1.0,KA-NORTH,0.544,0.818,0.632,4.928
V0129,V0214,3,47,20,0.376,7.979,0.005674405451699682,2.246,IT_SERVICES,1.0,KA-SOUTH,0.625,0.85,0.617,4.927
V0176,V0309,3,17,56,0.381,7.878,0.005795425968519856,2.237,BUILDING_CONSTRUCTION,1.0,KA-NORTH,0.583,0.833,0.625,4.924
V0289,V0387,3,27,35,0.378,7.937,0.005842812712001607,2.233,WATER_INFRASTRUCTURE,1.0,KA-NORTH,0.609,0.843,0.62,4.924
V0123,V0254,5,45,43,0.774,6.46,0.000870844355179657,3.06,BUILDING_CONSTRUCTION,0.594,KA-SOUTH,0.438,0.531,0.761,4.916
V0438,V0455,5,44,43,0.757,6.607,0.0007840144694381874,3.106,WATER_INFRASTRUCTURE,0.538,KA-SOUTH,0.615,0.569,0.744,4.915
V0187,V0289,3,34,27,0.367,8.17,0.0053805644381158335,2.269,WATER_INFRASTRUCTURE,1.0,KA-NORTH,0.714,0.886,0.601,4.914
V0011,V0513,6,40,55,0.88,6.818,0.00018535690342822943,3.732,ELECTRICAL_EQUIPMENT,0.729,KA-CENTRAL,0.458,0.621,0.721,4.913
V0303,V0533,3,27,37,0.4,7.508,0.0068373439141937295,2.165,CIVIL_MAINTENANCE,1.0,KA-CENTRAL,0.421,0.768,0.654,4.912
V0035,V0215,4,24,51,0.49,8.17,0.0012083603530090837,2.918,IT_SERVICES,1.0,KA-CENTRAL,0.719,0.888,0.601,4.907
V0251,V0547,3,19,48,0.365,8.224,0.005187989526345451,2.285,WATER_INFRASTRUCTURE,1.0,KA-NORTH,0.741,0.896,0.597,4.907
V0280,V0379,6,36,53,0.763,7.862,8.139757316887905e-05,4.089,FURNITURE,0.725,KA-SOUTH,1.0,0.835,0.624,4.907
V0367,V0383,3,26,36,0.374,8.013,0.00568098272335477,2.246,ELECTRICAL_EQUIPMENT,1.0,KA-NORTH,0.654,0.862,0.612,4.906
V0320,V0345,3,40,27,0.432,6.944,0.00850862676892116,2.07,WATER_INFRASTRUCTURE,0.652,KA-SOUTH,0.652,0.652,0.707,4.906
V0054,V0525,4,33,41,0.541,7.391,0.001807383431724312,2.743,WATER_INFRASTRUCTURE,0.735,KA-CENTRAL,0.765,0.747,0.664,4.906
V0142,V0402,3,29,29,0.336,8.918,0.004188943367667827,2.378,VEHICLE_SUPPLIES,1.0,KA-BENGALURU,1.0,1.0,0.55,4.905
V0310,V0362,3,35,26,0.364,8.242,0.005243601986594121,2.28,BUILDING_CONSTRUCTION,1.0,KA-NORTH,0.75,0.9,0.595,4.904
V0132,V0319,6,58,34,0.789,7.606,9.750551127477693e-05,4.011,FURNITURE,1.0,KA-CENTRAL,0.475,0.79,0.644,4.902
V0078,V0410,3,36,30,0.432,6.944,0.008527696193246679,2.069,ROAD_CONSTRUCTION,0.722,AP-SOUTH,0.556,0.656,0.705,4.896
V0123,V0309,7,45,56,1.008,6.944,4.5296089357084925e-05,4.344,FURNITURE,0.537,KA-NORTH,0.833,0.656,0.705,4.896
V0133,V0387,4,37,35,0.518,7.722,0.0015326833501430335,2.815,ROAD_CONSTRUCTION,0.857,KA-NORTH,0.75,0.814,0.634,4.892
V0271,V0547,3,24,48,0.461,6.51,0.010131471082750707,1.994,ROAD_CONSTRUCTION,0.647,KA-SOUTH,0.412,0.553,0.751,4.89
V0244,V0276,6,50,41,0.82,7.317,0.0001243453712361784,3.905,FURNITURE,0.8,KA-CENTRAL,0.644,0.738,0.668,4.888
V0245,V0512,4,38,34,0.517,7.74,0.0015186813919419511,2.819,CIVIL_MAINTENANCE,1.0,KA-CENTRAL,0.548,0.819,0.631,4.886
V0291,V0405,3,38,25,0.38,7.895,0.00591801190407009,2.228,ELECTRICAL_EQUIPMENT,1.0,AP-SOUTH,0.619,0.848,0.619,4.884
V0169,V0326,3,35,27,0.378,7.937,0.005842812712001607,2.233,VEHICLE_SUPPLIES,1.0,KA-SOUTH,0.64,0.856,0.615,4.88
V0338,V0502,7,45,53,0.954,7.338,3.135081819747168e-05,4.504,ELECTRICAL_EQUIPMENT,0.655,KA-NORTH,0.879,0.745,0.665,4.879
V0175,V0454,3,22,43,0.378,7.928,0.005813609996442439,2.236,IT_SERVICES,1.0,KA-SOUTH,0.636,0.855,0.615,4.879
V0047,V0209,6,55,36,0.792,7.576,0.00010066475297302427,3.997,ELECTRICAL_EQUIPMENT,1.0,KA-SOUTH,0.479,0.792,0.644,4.877
V0129,V0539,3,47,18,0.338,8.865,0.004170160661999178,2.38,IT_SERVICES,1.0,KA-SOUTH,1.0,1.0,0.55,4.876
V0340,V0418,3,47,18,0.338,8.865,0.004170160661999178,2.38,WATER_INFRASTRUCTURE,1.0,KA-NORTH,1.0,1.0,0.55,4.876
V0014,V0127,6,46,43,0.791,7.583,0.0001014714409091142,3.994,FURNITURE,0.75,KA-NORTH,0.861,0.794,0.642,4.872
V0339,V0531,3,22,43,0.378,7.928,0.005813609996442439,2.236,ROAD_CONSTRUCTION,1.0,KA-SOUTH,0.643,0.857,0.614,4.87
V0011,V0291,4,40,38,0.608,6.579,0.002803255535523356,2.552,ELECTRICAL_EQUIPMENT,0.69,KA-BENGALURU,0.414,0.579,0.739,4.864
V0066,V0195,7,53,42,0.89,7.862,1.9573539596786026e-05,4.708,FURNITURE,0.881,KA-SOUTH,0.797,0.847,0.619,4.864
V0178,V0241,5,49,34,0.666,7.503,0.000426371473119894,3.37,ELECTRICAL_EQUIPMENT,1.0,KA-NORTH,0.455,0.782,0.648,4.863
V0035,V0144,5,24,68,0.653,7.659,0.0003653186622720899,3.437,IT_SERVICES,1.0,KA-NORTH,0.529,0.812,0.635,4.861
V0182,V0212,4,35,42,0.588,6.803,0.0024714915787468496,2.607,CIVIL_MAINTENANCE,0.621,KA-CENTRAL,0.655,0.634,0.714,4.861
V0078,V0517,3,36,28,0.403,7.44,0.007018079283008273,2.154,WATER_INFRASTRUCTURE,0.619,KA-SOUTH,1.0,0.771,0.653,4.857
V0172,V0376,4,48,27,0.518,7.716,0.001518596304135712,2.819,ROAD_CONSTRUCTION,1.0,KA-CENTRAL,0.559,0.824,0.629,4.857
V0010,V0460,12,96,42,1.613,7.44,2.1994754663328032e-08,7.658,LAB_EQUIPMENT,1.0,KA-CENTRAL,0.43,0.772,0.653,4.855
V0276,V0310,4,41,35,0.574,6.969,0.0022584590689805678,2.646,FURNITURE,0.778,KA-SOUTH,0.519,0.674,0.697,4.855
V0280,V0352,4,36,38,0.547,7.31,0.001887349330180352,2.724,FURNITURE,0.735,KA-SOUTH,0.765,0.747,0.664,4.853
V0082,V0309,5,32,56,0.717,6.975,0.0005973998332470508,3.224,FURNITURE,0.762,KA-CENTRAL,0.548,0.676,0.696,4.853
V0289,V0320,3,27,40,0.432,6.944,0.00850862676892116,2.07,ROAD_CONSTRUCTION,0.652,KA-SOUTH,0.696,0.67,0.699,4.852
V0304,V0313,4,44,28,0.493,8.117,0.0012569490809126427,2.901,WATER_INFRASTRUCTURE,1.0,KA-CENTRAL,0.735,0.894,0.598,4.851
V0087,V0223,3,22,45,0.396,7.576,0.006608808251249919,2.18,IT_SERVICES,1.0,KA-CENTRAL,0.5,0.8,0.64,4.849
V0054,V0126,3,33,30,0.396,7.576,0.006676274415968079,2.175,WATER_INFRASTRUCTURE,1.0,KA-BENGALURU,0.5,0.8,0.64,4.849
V0396,V0494,5,51,29,0.592,8.452,0.0002374665244289165,3.624,IT_SERVICES,1.0,KA-CENTRAL,0.871,0.948,0.573,4.845
V0014,V0093,4,46,34,0.626,6.394,0.0031085308812513054,2.507,FURNITURE,0.704,TN-NORTH,0.296,0.541,0.757,4.838
V0386,V0531,3,22,43,0.378,7.928,0.005813609996442439,2.236,ROAD_CONSTRUCTION,1.0,KA-NORTH,0.667,0.867,0.61,4.836
V0016,V0138,3,50,18,0.36,8.333,0.004972871460657358,2.303,BUILDING_CONSTRUCTION,1.0,KA-SOUTH,0.833,0.933,0.58,4.833
V0042,V0273,3,49,22,0.431,6.957,0.00838722215212284,2.076,ROAD_CONSTRUCTION,0.679,KA-NORTH,0.679,0.679,0.695,4.833
V0072,V0194,3,58,16,0.371,8.082,0.00535551186732512,2.271,ROAD_CONSTRUCTION,1.0,KA-CENTRAL,0.733,0.893,0.598,4.833
V0044,V0371,3,34,31,0.422,7.116,0.007967452439316337,2.099,ROAD_CONSTRUCTION,0.696,KA-SOUTH,0.739,0.713,0.679,4.833
V0478,V0537,3,30,32,0.384,7.812,0.0061186022749535,2.213,WATER_INFRASTRUCTURE,1.0,KA-NORTH,0.619,0.848,0.619,4.832
V0025,V0181,3,61,14,0.342,8.782,0.0041548195440265796,2.381,IT_SERVICES,1.0,KA-CENTRAL,1.0,1.0,0.55,4.83
V0215,V0392,4,51,33,0.673,5.942,0.004063700311203153,2.391,ELECTRICAL_EQUIPMENT,0.5,KA-SOUTH,0.292,0.417,0.812,4.828
V0132,V0244,8,58,50,1.16,6.897,1.2889801267366701e-05,4.89,FURNITURE,0.87,KA-CENTRAL,0.362,0.667,0.7,4.828
V0363,V0548,3,45,19,0.342,8.772,0.004318251444073366,2.365,BUILDING_CONSTRUCTION,1.0,KA-CENTRAL,1.0,1.0,0.55,4.825
V0071,V0191,3,47,22,0.414,7.253,0.007466274090267647,2.127,ROAD_CONSTRUCTION,1.0,KA-BENGALURU,0.36,0.744,0.665,4.825
V0135,V0281,3,24,40,0.384,7.812,0.0060863406985948295,2.216,BUILDING_CONSTRUCTION,1.0,KA-CENTRAL,0.625,0.85,0.617,4.824
V0199,V0344,3,27,38,0.41,7.31,0.007370229573761667,2.133,ELECTRICAL_EQUIPMENT,1.0,KA-CENTRAL,0.393,0.757,0.659,4.819
V0419,V0533,6,56,37,0.829,7.239,0.0001308848114175153,3.883,CIVIL_MAINTENANCE,0.694,KA-CENTRAL,0.816,0.743,0.666,4.819
V0073,V0339,3,44,22,0.387,7.748,0.006203505853367533,2.207,ROAD_CONSTRUCTION,1.0,KA-SOUTH,0.6,0.84,0.622,4.819
V0326,V0488,3,27,36,0.389,7.716,0.006328302677942122,2.199,VEHICLE_SUPPLIES,1.0,KA-SOUTH,0.588,0.835,0.624,4.816
V0327,V0473,3,51,19,0.388,7.74,0.006156968188337919,2.211,FURNITURE,1.0,KA-BENGALURU,0.6,0.84,0.622,4.814
V0144,V0539,4,68,18,0.49,8.17,0.001149455915960935,2.94,IT_SERVICES,1.0,KA-SOUTH,0.783,0.913,0.589,4.813
V0003,V0533,4,40,37,0.592,6.757,0.002537274844083141,2.596,CIVIL_MAINTENANCE,0.743,KA-SOUTH,0.486,0.64,0.712,4.811
V0219,V0352,5,45,38,0.684,7.31,0.0004856042593699027,3.314,FURNITURE,1.0,KA-NORTH,0.4,0.76,0.658,4.81
V0258,V0454,4,37,43,0.636,6.285,0.0033192366796717474,2.479,ELECTRICAL_EQUIPMENT,0.522,KA-CENTRAL,0.522,0.522,0.765,4.809
V0220,V0342,4,37,39,0.577,6.93,0.0023078377297178067,2.637,WATER_INFRASTRUCTURE,0.76,KA-CENTRAL,0.56,0.68,0.694,4.809
V0146,V0178,3,19,49,0.372,8.056,0.005499798334725967,2.26,IT_SERVICES,1.0,KA-NORTH,0.739,0.896,0.597,4.809
V0332,V0483,9,51,55,1.122,8.021,9.209533097835221e-07,6.036,WATER_INFRASTRUCTURE,0.901,KA-CENTRAL,0.873,0.89,0.599,4.808
V0258,V0338,5,37,45,0.666,7.508,0.00042740660967616705,3.369,IT_SERVICES,0.667,KA-NORTH,1.0,0.8,0.64,4.805
V0313,V0421,4,28,46,0.515,7.764,0.0014878173755306407,2.827,WATER_INFRASTRUCTURE,1.0,KA-CENTRAL,0.618,0.847,0.619,4.805
V0019,V0525,3,23,41,0.377,7.953,0.005775192354828943,2.238,WATER_INFRASTRUCTURE,1.0,KA-SOUTH,0.7,0.88,0.604,4.804
V0073,V0517,4,44,28,0.493,8.117,0.0012569490809126427,2.901,ROAD_CONSTRUCTION,1.0,KA-CENTRAL,0.767,0.907,0.592,4.804
V0392,V0403,3,33,34,0.449,6.684,0.009493294764863613,2.023,ELECTRICAL_EQUIPMENT,0.783,AP-SOUTH,0.391,0.626,0.718,4.801
V0332,V0429,4,51,26,0.53,7.541,0.0016495852053504795,2.783,WATER_INFRASTRUCTURE,1.0,KA-NORTH,0.52,0.808,0.636,4.799
V0010,V0431,7,96,23,0.883,7.926,1.465420615206034e-05,4.834,MEDICAL_SUPPLIES,1.0,KA-SOUTH,0.692,0.877,0.605,4.798
V0117,V0298,3,20,43,0.344,8.721,0.004407911998541155,2.356,BUILDING_CONSTRUCTION,1.0,KA-NORTH,1.0,1.0,0.55,4.797
V0188,V0284,3,43,20,0.344,8.721,0.004407911998541155,2.356,BUILDING_CONSTRUCTION,1.0,KA-NORTH,1.0,1.0,0.55,4.797
V0153,V0415,3,36,29,0.418,7.184,0.007750999122334535,2.111,WATER_INFRASTRUCTURE,0.769,KA-SOUTH,0.692,0.738,0.668,4.797
V0114,V0387,3,31,35,0.434,6.912,0.00864173192933045,2.063,WATER_INFRASTRUCTURE,0.6,KA-NORTH,0.8,0.68,0.694,4.797
V0308,V0459,3,41,21,0.344,8.711,0.00443692284743662,2.353,IT_SERVICES,1.0,KA-CENTRAL,1.0,1.0,0.55,4.791
V0346,V0476,3,41,21,0.344,8.711,0.00443692284743662,2.353,ROAD_CONSTRUCTION,1.0,KA-SOUTH,1.0,1.0,0.55,4.791
V0016,V0281,5,50,40,0.8,6.25,0.0010134193891437183,2.994,BUILDING_CONSTRUCTION,0.531,TN-NORTH,0.5,0.519,0.767,4.791
V0215,V0369,3,51,19,0.388,7.74,0.006156968188337919,2.211,IT_SERVICES,1.0,KA-SOUTH,0.619,0.848,0.619,4.788
V0455,V0489,3,43,27,0.464,6.46,0.01040147898286948,1.983,CIVIL_MAINTENANCE,0.708,AP-SOUTH,0.375,0.575,0.741,4.788
V0220,V0517,3,37,28,0.414,7.239,0.007580367097097961,2.12,ROAD_CONSTRUCTION,1.0,KA-BENGALURU,0.381,0.752,0.661,4.788
V0241,V0414,3,34,31,0.422,7.116,0.007967452439316337,2.099,ELECTRICAL_EQUIPMENT,0.727,KA-NORTH,0.727,0.727,0.673,4.787
V0292,V0504,3,27,41,0.443,6.775,0.00911464564506936,2.04,BUILDING_CONSTRUCTION,0.652,KA-SOUTH,0.652,0.652,0.707,4.787
V0123,V0244,6,45,50,0.9,6.667,0.00021192568905464528,3.674,FURNITURE,0.767,KA-NORTH,0.419,0.628,0.717,4.783
V0003,V0245,4,40,38,0.608,6.579,0.002803255535523356,2.552,VEHICLE_SUPPLIES,0.667,KA-CENTRAL,0.519,0.607,0.727,4.781
V0195,V0292,3,42,27,0.454,6.614,0.009745524306399857,2.011,FURNITURE,0.5,KA-SOUTH,0.792,0.617,0.722,4.779
V0042,V0353,3,49,19,0.372,8.056,0.005499798334725967,2.26,ROAD_CONSTRUCTION,1.0,KA-NORTH,0.76,0.904,0.593,4.779
V0086,V0396,3,20,51,0.408,7.353,0.007140214015127518,2.146,IT_SERVICES,1.0,KA-CENTRAL,0.444,0.778,0.65,4.779
V0161,V0294,3,34,32,0.435,6.893,0.0087105809307619,2.06,VEHICLE_SUPPLIES,0.667,KA-CENTRAL,0.708,0.683,0.692,4.773
V0187,V0313,3,34,28,0.381,7.878,0.005970567443192651,2.224,WATER_INFRASTRUCTURE,1.0,KA-CENTRAL,0.69,0.876,0.606,4.773
V0066,V0107,3,53,19,0.403,7.448,0.006859609356485698,2.164,BUILDING_CONSTRUCTION,1.0,KA-SOUTH,0.5,0.8,0.64,4.767
V0001,V0053,8,62,44,1.091,7.331,7.940190496289867e-06,5.1,CIVIL_MAINTENANCE,1.0,KA-NORTH,0.443,0.777,0.65,4.767
V0199,V0370,3,27,37,0.4,7.508,0.0068373439141937295,2.165,BUILDING_CONSTRUCTION,1.0,TN-NORTH,0.529,0.812,0.635,4.765
V0062,V0302,3,40,24,0.384,7.812,0.0060863406985948295,2.216,ELECTRICAL_EQUIPMENT,1.0,KA-CENTRAL,0.667,0.867,0.61,4.765
V0247,V0489,3,41,27,0.443,6.775,0.00911464564506936,2.04,WATER_INFRASTRUCTURE,0.8,KA-CENTRAL,0.45,0.66,0.703,4.763
V0153,V0381,4,36,41,0.59,6.775,0.0025108194109884395,2.6,WATER_INFRASTRUCTURE,0.758,KA-NORTH,0.515,0.661,0.703,4.761
V0276,V0379,7,41,53,0.869,8.053,1.65796770404548e-05,4.78,FURNITURE,1.0,KA-SOUTH,0.776,0.91,0.59,4.755
V0483,V0489,4,55,27,0.594,6.734,0.002527376128266028,2.597,WATER_INFRASTRUCTURE,0.731,KA-NORTH,0.538,0.654,0.706,4.753
V0220,V0387,4,37,35,0.518,7.722,0.0015326833501430335,2.815,ROAD_CONSTRUCTION,0.759,KA-NORTH,1.0,0.855,0.615,4.75
V0359,V0366,3,40,30,0.48,6.25,0.011425345092657488,1.942,WATER_INFRASTRUCTURE,0.667,KA-NORTH,0.333,0.533,0.76,4.75
V0121,V0299,3,43,22,0.378,7.928,0.005813609996442439,2.236,ROAD_CONSTRUCTION,1.0,KA-NORTH,0.727,0.891,0.599,4.75
V0178,V0293,6,49,41,0.804,7.466,0.00011076076201846068,3.956,IT_SERVICES,0.818,KA-NORTH,0.795,0.809,0.636,4.748
V0178,V0259,5,49,39,0.764,6.541,0.0008194947817714493,3.086,ELECTRICAL_EQUIPMENT,0.628,KA-NORTH,0.581,0.609,0.726,4.748
V0438,V0517,4,44,28,0.493,8.117,0.0012569490809126427,2.901,WATER_INFRASTRUCTURE,1.0,KA-SOUTH,0.806,0.923,0.585,4.747
V0342,V0346,4,39,41,0.64,6.254,0.003383482425301486,2.471,WATER_INFRASTRUCTURE,0.68,KA-CENTRAL,0.32,0.536,0.759,4.746
V0153,V0371,3,36,31,0.446,6.72,0.009348753493049838,2.029,WATER_INFRASTRUCTURE,0.654,KA-NORTH,0.654,0.654,0.706,4.743
V0220,V0426,4,37,40,0.592,6.757,0.002537274844083141,2.596,WATER_INFRASTRUCTURE,0.75,KA-SOUTH,0.531,0.662,0.702,4.743
V0041,V0184,7,39,63,0.983,7.123,3.753631477642632e-05,4.426,LAB_EQUIPMENT,1.0,KA-CENTRAL,0.364,0.745,0.665,4.734
V0040,V0424,4,35,40,0.56,7.143,0.0020584933863191275,2.686,ELECTRICAL_EQUIPMENT,1.0,AP-SOUTH,0.375,0.75,0.662,4.732
V0011,V0129,5,40,47,0.752,6.649,0.0007600147365714453,3.119,ELECTRICAL_EQUIPMENT,0.559,KA-SOUTH,0.765,0.641,0.711,4.731
V0424,V0484,3,40,26,0.416,7.212,0.007647308205667284,2.116,CIVIL_MAINTENANCE,1.0,TN-NORTH,0.414,0.766,0.656,4.728
V0071,V0299,3,47,22,0.414,7.253,0.007466274090267647,2.127,ROAD_CONSTRUCTION,1.0,KA-SOUTH,0.435,0.774,0.652,4.727
V0313,V0483,5,28,55,0.616,8.117,0.0002865393870810805,3.543,WATER_INFRASTRUCTURE,1.0,KA-CENTRAL,0.82,0.928,0.582,4.727
V0342,V0510,3,39,30,0.468,6.41,0.010654052361470982,1.972,WATER_INFRASTRUCTURE,0.692,KA-NORTH,0.423,0.585,0.737,4.724
V0126,V0275,4,30,46,0.552,7.246,0.0019384761496365561,2.713,CIVIL_MAINTENANCE,1.0,KA-CENTRAL,0.433,0.773,0.652,4.724
V0297,V0359,5,39,40,0.624,8.013,0.0003133867314524133,3.504,WATER_INFRASTRUCTURE,0.854,KA-NORTH,1.0,0.912,0.59,4.724
V0063,V0513,5,30,55,0.66,7.576,0.00040177514117280976,3.396,ELECTRICAL_EQUIPMENT,1.0,KA-CENTRAL,0.595,0.838,0.623,4.72
V0251,V0421,3,19,46,0.35,8.581,0.004597339038616455,2.337,WATER_INFRASTRUCTURE,1.0,KA-SOUTH,1.0,1.0,0.55,4.72
V0199,V0269,3,27,39,0.421,7.123,0.007927236738724794,2.101,BUILDING_CONSTRUCTION,1.0,KA-NORTH,0.375,0.75,0.662,4.719
V0003,V0453,4,40,32,0.512,7.812,0.001463561307229272,2.835,VEHICLE_SUPPLIES,1.0,KA-SOUTH,0.7,0.88,0.604,4.718
V0320,V0429,3,40,26,0.416,7.212,0.007647308205667284,2.116,WATER_INFRASTRUCTURE,1.0,KA-SOUTH,0.421,0.768,0.654,4.718
V0077,V0355,3,14,69,0.386,7.764,0.005889661668028192,2.23,MEDICAL_SUPPLIES,1.0,KA-SOUTH,0.682,0.873,0.607,4.715
V0054,V0478,3,33,30,0.396,7.576,0.006676274415968079,2.175,WATER_INFRASTRUCTURE,1.0,KA-CENTRAL,0.6,0.84,0.622,4.712
V0344,V0367,3,38,26,0.395,7.591,0.006620242349184571,2.179,ELECTRICAL_EQUIPMENT,1.0,KA-SOUTH,0.609,0.843,0.62,4.71
V0367,V0424,3,26,40,0.416,7.212,0.007647308205667284,2.116,ELECTRICAL_EQUIPMENT,1.0,KA-BENGALURU,0.429,0.771,0.653,4.708
V0133,V0297,4,37,39,0.577,6.93,0.0023078377297178067,2.637,ROAD_CONSTRUCTION,0.522,KA-NORTH,1.0,0.713,0.679,4.706
V0308,V0344,4,41,38,0.623,6.418,0.003072649382837031,2.512,ELECTRICAL_EQUIPMENT,0.69,KA-CENTRAL,0.448,0.593,0.733,4.705
V0219,V0504,5,45,41,0.738,6.775,0.00069640148768919,3.157,FURNITURE,0.667,KA-SOUTH,0.7,0.68,0.694,4.702
V0123,V0504,5,45,41,0.738,6.775,0.00069640148768919,3.157,BUILDING_CONSTRUCTION,0.543,KA-NORTH,0.886,0.68,0.694,4.702
V0220,V0470,3,37,33,0.488,6.143,0.011999792271143847,1.921,ROAD_CONSTRUCTION,0.609,KA-NORTH,0.391,0.522,0.765,4.701
V0080,V0241,4,39,34,0.53,7.541,0.0016760252489390367,2.776,ELECTRICAL_EQUIPMENT,1.0,KA-SOUTH,0.593,0.837,0.623,4.701
V0119,V0286,4,64,21,0.538,7.44,0.0016858284589467997,2.773,MEDICAL_SUPPLIES,1.0,KA-SOUTH,0.545,0.818,0.632,4.701
V0417,V0454,4,37,43,0.636,6.285,0.0033192366796717474,2.479,IT_SERVICES,0.533,KA-SOUTH,0.6,0.56,0.748,4.701
V0307,V0498,3,50,19,0.38,7.895,0.005822753515606725,2.235,MEDICAL_SUPPLIES,1.0,KA-CENTRAL,0.75,0.9,0.595,4.698
V0293,V0384,5,41,45,0.738,6.775,0.00069640148768919,3.157,ELECTRICAL_EQUIPMENT,0.59,KA-NORTH,0.821,0.682,0.693,4.696
V0013,V0433,3,32,35,0.448,6.696,0.009444970279364024,2.025,ELECTRICAL_EQUIPMENT,0.68,KA-NORTH,0.64,0.664,0.701,4.695
V0349,V0424,3,29,40,0.464,6.466,0.010396954784408817,1.983,ELECTRICAL_EQUIPMENT,0.609,AP-SOUTH,0.609,0.609,0.726,4.695
V0093,V0414,3,34,31,0.422,7.116,0.007967452439316337,2.099,BUILDING_CONSTRUCTION,1.0,KA-CENTRAL,0.391,0.757,0.66,4.693
V0259,V0336,4,39,35,0.546,7.326,0.0018711644810510718,2.728,ELECTRICAL_EQUIPMENT,1.0,KA-CENTRAL,0.5,0.8,0.64,4.689
V0255,V0525,4,33,41,0.541,7.391,0.001807383431724312,2.743,WATER_INFRASTRUCTURE,1.0,KA-SOUTH,0.531,0.812,0.634,4.689
V0073,V0121,5,44,43,0.757,6.607,0.0007840144694381874,3.106,ROAD_CONSTRUCTION,0.725,KA-CENTRAL,0.525,0.645,0.71,4.689
V0403,V0513,5,34,55,0.748,6.684,0.0007336245079639726,3.135,ELECTRICAL_EQUIPMENT,0.683,KA-NORTH,0.634,0.663,0.701,4.689
V0320,V0339,3,40,22,0.352,8.523,0.00473463504514334,2.325,ROAD_CONSTRUCTION,1.0,KA-SOUTH,1.0,1.0,0.55,4.688
V0002,V0281,3,22,40,0.352,8.523,0.00473463504514334,2.325,FURNITURE,1.0,KA-CENTRAL,1.0,1.0,0.55,4.688
V0356,V0368,3,23,50,0.46,6.522,0.010060448038357605,1.997,ROAD_CONSTRUCTION,0.625,KA-CENTRAL,0.625,0.625,0.719,4.688
V0145,V0419,3,18,56,0.403,7.44,0.0068450336152225105,2.165,VEHICLE_SUPPLIES,1.0,KA-CENTRAL,0.556,0.822,0.63,4.687
V0201,V0433,4,38,35,0.532,7.519,0.0016960395291556556,2.771,CIVIL_MAINTENANCE,1.0,KA-SOUTH,0.593,0.837,0.623,4.687
V0053,V0273,3,44,22,0.387,7.748,0.006203505853367533,2.207,CIVIL_MAINTENANCE,1.0,KA-SOUTH,0.696,0.878,0.605,4.686
V0308,V0549,3,41,23,0.377,7.953,0.005775192354828943,2.238,IT_SERVICES,1.0,KA-CENTRAL,0.783,0.913,0.589,4.685
V0276,V0319,4,41,34,0.558,7.174,0.0020242135550057375,2.694,FURNITURE,1.0,KA-NORTH,0.429,0.771,0.653,4.684
V0019,V0455,3,23,43,0.396,7.583,0.006606122888675352,2.18,WATER_INFRASTRUCTURE,1.0,KA-SOUTH,0.625,0.85,0.617,4.683
V0326,V0472,3,27,37,0.4,7.508,0.0068373439141937295,2.165,VEHICLE_SUPPLIES,1.0,KA-SOUTH,0.591,0.836,0.624,4.682
V0007,V0154,3,39,24,0.374,8.013,0.005665442830492159,2.247,BUILDING_CONSTRUCTION,1.0,TN-NORTH,0.81,0.924,0.584,4.682
V0230,V0533,4,41,37,0.607,6.592,0.002781987600209119,2.556,CIVIL_MAINTENANCE,0.719,KA-NORTH,0.531,0.644,0.71,4.682
V0495,V0513,6,36,55,0.792,7.576,0.00010066475297302427,3.997,ELECTRICAL_EQUIPMENT,1.0,KA-NORTH,0.623,0.849,0.618,4.681
V0373,V0438,3,22,44,0.387,7.748,0.006203505853367533,2.207,CIVIL_MAINTENANCE,1.0,TN-NORTH,0.7,0.88,0.604,4.68
V0066,V0242,7,53,41,0.869,8.053,1.65796770404548e-05,4.78,FURNITURE,1.0,KA-SOUTH,0.827,0.931,0.581,4.68
V0297,V0410,3,39,30,0.468,6.41,0.010654052361470982,1.972,WATER_INFRASTRUCTURE,0.684,KA-NORTH,0.474,0.6,0.73,4.679
V0123,V0352,5,45,38,0.684,7.31,0.0004856042593699027,3.314,FURNITURE,1.0,KA-NORTH,0.5,0.8,0.64,4.678
V0465,V0513,3,18,55,0.396,7.576,0.006507659728782373,2.187,IT_SERVICES,1.0,KA-NORTH,0.625,0.85,0.617,4.678
V0383,V0434,4,36,38,0.547,7.31,0.001887349330180352,2.724,ELECTRICAL_EQUIPMENT,1.0,KA-SOUTH,0.5,0.8,0.64,4.678
V0062,V0208,3,40,25,0.4,7.5,0.006840173787376161,2.165,ELECTRICAL_EQUIPMENT,1.0,KA-SOUTH,0.591,0.836,0.624,4.677
V0304,V0400,3,44,24,0.422,7.102,0.007955710795078586,2.099,WATER_INFRASTRUCTURE,1.0,KA-SOUTH,0.4,0.76,0.658,4.673
V0158,V0169,3,34,35,0.476,6.303,0.01117920998440935,1.952,VEHICLE_SUPPLIES,0.708,TN-NORTH,0.375,0.575,0.741,4.672
V0249,V0288,3,37,29,0.429,6.99,0.008369540213817125,2.077,CIVIL_MAINTENANCE,0.737,KA-CENTRAL,0.737,0.737,0.668,4.672
V0154,V0504,3,24,41,0.394,7.622,0.006525608948617259,2.185,BUILDING_CONSTRUCTION,1.0,KA-NORTH,0.654,0.862,0.612,4.667
V0241,V0367,3,34,26,0.354,8.484,0.004827330358750492,2.316,ELECTRICAL_EQUIPMENT,1.0,KA-NORTH,1.0,1.0,0.55,4.666
V0188,V0362,3,43,26,0.447,6.708,0.009356810424047486,2.029,CIVIL_MAINTENANCE,0.692,KA-NORTH,0.654,0.677,0.695,4.665
V0034,V0434,6,53,38,0.806,7.448,0.00011167253952056303,3.952,ELECTRICAL_EQUIPMENT,1.0,KA-CENTRAL,0.576,0.83,0.626,4.665
V0368,V0371,4,50,31,0.62,6.452,0.002993397743186319,2.524,ROAD_CONSTRUCTION,0.538,KA-CENTRAL,0.731,0.615,0.723,4.665
V0346,V0510,3,41,30,0.492,6.098,0.01222832122230094,1.913,ROAD_CONSTRUCTION,0.611,KA-SOUTH,0.389,0.522,0.765,4.665
V0349,V0495,3,29,36,0.418,7.184,0.007750999122334535,2.111,ELECTRICAL_EQUIPMENT,1.0,KA-NORTH,0.45,0.78,0.649,4.662
V0368,V0410,4,50,30,0.6,6.667,0.0026458298642862534,2.577,ROAD_CONSTRUCTION,0.719,KA-NORTH,0.594,0.669,0.699,4.661
V0433,V0485,4,35,42,0.588,6.803,0.0024714915787468496,2.607,ELECTRICAL_EQUIPMENT,0.794,KA-BENGALURU,0.559,0.7,0.685,4.66
V0114,V0478,3,31,30,0.372,8.065,0.005590001735718563,2.253,WATER_INFRASTRUCTURE,1.0,KA-NORTH,0.846,0.938,0.578,4.659
V0119,V0262,5,64,26,0.666,7.512,0.0004078215684840133,3.39,MEDICAL_SUPPLIES,1.0,KA-SOUTH,0.61,0.844,0.62,4.659
V0169,V0419,5,35,56,0.784,6.378,0.0009149170698205222,3.039,CIVIL_MAINTENANCE,0.543,KA-CENTRAL,0.686,0.6,0.73,4.656
V0013,V0317,3,32,35,0.448,6.696,0.009444970279364024,2.025,CIVIL_MAINTENANCE,0.692,KA-NORTH,0.654,0.677,0.695,4.656
V0366,V0381,3,30,41,0.492,6.098,0.01222832122230094,1.913,WATER_INFRASTRUCTURE,0.632,KA-NORTH,0.368,0.526,0.763,4.654
V0152,V0460,3,25,42,0.42,7.143,0.00784377153394702,2.105,IT_SERVICES,1.0,KA-NORTH,0.438,0.775,0.651,4.652
V0464,V0516,3,33,32,0.422,7.102,0.008011165879989604,2.096,ROAD_CONSTRUCTION,1.0,AP-SOUTH,0.421,0.768,0.654,4.646
V0274,V0413,4,37,40,0.592,6.757,0.002537274844083141,2.596,FURNITURE,0.647,KA-NORTH,0.765,0.694,0.688,4.646
V0215,V0513,7,51,55,1.122,6.239,9.253484361985639e-05,4.034,ELECTRICAL_EQUIPMENT,0.592,KA-NORTH,0.531,0.567,0.745,4.646
V0035,V0258,3,24,37,0.355,8.446,0.004877857542126124,2.312,IT_SERVICES,1.0,KA-NORTH,1.0,1.0,0.55,4.645
V0303,V0335,3,27,38,0.41,7.31,0.007370229573761667,2.133,VEHICLE_SUPPLIES,0.684,KA-NORTH,1.0,0.811,0.635,4.644
V0039,V0138,3,56,18,0.403,7.44,0.0068450336152225105,2.165,BUILDING_CONSTRUCTION,1.0,KA-CENTRAL,0.588,0.835,0.624,4.643
V0342,V0385,3,39,28,0.437,6.868,0.008783518695531753,2.056,WATER_INFRASTRUCTURE,0.72,KA-NORTH,0.72,0.72,0.676,4.643
V0220,V0410,3,37,30,0.444,6.757,0.009205507533659053,2.036,WATER_INFRASTRUCTURE,0.696,KA-CENTRAL,0.696,0.696,0.687,4.642
V0066,V0284,3,53,20,0.424,7.075,0.00795035521209001,2.1,BUILDING_CONSTRUCTION,1.0,KA-CENTRAL,0.412,0.765,0.656,4.64
V0242,V0310,4,41,35,0.574,6.969,0.0022584590689805678,2.646,FURNITURE,0.743,KA-SOUTH,0.743,0.743,0.666,4.639
V0013,V0414,3,32,31,0.397,7.56,0.006715624329908956,2.173,ELECTRICAL_EQUIPMENT,1.0,KA-NORTH,0.647,0.859,0.614,4.638
V0373,V0419,3,22,56,0.493,6.088,0.012125542058396757,1.916,VEHICLE_SUPPLIES,0.654,KA-SOUTH,0.346,0.531,0.761,4.634
V0254,V0310,4,43,35,0.602,6.645,0.0026980177919545467,2.569,FURNITURE,0.818,KA-BENGALURU,0.455,0.673,0.697,4.633
V0280,V0413,4,36,40,0.576,6.944,0.002289234720444942,2.64,BUILDING_CONSTRUCTION,0.833,KA-CENTRAL,0.6,0.74,0.667,4.632
V0062,V0405,3,40,25,0.4,7.5,0.006840173787376161,2.165,ELECTRICAL_EQUIPMENT,1.0,KA-SOUTH,0.625,0.85,0.617,4.631
V0054,V0376,3,33,27,0.356,8.418,0.0049412314927374775,2.306,ROAD_CONSTRUCTION,1.0,KA-CENTRAL,1.0,1.0,0.55,4.63
V0011,V0433,4,40,35,0.56,7.143,0.0020584933863191275,2.686,ELECTRICAL_EQUIPMENT,1.0,KA-CENTRAL,0.455,0.782,0.648,4.63
V0093,V0319,3,34,34,0.462,6.488,0.01031603623871547,1.986,FURNITURE,0.636,TN-NORTH,0.636,0.636,0.714,4.63
V0133,V0224,4,37,42,0.622,6.435,0.003042476448915552,2.517,WATER_INFRASTRUCTURE,0.515,KA-BENGALURU,0.788,0.624,0.719,4.627
V0516,V0547,4,32,48,0.614,6.51,0.0028998344263938755,2.538,ROAD_CONSTRUCTION,0.609,KA-CENTRAL,0.696,0.643,0.71,4.625
V0093,V0127,4,34,43,0.585,6.84,0.0024197141585850907,2.616,FURNITURE,0.8,KA-SOUTH,0.6,0.72,0.676,4.624
V0394,V0433,4,41,35,0.574,6.969,0.0022584590689805678,2.646,ELECTRICAL_EQUIPMENT,1.0,KA-BENGALURU,0.37,0.748,0.663,4.623
V0158,V0182,4,34,35,0.476,8.403,0.001108849617980782,2.955,CIVIL_MAINTENANCE,1.0,KA-CENTRAL,1.0,1.0,0.55,4.622
V0063,V0178,4,30,49,0.588,6.803,0.002454581499238026,2.61,ELECTRICAL_EQUIPMENT,1.0,KA-CENTRAL,0.281,0.712,0.679,4.622
V0114,V0297,3,31,39,0.484,6.203,0.011669546899117735,1.933,WATER_INFRASTRUCTURE,0.633,KA-NORTH,0.467,0.567,0.745,4.621
V0381,V0547,5,41,48,0.787,6.352,0.0009412701704513104,3.026,ROAD_CONSTRUCTION,0.633,KA-CENTRAL,0.567,0.607,0.727,4.618
V0195,V0301,4,42,36,0.605,6.614,0.002746786404437979,2.561,FURNITURE,0.786,KA-SOUTH,0.5,0.671,0.698,4.616
V0081,V0525,3,25,41,0.41,7.317,0.007331681347936946,2.135,ROAD_CONSTRUCTION,1.0,KA-NORTH,0.552,0.821,0.631,4.615
V0159,V0342,4,40,39,0.624,6.41,0.003087811970274321,2.51,ROAD_CONSTRUCTION,0.657,KA-SOUTH,0.571,0.623,0.72,4.613
V0307,V0447,3,50,20,0.4,7.5,0.006754627416386499,2.17,MEDICAL_SUPPLIES,1.0,KA-CENTRAL,0.64,0.856,0.615,4.611
V0072,V0081,4,58,25,0.58,6.897,0.0022944547842647348,2.639,ROAD_CONSTRUCTION,1.0,KA-CENTRAL,0.342,0.737,0.668,4.61
V0276,V0292,3,41,27,0.443,6.775,0.00911464564506936,2.04,FURNITURE,0.889,KA-SOUTH,0.444,0.711,0.68,4.607
V0072,V0533,6,58,37,0.858,6.99,0.00015968464537064343,3.797,CIVIL_MAINTENANCE,1.0,KA-NORTH,0.394,0.758,0.659,4.607
V0014,V0059,4,46,32,0.589,6.793,0.002476066804699822,2.606,BUILDING_CONSTRUCTION,1.0,AP-SOUTH,0.29,0.716,0.678,4.604
V0414,V0512,3,31,34,0.422,7.116,0.007967452439316337,2.099,ELECTRICAL_EQUIPMENT,1.0,TN-NORTH,0.462,0.785,0.647,4.604
V0129,V0209,5,47,36,0.677,7.388,0.00046067175857596453,3.337,ELECTRICAL_EQUIPMENT,1.0,KA-SOUTH,0.595,0.838,0.623,4.603
V0224,V0346,5,42,41,0.689,7.259,0.0005027796305086614,3.299,WATER_INFRASTRUCTURE,0.867,KA-SOUTH,0.733,0.813,0.634,4.602
V0201,V0363,5,38,45,0.684,7.31,0.0004856042593699027,3.314,BUILDING_CONSTRUCTION,0.767,KA-SOUTH,0.907,0.823,0.63,4.602
V0082,V0274,3,32,37,0.474,6.334,0.011020125071052154,1.958,FURNITURE,0.64,KA-NORTH,0.56,0.608,0.726,4.601
V0066,V0092,3,53,20,0.424,7.075,0.00795035521209001,2.1,FURNITURE,1.0,KA-SOUTH,0.444,0.778,0.65,4.599
V0184,V0460,7,63,42,1.058,6.614,6.203113513837684e-05,4.207,LAB_EQUIPMENT,0.898,KA-CENTRAL,0.347,0.678,0.695,4.597
V0153,V0359,4,36,40,0.576,6.944,0.002289234720444942,2.64,WATER_INFRASTRUCTURE,0.78,KA-NORTH,0.707,0.751,0.662,4.597
V0400,V0525,3,24,41,0.394,7.622,0.006525608948617259,2.185,WATER_INFRASTRUCTURE,1.0,KA-CENTRAL,0.706,0.882,0.603,4.596
V0289,V0297,3,27,39,0.421,7.123,0.007927236738724794,2.101,WATER_INFRASTRUCTURE,0.647,KA-NORTH,1.0,0.788,0.645,4.596
V0072,V0464,5,58,33,0.766,6.531,0.0008147737281821598,3.089,ROAD_CONSTRUCTION,0.86,AP-SOUTH,0.36,0.66,0.703,4.591
V0342,V0410,3,39,30,0.468,6.41,0.010654052361470982,1.972,ROAD_CONSTRUCTION,0.632,TN-NORTH,0.632,0.632,0.716,4.588
V0298,V0344,5,43,38,0.654,7.65,0.0003911741165191243,3.408,ELECTRICAL_EQUIPMENT,1.0,KA-SOUTH,0.724,0.89,0.6,4.587
V0346,V0421,5,41,46,0.754,6.628,0.0007719451570052481,3.112,ROAD_CONSTRUCTION,0.632,KA-SOUTH,0.763,0.684,0.692,4.587
V0119,V0277,13,64,71,1.818,7.152,1.0697248760733503e-08,7.971,LAB_EQUIPMENT,1.0,KA-CENTRAL,0.495,0.798,0.641,4.584
V0280,V0405,3,36,25,0.36,8.333,0.0050753786263015655,2.295,BUILDING_CONSTRUCTION,1.0,KA-SOUTH,1.0,1.0,0.55,4.583
V0342,V0496,3,39,26,0.406,7.396,0.0071226708337780555,2.147,WATER_INFRASTRUCTURE,1.0,KA-NORTH,0.613,0.845,0.62,4.583
V0275,V0360,3,46,25,0.46,6.522,0.01010197829202629,1.996,VEHICLE_SUPPLIES,0.609,KA-CENTRAL,0.739,0.661,0.703,4.582
V0186,V0201,3,29,38,0.441,6.806,0.009016523934922556,2.045,BUILDING_CONSTRUCTION,0.545,KA-SOUTH,1.0,0.727,0.673,4.579
V0066,V0319,5,53,34,0.721,6.937,0.0006170997749499383,3.21,FURNITURE,1.0,KA-SOUTH,0.39,0.756,0.66,4.577
V0026,V0549,3,44,23,0.405,7.411,0.007047084403536295,2.152,IT_SERVICES,1.0,KA-SOUTH,0.625,0.85,0.617,4.576
V0064,V0081,3,40,25,0.4,7.5,0.006840173787376161,2.165,ROAD_CONSTRUCTION,1.0,KA-NORTH,0.667,0.867,0.61,4.575
V0151,V0195,3,23,42,0.386,7.764,0.0061822206439926305,2.209,FURNITURE,1.0,KA-SOUTH,0.783,0.913,0.589,4.574
V0014,V0219,6,46,45,0.828,7.246,0.00013186189046320536,3.88,FURNITURE,1.0,KA-SOUTH,0.549,0.82,0.631,4.574
V0191,V0346,3,22,41,0.361,8.315,0.005079354431961646,2.294,ROAD_CONSTRUCTION,1.0,KA-SOUTH,1.0,1.0,0.55,4.573
V0002,V0242,3,22,41,0.361,8.315,0.005079354431961646,2.294,FURNITURE,1.0,KA-SOUTH,1.0,1.0,0.55,4.573
V0076,V0242,3,22,41,0.361,8.315,0.005079354431961646,2.294,BUILDING_CONSTRUCTION,1.0,KA-SOUTH,1.0,1.0,0.55,4.573
V0269,V0436,3,39,28,0.437,6.868,0.008783518695531753,2.056,CIVIL_MAINTENANCE,1.0,KA-SOUTH,0.357,0.743,0.666,4.572
V0363,V0451,4,45,31,0.558,7.168,0.002022420275526449,2.694,BUILDING_CONSTRUCTION,1.0,KA-CENTRAL,0.514,0.806,0.637,4.569
V0119,V0343,3,64,16,0.41,7.324,0.007063187377204293,2.151,MEDICAL_SUPPLIES,1.0,KA-CENTRAL,0.591,0.836,0.624,4.568
V0013,V0502,5,32,53,0.678,7.37,0.0004612086393550726,3.336,ELECTRICAL_EQUIPMENT,1.0,KA-NORTH,0.613,0.845,0.62,4.567
V0340,V0483,7,47,55,1.034,6.77,5.3811196513988144e-05,4.269,WATER_INFRASTRUCTURE,0.766,KA-CENTRAL,0.66,0.723,0.674,4.566
V0028,V0088,4,45,38,0.684,5.848,0.004327985096681707,2.364,CIVIL_MAINTENANCE,0.5,KA-SOUTH,0.469,0.488,0.781,4.565
V0244,V0327,7,50,51,1.02,6.863,4.924804084821881e-05,4.308,FURNITURE,0.83,KA-CENTRAL,0.617,0.745,0.665,4.563
V0159,V0517,3,40,28,0.448,6.696,0.009424933190956483,2.026,ROAD_CONSTRUCTION,0.708,KA-SOUTH,0.708,0.708,0.681,4.562
V0254,V0504,5,43,41,0.705,7.09,0.0005621010966915574,3.25,FURNITURE,1.0,KA-SOUTH,0.481,0.793,0.643,4.561
V0054,V0547,4,33,48,0.634,6.313,0.0032536663955169526,2.488,WATER_INFRASTRUCTURE,0.514,KA-CENTRAL,0.771,0.617,0.722,4.56
V0254,V0292,3,43,27,0.464,6.46,0.01040147898286948,1.983,FURNITURE,0.654,KA-SOUTH,0.654,0.654,0.706,4.559
V0132,V0468,5,58,26,0.603,8.289,0.00025573943055156684,3.592,BUILDING_CONSTRUCTION,1.0,KA-CENTRAL,1.0,1.0,0.55,4.559
V0187,V0371,3,34,31,0.422,7.116,0.007967452439316337,2.099,WATER_INFRASTRUCTURE,1.0,KA-NORTH,0.5,0.8,0.64,4.554
V0319,V0364,3,34,31,0.422,7.116,0.007967452439316337,2.099,FURNITURE,1.0,KA-CENTRAL,0.5,0.8,0.64,4.554
V0079,V0454,4,30,43,0.516,7.752,0.0015032011885176,2.823,ELECTRICAL_EQUIPMENT,0.862,KA-SOUTH,1.0,0.917,0.587,4.552
V0421,V0426,5,46,40,0.736,6.793,0.0006871888450896708,3.163,WATER_INFRASTRUCTURE,0.81,KA-SOUTH,0.619,0.733,0.67,4.551
V0209,V0256,4,36,40,0.576,6.944,0.002289234720444942,2.64,ELECTRICAL_EQUIPMENT,1.0,KA-SOUTH,0.417,0.767,0.655,4.548
V0059,V0166,3,32,31,0.397,7.56,0.006715624329908956,2.173,BUILDING_CONSTRUCTION,1.0,KA-CENTRAL,0.714,0.886,0.601,4.547
V0199,V0274,3,27,37,0.4,7.508,0.0068373439141937295,2.165,BUILDING_CONSTRUCTION,1.0,KA-NORTH,0.692,0.877,0.605,4.545
V0274,V0292,3,37,27,0.4,7.508,0.0068373439141937295,2.165,BUILDING_CONSTRUCTION,1.0,KA-CENTRAL,0.692,0.877,0.605,4.545
V0010,V0264,5,96,18,0.691,7.234,0.0004331767923054816,3.363,MEDICAL_SUPPLIES,1.0,KA-SOUTH,0.567,0.827,0.628,4.543
V0043,V0345,4,51,27,0.551,7.262,0.0019075142848383807,2.72,ROAD_CONSTRUCTION,1.0,KA-SOUTH,0.586,0.834,0.624,4.535
V0212,V0455,5,42,43,0.722,6.921,0.000629976882212347,3.201,CIVIL_MAINTENANCE,0.611,KA-SOUTH,1.0,0.767,0.655,4.533
V0063,V0209,3,30,36,0.432,6.944,0.008527696193246679,2.069,ELECTRICAL_EQUIPMENT,1.0,KA-NORTH,0.429,0.771,0.653,4.533
V0332,V0438,6,51,44,0.898,6.684,0.00020858819799722116,3.681,WATER_INFRASTRUCTURE,0.702,KA-CENTRAL,0.737,0.716,0.678,4.531
V0044,V0220,3,34,37,0.503,5.962,0.013028291033231297,1.885,ROAD_CONSTRUCTION,0.667,KA-CENTRAL,0.333,0.533,0.76,4.531
V0044,V0359,4,34,40,0.544,7.353,0.0018444032088699212,2.734,WATER_INFRASTRUCTURE,1.0,KA-SOUTH,0.633,0.853,0.616,4.529
V0062,V0433,4,40,35,0.56,7.143,0.0020584933863191275,2.686,ELECTRICAL_EQUIPMENT,1.0,KA-CENTRAL,0.533,0.813,0.634,4.529
V0003,V0218,5,40,43,0.688,7.267,0.0004998859004509594,3.301,CIVIL_MAINTENANCE,1.0,KA-SOUTH,0.595,0.838,0.623,4.526
V0415,V0426,3,29,40,0.464,6.466,0.010396954784408817,1.983,ROAD_CONSTRUCTION,0.667,KA-CENTRAL,0.667,0.667,0.7,4.526
V0013,V0335,4,32,38,0.486,8.224,0.0012035653884443812,2.92,CIVIL_MAINTENANCE,1.0,KA-NORTH,1.0,1.0,0.55,4.523
V0088,V0342,4,38,39,0.593,6.748,0.002550573878655151,2.593,WATER_INFRASTRUCTURE,1.0,AP-SOUTH,0.333,0.733,0.67,4.521
V0342,V0531,4,39,43,0.671,5.963,0.004031794733186449,2.395,ROAD_CONSTRUCTION,0.552,KA-BENGALURU,0.517,0.538,0.758,4.52
V0040,V0403,3,35,34,0.476,6.303,0.01117920998440935,1.952,ELECTRICAL_EQUIPMENT,0.75,AP-SOUTH,0.45,0.63,0.716,4.516
V0154,V0363,3,24,45,0.432,6.944,0.00847048633333021,2.072,BUILDING_CONSTRUCTION,1.0,KA-SOUTH,0.444,0.778,0.65,4.514
V0047,V0062,7,55,40,0.88,7.955,1.797140203875028e-05,4.745,ELECTRICAL_EQUIPMENT,1.0,KA-SOUTH,0.904,0.962,0.567,4.513
V0158,V0228,3,34,34,0.462,6.488,0.01031603623871547,1.986,CIVIL_MAINTENANCE,0.692,KA-NORTH,0.654,0.677,0.695,4.512
V0100,V0224,3,26,42,0.437,6.868,0.008764157499885754,2.057,ROAD_CONSTRUCTION,1.0,KA-CENTRAL,0.409,0.764,0.656,4.508
V0162,V0394,4,35,41,0.574,6.969,0.0022584590689805678,2.646,ELECTRICAL_EQUIPMENT,1.0,KA-SOUTH,0.462,0.785,0.647,4.508
V0100,V0320,3,26,40,0.416,7.212,0.007647308205667284,2.116,WATER_INFRASTRUCTURE,1.0,KA-SOUTH,0.583,0.833,0.625,4.508
V0317,V0512,3,35,34,0.476,6.303,0.01117920998440935,1.952,CIVIL_MAINTENANCE,0.722,KA-CENTRAL,0.5,0.633,0.715,4.507
V0392,V0434,3,33,38,0.502,5.981,0.0129122277427309,1.889,ELECTRICAL_EQUIPMENT,0.652,KA-CENTRAL,0.391,0.548,0.753,4.507
V0199,V0424,3,27,40,0.432,6.944,0.00850862676892116,2.07,ELECTRICAL_EQUIPMENT,1.0,TN-NORTH,0.45,0.78,0.649,4.507
V0366,V0531,3,30,43,0.516,5.814,0.013930207154188235,1.856,WATER_INFRASTRUCTURE,0.5,KA-BENGALURU,0.5,0.5,0.775,4.506
V0113,V0144,8,46,68,1.251,6.394,2.2628303065589308e-05,4.645,LAB_EQUIPMENT,0.775,KA-CENTRAL,0.479,0.656,0.705,4.506
V0158,V0212,4,34,42,0.571,7.003,0.0022158525670273104,2.654,CIVIL_MAINTENANCE,1.0,KA-SOUTH,0.483,0.793,0.643,4.504
V0119,V0538,4,64,22,0.563,7.102,0.0020211846140348426,2.694,MEDICAL_SUPPLIES,1.0,KA-SOUTH,0.533,0.813,0.634,4.503
V0051,V0391,4,51,29,0.592,6.761,0.0025049222542932736,2.601,CIVIL_MAINTENANCE,0.743,KA-NORTH,0.743,0.743,0.666,4.501
V0007,V0309,6,39,56,0.874,6.868,0.00017743412661644963,3.751,FURNITURE,1.0,KA-SOUTH,0.415,0.766,0.655,4.5
V0013,V0241,3,32,34,0.435,6.893,0.0087105809307619,2.06,ELECTRICAL_EQUIPMENT,1.0,KA-SOUTH,0.429,0.771,0.653,4.5
V0144,V0465,4,68,18,0.49,8.17,0.001149455915960935,2.94,IT_SERVICES,1.0,KA-CENTRAL,1.0,1.0,0.55,4.494
V0127,V0292,3,43,27,0.464,6.46,0.01040147898286948,1.983,BUILDING_CONSTRUCTION,0.692,KA-NORTH,0.654,0.677,0.695,4.492
V0242,V0274,4,41,37,0.607,6.592,0.002781987600209119,2.556,BUILDING_CONSTRUCTION,0.686,KA-SOUTH,0.743,0.709,0.681,4.49
V0016,V0288,4,50,29,0.58,6.897,0.002327082589205872,2.633,BUILDING_CONSTRUCTION,1.0,TN-NORTH,0.44,0.776,0.651,4.489
V0142,V0404,3,29,38,0.441,6.806,0.009016523934922556,2.045,VEHICLE_SUPPLIES,1.0,KA-NORTH,0.391,0.757,0.66,4.489
V0088,V0218,4,38,43,0.654,6.12,0.003663714628277938,2.436,WATER_INFRASTRUCTURE,0.71,KA-SOUTH,0.419,0.594,0.733,4.485
V0298,V0308,5,43,41,0.705,7.09,0.0005621010966915574,3.25,ELECTRICAL_EQUIPMENT,1.0,KA-CENTRAL,0.543,0.817,0.632,4.483
V0245,V0294,3,38,32,0.486,6.168,0.011861544472418535,1.926,CIVIL_MAINTENANCE,0.609,KA-CENTRAL,0.609,0.609,0.726,4.479
V0304,V0489,3,44,27,0.475,6.313,0.011082711522031616,1.955,CIVIL_MAINTENANCE,0.615,KA-SOUTH,0.692,0.646,0.709,4.477
V0052,V0377,3,46,24,0.442,6.793,0.009004596736443935,2.046,CIVIL_MAINTENANCE,1.0,AP-SOUTH,0.394,0.758,0.659,4.477
V0215,V0502,7,51,53,1.081,6.474,7.25203947014339e-05,4.14,ELECTRICAL_EQUIPMENT,0.857,KA-SOUTH,0.429,0.686,0.691,4.476
V0231,V0513,4,26,55,0.572,6.993,0.0021884099074536982,2.66,IT_SERVICES,1.0,KA-NORTH,0.5,0.8,0.64,4.476
V0383,V0384,5,36,45,0.648,7.716,0.00037464370943571094,3.426,ELECTRICAL_EQUIPMENT,1.0,KA-NORTH,0.833,0.933,0.58,4.475
V0352,V0370,4,38,37,0.562,7.112,0.0020931711202438158,2.679,FURNITURE,1.0,KA-NORTH,0.562,0.825,0.629,4.472
V0320,V0421,5,40,46,0.736,6.793,0.0006871888450896708,3.163,WATER_INFRASTRUCTURE,0.6,KA-SOUTH,1.0,0.76,0.658,4.47
V0349,V0403,3,29,34,0.394,7.606,0.0065979872432765175,2.181,ELECTRICAL_EQUIPMENT,1.0,KA-NORTH,0.792,0.917,0.588,4.469
V0129,V0383,4,47,36,0.677,5.91,0.004158314498865127,2.381,ELECTRICAL_EQUIPMENT,0.581,KA-SOUTH,0.484,0.542,0.756,4.469
V0178,V0513,8,49,55,1.078,7.421,7.322157584165788e-06,5.135,ELECTRICAL_EQUIPMENT,0.903,KA-NORTH,0.855,0.884,0.602,4.469
V0308,V0384,5,41,45,0.738,6.775,0.00069640148768919,3.157,IT_SERVICES,0.757,KA-CENTRAL,0.757,0.757,0.659,4.468
V0088,V0402,3,38,29,0.441,6.806,0.009016523934922556,2.045,CIVIL_MAINTENANCE,1.0,TN-NORTH,0.409,0.764,0.656,4.467
V0368,V0386,3,50,22,0.44,6.818,0.008871852360303517,2.052,ROAD_CONSTRUCTION,1.0,KA-NORTH,0.417,0.767,0.655,4.466
V0023,V0198,3,44,21,0.37,8.117,0.005423714139517348,2.266,BUILDING_CONSTRUCTION,1.0,KA-NORTH,1.0,1.0,0.55,4.464
V0224,V0455,5,42,43,0.722,6.921,0.000629976882212347,3.201,WATER_INFRASTRUCTURE,1.0,KA-SOUTH,0.472,0.789,0.645,4.464
V0255,V0385,3,33,28,0.37,8.117,0.00548468261548233,2.261,WATER_INFRASTRUCTURE,1.0,KA-CENTRAL,1.0,1.0,0.55,4.464
V0044,V0073,4,34,44,0.598,6.684,0.002636189530548476,2.579,ROAD_CONSTRUCTION,1.0,TN-NORTH,0.345,0.738,0.668,4.464
V0307,V0452,3,50,20,0.4,7.5,0.006754627416386499,2.17,MEDICAL_SUPPLIES,1.0,KA-CENTRAL,0.75,0.9,0.595,4.462
V0093,V0327,5,34,51,0.694,7.209,0.0005150943940212356,3.288,FURNITURE,1.0,KA-CENTRAL,0.622,0.849,0.618,4.456
V0303,V0419,4,27,56,0.605,6.614,0.002701722180207208,2.568,CIVIL_MAINTENANCE,0.542,KA-CENTRAL,1.0,0.725,0.674,4.456
V0066,V0309,8,53,56,1.187,6.739,1.543168440480927e-05,4.812,FURNITURE,1.0,KA-SOUTH,0.382,0.753,0.661,4.456
V0310,V0379,5,35,53,0.742,6.739,0.000708458978450029,3.15,FURNITURE,0.833,KA-SOUTH,0.633,0.753,0.661,4.454
V0054,V0220,3,33,37,0.488,6.143,0.011999792271143847,1.921,ROAD_CONSTRUCTION,0.722,KA-BENGALURU,0.444,0.611,0.725,4.454
V0220,V0297,4,37,39,0.577,6.93,0.0023078377297178067,2.637,WATER_INFRASTRUCTURE,0.806,KA-NORTH,0.778,0.794,0.642,4.453
V0256,V0291,4,40,38,0.608,6.579,0.002803255535523356,2.552,ELECTRICAL_EQUIPMENT,1.0,TN-NORTH,0.296,0.719,0.677,4.452
V0281,V0504,4,40,41,0.656,6.098,0.003715155553912481,2.43,FURNITURE,0.76,KA-NORTH,0.36,0.6,0.73,4.452
V0345,V0381,3,27,41,0.443,6.775,0.00911464564506936,2.04,WATER_INFRASTRUCTURE,0.857,KA-SOUTH,0.619,0.762,0.657,4.452
V0242,V0281,4,41,40,0.656,6.098,0.003715155553912481,2.43,FURNITURE,0.714,KA-SOUTH,0.429,0.6,0.73,4.452
V0335,V0380,3,38,28,0.426,7.049,0.008168752162439579,2.088,VEHICLE_SUPPLIES,0.7,KA-NORTH,1.0,0.82,0.631,4.448
V0434,V0454,4,38,43,0.654,6.12,0.003663714628277938,2.436,ELECTRICAL_EQUIPMENT,0.679,KA-SOUTH,0.5,0.607,0.727,4.448
V0247,V0422,3,41,27,0.443,6.775,0.00911464564506936,2.04,CIVIL_MAINTENANCE,1.0,KA-NORTH,0.409,0.764,0.656,4.447
V0074,V0368,4,28,50,0.56,7.143,0.002035888313559741,2.691,ROAD_CONSTRUCTION,1.0,KA-CENTRAL,0.6,0.84,0.622,4.443
V0228,V0530,3,34,29,0.394,7.606,0.0065979872432765175,2.181,VEHICLE_SUPPLIES,1.0,KA-NORTH,0.812,0.925,0.584,4.44
V0063,V0414,3,30,31,0.372,8.065,0.005590001735718563,2.253,ELECTRICAL_EQUIPMENT,1.0,KA-CENTRAL,1.0,1.0,0.55,4.436
V0224,V0438,5,42,44,0.739,6.764,0.0007019731131833359,3.154,WATER_INFRASTRUCTURE,1.0,KA-SOUTH,0.415,0.766,0.655,4.433
V0010,V0499,7,96,25,0.96,7.292,2.6971959458127825e-05,4.569,MEDICAL_SUPPLIES,1.0,KA-SOUTH,0.68,0.872,0.608,4.431
V0042,V0389,3,49,19,0.372,8.056,0.005499798334725967,2.26,ROAD_CONSTRUCTION,1.0,KA-NORTH,1.0,1.0,0.55,4.431
V0219,V0281,5,45,40,0.72,6.944,0.0006197335636830214,3.208,FURNITURE,1.0,KA-SOUTH,0.51,0.804,0.638,4.431
V0152,V0308,3,25,41,0.41,7.317,0.007331681347936946,2.135,IT_SERVICES,1.0,KA-CENTRAL,0.692,0.877,0.605,4.43
V0120,V0172,6,44,48,0.845,7.102,0.00014786121823539042,3.83,WATER_INFRASTRUCTURE,0.818,KA-CENTRAL,0.864,0.836,0.624,4.429
V0228,V0458,3,34,35,0.476,6.303,0.01117920998440935,1.952,CIVIL_MAINTENANCE,0.609,KA-NORTH,0.739,0.661,0.703,4.429
V0130,V0335,3,27,38,0.41,7.31,0.007370229573761667,2.133,CIVIL_MAINTENANCE,1.0,KA-NORTH,0.69,0.876,0.606,4.429
V0158,V0256,4,34,40,0.544,7.353,0.0018444032088699212,2.734,CIVIL_MAINTENANCE,1.0,KA-CENTRAL,0.71,0.884,0.602,4.428
V0044,V0304,4,34,44,0.598,6.684,0.002636189530548476,2.579,WATER_INFRASTRUCTURE,1.0,TN-NORTH,0.375,0.75,0.662,4.428
V0218,V0496,3,43,26,0.447,6.708,0.009356810424047486,2.029,WATER_INFRASTRUCTURE,1.0,TN-NORTH,0.391,0.757,0.66,4.424
V0024,V0373,3,47,22,0.414,7.253,0.007466274090267647,2.127,CIVIL_MAINTENANCE,1.0,KA-SOUTH,0.667,0.867,0.61,4.424
V0011,V0152,3,40,25,0.4,7.5,0.006840173787376161,2.165,IT_SERVICES,1.0,KA-CENTRAL,0.783,0.913,0.589,4.418
V0179,V0424,3,29,40,0.464,6.466,0.010396954784408817,1.983,ELECTRICAL_EQUIPMENT,0.739,KA-BENGALURU,0.652,0.704,0.683,4.417
V0114,V0159,3,31,40,0.496,6.048,0.012510686454703036,1.903,WATER_INFRASTRUCTURE,0.68,KA-SOUTH,0.48,0.6,0.73,4.415
V0120,V0385,3,44,28,0.493,6.088,0.012261803014965897,1.911,WATER_INFRASTRUCTURE,0.632,KA-NORTH,0.579,0.611,0.725,4.415
V0266,V0454,3,24,43,0.413,7.267,0.007460096399691881,2.127,IT_SERVICES,1.0,KA-SOUTH,0.682,0.873,0.607,4.413
V0274,V0327,5,37,51,0.755,6.624,0.0007704319079193147,3.113,FURNITURE,1.0,KA-CENTRAL,0.355,0.742,0.666,4.412
V0020,V0354,4,85,17,0.578,6.92,0.0021118794675503,2.675,MEDICAL_SUPPLIES,1.0,KA-NORTH,0.514,0.806,0.637,4.411
V0220,V0346,4,37,41,0.607,6.592,0.002781987600209119,2.556,WATER_INFRASTRUCTURE,0.811,KA-NORTH,0.622,0.735,0.669,4.411
V0158,V0255,3,34,33,0.449,6.684,0.009493294764863613,2.023,CIVIL_MAINTENANCE,1.0,TN-NORTH,0.391,0.757,0.66,4.409
V0129,V0454,6,47,43,0.808,7.422,0.00011483800872417876,3.94,ELECTRICAL_EQUIPMENT,1.0,KA-SOUTH,0.756,0.902,0.594,4.409
V0195,V0364,3,42,31,0.521,5.76,0.014295761407176541,1.845,BUILDING_CONSTRUCTION,0.609,KA-BENGALURU,0.391,0.522,0.765,4.408
V0259,V0302,3,39,24,0.374,8.013,0.005665442830492159,2.247,ELECTRICAL_EQUIPMENT,1.0,KA-NORTH,1.0,1.0,0.55,4.407
V0209,V0281,4,36,40,0.576,6.944,0.002289234720444942,2.64,BUILDING_CONSTRUCTION,1.0,KA-NORTH,0.529,0.812,0.635,4.407
V0320,V0368,5,40,50,0.8,6.25,0.0010134193891437183,2.994,WATER_INFRASTRUCTURE,0.778,KA-CENTRAL,0.472,0.656,0.705,4.406
V0130,V0230,3,27,41,0.443,6.775,0.00911464564506936,2.04,CIVIL_MAINTENANCE,1.0,KA-SOUTH,0.444,0.778,0.65,4.404
V0208,V0454,3,25,43,0.43,6.977,0.00837665366485693,2.077,ELECTRICAL_EQUIPMENT,1.0,KA-SOUTH,0.55,0.82,0.631,4.402
V0178,V0454,5,49,43,0.843,5.933,0.001291634758948295,2.889,ELECTRICAL_EQUIPMENT,0.615,KA-NORTH,0.513,0.574,0.742,4.4
V0245,V0275,4,38,46,0.699,5.721,0.0046888581063658065,2.329,CIVIL_MAINTENANCE,0.571,KA-CENTRAL,0.429,0.514,0.769,4.397
V0275,V0380,3,46,28,0.515,5.823,0.0138458192168692,1.859,VEHICLE_SUPPLIES,0.636,KA-CENTRAL,0.409,0.545,0.755,4.394
V0052,V0397,3,46,24,0.442,6.793,0.009004596736443935,2.046,CIVIL_MAINTENANCE,1.0,KA-CENTRAL,0.464,0.786,0.646,4.391
V0421,V0438,6,46,44,0.81,7.411,0.00011587565501430138,3.936,WATER_INFRASTRUCTURE,1.0,KA-SOUTH,0.765,0.906,0.592,4.39
V0304,V0359,5,44,40,0.704,7.102,0.0005573854337474265,3.254,WATER_INFRASTRUCTURE,1.0,KA-NORTH,0.622,0.849,0.618,4.39
V0081,V0346,3,25,41,0.41,7.317,0.007331681347936946,2.135,ROAD_CONSTRUCTION,1.0,KA-SOUTH,0.722,0.889,0.6,4.39
V0062,V0129,6,40,47,0.752,7.979,7.545135664276683e-05,4.122,ELECTRICAL_EQUIPMENT,1.0,KA-SOUTH,1.0,1.0,0.55,4.388
V0122,V0523,3,36,34,0.49,6.127,0.012083184062664452,1.918,FURNITURE,0.737,KA-NORTH,0.474,0.632,0.716,4.386
V0082,V0319,3,32,34,0.435,6.893,0.0087105809307619,2.06,FURNITURE,1.0,KA-CENTRAL,0.522,0.809,0.636,4.385
V0258,V0494,3,37,29,0.429,6.99,0.008369540213817125,2.077,IT_SERVICES,1.0,KA-CENTRAL,0.571,0.829,0.627,4.384
V0078,V0320,4,36,40,0.576,6.944,0.002289234720444942,2.64,WATER_INFRASTRUCTURE,0.862,KA-SOUTH,0.759,0.821,0.631,4.38
V0381,V0525,4,41,41,0.672,5.949,0.004068328039354994,2.391,WATER_INFRASTRUCTURE,0.517,KA-SOUTH,0.69,0.586,0.736,4.38
V0088,V0126,3,38,30,0.456,6.579,0.009914196028920897,2.004,WATER_INFRASTRUCTURE,1.0,KA-CENTRAL,0.36,0.744,0.665,4.376
V0004,V0352,3,26,38,0.395,7.591,0.006620242349184571,2.179,BUILDING_CONSTRUCTION,1.0,KA-CENTRAL,0.857,0.943,0.576,4.37
V0255,V0332,4,33,51,0.673,5.942,0.004063700311203153,2.391,WATER_INFRASTRUCTURE,0.576,KA-SOUTH,0.606,0.588,0.735,4.37
V0263,V0377,3,49,24,0.47,6.378,0.010724537056796777,1.97,VEHICLE_SUPPLIES,0.7,KA-SOUTH,0.7,0.7,0.685,4.369
V0310,V0319,3,35,34,0.476,6.303,0.01117920998440935,1.952,FURNITURE,0.682,KA-CENTRAL,0.682,0.682,0.693,4.369
V0364,V0370,3,31,37,0.459,6.539,0.010088857616568934,1.996,FURNITURE,1.0,KA-BENGALURU,0.346,0.738,0.668,4.366
V0219,V0364,4,45,31,0.558,7.168,0.002022420275526449,2.694,FURNITURE,0.781,KA-CENTRAL,1.0,0.869,0.609,4.366
V0224,V0415,3,42,29,0.487,6.158,0.011894367016029856,1.925,WATER_INFRASTRUCTURE,0.529,KA-SOUTH,0.824,0.647,0.709,4.365
V0122,V0364,3,36,31,0.446,6.72,0.009348753493049838,2.029,FURNITURE,1.0,KA-NORTH,0.45,0.78,0.649,4.361
V0093,V0451,3,34,31,0.422,7.116,0.007967452439316337,2.099,BUILDING_CONSTRUCTION,1.0,KA-SOUTH,0.652,0.861,0.613,4.359
V0295,V0369,3,55,19,0.418,7.177,0.007608551022959076,2.119,IT_SERVICES,1.0,KA-CENTRAL,0.682,0.873,0.607,4.358
V0188,V0363,5,43,45,0.774,6.46,0.000870844355179657,3.06,BUILDING_CONSTRUCTION,0.809,KA-CENTRAL,0.596,0.723,0.674,4.357
V0127,V0154,3,43,24,0.413,7.267,0.007460096399691881,2.127,BUILDING_CONSTRUCTION,1.0,KA-NORTH,0.727,0.891,0.599,4.354
V0288,V0533,3,29,37,0.429,6.99,0.008369540213817125,2.077,CIVIL_MAINTENANCE,1.0,KA-SOUTH,0.6,0.84,0.622,4.348
V0338,V0383,4,45,36,0.648,6.173,0.0035455653238865427,2.45,ELECTRICAL_EQUIPMENT,0.771,KA-NORTH,0.486,0.657,0.704,4.348
V0421,V0547,6,46,48,0.883,6.793,0.00019057243973002693,3.72,WATER_INFRASTRUCTURE,0.919,KA-CENTRAL,0.622,0.8,0.64,4.348
V0313,V0346,3,28,41,0.459,6.533,0.010093244828251824,1.996,WATER_INFRASTRUCTURE,1.0,KA-NORTH,0.36,0.744,0.665,4.346
V0395,V0481,5,26,64,0.666,7.512,0.0004078215684840133,3.39,MEDICAL_SUPPLIES,1.0,KA-NORTH,0.842,0.937,0.578,4.345
V0195,V0281,4,42,40,0.672,5.952,0.00405917387142471,2.392,FURNITURE,0.6,KA-SOUTH,0.6,0.6,0.73,4.345
V0277,V0497,3,71,16,0.454,6.602,0.00942684630998729,2.026,IT_SERVICES,1.0,KA-NORTH,0.4,0.76,0.658,4.344
V0152,V0434,3,25,38,0.38,7.895,0.00591801190407009,2.228,IT_SERVICES,1.0,KA-CENTRAL,1.0,1.0,0.55,4.342
V0258,V0502,5,37,53,0.784,6.374,0.0009211626992663596,3.036,IT_SERVICES,0.514,KA-NORTH,1.0,0.709,0.681,4.342
V0016,V0195,6,50,42,0.84,7.143,0.00014287527909212042,3.845,FURNITURE,1.0,KA-SOUTH,0.682,0.873,0.607,4.338
V0178,V0459,3,49,21,0.412,7.289,0.0073437871548929345,2.134,IT_SERVICES,1.0,KA-NORTH,0.75,0.9,0.595,4.337
V0053,V0484,3,44,26,0.458,6.556,0.009972554791545176,2.001,CIVIL_MAINTENANCE,1.0,AP-SOUTH,0.382,0.753,0.661,4.335
V0187,V0359,4,34,40,0.544,7.353,0.0018444032088699212,2.734,WATER_INFRASTRUCTURE,1.0,KA-NORTH,0.78,0.912,0.59,4.335
V0043,V0289,4,51,27,0.551,7.262,0.0019075142848383807,2.72,ROAD_CONSTRUCTION,1.0,KA-SOUTH,0.739,0.896,0.597,4.335
V0338,V0344,4,45,38,0.684,5.848,0.004327985096681707,2.364,IT_SERVICES,0.562,KA-SOUTH,0.594,0.575,0.741,4.335
V0304,V0377,3,44,24,0.422,7.102,0.007955710795078586,2.099,CIVIL_MAINTENANCE,1.0,KA-SOUTH,0.667,0.867,0.61,4.332
V0014,V0292,3,46,27,0.497,6.039,0.012521747591011498,1.902,FURNITURE,0.667,KA-SOUTH,0.571,0.629,0.717,4.331
V0344,V0424,4,38,40,0.608,6.579,0.002803255535523356,2.552,ELECTRICAL_EQUIPMENT,1.0,KA-SOUTH,0.4,0.76,0.658,4.329
V0042,V0299,3,49,22,0.431,6.957,0.00838722215212284,2.076,ROAD_CONSTRUCTION,1.0,KA-BENGALURU,0.6,0.84,0.622,4.327
V0053,V0065,3,44,26,0.458,6.556,0.009972554791545176,2.001,CIVIL_MAINTENANCE,1.0,KA-SOUTH,0.393,0.757,0.659,4.322
V0122,V0370,3,36,37,0.533,5.631,0.015233267506927108,1.817,FURNITURE,0.583,KA-CENTRAL,0.417,0.517,0.768,4.322
V0195,V0504,4,42,41,0.689,5.807,0.004443648924496712,2.352,FURNITURE,0.594,KA-SOUTH,0.531,0.569,0.744,4.321
V0368,V0547,7,50,48,0.96,7.292,3.278801806213697e-05,4.484,ROAD_CONSTRUCTION,0.842,KA-CENTRAL,1.0,0.905,0.593,4.321
V0001,V0009,3,62,17,0.422,7.116,0.007709361119524786,2.113,ROAD_CONSTRUCTION,1.0,KA-BENGALURU,0.684,0.874,0.607,4.318
V0338,V0513,6,45,55,0.99,6.061,0.0003613458819635599,3.442,IT_SERVICES,0.518,KA-NORTH,0.821,0.639,0.712,4.317
V0178,V0367,4,49,26,0.51,7.849,0.0014185425577079938,2.848,ELECTRICAL_EQUIPMENT,1.0,KA-NORTH,1.0,1.0,0.55,4.317
V0288,V0370,3,29,37,0.429,6.99,0.008369540213817125,2.077,BUILDING_CONSTRUCTION,1.0,KA-BENGALURU,0.625,0.85,0.617,4.316
V0152,V0454,3,25,43,0.43,6.977,0.00837665366485693,2.077,IT_SERVICES,1.0,KA-CENTRAL,0.619,0.848,0.619,4.316
V0024,V0186,4,47,29,0.545,7.337,0.0018462822354264215,2.734,CIVIL_MAINTENANCE,1.0,KA-SOUTH,0.788,0.915,0.588,4.315
V0133,V0547,4,37,48,0.71,5.631,0.004964027525914331,2.304,ROAD_CONSTRUCTION,0.607,KA-NORTH,0.393,0.521,0.765,4.31
V0040,V0178,4,35,49,0.686,5.831,0.004363955777378544,2.36,ELECTRICAL_EQUIPMENT,0.767,AP-SOUTH,0.3,0.58,0.739,4.309
V0313,V0525,3,28,41,0.459,6.533,0.010093244828251824,1.996,WATER_INFRASTRUCTURE,1.0,KA-SOUTH,0.391,0.757,0.66,4.309
V0065,V0419,4,26,56,0.582,6.868,0.0023401155539588357,2.631,VEHICLE_SUPPLIES,0.714,KA-CENTRAL,1.0,0.829,0.627,4.307
V0188,V0413,5,43,40,0.688,7.267,0.0004998859004509594,3.301,BUILDING_CONSTRUCTION,1.0,KA-NORTH,0.763,0.905,0.593,4.307
V0052,V0080,5,46,39,0.718,6.968,0.000609615271472024,3.215,CIVIL_MAINTENANCE,1.0,KA-NORTH,0.622,0.849,0.618,4.306
V0368,V0400,3,50,24,0.48,6.25,0.011337542304586784,1.945,ROAD_CONSTRUCTION,0.708,KA-CENTRAL,0.667,0.692,0.689,4.305
V0256,V0533,4,40,37,0.592,6.757,0.002537274844083141,2.596,CIVIL_MAINTENANCE,1.0,KA-CENTRAL,0.517,0.807,0.637,4.304
V0335,V0532,3,38,29,0.441,6.806,0.009016523934922556,2.045,VEHICLE_SUPPLIES,0.696,KA-NORTH,1.0,0.817,0.632,4.303
V0062,V0162,4,40,35,0.56,7.143,0.0020584933863191275,2.686,ELECTRICAL_EQUIPMENT,1.0,KA-SOUTH,0.71,0.884,0.602,4.302
V0370,V0413,4,37,40,0.592,6.757,0.002537274844083141,2.596,FURNITURE,0.885,KA-NORTH,0.692,0.808,0.637,4.301
V0396,V0459,3,51,21,0.428,7.003,0.008211564306683208,2.086,IT_SERVICES,1.0,KA-CENTRAL,0.647,0.859,0.614,4.297
V0063,V0162,3,30,35,0.42,7.143,0.007880448634153225,2.103,ELECTRICAL_EQUIPMENT,1.0,KA-BENGALURU,0.714,0.886,0.601,4.296
V0169,V0275,4,35,46,0.644,6.211,0.003462771941718476,2.461,CIVIL_MAINTENANCE,0.786,KA-NORTH,0.536,0.686,0.691,4.294
V0007,V0310,4,39,35,0.546,7.326,0.0018711644810510718,2.728,FURNITURE,1.0,KA-BENGALURU,0.8,0.92,0.586,4.293
V0065,V0247,3,26,41,0.426,7.036,0.008194394759066538,2.086,CIVIL_MAINTENANCE,1.0,KA-NORTH,0.667,0.867,0.61,4.292
V0381,V0426,4,41,40,0.656,6.098,0.003715155553912481,2.43,ROAD_CONSTRUCTION,0.63,KA-SOUTH,0.704,0.659,0.703,4.289
V0061,V0293,4,37,41,0.607,6.592,0.002781987600209119,2.556,ELECTRICAL_EQUIPMENT,1.0,KA-NORTH,0.444,0.778,0.65,4.285
V0297,V0346,4,39,41,0.64,6.254,0.003383482425301486,2.471,WATER_INFRASTRUCTURE,0.875,KA-SOUTH,0.438,0.7,0.685,4.284
V0119,V0202,3,64,18,0.461,6.51,0.009923231143632805,2.003,MEDICAL_SUPPLIES,1.0,KA-CENTRAL,0.4,0.76,0.658,4.284
V0172,V0437,4,48,33,0.634,6.313,0.0032536663955169526,2.488,WATER_INFRASTRUCTURE,0.714,KA-CENTRAL,0.714,0.714,0.679,4.284
V0342,V0421,4,39,46,0.718,5.574,0.005155057287496523,2.288,ROAD_CONSTRUCTION,0.515,KA-SOUTH,0.515,0.515,0.768,4.282
V0052,V0130,3,46,27,0.497,6.039,0.012521747591011498,1.902,CIVIL_MAINTENANCE,0.7,KA-SOUTH,0.567,0.647,0.709,4.282
V0061,V0485,4,37,42,0.622,6.435,0.003042476448915552,2.517,ELECTRICAL_EQUIPMENT,1.0,KA-BENGALURU,0.36,0.744,0.665,4.281
V0219,V0319,4,45,34,0.612,6.536,0.0028656668395265835,2.543,FURNITURE,1.0,KA-CENTRAL,0.419,0.768,0.655,4.278
V0061,V0349,3,37,29,0.429,6.99,0.008369540213817125,2.077,ELECTRICAL_EQUIPMENT,1.0,KA-NORTH,0.655,0.862,0.612,4.278
V0182,V0255,3,35,33,0.462,6.494,0.010290648775606825,1.988,WATER_INFRASTRUCTURE,0.759,KA-CENTRAL,0.759,0.759,0.659,4.277
V0220,V0547,4,37,48,0.71,5.631,0.004964027525914331,2.304,WATER_INFRASTRUCTURE,0.622,KA-CENTRAL,0.405,0.535,0.759,4.275
V0093,V0244,4,34,50,0.68,5.882,0.004221416129744572,2.375,BUILDING_CONSTRUCTION,0.607,KA-CENTRAL,0.607,0.607,0.727,4.275
V0161,V0169,3,34,35,0.476,6.303,0.01117920998440935,1.952,CIVIL_MAINTENANCE,0.737,KA-SOUTH,0.684,0.716,0.678,4.273
V0495,V0502,5,36,53,0.763,6.551,0.0008095979147856984,3.092,ELECTRICAL_EQUIPMENT,1.0,KA-CENTRAL,0.432,0.773,0.652,4.272
V0061,V0513,6,37,55,0.814,7.371,0.00011812676114457684,3.928,ELECTRICAL_EQUIPMENT,1.0,KA-NORTH,0.837,0.935,0.579,4.27
V0034,V0179,4,53,29,0.615,6.506,0.0028883973837401556,2.539,ELECTRICAL_EQUIPMENT,0.909,KA-CENTRAL,0.545,0.764,0.656,4.27
V0123,V0154,3,45,24,0.432,6.944,0.00847048633333021,2.072,BUILDING_CONSTRUCTION,1.0,KA-NORTH,0.64,0.856,0.615,4.269
V0047,V0349,4,55,29,0.638,6.27,0.003310508683866554,2.48,ELECTRICAL_EQUIPMENT,0.862,KA-SOUTH,0.483,0.71,0.68,4.266
V0186,V0249,3,29,37,0.429,6.99,0.008369540213817125,2.077,BUILDING_CONSTRUCTION,1.0,KA-CENTRAL,0.667,0.867,0.61,4.264
V0472,V0530,3,37,29,0.429,6.99,0.008369540213817125,2.077,CIVIL_MAINTENANCE,1.0,KA-CENTRAL,0.667,0.867,0.61,4.264
V0212,V0429,3,42,26,0.437,6.868,0.008764157499885754,2.057,WATER_INFRASTRUCTURE,1.0,KA-NORTH,0.609,0.843,0.62,4.261
V0100,V0438,3,26,44,0.458,6.556,0.009972554791545176,2.001,WATER_INFRASTRUCTURE,1.0,KA-BENGALURU,0.444,0.778,0.65,4.261
V0070,V0144,3,17,68,0.462,6.488,0.009960416728753339,2.002,IT_SERVICES,1.0,KA-CENTRAL,0.409,0.764,0.656,4.258
V0369,V0396,3,19,51,0.388,7.74,0.006156968188337919,2.211,IT_SERVICES,1.0,KA-CENTRAL,1.0,1.0,0.55,4.257
V0185,V0332,3,19,51,0.388,7.74,0.006156968188337919,2.211,WATER_INFRASTRUCTURE,1.0,KA-CENTRAL,1.0,1.0,0.55,4.257
V0043,V0427,3,51,19,0.388,7.74,0.006156968188337919,2.211,ROAD_CONSTRUCTION,1.0,KA-SOUTH,1.0,1.0,0.55,4.257
V0003,V0380,3,40,28,0.448,6.696,0.009424933190956483,2.026,VEHICLE_SUPPLIES,1.0,KA-CENTRAL,0.526,0.811,0.635,4.254
V0244,V0352,5,50,38,0.76,6.579,0.0007967277346910005,3.099,FURNITURE,1.0,KA-SOUTH,0.463,0.785,0.647,4.254
V0044,V0342,3,34,39,0.53,5.656,0.01504306264861347,1.823,ROAD_CONSTRUCTION,0.636,KA-CENTRAL,0.424,0.552,0.752,4.252
V0035,V0338,3,24,45,0.432,6.944,0.00847048633333021,2.072,IT_SERVICES,1.0,KA-NORTH,0.654,0.862,0.612,4.252
V0217,V0419,3,19,56,0.426,7.049,0.00800062752963461,2.097,VEHICLE_SUPPLIES,1.0,KA-CENTRAL,0.706,0.882,0.603,4.25
V0026,V0460,5,44,42,0.739,6.764,0.0007019731131833359,3.154,LAB_EQUIPMENT,1.0,KA-CENTRAL,0.565,0.826,0.628,4.25
V0186,V0274,3,29,37,0.429,6.99,0.008369540213817125,2.077,BUILDING_CONSTRUCTION,1.0,KA-CENTRAL,0.68,0.872,0.608,4.247
V0419,V0453,4,56,32,0.717,5.58,0.005094145393347912,2.293,CIVIL_MAINTENANCE,0.543,KA-CENTRAL,0.514,0.531,0.761,4.246
V0072,V0487,3,58,18,0.418,7.184,0.007550909202458919,2.122,ROAD_CONSTRUCTION,1.0,KA-CENTRAL,0.773,0.909,0.591,4.245
V0039,V0046,3,56,20,0.448,6.696,0.00926458320357204,2.033,BUILDING_CONSTRUCTION,1.0,KA-NORTH,0.533,0.813,0.634,4.245
V0016,V0363,6,50,45,0.9,6.667,0.00021192568905464528,3.674,BUILDING_CONSTRUCTION,1.0,KA-CENTRAL,0.519,0.808,0.637,4.244
V0270,V0280,3,27,36,0.389,7.716,0.006328302677942122,2.199,BUILDING_CONSTRUCTION,1.0,KA-SOUTH,1.0,1.0,0.55,4.244
V0027,V0512,3,32,34,0.435,6.893,0.0087105809307619,2.06,ELECTRICAL_EQUIPMENT,1.0,AP-SOUTH,0.636,0.855,0.615,4.242
V0001,V0245,6,62,38,0.942,6.367,0.0002705635596232877,3.568,CIVIL_MAINTENANCE,1.0,KA-NORTH,0.354,0.742,0.666,4.242
V0066,V0327,7,53,51,1.081,6.474,7.25203947014339e-05,4.14,FURNITURE,1.0,KA-SOUTH,0.417,0.767,0.655,4.24
V0394,V0485,4,41,42,0.689,5.807,0.004443648924496712,2.352,CIVIL_MAINTENANCE,0.529,KA-SOUTH,0.706,0.6,0.73,4.239
V0228,V0512,3,34,34,0.462,6.488,0.01031603623871547,1.986,CIVIL_MAINTENANCE,1.0,KA-NORTH,0.429,0.771,0.653,4.236
V0130,V0455,3,27,43,0.464,6.46,0.01040147898286948,1.983,CIVIL_MAINTENANCE,1.0,KA-NORTH,0.414,0.766,0.656,4.235
V0002,V0066,3,22,53,0.466,6.432,0.010423894443433087,1.982,FURNITURE,1.0,KA-NORTH,0.4,0.76,0.658,4.232
V0044,V0464,3,34,33,0.449,6.684,0.009493294764863613,2.023,ROAD_CONSTRUCTION,1.0,KA-CENTRAL,0.538,0.815,0.633,4.231
V0159,V0455,5,40,43,0.688,7.267,0.0004998859004509594,3.301,WATER_INFRASTRUCTURE,1.0,KA-SOUTH,0.821,0.929,0.582,4.23
V0078,V0470,3,36,33,0.475,6.313,0.011126035038629634,1.954,WATER_INFRASTRUCTURE,0.867,KA-NORTH,0.533,0.733,0.67,4.23
V0402,V0419,4,29,56,0.65,6.158,0.003536636750061182,2.451,CIVIL_MAINTENANCE,0.889,KA-CENTRAL,0.407,0.696,0.687,4.228
V0025,V0085,3,61,16,0.39,7.684,0.006173517118775712,2.209,IT_SERVICES,1.0,KA-CENTRAL,1.0,1.0,0.55,4.226
V0195,V0352,4,42,38,0.638,6.266,0.0033592922550910722,2.474,FURNITURE,1.0,KA-NORTH,0.31,0.724,0.674,4.224
V0179,V0434,3,29,38,0.441,6.806,0.009016523934922556,2.045,ELECTRICAL_EQUIPMENT,1.0,KA-CENTRAL,0.609,0.843,0.62,4.223
V0014,V0523,4,46,34,0.626,6.394,0.0031085308812513054,2.507,FURNITURE,0.871,KA-BENGALURU,0.581,0.755,0.66,4.222
V0297,V0313,3,39,28,0.437,6.868,0.008783518695531753,2.056,WATER_INFRASTRUCTURE,1.0,KA-CENTRAL,0.64,0.856,0.615,4.222
V0040,V0513,5,35,55,0.77,6.494,0.000841674770848508,3.075,ELECTRICAL_EQUIPMENT,0.778,KA-NORTH,0.778,0.778,0.65,4.221
V0335,V0419,5,38,56,0.851,5.874,0.0013439783670996192,2.872,VEHICLE_SUPPLIES,0.806,KA-NORTH,0.355,0.626,0.718,4.22
V0123,V0362,3,45,26,0.468,6.41,0.010611579396297028,1.974,BUILDING_CONSTRUCTION,1.0,KA-NORTH,0.4,0.76,0.658,4.218
V0129,V0403,4,47,34,0.639,6.258,0.0033651627884220695,2.473,ELECTRICAL_EQUIPMENT,0.792,KA-SOUTH,0.625,0.725,0.674,4.216
V0129,V0417,5,47,37,0.696,7.188,0.0005252004265274391,3.28,ELECTRICAL_EQUIPMENT,1.0,KA-SOUTH,0.8,0.92,0.586,4.212
V0014,V0327,6,46,51,0.938,6.394,0.0002682866346534532,3.571,FURNITURE,1.0,KA-NORTH,0.396,0.758,0.659,4.212
V0123,V0322,4,45,40,0.72,5.556,0.005219809004053145,2.282,FURNITURE,0.69,KA-BENGALURU,0.31,0.538,0.758,4.211
V0158,V0161,3,34,34,0.462,6.488,0.01031603623871547,1.986,CIVIL_MAINTENANCE,1.0,KA-SOUTH,0.45,0.78,0.649,4.211
V0454,V0502,5,43,53,0.912,5.485,0.0018472176694790694,2.733,ELECTRICAL_EQUIPMENT,0.583,KA-SOUTH,0.417,0.517,0.768,4.21
V0380,V0458,3,28,35,0.392,7.653,0.006481586367956823,2.188,VEHICLE_SUPPLIES,1.0,KA-CENTRAL,1.0,1.0,0.55,4.209
V0263,V0328,3,49,20,0.392,7.653,0.006381877856074589,2.195,VEHICLE_SUPPLIES,1.0,KA-CENTRAL,1.0,1.0,0.55,4.209
V0281,V0288,3,40,29,0.464,6.466,0.010396954784408817,1.983,BUILDING_CONSTRUCTION,1.0,TN-NORTH,0.44,0.776,0.651,4.208
V0074,V0381,3,28,41,0.459,6.533,0.010093244828251824,1.996,ROAD_CONSTRUCTION,1.0,KA-NORTH,0.48,0.792,0.644,4.205
V0384,V0454,5,45,43,0.774,6.46,0.000870844355179657,3.06,IT_SERVICES,0.854,KA-NORTH,0.659,0.776,0.651,4.205
V0005,V0419,4,31,56,0.694,5.76,0.004532052198335303,2.344,VEHICLE_SUPPLIES,0.758,KA-NORTH,0.364,0.6,0.73,4.205
V0016,V0219,6,50,45,0.9,6.667,0.00021192568905464528,3.674,FURNITURE,0.83,KA-SOUTH,0.809,0.821,0.63,4.203
V0123,V0280,4,45,36,0.648,6.173,0.0035455653238865427,2.45,FURNITURE,0.71,KA-SOUTH,0.71,0.71,0.681,4.202
V0002,V0244,3,22,50,0.44,6.818,0.008871852360303517,2.052,FURNITURE,1.0,KA-CENTRAL,0.632,0.853,0.616,4.202
V0228,V0263,4,34,49,0.666,6.002,0.003921234699909128,2.407,VEHICLE_SUPPLIES,0.667,KA-CENTRAL,0.667,0.667,0.7,4.201
V0093,V0322,3,34,40,0.544,5.515,0.01611322422480889,1.793,FURNITURE,0.647,KA-SOUTH,0.353,0.529,0.762,4.201
V0426,V0526,3,40,28,0.448,6.696,0.009424933190956483,2.026,ROAD_CONSTRUCTION,1.0,KA-CENTRAL,0.571,0.829,0.627,4.199
V0040,V0414,3,35,31,0.434,6.912,0.00864173192933045,2.063,ELECTRICAL_EQUIPMENT,1.0,KA-NORTH,0.682,0.873,0.607,4.197
V0280,V0301,3,36,36,0.518,5.787,0.014136470827937207,1.85,FURNITURE,0.632,KA-SOUTH,0.579,0.611,0.725,4.197
V0082,V0523,3,32,34,0.435,6.893,0.0087105809307619,2.06,FURNITURE,0.783,KA-BENGALURU,1.0,0.87,0.609,4.196
V0199,V0242,3,27,41,0.443,6.775,0.00911464564506936,2.04,BUILDING_CONSTRUCTION,1.0,KA-CENTRAL,0.615,0.846,0.619,4.195
V0019,V0547,3,23,48,0.442,6.793,0.008984941922175435,2.046,WATER_INFRASTRUCTURE,1.0,KA-SOUTH,0.625,0.85,0.617,4.195
V0199,V0254,3,27,43,0.464,6.46,0.01040147898286948,1.983,BUILDING_CONSTRUCTION,1.0,KA-NORTH,0.45,0.78,0.649,4.193
V0035,V0308,3,24,41,0.394,7.622,0.006525608948617259,2.185,IT_SERVICES,1.0,KA-CENTRAL,1.0,1.0,0.55,4.192
V0051,V0386,3,51,22,0.449,6.684,0.009372760538912023,2.028,ROAD_CONSTRUCTION,1.0,KA-NORTH,0.571,0.829,0.627,4.192
V0123,V0292,3,45,27,0.486,6.173,0.011789409710633499,1.929,BUILDING_CONSTRUCTION,0.783,KA-CENTRAL,0.609,0.713,0.679,4.192
V0178,V0403,4,49,34,0.666,6.002,0.003921234699909128,2.407,ELECTRICAL_EQUIPMENT,0.774,KA-NORTH,0.516,0.671,0.698,4.19
V0129,V0336,4,47,35,0.658,6.079,0.003747465305499664,2.426,ELECTRICAL_EQUIPMENT,0.788,KA-CENTRAL,0.545,0.691,0.689,4.189
V0359,V0478,3,40,30,0.48,6.25,0.011425345092657488,1.942,WATER_INFRASTRUCTURE,0.733,KA-NORTH,0.733,0.733,0.67,4.188
V0256,V0384,5,40,45,0.72,6.944,0.0006197335636830214,3.208,ELECTRICAL_EQUIPMENT,1.0,KA-NORTH,0.706,0.882,0.603,4.187
V0281,V0364,3,40,31,0.496,6.048,0.012510686454703036,1.903,BUILDING_CONSTRUCTION,0.654,KA-NORTH,0.731,0.685,0.692,4.185
V0175,V0184,4,22,63,0.554,7.215,0.0019059059357233277,2.72,IT_SERVICES,1.0,KA-NORTH,0.833,0.933,0.58,4.185
V0247,V0289,3,41,27,0.443,6.775,0.00911464564506936,2.04,WATER_INFRASTRUCTURE,1.0,KA-NORTH,0.625,0.85,0.617,4.184
V0266,V0384,3,24,45,0.432,6.944,0.00847048633333021,2.072,IT_SERVICES,1.0,KA-SOUTH,0.708,0.883,0.602,4.184
V0209,V0509,4,36,42,0.605,6.614,0.002746786404437979,2.561,ELECTRICAL_EQUIPMENT,1.0,KA-BENGALURU,0.542,0.817,0.633,4.183
V0359,V0531,4,40,43,0.688,5.814,0.0044242290479348375,2.354,ROAD_CONSTRUCTION,0.562,KA-NORTH,0.719,0.625,0.719,4.179
V0013,V0417,3,32,37,0.474,6.334,0.011020125071052154,1.958,ELECTRICAL_EQUIPMENT,1.0,KA-BENGALURU,0.391,0.757,0.66,4.178
V0242,V0379,6,41,53,0.869,6.903,0.00017321601801957156,3.761,FURNITURE,0.795,KA-SOUTH,1.0,0.877,0.605,4.178
V0455,V0537,3,43,32,0.55,5.451,0.016617665604316066,1.779,WATER_INFRASTRUCTURE,0.6,KA-NORTH,0.4,0.52,0.766,4.175
V0169,V0488,3,35,36,0.504,5.952,0.013086545801895591,1.883,VEHICLE_SUPPLIES,0.68,KA-SOUTH,0.64,0.664,0.701,4.174
V0127,V0436,3,43,28,0.482,6.229,0.011511472064916805,1.939,BUILDING_CONSTRUCTION,1.0,KA-SOUTH,0.333,0.733,0.67,4.173
V0122,V0127,4,36,43,0.619,6.46,0.002997596411495629,2.523,FURNITURE,1.0,KA-CENTRAL,0.467,0.787,0.646,4.173
V0340,V0489,3,47,27,0.508,5.91,0.013279885772354137,1.877,WATER_INFRASTRUCTURE,0.636,KA-CENTRAL,0.682,0.655,0.705,4.169
V0096,V0481,3,17,64,0.435,6.893,0.00842156136922957,2.075,MEDICAL_SUPPLIES,1.0,KA-NORTH,0.696,0.878,0.605,4.169
V0014,V0066,6,46,53,0.975,6.153,0.00033264411190831204,3.478,FURNITURE,0.806,KA-NORTH,0.583,0.717,0.678,4.169
V0302,V0513,4,24,55,0.528,7.576,0.0016071489011817456,2.794,ELECTRICAL_EQUIPMENT,1.0,KA-NORTH,1.0,1.0,0.55,4.167
V0076,V0363,3,22,45,0.396,7.576,0.006608808251249919,2.18,BUILDING_CONSTRUCTION,1.0,KA-SOUTH,1.0,1.0,0.55,4.167
V0224,V0478,3,42,30,0.504,5.952,0.013063206737978655,1.884,ROAD_CONSTRUCTION,0.667,KA-SOUTH,0.667,0.667,0.7,4.166
V0199,V0504,3,27,41,0.443,6.775,0.00911464564506936,2.04,BUILDING_CONSTRUCTION,1.0,KA-NORTH,0.64,0.856,0.615,4.165
V0127,V0352,4,43,38,0.654,6.12,0.003663714628277938,2.436,FURNITURE,0.724,KA-NORTH,0.69,0.71,0.68,4.164
V0052,V0065,3,46,26,0.478,6.271,0.011274060831848984,1.948,CIVIL_MAINTENANCE,1.0,KA-SOUTH,0.367,0.747,0.664,4.164
V0042,V0320,5,49,40,0.784,6.378,0.0009228553276922671,3.035,ROAD_CONSTRUCTION,1.0,KA-CENTRAL,0.432,0.773,0.652,4.16
V0079,V0184,5,30,63,0.756,6.614,0.0007588846522205369,3.12,IT_SERVICES,1.0,KA-SOUTH,0.562,0.825,0.629,4.159
V0488,V0533,3,36,37,0.533,5.631,0.015233267506927108,1.817,VEHICLE_SUPPLIES,0.714,KA-NORTH,0.381,0.581,0.739,4.159
V0081,V0547,3,25,48,0.48,6.25,0.011359498277357183,1.945,ROAD_CONSTRUCTION,1.0,KA-SOUTH,0.36,0.744,0.665,4.158
V0517,V0525,3,28,41,0.459,6.533,0.010093244828251824,1.996,WATER_INFRASTRUCTURE,0.68,KA-SOUTH,1.0,0.808,0.636,4.158
V0042,V0073,5,49,44,0.862,5.798,0.0014359100442722856,2.843,ROAD_CONSTRUCTION,0.741,KA-CENTRAL,0.463,0.63,0.717,4.155
V0088,V0247,4,38,41,0.623,6.418,0.003072649382837031,2.512,WATER_INFRASTRUCTURE,1.0,KA-NORTH,0.462,0.785,0.647,4.152
V0179,V0245,3,29,38,0.441,6.806,0.009016523934922556,2.045,CIVIL_MAINTENANCE,1.0,KA-NORTH,0.667,0.867,0.61,4.152
V0228,V0472,3,34,37,0.503,5.962,0.013028291033231297,1.885,VEHICLE_SUPPLIES,0.625,KA-NORTH,0.75,0.675,0.696,4.151
V0044,V0072,5,34,58,0.789,6.339,0.0009384406621317086,3.028,ROAD_CONSTRUCTION,1.0,KA-NORTH,0.419,0.767,0.655,4.15
V0248,V0468,3,46,26,0.478,6.271,0.011274060831848984,1.948,BUILDING_CONSTRUCTION,1.0,KA-CENTRAL,0.381,0.752,0.661,4.148
V0062,V0199,3,40,27,0.432,6.944,0.00850862676892116,2.07,ELECTRICAL_EQUIPMENT,1.0,KA-SOUTH,0.737,0.895,0.597,4.148
V0525,V0526,3,41,28,0.459,6.533,0.010093244828251824,1.996,ROAD_CONSTRUCTION,1.0,AP-SOUTH,0.529,0.812,0.635,4.147
V0309,V0370,5,56,37,0.829,6.033,0.0011872388661243985,2.925,FURNITURE,0.762,KA-BENGALURU,0.595,0.695,0.687,4.146
V0052,V0484,3,46,26,0.478,6.271,0.011274060831848984,1.948,CIVIL_MAINTENANCE,1.0,AP-SOUTH,0.382,0.753,0.661,4.146
V0396,V0513,7,51,55,1.122,6.239,9.253484361985639e-05,4.034,ELECTRICAL_EQUIPMENT,0.859,KA-CENTRAL,0.578,0.747,0.664,4.142
V0172,V0415,3,48,29,0.557,5.388,0.017104794371779506,1.767,ROAD_CONSTRUCTION,0.571,KA-CENTRAL,0.429,0.514,0.769,4.141
V0385,V0531,3,28,43,0.482,6.229,0.011511472064916805,1.939,WATER_INFRASTRUCTURE,1.0,KA-NORTH,0.364,0.745,0.665,4.139
V0274,V0310,3,37,35,0.518,5.792,0.01410600425352082,1.851,BUILDING_CONSTRUCTION,0.652,KA-NORTH,0.609,0.635,0.714,4.138
V0335,V0458,4,38,35,0.532,7.519,0.0016960395291556556,2.771,VEHICLE_SUPPLIES,1.0,KA-NORTH,1.0,1.0,0.55,4.135
V0396,V0514,3,51,22,0.449,6.684,0.009372760538912023,2.028,IT_SERVICES,1.0,KA-CENTRAL,0.619,0.848,0.619,4.135
V0258,V0434,3,37,38,0.562,5.334,0.01763755913568394,1.754,IT_SERVICES,0.5,KA-NORTH,0.5,0.5,0.775,4.134
V0258,V0277,7,37,71,1.051,6.662,5.768745089743614e-05,4.239,IT_SERVICES,1.0,KA-NORTH,0.609,0.843,0.62,4.133
V0384,V0424,5,45,40,0.72,6.944,0.0006197335636830214,3.208,ELECTRICAL_EQUIPMENT,1.0,KA-NORTH,0.75,0.9,0.595,4.132
V0219,V0413,4,45,40,0.72,5.556,0.005219809004053145,2.282,FURNITURE,0.571,KA-NORTH,0.571,0.571,0.743,4.127
V0079,V0384,3,30,45,0.54,5.556,0.015761275546172238,1.802,ELECTRICAL_EQUIPMENT,0.571,KA-CENTRAL,0.571,0.571,0.743,4.127
V0224,V0516,3,42,32,0.538,5.58,0.015592507866453324,1.807,WATER_INFRASTRUCTURE,0.579,KA-SOUTH,0.579,0.579,0.739,4.126
V0043,V0421,6,51,46,0.938,6.394,0.0002682866346534532,3.571,ROAD_CONSTRUCTION,1.0,KA-SOUTH,0.471,0.788,0.645,4.126
V0016,V0412,3,50,20,0.4,7.5,0.006754627416386499,2.17,BUILDING_CONSTRUCTION,1.0,KA-SOUTH,1.0,1.0,0.55,4.125
V0117,V0244,3,20,50,0.4,7.5,0.006754627416386499,2.17,BUILDING_CONSTRUCTION,1.0,KA-NORTH,1.0,1.0,0.55,4.125
V0016,V0046,3,50,20,0.4,7.5,0.006754627416386499,2.17,BUILDING_CONSTRUCTION,1.0,KA-NORTH,1.0,1.0,0.55,4.125
V0178,V0338,5,49,45,0.882,5.669,0.0015917696481084474,2.798,IT_SERVICES,0.639,KA-NORTH,0.556,0.606,0.728,4.124
V0320,V0516,3,40,32,0.512,5.859,0.013653492504441702,1.865,WATER_INFRASTRUCTURE,0.542,KA-CENTRAL,0.833,0.658,0.704,4.123
V0437,V0547,4,33,48,0.634,6.313,0.0032536663955169526,2.488,ROAD_CONSTRUCTION,1.0,KA-CENTRAL,0.429,0.771,0.653,4.121
V0123,V0127,4,45,43,0.774,5.168,0.0067770685719844796,2.169,BUILDING_CONSTRUCTION,0.562,KA-SOUTH,0.281,0.45,0.798,4.121
V0114,V0525,3,31,41,0.508,5.901,0.013386018675149528,1.873,ROAD_CONSTRUCTION,0.714,KA-CENTRAL,0.607,0.671,0.698,4.118
V0199,V0281,3,27,40,0.432,6.944,0.00850862676892116,2.07,BUILDING_CONSTRUCTION,1.0,KA-NORTH,0.762,0.905,0.593,4.117
V0079,V0209,3,30,36,0.432,6.944,0.008527696193246679,2.069,ELECTRICAL_EQUIPMENT,1.0,KA-CENTRAL,0.762,0.905,0.593,4.117
V0043,V0191,3,51,22,0.449,6.684,0.009372760538912023,2.028,ROAD_CONSTRUCTION,1.0,KA-SOUTH,0.636,0.855,0.615,4.114
V0042,V0547,6,49,48,0.941,6.378,0.0002723541507241526,3.565,ROAD_CONSTRUCTION,1.0,KA-CENTRAL,0.477,0.791,0.644,4.108
V0088,V0187,3,38,34,0.517,5.805,0.01401482900248467,1.853,CIVIL_MAINTENANCE,0.654,KA-SOUTH,0.654,0.654,0.706,4.097
V0320,V0359,4,40,40,0.64,6.25,0.0033915720138041924,2.47,WATER_INFRASTRUCTURE,0.767,KA-NORTH,0.767,0.767,0.655,4.094
V0043,V0133,5,51,37,0.755,6.624,0.0007704319079193147,3.113,ROAD_CONSTRUCTION,1.0,KA-NORTH,0.622,0.849,0.618,4.094
V0460,V0481,7,42,64,1.075,6.51,6.878658895978887e-05,4.162,LAB_EQUIPMENT,1.0,KA-NORTH,0.562,0.825,0.629,4.093
V0172,V0182,5,48,35,0.672,7.44,0.0004445928663773977,3.352,WATER_INFRASTRUCTURE,1.0,KA-CENTRAL,1.0,1.0,0.55,4.092
V0184,V0233,3,63,16,0.403,7.44,0.006758562338856486,2.17,IT_SERVICES,1.0,KA-NORTH,1.0,1.0,0.55,4.092
V0153,V0526,3,36,28,0.403,7.44,0.007018079283008273,2.154,ROAD_CONSTRUCTION,1.0,KA-SOUTH,1.0,1.0,0.55,4.092
V0254,V0362,3,43,26,0.447,6.708,0.009356810424047486,2.029,BUILDING_CONSTRUCTION,1.0,KA-BENGALURU,0.667,0.867,0.61,4.092
V0014,V0319,4,46,34,0.626,6.394,0.0031085308812513054,2.507,FURNITURE,1.0,KA-NORTH,0.5,0.8,0.64,4.092
V0313,V0547,4,28,48,0.538,7.44,0.0017468785097460976,2.758,WATER_INFRASTRUCTURE,1.0,KA-CENTRAL,1.0,1.0,0.55,4.092
V0184,V0497,3,63,16,0.403,7.44,0.006758562338856486,2.17,IT_SERVICES,1.0,KA-NORTH,1.0,1.0,0.55,4.092
V0053,V0317,4,44,35,0.616,6.494,0.0029384610307559376,2.532,CIVIL_MAINTENANCE,1.0,KA-NORTH,0.556,0.822,0.63,4.091
V0024,V0150,3,47,26,0.489,6.137,0.011960163752979916,1.922,CIVIL_MAINTENANCE,1.0,AP-SOUTH,0.353,0.741,0.666,4.09
V0047,V0129,7,55,47,1.034,6.77,5.3811196513988144e-05,4.269,ELECTRICAL_EQUIPMENT,1.0,KA-SOUTH,0.702,0.881,0.604,4.087
V0133,V0304,4,37,44,0.651,6.143,0.0036127579695799657,2.442,WATER_INFRASTRUCTURE,1.0,KA-BENGALURU,0.36,0.744,0.665,4.086
V0169,V0294,3,35,32,0.448,6.696,0.009444970279364024,2.025,VEHICLE_SUPPLIES,1.0,KA-CENTRAL,0.667,0.867,0.61,4.085
V0186,V0269,3,29,39,0.452,6.631,0.009692239129155874,2.014,BUILDING_CONSTRUCTION,1.0,KA-CENTRAL,0.636,0.855,0.615,4.081
V0186,V0363,3,29,45,0.522,5.747,0.014363624289232577,1.843,BUILDING_CONSTRUCTION,0.63,KA-SOUTH,0.667,0.644,0.71,4.08
V0159,V0510,3,40,30,0.48,6.25,0.011425345092657488,1.942,ROAD_CONSTRUCTION,0.773,KA-SOUTH,0.773,0.773,0.652,4.077
V0050,V0334,3,55,20,0.44,6.818,0.008813170462880103,2.055,IT_SERVICES,1.0,KA-SOUTH,0.733,0.893,0.598,4.077
V0215,V0514,3,51,22,0.449,6.684,0.009372760538912023,2.028,IT_SERVICES,1.0,KA-CENTRAL,0.667,0.867,0.61,4.077
V0352,V0413,4,38,40,0.608,6.579,0.002803255535523356,2.552,FURNITURE,0.846,KA-NORTH,0.846,0.846,0.619,4.074
V0024,V0337,3,47,24,0.451,6.649,0.009558206502463069,2.02,CIVIL_MAINTENANCE,1.0,KA-NORTH,0.654,0.862,0.612,4.071
V0322,V0364,3,40,31,0.496,6.048,0.012510686454703036,1.903,BUILDING_CONSTRUCTION,0.727,KA-CENTRAL,0.727,0.727,0.673,4.069
V0088,V0426,4,38,40,0.608,6.579,0.002803255535523356,2.552,WATER_INFRASTRUCTURE,1.0,KA-SOUTH,0.621,0.848,0.618,4.068
V0042,V0516,4,49,32,0.627,6.378,0.0031293474016891153,2.505,ROAD_CONSTRUCTION,1.0,KA-CENTRAL,0.514,0.805,0.638,4.066
V0066,V0132,7,53,58,1.23,5.693,0.00016799333076284953,3.775,FURNITURE,0.822,KA-CENTRAL,0.356,0.636,0.714,4.065
V0051,V0091,9,51,74,1.51,5.962,1.1934329318456966e-05,4.923,CIVIL_MAINTENANCE,0.9,KA-CENTRAL,0.422,0.709,0.681,4.06
V0062,V0258,4,40,37,0.592,6.757,0.002537274844083141,2.596,ELECTRICAL_EQUIPMENT,1.0,KA-SOUTH,0.72,0.888,0.6,4.057
V0197,V0263,3,25,49,0.49,6.122,0.012020916215440942,1.92,VEHICLE_SUPPLIES,1.0,TN-NORTH,0.375,0.75,0.662,4.056
V0120,V0496,3,44,26,0.458,6.556,0.009972554791545176,2.001,WATER_INFRASTRUCTURE,1.0,KA-CENTRAL,0.619,0.848,0.619,4.055
V0120,V0415,3,44,29,0.51,5.878,0.013510533406754704,1.869,WATER_INFRASTRUCTURE,0.69,KA-CENTRAL,0.69,0.69,0.69,4.054
V0304,V0496,3,44,26,0.458,6.556,0.009972554791545176,2.001,WATER_INFRASTRUCTURE,1.0,KA-CENTRAL,0.621,0.848,0.618,4.053
V0061,V0424,4,37,40,0.592,6.757,0.002537274844083141,2.596,ELECTRICAL_EQUIPMENT,1.0,KA-NORTH,0.724,0.89,0.6,4.052
V0023,V0336,4,44,35,0.616,6.494,0.0029384610307559376,2.532,ELECTRICAL_EQUIPMENT,1.0,KA-NORTH,0.591,0.836,0.624,4.05
V0301,V0523,3,36,34,0.49,6.127,0.012083184062664452,1.918,FURNITURE,1.0,KA-BENGALURU,0.385,0.754,0.661,4.049
V0024,V0484,3,47,26,0.489,6.137,0.011960163752979916,1.922,CIVIL_MAINTENANCE,1.0,AP-SOUTH,0.394,0.758,0.659,4.045
V0161,V0245,3,34,38,0.517,5.805,0.01401482900248467,1.853,CIVIL_MAINTENANCE,0.704,KA-NORTH,0.63,0.674,0.697,4.044
V0263,V0472,4,49,37,0.725,5.516,0.005348474172429303,2.272,VEHICLE_SUPPLIES,0.679,KA-SOUTH,0.464,0.593,0.733,4.044
V0276,V0364,3,41,31,0.508,5.901,0.013386018675149528,1.873,FURNITURE,0.6,KA-CENTRAL,0.85,0.7,0.685,4.042
V0065,V0438,3,26,44,0.458,6.556,0.009972554791545176,2.001,CIVIL_MAINTENANCE,1.0,KA-NORTH,0.632,0.853,0.616,4.041
V0142,V0263,3,29,49,0.568,5.278,0.018079572923678313,1.743,VEHICLE_SUPPLIES,0.609,KA-NORTH,0.391,0.522,0.765,4.039
V0059,V0280,3,32,36,0.461,6.51,0.01021470456987748,1.991,BUILDING_CONSTRUCTION,1.0,KA-CENTRAL,0.609,0.843,0.62,4.039
V0434,V0513,5,38,55,0.836,5.981,0.0012376194200092907,2.907,IT_SERVICES,0.795,KA-NORTH,0.615,0.723,0.675,4.035
V0298,V0362,3,43,26,0.447,6.708,0.009356810424047486,2.029,BUILDING_CONSTRUCTION,1.0,KA-NORTH,0.714,0.886,0.601,4.034
V0051,V0059,4,51,32,0.653,6.127,0.0036252124175047916,2.441,CIVIL_MAINTENANCE,1.0,KA-CENTRAL,0.4,0.76,0.658,4.032
V0224,V0470,3,42,33,0.554,5.411,0.01695384645082211,1.771,WATER_INFRASTRUCTURE,0.692,AP-SOUTH,0.385,0.569,0.744,4.025
V0394,V0405,3,41,25,0.41,7.317,0.007331681347936946,2.135,ELECTRICAL_EQUIPMENT,1.0,KA-BENGALURU,1.0,1.0,0.55,4.024
V0218,V0247,4,43,41,0.705,5.672,0.004841756394015193,2.315,WATER_INFRASTRUCTURE,0.7,KA-NORTH,0.567,0.647,0.709,4.021
V0119,V0431,4,64,23,0.589,6.793,0.0024000896313676567,2.62,MEDICAL_SUPPLIES,1.0,KA-SOUTH,0.767,0.907,0.592,4.021
V0320,V0426,4,40,40,0.64,6.25,0.0033915720138041924,2.47,WATER_INFRASTRUCTURE,0.655,KA-SOUTH,1.0,0.793,0.643,4.019
V0100,V0368,3,26,50,0.52,5.769,0.014161674276979263,1.849,ROAD_CONSTRUCTION,0.704,KA-BENGALURU,0.63,0.674,0.697,4.019
V0042,V0381,5,49,41,0.804,6.222,0.0010356462395914067,2.985,ROAD_CONSTRUCTION,1.0,KA-NORTH,0.475,0.79,0.644,4.01
V0132,V0274,5,58,37,0.858,5.825,0.0013938773784109577,2.856,FURNITURE,0.78,KA-CENTRAL,0.561,0.693,0.688,4.009
V0129,V0502,6,47,53,0.996,6.022,0.0003751695914278788,3.426,ELECTRICAL_EQUIPMENT,0.81,KA-SOUTH,0.643,0.743,0.666,4.009
V0043,V0320,5,51,40,0.816,6.127,0.0011104523121274162,2.955,ROAD_CONSTRUCTION,1.0,KA-CENTRAL,0.422,0.769,0.654,4.007
V0159,V0421,5,40,46,0.736,6.793,0.0006871888450896708,3.163,WATER_INFRASTRUCTURE,0.853,KA-SOUTH,1.0,0.912,0.59,4.006
V0034,V0451,4,53,31,0.657,6.086,0.003708385066111537,2.431,ELECTRICAL_EQUIPMENT,1.0,KA-CENTRAL,0.4,0.76,0.658,4.005
V0078,V0359,3,36,40,0.576,5.208,0.018807366197323885,1.726,WATER_INFRASTRUCTURE,0.571,KA-NORTH,0.429,0.514,0.769,4.003
V0052,V0360,3,46,25,0.46,6.522,0.01010197829202629,1.996,CIVIL_MAINTENANCE,1.0,KA-SOUTH,0.647,0.859,0.614,4.001
V0281,V0413,4,40,40,0.64,6.25,0.0033915720138041924,2.47,FURNITURE,0.8,KA-NORTH,0.8,0.8,0.64,4.0
V0062,V0454,5,40,43,0.688,7.267,0.0004998859004509594,3.301,ELECTRICAL_EQUIPMENT,1.0,KA-SOUTH,1.0,1.0,0.55,3.997
V0051,V0377,3,51,24,0.49,6.127,0.011970616176560384,1.922,CIVIL_MAINTENANCE,1.0,AP-SOUTH,0.433,0.773,0.652,3.995
V0025,V0113,7,61,46,1.122,6.237,9.215480169026171e-05,4.035,LAB_EQUIPMENT,0.9,KA-CENTRAL,0.65,0.8,0.64,3.992
V0172,V0381,5,48,41,0.787,6.352,0.0009412701704513104,3.026,WATER_INFRASTRUCTURE,1.0,KA-CENTRAL,0.565,0.826,0.628,3.991
V0277,V0514,4,71,22,0.625,6.402,0.0029675958136373194,2.528,IT_SERVICES,1.0,KA-CENTRAL,0.593,0.837,0.623,3.991
V0066,V0468,4,53,26,0.551,7.257,0.0019057438377826478,2.72,BUILDING_CONSTRUCTION,1.0,KA-CENTRAL,1.0,1.0,0.55,3.991
V0129,V0175,3,47,22,0.414,7.253,0.007466274090267647,2.127,IT_SERVICES,1.0,KA-SOUTH,1.0,1.0,0.55,3.989
V0256,V0451,3,40,31,0.496,6.048,0.012510686454703036,1.903,ELECTRICAL_EQUIPMENT,1.0,KA-SOUTH,0.391,0.757,0.66,3.989
V0063,V0394,3,30,41,0.492,6.098,0.01222832122230094,1.913,ELECTRICAL_EQUIPMENT,1.0,KA-BENGALURU,0.421,0.768,0.654,3.989
V0345,V0525,3,27,41,0.443,6.775,0.00911464564506936,2.04,WATER_INFRASTRUCTURE,0.857,KA-SOUTH,1.0,0.914,0.589,3.988
V0059,V0209,3,32,36,0.461,6.51,0.01021470456987748,1.991,BUILDING_CONSTRUCTION,1.0,KA-SOUTH,0.654,0.862,0.612,3.986
V0366,V0547,3,30,48,0.576,5.208,0.018752758495252837,1.727,WATER_INFRASTRUCTURE,0.611,KA-NORTH,0.389,0.522,0.765,3.984
V0274,V0301,3,37,36,0.533,5.631,0.015233267506927108,1.817,FURNITURE,0.65,KA-NORTH,0.65,0.65,0.708,3.984
V0040,V0384,4,35,45,0.63,6.349,0.0031932407000586725,2.496,ELECTRICAL_EQUIPMENT,0.714,KA-NORTH,1.0,0.829,0.627,3.982
V0016,V0059,4,50,32,0.64,6.25,0.003371035683471867,2.472,BUILDING_CONSTRUCTION,1.0,KA-SOUTH,0.517,0.807,0.637,3.981
V0091,V0205,3,74,14,0.414,7.239,0.007166630448023804,2.145,ROAD_CONSTRUCTION,1.0,KA-SOUTH,1.0,1.0,0.55,3.981
V0377,V0419,3,24,56,0.538,5.58,0.015440966014126742,1.811,VEHICLE_SUPPLIES,0.562,KA-SOUTH,0.75,0.638,0.713,3.979
V0169,V0335,3,35,38,0.532,5.639,0.015169715515609262,1.819,VEHICLE_SUPPLIES,0.818,KA-NORTH,0.409,0.655,0.705,3.978
V0020,V0448,3,85,13,0.442,6.787,0.00847674326618733,2.072,MEDICAL_SUPPLIES,1.0,KA-NORTH,0.8,0.92,0.586,3.977
V0344,V0403,3,38,34,0.517,5.805,0.01401482900248467,1.853,ELECTRICAL_EQUIPMENT,0.731,KA-SOUTH,0.654,0.7,0.685,3.976
V0298,V0367,3,43,26,0.447,6.708,0.009356810424047486,2.029,ELECTRICAL_EQUIPMENT,1.0,KA-NORTH,0.765,0.906,0.592,3.974
V0404,V0419,5,38,56,0.851,5.874,0.0013439783670996192,2.872,VEHICLE_SUPPLIES,0.844,KA-NORTH,0.531,0.719,0.677,3.974
V0073,V0489,3,44,27,0.475,6.313,0.011082711522031616,1.955,CIVIL_MAINTENANCE,1.0,KA-CENTRAL,0.56,0.824,0.629,3.972
V0342,V0525,4,39,41,0.64,6.254,0.003383482425301486,2.471,WATER_INFRASTRUCTURE,0.833,KA-SOUTH,0.778,0.811,0.635,3.971
V0159,V0224,4,40,42,0.672,5.952,0.00405917387142471,2.392,ROAD_CONSTRUCTION,0.568,KA-SOUTH,1.0,0.741,0.667,3.969
V0531,V0547,5,43,48,0.826,6.056,0.0011747095099517812,2.93,ROAD_CONSTRUCTION,0.857,KA-CENTRAL,0.629,0.766,0.655,3.969
V0224,V0320,4,42,40,0.672,5.952,0.00405917387142471,2.392,WATER_INFRASTRUCTURE,0.741,KA-SOUTH,0.741,0.741,0.667,3.968
V0258,V0513,5,37,55,0.814,6.143,0.001092921539811284,2.961,IT_SERVICES,0.647,KA-NORTH,1.0,0.788,0.645,3.964
V0151,V0244,3,23,50,0.46,6.522,0.010060448038357605,1.997,FURNITURE,1.0,KA-CENTRAL,0.68,0.872,0.608,3.963
V0080,V0502,5,39,53,0.827,6.047,0.0011782196143322282,2.929,ELECTRICAL_EQUIPMENT,1.0,KA-SOUTH,0.415,0.766,0.655,3.963
V0338,V0396,5,45,51,0.918,5.447,0.001909012683947298,2.719,ELECTRICAL_EQUIPMENT,0.686,KA-CENTRAL,0.486,0.606,0.727,3.962
V0332,V0415,4,51,29,0.592,6.761,0.0025049222542932736,2.601,WATER_INFRASTRUCTURE,1.0,KA-CENTRAL,0.8,0.92,0.586,3.962
V0093,V0249,3,34,37,0.503,5.962,0.013028291033231297,1.885,BUILDING_CONSTRUCTION,1.0,KA-CENTRAL,0.364,0.745,0.665,3.962
V0029,V0051,4,33,51,0.673,5.942,0.004063700311203153,2.391,CIVIL_MAINTENANCE,1.0,AP-SOUTH,0.351,0.741,0.667,3.962
V0003,V0158,3,40,34,0.544,5.515,0.01611322422480889,1.793,CIVIL_MAINTENANCE,0.783,KA-CENTRAL,0.391,0.626,0.718,3.961
V0013,V0394,3,32,41,0.525,5.716,0.014604510564147204,1.836,CIVIL_MAINTENANCE,0.583,KA-SOUTH,0.833,0.683,0.692,3.958
V0454,V0494,3,43,29,0.499,6.014,0.012687506557621167,1.897,IT_SERVICES,1.0,KA-CENTRAL,0.4,0.76,0.658,3.957
V0276,V0523,3,41,34,0.558,5.38,0.017225514540845987,1.764,FURNITURE,0.526,KA-CENTRAL,0.684,0.589,0.735,3.953
V0212,V0410,3,42,30,0.504,5.952,0.013063206737978655,1.884,WATER_INFRASTRUCTURE,1.0,KA-CENTRAL,0.368,0.747,0.664,3.95
V0277,V0307,9,71,50,1.42,6.338,7.0970327116302736e-06,5.149,LAB_EQUIPMENT,1.0,KA-NORTH,0.595,0.838,0.623,3.948
V0304,V0332,5,44,51,0.898,5.57,0.0017232287048404124,2.764,WATER_INFRASTRUCTURE,0.763,KA-CENTRAL,0.474,0.647,0.709,3.947
V0047,V0213,3,55,19,0.418,7.177,0.007608551022959076,2.119,ELECTRICAL_EQUIPMENT,1.0,KA-SOUTH,1.0,1.0,0.55,3.947
V0011,V0179,3,40,29,0.464,6.466,0.010396954784408817,1.983,ELECTRICAL_EQUIPMENT,1.0,KA-NORTH,0.667,0.867,0.61,3.944
V0258,V0383,3,37,36,0.533,5.631,0.015233267506927108,1.817,IT_SERVICES,0.667,KA-NORTH,0.667,0.667,0.7,3.942
V0199,V0454,3,27,43,0.464,6.46,0.01040147898286948,1.983,ELECTRICAL_EQUIPMENT,1.0,KA-CENTRAL,0.667,0.867,0.61,3.941
V0016,V0322,4,50,40,0.8,5.0,0.007617048869978708,2.118,BUILDING_CONSTRUCTION,0.529,KA-CENTRAL,0.382,0.471,0.788,3.941
V0178,V0502,6,49,53,1.039,5.776,0.00047295081537328986,3.325,IT_SERVICES,0.511,KA-NORTH,1.0,0.707,0.682,3.939
V0007,V0242,4,39,41,0.64,6.254,0.003383482425301486,2.471,FURNITURE,0.706,KA-SOUTH,1.0,0.824,0.629,3.936
V0088,V0224,4,38,42,0.638,6.266,0.0033592922550910722,2.474,WATER_INFRASTRUCTURE,1.0,KA-SOUTH,0.571,0.829,0.627,3.93
V0198,V0244,3,21,50,0.42,7.143,0.007770420068983805,2.11,BUILDING_CONSTRUCTION,1.0,KA-NORTH,1.0,1.0,0.55,3.929
V0063,V0433,3,30,35,0.42,7.143,0.007880448634153225,2.103,ELECTRICAL_EQUIPMENT,1.0,KA-CENTRAL,1.0,1.0,0.55,3.929
V0421,V0531,4,46,43,0.791,5.056,0.007330630310236849,2.135,WATER_INFRASTRUCTURE,0.556,KA-BENGALURU,0.407,0.496,0.777,3.927
V0338,V0384,5,45,45,0.81,6.173,0.001076048921664098,2.968,IT_SERVICES,0.8,KA-NORTH,0.822,0.809,0.636,3.926
V0219,V0274,4,45,37,0.666,6.006,0.003923523955912042,2.406,FURNITURE,1.0,KA-CENTRAL,0.424,0.77,0.654,3.926
V0159,V0346,4,40,41,0.656,6.098,0.003715155553912481,2.43,WATER_INFRASTRUCTURE,0.875,KA-SOUTH,0.667,0.792,0.644,3.926
V0298,V0349,3,43,29,0.499,6.014,0.012687506557621167,1.897,ELECTRICAL_EQUIPMENT,1.0,KA-CENTRAL,0.429,0.771,0.653,3.926
V0123,V0248,5,45,46,0.828,6.039,0.0011911936815666455,2.924,BUILDING_CONSTRUCTION,1.0,KA-NORTH,0.444,0.778,0.65,3.925
V0478,V0547,3,30,48,0.576,5.208,0.018752758495252837,1.727,ROAD_CONSTRUCTION,0.548,KA-CENTRAL,0.548,0.548,0.753,3.923
V0093,V0379,4,34,53,0.721,5.549,0.005214891526607564,2.283,FURNITURE,0.742,KA-CENTRAL,0.516,0.652,0.707,3.922
V0010,V0341,4,96,17,0.653,6.127,0.003307367136880288,2.481,MEDICAL_SUPPLIES,1.0,KA-NORTH,0.5,0.8,0.64,3.921
V0132,V0322,5,58,40,0.928,5.388,0.001995117170963239,2.7,BUILDING_CONSTRUCTION,0.545,KA-CENTRAL,0.697,0.606,0.727,3.919
V0263,V0530,3,49,29,0.568,5.278,0.018079572923678313,1.743,VEHICLE_SUPPLIES,0.682,KA-CENTRAL,0.409,0.573,0.742,3.918
V0254,V0309,5,43,56,0.963,5.191,0.002366645197091716,2.626,FURNITURE,0.622,KA-SOUTH,0.432,0.546,0.754,3.916
V0024,V0303,3,47,27,0.508,5.91,0.013279885772354137,1.877,CIVIL_MAINTENANCE,1.0,TN-NORTH,0.375,0.75,0.662,3.915
V0230,V0294,3,41,32,0.525,5.716,0.014604510564147204,1.836,CIVIL_MAINTENANCE,0.773,KA-CENTRAL,0.591,0.7,0.685,3.915
V0121,V0142,3,43,29,0.499,6.014,0.012687506557621167,1.897,CIVIL_MAINTENANCE,1.0,KA-SOUTH,0.44,0.776,0.651,3.914
V0059,V0322,3,32,40,0.512,5.859,0.013653492504441702,1.865,BUILDING_CONSTRUCTION,1.0,AP-SOUTH,0.346,0.738,0.668,3.912
V0201,V0249,4,38,37,0.562,7.112,0.0020931711202438158,2.679,BUILDING_CONSTRUCTION,1.0,KA-SOUTH,1.0,1.0,0.55,3.912
V0153,V0437,3,36,33,0.475,6.313,0.011126035038629634,1.954,WATER_INFRASTRUCTURE,1.0,KA-NORTH,0.613,0.845,0.62,3.912
V0169,V0228,3,35,34,0.476,6.303,0.01117920998440935,1.952,VEHICLE_SUPPLIES,1.0,KA-NORTH,0.609,0.843,0.62,3.911
V0072,V0191,3,58,22,0.51,5.878,0.013344418817423582,1.875,ROAD_CONSTRUCTION,1.0,KA-BENGALURU,0.36,0.744,0.665,3.91
V0269,V0322,4,39,40,0.624,6.41,0.003087811970274321,2.51,BUILDING_CONSTRUCTION,1.0,KA-CENTRAL,0.667,0.867,0.61,3.91
V0215,V0383,4,51,36,0.734,5.447,0.005592045731645069,2.252,IT_SERVICES,0.724,KA-NORTH,0.483,0.628,0.718,3.909
V0245,V0404,3,38,38,0.578,5.194,0.018951001770153703,1.722,VEHICLE_SUPPLIES,0.65,KA-NORTH,0.4,0.55,0.752,3.908
V0327,V0379,6,51,53,1.081,5.549,0.0005896053675121178,3.229,BUILDING_CONSTRUCTION,0.857,KA-BENGALURU,0.357,0.657,0.704,3.908
V0013,V0485,3,32,42,0.538,5.58,0.015592507866453324,1.807,ELECTRICAL_EQUIPMENT,0.667,KA-SOUTH,0.667,0.667,0.7,3.906
V0053,V0337,3,44,24,0.422,7.102,0.007955710795078586,2.099,CIVIL_MAINTENANCE,1.0,KA-NORTH,1.0,1.0,0.55,3.906
V0039,V0198,3,56,21,0.47,6.378,0.010638965112463684,1.973,BUILDING_CONSTRUCTION,1.0,KA-CENTRAL,0.654,0.862,0.612,3.905
V0007,V0132,5,39,58,0.905,5.526,0.001776951435389298,2.75,FURNITURE,0.786,KA-SOUTH,0.452,0.652,0.706,3.904
V0130,V0188,3,27,43,0.464,6.46,0.01040147898286948,1.983,CIVIL_MAINTENANCE,1.0,KA-NORTH,0.7,0.88,0.604,3.902
V0215,V0405,3,51,25,0.51,5.882,0.01340974584719388,1.873,ELECTRICAL_EQUIPMENT,1.0,KA-SOUTH,0.37,0.748,0.663,3.902
V0127,V0413,4,43,40,0.688,5.814,0.0044242290479348375,2.354,FURNITURE,0.781,KA-NORTH,0.656,0.731,0.671,3.901
V0188,V0201,4,43,38,0.654,6.12,0.003663714628277938,2.436,BUILDING_CONSTRUCTION,1.0,KA-SOUTH,0.514,0.806,0.637,3.901
V0042,V0100,3,49,26,0.51,5.887,0.013403834518623503,1.873,ROAD_CONSTRUCTION,1.0,KA-NORTH,0.375,0.75,0.662,3.9
V0066,V0135,3,53,24,0.509,5.896,0.01329744555018995,1.876,BUILDING_CONSTRUCTION,1.0,KA-CENTRAL,0.381,0.752,0.661,3.9
V0184,V0307,8,63,50,1.26,6.349,2.4135879192447647e-05,4.617,LAB_EQUIPMENT,1.0,KA-NORTH,0.643,0.857,0.614,3.9
V0391,V0485,3,29,42,0.487,6.158,0.011894367016029856,1.925,CIVIL_MAINTENANCE,1.0,KA-BENGALURU,0.538,0.815,0.633,3.898
V0470,V0525,3,33,41,0.541,5.543,0.015884223277389493,1.799,WATER_INFRASTRUCTURE,0.6,KA-SOUTH,0.75,0.66,0.703,3.897
V0029,V0169,3,33,35,0.462,6.494,0.010290648775606825,1.988,CIVIL_MAINTENANCE,1.0,KA-CENTRAL,0.724,0.89,0.6,3.894
V0228,V0340,4,34,47,0.639,6.258,0.0033651627884220695,2.473,CIVIL_MAINTENANCE,1.0,KA-NORTH,0.6,0.84,0.622,3.892
V0119,V0475,4,64,24,0.614,6.51,0.0028252755178946745,2.549,MEDICAL_SUPPLIES,1.0,KA-NORTH,0.735,0.894,0.598,3.891
V0368,V0426,4,50,40,0.8,5.0,0.007617048869978708,2.118,WATER_INFRASTRUCTURE,0.533,KA-SOUTH,0.433,0.493,0.778,3.89
V0338,V0434,4,45,38,0.684,5.848,0.004327985096681707,2.364,ELECTRICAL_EQUIPMENT,0.84,KA-NORTH,0.6,0.744,0.665,3.89
V0274,V0370,3,37,37,0.548,5.478,0.016410370608149195,1.785,FURNITURE,0.556,KA-SOUTH,0.778,0.644,0.71,3.889
V0438,V0537,3,44,32,0.563,5.327,0.017680140846419994,1.753,WATER_INFRASTRUCTURE,0.6,KA-CENTRAL,0.6,0.6,0.73,3.889
V0242,V0413,4,41,40,0.656,6.098,0.003715155553912481,2.43,BUILDING_CONSTRUCTION,0.829,KA-CENTRAL,0.771,0.806,0.637,3.887
V0062,V0344,4,40,38,0.608,6.579,0.002803255535523356,2.552,ELECTRICAL_EQUIPMENT,1.0,KA-SOUTH,0.774,0.91,0.591,3.886
V0073,V0130,3,44,27,0.475,6.313,0.011082711522031616,1.955,ROAD_CONSTRUCTION,1.0,AP-SOUTH,0.636,0.855,0.615,3.885
V0054,V0320,3,33,40,0.528,5.682,0.014854210605755454,1.828,ROAD_CONSTRUCTION,0.64,KA-CENTRAL,0.8,0.704,0.683,3.882
V0346,V0478,3,41,30,0.492,6.098,0.01222832122230094,1.913,WATER_INFRASTRUCTURE,1.0,KA-NORTH,0.519,0.807,0.637,3.882
V0003,V0230,4,40,41,0.656,6.098,0.003715155553912481,2.43,CIVIL_MAINTENANCE,0.68,KA-SOUTH,1.0,0.808,0.636,3.881
V0014,V0364,3,46,31,0.57,5.259,0.018282416052674638,1.738,FURNITURE,0.565,KA-NORTH,0.609,0.583,0.738,3.88
V0123,V0195,4,45,42,0.756,5.291,0.006227652365770076,2.206,FURNITURE,0.71,KA-SOUTH,0.419,0.594,0.733,3.878
V0080,V0392,3,39,33,0.515,5.828,0.013863618172171608,1.858,ELECTRICAL_EQUIPMENT,1.0,AP-SOUTH,0.36,0.744,0.665,3.877
V0276,V0280,3,41,36,0.59,5.081,0.020093935680455626,1.697,FURNITURE,0.64,KA-CENTRAL,0.36,0.528,0.762,3.874
V0133,V0159,3,37,40,0.592,5.068,0.020242962493198065,1.694,ROAD_CONSTRUCTION,0.524,KA-NORTH,0.524,0.524,0.764,3.873
V0004,V0248,3,26,46,0.478,6.271,0.011274060831848984,1.948,BUILDING_CONSTRUCTION,1.0,KA-CENTRAL,0.625,0.85,0.617,3.872
V0247,V0429,3,41,26,0.426,7.036,0.008194394759066538,2.086,WATER_INFRASTRUCTURE,1.0,KA-NORTH,1.0,1.0,0.55,3.87
V0344,V0509,4,38,42,0.638,6.266,0.0033592922550910722,2.474,ELECTRICAL_EQUIPMENT,1.0,KA-SOUTH,0.625,0.85,0.617,3.869
V0218,V0478,3,43,30,0.516,5.814,0.013930207154188235,1.856,WATER_INFRASTRUCTURE,1.0,KA-CENTRAL,0.36,0.744,0.665,3.867
V0080,V0454,4,39,43,0.671,5.963,0.004031794733186449,2.395,ELECTRICAL_EQUIPMENT,1.0,KA-CENTRAL,0.455,0.782,0.648,3.865
V0424,V0509,4,40,42,0.672,5.952,0.00405917387142471,2.392,ELECTRICAL_EQUIPMENT,1.0,KA-BENGALURU,0.448,0.779,0.649,3.865
V0182,V0537,3,35,32,0.448,6.696,0.009444970279364024,2.025,WATER_INFRASTRUCTURE,0.9,KA-CENTRAL,1.0,0.94,0.577,3.864
V0030,V0184,3,18,63,0.454,6.614,0.009500886519581893,2.022,IT_SERVICES,1.0,KA-NORTH,0.81,0.924,0.584,3.864
V0249,V0537,3,37,32,0.474,6.334,0.011020125071052154,1.958,CIVIL_MAINTENANCE,1.0,KA-SOUTH,0.667,0.867,0.61,3.864
V0020,V0529,5,85,24,0.816,6.127,0.0010304515930733998,2.987,MEDICAL_SUPPLIES,1.0,KA-NORTH,0.552,0.821,0.631,3.864
V0047,V0079,4,55,30,0.66,6.061,0.0037580061519732846,2.425,ELECTRICAL_EQUIPMENT,1.0,KA-SOUTH,0.515,0.806,0.637,3.863
V0259,V0392,3,39,33,0.515,5.828,0.013863618172171608,1.858,IT_SERVICES,0.75,KA-NORTH,0.75,0.75,0.662,3.861
V0082,V0301,3,32,36,0.461,6.51,0.01021470456987748,1.991,FURNITURE,1.0,KA-BENGALURU,0.762,0.905,0.593,3.859
V0079,V0485,3,30,42,0.504,5.952,0.013063206737978655,1.884,ELECTRICAL_EQUIPMENT,1.0,KA-BENGALURU,0.455,0.782,0.648,3.858
V0039,V0362,3,56,26,0.582,5.151,0.019219639956571485,1.716,BUILDING_CONSTRUCTION,0.625,TN-NORTH,0.458,0.558,0.749,3.857
V0313,V0332,4,28,51,0.571,7.003,0.0021921697398292242,2.659,WATER_INFRASTRUCTURE,1.0,KA-CENTRAL,1.0,1.0,0.55,3.852
V0317,V0485,3,35,42,0.588,5.102,0.0198715363307631,1.702,CIVIL_MAINTENANCE,0.545,TN-NORTH,0.545,0.545,0.755,3.85
V0119,V0264,3,64,18,0.461,6.51,0.009923231143632805,2.003,MEDICAL_SUPPLIES,1.0,KA-CENTRAL,0.773,0.909,0.591,3.847
V0212,V0438,4,42,44,0.739,5.411,0.00574341445504397,2.241,WATER_INFRASTRUCTURE,0.571,KA-SOUTH,0.75,0.643,0.711,3.846
V0243,V0481,3,20,64,0.512,5.859,0.013367532090749036,1.874,MEDICAL_SUPPLIES,1.0,KA-BENGALURU,0.409,0.764,0.656,3.846
V0013,V0062,3,32,40,0.512,5.859,0.013653492504441702,1.865,ELECTRICAL_EQUIPMENT,1.0,KA-BENGALURU,0.409,0.764,0.656,3.846
V0080,V0255,3,39,33,0.515,5.828,0.013863618172171608,1.858,CIVIL_MAINTENANCE,1.0,AP-SOUTH,0.391,0.757,0.66,3.844
V0434,V0451,3,38,31,0.471,6.367,0.01086235893329596,1.964,ELECTRICAL_EQUIPMENT,1.0,KA-CENTRAL,0.706,0.882,0.603,3.839
V0061,V0336,3,37,35,0.518,5.792,0.01410600425352082,1.851,ELECTRICAL_EQUIPMENT,1.0,KA-BENGALURU,0.375,0.75,0.662,3.837
V0074,V0531,3,28,43,0.482,6.229,0.011511472064916805,1.939,ROAD_CONSTRUCTION,1.0,KA-CENTRAL,0.633,0.853,0.616,3.837
V0071,V0303,3,47,27,0.508,5.91,0.013279885772354137,1.877,CIVIL_MAINTENANCE,1.0,KA-SOUTH,0.45,0.78,0.649,3.836
V0078,V0346,3,36,41,0.59,5.081,0.020093935680455626,1.697,WATER_INFRASTRUCTURE,0.636,KA-NORTH,0.409,0.545,0.755,3.834
V0014,V0082,3,46,32,0.589,5.095,0.01991755563005134,1.701,FURNITURE,0.55,KA-CENTRAL,0.55,0.55,0.752,3.834
V0117,V0132,3,20,58,0.464,6.466,0.01020788621596707,1.991,BUILDING_CONSTRUCTION,1.0,KA-CENTRAL,0.762,0.905,0.593,3.833
V0331,V0355,3,18,69,0.497,6.039,0.012200242540037577,1.914,MEDICAL_SUPPLIES,1.0,KA-NORTH,0.529,0.812,0.635,3.833
V0062,V0502,5,40,53,0.848,5.896,0.00132506618400015,2.878,ELECTRICAL_EQUIPMENT,1.0,KA-NORTH,0.444,0.778,0.65,3.832
V0344,V0513,5,38,55,0.836,5.981,0.0012376194200092907,2.907,ELECTRICAL_EQUIPMENT,0.85,KA-SOUTH,0.725,0.8,0.64,3.828
V0320,V0366,3,40,30,0.48,6.25,0.011425345092657488,1.942,WATER_INFRASTRUCTURE,1.0,KA-SOUTH,0.654,0.862,0.612,3.827
V0011,V0338,4,40,45,0.72,5.556,0.005219809004053145,2.282,ELECTRICAL_EQUIPMENT,0.893,KA-NORTH,0.393,0.693,0.688,3.824
V0123,V0276,4,45,41,0.738,5.42,0.0057088260328492495,2.243,BUILDING_CONSTRUCTION,0.724,KA-CENTRAL,0.552,0.655,0.705,3.822
V0072,V0133,5,58,37,0.858,5.825,0.0013938773784109577,2.856,ROAD_CONSTRUCTION,1.0,KA-NORTH,0.41,0.764,0.656,3.822
V0040,V0417,3,35,37,0.518,5.792,0.01410600425352082,1.851,ELECTRICAL_EQUIPMENT,1.0,KA-BENGALURU,0.391,0.757,0.66,3.82
V0120,V0526,3,44,28,0.493,6.088,0.012261803014965897,1.911,ROAD_CONSTRUCTION,1.0,KA-CENTRAL,0.571,0.829,0.627,3.818
V0053,V0402,3,44,29,0.51,5.878,0.013510533406754704,1.869,CIVIL_MAINTENANCE,1.0,AP-SOUTH,0.448,0.779,0.649,3.817
V0024,V0248,6,47,46,0.865,6.938,0.00016907882847560658,3.772,CIVIL_MAINTENANCE,1.0,KA-NORTH,1.0,1.0,0.55,3.816
V0195,V0451,3,42,31,0.521,5.76,0.014295761407176541,1.845,BUILDING_CONSTRUCTION,1.0,KA-CENTRAL,0.375,0.75,0.662,3.816
V0007,V0166,3,39,31,0.484,6.203,0.011669546899117735,1.933,BUILDING_CONSTRUCTION,1.0,TN-NORTH,0.64,0.856,0.615,3.814
V0093,V0504,3,34,41,0.558,5.38,0.017225514540845987,1.764,FURNITURE,0.765,TN-NORTH,0.471,0.647,0.709,3.813
V0047,V0485,5,55,42,0.924,5.411,0.001961661651459052,2.707,ELECTRICAL_EQUIPMENT,0.804,KA-SOUTH,0.435,0.657,0.705,3.812
V0016,V0066,6,50,53,1.06,5.66,0.0005287718412990963,3.277,FURNITURE,0.771,KA-SOUTH,0.657,0.726,0.673,3.812
V0308,V0403,3,41,34,0.558,5.38,0.017225514540845987,1.764,ELECTRICAL_EQUIPMENT,0.68,KA-CENTRAL,0.6,0.648,0.708,3.811
V0162,V0495,3,35,36,0.504,5.952,0.013086545801895591,1.883,ELECTRICAL_EQUIPMENT,1.0,KA-BENGALURU,0.5,0.8,0.64,3.809
V0327,V0364,4,51,31,0.632,6.325,0.00322011824763982,2.492,FURNITURE,1.0,KA-CENTRAL,0.71,0.884,0.602,3.809
V0224,V0313,3,42,28,0.47,6.378,0.010788685871955759,1.967,WATER_INFRASTRUCTURE,1.0,KA-SOUTH,0.739,0.896,0.597,3.807
V0478,V0483,4,30,55,0.66,6.061,0.0037580061519732846,2.425,WATER_INFRASTRUCTURE,1.0,KA-NORTH,0.567,0.827,0.628,3.806
V0051,V0390,3,51,23,0.469,6.394,0.010625334198616472,1.974,CIVIL_MAINTENANCE,1.0,KA-CENTRAL,0.75,0.9,0.595,3.804
V0201,V0304,4,38,44,0.669,5.981,0.003986440133365101,2.399,CIVIL_MAINTENANCE,1.0,KA-SOUTH,0.522,0.809,0.636,3.804
V0166,V0404,3,31,38,0.471,6.367,0.01086235893329596,1.964,CIVIL_MAINTENANCE,1.0,KA-BENGALURU,0.737,0.895,0.597,3.803
V0024,V0422,3,47,27,0.508,5.91,0.013279885772354137,1.877,CIVIL_MAINTENANCE,1.0,KA-CENTRAL,0.483,0.793,0.643,3.801
V0039,V0166,4,56,31,0.694,5.76,0.004532052198335303,2.344,BUILDING_CONSTRUCTION,0.844,KA-CENTRAL,0.625,0.756,0.66,3.8
V0014,V0301,4,46,36,0.662,6.039,0.00384362149969158,2.415,FURNITURE,0.708,KA-NORTH,1.0,0.825,0.629,3.797
V0052,V0091,8,46,74,1.362,5.875,4.2471363736235285e-05,4.372,CIVIL_MAINTENANCE,1.0,KA-CENTRAL,0.469,0.788,0.646,3.793
V0003,V0188,4,40,43,0.688,5.814,0.0044242290479348375,2.354,CIVIL_MAINTENANCE,1.0,KA-SOUTH,0.433,0.773,0.652,3.791
V0093,V0254,3,34,43,0.585,5.13,0.019577133155812096,1.708,FURNITURE,0.714,TN-NORTH,0.381,0.581,0.739,3.789
V0013,V0293,3,32,41,0.525,5.716,0.014604510564147204,1.836,ELECTRICAL_EQUIPMENT,1.0,KA-SOUTH,0.375,0.75,0.662,3.787
V0368,V0429,3,50,26,0.52,5.769,0.014161674276979263,1.849,WATER_INFRASTRUCTURE,1.0,KA-CENTRAL,0.412,0.765,0.656,3.784
V0024,V0380,3,47,28,0.526,5.699,0.014679826398259826,1.833,CIVIL_MAINTENANCE,1.0,KA-SOUTH,0.368,0.747,0.664,3.782
V0016,V0362,3,50,26,0.52,5.769,0.014161674276979263,1.849,BUILDING_CONSTRUCTION,1.0,KA-NORTH,0.414,0.766,0.656,3.782
V0129,V0495,4,47,36,0.677,5.91,0.004158314498865127,2.381,ELECTRICAL_EQUIPMENT,1.0,KA-CENTRAL,0.5,0.8,0.64,3.782
V0054,V0224,3,33,42,0.554,5.411,0.01695384645082211,1.771,WATER_INFRASTRUCTURE,0.654,KA-CENTRAL,0.692,0.669,0.699,3.781
V0336,V0417,3,35,37,0.518,5.792,0.01410600425352082,1.851,ELECTRICAL_EQUIPMENT,1.0,KA-BENGALURU,0.429,0.771,0.653,3.781
V0028,V0130,3,45,27,0.486,6.173,0.011789409710633499,1.929,CIVIL_MAINTENANCE,1.0,KA-SOUTH,0.654,0.862,0.612,3.78
V0215,V0336,4,51,35,0.714,5.602,0.005045893179736816,2.297,IT_SERVICES,0.724,KA-CENTRAL,0.724,0.724,0.674,3.777
V0028,V0496,3,45,26,0.468,6.41,0.010611579396297028,1.974,WATER_INFRASTRUCTURE,1.0,KA-CENTRAL,0.783,0.913,0.589,3.776
V0122,V0310,3,36,35,0.504,5.952,0.013086545801895591,1.883,FURNITURE,1.0,KA-BENGALURU,0.533,0.813,0.634,3.774
V0027,V0061,3,32,37,0.474,6.334,0.011020125071052154,1.958,ELECTRICAL_EQUIPMENT,1.0,KA-NORTH,0.75,0.9,0.595,3.769
V0166,V0298,3,31,43,0.533,5.626,0.015240109894063002,1.817,BUILDING_CONSTRUCTION,1.0,KA-CENTRAL,0.333,0.733,0.67,3.769
V0012,V0119,3,19,64,0.486,6.168,0.011571089862129593,1.937,MEDICAL_SUPPLIES,1.0,KA-SOUTH,0.667,0.867,0.61,3.762
V0340,V0429,3,47,26,0.489,6.137,0.011960163752979916,1.922,WATER_INFRASTRUCTURE,1.0,KA-NORTH,0.654,0.862,0.612,3.758
V0308,V0383,3,41,36,0.59,5.081,0.020093935680455626,1.697,ELECTRICAL_EQUIPMENT,0.6,KA-CENTRAL,0.55,0.58,0.739,3.755
V0224,V0371,3,42,31,0.521,5.76,0.014295761407176541,1.845,WATER_INFRASTRUCTURE,1.0,AP-SOUTH,0.435,0.774,0.652,3.754
V0366,V0525,3,30,41,0.492,6.098,0.01222832122230094,1.913,WATER_INFRASTRUCTURE,1.0,KA-BENGALURU,0.636,0.855,0.615,3.753
V0191,V0368,3,22,50,0.44,6.818,0.008871852360303517,2.052,ROAD_CONSTRUCTION,1.0,KA-CENTRAL,1.0,1.0,0.55,3.75
V0027,V0413,3,32,40,0.512,5.859,0.013653492504441702,1.865,BUILDING_CONSTRUCTION,1.0,KA-CENTRAL,0.5,0.8,0.64,3.75
V0016,V0076,3,50,22,0.44,6.818,0.008871852360303517,2.052,BUILDING_CONSTRUCTION,1.0,KA-SOUTH,1.0,1.0,0.55,3.75
V0086,V0513,3,20,55,0.44,6.818,0.008813170462880103,2.055,IT_SERVICES,1.0,KA-NORTH,1.0,1.0,0.55,3.75
V0214,V0513,3,20,55,0.44,6.818,0.008813170462880103,2.055,IT_SERVICES,1.0,KA-NORTH,1.0,1.0,0.55,3.75
V0011,V0029,3,40,33,0.528,5.682,0.014854210605755454,1.828,ELECTRICAL_EQUIPMENT,1.0,KA-CENTRAL,0.391,0.757,0.66,3.748
V0129,V0433,4,47,35,0.658,6.079,0.003747465305499664,2.426,ELECTRICAL_EQUIPMENT,1.0,KA-SOUTH,0.633,0.853,0.616,3.745
V0122,V0379,4,36,53,0.763,5.241,0.006419712791527519,2.192,FURNITURE,0.706,KA-CENTRAL,0.529,0.635,0.714,3.743
V0244,V0310,4,50,35,0.7,5.714,0.004696548288524476,2.328,FURNITURE,0.833,KA-BENGALURU,0.667,0.767,0.655,3.743
V0182,V0201,3,35,38,0.532,5.639,0.015169715515609262,1.819,CIVIL_MAINTENANCE,1.0,KA-SOUTH,0.37,0.748,0.663,3.741
V0121,V0402,3,43,29,0.499,6.014,0.012687506557621167,1.897,CIVIL_MAINTENANCE,1.0,KA-NORTH,0.6,0.84,0.622,3.741
V0066,V0082,4,53,32,0.678,5.896,0.004172267412791032,2.38,FURNITURE,1.0,KA-CENTRAL,0.531,0.812,0.634,3.74
V0240,V0481,3,21,64,0.538,5.58,0.01531448269604941,1.815,MEDICAL_SUPPLIES,1.0,KA-CENTRAL,0.333,0.733,0.67,3.739
V0414,V0513,4,31,55,0.682,5.865,0.0042449590873534825,2.372,ELECTRICAL_EQUIPMENT,1.0,KA-NORTH,0.515,0.806,0.637,3.738
V0212,V0255,3,42,33,0.554,5.411,0.01695384645082211,1.771,WATER_INFRASTRUCTURE,0.739,KA-SOUTH,0.609,0.687,0.691,3.738
V0122,V0319,3,36,34,0.49,6.127,0.012083184062664452,1.918,FURNITURE,1.0,KA-CENTRAL,0.667,0.867,0.61,3.737
V0019,V0172,3,23,48,0.442,6.793,0.008984941922175435,2.046,WATER_INFRASTRUCTURE,1.0,KA-CENTRAL,1.0,1.0,0.55,3.736
V0126,V0525,3,30,41,0.492,6.098,0.01222832122230094,1.913,WATER_INFRASTRUCTURE,1.0,KA-SOUTH,0.652,0.861,0.613,3.736
V0317,V0434,3,35,38,0.532,5.639,0.015169715515609262,1.819,ELECTRICAL_EQUIPMENT,1.0,KA-CENTRAL,0.375,0.75,0.662,3.736
V0248,V0337,3,46,24,0.442,6.793,0.009004596736443935,2.046,CIVIL_MAINTENANCE,1.0,KA-NORTH,1.0,1.0,0.55,3.736
V0047,V0383,5,55,36,0.792,6.313,0.0009611925156671342,3.017,ELECTRICAL_EQUIPMENT,1.0,KA-SOUTH,0.769,0.908,0.592,3.734
V0020,V0077,3,85,14,0.476,6.303,0.010526635321526565,1.978,MEDICAL_SUPPLIES,1.0,KA-SOUTH,0.765,0.906,0.592,3.734
V0254,V0280,3,43,36,0.619,4.845,0.022810636931144476,1.642,FURNITURE,0.55,KA-CENTRAL,0.45,0.51,0.77,3.733
V0040,V0495,3,35,36,0.504,5.952,0.013086545801895591,1.883,ELECTRICAL_EQUIPMENT,1.0,KA-NORTH,0.571,0.829,0.627,3.733
V0184,V0214,3,63,20,0.504,5.952,0.012806143894305455,1.893,IT_SERVICES,1.0,KA-NORTH,0.571,0.829,0.627,3.733
V0419,V0488,4,56,36,0.806,4.96,0.007808668127956524,2.107,VEHICLE_SUPPLIES,0.667,KA-SOUTH,0.375,0.55,0.752,3.732
V0256,V0433,3,40,35,0.56,5.357,0.01743085524091731,1.759,CIVIL_MAINTENANCE,0.708,KA-CENTRAL,0.625,0.675,0.696,3.73
V0053,V0126,3,44,30,0.528,5.682,0.014829508041545796,1.829,CIVIL_MAINTENANCE,1.0,KA-SOUTH,0.409,0.764,0.656,3.729
V0024,V0130,3,47,27,0.508,5.91,0.013279885772354137,1.877,CIVIL_MAINTENANCE,1.0,KA-SOUTH,0.552,0.821,0.631,3.727
V0133,V0368,4,37,50,0.74,5.405,0.005752479703201007,2.24,ROAD_CONSTRUCTION,0.806,KA-NORTH,0.516,0.69,0.689,3.726
V0023,V0502,6,44,53,0.933,6.432,0.00025898085083676033,3.587,ELECTRICAL_EQUIPMENT,1.0,KA-NORTH,0.841,0.936,0.579,3.722
V0218,V0366,3,43,30,0.516,5.814,0.013930207154188235,1.856,WATER_INFRASTRUCTURE,1.0,KA-NORTH,0.5,0.8,0.64,3.721
V0062,V0513,5,40,55,0.88,5.682,0.0015690132823426332,2.804,ELECTRICAL_EQUIPMENT,1.0,KA-SOUTH,0.419,0.767,0.655,3.72
V0016,V0274,4,50,37,0.74,5.405,0.005752479703201007,2.24,BUILDING_CONSTRUCTION,0.607,KA-SOUTH,0.821,0.693,0.688,3.72
V0129,V0199,3,47,27,0.508,5.91,0.013279885772354137,1.877,ELECTRICAL_EQUIPMENT,1.0,KA-SOUTH,0.56,0.824,0.629,3.719
V0228,V0335,3,34,38,0.517,5.805,0.01401482900248467,1.853,VEHICLE_SUPPLIES,0.667,KA-NORTH,1.0,0.8,0.64,3.715
V0291,V0512,3,38,34,0.517,5.805,0.01401482900248467,1.853,ELECTRICAL_EQUIPMENT,1.0,KA-BENGALURU,0.5,0.8,0.64,3.715
V0123,V0242,4,45,41,0.738,5.42,0.0057088260328492495,2.243,BUILDING_CONSTRUCTION,0.618,KA-CENTRAL,0.824,0.7,0.685,3.713
V0319,V0327,4,34,51,0.694,5.767,0.004536847766827411,2.343,FURNITURE,1.0,KA-NORTH,0.483,0.793,0.643,3.709
V0340,V0438,4,47,44,0.827,4.836,0.008586173555638753,2.066,WATER_INFRASTRUCTURE,0.519,KA-CENTRAL,0.519,0.519,0.767,3.708
V0381,V0478,3,41,30,0.492,6.098,0.01222832122230094,1.913,WATER_INFRASTRUCTURE,1.0,KA-NORTH,0.68,0.872,0.608,3.705
V0307,V0528,3,50,25,0.5,6.0,0.012704290126295103,1.896,MEDICAL_SUPPLIES,1.0,KA-CENTRAL,0.625,0.85,0.617,3.705
V0230,V0458,3,41,35,0.574,5.226,0.018628675991333363,1.73,VEHICLE_SUPPLIES,0.647,KA-NORTH,0.647,0.647,0.709,3.704
V0248,V0489,3,46,27,0.497,6.039,0.012521747591011498,1.902,CIVIL_MAINTENANCE,1.0,KA-CENTRAL,0.65,0.86,0.613,3.702
V0042,V0345,3,49,27,0.529,5.669,0.014874140141152951,1.828,ROAD_CONSTRUCTION,1.0,KA-SOUTH,0.429,0.771,0.653,3.701
V0166,V0242,3,31,41,0.508,5.901,0.013386018675149528,1.873,BUILDING_CONSTRUCTION,1.0,KA-SOUTH,0.571,0.829,0.627,3.701
V0293,V0434,3,41,38,0.623,4.814,0.023211358607770925,1.634,IT_SERVICES,0.571,KA-SOUTH,0.429,0.514,0.769,3.7
V0061,V0241,3,37,34,0.503,5.962,0.013028291033231297,1.885,ELECTRICAL_EQUIPMENT,1.0,KA-SOUTH,0.609,0.843,0.62,3.699
V0014,V0016,5,46,50,0.92,5.435,0.0019286292077312995,2.715,FURNITURE,0.581,KA-SOUTH,0.903,0.71,0.681,3.699
V0019,V0332,3,23,51,0.469,6.394,0.010625334198616472,1.974,WATER_INFRASTRUCTURE,1.0,KA-CENTRAL,0.842,0.937,0.578,3.698
V0080,V0129,4,39,47,0.733,5.456,0.0055718584943259325,2.254,ELECTRICAL_EQUIPMENT,1.0,KA-BENGALURU,0.29,0.716,0.678,3.698
V0242,V0352,3,41,38,0.623,4.814,0.023211358607770925,1.634,FURNITURE,0.579,KA-NORTH,0.421,0.516,0.768,3.697
V0039,V0076,3,56,22,0.493,6.088,0.012125542058396757,1.916,BUILDING_CONSTRUCTION,1.0,KA-CENTRAL,0.682,0.873,0.607,3.697
V0254,V0319,3,43,34,0.585,5.13,0.019577133155812096,1.708,FURNITURE,0.579,KA-BENGALURU,0.684,0.621,0.721,3.696
V0061,V0392,3,37,33,0.488,6.143,0.011999792271143847,1.921,ELECTRICAL_EQUIPMENT,1.0,KA-BENGALURU,0.714,0.886,0.601,3.695
V0129,V0162,4,47,35,0.658,6.079,0.003747465305499664,2.426,ELECTRICAL_EQUIPMENT,1.0,KA-SOUTH,0.68,0.872,0.608,3.694
V0040,V0512,3,35,34,0.476,6.303,0.01117920998440935,1.952,ELECTRICAL_EQUIPMENT,1.0,AP-SOUTH,0.8,0.92,0.586,3.694
V0178,V0396,5,49,51,1.0,5.002,0.002801649655156958,2.553,ELECTRICAL_EQUIPMENT,0.531,KA-NORTH,0.656,0.581,0.738,3.694
V0129,V0215,5,47,51,0.959,5.215,0.0023241379759363894,2.634,ELECTRICAL_EQUIPMENT,0.649,KA-SOUTH,0.649,0.649,0.708,3.693
V0244,V0370,4,50,37,0.74,5.405,0.005752479703201007,2.24,FURNITURE,0.8,KA-NORTH,0.56,0.704,0.683,3.693
V0051,V0337,3,51,24,0.49,6.127,0.011970616176560384,1.922,CIVIL_MAINTENANCE,1.0,KA-NORTH,0.708,0.883,0.602,3.692
V0415,V0547,3,29,48,0.557,5.388,0.017104794371779506,1.767,ROAD_CONSTRUCTION,0.833,KA-CENTRAL,0.5,0.7,0.685,3.691
V0212,V0371,3,42,31,0.521,5.76,0.014295761407176541,1.845,WATER_INFRASTRUCTURE,1.0,KA-NORTH,0.5,0.8,0.64,3.686
V0081,V0368,3,25,50,0.5,6.0,0.012704290126295103,1.896,ROAD_CONSTRUCTION,1.0,KA-CENTRAL,0.643,0.857,0.614,3.686
V0230,V0537,3,41,32,0.525,5.716,0.014604510564147204,1.836,CIVIL_MAINTENANCE,1.0,KA-SOUTH,0.474,0.789,0.645,3.685
V0376,V0421,3,27,46,0.497,6.039,0.012521747591011498,1.902,ROAD_CONSTRUCTION,1.0,KA-CENTRAL,0.667,0.867,0.61,3.684
V0154,V0309,3,24,56,0.538,5.58,0.015440966014126742,1.811,BUILDING_CONSTRUCTION,1.0,KA-SOUTH,0.389,0.756,0.66,3.683
V0241,V0256,3,34,40,0.544,5.515,0.01611322422480889,1.793,ELECTRICAL_EQUIPMENT,1.0,KA-SOUTH,0.346,0.738,0.668,3.682
V0218,V0391,3,43,29,0.499,6.014,0.012687506557621167,1.897,CIVIL_MAINTENANCE,1.0,KA-CENTRAL,0.654,0.862,0.612,3.682
V0047,V0344,5,55,38,0.836,5.981,0.0012376194200092907,2.907,ELECTRICAL_EQUIPMENT,1.0,KA-SOUTH,0.636,0.855,0.615,3.681
V0091,V0373,4,74,22,0.651,6.143,0.0034534982943396713,2.462,CIVIL_MAINTENANCE,1.0,KA-SOUTH,0.727,0.891,0.599,3.68
V0175,V0215,3,22,51,0.449,6.684,0.009372760538912023,2.028,IT_SERVICES,1.0,KA-SOUTH,1.0,1.0,0.55,3.676
V0259,V0338,4,39,45,0.702,5.698,0.004759801460016133,2.322,IT_SERVICES,0.649,KA-NORTH,1.0,0.789,0.645,3.674
V0397,V0419,3,24,56,0.538,5.58,0.015440966014126742,1.811,VEHICLE_SUPPLIES,1.0,KA-NORTH,0.4,0.76,0.658,3.672
V0027,V0485,3,32,42,0.538,5.58,0.015592507866453324,1.807,ELECTRICAL_EQUIPMENT,1.0,KA-SOUTH,0.4,0.76,0.658,3.672
V0062,V0403,3,40,34,0.544,5.515,0.01611322422480889,1.793,ELECTRICAL_EQUIPMENT,1.0,KA-SOUTH,0.357,0.743,0.666,3.671
V0091,V0386,4,74,22,0.651,6.143,0.0034534982943396713,2.462,ROAD_CONSTRUCTION,1.0,KA-SOUTH,0.737,0.895,0.597,3.67
V0007,V0370,3,39,37,0.577,5.198,0.018915035919514447,1.723,BUILDING_CONSTRUCTION,0.654,KA-BENGALURU,0.654,0.654,0.706,3.669
V0371,V0455,3,31,43,0.533,5.626,0.015240109894063002,1.817,WATER_INFRASTRUCTURE,1.0,AP-SOUTH,0.435,0.774,0.652,3.667
V0200,V0307,4,30,50,0.6,6.667,0.0026458298642862534,2.577,MEDICAL_SUPPLIES,1.0,KA-CENTRAL,1.0,1.0,0.55,3.667
V0052,V0402,3,46,29,0.534,5.622,0.015246938824440684,1.817,CIVIL_MAINTENANCE,1.0,AP-SOUTH,0.433,0.773,0.652,3.666
V0002,V0379,3,22,53,0.466,6.432,0.010423894443433087,1.982,FURNITURE,1.0,KA-CENTRAL,0.889,0.956,0.57,3.666
V0035,V0277,4,24,71,0.682,5.869,0.004129788068480166,2.384,IT_SERVICES,1.0,KA-NORTH,0.586,0.834,0.624,3.665
V0153,V0320,3,36,40,0.576,5.208,0.018807366197323885,1.726,WATER_INFRASTRUCTURE,0.625,KA-SOUTH,0.708,0.658,0.704,3.665
V0072,V0476,3,58,21,0.487,6.158,0.011715297287455292,1.931,ROAD_CONSTRUCTION,1.0,KA-CENTRAL,0.75,0.9,0.595,3.664
V0126,V0346,3,30,41,0.492,6.098,0.01222832122230094,1.913,WATER_INFRASTRUCTURE,1.0,KA-SOUTH,0.72,0.888,0.6,3.661
V0047,V0509,5,55,42,0.924,5.411,0.001961661651459052,2.707,ELECTRICAL_EQUIPMENT,0.8,KA-NORTH,0.6,0.72,0.676,3.658
V0072,V0339,3,58,22,0.51,5.878,0.013344418817423582,1.875,ROAD_CONSTRUCTION,1.0,KA-SOUTH,0.6,0.84,0.622,3.656
V0040,V0080,3,35,39,0.546,5.495,0.016277928101822443,1.788,ELECTRICAL_EQUIPMENT,1.0,AP-SOUTH,0.36,0.744,0.665,3.655
V0169,V0245,3,35,38,0.532,5.639,0.015169715515609262,1.819,CIVIL_MAINTENANCE,0.636,KA-NORTH,1.0,0.782,0.648,3.655
V0403,V0424,3,34,40,0.544,5.515,0.01611322422480889,1.793,ELECTRICAL_EQUIPMENT,1.0,AP-SOUTH,0.375,0.75,0.662,3.654
V0274,V0352,3,37,38,0.562,5.334,0.01763755913568394,1.754,FURNITURE,0.833,KA-NORTH,0.5,0.7,0.685,3.654
V0368,V0517,3,50,28,0.56,5.357,0.01735146808796902,1.761,ROAD_CONSTRUCTION,0.71,KA-CENTRAL,0.71,0.71,0.681,3.646
V0073,V0114,3,44,31,0.546,5.499,0.0162192373885271,1.79,ROAD_CONSTRUCTION,1.0,KA-NORTH,0.375,0.75,0.662,3.643
V0001,V0065,4,62,26,0.645,6.203,0.0034063220627367917,2.468,CIVIL_MAINTENANCE,1.0,KA-NORTH,0.795,0.918,0.587,3.641
V0080,V0336,3,39,35,0.546,5.495,0.016277928101822443,1.788,ELECTRICAL_EQUIPMENT,1.0,KA-BENGALURU,0.375,0.75,0.662,3.64
V0379,V0413,4,53,40,0.848,4.717,0.009356674484204866,2.029,FURNITURE,0.542,KA-NORTH,0.458,0.508,0.771,3.638
V0065,V0340,3,26,47,0.489,6.137,0.011960163752979916,1.922,CIVIL_MAINTENANCE,1.0,KA-NORTH,0.762,0.905,0.593,3.638
V0184,V0539,3,63,18,0.454,6.614,0.009500886519581893,2.022,IT_SERVICES,1.0,KA-NORTH,1.0,1.0,0.55,3.638
V0114,V0120,3,31,44,0.546,5.499,0.0162192373885271,1.79,WATER_INFRASTRUCTURE,0.692,KA-NORTH,0.846,0.754,0.661,3.634
V0291,V0308,3,38,41,0.623,4.814,0.023211358607770925,1.634,IT_SERVICES,0.545,KA-CENTRAL,0.545,0.545,0.755,3.632
V0390,V0419,3,23,56,0.515,5.823,0.013725801946724632,1.862,VEHICLE_SUPPLIES,1.0,KA-CENTRAL,0.591,0.836,0.624,3.631
V0024,V0362,3,47,26,0.489,6.137,0.011960163752979916,1.922,CIVIL_MAINTENANCE,1.0,KA-NORTH,0.769,0.908,0.592,3.63
V0029,V0291,3,33,38,0.502,5.981,0.0129122277427309,1.889,ELECTRICAL_EQUIPMENT,1.0,AP-SOUTH,0.684,0.874,0.607,3.63
V0172,V0429,3,48,26,0.499,6.01,0.012670041133261327,1.897,WATER_INFRASTRUCTURE,1.0,KA-CENTRAL,0.7,0.88,0.604,3.63
V0161,V0404,3,34,38,0.517,5.805,0.01401482900248467,1.853,VEHICLE_SUPPLIES,0.833,KA-NORTH,0.833,0.833,0.625,3.628
V0263,V0533,4,49,37,0.725,5.516,0.005348474172429303,2.272,CIVIL_MAINTENANCE,0.75,KA-CENTRAL,0.778,0.761,0.658,3.627
V0342,V0437,3,39,33,0.515,5.828,0.013863618172171608,1.858,WATER_INFRASTRUCTURE,1.0,KA-NORTH,0.6,0.84,0.622,3.625
V0126,V0340,3,30,47,0.564,5.319,0.017722780918082,1.751,WATER_INFRASTRUCTURE,0.75,KA-BENGALURU,0.65,0.71,0.68,3.62
V0304,V0320,4,44,40,0.704,5.682,0.00481091340935358,2.318,WATER_INFRASTRUCTURE,1.0,KA-SOUTH,0.517,0.807,0.637,3.619
V0029,V0308,3,33,41,0.541,5.543,0.015884223277389493,1.799,ELECTRICAL_EQUIPMENT,1.0,AP-SOUTH,0.429,0.771,0.653,3.619
V0212,V0304,4,42,44,0.739,5.411,0.00574341445504397,2.241,WATER_INFRASTRUCTURE,0.8,KA-SOUTH,0.64,0.736,0.669,3.619
V0047,V0454,6,55,43,0.946,6.342,0.00027979336063776246,3.553,ELECTRICAL_EQUIPMENT,1.0,KA-SOUTH,0.886,0.955,0.57,3.618
V0249,V0363,4,37,45,0.666,6.006,0.003923523955912042,2.406,BUILDING_CONSTRUCTION,1.0,KA-SOUTH,0.71,0.884,0.602,3.617
V0195,V0309,5,42,56,0.941,5.315,0.0021274274102640843,2.672,FURNITURE,0.868,KA-BENGALURU,0.474,0.711,0.68,3.616
V0016,V0082,3,50,32,0.64,4.688,0.024844587351770604,1.605,BUILDING_CONSTRUCTION,0.55,KA-CENTRAL,0.45,0.51,0.77,3.612
V0034,V0433,4,53,35,0.742,5.391,0.005796366694111761,2.237,ELECTRICAL_EQUIPMENT,0.733,KA-CENTRAL,0.733,0.733,0.67,3.612
V0322,V0379,4,40,53,0.848,4.717,0.009356674484204866,2.029,BUILDING_CONSTRUCTION,0.607,KA-SOUTH,0.393,0.521,0.765,3.61
V0344,V0433,3,38,35,0.532,5.639,0.015169715515609262,1.819,ELECTRICAL_EQUIPMENT,1.0,KA-SOUTH,0.5,0.8,0.64,3.609
V0042,V0074,3,49,28,0.549,5.466,0.016432533301504466,1.784,ROAD_CONSTRUCTION,1.0,KA-NORTH,0.387,0.755,0.66,3.609
V0052,V0169,4,46,35,0.644,6.211,0.003462771941718476,2.461,CIVIL_MAINTENANCE,1.0,KA-CENTRAL,0.829,0.931,0.581,3.608
V0127,V0370,3,43,37,0.636,4.714,0.02453046636509795,1.61,FURNITURE,0.609,KA-NORTH,0.391,0.522,0.765,3.607
V0309,V0379,6,56,53,1.187,5.054,0.000979955345513267,3.009,FURNITURE,0.6,KA-SOUTH,0.691,0.636,0.714,3.607
V0066,V0151,3,53,23,0.488,6.153,0.011809987545309715,1.928,FURNITURE,1.0,KA-SOUTH,0.8,0.92,0.586,3.606
V0003,V0294,3,40,32,0.512,5.859,0.013653492504441702,1.865,VEHICLE_SUPPLIES,1.0,KA-CENTRAL,0.636,0.855,0.615,3.606
V0023,V0414,3,44,31,0.546,5.499,0.0162192373885271,1.79,BUILDING_CONSTRUCTION,0.609,KA-NORTH,1.0,0.765,0.656,3.605
V0043,V0437,4,51,33,0.673,5.942,0.004063700311203153,2.391,ROAD_CONSTRUCTION,1.0,KA-SOUTH,0.686,0.874,0.607,3.604
V0078,V0220,3,36,37,0.533,5.631,0.015233267506927108,1.817,WATER_INFRASTRUCTURE,0.667,KA-NORTH,1.0,0.8,0.64,3.604
V0023,V0186,3,44,29,0.51,5.878,0.013510533406754704,1.869,BUILDING_CONSTRUCTION,1.0,KA-CENTRAL,0.65,0.86,0.613,3.603
V0127,V0132,5,43,58,0.998,5.012,0.002767562833754822,2.558,FURNITURE,0.625,KA-CENTRAL,0.625,0.625,0.719,3.602
V0254,V0364,3,43,31,0.533,5.626,0.015240109894063002,1.817,FURNITURE,1.0,KA-BENGALURU,0.5,0.8,0.64,3.601
V0224,V0304,4,42,44,0.739,5.411,0.00574341445504397,2.241,WATER_INFRASTRUCTURE,1.0,KA-SOUTH,0.36,0.744,0.665,3.599
V0258,V0414,3,37,31,0.459,6.539,0.010088857616568934,1.996,ELECTRICAL_EQUIPMENT,1.0,KA-NORTH,1.0,1.0,0.55,3.596
V0274,V0363,4,37,45,0.666,6.006,0.003923523955912042,2.406,BUILDING_CONSTRUCTION,1.0,KA-SOUTH,0.733,0.893,0.598,3.592
V0256,V0294,3,40,32,0.512,5.859,0.013653492504441702,1.865,CIVIL_MAINTENANCE,1.0,KA-CENTRAL,0.65,0.86,0.613,3.592
V0072,V0121,5,58,43,0.998,5.012,0.002767562833754822,2.558,ROAD_CONSTRUCTION,0.75,KA-NORTH,0.45,0.63,0.716,3.591
V0024,V0533,4,47,37,0.696,5.75,0.004598691962178785,2.337,CIVIL_MAINTENANCE,1.0,KA-CENTRAL,0.588,0.835,0.624,3.589
V0091,V0484,4,74,26,0.77,5.198,0.006453533053537961,2.19,CIVIL_MAINTENANCE,0.805,AP-SOUTH,0.512,0.688,0.69,3.589
V0091,V0533,6,74,37,1.095,5.478,0.0006150786806372262,3.211,CIVIL_MAINTENANCE,1.0,KA-SOUTH,0.417,0.767,0.655,3.588
V0187,V0533,3,34,37,0.503,5.962,0.013028291033231297,1.885,CIVIL_MAINTENANCE,1.0,KA-CENTRAL,0.714,0.886,0.601,3.586
V0421,V0455,5,46,43,0.791,6.32,0.000964670320334601,3.016,WATER_INFRASTRUCTURE,1.0,KA-SOUTH,0.903,0.961,0.567,3.586
V0438,V0530,3,44,29,0.51,5.878,0.013510533406754704,1.869,CIVIL_MAINTENANCE,1.0,KA-SOUTH,0.667,0.867,0.61,3.586
V0042,V0153,4,49,36,0.706,5.669,0.00483934212704461,2.315,ROAD_CONSTRUCTION,1.0,KA-NORTH,0.543,0.817,0.632,3.584
V0080,V0394,3,39,41,0.64,4.69,0.024863681622976714,1.604,ELECTRICAL_EQUIPMENT,0.625,KA-NORTH,0.375,0.525,0.764,3.582
V0035,V0502,3,24,53,0.509,5.896,0.01329744555018995,1.876,IT_SERVICES,1.0,KA-NORTH,0.68,0.872,0.608,3.582
V0022,V0481,4,24,64,0.614,6.51,0.0028252755178946745,2.549,MEDICAL_SUPPLIES,1.0,KA-NORTH,1.0,1.0,0.55,3.581
V0010,V0452,5,96,20,0.768,6.51,0.000737292950033911,3.132,MEDICAL_SUPPLIES,1.0,KA-SOUTH,1.0,1.0,0.55,3.581
V0396,V0434,4,51,38,0.775,5.16,0.006800353336976792,2.167,ELECTRICAL_EQUIPMENT,0.76,KA-CENTRAL,0.56,0.68,0.694,3.581
V0061,V0433,3,37,35,0.518,5.792,0.01410600425352082,1.851,ELECTRICAL_EQUIPMENT,1.0,KA-CENTRAL,0.625,0.85,0.617,3.577
V0280,V0523,3,36,34,0.49,6.127,0.012083184062664452,1.918,FURNITURE,0.875,KA-SOUTH,1.0,0.925,0.584,3.577
V0263,V0303,3,49,27,0.529,5.669,0.014874140141152951,1.828,VEHICLE_SUPPLIES,1.0,KA-CENTRAL,0.55,0.82,0.631,3.577
V0496,V0547,3,26,48,0.499,6.01,0.012670041133261327,1.897,WATER_INFRASTRUCTURE,1.0,KA-CENTRAL,0.75,0.9,0.595,3.576
V0091,V0377,4,74,24,0.71,5.631,0.004796844003173818,2.319,CIVIL_MAINTENANCE,1.0,AP-SOUTH,0.528,0.811,0.635,3.576
V0123,V0451,3,45,31,0.558,5.376,0.017233295753741433,1.764,BUILDING_CONSTRUCTION,1.0,KA-CENTRAL,0.36,0.744,0.665,3.576
V0256,V0485,4,40,42,0.672,5.952,0.00405917387142471,2.392,ELECTRICAL_EQUIPMENT,0.812,KA-CENTRAL,1.0,0.888,0.601,3.575
V0141,V0307,3,28,50,0.56,5.357,0.01735146808796902,1.761,MEDICAL_SUPPLIES,1.0,KA-CENTRAL,0.348,0.739,0.667,3.575
V0407,V0513,5,40,55,0.88,5.682,0.0015690132823426332,2.804,IT_SERVICES,1.0,KA-CENTRAL,0.562,0.825,0.629,3.573
V0053,V0458,4,44,35,0.616,6.494,0.0029384610307559376,2.532,CIVIL_MAINTENANCE,1.0,KA-NORTH,1.0,1.0,0.55,3.572
V0042,V0421,5,49,46,0.902,5.546,0.0017597691286926637,2.755,ROAD_CONSTRUCTION,1.0,KA-CENTRAL,0.477,0.791,0.644,3.572
V0052,V0269,4,46,39,0.718,5.574,0.005155057287496523,2.288,CIVIL_MAINTENANCE,1.0,KA-CENTRAL,0.5,0.8,0.64,3.567
V0019,V0483,3,23,55,0.506,5.929,0.013068552349732825,1.884,WATER_INFRASTRUCTURE,1.0,KA-CENTRAL,0.714,0.886,0.601,3.566
V0224,V0387,3,42,35,0.588,5.102,0.0198715363307631,1.702,ROAD_CONSTRUCTION,0.652,KA-NORTH,0.696,0.67,0.699,3.565
V0293,V0512,3,41,34,0.558,5.38,0.017225514540845987,1.764,ELECTRICAL_EQUIPMENT,1.0,KA-SOUTH,0.375,0.75,0.662,3.564
V0230,V0472,3,41,37,0.607,4.944,0.021621460511065622,1.665,CIVIL_MAINTENANCE,0.684,KA-NORTH,0.526,0.621,0.721,3.562
V0172,V0489,3,48,27,0.518,5.787,0.014063971736902032,1.852,WATER_INFRASTRUCTURE,1.0,KA-CENTRAL,0.636,0.855,0.615,3.562
V0072,V0386,3,58,22,0.51,5.878,0.013344418817423582,1.875,ROAD_CONSTRUCTION,1.0,KA-SOUTH,0.69,0.876,0.606,3.561
V0169,V0332,4,35,51,0.714,5.602,0.005045893179736816,2.297,CIVIL_MAINTENANCE,1.0,KA-CENTRAL,0.525,0.81,0.636,3.56
V0072,V0114,4,58,31,0.719,5.562,0.005145203712845588,2.289,ROAD_CONSTRUCTION,1.0,KA-NORTH,0.5,0.8,0.64,3.56
V0281,V0309,5,40,56,0.896,5.58,0.001702724011449001,2.769,FURNITURE,1.0,KA-SOUTH,0.514,0.805,0.638,3.558
V0276,V0301,3,41,36,0.59,5.081,0.020093935680455626,1.697,FURNITURE,0.667,KA-BENGALURU,0.667,0.667,0.7,3.557
V0127,V0309,5,43,56,0.963,5.191,0.002366645197091716,2.626,FURNITURE,0.864,KA-SOUTH,0.455,0.7,0.685,3.556
V0319,V0413,3,34,40,0.544,5.515,0.01611322422480889,1.793,BUILDING_CONSTRUCTION,0.65,KA-NORTH,1.0,0.79,0.644,3.554
V0121,V0422,3,43,27,0.464,6.46,0.01040147898286948,1.983,CIVIL_MAINTENANCE,1.0,KA-NORTH,1.0,1.0,0.55,3.553
V0455,V0488,4,43,36,0.619,6.46,0.002997596411495629,2.523,CIVIL_MAINTENANCE,1.0,KA-SOUTH,1.0,1.0,0.55,3.553
V0123,V0327,5,45,51,0.918,5.447,0.001909012683947298,2.719,FURNITURE,1.0,KA-NORTH,0.433,0.773,0.652,3.551
V0483,V0537,4,55,32,0.704,5.682,0.004772949281912135,2.321,WATER_INFRASTRUCTURE,0.833,KA-CENTRAL,0.833,0.833,0.625,3.551
V0007,V0274,3,39,37,0.577,5.198,0.018915035919514447,1.723,BUILDING_CONSTRUCTION,0.739,KA-CENTRAL,0.652,0.704,0.683,3.55
V0215,V0258,4,51,37,0.755,5.299,0.006176483770884557,2.209,IT_SERVICES,0.556,KA-SOUTH,1.0,0.733,0.67,3.55
V0025,V0184,9,61,63,1.537,5.855,1.4162263047686422e-05,4.849,LAB_EQUIPMENT,1.0,KA-CENTRAL,0.688,0.875,0.606,3.549
V0127,V0219,4,43,45,0.774,5.168,0.0067770685719844796,2.169,FURNITURE,0.862,KA-NORTH,0.448,0.697,0.687,3.548
V0047,V0396,6,55,51,1.122,5.348,0.0007216871452953145,3.142,ELECTRICAL_EQUIPMENT,1.0,KA-SOUTH,0.37,0.748,0.663,3.548
V0007,V0280,3,39,36,0.562,5.342,0.017568506336557963,1.755,FURNITURE,0.778,KA-SOUTH,0.704,0.748,0.663,3.544
V0053,V0453,3,44,32,0.563,5.327,0.017680140846419994,1.753,CIVIL_MAINTENANCE,1.0,AP-SOUTH,0.36,0.744,0.665,3.544
V0133,V0381,3,37,41,0.607,4.944,0.021621460511065622,1.665,ROAD_CONSTRUCTION,0.75,KA-BENGALURU,0.45,0.63,0.716,3.542
V0010,V0077,3,96,14,0.538,5.58,0.014679416251590914,1.833,MEDICAL_SUPPLIES,1.0,KA-SOUTH,0.529,0.812,0.635,3.542
V0275,V0419,6,46,56,1.03,5.823,0.0004512868298684837,3.346,VEHICLE_SUPPLIES,1.0,KA-CENTRAL,0.679,0.871,0.608,3.54
V0042,V0415,3,49,29,0.568,5.278,0.018079572923678313,1.743,ROAD_CONSTRUCTION,1.0,KA-SOUTH,0.333,0.733,0.67,3.536
V0304,V0455,4,44,43,0.757,5.285,0.00625207086382405,2.204,CIVIL_MAINTENANCE,0.735,KA-SOUTH,0.735,0.735,0.669,3.536
V0255,V0297,3,33,39,0.515,5.828,0.013863618172171608,1.858,WATER_INFRASTRUCTURE,1.0,KA-NORTH,0.69,0.876,0.606,3.531
V0187,V0220,3,34,37,0.503,5.962,0.013028291033231297,1.885,WATER_INFRASTRUCTURE,1.0,KA-NORTH,0.767,0.907,0.592,3.53
V0383,V0495,3,36,36,0.518,5.787,0.014136470827937207,1.85,ELECTRICAL_EQUIPMENT,1.0,KA-NORTH,0.667,0.867,0.61,3.53
V0064,V0071,4,40,47,0.752,5.319,0.006106507800743099,2.214,ROAD_CONSTRUCTION,0.778,KA-NORTH,0.704,0.748,0.663,3.528
V0071,V0376,3,47,27,0.508,5.91,0.013279885772354137,1.877,ROAD_CONSTRUCTION,1.0,KA-CENTRAL,0.739,0.896,0.597,3.528
V0297,V0320,3,39,40,0.624,4.808,0.023291959730463888,1.633,WATER_INFRASTRUCTURE,0.593,KA-NORTH,0.593,0.593,0.733,3.526
V0028,V0429,3,45,26,0.468,6.41,0.010611579396297028,1.974,WATER_INFRASTRUCTURE,1.0,KA-CENTRAL,1.0,1.0,0.55,3.526
V0007,V0276,3,39,41,0.64,4.69,0.024863681622976714,1.604,FURNITURE,0.68,KA-BENGALURU,0.36,0.552,0.752,3.525
V0066,V0301,4,53,36,0.763,5.241,0.006419712791527519,2.192,FURNITURE,0.68,KA-SOUTH,0.8,0.728,0.672,3.524
V0093,V0123,3,34,45,0.612,4.902,0.022098932079339224,1.656,FURNITURE,0.75,KA-CENTRAL,0.438,0.625,0.719,3.523
V0340,V0342,4,47,39,0.733,5.456,0.0055718584943259325,2.254,WATER_INFRASTRUCTURE,1.0,KA-CENTRAL,0.471,0.788,0.645,3.521
V0062,V0414,3,40,31,0.496,6.048,0.012510686454703036,1.903,ELECTRICAL_EQUIPMENT,1.0,KA-NORTH,0.824,0.929,0.582,3.519
V0187,V0248,4,34,46,0.626,6.394,0.0031085308812513054,2.507,CIVIL_MAINTENANCE,1.0,KA-NORTH,1.0,1.0,0.55,3.517
V0028,V0404,4,45,38,0.684,5.848,0.004327985096681707,2.364,CIVIL_MAINTENANCE,1.0,KA-SOUTH,0.714,0.886,0.601,3.517
V0144,V0549,4,68,23,0.626,6.394,0.003001756431310289,2.523,IT_SERVICES,1.0,KA-CENTRAL,1.0,1.0,0.55,3.517
V0172,V0346,4,48,41,0.787,5.081,0.007195597779411222,2.143,WATER_INFRASTRUCTURE,0.774,KA-SOUTH,0.548,0.684,0.692,3.517
V0346,V0438,4,41,44,0.722,5.543,0.005263277184390577,2.279,WATER_INFRASTRUCTURE,1.0,KA-SOUTH,0.531,0.812,0.634,3.516
V0044,V0172,3,34,48,0.653,4.596,0.026201850557859716,1.582,WATER_INFRASTRUCTURE,0.611,KA-CENTRAL,0.389,0.522,0.765,3.516
V0275,V0489,3,46,27,0.497,6.039,0.012521747591011498,1.902,CIVIL_MAINTENANCE,1.0,KA-CENTRAL,0.821,0.929,0.582,3.516
V0016,V0244,5,50,50,1.0,5.0,0.0028068217860653206,2.552,FURNITURE,0.811,KA-SOUTH,0.432,0.659,0.703,3.516
V0259,V0293,3,39,41,0.64,4.69,0.024863681622976714,1.604,ELECTRICAL_EQUIPMENT,0.643,KA-CENTRAL,0.429,0.557,0.749,3.514
V0034,V0208,3,53,25,0.53,5.66,0.014887358806103932,1.827,ELECTRICAL_EQUIPMENT,1.0,KA-CENTRAL,0.609,0.843,0.62,3.512
V0188,V0537,3,43,32,0.55,5.451,0.016617665604316066,1.779,CIVIL_MAINTENANCE,1.0,KA-NORTH,0.48,0.792,0.644,3.508
V0212,V0517,3,42,28,0.47,6.378,0.010788685871955759,1.967,WATER_INFRASTRUCTURE,1.0,KA-SOUTH,1.0,1.0,0.55,3.508
V0178,V0302,3,49,24,0.47,6.378,0.010724537056796777,1.97,ELECTRICAL_EQUIPMENT,1.0,KA-NORTH,1.0,1.0,0.55,3.508
V0132,V0523,4,58,34,0.789,5.071,0.007201331152927315,2.143,FURNITURE,0.743,KA-SOUTH,0.6,0.686,0.691,3.506
V0228,V0230,3,34,41,0.558,5.38,0.017225514540845987,1.764,VEHICLE_SUPPLIES,0.625,KA-NORTH,1.0,0.775,0.651,3.504
V0051,V0484,3,51,26,0.53,5.656,0.014943679843956063,1.826,CIVIL_MAINTENANCE,1.0,KA-CENTRAL,0.618,0.847,0.619,3.5
V0166,V0276,3,31,41,0.508,5.901,0.013386018675149528,1.873,BUILDING_CONSTRUCTION,1.0,KA-CENTRAL,0.76,0.904,0.593,3.5
V0023,V0080,4,44,39,0.686,5.828,0.004385560611792964,2.358,ELECTRICAL_EQUIPMENT,1.0,KA-NORTH,0.719,0.888,0.601,3.5
V0120,V0478,3,44,30,0.528,5.682,0.014829508041545796,1.829,WATER_INFRASTRUCTURE,1.0,KA-NORTH,0.636,0.855,0.615,3.497
V0003,V0317,3,40,35,0.56,5.357,0.01743085524091731,1.759,CIVIL_MAINTENANCE,1.0,TN-NORTH,0.429,0.771,0.653,3.497
V0308,V0336,3,41,35,0.574,5.226,0.018628675991333363,1.73,IT_SERVICES,0.737,KA-CENTRAL,0.737,0.737,0.668,3.493
V0178,V0417,4,49,37,0.725,5.516,0.005348474172429303,2.272,ELECTRICAL_EQUIPMENT,0.815,KA-NORTH,0.815,0.815,0.633,3.493
V0038,V0244,3,25,50,0.5,6.0,0.012704290126295103,1.896,FURNITURE,1.0,KA-SOUTH,0.824,0.929,0.582,3.491
V0051,V0074,3,51,28,0.571,5.252,0.018298924234727756,1.738,ROAD_CONSTRUCTION,1.0,TN-NORTH,0.364,0.745,0.665,3.49
V0383,V0454,3,36,43,0.619,4.845,0.022810636931144476,1.642,ELECTRICAL_EQUIPMENT,0.556,KA-NORTH,0.722,0.622,0.72,3.488
V0043,V0153,4,51,36,0.734,5.447,0.005592045731645069,2.252,ROAD_CONSTRUCTION,1.0,KA-NORTH,0.5,0.8,0.64,3.486
V0038,V0379,3,25,53,0.53,5.66,0.014887358806103932,1.827,FURNITURE,1.0,KA-SOUTH,0.636,0.855,0.615,3.483
V0047,V0512,4,55,34,0.748,5.348,0.005958172513322084,2.225,ELECTRICAL_EQUIPMENT,1.0,KA-SOUTH,0.438,0.775,0.651,3.483
V0215,V0417,4,51,37,0.755,5.299,0.006176483770884557,2.209,ELECTRICAL_EQUIPMENT,0.731,KA-SOUTH,0.808,0.762,0.657,3.483
V0061,V0495,3,37,36,0.533,5.631,0.015233267506927108,1.817,ELECTRICAL_EQUIPMENT,1.0,KA-NORTH,0.619,0.848,0.619,3.483
V0304,V0510,3,44,30,0.528,5.682,0.014829508041545796,1.829,WATER_INFRASTRUCTURE,1.0,KA-NORTH,0.654,0.862,0.612,3.479
V0363,V0413,4,45,40,0.72,5.556,0.005219809004053145,2.282,BUILDING_CONSTRUCTION,1.0,KA-CENTRAL,0.577,0.831,0.626,3.479
V0396,V0433,4,51,35,0.714,5.602,0.005045893179736816,2.297,ELECTRICAL_EQUIPMENT,1.0,KA-CENTRAL,0.606,0.842,0.621,3.478
V0054,V0531,3,33,43,0.568,5.285,0.018063243244292065,1.743,WATER_INFRASTRUCTURE,1.0,KA-CENTRAL,0.4,0.76,0.658,3.478
V0023,V0082,3,44,32,0.563,5.327,0.017680140846419994,1.753,BUILDING_CONSTRUCTION,1.0,KA-NORTH,0.429,0.771,0.653,3.478
V0040,V0062,3,35,40,0.56,5.357,0.01743085524091731,1.759,ELECTRICAL_EQUIPMENT,1.0,KA-BENGALURU,0.45,0.78,0.649,3.477
V0263,V0380,3,49,28,0.549,5.466,0.016432533301504466,1.784,VEHICLE_SUPPLIES,1.0,KA-NORTH,0.522,0.809,0.636,3.477
V0263,V0532,3,49,29,0.568,5.278,0.018079572923678313,1.743,VEHICLE_SUPPLIES,1.0,KA-NORTH,0.4,0.76,0.658,3.473
V0396,V0512,4,51,34,0.694,5.767,0.004536847766827411,2.343,ELECTRICAL_EQUIPMENT,1.0,KA-CENTRAL,0.71,0.884,0.602,3.473
V0023,V0383,4,44,36,0.634,6.313,0.0032637056248242466,2.486,ELECTRICAL_EQUIPMENT,1.0,KA-NORTH,1.0,1.0,0.55,3.472
V0212,V0525,4,42,41,0.689,5.807,0.004443648924496712,2.352,WATER_INFRASTRUCTURE,1.0,KA-SOUTH,0.735,0.894,0.598,3.471
V0123,V0132,5,45,58,1.044,4.789,0.003390463069393418,2.47,FURNITURE,0.657,KA-CENTRAL,0.543,0.611,0.725,3.471
V0152,V0396,3,25,51,0.51,5.882,0.01340974584719388,1.873,IT_SERVICES,1.0,KA-CENTRAL,0.778,0.911,0.59,3.47
V0308,V0494,3,41,29,0.476,6.308,0.01113092051178822,1.953,IT_SERVICES,1.0,KA-CENTRAL,1.0,1.0,0.55,3.469
V0051,V0169,4,51,35,0.714,5.602,0.005045893179736816,2.297,CIVIL_MAINTENANCE,1.0,KA-CENTRAL,0.615,0.846,0.619,3.469
V0007,V0093,3,39,34,0.53,5.656,0.01504306264861347,1.823,BUILDING_CONSTRUCTION,1.0,TN-NORTH,0.65,0.86,0.613,3.467
V0187,V0458,3,34,35,0.476,6.303,0.01117920998440935,1.952,CIVIL_MAINTENANCE,1.0,KA-NORTH,1.0,1.0,0.55,3.467
V0255,V0531,3,33,43,0.568,5.285,0.018063243244292065,1.743,WATER_INFRASTRUCTURE,1.0,KA-CENTRAL,0.412,0.765,0.656,3.466
V0061,V0403,3,37,34,0.503,5.962,0.013028291033231297,1.885,ELECTRICAL_EQUIPMENT,1.0,KA-NORTH,0.826,0.93,0.581,3.466
V0120,V0340,5,44,47,0.827,6.044,0.0011856801113590079,2.926,WATER_INFRASTRUCTURE,1.0,KA-CENTRAL,0.871,0.948,0.573,3.465
V0368,V0525,4,50,41,0.82,4.878,0.008317605300070365,2.08,ROAD_CONSTRUCTION,0.719,KA-CENTRAL,0.531,0.644,0.71,3.465
V0052,V0404,4,46,38,0.699,5.721,0.0046888581063658065,2.329,CIVIL_MAINTENANCE,1.0,KA-BENGALURU,0.692,0.877,0.605,3.463
V0166,V0248,3,31,46,0.57,5.259,0.018282416052674638,1.738,BUILDING_CONSTRUCTION,0.76,KA-CENTRAL,0.76,0.76,0.658,3.46
V0188,V0274,4,43,37,0.636,6.285,0.0033192366796717474,2.479,BUILDING_CONSTRUCTION,1.0,KA-NORTH,1.0,1.0,0.55,3.457
V0212,V0247,4,42,41,0.689,5.807,0.004443648924496712,2.352,WATER_INFRASTRUCTURE,1.0,KA-NORTH,0.75,0.9,0.595,3.455
V0335,V0472,3,38,37,0.562,5.334,0.01763755913568394,1.754,CIVIL_MAINTENANCE,0.64,KA-NORTH,1.0,0.784,0.647,3.452
V0080,V0403,3,39,34,0.53,5.656,0.01504306264861347,1.823,ELECTRICAL_EQUIPMENT,1.0,KA-NORTH,0.667,0.867,0.61,3.45
V0526,V0547,3,28,48,0.538,5.58,0.015542022924160742,1.808,ROAD_CONSTRUCTION,1.0,KA-SOUTH,0.621,0.848,0.618,3.45
V0421,V0525,4,46,41,0.754,5.302,0.00617900516388201,2.209,WATER_INFRASTRUCTURE,0.778,KA-SOUTH,0.778,0.778,0.65,3.446
V0016,V0270,3,50,27,0.54,5.556,0.015710513112139453,1.804,BUILDING_CONSTRUCTION,1.0,KA-SOUTH,0.611,0.844,0.62,3.445
V0043,V0071,5,51,47,0.959,5.215,0.0023241379759363894,2.634,ROAD_CONSTRUCTION,1.0,KA-NORTH,0.386,0.755,0.66,3.444
V0162,V0344,3,35,38,0.532,5.639,0.015169715515609262,1.819,ELECTRICAL_EQUIPMENT,1.0,KA-SOUTH,0.667,0.867,0.61,3.44
V0062,V0063,3,40,30,0.48,6.25,0.011425345092657488,1.942,ELECTRICAL_EQUIPMENT,1.0,KA-CENTRAL,1.0,1.0,0.55,3.438
V0011,V0063,3,40,30,0.48,6.25,0.011425345092657488,1.942,ELECTRICAL_EQUIPMENT,1.0,KA-CENTRAL,1.0,1.0,0.55,3.438
V0366,V0426,3,30,40,0.48,6.25,0.011425345092657488,1.942,WATER_INFRASTRUCTURE,1.0,KA-SOUTH,1.0,1.0,0.55,3.438
V0082,V0242,3,32,41,0.525,5.716,0.014604510564147204,1.836,FURNITURE,1.0,KA-SOUTH,0.714,0.886,0.601,3.438
V0071,V0517,3,47,28,0.526,5.699,0.014679826398259826,1.833,ROAD_CONSTRUCTION,1.0,KA-CENTRAL,0.706,0.882,0.603,3.436
V0172,V0366,3,48,30,0.576,5.208,0.018752758495252837,1.727,WATER_INFRASTRUCTURE,1.0,KA-CENTRAL,0.391,0.757,0.66,3.435
V0038,V0066,3,25,53,0.53,5.66,0.014887358806103932,1.827,FURNITURE,1.0,KA-SOUTH,0.684,0.874,0.607,3.435
V0024,V0340,5,47,47,0.884,5.659,0.0016054946914701076,2.794,CIVIL_MAINTENANCE,1.0,KA-NORTH,0.683,0.873,0.607,3.435
V0047,V0433,4,55,35,0.77,5.195,0.006618365770415449,2.179,ELECTRICAL_EQUIPMENT,0.741,KA-SOUTH,0.778,0.756,0.66,3.429
V0291,V0293,3,38,41,0.623,4.814,0.023211358607770925,1.634,IT_SERVICES,0.64,KA-NORTH,0.64,0.64,0.712,3.428
V0059,V0242,3,32,41,0.525,5.716,0.014604510564147204,1.836,BUILDING_CONSTRUCTION,1.0,KA-CENTRAL,0.724,0.89,0.6,3.428
V0512,V0533,3,34,37,0.503,5.962,0.013028291033231297,1.885,CIVIL_MAINTENANCE,1.0,KA-CENTRAL,0.864,0.945,0.575,3.425
V0133,V0220,3,37,37,0.548,5.478,0.016410370608149195,1.785,ROAD_CONSTRUCTION,0.722,KA-NORTH,1.0,0.833,0.625,3.424
V0027,V0293,3,32,41,0.525,5.716,0.014604510564147204,1.836,ELECTRICAL_EQUIPMENT,1.0,AP-SOUTH,0.727,0.891,0.599,3.424
V0269,V0275,4,39,46,0.718,5.574,0.005155057287496523,2.288,CIVIL_MAINTENANCE,1.0,KA-CENTRAL,0.647,0.859,0.614,3.42
V0028,V0391,3,45,29,0.522,5.747,0.014363624289232577,1.843,CIVIL_MAINTENANCE,1.0,KA-NORTH,0.75,0.9,0.595,3.419
V0162,V0259,3,35,39,0.546,5.495,0.016277928101822443,1.788,ELECTRICAL_EQUIPMENT,1.0,KA-BENGALURU,0.6,0.84,0.622,3.418
V0309,V0310,4,56,35,0.784,5.102,0.007057092593538135,2.151,BUILDING_CONSTRUCTION,0.867,KA-NORTH,0.533,0.733,0.67,3.418
V0024,V0530,3,47,29,0.545,5.503,0.016160619955509836,1.792,CIVIL_MAINTENANCE,1.0,KA-SOUTH,0.607,0.843,0.621,3.416
V0052,V0458,4,46,35,0.644,6.211,0.003462771941718476,2.461,CIVIL_MAINTENANCE,1.0,KA-NORTH,1.0,1.0,0.55,3.416
V0248,V0433,4,46,35,0.644,6.211,0.003462771941718476,2.461,CIVIL_MAINTENANCE,1.0,KA-NORTH,1.0,1.0,0.55,3.416
V0080,V0396,4,39,51,0.796,5.028,0.00746476682288006,2.127,ELECTRICAL_EQUIPMENT,1.0,KA-BENGALURU,0.281,0.712,0.679,3.416
V0016,V0309,5,50,56,1.12,4.464,0.0046235791252477055,2.335,BUILDING_CONSTRUCTION,0.571,KA-NORTH,0.452,0.524,0.764,3.412
V0073,V0224,4,44,42,0.739,5.411,0.00574341445504397,2.241,ROAD_CONSTRUCTION,1.0,KA-SOUTH,0.553,0.821,0.631,3.412
V0172,V0220,4,48,37,0.71,5.631,0.004964027525914331,2.304,WATER_INFRASTRUCTURE,0.793,KA-CENTRAL,1.0,0.876,0.606,3.412
V0071,V0114,3,47,31,0.583,5.148,0.01936670912594786,1.713,ROAD_CONSTRUCTION,1.0,KA-NORTH,0.375,0.75,0.662,3.411
V0024,V0402,3,47,29,0.545,5.503,0.016160619955509836,1.792,CIVIL_MAINTENANCE,1.0,AP-SOUTH,0.613,0.845,0.62,3.41
V0023,V0027,3,44,32,0.563,5.327,0.017680140846419994,1.753,ELECTRICAL_EQUIPMENT,1.0,TN-NORTH,0.5,0.8,0.64,3.409
V0023,V0513,6,44,55,0.968,6.198,0.0003185228427325912,3.497,ELECTRICAL_EQUIPMENT,1.0,KA-NORTH,1.0,1.0,0.55,3.409
V0024,V0201,4,47,38,0.714,5.599,0.005069559604044337,2.295,CIVIL_MAINTENANCE,1.0,KA-SOUTH,0.674,0.87,0.609,3.408
V0066,V0504,4,53,41,0.869,4.602,0.01020766141506813,1.991,FURNITURE,0.577,KA-NORTH,0.577,0.577,0.74,3.407
V0042,V0526,3,49,28,0.549,5.466,0.016432533301504466,1.784,ROAD_CONSTRUCTION,1.0,KA-SOUTH,0.593,0.837,0.623,3.407
V0277,V0369,3,71,19,0.54,5.56,0.015347741517512057,1.814,IT_SERVICES,1.0,KA-CENTRAL,0.652,0.861,0.613,3.406
V0212,V0275,4,42,46,0.773,5.176,0.006738447985594778,2.171,CIVIL_MAINTENANCE,1.0,KA-CENTRAL,0.4,0.76,0.658,3.406
V0231,V0502,3,26,53,0.551,5.443,0.016580612932406712,1.78,IT_SERVICES,1.0,KA-CENTRAL,0.579,0.832,0.626,3.406
V0024,V0142,3,47,29,0.545,5.503,0.016160619955509836,1.792,CIVIL_MAINTENANCE,1.0,KA-NORTH,0.621,0.848,0.618,3.402
V0244,V0292,3,50,27,0.54,5.556,0.015710513112139453,1.804,FURNITURE,1.0,KA-NORTH,0.654,0.862,0.612,3.402
V0220,V0224,3,37,42,0.622,4.826,0.023050613131231006,1.637,ROAD_CONSTRUCTION,0.64,KA-SOUTH,0.68,0.656,0.705,3.401
V0039,V0288,3,56,29,0.65,4.618,0.025766108708688937,1.589,BUILDING_CONSTRUCTION,0.724,TN-NORTH,0.379,0.586,0.736,3.4
V0248,V0413,4,46,40,0.736,5.435,0.005651487114430619,2.248,BUILDING_CONSTRUCTION,1.0,KA-CENTRAL,0.583,0.833,0.625,3.397
V0053,V0404,4,44,38,0.669,5.981,0.003986440133365101,2.399,CIVIL_MAINTENANCE,1.0,KA-BENGALURU,0.9,0.96,0.568,3.397
V0073,V0166,3,44,31,0.546,5.499,0.0162192373885271,1.79,CIVIL_MAINTENANCE,1.0,KA-BENGALURU,0.625,0.85,0.617,3.396
V0209,V0258,3,36,37,0.533,5.631,0.015233267506927108,1.817,ELECTRICAL_EQUIPMENT,1.0,KA-SOUTH,0.706,0.882,0.603,3.395
V0020,V0486,3,85,17,0.578,5.19,0.018271361298932857,1.738,MEDICAL_SUPPLIES,1.0,KA-NORTH,0.421,0.768,0.654,3.395
V0024,V0532,3,47,29,0.545,5.503,0.016160619955509836,1.792,CIVIL_MAINTENANCE,1.0,KA-CENTRAL,0.63,0.852,0.617,3.394
V0040,V0061,3,35,37,0.518,5.792,0.01410600425352082,1.851,ELECTRICAL_EQUIPMENT,1.0,KA-NORTH,0.8,0.92,0.586,3.394
V0215,V0241,4,51,34,0.694,5.767,0.004536847766827411,2.343,ELECTRICAL_EQUIPMENT,1.0,KA-SOUTH,0.788,0.915,0.588,3.392
V0016,V0379,5,50,53,1.06,4.717,0.0036338164084220776,2.44,FURNITURE,0.537,KA-SOUTH,0.756,0.624,0.719,3.392
V0298,V0414,3,43,31,0.533,5.626,0.015240109894063002,1.817,ELECTRICAL_EQUIPMENT,1.0,KA-NORTH,0.706,0.882,0.603,3.392
V0119,V0463,3,64,19,0.486,6.168,0.011571089862129593,1.937,MEDICAL_SUPPLIES,1.0,KA-CENTRAL,1.0,1.0,0.55,3.392
V0052,V0453,3,46,32,0.589,5.095,0.01991755563005134,1.701,CIVIL_MAINTENANCE,1.0,AP-SOUTH,0.36,0.744,0.665,3.389
V0129,V0396,5,47,51,0.959,5.215,0.0023241379759363894,2.634,ELECTRICAL_EQUIPMENT,1.0,KA-CENTRAL,0.447,0.779,0.649,3.387
V0091,V0245,6,74,38,1.125,5.334,0.0007134393212495068,3.147,CIVIL_MAINTENANCE,1.0,KA-NORTH,0.531,0.812,0.634,3.384
V0053,V0485,4,44,42,0.739,5.411,0.00574341445504397,2.241,CIVIL_MAINTENANCE,1.0,KA-SOUTH,0.581,0.832,0.625,3.384
V0132,V0254,5,58,43,0.998,5.012,0.002767562833754822,2.558,FURNITURE,0.71,KA-CENTRAL,0.742,0.723,0.675,3.382
V0062,V0336,3,40,35,0.56,5.357,0.01743085524091731,1.759,ELECTRICAL_EQUIPMENT,1.0,KA-SOUTH,0.55,0.82,0.631,3.38
V0016,V0276,4,50,41,0.82,4.878,0.008317605300070365,2.08,BUILDING_CONSTRUCTION,0.793,KA-CENTRAL,0.517,0.683,0.693,3.379
V0286,V0355,3,21,69,0.58,5.176,0.018745718286804314,1.727,MEDICAL_SUPPLIES,1.0,KA-SOUTH,0.429,0.771,0.653,3.379
V0368,V0376,3,50,27,0.54,5.556,0.015710513112139453,1.804,ROAD_CONSTRUCTION,1.0,KA-CENTRAL,0.679,0.871,0.608,3.377
V0080,V0228,3,39,34,0.53,5.656,0.01504306264861347,1.823,CIVIL_MAINTENANCE,1.0,KA-NORTH,0.739,0.896,0.597,3.376
V0061,V0396,4,37,51,0.755,5.299,0.006176483770884557,2.209,ELECTRICAL_EQUIPMENT,1.0,KA-NORTH,0.517,0.807,0.637,3.375
V0340,V0496,3,47,26,0.489,6.137,0.011960163752979916,1.922,WATER_INFRASTRUCTURE,1.0,KA-NORTH,1.0,1.0,0.55,3.375
V0024,V0065,3,47,26,0.489,6.137,0.011960163752979916,1.922,CIVIL_MAINTENANCE,1.0,KA-NORTH,1.0,1.0,0.55,3.375
V0066,V0122,4,53,36,0.763,5.241,0.006419712791527519,2.192,FURNITURE,0.852,KA-SOUTH,0.704,0.793,0.643,3.372
V0034,V0495,4,53,36,0.763,5.241,0.006419712791527519,2.192,CIVIL_MAINTENANCE,0.654,KA-CENTRAL,1.0,0.792,0.643,3.372
V0016,V0319,3,50,34,0.68,4.412,0.02915069067338814,1.535,BUILDING_CONSTRUCTION,0.524,TN-NORTH,0.524,0.524,0.764,3.372
V0355,V0452,3,69,20,0.552,5.435,0.016386558800560457,1.786,MEDICAL_SUPPLIES,1.0,KA-SOUTH,0.609,0.843,0.62,3.372
V0091,V0279,3,74,21,0.622,4.826,0.022575706378938905,1.646,ROAD_CONSTRUCTION,0.529,KA-SOUTH,0.882,0.671,0.698,3.37
V0024,V0230,4,47,41,0.771,5.189,0.006674403811997896,2.176,CIVIL_MAINTENANCE,1.0,KA-SOUTH,0.447,0.779,0.649,3.37
V0040,V0293,3,35,41,0.574,5.226,0.018628675991333363,1.73,ELECTRICAL_EQUIPMENT,1.0,AP-SOUTH,0.474,0.789,0.645,3.369
V0010,V0505,4,96,18,0.691,5.787,0.004128564378187376,2.384,MEDICAL_SUPPLIES,1.0,KA-SOUTH,0.821,0.929,0.582,3.369
V0172,V0387,3,48,35,0.672,4.464,0.02827879969425322,1.549,ROAD_CONSTRUCTION,0.636,KA-CENTRAL,0.409,0.545,0.755,3.368
V0178,V0392,3,49,33,0.647,4.638,0.025560784244811265,1.592,IT_SERVICES,0.609,KA-CENTRAL,0.609,0.609,0.726,3.368
V0080,V0433,3,39,35,0.546,5.495,0.016277928101822443,1.788,ELECTRICAL_EQUIPMENT,1.0,KA-SOUTH,0.654,0.862,0.612,3.365
V0244,V0413,4,50,40,0.8,5.0,0.007617048869978708,2.118,FURNITURE,0.545,KA-NORTH,1.0,0.727,0.673,3.364
V0127,V0523,3,43,34,0.585,5.13,0.019577133155812096,1.708,FURNITURE,0.609,KA-BENGALURU,1.0,0.765,0.656,3.363
V0209,V0215,4,36,51,0.734,5.447,0.005592045731645069,2.252,ELECTRICAL_EQUIPMENT,1.0,KA-SOUTH,0.63,0.852,0.617,3.359
V0073,V0126,3,44,30,0.528,5.682,0.014829508041545796,1.829,CIVIL_MAINTENANCE,1.0,KA-NORTH,0.773,0.909,0.591,3.358
V0052,V0485,4,46,42,0.773,5.176,0.006738447985594778,2.171,CIVIL_MAINTENANCE,1.0,KA-BENGALURU,0.452,0.781,0.649,3.358
V0040,V0509,3,35,42,0.588,5.102,0.0198715363307631,1.702,ELECTRICAL_EQUIPMENT,1.0,KA-NORTH,0.4,0.76,0.658,3.357
V0454,V0513,4,43,55,0.946,4.228,0.013698602060467663,1.863,IT_SERVICES,0.5,KA-SOUTH,0.395,0.458,0.794,3.357
V0218,V0294,3,43,32,0.55,5.451,0.016617665604316066,1.779,CIVIL_MAINTENANCE,1.0,KA-CENTRAL,0.636,0.855,0.615,3.355
V0355,V0528,4,69,25,0.69,5.797,0.0043399160598512785,2.363,MEDICAL_SUPPLIES,1.0,KA-CENTRAL,0.84,0.936,0.579,3.355
V0042,V0072,6,49,58,1.137,5.278,0.0007740023866339603,3.111,ROAD_CONSTRUCTION,1.0,KA-NORTH,0.525,0.81,0.635,3.354
V0001,V0373,3,62,22,0.546,5.499,0.015987817667310382,1.796,CIVIL_MAINTENANCE,1.0,KA-SOUTH,0.667,0.867,0.61,3.354
V0277,V0334,3,71,20,0.568,5.282,0.0176940777902061,1.752,IT_SERVICES,1.0,KA-CENTRAL,0.529,0.812,0.635,3.353
V0336,V0509,3,35,42,0.588,5.102,0.0198715363307631,1.702,ELECTRICAL_EQUIPMENT,1.0,KA-NORTH,0.409,0.764,0.656,3.349
V0080,V0178,4,39,49,0.764,5.233,0.006472168193129944,2.189,ELECTRICAL_EQUIPMENT,1.0,KA-BENGALURU,0.5,0.8,0.64,3.349
V0044,V0247,3,34,41,0.558,5.38,0.017225514540845987,1.764,WATER_INFRASTRUCTURE,1.0,KA-NORTH,0.6,0.84,0.622,3.346
V0113,V0494,3,46,29,0.534,5.622,0.015246938824440684,1.817,IT_SERVICES,1.0,KA-NORTH,0.75,0.9,0.595,3.345
V0254,V0281,3,43,40,0.688,4.36,0.03010216083187665,1.521,BUILDING_CONSTRUCTION,0.586,KA-SOUTH,0.414,0.517,0.767,3.345
V0281,V0370,3,40,37,0.592,5.068,0.020242962493198065,1.694,FURNITURE,1.0,KA-NORTH,0.391,0.757,0.66,3.343
V0001,V0339,3,62,22,0.546,5.499,0.015987817667310382,1.796,ROAD_CONSTRUCTION,1.0,KA-SOUTH,0.679,0.871,0.608,3.343
V0152,V0295,3,25,55,0.55,5.455,0.016454575511494523,1.784,IT_SERVICES,1.0,KA-CENTRAL,0.652,0.861,0.613,3.342
V0053,V0059,3,44,32,0.563,5.327,0.017680140846419994,1.753,CIVIL_MAINTENANCE,1.0,KA-CENTRAL,0.571,0.829,0.627,3.341
V0120,V0537,3,44,32,0.563,5.327,0.017680140846419994,1.753,WATER_INFRASTRUCTURE,1.0,KA-SOUTH,0.571,0.829,0.627,3.341
V0016,V0364,3,50,31,0.62,4.839,0.0228314418828676,1.641,BUILDING_CONSTRUCTION,0.8,KA-CENTRAL,0.52,0.688,0.69,3.341
V0297,V0547,4,39,48,0.749,5.342,0.006010725465672108,2.221,WATER_INFRASTRUCTURE,0.833,KA-NORTH,0.833,0.833,0.625,3.339
V0298,V0433,3,43,35,0.602,4.983,0.021159550221173745,1.674,ELECTRICAL_EQUIPMENT,1.0,KA-SOUTH,0.333,0.733,0.67,3.339
V0263,V0458,4,49,35,0.686,5.831,0.004363955777378544,2.36,VEHICLE_SUPPLIES,1.0,KA-CENTRAL,0.875,0.95,0.572,3.338
V0455,V0525,4,43,41,0.705,5.672,0.004841756394015193,2.315,WATER_INFRASTRUCTURE,1.0,KA-SOUTH,0.786,0.914,0.589,3.338
V0080,V0088,3,39,38,0.593,5.061,0.02031770409444525,1.692,CIVIL_MAINTENANCE,1.0,KA-NORTH,0.391,0.757,0.66,3.338
V0187,V0304,3,34,44,0.598,5.013,0.02081671439668504,1.682,WATER_INFRASTRUCTURE,1.0,KA-BENGALURU,0.36,0.744,0.665,3.335
V0023,V0485,4,44,42,0.739,5.411,0.00574341445504397,2.241,ELECTRICAL_EQUIPMENT,1.0,KA-BENGALURU,0.633,0.853,0.616,3.333
V0245,V0340,4,38,47,0.714,5.599,0.005069559604044337,2.295,CIVIL_MAINTENANCE,1.0,KA-NORTH,0.75,0.9,0.595,3.331
V0293,V0417,3,41,37,0.607,4.944,0.021621460511065622,1.665,ELECTRICAL_EQUIPMENT,0.789,KA-NORTH,0.632,0.726,0.673,3.328
V0071,V0530,3,47,29,0.545,5.503,0.016160619955509836,1.792,CIVIL_MAINTENANCE,1.0,KA-SOUTH,0.696,0.878,0.605,3.328
V0209,V0370,3,36,37,0.533,5.631,0.015233267506927108,1.817,BUILDING_CONSTRUCTION,1.0,KA-SOUTH,0.773,0.909,0.591,3.327
V0209,V0352,3,36,38,0.547,5.482,0.016377203350648246,1.786,BUILDING_CONSTRUCTION,1.0,KA-CENTRAL,0.684,0.874,0.607,3.327
V0061,V0178,4,37,49,0.725,5.516,0.005348474172429303,2.272,ELECTRICAL_EQUIPMENT,1.0,KA-NORTH,0.706,0.882,0.603,3.326
V0091,V0125,3,74,21,0.622,4.826,0.022575706378938905,1.646,CIVIL_MAINTENANCE,0.692,KA-NORTH,0.692,0.692,0.688,3.323
V0053,V0166,3,44,31,0.546,5.499,0.0162192373885271,1.79,CIVIL_MAINTENANCE,1.0,KA-BENGALURU,0.7,0.88,0.604,3.321
V0028,V0366,3,45,30,0.54,5.556,0.015761275546172238,1.802,WATER_INFRASTRUCTURE,1.0,KA-CENTRAL,0.737,0.895,0.597,3.319
V0320,V0525,3,40,41,0.656,4.573,0.02657842697992787,1.575,ROAD_CONSTRUCTION,0.65,KA-SOUTH,0.55,0.61,0.725,3.318
V0073,V0091,6,44,74,1.302,4.607,0.001584524602806911,2.8,ROAD_CONSTRUCTION,0.577,KA-SOUTH,0.692,0.623,0.72,3.315
V0129,V0513,5,47,55,1.034,4.836,0.003253672335721778,2.488,ELECTRICAL_EQUIPMENT,0.9,KA-SOUTH,0.4,0.7,0.685,3.313
V0010,V0498,4,96,19,0.73,5.482,0.005077474002711441,2.294,MEDICAL_SUPPLIES,1.0,KA-SOUTH,0.7,0.88,0.604,3.311
V0355,V0536,3,69,22,0.607,4.941,0.0212837894242841,1.672,MEDICAL_SUPPLIES,1.0,KA-BENGALURU,0.333,0.733,0.67,3.31
V0242,V0254,4,41,43,0.705,5.672,0.004841756394015193,2.315,FURNITURE,1.0,KA-SOUTH,0.816,0.926,0.583,3.308
V0429,V0547,3,26,48,0.499,6.01,0.012670041133261327,1.897,WATER_INFRASTRUCTURE,1.0,KA-CENTRAL,1.0,1.0,0.55,3.306
V0269,V0294,3,39,32,0.499,6.01,0.012739247664650769,1.895,CIVIL_MAINTENANCE,1.0,KA-CENTRAL,1.0,1.0,0.55,3.306
V0359,V0483,5,40,55,0.88,5.682,0.0015690132823426332,2.804,WATER_INFRASTRUCTURE,1.0,KA-NORTH,0.824,0.929,0.582,3.306
V0384,V0392,3,45,33,0.594,5.051,0.02040187926406164,1.69,IT_SERVICES,0.615,KA-NORTH,1.0,0.769,0.654,3.303
V0034,V0258,4,53,37,0.784,5.099,0.007086203711801601,2.15,ELECTRICAL_EQUIPMENT,1.0,KA-NORTH,0.458,0.783,0.648,3.302
V0384,V0502,5,45,53,0.954,5.241,0.0022704423892550892,2.644,ELECTRICAL_EQUIPMENT,0.822,KA-NORTH,0.822,0.822,0.63,3.302
V0024,V0043,5,47,51,0.959,5.215,0.0023241379759363894,2.634,CIVIL_MAINTENANCE,1.0,KA-SOUTH,0.538,0.815,0.633,3.301
V0275,V0404,3,46,38,0.699,4.291,0.03138147168645481,1.503,VEHICLE_SUPPLIES,0.562,KA-SOUTH,0.438,0.512,0.769,3.301
V0304,V0346,4,44,41,0.722,5.543,0.005263277184390577,2.279,WATER_INFRASTRUCTURE,1.0,KA-SOUTH,0.75,0.9,0.595,3.298
V0071,V0525,4,47,41,0.771,5.189,0.006674403811997896,2.176,ROAD_CONSTRUCTION,1.0,KA-SOUTH,0.526,0.811,0.635,3.296
V0187,V0381,3,34,41,0.558,5.38,0.017225514540845987,1.764,WATER_INFRASTRUCTURE,1.0,KA-NORTH,0.654,0.862,0.612,3.294
V0043,V0547,5,51,48,0.979,5.106,0.0025547705418689365,2.593,ROAD_CONSTRUCTION,1.0,KA-CENTRAL,0.474,0.789,0.645,3.292
V0433,V0513,4,35,55,0.77,5.195,0.006618365770415449,2.179,ELECTRICAL_EQUIPMENT,1.0,KA-CENTRAL,0.541,0.816,0.633,3.287
V0383,V0485,3,36,42,0.605,4.96,0.021428331778610837,1.669,ELECTRICAL_EQUIPMENT,1.0,KA-SOUTH,0.375,0.75,0.662,3.286
V0502,V0509,5,53,42,0.89,5.615,0.0016588591947957524,2.78,ELECTRICAL_EQUIPMENT,1.0,KA-NORTH,0.805,0.922,0.585,3.285
V0010,V0262,5,96,26,0.998,5.008,0.0026045918390174352,2.584,MEDICAL_SUPPLIES,1.0,KA-NORTH,0.412,0.765,0.656,3.285
V0051,V0533,4,51,37,0.755,5.299,0.006176483770884557,2.209,CIVIL_MAINTENANCE,1.0,KA-CENTRAL,0.613,0.845,0.62,3.284
V0016,V0504,4,50,41,0.82,4.878,0.008317605300070365,2.08,FURNITURE,0.84,KA-SOUTH,0.56,0.728,0.672,3.28
V0129,V0298,4,47,43,0.808,4.948,0.007913401424340596,2.102,ELECTRICAL_EQUIPMENT,1.0,KA-SOUTH,0.375,0.75,0.662,3.278
V0182,V0340,3,35,47,0.658,4.559,0.026764357615632957,1.572,CIVIL_MAINTENANCE,0.625,KA-CENTRAL,0.625,0.625,0.719,3.277
V0525,V0531,3,41,43,0.705,4.254,0.0320964032874973,1.494,WATER_INFRASTRUCTURE,0.56,AP-SOUTH,0.44,0.512,0.77,3.274
V0053,V0512,3,44,34,0.598,5.013,0.02081671439668504,1.682,CIVIL_MAINTENANCE,1.0,KA-SOUTH,0.429,0.771,0.653,3.273
V0054,V0212,3,33,42,0.554,5.411,0.01695384645082211,1.771,WATER_INFRASTRUCTURE,1.0,KA-CENTRAL,0.696,0.878,0.605,3.272
V0244,V0280,4,50,36,0.72,5.556,0.005206526283239244,2.283,FURNITURE,1.0,KA-SOUTH,0.784,0.914,0.589,3.272
V0062,V0495,3,40,36,0.576,5.208,0.018807366197323885,1.726,ELECTRICAL_EQUIPMENT,1.0,KA-SOUTH,0.571,0.829,0.627,3.266
V0132,V0327,6,58,51,1.183,5.071,0.0009616154819966461,3.017,FURNITURE,1.0,KA-CENTRAL,0.477,0.791,0.644,3.266
V0042,V0159,4,49,40,0.784,5.102,0.007088758511511908,2.149,ROAD_CONSTRUCTION,1.0,KA-SOUTH,0.5,0.8,0.64,3.265
V0219,V0523,3,45,34,0.612,4.902,0.022098932079339224,1.656,FURNITURE,0.786,KA-SOUTH,0.679,0.743,0.666,3.263
V0255,V0455,3,33,43,0.568,5.285,0.018063243244292065,1.743,CIVIL_MAINTENANCE,1.0,KA-SOUTH,0.625,0.85,0.617,3.263
V0438,V0525,4,44,41,0.722,5.543,0.005263277184390577,2.279,WATER_INFRASTRUCTURE,1.0,KA-SOUTH,0.786,0.914,0.589,3.262
V0276,V0413,3,41,40,0.656,4.573,0.02657842697992787,1.575,FURNITURE,0.625,KA-CENTRAL,0.656,0.638,0.713,3.261
V0119,V0529,3,64,24,0.614,4.883,0.022071160330059073,1.656,MEDICAL_SUPPLIES,1.0,KA-NORTH,0.346,0.738,0.668,3.26
V0182,V0438,3,35,44,0.616,4.87,0.022492800649740893,1.648,WATER_INFRASTRUCTURE,0.735,KA-CENTRAL,0.735,0.735,0.669,3.259
V0029,V0052,3,33,46,0.607,4.941,0.021631316181164685,1.665,CIVIL_MAINTENANCE,1.0,KA-CENTRAL,0.394,0.758,0.659,3.257
V0346,V0531,3,41,43,0.705,4.254,0.0320964032874973,1.494,WATER_INFRASTRUCTURE,0.609,KA-NORTH,0.391,0.522,0.765,3.255
V0162,V0424,3,35,40,0.56,5.357,0.01743085524091731,1.759,ELECTRICAL_EQUIPMENT,1.0,KA-BENGALURU,0.68,0.872,0.608,3.255
V0308,V0454,3,41,43,0.705,4.254,0.0320964032874973,1.494,ELECTRICAL_EQUIPMENT,0.609,KA-CENTRAL,0.391,0.522,0.765,3.255
V0201,V0274,3,38,37,0.562,5.334,0.01763755913568394,1.754,BUILDING_CONSTRUCTION,1.0,KA-NORTH,0.667,0.867,0.61,3.254
V0016,V0269,4,50,39,0.78,5.128,0.006956685921895207,2.158,BUILDING_CONSTRUCTION,1.0,KA-CENTRAL,0.533,0.813,0.634,3.251
V0123,V0363,4,45,45,0.81,4.938,0.007970692471926414,2.099,BUILDING_CONSTRUCTION,1.0,KA-CENTRAL,0.4,0.76,0.658,3.249
V0169,V0256,3,35,40,0.56,5.357,0.01743085524091731,1.759,CIVIL_MAINTENANCE,1.0,KA-CENTRAL,0.69,0.876,0.606,3.246
V0034,V0061,4,53,37,0.784,5.099,0.007086203711801601,2.15,ELECTRICAL_EQUIPMENT,1.0,KA-NORTH,0.519,0.807,0.637,3.246
V0079,V0144,4,30,68,0.816,4.902,0.008050888809878148,2.094,IT_SERVICES,1.0,KA-SOUTH,0.379,0.752,0.662,3.244
V0199,V0215,3,27,51,0.551,5.447,0.01657320053884577,1.781,ELECTRICAL_EQUIPMENT,1.0,KA-SOUTH,0.75,0.9,0.595,3.241
V0336,V0424,3,35,40,0.56,5.357,0.01743085524091731,1.759,ELECTRICAL_EQUIPMENT,1.0,KA-CENTRAL,0.7,0.88,0.604,3.236
V0066,V0276,4,53,41,0.869,4.602,0.01020766141506813,1.991,FURNITURE,0.757,KA-SOUTH,0.514,0.659,0.703,3.236
V0308,V0396,4,41,51,0.836,4.782,0.00891949977942997,2.05,IT_SERVICES,0.719,KA-CENTRAL,0.719,0.719,0.677,3.235
V0064,V0248,4,40,46,0.736,5.435,0.005651487114430619,2.248,CIVIL_MAINTENANCE,1.0,KA-NORTH,0.75,0.9,0.595,3.234
V0133,V0421,3,37,46,0.681,4.407,0.029274160088026736,1.534,WATER_INFRASTRUCTURE,0.542,KA-CENTRAL,0.667,0.592,0.734,3.234
V0078,V0159,3,36,40,0.576,5.208,0.018807366197323885,1.726,ROAD_CONSTRUCTION,0.737,KA-SOUTH,1.0,0.842,0.621,3.234
V0293,V0454,3,41,43,0.705,4.254,0.0320964032874973,1.494,IT_SERVICES,0.667,KA-NORTH,0.333,0.533,0.76,3.233
V0082,V0254,3,32,43,0.55,5.451,0.016617665604316066,1.779,FURNITURE,1.0,KA-BENGALURU,0.762,0.905,0.593,3.232
V0043,V0072,6,51,58,1.183,5.071,0.0009616154819966461,3.017,ROAD_CONSTRUCTION,0.909,KA-NORTH,0.655,0.807,0.637,3.229
V0406,V0481,3,20,64,0.512,5.859,0.013367532090749036,1.874,MEDICAL_SUPPLIES,1.0,KA-NORTH,1.0,1.0,0.55,3.222
V0062,V0291,3,40,38,0.608,4.934,0.021737794518141618,1.663,ELECTRICAL_EQUIPMENT,1.0,KA-BENGALURU,0.429,0.771,0.653,3.221
V0254,V0379,4,43,53,0.912,4.388,0.012057311503608198,1.919,BUILDING_CONSTRUCTION,0.542,KA-SOUTH,0.667,0.592,0.734,3.22
V0024,V0483,5,47,55,1.034,4.836,0.003253672335721778,2.488,CIVIL_MAINTENANCE,1.0,KA-SOUTH,0.357,0.743,0.666,3.219
V0029,V0129,3,33,47,0.62,4.836,0.022900923631011493,1.64,ELECTRICAL_EQUIPMENT,1.0,AP-SOUTH,0.36,0.744,0.665,3.217
V0040,V0298,3,35,43,0.602,4.983,0.021159550221173745,1.674,ELECTRICAL_EQUIPMENT,1.0,KA-NORTH,0.471,0.788,0.645,3.216
V0158,V0485,3,34,42,0.571,5.252,0.01838010392344742,1.736,CIVIL_MAINTENANCE,1.0,KA-NORTH,0.654,0.862,0.612,3.216
V0172,V0547,4,48,48,0.922,4.34,0.012533077293226376,1.902,WATER_INFRASTRUCTURE,0.577,KA-CENTRAL,0.577,0.577,0.74,3.213
V0043,V0091,7,51,74,1.51,4.637,0.0006097156842407857,3.215,CIVIL_MAINTENANCE,0.698,KA-SOUTH,0.66,0.683,0.693,3.212
V0088,V0230,3,38,41,0.623,4.814,0.023211358607770925,1.634,CIVIL_MAINTENANCE,1.0,KA-CENTRAL,0.35,0.74,0.667,3.211
V0044,V0438,3,34,44,0.598,5.013,0.02081671439668504,1.682,WATER_INFRASTRUCTURE,1.0,KA-SOUTH,0.5,0.8,0.64,3.208
V0024,V0294,3,47,32,0.602,4.987,0.02109269483880543,1.676,CIVIL_MAINTENANCE,1.0,KA-CENTRAL,0.483,0.793,0.643,3.207
V0039,V0275,6,56,46,1.03,5.823,0.0004512868298684837,3.346,CIVIL_MAINTENANCE,1.0,KA-CENTRAL,1.0,1.0,0.55,3.203
V0080,V0424,3,39,40,0.624,4.808,0.023291959730463888,1.633,ELECTRICAL_EQUIPMENT,1.0,AP-SOUTH,0.36,0.744,0.665,3.198
V0188,V0244,5,43,50,0.86,5.814,0.0014169794315590277,2.849,BUILDING_CONSTRUCTION,1.0,KA-NORTH,1.0,1.0,0.55,3.198
V0220,V0320,3,37,40,0.592,5.068,0.020242962493198065,1.694,WATER_INFRASTRUCTURE,1.0,KA-NORTH,0.55,0.82,0.631,3.198
V0123,V0379,5,45,53,0.954,5.241,0.0022704423892550892,2.644,FURNITURE,1.0,KA-SOUTH,0.667,0.867,0.61,3.197
V0224,V0381,3,42,41,0.689,4.355,0.030194916294928768,1.52,WATER_INFRASTRUCTURE,0.591,KA-SOUTH,0.591,0.591,0.734,3.197
V0201,V0533,3,38,37,0.562,5.334,0.01763755913568394,1.754,CIVIL_MAINTENANCE,1.0,KA-SOUTH,0.727,0.891,0.599,3.196
V0052,V0059,3,46,32,0.589,5.095,0.01991755563005134,1.701,CIVIL_MAINTENANCE,1.0,KA-CENTRAL,0.571,0.829,0.627,3.195
V0071,V0224,4,47,42,0.79,5.066,0.007276419043808592,2.138,ROAD_CONSTRUCTION,1.0,KA-SOUTH,0.553,0.821,0.631,3.194
V0024,V0485,4,47,42,0.79,5.066,0.007276419043808592,2.138,CIVIL_MAINTENANCE,1.0,KA-CENTRAL,0.553,0.821,0.631,3.194
V0005,V0263,3,31,49,0.608,4.937,0.021641159234486725,1.665,VEHICLE_SUPPLIES,1.0,KA-NORTH,0.462,0.785,0.647,3.194
V0187,V0335,3,34,38,0.517,5.805,0.01401482900248467,1.853,CIVIL_MAINTENANCE,1.0,KA-NORTH,1.0,1.0,0.55,3.193
V0113,V0307,5,46,50,0.92,5.435,0.0019286292077312995,2.715,LAB_EQUIPMENT,1.0,KA-NORTH,0.792,0.917,0.588,3.193
V0052,V0394,4,46,41,0.754,5.302,0.00617900516388201,2.209,CIVIL_MAINTENANCE,1.0,KA-SOUTH,0.71,0.884,0.602,3.193
V0232,V0355,3,22,69,0.607,4.941,0.0212837894242841,1.672,MEDICAL_SUPPLIES,1.0,KA-BENGALURU,0.467,0.787,0.646,3.192
V0384,V0414,3,45,31,0.558,5.376,0.017233295753741433,1.764,ELECTRICAL_EQUIPMENT,1.0,KA-NORTH,0.762,0.905,0.593,3.187
V0051,V0126,3,51,30,0.612,4.902,0.022040662704027766,1.657,CIVIL_MAINTENANCE,1.0,KA-CENTRAL,0.444,0.778,0.65,3.186
V0158,V0455,3,34,43,0.585,5.13,0.019577133155812096,1.708,CIVIL_MAINTENANCE,1.0,KA-SOUTH,0.609,0.843,0.62,3.183
V0071,V0437,3,47,33,0.62,4.836,0.022900923631011493,1.64,ROAD_CONSTRUCTION,1.0,AP-SOUTH,0.4,0.76,0.658,3.182
V0132,V0309,6,58,56,1.299,4.618,0.0015846697137745752,2.8,FURNITURE,0.864,KA-SOUTH,0.432,0.691,0.689,3.182
V0028,V0332,4,45,51,0.918,4.357,0.012360446132355159,1.908,CIVIL_MAINTENANCE,0.5,KA-CENTRAL,0.75,0.6,0.73,3.181
V0371,V0547,3,31,48,0.595,5.04,0.020486266158391712,1.689,WATER_INFRASTRUCTURE,0.7,KA-SOUTH,1.0,0.82,0.631,3.18
V0368,V0531,4,50,43,0.86,4.651,0.00984315976425378,2.007,ROAD_CONSTRUCTION,0.704,KA-CENTRAL,0.704,0.704,0.683,3.178
V0256,V0383,3,40,36,0.576,5.208,0.018807366197323885,1.726,ELECTRICAL_EQUIPMENT,1.0,KA-NORTH,0.667,0.867,0.61,3.177
V0291,V0513,4,38,55,0.836,4.785,0.0088860789975344,2.051,IT_SERVICES,0.867,KA-NORTH,0.567,0.747,0.664,3.177
V0047,V0241,4,55,34,0.748,5.348,0.005958172513322084,2.225,ELECTRICAL_EQUIPMENT,1.0,KA-SOUTH,0.757,0.903,0.594,3.176
V0429,V0483,3,26,55,0.572,5.245,0.018315379720717246,1.737,WATER_INFRASTRUCTURE,1.0,KA-CENTRAL,0.692,0.877,0.605,3.175
V0215,V0494,3,51,29,0.592,5.071,0.02012130907862405,1.696,IT_SERVICES,1.0,KA-SOUTH,0.579,0.832,0.626,3.173
V0426,V0531,3,40,43,0.688,4.36,0.03010216083187665,1.521,WATER_INFRASTRUCTURE,0.536,KA-CENTRAL,0.714,0.607,0.727,3.169
V0003,V0433,3,40,35,0.56,5.357,0.01743085524091731,1.759,CIVIL_MAINTENANCE,1.0,KA-NORTH,0.773,0.909,0.591,3.166
V0062,V0396,4,40,51,0.816,4.902,0.008170801768519245,2.088,ELECTRICAL_EQUIPMENT,1.0,KA-SOUTH,0.469,0.788,0.646,3.165
V0424,V0495,3,40,36,0.576,5.208,0.018807366197323885,1.726,ELECTRICAL_EQUIPMENT,1.0,KA-CENTRAL,0.68,0.872,0.608,3.164
V0010,V0491,3,96,15,0.576,5.208,0.017846145734881746,1.748,MEDICAL_SUPPLIES,1.0,KA-SOUTH,0.682,0.873,0.607,3.163
V0159,V0531,3,40,43,0.688,4.36,0.03010216083187665,1.521,ROAD_CONSTRUCTION,0.737,KA-BENGALURU,0.421,0.611,0.725,3.162
V0053,V0121,4,44,43,0.757,5.285,0.00625207086382405,2.204,CIVIL_MAINTENANCE,1.0,KA-NORTH,0.733,0.893,0.598,3.16
V0258,V0259,3,37,39,0.577,5.198,0.018915035919514447,1.723,IT_SERVICES,1.0,KA-NORTH,0.68,0.872,0.608,3.158
V0214,V0277,3,20,71,0.568,5.282,0.0176940777902061,1.752,IT_SERVICES,1.0,KA-CENTRAL,0.737,0.895,0.597,3.155
V0298,V0502,5,43,53,0.912,5.485,0.0018472176694790694,2.733,ELECTRICAL_EQUIPMENT,1.0,KA-NORTH,0.86,0.944,0.575,3.155
V0119,V0192,3,64,22,0.563,5.327,0.01741342449847276,1.759,MEDICAL_SUPPLIES,1.0,KA-SOUTH,0.765,0.906,0.592,3.155
V0025,V0035,3,61,24,0.586,5.123,0.019427816206297237,1.712,IT_SERVICES,1.0,KA-CENTRAL,0.636,0.855,0.615,3.153
V0034,V0489,3,53,27,0.572,5.241,0.018377898840115325,1.736,CIVIL_MAINTENANCE,1.0,KA-CENTRAL,0.714,0.886,0.601,3.152
V0298,V0513,5,43,55,0.946,5.285,0.0021829601107776417,2.661,ELECTRICAL_EQUIPMENT,1.0,KA-NORTH,0.743,0.897,0.596,3.151
V0275,V0335,3,46,38,0.699,4.291,0.03138147168645481,1.503,VEHICLE_SUPPLIES,0.591,KA-NORTH,0.591,0.591,0.734,3.15
V0224,V0359,3,42,40,0.672,4.464,0.028310677219043498,1.548,WATER_INFRASTRUCTURE,0.636,KA-SOUTH,0.682,0.655,0.705,3.149
V0245,V0248,4,38,46,0.699,5.721,0.0046888581063658065,2.329,CIVIL_MAINTENANCE,1.0,KA-NORTH,1.0,1.0,0.55,3.147
V0012,V0355,3,19,69,0.524,5.721,0.014205264693975409,1.848,MEDICAL_SUPPLIES,1.0,KA-SOUTH,1.0,1.0,0.55,3.147
V0050,V0338,5,55,45,0.99,5.051,0.0026795711107320533,2.572,IT_SERVICES,1.0,KA-NORTH,0.595,0.838,0.623,3.146
V0242,V0370,3,41,37,0.607,4.944,0.021621460511065622,1.665,BUILDING_CONSTRUCTION,0.68,KA-SOUTH,1.0,0.808,0.636,3.146
V0010,V0240,4,96,21,0.806,4.96,0.007391688188294713,2.131,MEDICAL_SUPPLIES,1.0,KA-SOUTH,0.536,0.814,0.634,3.143
V0066,V0244,5,53,50,1.06,4.717,0.0036338164084220776,2.44,FURNITURE,0.878,KA-CENTRAL,0.537,0.741,0.666,3.143
V0027,V0384,3,32,45,0.576,5.208,0.018780067228397975,1.726,ELECTRICAL_EQUIPMENT,1.0,KA-NORTH,0.706,0.882,0.603,3.14
V0011,V0384,3,40,45,0.72,4.167,0.03386223497639634,1.47,IT_SERVICES,0.652,KA-SOUTH,0.391,0.548,0.753,3.14
V0187,V0346,3,34,41,0.558,5.38,0.017225514540845987,1.764,WATER_INFRASTRUCTURE,1.0,KA-NORTH,0.821,0.929,0.582,3.132
V0011,V0383,3,40,36,0.576,5.208,0.018807366197323885,1.726,ELECTRICAL_EQUIPMENT,1.0,KA-SOUTH,0.714,0.886,0.601,3.132
V0035,V0184,3,24,63,0.605,4.96,0.021169009479488875,1.674,IT_SERVICES,1.0,KA-NORTH,0.55,0.82,0.631,3.13
V0061,V0454,3,37,43,0.636,4.714,0.02453046636509795,1.61,ELECTRICAL_EQUIPMENT,1.0,KA-SOUTH,0.37,0.748,0.663,3.127
V0053,V0255,3,44,33,0.581,5.165,0.019212550437908284,1.716,CIVIL_MAINTENANCE,1.0,AP-SOUTH,0.692,0.877,0.605,3.127
V0052,V0187,3,46,34,0.626,4.795,0.023423843790833725,1.63,CIVIL_MAINTENANCE,1.0,AP-SOUTH,0.433,0.773,0.652,3.126
V0172,V0483,6,48,55,1.056,5.682,0.0005174090570620261,3.286,WATER_INFRASTRUCTURE,1.0,KA-CENTRAL,1.0,1.0,0.55,3.125
V0304,V0478,3,44,30,0.528,5.682,0.014829508041545796,1.829,WATER_INFRASTRUCTURE,1.0,KA-SOUTH,1.0,1.0,0.55,3.125
V0179,V0513,3,29,55,0.638,4.702,0.024575244139476735,1.61,ELECTRICAL_EQUIPMENT,1.0,KA-CENTRAL,0.364,0.745,0.665,3.125
V0182,V0525,3,35,41,0.574,5.226,0.018628675991333363,1.73,WATER_INFRASTRUCTURE,1.0,KA-CENTRAL,0.737,0.895,0.597,3.122
V0043,V0342,4,51,39,0.796,5.028,0.00746476682288006,2.127,ROAD_CONSTRUCTION,1.0,KA-SOUTH,0.607,0.843,0.621,3.121
V0293,V0396,4,41,51,0.836,4.782,0.00891949977942997,2.05,ELECTRICAL_EQUIPMENT,0.621,AP-SOUTH,1.0,0.772,0.652,3.12
V0080,V0293,3,39,41,0.64,4.69,0.024863681622976714,1.604,ELECTRICAL_EQUIPMENT,1.0,KA-BENGALURU,0.36,0.744,0.665,3.12
V0247,V0438,3,41,44,0.722,4.157,0.0340598027584563,1.468,CIVIL_MAINTENANCE,0.667,KA-NORTH,0.389,0.556,0.75,3.118
V0212,V0224,4,42,42,0.706,5.669,0.0048520667477772545,2.314,WATER_INFRASTRUCTURE,1.0,KA-SOUTH,1.0,1.0,0.55,3.118
V0024,V0255,3,47,33,0.62,4.836,0.022900923631011493,1.64,CIVIL_MAINTENANCE,1.0,KA-NORTH,0.478,0.791,0.644,3.114
V0123,V0219,4,45,45,0.81,4.938,0.007970692471926414,2.099,FURNITURE,1.0,KA-NORTH,0.552,0.821,0.631,3.114
V0332,V0362,3,51,26,0.53,5.656,0.014943679843956063,1.826,CIVIL_MAINTENANCE,1.0,KA-CENTRAL,1.0,1.0,0.55,3.111
V0153,V0224,3,36,42,0.605,4.96,0.021428331778610837,1.669,WATER_INFRASTRUCTURE,1.0,KA-NORTH,0.571,0.829,0.627,3.111
V0162,V0308,3,35,41,0.574,5.226,0.018628675991333363,1.73,ELECTRICAL_EQUIPMENT,1.0,KA-CENTRAL,0.75,0.9,0.595,3.109
V0129,V0451,3,47,31,0.583,5.148,0.01936670912594786,1.713,ELECTRICAL_EQUIPMENT,1.0,KA-SOUTH,0.7,0.88,0.604,3.109
V0016,V0327,5,50,51,1.02,4.902,0.0030654283314834182,2.514,FURNITURE,1.0,KA-SOUTH,0.533,0.813,0.634,3.108
V0119,V0204,3,64,23,0.589,5.095,0.019665424728538525,1.706,MEDICAL_SUPPLIES,1.0,KA-NORTH,0.667,0.867,0.61,3.108
V0007,V0504,3,39,41,0.64,4.69,0.024863681622976714,1.604,FURNITURE,1.0,KA-BENGALURU,0.375,0.75,0.662,3.107
V0029,V0047,3,33,55,0.726,4.132,0.034504062633095474,1.462,ELECTRICAL_EQUIPMENT,0.68,AP-SOUTH,0.36,0.552,0.752,3.106
V0120,V0421,4,44,46,0.81,4.941,0.007956344326338351,2.099,WATER_INFRASTRUCTURE,1.0,KA-CENTRAL,0.568,0.827,0.628,3.102
V0245,V0458,3,38,35,0.532,5.639,0.015169715515609262,1.819,VEHICLE_SUPPLIES,1.0,KA-NORTH,1.0,1.0,0.55,3.101
V0169,V0201,3,35,38,0.532,5.639,0.015169715515609262,1.819,CIVIL_MAINTENANCE,1.0,KA-SOUTH,1.0,1.0,0.55,3.101
V0153,V0346,3,36,41,0.59,5.081,0.020093935680455626,1.697,ROAD_CONSTRUCTION,0.778,KA-NORTH,1.0,0.867,0.61,3.099
V0120,V0438,4,44,44,0.774,5.165,0.0067899744985505705,2.168,WATER_INFRASTRUCTURE,1.0,KA-CENTRAL,0.724,0.89,0.6,3.097
V0121,V0166,3,43,31,0.533,5.626,0.015240109894063002,1.817,CIVIL_MAINTENANCE,1.0,KA-NORTH,1.0,1.0,0.55,3.094
V0047,V0530,3,55,29,0.638,4.702,0.024575244139476735,1.61,CIVIL_MAINTENANCE,1.0,KA-CENTRAL,0.4,0.76,0.658,3.094
V0451,V0454,3,31,43,0.533,5.626,0.015240109894063002,1.817,ELECTRICAL_EQUIPMENT,1.0,KA-SOUTH,1.0,1.0,0.55,3.094
V0280,V0309,4,36,56,0.806,4.96,0.007808668127956524,2.107,FURNITURE,0.848,KA-SOUTH,0.818,0.836,0.624,3.093
V0023,V0392,3,44,33,0.581,5.165,0.019212550437908284,1.716,ELECTRICAL_EQUIPMENT,1.0,KA-NORTH,0.737,0.895,0.597,3.085
V0064,V0342,3,40,39,0.624,4.808,0.023291959730463888,1.633,ROAD_CONSTRUCTION,1.0,KA-CENTRAL,0.5,0.8,0.64,3.077
V0218,V0483,4,43,55,0.946,4.228,0.013698602060467663,1.863,WATER_INFRASTRUCTURE,0.531,KA-CENTRAL,0.719,0.606,0.727,3.075
V0025,V0514,3,61,22,0.537,5.589,0.015301082930183417,1.815,IT_SERVICES,1.0,KA-CENTRAL,1.0,1.0,0.55,3.074
V0028,V0161,3,45,34,0.612,4.902,0.022098932079339224,1.656,CIVIL_MAINTENANCE,1.0,KA-CENTRAL,0.571,0.829,0.627,3.074
V0241,V0454,3,34,43,0.585,5.13,0.019577133155812096,1.708,ELECTRICAL_EQUIPMENT,1.0,KA-SOUTH,0.731,0.892,0.598,3.07
V0141,V0481,4,28,64,0.717,5.58,0.0050416503261293336,2.297,MEDICAL_SUPPLIES,1.0,KA-NORTH,1.0,1.0,0.55,3.069
V0270,V0309,3,27,56,0.605,4.96,0.02128437967861703,1.672,BUILDING_CONSTRUCTION,1.0,KA-SOUTH,0.619,0.848,0.619,3.068
V0001,V0484,3,62,26,0.645,4.653,0.025164607551233488,1.599,CIVIL_MAINTENANCE,1.0,AP-SOUTH,0.394,0.758,0.659,3.067
V0040,V0396,3,35,51,0.714,4.202,0.03309310235585865,1.48,ELECTRICAL_EQUIPMENT,0.739,AP-SOUTH,0.391,0.6,0.73,3.067
V0153,V0531,3,36,43,0.619,4.845,0.022810636931144476,1.642,ROAD_CONSTRUCTION,0.692,KA-NORTH,1.0,0.815,0.633,3.067
V0212,V0483,4,42,55,0.924,4.329,0.012627379553519752,1.899,WATER_INFRASTRUCTURE,0.758,KA-CENTRAL,0.485,0.648,0.708,3.066
V0256,V0502,4,40,53,0.848,4.717,0.009356674484204866,2.029,ELECTRICAL_EQUIPMENT,1.0,KA-CENTRAL,0.452,0.781,0.649,3.06
V0215,V0293,4,51,41,0.836,4.782,0.00891949977942997,2.05,ELECTRICAL_EQUIPMENT,0.8,KA-SOUTH,0.8,0.8,0.64,3.06
V0010,V0232,4,96,22,0.845,4.735,0.008772499236070274,2.057,MEDICAL_SUPPLIES,1.0,KA-SOUTH,0.467,0.787,0.646,3.059
V0051,V0453,3,51,32,0.653,4.596,0.026170798285162226,1.582,CIVIL_MAINTENANCE,1.0,AP-SOUTH,0.36,0.744,0.665,3.057
V0392,V0396,3,33,51,0.673,4.456,0.02838150808255812,1.547,ELECTRICAL_EQUIPMENT,0.75,KA-BENGALURU,0.625,0.7,0.685,3.052
V0042,V0121,4,49,43,0.843,4.746,0.009169065337638201,2.038,ROAD_CONSTRUCTION,1.0,KA-CENTRAL,0.484,0.794,0.643,3.051
V0304,V0381,4,44,41,0.722,5.543,0.005263277184390577,2.279,WATER_INFRASTRUCTURE,1.0,KA-SOUTH,1.0,1.0,0.55,3.049
V0029,V0293,3,33,41,0.541,5.543,0.015884223277389493,1.799,ELECTRICAL_EQUIPMENT,1.0,AP-SOUTH,1.0,1.0,0.55,3.049
V0080,V0509,3,39,42,0.655,4.579,0.02649181446797209,1.577,ELECTRICAL_EQUIPMENT,1.0,KA-BENGALURU,0.36,0.744,0.665,3.046
V0027,V0396,3,32,51,0.653,4.596,0.026170798285162226,1.582,ELECTRICAL_EQUIPMENT,1.0,AP-SOUTH,0.375,0.75,0.662,3.045
V0024,V0059,3,47,32,0.602,4.987,0.02109269483880543,1.676,CIVIL_MAINTENANCE,1.0,TN-NORTH,0.667,0.867,0.61,3.042
V0001,V0377,3,62,24,0.595,5.04,0.020287905733344016,1.693,CIVIL_MAINTENANCE,1.0,AP-SOUTH,0.704,0.881,0.603,3.041
V0051,V0485,4,51,42,0.857,4.669,0.009711865564569227,2.013,CIVIL_MAINTENANCE,1.0,KA-SOUTH,0.44,0.776,0.651,3.039
V0001,V0150,3,62,26,0.645,4.653,0.025164607551233488,1.599,CIVIL_MAINTENANCE,1.0,KA-NORTH,0.429,0.771,0.653,3.038
V0254,V0352,3,43,38,0.654,4.59,0.026319045085396814,1.58,FURNITURE,1.0,TN-NORTH,0.381,0.752,0.661,3.036
V0247,V0304,3,41,44,0.722,4.157,0.0340598027584563,1.468,WATER_INFRASTRUCTURE,0.733,TN-NORTH,0.4,0.6,0.73,3.035
V0242,V0327,4,41,51,0.836,4.782,0.00891949977942997,2.05,FURNITURE,1.0,KA-SOUTH,0.529,0.812,0.635,3.035
V0034,V0308,4,53,41,0.869,4.602,0.01020766141506813,1.991,ELECTRICAL_EQUIPMENT,1.0,TN-NORTH,0.391,0.757,0.66,3.035
V0064,V0187,3,40,34,0.544,5.515,0.01611322422480889,1.793,CIVIL_MAINTENANCE,1.0,KA-NORTH,1.0,1.0,0.55,3.033
V0042,V0114,3,49,31,0.608,4.937,0.021641159234486725,1.665,ROAD_CONSTRUCTION,1.0,KA-NORTH,0.645,0.858,0.614,3.031
V0308,V0424,3,41,40,0.656,4.573,0.02657842697992787,1.575,ELECTRICAL_EQUIPMENT,1.0,TN-NORTH,0.375,0.75,0.662,3.03
V0054,V0483,4,33,55,0.726,5.51,0.005343519806809365,2.272,WATER_INFRASTRUCTURE,1.0,KA-CENTRAL,1.0,1.0,0.55,3.03
V0088,V0212,3,38,42,0.638,4.699,0.024738440634900147,1.607,WATER_INFRASTRUCTURE,1.0,KA-CENTRAL,0.474,0.789,0.645,3.03
V0014,V0280,3,46,36,0.662,4.529,0.027245337256415248,1.565,FURNITURE,0.64,KA-SOUTH,0.88,0.736,0.669,3.029
V0091,V0380,4,74,28,0.829,4.826,0.008452419485070296,2.073,CIVIL_MAINTENANCE,1.0,KA-SOUTH,0.571,0.829,0.627,3.027
V0133,V0438,3,37,44,0.651,4.607,0.026061030394038297,1.584,WATER_INFRASTRUCTURE,1.0,KA-BENGALURU,0.409,0.764,0.656,3.024
V0127,V0280,3,43,36,0.619,4.845,0.022810636931144476,1.642,FURNITURE,1.0,KA-NORTH,0.591,0.836,0.624,3.022
V0224,V0342,3,42,39,0.655,4.579,0.02649181446797209,1.577,WATER_INFRASTRUCTURE,1.0,KA-NORTH,0.389,0.756,0.66,3.022
V0368,V0381,4,50,41,0.82,4.878,0.008317605300070365,2.08,ROAD_CONSTRUCTION,1.0,KA-CENTRAL,0.615,0.846,0.619,3.021
V0424,V0502,4,40,53,0.848,4.717,0.009356674484204866,2.029,ELECTRICAL_EQUIPMENT,1.0,KA-NORTH,0.5,0.8,0.64,3.019
V0451,V0502,3,31,53,0.657,4.565,0.026614895345144992,1.575,ELECTRICAL_EQUIPMENT,1.0,TN-NORTH,0.381,0.752,0.661,3.019
V0384,V0417,3,45,37,0.666,4.505,0.027642280853904452,1.558,ELECTRICAL_EQUIPMENT,0.556,KA-NORTH,1.0,0.733,0.67,3.018
V0304,V0421,4,44,46,0.81,4.941,0.007956344326338351,2.099,WATER_INFRASTRUCTURE,1.0,KA-SOUTH,0.667,0.867,0.61,3.014
V0061,V0417,3,37,37,0.548,5.478,0.016410370608149195,1.785,ELECTRICAL_EQUIPMENT,1.0,KA-NORTH,1.0,1.0,0.55,3.013
V0249,V0274,3,37,37,0.548,5.478,0.016410370608149195,1.785,BUILDING_CONSTRUCTION,1.0,KA-SOUTH,1.0,1.0,0.55,3.013
V0338,V0512,3,45,34,0.612,4.902,0.022098932079339224,1.656,ELECTRICAL_EQUIPMENT,1.0,KA-CENTRAL,0.643,0.857,0.614,3.011
V0022,V0119,3,24,64,0.614,4.883,0.022071160330059073,1.656,MEDICAL_SUPPLIES,1.0,KA-SOUTH,0.632,0.853,0.616,3.009
V0263,V0488,3,49,36,0.706,4.252,0.03211111081895497,1.493,VEHICLE_SUPPLIES,0.65,KA-SOUTH,0.65,0.65,0.708,3.008
V0066,V0322,4,53,40,0.848,4.717,0.009356674484204866,2.029,FURNITURE,1.0,KA-NORTH,0.514,0.805,0.638,3.007
V0384,V0396,4,45,51,0.918,4.357,0.012360446132355159,1.908,ELECTRICAL_EQUIPMENT,0.75,KA-CENTRAL,0.6,0.69,0.69,3.004
V0047,V0360,3,55,25,0.55,5.455,0.016454575511494523,1.784,CIVIL_MAINTENANCE,1.0,KA-SOUTH,1.0,1.0,0.55,3.0
V0274,V0504,3,37,41,0.607,4.944,0.021621460511065622,1.665,BUILDING_CONSTRUCTION,0.789,KA-NORTH,1.0,0.874,0.607,3.0
V0182,V0363,3,35,45,0.63,4.762,0.02387134064614676,1.622,CIVIL_MAINTENANCE,1.0,KA-SOUTH,0.556,0.822,0.63,3.0
V0169,V0438,3,35,44,0.616,4.87,0.022492800649740893,1.648,CIVIL_MAINTENANCE,1.0,KA-SOUTH,0.636,0.855,0.615,2.997
V0396,V0495,4,51,36,0.734,5.447,0.005592045731645069,2.252,ELECTRICAL_EQUIPMENT,1.0,KA-CENTRAL,1.0,1.0,0.55,2.996
V0080,V0513,4,39,55,0.858,4.662,0.009742081598969379,2.011,ELECTRICAL_EQUIPMENT,1.0,KA-NORTH,0.485,0.794,0.643,2.996
V0244,V0322,4,50,40,0.8,5.0,0.007617048869978708,2.118,FURNITURE,1.0,KA-NORTH,0.727,0.891,0.599,2.995
V0342,V0359,3,39,40,0.624,4.808,0.023291959730463888,1.633,WATER_INFRASTRUCTURE,1.0,KA-NORTH,0.6,0.84,0.622,2.991
V0061,V0062,3,37,40,0.592,5.068,0.020242962493198065,1.694,ELECTRICAL_EQUIPMENT,1.0,KA-SOUTH,0.778,0.911,0.59,2.99
V0053,V0472,3,44,37,0.651,4.607,0.026061030394038297,1.584,CIVIL_MAINTENANCE,1.0,AP-SOUTH,0.45,0.78,0.649,2.99
V0126,V0248,3,30,46,0.552,5.435,0.01672565689941892,1.777,CIVIL_MAINTENANCE,1.0,KA-NORTH,1.0,1.0,0.55,2.989
V0421,V0478,3,46,30,0.552,5.435,0.01672565689941892,1.777,WATER_INFRASTRUCTURE,1.0,KA-SOUTH,1.0,1.0,0.55,2.989
V0144,V0291,5,68,38,1.034,4.837,0.0032110841778441954,2.493,IT_SERVICES,1.0,KA-CENTRAL,0.625,0.85,0.617,2.987
V0123,V0310,3,45,35,0.63,4.762,0.02387134064614676,1.622,BUILDING_CONSTRUCTION,1.0,KA-CENTRAL,0.571,0.829,0.627,2.986
V0034,V0080,4,53,39,0.827,4.838,0.008553513654184391,2.068,ELECTRICAL_EQUIPMENT,0.852,KA-NORTH,0.852,0.852,0.617,2.983
V0071,V0453,3,47,32,0.602,4.987,0.02109269483880543,1.676,CIVIL_MAINTENANCE,1.0,KA-CENTRAL,0.737,0.895,0.597,2.979
V0231,V0277,4,26,71,0.738,5.417,0.005566639747648817,2.254,IT_SERVICES,1.0,KA-CENTRAL,1.0,1.0,0.55,2.979
V0043,V0464,3,51,33,0.673,4.456,0.02838150808255812,1.547,ROAD_CONSTRUCTION,0.864,KA-NORTH,0.545,0.736,0.669,2.979
V0061,V0298,3,37,43,0.636,4.714,0.02453046636509795,1.61,ELECTRICAL_EQUIPMENT,1.0,KA-NORTH,0.55,0.82,0.631,2.975
V0121,V0188,4,43,43,0.74,5.408,0.005754974827970791,2.24,CIVIL_MAINTENANCE,1.0,KA-NORTH,1.0,1.0,0.55,2.974
V0129,V0485,4,47,42,0.79,5.066,0.007276419043808592,2.138,ELECTRICAL_EQUIPMENT,1.0,KA-SOUTH,0.794,0.918,0.587,2.974
V0392,V0513,3,33,55,0.726,4.132,0.034504062633095474,1.462,IT_SERVICES,0.625,KA-NORTH,0.625,0.625,0.719,2.97
V0126,V0419,3,30,56,0.672,4.464,0.028183072744660073,1.55,CIVIL_MAINTENANCE,1.0,KA-SOUTH,0.36,0.744,0.665,2.969
V0016,V0280,3,50,36,0.72,4.167,0.03382842472549002,1.471,FURNITURE,0.64,KA-SOUTH,0.64,0.64,0.712,2.967
V0082,V0132,4,32,58,0.742,5.388,0.005779702715585398,2.238,FURNITURE,1.0,KA-CENTRAL,1.0,1.0,0.55,2.963
V0123,V0301,3,45,36,0.648,4.63,0.025719138402715884,1.59,FURNITURE,0.667,KA-NORTH,1.0,0.8,0.64,2.963
V0087,V0144,3,22,68,0.598,5.013,0.02047454935146446,1.689,IT_SERVICES,1.0,KA-CENTRAL,0.773,0.909,0.591,2.962
V0088,V0340,3,38,47,0.714,4.199,0.03317546569207371,1.479,WATER_INFRASTRUCTURE,0.636,KA-NORTH,0.682,0.655,0.705,2.962
V0079,V0215,3,30,51,0.612,4.902,0.022040662704027766,1.657,IT_SERVICES,0.8,KA-SOUTH,1.0,0.88,0.604,2.961
V0187,V0394,3,34,41,0.558,5.38,0.017225514540845987,1.764,CIVIL_MAINTENANCE,1.0,KA-NORTH,1.0,1.0,0.55,2.959
V0188,V0249,3,43,37,0.636,4.714,0.02453046636509795,1.61,CIVIL_MAINTENANCE,1.0,KA-NORTH,0.571,0.829,0.627,2.956
V0298,V0301,3,43,36,0.619,4.845,0.022810636931144476,1.642,BUILDING_CONSTRUCTION,1.0,KA-NORTH,0.667,0.867,0.61,2.955
V0042,V0368,5,49,50,0.98,5.102,0.002564452075723368,2.591,ROAD_CONSTRUCTION,1.0,KA-CENTRAL,0.842,0.937,0.578,2.951
V0158,V0248,3,34,46,0.626,4.795,0.023423843790833725,1.63,CIVIL_MAINTENANCE,1.0,KA-NORTH,0.64,0.856,0.615,2.948
V0072,V0130,3,58,27,0.626,4.789,0.02335560822576767,1.632,ROAD_CONSTRUCTION,1.0,AP-SOUTH,0.636,0.855,0.615,2.947
V0047,V0533,4,55,37,0.814,4.914,0.008080977989373862,2.093,CIVIL_MAINTENANCE,1.0,KA-SOUTH,0.724,0.89,0.6,2.947
V0352,V0379,4,38,53,0.806,4.965,0.007797073239840581,2.108,FURNITURE,1.0,KA-SOUTH,0.758,0.903,0.594,2.947
V0313,V0368,3,28,50,0.56,5.357,0.01735146808796902,1.761,WATER_INFRASTRUCTURE,1.0,KA-CENTRAL,1.0,1.0,0.55,2.946
V0212,V0220,3,42,37,0.622,4.826,0.023050613131231006,1.637,WATER_INFRASTRUCTURE,1.0,KA-NORTH,0.667,0.867,0.61,2.944
V0024,V0188,4,47,43,0.808,4.948,0.007913401424340596,2.102,CIVIL_MAINTENANCE,1.0,KA-NORTH,0.75,0.9,0.595,2.944
V0001,V0043,5,62,51,1.265,3.953,0.007786254704239007,2.109,CIVIL_MAINTENANCE,0.632,KA-CENTRAL,0.474,0.568,0.744,2.942
V0169,V0263,3,35,49,0.686,4.373,0.02983846342796244,1.525,CIVIL_MAINTENANCE,0.727,KA-CENTRAL,0.727,0.727,0.673,2.942
V0044,V0483,4,34,55,0.748,5.348,0.005958172513322084,2.225,WATER_INFRASTRUCTURE,1.0,KA-CENTRAL,1.0,1.0,0.55,2.941
V0242,V0309,4,41,56,0.918,4.355,0.012358150011384992,1.908,BUILDING_CONSTRUCTION,0.679,KA-SOUTH,0.786,0.721,0.675,2.941
V0010,V0536,4,96,22,0.845,4.735,0.008772499236070274,2.057,MEDICAL_SUPPLIES,1.0,KA-SOUTH,0.609,0.843,0.62,2.938
V0001,V0294,4,62,32,0.794,5.04,0.007331348655407199,2.135,CIVIL_MAINTENANCE,1.0,KA-CENTRAL,0.818,0.927,0.583,2.937
V0172,V0537,3,48,32,0.614,4.883,0.02230555219963287,1.652,WATER_INFRASTRUCTURE,1.0,KA-CENTRAL,0.714,0.886,0.601,2.937
V0387,V0547,3,35,48,0.672,4.464,0.02827879969425322,1.549,ROAD_CONSTRUCTION,1.0,KA-NORTH,0.4,0.76,0.658,2.937
V0001,V0228,4,62,34,0.843,4.744,0.009111749731986382,2.04,CIVIL_MAINTENANCE,1.0,KA-NORTH,0.621,0.848,0.618,2.933
V0121,V0249,3,43,37,0.636,4.714,0.02453046636509795,1.61,CIVIL_MAINTENANCE,1.0,KA-NORTH,0.6,0.84,0.622,2.932
V0053,V0228,3,44,34,0.598,5.013,0.02081671439668504,1.682,CIVIL_MAINTENANCE,1.0,KA-NORTH,0.81,0.924,0.584,2.929
V0023,V0396,4,44,51,0.898,4.456,0.011431429825830019,1.942,ELECTRICAL_EQUIPMENT,1.0,AP-SOUTH,0.409,0.764,0.656,2.925
V0254,V0322,3,43,40,0.688,4.36,0.03010216083187665,1.521,FURNITURE,0.733,KA-SOUTH,0.733,0.733,0.67,2.921
V0144,V0494,4,68,29,0.789,5.071,0.0071213071124242005,2.147,IT_SERVICES,1.0,KA-CENTRAL,0.857,0.943,0.576,2.919
V0001,V0187,4,62,34,0.843,4.744,0.009111749731986382,2.04,CIVIL_MAINTENANCE,1.0,KA-NORTH,0.639,0.856,0.615,2.918
V0079,V0396,3,30,51,0.612,4.902,0.022040662704027766,1.657,ELECTRICAL_EQUIPMENT,1.0,KA-CENTRAL,0.75,0.9,0.595,2.917
V0042,V0071,4,49,47,0.921,4.342,0.012513820550764268,1.903,ROAD_CONSTRUCTION,1.0,KA-NORTH,0.324,0.73,0.672,2.916
V0003,V0485,3,40,42,0.672,4.464,0.028310677219043498,1.548,CIVIL_MAINTENANCE,1.0,TN-NORTH,0.429,0.771,0.653,2.914
V0297,V0455,3,39,43,0.671,4.472,0.028176315948081006,1.55,WATER_INFRASTRUCTURE,1.0,KA-NORTH,0.438,0.775,0.651,2.912
V0043,V0114,3,51,31,0.632,4.744,0.024057149610069332,1.619,ROAD_CONSTRUCTION,1.0,KA-NORTH,0.645,0.858,0.614,2.912
V0043,V0073,4,51,44,0.898,4.456,0.011431429825830019,1.942,ROAD_CONSTRUCTION,1.0,KA-SOUTH,0.425,0.77,0.654,2.912
V0509,V0513,4,42,55,0.924,4.329,0.012627379553519752,1.899,ELECTRICAL_EQUIPMENT,1.0,KA-NORTH,0.32,0.728,0.672,2.911
V0338,V0509,4,45,42,0.756,5.291,0.006227652365770076,2.206,ELECTRICAL_EQUIPMENT,1.0,KA-NORTH,1.0,1.0,0.55,2.91
V0001,V0422,3,62,27,0.67,4.48,0.027819531735485695,1.556,CIVIL_MAINTENANCE,1.0,KA-CENTRAL,0.452,0.781,0.649,2.906
V0219,V0241,3,45,34,0.612,4.902,0.022098932079339224,1.656,BUILDING_CONSTRUCTION,1.0,KA-SOUTH,0.765,0.906,0.592,2.904
V0120,V0159,3,44,40,0.704,4.261,0.031952739911573456,1.495,WATER_INFRASTRUCTURE,0.708,KA-SOUTH,0.708,0.708,0.681,2.903
V0001,V0169,4,62,35,0.868,4.608,0.010099213199498686,1.996,CIVIL_MAINTENANCE,1.0,KA-SOUTH,0.556,0.822,0.63,2.903
V0308,V0495,3,41,36,0.59,5.081,0.020093935680455626,1.697,ELECTRICAL_EQUIPMENT,1.0,KA-CENTRAL,0.882,0.953,0.571,2.902
V0093,V0309,3,34,56,0.762,3.939,0.03901627219187905,1.409,FURNITURE,0.704,KA-SOUTH,0.407,0.585,0.737,2.902
V0073,V0248,4,44,46,0.81,4.941,0.007956344326338351,2.099,CIVIL_MAINTENANCE,1.0,KA-NORTH,0.793,0.917,0.587,2.902
V0088,V0381,3,38,41,0.623,4.814,0.023211358607770925,1.634,WATER_INFRASTRUCTURE,1.0,KA-SOUTH,0.708,0.883,0.602,2.9
V0053,V0263,4,44,49,0.862,4.638,0.009942380866974791,2.003,CIVIL_MAINTENANCE,1.0,KA-CENTRAL,0.585,0.834,0.625,2.897
V0298,V0495,3,43,36,0.619,4.845,0.022810636931144476,1.642,ELECTRICAL_EQUIPMENT,1.0,KA-NORTH,0.739,0.896,0.597,2.892
V0011,V0062,3,40,40,0.64,4.688,0.02490550468046333,1.604,ELECTRICAL_EQUIPMENT,1.0,KA-CENTRAL,0.63,0.852,0.617,2.891
V0144,V0336,5,68,35,0.952,5.252,0.0022121429868462404,2.655,IT_SERVICES,1.0,KA-CENTRAL,1.0,1.0,0.55,2.889
V0023,V0495,3,44,36,0.634,4.735,0.02424090019746059,1.615,ELECTRICAL_EQUIPMENT,1.0,KA-NORTH,0.667,0.867,0.61,2.888
V0209,V0384,3,36,45,0.648,4.63,0.025719138402715884,1.59,ELECTRICAL_EQUIPMENT,1.0,KA-CENTRAL,0.591,0.836,0.624,2.887
V0230,V0256,3,41,40,0.656,4.573,0.02657842697992787,1.575,CIVIL_MAINTENANCE,1.0,KA-CENTRAL,0.55,0.82,0.631,2.886
V0042,V0224,4,49,42,0.823,4.859,0.008436281097760066,2.074,ROAD_CONSTRUCTION,1.0,KA-SOUTH,0.758,0.903,0.594,2.884
V0014,V0281,3,46,40,0.736,4.076,0.03583042668769626,1.446,FURNITURE,0.688,KA-NORTH,0.594,0.65,0.708,2.884
V0091,V0121,5,74,43,1.273,3.928,0.00793796512902702,2.1,CIVIL_MAINTENANCE,0.628,KA-NORTH,0.535,0.591,0.734,2.884
V0044,V0071,3,34,47,0.639,4.693,0.024791481131907246,1.606,ROAD_CONSTRUCTION,1.0,KA-SOUTH,0.643,0.857,0.614,2.883
V0011,V0424,3,40,40,0.64,4.688,0.02490550468046333,1.604,ELECTRICAL_EQUIPMENT,1.0,KA-CENTRAL,0.643,0.857,0.614,2.88
V0043,V0516,3,51,32,0.653,4.596,0.026170798285162226,1.582,ROAD_CONSTRUCTION,1.0,KA-CENTRAL,0.577,0.831,0.626,2.878
V0220,V0455,3,37,43,0.636,4.714,0.02453046636509795,1.61,WATER_INFRASTRUCTURE,1.0,KA-CENTRAL,0.667,0.867,0.61,2.876
V0249,V0254,3,37,43,0.636,4.714,0.02453046636509795,1.61,BUILDING_CONSTRUCTION,1.0,KA-CENTRAL,0.667,0.867,0.61,2.876
V0127,V0504,3,43,41,0.705,4.254,0.0320964032874973,1.494,BUILDING_CONSTRUCTION,0.533,KA-NORTH,1.0,0.72,0.676,2.876
V0001,V0526,3,62,28,0.694,4.32,0.030618442345775865,1.514,ROAD_CONSTRUCTION,1.0,KA-SOUTH,0.36,0.744,0.665,2.874
V0113,V0403,3,46,34,0.626,4.795,0.023423843790833725,1.63,IT_SERVICES,1.0,KA-NORTH,0.727,0.891,0.599,2.873
V0062,V0256,3,40,40,0.64,4.688,0.02490550468046333,1.604,ELECTRICAL_EQUIPMENT,1.0,KA-CENTRAL,0.654,0.862,0.612,2.87
V0178,V0317,3,49,35,0.686,4.373,0.02983846342796244,1.525,ELECTRICAL_EQUIPMENT,1.0,KA-CENTRAL,0.409,0.764,0.656,2.87
V0255,V0547,3,33,48,0.634,4.735,0.024210740780044468,1.616,WATER_INFRASTRUCTURE,1.0,KA-NORTH,0.69,0.876,0.606,2.869
V0001,V0380,3,62,28,0.694,4.32,0.030618442345775865,1.514,CIVIL_MAINTENANCE,1.0,KA-SOUTH,0.368,0.747,0.664,2.867
V0027,V0219,3,32,45,0.576,5.208,0.018780067228397975,1.726,BUILDING_CONSTRUCTION,1.0,KA-SOUTH,1.0,1.0,0.55,2.864
V0072,V0426,4,58,40,0.928,4.31,0.012800156790849542,1.893,ROAD_CONSTRUCTION,1.0,KA-CENTRAL,0.371,0.749,0.663,2.858
V0053,V0269,3,44,39,0.686,4.371,0.029917102923906962,1.524,CIVIL_MAINTENANCE,1.0,KA-CENTRAL,0.424,0.77,0.654,2.857
V0291,V0434,3,38,38,0.578,5.194,0.018951001770153703,1.722,IT_SERVICES,1.0,KA-CENTRAL,1.0,1.0,0.55,2.857
V0013,V0047,3,32,55,0.704,4.261,0.031853104194342195,1.497,ELECTRICAL_EQUIPMENT,1.0,KA-NORTH,0.333,0.733,0.67,2.855
V0053,V0169,3,44,35,0.616,4.87,0.022492800649740893,1.648,CIVIL_MAINTENANCE,1.0,KA-CENTRAL,0.8,0.92,0.586,2.854
V0052,V0317,3,46,35,0.644,4.658,0.025295194276688287,1.597,CIVIL_MAINTENANCE,1.0,KA-NORTH,0.652,0.861,0.613,2.854
V0218,V0269,3,43,39,0.671,4.472,0.028176315948081006,1.55,CIVIL_MAINTENANCE,1.0,KA-CENTRAL,0.52,0.808,0.636,2.846
V0088,V0120,3,38,44,0.669,4.486,0.02795313813066742,1.554,WATER_INFRASTRUCTURE,1.0,KA-NORTH,0.533,0.813,0.634,2.844
V0195,V0370,3,42,37,0.622,4.826,0.023050613131231006,1.637,FURNITURE,1.0,KA-BENGALURU,0.783,0.913,0.589,2.843
V0298,V0384,4,43,45,0.774,5.168,0.0067770685719844796,2.169,ELECTRICAL_EQUIPMENT,1.0,KA-NORTH,1.0,1.0,0.55,2.842
V0024,V0433,3,47,35,0.658,4.559,0.026764357615632957,1.572,CIVIL_MAINTENANCE,1.0,KA-NORTH,0.593,0.837,0.623,2.842
V0054,V0304,3,33,44,0.581,5.165,0.019212550437908284,1.716,WATER_INFRASTRUCTURE,1.0,KA-CENTRAL,1.0,1.0,0.55,2.841
V0120,V0483,5,44,55,0.968,5.165,0.0024219905297577773,2.616,WATER_INFRASTRUCTURE,1.0,KA-CENTRAL,1.0,1.0,0.55,2.841
V0359,V0381,3,40,41,0.656,4.573,0.02657842697992787,1.575,WATER_INFRASTRUCTURE,1.0,KA-SOUTH,0.609,0.843,0.62,2.837
V0010,V0200,5,96,30,1.152,4.34,0.004996146560720822,2.301,MEDICAL_SUPPLIES,1.0,KA-SOUTH,0.424,0.77,0.654,2.837
V0336,V0502,3,35,53,0.742,4.043,0.036527329296708634,1.437,ELECTRICAL_EQUIPMENT,0.68,KA-CENTRAL,0.64,0.664,0.701,2.835
V0004,V0039,3,26,56,0.582,5.151,0.019219639956571485,1.716,BUILDING_CONSTRUCTION,1.0,KA-CENTRAL,1.0,1.0,0.55,2.833
V0039,V0533,4,56,37,0.829,4.826,0.008611265614239205,2.065,CIVIL_MAINTENANCE,1.0,KA-CENTRAL,0.794,0.918,0.587,2.833
V0040,V0129,3,35,47,0.658,4.559,0.026764357615632957,1.572,ELECTRICAL_EQUIPMENT,0.737,KA-SOUTH,1.0,0.842,0.621,2.831
V0091,V0402,4,74,29,0.858,4.66,0.009588505572597756,2.018,CIVIL_MAINTENANCE,1.0,AP-SOUTH,0.684,0.874,0.607,2.828
V0342,V0381,3,39,41,0.64,4.69,0.024863681622976714,1.604,ROAD_CONSTRUCTION,1.0,KA-SOUTH,0.706,0.882,0.603,2.828
V0016,V0298,4,50,43,0.86,4.651,0.00984315976425378,2.007,BUILDING_CONSTRUCTION,1.0,KA-NORTH,0.679,0.871,0.608,2.827
V0218,V0340,3,43,47,0.808,3.711,0.04548160884705825,1.342,WATER_INFRASTRUCTURE,0.529,KA-SOUTH,0.529,0.529,0.762,2.827
V0044,V0455,3,34,43,0.585,5.13,0.019577133155812096,1.708,WATER_INFRASTRUCTURE,1.0,KA-SOUTH,1.0,1.0,0.55,2.822
V0254,V0523,3,43,34,0.585,5.13,0.019577133155812096,1.708,FURNITURE,1.0,KA-BENGALURU,1.0,1.0,0.55,2.822
V0132,V0280,4,58,36,0.835,4.789,0.008837332049650091,2.054,FURNITURE,1.0,KA-SOUTH,0.784,0.914,0.589,2.82
V0120,V0224,3,44,42,0.739,4.058,0.03623798647410341,1.441,WATER_INFRASTRUCTURE,0.68,KA-SOUTH,0.68,0.68,0.694,2.816
V0178,V0215,4,49,51,1.0,4.002,0.016557427009968744,1.781,ELECTRICAL_EQUIPMENT,0.818,KA-NORTH,0.424,0.661,0.703,2.812
V0066,V0310,3,53,35,0.742,4.043,0.036527329296708634,1.437,FURNITURE,0.783,KA-SOUTH,0.522,0.678,0.695,2.809
V0172,V0332,5,48,51,0.979,5.106,0.0025547705418689365,2.593,WATER_INFRASTRUCTURE,1.0,KA-CENTRAL,1.0,1.0,0.55,2.808
V0072,V0526,3,58,28,0.65,4.618,0.025735154826071614,1.589,ROAD_CONSTRUCTION,1.0,KA-NORTH,0.679,0.871,0.608,2.807
V0011,V0344,3,40,38,0.608,4.934,0.021737794518141618,1.663,ELECTRICAL_EQUIPMENT,1.0,KA-SOUTH,0.895,0.958,0.569,2.807
V0317,V0419,4,35,56,0.784,5.102,0.007057092593538135,2.151,CIVIL_MAINTENANCE,1.0,KA-CENTRAL,1.0,1.0,0.55,2.806
V0215,V0485,4,51,42,0.857,4.669,0.009711865564569227,2.013,ELECTRICAL_EQUIPMENT,1.0,KA-SOUTH,0.719,0.888,0.601,2.804
V0113,V0178,4,46,49,0.902,4.437,0.011613960884018736,1.935,IT_SERVICES,1.0,KA-NORTH,0.548,0.819,0.631,2.801
V0024,V0169,3,47,35,0.658,4.559,0.026764357615632957,1.572,CIVIL_MAINTENANCE,1.0,KA-SOUTH,0.645,0.858,0.614,2.799
V0051,V0064,3,51,40,0.816,3.676,0.04654157482769374,1.332,CIVIL_MAINTENANCE,0.654,KA-SOUTH,0.346,0.531,0.761,2.798
V0349,V0513,3,29,55,0.638,4.702,0.024575244139476735,1.61,ELECTRICAL_EQUIPMENT,1.0,KA-NORTH,0.75,0.9,0.595,2.798
V0308,V0394,3,41,41,0.672,4.462,0.028355540054183625,1.547,ELECTRICAL_EQUIPMENT,1.0,KA-CENTRAL,0.571,0.829,0.627,2.798
V0215,V0433,3,51,35,0.714,4.202,0.03309310235585865,1.48,ELECTRICAL_EQUIPMENT,1.0,KA-BENGALURU,0.36,0.744,0.665,2.795
V0368,V0438,4,50,44,0.88,4.545,0.010670002286928873,1.972,WATER_INFRASTRUCTURE,1.0,KA-CENTRAL,0.641,0.856,0.615,2.793
V0259,V0509,3,39,42,0.655,4.579,0.02649181446797209,1.577,ELECTRICAL_EQUIPMENT,1.0,KA-NORTH,0.667,0.867,0.61,2.793
V0024,V0228,3,47,34,0.639,4.693,0.024791481131907246,1.606,CIVIL_MAINTENANCE,1.0,KA-NORTH,0.75,0.9,0.595,2.792
V0001,V0433,4,62,35,0.868,4.608,0.010099213199498686,1.996,CIVIL_MAINTENANCE,1.0,KA-NORTH,0.694,0.878,0.605,2.788
V0220,V0359,3,37,40,0.592,5.068,0.020242962493198065,1.694,WATER_INFRASTRUCTURE,1.0,KA-NORTH,1.0,1.0,0.55,2.787
V0072,V0517,3,58,28,0.65,4.618,0.025735154826071614,1.589,ROAD_CONSTRUCTION,1.0,KA-CENTRAL,0.706,0.882,0.603,2.784
V0129,V0434,3,47,38,0.714,4.199,0.03317546569207371,1.479,ELECTRICAL_EQUIPMENT,1.0,KA-SOUTH,0.375,0.75,0.662,2.782
V0129,V0178,4,47,49,0.921,4.342,0.012513820550764268,1.903,ELECTRICAL_EQUIPMENT,0.8,KA-NORTH,0.8,0.8,0.64,2.779
V0029,V0363,3,33,45,0.594,5.051,0.02040187926406164,1.69,CIVIL_MAINTENANCE,1.0,KA-CENTRAL,1.0,1.0,0.55,2.778
V0182,V0263,3,35,49,0.686,4.373,0.02983846342796244,1.525,CIVIL_MAINTENANCE,1.0,KA-CENTRAL,0.526,0.811,0.635,2.778
V0289,V0483,3,27,55,0.594,5.051,0.02028888016977364,1.693,WATER_INFRASTRUCTURE,1.0,KA-NORTH,1.0,1.0,0.55,2.778
V0023,V0384,4,44,45,0.792,5.051,0.007357835267458653,2.133,ELECTRICAL_EQUIPMENT,1.0,KA-NORTH,1.0,1.0,0.55,2.778
V0066,V0370,3,53,37,0.784,3.825,0.042103636663001764,1.376,FURNITURE,0.591,KA-SOUTH,0.636,0.609,0.726,2.777
V0034,V0512,3,53,34,0.721,4.162,0.033893246787914624,1.47,CIVIL_MAINTENANCE,0.792,KA-CENTRAL,0.667,0.742,0.666,2.773
V0381,V0421,3,41,46,0.754,3.977,0.03817132838694476,1.418,ROAD_CONSTRUCTION,0.545,KA-SOUTH,0.864,0.673,0.697,2.773
V0379,V0523,3,53,34,0.721,4.162,0.033893246787914624,1.47,FURNITURE,0.786,KA-SOUTH,0.679,0.743,0.666,2.771
V0219,V0370,3,45,37,0.666,4.505,0.027642280853904452,1.558,FURNITURE,1.0,KA-CENTRAL,0.64,0.856,0.615,2.77
V0026,V0293,3,44,41,0.722,4.157,0.0340598027584563,1.468,IT_SERVICES,1.0,TN-NORTH,0.357,0.743,0.666,2.767
V0327,V0504,3,51,41,0.836,3.587,0.04951173864729351,1.305,FURNITURE,0.556,KA-NORTH,0.444,0.511,0.77,2.762
V0414,V0502,3,31,53,0.657,4.565,0.026614895345144992,1.575,ELECTRICAL_EQUIPMENT,1.0,KA-NORTH,0.696,0.878,0.605,2.761
V0218,V0485,3,43,42,0.722,4.153,0.03415881110916753,1.466,CIVIL_MAINTENANCE,1.0,TN-NORTH,0.364,0.745,0.665,2.76
V0184,V0454,5,63,43,1.084,4.614,0.003983616882719089,2.4,IT_SERVICES,1.0,KA-NORTH,0.735,0.894,0.598,2.758
V0024,V0263,4,47,49,0.921,4.342,0.012513820550764268,1.903,CIVIL_MAINTENANCE,1.0,KA-NORTH,0.526,0.811,0.635,2.758
V0215,V0259,3,51,39,0.796,3.771,0.04366376684825565,1.36,ELECTRICAL_EQUIPMENT,0.619,KA-SOUTH,0.571,0.6,0.73,2.753
V0028,V0359,3,45,40,0.72,4.167,0.03386223497639634,1.47,WATER_INFRASTRUCTURE,1.0,KA-SOUTH,0.389,0.756,0.66,2.75
V0262,V0481,3,26,64,0.666,4.507,0.027344738077901526,1.563,MEDICAL_SUPPLIES,1.0,KA-NORTH,0.667,0.867,0.61,2.749
V0122,V0244,3,36,50,0.72,4.167,0.03382842472549002,1.471,FURNITURE,1.0,KA-CENTRAL,0.391,0.757,0.66,2.748
V0013,V0419,3,32,56,0.717,4.185,0.03336776223968149,1.477,CIVIL_MAINTENANCE,1.0,KA-CENTRAL,0.409,0.764,0.656,2.747
V0024,V0275,4,47,46,0.865,4.625,0.010042246922535405,1.998,CIVIL_MAINTENANCE,1.0,KA-CENTRAL,0.756,0.902,0.594,2.747
V0027,V0309,3,32,56,0.717,4.185,0.03336776223968149,1.477,BUILDING_CONSTRUCTION,1.0,AP-SOUTH,0.409,0.764,0.656,2.747
V0073,V0297,3,44,39,0.686,4.371,0.029917102923906962,1.524,ROAD_CONSTRUCTION,1.0,KA-CENTRAL,0.565,0.826,0.628,2.746
V0054,V0368,3,33,50,0.66,4.545,0.026951048801890195,1.569,WATER_INFRASTRUCTURE,0.8,KA-CENTRAL,1.0,0.88,0.604,2.745
V0071,V0133,3,47,37,0.696,4.313,0.030956578369334548,1.509,ROAD_CONSTRUCTION,1.0,KA-BENGALURU,0.522,0.809,0.636,2.743
V0455,V0485,3,43,42,0.722,4.153,0.03415881110916753,1.466,CIVIL_MAINTENANCE,1.0,KA-CENTRAL,0.387,0.755,0.66,2.742
V0169,V0218,3,35,43,0.602,4.983,0.021159550221173745,1.674,CIVIL_MAINTENANCE,1.0,KA-SOUTH,1.0,1.0,0.55,2.741
V0346,V0426,3,41,40,0.656,4.573,0.02657842697992787,1.575,WATER_INFRASTRUCTURE,0.818,KA-SOUTH,1.0,0.891,0.599,2.74
V0310,V0363,3,35,45,0.63,4.762,0.02387134064614676,1.622,BUILDING_CONSTRUCTION,1.0,KA-NORTH,0.864,0.945,0.575,2.736
V0091,V0255,4,74,33,0.977,4.095,0.01511229625011626,1.821,CIVIL_MAINTENANCE,1.0,KA-NORTH,0.344,0.738,0.668,2.736
V0062,V0308,3,40,41,0.656,4.573,0.02657842697992787,1.575,ELECTRICAL_EQUIPMENT,1.0,KA-SOUTH,0.733,0.893,0.598,2.735
V0073,V0381,3,44,41,0.722,4.157,0.0340598027584563,1.468,ROAD_CONSTRUCTION,1.0,KA-NORTH,0.4,0.76,0.658,2.735
V0132,V0364,3,58,31,0.719,4.171,0.033628440763110834,1.473,FURNITURE,0.611,KA-CENTRAL,1.0,0.767,0.655,2.732
V0051,V0161,3,51,34,0.694,4.325,0.0306890558550482,1.513,CIVIL_MAINTENANCE,1.0,KA-NORTH,0.55,0.82,0.631,2.729
V0383,V0509,3,36,42,0.605,4.96,0.021428331778610837,1.669,ELECTRICAL_EQUIPMENT,1.0,KA-NORTH,1.0,1.0,0.55,2.728
V0078,V0212,3,36,42,0.605,4.96,0.021428331778610837,1.669,WATER_INFRASTRUCTURE,1.0,KA-SOUTH,1.0,1.0,0.55,2.728
V0485,V0495,3,42,36,0.605,4.96,0.021428331778610837,1.669,ELECTRICAL_EQUIPMENT,1.0,KA-CENTRAL,1.0,1.0,0.55,2.728
V0364,V0379,3,31,53,0.657,4.565,0.026614895345144992,1.575,FURNITURE,1.0,KA-CENTRAL,0.739,0.896,0.597,2.725
V0053,V0230,3,44,41,0.722,4.157,0.0340598027584563,1.468,CIVIL_MAINTENANCE,1.0,KA-SOUTH,0.417,0.767,0.655,2.723
V0230,V0394,3,41,41,0.672,4.462,0.028355540054183625,1.547,CIVIL_MAINTENANCE,1.0,KA-NORTH,0.667,0.867,0.61,2.722
V0121,V0340,4,43,47,0.808,4.948,0.007913401424340596,2.102,CIVIL_MAINTENANCE,1.0,KA-NORTH,1.0,1.0,0.55,2.721
V0172,V0525,3,48,41,0.787,3.811,0.04252706251774618,1.371,ROAD_CONSTRUCTION,0.636,KA-SOUTH,0.636,0.636,0.714,2.72
V0027,V0034,3,32,53,0.678,4.422,0.02893654651056092,1.539,ELECTRICAL_EQUIPMENT,1.0,KA-CENTRAL,0.64,0.856,0.615,2.719
V0047,V0298,4,55,43,0.946,4.228,0.013698602060467663,1.863,ELECTRICAL_EQUIPMENT,1.0,KA-NORTH,0.483,0.793,0.643,2.719
V0029,V0396,3,33,51,0.673,4.456,0.02838150808255812,1.547,ELECTRICAL_EQUIPMENT,1.0,AP-SOUTH,0.667,0.867,0.61,2.718
V0007,V0016,3,39,50,0.78,3.846,0.041534413905586494,1.382,BUILDING_CONSTRUCTION,0.667,KA-CENTRAL,0.63,0.652,0.707,2.718
V0363,V0370,3,45,37,0.666,4.505,0.027642280853904452,1.558,BUILDING_CONSTRUCTION,1.0,KA-CENTRAL,0.704,0.881,0.603,2.718
V0342,V0483,4,39,55,0.858,4.662,0.009742081598969379,2.011,WATER_INFRASTRUCTURE,1.0,KA-CENTRAL,0.818,0.927,0.583,2.717
V0136,V0355,3,24,69,0.662,4.529,0.026898332582580946,1.57,MEDICAL_SUPPLIES,1.0,KA-NORTH,0.722,0.889,0.6,2.717
V0073,V0368,4,44,50,0.88,4.545,0.010670002286928873,1.972,ROAD_CONSTRUCTION,1.0,KA-CENTRAL,0.737,0.895,0.597,2.715
V0088,V0359,3,38,40,0.608,4.934,0.021737794518141618,1.663,WATER_INFRASTRUCTURE,1.0,KA-SOUTH,1.0,1.0,0.55,2.714
V0029,V0513,3,33,55,0.726,4.132,0.034504062633095474,1.462,ELECTRICAL_EQUIPMENT,1.0,KA-NORTH,0.409,0.764,0.656,2.712
V0091,V0356,3,74,23,0.681,4.407,0.028821067789620076,1.54,ROAD_CONSTRUCTION,1.0,KA-SOUTH,0.64,0.856,0.615,2.709
V0010,V0528,4,96,25,0.96,4.167,0.013892386528861125,1.857,MEDICAL_SUPPLIES,1.0,KA-NORTH,0.444,0.778,0.65,2.709
V0209,V0396,3,36,51,0.734,4.085,0.03559319841260533,1.449,ELECTRICAL_EQUIPMENT,1.0,KA-BENGALURU,0.375,0.75,0.662,2.706
V0064,V0159,3,40,40,0.64,4.688,0.02490550468046333,1.604,ROAD_CONSTRUCTION,1.0,KA-SOUTH,0.85,0.94,0.577,2.705
V0384,V0495,3,45,36,0.648,4.63,0.025719138402715884,1.59,ELECTRICAL_EQUIPMENT,1.0,KA-NORTH,0.81,0.924,0.584,2.705
V0121,V0419,4,43,56,0.963,4.153,0.014570291049958122,1.837,CIVIL_MAINTENANCE,1.0,KA-CENTRAL,0.438,0.775,0.651,2.705
V0219,V0309,4,45,56,1.008,3.968,0.01701962761355281,1.769,FURNITURE,0.8,KA-SOUTH,0.571,0.709,0.681,2.703
V0218,V0426,3,43,40,0.688,4.36,0.03010216083187665,1.521,WATER_INFRASTRUCTURE,1.0,KA-SOUTH,0.619,0.848,0.619,2.697
V0014,V0269,3,46,39,0.718,4.181,0.03356700621970134,1.474,BUILDING_CONSTRUCTION,1.0,AP-SOUTH,0.474,0.789,0.645,2.696
V0028,V0044,3,45,34,0.612,4.902,0.022098932079339224,1.656,WATER_INFRASTRUCTURE,1.0,KA-CENTRAL,1.0,1.0,0.55,2.696
V0020,V0202,3,85,18,0.612,4.902,0.021396525686943297,1.67,MEDICAL_SUPPLIES,1.0,KA-NORTH,1.0,1.0,0.55,2.696
V0063,V0215,3,30,51,0.612,4.902,0.022040662704027766,1.657,ELECTRICAL_EQUIPMENT,1.0,KA-CENTRAL,1.0,1.0,0.55,2.696
V0158,V0363,3,34,45,0.612,4.902,0.022098932079339224,1.656,CIVIL_MAINTENANCE,1.0,KA-CENTRAL,1.0,1.0,0.55,2.696
V0298,V0485,3,43,42,0.722,4.153,0.03415881110916753,1.466,ELECTRICAL_EQUIPMENT,1.0,KA-CENTRAL,0.45,0.78,0.649,2.695
V0256,V0298,3,40,43,0.688,4.36,0.03010216083187665,1.521,ELECTRICAL_EQUIPMENT,1.0,KA-CENTRAL,0.625,0.85,0.617,2.692
V0417,V0513,3,37,55,0.814,3.686,0.04621489689513165,1.335,IT_SERVICES,0.636,KA-NORTH,0.545,0.6,0.73,2.691
V0072,V0525,4,58,41,0.951,4.205,0.013942627690671405,1.856,ROAD_CONSTRUCTION,1.0,KA-SOUTH,0.5,0.8,0.64,2.691
V0255,V0368,3,33,50,0.66,4.545,0.026951048801890195,1.569,WATER_INFRASTRUCTURE,1.0,KA-CENTRAL,0.769,0.908,0.592,2.689
V0040,V0502,3,35,53,0.742,4.043,0.036527329296708634,1.437,ELECTRICAL_EQUIPMENT,1.0,KA-SOUTH,0.364,0.745,0.665,2.687
V0119,V0136,3,64,24,0.614,4.883,0.022071160330059073,1.656,MEDICAL_SUPPLIES,1.0,KA-CENTRAL,1.0,1.0,0.55,2.686
V0028,V0340,3,45,47,0.846,3.546,0.050958827900863944,1.293,WATER_INFRASTRUCTURE,0.6,KA-CENTRAL,0.45,0.54,0.757,2.684
V0020,V0141,4,85,28,0.952,4.202,0.013664796523858394,1.864,MEDICAL_SUPPLIES,1.0,KA-CENTRAL,0.514,0.806,0.637,2.678
V0034,V0162,3,53,35,0.742,4.043,0.036527329296708634,1.437,CIVIL_MAINTENANCE,0.75,KA-SOUTH,0.75,0.75,0.662,2.678
V0047,V0502,5,55,53,1.166,4.288,0.005506835139482574,2.259,ELECTRICAL_EQUIPMENT,1.0,KA-NORTH,0.585,0.834,0.625,2.678
V0132,V0504,4,58,41,0.951,4.205,0.013942627690671405,1.856,FURNITURE,1.0,KA-SOUTH,0.519,0.807,0.637,2.677
V0308,V0338,3,41,45,0.738,4.065,0.0360848725245711,1.443,IT_SERVICES,0.733,KA-CENTRAL,0.8,0.76,0.658,2.675
V0263,V0335,3,49,38,0.745,4.028,0.036922243916300786,1.433,VEHICLE_SUPPLIES,0.895,KA-NORTH,0.526,0.747,0.664,2.673
V0028,V0220,3,45,37,0.666,4.505,0.027642280853904452,1.558,WATER_INFRASTRUCTURE,1.0,KA-CENTRAL,0.762,0.905,0.593,2.671
V0276,V0363,3,41,45,0.738,4.065,0.0360848725245711,1.443,BUILDING_CONSTRUCTION,1.0,TN-NORTH,0.409,0.764,0.656,2.668
V0023,V0281,3,44,40,0.704,4.261,0.031952739911573456,1.495,BUILDING_CONSTRUCTION,1.0,KA-NORTH,0.577,0.831,0.626,2.668
V0212,V0269,3,42,39,0.655,4.579,0.02649181446797209,1.577,CIVIL_MAINTENANCE,1.0,KA-SOUTH,0.818,0.927,0.583,2.668
V0042,V0169,3,49,35,0.686,4.373,0.02983846342796244,1.525,CIVIL_MAINTENANCE,1.0,KA-SOUTH,0.667,0.867,0.61,2.668
V0247,V0340,3,41,47,0.771,3.892,0.04031884597160024,1.394,WATER_INFRASTRUCTURE,0.5,KA-NORTH,1.0,0.7,0.685,2.666
V0298,V0383,3,43,36,0.619,4.845,0.022810636931144476,1.642,ELECTRICAL_EQUIPMENT,1.0,KA-NORTH,1.0,1.0,0.55,2.665
V0209,V0454,3,36,43,0.619,4.845,0.022810636931144476,1.642,ELECTRICAL_EQUIPMENT,1.0,KA-SOUTH,1.0,1.0,0.55,2.665
V0007,V0219,3,39,45,0.702,4.274,0.0317140530284706,1.499,FURNITURE,1.0,KA-SOUTH,0.591,0.836,0.624,2.665
V0047,V0293,4,55,41,0.902,4.435,0.011611596896180638,1.935,ELECTRICAL_EQUIPMENT,1.0,KA-SOUTH,0.719,0.888,0.601,2.664
V0047,V0392,3,55,33,0.726,4.132,0.034504062633095474,1.462,ELECTRICAL_EQUIPMENT,1.0,KA-NORTH,0.476,0.79,0.644,2.662
V0028,V0533,3,45,37,0.666,4.505,0.027642280853904452,1.558,CIVIL_MAINTENANCE,1.0,KA-SOUTH,0.773,0.909,0.591,2.662
V0016,V0451,3,50,31,0.62,4.839,0.0228314418828676,1.641,BUILDING_CONSTRUCTION,1.0,KA-CENTRAL,1.0,1.0,0.55,2.661
V0014,V0195,3,46,42,0.773,3.882,0.040589242263971675,1.392,FURNITURE,0.731,KA-SOUTH,0.654,0.7,0.685,2.659
V0172,V0224,3,48,42,0.806,3.72,0.04519513133491202,1.345,WATER_INFRASTRUCTURE,0.652,KA-CENTRAL,0.609,0.635,0.714,2.657
V0212,V0426,3,42,40,0.672,4.464,0.028310677219043498,1.548,WATER_INFRASTRUCTURE,1.0,KA-SOUTH,0.75,0.9,0.595,2.656
V0304,V0483,4,44,55,0.968,4.132,0.01482626321353865,1.829,WATER_INFRASTRUCTURE,0.656,KA-CENTRAL,1.0,0.794,0.643,2.656
V0034,V0317,3,53,35,0.742,4.043,0.036527329296708634,1.437,ELECTRICAL_EQUIPMENT,1.0,KA-CENTRAL,0.409,0.764,0.656,2.654
V0024,V0080,3,47,39,0.733,4.092,0.03547576629188603,1.45,CIVIL_MAINTENANCE,1.0,KA-NORTH,0.458,0.783,0.648,2.65
V0304,V0368,4,44,50,0.88,4.545,0.010670002286928873,1.972,WATER_INFRASTRUCTURE,1.0,KA-CENTRAL,0.824,0.929,0.582,2.644
V0291,V0338,3,38,45,0.684,4.386,0.0296406490616664,1.528,IT_SERVICES,1.0,KA-NORTH,0.708,0.883,0.602,2.643
V0023,V0394,3,44,41,0.722,4.157,0.0340598027584563,1.468,ELECTRICAL_EQUIPMENT,1.0,KA-BENGALURU,0.526,0.811,0.635,2.641
V0061,V0384,3,37,45,0.666,4.505,0.027642280853904452,1.558,ELECTRICAL_EQUIPMENT,1.0,KA-NORTH,0.8,0.92,0.586,2.64
V0396,V0502,4,51,53,1.081,3.7,0.021558333776962205,1.666,ELECTRICAL_EQUIPMENT,0.593,KA-CENTRAL,0.704,0.637,0.713,2.639
V0039,V0051,5,56,51,1.142,4.377,0.005039642521180002,2.298,CIVIL_MAINTENANCE,1.0,KA-CENTRAL,0.711,0.884,0.602,2.635
V0053,V0424,3,44,40,0.704,4.261,0.031952739911573456,1.495,CIVIL_MAINTENANCE,1.0,KA-BENGALURU,0.625,0.85,0.617,2.631
V0014,V0123,3,46,45,0.828,3.623,0.048299468591092354,1.316,FURNITURE,0.609,KA-NORTH,0.609,0.609,0.726,2.631
V0007,V0379,3,39,53,0.827,3.628,0.04808508970779201,1.318,FURNITURE,0.733,KA-SOUTH,0.433,0.613,0.724,2.627
V0051,V0182,3,51,35,0.714,4.202,0.03309310235585865,1.48,CIVIL_MAINTENANCE,1.0,KA-CENTRAL,0.583,0.833,0.625,2.626
V0071,V0091,5,47,74,1.391,3.594,0.011541038258814038,1.938,ROAD_CONSTRUCTION,0.674,KA-SOUTH,0.488,0.6,0.73,2.624
V0034,V0336,3,53,35,0.742,4.043,0.036527329296708634,1.437,ELECTRICAL_EQUIPMENT,1.0,KA-CENTRAL,0.45,0.78,0.649,2.624
V0220,V0340,3,37,47,0.696,4.313,0.030956578369334548,1.509,WATER_INFRASTRUCTURE,1.0,KA-NORTH,0.682,0.873,0.607,2.619
V0020,V0232,3,85,22,0.748,4.011,0.03663596643619947,1.436,MEDICAL_SUPPLIES,1.0,KA-CENTRAL,0.429,0.771,0.653,2.619
V0304,V0340,3,44,47,0.827,3.627,0.04818127484399138,1.317,WATER_INFRASTRUCTURE,0.524,KA-NORTH,0.762,0.619,0.721,2.617
V0043,V0220,3,51,37,0.755,3.975,0.03818879088099245,1.418,ROAD_CONSTRUCTION,1.0,KA-SOUTH,0.4,0.76,0.658,2.616
V0039,V0309,5,56,56,1.254,3.986,0.007527046210777544,2.123,BUILDING_CONSTRUCTION,1.0,KA-CENTRAL,0.415,0.766,0.655,2.612
V0064,V0073,3,40,44,0.704,4.261,0.031952739911573456,1.495,ROAD_CONSTRUCTION,1.0,KA-NORTH,0.65,0.86,0.613,2.612
V0187,V0368,3,34,50,0.68,4.412,0.02915069067338814,1.535,WATER_INFRASTRUCTURE,1.0,KA-CENTRAL,0.769,0.908,0.592,2.61
V0003,V0248,3,40,46,0.736,4.076,0.03583042668769626,1.446,CIVIL_MAINTENANCE,1.0,KA-NORTH,0.5,0.8,0.64,2.609
V0301,V0379,3,36,53,0.763,3.931,0.03926438534263418,1.406,BUILDING_CONSTRUCTION,1.0,KA-CENTRAL,0.37,0.748,0.663,2.608
V0438,V0531,3,44,43,0.757,3.964,0.03848693014487437,1.415,WATER_INFRASTRUCTURE,1.0,KA-BENGALURU,0.4,0.76,0.658,2.608
V0158,V0483,3,34,55,0.748,4.011,0.03726656812855742,1.429,CIVIL_MAINTENANCE,1.0,KA-SOUTH,0.444,0.778,0.65,2.607
V0061,V0129,3,37,47,0.696,4.313,0.030956578369334548,1.509,ELECTRICAL_EQUIPMENT,1.0,KA-NORTH,0.7,0.88,0.604,2.605
V0052,V0230,3,46,41,0.754,3.977,0.03817132838694476,1.418,CIVIL_MAINTENANCE,1.0,KA-SOUTH,0.417,0.767,0.655,2.605
V0053,V0488,3,44,36,0.634,4.735,0.02424090019746059,1.615,CIVIL_MAINTENANCE,1.0,KA-SOUTH,1.0,1.0,0.55,2.604
V0256,V0308,3,40,41,0.656,4.573,0.02657842697992787,1.575,ELECTRICAL_EQUIPMENT,1.0,KA-CENTRAL,0.895,0.958,0.569,2.602
V0020,V0329,4,85,27,0.918,4.357,0.012018458449018088,1.92,MEDICAL_SUPPLIES,1.0,KA-NORTH,0.741,0.896,0.597,2.6
V0308,V0485,3,41,42,0.689,4.355,0.030194916294928768,1.52,ELECTRICAL_EQUIPMENT,1.0,KA-CENTRAL,0.739,0.896,0.597,2.6
V0223,V0396,4,45,51,0.918,4.357,0.012360446132355159,1.908,IT_SERVICES,1.0,KA-CENTRAL,0.741,0.896,0.597,2.6
V0304,V0426,3,44,40,0.704,4.261,0.031952739911573456,1.495,WATER_INFRASTRUCTURE,1.0,KA-SOUTH,0.667,0.867,0.61,2.599
V0371,V0483,3,31,55,0.682,4.399,0.02931433967130188,1.533,WATER_INFRASTRUCTURE,1.0,KA-NORTH,0.773,0.909,0.591,2.599
V0346,V0381,3,41,41,0.672,4.462,0.028355540054183625,1.547,WATER_INFRASTRUCTURE,0.882,KA-SOUTH,1.0,0.929,0.582,2.596
V0047,V0053,4,55,44,0.968,4.132,0.01482626321353865,1.829,CIVIL_MAINTENANCE,1.0,KA-SOUTH,0.567,0.827,0.628,2.595
V0119,V0395,3,64,26,0.666,4.507,0.027344738077901526,1.563,MEDICAL_SUPPLIES,1.0,KA-SOUTH,0.857,0.943,0.576,2.595
V0063,V0502,3,30,53,0.636,4.717,0.02439813628588369,1.613,ELECTRICAL_EQUIPMENT,1.0,KA-CENTRAL,1.0,1.0,0.55,2.594
V0072,V0437,3,58,33,0.766,3.918,0.039513827118272775,1.403,ROAD_CONSTRUCTION,1.0,KA-NORTH,0.379,0.752,0.662,2.593
V0001,V0530,3,62,29,0.719,4.171,0.03356071264191797,1.474,CIVIL_MAINTENANCE,1.0,KA-SOUTH,0.607,0.843,0.621,2.589
V0274,V0379,3,37,53,0.784,3.825,0.042103636663001764,1.376,FURNITURE,0.864,KA-SOUTH,0.5,0.718,0.677,2.589
V0027,V0047,3,32,55,0.704,4.261,0.031853104194342195,1.497,ELECTRICAL_EQUIPMENT,1.0,AP-SOUTH,0.682,0.873,0.607,2.588
V0053,V0218,3,44,43,0.757,3.964,0.03848693014487437,1.415,CIVIL_MAINTENANCE,1.0,KA-NORTH,0.429,0.771,0.653,2.588
V0172,V0426,3,48,40,0.768,3.906,0.03994183339055093,1.399,WATER_INFRASTRUCTURE,1.0,KA-SOUTH,0.375,0.75,0.662,2.588
V0072,V0224,4,58,42,0.974,4.105,0.015148224136348237,1.82,ROAD_CONSTRUCTION,1.0,KA-SOUTH,0.553,0.821,0.631,2.588
V0332,V0387,3,51,35,0.714,4.202,0.03309310235585865,1.48,WATER_INFRASTRUCTURE,1.0,KA-NORTH,0.636,0.855,0.615,2.586
V0001,V0402,3,62,29,0.719,4.171,0.03356071264191797,1.474,CIVIL_MAINTENANCE,1.0,AP-SOUTH,0.613,0.845,0.62,2.585
V0338,V0460,3,45,42,0.756,3.968,0.03838158176755581,1.416,IT_SERVICES,1.0,KA-SOUTH,0.438,0.775,0.651,2.584
V0001,V0275,5,62,46,1.141,4.383,0.004996084579382815,2.301,CIVIL_MAINTENANCE,1.0,KA-CENTRAL,0.78,0.912,0.59,2.584
V0001,V0201,4,62,38,0.942,4.244,0.013471012729732236,1.871,CIVIL_MAINTENANCE,1.0,KA-SOUTH,0.674,0.87,0.609,2.583
V0001,V0142,3,62,29,0.719,4.171,0.03356071264191797,1.474,CIVIL_MAINTENANCE,1.0,KA-NORTH,0.621,0.848,0.618,2.579
V0119,V0499,3,64,25,0.64,4.688,0.02463094215308983,1.609,MEDICAL_SUPPLIES,1.0,KA-SOUTH,1.0,1.0,0.55,2.578
V0010,V0243,3,96,20,0.768,3.906,0.038940357196917956,1.41,MEDICAL_SUPPLIES,1.0,KA-SOUTH,0.391,0.757,0.66,2.576
V0332,V0455,3,51,43,0.877,3.42,0.0557250974403451,1.254,WATER_INFRASTRUCTURE,0.55,KA-CENTRAL,0.55,0.55,0.752,2.574
V0001,V0532,3,62,29,0.719,4.171,0.03356071264191797,1.474,CIVIL_MAINTENANCE,1.0,KA-CENTRAL,0.63,0.852,0.617,2.572
V0162,V0513,3,35,55,0.77,3.896,0.04013983709963323,1.396,ELECTRICAL_EQUIPMENT,1.0,KA-BENGALURU,0.391,0.757,0.66,2.57
V0200,V0481,3,30,64,0.768,3.906,0.039728626335218564,1.401,MEDICAL_SUPPLIES,1.0,KA-CENTRAL,0.4,0.76,0.658,2.57
V0172,V0531,3,48,43,0.826,3.634,0.04794531545151586,1.319,WATER_INFRASTRUCTURE,0.652,KA-CENTRAL,0.652,0.652,0.707,2.568
V0247,V0332,3,41,51,0.836,3.587,0.04951173864729351,1.305,WATER_INFRASTRUCTURE,0.636,KA-NORTH,0.636,0.636,0.714,2.56
V0121,V0368,4,43,50,0.86,4.651,0.00984315976425378,2.007,ROAD_CONSTRUCTION,1.0,KA-CENTRAL,1.0,1.0,0.55,2.558
V0178,V0424,3,49,40,0.784,3.827,0.042084425230488234,1.376,ELECTRICAL_EQUIPMENT,1.0,AP-SOUTH,0.346,0.738,0.668,2.555
V0162,V0215,3,35,51,0.714,4.202,0.03309310235585865,1.48,ELECTRICAL_EQUIPMENT,1.0,KA-SOUTH,0.679,0.871,0.608,2.554
V0042,V0297,3,49,39,0.764,3.925,0.03945975022656504,1.404,ROAD_CONSTRUCTION,1.0,KA-CENTRAL,0.44,0.776,0.651,2.554
V0419,V0537,3,56,32,0.717,4.185,0.03336776223968149,1.477,CIVIL_MAINTENANCE,1.0,KA-CENTRAL,0.667,0.867,0.61,2.553
V0122,V0363,3,36,45,0.648,4.63,0.025719138402715884,1.59,BUILDING_CONSTRUCTION,1.0,KA-CENTRAL,1.0,1.0,0.55,2.546
V0001,V0230,4,62,41,1.017,3.934,0.017488366367087785,1.757,CIVIL_MAINTENANCE,1.0,KA-SOUTH,0.459,0.784,0.647,2.546
V0028,V0172,4,45,48,0.864,4.63,0.010008886481460536,2.0,WATER_INFRASTRUCTURE,1.0,KA-CENTRAL,1.0,1.0,0.55,2.546
V0091,V0150,3,74,26,0.77,3.898,0.03972928298369261,1.401,CIVIL_MAINTENANCE,1.0,KA-NORTH,0.429,0.771,0.653,2.545
V0016,V0352,3,50,38,0.76,3.947,0.03887458867607179,1.41,FURNITURE,1.0,KA-NORTH,0.474,0.789,0.645,2.545
V0301,V0327,3,36,51,0.734,4.085,0.03559319841260533,1.449,FURNITURE,1.0,KA-BENGALURU,0.6,0.84,0.622,2.541
V0039,V0186,3,56,29,0.65,4.618,0.025766108708688937,1.589,BUILDING_CONSTRUCTION,1.0,KA-CENTRAL,1.0,1.0,0.55,2.54
V0247,V0531,3,41,43,0.705,4.254,0.0320964032874973,1.494,WATER_INFRASTRUCTURE,1.0,KA-NORTH,0.739,0.896,0.597,2.539
V0052,V0212,3,46,42,0.773,3.882,0.040589242263971675,1.392,CIVIL_MAINTENANCE,1.0,KA-NORTH,0.423,0.769,0.654,2.538
V0294,V0419,3,32,56,0.717,4.185,0.03336776223968149,1.477,VEHICLE_SUPPLIES,1.0,KA-CENTRAL,0.688,0.875,0.606,2.537
V0188,V0485,3,43,42,0.722,4.153,0.03415881110916753,1.466,CIVIL_MAINTENANCE,1.0,KA-NORTH,0.667,0.867,0.61,2.533
V0298,V0509,3,43,42,0.722,4.153,0.03415881110916753,1.466,ELECTRICAL_EQUIPMENT,1.0,KA-NORTH,0.667,0.867,0.61,2.533
V0047,V0255,3,55,33,0.726,4.132,0.034504062633095474,1.462,CIVIL_MAINTENANCE,1.0,KA-SOUTH,0.652,0.861,0.613,2.531
V0319,V0379,3,34,53,0.721,4.162,0.033893246787914624,1.47,FURNITURE,1.0,KA-SOUTH,0.68,0.872,0.608,2.529
V0172,V0187,3,48,34,0.653,4.596,0.026201850557859716,1.582,WATER_INFRASTRUCTURE,1.0,KA-CENTRAL,1.0,1.0,0.55,2.528
V0020,V0192,3,85,22,0.748,4.011,0.03663596643619947,1.436,MEDICAL_SUPPLIES,1.0,KA-SOUTH,0.556,0.822,0.63,2.527
V0042,V0133,3,49,37,0.725,4.137,0.034472519934824884,1.463,ROAD_CONSTRUCTION,1.0,KA-NORTH,0.667,0.867,0.61,2.524
V0016,V0413,3,50,40,0.8,3.75,0.044284470530095245,1.354,BUILDING_CONSTRUCTION,0.684,KA-CENTRAL,0.789,0.726,0.673,2.524
V0113,V0259,3,46,39,0.718,4.181,0.03356700621970134,1.474,IT_SERVICES,1.0,KA-NORTH,0.704,0.881,0.603,2.523
V0248,V0269,3,46,39,0.718,4.181,0.03356700621970134,1.474,BUILDING_CONSTRUCTION,1.0,KA-CENTRAL,0.706,0.882,0.603,2.521
V0144,V0258,4,68,37,1.006,3.975,0.016826066983428083,1.774,IT_SERVICES,1.0,KA-NORTH,0.533,0.813,0.634,2.52
V0215,V0344,3,51,38,0.775,3.87,0.04087922838476523,1.388,ELECTRICAL_EQUIPMENT,0.625,KA-SOUTH,1.0,0.775,0.651,2.52
V0047,V0052,4,55,46,1.012,3.953,0.017254618982681245,1.763,CIVIL_MAINTENANCE,1.0,KA-SOUTH,0.517,0.807,0.637,2.518
V0212,V0340,3,42,47,0.79,3.799,0.0428605711198919,1.368,WATER_INFRASTRUCTURE,1.0,KA-NORTH,0.375,0.75,0.662,2.517
V0091,V0391,3,74,29,0.858,3.495,0.05244036807988349,1.28,CIVIL_MAINTENANCE,0.667,KA-SOUTH,0.556,0.622,0.72,2.516
V0308,V0407,3,41,40,0.656,4.573,0.02657842697992787,1.575,IT_SERVICES,1.0,KA-CENTRAL,1.0,1.0,0.55,2.515
V0419,V0458,3,56,35,0.784,3.827,0.04201244527922353,1.377,VEHICLE_SUPPLIES,0.762,KA-CENTRAL,0.762,0.762,0.657,2.515
V0247,V0359,3,41,40,0.656,4.573,0.02657842697992787,1.575,WATER_INFRASTRUCTURE,1.0,KA-NORTH,1.0,1.0,0.55,2.515
V0224,V0340,3,42,47,0.79,3.799,0.0428605711198919,1.368,WATER_INFRASTRUCTURE,1.0,KA-BENGALURU,0.381,0.752,0.661,2.513
V0120,V0212,3,44,42,0.739,4.058,0.03623798647410341,1.441,WATER_INFRASTRUCTURE,1.0,KA-CENTRAL,0.619,0.848,0.619,2.51
V0426,V0483,4,40,55,0.88,4.545,0.010650200300816794,1.973,WATER_INFRASTRUCTURE,1.0,KA-CENTRAL,1.0,1.0,0.55,2.5
V0525,V0547,3,41,48,0.787,3.811,0.04252706251774618,1.371,WATER_INFRASTRUCTURE,0.609,KA-CENTRAL,1.0,0.765,0.656,2.499
V0001,V0247,4,62,41,1.017,3.934,0.017488366367087785,1.757,CIVIL_MAINTENANCE,1.0,KA-NORTH,0.529,0.812,0.635,2.497
V0053,V0247,3,44,41,0.722,4.157,0.0340598027584563,1.468,CIVIL_MAINTENANCE,1.0,KA-NORTH,0.72,0.888,0.6,2.496
V0434,V0502,3,38,53,0.806,3.724,0.04504419924212987,1.346,ELECTRICAL_EQUIPMENT,0.81,KA-NORTH,0.619,0.733,0.67,2.495
V0129,V0509,3,47,42,0.79,3.799,0.0428605711198919,1.368,ELECTRICAL_EQUIPMENT,1.0,KA-BENGALURU,0.409,0.764,0.656,2.494
V0161,V0419,3,34,56,0.762,3.939,0.03901627219187905,1.409,VEHICLE_SUPPLIES,1.0,KA-SOUTH,0.538,0.815,0.633,2.494
V0039,V0319,3,56,34,0.762,3.939,0.03901627219187905,1.409,BUILDING_CONSTRUCTION,1.0,KA-CENTRAL,0.542,0.817,0.633,2.491
V0039,V0053,4,56,44,0.986,4.058,0.015764827813333937,1.802,CIVIL_MAINTENANCE,1.0,KA-CENTRAL,0.649,0.859,0.613,2.489
V0384,V0485,3,45,42,0.756,3.968,0.03838158176755581,1.416,ELECTRICAL_EQUIPMENT,1.0,KA-NORTH,0.579,0.832,0.626,2.483
V0052,V0218,3,46,43,0.791,3.792,0.04308363816050179,1.366,CIVIL_MAINTENANCE,1.0,KA-BENGALURU,0.429,0.771,0.653,2.476
V0091,V0169,4,74,35,1.036,3.861,0.01849716900036427,1.733,CIVIL_MAINTENANCE,1.0,KA-SOUTH,0.5,0.8,0.64,2.471
V0011,V0144,4,40,68,1.088,3.676,0.021908962528103575,1.659,IT_SERVICES,1.0,KA-CENTRAL,0.321,0.729,0.672,2.471
V0051,V0472,3,51,37,0.755,3.975,0.03818879088099245,1.418,CIVIL_MAINTENANCE,1.0,KA-CENTRAL,0.609,0.843,0.62,2.466
V0042,V0172,4,49,48,0.941,4.252,0.013457400931407567,1.871,ROAD_CONSTRUCTION,1.0,KA-CENTRAL,0.833,0.933,0.58,2.466
V0051,V0269,3,51,39,0.796,3.771,0.04366376684825565,1.36,CIVIL_MAINTENANCE,1.0,KA-CENTRAL,0.424,0.77,0.654,2.465
V0003,V0024,3,40,47,0.752,3.989,0.03785705752089763,1.422,CIVIL_MAINTENANCE,1.0,KA-SOUTH,0.625,0.85,0.617,2.463
V0122,V0309,3,36,56,0.806,3.72,0.04512187956570233,1.346,FURNITURE,1.0,KA-SOUTH,0.379,0.752,0.662,2.462
V0215,V0434,3,51,38,0.775,3.87,0.04087922838476523,1.388,IT_SERVICES,0.682,KA-CENTRAL,1.0,0.809,0.636,2.461
V0433,V0502,3,35,53,0.742,4.043,0.036527329296708634,1.437,ELECTRICAL_EQUIPMENT,1.0,KA-SOUTH,0.68,0.872,0.608,2.457
V0188,V0455,3,43,43,0.74,4.056,0.03628909883025731,1.44,CIVIL_MAINTENANCE,1.0,KA-NORTH,0.69,0.876,0.606,2.457
V0091,V0437,4,74,33,0.977,4.095,0.01511229625011626,1.821,ROAD_CONSTRUCTION,1.0,KA-SOUTH,0.733,0.893,0.598,2.449
V0072,V0169,3,58,35,0.812,3.695,0.04588919530204044,1.338,CIVIL_MAINTENANCE,1.0,KA-NORTH,0.375,0.75,0.662,2.448
V0127,V0363,3,43,45,0.774,3.876,0.04075192025722365,1.39,BUILDING_CONSTRUCTION,1.0,KA-NORTH,0.55,0.82,0.631,2.446
V0016,V0127,3,50,43,0.86,3.488,0.05306767206665174,1.275,FURNITURE,0.667,KA-SOUTH,0.667,0.667,0.7,2.442
V0071,V0121,3,47,43,0.808,3.711,0.04548160884705825,1.342,ROAD_CONSTRUCTION,0.808,KA-CENTRAL,0.692,0.762,0.657,2.439
V0073,V0531,3,44,43,0.757,3.964,0.03848693014487437,1.415,ROAD_CONSTRUCTION,1.0,KA-CENTRAL,0.645,0.858,0.614,2.433
V0007,V0066,3,39,53,0.827,3.628,0.04808508970779201,1.318,FURNITURE,1.0,KA-SOUTH,0.333,0.733,0.67,2.431
V0215,V0495,3,51,36,0.734,4.085,0.03559319841260533,1.449,ELECTRICAL_EQUIPMENT,1.0,KA-CENTRAL,0.75,0.9,0.595,2.431
V0241,V0244,3,34,50,0.68,4.412,0.02915069067338814,1.535,BUILDING_CONSTRUCTION,1.0,KA-NORTH,1.0,1.0,0.55,2.427
V0215,V0424,3,51,40,0.816,3.676,0.04654157482769374,1.332,ELECTRICAL_EQUIPMENT,1.0,KA-BENGALURU,0.391,0.757,0.66,2.425
V0014,V0274,3,46,37,0.681,4.407,0.029274160088026736,1.534,FURNITURE,1.0,KA-NORTH,1.0,1.0,0.55,2.424
V0034,V0209,3,53,36,0.763,3.931,0.03926438534263418,1.406,ELECTRICAL_EQUIPMENT,1.0,KA-SOUTH,0.632,0.853,0.616,2.423
V0120,V0531,3,44,43,0.757,3.964,0.03848693014487437,1.415,ROAD_CONSTRUCTION,0.778,KA-CENTRAL,1.0,0.867,0.61,2.418
V0512,V0513,3,34,55,0.748,4.011,0.03726656812855742,1.429,ELECTRICAL_EQUIPMENT,1.0,KA-CENTRAL,0.708,0.883,0.602,2.417
V0064,V0172,3,40,48,0.768,3.906,0.03994183339055093,1.399,ROAD_CONSTRUCTION,1.0,KA-NORTH,0.619,0.848,0.619,2.416
V0091,V0422,3,74,27,0.799,3.754,0.04376938136092389,1.359,CIVIL_MAINTENANCE,1.0,KA-CENTRAL,0.483,0.793,0.643,2.414
V0023,V0129,3,44,47,0.827,3.627,0.04818127484399138,1.317,ELECTRICAL_EQUIPMENT,1.0,AP-SOUTH,0.36,0.744,0.665,2.413
V0384,V0509,3,45,42,0.756,3.968,0.03838158176755581,1.416,ELECTRICAL_EQUIPMENT,1.0,KA-NORTH,0.679,0.871,0.608,2.412
V0212,V0332,3,42,51,0.857,3.501,0.05257326734596462,1.279,WATER_INFRASTRUCTURE,0.692,KA-NORTH,0.692,0.692,0.688,2.41
V0047,V0169,3,55,35,0.77,3.896,0.04013983709963323,1.396,CIVIL_MAINTENANCE,1.0,KA-SOUTH,0.619,0.848,0.619,2.41
V0340,V0525,3,47,41,0.771,3.892,0.04031884597160024,1.394,WATER_INFRASTRUCTURE,1.0,KA-CENTRAL,0.619,0.848,0.619,2.407
V0023,V0509,3,44,42,0.739,4.058,0.03623798647410341,1.441,ELECTRICAL_EQUIPMENT,1.0,KA-NORTH,0.762,0.905,0.593,2.406
V0023,V0259,3,44,39,0.686,4.371,0.029917102923906962,1.524,ELECTRICAL_EQUIPMENT,1.0,KA-NORTH,1.0,1.0,0.55,2.404
V0188,V0304,3,43,44,0.757,3.964,0.03848693014487437,1.415,CIVIL_MAINTENANCE,1.0,KA-SOUTH,0.692,0.877,0.605,2.4
V0064,V0188,3,40,43,0.688,4.36,0.03010216083187665,1.521,CIVIL_MAINTENANCE,1.0,KA-NORTH,1.0,1.0,0.55,2.398
V0042,V0052,3,49,46,0.902,3.327,0.059619517888226045,1.225,CIVIL_MAINTENANCE,0.69,KA-SOUTH,0.517,0.621,0.721,2.398
V0016,V0249,3,50,37,0.74,4.054,0.036305713992162585,1.44,BUILDING_CONSTRUCTION,1.0,KA-SOUTH,0.773,0.909,0.591,2.396
V0293,V0485,3,41,42,0.689,4.355,0.030194916294928768,1.52,ELECTRICAL_EQUIPMENT,1.0,KA-SOUTH,1.0,1.0,0.55,2.395
V0129,V0293,3,47,41,0.771,3.892,0.04031884597160024,1.394,ELECTRICAL_EQUIPMENT,1.0,KA-SOUTH,0.64,0.856,0.615,2.393
V0071,V0438,3,47,44,0.827,3.627,0.04818127484399138,1.317,CIVIL_MAINTENANCE,1.0,KA-SOUTH,0.391,0.757,0.66,2.392
V0329,V0481,3,27,64,0.691,4.34,0.030212195109881386,1.52,MEDICAL_SUPPLIES,1.0,KA-NORTH,1.0,1.0,0.55,2.387
V0039,V0052,4,56,46,1.03,3.882,0.018335579280672084,1.737,CIVIL_MAINTENANCE,1.0,KA-CENTRAL,0.649,0.859,0.613,2.381
V0218,V0332,3,43,51,0.877,3.42,0.0557250974403451,1.254,WATER_INFRASTRUCTURE,0.625,KA-CENTRAL,0.75,0.675,0.696,2.381
V0034,V0472,3,53,37,0.784,3.825,0.042103636663001764,1.376,CIVIL_MAINTENANCE,1.0,KA-CENTRAL,0.6,0.84,0.622,2.379
V0039,V0364,3,56,31,0.694,4.32,0.030717110660337728,1.513,BUILDING_CONSTRUCTION,1.0,KA-CENTRAL,1.0,1.0,0.55,2.376
V0062,V0178,3,40,49,0.784,3.827,0.042084425230488234,1.376,ELECTRICAL_EQUIPMENT,1.0,KA-NORTH,0.615,0.846,0.619,2.37
V0042,V0531,3,49,43,0.843,3.56,0.05047420132850788,1.297,ROAD_CONSTRUCTION,1.0,KA-NORTH,0.36,0.744,0.665,2.368
V0043,V0159,3,51,40,0.816,3.676,0.04654157482769374,1.332,ROAD_CONSTRUCTION,1.0,KA-NORTH,0.478,0.791,0.644,2.367
V0123,V0298,3,45,43,0.774,3.876,0.04075192025722365,1.39,BUILDING_CONSTRUCTION,1.0,KA-NORTH,0.667,0.867,0.61,2.364
V0072,V0091,6,58,74,1.717,3.495,0.006546002864260661,2.184,ROAD_CONSTRUCTION,0.76,KA-SOUTH,0.66,0.72,0.676,2.363
V0001,V0255,3,62,33,0.818,3.666,0.04674267308066319,1.33,CIVIL_MAINTENANCE,1.0,KA-NORTH,0.478,0.791,0.644,2.361
V0209,V0379,3,36,53,0.763,3.931,0.03926438534263418,1.406,BUILDING_CONSTRUCTION,1.0,KA-SOUTH,0.72,0.888,0.6,2.36
V0001,V0161,3,62,34,0.843,3.558,0.050384375340212575,1.298,CIVIL_MAINTENANCE,1.0,KA-SOUTH,0.37,0.748,0.663,2.36
V0248,V0335,3,46,38,0.699,4.291,0.03138147168645481,1.503,CIVIL_MAINTENANCE,1.0,KA-NORTH,1.0,1.0,0.55,2.36
V0047,V0061,3,55,37,0.814,3.686,0.04621489689513165,1.335,ELECTRICAL_EQUIPMENT,1.0,KA-SOUTH,0.5,0.8,0.64,2.359
V0047,V0472,3,55,37,0.814,3.686,0.04621489689513165,1.335,CIVIL_MAINTENANCE,1.0,KA-CENTRAL,0.5,0.8,0.64,2.359
V0182,V0368,3,35,50,0.7,4.286,0.03144326652196912,1.502,WATER_INFRASTRUCTURE,1.0,KA-CENTRAL,1.0,1.0,0.55,2.357
V0080,V0338,3,39,45,0.702,4.274,0.0317140530284706,1.499,ELECTRICAL_EQUIPMENT,1.0,KA-NORTH,1.0,1.0,0.55,2.351
V0051,V0230,3,51,41,0.836,3.587,0.04951173864729351,1.305,CIVIL_MAINTENANCE,1.0,KA-SOUTH,0.417,0.767,0.655,2.349
V0050,V0417,3,55,37,0.814,3.686,0.04621489689513165,1.335,IT_SERVICES,1.0,KA-NORTH,0.522,0.809,0.636,2.345
V0159,V0438,3,40,44,0.704,4.261,0.031952739911573456,1.495,WATER_INFRASTRUCTURE,1.0,KA-SOUTH,1.0,1.0,0.55,2.344
V0159,V0304,3,40,44,0.704,4.261,0.031952739911573456,1.495,WATER_INFRASTRUCTURE,1.0,KA-SOUTH,1.0,1.0,0.55,2.344
V0218,V0275,3,43,46,0.791,3.792,0.04308363816050179,1.366,CIVIL_MAINTENANCE,1.0,KA-CENTRAL,0.625,0.85,0.617,2.342
V0039,V0209,3,56,36,0.806,3.72,0.04512187956570233,1.346,BUILDING_CONSTRUCTION,1.0,KA-CENTRAL,0.562,0.825,0.629,2.339
V0042,V0078,3,49,36,0.706,4.252,0.03211111081895497,1.493,ROAD_CONSTRUCTION,1.0,KA-SOUTH,1.0,1.0,0.55,2.339
V0215,V0509,3,51,42,0.857,3.501,0.05257326734596462,1.279,ELECTRICAL_EQUIPMENT,1.0,KA-CENTRAL,0.348,0.739,0.667,2.337
V0091,V0433,4,74,35,1.036,3.861,0.01849716900036427,1.733,CIVIL_MAINTENANCE,1.0,KA-NORTH,0.694,0.878,0.605,2.336
V0034,V0424,3,53,40,0.848,3.538,0.05122523148267743,1.291,ELECTRICAL_EQUIPMENT,1.0,TN-NORTH,0.391,0.757,0.66,2.334
V0379,V0504,3,53,41,0.869,3.451,0.05446346069854133,1.264,BUILDING_CONSTRUCTION,0.8,KA-NORTH,0.6,0.72,0.676,2.333
V0269,V0332,3,39,51,0.796,3.771,0.04366376684825565,1.36,CIVIL_MAINTENANCE,1.0,KA-CENTRAL,0.619,0.848,0.619,2.333
V0073,V0421,3,44,46,0.81,3.706,0.045653927953245445,1.341,ROAD_CONSTRUCTION,1.0,KA-SOUTH,0.56,0.824,0.629,2.332
V0051,V0072,4,51,58,1.183,3.381,0.028996000645904713,1.538,CIVIL_MAINTENANCE,0.792,KA-NORTH,0.542,0.692,0.689,2.329
V0396,V0509,3,51,42,0.857,3.501,0.05257326734596462,1.279,ELECTRICAL_EQUIPMENT,1.0,KA-BENGALURU,0.36,0.744,0.665,2.329
V0133,V0332,3,37,51,0.755,3.975,0.03818879088099245,1.418,WATER_INFRASTRUCTURE,1.0,KA-CENTRAL,0.8,0.92,0.586,2.329
V0011,V0502,3,40,53,0.848,3.538,0.05122523148267743,1.291,ELECTRICAL_EQUIPMENT,1.0,TN-NORTH,0.4,0.76,0.658,2.328
V0034,V0344,3,53,38,0.806,3.724,0.04504419924212987,1.346,ELECTRICAL_EQUIPMENT,1.0,KA-CENTRAL,0.591,0.836,0.624,2.322
V0254,V0298,3,43,43,0.74,4.056,0.03628909883025731,1.44,BUILDING_CONSTRUCTION,1.0,KA-SOUTH,0.875,0.95,0.572,2.322
V0043,V0381,3,51,41,0.836,3.587,0.04951173864729351,1.305,ROAD_CONSTRUCTION,1.0,KA-NORTH,0.462,0.785,0.647,2.321
V0042,V0342,3,49,39,0.764,3.925,0.03945975022656504,1.404,ROAD_CONSTRUCTION,1.0,KA-SOUTH,0.773,0.909,0.591,2.319
V0091,V0326,3,74,27,0.799,3.754,0.04376938136092389,1.359,CIVIL_MAINTENANCE,1.0,KA-SOUTH,0.625,0.85,0.617,2.318
V0051,V0121,3,51,43,0.877,3.42,0.0557250974403451,1.254,CIVIL_MAINTENANCE,0.8,KA-NORTH,0.6,0.72,0.676,2.312
V0051,V0458,3,51,35,0.714,4.202,0.03309310235585865,1.48,CIVIL_MAINTENANCE,1.0,KA-NORTH,1.0,1.0,0.55,2.311
V0309,V0352,3,56,38,0.851,3.524,0.05167573264683711,1.287,FURNITURE,1.0,KA-SOUTH,0.419,0.768,0.655,2.307
V0123,V0188,3,45,43,0.774,3.876,0.04075192025722365,1.39,BUILDING_CONSTRUCTION,1.0,KA-NORTH,0.75,0.9,0.595,2.306
V0039,V0335,3,56,38,0.851,3.524,0.05167573264683711,1.287,CIVIL_MAINTENANCE,1.0,KA-CENTRAL,0.429,0.771,0.653,2.301
V0368,V0421,3,50,46,0.92,3.261,0.06262994475523118,1.203,ROAD_CONSTRUCTION,0.571,KA-CENTRAL,0.786,0.657,0.704,2.297
V0340,V0531,3,47,43,0.808,3.711,0.04548160884705825,1.342,WATER_INFRASTRUCTURE,1.0,KA-CENTRAL,0.619,0.848,0.619,2.296
V0001,V0186,3,62,29,0.719,4.171,0.03356071264191797,1.474,CIVIL_MAINTENANCE,1.0,KA-SOUTH,1.0,1.0,0.55,2.294
V0472,V0483,3,37,55,0.814,3.686,0.04621489689513165,1.335,CIVIL_MAINTENANCE,1.0,KA-CENTRAL,0.6,0.84,0.622,2.293
V0298,V0363,3,43,45,0.774,3.876,0.04075192025722365,1.39,BUILDING_CONSTRUCTION,1.0,KA-NORTH,0.769,0.908,0.592,2.293
V0256,V0363,3,40,45,0.72,4.167,0.03386223497639634,1.47,CIVIL_MAINTENANCE,1.0,KA-CENTRAL,1.0,1.0,0.55,2.292
V0028,V0159,3,45,40,0.72,4.167,0.03386223497639634,1.47,WATER_INFRASTRUCTURE,1.0,KA-CENTRAL,1.0,1.0,0.55,2.292
V0051,V0080,3,51,39,0.796,3.771,0.04366376684825565,1.36,CIVIL_MAINTENANCE,1.0,KA-NORTH,0.679,0.871,0.608,2.292
V0304,V0525,3,44,41,0.722,4.157,0.0340598027584563,1.468,WATER_INFRASTRUCTURE,1.0,KA-SOUTH,1.0,1.0,0.55,2.286
V0034,V0485,3,53,42,0.89,3.369,0.0577985318805067,1.238,CIVIL_MAINTENANCE,0.526,KA-CENTRAL,1.0,0.716,0.678,2.284
V0298,V0309,4,43,56,0.963,4.153,0.014570291049958122,1.837,BUILDING_CONSTRUCTION,1.0,KA-NORTH,1.0,1.0,0.55,2.284
V0332,V0368,4,51,50,1.02,3.922,0.01773064428635877,1.751,WATER_INFRASTRUCTURE,1.0,KA-CENTRAL,0.824,0.929,0.582,2.282
V0014,V0298,3,46,43,0.791,3.792,0.04308363816050179,1.366,BUILDING_CONSTRUCTION,1.0,KA-NORTH,0.714,0.886,0.601,2.281
V0034,V0533,3,53,37,0.784,3.825,0.042103636663001764,1.376,CIVIL_MAINTENANCE,1.0,KA-CENTRAL,0.75,0.9,0.595,2.276
V0201,V0332,3,38,51,0.775,3.87,0.04087922838476523,1.388,CIVIL_MAINTENANCE,1.0,KA-SOUTH,0.792,0.917,0.588,2.274
V0053,V0363,3,44,45,0.792,3.788,0.043195389890621085,1.365,CIVIL_MAINTENANCE,1.0,KA-CENTRAL,0.724,0.89,0.6,2.271
V0419,V0433,3,56,35,0.784,3.827,0.04201244527922353,1.377,CIVIL_MAINTENANCE,1.0,KA-NORTH,0.762,0.905,0.593,2.269
V0011,V0295,3,40,55,0.88,3.409,0.05613165461995247,1.251,IT_SERVICES,1.0,KA-CENTRAL,0.36,0.744,0.665,2.268
V0091,V0275,5,74,46,1.362,3.672,0.010552255069714396,1.977,CIVIL_MAINTENANCE,1.0,KA-CENTRAL,0.63,0.852,0.617,2.264
V0024,V0218,3,47,43,0.808,3.711,0.04548160884705825,1.342,CIVIL_MAINTENANCE,1.0,KA-CENTRAL,0.667,0.867,0.61,2.264
V0010,V0141,4,96,28,1.075,3.72,0.020597938467083347,1.686,MEDICAL_SUPPLIES,1.0,KA-NORTH,0.68,0.872,0.608,2.26
V0039,V0169,3,56,35,0.784,3.827,0.04201244527922353,1.377,CIVIL_MAINTENANCE,1.0,KA-CENTRAL,0.774,0.91,0.591,2.26
V0091,V0303,3,74,27,0.799,3.754,0.04376938136092389,1.359,CIVIL_MAINTENANCE,1.0,KA-CENTRAL,0.722,0.889,0.6,2.252
V0020,V0022,3,85,24,0.816,3.676,0.04587413075880538,1.338,MEDICAL_SUPPLIES,1.0,KA-NORTH,0.654,0.862,0.612,2.251
V0153,V0332,3,36,51,0.734,4.085,0.03559319841260533,1.449,WATER_INFRASTRUCTURE,1.0,KA-CENTRAL,1.0,1.0,0.55,2.247
V0281,V0327,3,40,51,0.816,3.676,0.04654157482769374,1.332,FURNITURE,1.0,KA-SOUTH,0.667,0.867,0.61,2.242
V0091,V0464,3,74,33,0.977,3.071,0.07204978125440112,1.142,CIVIL_MAINTENANCE,0.6,KA-NORTH,0.6,0.6,0.73,2.242
V0014,V0413,3,46,40,0.736,4.076,0.03583042668769626,1.446,FURNITURE,1.0,KA-NORTH,1.0,1.0,0.55,2.242
V0010,V0234,3,96,21,0.806,3.72,0.04419846869835514,1.355,MEDICAL_SUPPLIES,1.0,KA-NORTH,0.708,0.883,0.602,2.241
V0034,V0502,4,53,53,1.124,3.56,0.02448938233919618,1.611,ELECTRICAL_EQUIPMENT,1.0,KA-NORTH,0.567,0.827,0.628,2.236
V0281,V0379,3,40,53,0.848,3.538,0.05122523148267743,1.291,FURNITURE,1.0,KA-CENTRAL,0.552,0.821,0.631,2.231
V0220,V0483,3,37,55,0.814,3.686,0.04621489689513165,1.335,WATER_INFRASTRUCTURE,1.0,KA-NORTH,0.692,0.877,0.605,2.231
V0121,V0547,3,43,48,0.826,3.634,0.04794531545151586,1.319,ROAD_CONSTRUCTION,1.0,KA-NORTH,0.652,0.861,0.613,2.226
V0066,V0269,3,53,39,0.827,3.628,0.04808508970779201,1.318,BUILDING_CONSTRUCTION,1.0,KA-CENTRAL,0.652,0.861,0.613,2.223
V0091,V0288,3,74,29,0.858,3.495,0.05244036807988349,1.28,CIVIL_MAINTENANCE,1.0,KA-SOUTH,0.522,0.809,0.636,2.223
V0079,V0277,3,30,71,0.852,3.521,0.051533236645665864,1.288,IT_SERVICES,1.0,KA-SOUTH,0.55,0.82,0.631,2.222
V0332,V0359,3,51,40,0.816,3.676,0.04654157482769374,1.332,WATER_INFRASTRUCTURE,1.0,KA-NORTH,0.7,0.88,0.604,2.22
V0028,V0275,3,45,46,0.828,3.623,0.048299468591092354,1.316,CIVIL_MAINTENANCE,1.0,KA-CENTRAL,0.667,0.867,0.61,2.21
V0249,V0483,3,37,55,0.814,3.686,0.04621489689513165,1.335,CIVIL_MAINTENANCE,1.0,KA-CENTRAL,0.737,0.895,0.597,2.202
V0028,V0052,3,45,46,0.828,3.623,0.048299468591092354,1.316,CIVIL_MAINTENANCE,1.0,KA-NORTH,0.68,0.872,0.608,2.201
V0263,V0332,4,49,51,1.0,4.002,0.016557427009968744,1.781,CIVIL_MAINTENANCE,1.0,KA-CENTRAL,1.0,1.0,0.55,2.201
V0051,V0263,4,51,49,1.0,4.002,0.016557427009968744,1.781,CIVIL_MAINTENANCE,1.0,KA-CENTRAL,1.0,1.0,0.55,2.201
V0039,V0281,3,56,40,0.896,3.348,0.058667118030080456,1.232,BUILDING_CONSTRUCTION,1.0,TN-NORTH,0.407,0.763,0.657,2.199
V0051,V0071,3,51,47,0.959,3.129,0.06921187578776235,1.16,CIVIL_MAINTENANCE,0.615,KA-SOUTH,0.731,0.662,0.702,2.198
V0047,V0051,4,55,51,1.122,3.565,0.024372363340225574,1.613,CIVIL_MAINTENANCE,1.0,KA-SOUTH,0.63,0.852,0.617,2.198
V0024,V0064,3,47,40,0.752,3.989,0.03785705752089763,1.422,CIVIL_MAINTENANCE,1.0,KA-NORTH,1.0,1.0,0.55,2.194
V0320,V0340,3,40,47,0.752,3.989,0.03785705752089763,1.422,WATER_INFRASTRUCTURE,1.0,KA-NORTH,1.0,1.0,0.55,2.194
V0064,V0340,3,40,47,0.752,3.989,0.03785705752089763,1.422,CIVIL_MAINTENANCE,1.0,KA-NORTH,1.0,1.0,0.55,2.194
V0028,V0042,3,45,49,0.882,3.401,0.05648872069229947,1.248,CIVIL_MAINTENANCE,1.0,TN-NORTH,0.474,0.789,0.645,2.193
V0201,V0419,3,38,56,0.851,3.524,0.05167573264683711,1.287,CIVIL_MAINTENANCE,1.0,KA-SOUTH,0.6,0.84,0.622,2.192
V0129,V0384,3,47,45,0.846,3.546,0.050958827900863944,1.293,ELECTRICAL_EQUIPMENT,1.0,KA-NORTH,0.625,0.85,0.617,2.19
V0091,V0340,5,74,47,1.391,3.594,0.011541038258814038,1.938,CIVIL_MAINTENANCE,1.0,KA-NORTH,0.676,0.87,0.608,2.187
V0247,V0275,3,41,46,0.754,3.977,0.03817132838694476,1.418,CIVIL_MAINTENANCE,1.0,KA-CENTRAL,1.0,1.0,0.55,2.187
V0014,V0242,3,46,41,0.754,3.977,0.03817132838694476,1.418,FURNITURE,1.0,KA-SOUTH,1.0,1.0,0.55,2.187
V0016,V0254,3,50,43,0.86,3.488,0.05306767206665174,1.275,FURNITURE,0.714,KA-SOUTH,1.0,0.829,0.627,2.187
V0024,V0363,3,47,45,0.846,3.546,0.050958827900863944,1.293,CIVIL_MAINTENANCE,1.0,KA-CENTRAL,0.63,0.852,0.617,2.187
V0184,V0338,4,63,45,1.134,3.527,0.025198280483493138,1.599,IT_SERVICES,1.0,KA-NORTH,0.618,0.847,0.619,2.183
V0052,V0275,3,46,46,0.846,3.544,0.05101956503244978,1.292,CIVIL_MAINTENANCE,1.0,KA-CENTRAL,0.633,0.853,0.616,2.183
V0051,V0438,3,51,44,0.898,3.342,0.05896609750969985,1.229,CIVIL_MAINTENANCE,1.0,KA-SOUTH,0.429,0.771,0.653,2.182
V0023,V0298,3,44,43,0.757,3.964,0.03848693014487437,1.415,ELECTRICAL_EQUIPMENT,1.0,KA-NORTH,1.0,1.0,0.55,2.18
V0259,V0295,3,39,55,0.858,3.497,0.052720545546017294,1.278,IT_SERVICES,1.0,KA-NORTH,0.6,0.84,0.622,2.175
V0184,V0392,3,63,33,0.832,3.608,0.048646600232041086,1.313,IT_SERVICES,1.0,KA-NORTH,0.706,0.882,0.603,2.175
V0074,V0091,3,28,74,0.829,3.62,0.04800741678602634,1.319,ROAD_CONSTRUCTION,1.0,KA-SOUTH,0.724,0.89,0.6,2.171
V0071,V0421,3,47,46,0.865,3.469,0.05381347308539849,1.269,ROAD_CONSTRUCTION,1.0,KA-CENTRAL,0.579,0.832,0.626,2.171
V0091,V0530,3,74,29,0.858,3.495,0.05244036807988349,1.28,CIVIL_MAINTENANCE,1.0,KA-SOUTH,0.607,0.843,0.621,2.169
V0001,V0188,4,62,43,1.066,3.751,0.020542482008676352,1.687,CIVIL_MAINTENANCE,1.0,KA-NORTH,0.844,0.938,0.578,2.169
V0091,V0201,4,74,38,1.125,3.556,0.024399326493512865,1.613,CIVIL_MAINTENANCE,1.0,KA-SOUTH,0.674,0.87,0.609,2.164
V0001,V0158,3,62,34,0.843,3.558,0.050384375340212575,1.298,CIVIL_MAINTENANCE,1.0,KA-NORTH,0.679,0.871,0.608,2.163
V0091,V0142,3,74,29,0.858,3.495,0.05244036807988349,1.28,CIVIL_MAINTENANCE,1.0,KA-NORTH,0.621,0.848,0.618,2.161
V0001,V0533,3,62,37,0.918,3.269,0.06211147323550092,1.207,CIVIL_MAINTENANCE,1.0,KA-CENTRAL,0.393,0.757,0.659,2.155
V0091,V0532,3,74,29,0.858,3.495,0.05244036807988349,1.28,CIVIL_MAINTENANCE,1.0,KA-CENTRAL,0.63,0.852,0.617,2.155
V0269,V0309,3,39,56,0.874,3.434,0.05511746925590126,1.259,BUILDING_CONSTRUCTION,1.0,KA-CENTRAL,0.571,0.829,0.627,2.154
V0014,V0379,3,46,53,0.975,3.076,0.07207977041503065,1.142,FURNITURE,0.667,KA-SOUTH,0.667,0.667,0.7,2.153
V0053,V0340,3,44,47,0.827,3.627,0.04818127484399138,1.317,CIVIL_MAINTENANCE,1.0,KA-NORTH,0.762,0.905,0.593,2.15
V0172,V0455,3,48,43,0.826,3.634,0.04794531545151586,1.319,WATER_INFRASTRUCTURE,1.0,KA-CENTRAL,0.778,0.911,0.59,2.144
V0010,V0164,3,96,24,0.922,3.255,0.06195654456303427,1.208,MEDICAL_SUPPLIES,1.0,KA-NORTH,0.4,0.76,0.658,2.142
V0276,V0309,3,41,56,0.918,3.267,0.06232308918945116,1.205,FURNITURE,1.0,KA-SOUTH,0.423,0.769,0.654,2.136
V0039,V0248,4,56,46,1.03,3.882,0.018335579280672084,1.737,BUILDING_CONSTRUCTION,1.0,KA-CENTRAL,1.0,1.0,0.55,2.135
V0003,V0091,4,40,74,1.184,3.378,0.02890183072868953,1.539,CIVIL_MAINTENANCE,1.0,KA-NORTH,0.545,0.818,0.632,2.134
V0129,V0338,3,47,45,0.846,3.546,0.050958827900863944,1.293,ELECTRICAL_EQUIPMENT,1.0,KA-NORTH,0.714,0.886,0.601,2.133
V0064,V0072,3,40,58,0.928,3.233,0.06389976431015458,1.195,ROAD_CONSTRUCTION,1.0,KA-SOUTH,0.391,0.757,0.66,2.132
V0172,V0438,3,48,44,0.845,3.551,0.05077682816122216,1.294,WATER_INFRASTRUCTURE,1.0,KA-CENTRAL,0.735,0.894,0.598,2.122
V0073,V0172,3,44,48,0.845,3.551,0.05077682816122216,1.294,ROAD_CONSTRUCTION,1.0,KA-CENTRAL,0.739,0.896,0.597,2.12
V0039,V0322,3,56,40,0.896,3.348,0.058667118030080456,1.232,BUILDING_CONSTRUCTION,1.0,KA-CENTRAL,0.542,0.817,0.633,2.118
V0368,V0455,3,50,43,0.86,3.488,0.05306767206665174,1.275,WATER_INFRASTRUCTURE,1.0,KA-SOUTH,0.684,0.874,0.607,2.117
V0047,V0256,3,55,40,0.88,3.409,0.05613165461995247,1.251,ELECTRICAL_EQUIPMENT,1.0,KA-SOUTH,0.625,0.85,0.617,2.105
V0091,V0332,5,74,51,1.51,3.312,0.01612831707036214,1.792,CIVIL_MAINTENANCE,1.0,KA-CENTRAL,0.535,0.814,0.634,2.099
V0172,V0304,3,48,44,0.845,3.551,0.05077682816122216,1.294,WATER_INFRASTRUCTURE,1.0,KA-CENTRAL,0.778,0.911,0.59,2.095
V0001,V0263,4,62,49,1.215,3.292,0.03159462107428406,1.5,CIVIL_MAINTENANCE,1.0,KA-NORTH,0.526,0.811,0.635,2.091
V0263,V0509,3,49,42,0.823,3.644,0.04759244765472627,1.322,CIVIL_MAINTENANCE,1.0,KA-NORTH,0.87,0.948,0.573,2.09
V0024,V0509,3,47,42,0.79,3.799,0.0428605711198919,1.368,CIVIL_MAINTENANCE,1.0,KA-NORTH,1.0,1.0,0.55,2.089
V0034,V0218,3,53,43,0.912,3.291,0.06122912340877411,1.213,CIVIL_MAINTENANCE,1.0,KA-CENTRAL,0.529,0.812,0.635,2.089
V0091,V0485,4,74,42,1.243,3.218,0.03386886774185559,1.47,CIVIL_MAINTENANCE,1.0,KA-SOUTH,0.45,0.78,0.649,2.088
V0042,V0091,4,49,74,1.45,2.758,0.05496779705456384,1.26,CIVIL_MAINTENANCE,0.61,KA-NORTH,0.439,0.541,0.756,2.086
V0248,V0455,3,46,43,0.791,3.792,0.04308363816050179,1.366,CIVIL_MAINTENANCE,1.0,KA-NORTH,1.0,1.0,0.55,2.086
V0113,V0454,3,46,43,0.791,3.792,0.04308363816050179,1.366,IT_SERVICES,1.0,KA-NORTH,1.0,1.0,0.55,2.086
V0091,V0230,4,74,41,1.214,3.296,0.03132686572293828,1.504,CIVIL_MAINTENANCE,1.0,KA-CENTRAL,0.541,0.816,0.633,2.085
V0047,V0488,3,55,36,0.792,3.788,0.04312295752439453,1.365,CIVIL_MAINTENANCE,1.0,KA-SOUTH,1.0,1.0,0.55,2.083
V0051,V0421,3,51,46,0.938,3.197,0.06571076850900728,1.182,ROAD_CONSTRUCTION,1.0,TN-NORTH,0.444,0.778,0.65,2.078
V0066,V0281,3,53,40,0.848,3.538,0.05122523148267743,1.291,FURNITURE,1.0,KA-SOUTH,0.818,0.927,0.583,2.062
V0010,V0192,3,96,22,0.845,3.551,0.04979204282397909,1.303,MEDICAL_SUPPLIES,1.0,KA-SOUTH,0.833,0.933,0.58,2.06
V0047,V0215,4,55,51,1.122,3.565,0.024372363340225574,1.613,ELECTRICAL_EQUIPMENT,1.0,KA-SOUTH,0.857,0.943,0.576,2.052
V0051,V0340,3,51,47,0.959,3.129,0.06921187578776235,1.16,CIVIL_MAINTENANCE,1.0,KA-NORTH,0.421,0.768,0.654,2.047
V0396,V0454,3,51,43,0.877,3.42,0.0557250974403451,1.254,ELECTRICAL_EQUIPMENT,1.0,KA-CENTRAL,0.731,0.892,0.598,2.047
V0301,V0309,3,36,56,0.806,3.72,0.04512187956570233,1.346,BUILDING_CONSTRUCTION,1.0,KA-NORTH,1.0,1.0,0.55,2.046
V0039,V0495,3,56,36,0.806,3.72,0.04512187956570233,1.346,CIVIL_MAINTENANCE,1.0,KA-CENTRAL,1.0,1.0,0.55,2.046
V0188,V0340,3,43,47,0.808,3.711,0.04548160884705825,1.342,CIVIL_MAINTENANCE,1.0,KA-NORTH,1.0,1.0,0.55,2.041
V0368,V0483,4,50,55,1.1,3.636,0.022826352697285647,1.642,WATER_INFRASTRUCTURE,1.0,KA-CENTRAL,0.941,0.976,0.561,2.038
V0293,V0513,3,41,55,0.902,3.326,0.059646396019197606,1.224,IT_SERVICES,1.0,KA-NORTH,0.652,0.861,0.613,2.038
V0066,V0123,3,53,45,0.954,3.145,0.0683712315687467,1.165,FURNITURE,1.0,KA-NORTH,0.474,0.789,0.645,2.028
V0132,V0195,3,58,42,0.974,3.079,0.07189725067578807,1.143,BUILDING_CONSTRUCTION,0.762,KA-CENTRAL,0.762,0.762,0.657,2.023
V0072,V0342,3,58,39,0.905,3.316,0.06006729374620673,1.221,ROAD_CONSTRUCTION,1.0,KA-CENTRAL,0.667,0.867,0.61,2.023
V0256,V0396,3,40,51,0.816,3.676,0.04654157482769374,1.332,ELECTRICAL_EQUIPMENT,1.0,KA-CENTRAL,1.0,1.0,0.55,2.022
V0064,V0332,3,40,51,0.816,3.676,0.04654157482769374,1.332,CIVIL_MAINTENANCE,1.0,KA-CENTRAL,1.0,1.0,0.55,2.022
V0023,V0244,3,44,50,0.88,3.409,0.056169940587119264,1.25,BUILDING_CONSTRUCTION,1.0,KA-NORTH,0.762,0.905,0.593,2.021
V0043,V0051,3,51,51,1.04,2.884,0.08404251380952615,1.076,ROAD_CONSTRUCTION,0.762,KA-NORTH,0.524,0.667,0.7,2.019
V0001,V0080,3,62,39,0.967,3.102,0.0705759971477007,1.151,CIVIL_MAINTENANCE,1.0,KA-NORTH,0.458,0.783,0.648,2.009
V0091,V0294,3,74,32,0.947,3.167,0.06687364625401157,1.175,CIVIL_MAINTENANCE,1.0,KA-CENTRAL,0.538,0.815,0.633,2.005
V0178,V0460,3,49,42,0.823,3.644,0.04759244765472627,1.322,IT_SERVICES,1.0,KA-NORTH,1.0,1.0,0.55,2.004
V0178,V0509,3,49,42,0.823,3.644,0.04759244765472627,1.322,ELECTRICAL_EQUIPMENT,1.0,KA-NORTH,1.0,1.0,0.55,2.004
V0039,V0263,4,56,49,1.098,3.644,0.02265832709508223,1.645,CIVIL_MAINTENANCE,1.0,KA-CENTRAL,1.0,1.0,0.55,2.004
V0184,V0417,3,63,37,0.932,3.218,0.06456843497105687,1.19,IT_SERVICES,1.0,KA-NORTH,0.6,0.84,0.622,2.002
V0455,V0547,3,43,48,0.826,3.634,0.04794531545151586,1.319,WATER_INFRASTRUCTURE,1.0,KA-SOUTH,1.0,1.0,0.55,1.999
V0028,V0421,3,45,46,0.828,3.623,0.048299468591092354,1.316,WATER_INFRASTRUCTURE,1.0,KA-CENTRAL,1.0,1.0,0.55,1.993
V0275,V0363,3,46,45,0.828,3.623,0.048299468591092354,1.316,CIVIL_MAINTENANCE,1.0,KA-CENTRAL,1.0,1.0,0.55,1.993
V0200,V0355,3,30,69,0.828,3.623,0.048001441718079824,1.319,MEDICAL_SUPPLIES,1.0,KA-CENTRAL,1.0,1.0,0.55,1.993
V0091,V0526,3,74,28,0.829,3.62,0.04800741678602634,1.319,ROAD_CONSTRUCTION,1.0,KA-SOUTH,1.0,1.0,0.55,1.991
V0047,V0218,3,55,43,0.946,3.171,0.06698059154307183,1.174,CIVIL_MAINTENANCE,1.0,KA-SOUTH,0.571,0.829,0.627,1.989
V0066,V0127,3,53,43,0.912,3.291,0.06122912340877411,1.213,FURNITURE,0.88,KA-SOUTH,0.88,0.88,0.604,1.988
V0028,V0051,3,45,51,0.918,3.268,0.0622950726080816,1.206,CIVIL_MAINTENANCE,1.0,KA-NORTH,0.68,0.872,0.608,1.986
V0052,V0263,3,46,49,0.902,3.327,0.059619517888226045,1.225,CIVIL_MAINTENANCE,1.0,KA-CENTRAL,0.75,0.9,0.595,1.98
V0071,V0368,3,47,50,0.94,3.191,0.06598536515832142,1.181,ROAD_CONSTRUCTION,1.0,KA-CENTRAL,0.63,0.852,0.617,1.968
V0132,V0413,3,58,40,0.928,3.233,0.06389976431015458,1.195,BUILDING_CONSTRUCTION,0.783,KA-CENTRAL,1.0,0.87,0.609,1.968
V0023,V0066,3,44,53,0.933,3.216,0.06475384276479228,1.189,BUILDING_CONSTRUCTION,1.0,KA-CENTRAL,0.667,0.867,0.61,1.962
V0001,V0121,3,62,43,1.066,2.813,0.08896708061390315,1.051,CIVIL_MAINTENANCE,0.7,KA-NORTH,0.633,0.673,0.697,1.961
V0381,V0483,3,41,55,0.902,3.326,0.059646396019197606,1.224,WATER_INFRASTRUCTURE,1.0,KA-NORTH,0.783,0.913,0.589,1.959
V0024,V0332,3,47,51,0.959,3.129,0.06921187578776235,1.16,CIVIL_MAINTENANCE,1.0,KA-CENTRAL,0.577,0.831,0.626,1.959
V0485,V0502,3,42,53,0.89,3.369,0.0577985318805067,1.238,ELECTRICAL_EQUIPMENT,1.0,KA-CENTRAL,0.842,0.937,0.578,1.949
V0039,V0230,3,56,41,0.918,3.267,0.06232308918945116,1.205,CIVIL_MAINTENANCE,1.0,KA-CENTRAL,0.75,0.9,0.595,1.944
V0052,V0072,3,46,58,1.067,2.811,0.0891637896954084,1.05,CIVIL_MAINTENANCE,0.778,KA-CENTRAL,0.556,0.689,0.69,1.94
V0184,V0384,4,63,45,1.134,3.527,0.025198280483493138,1.599,IT_SERVICES,1.0,KA-NORTH,1.0,1.0,0.55,1.94
V0039,V0363,3,56,45,1.008,2.976,0.07797550200558699,1.108,CIVIL_MAINTENANCE,0.84,KA-CENTRAL,0.68,0.776,0.651,1.937
V0072,V0159,3,58,40,0.928,3.233,0.06389976431015458,1.195,ROAD_CONSTRUCTION,1.0,KA-SOUTH,0.733,0.893,0.598,1.933
V0025,V0336,3,61,35,0.854,3.513,0.0520290820606752,1.284,IT_SERVICES,1.0,KA-CENTRAL,1.0,1.0,0.55,1.932
V0263,V0340,3,49,47,0.921,3.257,0.06283126997941661,1.202,CIVIL_MAINTENANCE,1.0,KA-NORTH,0.769,0.908,0.592,1.927
V0072,V0472,3,58,37,0.858,3.495,0.0527444268768596,1.278,CIVIL_MAINTENANCE,1.0,KA-SOUTH,1.0,1.0,0.55,1.922
V0091,V0186,3,74,29,0.858,3.495,0.05244036807988349,1.28,CIVIL_MAINTENANCE,1.0,KA-SOUTH,1.0,1.0,0.55,1.922
V0001,V0426,3,62,40,0.992,3.024,0.07499497656526127,1.125,ROAD_CONSTRUCTION,1.0,KA-CENTRAL,0.529,0.812,0.635,1.919
V0024,V0047,3,47,55,1.034,2.901,0.08282044418556328,1.082,CIVIL_MAINTENANCE,1.0,KA-SOUTH,0.389,0.756,0.66,1.915
V0023,V0178,3,44,49,0.862,3.479,0.05343994428910786,1.272,ELECTRICAL_EQUIPMENT,1.0,KA-NORTH,1.0,1.0,0.55,1.913
V0184,V0344,3,63,38,0.958,3.133,0.06888323086670191,1.162,IT_SERVICES,1.0,KA-SOUTH,0.667,0.867,0.61,1.911
V0248,V0340,3,46,47,0.865,3.469,0.05381347308539849,1.269,CIVIL_MAINTENANCE,1.0,KA-NORTH,1.0,1.0,0.55,1.908
V0188,V0419,3,43,56,0.963,3.115,0.06994721232570095,1.155,CIVIL_MAINTENANCE,1.0,KA-NORTH,0.667,0.867,0.61,1.9
V0419,V0455,3,56,43,0.963,3.115,0.06994721232570095,1.155,CIVIL_MAINTENANCE,1.0,KA-SOUTH,0.667,0.867,0.61,1.9
V0034,V0483,4,53,55,1.166,3.431,0.027652135452117525,1.558,CIVIL_MAINTENANCE,1.0,KA-CENTRAL,1.0,1.0,0.55,1.887
V0144,V0383,3,68,36,0.979,3.064,0.07259937700447276,1.139,IT_SERVICES,1.0,KA-NORTH,0.636,0.855,0.615,1.886
V0091,V0187,3,74,34,1.006,2.981,0.07740128094987557,1.111,CIVIL_MAINTENANCE,1.0,KA-NORTH,0.552,0.821,0.631,1.88
V0034,V0338,3,53,45,0.954,3.145,0.0683712315687467,1.165,ELECTRICAL_EQUIPMENT,1.0,KA-NORTH,0.739,0.896,0.597,1.877
V0047,V0091,5,55,74,1.628,3.071,0.02180051126024554,1.662,CIVIL_MAINTENANCE,1.0,KA-SOUTH,0.667,0.867,0.61,1.873
V0050,V0178,3,55,49,1.078,2.783,0.09129678559518224,1.04,IT_SERVICES,1.0,KA-CENTRAL,0.333,0.733,0.67,1.865
V0043,V0172,3,51,48,0.979,3.064,0.07279703374630811,1.138,ROAD_CONSTRUCTION,1.0,KA-CENTRAL,0.68,0.872,0.608,1.862
V0304,V0419,3,44,56,0.986,3.044,0.07391177704611807,1.131,CIVIL_MAINTENANCE,1.0,KA-SOUTH,0.667,0.867,0.61,1.857
V0460,V0502,3,42,53,0.89,3.369,0.0577985318805067,1.238,IT_SERVICES,1.0,KA-NORTH,1.0,1.0,0.55,1.853
V0028,V0419,3,45,56,1.008,2.976,0.07797550200558699,1.108,CIVIL_MAINTENANCE,1.0,KA-CENTRAL,0.6,0.84,0.622,1.851
V0039,V0413,3,56,40,0.896,3.348,0.058667118030080456,1.232,BUILDING_CONSTRUCTION,1.0,KA-CENTRAL,1.0,1.0,0.55,1.841
V0256,V0419,3,40,56,0.896,3.348,0.058667118030080456,1.232,CIVIL_MAINTENANCE,1.0,KA-CENTRAL,1.0,1.0,0.55,1.841
V0120,V0332,3,44,51,0.898,3.342,0.05896609750969985,1.229,WATER_INFRASTRUCTURE,1.0,KA-CENTRAL,1.0,1.0,0.55,1.838
V0053,V0419,3,44,56,0.986,3.044,0.07391177704611807,1.131,CIVIL_MAINTENANCE,1.0,KA-CENTRAL,0.704,0.881,0.603,1.837
V0023,V0034,3,44,53,0.933,3.216,0.06475384276479228,1.189,ELECTRICAL_EQUIPMENT,1.0,KA-NORTH,0.895,0.958,0.569,1.83
V0172,V0340,3,48,47,0.902,3.324,0.059750609810315436,1.224,WATER_INFRASTRUCTURE,1.0,KA-CENTRAL,1.0,1.0,0.55,1.828
V0132,V0269,3,58,39,0.905,3.316,0.06006729374620673,1.221,BUILDING_CONSTRUCTION,1.0,KA-CENTRAL,1.0,1.0,0.55,1.824
V0091,V0158,3,74,34,1.006,2.981,0.07740128094987557,1.111,CIVIL_MAINTENANCE,1.0,KA-NORTH,0.679,0.871,0.608,1.812
V0010,V0329,3,96,27,1.037,2.894,0.08251577822116904,1.083,MEDICAL_SUPPLIES,1.0,KA-NORTH,0.588,0.835,0.624,1.806
V0091,V0438,4,74,44,1.302,3.071,0.03930604136809579,1.406,CIVIL_MAINTENANCE,1.0,KA-SOUTH,0.8,0.92,0.586,1.8
V0244,V0248,3,50,46,0.92,3.261,0.06262994475523118,1.203,BUILDING_CONSTRUCTION,1.0,KA-NORTH,1.0,1.0,0.55,1.794
V0010,V0378,3,96,24,0.922,3.255,0.06195654456303427,1.208,MEDICAL_SUPPLIES,1.0,KA-SOUTH,1.0,1.0,0.55,1.79
V0091,V0419,5,74,56,1.658,3.016,0.023398371090089243,1.631,CIVIL_MAINTENANCE,1.0,KA-CENTRAL,0.762,0.905,0.593,1.788
V0039,V0483,4,56,55,1.232,3.247,0.033047803282944745,1.481,CIVIL_MAINTENANCE,1.0,KA-CENTRAL,1.0,1.0,0.55,1.786
V0039,V0123,3,56,45,1.008,2.976,0.07797550200558699,1.108,BUILDING_CONSTRUCTION,1.0,KA-CENTRAL,0.731,0.892,0.598,1.781
V0144,V0502,4,68,53,1.442,2.775,0.05402072753501822,1.267,IT_SERVICES,1.0,KA-NORTH,0.5,0.8,0.64,1.776
V0184,V0258,3,63,37,0.932,3.218,0.06456843497105687,1.19,IT_SERVICES,1.0,KA-NORTH,1.0,1.0,0.55,1.77
V0025,V0215,4,61,51,1.244,3.214,0.03411117462359743,1.467,IT_SERVICES,1.0,KA-CENTRAL,1.0,1.0,0.55,1.768
V0025,V0396,4,61,51,1.244,3.214,0.03411117462359743,1.467,IT_SERVICES,1.0,KA-CENTRAL,1.0,1.0,0.55,1.768
V0024,V0419,3,47,56,1.053,2.85,0.08639253473212402,1.064,CIVIL_MAINTENANCE,1.0,KA-CENTRAL,0.615,0.846,0.619,1.765
V0091,V0182,3,74,35,1.036,2.896,0.08292354144514226,1.081,CIVIL_MAINTENANCE,1.0,KA-SOUTH,0.679,0.871,0.608,1.76
V0275,V0332,3,46,51,0.938,3.197,0.06571076850900728,1.182,CIVIL_MAINTENANCE,1.0,KA-CENTRAL,1.0,1.0,0.55,1.758
V0001,V0485,3,62,42,1.042,2.88,0.08419327140888733,1.075,CIVIL_MAINTENANCE,1.0,KA-CENTRAL,0.667,0.867,0.61,1.757
V0052,V0419,3,46,56,1.03,2.911,0.08213642684686012,1.085,CIVIL_MAINTENANCE,1.0,KA-CENTRAL,0.704,0.881,0.603,1.756
V0091,V0263,4,74,49,1.45,2.758,0.05496779705456384,1.26,CIVIL_MAINTENANCE,1.0,KA-NORTH,0.526,0.811,0.635,1.752
V0043,V0368,3,51,50,1.02,2.941,0.08021382503026918,1.096,ROAD_CONSTRUCTION,1.0,KA-CENTRAL,0.75,0.9,0.595,1.75
V0034,V0363,3,53,45,0.954,3.145,0.0683712315687467,1.165,CIVIL_MAINTENANCE,1.0,KA-CENTRAL,1.0,1.0,0.55,1.73
V0091,V0188,4,74,43,1.273,3.143,0.03652844749701749,1.437,CIVIL_MAINTENANCE,1.0,KA-NORTH,1.0,1.0,0.55,1.729
V0144,V0215,4,68,51,1.387,2.884,0.04798919200328335,1.319,IT_SERVICES,1.0,KA-CENTRAL,0.742,0.897,0.596,1.72
V0034,V0396,3,53,51,1.081,2.775,0.0919328332333358,1.037,ELECTRICAL_EQUIPMENT,1.0,KA-CENTRAL,0.611,0.844,0.62,1.72
V0010,V0033,3,96,25,0.96,3.125,0.06851074793133058,1.164,MEDICAL_SUPPLIES,1.0,KA-CENTRAL,1.0,1.0,0.55,1.719
V0277,V0293,3,71,41,1.164,2.576,0.10878717688905672,0.963,IT_SERVICES,1.0,KA-BENGALURU,0.357,0.743,0.666,1.715
V0184,V0513,4,63,55,1.386,2.886,0.04789680307874222,1.32,IT_SERVICES,1.0,KA-NORTH,0.769,0.908,0.592,1.707
V0072,V0275,3,58,46,1.067,2.811,0.0891637896954084,1.05,CIVIL_MAINTENANCE,1.0,KA-NORTH,0.684,0.874,0.607,1.706
V0438,V0483,3,44,55,0.968,3.099,0.07079676190864746,1.15,WATER_INFRASTRUCTURE,1.0,KA-CENTRAL,1.0,1.0,0.55,1.704
V0051,V0483,3,51,55,1.122,2.674,0.10012316847254352,0.999,CIVIL_MAINTENANCE,1.0,KA-CENTRAL,0.519,0.807,0.637,1.702
V0047,V0178,3,55,49,1.078,2.783,0.09129678559518224,1.04,ELECTRICAL_EQUIPMENT,1.0,KA-SOUTH,0.667,0.867,0.61,1.698
V0034,V0051,3,53,51,1.081,2.775,0.0919328332333358,1.037,CIVIL_MAINTENANCE,1.0,KA-CENTRAL,0.667,0.867,0.61,1.693
V0039,V0071,3,56,47,1.053,2.85,0.08639253473212402,1.064,CIVIL_MAINTENANCE,1.0,KA-CENTRAL,0.762,0.905,0.593,1.69
V0091,V0249,3,74,37,1.095,2.739,0.09446108406807507,1.025,CIVIL_MAINTENANCE,1.0,KA-NORTH,0.632,0.853,0.616,1.688
V0080,V0091,3,39,74,1.154,2.599,0.10662249452323942,0.972,CIVIL_MAINTENANCE,1.0,KA-NORTH,0.458,0.783,0.648,1.683
V0001,V0042,3,62,49,1.215,2.469,0.1198710247875389,0.921,CIVIL_MAINTENANCE,0.862,KA-NORTH,0.517,0.724,0.674,1.664
V0001,V0064,3,62,40,0.992,3.024,0.07499497656526127,1.125,CIVIL_MAINTENANCE,1.0,KA-NORTH,1.0,1.0,0.55,1.663
V0001,V0028,3,62,45,1.116,2.688,0.09884969766519848,1.005,CIVIL_MAINTENANCE,1.0,KA-CENTRAL,0.625,0.85,0.617,1.66
V0024,V0039,3,47,56,1.053,2.85,0.08639253473212402,1.064,CIVIL_MAINTENANCE,1.0,KA-CENTRAL,0.821,0.929,0.582,1.659
V0025,V0308,3,61,41,1.0,2.999,0.07653271699076426,1.116,IT_SERVICES,1.0,KA-CENTRAL,1.0,1.0,0.55,1.649
V0113,V0513,3,46,55,1.012,2.964,0.07871852429867145,1.104,IT_SERVICES,1.0,KA-NORTH,1.0,1.0,0.55,1.63
V0039,V0327,3,56,51,1.142,2.626,0.10432677259112592,0.982,BUILDING_CONSTRUCTION,1.0,KA-CENTRAL,0.611,0.844,0.62,1.628
V0020,V0200,3,85,30,1.02,2.941,0.07965651282487785,1.099,MEDICAL_SUPPLIES,1.0,KA-CENTRAL,1.0,1.0,0.55,1.618
V0091,V0248,4,74,46,1.362,2.938,0.04521616858472192,1.345,CIVIL_MAINTENANCE,1.0,KA-NORTH,1.0,1.0,0.55,1.616
V0144,V0434,3,68,38,1.034,2.902,0.0825856418539506,1.083,IT_SERVICES,1.0,KA-CENTRAL,1.0,1.0,0.55,1.596
V0051,V0332,3,51,51,1.04,2.884,0.08404251380952615,1.076,CIVIL_MAINTENANCE,1.0,KA-CENTRAL,1.0,1.0,0.55,1.586
V0051,V0419,3,51,56,1.142,2.626,0.10432677259112592,0.982,CIVIL_MAINTENANCE,1.0,KA-CENTRAL,0.704,0.881,0.603,1.584
V0144,V0454,3,68,43,1.17,2.565,0.10993762142530354,0.959,IT_SERVICES,1.0,KA-SOUTH,0.667,0.867,0.61,1.565
V0050,V0502,3,55,53,1.166,2.573,0.10928311937376879,0.961,IT_SERVICES,1.0,KA-NORTH,0.682,0.873,0.607,1.563
V0001,V0368,3,62,50,1.24,2.419,0.1253700523060187,0.902,ROAD_CONSTRUCTION,1.0,KA-CENTRAL,0.474,0.789,0.645,1.56
V0039,V0379,3,56,53,1.187,2.527,0.1138092498632318,0.944,BUILDING_CONSTRUCTION,1.0,KA-CENTRAL,0.65,0.86,0.613,1.549
V0091,V0488,3,74,36,1.066,2.815,0.08861178542938712,1.053,CIVIL_MAINTENANCE,1.0,KA-SOUTH,1.0,1.0,0.55,1.548
V0132,V0248,3,58,46,1.067,2.811,0.0891637896954084,1.05,BUILDING_CONSTRUCTION,1.0,KA-CENTRAL,1.0,1.0,0.55,1.546
V0263,V0483,3,49,55,1.078,2.783,0.09129678559518224,1.04,CIVIL_MAINTENANCE,1.0,KA-CENTRAL,1.0,1.0,0.55,1.531
V0001,V0340,3,62,47,1.166,2.574,0.10915916272187082,0.962,CIVIL_MAINTENANCE,1.0,KA-NORTH,0.76,0.904,0.593,1.527
V0091,V0346,3,74,41,1.214,2.472,0.11936606240628567,0.923,ROAD_CONSTRUCTION,1.0,KA-SOUTH,0.64,0.856,0.615,1.52
V0001,V0332,3,62,51,1.265,2.372,0.130960262678759,0.883,CIVIL_MAINTENANCE,1.0,KA-CENTRAL,0.577,0.831,0.626,1.485
V0277,V0454,3,71,43,1.221,2.457,0.12108931259289635,0.917,IT_SERVICES,1.0,KA-SOUTH,0.706,0.882,0.603,1.481
V0144,V0308,3,68,41,1.115,2.69,0.09860711435396105,1.006,IT_SERVICES,1.0,KA-CENTRAL,1.0,1.0,0.55,1.48
V0091,V0455,3,74,43,1.273,2.357,0.132648843852501,0.877,CIVIL_MAINTENANCE,1.0,KA-SOUTH,0.625,0.85,0.617,1.455
V0091,V0218,3,74,43,1.273,2.357,0.132648843852501,0.877,CIVIL_MAINTENANCE,1.0,KA-CENTRAL,0.625,0.85,0.617,1.455
V0091,V0509,3,74,42,1.243,2.413,0.12594276968816492,0.9,CIVIL_MAINTENANCE,1.0,KA-NORTH,0.714,0.886,0.601,1.451
V0001,V0047,3,62,55,1.364,2.199,0.15416909358593653,0.812,CIVIL_MAINTENANCE,1.0,KA-SOUTH,0.389,0.756,0.66,1.451
V0001,V0248,3,62,46,1.141,2.63,0.10395258655135386,0.983,CIVIL_MAINTENANCE,1.0,KA-NORTH,1.0,1.0,0.55,1.447
V0001,V0483,3,62,55,1.364,2.199,0.15416909358593653,0.812,CIVIL_MAINTENANCE,1.0,AP-SOUTH,0.481,0.793,0.643,1.415
V0091,V0426,3,74,40,1.184,2.534,0.1129241699660408,0.947,ROAD_CONSTRUCTION,1.0,KA-SOUTH,1.0,1.0,0.55,1.394
V0184,V0502,3,63,53,1.336,2.246,0.14738773965857332,0.832,IT_SERVICES,1.0,KA-CENTRAL,0.647,0.859,0.614,1.378
V0091,V0421,3,74,46,1.362,2.203,0.15348838583958982,0.814,ROAD_CONSTRUCTION,1.0,KA-SOUTH,0.591,0.836,0.624,1.374
V0050,V0513,3,55,55,1.21,2.479,0.1187596865816381,0.925,IT_SERVICES,1.0,KA-NORTH,1.0,1.0,0.55,1.363
V0091,V0525,3,74,41,1.214,2.472,0.11936606240628567,0.923,ROAD_CONSTRUCTION,1.0,KA-SOUTH,1.0,1.0,0.55,1.36
V0001,V0419,3,62,56,1.389,2.16,0.16016728421579035,0.795,CIVIL_MAINTENANCE,1.0,KA-CENTRAL,0.615,0.846,0.619,1.338
V0039,V0419,3,56,56,1.254,2.392,0.1286264175707191,0.891,CIVIL_MAINTENANCE,1.0,KA-CENTRAL,1.0,1.0,0.55,1.316
V0091,V0547,3,74,48,1.421,2.111,0.1679275042799366,0.775,ROAD_CONSTRUCTION,1.0,KA-SOUTH,0.682,0.873,0.607,1.282
V0039,V0132,3,56,58,1.299,2.309,0.13887319126993655,0.857,BUILDING_CONSTRUCTION,1.0,KA-CENTRAL,1.0,1.0,0.55,1.27
V0091,V0483,3,74,55,1.628,1.843,0.2212203921227443,0.655,CIVIL_MAINTENANCE,1.0,AP-SOUTH,0.481,0.793,0.643,1.186
V0039,V0091,3,56,74,1.658,1.81,0.22911314765648352,0.64,CIVIL_MAINTENANCE,1.0,KA-CENTRAL,1.0,1.0,0.55,0.996
