vendor_id,evidence_family,source_id,raw_strength,context_factor,persistence,adjusted_strength,family_weight,explanation
V0042,cooccurrence,relationship:0,0.7127003899916967,0.5671911393497869,1.0,0.5738920202919258,1.0,conditional co-bidding 4.22x expected; persistence=1.00
V0043,cooccurrence,relationship:0,0.7127003899916967,0.5671911393497869,1.0,0.5738920202919258,1.0,conditional co-bidding 4.22x expected; persistence=1.00
V0071,cooccurrence,relationship:1,0.6334577605914256,0.5236525991619583,1.0,0.49767207958214016,1.0,conditional co-bidding 8.02x expected; persistence=1.00
V0074,cooccurrence,relationship:1,0.6334577605914256,0.5236525991619583,1.0,0.49767207958214016,1.0,conditional co-bidding 8.02x expected; persistence=1.00
V0071,cooccurrence,relationship:2,0.60829096417636,0.5189800108689668,1.0,0.4766209133368818,1.0,conditional co-bidding 6.59x expected; persistence=1.00
V0073,cooccurrence,relationship:2,0.60829096417636,0.5189800108689668,1.0,0.4766209133368818,1.0,conditional co-bidding 6.59x expected; persistence=1.00
V0072,cooccurrence,relationship:3,0.6015126570815915,0.5132121092162912,1.0,0.469748572152388,1.0,conditional co-bidding 6.24x expected; persistence=1.00
V0074,cooccurrence,relationship:3,0.6015126570815915,0.5132121092162912,1.0,0.469748572152388,1.0,conditional co-bidding 6.24x expected; persistence=1.00
V0073,cooccurrence,relationship:4,0.6102097000869678,0.5044829127002826,1.0,0.4741435001338601,1.0,conditional co-bidding 6.69x expected; persistence=1.00
V0074,cooccurrence,relationship:4,0.6102097000869678,0.5044829127002826,1.0,0.4741435001338601,1.0,conditional co-bidding 6.69x expected; persistence=1.00
V0072,cooccurrence,relationship:5,0.5944935737833479,0.4979454450226732,1.0,0.46018288080314224,1.0,conditional co-bidding 4.34x expected; persistence=1.00
V0073,cooccurrence,relationship:5,0.5944935737833479,0.4979454450226732,1.0,0.46018288080314224,1.0,conditional co-bidding 4.34x expected; persistence=1.00
V0001,cooccurrence,relationship:6,0.5838644991825612,0.48275941275453477,1.0,0.4479652117895259,1.0,conditional co-bidding 5.42x expected; persistence=1.00
V0024,cooccurrence,relationship:6,0.5838644991825612,0.48275941275453477,1.0,0.4479652117895259,1.0,conditional co-bidding 5.42x expected; persistence=1.00
V0071,cooccurrence,relationship:7,0.5789689496422079,0.4787226824764035,1.0,0.443157428192683,1.0,conditional co-bidding 5.21x expected; persistence=1.00
V0072,cooccurrence,relationship:7,0.5789689496422079,0.4787226824764035,1.0,0.443157428192683,1.0,conditional co-bidding 5.21x expected; persistence=1.00
V0001,cooccurrence,relationship:8,0.5712822032611882,0.4723844110319397,1.0,0.43564437499790787,1.0,conditional co-bidding 4.89x expected; persistence=1.00
V0091,cooccurrence,relationship:8,0.5712822032611882,0.4723844110319397,1.0,0.43564437499790787,1.0,conditional co-bidding 4.89x expected; persistence=1.00
V0024,cooccurrence,relationship:9,0.562574580147204,0.4652043538013802,1.0,0.4271864838910705,1.0,conditional co-bidding 4.55x expected; persistence=1.00
V0091,cooccurrence,relationship:9,0.562574580147204,0.4652043538013802,1.0,0.4271864838910705,1.0,conditional co-bidding 4.55x expected; persistence=1.00
V0051,cooccurrence,relationship:10,0.5741028872245829,0.44909470190385564,0.7667,0.41163175544348574,1.0,conditional co-bidding 5.39x expected; persistence=0.77
V0052,cooccurrence,relationship:10,0.5741028872245829,0.44909470190385564,0.7667,0.41163175544348574,1.0,conditional co-bidding 5.39x expected; persistence=0.77
V0052,cooccurrence,relationship:11,0.5661368025988661,0.45292245658436414,0.7667,0.40684973654133516,1.0,conditional co-bidding 5.05x expected; persistence=0.77
V0053,cooccurrence,relationship:11,0.5661368025988661,0.45292245658436414,0.7667,0.40684973654133516,1.0,conditional co-bidding 5.05x expected; persistence=0.77
V0051,cooccurrence,relationship:12,0.4904742277653973,0.45402149848740814,0.433,0.32801491880986544,1.0,conditional co-bidding 4.69x expected; persistence=0.43
V0053,cooccurrence,relationship:12,0.4904742277653973,0.45402149848740814,0.433,0.32801491880986544,1.0,conditional co-bidding 4.69x expected; persistence=0.43
V0020,cooccurrence,relationship:13,0.5257698485891615,0.40387538848956545,1.0,0.38472889255881026,1.0,conditional co-bidding 1.26x expected; persistence=1.00
V0050,cooccurrence,relationship:13,0.5257698485891615,0.40387538848956545,1.0,0.38472889255881026,1.0,conditional co-bidding 1.26x expected; persistence=1.00
V0016,cooccurrence,relationship:14,0.4978451182444725,0.42391349250816396,0.8667,0.3589524943032112,1.0,conditional co-bidding 4.53x expected; persistence=0.87
V0122,cooccurrence,relationship:14,0.4978451182444725,0.42391349250816396,0.8667,0.3589524943032112,1.0,conditional co-bidding 4.53x expected; persistence=0.87
V0020,cooccurrence,relationship:15,0.5255579693322145,0.39951810546643807,1.0,0.38354334903189563,1.0,conditional co-bidding 1.06x expected; persistence=1.00
V0277,cooccurrence,relationship:15,0.5255579693322145,0.39951810546643807,1.0,0.38354334903189563,1.0,conditional co-bidding 1.06x expected; persistence=1.00
V0052,cooccurrence,relationship:16,0.4828537369245794,0.4276806892725586,0.7667,0.3417702963415205,1.0,conditional co-bidding 4.72x expected; persistence=0.77
V0391,cooccurrence,relationship:16,0.4828537369245794,0.4276806892725586,0.7667,0.3417702963415205,1.0,conditional co-bidding 4.72x expected; persistence=0.77
V0020,cooccurrence,relationship:17,0.5291527160286111,0.38622828640105056,1.0,0.38300217985602264,1.0,conditional co-bidding 1.14x expected; persistence=1.00
V0481,cooccurrence,relationship:17,0.5291527160286111,0.38622828640105056,1.0,0.38300217985602264,1.0,conditional co-bidding 1.14x expected; persistence=1.00
V0307,cooccurrence,relationship:18,0.4800848368206208,0.39960746593250407,1.0,0.3503771285348701,1.0,conditional co-bidding 1.17x expected; persistence=1.00
V0355,cooccurrence,relationship:18,0.4800848368206208,0.39960746593250407,1.0,0.3503771285348701,1.0,conditional co-bidding 1.17x expected; persistence=1.00
V0007,cooccurrence,relationship:19,0.460993381911234,0.41123857939466385,0.7667,0.32304553066212627,1.0,conditional co-bidding 3.92x expected; persistence=0.77
V0278,cooccurrence,relationship:19,0.460993381911234,0.41123857939466385,0.7667,0.32304553066212627,1.0,conditional co-bidding 3.92x expected; persistence=0.77
V0295,cooccurrence,relationship:20,0.4810318636941544,0.3930890129185006,1.0,0.3496572782486318,1.0,conditional co-bidding 1.17x expected; persistence=1.00
V0355,cooccurrence,relationship:20,0.4810318636941544,0.3930890129185006,1.0,0.3496572782486318,1.0,conditional co-bidding 1.17x expected; persistence=1.00
V0020,cooccurrence,relationship:21,0.4865024603924197,0.3830351975741966,1.0,0.3514327579323653,1.0,conditional co-bidding 1.22x expected; persistence=1.00
V0407,cooccurrence,relationship:21,0.4865024603924197,0.3830351975741966,1.0,0.3514327579323653,1.0,conditional co-bidding 1.22x expected; persistence=1.00
V0223,cooccurrence,relationship:22,0.4742824059121436,0.3826580362642566,1.0,0.3425249115881415,1.0,conditional co-bidding 1.34x expected; persistence=1.00
V0355,cooccurrence,relationship:22,0.4742824059121436,0.3826580362642566,1.0,0.3425249115881415,1.0,conditional co-bidding 1.34x expected; persistence=1.00
V0010,cooccurrence,relationship:23,0.4659480455197324,0.3888543725111148,1.0,0.33780509572436296,1.0,conditional co-bidding 1.07x expected; persistence=1.00
V0307,cooccurrence,relationship:23,0.4659480455197324,0.3888543725111148,1.0,0.33780509572436296,1.0,conditional co-bidding 1.07x expected; persistence=1.00
V0219,cooccurrence,relationship:24,0.4429357227406074,0.4054867770831791,0.9,0.3179479737502594,1.0,conditional co-bidding 1.80x expected; persistence=0.90
V0379,cooccurrence,relationship:24,0.4429357227406074,0.4054867770831791,0.9,0.3179479737502594,1.0,conditional co-bidding 1.80x expected; persistence=0.90
V0010,cooccurrence,relationship:25,0.472515055121019,0.36312152588389485,1.0,0.33709445483495615,1.0,conditional co-bidding 1.31x expected; persistence=1.00
V0020,cooccurrence,relationship:25,0.472515055121019,0.36312152588389485,1.0,0.33709445483495615,1.0,conditional co-bidding 1.31x expected; persistence=1.00
V0244,cooccurrence,relationship:26,0.4425642169303552,0.3873586717340458,0.8333,0.3098670279163966,1.0,conditional co-bidding 2.96x expected; persistence=0.83
V0301,cooccurrence,relationship:26,0.4425642169303552,0.3873586717340458,0.8333,0.3098670279163966,1.0,conditional co-bidding 2.96x expected; persistence=0.83
V0355,cooccurrence,relationship:27,0.4678472917774245,0.3651741216843014,1.0,0.33419658621332354,1.0,conditional co-bidding 1.03x expected; persistence=1.00
V0481,cooccurrence,relationship:27,0.4678472917774245,0.3651741216843014,1.0,0.33419658621332354,1.0,conditional co-bidding 1.03x expected; persistence=1.00
V0010,cooccurrence,relationship:28,0.4722606148293384,0.3557538860183249,1.0,0.3353471851786594,1.0,conditional co-bidding 0.99x expected; persistence=1.00
V0355,cooccurrence,relationship:28,0.4722606148293384,0.3557538860183249,1.0,0.3353471851786594,1.0,conditional co-bidding 0.99x expected; persistence=1.00
V0020,cooccurrence,relationship:29,0.4509974304305504,0.36233301692805786,1.0,0.3215836535544192,1.0,conditional co-bidding 1.00x expected; persistence=1.00
V0355,cooccurrence,relationship:29,0.4509974304305504,0.36233301692805786,1.0,0.3215836535544192,1.0,conditional co-bidding 1.00x expected; persistence=1.00
V0277,cooccurrence,relationship:30,0.4704798571346407,0.3456382068305548,1.0,0.3319410378005132,1.0,conditional co-bidding 1.00x expected; persistence=1.00
V0355,cooccurrence,relationship:30,0.4704798571346407,0.3456382068305548,1.0,0.3319410378005132,1.0,conditional co-bidding 1.00x expected; persistence=1.00
V0050,cooccurrence,relationship:31,0.439387825068613,0.36854688198596286,1.0,0.3145340595979711,1.0,conditional co-bidding 1.39x expected; persistence=1.00
V0277,cooccurrence,relationship:31,0.439387825068613,0.36854688198596286,1.0,0.3145340595979711,1.0,conditional co-bidding 1.39x expected; persistence=1.00
V0020,cooccurrence,relationship:32,0.4383429394308532,0.36414102937634446,1.0,0.31291700881986084,1.0,conditional co-bidding 0.86x expected; persistence=1.00
V0119,cooccurrence,relationship:32,0.4383429394308532,0.36414102937634446,1.0,0.31291700881986084,1.0,conditional co-bidding 0.86x expected; persistence=1.00
V0355,cooccurrence,relationship:33,0.4480878635898799,0.3530980970304211,0.9667,0.31553133424241814,1.0,conditional co-bidding 1.16x expected; persistence=0.97
V0407,cooccurrence,relationship:33,0.4480878635898799,0.3530980970304211,0.9667,0.31553133424241814,1.0,conditional co-bidding 1.16x expected; persistence=0.97
V0007,cooccurrence,relationship:34,0.4493669073458892,0.3514818345901013,0.9333,0.31398159162724515,1.0,conditional co-bidding 2.62x expected; persistence=0.93
V0244,cooccurrence,relationship:34,0.4493669073458892,0.3514818345901013,0.9333,0.31398159162724515,1.0,conditional co-bidding 2.62x expected; persistence=0.93
V0041,cooccurrence,relationship:35,0.4354368998912543,0.3603702551674741,1.0,0.3101036229656052,1.0,conditional co-bidding 1.32x expected; persistence=1.00
V0307,cooccurrence,relationship:35,0.4354368998912543,0.3603702551674741,1.0,0.3101036229656052,1.0,conditional co-bidding 1.32x expected; persistence=1.00
V0020,cooccurrence,relationship:36,0.4807190375812515,0.3246307187162704,1.0,0.3346207456714563,1.0,conditional co-bidding 1.25x expected; persistence=1.00
V0223,cooccurrence,relationship:36,0.4807190375812515,0.3246307187162704,1.0,0.3346207456714563,1.0,conditional co-bidding 1.25x expected; persistence=1.00
V0144,cooccurrence,relationship:37,0.4359908437856237,0.3526001385587811,1.0,0.3089736584502199,1.0,conditional co-bidding 1.08x expected; persistence=1.00
V0481,cooccurrence,relationship:37,0.4359908437856237,0.3526001385587811,1.0,0.3089736584502199,1.0,conditional co-bidding 1.08x expected; persistence=1.00
V0050,cooccurrence,relationship:38,0.4304877168934266,0.3562893002726939,1.0,0.3057884196339615,1.0,conditional co-bidding 1.24x expected; persistence=1.00
V0184,cooccurrence,relationship:38,0.4304877168934266,0.3562893002726939,1.0,0.3057884196339615,1.0,conditional co-bidding 1.24x expected; persistence=1.00
V0050,cooccurrence,relationship:39,0.4268126037437109,0.3593150655300911,0.9333,0.29970687612013613,1.0,conditional co-bidding 1.96x expected; persistence=0.93
V0307,cooccurrence,relationship:39,0.4268126037437109,0.3593150655300911,0.9333,0.29970687612013613,1.0,conditional co-bidding 1.96x expected; persistence=0.93
V0041,cooccurrence,relationship:40,0.4235959725576239,0.3506065648003721,1.0,0.2998097728674587,1.0,conditional co-bidding 1.14x expected; persistence=1.00
V0355,cooccurrence,relationship:40,0.4235959725576239,0.3506065648003721,1.0,0.2998097728674587,1.0,conditional co-bidding 1.14x expected; persistence=1.00
V0020,cooccurrence,relationship:41,0.4207524576079236,0.35297283152829234,1.0,0.2982452355348185,1.0,conditional co-bidding 1.10x expected; persistence=1.00
V0307,cooccurrence,relationship:41,0.4207524576079236,0.35297283152829234,1.0,0.2982452355348185,1.0,conditional co-bidding 1.10x expected; persistence=1.00
V0066,cooccurrence,relationship:42,0.4320333356942488,0.3420850724692423,0.9333,0.3000677794692258,1.0,conditional co-bidding 1.85x expected; persistence=0.93
V0219,cooccurrence,relationship:42,0.4320333356942488,0.3420850724692423,0.9333,0.3000677794692258,1.0,conditional co-bidding 1.85x expected; persistence=0.93
V0144,cooccurrence,relationship:43,0.4352708116246226,0.3367203841850336,1.0,0.3053529961051909,1.0,conditional co-bidding 1.24x expected; persistence=1.00
V0355,cooccurrence,relationship:43,0.4352708116246226,0.3367203841850336,1.0,0.3053529961051909,1.0,conditional co-bidding 1.24x expected; persistence=1.00
V0132,cooccurrence,relationship:44,0.4050181872644097,0.35868412227815943,0.8333,0.27852676163222617,1.0,conditional co-bidding 2.01x expected; persistence=0.83
V0370,cooccurrence,relationship:44,0.4050181872644097,0.35868412227815943,0.8333,0.27852676163222617,1.0,conditional co-bidding 2.01x expected; persistence=0.83
V0026,cooccurrence,relationship:45,0.4154832680426746,0.3494087061631881,0.9667,0.29188685932334624,1.0,conditional co-bidding 1.12x expected; persistence=0.97
V0355,cooccurrence,relationship:45,0.4154832680426746,0.3494087061631881,0.9667,0.29188685932334624,1.0,conditional co-bidding 1.12x expected; persistence=0.97
V0010,cooccurrence,relationship:46,0.4174405256614319,0.3455309591596834,1.0,0.2944996704645502,1.0,conditional co-bidding 1.05x expected; persistence=1.00
V0277,cooccurrence,relationship:46,0.4174405256614319,0.3455309591596834,1.0,0.2944996704645502,1.0,conditional co-bidding 1.05x expected; persistence=1.00
V0020,cooccurrence,relationship:47,0.4291745361926056,0.33439570881057173,1.0,0.30062735036104177,1.0,conditional co-bidding 1.22x expected; persistence=1.00
V0026,cooccurrence,relationship:47,0.4291745361926056,0.33439570881057173,1.0,0.30062735036104177,1.0,conditional co-bidding 1.22x expected; persistence=1.00
V0144,cooccurrence,relationship:48,0.4225407846909901,0.3382227859877862,0.9667,0.2947321692865541,1.0,conditional co-bidding 1.22x expected; persistence=0.97
V0307,cooccurrence,relationship:48,0.4225407846909901,0.3382227859877862,0.9667,0.2947321692865541,1.0,conditional co-bidding 1.22x expected; persistence=0.97
V0066,cooccurrence,relationship:49,0.397532873679659,0.3584979399890578,0.8,0.2714637147410421,1.0,conditional co-bidding 2.05x expected; persistence=0.80
V0309,cooccurrence,relationship:49,0.397532873679659,0.3584979399890578,0.8,0.2714637147410421,1.0,conditional co-bidding 2.05x expected; persistence=0.80
V0010,cooccurrence,relationship:50,0.4198668052502429,0.3388010426299294,1.0,0.2949398330106495,1.0,conditional co-bidding 1.09x expected; persistence=1.00
V0050,cooccurrence,relationship:50,0.4198668052502429,0.3388010426299294,1.0,0.2949398330106495,1.0,conditional co-bidding 1.09x expected; persistence=1.00
V0277,cooccurrence,relationship:51,0.4256003907769434,0.33323020545975884,1.0,0.29790052247537846,1.0,conditional co-bidding 1.17x expected; persistence=1.00
V0295,cooccurrence,relationship:51,0.4256003907769434,0.33323020545975884,1.0,0.29790052247537846,1.0,conditional co-bidding 1.17x expected; persistence=1.00
V0010,cooccurrence,relationship:52,0.4332579538580774,0.3270772324375396,1.0,0.30206084023769564,1.0,conditional co-bidding 1.29x expected; persistence=1.00
V0113,cooccurrence,relationship:52,0.4332579538580774,0.3270772324375396,1.0,0.30206084023769564,1.0,conditional co-bidding 1.29x expected; persistence=1.00
V0020,cooccurrence,relationship:53,0.4484468576719655,0.31571902865333784,1.0,0.3103582145576566,1.0,conditional co-bidding 1.07x expected; persistence=1.00
V0295,cooccurrence,relationship:53,0.4484468576719655,0.31571902865333784,1.0,0.3103582145576566,1.0,conditional co-bidding 1.07x expected; persistence=1.00
V0010,cooccurrence,relationship:54,0.4247031606820221,0.3325303409914531,1.0,0.29713874745389546,1.0,conditional co-bidding 1.16x expected; persistence=1.00
V0407,cooccurrence,relationship:54,0.4247031606820221,0.3325303409914531,1.0,0.29713874745389546,1.0,conditional co-bidding 1.16x expected; persistence=1.00
V0172,cooccurrence,relationship:55,0.397734481231803,0.3536403062407773,0.8333,0.2726451860595321,1.0,conditional co-bidding 1.91x expected; persistence=0.83
V0368,cooccurrence,relationship:55,0.397734481231803,0.3536403062407773,0.8333,0.2726451860595321,1.0,conditional co-bidding 1.91x expected; persistence=0.83
V0010,cooccurrence,relationship:56,0.4144530136458611,0.33838739248136174,1.0,0.29105971107237294,1.0,conditional co-bidding 0.93x expected; persistence=1.00
V0119,cooccurrence,relationship:56,0.4144530136458611,0.33838739248136174,1.0,0.29105971107237294,1.0,conditional co-bidding 0.93x expected; persistence=1.00
V0010,cooccurrence,relationship:57,0.4371494792235259,0.3194220802692966,1.0,0.30326805179193755,1.0,conditional co-bidding 1.35x expected; persistence=1.00
V0026,cooccurrence,relationship:57,0.4371494792235259,0.3194220802692966,1.0,0.30326805179193755,1.0,conditional co-bidding 1.35x expected; persistence=1.00
V0113,cooccurrence,relationship:58,0.4300638393694526,0.32397150970801475,1.0,0.29923290574330497,1.0,conditional co-bidding 1.36x expected; persistence=1.00
V0184,cooccurrence,relationship:58,0.4300638393694526,0.32397150970801475,1.0,0.29923290574330497,1.0,conditional co-bidding 1.36x expected; persistence=1.00
V0026,cooccurrence,relationship:59,0.4291351545923131,0.3239762984183612,1.0,0.2985876635334762,1.0,conditional co-bidding 1.22x expected; persistence=1.00
V0481,cooccurrence,relationship:59,0.4291351545923131,0.3239762984183612,1.0,0.2985876635334762,1.0,conditional co-bidding 1.22x expected; persistence=1.00
V0277,cooccurrence,relationship:60,0.4730106442883153,0.2924959179650669,1.0,0.32241501153233476,1.0,conditional co-bidding 1.12x expected; persistence=1.00
V0481,cooccurrence,relationship:60,0.4730106442883153,0.2924959179650669,1.0,0.32241501153233476,1.0,conditional co-bidding 1.12x expected; persistence=1.00
V0090,cooccurrence,relationship:61,0.53416,0.259,0.7333,0.33705294247768003,1.0,conditional co-bidding 10.69x expected; persistence=0.73
V0119,cooccurrence,relationship:61,0.53416,0.259,0.7333,0.33705294247768003,1.0,conditional co-bidding 10.69x expected; persistence=0.73
V0119,cooccurrence,relationship:62,0.4136288942405871,0.3337866550905705,1.0,0.2896246041081425,1.0,conditional co-bidding 1.00x expected; persistence=1.00
V0481,cooccurrence,relationship:62,0.4136288942405871,0.3337866550905705,1.0,0.2896246041081425,1.0,conditional co-bidding 1.00x expected; persistence=1.00
V0026,cooccurrence,relationship:63,0.4077518943575028,0.3331065319703218,1.0,0.28538471064181714,1.0,conditional co-bidding 1.20x expected; persistence=1.00
V0277,cooccurrence,relationship:63,0.4077518943575028,0.3331065319703218,1.0,0.28538471064181714,1.0,conditional co-bidding 1.20x expected; persistence=1.00
V0277,cooccurrence,relationship:64,0.4051086091010563,0.3350100277010769,0.9,0.2782040521488577,1.0,conditional co-bidding 1.16x expected; persistence=0.90
V0407,cooccurrence,relationship:64,0.4051086091010563,0.3350100277010769,0.9,0.2782040521488577,1.0,conditional co-bidding 1.16x expected; persistence=0.90
V0219,cooccurrence,relationship:65,0.4135053372348685,0.3263633560218906,0.9333,0.28431276934018,1.0,conditional co-bidding 1.83x expected; persistence=0.93
V0327,cooccurrence,relationship:65,0.4135053372348685,0.3263633560218906,0.9333,0.28431276934018,1.0,conditional co-bidding 1.83x expected; persistence=0.93
V0020,cooccurrence,relationship:66,0.4226519883644379,0.3191000312483949,1.0,0.2931493118128706,1.0,conditional co-bidding 1.13x expected; persistence=1.00
V0113,cooccurrence,relationship:66,0.4226519883644379,0.3191000312483949,1.0,0.2931493118128706,1.0,conditional co-bidding 1.13x expected; persistence=1.00
V0041,cooccurrence,relationship:67,0.3976336924671253,0.3385216415484877,0.9333,0.275546467609634,1.0,conditional co-bidding 1.54x expected; persistence=0.93
V0050,cooccurrence,relationship:67,0.3976336924671253,0.3385216415484877,0.9333,0.275546467609634,1.0,conditional co-bidding 1.54x expected; persistence=0.93
V0010,cooccurrence,relationship:68,0.4107015323092908,0.3267151848505924,1.0,0.2862679349411931,1.0,conditional co-bidding 0.96x expected; persistence=1.00
V0481,cooccurrence,relationship:68,0.4107015323092908,0.3267151848505924,1.0,0.2862679349411931,1.0,conditional co-bidding 0.96x expected; persistence=1.00
V0123,cooccurrence,relationship:69,0.3864903223983406,0.345183092489609,0.8333,0.2635155212931977,1.0,conditional co-bidding 1.70x expected; persistence=0.83
V0309,cooccurrence,relationship:69,0.3864903223983406,0.345183092489609,0.8333,0.2635155212931977,1.0,conditional co-bidding 1.70x expected; persistence=0.83
V0132,cooccurrence,relationship:70,0.3943188901627245,0.33602843667239213,0.9333,0.2728129223193212,1.0,conditional co-bidding 1.48x expected; persistence=0.93
V0379,cooccurrence,relationship:70,0.3943188901627245,0.33602843667239213,0.9333,0.2728129223193212,1.0,conditional co-bidding 1.48x expected; persistence=0.93
V0119,cooccurrence,relationship:71,0.4119878939154311,0.3211189242961621,1.0,0.2861270408462112,1.0,conditional co-bidding 1.56x expected; persistence=1.00
V0407,cooccurrence,relationship:71,0.4119878939154311,0.3211189242961621,1.0,0.2861270408462112,1.0,conditional co-bidding 1.56x expected; persistence=1.00
V0061,cooccurrence,relationship:72,0.3986185985987771,0.32994483183528583,0.8333,0.2691424991396567,1.0,conditional co-bidding 1.93x expected; persistence=0.83
V0080,cooccurrence,relationship:72,0.3986185985987771,0.32994483183528583,0.8333,0.2691424991396567,1.0,conditional co-bidding 1.93x expected; persistence=0.83
V0307,cooccurrence,relationship:73,0.4097090000659369,0.3194966422715102,1.0,0.2842452424595335,1.0,conditional co-bidding 1.52x expected; persistence=1.00
V0481,cooccurrence,relationship:73,0.4097090000659369,0.3194966422715102,1.0,0.2842452424595335,1.0,conditional co-bidding 1.52x expected; persistence=1.00
V0307,cooccurrence,relationship:74,0.3876456386743531,0.33740909823149545,0.8667,0.264809728092285,1.0,conditional co-bidding 1.24x expected; persistence=0.87
V0407,cooccurrence,relationship:74,0.3876456386743531,0.33740909823149545,0.8667,0.264809728092285,1.0,conditional co-bidding 1.24x expected; persistence=0.87
V0223,cooccurrence,relationship:75,0.3944609135241351,0.3311109442435102,0.9667,0.27389179946124,1.0,conditional co-bidding 1.37x expected; persistence=0.97
V0481,cooccurrence,relationship:75,0.3944609135241351,0.3311109442435102,0.9667,0.27389179946124,1.0,conditional co-bidding 1.37x expected; persistence=0.97
V0093,cooccurrence,relationship:76,0.3786676673222478,0.3443086097788048,0.8,0.25626005680703434,1.0,conditional co-bidding 1.68x expected; persistence=0.80
V0132,cooccurrence,relationship:76,0.3786676673222478,0.3443086097788048,0.8,0.25626005680703434,1.0,conditional co-bidding 1.68x expected; persistence=0.80
V0020,cooccurrence,relationship:77,0.4257281174588059,0.30593824437782935,1.0,0.29276139537927465,1.0,conditional co-bidding 1.17x expected; persistence=1.00
V0144,cooccurrence,relationship:77,0.4257281174588059,0.30593824437782935,1.0,0.29276139537927465,1.0,conditional co-bidding 1.17x expected; persistence=1.00
V0041,cooccurrence,relationship:78,0.3932626291343042,0.330209663198873,0.9667,0.27290134137157784,1.0,conditional co-bidding 1.35x expected; persistence=0.97
V0460,cooccurrence,relationship:78,0.3932626291343042,0.330209663198873,0.9667,0.27290134137157784,1.0,conditional co-bidding 1.35x expected; persistence=0.97
V0119,cooccurrence,relationship:79,0.403451939503377,0.32114878200237723,0.9667,0.27833805121545224,1.0,conditional co-bidding 0.95x expected; persistence=0.97
V0277,cooccurrence,relationship:79,0.403451939503377,0.32114878200237723,0.9667,0.27833805121545224,1.0,conditional co-bidding 0.95x expected; persistence=0.97
V0182,cooccurrence,relationship:80,0.4001276456446065,0.3216580909786851,0.9,0.27242739494125834,1.0,conditional co-bidding 1.70x expected; persistence=0.90
V0483,cooccurrence,relationship:80,0.4001276456446065,0.3216580909786851,0.9,0.27242739494125834,1.0,conditional co-bidding 1.70x expected; persistence=0.90
V0259,cooccurrence,relationship:81,0.3987821703288098,0.3207156812409279,0.9,0.27134559148909787,1.0,conditional co-bidding 1.68x expected; persistence=0.90
V0513,cooccurrence,relationship:81,0.3987821703288098,0.3207156812409279,0.9,0.27134559148909787,1.0,conditional co-bidding 1.68x expected; persistence=0.90
V0010,cooccurrence,relationship:82,0.4171415119896987,0.3060386294473718,1.0,0.2868754690710536,1.0,conditional co-bidding 1.05x expected; persistence=1.00
V0295,cooccurrence,relationship:82,0.4171415119896987,0.3060386294473718,1.0,0.2868754690710536,1.0,conditional co-bidding 1.05x expected; persistence=1.00
V0066,cooccurrence,relationship:83,0.3759508057383242,0.3372558703160395,0.8333,0.25503310589700934,1.0,conditional co-bidding 1.51x expected; persistence=0.83
V0327,cooccurrence,relationship:83,0.3759508057383242,0.3372558703160395,0.8333,0.25503310589700934,1.0,conditional co-bidding 1.51x expected; persistence=0.83
V0026,cooccurrence,relationship:84,0.401630592031495,0.3137458451709826,1.0,0.2776012939118718,1.0,conditional co-bidding 1.38x expected; persistence=1.00
V0144,cooccurrence,relationship:84,0.401630592031495,0.3137458451709826,1.0,0.2776012939118718,1.0,conditional co-bidding 1.38x expected; persistence=1.00
V0119,cooccurrence,relationship:85,0.4295743138062807,0.2930770835843262,1.0,0.2929201467763417,1.0,conditional co-bidding 1.23x expected; persistence=1.00
V0355,cooccurrence,relationship:85,0.4295743138062807,0.2930770835843262,1.0,0.2929201467763417,1.0,conditional co-bidding 1.23x expected; persistence=1.00
V0146,cooccurrence,relationship:86,0.4964083987261946,0.2535744755032158,0.6141,0.3042251871872922,1.0,conditional co-bidding 9.00x expected; persistence=0.61
V0258,cooccurrence,relationship:86,0.4964083987261946,0.2535744755032158,0.6141,0.3042251871872922,1.0,conditional co-bidding 9.00x expected; persistence=0.61
V0184,cooccurrence,relationship:87,0.4246896263190842,0.29627167166870566,1.0,0.2901998719639572,1.0,conditional co-bidding 1.16x expected; persistence=1.00
V0277,cooccurrence,relationship:87,0.4246896263190842,0.29627167166870566,1.0,0.2901998719639572,1.0,conditional co-bidding 1.16x expected; persistence=1.00
V0025,cooccurrence,relationship:88,0.3976851989545951,0.31634696929799994,1.0,0.27533978776580853,1.0,conditional co-bidding 1.32x expected; persistence=1.00
V0355,cooccurrence,relationship:88,0.3976851989545951,0.31634696929799994,1.0,0.27533978776580853,1.0,conditional co-bidding 1.32x expected; persistence=1.00
V0407,cooccurrence,relationship:89,0.4115469986418615,0.30431326725620783,0.9,0.27705432466567365,1.0,conditional co-bidding 1.10x expected; persistence=0.90
V0481,cooccurrence,relationship:89,0.4115469986418615,0.30431326725620783,0.9,0.27705432466567365,1.0,conditional co-bidding 1.10x expected; persistence=0.90
V0295,cooccurrence,relationship:90,0.4000944844912578,0.31161561827565787,0.9333,0.27247210563852925,1.0,conditional co-bidding 1.04x expected; persistence=0.93
V0460,cooccurrence,relationship:90,0.4000944844912578,0.31161561827565787,0.9333,0.27247210563852925,1.0,conditional co-bidding 1.04x expected; persistence=0.93
V0050,cooccurrence,relationship:91,0.388687623472482,0.31880090536894534,1.0,0.26953947773079406,1.0,conditional co-bidding 0.93x expected; persistence=1.00
V0295,cooccurrence,relationship:91,0.388687623472482,0.31880090536894534,1.0,0.26953947773079406,1.0,conditional co-bidding 0.93x expected; persistence=1.00
V0050,cooccurrence,relationship:92,0.3976411066310755,0.31090583994030924,1.0,0.2743356326604594,1.0,conditional co-bidding 1.32x expected; persistence=1.00
V0481,cooccurrence,relationship:92,0.3976411066310755,0.31090583994030924,1.0,0.2743356326604594,1.0,conditional co-bidding 1.32x expected; persistence=1.00
V0034,cooccurrence,relationship:93,0.3665192303469295,0.33517124968236894,0.8,0.24659193168135501,1.0,conditional co-bidding 1.46x expected; persistence=0.80
V0256,cooccurrence,relationship:93,0.3665192303469295,0.33517124968236894,0.8,0.24659193168135501,1.0,conditional co-bidding 1.46x expected; persistence=0.80
V0119,cooccurrence,relationship:94,0.3774658575859448,0.31832823431285684,0.9667,0.259934568571601,1.0,conditional co-bidding 1.11x expected; persistence=0.97
V0184,cooccurrence,relationship:94,0.3774658575859448,0.31832823431285684,0.9667,0.259934568571601,1.0,conditional co-bidding 1.11x expected; persistence=0.97
V0332,cooccurrence,relationship:95,0.4906461571864015,0.24462700130269657,0.7,0.3044347643757136,1.0,conditional co-bidding 7.55x expected; persistence=0.70
V0362,cooccurrence,relationship:95,0.4906461571864015,0.24462700130269657,0.7,0.3044347643757136,1.0,conditional co-bidding 7.55x expected; persistence=0.70
V0295,cooccurrence,relationship:96,0.388449693236617,0.3074903917723569,1.0,0.26739737804087,1.0,conditional co-bidding 1.18x expected; persistence=1.00
V0481,cooccurrence,relationship:96,0.388449693236617,0.3074903917723569,1.0,0.26739737804087,1.0,conditional co-bidding 1.18x expected; persistence=1.00
V0050,cooccurrence,relationship:97,0.3785111322961494,0.31410515879131806,1.0,0.26168265745425584,1.0,conditional co-bidding 1.03x expected; persistence=1.00
V0119,cooccurrence,relationship:97,0.3785111322961494,0.31410515879131806,1.0,0.26168265745425584,1.0,conditional co-bidding 1.03x expected; persistence=1.00
V0223,cooccurrence,relationship:98,0.407458765707713,0.29176097242049576,1.0,0.2775985757061039,1.0,conditional co-bidding 1.48x expected; persistence=1.00
V0295,cooccurrence,relationship:98,0.407458765707713,0.29176097242049576,1.0,0.2775985757061039,1.0,conditional co-bidding 1.48x expected; persistence=1.00
V0277,cooccurrence,relationship:99,0.3895185369144989,0.30488344412126595,0.9667,0.26589346080387116,1.0,conditional co-bidding 1.29x expected; persistence=0.97
V0460,cooccurrence,relationship:99,0.3895185369144989,0.30488344412126595,0.9667,0.26589346080387116,1.0,conditional co-bidding 1.29x expected; persistence=0.97
V0020,cooccurrence,relationship:100,0.4182183677652503,0.2829876345454647,1.0,0.2832778842486967,1.0,conditional co-bidding 1.01x expected; persistence=1.00
V0184,cooccurrence,relationship:100,0.4182183677652503,0.2829876345454647,1.0,0.2832778842486967,1.0,conditional co-bidding 1.01x expected; persistence=1.00
V0304,cooccurrence,relationship:101,0.509559377068371,0.23120055705666467,0.9667,0.3310527489093877,1.0,conditional co-bidding 5.75x expected; persistence=0.97
V0438,cooccurrence,relationship:101,0.509559377068371,0.23120055705666467,0.9667,0.3310527489093877,1.0,conditional co-bidding 5.75x expected; persistence=0.97
V0041,cooccurrence,relationship:102,0.3639607067008305,0.3232132886828389,0.8667,0.2463669641441917,1.0,conditional co-bidding 1.21x expected; persistence=0.87
V0407,cooccurrence,relationship:102,0.3639607067008305,0.3232132886828389,0.8667,0.2463669641441917,1.0,conditional co-bidding 1.21x expected; persistence=0.87
V0184,cooccurrence,relationship:103,0.3806200614116816,0.3082854048144343,0.9333,0.25864685907949925,1.0,conditional co-bidding 1.26x expected; persistence=0.93
V0223,cooccurrence,relationship:103,0.3806200614116816,0.3082854048144343,0.9333,0.25864685907949925,1.0,conditional co-bidding 1.26x expected; persistence=0.93
V0267,cooccurrence,relationship:104,0.4866325328842704,0.24046428782486548,0.7333,0.3032207629786202,1.0,conditional co-bidding 6.94x expected; persistence=0.73
V0451,cooccurrence,relationship:104,0.4866325328842704,0.24046428782486548,0.7333,0.3032207629786202,1.0,conditional co-bidding 6.94x expected; persistence=0.73
V0119,cooccurrence,relationship:105,0.382876537516604,0.3056216798977664,1.0,0.2632390123993013,1.0,conditional co-bidding 1.09x expected; persistence=1.00
V0144,cooccurrence,relationship:105,0.382876537516604,0.3056216798977664,1.0,0.2632390123993013,1.0,conditional co-bidding 1.09x expected; persistence=1.00
V0421,cooccurrence,relationship:106,0.4887792483088425,0.23869630684044843,0.7667,0.30633673954406193,1.0,conditional co-bidding 6.70x expected; persistence=0.77
V0547,cooccurrence,relationship:106,0.4887792483088425,0.23869630684044843,0.7667,0.30633673954406193,1.0,conditional co-bidding 6.70x expected; persistence=0.77
V0215,cooccurrence,relationship:107,0.4881466440242038,0.23844959116943926,0.7667,0.305888595825395,1.0,conditional co-bidding 6.67x expected; persistence=0.77
V0321,cooccurrence,relationship:107,0.4881466440242038,0.23844959116943926,0.7667,0.305888595825395,1.0,conditional co-bidding 6.67x expected; persistence=0.77
V0047,cooccurrence,relationship:108,0.4850472663249781,0.23984603386674136,0.7333,0.302105234282668,1.0,conditional co-bidding 6.86x expected; persistence=0.73
V0509,cooccurrence,relationship:108,0.4850472663249781,0.23984603386674136,0.7333,0.302105234282668,1.0,conditional co-bidding 6.86x expected; persistence=0.73
V0026,cooccurrence,relationship:109,0.3902611504977186,0.29637154772402063,0.9667,0.2649155017981116,1.0,conditional co-bidding 1.31x expected; persistence=0.97
V0184,cooccurrence,relationship:109,0.3902611504977186,0.29637154772402063,0.9667,0.2649155017981116,1.0,conditional co-bidding 1.31x expected; persistence=0.97
V0144,cooccurrence,relationship:110,0.3989019163243643,0.28978689285388737,1.0,0.2714145000766949,1.0,conditional co-bidding 1.34x expected; persistence=1.00
V0407,cooccurrence,relationship:110,0.3989019163243643,0.28978689285388737,1.0,0.2714145000766949,1.0,conditional co-bidding 1.34x expected; persistence=1.00
V0119,cooccurrence,relationship:111,0.3659733164509979,0.3147085158735005,0.9333,0.24973749645619098,1.0,conditional co-bidding 1.04x expected; persistence=0.93
V0307,cooccurrence,relationship:111,0.3659733164509979,0.3147085158735005,0.9333,0.24973749645619098,1.0,conditional co-bidding 1.04x expected; persistence=0.93
V0121,cooccurrence,relationship:112,0.4776628262613291,0.2395635022419184,0.7,0.2953558163267305,1.0,conditional co-bidding 6.82x expected; persistence=0.70
V0166,cooccurrence,relationship:112,0.4776628262613291,0.2395635022419184,0.7,0.2953558163267305,1.0,conditional co-bidding 6.82x expected; persistence=0.70
V0278,cooccurrence,relationship:113,0.4829786968064002,0.23643409175449595,0.7667,0.30223258158771216,1.0,conditional co-bidding 6.40x expected; persistence=0.77
V0309,cooccurrence,relationship:113,0.4829786968064002,0.23643409175449595,0.7667,0.30223258158771216,1.0,conditional co-bidding 6.40x expected; persistence=0.77
V0186,cooccurrence,relationship:114,0.4763839851798244,0.23906475422013132,0.7,0.29446456073816046,1.0,conditional co-bidding 6.75x expected; persistence=0.70
V0284,cooccurrence,relationship:114,0.4763839851798244,0.23906475422013132,0.7,0.29446456073816046,1.0,conditional co-bidding 6.75x expected; persistence=0.70
V0195,cooccurrence,relationship:115,0.374463132224113,0.3036819251744413,0.9,0.2519851273099924,1.0,conditional co-bidding 1.27x expected; persistence=0.90
V0379,cooccurrence,relationship:115,0.374463132224113,0.3036819251744413,0.9,0.2519851273099924,1.0,conditional co-bidding 1.27x expected; persistence=0.90
V0025,cooccurrence,relationship:116,0.4479625357281509,0.2530757333951708,1.0,0.297395195918816,1.0,conditional co-bidding 1.13x expected; persistence=1.00
V0119,cooccurrence,relationship:116,0.4479625357281509,0.2530757333951708,1.0,0.297395195918816,1.0,conditional co-bidding 1.13x expected; persistence=1.00
V0090,cooccurrence,relationship:117,0.4809927976416025,0.23565959108022488,0.7667,0.3008300534047422,1.0,conditional co-bidding 6.30x expected; persistence=0.77
V0528,cooccurrence,relationship:117,0.4809927976416025,0.23565959108022488,0.7667,0.3008300534047422,1.0,conditional co-bidding 6.30x expected; persistence=0.77
V0026,cooccurrence,relationship:118,0.3658546892944656,0.3095949770193374,0.9667,0.25051054121906086,1.0,conditional co-bidding 0.95x expected; persistence=0.97
V0295,cooccurrence,relationship:118,0.3658546892944656,0.3095949770193374,0.9667,0.25051054121906086,1.0,conditional co-bidding 0.95x expected; persistence=0.97
V0223,cooccurrence,relationship:119,0.3963502449315544,0.28450321719752963,1.0,0.26873594863138023,1.0,conditional co-bidding 1.30x expected; persistence=1.00
V0277,cooccurrence,relationship:119,0.3963502449315544,0.28450321719752963,1.0,0.26873594863138023,1.0,conditional co-bidding 1.30x expected; persistence=1.00
V0119,cooccurrence,relationship:120,0.4758047493400864,0.23624145224263365,0.7333,0.2956180379076294,1.0,conditional co-bidding 6.38x expected; persistence=0.73
V0262,cooccurrence,relationship:120,0.4758047493400864,0.23624145224263365,0.7333,0.2956180379076294,1.0,conditional co-bidding 6.38x expected; persistence=0.73
V0274,cooccurrence,relationship:121,0.4747400583474386,0.23582622275550102,0.7333,0.2948725690547301,1.0,conditional co-bidding 6.32x expected; persistence=0.73
V0363,cooccurrence,relationship:121,0.4747400583474386,0.23582622275550102,0.7333,0.2948725690547301,1.0,conditional co-bidding 6.32x expected; persistence=0.73
V0200,cooccurrence,relationship:122,0.4743127976416025,0.23565959108022488,0.7333,0.2945735181622697,1.0,conditional co-bidding 6.30x expected; persistence=0.73
V0538,cooccurrence,relationship:122,0.4743127976416025,0.23565959108022488,0.7333,0.2945735181622697,1.0,conditional co-bidding 6.30x expected; persistence=0.73
V0409,cooccurrence,relationship:123,0.4443077639018531,0.25095342792172276,0.3872,0.25844514409169494,1.0,conditional co-bidding 8.55x expected; persistence=0.39
V0499,cooccurrence,relationship:123,0.4443077639018531,0.25095342792172276,0.3872,0.25844514409169494,1.0,conditional co-bidding 8.55x expected; persistence=0.39
V0214,cooccurrence,relationship:124,0.4725891138330613,0.23498735439489385,0.7333,0.29336768295341176,1.0,conditional co-bidding 6.21x expected; persistence=0.73
V0494,cooccurrence,relationship:124,0.4725891138330613,0.23498735439489385,0.7333,0.29336768295341176,1.0,conditional co-bidding 6.21x expected; persistence=0.73
V0214,cooccurrence,relationship:125,0.4725891138330613,0.23498735439489385,0.7333,0.29336768295341176,1.0,conditional co-bidding 6.21x expected; persistence=0.73
V0334,cooccurrence,relationship:125,0.4725891138330613,0.23498735439489385,0.7333,0.29336768295341176,1.0,conditional co-bidding 6.21x expected; persistence=0.73
V0197,cooccurrence,relationship:126,0.4780096241799089,0.23189875343016433,0.8,0.300276210708167,1.0,conditional co-bidding 5.83x expected; persistence=0.80
V0488,cooccurrence,relationship:126,0.4780096241799089,0.23189875343016433,0.8,0.300276210708167,1.0,conditional co-bidding 5.83x expected; persistence=0.80
V0309,cooccurrence,relationship:127,0.4945820509652782,0.22354633320979178,0.9,0.3153375692187028,1.0,conditional co-bidding 2.83x expected; persistence=0.90
V0327,cooccurrence,relationship:127,0.4945820509652782,0.22354633320979178,0.9,0.3153375692187028,1.0,conditional co-bidding 2.83x expected; persistence=0.90
V0277,cooccurrence,relationship:128,0.3756697353686052,0.29401900051321694,0.8333,0.24777687460368017,1.0,conditional co-bidding 1.23x expected; persistence=0.83
V0307,cooccurrence,relationship:128,0.3756697353686052,0.29401900051321694,0.8333,0.24777687460368017,1.0,conditional co-bidding 1.23x expected; persistence=0.83
V0241,cooccurrence,relationship:129,0.4707711009727734,0.23427832937938156,0.7333,0.2920969278372393,1.0,conditional co-bidding 6.12x expected; persistence=0.73
V0349,cooccurrence,relationship:129,0.4707711009727734,0.23427832937938156,0.7333,0.2920969278372393,1.0,conditional co-bidding 6.12x expected; persistence=0.73
V0368,cooccurrence,relationship:130,0.4760657665638332,0.2311406489598948,0.8,0.2988992056455626,1.0,conditional co-bidding 5.74x expected; persistence=0.80
V0516,cooccurrence,relationship:130,0.4760657665638332,0.2311406489598948,0.8,0.2988992056455626,1.0,conditional co-bidding 5.74x expected; persistence=0.80
V0072,cooccurrence,relationship:131,0.4653858805779297,0.23477549342539245,0.7,0.28682198775130296,1.0,conditional co-bidding 6.19x expected; persistence=0.70
V0472,cooccurrence,relationship:131,0.4653858805779297,0.23477549342539245,0.7,0.28682198775130296,1.0,conditional co-bidding 6.19x expected; persistence=0.70
V0184,cooccurrence,relationship:132,0.38236170999369,0.2854255070690442,1.0,0.2594100437279606,1.0,conditional co-bidding 0.99x expected; persistence=1.00
V0355,cooccurrence,relationship:132,0.38236170999369,0.2854255070690442,1.0,0.2594100437279606,1.0,conditional co-bidding 0.99x expected; persistence=1.00
V0016,cooccurrence,relationship:133,0.3546432996529116,0.30380811964068904,0.8,0.23379686026936858,1.0,conditional co-bidding 1.27x expected; persistence=0.80
V0242,cooccurrence,relationship:133,0.3546432996529116,0.30380811964068904,0.8,0.23379686026936858,1.0,conditional co-bidding 1.27x expected; persistence=0.80
V0384,cooccurrence,relationship:134,0.4639565873967243,0.23162066908472248,0.7333,0.28734349067274906,1.0,conditional co-bidding 5.80x expected; persistence=0.73
V0454,cooccurrence,relationship:134,0.4639565873967243,0.23162066908472248,0.7333,0.28734349067274906,1.0,conditional co-bidding 5.80x expected; persistence=0.73
V0202,cooccurrence,relationship:135,0.4623876872665452,0.2310087980339524,0.7333,0.28625129573323693,1.0,conditional co-bidding 5.73x expected; persistence=0.73
V0229,cooccurrence,relationship:135,0.4623876872665452,0.2310087980339524,0.7333,0.28625129573323693,1.0,conditional co-bidding 5.73x expected; persistence=0.73
V0022,cooccurrence,relationship:136,0.4617941576677778,0.23077732149043328,0.7333,0.2858383214019712,1.0,conditional co-bidding 5.70x expected; persistence=0.73
V0420,cooccurrence,relationship:136,0.4617941576677778,0.23077732149043328,0.7333,0.2858383214019712,1.0,conditional co-bidding 5.70x expected; persistence=0.73
V0394,cooccurrence,relationship:137,0.4455466440242038,0.2384495911694393,0.5537,0.26671826086584755,1.0,conditional co-bidding 6.67x expected; persistence=0.55
V0405,cooccurrence,relationship:137,0.4455466440242038,0.2384495911694393,0.5537,0.26671826086584755,1.0,conditional co-bidding 6.67x expected; persistence=0.55
V0175,cooccurrence,relationship:138,0.4572965873967243,0.23162066908472237,0.7,0.2812262171567911,1.0,conditional co-bidding 5.80x expected; persistence=0.70
V0459,cooccurrence,relationship:138,0.4572965873967243,0.23162066908472237,0.7,0.2812262171567911,1.0,conditional co-bidding 5.80x expected; persistence=0.70
V0016,cooccurrence,relationship:139,0.4569893160908788,0.23150083327544269,0.7,0.2810140877800689,1.0,conditional co-bidding 5.79x expected; persistence=0.70
V0451,cooccurrence,relationship:139,0.4569893160908788,0.23150083327544269,0.7,0.2810140877800689,1.0,conditional co-bidding 5.79x expected; persistence=0.70
V0010,cooccurrence,relationship:140,0.3901457483314393,0.27095912938002287,1.0,0.2621512601169335,1.0,conditional co-bidding 1.19x expected; persistence=1.00
V0144,cooccurrence,relationship:140,0.3901457483314393,0.27095912938002287,1.0,0.2621512601169335,1.0,conditional co-bidding 1.19x expected; persistence=1.00
V0144,cooccurrence,relationship:141,0.398150599596915,0.26410035698378376,1.0,0.266301101747387,1.0,conditional co-bidding 1.16x expected; persistence=1.00
V0277,cooccurrence,relationship:141,0.398150599596915,0.26410035698378376,1.0,0.266301101747387,1.0,conditional co-bidding 1.16x expected; persistence=1.00
V0041,cooccurrence,relationship:142,0.3968451586506299,0.26474482420340406,1.0,0.2655430530511663,1.0,conditional co-bidding 1.30x expected; persistence=1.00
V0144,cooccurrence,relationship:142,0.3968451586506299,0.26474482420340406,1.0,0.2655430530511663,1.0,conditional co-bidding 1.30x expected; persistence=1.00
V0391,cooccurrence,relationship:143,0.4573707483372332,0.22905219185152084,0.7333,0.28276422669663787,1.0,conditional co-bidding 5.50x expected; persistence=0.73
V0455,cooccurrence,relationship:143,0.4573707483372332,0.22905219185152084,0.7333,0.28276422669663787,1.0,conditional co-bidding 5.50x expected; persistence=0.73
V0001,cooccurrence,relationship:144,0.4541965644943549,0.23041166015279843,0.7,0.2790874978705177,1.0,conditional co-bidding 5.66x expected; persistence=0.70
V0186,cooccurrence,relationship:144,0.4541965644943549,0.23041166015279843,0.7,0.2790874978705177,1.0,conditional co-bidding 5.66x expected; persistence=0.70
V0187,cooccurrence,relationship:145,0.4534910483425637,0.23013650885359965,0.7,0.2786012021310962,1.0,conditional co-bidding 5.62x expected; persistence=0.70
V0394,cooccurrence,relationship:145,0.4534910483425637,0.23013650885359965,0.7,0.2786012021310962,1.0,conditional co-bidding 5.62x expected; persistence=0.70
V0024,cooccurrence,relationship:146,0.4534910483425637,0.23013650885359965,0.7,0.2786012021310962,1.0,conditional co-bidding 5.62x expected; persistence=0.70
V0065,cooccurrence,relationship:146,0.4534910483425637,0.23013650885359965,0.7,0.2786012021310962,1.0,conditional co-bidding 5.62x expected; persistence=0.70
V0010,cooccurrence,relationship:147,0.3987144258207443,0.26134540779679327,1.0,0.2661839170961734,1.0,conditional co-bidding 1.33x expected; persistence=1.00
V0223,cooccurrence,relationship:147,0.3987144258207443,0.26134540779679327,1.0,0.2661839170961734,1.0,conditional co-bidding 1.33x expected; persistence=1.00
V0353,cooccurrence,relationship:148,0.4583260406073462,0.22681955583686497,0.7667,0.2849152985692837,1.0,conditional co-bidding 5.25x expected; persistence=0.77
V0376,cooccurrence,relationship:148,0.4583260406073462,0.22681955583686497,0.7667,0.2849152985692837,1.0,conditional co-bidding 5.25x expected; persistence=0.77
V0055,cooccurrence,relationship:149,0.4551077365413698,0.22816961725113424,0.7333,0.2811940368368564,1.0,conditional co-bidding 5.40x expected; persistence=0.73
V0548,cooccurrence,relationship:149,0.4551077365413698,0.22816961725113424,0.7333,0.2811940368368564,1.0,conditional co-bidding 5.40x expected; persistence=0.73
V0409,cooccurrence,relationship:150,0.4551077365413698,0.22816961725113424,0.7333,0.2811940368368564,1.0,conditional co-bidding 5.40x expected; persistence=0.73
V0420,cooccurrence,relationship:150,0.4551077365413698,0.22816961725113424,0.7333,0.2811940368368564,1.0,conditional co-bidding 5.40x expected; persistence=0.73
V0188,cooccurrence,relationship:151,0.4721426813340803,0.2198537123869579,0.8667,0.29822117471952836,1.0,conditional co-bidding 3.18x expected; persistence=0.87
V0248,cooccurrence,relationship:151,0.4721426813340803,0.2198537123869579,0.8667,0.29822117471952836,1.0,conditional co-bidding 3.18x expected; persistence=0.87
V0113,cooccurrence,relationship:152,0.3563112866580408,0.29096784872956394,0.9,0.23777251520230033,1.0,conditional co-bidding 1.00x expected; persistence=0.90
V0355,cooccurrence,relationship:152,0.3563112866580408,0.29096784872956394,0.9,0.23777251520230033,1.0,conditional co-bidding 1.00x expected; persistence=0.90
V0008,cooccurrence,relationship:153,0.4545364585635792,0.22794681883979595,0.7333,0.28079792483936256,1.0,conditional co-bidding 5.38x expected; persistence=0.73
V0214,cooccurrence,relationship:153,0.4545364585635792,0.22794681883979595,0.7333,0.28079792483936256,1.0,conditional co-bidding 5.38x expected; persistence=0.73
V0020,cooccurrence,relationship:154,0.3859936608146102,0.2684076389816999,1.0,0.2589181546705543,1.0,conditional co-bidding 1.14x expected; persistence=1.00
V0041,cooccurrence,relationship:154,0.3859936608146102,0.2684076389816999,1.0,0.2589181546705543,1.0,conditional co-bidding 1.14x expected; persistence=1.00
V0025,cooccurrence,relationship:155,0.4096102932921506,0.25282700915743406,1.0,0.271887906728602,1.0,conditional co-bidding 1.09x expected; persistence=1.00
V0277,cooccurrence,relationship:155,0.4096102932921506,0.25282700915743406,1.0,0.271887906728602,1.0,conditional co-bidding 1.09x expected; persistence=1.00
V0016,cooccurrence,relationship:156,0.4563675875911767,0.2260557591605589,0.7667,0.2835483009786445,1.0,conditional co-bidding 5.17x expected; persistence=0.77
V0284,cooccurrence,relationship:156,0.4563675875911767,0.2260557591605589,0.7667,0.2835483009786445,1.0,conditional co-bidding 5.17x expected; persistence=0.77
V0132,cooccurrence,relationship:157,0.4590276077082249,0.22449576700620752,0.8,0.2868840709735592,1.0,conditional co-bidding 5.00x expected; persistence=0.80
V0292,cooccurrence,relationship:157,0.4590276077082249,0.22449576700620752,0.8,0.2868840709735592,1.0,conditional co-bidding 5.00x expected; persistence=0.80
V0240,cooccurrence,relationship:158,0.4499068741747968,0.22873868092817073,0.7,0.2761332513376768,1.0,conditional co-bidding 5.46x expected; persistence=0.70
V0505,cooccurrence,relationship:158,0.4499068741747968,0.22873868092817073,0.7,0.2761332513376768,1.0,conditional co-bidding 5.46x expected; persistence=0.70
V0007,cooccurrence,relationship:159,0.4547802467206753,0.22543669622106333,0.7667,0.2824412808616633,1.0,conditional co-bidding 5.10x expected; persistence=0.77
V0281,cooccurrence,relationship:159,0.4547802467206753,0.22543669622106333,0.7667,0.2824412808616633,1.0,conditional co-bidding 5.10x expected; persistence=0.77
V0054,cooccurrence,relationship:160,0.4516460406073461,0.22681955583686492,0.7333,0.27879543285717145,1.0,conditional co-bidding 5.25x expected; persistence=0.73
V0487,cooccurrence,relationship:160,0.4516460406073461,0.22681955583686492,0.7333,0.27879543285717145,1.0,conditional co-bidding 5.25x expected; persistence=0.73
V0072,cooccurrence,relationship:161,0.4516460406073461,0.22681955583686492,0.7333,0.27879543285717145,1.0,conditional co-bidding 5.25x expected; persistence=0.73
V0353,cooccurrence,relationship:161,0.4516460406073461,0.22681955583686492,0.7333,0.27879543285717145,1.0,conditional co-bidding 5.25x expected; persistence=0.73
V0200,cooccurrence,relationship:162,0.4594755494855174,0.22207306429935178,0.8333,0.28867200026621054,1.0,conditional co-bidding 4.75x expected; persistence=0.83
V0408,cooccurrence,relationship:162,0.4594755494855174,0.22207306429935178,0.8333,0.28867200026621054,1.0,conditional co-bidding 4.75x expected; persistence=0.83
V0178,cooccurrence,relationship:163,0.3306469370881411,0.3081901605384377,0.8,0.21860330407556086,1.0,conditional co-bidding 0.93x expected; persistence=0.80
V0502,cooccurrence,relationship:163,0.3306469370881411,0.3081901605384377,0.8,0.21860330407556086,1.0,conditional co-bidding 0.93x expected; persistence=0.80
V0010,cooccurrence,relationship:164,0.3826533123352658,0.2662985281588701,1.0,0.25631432802589516,1.0,conditional co-bidding 1.09x expected; persistence=1.00
V0184,cooccurrence,relationship:164,0.3826533123352658,0.2662985281588701,1.0,0.25631432802589516,1.0,conditional co-bidding 1.09x expected; persistence=1.00
V0050,cooccurrence,relationship:165,0.3788484097448277,0.2681012493072702,0.9667,0.25238087852590124,1.0,conditional co-bidding 1.13x expected; persistence=0.97
V0144,cooccurrence,relationship:165,0.3788484097448277,0.2681012493072702,0.9667,0.25238087852590124,1.0,conditional co-bidding 1.13x expected; persistence=0.97
V0317,cooccurrence,relationship:166,0.4398604092362772,0.2304287596021479,0.6281,0.2661468923962592,1.0,conditional co-bidding 5.66x expected; persistence=0.63
V0419,cooccurrence,relationship:166,0.4398604092362772,0.2304287596021479,0.6281,0.2661468923962592,1.0,conditional co-bidding 5.66x expected; persistence=0.63
V0184,cooccurrence,relationship:167,0.379873003519887,0.26658359113757696,0.9,0.24941069696667517,1.0,conditional co-bidding 1.35x expected; persistence=0.90
V0407,cooccurrence,relationship:167,0.379873003519887,0.26658359113757696,0.9,0.24941069696667517,1.0,conditional co-bidding 1.35x expected; persistence=0.90
V0001,cooccurrence,relationship:168,0.4484253064907051,0.22556346953137488,0.7333,0.27656736665825216,1.0,conditional co-bidding 5.11x expected; persistence=0.73
V0065,cooccurrence,relationship:168,0.4484253064907051,0.22556346953137488,0.7333,0.27656736665825216,1.0,conditional co-bidding 5.11x expected; persistence=0.73
V0220,cooccurrence,relationship:169,0.4449860406073461,0.22681955583686497,0.7,0.27275182275759907,1.0,conditional co-bidding 5.25x expected; persistence=0.70
V0279,cooccurrence,relationship:169,0.4449860406073461,0.22681955583686497,0.7,0.27275182275759907,1.0,conditional co-bidding 5.25x expected; persistence=0.70
V0153,cooccurrence,relationship:170,0.4449860406073461,0.22681955583686497,0.7,0.27275182275759907,1.0,conditional co-bidding 5.25x expected; persistence=0.70
V0357,cooccurrence,relationship:170,0.4449860406073461,0.22681955583686497,0.7,0.27275182275759907,1.0,conditional co-bidding 5.25x expected; persistence=0.70
V0050,cooccurrence,relationship:171,0.3651711322961494,0.2762962044923632,0.9333,0.2429621161215923,1.0,conditional co-bidding 1.03x expected; persistence=0.93
V0355,cooccurrence,relationship:171,0.3651711322961494,0.2762962044923632,0.9333,0.2429621161215923,1.0,conditional co-bidding 1.03x expected; persistence=0.93
V0013,cooccurrence,relationship:172,0.4456876077082249,0.22449576700620757,0.7333,0.2746761687770695,1.0,conditional co-bidding 5.00x expected; persistence=0.73
V0335,cooccurrence,relationship:172,0.4456876077082249,0.22449576700620757,0.7333,0.2746761687770695,1.0,conditional co-bidding 5.00x expected; persistence=0.73
V0300,cooccurrence,relationship:173,0.4456876077082249,0.22449576700620757,0.7333,0.2746761687770695,1.0,conditional co-bidding 5.00x expected; persistence=0.73
V0358,cooccurrence,relationship:173,0.4456876077082249,0.22449576700620757,0.7333,0.2746761687770695,1.0,conditional co-bidding 5.00x expected; persistence=0.73
V0407,cooccurrence,relationship:174,0.4456876077082249,0.22449576700620757,0.7333,0.2746761687770695,1.0,conditional co-bidding 5.00x expected; persistence=0.73
V0513,cooccurrence,relationship:174,0.4456876077082249,0.22449576700620757,0.7333,0.2746761687770695,1.0,conditional co-bidding 5.00x expected; persistence=0.73
V0230,cooccurrence,relationship:175,0.4616408697765433,0.21647993921285175,0.9,0.2928961992650377,1.0,conditional co-bidding 3.83x expected; persistence=0.90
V0275,cooccurrence,relationship:175,0.4616408697765433,0.21647993921285175,0.9,0.2928961992650377,1.0,conditional co-bidding 3.83x expected; persistence=0.90
V0309,cooccurrence,relationship:176,0.4436469794450827,0.2236999219835822,0.7333,0.2732681260654209,1.0,conditional co-bidding 4.92x expected; persistence=0.73
V0347,cooccurrence,relationship:176,0.4436469794450827,0.2236999219835822,0.7333,0.2732681260654209,1.0,conditional co-bidding 4.92x expected; persistence=0.73
V0010,cooccurrence,relationship:177,0.3855746387333736,0.257286365131748,1.0,0.256707445082369,1.0,conditional co-bidding 1.07x expected; persistence=1.00
V0041,cooccurrence,relationship:177,0.3855746387333736,0.257286365131748,1.0,0.256707445082369,1.0,conditional co-bidding 1.07x expected; persistence=1.00
V0025,cooccurrence,relationship:178,0.3915497913228589,0.2530137342495263,1.0,0.25993274890882107,1.0,conditional co-bidding 1.22x expected; persistence=1.00
V0050,cooccurrence,relationship:178,0.3915497913228589,0.2530137342495263,1.0,0.25993274890882107,1.0,conditional co-bidding 1.22x expected; persistence=1.00
V0184,cooccurrence,relationship:179,0.3770647913585881,0.2623559905840788,1.0,0.2519019783302911,1.0,conditional co-bidding 0.97x expected; persistence=1.00
V0295,cooccurrence,relationship:179,0.3770647913585881,0.2623559905840788,1.0,0.2519019783302911,1.0,conditional co-bidding 0.97x expected; persistence=1.00
V0019,cooccurrence,relationship:180,0.439634516428777,0.22473246140722306,0.7,0.2690835071732452,1.0,conditional co-bidding 5.03x expected; persistence=0.70
V0182,cooccurrence,relationship:180,0.439634516428777,0.22473246140722306,0.7,0.2690835071732452,1.0,conditional co-bidding 5.03x expected; persistence=0.70
V0255,cooccurrence,relationship:181,0.439634516428777,0.22473246140722306,0.7,0.2690835071732452,1.0,conditional co-bidding 5.03x expected; persistence=0.70
V0385,cooccurrence,relationship:181,0.439634516428777,0.22473246140722306,0.7,0.2690835071732452,1.0,conditional co-bidding 5.03x expected; persistence=0.70
V0052,cooccurrence,relationship:182,0.4445603277384881,0.22145092781801023,0.7667,0.2753340433442278,1.0,conditional co-bidding 4.69x expected; persistence=0.77
V0080,cooccurrence,relationship:182,0.4445603277384881,0.22145092781801023,0.7667,0.2753340433442278,1.0,conditional co-bidding 4.69x expected; persistence=0.77
V0016,cooccurrence,relationship:183,0.4463273107887392,0.21954265120760816,0.8,0.27799158473896457,1.0,conditional co-bidding 4.50x expected; persistence=0.80
V0363,cooccurrence,relationship:183,0.4463273107887392,0.21954265120760816,0.8,0.27799158473896457,1.0,conditional co-bidding 4.50x expected; persistence=0.80
V0304,cooccurrence,relationship:184,0.4403789773427509,0.2224254011636727,0.7333,0.2710160721437876,1.0,conditional co-bidding 4.79x expected; persistence=0.73
V0368,cooccurrence,relationship:184,0.4403789773427509,0.2224254011636727,0.7333,0.2710160721437876,1.0,conditional co-bidding 4.79x expected; persistence=0.73
V0119,cooccurrence,relationship:185,0.3388300519563446,0.28806720844029443,0.8333,0.22260164392897813,1.0,conditional co-bidding 0.95x expected; persistence=0.83
V0223,cooccurrence,relationship:185,0.3388300519563446,0.28806720844029443,0.8333,0.22260164392897813,1.0,conditional co-bidding 0.95x expected; persistence=0.83
V0262,cooccurrence,relationship:186,0.4394755494855173,0.2220730642993517,0.7333,0.2703941257492193,1.0,conditional co-bidding 4.75x expected; persistence=0.73
V0498,cooccurrence,relationship:186,0.4394755494855173,0.2220730642993517,0.7333,0.2703941257492193,1.0,conditional co-bidding 4.75x expected; persistence=0.73
V0066,cooccurrence,relationship:187,0.4448442655501641,0.21896426356456394,0.8,0.2769567309175587,1.0,conditional co-bidding 4.44x expected; persistence=0.80
V0364,cooccurrence,relationship:187,0.4448442655501641,0.21896426356456394,0.8,0.2769567309175587,1.0,conditional co-bidding 4.44x expected; persistence=0.80
V0218,cooccurrence,relationship:188,0.4385664950165653,0.22171853305646036,0.7333,0.26976857956695716,1.0,conditional co-bidding 4.71x expected; persistence=0.73
V0360,cooccurrence,relationship:188,0.4385664950165653,0.22171853305646036,0.7333,0.26976857956695716,1.0,conditional co-bidding 4.71x expected; persistence=0.73
V0007,cooccurrence,relationship:189,0.4471863647956638,0.21728028227030877,0.8333,0.28001883188507065,1.0,conditional co-bidding 4.29x expected; persistence=0.83
V0014,cooccurrence,relationship:189,0.4471863647956638,0.21728028227030877,0.8333,0.28001883188507065,1.0,conditional co-bidding 4.29x expected; persistence=0.83
V0024,cooccurrence,relationship:190,0.4412511930340632,0.21939769861661795,0.7667,0.27289589112743645,1.0,conditional co-bidding 4.23x expected; persistence=0.77
V0052,cooccurrence,relationship:190,0.4412511930340632,0.21939769861661795,0.7667,0.27289589112743645,1.0,conditional co-bidding 4.23x expected; persistence=0.77
V0065,cooccurrence,relationship:191,0.4416596662101293,0.21772226982195034,0.8,0.27473705440589247,1.0,conditional co-bidding 4.33x expected; persistence=0.80
V0091,cooccurrence,relationship:191,0.4416596662101293,0.21772226982195034,0.8,0.27473705440589247,1.0,conditional co-bidding 4.33x expected; persistence=0.80
V0024,cooccurrence,relationship:192,0.4431295010389531,0.21522577207185825,0.8333,0.27708248050238876,1.0,conditional co-bidding 3.95x expected; persistence=0.83
V0053,cooccurrence,relationship:192,0.4431295010389531,0.21522577207185825,0.8333,0.27708248050238876,1.0,conditional co-bidding 3.95x expected; persistence=0.83
V0153,cooccurrence,relationship:193,0.4306855477970078,0.22124236364083286,0.7,0.2629703590806286,1.0,conditional co-bidding 4.67x expected; persistence=0.70
V0526,cooccurrence,relationship:193,0.4306855477970078,0.22124236364083286,0.7,0.2629703590806286,1.0,conditional co-bidding 4.67x expected; persistence=0.70
V0042,cooccurrence,relationship:194,0.4363117299717111,0.21823397468896724,0.7667,0.2696232096743838,1.0,conditional co-bidding 4.38x expected; persistence=0.77
V0358,cooccurrence,relationship:194,0.4363117299717111,0.21823397468896724,0.7667,0.2696232096743838,1.0,conditional co-bidding 4.38x expected; persistence=0.77
V0255,cooccurrence,relationship:195,0.4381404172448209,0.21634976272547998,0.8,0.2722881008397729,1.0,conditional co-bidding 4.20x expected; persistence=0.80
V0478,cooccurrence,relationship:195,0.4381404172448209,0.21634976272547998,0.8,0.2722881008397729,1.0,conditional co-bidding 4.20x expected; persistence=0.80
V0465,cooccurrence,relationship:196,0.4293581587128292,0.2207246818980032,0.7,0.262065853944464,1.0,conditional co-bidding 4.62x expected; persistence=0.70
V0527,cooccurrence,relationship:196,0.4293581587128292,0.2207246818980032,0.7,0.262065853944464,1.0,conditional co-bidding 4.62x expected; persistence=0.70
V0165,cooccurrence,relationship:197,0.4261555494855173,0.22207306429935184,0.6667,0.2585095160910709,1.0,conditional co-bidding 4.75x expected; persistence=0.67
V0447,cooccurrence,relationship:197,0.4261555494855173,0.22207306429935184,0.6667,0.2585095160910709,1.0,conditional co-bidding 4.75x expected; persistence=0.67
V0024,cooccurrence,relationship:198,0.4303090459759586,0.21849812793062384,0.7333,0.2640989698761729,1.0,conditional co-bidding 4.40x expected; persistence=0.73
V0186,cooccurrence,relationship:198,0.4303090459759586,0.21849812793062384,0.7333,0.2640989698761729,1.0,conditional co-bidding 4.40x expected; persistence=0.73
V0066,cooccurrence,relationship:199,0.4390757095149338,0.21411712671082417,0.8333,0.27433595566543684,1.0,conditional co-bidding 4.00x expected; persistence=0.83
V0093,cooccurrence,relationship:199,0.4390757095149338,0.21411712671082417,0.8333,0.27433595566543684,1.0,conditional co-bidding 4.00x expected; persistence=0.83
V0033,cooccurrence,relationship:200,0.4298921911797504,0.21833555456010273,0.7333,0.26381335583790744,1.0,conditional co-bidding 4.38x expected; persistence=0.73
V0058,cooccurrence,relationship:200,0.4298921911797504,0.21833555456010273,0.7333,0.26381335583790744,1.0,conditional co-bidding 4.38x expected; persistence=0.73
V0091,cooccurrence,relationship:201,0.429631729971711,0.21823397468896727,0.7333,0.26363492641742003,1.0,conditional co-bidding 4.38x expected; persistence=0.73
V0386,cooccurrence,relationship:201,0.429631729971711,0.21823397468896727,0.7333,0.26363492641742003,1.0,conditional co-bidding 4.38x expected; persistence=0.73
V0375,cooccurrence,relationship:202,0.429631729971711,0.21823397468896727,0.7333,0.26363492641742003,1.0,conditional co-bidding 4.38x expected; persistence=0.73
V0458,cooccurrence,relationship:202,0.429631729971711,0.21823397468896727,0.7333,0.26363492641742003,1.0,conditional co-bidding 4.38x expected; persistence=0.73
V0221,cooccurrence,relationship:203,0.429631729971711,0.21823397468896727,0.7333,0.26363492641742003,1.0,conditional co-bidding 4.38x expected; persistence=0.73
V0380,cooccurrence,relationship:203,0.429631729971711,0.21823397468896727,0.7333,0.26363492641742003,1.0,conditional co-bidding 4.38x expected; persistence=0.73
V0042,cooccurrence,relationship:204,0.4263273107887392,0.21954265120760807,0.7,0.2600027625610198,1.0,conditional co-bidding 4.50x expected; persistence=0.70
V0172,cooccurrence,relationship:204,0.4263273107887392,0.21954265120760807,0.7,0.2600027625610198,1.0,conditional co-bidding 4.50x expected; persistence=0.70
V0122,cooccurrence,relationship:205,0.4263273107887392,0.21954265120760807,0.7,0.2600027625610198,1.0,conditional co-bidding 4.50x expected; persistence=0.70
V0363,cooccurrence,relationship:205,0.4263273107887392,0.21954265120760807,0.7,0.2600027625610198,1.0,conditional co-bidding 4.50x expected; persistence=0.70
V0298,cooccurrence,relationship:206,0.4314804172448209,0.21634976272547998,0.7667,0.2662888718364552,1.0,conditional co-bidding 4.20x expected; persistence=0.77
V0308,cooccurrence,relationship:206,0.4314804172448209,0.21634976272547998,0.7667,0.2662888718364552,1.0,conditional co-bidding 4.20x expected; persistence=0.77
V0143,cooccurrence,relationship:207,0.4222973159426246,0.22056835321762355,0.6667,0.25590219459949837,1.0,conditional co-bidding 4.60x expected; persistence=0.67
V0297,cooccurrence,relationship:207,0.4222973159426246,0.22056835321762355,0.6667,0.25590219459949837,1.0,conditional co-bidding 4.60x expected; persistence=0.67
V0027,cooccurrence,relationship:208,0.4243232334886669,0.21876106106058,0.7,0.2586402562480803,1.0,conditional co-bidding 4.42x expected; persistence=0.70
V0219,cooccurrence,relationship:208,0.4243232334886669,0.21876106106058,0.7,0.2586402562480803,1.0,conditional co-bidding 4.42x expected; persistence=0.70
V0020,cooccurrence,relationship:209,0.3930883605992712,0.23587531006036586,1.0,0.2579225258514625,1.0,conditional co-bidding 0.98x expected; persistence=1.00
V0025,cooccurrence,relationship:209,0.3930883605992712,0.23587531006036586,1.0,0.2579225258514625,1.0,conditional co-bidding 0.98x expected; persistence=1.00
V0244,cooccurrence,relationship:210,0.4413956709876722,0.20981931168519213,0.9,0.27875474777990383,1.0,conditional co-bidding 3.64x expected; persistence=0.90
V0379,cooccurrence,relationship:210,0.4413956709876722,0.20981931168519213,0.9,0.27875474777990383,1.0,conditional co-bidding 3.64x expected; persistence=0.90
V0025,cooccurrence,relationship:211,0.3786125935158021,0.24389196091255608,1.0,0.24979018197013203,1.0,conditional co-bidding 0.88x expected; persistence=1.00
V0295,cooccurrence,relationship:211,0.3786125935158021,0.24389196091255608,1.0,0.24979018197013203,1.0,conditional co-bidding 0.88x expected; persistence=1.00
V0110,cooccurrence,relationship:212,0.422971729971711,0.21823397468896732,0.7,0.2577221615621869,1.0,conditional co-bidding 4.38x expected; persistence=0.70
V0320,cooccurrence,relationship:212,0.422971729971711,0.21823397468896732,0.7,0.2577221615621869,1.0,conditional co-bidding 4.38x expected; persistence=0.70
V0232,cooccurrence,relationship:213,0.4280726047804297,0.2150207158643676,0.7667,0.2639416625346475,1.0,conditional co-bidding 4.08x expected; persistence=0.77
V0264,cooccurrence,relationship:213,0.4280726047804297,0.2150207158643676,0.7667,0.2639416625346475,1.0,conditional co-bidding 4.08x expected; persistence=0.77
V0064,cooccurrence,relationship:214,0.4248004172448208,0.21634976272548004,0.7333,0.2603293139245641,1.0,conditional co-bidding 4.20x expected; persistence=0.73
V0376,cooccurrence,relationship:214,0.4248004172448208,0.21634976272548004,0.7333,0.2603293139245641,1.0,conditional co-bidding 4.20x expected; persistence=0.73
V0119,cooccurrence,relationship:215,0.4248004172448208,0.21634976272548004,0.7333,0.2603293139245641,1.0,conditional co-bidding 4.20x expected; persistence=0.73
V0475,cooccurrence,relationship:215,0.4248004172448208,0.21634976272548004,0.7333,0.2603293139245641,1.0,conditional co-bidding 4.20x expected; persistence=0.73
V0051,cooccurrence,relationship:216,0.4216596662101293,0.2177222698219504,0.7,0.2568314353697426,1.0,conditional co-bidding 4.33x expected; persistence=0.70
V0391,cooccurrence,relationship:216,0.4216596662101293,0.2177222698219504,0.7,0.2568314353697426,1.0,conditional co-bidding 4.33x expected; persistence=0.70
V0077,cooccurrence,relationship:217,0.4207967351717245,0.2173857267169724,0.7,0.2562459234076905,1.0,conditional co-bidding 4.30x expected; persistence=0.70
V0204,cooccurrence,relationship:217,0.4207967351717245,0.2173857267169724,0.7,0.2562459234076905,1.0,conditional co-bidding 4.30x expected; persistence=0.70
V0051,cooccurrence,relationship:218,0.4233901518101834,0.2157997592059715,0.7333,0.25936586444687526,1.0,conditional co-bidding 4.15x expected; persistence=0.73
V0263,cooccurrence,relationship:218,0.4233901518101834,0.2157997592059715,0.7333,0.25936586444687526,1.0,conditional co-bidding 4.15x expected; persistence=0.73
V0256,cooccurrence,relationship:219,0.4257557095149338,0.2141171267108241,0.7667,0.26234806671238575,1.0,conditional co-bidding 4.00x expected; persistence=0.77
V0384,cooccurrence,relationship:219,0.4257557095149338,0.2141171267108241,0.7667,0.26234806671238575,1.0,conditional co-bidding 4.00x expected; persistence=0.77
V0052,cooccurrence,relationship:220,0.4038393045384871,0.22526472877000983,0.5142,0.23749066767896432,1.0,conditional co-bidding 5.08x expected; persistence=0.51
V0169,cooccurrence,relationship:220,0.4038393045384871,0.22526472877000983,0.5142,0.23749066767896432,1.0,conditional co-bidding 5.08x expected; persistence=0.51
V0245,cooccurrence,relationship:221,0.4247557095149338,0.21411712671082417,0.7617,0.2614573308200083,1.0,conditional co-bidding 4.00x expected; persistence=0.76
V0422,cooccurrence,relationship:221,0.4247557095149338,0.21411712671082417,0.7617,0.2614573308200083,1.0,conditional co-bidding 4.00x expected; persistence=0.76
V0165,cooccurrence,relationship:222,0.4211452954834873,0.2149242652385599,0.7333,0.25783361163842733,1.0,conditional co-bidding 4.07x expected; persistence=0.73
V0168,cooccurrence,relationship:222,0.4211452954834873,0.2149242652385599,0.7333,0.25783361163842733,1.0,conditional co-bidding 4.07x expected; persistence=0.73
V0009,cooccurrence,relationship:223,0.4181404172448209,0.21634976272547998,0.7,0.25444511307962003,1.0,conditional co-bidding 4.20x expected; persistence=0.70
V0114,cooccurrence,relationship:223,0.4181404172448209,0.21634976272547998,0.7,0.25444511307962003,1.0,conditional co-bidding 4.20x expected; persistence=0.70
V0001,cooccurrence,relationship:224,0.4284329622635707,0.2099664552827924,0.8333,0.26691278357584847,1.0,conditional co-bidding 3.65x expected; persistence=0.83
V0052,cooccurrence,relationship:224,0.4284329622635707,0.2099664552827924,0.8333,0.26691278357584847,1.0,conditional co-bidding 3.65x expected; persistence=0.83
V0127,cooccurrence,relationship:225,0.4280556709876722,0.20981931168519202,0.8333,0.2666503333798458,1.0,conditional co-bidding 3.64x expected; persistence=0.83
V0379,cooccurrence,relationship:225,0.4280556709876722,0.20981931168519202,0.8333,0.2666503333798458,1.0,conditional co-bidding 3.64x expected; persistence=0.83
V0034,cooccurrence,relationship:226,0.4190757095149338,0.21411712671082414,0.7333,0.2564224751242552,1.0,conditional co-bidding 4.00x expected; persistence=0.73
V0080,cooccurrence,relationship:226,0.4190757095149338,0.21411712671082414,0.7333,0.2564224751242552,1.0,conditional co-bidding 4.00x expected; persistence=0.73
V0043,cooccurrence,relationship:227,0.415808970031435,0.21544049831225964,0.7,0.2528664622980083,1.0,conditional co-bidding 4.12x expected; persistence=0.70
V0393,cooccurrence,relationship:227,0.415808970031435,0.21544049831225964,0.7,0.2528664622980083,1.0,conditional co-bidding 4.12x expected; persistence=0.70
V0231,cooccurrence,relationship:228,0.4177413809029443,0.21359673855214809,0.7333,0.2555134246376336,1.0,conditional co-bidding 3.95x expected; persistence=0.73
V0456,cooccurrence,relationship:228,0.4177413809029443,0.21359673855214809,0.7333,0.2555134246376336,1.0,conditional co-bidding 3.95x expected; persistence=0.73
V0153,cooccurrence,relationship:229,0.4118691262521518,0.21621275923833916,0.6704,0.24902678495178932,1.0,conditional co-bidding 4.19x expected; persistence=0.67
V0332,cooccurrence,relationship:229,0.4118691262521518,0.21621275923833916,0.6704,0.24902678495178932,1.0,conditional co-bidding 4.19x expected; persistence=0.67
V0001,cooccurrence,relationship:230,0.4136019208379761,0.21457974912681063,0.7,0.2513736953554166,1.0,conditional co-bidding 4.04x expected; persistence=0.70
V0201,cooccurrence,relationship:230,0.4136019208379761,0.21457974912681063,0.7,0.2513736953554166,1.0,conditional co-bidding 4.04x expected; persistence=0.70
V0441,cooccurrence,relationship:231,0.4161268953438796,0.21296708918411286,0.7333,0.25441429997392057,1.0,conditional co-bidding 3.90x expected; persistence=0.73
V0488,cooccurrence,relationship:231,0.4161268953438796,0.21296708918411286,0.7333,0.25441429997392057,1.0,conditional co-bidding 3.90x expected; persistence=0.73
V0043,cooccurrence,relationship:232,0.41826887168707,0.21119725995795727,0.7667,0.2572107861850628,1.0,conditional co-bidding 3.75x expected; persistence=0.77
V0133,cooccurrence,relationship:232,0.41826887168707,0.21119725995795727,0.7667,0.2572107861850628,1.0,conditional co-bidding 3.75x expected; persistence=0.77
V0479,cooccurrence,relationship:233,0.41826887168707,0.21119725995795727,0.7667,0.2572107861850628,1.0,conditional co-bidding 3.75x expected; persistence=0.77
V0513,cooccurrence,relationship:233,0.41826887168707,0.21119725995795727,0.7667,0.2572107861850628,1.0,conditional co-bidding 3.75x expected; persistence=0.77
V0002,cooccurrence,relationship:234,0.4124157095149338,0.2141171267108241,0.7,0.2505720496467483,1.0,conditional co-bidding 4.00x expected; persistence=0.70
V0281,cooccurrence,relationship:234,0.4124157095149338,0.2141171267108241,0.7,0.2505720496467483,1.0,conditional co-bidding 4.00x expected; persistence=0.70
V0086,cooccurrence,relationship:235,0.4151315680876602,0.2125789115541873,0.7333,0.25373712328821024,1.0,conditional co-bidding 3.87x expected; persistence=0.73
V0434,cooccurrence,relationship:235,0.4151315680876602,0.2125789115541873,0.7333,0.25373712328821024,1.0,conditional co-bidding 3.87x expected; persistence=0.73
V0039,cooccurrence,relationship:236,0.414843361976789,0.21246651117094761,0.7333,0.253541102043452,1.0,conditional co-bidding 3.86x expected; persistence=0.73
V0248,cooccurrence,relationship:236,0.414843361976789,0.21246651117094761,0.7333,0.253541102043452,1.0,conditional co-bidding 3.86x expected; persistence=0.73
V0184,cooccurrence,relationship:237,0.3825485578964269,0.22989027553718147,1.0,0.24997659386455726,1.0,conditional co-bidding 1.09x expected; persistence=1.00
V0481,cooccurrence,relationship:237,0.3825485578964269,0.22989027553718147,1.0,0.24997659386455726,1.0,conditional co-bidding 1.09x expected; persistence=1.00
V0309,cooccurrence,relationship:238,0.4289379281204457,0.20485245863364038,0.9,0.2699477674838419,1.0,conditional co-bidding 3.22x expected; persistence=0.90
V0364,cooccurrence,relationship:238,0.4289379281204457,0.20485245863364038,0.9,0.2699477674838419,1.0,conditional co-bidding 3.22x expected; persistence=0.90
V0395,cooccurrence,relationship:239,0.4169074060135669,0.210666288345291,0.7667,0.2562785980938073,1.0,conditional co-bidding 3.71x expected; persistence=0.77
V0505,cooccurrence,relationship:239,0.4169074060135669,0.210666288345291,0.7667,0.2562785980938073,1.0,conditional co-bidding 3.71x expected; persistence=0.77
V0198,cooccurrence,relationship:240,0.4051047097471358,0.21664783680138275,0.631,0.24294398915155777,1.0,conditional co-bidding 4.23x expected; persistence=0.63
V0411,cooccurrence,relationship:240,0.4051047097471358,0.21664783680138275,0.631,0.24294398915155777,1.0,conditional co-bidding 4.23x expected; persistence=0.63
V0368,cooccurrence,relationship:241,0.4105796936462077,0.213401080522021,0.7,0.2493321791769734,1.0,conditional co-bidding 3.94x expected; persistence=0.70
V0387,cooccurrence,relationship:241,0.4105796936462077,0.213401080522021,0.7,0.2493321791769734,1.0,conditional co-bidding 3.94x expected; persistence=0.70
V0025,cooccurrence,relationship:242,0.4091357095149338,0.21411712671082408,0.6836,0.2477118321877668,1.0,conditional co-bidding 4.00x expected; persistence=0.68
V0181,cooccurrence,relationship:242,0.4091357095149338,0.21411712671082408,0.6836,0.2477118321877668,1.0,conditional co-bidding 4.00x expected; persistence=0.68
V0153,cooccurrence,relationship:243,0.4220662778886792,0.2074834483765849,0.8333,0.2624904793350472,1.0,conditional co-bidding 3.45x expected; persistence=0.83
V0387,cooccurrence,relationship:243,0.4220662778886792,0.2074834483765849,0.8333,0.2624904793350472,1.0,conditional co-bidding 3.45x expected; persistence=0.83
V0499,cooccurrence,relationship:244,0.4101533819112339,0.21323481894538107,0.7,0.24904444788980762,1.0,conditional co-bidding 3.92x expected; persistence=0.70
V0529,cooccurrence,relationship:244,0.4101533819112339,0.21323481894538107,0.7,0.24904444788980762,1.0,conditional co-bidding 3.92x expected; persistence=0.70
V0028,cooccurrence,relationship:245,0.4153043787645104,0.21004110771815893,0.7667,0.2551818092045033,1.0,conditional co-bidding 3.65x expected; persistence=0.77
V0212,cooccurrence,relationship:245,0.4153043787645104,0.21004110771815893,0.7667,0.2551818092045033,1.0,conditional co-bidding 3.65x expected; persistence=0.77
V0153,cooccurrence,relationship:246,0.4150312985407983,0.2099346064309112,0.7667,0.25499505383470705,1.0,conditional co-bidding 3.65x expected; persistence=0.77
V0386,cooccurrence,relationship:246,0.4150312985407983,0.2099346064309112,0.7667,0.25499505383470705,1.0,conditional co-bidding 3.65x expected; persistence=0.77
V0073,cooccurrence,relationship:247,0.41158887168707,0.21119725995795718,0.7333,0.2513295001818446,1.0,conditional co-bidding 3.75x expected; persistence=0.73
V0248,cooccurrence,relationship:247,0.41158887168707,0.21119725995795718,0.7333,0.2513295001818446,1.0,conditional co-bidding 3.75x expected; persistence=0.73
V0186,cooccurrence,relationship:248,0.3954273107887392,0.21954265120760805,0.5455,0.23323046229085573,1.0,conditional co-bidding 4.50x expected; persistence=0.55
V0248,cooccurrence,relationship:248,0.3954273107887392,0.21954265120760805,0.5455,0.23323046229085573,1.0,conditional co-bidding 4.50x expected; persistence=0.55
V0025,cooccurrence,relationship:249,0.3867083415487876,0.2238928949447151,1.0,0.25165115039171565,1.0,conditional co-bidding 1.15x expected; persistence=1.00
V0144,cooccurrence,relationship:249,0.3867083415487876,0.2238928949447151,1.0,0.25165115039171565,1.0,conditional co-bidding 1.15x expected; persistence=1.00
V0058,cooccurrence,relationship:250,0.4072155190326569,0.2120890524227362,0.7,0.247063221697231,1.0,conditional co-bidding 3.83x expected; persistence=0.70
V0498,cooccurrence,relationship:250,0.4072155190326569,0.2120890524227362,0.7,0.247063221697231,1.0,conditional co-bidding 3.83x expected; persistence=0.70
V0010,cooccurrence,relationship:251,0.3767190204928864,0.22909119933684596,1.0,0.2460318167690603,1.0,conditional co-bidding 1.01x expected; persistence=1.00
V0025,cooccurrence,relationship:251,0.3767190204928864,0.22909119933684596,1.0,0.2460318167690603,1.0,conditional co-bidding 1.01x expected; persistence=1.00
V0220,cooccurrence,relationship:252,0.412735539716261,0.20903926048934166,0.7667,0.2534260063499825,1.0,conditional co-bidding 3.57x expected; persistence=0.77
V0313,cooccurrence,relationship:252,0.412735539716261,0.20903926048934166,0.7667,0.2534260063499825,1.0,conditional co-bidding 3.57x expected; persistence=0.77
V0262,cooccurrence,relationship:253,0.4123904395227541,0.20890467141387395,0.7667,0.25319029843261875,1.0,conditional co-bidding 3.56x expected; persistence=0.77
V0543,cooccurrence,relationship:253,0.4123904395227541,0.20890467141387395,0.7667,0.25319029843261875,1.0,conditional co-bidding 3.56x expected; persistence=0.77
V0107,cooccurrence,relationship:254,0.4063325480300394,0.21174469373171534,0.7,0.2464683232073942,1.0,conditional co-bidding 3.80x expected; persistence=0.70
V0364,cooccurrence,relationship:254,0.4063325480300394,0.21174469373171534,0.7,0.2464683232073942,1.0,conditional co-bidding 3.80x expected; persistence=0.70
V0073,cooccurrence,relationship:255,0.40492887168707,0.21119725995795718,0.7,0.2455231309015838,1.0,conditional co-bidding 3.75x expected; persistence=0.70
V0205,cooccurrence,relationship:255,0.40492887168707,0.21119725995795718,0.7,0.2455231309015838,1.0,conditional co-bidding 3.75x expected; persistence=0.70
V0248,cooccurrence,relationship:256,0.40492887168707,0.21119725995795718,0.7,0.2455231309015838,1.0,conditional co-bidding 3.75x expected; persistence=0.70
V0455,cooccurrence,relationship:256,0.40492887168707,0.21119725995795718,0.7,0.2455231309015838,1.0,conditional co-bidding 3.75x expected; persistence=0.70
V0053,cooccurrence,relationship:257,0.40492887168707,0.21119725995795718,0.7,0.2455231309015838,1.0,conditional co-bidding 3.75x expected; persistence=0.70
V0391,cooccurrence,relationship:257,0.40492887168707,0.21119725995795718,0.7,0.2455231309015838,1.0,conditional co-bidding 3.75x expected; persistence=0.70
V0197,cooccurrence,relationship:258,0.4103771477826676,0.20811948763524016,0.7667,0.2518159884231403,1.0,conditional co-bidding 3.50x expected; persistence=0.77
V0275,cooccurrence,relationship:258,0.4103771477826676,0.20811948763524016,0.7667,0.2518159884231403,1.0,conditional co-bidding 3.50x expected; persistence=0.77
V0072,cooccurrence,relationship:259,0.4103771477826676,0.20811948763524016,0.7667,0.2518159884231403,1.0,conditional co-bidding 3.50x expected; persistence=0.77
V0091,cooccurrence,relationship:259,0.4103771477826676,0.20811948763524016,0.7667,0.2518159884231403,1.0,conditional co-bidding 3.50x expected; persistence=0.77
V0304,cooccurrence,relationship:260,0.4103771477826676,0.20811948763524016,0.7667,0.2518159884231403,1.0,conditional co-bidding 3.50x expected; persistence=0.77
V0345,cooccurrence,relationship:260,0.4103771477826676,0.20811948763524016,0.7667,0.2518159884231403,1.0,conditional co-bidding 3.50x expected; persistence=0.77
V0039,cooccurrence,relationship:261,0.4094465219316962,0.20775654355336146,0.7667,0.2511811844631,1.0,conditional co-bidding 3.47x expected; persistence=0.77
V0207,cooccurrence,relationship:261,0.4094465219316962,0.20775654355336146,0.7667,0.2511811844631,1.0,conditional co-bidding 3.47x expected; persistence=0.77
V0169,cooccurrence,relationship:262,0.409293017641719,0.20769667688027035,0.7667,0.2510765030607981,1.0,conditional co-bidding 3.47x expected; persistence=0.77
V0453,cooccurrence,relationship:262,0.409293017641719,0.20769667688027035,0.7667,0.2510765030607981,1.0,conditional co-bidding 3.47x expected; persistence=0.77
V0144,cooccurrence,relationship:263,0.4063743510545916,0.20916359691129063,0.7333,0.24779328887553775,1.0,conditional co-bidding 3.58x expected; persistence=0.73
V0539,cooccurrence,relationship:263,0.4063743510545916,0.20916359691129063,0.7333,0.24779328887553775,1.0,conditional co-bidding 3.58x expected; persistence=0.73
V0053,cooccurrence,relationship:264,0.4057104395227541,0.20890467141387387,0.7333,0.24734370768938896,1.0,conditional co-bidding 3.56x expected; persistence=0.73
V0404,cooccurrence,relationship:264,0.4057104395227541,0.20890467141387387,0.7333,0.24734370768938896,1.0,conditional co-bidding 3.56x expected; persistence=0.73
V0258,cooccurrence,relationship:265,0.4143963341073391,0.20449217030186226,0.8333,0.2571811944492273,1.0,conditional co-bidding 3.22x expected; persistence=0.83
V0277,cooccurrence,relationship:265,0.4143963341073391,0.20449217030186226,0.8333,0.2571811944492273,1.0,conditional co-bidding 3.22x expected; persistence=0.83
V0016,cooccurrence,relationship:266,0.4198453784225214,0.20141469758478317,0.9,0.2635889551676965,1.0,conditional co-bidding 3.00x expected; persistence=0.90
V0123,cooccurrence,relationship:266,0.4198453784225214,0.20141469758478317,0.9,0.2635889551676965,1.0,conditional co-bidding 3.00x expected; persistence=0.90
V0259,cooccurrence,relationship:267,0.4080426582503164,0.20720903671762325,0.7667,0.2502241210701899,1.0,conditional co-bidding 3.43x expected; persistence=0.77
V0403,cooccurrence,relationship:267,0.4080426582503164,0.20720903671762325,0.7667,0.2502241210701899,1.0,conditional co-bidding 3.43x expected; persistence=0.77
V0002,cooccurrence,relationship:268,0.4080426582503164,0.20720903671762325,0.7667,0.2502241210701899,1.0,conditional co-bidding 3.43x expected; persistence=0.77
V0092,cooccurrence,relationship:268,0.4080426582503164,0.20720903671762325,0.7667,0.2502241210701899,1.0,conditional co-bidding 3.43x expected; persistence=0.77
V0028,cooccurrence,relationship:269,0.4019643787645104,0.210041107718159,0.7,0.24352906917054323,1.0,conditional co-bidding 3.65x expected; persistence=0.70
V0421,cooccurrence,relationship:269,0.4019643787645104,0.210041107718159,0.7,0.24352906917054323,1.0,conditional co-bidding 3.65x expected; persistence=0.70
V0430,cooccurrence,relationship:270,0.3934357095149338,0.2141171267108242,0.6051,0.23421376121320112,1.0,conditional co-bidding 4.00x expected; persistence=0.61
V0464,cooccurrence,relationship:270,0.3934357095149338,0.2141171267108242,0.6051,0.23421376121320112,1.0,conditional co-bidding 4.00x expected; persistence=0.61
V0056,cooccurrence,relationship:271,0.39826887168707,0.21119725995795716,0.6667,0.23977398378438847,1.0,conditional co-bidding 3.75x expected; persistence=0.67
V0162,cooccurrence,relationship:271,0.39826887168707,0.21119725995795716,0.6667,0.23977398378438847,1.0,conditional co-bidding 3.75x expected; persistence=0.67
V0191,cooccurrence,relationship:272,0.4059446561308124,0.20639081589101674,0.7667,0.24879506824036046,1.0,conditional co-bidding 3.37x expected; persistence=0.77
V0445,cooccurrence,relationship:272,0.4059446561308124,0.20639081589101674,0.7667,0.24879506824036046,1.0,conditional co-bidding 3.37x expected; persistence=0.77
V0175,cooccurrence,relationship:273,0.3997143510545916,0.2091635969112906,0.7,0.24201752695896392,1.0,conditional co-bidding 3.58x expected; persistence=0.70
V0369,cooccurrence,relationship:273,0.3997143510545916,0.2091635969112906,0.7,0.24201752695896392,1.0,conditional co-bidding 3.58x expected; persistence=0.70
V0529,cooccurrence,relationship:274,0.3856004172448208,0.2163497627254801,0.5373,0.22652132759695284,1.0,conditional co-bidding 4.20x expected; persistence=0.54
V0543,cooccurrence,relationship:274,0.3856004172448208,0.2163497627254801,0.5373,0.22652132759695284,1.0,conditional co-bidding 4.20x expected; persistence=0.54
V0297,cooccurrence,relationship:275,0.4020662778886792,0.20748344837658486,0.7333,0.24487859784609187,1.0,conditional co-bidding 3.45x expected; persistence=0.73
V0547,cooccurrence,relationship:275,0.4020662778886792,0.20748344837658486,0.7333,0.24487859784609187,1.0,conditional co-bidding 3.45x expected; persistence=0.73
V0371,cooccurrence,relationship:276,0.4020662778886792,0.20748344837658486,0.7333,0.24487859784609187,1.0,conditional co-bidding 3.45x expected; persistence=0.73
V0429,cooccurrence,relationship:276,0.4020662778886792,0.20748344837658486,0.7333,0.24487859784609187,1.0,conditional co-bidding 3.45x expected; persistence=0.73
V0159,cooccurrence,relationship:277,0.4048673962676961,0.20597068454440143,0.7667,0.24806186566085603,1.0,conditional co-bidding 3.33x expected; persistence=0.77
V0415,cooccurrence,relationship:277,0.4048673962676961,0.20597068454440143,0.7667,0.24806186566085603,1.0,conditional co-bidding 3.33x expected; persistence=0.77
V0088,cooccurrence,relationship:278,0.4105041748367726,0.20297422818634123,0.8333,0.25449460024476156,1.0,conditional co-bidding 3.11x expected; persistence=0.83
V0346,cooccurrence,relationship:278,0.4105041748367726,0.20297422818634123,0.8333,0.25449460024476156,1.0,conditional co-bidding 3.11x expected; persistence=0.83
V0172,cooccurrence,relationship:279,0.4098351649287882,0.20271331432222728,0.8333,0.2540333284591029,1.0,conditional co-bidding 3.09x expected; persistence=0.83
V0421,cooccurrence,relationship:279,0.4098351649287882,0.20271331432222728,0.8333,0.2540333284591029,1.0,conditional co-bidding 3.09x expected; persistence=0.83
V0293,cooccurrence,relationship:280,0.3978457999175051,0.20843486196782698,0.7,0.24076352580444071,1.0,conditional co-bidding 3.52x expected; persistence=0.70
V0485,cooccurrence,relationship:280,0.3978457999175051,0.20843486196782698,0.7,0.24076352580444071,1.0,conditional co-bidding 3.52x expected; persistence=0.70
V0145,cooccurrence,relationship:281,0.3970371477826675,0.20811948763524019,0.7,0.2402211893697933,1.0,conditional co-bidding 3.50x expected; persistence=0.70
V0337,cooccurrence,relationship:281,0.3970371477826675,0.20811948763524019,0.7,0.2402211893697933,1.0,conditional co-bidding 3.50x expected; persistence=0.70
V0136,cooccurrence,relationship:282,0.3995852889161887,0.20651586267731356,0.7333,0.24320284619933968,1.0,conditional co-bidding 3.38x expected; persistence=0.73
V0331,cooccurrence,relationship:282,0.3995852889161887,0.20651586267731356,0.7333,0.24320284619933968,1.0,conditional co-bidding 3.38x expected; persistence=0.73
V0083,cooccurrence,relationship:283,0.3962989905613459,0.20783160631892472,0.7,0.2397263199197805,1.0,conditional co-bidding 3.48x expected; persistence=0.70
V0431,cooccurrence,relationship:283,0.3962989905613459,0.20783160631892472,0.7,0.2397263199197805,1.0,conditional co-bidding 3.48x expected; persistence=0.70
V0039,cooccurrence,relationship:284,0.3961065219316961,0.20775654355336134,0.7,0.2395973161920119,1.0,conditional co-bidding 3.47x expected; persistence=0.70
V0364,cooccurrence,relationship:284,0.3961065219316961,0.20775654355336134,0.7,0.2395973161920119,1.0,conditional co-bidding 3.47x expected; persistence=0.70
V0389,cooccurrence,relationship:285,0.3868371648242327,0.21269809428145062,0.5903,0.22931874460918034,1.0,conditional co-bidding 3.88x expected; persistence=0.59
V0547,cooccurrence,relationship:285,0.3868371648242327,0.21269809428145062,0.5903,0.22931874460918034,1.0,conditional co-bidding 3.88x expected; persistence=0.59
V0187,cooccurrence,relationship:286,0.3851792400812245,0.21346330363167743,0.5722,0.22755685493329386,1.0,conditional co-bidding 3.94x expected; persistence=0.57
V0251,cooccurrence,relationship:286,0.3851792400812245,0.21346330363167743,0.5722,0.22755685493329386,1.0,conditional co-bidding 3.94x expected; persistence=0.57
V0308,cooccurrence,relationship:287,0.3957829947842081,0.2076303679658411,0.7,0.23938049692346106,1.0,conditional co-bidding 3.46x expected; persistence=0.70
V0456,cooccurrence,relationship:287,0.3957829947842081,0.2076303679658411,0.7,0.23938049692346106,1.0,conditional co-bidding 3.46x expected; persistence=0.70
V0029,cooccurrence,relationship:288,0.3956782668085958,0.20758952405535228,0.7,0.23931031842535572,1.0,conditional co-bidding 3.46x expected; persistence=0.70
V0363,cooccurrence,relationship:288,0.3956782668085958,0.20758952405535228,0.7,0.23931031842535572,1.0,conditional co-bidding 3.46x expected; persistence=0.70
V0034,cooccurrence,relationship:289,0.3984431677382742,0.20607043541792677,0.7333,0.24243210283178485,1.0,conditional co-bidding 3.34x expected; persistence=0.73
V0056,cooccurrence,relationship:289,0.3984431677382742,0.20607043541792677,0.7333,0.24243210283178485,1.0,conditional co-bidding 3.34x expected; persistence=0.73
V0134,cooccurrence,relationship:290,0.4010763341073391,0.20449217030186226,0.7667,0.24548468798561124,1.0,conditional co-bidding 3.22x expected; persistence=0.77
V0502,cooccurrence,relationship:290,0.4010763341073391,0.20449217030186226,0.7667,0.24548468798561124,1.0,conditional co-bidding 3.22x expected; persistence=0.77
V0161,cooccurrence,relationship:291,0.4032286560925776,0.20273417587610504,0.8,0.24821996546694608,1.0,conditional co-bidding 3.09x expected; persistence=0.80
V0530,cooccurrence,relationship:291,0.4032286560925776,0.20273417587610504,0.8,0.24821996546694608,1.0,conditional co-bidding 3.09x expected; persistence=0.80
V0040,cooccurrence,relationship:292,0.4003068560170674,0.2041920738466562,0.7667,0.244962181149996,1.0,conditional co-bidding 3.20x expected; persistence=0.77
V0258,cooccurrence,relationship:292,0.4003068560170674,0.2041920738466562,0.7667,0.244962181149996,1.0,conditional co-bidding 3.20x expected; persistence=0.77
V0420,cooccurrence,relationship:293,0.3944189370077629,0.20709838543302753,0.7,0.23846672152430687,1.0,conditional co-bidding 3.42x expected; persistence=0.70
V0528,cooccurrence,relationship:293,0.3944189370077629,0.20709838543302753,0.7,0.23846672152430687,1.0,conditional co-bidding 3.42x expected; persistence=0.70
V0249,cooccurrence,relationship:294,0.3938829828120357,0.2068893632966939,0.7,0.23810785651390623,1.0,conditional co-bidding 3.40x expected; persistence=0.70
V0274,cooccurrence,relationship:294,0.3938829828120357,0.2068893632966939,0.7,0.23810785651390623,1.0,conditional co-bidding 3.40x expected; persistence=0.70
V0033,cooccurrence,relationship:295,0.3966705142361932,0.20537910055211528,0.7333,0.24123671259117233,1.0,conditional co-bidding 3.29x expected; persistence=0.73
V0164,cooccurrence,relationship:295,0.3966705142361932,0.20537910055211528,0.7333,0.24123671259117233,1.0,conditional co-bidding 3.29x expected; persistence=0.73
V0454,cooccurrence,relationship:296,0.4024278080665796,0.202421845145966,0.8,0.2476726801802078,1.0,conditional co-bidding 3.07x expected; persistence=0.80
V0539,cooccurrence,relationship:296,0.4024278080665796,0.202421845145966,0.8,0.2476726801802078,1.0,conditional co-bidding 3.07x expected; persistence=0.80
V0304,cooccurrence,relationship:297,0.3874664603265887,0.2101901195273696,0.6256,0.23105360731980198,1.0,conditional co-bidding 3.67x expected; persistence=0.63
V0455,cooccurrence,relationship:297,0.3874664603265887,0.2101901195273696,0.6256,0.23105360731980198,1.0,conditional co-bidding 3.67x expected; persistence=0.63
V0346,cooccurrence,relationship:298,0.3964218432167147,0.2052821188545187,0.7333,0.24106910460842224,1.0,conditional co-bidding 3.28x expected; persistence=0.73
V0445,cooccurrence,relationship:298,0.3964218432167147,0.2052821188545187,0.7333,0.24106910460842224,1.0,conditional co-bidding 3.28x expected; persistence=0.73
V0080,cooccurrence,relationship:299,0.407875486654212,0.19934383979514267,0.8667,0.2539637532839708,1.0,conditional co-bidding 2.86x expected; persistence=0.87
V0215,cooccurrence,relationship:299,0.407875486654212,0.19934383979514267,0.8667,0.2539637532839708,1.0,conditional co-bidding 2.86x expected; persistence=0.87
V0396,cooccurrence,relationship:300,0.4042993716408559,0.20055435493993376,0.8333,0.25022231343438617,1.0,conditional co-bidding 2.94x expected; persistence=0.83
V0513,cooccurrence,relationship:300,0.4042993716408559,0.20055435493993376,0.8333,0.25022231343438617,1.0,conditional co-bidding 2.94x expected; persistence=0.83
V0003,cooccurrence,relationship:301,0.3953542292778759,0.20486574941837146,0.7333,0.24034975033371433,1.0,conditional co-bidding 3.25x expected; persistence=0.73
V0112,cooccurrence,relationship:301,0.3953542292778759,0.20486574941837146,0.7333,0.24034975033371433,1.0,conditional co-bidding 3.25x expected; persistence=0.73
V0439,cooccurrence,relationship:302,0.381475519032657,0.21208905242273599,0.5713,0.22510871968130125,1.0,conditional co-bidding 3.83x expected; persistence=0.57
V0498,cooccurrence,relationship:302,0.381475519032657,0.21208905242273599,0.5713,0.22510871968130125,1.0,conditional co-bidding 3.83x expected; persistence=0.57
V0052,cooccurrence,relationship:303,0.3976768508631819,0.2031663718366409,0.7667,0.24317779684170002,1.0,conditional co-bidding 3.12x expected; persistence=0.77
V0088,cooccurrence,relationship:303,0.3976768508631819,0.2031663718366409,0.7667,0.24317779684170002,1.0,conditional co-bidding 3.12x expected; persistence=0.77
V0072,cooccurrence,relationship:304,0.3976768508631819,0.2031663718366409,0.7667,0.24317779684170002,1.0,conditional co-bidding 3.12x expected; persistence=0.77
V0533,cooccurrence,relationship:304,0.3976768508631819,0.2031663718366409,0.7667,0.24317779684170002,1.0,conditional co-bidding 3.12x expected; persistence=0.77
V0052,cooccurrence,relationship:305,0.3947967959264667,0.20464835041132187,0.7333,0.23997430432641825,1.0,conditional co-bidding 3.23x expected; persistence=0.73
V0091,cooccurrence,relationship:305,0.3947967959264667,0.20464835041132187,0.7333,0.23997430432641825,1.0,conditional co-bidding 3.23x expected; persistence=0.73
V0276,cooccurrence,relationship:306,0.4031501370500684,0.20010615344952667,0.8333,0.2494324473826473,1.0,conditional co-bidding 2.91x expected; persistence=0.83
V0379,cooccurrence,relationship:306,0.4031501370500684,0.20010615344952667,0.8333,0.2494324473826473,1.0,conditional co-bidding 2.91x expected; persistence=0.83
V0025,cooccurrence,relationship:307,0.391527396267696,0.2059706845444015,0.7,0.23653172301528097,1.0,conditional co-bidding 3.33x expected; persistence=0.70
V0215,cooccurrence,relationship:307,0.391527396267696,0.2059706845444015,0.7,0.23653172301528097,1.0,conditional co-bidding 3.33x expected; persistence=0.70
V0369,cooccurrence,relationship:308,0.391527396267696,0.2059706845444015,0.7,0.23653172301528097,1.0,conditional co-bidding 3.33x expected; persistence=0.70
V0396,cooccurrence,relationship:308,0.391527396267696,0.2059706845444015,0.7,0.23653172301528097,1.0,conditional co-bidding 3.33x expected; persistence=0.70
V0298,cooccurrence,relationship:309,0.3943479281204456,0.20447329196697364,0.7333,0.2396720551104974,1.0,conditional co-bidding 3.22x expected; persistence=0.73
V0309,cooccurrence,relationship:309,0.3943479281204456,0.20447329196697364,0.7333,0.2396720551104974,1.0,conditional co-bidding 3.22x expected; persistence=0.73
V0255,cooccurrence,relationship:310,0.3971841748367726,0.20297422818634114,0.7667,0.2428437874586963,1.0,conditional co-bidding 3.11x expected; persistence=0.77
V0304,cooccurrence,relationship:310,0.3971841748367726,0.20297422818634114,0.7667,0.2428437874586963,1.0,conditional co-bidding 3.11x expected; persistence=0.77
V0424,cooccurrence,relationship:311,0.3998453784225214,0.20141469758478334,0.8,0.2459093657485701,1.0,conditional co-bidding 3.00x expected; persistence=0.80
V0433,cooccurrence,relationship:311,0.3998453784225214,0.20141469758478334,0.8,0.2459093657485701,1.0,conditional co-bidding 3.00x expected; persistence=0.80
V0202,cooccurrence,relationship:312,0.3883795107539559,0.2073092091940427,0.6671,0.23320595436315725,1.0,conditional co-bidding 3.44x expected; persistence=0.67
V0448,cooccurrence,relationship:312,0.3883795107539559,0.2073092091940427,0.6671,0.23320595436315725,1.0,conditional co-bidding 3.44x expected; persistence=0.67
V0344,cooccurrence,relationship:313,0.3937831594448168,0.20425303218347846,0.7333,0.2392918581003855,1.0,conditional co-bidding 3.20x expected; persistence=0.73
V0509,cooccurrence,relationship:313,0.3937831594448168,0.20425303218347846,0.7333,0.2392918581003855,1.0,conditional co-bidding 3.20x expected; persistence=0.73
V0039,cooccurrence,relationship:314,0.3933590146362151,0.20408761570812378,0.7333,0.23900639745296073,1.0,conditional co-bidding 3.19x expected; persistence=0.73
V0263,cooccurrence,relationship:314,0.3933590146362151,0.20408761570812378,0.7333,0.23900639745296073,1.0,conditional co-bidding 3.19x expected; persistence=0.73
V0362,cooccurrence,relationship:315,0.3904013988792987,0.20553154556292644,0.7,0.23577895984797037,1.0,conditional co-bidding 3.30x expected; persistence=0.70
V0436,cooccurrence,relationship:315,0.3904013988792987,0.20553154556292644,0.7,0.23577895984797037,1.0,conditional co-bidding 3.30x expected; persistence=0.70
V0245,cooccurrence,relationship:316,0.3925829755109254,0.20438556044926076,0.7256,0.23819657831466645,1.0,conditional co-bidding 3.21x expected; persistence=0.73
V0335,cooccurrence,relationship:316,0.3925829755109254,0.20438556044926076,0.7256,0.23819657831466645,1.0,conditional co-bidding 3.21x expected; persistence=0.73
V0080,cooccurrence,relationship:317,0.401195486654212,0.19934383979514256,0.8333,0.24809005032937909,1.0,conditional co-bidding 2.86x expected; persistence=0.83
V0321,cooccurrence,relationship:317,0.401195486654212,0.19934383979514256,0.8333,0.24809005032937909,1.0,conditional co-bidding 2.86x expected; persistence=0.83
V0119,cooccurrence,relationship:318,0.4138903052853535,0.19315815239462095,0.9333,0.2600988661765621,1.0,conditional co-bidding 1.82x expected; persistence=0.93
V0460,cooccurrence,relationship:318,0.4138903052853535,0.19315815239462095,0.9333,0.2600988661765621,1.0,conditional co-bidding 1.82x expected; persistence=0.93
V0495,cooccurrence,relationship:319,0.3981497135554226,0.20075338828661474,0.8,0.24475276730323273,1.0,conditional co-bidding 2.95x expected; persistence=0.80
V0513,cooccurrence,relationship:319,0.3981497135554226,0.20075338828661474,0.8,0.24475276730323273,1.0,conditional co-bidding 2.95x expected; persistence=0.80
V0039,cooccurrence,relationship:320,0.3978873692046408,0.20065107398980994,0.8,0.24457391101785939,1.0,conditional co-bidding 2.95x expected; persistence=0.80
V0275,cooccurrence,relationship:320,0.3978873692046408,0.20065107398980994,0.8,0.24457391101785939,1.0,conditional co-bidding 2.95x expected; persistence=0.80
V0240,cooccurrence,relationship:321,0.3862652889161887,0.20651586267731362,0.6667,0.23178786585848568,1.0,conditional co-bidding 3.38x expected; persistence=0.67
V0329,cooccurrence,relationship:321,0.3862652889161887,0.20651586267731362,0.6667,0.23178786585848568,1.0,conditional co-bidding 3.38x expected; persistence=0.67
V0043,cooccurrence,relationship:322,0.397683820101941,0.20057168983975693,0.8,0.24443515504796817,1.0,conditional co-bidding 2.94x expected; persistence=0.80
V0376,cooccurrence,relationship:322,0.397683820101941,0.20057168983975693,0.8,0.24443515504796817,1.0,conditional co-bidding 2.94x expected; persistence=0.80
V0240,cooccurrence,relationship:323,0.3918787951597394,0.20351033011229835,0.7333,0.238010639014035,1.0,conditional co-bidding 3.15x expected; persistence=0.73
V0529,cooccurrence,relationship:323,0.3918787951597394,0.20351033011229835,0.7333,0.238010639014035,1.0,conditional co-bidding 3.15x expected; persistence=0.73
V0052,cooccurrence,relationship:324,0.3916288643162714,0.2034128570833457,0.7333,0.23784257987859453,1.0,conditional co-bidding 3.14x expected; persistence=0.73
V0394,cooccurrence,relationship:324,0.3916288643162714,0.2034128570833457,0.7333,0.23784257987859453,1.0,conditional co-bidding 3.14x expected; persistence=0.73
V0309,cooccurrence,relationship:325,0.4002920509652782,0.1989914998764583,0.8333,0.24747003501864484,1.0,conditional co-bidding 2.83x expected; persistence=0.83
V0523,cooccurrence,relationship:325,0.4002920509652782,0.1989914998764583,0.8333,0.24747003501864484,1.0,conditional co-bidding 2.83x expected; persistence=0.83
V0224,cooccurrence,relationship:326,0.4021338981854635,0.19803282029233069,0.8333,0.24844100965072322,1.0,conditional co-bidding 2.40x expected; persistence=0.83
V0426,cooccurrence,relationship:326,0.4021338981854635,0.19803282029233069,0.8333,0.24844100965072322,1.0,conditional co-bidding 2.40x expected; persistence=0.83
V0044,cooccurrence,relationship:327,0.3915478089450578,0.20338124548857256,0.7333,0.23778808087628525,1.0,conditional co-bidding 3.14x expected; persistence=0.73
V0483,cooccurrence,relationship:327,0.3915478089450578,0.20338124548857256,0.7333,0.23778808087628525,1.0,conditional co-bidding 3.14x expected; persistence=0.73
V0129,cooccurrence,relationship:328,0.3912902476894058,0.20328079659886805,0.7333,0.23761491953254113,1.0,conditional co-bidding 3.13x expected; persistence=0.73
V0367,cooccurrence,relationship:328,0.3912902476894058,0.20328079659886805,0.7333,0.23761491953254113,1.0,conditional co-bidding 3.13x expected; persistence=0.73
V0014,cooccurrence,relationship:329,0.4025928630694424,0.19728361659708246,0.8667,0.2503112333185552,1.0,conditional co-bidding 2.72x expected; persistence=0.87
V0322,cooccurrence,relationship:329,0.4025928630694424,0.19728361659708246,0.8667,0.2503112333185552,1.0,conditional co-bidding 2.72x expected; persistence=0.87
V0191,cooccurrence,relationship:330,0.3880333334995759,0.20460800006483457,0.7,0.23419720180911077,1.0,conditional co-bidding 3.23x expected; persistence=0.70
V0391,cooccurrence,relationship:330,0.3880333334995759,0.20460800006483457,0.7,0.23419720180911077,1.0,conditional co-bidding 3.23x expected; persistence=0.70
V0042,cooccurrence,relationship:331,0.3931853784225214,0.20141469758478323,0.7667,0.24013581109036636,1.0,conditional co-bidding 3.00x expected; persistence=0.77
V0376,cooccurrence,relationship:331,0.3931853784225214,0.20141469758478323,0.7667,0.24013581109036636,1.0,conditional co-bidding 3.00x expected; persistence=0.77
V0136,cooccurrence,relationship:332,0.3931853784225214,0.20141469758478323,0.7667,0.24013581109036636,1.0,conditional co-bidding 3.00x expected; persistence=0.77
V0469,cooccurrence,relationship:332,0.3931853784225214,0.20141469758478323,0.7667,0.24013581109036636,1.0,conditional co-bidding 3.00x expected; persistence=0.77
V0094,cooccurrence,relationship:333,0.3931853784225214,0.20141469758478323,0.7667,0.24013581109036636,1.0,conditional co-bidding 3.00x expected; persistence=0.77
V0387,cooccurrence,relationship:333,0.3931853784225214,0.20141469758478323,0.7667,0.24013581109036636,1.0,conditional co-bidding 3.00x expected; persistence=0.77
V0172,cooccurrence,relationship:334,0.3898351649287882,0.20271331432222736,0.7333,0.23663706496818318,1.0,conditional co-bidding 3.09x expected; persistence=0.73
V0220,cooccurrence,relationship:334,0.3898351649287882,0.20271331432222736,0.7333,0.23663706496818318,1.0,conditional co-bidding 3.09x expected; persistence=0.73
V0090,cooccurrence,relationship:335,0.3897852221499751,0.2026938366384903,0.7333,0.23660351457181863,1.0,conditional co-bidding 3.09x expected; persistence=0.73
V0431,cooccurrence,relationship:335,0.3897852221499751,0.2026938366384903,0.7333,0.23660351457181863,1.0,conditional co-bidding 3.09x expected; persistence=0.73
V0043,cooccurrence,relationship:336,0.3896888556489637,0.20265625370309562,0.7333,0.2365387801418591,1.0,conditional co-bidding 3.09x expected; persistence=0.73
V0069,cooccurrence,relationship:336,0.3896888556489637,0.20265625370309562,0.7333,0.2365387801418591,1.0,conditional co-bidding 3.09x expected; persistence=0.73
V0313,cooccurrence,relationship:337,0.3923730366628101,0.20109788429849595,0.7667,0.23958634889062871,1.0,conditional co-bidding 2.98x expected; persistence=0.77
V0426,cooccurrence,relationship:337,0.3923730366628101,0.20109788429849595,0.7667,0.23958634889062871,1.0,conditional co-bidding 2.98x expected; persistence=0.77
V0215,cooccurrence,relationship:338,0.3978306649955985,0.19803155934828337,0.8333,0.24578222521582874,1.0,conditional co-bidding 2.77x expected; persistence=0.83
V0513,cooccurrence,relationship:338,0.3978306649955985,0.19803155934828337,0.8333,0.24578222521582874,1.0,conditional co-bidding 2.77x expected; persistence=0.83
V0212,cooccurrence,relationship:339,0.3889192138344701,0.20235609339544325,0.7333,0.23602188212707384,1.0,conditional co-bidding 3.07x expected; persistence=0.73
V0247,cooccurrence,relationship:339,0.3889192138344701,0.20235609339544325,0.7333,0.23602188212707384,1.0,conditional co-bidding 3.07x expected; persistence=0.73
V0536,cooccurrence,relationship:340,0.394535486654212,0.19934383979514245,0.8,0.24229076749450537,1.0,conditional co-bidding 2.86x expected; persistence=0.80
V0540,cooccurrence,relationship:340,0.394535486654212,0.19934383979514245,0.8,0.24229076749450537,1.0,conditional co-bidding 2.86x expected; persistence=0.80
V0219,cooccurrence,relationship:341,0.3913493625537954,0.2006986513959801,0.7667,0.23889425744831408,1.0,conditional co-bidding 2.95x expected; persistence=0.77
V0301,cooccurrence,relationship:341,0.3913493625537954,0.2006986513959801,0.7667,0.23889425744831408,1.0,conditional co-bidding 2.95x expected; persistence=0.77
V0076,cooccurrence,relationship:342,0.3855946448881254,0.20365691150636894,0.7,0.23257020452852528,1.0,conditional co-bidding 3.16x expected; persistence=0.70
V0363,cooccurrence,relationship:342,0.3855946448881254,0.20365691150636894,0.7,0.23257020452852528,1.0,conditional co-bidding 3.16x expected; persistence=0.70
V0144,cooccurrence,relationship:343,0.4148671313801571,0.1891035145715944,0.9,0.25821108300118706,1.0,conditional co-bidding 0.70x expected; persistence=0.90
V0460,cooccurrence,relationship:343,0.4148671313801571,0.1891035145715944,0.9,0.25821108300118706,1.0,conditional co-bidding 0.70x expected; persistence=0.90
V0251,cooccurrence,relationship:344,0.3852187951597394,0.20351033011229833,0.7,0.2323196268608271,1.0,conditional co-bidding 3.15x expected; persistence=0.70
V0421,cooccurrence,relationship:344,0.3852187951597394,0.20351033011229833,0.7,0.2323196268608271,1.0,conditional co-bidding 3.15x expected; persistence=0.70
V0162,cooccurrence,relationship:345,0.3908867271839225,0.20051822360172974,0.7667,0.23858159132970652,1.0,conditional co-bidding 2.94x expected; persistence=0.77
V0485,cooccurrence,relationship:345,0.3908867271839225,0.20051822360172974,0.7667,0.23858159132970652,1.0,conditional co-bidding 2.94x expected; persistence=0.77
V0169,cooccurrence,relationship:346,0.3849688643162714,0.20341285708334564,0.7,0.232153024664304,1.0,conditional co-bidding 3.14x expected; persistence=0.70
V0218,cooccurrence,relationship:346,0.3849688643162714,0.20341285708334564,0.7,0.232153024664304,1.0,conditional co-bidding 3.14x expected; persistence=0.70
V0169,cooccurrence,relationship:347,0.3849688643162714,0.20341285708334564,0.7,0.232153024664304,1.0,conditional co-bidding 3.14x expected; persistence=0.70
V0201,cooccurrence,relationship:347,0.3849688643162714,0.20341285708334564,0.7,0.232153024664304,1.0,conditional co-bidding 3.14x expected; persistence=0.70
V0024,cooccurrence,relationship:348,0.3849688643162714,0.20341285708334564,0.7,0.232153024664304,1.0,conditional co-bidding 3.14x expected; persistence=0.70
V0201,cooccurrence,relationship:348,0.3849688643162714,0.20341285708334564,0.7,0.232153024664304,1.0,conditional co-bidding 3.14x expected; persistence=0.70
V0121,cooccurrence,relationship:349,0.387606868902257,0.20184427887188028,0.7333,0.2351409540027379,1.0,conditional co-bidding 3.03x expected; persistence=0.73
V0340,cooccurrence,relationship:349,0.387606868902257,0.20184427887188028,0.7333,0.2351409540027379,1.0,conditional co-bidding 3.03x expected; persistence=0.73
V0052,cooccurrence,relationship:350,0.3843368508631818,0.2031663718366409,0.7,0.23173182075918095,1.0,conditional co-bidding 3.12x expected; persistence=0.70
V0458,cooccurrence,relationship:350,0.3843368508631818,0.2031663718366409,0.7,0.23173182075918095,1.0,conditional co-bidding 3.12x expected; persistence=0.70
V0188,cooccurrence,relationship:351,0.3843368508631818,0.2031663718366409,0.7,0.23173182075918095,1.0,conditional co-bidding 3.12x expected; persistence=0.70
V0340,cooccurrence,relationship:351,0.3843368508631818,0.2031663718366409,0.7,0.23173182075918095,1.0,conditional co-bidding 3.12x expected; persistence=0.70
V0115,cooccurrence,relationship:352,0.3838441748367726,0.20297422818634112,0.7,0.2314035693711585,1.0,conditional co-bidding 3.11x expected; persistence=0.70
V0180,cooccurrence,relationship:352,0.3838441748367726,0.20297422818634112,0.7,0.2314035693711585,1.0,conditional co-bidding 3.11x expected; persistence=0.70
V0337,cooccurrence,relationship:353,0.3923585405946576,0.1984948308319165,0.8,0.24080996283880235,1.0,conditional co-bidding 2.80x expected; persistence=0.80
V0458,cooccurrence,relationship:353,0.3923585405946576,0.1984948308319165,0.8,0.24080996283880235,1.0,conditional co-bidding 2.80x expected; persistence=0.80
V0197,cooccurrence,relationship:354,0.3865053784225214,0.20141469758478334,0.7333,0.2344020063276158,1.0,conditional co-bidding 3.00x expected; persistence=0.73
V0326,cooccurrence,relationship:354,0.3865053784225214,0.20141469758478334,0.7333,0.2344020063276158,1.0,conditional co-bidding 3.00x expected; persistence=0.73
V0420,cooccurrence,relationship:355,0.3865053784225214,0.20141469758478334,0.7333,0.2344020063276158,1.0,conditional co-bidding 3.00x expected; persistence=0.73
V0475,cooccurrence,relationship:355,0.3865053784225214,0.20141469758478334,0.7333,0.2344020063276158,1.0,conditional co-bidding 3.00x expected; persistence=0.73
V0054,cooccurrence,relationship:356,0.3766288319737618,0.20618964446976712,0.6227,0.22382326784573647,1.0,conditional co-bidding 3.35x expected; persistence=0.62
V0304,cooccurrence,relationship:356,0.3766288319737618,0.20618964446976712,0.6227,0.22382326784573647,1.0,conditional co-bidding 3.35x expected; persistence=0.62
V0027,cooccurrence,relationship:357,0.3887395117741391,0.19968080959191403,0.7667,0.23713136122165965,1.0,conditional co-bidding 2.88x expected; persistence=0.77
V0338,cooccurrence,relationship:357,0.3887395117741391,0.19968080959191403,0.7667,0.23713136122165965,1.0,conditional co-bidding 2.88x expected; persistence=0.77
V0047,cooccurrence,relationship:358,0.3970914778973741,0.19513807637997588,0.8667,0.24651759117512162,1.0,conditional co-bidding 2.58x expected; persistence=0.87
V0177,cooccurrence,relationship:358,0.3970914778973741,0.19513807637997588,0.8667,0.24651759117512162,1.0,conditional co-bidding 2.58x expected; persistence=0.87
V0136,cooccurrence,relationship:359,0.3911706649955985,0.1980315593482833,0.8,0.2400026181981616,1.0,conditional co-bidding 2.77x expected; persistence=0.80
V0406,cooccurrence,relationship:359,0.3911706649955985,0.1980315593482833,0.8,0.2400026181981616,1.0,conditional co-bidding 2.77x expected; persistence=0.80
V0008,cooccurrence,relationship:360,0.3824278080665796,0.20242184514596576,0.7,0.23046034386651862,1.0,conditional co-bidding 3.07x expected; persistence=0.70
V0085,cooccurrence,relationship:360,0.3824278080665796,0.20242184514596576,0.7,0.23046034386651862,1.0,conditional co-bidding 3.07x expected; persistence=0.70
V0219,cooccurrence,relationship:361,0.3938064084182498,0.19646209928311723,0.8333,0.24302715907818329,1.0,conditional co-bidding 2.67x expected; persistence=0.83
V0244,cooccurrence,relationship:361,0.3938064084182498,0.19646209928311723,0.8333,0.24302715907818329,1.0,conditional co-bidding 2.67x expected; persistence=0.83
V0121,cooccurrence,relationship:362,0.3847838695619066,0.2007433091291434,0.7333,0.23324791952865842,1.0,conditional co-bidding 2.95x expected; persistence=0.73
V0368,cooccurrence,relationship:362,0.3847838695619066,0.2007433091291434,0.7333,0.23324791952865842,1.0,conditional co-bidding 2.95x expected; persistence=0.73
V0455,cooccurrence,relationship:363,0.3904252495893765,0.19774084733985683,0.8,0.23949623628351593,1.0,conditional co-bidding 2.75x expected; persistence=0.80
V0472,cooccurrence,relationship:363,0.3904252495893765,0.19774084733985683,0.8,0.23949623628351593,1.0,conditional co-bidding 2.75x expected; persistence=0.80
V0459,cooccurrence,relationship:364,0.3755117599160333,0.20516898636725298,0.6302,0.22336175845636597,1.0,conditional co-bidding 3.27x expected; persistence=0.63
V0494,cooccurrence,relationship:364,0.3755117599160333,0.20516898636725298,0.6302,0.22336175845636597,1.0,conditional co-bidding 3.27x expected; persistence=0.63
V0002,cooccurrence,relationship:365,0.3869720509652782,0.19899149987645837,0.7667,0.23593877514829126,1.0,conditional co-bidding 2.83x expected; persistence=0.77
V0309,cooccurrence,relationship:365,0.3869720509652782,0.19899149987645837,0.7667,0.23593877514829126,1.0,conditional co-bidding 2.83x expected; persistence=0.77
V0003,cooccurrence,relationship:366,0.3867929783149068,0.19892166154281352,0.7667,0.23581800501867228,1.0,conditional co-bidding 2.83x expected; persistence=0.77
V0218,cooccurrence,relationship:366,0.3867929783149068,0.19892166154281352,0.7667,0.23581800501867228,1.0,conditional co-bidding 2.83x expected; persistence=0.77
V0127,cooccurrence,relationship:367,0.3895390119022679,0.19739521464188428,0.8,0.2388944334104385,1.0,conditional co-bidding 2.73x expected; persistence=0.80
V0195,cooccurrence,relationship:367,0.3895390119022679,0.19739521464188428,0.8,0.2388944334104385,1.0,conditional co-bidding 2.73x expected; persistence=0.80
V0001,cooccurrence,relationship:368,0.3836347368876293,0.20029514738617532,0.7333,0.23247809753889243,1.0,conditional co-bidding 2.92x expected; persistence=0.73
V0433,cooccurrence,relationship:368,0.3836347368876293,0.20029514738617532,0.7333,0.23247809753889243,1.0,conditional co-bidding 2.92x expected; persistence=0.73
V0007,cooccurrence,relationship:369,0.3892528630694424,0.19728361659708243,0.8,0.23870017954261652,1.0,conditional co-bidding 2.72x expected; persistence=0.80
V0082,cooccurrence,relationship:369,0.3892528630694424,0.19728361659708243,0.8,0.23870017954261652,1.0,conditional co-bidding 2.72x expected; persistence=0.80
V0091,cooccurrence,relationship:370,0.3834336368864882,0.20021671838573035,0.7333,0.2323434226081026,1.0,conditional co-bidding 2.92x expected; persistence=0.73
V0437,cooccurrence,relationship:370,0.3834336368864882,0.20021671838573035,0.7333,0.2323434226081026,1.0,conditional co-bidding 2.92x expected; persistence=0.73
V0201,cooccurrence,relationship:371,0.3860629885667684,0.1986369655410395,0.7667,0.2353257965540601,1.0,conditional co-bidding 2.81x expected; persistence=0.77
V0363,cooccurrence,relationship:371,0.3860629885667684,0.1986369655410395,0.7667,0.2353257965540601,1.0,conditional co-bidding 2.81x expected; persistence=0.77
V0434,cooccurrence,relationship:372,0.3828099573192635,0.19997348335451257,0.7333,0.23192583525969407,1.0,conditional co-bidding 2.90x expected; persistence=0.73
V0513,cooccurrence,relationship:372,0.3828099573192635,0.19997348335451257,0.7333,0.23192583525969407,1.0,conditional co-bidding 2.90x expected; persistence=0.73
V0248,cooccurrence,relationship:373,0.3798453784225214,0.20141469758478323,0.7,0.22874228562057433,1.0,conditional co-bidding 3.00x expected; persistence=0.70
V0337,cooccurrence,relationship:373,0.3798453784225214,0.20141469758478323,0.7,0.22874228562057433,1.0,conditional co-bidding 3.00x expected; persistence=0.70
V0042,cooccurrence,relationship:374,0.3798453784225214,0.20141469758478323,0.7,0.22874228562057433,1.0,conditional co-bidding 3.00x expected; persistence=0.70
V0078,cooccurrence,relationship:374,0.3798453784225214,0.20141469758478323,0.7,0.22874228562057433,1.0,conditional co-bidding 3.00x expected; persistence=0.70
V0113,cooccurrence,relationship:375,0.3677869848502124,0.2078659240915826,0.557,0.21571517685010372,1.0,conditional co-bidding 3.48x expected; persistence=0.56
V0454,cooccurrence,relationship:375,0.3677869848502124,0.2078659240915826,0.557,0.21571517685010372,1.0,conditional co-bidding 3.48x expected; persistence=0.56
V0091,cooccurrence,relationship:376,0.3822324562216944,0.19974825792646067,0.7333,0.23153928215283273,1.0,conditional co-bidding 2.88x expected; persistence=0.73
V0188,cooccurrence,relationship:376,0.3822324562216944,0.19974825792646067,0.7333,0.23153928215283273,1.0,conditional co-bidding 2.88x expected; persistence=0.73
V0346,cooccurrence,relationship:377,0.3908264762640144,0.19529992574296554,0.8333,0.24099059394465425,1.0,conditional co-bidding 2.59x expected; persistence=0.83
V0525,cooccurrence,relationship:377,0.3908264762640144,0.19529992574296554,0.8333,0.24099059394465425,1.0,conditional co-bidding 2.59x expected; persistence=0.83
V0313,cooccurrence,relationship:378,0.3876748873006926,0.19666820604727003,0.8,0.2376294567284478,1.0,conditional co-bidding 2.68x expected; persistence=0.80
V0438,cooccurrence,relationship:378,0.3876748873006926,0.19666820604727003,0.8,0.2376294567284478,1.0,conditional co-bidding 2.68x expected; persistence=0.80
V0308,cooccurrence,relationship:379,0.3845106649955985,0.19803155934828318,0.7667,0.23427970776826496,1.0,conditional co-bidding 2.77x expected; persistence=0.77
V0384,cooccurrence,relationship:379,0.3845106649955985,0.19803155934828318,0.7667,0.23427970776826496,1.0,conditional co-bidding 2.77x expected; persistence=0.77
V0152,cooccurrence,relationship:380,0.3845106649955985,0.19803155934828318,0.7667,0.23427970776826496,1.0,conditional co-bidding 2.77x expected; persistence=0.77
V0223,cooccurrence,relationship:380,0.3845106649955985,0.19803155934828318,0.7667,0.23427970776826496,1.0,conditional co-bidding 2.77x expected; persistence=0.77
V0242,cooccurrence,relationship:381,0.3871464084182498,0.19646209928311736,0.8,0.23727104917203196,1.0,conditional co-bidding 2.67x expected; persistence=0.80
V0322,cooccurrence,relationship:381,0.3871464084182498,0.19646209928311736,0.8,0.23727104917203196,1.0,conditional co-bidding 2.67x expected; persistence=0.80
V0245,cooccurrence,relationship:382,0.381195486654212,0.19934383979514245,0.7333,0.23084545978239532,1.0,conditional co-bidding 2.86x expected; persistence=0.73
V0248,cooccurrence,relationship:382,0.381195486654212,0.19934383979514245,0.7333,0.23084545978239532,1.0,conditional co-bidding 2.86x expected; persistence=0.73
V0212,cooccurrence,relationship:383,0.3837652495893765,0.19774084733985667,0.7667,0.23377766948886827,1.0,conditional co-bidding 2.75x expected; persistence=0.77
V0455,cooccurrence,relationship:383,0.3837652495893765,0.19774084733985667,0.7667,0.23377766948886827,1.0,conditional co-bidding 2.75x expected; persistence=0.77
V0178,cooccurrence,relationship:384,0.4013158014240957,0.1889855625553972,0.9667,0.25315567147635637,1.0,conditional co-bidding 2.22x expected; persistence=0.97
V0383,cooccurrence,relationship:384,0.4013158014240957,0.1889855625553972,0.9667,0.25315567147635637,1.0,conditional co-bidding 2.22x expected; persistence=0.97
V0176,cooccurrence,relationship:385,0.3864641117908388,0.196196003598427,0.8,0.23680846358915675,1.0,conditional co-bidding 2.65x expected; persistence=0.80
V0188,cooccurrence,relationship:385,0.3864641117908388,0.196196003598427,0.8,0.23680846358915675,1.0,conditional co-bidding 2.65x expected; persistence=0.80
V0132,cooccurrence,relationship:386,0.3896149578237763,0.19460210021793928,0.8333,0.24012528160673655,1.0,conditional co-bidding 2.50x expected; persistence=0.83
V0310,cooccurrence,relationship:386,0.3896149578237763,0.19460210021793928,0.8333,0.24012528160673655,1.0,conditional co-bidding 2.50x expected; persistence=0.83
V0491,cooccurrence,relationship:387,0.377724552637424,0.20058757552859513,0.7,0.22733297220733065,1.0,conditional co-bidding 2.94x expected; persistence=0.70
V0499,cooccurrence,relationship:387,0.377724552637424,0.20058757552859513,0.7,0.22733297220733065,1.0,conditional co-bidding 2.94x expected; persistence=0.70
V0063,cooccurrence,relationship:388,0.3891716839100496,0.1946545567249193,0.8333,0.23986096582585337,1.0,conditional co-bidding 2.55x expected; persistence=0.83
V0241,cooccurrence,relationship:388,0.3891716839100496,0.1946545567249193,0.8333,0.23986096582585337,1.0,conditional co-bidding 2.55x expected; persistence=0.83
V0184,cooccurrence,relationship:389,0.3731820888826467,0.20291881466423214,0.6474,0.22244938027384528,1.0,conditional co-bidding 3.11x expected; persistence=0.65
V0539,cooccurrence,relationship:389,0.3731820888826467,0.20291881466423214,0.6474,0.22244938027384528,1.0,conditional co-bidding 3.11x expected; persistence=0.65
V0123,cooccurrence,relationship:390,0.3828790119022679,0.19739521464188442,0.7667,0.23318102915113534,1.0,conditional co-bidding 2.73x expected; persistence=0.77
V0379,cooccurrence,relationship:390,0.3828790119022679,0.19739521464188442,0.7667,0.23318102915113534,1.0,conditional co-bidding 2.73x expected; persistence=0.77
V0144,cooccurrence,relationship:391,0.3828790119022679,0.19739521464188442,0.7667,0.23318102915113534,1.0,conditional co-bidding 2.73x expected; persistence=0.77
V0291,cooccurrence,relationship:391,0.3828790119022679,0.19739521464188442,0.7667,0.23318102915113534,1.0,conditional co-bidding 2.73x expected; persistence=0.77
V0188,cooccurrence,relationship:392,0.3828006707378408,0.19736466158775767,0.7667,0.2331283003011745,1.0,conditional co-bidding 2.73x expected; persistence=0.77
V0413,cooccurrence,relationship:392,0.3828006707378408,0.19736466158775767,0.7667,0.2331283003011745,1.0,conditional co-bidding 2.73x expected; persistence=0.77
V0380,cooccurrence,relationship:393,0.3767736368864882,0.20021671838573027,0.7,0.22670155949747056,1.0,conditional co-bidding 2.92x expected; persistence=0.70
V0458,cooccurrence,relationship:393,0.3767736368864882,0.20021671838573027,0.7,0.22670155949747056,1.0,conditional co-bidding 2.92x expected; persistence=0.70
V0262,cooccurrence,relationship:394,0.3823690411133957,0.19719632603422432,0.7667,0.23283782148710816,1.0,conditional co-bidding 2.71x expected; persistence=0.77
V0307,cooccurrence,relationship:394,0.3823690411133957,0.19719632603422432,0.7667,0.23283782148710816,1.0,conditional co-bidding 2.71x expected; persistence=0.77
V0140,cooccurrence,relationship:395,0.3794978886018268,0.19868177655471242,0.7333,0.2297103910399787,1.0,conditional co-bidding 2.81x expected; persistence=0.73
V0315,cooccurrence,relationship:395,0.3794978886018268,0.19868177655471242,0.7333,0.2297103910399787,1.0,conditional co-bidding 2.81x expected; persistence=0.73
V0035,cooccurrence,relationship:396,0.3794978886018268,0.19868177655471242,0.7333,0.2297103910399787,1.0,conditional co-bidding 2.81x expected; persistence=0.73
V0215,cooccurrence,relationship:396,0.3794978886018268,0.19868177655471242,0.7333,0.2297103910399787,1.0,conditional co-bidding 2.81x expected; persistence=0.73
V0047,cooccurrence,relationship:397,0.3822589676498054,0.197153397383424,0.7667,0.23276375404295505,1.0,conditional co-bidding 2.71x expected; persistence=0.77
V0383,cooccurrence,relationship:397,0.3822589676498054,0.197153397383424,0.7667,0.23276375404295505,1.0,conditional co-bidding 2.71x expected; persistence=0.77
V0201,cooccurrence,relationship:398,0.3793829885667684,0.19863696554103963,0.7333,0.22963359977469663,1.0,conditional co-bidding 2.81x expected; persistence=0.73
V0306,cooccurrence,relationship:398,0.3793829885667684,0.19863696554103963,0.7333,0.22963359977469663,1.0,conditional co-bidding 2.81x expected; persistence=0.73
V0005,cooccurrence,relationship:399,0.3844668166902552,0.1954170585091993,0.8,0.23545523295844104,1.0,conditional co-bidding 2.60x expected; persistence=0.80
V0169,cooccurrence,relationship:399,0.3844668166902552,0.1954170585091993,0.8,0.23545523295844104,1.0,conditional co-bidding 2.60x expected; persistence=0.80
V0141,cooccurrence,relationship:400,0.3782251239796491,0.19818539835206306,0.7333,0.22886000771402082,1.0,conditional co-bidding 2.78x expected; persistence=0.73
V0536,cooccurrence,relationship:400,0.3782251239796491,0.19818539835206306,0.7333,0.22886000771402082,1.0,conditional co-bidding 2.78x expected; persistence=0.73
V0320,cooccurrence,relationship:401,0.3752112959685637,0.19960740542773966,0.7,0.22566480525126903,1.0,conditional co-bidding 2.88x expected; persistence=0.70
V0340,cooccurrence,relationship:401,0.3752112959685637,0.19960740542773966,0.7,0.22566480525126903,1.0,conditional co-bidding 2.88x expected; persistence=0.70
V0289,cooccurrence,relationship:402,0.3752112959685637,0.19960740542773966,0.7,0.22566480525126903,1.0,conditional co-bidding 2.88x expected; persistence=0.70
V0483,cooccurrence,relationship:402,0.3752112959685637,0.19960740542773966,0.7,0.22566480525126903,1.0,conditional co-bidding 2.88x expected; persistence=0.70
V0182,cooccurrence,relationship:403,0.3750756301493384,0.19955449575824175,0.7,0.22557481673512048,1.0,conditional co-bidding 2.87x expected; persistence=0.70
V0368,cooccurrence,relationship:403,0.3750756301493384,0.19955449575824175,0.7,0.22557481673512048,1.0,conditional co-bidding 2.87x expected; persistence=0.70
V0336,cooccurrence,relationship:404,0.3778306649955985,0.1980315593482833,0.7333,0.22859656365461253,1.0,conditional co-bidding 2.77x expected; persistence=0.73
V0459,cooccurrence,relationship:404,0.3778306649955985,0.1980315593482833,0.7333,0.22859656365461253,1.0,conditional co-bidding 2.77x expected; persistence=0.73
V0066,cooccurrence,relationship:405,0.3804864084182498,0.19646209928311728,0.7667,0.23157157320074243,1.0,conditional co-bidding 2.67x expected; persistence=0.77
V0546,cooccurrence,relationship:405,0.3804864084182498,0.19646209928311728,0.7667,0.23157157320074243,1.0,conditional co-bidding 2.67x expected; persistence=0.77
V0002,cooccurrence,relationship:406,0.3804864084182498,0.19646209928311728,0.7667,0.23157157320074243,1.0,conditional co-bidding 2.67x expected; persistence=0.77
V0276,cooccurrence,relationship:406,0.3804864084182498,0.19646209928311728,0.7667,0.23157157320074243,1.0,conditional co-bidding 2.67x expected; persistence=0.77
V0093,cooccurrence,relationship:407,0.3804864084182498,0.19646209928311728,0.7667,0.23157157320074243,1.0,conditional co-bidding 2.67x expected; persistence=0.77
V0327,cooccurrence,relationship:407,0.3804864084182498,0.19646209928311728,0.7667,0.23157157320074243,1.0,conditional co-bidding 2.67x expected; persistence=0.77
V0371,cooccurrence,relationship:408,0.3774739617685083,0.19789244508971818,0.7333,0.22835837973592416,1.0,conditional co-bidding 2.76x expected; persistence=0.73
V0387,cooccurrence,relationship:408,0.3774739617685083,0.19789244508971818,0.7333,0.22835837973592416,1.0,conditional co-bidding 2.76x expected; persistence=0.73
V0248,cooccurrence,relationship:409,0.373635486654212,0.19934383979514267,0.6955,0.2244602893386321,1.0,conditional co-bidding 2.86x expected; persistence=0.70
V0433,cooccurrence,relationship:409,0.373635486654212,0.19934383979514267,0.6955,0.2244602893386321,1.0,conditional co-bidding 2.86x expected; persistence=0.70
V0158,cooccurrence,relationship:410,0.3768437271319116,0.19764665358144548,0.7333,0.22793765213165074,1.0,conditional co-bidding 2.74x expected; persistence=0.73
V0182,cooccurrence,relationship:410,0.3768437271319116,0.19764665358144548,0.7333,0.22793765213165074,1.0,conditional co-bidding 2.74x expected; persistence=0.73
V0024,cooccurrence,relationship:411,0.380630912669434,0.1954437892744126,0.7667,0.23149323967575927,1.0,conditional co-bidding 2.37x expected; persistence=0.77
V0051,cooccurrence,relationship:411,0.380630912669434,0.1954437892744126,0.7667,0.23149323967575927,1.0,conditional co-bidding 2.37x expected; persistence=0.77
V0230,cooccurrence,relationship:412,0.3798969337804708,0.19581100417438332,0.7721,0.2313685051153912,1.0,conditional co-bidding 2.62x expected; persistence=0.77
V0303,cooccurrence,relationship:412,0.3798969337804708,0.19581100417438332,0.7721,0.2313685051153912,1.0,conditional co-bidding 2.62x expected; persistence=0.77
V0419,cooccurrence,relationship:413,0.3739072858334566,0.19893504147504798,0.7021,0.22487461737391992,1.0,conditional co-bidding 2.83x expected; persistence=0.70
V0533,cooccurrence,relationship:413,0.3739072858334566,0.19893504147504798,0.7021,0.22487461737391992,1.0,conditional co-bidding 2.83x expected; persistence=0.70
V0120,cooccurrence,relationship:414,0.376488509154444,0.1975081185702331,0.7333,0.22770057637059804,1.0,conditional co-bidding 2.73x expected; persistence=0.73
V0340,cooccurrence,relationship:414,0.376488509154444,0.1975081185702331,0.7333,0.22770057637059804,1.0,conditional co-bidding 2.73x expected; persistence=0.73
V0091,cooccurrence,relationship:415,0.3734529783149067,0.19892166154281368,0.7,0.22449896597056604,1.0,conditional co-bidding 2.83x expected; persistence=0.70
V0186,cooccurrence,relationship:415,0.3734529783149067,0.19892166154281368,0.7,0.22449896597056604,1.0,conditional co-bidding 2.83x expected; persistence=0.70
V0280,cooccurrence,relationship:416,0.3761990119022679,0.19739521464188442,0.7333,0.22750739423768698,1.0,conditional co-bidding 2.73x expected; persistence=0.73
V0388,cooccurrence,relationship:416,0.3761990119022679,0.19739521464188442,0.7333,0.22750739423768698,1.0,conditional co-bidding 2.73x expected; persistence=0.73
V0144,cooccurrence,relationship:417,0.3761990119022679,0.19739521464188442,0.7333,0.22750739423768698,1.0,conditional co-bidding 2.73x expected; persistence=0.73
V0549,cooccurrence,relationship:417,0.3761990119022679,0.19739521464188442,0.7333,0.22750739423768698,1.0,conditional co-bidding 2.73x expected; persistence=0.73
V0033,cooccurrence,relationship:418,0.379050285288204,0.19590201126239953,0.7667,0.23060644219478785,1.0,conditional co-bidding 2.63x expected; persistence=0.77
V0096,cooccurrence,relationship:418,0.379050285288204,0.19590201126239953,0.7667,0.23060644219478785,1.0,conditional co-bidding 2.63x expected; persistence=0.77
V0220,cooccurrence,relationship:419,0.3789618165576678,0.19586750845749035,0.7667,0.23054701030866886,1.0,conditional co-bidding 2.63x expected; persistence=0.77
V0418,cooccurrence,relationship:419,0.3789618165576678,0.19586750845749035,0.7667,0.23054701030866886,1.0,conditional co-bidding 2.63x expected; persistence=0.77
V0122,cooccurrence,relationship:420,0.3816503337494786,0.1943186301622966,0.8,0.23354926088356334,1.0,conditional co-bidding 2.53x expected; persistence=0.80
V0132,cooccurrence,relationship:420,0.3816503337494786,0.1943186301622966,0.8,0.23354926088356334,1.0,conditional co-bidding 2.53x expected; persistence=0.80
V0301,cooccurrence,relationship:421,0.3730559497955927,0.19876682042028115,0.7,0.22423586037075063,1.0,conditional co-bidding 2.82x expected; persistence=0.70
V0309,cooccurrence,relationship:421,0.3730559497955927,0.19876682042028115,0.7,0.22423586037075063,1.0,conditional co-bidding 2.82x expected; persistence=0.70
V0251,cooccurrence,relationship:422,0.3729832989223142,0.19873848657970247,0.7,0.22418772121775515,1.0,conditional co-bidding 2.82x expected; persistence=0.70
V0418,cooccurrence,relationship:422,0.3729832989223142,0.19873848657970247,0.7,0.22418772121775515,1.0,conditional co-bidding 2.82x expected; persistence=0.70
V0187,cooccurrence,relationship:423,0.3728378886018269,0.19868177655471234,0.7,0.22409137620058142,1.0,conditional co-bidding 2.81x expected; persistence=0.70
V0458,cooccurrence,relationship:423,0.3728378886018269,0.19868177655471234,0.7,0.22409137620058142,1.0,conditional co-bidding 2.81x expected; persistence=0.70
V0481,cooccurrence,relationship:424,0.3751260075951393,0.1969767429621042,0.7333,0.22679161906838594,1.0,conditional co-bidding 2.70x expected; persistence=0.73
V0491,cooccurrence,relationship:424,0.3751260075951393,0.1969767429621042,0.7333,0.22679161906838594,1.0,conditional co-bidding 2.70x expected; persistence=0.73
V0073,cooccurrence,relationship:425,0.3803549578237764,0.19381343355127267,0.8,0.2326735506795946,1.0,conditional co-bidding 2.50x expected; persistence=0.80
V0091,cooccurrence,relationship:425,0.3803549578237764,0.19381343355127267,0.8,0.2326735506795946,1.0,conditional co-bidding 2.50x expected; persistence=0.80
V0077,cooccurrence,relationship:426,0.3715651239796491,0.1981853983520632,0.7,0.22324837392985655,1.0,conditional co-bidding 2.78x expected; persistence=0.70
V0141,cooccurrence,relationship:426,0.3715651239796491,0.1981853983520632,0.7,0.22324837392985655,1.0,conditional co-bidding 2.78x expected; persistence=0.70
V0178,cooccurrence,relationship:427,0.3742118789217625,0.19662023277948712,0.7333,0.2261821277744435,1.0,conditional co-bidding 2.68x expected; persistence=0.73
V0315,cooccurrence,relationship:427,0.3742118789217625,0.19662023277948712,0.7333,0.2261821277744435,1.0,conditional co-bidding 2.68x expected; persistence=0.73
V0178,cooccurrence,relationship:428,0.3711706649955985,0.1980315593482832,0.7,0.2229872166602801,1.0,conditional co-bidding 2.77x expected; persistence=0.70
V0417,cooccurrence,relationship:428,0.3711706649955985,0.1980315593482832,0.7,0.2229872166602801,1.0,conditional co-bidding 2.77x expected; persistence=0.70
V0308,cooccurrence,relationship:429,0.3711706649955985,0.1980315593482832,0.7,0.2229872166602801,1.0,conditional co-bidding 2.77x expected; persistence=0.70
V0459,cooccurrence,relationship:429,0.3711706649955985,0.1980315593482832,0.7,0.2229872166602801,1.0,conditional co-bidding 2.77x expected; persistence=0.70
V0308,cooccurrence,relationship:430,0.3711706649955985,0.1980315593482832,0.7,0.2229872166602801,1.0,conditional co-bidding 2.77x expected; persistence=0.70
V0545,cooccurrence,relationship:430,0.3711706649955985,0.1980315593482832,0.7,0.2229872166602801,1.0,conditional co-bidding 2.77x expected; persistence=0.70
V0076,cooccurrence,relationship:431,0.37103118926879,0.19797716381482802,0.7,0.22289488702565588,1.0,conditional co-bidding 2.77x expected; persistence=0.70
V0242,cooccurrence,relationship:431,0.37103118926879,0.19797716381482802,0.7,0.22289488702565588,1.0,conditional co-bidding 2.77x expected; persistence=0.70
V0242,cooccurrence,relationship:432,0.3738064084182497,0.1964620992831174,0.7333,0.2259118709840353,1.0,conditional co-bidding 2.67x expected; persistence=0.73
V0310,cooccurrence,relationship:432,0.3738064084182497,0.1964620992831174,0.7333,0.2259118709840353,1.0,conditional co-bidding 2.67x expected; persistence=0.73
V0231,cooccurrence,relationship:433,0.3766426042994638,0.19496301567679086,0.7667,0.22898993465236628,1.0,conditional co-bidding 2.57x expected; persistence=0.77
V0384,cooccurrence,relationship:433,0.3766426042994638,0.19496301567679086,0.7667,0.22898993465236628,1.0,conditional co-bidding 2.57x expected; persistence=0.77
V0091,cooccurrence,relationship:434,0.3792035895682603,0.1933643999316214,0.8,0.23189566829711594,1.0,conditional co-bidding 2.47x expected; persistence=0.80
V0245,cooccurrence,relationship:434,0.3792035895682603,0.1933643999316214,0.8,0.23189566829711594,1.0,conditional co-bidding 2.47x expected; persistence=0.80
V0344,cooccurrence,relationship:435,0.3763234735686649,0.1948385546917791,0.7667,0.22877581713113612,1.0,conditional co-bidding 2.56x expected; persistence=0.77
V0513,cooccurrence,relationship:435,0.3763234735686649,0.1948385546917791,0.7667,0.22877581713113612,1.0,conditional co-bidding 2.56x expected; persistence=0.77
V0053,cooccurrence,relationship:436,0.3838540961831482,0.19099036417809426,0.8333,0.23597170902697392,1.0,conditional co-bidding 2.02x expected; persistence=0.83
V0091,cooccurrence,relationship:436,0.3838540961831482,0.19099036417809426,0.8333,0.23597170902697392,1.0,conditional co-bidding 2.02x expected; persistence=0.83
V0090,cooccurrence,relationship:437,0.3757653661120378,0.1946208927836947,0.7667,0.22840144251829497,1.0,conditional co-bidding 2.55x expected; persistence=0.77
V0264,cooccurrence,relationship:437,0.3757653661120378,0.1946208927836947,0.7667,0.22840144251829497,1.0,conditional co-bidding 2.55x expected; persistence=0.77
V0082,cooccurrence,relationship:438,0.3753412571007086,0.1944554902692764,0.7667,0.22811702282990703,1.0,conditional co-bidding 2.54x expected; persistence=0.77
V0244,cooccurrence,relationship:438,0.3753412571007086,0.1944554902692764,0.7667,0.22811702282990703,1.0,conditional co-bidding 2.54x expected; persistence=0.77
V0214,cooccurrence,relationship:439,0.3695390119022679,0.19739521464188425,0.7,0.22190750253185068,1.0,conditional co-bidding 2.73x expected; persistence=0.70
V0434,cooccurrence,relationship:439,0.3695390119022679,0.19739521464188425,0.7,0.22190750253185068,1.0,conditional co-bidding 2.73x expected; persistence=0.70
V0291,cooccurrence,relationship:440,0.3695390119022679,0.19739521464188425,0.7,0.22190750253185068,1.0,conditional co-bidding 2.73x expected; persistence=0.70
V0434,cooccurrence,relationship:440,0.3695390119022679,0.19739521464188425,0.7,0.22190750253185068,1.0,conditional co-bidding 2.73x expected; persistence=0.70
V0007,cooccurrence,relationship:441,0.3545613988792988,0.20553154556292635,0.5208,0.20596933690079977,1.0,conditional co-bidding 3.30x expected; persistence=0.52
V0436,cooccurrence,relationship:441,0.3545613988792988,0.20553154556292635,0.5208,0.20596933690079977,1.0,conditional co-bidding 3.30x expected; persistence=0.52
V0042,cooccurrence,relationship:442,0.3721369337804707,0.19581100417438344,0.7333,0.22479969759903531,1.0,conditional co-bidding 2.62x expected; persistence=0.73
V0224,cooccurrence,relationship:442,0.3721369337804707,0.19581100417438344,0.7333,0.22479969759903531,1.0,conditional co-bidding 2.62x expected; persistence=0.73
V0211,cooccurrence,relationship:443,0.364915486654212,0.1993438397951425,0.6519,0.21718619725411448,1.0,conditional co-bidding 2.86x expected; persistence=0.65
V0364,cooccurrence,relationship:443,0.364915486654212,0.1993438397951425,0.6519,0.21718619725411448,1.0,conditional co-bidding 2.86x expected; persistence=0.65
V0270,cooccurrence,relationship:444,0.3745846898668709,0.19416042904807962,0.7667,0.2276097965579376,1.0,conditional co-bidding 2.52x expected; persistence=0.77
V0347,cooccurrence,relationship:444,0.3745846898668709,0.19416042904807962,0.7667,0.2276097965579376,1.0,conditional co-bidding 2.52x expected; persistence=0.77
V0431,cooccurrence,relationship:445,0.3745266486039145,0.19413779295552655,0.7667,0.22757089179548606,1.0,conditional co-bidding 2.52x expected; persistence=0.77
V0529,cooccurrence,relationship:445,0.3745266486039145,0.19413779295552655,0.7667,0.22757089179548606,1.0,conditional co-bidding 2.52x expected; persistence=0.77
V0224,cooccurrence,relationship:446,0.3745266486039145,0.19413779295552655,0.7667,0.22757089179548606,1.0,conditional co-bidding 2.52x expected; persistence=0.77
V0517,cooccurrence,relationship:446,0.3745266486039145,0.19413779295552655,0.7667,0.22757089179548606,1.0,conditional co-bidding 2.52x expected; persistence=0.77
V0438,cooccurrence,relationship:447,0.3745266486039145,0.19413779295552655,0.7667,0.22757089179548606,1.0,conditional co-bidding 2.52x expected; persistence=0.77
V0478,cooccurrence,relationship:447,0.3745266486039145,0.19413779295552655,0.7667,0.22757089179548606,1.0,conditional co-bidding 2.52x expected; persistence=0.77
V0177,cooccurrence,relationship:448,0.3744395434115152,0.19410382193049075,0.7667,0.22751250774472065,1.0,conditional co-bidding 2.52x expected; persistence=0.77
V0485,cooccurrence,relationship:448,0.3744395434115152,0.19410382193049075,0.7667,0.22751250774472065,1.0,conditional co-bidding 2.52x expected; persistence=0.77
V0332,cooccurrence,relationship:449,0.3742153196476343,0.19401637466257718,0.7667,0.22736222882444895,1.0,conditional co-bidding 2.51x expected; persistence=0.77
V0438,cooccurrence,relationship:449,0.3742153196476343,0.19401637466257718,0.7667,0.22736222882444895,1.0,conditional co-bidding 2.51x expected; persistence=0.77
V0275,cooccurrence,relationship:450,0.3798920206085623,0.19103548803733914,0.8333,0.23354350667216212,1.0,conditional co-bidding 2.33x expected; persistence=0.83
V0488,cooccurrence,relationship:450,0.3798920206085623,0.19103548803733914,0.8333,0.23354350667216212,1.0,conditional co-bidding 2.33x expected; persistence=0.83
V0035,cooccurrence,relationship:451,0.3768390709830043,0.1924422376833715,0.8,0.23029956323575096,1.0,conditional co-bidding 2.42x expected; persistence=0.80
V0513,cooccurrence,relationship:451,0.3768390709830043,0.1924422376833715,0.8,0.23029956323575096,1.0,conditional co-bidding 2.42x expected; persistence=0.80
V0107,cooccurrence,relationship:452,0.3767920714449027,0.19242390786351177,0.8,0.23026785654953624,1.0,conditional co-bidding 2.42x expected; persistence=0.80
V0309,cooccurrence,relationship:452,0.3767920714449027,0.19242390786351177,0.8,0.23026785654953624,1.0,conditional co-bidding 2.42x expected; persistence=0.80
V0016,cooccurrence,relationship:453,0.3708589753094029,0.19531260037066708,0.7333,0.22394897089841986,1.0,conditional co-bidding 2.59x expected; persistence=0.73
V0306,cooccurrence,relationship:453,0.3708589753094029,0.19531260037066708,0.7333,0.22394897089841986,1.0,conditional co-bidding 2.59x expected; persistence=0.73
V0024,cooccurrence,relationship:454,0.3736949578237764,0.1938134335512726,0.7667,0.22701353751582584,1.0,conditional co-bidding 2.50x expected; persistence=0.77
V0340,cooccurrence,relationship:454,0.3736949578237764,0.1938134335512726,0.7667,0.22701353751582584,1.0,conditional co-bidding 2.50x expected; persistence=0.77
V0151,cooccurrence,relationship:455,0.3736949578237764,0.1938134335512726,0.7667,0.22701353751582584,1.0,conditional co-bidding 2.50x expected; persistence=0.77
V0352,cooccurrence,relationship:455,0.3736949578237764,0.1938134335512726,0.7667,0.22701353751582584,1.0,conditional co-bidding 2.50x expected; persistence=0.77
V0451,cooccurrence,relationship:456,0.3326269356511285,0.2171401049039399,0.2623,0.18365978430553825,1.0,conditional co-bidding 4.27x expected; persistence=0.26
V0454,cooccurrence,relationship:456,0.3326269356511285,0.2171401049039399,0.2623,0.18365978430553825,1.0,conditional co-bidding 4.27x expected; persistence=0.26
V0135,cooccurrence,relationship:457,0.3672896443063138,0.19651796127946242,0.7,0.22042046822387565,1.0,conditional co-bidding 2.67x expected; persistence=0.70
V0468,cooccurrence,relationship:457,0.3672896443063138,0.19651796127946242,0.7,0.22042046822387565,1.0,conditional co-bidding 2.67x expected; persistence=0.70
V0059,cooccurrence,relationship:458,0.3672896443063138,0.19651796127946242,0.7,0.22042046822387565,1.0,conditional co-bidding 2.67x expected; persistence=0.70
V0468,cooccurrence,relationship:458,0.3672896443063138,0.19651796127946242,0.7,0.22042046822387565,1.0,conditional co-bidding 2.67x expected; persistence=0.70
V0329,cooccurrence,relationship:459,0.3699626042994638,0.19496301567679078,0.7333,0.2233525877146102,1.0,conditional co-bidding 2.57x expected; persistence=0.73
V0491,cooccurrence,relationship:459,0.3699626042994638,0.19496301567679078,0.7333,0.2233525877146102,1.0,conditional co-bidding 2.57x expected; persistence=0.73
V0003,cooccurrence,relationship:460,0.3726486355152185,0.1934053678509349,0.7667,0.2263126775357685,1.0,conditional co-bidding 2.48x expected; persistence=0.77
V0472,cooccurrence,relationship:460,0.3726486355152185,0.1934053678509349,0.7667,0.2263126775357685,1.0,conditional co-bidding 2.48x expected; persistence=0.77
V0383,cooccurrence,relationship:461,0.3813158014240957,0.18898556255539734,0.8667,0.2356963467611219,1.0,conditional co-bidding 2.22x expected; persistence=0.87
V0513,cooccurrence,relationship:461,0.3813158014240957,0.18898556255539734,0.8667,0.2356963467611219,1.0,conditional co-bidding 2.22x expected; persistence=0.87
V0043,cooccurrence,relationship:462,0.3724637040568259,0.19333324458216194,0.7667,0.22618884265608916,1.0,conditional co-bidding 2.47x expected; persistence=0.77
V0057,cooccurrence,relationship:462,0.3724637040568259,0.19333324458216194,0.7667,0.22618884265608916,1.0,conditional co-bidding 2.47x expected; persistence=0.77
V0001,cooccurrence,relationship:463,0.3693646865922784,0.19472982777098846,0.7333,0.22295492312507464,1.0,conditional co-bidding 2.56x expected; persistence=0.73
V0188,cooccurrence,relationship:463,0.3693646865922784,0.19472982777098846,0.7333,0.22295492312507464,1.0,conditional co-bidding 2.56x expected; persistence=0.73
V0113,cooccurrence,relationship:464,0.3457469848502124,0.20786592409158255,0.4468,0.19788428898011848,1.0,conditional co-bidding 3.48x expected; persistence=0.45
V0497,cooccurrence,relationship:464,0.3457469848502124,0.20786592409158255,0.4468,0.19788428898011848,1.0,conditional co-bidding 3.48x expected; persistence=0.45
V0014,cooccurrence,relationship:465,0.3474519784126015,0.2066042715809146,0.4715,0.19978828915381167,1.0,conditional co-bidding 3.38x expected; persistence=0.47
V0198,cooccurrence,relationship:465,0.3474519784126015,0.2066042715809146,0.4715,0.19978828915381167,1.0,conditional co-bidding 3.38x expected; persistence=0.47
V0384,cooccurrence,relationship:466,0.365935236754788,0.1959897423343673,0.7,0.2195258882208207,1.0,conditional co-bidding 2.64x expected; persistence=0.70
V0456,cooccurrence,relationship:466,0.365935236754788,0.1959897423343673,0.7,0.2195258882208207,1.0,conditional co-bidding 2.64x expected; persistence=0.70
V0259,cooccurrence,relationship:467,0.365935236754788,0.1959897423343673,0.7,0.2195258882208207,1.0,conditional co-bidding 2.64x expected; persistence=0.70
V0482,cooccurrence,relationship:467,0.365935236754788,0.1959897423343673,0.7,0.2195258882208207,1.0,conditional co-bidding 2.64x expected; persistence=0.70
V0082,cooccurrence,relationship:468,0.3684253661120378,0.19462089278369474,0.73,0.222215801592343,1.0,conditional co-bidding 2.55x expected; persistence=0.73
V0195,cooccurrence,relationship:468,0.3684253661120378,0.19462089278369474,0.73,0.222215801592343,1.0,conditional co-bidding 2.55x expected; persistence=0.73
V0092,cooccurrence,relationship:469,0.3715524447009088,0.1929778534333544,0.7667,0.22557880699111132,1.0,conditional co-bidding 2.45x expected; persistence=0.77
V0388,cooccurrence,relationship:469,0.3715524447009088,0.1929778534333544,0.7667,0.22557880699111132,1.0,conditional co-bidding 2.45x expected; persistence=0.77
V0006,cooccurrence,relationship:470,0.3740877683875042,0.1913692296711266,0.8,0.22844474135298787,1.0,conditional co-bidding 2.35x expected; persistence=0.80
V0043,cooccurrence,relationship:470,0.3740877683875042,0.1913692296711266,0.8,0.22844474135298787,1.0,conditional co-bidding 2.35x expected; persistence=0.80
V0269,cooccurrence,relationship:471,0.3683103337494786,0.1943186301622967,0.7333,0.22225398095160223,1.0,conditional co-bidding 2.53x expected; persistence=0.73
V0322,cooccurrence,relationship:471,0.3683103337494786,0.1943186301622967,0.7333,0.22225398095160223,1.0,conditional co-bidding 2.53x expected; persistence=0.73
V0331,cooccurrence,relationship:472,0.3654769337804707,0.19581100417438344,0.7,0.21922331825129576,1.0,conditional co-bidding 2.62x expected; persistence=0.70
V0469,cooccurrence,relationship:472,0.3654769337804707,0.19581100417438344,0.7,0.21922331825129576,1.0,conditional co-bidding 2.62x expected; persistence=0.70
V0054,cooccurrence,relationship:473,0.3654769337804707,0.19581100417438344,0.7,0.21922331825129576,1.0,conditional co-bidding 2.62x expected; persistence=0.70
V0376,cooccurrence,relationship:473,0.3654769337804707,0.19581100417438344,0.7,0.21922331825129576,1.0,conditional co-bidding 2.62x expected; persistence=0.70
V0088,cooccurrence,relationship:474,0.3654769337804707,0.19581100417438344,0.7,0.21922331825129576,1.0,conditional co-bidding 2.62x expected; persistence=0.70
V0359,cooccurrence,relationship:474,0.3654769337804707,0.19581100417438344,0.7,0.21922331825129576,1.0,conditional co-bidding 2.62x expected; persistence=0.70
V0024,cooccurrence,relationship:475,0.3600978886018269,0.19868177655471245,0.6363,0.21350072338337386,1.0,conditional co-bidding 2.81x expected; persistence=0.64
V0188,cooccurrence,relationship:475,0.3600978886018269,0.19868177655471245,0.6363,0.21350072338337386,1.0,conditional co-bidding 2.81x expected; persistence=0.64
V0263,cooccurrence,relationship:476,0.3710649526698908,0.19278773154125717,0.7667,0.22525257323417197,1.0,conditional co-bidding 2.44x expected; persistence=0.77
V0326,cooccurrence,relationship:476,0.3710649526698908,0.19278773154125717,0.7667,0.22525257323417197,1.0,conditional co-bidding 2.44x expected; persistence=0.77
V0529,cooccurrence,relationship:477,0.3678466486039145,0.1941377929555266,0.7333,0.2219458363148282,1.0,conditional co-bidding 2.52x expected; persistence=0.73
V0540,cooccurrence,relationship:477,0.3678466486039145,0.1941377929555266,0.7333,0.2219458363148282,1.0,conditional co-bidding 2.52x expected; persistence=0.73
V0438,cooccurrence,relationship:478,0.3678466486039145,0.1941377929555266,0.7333,0.2219458363148282,1.0,conditional co-bidding 2.52x expected; persistence=0.73
V0517,cooccurrence,relationship:478,0.3678466486039145,0.1941377929555266,0.7333,0.2219458363148282,1.0,conditional co-bidding 2.52x expected; persistence=0.73
V0132,cooccurrence,relationship:479,0.3706865554351162,0.19264015661969516,0.7667,0.22499940144964453,1.0,conditional co-bidding 2.43x expected; persistence=0.77
V0546,cooccurrence,relationship:479,0.3706865554351162,0.19264015661969516,0.7667,0.22499940144964453,1.0,conditional co-bidding 2.43x expected; persistence=0.77
V0158,cooccurrence,relationship:480,0.3676474745857465,0.19406011508844112,0.7333,0.22181349600712094,1.0,conditional co-bidding 2.52x expected; persistence=0.73
V0256,cooccurrence,relationship:480,0.3676474745857465,0.19406011508844112,0.7333,0.22181349600712094,1.0,conditional co-bidding 2.52x expected; persistence=0.73
V0258,cooccurrence,relationship:481,0.3701790709830043,0.1924422376833716,0.7667,0.22465993733583234,1.0,conditional co-bidding 2.42x expected; persistence=0.77
V0338,cooccurrence,relationship:481,0.3701790709830043,0.1924422376833716,0.7667,0.22465993733583234,1.0,conditional co-bidding 2.42x expected; persistence=0.77
V0003,cooccurrence,relationship:482,0.3644668166902551,0.1954170585091993,0.7,0.2185566872901523,1.0,conditional co-bidding 2.60x expected; persistence=0.70
V0441,cooccurrence,relationship:482,0.3644668166902551,0.1954170585091993,0.7,0.2185566872901523,1.0,conditional co-bidding 2.60x expected; persistence=0.70
V0217,cooccurrence,relationship:483,0.3670149578237763,0.19381343355127262,0.7333,0.22139331040196714,1.0,conditional co-bidding 2.50x expected; persistence=0.73
V0404,cooccurrence,relationship:483,0.3670149578237763,0.19381343355127262,0.7333,0.22139331040196714,1.0,conditional co-bidding 2.50x expected; persistence=0.73
V0178,cooccurrence,relationship:484,0.3753332072961198,0.18925755084548673,0.8333,0.23045063583701886,1.0,conditional co-bidding 2.23x expected; persistence=0.83
V0291,cooccurrence,relationship:484,0.3753332072961198,0.18925755084548673,0.8333,0.23045063583701886,1.0,conditional co-bidding 2.23x expected; persistence=0.83
V0061,cooccurrence,relationship:485,0.3694638981854635,0.19216332029233074,0.7667,0.22418169360918666,1.0,conditional co-bidding 2.40x expected; persistence=0.77
V0215,cooccurrence,relationship:485,0.3694638981854635,0.19216332029233074,0.7667,0.22418169360918666,1.0,conditional co-bidding 2.40x expected; persistence=0.77
V0093,cooccurrence,relationship:486,0.3694638981854635,0.19216332029233074,0.7667,0.22418169360918666,1.0,conditional co-bidding 2.40x expected; persistence=0.77
V0219,cooccurrence,relationship:486,0.3694638981854635,0.19216332029233074,0.7667,0.22418169360918666,1.0,conditional co-bidding 2.40x expected; persistence=0.77
V0176,cooccurrence,relationship:487,0.3637881428998133,0.19515237573092692,0.7,0.21810898278710145,1.0,conditional co-bidding 2.58x expected; persistence=0.70
V0274,cooccurrence,relationship:487,0.3637881428998133,0.19515237573092692,0.7,0.21810898278710145,1.0,conditional co-bidding 2.58x expected; persistence=0.70
V0151,cooccurrence,relationship:488,0.3749441577869432,0.1891058215369079,0.8333,0.23018701654922294,1.0,conditional co-bidding 2.22x expected; persistence=0.83
V0276,cooccurrence,relationship:488,0.3749441577869432,0.1891058215369079,0.8333,0.23018701654922294,1.0,conditional co-bidding 2.22x expected; persistence=0.83
V0219,cooccurrence,relationship:489,0.3749441577869432,0.1891058215369079,0.8333,0.23018701654922294,1.0,conditional co-bidding 2.22x expected; persistence=0.83
V0254,cooccurrence,relationship:489,0.3749441577869432,0.1891058215369079,0.8333,0.23018701654922294,1.0,conditional co-bidding 2.22x expected; persistence=0.83
V0418,cooccurrence,relationship:490,0.3566432989223143,0.19873848657970253,0.6183,0.2106399717991275,1.0,conditional co-bidding 2.82x expected; persistence=0.62
V0478,cooccurrence,relationship:490,0.3566432989223143,0.19873848657970253,0.6183,0.2106399717991275,1.0,conditional co-bidding 2.82x expected; persistence=0.62
V0184,cooccurrence,relationship:491,0.366097379904733,0.1935803781628457,0.7317,0.22072881789085566,1.0,conditional co-bidding 2.49x expected; persistence=0.73
V0454,cooccurrence,relationship:491,0.366097379904733,0.1935803781628457,0.7317,0.22072881789085566,1.0,conditional co-bidding 2.49x expected; persistence=0.73
V0188,cooccurrence,relationship:492,0.3688012774118968,0.19190489819063963,0.7667,0.22373874473259464,1.0,conditional co-bidding 2.38x expected; persistence=0.77
V0301,cooccurrence,relationship:492,0.3688012774118968,0.19190489819063963,0.7667,0.22373874473259464,1.0,conditional co-bidding 2.38x expected; persistence=0.77
V0091,cooccurrence,relationship:493,0.3658635895682602,0.19336439993162152,0.7333,0.22062878911167308,1.0,conditional co-bidding 2.47x expected; persistence=0.73
V0433,cooccurrence,relationship:493,0.3658635895682602,0.19336439993162152,0.7333,0.22062878911167308,1.0,conditional co-bidding 2.47x expected; persistence=0.73
V0096,cooccurrence,relationship:494,0.3657837040568259,0.19333324458216203,0.7333,0.22057576058745848,1.0,conditional co-bidding 2.47x expected; persistence=0.73
V0395,cooccurrence,relationship:494,0.3657837040568259,0.19333324458216203,0.7333,0.22057576058745848,1.0,conditional co-bidding 2.47x expected; persistence=0.73
V0043,cooccurrence,relationship:495,0.3657837040568259,0.19333324458216203,0.7333,0.22057576058745848,1.0,conditional co-bidding 2.47x expected; persistence=0.73
V0391,cooccurrence,relationship:495,0.3657837040568259,0.19333324458216203,0.7333,0.22057576058745848,1.0,conditional co-bidding 2.47x expected; persistence=0.73
V0258,cooccurrence,relationship:496,0.3563706649955984,0.1980315593482832,0.626,0.21072498890069474,1.0,conditional co-bidding 2.77x expected; persistence=0.63
V0465,cooccurrence,relationship:496,0.3563706649955984,0.1980315593482832,0.626,0.21072498890069474,1.0,conditional co-bidding 2.77x expected; persistence=0.63
V0014,cooccurrence,relationship:497,0.3624253661120378,0.19462089278369468,0.7,0.21721045121936067,1.0,conditional co-bidding 2.55x expected; persistence=0.70
V0274,cooccurrence,relationship:497,0.3624253661120378,0.19462089278369468,0.7,0.21721045121936067,1.0,conditional co-bidding 2.55x expected; persistence=0.70
V0204,cooccurrence,relationship:498,0.3651050187643091,0.1930685573180803,0.7333,0.2201253303912529,1.0,conditional co-bidding 2.45x expected; persistence=0.73
V0420,cooccurrence,relationship:498,0.3651050187643091,0.1930685573180803,0.7333,0.2201253303912529,1.0,conditional co-bidding 2.45x expected; persistence=0.73
V0297,cooccurrence,relationship:499,0.3678450867273528,0.19153198382366748,0.7667,0.22309980915874889,1.0,conditional co-bidding 2.36x expected; persistence=0.77
V0368,cooccurrence,relationship:499,0.3678450867273528,0.19153198382366748,0.7667,0.22309980915874889,1.0,conditional co-bidding 2.36x expected; persistence=0.77
V0256,cooccurrence,relationship:500,0.3649147584675477,0.1929943558023434,0.7333,0.21999908580887093,1.0,conditional co-bidding 2.45x expected; persistence=0.73
V0485,cooccurrence,relationship:500,0.3649147584675477,0.1929943558023434,0.7333,0.21999908580887093,1.0,conditional co-bidding 2.45x expected; persistence=0.73
V0359,cooccurrence,relationship:501,0.3676930775848496,0.19147270025809124,0.7667,0.22299826341022821,1.0,conditional co-bidding 2.36x expected; persistence=0.77
V0483,cooccurrence,relationship:501,0.3676930775848496,0.19147270025809124,0.7667,0.22299826341022821,1.0,conditional co-bidding 2.36x expected; persistence=0.77
V0370,cooccurrence,relationship:502,0.3702861554519752,0.18988660062627016,0.8,0.22588603794390927,1.0,conditional co-bidding 2.27x expected; persistence=0.80
V0523,cooccurrence,relationship:502,0.3702861554519752,0.18988660062627016,0.8,0.22588603794390927,1.0,conditional co-bidding 2.27x expected; persistence=0.80
V0195,cooccurrence,relationship:503,0.3788344308295706,0.18542042802353254,0.9,0.23516920447781997,1.0,conditional co-bidding 2.02x expected; persistence=0.90
V0219,cooccurrence,relationship:503,0.3788344308295706,0.18542042802353254,0.9,0.23516920447781997,1.0,conditional co-bidding 2.02x expected; persistence=0.90
V0214,cooccurrence,relationship:504,0.3699730487619811,0.18976448901717255,0.8,0.22567551625525337,1.0,conditional co-bidding 2.26x expected; persistence=0.80
V0259,cooccurrence,relationship:504,0.3699730487619811,0.18976448901717255,0.8,0.22567551625525337,1.0,conditional co-bidding 2.26x expected; persistence=0.80
V0278,cooccurrence,relationship:505,0.3640065554351162,0.19264015661969508,0.7333,0.21939662602161103,1.0,conditional co-bidding 2.43x expected; persistence=0.73
V0352,cooccurrence,relationship:505,0.3640065554351162,0.19264015661969508,0.7333,0.21939662602161103,1.0,conditional co-bidding 2.43x expected; persistence=0.73
V0112,cooccurrence,relationship:506,0.3665720206085623,0.19103548803733905,0.7667,0.22224960927861834,1.0,conditional co-bidding 2.33x expected; persistence=0.77
V0419,cooccurrence,relationship:506,0.3665720206085623,0.19103548803733905,0.7667,0.22224960927861834,1.0,conditional co-bidding 2.33x expected; persistence=0.77
V0438,cooccurrence,relationship:507,0.3608753196476342,0.19401637466257718,0.7,0.21618919033525433,1.0,conditional co-bidding 2.51x expected; persistence=0.70
V0483,cooccurrence,relationship:507,0.3608753196476342,0.19401637466257718,0.7,0.21618919033525433,1.0,conditional co-bidding 2.51x expected; persistence=0.70
V0175,cooccurrence,relationship:508,0.3634990709830042,0.19244223768337143,0.7333,0.21906010372382917,1.0,conditional co-bidding 2.42x expected; persistence=0.73
V0502,cooccurrence,relationship:508,0.3634990709830042,0.19244223768337143,0.7333,0.21906010372382917,1.0,conditional co-bidding 2.42x expected; persistence=0.73
V0198,cooccurrence,relationship:509,0.3634520714449026,0.19242390786351193,0.7333,0.21902894179314164,1.0,conditional co-bidding 2.42x expected; persistence=0.73
V0281,cooccurrence,relationship:509,0.3634520714449026,0.19242390786351193,0.7333,0.21902894179314164,1.0,conditional co-bidding 2.42x expected; persistence=0.73
V0198,cooccurrence,relationship:510,0.3634520714449026,0.19242390786351193,0.7333,0.21902894179314164,1.0,conditional co-bidding 2.42x expected; persistence=0.73
V0364,cooccurrence,relationship:510,0.3634520714449026,0.19242390786351193,0.7333,0.21902894179314164,1.0,conditional co-bidding 2.42x expected; persistence=0.73
V0244,cooccurrence,relationship:511,0.3720389717210012,0.18797279897119026,0.8333,0.22822009099821283,1.0,conditional co-bidding 2.16x expected; persistence=0.83
V0278,cooccurrence,relationship:511,0.3720389717210012,0.18797279897119026,0.8333,0.22822009099821283,1.0,conditional co-bidding 2.16x expected; persistence=0.83
V0053,cooccurrence,relationship:512,0.3603549578237763,0.1938134335512726,0.7,0.21584652339259258,1.0,conditional co-bidding 2.50x expected; persistence=0.70
V0458,cooccurrence,relationship:512,0.3603549578237763,0.1938134335512726,0.7,0.21584652339259258,1.0,conditional co-bidding 2.50x expected; persistence=0.70
V0126,cooccurrence,relationship:513,0.3603549578237763,0.1938134335512726,0.7,0.21584652339259258,1.0,conditional co-bidding 2.50x expected; persistence=0.70
V0248,cooccurrence,relationship:513,0.3603549578237763,0.1938134335512726,0.7,0.21584652339259258,1.0,conditional co-bidding 2.50x expected; persistence=0.70
V0064,cooccurrence,relationship:514,0.3603549578237763,0.1938134335512726,0.7,0.21584652339259258,1.0,conditional co-bidding 2.50x expected; persistence=0.70
V0340,cooccurrence,relationship:514,0.3603549578237763,0.1938134335512726,0.7,0.21584652339259258,1.0,conditional co-bidding 2.50x expected; persistence=0.70
V0034,cooccurrence,relationship:515,0.3685149983091079,0.1891958493405519,0.8,0.22469561060633284,1.0,conditional co-bidding 2.23x expected; persistence=0.80
V0062,cooccurrence,relationship:515,0.3685149983091079,0.1891958493405519,0.8,0.22469561060633284,1.0,conditional co-bidding 2.23x expected; persistence=0.80
V0212,cooccurrence,relationship:516,0.3627838981854635,0.19216332029233066,0.7333,0.21858600472824993,1.0,conditional co-bidding 2.40x expected; persistence=0.73
V0224,cooccurrence,relationship:516,0.3627838981854635,0.19216332029233066,0.7333,0.21858600472824993,1.0,conditional co-bidding 2.40x expected; persistence=0.73
V0245,cooccurrence,relationship:517,0.3627838981854635,0.19216332029233066,0.7333,0.21858600472824993,1.0,conditional co-bidding 2.40x expected; persistence=0.73
V0492,cooccurrence,relationship:517,0.3627838981854635,0.19216332029233066,0.7333,0.21858600472824993,1.0,conditional co-bidding 2.40x expected; persistence=0.73
V0384,cooccurrence,relationship:518,0.3627838981854635,0.19216332029233066,0.7333,0.21858600472824993,1.0,conditional co-bidding 2.40x expected; persistence=0.73
V0424,cooccurrence,relationship:518,0.3627838981854635,0.19216332029233066,0.7333,0.21858600472824993,1.0,conditional co-bidding 2.40x expected; persistence=0.73
V0011,cooccurrence,relationship:519,0.3627838981854635,0.19216332029233066,0.7333,0.21858600472824993,1.0,conditional co-bidding 2.40x expected; persistence=0.73
V0061,cooccurrence,relationship:519,0.3627838981854635,0.19216332029233066,0.7333,0.21858600472824993,1.0,conditional co-bidding 2.40x expected; persistence=0.73
V0098,cooccurrence,relationship:520,0.3627838981854635,0.19216332029233066,0.7333,0.21858600472824993,1.0,conditional co-bidding 2.40x expected; persistence=0.73
V0384,cooccurrence,relationship:520,0.3627838981854635,0.19216332029233066,0.7333,0.21858600472824993,1.0,conditional co-bidding 2.40x expected; persistence=0.73
V0327,cooccurrence,relationship:521,0.3682841577869432,0.1891058215369079,0.8,0.22454053630139176,1.0,conditional co-bidding 2.22x expected; persistence=0.80
V0352,cooccurrence,relationship:521,0.3682841577869432,0.1891058215369079,0.8,0.22454053630139176,1.0,conditional co-bidding 2.22x expected; persistence=0.80
V0188,cooccurrence,relationship:522,0.3621212774118968,0.19190489819063955,0.7333,0.21814689495106188,1.0,conditional co-bidding 2.38x expected; persistence=0.73
V0274,cooccurrence,relationship:522,0.3621212774118968,0.19190489819063955,0.7333,0.21814689495106188,1.0,conditional co-bidding 2.38x expected; persistence=0.73
V0195,cooccurrence,relationship:523,0.3704733513960855,0.18736220704447307,0.8333,0.22716129175958166,1.0,conditional co-bidding 2.12x expected; persistence=0.83
V0327,cooccurrence,relationship:523,0.3704733513960855,0.18736220704447307,0.8333,0.22716129175958166,1.0,conditional co-bidding 2.12x expected; persistence=0.83
V0026,cooccurrence,relationship:524,0.3820703052853534,0.18147981906128774,0.9667,0.23973346068556275,1.0,conditional co-bidding 1.82x expected; persistence=0.97
V0119,cooccurrence,relationship:524,0.3820703052853534,0.18147981906128774,0.9667,0.23973346068556275,1.0,conditional co-bidding 1.82x expected; persistence=0.97
V0202,cooccurrence,relationship:525,0.3584450187643091,0.19306855731808034,0.7,0.21458956240238436,1.0,conditional co-bidding 2.45x expected; persistence=0.70
V0491,cooccurrence,relationship:525,0.3584450187643091,0.19306855731808034,0.7,0.21458956240238436,1.0,conditional co-bidding 2.45x expected; persistence=0.70
V0396,cooccurrence,relationship:526,0.3582547584675477,0.19299435580234345,0.7,0.21446441502259167,1.0,conditional co-bidding 2.45x expected; persistence=0.70
V0512,cooccurrence,relationship:526,0.3582547584675477,0.19299435580234345,0.7,0.21446441502259167,1.0,conditional co-bidding 2.45x expected; persistence=0.70
V0091,cooccurrence,relationship:527,0.3609304919927066,0.19144049187715556,0.7333,0.2173581443144191,1.0,conditional co-bidding 2.36x expected; persistence=0.73
V0373,cooccurrence,relationship:527,0.3609304919927066,0.19144049187715556,0.7333,0.2173581443144191,1.0,conditional co-bidding 2.36x expected; persistence=0.73
V0122,cooccurrence,relationship:528,0.3636261554519752,0.18988660062627002,0.7667,0.2202843327396258,1.0,conditional co-bidding 2.27x expected; persistence=0.77
V0413,cooccurrence,relationship:528,0.3636261554519752,0.18988660062627002,0.7667,0.2202843327396258,1.0,conditional co-bidding 2.27x expected; persistence=0.77
V0278,cooccurrence,relationship:529,0.366442522482805,0.18838758376829376,0.8,0.2233040035159346,1.0,conditional co-bidding 2.18x expected; persistence=0.80
V0379,cooccurrence,relationship:529,0.366442522482805,0.18838758376829376,0.8,0.2233040035159346,1.0,conditional co-bidding 2.18x expected; persistence=0.80
V0309,cooccurrence,relationship:530,0.366442522482805,0.18838758376829376,0.8,0.2233040035159346,1.0,conditional co-bidding 2.18x expected; persistence=0.80
V0379,cooccurrence,relationship:530,0.366442522482805,0.18838758376829376,0.8,0.2233040035159346,1.0,conditional co-bidding 2.18x expected; persistence=0.80
V0215,cooccurrence,relationship:531,0.3606214684565171,0.19131997269804152,0.7333,0.21715353077546362,1.0,conditional co-bidding 2.35x expected; persistence=0.73
V0241,cooccurrence,relationship:531,0.3606214684565171,0.19131997269804152,0.7333,0.21715353077546362,1.0,conditional co-bidding 2.35x expected; persistence=0.73
V0335,cooccurrence,relationship:532,0.3598920206085623,0.19103548803733908,0.7333,0.21667066783149305,1.0,conditional co-bidding 2.33x expected; persistence=0.73
V0441,cooccurrence,relationship:532,0.3598920206085623,0.19103548803733908,0.7333,0.21667066783149305,1.0,conditional co-bidding 2.33x expected; persistence=0.73
V0115,cooccurrence,relationship:533,0.3598920206085623,0.19103548803733908,0.7333,0.21667066783149305,1.0,conditional co-bidding 2.33x expected; persistence=0.73
V0404,cooccurrence,relationship:533,0.3598920206085623,0.19103548803733908,0.7333,0.21667066783149305,1.0,conditional co-bidding 2.33x expected; persistence=0.73
V0304,cooccurrence,relationship:534,0.3598920206085623,0.19103548803733908,0.7333,0.21667066783149305,1.0,conditional co-bidding 2.33x expected; persistence=0.73
V0381,cooccurrence,relationship:534,0.3598920206085623,0.19103548803733908,0.7333,0.21667066783149305,1.0,conditional co-bidding 2.33x expected; persistence=0.73
V0469,cooccurrence,relationship:535,0.3598920206085623,0.19103548803733908,0.7333,0.21667066783149305,1.0,conditional co-bidding 2.33x expected; persistence=0.73
V0475,cooccurrence,relationship:535,0.3598920206085623,0.19103548803733908,0.7333,0.21667066783149305,1.0,conditional co-bidding 2.33x expected; persistence=0.73
V0115,cooccurrence,relationship:536,0.3598920206085623,0.19103548803733908,0.7333,0.21667066783149305,1.0,conditional co-bidding 2.33x expected; persistence=0.73
V0441,cooccurrence,relationship:536,0.3598920206085623,0.19103548803733908,0.7333,0.21667066783149305,1.0,conditional co-bidding 2.33x expected; persistence=0.73
V0460,cooccurrence,relationship:537,0.3568390709830042,0.19244223768337157,0.7,0.21353359433753807,1.0,conditional co-bidding 2.42x expected; persistence=0.70
V0502,cooccurrence,relationship:537,0.3568390709830042,0.19244223768337157,0.7,0.21353359433753807,1.0,conditional co-bidding 2.42x expected; persistence=0.70
V0153,cooccurrence,relationship:538,0.3652634027138721,0.18792772705841013,0.8,0.2225129049263684,1.0,conditional co-bidding 2.16x expected; persistence=0.80
V0216,cooccurrence,relationship:538,0.3652634027138721,0.18792772705841013,0.8,0.2225129049263684,1.0,conditional co-bidding 2.16x expected; persistence=0.80
V0182,cooccurrence,relationship:539,0.36212610881704,0.18930158243864548,0.7667,0.2192847216663036,1.0,conditional co-bidding 2.23x expected; persistence=0.77
V0313,cooccurrence,relationship:539,0.36212610881704,0.18930158243864548,0.7667,0.2192847216663036,1.0,conditional co-bidding 2.23x expected; persistence=0.77
V0286,cooccurrence,relationship:540,0.3592293069424931,0.19077702970757224,0.7333,0.21623213331168062,1.0,conditional co-bidding 2.32x expected; persistence=0.73
V0431,cooccurrence,relationship:540,0.3592293069424931,0.19077702970757224,0.7333,0.21623213331168062,1.0,conditional co-bidding 2.32x expected; persistence=0.73
V0040,cooccurrence,relationship:541,0.3561238981854635,0.19216332029233074,0.7,0.21306361651253894,1.0,conditional co-bidding 2.40x expected; persistence=0.70
V0384,cooccurrence,relationship:541,0.3561238981854635,0.19216332029233074,0.7,0.21306361651253894,1.0,conditional co-bidding 2.40x expected; persistence=0.70
V0080,cooccurrence,relationship:542,0.3561238981854635,0.19216332029233074,0.7,0.21306361651253894,1.0,conditional co-bidding 2.40x expected; persistence=0.70
V0338,cooccurrence,relationship:542,0.3561238981854635,0.19216332029233074,0.7,0.21306361651253894,1.0,conditional co-bidding 2.40x expected; persistence=0.70
V0262,cooccurrence,relationship:543,0.3616830341667533,0.18912878332503358,0.7667,0.21898960667425207,1.0,conditional co-bidding 2.22x expected; persistence=0.77
V0395,cooccurrence,relationship:543,0.3616830341667533,0.18912878332503358,0.7667,0.21898960667425207,1.0,conditional co-bidding 2.22x expected; persistence=0.77
V0141,cooccurrence,relationship:544,0.3616830341667533,0.18912878332503358,0.7667,0.21898960667425207,1.0,conditional co-bidding 2.22x expected; persistence=0.77
V0200,cooccurrence,relationship:544,0.3616830341667533,0.18912878332503358,0.7667,0.21898960667425207,1.0,conditional co-bidding 2.22x expected; persistence=0.77
V0152,cooccurrence,relationship:545,0.3587666995015743,0.19059661280561394,0.7333,0.2159261006689386,1.0,conditional co-bidding 2.31x expected; persistence=0.73
V0549,cooccurrence,relationship:545,0.3587666995015743,0.19059661280561394,0.7333,0.2159261006689386,1.0,conditional co-bidding 2.31x expected; persistence=0.73
V0191,cooccurrence,relationship:546,0.3587666995015743,0.19059661280561394,0.7333,0.2159261006689386,1.0,conditional co-bidding 2.31x expected; persistence=0.73
V0381,cooccurrence,relationship:546,0.3587666995015743,0.19059661280561394,0.7333,0.2159261006689386,1.0,conditional co-bidding 2.31x expected; persistence=0.73
V0291,cooccurrence,relationship:547,0.3587666995015743,0.19059661280561394,0.7333,0.2159261006689386,1.0,conditional co-bidding 2.31x expected; persistence=0.73
V0336,cooccurrence,relationship:547,0.3587666995015743,0.19059661280561394,0.7333,0.2159261006689386,1.0,conditional co-bidding 2.31x expected; persistence=0.73
V0039,cooccurrence,relationship:548,0.3558746926983601,0.1920661301523604,0.7,0.21289989006939788,1.0,conditional co-bidding 2.39x expected; persistence=0.70
V0533,cooccurrence,relationship:548,0.3558746926983601,0.1920661301523604,0.7,0.21289989006939788,1.0,conditional co-bidding 2.39x expected; persistence=0.70
V0263,cooccurrence,relationship:549,0.3558746926983601,0.1920661301523604,0.7,0.21289989006939788,1.0,conditional co-bidding 2.39x expected; persistence=0.70
V0483,cooccurrence,relationship:549,0.3558746926983601,0.1920661301523604,0.7,0.21289989006939788,1.0,conditional co-bidding 2.39x expected; persistence=0.70
V0181,cooccurrence,relationship:550,0.3448706649955985,0.19803155934828331,0.5685,0.20139020661024218,1.0,conditional co-bidding 2.77x expected; persistence=0.57
V0308,cooccurrence,relationship:550,0.3448706649955985,0.19803155934828331,0.5685,0.20139020661024218,1.0,conditional co-bidding 2.77x expected; persistence=0.57
V0175,cooccurrence,relationship:551,0.3556465978026569,0.1919771731430361,0.7,0.21275005111274473,1.0,conditional co-bidding 2.39x expected; persistence=0.70
V0539,cooccurrence,relationship:551,0.3556465978026569,0.1919771731430361,0.7,0.21275005111274473,1.0,conditional co-bidding 2.39x expected; persistence=0.70
V0216,cooccurrence,relationship:552,0.3584265197707695,0.19046394271060005,0.7333,0.21570110404377268,1.0,conditional co-bidding 2.30x expected; persistence=0.73
V0387,cooccurrence,relationship:552,0.3584265197707695,0.19046394271060005,0.7333,0.21570110404377268,1.0,conditional co-bidding 2.30x expected; persistence=0.73
V0387,cooccurrence,relationship:553,0.3584265197707695,0.19046394271060005,0.7333,0.21570110404377268,1.0,conditional co-bidding 2.30x expected; persistence=0.73
V0437,cooccurrence,relationship:553,0.3584265197707695,0.19046394271060005,0.7333,0.21570110404377268,1.0,conditional co-bidding 2.30x expected; persistence=0.73
V0063,cooccurrence,relationship:554,0.3582893401324541,0.19041044265165705,0.7333,0.21561038360423646,1.0,conditional co-bidding 2.30x expected; persistence=0.73
V0079,cooccurrence,relationship:554,0.3582893401324541,0.19041044265165705,0.7333,0.21561038360423646,1.0,conditional co-bidding 2.30x expected; persistence=0.73
V0046,cooccurrence,relationship:555,0.3582627743366522,0.19040008199129416,0.7333,0.2155928156797217,1.0,conditional co-bidding 2.30x expected; persistence=0.73
V0284,cooccurrence,relationship:555,0.3582627743366522,0.19040008199129416,0.7333,0.2155928156797217,1.0,conditional co-bidding 2.30x expected; persistence=0.73
V0117,cooccurrence,relationship:556,0.3582627743366522,0.19040008199129416,0.7333,0.2155928156797217,1.0,conditional co-bidding 2.30x expected; persistence=0.73
V0284,cooccurrence,relationship:556,0.3582627743366522,0.19040008199129416,0.7333,0.2155928156797217,1.0,conditional co-bidding 2.30x expected; persistence=0.73
V0046,cooccurrence,relationship:557,0.3582627743366522,0.19040008199129416,0.7333,0.2155928156797217,1.0,conditional co-bidding 2.30x expected; persistence=0.73
V0117,cooccurrence,relationship:557,0.3582627743366522,0.19040008199129416,0.7333,0.2155928156797217,1.0,conditional co-bidding 2.30x expected; persistence=0.73
V0215,cooccurrence,relationship:558,0.3668126574743561,0.18593453641499866,0.8333,0.22468887981847627,1.0,conditional co-bidding 2.05x expected; persistence=0.83
V0454,cooccurrence,relationship:558,0.3668126574743561,0.18593453641499866,0.8333,0.22468887981847627,1.0,conditional co-bidding 2.05x expected; persistence=0.83
V0172,cooccurrence,relationship:559,0.3610158901003136,0.18886859713912235,0.7667,0.21854537158103057,1.0,conditional co-bidding 2.21x expected; persistence=0.77
V0271,cooccurrence,relationship:559,0.3610158901003136,0.18886859713912235,0.7667,0.21854537158103057,1.0,conditional co-bidding 2.21x expected; persistence=0.77
V0195,cooccurrence,relationship:560,0.3638133513960855,0.18736220704447334,0.8,0.2215406744440942,1.0,conditional co-bidding 2.12x expected; persistence=0.80
V0523,cooccurrence,relationship:560,0.3638133513960855,0.18736220704447334,0.8,0.2215406744440942,1.0,conditional co-bidding 2.12x expected; persistence=0.80
V0298,cooccurrence,relationship:561,0.3577926462571134,0.19021673204027406,0.7333,0.21528195941724748,1.0,conditional co-bidding 2.29x expected; persistence=0.73
V0384,cooccurrence,relationship:561,0.3577926462571134,0.19021673204027406,0.7333,0.21528195941724748,1.0,conditional co-bidding 2.29x expected; persistence=0.73
V0326,cooccurrence,relationship:562,0.3319142292778759,0.2048657494183714,0.4161,0.18825998746596379,1.0,conditional co-bidding 3.25x expected; persistence=0.42
V0402,cooccurrence,relationship:562,0.3319142292778759,0.2048657494183714,0.4161,0.18825998746596379,1.0,conditional co-bidding 3.25x expected; persistence=0.42
V0072,cooccurrence,relationship:563,0.3545050867273528,0.19153198382366754,0.7,0.21200043329096876,1.0,conditional co-bidding 2.36x expected; persistence=0.70
V0372,cooccurrence,relationship:563,0.3545050867273528,0.19153198382366754,0.7,0.21200043329096876,1.0,conditional co-bidding 2.36x expected; persistence=0.70
V0320,cooccurrence,relationship:564,0.3600437693523186,0.18848947004740402,0.7667,0.2178983265149934,1.0,conditional co-bidding 2.19x expected; persistence=0.77
V0445,cooccurrence,relationship:564,0.3600437693523186,0.18848947004740402,0.7667,0.2178983265149934,1.0,conditional co-bidding 2.19x expected; persistence=0.77
V0062,cooccurrence,relationship:565,0.3702719268265768,0.1832311181290315,0.8667,0.22793672458150704,1.0,conditional co-bidding 1.66x expected; persistence=0.87
V0215,cooccurrence,relationship:565,0.3702719268265768,0.1832311181290315,0.8667,0.22793672458150704,1.0,conditional co-bidding 1.66x expected; persistence=0.87
V0421,cooccurrence,relationship:566,0.3626409648761514,0.18690497630169892,0.8,0.22075513066336735,1.0,conditional co-bidding 2.10x expected; persistence=0.80
V0438,cooccurrence,relationship:566,0.3626409648761514,0.18690497630169892,0.8,0.22075513066336735,1.0,conditional co-bidding 2.10x expected; persistence=0.80
V0255,cooccurrence,relationship:567,0.3626409648761514,0.18690497630169892,0.8,0.22075513066336735,1.0,conditional co-bidding 2.10x expected; persistence=0.80
V0438,cooccurrence,relationship:567,0.3626409648761514,0.18690497630169892,0.8,0.22075513066336735,1.0,conditional co-bidding 2.10x expected; persistence=0.80
V0244,cooccurrence,relationship:568,0.3569461554519751,0.1898866006262703,0.7333,0.21472243121807244,1.0,conditional co-bidding 2.27x expected; persistence=0.73
V0322,cooccurrence,relationship:568,0.3569461554519751,0.1898866006262703,0.7333,0.21472243121807244,1.0,conditional co-bidding 2.27x expected; persistence=0.73
V0329,cooccurrence,relationship:569,0.3561980591259724,0.1895948430591293,0.7333,0.21422813969900975,1.0,conditional co-bidding 2.25x expected; persistence=0.73
V0528,cooccurrence,relationship:569,0.3561980591259724,0.1895948430591293,0.7333,0.21422813969900975,1.0,conditional co-bidding 2.25x expected; persistence=0.73
V0004,cooccurrence,relationship:570,0.3533720776760105,0.19109011029364406,0.7,0.2112568237914681,1.0,conditional co-bidding 2.34x expected; persistence=0.70
V0468,cooccurrence,relationship:570,0.3533720776760105,0.19109011029364406,0.7,0.2112568237914681,1.0,conditional co-bidding 2.34x expected; persistence=0.70
V0062,cooccurrence,relationship:571,0.3666892925904216,0.18378909077693098,0.8333,0.22427109606805717,1.0,conditional co-bidding 1.58x expected; persistence=0.83
V0417,cooccurrence,relationship:571,0.3666892925904216,0.18378909077693098,0.8333,0.22427109606805717,1.0,conditional co-bidding 1.58x expected; persistence=0.83
V0289,cooccurrence,relationship:572,0.3586034027138721,0.18792772705840988,0.7667,0.21694019764755804,1.0,conditional co-bidding 2.16x expected; persistence=0.77
V0429,cooccurrence,relationship:572,0.3586034027138721,0.18792772705840988,0.7667,0.21694019764755804,1.0,conditional co-bidding 2.16x expected; persistence=0.77
V0061,cooccurrence,relationship:573,0.3672497773379294,0.18349981316179237,0.8667,0.22611953252159803,1.0,conditional co-bidding 1.92x expected; persistence=0.87
V0338,cooccurrence,relationship:573,0.3672497773379294,0.18349981316179237,0.8667,0.22611953252159803,1.0,conditional co-bidding 1.92x expected; persistence=0.87
V0023,cooccurrence,relationship:574,0.3501320714449026,0.19242390786351188,0.6667,0.20803293749208165,1.0,conditional co-bidding 2.42x expected; persistence=0.67
V0198,cooccurrence,relationship:574,0.3501320714449026,0.19242390786351188,0.6667,0.20803293749208165,1.0,conditional co-bidding 2.42x expected; persistence=0.67
V0304,cooccurrence,relationship:575,0.35544610881704,0.18930158243864534,0.7333,0.2137314891264026,1.0,conditional co-bidding 2.23x expected; persistence=0.73
V0313,cooccurrence,relationship:575,0.35544610881704,0.18930158243864534,0.7333,0.2137314891264026,1.0,conditional co-bidding 2.23x expected; persistence=0.73
V0431,cooccurrence,relationship:576,0.3525693069424931,0.19077702970757207,0.7,0.21073021062541195,1.0,conditional co-bidding 2.32x expected; persistence=0.70
V0469,cooccurrence,relationship:576,0.3525693069424931,0.19077702970757207,0.7,0.21073021062541195,1.0,conditional co-bidding 2.32x expected; persistence=0.70
V0134,cooccurrence,relationship:577,0.3553332072961198,0.18925755084548654,0.7333,0.2136569357869364,1.0,conditional co-bidding 2.23x expected; persistence=0.73
V0178,cooccurrence,relationship:577,0.3553332072961198,0.18925755084548654,0.7333,0.2136569357869364,1.0,conditional co-bidding 2.23x expected; persistence=0.73
V0141,cooccurrence,relationship:578,0.3550030341667533,0.18912878332503363,0.7333,0.21343893371609485,1.0,conditional co-bidding 2.22x expected; persistence=0.73
V0262,cooccurrence,relationship:578,0.3550030341667533,0.18912878332503363,0.7333,0.21343893371609485,1.0,conditional co-bidding 2.22x expected; persistence=0.73
V0158,cooccurrence,relationship:579,0.3606451325205618,0.18612660168301898,0.8,0.21941891203643274,1.0,conditional co-bidding 2.06x expected; persistence=0.80
V0419,cooccurrence,relationship:579,0.3606451325205618,0.18612660168301898,0.8,0.21941891203643274,1.0,conditional co-bidding 2.06x expected; persistence=0.80
V0025,cooccurrence,relationship:580,0.3549441577869432,0.18910582153690775,0.7333,0.2134000634535225,1.0,conditional co-bidding 2.22x expected; persistence=0.73
V0396,cooccurrence,relationship:580,0.3549441577869432,0.18910582153690775,0.7333,0.2134000634535225,1.0,conditional co-bidding 2.22x expected; persistence=0.73
V0308,cooccurrence,relationship:581,0.3521066995015743,0.1905966128056139,0.7,0.2104268392690164,1.0,conditional co-bidding 2.31x expected; persistence=0.70
V0407,cooccurrence,relationship:581,0.3521066995015743,0.1905966128056139,0.7,0.2104268392690164,1.0,conditional co-bidding 2.31x expected; persistence=0.70
V0396,cooccurrence,relationship:582,0.3484591196508971,0.19256705666384974,0.6565,0.20660732362976053,1.0,conditional co-bidding 2.42x expected; persistence=0.66
V0494,cooccurrence,relationship:582,0.3484591196508971,0.19256705666384974,0.6565,0.20660732362976053,1.0,conditional co-bidding 2.42x expected; persistence=0.66
V0276,cooccurrence,relationship:583,0.36330819563493,0.18456779629762265,0.8333,0.22232624602553866,1.0,conditional co-bidding 1.98x expected; persistence=0.83
V0327,cooccurrence,relationship:583,0.36330819563493,0.18456779629762265,0.8333,0.22232624602553866,1.0,conditional co-bidding 1.98x expected; persistence=0.83
V0040,cooccurrence,relationship:584,0.3546358014240957,0.18898556255539736,0.7333,0.21319650499479625,1.0,conditional co-bidding 2.22x expected; persistence=0.73
V0513,cooccurrence,relationship:584,0.3546358014240957,0.18898556255539736,0.7333,0.21319650499479625,1.0,conditional co-bidding 2.22x expected; persistence=0.73
V0098,cooccurrence,relationship:585,0.3546358014240957,0.18898556255539736,0.7333,0.21319650499479625,1.0,conditional co-bidding 2.22x expected; persistence=0.73
V0513,cooccurrence,relationship:585,0.3546358014240957,0.18898556255539736,0.7333,0.21319650499479625,1.0,conditional co-bidding 2.22x expected; persistence=0.73
V0284,cooccurrence,relationship:586,0.354585858978176,0.18896608500148845,0.7333,0.21316353894701556,1.0,conditional co-bidding 2.21x expected; persistence=0.73
V0298,cooccurrence,relationship:586,0.354585858978176,0.18896608500148845,0.7333,0.21316353894701556,1.0,conditional co-bidding 2.21x expected; persistence=0.73
V0184,cooccurrence,relationship:587,0.345957379904733,0.1935803781628457,0.631,0.20414680877896704,1.0,conditional co-bidding 2.49x expected; persistence=0.63
V0497,cooccurrence,relationship:587,0.345957379904733,0.1935803781628457,0.631,0.20414680877896704,1.0,conditional co-bidding 2.49x expected; persistence=0.63
V0215,cooccurrence,relationship:588,0.3601526574743561,0.1859345364149989,0.8,0.21908940426590578,1.0,conditional co-bidding 2.05x expected; persistence=0.80
V0266,cooccurrence,relationship:588,0.3601526574743561,0.1859345364149989,0.8,0.21908940426590578,1.0,conditional co-bidding 2.05x expected; persistence=0.80
V0359,cooccurrence,relationship:589,0.3570645799139244,0.1873275861664303,0.7667,0.21591734297675072,1.0,conditional co-bidding 2.12x expected; persistence=0.77
V0371,cooccurrence,relationship:589,0.3570645799139244,0.1873275861664303,0.7667,0.21591734297675072,1.0,conditional co-bidding 2.12x expected; persistence=0.77
V0202,cooccurrence,relationship:590,0.3513634643426172,0.1903067510936206,0.7,0.2099395841110472,1.0,conditional co-bidding 2.29x expected; persistence=0.70
V0286,cooccurrence,relationship:590,0.3513634643426172,0.1903067510936206,0.7,0.2099395841110472,1.0,conditional co-bidding 2.29x expected; persistence=0.70
V0141,cooccurrence,relationship:591,0.356807305069328,0.1872272489770379,0.7667,0.2157464098416513,1.0,conditional co-bidding 2.12x expected; persistence=0.77
V0420,cooccurrence,relationship:591,0.356807305069328,0.1872272489770379,0.7667,0.2157464098416513,1.0,conditional co-bidding 2.12x expected; persistence=0.77
V0094,cooccurrence,relationship:592,0.3446749578237763,0.19381343355127273,0.6216,0.2030106324174921,1.0,conditional co-bidding 2.50x expected; persistence=0.62
V0386,cooccurrence,relationship:592,0.3446749578237763,0.19381343355127273,0.6216,0.2030106324174921,1.0,conditional co-bidding 2.50x expected; persistence=0.62
V0258,cooccurrence,relationship:593,0.3511326462571134,0.19021673204027414,0.7,0.209788299911525,1.0,conditional co-bidding 2.29x expected; persistence=0.70
V0414,cooccurrence,relationship:593,0.3511326462571134,0.19021673204027414,0.7,0.209788299911525,1.0,conditional co-bidding 2.29x expected; persistence=0.70
V0028,cooccurrence,relationship:594,0.3510615518116768,0.1901890052065539,0.7,0.20974170629679234,1.0,conditional co-bidding 2.28x expected; persistence=0.70
V0429,cooccurrence,relationship:594,0.3510615518116768,0.1901890052065539,0.7,0.20974170629679234,1.0,conditional co-bidding 2.28x expected; persistence=0.70
V0178,cooccurrence,relationship:595,0.359210906164302,0.18556725340407768,0.8,0.21845951995462165,1.0,conditional co-bidding 2.03x expected; persistence=0.80
V0456,cooccurrence,relationship:595,0.359210906164302,0.18556725340407768,0.8,0.21845951995462165,1.0,conditional co-bidding 2.03x expected; persistence=0.80
V0244,cooccurrence,relationship:596,0.353102522482805,0.1883875837682939,0.7333,0.2121847949231404,1.0,conditional co-bidding 2.18x expected; persistence=0.73
V0280,cooccurrence,relationship:596,0.353102522482805,0.1883875837682939,0.7333,0.2121847949231404,1.0,conditional co-bidding 2.18x expected; persistence=0.73
V0144,cooccurrence,relationship:597,0.3558820543356694,0.18686640119091105,0.7667,0.21513185729177395,1.0,conditional co-bidding 2.10x expected; persistence=0.77
V0152,cooccurrence,relationship:597,0.3558820543356694,0.18686640119091105,0.7667,0.21513185729177395,1.0,conditional co-bidding 2.10x expected; persistence=0.77
V0144,cooccurrence,relationship:598,0.3558820543356694,0.18686640119091105,0.7667,0.21513185729177395,1.0,conditional co-bidding 2.10x expected; persistence=0.77
V0336,cooccurrence,relationship:598,0.3558820543356694,0.18686640119091105,0.7667,0.21513185729177395,1.0,conditional co-bidding 2.10x expected; persistence=0.77
V0005,cooccurrence,relationship:599,0.3524081788284064,0.18811678974307838,0.7333,0.2117269001211011,1.0,conditional co-bidding 2.17x expected; persistence=0.73
V0453,cooccurrence,relationship:599,0.3524081788284064,0.18811678974307838,0.7333,0.2117269001211011,1.0,conditional co-bidding 2.17x expected; persistence=0.73
V0024,cooccurrence,relationship:600,0.3578549184969641,0.18503841821381575,0.8,0.21755310125208074,1.0,conditional co-bidding 2.00x expected; persistence=0.80
V0248,cooccurrence,relationship:600,0.3578549184969641,0.18503841821381575,0.8,0.21755310125208074,1.0,conditional co-bidding 2.00x expected; persistence=0.80
V0437,cooccurrence,relationship:601,0.3465720206085623,0.19103548803733927,0.6667,0.20571561310656114,1.0,conditional co-bidding 2.33x expected; persistence=0.67
V0526,cooccurrence,relationship:601,0.3465720206085623,0.19103548803733927,0.6667,0.20571561310656114,1.0,conditional co-bidding 2.33x expected; persistence=0.67
V0062,cooccurrence,relationship:602,0.3547278672207837,0.18641626821610557,0.7667,0.21436564650384962,1.0,conditional co-bidding 2.07x expected; persistence=0.77
V0383,cooccurrence,relationship:602,0.3547278672207837,0.18641626821610557,0.7667,0.21436564650384962,1.0,conditional co-bidding 2.07x expected; persistence=0.77
V0202,cooccurrence,relationship:603,0.351529782219772,0.18777421506571096,0.7333,0.21114785849876358,1.0,conditional co-bidding 2.15x expected; persistence=0.73
V0331,cooccurrence,relationship:603,0.351529782219772,0.18777421506571096,0.7333,0.21114785849876358,1.0,conditional co-bidding 2.15x expected; persistence=0.73
V0178,cooccurrence,relationship:604,0.3486732072961198,0.18925755084548665,0.7,0.20817741093235667,1.0,conditional co-bidding 2.23x expected; persistence=0.70
V0460,cooccurrence,relationship:604,0.3486732072961198,0.18925755084548665,0.7,0.20817741093235667,1.0,conditional co-bidding 2.23x expected; persistence=0.70
V0060,cooccurrence,relationship:605,0.3542236003180153,0.18621960412402594,0.7667,0.21403102723918194,1.0,conditional co-bidding 2.06x expected; persistence=0.77
V0412,cooccurrence,relationship:605,0.3542236003180153,0.18621960412402594,0.7667,0.21403102723918194,1.0,conditional co-bidding 2.06x expected; persistence=0.77
V0082,cooccurrence,relationship:606,0.351307032544521,0.18768734269236317,0.7333,0.21100106200963897,1.0,conditional co-bidding 2.14x expected; persistence=0.73
V0151,cooccurrence,relationship:606,0.351307032544521,0.18768734269236317,0.7333,0.21100106200963897,1.0,conditional co-bidding 2.14x expected; persistence=0.73
V0056,cooccurrence,relationship:607,0.351307032544521,0.18768734269236317,0.7333,0.21100106200963897,1.0,conditional co-bidding 2.14x expected; persistence=0.73
V0080,cooccurrence,relationship:607,0.351307032544521,0.18768734269236317,0.7333,0.21100106200963897,1.0,conditional co-bidding 2.14x expected; persistence=0.73
V0028,cooccurrence,relationship:608,0.3539851325205618,0.186126601683019,0.7667,0.21387281543663783,1.0,conditional co-bidding 2.06x expected; persistence=0.77
V0158,cooccurrence,relationship:608,0.3539851325205618,0.186126601683019,0.7667,0.21387281543663783,1.0,conditional co-bidding 2.06x expected; persistence=0.77
V0091,cooccurrence,relationship:609,0.3539851325205618,0.186126601683019,0.7667,0.21387281543663783,1.0,conditional co-bidding 2.06x expected; persistence=0.77
V0419,cooccurrence,relationship:609,0.3539851325205618,0.186126601683019,0.7667,0.21387281543663783,1.0,conditional co-bidding 2.06x expected; persistence=0.77
V0395,cooccurrence,relationship:610,0.3483430341667533,0.18912878332503372,0.7,0.20796130532422424,1.0,conditional co-bidding 2.22x expected; persistence=0.70
V0409,cooccurrence,relationship:610,0.3483430341667533,0.18912878332503372,0.7,0.20796130532422424,1.0,conditional co-bidding 2.22x expected; persistence=0.70
V0338,cooccurrence,relationship:611,0.353946941491857,0.18611170718182404,0.7667,0.21384747931161055,1.0,conditional co-bidding 2.06x expected; persistence=0.77
V0414,cooccurrence,relationship:611,0.353946941491857,0.18611170718182404,0.7667,0.21384747931161055,1.0,conditional co-bidding 2.06x expected; persistence=0.77
V0454,cooccurrence,relationship:612,0.3510048494892884,0.18756949130082223,0.7333,0.2108019436890027,1.0,conditional co-bidding 2.14x expected; persistence=0.73
V0501,cooccurrence,relationship:612,0.3510048494892884,0.18756949130082223,0.7333,0.2108019436890027,1.0,conditional co-bidding 2.14x expected; persistence=0.73
V0242,cooccurrence,relationship:613,0.3508605107867769,0.18751319920684276,0.7333,0.21070684489421265,1.0,conditional co-bidding 2.13x expected; persistence=0.73
V0504,cooccurrence,relationship:613,0.3508605107867769,0.18751319920684276,0.7333,0.21070684489421265,1.0,conditional co-bidding 2.13x expected; persistence=0.73
V0258,cooccurrence,relationship:614,0.3508605107867769,0.18751319920684276,0.7333,0.21070684489421265,1.0,conditional co-bidding 2.13x expected; persistence=0.73
V0302,cooccurrence,relationship:614,0.3508605107867769,0.18751319920684276,0.7333,0.21070684489421265,1.0,conditional co-bidding 2.13x expected; persistence=0.73
V0250,cooccurrence,relationship:615,0.3262653784225214,0.2014146975847832,0.4321,0.18527733425080523,1.0,conditional co-bidding 3.00x expected; persistence=0.43
V0376,cooccurrence,relationship:615,0.3262653784225214,0.2014146975847832,0.4321,0.18527733425080523,1.0,conditional co-bidding 3.00x expected; persistence=0.43
V0001,cooccurrence,relationship:616,0.3506227393315959,0.18742046833932224,0.7333,0.21055020222176477,1.0,conditional co-bidding 2.13x expected; persistence=0.73
V0294,cooccurrence,relationship:616,0.3506227393315959,0.18742046833932224,0.7333,0.21055020222176477,1.0,conditional co-bidding 2.13x expected; persistence=0.73
V0172,cooccurrence,relationship:617,0.3476758901003136,0.18886859713912235,0.7,0.20752475455611277,1.0,conditional co-bidding 2.21x expected; persistence=0.70
V0340,cooccurrence,relationship:617,0.3476758901003136,0.18886859713912235,0.7,0.20752475455611277,1.0,conditional co-bidding 2.21x expected; persistence=0.70
V0327,cooccurrence,relationship:618,0.3590068511545045,0.18289027195025653,0.8333,0.2194320669070243,1.0,conditional co-bidding 1.89x expected; persistence=0.83
V0523,cooccurrence,relationship:618,0.3590068511545045,0.18289027195025653,0.8333,0.2194320669070243,1.0,conditional co-bidding 1.89x expected; persistence=0.83
V0187,cooccurrence,relationship:619,0.3503845799139243,0.18732758616643017,0.7333,0.21039332279293202,1.0,conditional co-bidding 2.12x expected; persistence=0.73
V0359,cooccurrence,relationship:619,0.3503845799139243,0.18732758616643017,0.7333,0.21039332279293202,1.0,conditional co-bidding 2.12x expected; persistence=0.73
V0121,cooccurrence,relationship:620,0.3502957544094303,0.18729294421967785,0.7333,0.2103348168336717,1.0,conditional co-bidding 2.12x expected; persistence=0.73
V0386,cooccurrence,relationship:620,0.3502957544094303,0.18729294421967785,0.7333,0.2103348168336717,1.0,conditional co-bidding 2.12x expected; persistence=0.73
V0367,cooccurrence,relationship:621,0.3580538791513112,0.18251861286901122,0.8333,0.21879170484618518,1.0,conditional co-bidding 1.87x expected; persistence=0.83
V0502,cooccurrence,relationship:621,0.3580538791513112,0.18251861286901122,0.8333,0.21879170484618518,1.0,conditional co-bidding 1.87x expected; persistence=0.83
V0091,cooccurrence,relationship:622,0.3467037693523185,0.18848947004740427,0.7,0.20688890287883016,1.0,conditional co-bidding 2.19x expected; persistence=0.70
V0205,cooccurrence,relationship:622,0.3467037693523185,0.18848947004740427,0.7,0.20688890287883016,1.0,conditional co-bidding 2.19x expected; persistence=0.70
V0339,cooccurrence,relationship:623,0.3467037693523185,0.18848947004740427,0.7,0.20688890287883016,1.0,conditional co-bidding 2.19x expected; persistence=0.70
V0445,cooccurrence,relationship:623,0.3467037693523185,0.18848947004740427,0.7,0.20688890287883016,1.0,conditional co-bidding 2.19x expected; persistence=0.70
V0421,cooccurrence,relationship:624,0.3493009648761513,0.18690497630169883,0.7333,0.2096797661446017,1.0,conditional co-bidding 2.10x expected; persistence=0.73
V0455,cooccurrence,relationship:624,0.3493009648761513,0.18690497630169883,0.7333,0.2096797661446017,1.0,conditional co-bidding 2.10x expected; persistence=0.73
V0022,cooccurrence,relationship:625,0.3493009648761513,0.18690497630169883,0.7333,0.2096797661446017,1.0,conditional co-bidding 2.10x expected; persistence=0.73
V0481,cooccurrence,relationship:625,0.3493009648761513,0.18690497630169883,0.7333,0.2096797661446017,1.0,conditional co-bidding 2.10x expected; persistence=0.73
V0003,cooccurrence,relationship:626,0.3457481788284064,0.1881167897430784,0.7,0.20626416730016886,1.0,conditional co-bidding 2.17x expected; persistence=0.70
V0453,cooccurrence,relationship:626,0.3457481788284064,0.1881167897430784,0.7,0.20626416730016886,1.0,conditional co-bidding 2.17x expected; persistence=0.70
V0219,cooccurrence,relationship:627,0.3511949184969641,0.18503841821381578,0.7667,0.21202305782886144,1.0,conditional co-bidding 2.00x expected; persistence=0.77
V0281,cooccurrence,relationship:627,0.3511949184969641,0.18503841821381578,0.7667,0.21202305782886144,1.0,conditional co-bidding 2.00x expected; persistence=0.77
V0531,cooccurrence,relationship:628,0.3482092448860894,0.18647920550557484,0.7333,0.20896126696993506,1.0,conditional co-bidding 2.08x expected; persistence=0.73
V0547,cooccurrence,relationship:628,0.3482092448860894,0.18647920550557484,0.7333,0.20896126696993506,1.0,conditional co-bidding 2.08x expected; persistence=0.73
V0066,cooccurrence,relationship:629,0.3482092448860894,0.18647920550557484,0.7333,0.20896126696993506,1.0,conditional co-bidding 2.08x expected; persistence=0.73
V0468,cooccurrence,relationship:629,0.3482092448860894,0.18647920550557484,0.7333,0.20896126696993506,1.0,conditional co-bidding 2.08x expected; persistence=0.73
V0429,cooccurrence,relationship:630,0.3537447277505189,0.18343544382270222,0.8,0.2148094029825324,1.0,conditional co-bidding 1.92x expected; persistence=0.80
V0496,cooccurrence,relationship:630,0.3537447277505189,0.18343544382270222,0.8,0.2148094029825324,1.0,conditional co-bidding 1.92x expected; persistence=0.80
V0437,cooccurrence,relationship:631,0.3537447277505189,0.18343544382270222,0.8,0.2148094029825324,1.0,conditional co-bidding 1.92x expected; persistence=0.80
V0496,cooccurrence,relationship:631,0.3537447277505189,0.18343544382270222,0.8,0.2148094029825324,1.0,conditional co-bidding 1.92x expected; persistence=0.80
V0216,cooccurrence,relationship:632,0.345263402713872,0.18792772705840988,0.7,0.2059473508361548,1.0,conditional co-bidding 2.16x expected; persistence=0.70
V0429,cooccurrence,relationship:632,0.345263402713872,0.18792772705840988,0.7,0.2059473508361548,1.0,conditional co-bidding 2.16x expected; persistence=0.70
V0214,cooccurrence,relationship:633,0.3479481035730011,0.18637736039347044,0.7333,0.20878945941736624,1.0,conditional co-bidding 2.07x expected; persistence=0.73
V0502,cooccurrence,relationship:633,0.3479481035730011,0.18637736039347044,0.7333,0.20878945941736624,1.0,conditional co-bidding 2.07x expected; persistence=0.73
V0175,cooccurrence,relationship:634,0.3479481035730011,0.18637736039347044,0.7333,0.20878945941736624,1.0,conditional co-bidding 2.07x expected; persistence=0.73
V0184,cooccurrence,relationship:634,0.3479481035730011,0.18637736039347044,0.7333,0.20878945941736624,1.0,conditional co-bidding 2.07x expected; persistence=0.73
V0184,cooccurrence,relationship:635,0.3479481035730011,0.18637736039347044,0.7333,0.20878945941736624,1.0,conditional co-bidding 2.07x expected; persistence=0.73
V0384,cooccurrence,relationship:635,0.3479481035730011,0.18637736039347044,0.7333,0.20878945941736624,1.0,conditional co-bidding 2.07x expected; persistence=0.73
V0202,cooccurrence,relationship:636,0.344869782219772,0.18777421506571104,0.7,0.20569016448119493,1.0,conditional co-bidding 2.15x expected; persistence=0.70
V0408,cooccurrence,relationship:636,0.344869782219772,0.18777421506571104,0.7,0.20569016448119493,1.0,conditional co-bidding 2.15x expected; persistence=0.70
V0047,cooccurrence,relationship:637,0.3475245372250312,0.18621216951776198,0.7333,0.2085108389492046,1.0,conditional co-bidding 2.06x expected; persistence=0.73
V0533,cooccurrence,relationship:637,0.3475245372250312,0.18621216951776198,0.7333,0.2085108389492046,1.0,conditional co-bidding 2.06x expected; persistence=0.73
V0172,cooccurrence,relationship:638,0.3474768685972403,0.18619357875292347,0.7333,0.20847948642389913,1.0,conditional co-bidding 2.06x expected; persistence=0.73
V0182,cooccurrence,relationship:638,0.3474768685972403,0.18619357875292347,0.7333,0.20847948642389913,1.0,conditional co-bidding 2.06x expected; persistence=0.73
V0014,cooccurrence,relationship:639,0.3531479941493589,0.18320271771824975,0.8,0.21441153533794313,1.0,conditional co-bidding 1.90x expected; persistence=0.80
V0219,cooccurrence,relationship:639,0.3531479941493589,0.18320271771824975,0.8,0.21441153533794313,1.0,conditional co-bidding 1.90x expected; persistence=0.80
V0042,cooccurrence,relationship:640,0.3496689718437225,0.1844432990190518,0.7667,0.21101254152771282,1.0,conditional co-bidding 1.97x expected; persistence=0.77
V0368,cooccurrence,relationship:640,0.3496689718437225,0.1844432990190518,0.7667,0.21101254152771282,1.0,conditional co-bidding 1.97x expected; persistence=0.77
V0001,cooccurrence,relationship:641,0.3467120456938721,0.18589529782061,0.7333,0.20797655170139234,1.0,conditional co-bidding 2.05x expected; persistence=0.73
V0187,cooccurrence,relationship:641,0.3467120456938721,0.18589529782061,0.7333,0.20797655170139234,1.0,conditional co-bidding 2.05x expected; persistence=0.73
V0144,cooccurrence,relationship:642,0.3467120456938721,0.18589529782061,0.7333,0.20797655170139234,1.0,conditional co-bidding 2.05x expected; persistence=0.73
V0215,cooccurrence,relationship:642,0.3467120456938721,0.18589529782061,0.7333,0.20797655170139234,1.0,conditional co-bidding 2.05x expected; persistence=0.73
V0001,cooccurrence,relationship:643,0.3494574086802297,0.18436078938528933,0.7667,0.21087250113013065,1.0,conditional co-bidding 1.96x expected; persistence=0.77
V0275,cooccurrence,relationship:643,0.3494574086802297,0.18436078938528933,0.7667,0.21087250113013065,1.0,conditional co-bidding 1.96x expected; persistence=0.77
V0473,cooccurrence,relationship:644,0.3438133513960854,0.1873622070444733,0.7,0.20500015945491254,1.0,conditional co-bidding 2.12x expected; persistence=0.70
V0523,cooccurrence,relationship:644,0.3438133513960854,0.1873622070444733,0.7,0.20500015945491254,1.0,conditional co-bidding 2.12x expected; persistence=0.70
V0256,cooccurrence,relationship:645,0.3465298098045818,0.18582422582378683,0.7333,0.20785674510852914,1.0,conditional co-bidding 2.04x expected; persistence=0.73
V0512,cooccurrence,relationship:645,0.3465298098045818,0.18582422582378683,0.7333,0.20785674510852914,1.0,conditional co-bidding 2.04x expected; persistence=0.73
V0224,cooccurrence,relationship:646,0.3415437693523185,0.1884894700474043,0.6742,0.20269098513264405,1.0,conditional co-bidding 2.19x expected; persistence=0.67
V0339,cooccurrence,relationship:646,0.3415437693523185,0.1884894700474043,0.6742,0.20269098513264405,1.0,conditional co-bidding 2.19x expected; persistence=0.67
V0007,cooccurrence,relationship:647,0.3464482095022452,0.18579240170587563,0.7333,0.207803102533445,1.0,conditional co-bidding 2.04x expected; persistence=0.73
V0310,cooccurrence,relationship:647,0.3464482095022452,0.18579240170587563,0.7333,0.207803102533445,1.0,conditional co-bidding 2.04x expected; persistence=0.73
V0298,cooccurrence,relationship:648,0.3491962221608194,0.18425892664271948,0.7667,0.21069963411132722,1.0,conditional co-bidding 1.96x expected; persistence=0.77
V0502,cooccurrence,relationship:648,0.3491962221608194,0.18425892664271948,0.7667,0.21069963411132722,1.0,conditional co-bidding 1.96x expected; persistence=0.77
V0200,cooccurrence,relationship:649,0.3462416048792764,0.1857118259029177,0.7333,0.20766729425283945,1.0,conditional co-bidding 2.04x expected; persistence=0.73
V0307,cooccurrence,relationship:649,0.3462416048792764,0.1857118259029177,0.7333,0.20766729425283945,1.0,conditional co-bidding 2.04x expected; persistence=0.73
V0159,cooccurrence,relationship:650,0.3484643865645364,0.18397351076016893,0.7667,0.21021538829176944,1.0,conditional co-bidding 1.94x expected; persistence=0.77
V0426,cooccurrence,relationship:650,0.3484643865645364,0.18397351076016893,0.7667,0.21021538829176944,1.0,conditional co-bidding 1.94x expected; persistence=0.77
V0332,cooccurrence,relationship:651,0.3541628580742436,0.18100111464895488,0.8333,0.21618027965494385,1.0,conditional co-bidding 1.79x expected; persistence=0.83
V0340,cooccurrence,relationship:651,0.3541628580742436,0.18100111464895488,0.8333,0.21618027965494385,1.0,conditional co-bidding 1.79x expected; persistence=0.83
V0299,cooccurrence,relationship:652,0.3426409648761513,0.1869049763016989,0.7,0.20423484934170144,1.0,conditional co-bidding 2.10x expected; persistence=0.70
V0387,cooccurrence,relationship:652,0.3426409648761513,0.1869049763016989,0.7,0.20423484934170144,1.0,conditional co-bidding 2.10x expected; persistence=0.70
V0201,cooccurrence,relationship:653,0.3453445359479308,0.18536196901969298,0.7333,0.20707778467093926,1.0,conditional co-bidding 2.02x expected; persistence=0.73
V0249,cooccurrence,relationship:653,0.3453445359479308,0.18536196901969298,0.7333,0.20707778467093926,1.0,conditional co-bidding 2.02x expected; persistence=0.73
V0022,cooccurrence,relationship:654,0.3505165272186737,0.18217644561528248,0.8,0.21265845575656345,1.0,conditional co-bidding 1.85x expected; persistence=0.80
V0395,cooccurrence,relationship:654,0.3505165272186737,0.18217644561528248,0.8,0.21265845575656345,1.0,conditional co-bidding 1.85x expected; persistence=0.80
V0007,cooccurrence,relationship:655,0.3445149184969641,0.18503841821381578,0.7333,0.2065328388766073,1.0,conditional co-bidding 2.00x expected; persistence=0.73
V0242,cooccurrence,relationship:655,0.3445149184969641,0.18503841821381578,0.7333,0.2065328388766073,1.0,conditional co-bidding 2.00x expected; persistence=0.73
V0212,cooccurrence,relationship:656,0.3445149184969641,0.18503841821381578,0.7333,0.2065328388766073,1.0,conditional co-bidding 2.00x expected; persistence=0.73
V0525,cooccurrence,relationship:656,0.3445149184969641,0.18503841821381578,0.7333,0.2065328388766073,1.0,conditional co-bidding 2.00x expected; persistence=0.73
V0242,cooccurrence,relationship:657,0.3445149184969641,0.18503841821381578,0.7333,0.2065328388766073,1.0,conditional co-bidding 2.00x expected; persistence=0.73
V0292,cooccurrence,relationship:657,0.3445149184969641,0.18503841821381578,0.7333,0.2065328388766073,1.0,conditional co-bidding 2.00x expected; persistence=0.73
V0219,cooccurrence,relationship:658,0.3445149184969641,0.18503841821381578,0.7333,0.2065328388766073,1.0,conditional co-bidding 2.00x expected; persistence=0.73
V0364,cooccurrence,relationship:658,0.3445149184969641,0.18503841821381578,0.7333,0.2065328388766073,1.0,conditional co-bidding 2.00x expected; persistence=0.73
V0250,cooccurrence,relationship:659,0.3415492448860894,0.18647920550557462,0.7,0.20352260446909293,1.0,conditional co-bidding 2.08x expected; persistence=0.70
V0547,cooccurrence,relationship:659,0.3415492448860894,0.18647920550557462,0.7,0.20352260446909293,1.0,conditional co-bidding 2.08x expected; persistence=0.70
V0026,cooccurrence,relationship:660,0.3615071870513494,0.17606540295002612,0.9333,0.22443649909966243,1.0,conditional co-bidding 1.56x expected; persistence=0.93
V0223,cooccurrence,relationship:660,0.3615071870513494,0.17606540295002612,0.9333,0.22443649909966243,1.0,conditional co-bidding 1.56x expected; persistence=0.93
V0039,cooccurrence,relationship:661,0.3470196569385504,0.18341006620603448,0.7667,0.2092599561518044,1.0,conditional co-bidding 1.92x expected; persistence=0.77
V0051,cooccurrence,relationship:661,0.3470196569385504,0.18341006620603448,0.7667,0.2092599561518044,1.0,conditional co-bidding 1.92x expected; persistence=0.77
V0054,cooccurrence,relationship:662,0.3469645743536477,0.18338858399792235,0.7667,0.209223542623814,1.0,conditional co-bidding 1.91x expected; persistence=0.77
V0120,cooccurrence,relationship:662,0.3469645743536477,0.18338858399792235,0.7667,0.209223542623814,1.0,conditional co-bidding 1.91x expected; persistence=0.77
V0159,cooccurrence,relationship:663,0.3467039021847691,0.18328692185205991,0.7667,0.20905123344868676,1.0,conditional co-bidding 1.91x expected; persistence=0.77
V0455,cooccurrence,relationship:663,0.3467039021847691,0.18328692185205991,0.7667,0.20905123344868676,1.0,conditional co-bidding 1.91x expected; persistence=0.77
V0188,cooccurrence,relationship:664,0.346633641603094,0.18325952022520653,0.7667,0.20900479378139464,1.0,conditional co-bidding 1.91x expected; persistence=0.77
V0244,cooccurrence,relationship:664,0.346633641603094,0.18325952022520653,0.7667,0.20900479378139464,1.0,conditional co-bidding 1.91x expected; persistence=0.77
V0011,cooccurrence,relationship:665,0.3334493401324541,0.19041044265165694,0.6091,0.195396934931153,1.0,conditional co-bidding 2.30x expected; persistence=0.61
V0063,cooccurrence,relationship:665,0.3334493401324541,0.19041044265165694,0.6091,0.195396934931153,1.0,conditional co-bidding 2.30x expected; persistence=0.61
V0049,cooccurrence,relationship:666,0.337987032544521,0.18768734269236312,0.6667,0.20014451259412935,1.0,conditional co-bidding 2.14x expected; persistence=0.67
V0540,cooccurrence,relationship:666,0.337987032544521,0.18768734269236312,0.6667,0.20014451259412935,1.0,conditional co-bidding 2.14x expected; persistence=0.67
V0043,cooccurrence,relationship:667,0.3406880854867843,0.18614335333984586,0.7,0.20296105618837953,1.0,conditional co-bidding 2.06x expected; persistence=0.70
V0427,cooccurrence,relationship:667,0.3406880854867843,0.18614335333984586,0.7,0.20296105618837953,1.0,conditional co-bidding 2.06x expected; persistence=0.70
V0043,cooccurrence,relationship:668,0.3406880854867843,0.18614335333984586,0.7,0.20296105618837953,1.0,conditional co-bidding 2.06x expected; persistence=0.70
V0437,cooccurrence,relationship:668,0.3406880854867843,0.18614335333984586,0.7,0.20296105618837953,1.0,conditional co-bidding 2.06x expected; persistence=0.70
V0336,cooccurrence,relationship:669,0.3434405913270389,0.18461943061754502,0.7333,0.2058274919203567,1.0,conditional co-bidding 1.98x expected; persistence=0.73
V0514,cooccurrence,relationship:669,0.3434405913270389,0.18461943061754502,0.7333,0.2058274919203567,1.0,conditional co-bidding 1.98x expected; persistence=0.73
V0041,cooccurrence,relationship:670,0.3462466026880584,0.18310857504834258,0.7667,0.20874900486820325,1.0,conditional co-bidding 1.90x expected; persistence=0.77
V0113,cooccurrence,relationship:670,0.3462466026880584,0.18310857504834258,0.7667,0.20874900486820325,1.0,conditional co-bidding 1.90x expected; persistence=0.77
V0383,cooccurrence,relationship:671,0.340606941491857,0.18611170718182415,0.7,0.20290815610015944,1.0,conditional co-bidding 2.06x expected; persistence=0.70
V0509,cooccurrence,relationship:671,0.340606941491857,0.18611170718182415,0.7,0.20290815610015944,1.0,conditional co-bidding 2.06x expected; persistence=0.70
V0215,cooccurrence,relationship:672,0.31864474359818,0.19879365000329005,0.4276,0.1804332516565036,1.0,conditional co-bidding 2.82x expected; persistence=0.43
V0293,cooccurrence,relationship:672,0.31864474359818,0.19879365000329005,0.4276,0.1804332516565036,1.0,conditional co-bidding 2.82x expected; persistence=0.43
V0195,cooccurrence,relationship:673,0.3487303052853535,0.1814798190612878,0.8,0.21146980667895607,1.0,conditional co-bidding 1.82x expected; persistence=0.80
V0254,cooccurrence,relationship:673,0.3487303052853535,0.1814798190612878,0.8,0.21146980667895607,1.0,conditional co-bidding 1.82x expected; persistence=0.80
V0129,cooccurrence,relationship:674,0.3401526574743561,0.18593453641499885,0.7,0.20261203549896178,1.0,conditional co-bidding 2.05x expected; persistence=0.70
V0175,cooccurrence,relationship:674,0.3401526574743561,0.18593453641499885,0.7,0.20261203549896178,1.0,conditional co-bidding 2.05x expected; persistence=0.70
V0034,cooccurrence,relationship:675,0.3427774086802296,0.18436078938528946,0.7333,0.20539227236546692,1.0,conditional co-bidding 1.96x expected; persistence=0.73
V0483,cooccurrence,relationship:675,0.3427774086802296,0.18436078938528946,0.7333,0.20539227236546692,1.0,conditional co-bidding 1.96x expected; persistence=0.73
V0132,cooccurrence,relationship:676,0.3540049736421274,0.17833433972042967,0.8667,0.21716363450409631,1.0,conditional co-bidding 1.67x expected; persistence=0.87
V0352,cooccurrence,relationship:676,0.3540049736421274,0.17833433972042967,0.8667,0.21716363450409631,1.0,conditional co-bidding 1.67x expected; persistence=0.87
V0144,cooccurrence,relationship:677,0.3656611679843748,0.17248285551390619,1.0,0.22949526947342894,1.0,conditional co-bidding 1.41x expected; persistence=1.00
V0184,cooccurrence,relationship:677,0.3656611679843748,0.17248285551390619,1.0,0.22949526947342894,1.0,conditional co-bidding 1.41x expected; persistence=1.00
V0064,cooccurrence,relationship:678,0.350791971915256,0.1796864690469497,0.8333,0.21392209136617746,1.0,conditional co-bidding 1.73x expected; persistence=0.83
V0091,cooccurrence,relationship:678,0.350791971915256,0.1796864690469497,0.8333,0.21392209136617746,1.0,conditional co-bidding 1.73x expected; persistence=0.83
V0114,cooccurrence,relationship:679,0.3449828602742566,0.18261571550696004,0.7667,0.20791416321627895,1.0,conditional co-bidding 1.88x expected; persistence=0.77
V0531,cooccurrence,relationship:679,0.3449828602742566,0.18261571550696004,0.7667,0.20791416321627895,1.0,conditional co-bidding 1.88x expected; persistence=0.77
V0340,cooccurrence,relationship:680,0.3475028580742436,0.181001114648955,0.8,0.21065361987421924,1.0,conditional co-bidding 1.79x expected; persistence=0.80
V0483,cooccurrence,relationship:680,0.3475028580742436,0.181001114648955,0.8,0.21065361987421924,1.0,conditional co-bidding 1.79x expected; persistence=0.80
V0138,cooccurrence,relationship:681,0.3418190832064856,0.18398704245052938,0.7333,0.2047636208540971,1.0,conditional co-bidding 1.95x expected; persistence=0.73
V0249,cooccurrence,relationship:681,0.3418190832064856,0.18398704245052938,0.7333,0.2047636208540971,1.0,conditional co-bidding 1.95x expected; persistence=0.73
V0249,cooccurrence,relationship:682,0.3418190832064856,0.18398704245052938,0.7333,0.2047636208540971,1.0,conditional co-bidding 1.95x expected; persistence=0.73
V0363,cooccurrence,relationship:682,0.3418190832064856,0.18398704245052938,0.7333,0.2047636208540971,1.0,conditional co-bidding 1.95x expected; persistence=0.73
V0079,cooccurrence,relationship:683,0.3472885587459619,0.1809175379109251,0.8,0.21051117432682365,1.0,conditional co-bidding 1.79x expected; persistence=0.80
V0129,cooccurrence,relationship:683,0.3472885587459619,0.1809175379109251,0.8,0.21051117432682365,1.0,conditional co-bidding 1.79x expected; persistence=0.80
V0091,cooccurrence,relationship:684,0.3388440961831481,0.18542419751142755,0.7,0.20175944314935929,1.0,conditional co-bidding 2.02x expected; persistence=0.70
V0201,cooccurrence,relationship:684,0.3388440961831481,0.18542419751142755,0.7,0.20175944314935929,1.0,conditional co-bidding 2.02x expected; persistence=0.70
V0191,cooccurrence,relationship:685,0.3387860944589601,0.1854015768389944,0.7,0.20172166523565643,1.0,conditional co-bidding 2.02x expected; persistence=0.70
V0346,cooccurrence,relationship:685,0.3387860944589601,0.1854015768389944,0.7,0.20172166523565643,1.0,conditional co-bidding 2.02x expected; persistence=0.70
V0258,cooccurrence,relationship:686,0.3415363132579427,0.18387676217059745,0.7333,0.20457818502385164,1.0,conditional co-bidding 1.94x expected; persistence=0.73
V0367,cooccurrence,relationship:686,0.3415363132579427,0.18387676217059745,0.7333,0.20457818502385164,1.0,conditional co-bidding 1.94x expected; persistence=0.73
V0060,cooccurrence,relationship:687,0.3384085203988497,0.18525432295555105,0.7,0.201475769328321,1.0,conditional co-bidding 2.01x expected; persistence=0.70
V0242,cooccurrence,relationship:687,0.3384085203988497,0.18525432295555105,0.7,0.201475769328321,1.0,conditional co-bidding 2.01x expected; persistence=0.70
V0332,cooccurrence,relationship:688,0.3552908042992327,0.17623841367670073,0.9,0.21911535001222107,1.0,conditional co-bidding 1.57x expected; persistence=0.90
V0483,cooccurrence,relationship:688,0.3552908042992327,0.17623841367670073,0.9,0.21911535001222107,1.0,conditional co-bidding 1.57x expected; persistence=0.90
V0091,cooccurrence,relationship:689,0.3407246540941543,0.18356021509672005,0.7333,0.20404606002251494,1.0,conditional co-bidding 1.92x expected; persistence=0.73
V0340,cooccurrence,relationship:689,0.3407246540941543,0.18356021509672005,0.7333,0.20404606002251494,1.0,conditional co-bidding 1.92x expected; persistence=0.73
V0501,cooccurrence,relationship:690,0.3435133356942488,0.18204260092075683,0.7667,0.2069440517037387,1.0,conditional co-bidding 1.85x expected; persistence=0.77
V0513,cooccurrence,relationship:690,0.3435133356942488,0.18204260092075683,0.7667,0.2069440517037387,1.0,conditional co-bidding 1.85x expected; persistence=0.77
V0363,cooccurrence,relationship:691,0.3298180591259725,0.18959484305912905,0.6014,0.19283477541348032,1.0,conditional co-bidding 2.25x expected; persistence=0.60
V0548,cooccurrence,relationship:691,0.3298180591259725,0.18959484305912905,0.6014,0.19283477541348032,1.0,conditional co-bidding 2.25x expected; persistence=0.60
V0023,cooccurrence,relationship:692,0.3378549184969641,0.1850384182138158,0.7,0.20111531995790685,1.0,conditional co-bidding 2.00x expected; persistence=0.70
V0080,cooccurrence,relationship:692,0.3378549184969641,0.1850384182138158,0.7,0.20111531995790685,1.0,conditional co-bidding 2.00x expected; persistence=0.70
V0327,cooccurrence,relationship:693,0.3491363567646979,0.17904077913823216,0.8333,0.21281439104082994,1.0,conditional co-bidding 1.70x expected; persistence=0.83
V0370,cooccurrence,relationship:693,0.3491363567646979,0.17904077913823216,0.8333,0.21281439104082994,1.0,conditional co-bidding 1.70x expected; persistence=0.83
V0061,cooccurrence,relationship:694,0.3405697773379293,0.1834998131617922,0.7333,0.2039445474519137,1.0,conditional co-bidding 1.92x expected; persistence=0.73
V0424,cooccurrence,relationship:694,0.3405697773379293,0.1834998131617922,0.7333,0.2039445474519137,1.0,conditional co-bidding 1.92x expected; persistence=0.73
V0091,cooccurrence,relationship:695,0.3461016184774719,0.1804546312062138,0.8,0.20972249100250676,1.0,conditional co-bidding 1.77x expected; persistence=0.80
V0533,cooccurrence,relationship:695,0.3461016184774719,0.1804546312062138,0.8,0.20972249100250676,1.0,conditional co-bidding 1.77x expected; persistence=0.80
V0259,cooccurrence,relationship:696,0.340439753868134,0.1834491040085721,0.7333,0.20385933089776023,1.0,conditional co-bidding 1.92x expected; persistence=0.73
V0456,cooccurrence,relationship:696,0.340439753868134,0.1834491040085721,0.7333,0.20385933089776023,1.0,conditional co-bidding 1.92x expected; persistence=0.73
V0063,cooccurrence,relationship:697,0.3430664913415698,0.18186833162321198,0.7667,0.2066492091978716,1.0,conditional co-bidding 1.84x expected; persistence=0.77
V0513,cooccurrence,relationship:697,0.3430664913415698,0.18186833162321198,0.7667,0.2066492091978716,1.0,conditional co-bidding 1.84x expected; persistence=0.77
V0050,cooccurrence,relationship:698,0.3603536778474592,0.17301033436050883,0.9667,0.22474290922959353,1.0,conditional co-bidding 1.43x expected; persistence=0.97
V0407,cooccurrence,relationship:698,0.3603536778474592,0.17301033436050883,0.9667,0.22474290922959353,1.0,conditional co-bidding 1.43x expected; persistence=0.97
V0081,cooccurrence,relationship:699,0.3400239021847691,0.1832869218520598,0.7333,0.20358682206653106,1.0,conditional co-bidding 1.91x expected; persistence=0.73
V0387,cooccurrence,relationship:699,0.3400239021847691,0.1832869218520598,0.7333,0.20358682206653106,1.0,conditional co-bidding 1.91x expected; persistence=0.73
V0204,cooccurrence,relationship:700,0.3400239021847691,0.1832869218520598,0.7333,0.20358682206653106,1.0,conditional co-bidding 1.91x expected; persistence=0.73
V0469,cooccurrence,relationship:700,0.3400239021847691,0.1832869218520598,0.7333,0.20358682206653106,1.0,conditional co-bidding 1.91x expected; persistence=0.73
V0092,cooccurrence,relationship:701,0.3398079941493588,0.18320271771824992,0.7333,0.20344535955755771,1.0,conditional co-bidding 1.90x expected; persistence=0.73
V0276,cooccurrence,relationship:701,0.3398079941493588,0.18320271771824992,0.7333,0.20344535955755771,1.0,conditional co-bidding 1.90x expected; persistence=0.73
V0010,cooccurrence,relationship:702,0.3422359469367195,0.18154441930532045,0.7667,0.20610136636415974,1.0,conditional co-bidding 1.82x expected; persistence=0.77
V0452,cooccurrence,relationship:702,0.3422359469367195,0.18154441930532045,0.7667,0.20610136636415974,1.0,conditional co-bidding 1.82x expected; persistence=0.77
V0023,cooccurrence,relationship:703,0.3420703052853535,0.1814798190612877,0.7667,0.20599213359892124,1.0,conditional co-bidding 1.82x expected; persistence=0.77
V0367,cooccurrence,relationship:703,0.3420703052853535,0.1814798190612877,0.7667,0.20599213359892124,1.0,conditional co-bidding 1.82x expected; persistence=0.77
V0220,cooccurrence,relationship:704,0.3364567451511635,0.1844931306089535,0.7,0.2002054215733574,1.0,conditional co-bidding 1.97x expected; persistence=0.70
V0251,cooccurrence,relationship:704,0.3364567451511635,0.1844931306089535,0.7,0.2002054215733574,1.0,conditional co-bidding 1.97x expected; persistence=0.70
V0022,cooccurrence,relationship:705,0.3363289718437224,0.18444329901905168,0.7,0.20012230187003974,1.0,conditional co-bidding 1.97x expected; persistence=0.70
V0331,cooccurrence,relationship:705,0.3363289718437224,0.18444329901905168,0.7,0.20012230187003974,1.0,conditional co-bidding 1.97x expected; persistence=0.70
V0309,cooccurrence,relationship:706,0.3500964380685635,0.17670167751340624,0.8667,0.2145155934735987,1.0,conditional co-bidding 1.57x expected; persistence=0.87
V0413,cooccurrence,relationship:706,0.3500964380685635,0.17670167751340624,0.8667,0.2145155934735987,1.0,conditional co-bidding 1.57x expected; persistence=0.87
V0298,cooccurrence,relationship:707,0.332386941491857,0.18611170718182413,0.6589,0.19627974895203606,1.0,conditional co-bidding 2.06x expected; persistence=0.66
V0383,cooccurrence,relationship:707,0.332386941491857,0.18611170718182413,0.6589,0.19627974895203606,1.0,conditional co-bidding 2.06x expected; persistence=0.66
V0091,cooccurrence,relationship:708,0.3335840961831482,0.1854241975114275,0.6737,0.19751598947670307,1.0,conditional co-bidding 2.02x expected; persistence=0.67
V0438,cooccurrence,relationship:708,0.3335840961831482,0.1854241975114275,0.6737,0.19751598947670307,1.0,conditional co-bidding 2.02x expected; persistence=0.67
V0329,cooccurrence,relationship:709,0.344131971915256,0.17968646904694965,0.8,0.20841477222452948,1.0,conditional co-bidding 1.73x expected; persistence=0.80
V0406,cooccurrence,relationship:709,0.344131971915256,0.17968646904694965,0.8,0.20841477222452948,1.0,conditional co-bidding 1.73x expected; persistence=0.80
V0421,cooccurrence,relationship:710,0.341124626731364,0.18111100442523176,0.7667,0.2053686795529779,1.0,conditional co-bidding 1.80x expected; persistence=0.77
V0426,cooccurrence,relationship:710,0.341124626731364,0.18111100442523176,0.7667,0.2053686795529779,1.0,conditional co-bidding 1.80x expected; persistence=0.77
V0078,cooccurrence,relationship:711,0.341124626731364,0.18111100442523176,0.7667,0.2053686795529779,1.0,conditional co-bidding 1.80x expected; persistence=0.77
V0421,cooccurrence,relationship:711,0.341124626731364,0.18111100442523176,0.7667,0.2053686795529779,1.0,conditional co-bidding 1.80x expected; persistence=0.77
V0028,cooccurrence,relationship:712,0.3382571608763085,0.18259789274176016,0.7333,0.20242971193483836,1.0,conditional co-bidding 1.87x expected; persistence=0.73
V0172,cooccurrence,relationship:712,0.3382571608763085,0.18259789274176016,0.7333,0.20242971193483836,1.0,conditional co-bidding 1.87x expected; persistence=0.73
V0339,cooccurrence,relationship:713,0.3185949578237763,0.19381343355127273,0.4912,0.18235513278992635,1.0,conditional co-bidding 2.50x expected; persistence=0.49
V0345,cooccurrence,relationship:713,0.3185949578237763,0.19381343355127273,0.4912,0.18235513278992635,1.0,conditional co-bidding 2.50x expected; persistence=0.49
V0029,cooccurrence,relationship:714,0.3354017290364133,0.18408167432420117,0.7,0.19951926882532955,1.0,conditional co-bidding 1.95x expected; persistence=0.70
V0293,cooccurrence,relationship:714,0.3354017290364133,0.18408167432420117,0.7,0.19951926882532955,1.0,conditional co-bidding 1.95x expected; persistence=0.70
V0367,cooccurrence,relationship:715,0.3380538791513112,0.1825186128690113,0.7333,0.20229664106879797,1.0,conditional co-bidding 1.87x expected; persistence=0.73
V0509,cooccurrence,relationship:715,0.3380538791513112,0.1825186128690113,0.7333,0.20229664106879797,1.0,conditional co-bidding 1.87x expected; persistence=0.73
V0191,cooccurrence,relationship:716,0.3408585261666103,0.18100722520497797,0.7667,0.20519330235599803,1.0,conditional co-bidding 1.79x expected; persistence=0.77
V0320,cooccurrence,relationship:716,0.3408585261666103,0.18100722520497797,0.7667,0.20519330235599803,1.0,conditional co-bidding 1.79x expected; persistence=0.77
V0091,cooccurrence,relationship:717,0.3351243865645363,0.18397351076016913,0.7,0.19933895405748103,1.0,conditional co-bidding 1.94x expected; persistence=0.70
V0426,cooccurrence,relationship:717,0.3351243865645363,0.18397351076016913,0.7,0.19933895405748103,1.0,conditional co-bidding 1.94x expected; persistence=0.70
V0383,cooccurrence,relationship:718,0.3432473712900959,0.17934147480313714,0.8,0.2078278796302199,1.0,conditional co-bidding 1.71x expected; persistence=0.80
V0502,cooccurrence,relationship:718,0.3432473712900959,0.17934147480313714,0.8,0.2078278796302199,1.0,conditional co-bidding 1.71x expected; persistence=0.80
V0379,cooccurrence,relationship:719,0.3462842904850661,0.17760520662250903,0.8,0.20940692313558187,1.0,conditional co-bidding 1.20x expected; persistence=0.80
V0388,cooccurrence,relationship:719,0.3462842904850661,0.17760520662250903,0.8,0.20940692313558187,1.0,conditional co-bidding 1.20x expected; persistence=0.80
V0200,cooccurrence,relationship:720,0.3401412957222079,0.18072750533166096,0.7667,0.20472071987546867,1.0,conditional co-bidding 1.78x expected; persistence=0.77
V0240,cooccurrence,relationship:720,0.3401412957222079,0.18072750533166096,0.7667,0.20472071987546867,1.0,conditional co-bidding 1.78x expected; persistence=0.77
V0039,cooccurrence,relationship:721,0.3400888048607084,0.18070703389567608,0.7667,0.20468614045500608,1.0,conditional co-bidding 1.78x expected; persistence=0.77
V0468,cooccurrence,relationship:721,0.3400888048607084,0.18070703389567608,0.7667,0.20468614045500608,1.0,conditional co-bidding 1.78x expected; persistence=0.77
V0016,cooccurrence,relationship:722,0.3399627497219646,0.18065787239156608,0.7667,0.20460310283932714,1.0,conditional co-bidding 1.78x expected; persistence=0.77
V0219,cooccurrence,relationship:722,0.3399627497219646,0.18065787239156608,0.7667,0.20460310283932714,1.0,conditional co-bidding 1.78x expected; persistence=0.77
V0129,cooccurrence,relationship:723,0.3368333356942488,0.18204260092075697,0.7333,0.20149794614033484,1.0,conditional co-bidding 1.85x expected; persistence=0.73
V0178,cooccurrence,relationship:723,0.3368333356942488,0.18204260092075697,0.7333,0.20149794614033484,1.0,conditional co-bidding 1.85x expected; persistence=0.73
V0082,cooccurrence,relationship:724,0.3424763567646979,0.17904077913823194,0.8,0.20731656135244073,1.0,conditional co-bidding 1.70x expected; persistence=0.80
V0327,cooccurrence,relationship:724,0.3424763567646979,0.17904077913823194,0.8,0.20731656135244073,1.0,conditional co-bidding 1.70x expected; persistence=0.80
V0313,cooccurrence,relationship:725,0.3336245743536476,0.18338858399792235,0.7,0.1983642878322712,1.0,conditional co-bidding 1.91x expected; persistence=0.70
V0368,cooccurrence,relationship:725,0.3336245743536476,0.18338858399792235,0.7,0.1983642878322712,1.0,conditional co-bidding 1.91x expected; persistence=0.70
V0063,cooccurrence,relationship:726,0.3363864913415698,0.18186833162321214,0.7333,0.20120566549055965,1.0,conditional co-bidding 1.84x expected; persistence=0.73
V0403,cooccurrence,relationship:726,0.3363864913415698,0.18186833162321214,0.7333,0.20120566549055965,1.0,conditional co-bidding 1.84x expected; persistence=0.73
V0231,cooccurrence,relationship:727,0.3363453334442899,0.18185228004327286,0.7333,0.20117874746909836,1.0,conditional co-bidding 1.84x expected; persistence=0.73
V0277,cooccurrence,relationship:727,0.3363453334442899,0.18185228004327286,0.7333,0.20117874746909836,1.0,conditional co-bidding 1.84x expected; persistence=0.73
V0309,cooccurrence,relationship:728,0.3446904901163156,0.17730689114536302,0.8333,0.20984445635501758,1.0,conditional co-bidding 1.62x expected; persistence=0.83
V0319,cooccurrence,relationship:728,0.3446904901163156,0.17730689114536302,0.8333,0.20984445635501758,1.0,conditional co-bidding 1.62x expected; persistence=0.83
V0204,cooccurrence,relationship:729,0.3333639021847691,0.18328692185205986,0.7,0.1981949634249655,1.0,conditional co-bidding 1.91x expected; persistence=0.70
V0475,cooccurrence,relationship:729,0.3333639021847691,0.18328692185205986,0.7,0.1981949634249655,1.0,conditional co-bidding 1.91x expected; persistence=0.70
V0259,cooccurrence,relationship:730,0.3388974492575157,0.18024240521043094,0.7667,0.2039015587017958,1.0,conditional co-bidding 1.76x expected; persistence=0.77
V0502,cooccurrence,relationship:730,0.3388974492575157,0.18024240521043094,0.7667,0.2039015587017958,1.0,conditional co-bidding 1.76x expected; persistence=0.77
V0079,cooccurrence,relationship:731,0.3360620582963627,0.18174180273558138,0.7333,0.2009934955834617,1.0,conditional co-bidding 1.83x expected; persistence=0.73
V0454,cooccurrence,relationship:731,0.3360620582963627,0.18174180273558138,0.7333,0.2009934955834617,1.0,conditional co-bidding 1.83x expected; persistence=0.73
V0061,cooccurrence,relationship:732,0.3359279547934505,0.18168950236944548,0.7333,0.20090580595463517,1.0,conditional co-bidding 1.83x expected; persistence=0.73
V0414,cooccurrence,relationship:732,0.3359279547934505,0.18168950236944548,0.7333,0.20090580595463517,1.0,conditional co-bidding 1.83x expected; persistence=0.73
V0113,cooccurrence,relationship:733,0.3559919283840492,0.171309252069779,0.9667,0.2217519109461637,1.0,conditional co-bidding 1.36x expected; persistence=0.97
V0119,cooccurrence,relationship:733,0.3559919283840492,0.171309252069779,0.9667,0.2217519109461637,1.0,conditional co-bidding 1.36x expected; persistence=0.97
V0217,cooccurrence,relationship:734,0.3384946215774784,0.18008530241521659,0.7667,0.2036363790673594,1.0,conditional co-bidding 1.75x expected; persistence=0.77
V0263,cooccurrence,relationship:734,0.3384946215774784,0.18008530241521659,0.7667,0.2036363790673594,1.0,conditional co-bidding 1.75x expected; persistence=0.77
V0426,cooccurrence,relationship:735,0.3263287498896654,0.18679101245696925,0.6199,0.1911813369003182,1.0,conditional co-bidding 2.09x expected; persistence=0.62
V0483,cooccurrence,relationship:735,0.3263287498896654,0.18679101245696925,0.6199,0.1911813369003182,1.0,conditional co-bidding 2.09x expected; persistence=0.62
V0336,cooccurrence,relationship:736,0.3412985205710088,0.17858142302269328,0.8,0.20653583546846851,1.0,conditional co-bidding 1.68x expected; persistence=0.80
V0434,cooccurrence,relationship:736,0.3412985205710088,0.17858142302269328,0.8,0.20653583546846851,1.0,conditional co-bidding 1.68x expected; persistence=0.80
V0258,cooccurrence,relationship:737,0.330086278047651,0.1846060484385838,0.6667,0.19503877036427147,1.0,conditional co-bidding 1.98x expected; persistence=0.67
V0456,cooccurrence,relationship:737,0.330086278047651,0.1846060484385838,0.6667,0.19503877036427147,1.0,conditional co-bidding 1.98x expected; persistence=0.67
V0249,cooccurrence,relationship:738,0.3382608964082442,0.1799941495992151,0.7667,0.2034825437409832,1.0,conditional co-bidding 1.75x expected; persistence=0.77
V0412,cooccurrence,relationship:738,0.3382608964082442,0.1799941495992151,0.7667,0.2034825437409832,1.0,conditional co-bidding 1.75x expected; persistence=0.77
V0132,cooccurrence,relationship:739,0.3353903052853534,0.18147981906128777,0.7333,0.20055429955818116,1.0,conditional co-bidding 1.82x expected; persistence=0.73
V0280,cooccurrence,relationship:739,0.3353903052853534,0.18147981906128777,0.7333,0.20055429955818116,1.0,conditional co-bidding 1.82x expected; persistence=0.73
V0091,cooccurrence,relationship:740,0.3380321210058921,0.17990492719229775,0.7667,0.20333198399951652,1.0,conditional co-bidding 1.74x expected; persistence=0.77
V0275,cooccurrence,relationship:740,0.3380321210058921,0.17990492719229775,0.7667,0.20333198399951652,1.0,conditional co-bidding 1.74x expected; persistence=0.77
V0158,cooccurrence,relationship:741,0.3322204842591784,0.18284098886107958,0.7,0.19745250010955986,1.0,conditional co-bidding 1.89x expected; persistence=0.70
V0363,cooccurrence,relationship:741,0.3322204842591784,0.18284098886107958,0.7,0.19745250010955986,1.0,conditional co-bidding 1.89x expected; persistence=0.70
V0047,cooccurrence,relationship:742,0.3348454695015684,0.18126733310561158,0.7333,0.20019819287781282,1.0,conditional co-bidding 1.81x expected; persistence=0.73
V0241,cooccurrence,relationship:742,0.3348454695015684,0.18126733310561158,0.7333,0.20019819287781282,1.0,conditional co-bidding 1.81x expected; persistence=0.73
V0215,cooccurrence,relationship:743,0.337471971915256,0.17968646904694963,0.7667,0.20296341733391335,1.0,conditional co-bidding 1.73x expected; persistence=0.77
V0308,cooccurrence,relationship:743,0.337471971915256,0.17968646904694963,0.7667,0.20296341733391335,1.0,conditional co-bidding 1.73x expected; persistence=0.77
V0033,cooccurrence,relationship:744,0.3318508655515272,0.18269683756509547,0.7,0.19721258534656966,1.0,conditional co-bidding 1.88x expected; persistence=0.70
V0168,cooccurrence,relationship:744,0.3318508655515272,0.18269683756509547,0.7,0.19721258534656966,1.0,conditional co-bidding 1.88x expected; persistence=0.70
V0028,cooccurrence,relationship:745,0.3459023684268471,0.17517432368647026,0.8667,0.21171434547757934,1.0,conditional co-bidding 1.52x expected; persistence=0.87
V0483,cooccurrence,relationship:745,0.3459023684268471,0.17517432368647026,0.8667,0.21171434547757934,1.0,conditional co-bidding 1.52x expected; persistence=0.87
V0024,cooccurrence,relationship:746,0.3316428602742566,0.1826157155069599,0.7,0.19707759160959434,1.0,conditional co-bidding 1.88x expected; persistence=0.70
V0509,cooccurrence,relationship:746,0.3316428602742566,0.1826157155069599,0.7,0.19707759160959434,1.0,conditional co-bidding 1.88x expected; persistence=0.70
V0368,cooccurrence,relationship:747,0.3341628580742435,0.1810011146489549,0.7333,0.19975217473067663,1.0,conditional co-bidding 1.79x expected; persistence=0.73
V0483,cooccurrence,relationship:747,0.3341628580742435,0.1810011146489549,0.7333,0.19975217473067663,1.0,conditional co-bidding 1.79x expected; persistence=0.73
V0172,cooccurrence,relationship:748,0.3367808328305843,0.17941692480392774,0.7667,0.20250880661960352,1.0,conditional co-bidding 1.72x expected; persistence=0.77
V0313,cooccurrence,relationship:748,0.3367808328305843,0.17941692480392774,0.7667,0.20250880661960352,1.0,conditional co-bidding 1.72x expected; persistence=0.77
V0050,cooccurrence,relationship:749,0.3241881035730011,0.1863773603934703,0.6145,0.18964953798784095,1.0,conditional co-bidding 2.07x expected; persistence=0.61
V0513,cooccurrence,relationship:749,0.3241881035730011,0.1863773603934703,0.6145,0.18964953798784095,1.0,conditional co-bidding 2.07x expected; persistence=0.61
V0159,cooccurrence,relationship:750,0.3468196674833144,0.17413240365182578,0.8667,0.21211751505081936,1.0,conditional co-bidding 1.27x expected; persistence=0.87
V0320,cooccurrence,relationship:750,0.3468196674833144,0.17413240365182578,0.8667,0.21211751505081936,1.0,conditional co-bidding 1.27x expected; persistence=0.87
V0016,cooccurrence,relationship:751,0.3365873712900959,0.17934147480313742,0.7667,0.2023815820107236,1.0,conditional co-bidding 1.71x expected; persistence=0.77
V0327,cooccurrence,relationship:751,0.3365873712900959,0.17934147480313742,0.7667,0.2023815820107236,1.0,conditional co-bidding 1.71x expected; persistence=0.77
V0309,cooccurrence,relationship:752,0.3421664380685635,0.17632251084673978,0.8333,0.2081613197550748,1.0,conditional co-bidding 1.57x expected; persistence=0.83
V0504,cooccurrence,relationship:752,0.3421664380685635,0.17632251084673978,0.8333,0.2081613197550748,1.0,conditional co-bidding 1.57x expected; persistence=0.83
V0243,cooccurrence,relationship:753,0.3305165272186736,0.18217644561528273,0.7,0.1963468585317297,1.0,conditional co-bidding 1.85x expected; persistence=0.70
V0395,cooccurrence,relationship:753,0.3305165272186736,0.18217644561528273,0.7,0.1963468585317297,1.0,conditional co-bidding 1.85x expected; persistence=0.70
V0066,cooccurrence,relationship:754,0.3332827497219646,0.18065787239156597,0.7333,0.19917734064007134,1.0,conditional co-bidding 1.78x expected; persistence=0.73
V0473,cooccurrence,relationship:754,0.3332827497219646,0.18065787239156597,0.7333,0.19917734064007134,1.0,conditional co-bidding 1.78x expected; persistence=0.73
V0080,cooccurrence,relationship:755,0.3206470325445211,0.187687342692363,0.58,0.18634874373978064,1.0,conditional co-bidding 2.14x expected; persistence=0.58
V0507,cooccurrence,relationship:755,0.3206470325445211,0.187687342692363,0.58,0.18634874373978064,1.0,conditional co-bidding 2.14x expected; persistence=0.58
V0254,cooccurrence,relationship:756,0.3358163567646979,0.179040779138232,0.7667,0.20187467013911642,1.0,conditional co-bidding 1.70x expected; persistence=0.77
V0370,cooccurrence,relationship:756,0.3358163567646979,0.179040779138232,0.7667,0.20187467013911642,1.0,conditional co-bidding 1.70x expected; persistence=0.77
V0127,cooccurrence,relationship:757,0.3204999108504969,0.1871541652316937,0.5861,0.1864407897418093,1.0,conditional co-bidding 2.11x expected; persistence=0.59
V0198,cooccurrence,relationship:757,0.3204999108504969,0.1871541652316937,0.5861,0.1864407897418093,1.0,conditional co-bidding 2.11x expected; persistence=0.59
V0174,cooccurrence,relationship:758,0.3324765788889146,0.18034346576667654,0.7333,0.19865102396493323,1.0,conditional co-bidding 1.76x expected; persistence=0.73
V0215,cooccurrence,relationship:758,0.3324765788889146,0.18034346576667654,0.7333,0.19865102396493323,1.0,conditional co-bidding 1.76x expected; persistence=0.73
V0215,cooccurrence,relationship:759,0.3324765788889146,0.18034346576667654,0.7333,0.19865102396493323,1.0,conditional co-bidding 1.76x expected; persistence=0.73
V0485,cooccurrence,relationship:759,0.3324765788889146,0.18034346576667654,0.7333,0.19865102396493323,1.0,conditional co-bidding 1.76x expected; persistence=0.73
V0127,cooccurrence,relationship:760,0.3380304901163156,0.1773068911453628,0.8,0.20437207723743728,1.0,conditional co-bidding 1.62x expected; persistence=0.80
V0278,cooccurrence,relationship:760,0.3380304901163156,0.1773068911453628,0.8,0.20437207723743728,1.0,conditional co-bidding 1.62x expected; persistence=0.80
V0002,cooccurrence,relationship:761,0.3237149184969641,0.18503841821381597,0.6293,0.18979951178032287,1.0,conditional co-bidding 2.00x expected; persistence=0.63
V0242,cooccurrence,relationship:761,0.3237149184969641,0.18503841821381597,0.6293,0.18979951178032287,1.0,conditional co-bidding 2.00x expected; persistence=0.63
V0378,cooccurrence,relationship:762,0.3350575512243251,0.1787448449774867,0.7667,0.2013759794181022,1.0,conditional co-bidding 1.69x expected; persistence=0.77
V0431,cooccurrence,relationship:762,0.3350575512243251,0.1787448449774867,0.7667,0.2013759794181022,1.0,conditional co-bidding 1.69x expected; persistence=0.77
V0177,cooccurrence,relationship:763,0.3294020582963627,0.1817418027355813,0.7,0.19562423454874697,1.0,conditional co-bidding 1.83x expected; persistence=0.70
V0454,cooccurrence,relationship:763,0.3294020582963627,0.1817418027355813,0.7,0.19562423454874697,1.0,conditional co-bidding 1.83x expected; persistence=0.70
V0172,cooccurrence,relationship:764,0.337561591429908,0.1771240206576641,0.8,0.20406191531385473,1.0,conditional co-bidding 1.61x expected; persistence=0.80
V0483,cooccurrence,relationship:764,0.337561591429908,0.1771240206576641,0.8,0.20406191531385473,1.0,conditional co-bidding 1.61x expected; persistence=0.80
V0413,cooccurrence,relationship:765,0.3346766640150872,0.17859629896588392,0.7667,0.20112573110581367,1.0,conditional co-bidding 1.68x expected; persistence=0.77
V0504,cooccurrence,relationship:765,0.3346766640150872,0.17859629896588392,0.7667,0.20112573110581367,1.0,conditional co-bidding 1.68x expected; persistence=0.77
V0336,cooccurrence,relationship:766,0.3346385205710088,0.1785814230226934,0.7667,0.2011006729948741,1.0,conditional co-bidding 1.68x expected; persistence=0.77
V0494,cooccurrence,relationship:766,0.3346385205710088,0.1785814230226934,0.7667,0.2011006729948741,1.0,conditional co-bidding 1.68x expected; persistence=0.77
V0455,cooccurrence,relationship:767,0.3318146215774784,0.18008530241521645,0.7333,0.1982190199869004,1.0,conditional co-bidding 1.75x expected; persistence=0.73
V0525,cooccurrence,relationship:767,0.3318146215774784,0.18008530241521645,0.7333,0.1982190199869004,1.0,conditional co-bidding 1.75x expected; persistence=0.73
V0384,cooccurrence,relationship:768,0.3401336924671253,0.17552974006217859,0.8333,0.20680737692935083,1.0,conditional co-bidding 1.54x expected; persistence=0.83
V0513,cooccurrence,relationship:768,0.3401336924671253,0.17552974006217859,0.8333,0.20680737692935083,1.0,conditional co-bidding 1.54x expected; persistence=0.83
V0132,cooccurrence,relationship:769,0.3256860500717763,0.18307715952799267,0.6643,0.19213080281620082,1.0,conditional co-bidding 1.90x expected; persistence=0.66
V0322,cooccurrence,relationship:769,0.3256860500717763,0.18307715952799267,0.6643,0.19213080281620082,1.0,conditional co-bidding 1.90x expected; persistence=0.66
V0243,cooccurrence,relationship:770,0.3183209648761513,0.18690497630169894,0.5784,0.18482966760540356,1.0,conditional co-bidding 2.10x expected; persistence=0.58
V0529,cooccurrence,relationship:770,0.3183209648761513,0.18690497630169894,0.5784,0.18482966760540356,1.0,conditional co-bidding 2.10x expected; persistence=0.58
V0387,cooccurrence,relationship:771,0.3304816320664665,0.17956543650592177,0.7333,0.19734953141656825,1.0,conditional co-bidding 1.73x expected; persistence=0.73
V0429,cooccurrence,relationship:771,0.3304816320664665,0.17956543650592177,0.7333,0.19734953141656825,1.0,conditional co-bidding 1.73x expected; persistence=0.73
V0368,cooccurrence,relationship:772,0.3387413455392565,0.17498672476030988,0.8333,0.20588079095733647,1.0,conditional co-bidding 1.51x expected; persistence=0.83
V0547,cooccurrence,relationship:772,0.3387413455392565,0.17498672476030988,0.8333,0.20588079095733647,1.0,conditional co-bidding 1.51x expected; persistence=0.83
V0231,cooccurrence,relationship:773,0.3329998738239214,0.17794235079132928,0.7667,0.20002463338061433,1.0,conditional co-bidding 1.65x expected; persistence=0.77
V0465,cooccurrence,relationship:773,0.3329998738239214,0.17794235079132928,0.7667,0.20002463338061433,1.0,conditional co-bidding 1.65x expected; persistence=0.77
V0204,cooccurrence,relationship:774,0.3301169430570864,0.1794232077922637,0.7333,0.19711175324157743,1.0,conditional co-bidding 1.72x expected; persistence=0.73
V0286,cooccurrence,relationship:774,0.3301169430570864,0.1794232077922637,0.7333,0.19711175324157743,1.0,conditional co-bidding 1.72x expected; persistence=0.73
V0014,cooccurrence,relationship:775,0.3385496541726956,0.17491196512735108,0.8333,0.20575327474473312,1.0,conditional co-bidding 1.51x expected; persistence=0.83
V0244,cooccurrence,relationship:775,0.3385496541726956,0.17491196512735108,0.8333,0.20575327474473312,1.0,conditional co-bidding 1.51x expected; persistence=0.83
V0047,cooccurrence,relationship:776,0.3327240482439023,0.17783477881512155,0.7667,0.19984359712240793,1.0,conditional co-bidding 1.64x expected; persistence=0.77
V0454,cooccurrence,relationship:776,0.3327240482439023,0.17783477881512155,0.7667,0.19984359712240793,1.0,conditional co-bidding 1.64x expected; persistence=0.77
V0501,cooccurrence,relationship:777,0.3299073712900959,0.1793414748031373,0.7333,0.19697513190343385,1.0,conditional co-bidding 1.71x expected; persistence=0.73
V0502,cooccurrence,relationship:777,0.3299073712900959,0.1793414748031373,0.7333,0.19697513190343385,1.0,conditional co-bidding 1.71x expected; persistence=0.73
V0463,cooccurrence,relationship:778,0.3296759556675949,0.17925122271036206,0.7333,0.19682428735389412,1.0,conditional co-bidding 1.71x expected; persistence=0.73
V0528,cooccurrence,relationship:778,0.3296759556675949,0.17925122271036206,0.7333,0.19682428735389412,1.0,conditional co-bidding 1.71x expected; persistence=0.73
V0263,cooccurrence,relationship:779,0.346523649476291,0.17022182329575342,0.9333,0.21423512025654529,1.0,conditional co-bidding 1.31x expected; persistence=0.93
V0275,cooccurrence,relationship:779,0.346523649476291,0.17022182329575342,0.9333,0.21423512025654529,1.0,conditional co-bidding 1.31x expected; persistence=0.93
V0159,cooccurrence,relationship:780,0.3256385261666102,0.1810072252049779,0.6906,0.1929013997921019,1.0,conditional co-bidding 1.79x expected; persistence=0.69
V0191,cooccurrence,relationship:780,0.3256385261666102,0.1810072252049779,0.6906,0.1929013997921019,1.0,conditional co-bidding 1.79x expected; persistence=0.69
V0002,cooccurrence,relationship:781,0.3291363567646979,0.179040779138232,0.7333,0.1964726276125415,1.0,conditional co-bidding 1.70x expected; persistence=0.73
V0007,cooccurrence,relationship:781,0.3291363567646979,0.179040779138232,0.7333,0.1964726276125415,1.0,conditional co-bidding 1.70x expected; persistence=0.73
V0091,cooccurrence,relationship:782,0.3261016184774719,0.18045463120621372,0.7,0.19348662625994997,1.0,conditional co-bidding 1.77x expected; persistence=0.70
V0488,cooccurrence,relationship:782,0.3261016184774719,0.18045463120621372,0.7,0.19348662625994997,1.0,conditional co-bidding 1.77x expected; persistence=0.70
V0178,cooccurrence,relationship:783,0.3398419230944645,0.17281075000684104,0.8667,0.20765314364344428,1.0,conditional co-bidding 1.42x expected; persistence=0.87
V0513,cooccurrence,relationship:783,0.3398419230944645,0.17281075000684104,0.8667,0.20765314364344428,1.0,conditional co-bidding 1.42x expected; persistence=0.87
V0073,cooccurrence,relationship:784,0.3284590407604503,0.17877662589657559,0.7333,0.1960313537733747,1.0,conditional co-bidding 1.69x expected; persistence=0.73
V0368,cooccurrence,relationship:784,0.3284590407604503,0.17877662589657559,0.7333,0.1960313537733747,1.0,conditional co-bidding 1.69x expected; persistence=0.73
V0368,cooccurrence,relationship:785,0.3284590407604503,0.17877662589657559,0.7333,0.1960313537733747,1.0,conditional co-bidding 1.69x expected; persistence=0.73
V0531,cooccurrence,relationship:785,0.3284590407604503,0.17877662589657559,0.7333,0.1960313537733747,1.0,conditional co-bidding 1.69x expected; persistence=0.73
V0020,cooccurrence,relationship:786,0.3284590407604503,0.17877662589657559,0.7333,0.1960313537733747,1.0,conditional co-bidding 1.69x expected; persistence=0.73
V0329,cooccurrence,relationship:786,0.3284590407604503,0.17877662589657559,0.7333,0.1960313537733747,1.0,conditional co-bidding 1.69x expected; persistence=0.73
V0295,cooccurrence,relationship:787,0.3407907846909901,0.17203247269615266,0.8667,0.20811675382211917,1.0,conditional co-bidding 1.22x expected; persistence=0.87
V0307,cooccurrence,relationship:787,0.3407907846909901,0.17203247269615266,0.8667,0.20811675382211917,1.0,conditional co-bidding 1.22x expected; persistence=0.87
V0338,cooccurrence,relationship:788,0.3309295442685324,0.17713492226472755,0.7667,0.1986664081441842,1.0,conditional co-bidding 1.61x expected; persistence=0.77
V0513,cooccurrence,relationship:788,0.3309295442685324,0.17713492226472755,0.7667,0.1986664081441842,1.0,conditional co-bidding 1.61x expected; persistence=0.77
V0144,cooccurrence,relationship:789,0.3279585205710088,0.17858142302269334,0.7333,0.19570536099425617,1.0,conditional co-bidding 1.68x expected; persistence=0.73
V0465,cooccurrence,relationship:789,0.3279585205710088,0.17858142302269334,0.7333,0.19570536099425617,1.0,conditional co-bidding 1.68x expected; persistence=0.73
V0445,cooccurrence,relationship:790,0.3251546215774784,0.18008530241521659,0.7,0.1928739447711957,1.0,conditional co-bidding 1.75x expected; persistence=0.70
V0526,cooccurrence,relationship:790,0.3251546215774784,0.18008530241521659,0.7,0.1928739447711957,1.0,conditional co-bidding 1.75x expected; persistence=0.70
V0023,cooccurrence,relationship:791,0.3334736924671253,0.1755297400621786,0.8,0.2013610354629765,1.0,conditional co-bidding 1.54x expected; persistence=0.80
V0513,cooccurrence,relationship:791,0.3334736924671253,0.1755297400621786,0.8,0.2013610354629765,1.0,conditional co-bidding 1.54x expected; persistence=0.80
V0387,cooccurrence,relationship:792,0.333174390752411,0.17541301239344032,0.8,0.20116350768406024,1.0,conditional co-bidding 1.53x expected; persistence=0.80
V0496,cooccurrence,relationship:792,0.333174390752411,0.17541301239344032,0.8,0.20116350768406024,1.0,conditional co-bidding 1.53x expected; persistence=0.80
V0247,cooccurrence,relationship:793,0.333174390752411,0.17541301239344032,0.8,0.20116350768406024,1.0,conditional co-bidding 1.53x expected; persistence=0.80
V0387,cooccurrence,relationship:793,0.333174390752411,0.17541301239344032,0.8,0.20116350768406024,1.0,conditional co-bidding 1.53x expected; persistence=0.80
V0383,cooccurrence,relationship:794,0.3303077280335602,0.17689241393308835,0.7667,0.19825875003099683,1.0,conditional co-bidding 1.60x expected; persistence=0.77
V0384,cooccurrence,relationship:794,0.3303077280335602,0.17689241393308835,0.7667,0.19825875003099683,1.0,conditional co-bidding 1.60x expected; persistence=0.77
V0092,cooccurrence,relationship:795,0.3303077280335602,0.17689241393308835,0.7667,0.19825875003099683,1.0,conditional co-bidding 1.60x expected; persistence=0.77
V0242,cooccurrence,relationship:795,0.3303077280335602,0.17689241393308835,0.7667,0.19825875003099683,1.0,conditional co-bidding 1.60x expected; persistence=0.77
V0039,cooccurrence,relationship:796,0.324692121005892,0.17990492719229764,0.7,0.19257482690079528,1.0,conditional co-bidding 1.74x expected; persistence=0.70
V0091,cooccurrence,relationship:796,0.324692121005892,0.17990492719229764,0.7,0.19257482690079528,1.0,conditional co-bidding 1.74x expected; persistence=0.70
V0219,cooccurrence,relationship:797,0.3249873712900959,0.1793414748031371,0.7087,0.19302913123612017,1.0,conditional co-bidding 1.71x expected; persistence=0.71
V0388,cooccurrence,relationship:797,0.3249873712900959,0.1793414748031371,0.7087,0.19302913123612017,1.0,conditional co-bidding 1.71x expected; persistence=0.71
V0035,cooccurrence,relationship:798,0.324131971915256,0.17968646904694965,0.7,0.1922126502750479,1.0,conditional co-bidding 1.73x expected; persistence=0.70
V0152,cooccurrence,relationship:798,0.324131971915256,0.17968646904694965,0.7,0.1922126502750479,1.0,conditional co-bidding 1.73x expected; persistence=0.70
V0035,cooccurrence,relationship:799,0.324131971915256,0.17968646904694965,0.7,0.1922126502750479,1.0,conditional co-bidding 1.73x expected; persistence=0.70
V0308,cooccurrence,relationship:799,0.324131971915256,0.17968646904694965,0.7,0.1922126502750479,1.0,conditional co-bidding 1.73x expected; persistence=0.70
V0216,cooccurrence,relationship:800,0.3238216320664665,0.1795654365059219,0.7,0.19201203783557097,1.0,conditional co-bidding 1.73x expected; persistence=0.70
V0220,cooccurrence,relationship:800,0.3238216320664665,0.1795654365059219,0.7,0.19201203783557097,1.0,conditional co-bidding 1.73x expected; persistence=0.70
V0020,cooccurrence,relationship:801,0.3288974625989228,0.17634241041357965,0.7667,0.19733466994456159,1.0,conditional co-bidding 1.57x expected; persistence=0.77
V0529,cooccurrence,relationship:801,0.3288974625989228,0.17634241041357965,0.7667,0.19733466994456159,1.0,conditional co-bidding 1.57x expected; persistence=0.77
V0023,cooccurrence,relationship:802,0.3232473712900959,0.1793414748031373,0.7,0.19164090326108912,1.0,conditional co-bidding 1.71x expected; persistence=0.70
V0298,cooccurrence,relationship:802,0.3232473712900959,0.1793414748031373,0.7,0.19164090326108912,1.0,conditional co-bidding 1.71x expected; persistence=0.70
V0262,cooccurrence,relationship:803,0.3017866878571102,0.1917432082642729,0.4337,0.1702737432865304,1.0,conditional co-bidding 2.38x expected; persistence=0.43
V0329,cooccurrence,relationship:803,0.3017866878571102,0.1917432082642729,0.4337,0.1702737432865304,1.0,conditional co-bidding 2.38x expected; persistence=0.43
V0091,cooccurrence,relationship:804,0.2985549578237763,0.19381343355127273,0.391,0.16707228911557806,1.0,conditional co-bidding 2.50x expected; persistence=0.39
V0525,cooccurrence,relationship:804,0.2985549578237763,0.19381343355127273,0.391,0.16707228911557806,1.0,conditional co-bidding 2.50x expected; persistence=0.39
V0016,cooccurrence,relationship:805,0.3225790341751399,0.17908082332830444,0.7,0.19120910581761694,1.0,conditional co-bidding 1.70x expected; persistence=0.70
V0076,cooccurrence,relationship:805,0.3225790341751399,0.17908082332830444,0.7,0.19120910581761694,1.0,conditional co-bidding 1.70x expected; persistence=0.70
V0063,cooccurrence,relationship:806,0.3033093401324541,0.19041044265165707,0.4584,0.17192402421285777,1.0,conditional co-bidding 2.30x expected; persistence=0.46
V0215,cooccurrence,relationship:806,0.3033093401324541,0.19041044265165707,0.4584,0.17192402421285777,1.0,conditional co-bidding 2.30x expected; persistence=0.46
V0132,cooccurrence,relationship:807,0.3279135201544176,0.17595867286022268,0.7667,0.196690333249368,1.0,conditional co-bidding 1.56x expected; persistence=0.77
V0468,cooccurrence,relationship:807,0.3279135201544176,0.17595867286022268,0.7667,0.196690333249368,1.0,conditional co-bidding 1.56x expected; persistence=0.77
V0025,cooccurrence,relationship:808,0.33934515865063,0.1700196118737455,0.9,0.20835068199746107,1.0,conditional co-bidding 1.30x expected; persistence=0.90
V0407,cooccurrence,relationship:808,0.33934515865063,0.1700196118737455,0.9,0.20835068199746107,1.0,conditional co-bidding 1.30x expected; persistence=0.90
V0339,cooccurrence,relationship:809,0.327793629350072,0.17591191544652798,0.7667,0.1966118446560946,1.0,conditional co-bidding 1.56x expected; persistence=0.77
V0526,cooccurrence,relationship:809,0.327793629350072,0.17591191544652798,0.7667,0.1966118446560946,1.0,conditional co-bidding 1.56x expected; persistence=0.77
V0320,cooccurrence,relationship:810,0.327793629350072,0.17591191544652798,0.7667,0.1966118446560946,1.0,conditional co-bidding 1.56x expected; persistence=0.77
V0526,cooccurrence,relationship:810,0.327793629350072,0.17591191544652798,0.7667,0.1966118446560946,1.0,conditional co-bidding 1.56x expected; persistence=0.77
V0129,cooccurrence,relationship:811,0.3334089935172646,0.172907107471733,0.8333,0.20233827410726285,1.0,conditional co-bidding 1.42x expected; persistence=0.83
V0344,cooccurrence,relationship:811,0.3334089935172646,0.172907107471733,0.8333,0.20233827410726285,1.0,conditional co-bidding 1.42x expected; persistence=0.83
V0064,cooccurrence,relationship:812,0.2899978886018269,0.19868177655471222,0.2858,0.15894028314040945,1.0,conditional co-bidding 2.81x expected; persistence=0.29
V0188,cooccurrence,relationship:812,0.2899978886018269,0.19868177655471222,0.2858,0.15894028314040945,1.0,conditional co-bidding 2.81x expected; persistence=0.29
V0278,cooccurrence,relationship:813,0.3246904901163155,0.17730689114536297,0.7333,0.19357891289670398,1.0,conditional co-bidding 1.62x expected; persistence=0.73
V0504,cooccurrence,relationship:813,0.3246904901163155,0.17730689114536297,0.7333,0.19357891289670398,1.0,conditional co-bidding 1.62x expected; persistence=0.73
V0020,cooccurrence,relationship:814,0.3415815400666152,0.1676530672926463,0.9333,0.21079012513327586,1.0,conditional co-bidding 1.12x expected; persistence=0.93
V0460,cooccurrence,relationship:814,0.3415815400666152,0.1676530672926463,0.9333,0.21079012513327586,1.0,conditional co-bidding 1.12x expected; persistence=0.93
V0010,cooccurrence,relationship:815,0.3320114710243504,0.1723620736994964,0.8333,0.20141143379309545,1.0,conditional co-bidding 1.40x expected; persistence=0.83
V0499,cooccurrence,relationship:815,0.3320114710243504,0.1723620736994964,0.8333,0.20141143379309545,1.0,conditional co-bidding 1.40x expected; persistence=0.83
V0248,cooccurrence,relationship:816,0.3206649736421274,0.17833433972042942,0.7,0.18997329016731151,1.0,conditional co-bidding 1.67x expected; persistence=0.70
V0340,cooccurrence,relationship:816,0.3206649736421274,0.17833433972042942,0.7,0.18997329016731151,1.0,conditional co-bidding 1.67x expected; persistence=0.70
V0204,cooccurrence,relationship:817,0.3261682782628436,0.17527802852250884,0.7667,0.19554825499273418,1.0,conditional co-bidding 1.53x expected; persistence=0.77
V0529,cooccurrence,relationship:817,0.3261682782628436,0.17527802852250884,0.7667,0.19554825499273418,1.0,conditional co-bidding 1.53x expected; persistence=0.77
V0263,cooccurrence,relationship:818,0.337541452167554,0.16931616634534594,0.9,0.20713853279498182,1.0,conditional co-bidding 1.28x expected; persistence=0.90
V0419,cooccurrence,relationship:818,0.337541452167554,0.16931616634534594,0.9,0.20713853279498182,1.0,conditional co-bidding 1.28x expected; persistence=0.90
V0123,cooccurrence,relationship:819,0.3062720323885914,0.18656609263155055,0.5225,0.17562007819250436,1.0,conditional co-bidding 2.08x expected; persistence=0.52
V0278,cooccurrence,relationship:819,0.3062720323885914,0.18656609263155055,0.5225,0.17562007819250436,1.0,conditional co-bidding 2.08x expected; persistence=0.52
V0023,cooccurrence,relationship:820,0.3345106433612216,0.17073155091087633,0.8667,0.20409094179014745,1.0,conditional co-bidding 1.33x expected; persistence=0.87
V0061,cooccurrence,relationship:820,0.3345106433612216,0.17073155091087633,0.8667,0.20409094179014745,1.0,conditional co-bidding 1.33x expected; persistence=0.87
V0145,cooccurrence,relationship:821,0.3287878516929315,0.17370226216024306,0.8,0.19827202133333116,1.0,conditional co-bidding 1.46x expected; persistence=0.80
V0335,cooccurrence,relationship:821,0.3287878516929315,0.17370226216024306,0.8,0.19827202133333116,1.0,conditional co-bidding 1.46x expected; persistence=0.80
V0230,cooccurrence,relationship:822,0.3287878516929315,0.17370226216024306,0.8,0.19827202133333116,1.0,conditional co-bidding 1.46x expected; persistence=0.80
V0335,cooccurrence,relationship:822,0.3287878516929315,0.17370226216024306,0.8,0.19827202133333116,1.0,conditional co-bidding 1.46x expected; persistence=0.80
V0117,cooccurrence,relationship:823,0.3230483482061814,0.17666645580041063,0.7333,0.1925117405735339,1.0,conditional co-bidding 1.59x expected; persistence=0.73
V0188,cooccurrence,relationship:823,0.3230483482061814,0.17666645580041063,0.7333,0.1925117405735339,1.0,conditional co-bidding 1.59x expected; persistence=0.73
V0034,cooccurrence,relationship:824,0.3314572369117313,0.17214592239557497,0.8333,0.20104404789671,1.0,conditional co-bidding 1.39x expected; persistence=0.83
V0063,cooccurrence,relationship:824,0.3314572369117313,0.17214592239557497,0.8333,0.20104404789671,1.0,conditional co-bidding 1.39x expected; persistence=0.83
V0016,cooccurrence,relationship:825,0.3285620524781423,0.17361420046647538,0.8,0.19812335614373364,1.0,conditional co-bidding 1.45x expected; persistence=0.80
V0195,cooccurrence,relationship:825,0.3285620524781423,0.17361420046647538,0.8,0.19812335614373364,1.0,conditional co-bidding 1.45x expected; persistence=0.80
V0251,cooccurrence,relationship:826,0.3255432000088343,0.1750342480034453,0.7667,0.19513945455611167,1.0,conditional co-bidding 1.52x expected; persistence=0.77
V0359,cooccurrence,relationship:826,0.3255432000088343,0.1750342480034453,0.7667,0.19513945455611167,1.0,conditional co-bidding 1.52x expected; persistence=0.77
V0298,cooccurrence,relationship:827,0.3226363227358192,0.17650576586696945,0.7333,0.19224411981174724,1.0,conditional co-bidding 1.58x expected; persistence=0.73
V0513,cooccurrence,relationship:827,0.3226363227358192,0.17650576586696945,0.7333,0.19224411981174724,1.0,conditional co-bidding 1.58x expected; persistence=0.73
V0395,cooccurrence,relationship:828,0.319588209300492,0.1779144016271919,0.7,0.18927860715384595,1.0,conditional co-bidding 1.65x expected; persistence=0.70
V0475,cooccurrence,relationship:828,0.319588209300492,0.1779144016271919,0.7,0.18927860715384595,1.0,conditional co-bidding 1.65x expected; persistence=0.70
V0050,cooccurrence,relationship:829,0.3392442904850661,0.16738287328917562,0.9333,0.20930710979166733,1.0,conditional co-bidding 1.20x expected; persistence=0.93
V0460,cooccurrence,relationship:829,0.3392442904850661,0.16738287328917562,0.9333,0.20930710979166733,1.0,conditional co-bidding 1.20x expected; persistence=0.93
V0263,cooccurrence,relationship:830,0.3192293579404016,0.17777444959675662,0.7,0.18904717635464854,1.0,conditional co-bidding 1.64x expected; persistence=0.70
V0328,cooccurrence,relationship:830,0.3192293579404016,0.17777444959675662,0.7,0.18904717635464854,1.0,conditional co-bidding 1.64x expected; persistence=0.70
V0498,cooccurrence,relationship:831,0.3218883244964698,0.1762140465536232,0.7333,0.19175842056187348,1.0,conditional co-bidding 1.57x expected; persistence=0.73
V0499,cooccurrence,relationship:831,0.3218883244964698,0.1762140465536232,0.7333,0.19175842056187348,1.0,conditional co-bidding 1.57x expected; persistence=0.73
V0050,cooccurrence,relationship:832,0.3418882360020093,0.16580881204078352,0.9667,0.21212593602808544,1.0,conditional co-bidding 1.14x expected; persistence=0.97
V0113,cooccurrence,relationship:832,0.3418882360020093,0.16580881204078352,0.9667,0.21212593602808544,1.0,conditional co-bidding 1.14x expected; persistence=0.97
V0113,cooccurrence,relationship:833,0.3447968400792174,0.16434576763089465,1.0,0.2151379176553562,1.0,conditional co-bidding 1.09x expected; persistence=1.00
V0277,cooccurrence,relationship:833,0.3447968400792174,0.16434576763089465,1.0,0.2151379176553562,1.0,conditional co-bidding 1.09x expected; persistence=1.00
V0113,cooccurrence,relationship:834,0.3447968400792174,0.16434576763089465,1.0,0.2151379176553562,1.0,conditional co-bidding 1.09x expected; persistence=1.00
V0481,cooccurrence,relationship:834,0.3447968400792174,0.16434576763089465,1.0,0.2151379176553562,1.0,conditional co-bidding 1.09x expected; persistence=1.00
V0061,cooccurrence,relationship:835,0.3334402891036461,0.1699293127504217,0.8333,0.20192535088112207,1.0,conditional co-bidding 0.91x expected; persistence=0.83
V0502,cooccurrence,relationship:835,0.3334402891036461,0.1699293127504217,0.8333,0.20192535088112207,1.0,conditional co-bidding 0.91x expected; persistence=0.83
V0159,cooccurrence,relationship:836,0.3272058745168208,0.17308529106155998,0.8,0.1972308161248894,1.0,conditional co-bidding 1.43x expected; persistence=0.80
V0359,cooccurrence,relationship:836,0.3272058745168208,0.17308529106155998,0.8,0.1972308161248894,1.0,conditional co-bidding 1.43x expected; persistence=0.80
V0010,cooccurrence,relationship:837,0.3214331195836327,0.1760365166376167,0.7333,0.19146293240554904,1.0,conditional co-bidding 1.56x expected; persistence=0.73
V0505,cooccurrence,relationship:837,0.3214331195836327,0.1760365166376167,0.7333,0.19146293240554904,1.0,conditional co-bidding 1.56x expected; persistence=0.73
V0012,cooccurrence,relationship:838,0.3213647162376967,0.17600983933270148,0.7333,0.1914185355431673,1.0,conditional co-bidding 1.56x expected; persistence=0.73
V0452,cooccurrence,relationship:838,0.3213647162376967,0.17600983933270148,0.7333,0.1914185355431673,1.0,conditional co-bidding 1.56x expected; persistence=0.73
V0304,cooccurrence,relationship:839,0.321113629350072,0.175911915446528,0.7333,0.1912555821351276,1.0,conditional co-bidding 1.56x expected; persistence=0.73
V0346,cooccurrence,relationship:839,0.321113629350072,0.175911915446528,0.7333,0.1912555821351276,1.0,conditional co-bidding 1.56x expected; persistence=0.73
V0198,cooccurrence,relationship:840,0.3153235821154636,0.17884859702503064,0.6667,0.1855534065714548,1.0,conditional co-bidding 1.69x expected; persistence=0.67
V0244,cooccurrence,relationship:840,0.3153235821154636,0.17884859702503064,0.6667,0.1855534065714548,1.0,conditional co-bidding 1.69x expected; persistence=0.67
V0395,cooccurrence,relationship:841,0.3235518183863947,0.1742576091706939,0.7667,0.19383796509043397,1.0,conditional co-bidding 1.48x expected; persistence=0.77
V0481,cooccurrence,relationship:841,0.3235518183863947,0.1742576091706939,0.7667,0.19383796509043397,1.0,conditional co-bidding 1.48x expected; persistence=0.77
V0244,cooccurrence,relationship:842,0.3234988901627245,0.17423696716346254,0.7667,0.19380339136830696,1.0,conditional co-bidding 1.48x expected; persistence=0.77
V0276,cooccurrence,relationship:842,0.3234988901627245,0.17423696716346254,0.7667,0.19380339136830696,1.0,conditional co-bidding 1.48x expected; persistence=0.77
V0254,cooccurrence,relationship:843,0.3262967177407037,0.1727307199188744,0.8,0.19663282069489912,1.0,conditional co-bidding 1.42x expected; persistence=0.80
V0327,cooccurrence,relationship:843,0.3262967177407037,0.1727307199188744,0.8,0.19663282069489912,1.0,conditional co-bidding 1.42x expected; persistence=0.80
V0002,cooccurrence,relationship:844,0.3146763567646979,0.17904077913823208,0.661,0.18497173956622495,1.0,conditional co-bidding 1.70x expected; persistence=0.66
V0310,cooccurrence,relationship:844,0.3146763567646979,0.17904077913823208,0.661,0.18497173956622495,1.0,conditional co-bidding 1.70x expected; persistence=0.66
V0359,cooccurrence,relationship:845,0.3262181805652826,0.17270009042046014,0.8,0.1965811761476117,1.0,conditional co-bidding 1.42x expected; persistence=0.80
V0387,cooccurrence,relationship:845,0.3262181805652826,0.17270009042046014,0.8,0.1965811761476117,1.0,conditional co-bidding 1.42x expected; persistence=0.80
V0025,cooccurrence,relationship:846,0.3434963981727749,0.16383859528738204,1.0,0.2142481043083324,1.0,conditional co-bidding 1.07x expected; persistence=1.00
V0041,cooccurrence,relationship:846,0.3434963981727749,0.16383859528738204,1.0,0.2142481043083324,1.0,conditional co-bidding 1.07x expected; persistence=1.00
V0086,cooccurrence,relationship:847,0.3175895442685323,0.1771349222647275,0.7,0.18799016666370014,1.0,conditional co-bidding 1.61x expected; persistence=0.70
V0513,cooccurrence,relationship:847,0.3175895442685323,0.1771349222647275,0.7,0.18799016666370014,1.0,conditional co-bidding 1.61x expected; persistence=0.70
V0221,cooccurrence,relationship:848,0.3147311373641047,0.17861754357200066,0.6667,0.18517423762005664,1.0,conditional co-bidding 1.68x expected; persistence=0.67
V0458,cooccurrence,relationship:848,0.3147311373641047,0.17861754357200066,0.6667,0.18517423762005664,1.0,conditional co-bidding 1.68x expected; persistence=0.67
V0308,cooccurrence,relationship:849,0.3201336924671252,0.1755297400621789,0.7333,0.19061981125104074,1.0,conditional co-bidding 1.54x expected; persistence=0.73
V0396,cooccurrence,relationship:849,0.3201336924671252,0.1755297400621789,0.7333,0.19061981125104074,1.0,conditional co-bidding 1.54x expected; persistence=0.73
V0185,cooccurrence,relationship:850,0.2895353196476342,0.19401637466257704,0.3433,0.16028774282215655,1.0,conditional co-bidding 2.51x expected; persistence=0.34
V0332,cooccurrence,relationship:850,0.2895353196476342,0.19401637466257704,0.3433,0.16028774282215655,1.0,conditional co-bidding 2.51x expected; persistence=0.34
V0198,cooccurrence,relationship:851,0.3200589245563948,0.17550058057699397,0.7333,0.19057131586016407,1.0,conditional co-bidding 1.54x expected; persistence=0.73
V0309,cooccurrence,relationship:851,0.3200589245563948,0.17550058057699397,0.7333,0.19057131586016407,1.0,conditional co-bidding 1.54x expected; persistence=0.73
V0223,cooccurrence,relationship:852,0.3328326518942498,0.16871646757209052,0.8667,0.20277340683242912,1.0,conditional co-bidding 1.07x expected; persistence=0.87
V0307,cooccurrence,relationship:852,0.3328326518942498,0.16871646757209052,0.8667,0.20277340683242912,1.0,conditional co-bidding 1.07x expected; persistence=0.87
V0502,cooccurrence,relationship:853,0.322785429703356,0.1739587175843086,0.7667,0.19333743691360192,1.0,conditional co-bidding 1.47x expected; persistence=0.77
V0509,cooccurrence,relationship:853,0.322785429703356,0.1739587175843086,0.7667,0.19333743691360192,1.0,conditional co-bidding 1.47x expected; persistence=0.77
V0220,cooccurrence,relationship:854,0.319834390752411,0.17541301239344032,0.7333,0.19042569162521264,1.0,conditional co-bidding 1.53x expected; persistence=0.73
V0496,cooccurrence,relationship:854,0.319834390752411,0.17541301239344032,0.7333,0.19042569162521264,1.0,conditional co-bidding 1.53x expected; persistence=0.73
V0015,cooccurrence,relationship:855,0.3169677280335601,0.17689241393308838,0.7,0.18758958130431494,1.0,conditional co-bidding 1.60x expected; persistence=0.70
V0242,cooccurrence,relationship:855,0.3169677280335601,0.17689241393308838,0.7,0.18758958130431494,1.0,conditional co-bidding 1.60x expected; persistence=0.70
V0218,cooccurrence,relationship:856,0.3252845874045518,0.1723359890877749,0.8,0.19596742230712416,1.0,conditional co-bidding 1.40x expected; persistence=0.80
V0438,cooccurrence,relationship:856,0.3252845874045518,0.1723359890877749,0.8,0.19596742230712416,1.0,conditional co-bidding 1.40x expected; persistence=0.80
V0264,cooccurrence,relationship:857,0.3196441304556496,0.1753388108777031,0.7333,0.19030230901780854,1.0,conditional co-bidding 1.53x expected; persistence=0.73
V0498,cooccurrence,relationship:857,0.3196441304556496,0.1753388108777031,0.7333,0.19030230901780854,1.0,conditional co-bidding 1.53x expected; persistence=0.73
V0275,cooccurrence,relationship:858,0.3167542438799589,0.1768091551131838,0.7,0.18745208033700653,1.0,conditional co-bidding 1.60x expected; persistence=0.70
V0363,cooccurrence,relationship:858,0.3167542438799589,0.1768091551131838,0.7,0.18745208033700653,1.0,conditional co-bidding 1.60x expected; persistence=0.70
V0034,cooccurrence,relationship:859,0.3167542438799589,0.1768091551131838,0.7,0.18745208033700653,1.0,conditional co-bidding 1.60x expected; persistence=0.70
V0363,cooccurrence,relationship:859,0.3167542438799589,0.1768091551131838,0.7,0.18745208033700653,1.0,conditional co-bidding 1.60x expected; persistence=0.70
V0175,cooccurrence,relationship:860,0.3165517073021348,0.17673016584783247,0.7,0.18732164438938323,1.0,conditional co-bidding 1.59x expected; persistence=0.70
V0215,cooccurrence,relationship:860,0.3165517073021348,0.17673016584783247,0.7,0.18732164438938323,1.0,conditional co-bidding 1.59x expected; persistence=0.70
V0062,cooccurrence,relationship:861,0.3242102602346266,0.1719170014915043,0.8,0.19526151190616398,1.0,conditional co-bidding 1.38x expected; persistence=0.80
V0501,cooccurrence,relationship:861,0.3242102602346266,0.1719170014915043,0.8,0.19526151190616398,1.0,conditional co-bidding 1.38x expected; persistence=0.80
V0062,cooccurrence,relationship:862,0.3242102602346266,0.1719170014915043,0.8,0.19526151190616398,1.0,conditional co-bidding 1.38x expected; persistence=0.80
V0241,cooccurrence,relationship:862,0.3242102602346266,0.1719170014915043,0.8,0.19526151190616398,1.0,conditional co-bidding 1.38x expected; persistence=0.80
V0302,cooccurrence,relationship:863,0.3210372264170021,0.17327691830263062,0.7667,0.19219642147078514,1.0,conditional co-bidding 1.44x expected; persistence=0.77
V0338,cooccurrence,relationship:863,0.3210372264170021,0.17327691830263062,0.7667,0.19219642147078514,1.0,conditional co-bidding 1.44x expected; persistence=0.77
V0302,cooccurrence,relationship:864,0.3210372264170021,0.17327691830263062,0.7667,0.19219642147078514,1.0,conditional co-bidding 1.44x expected; persistence=0.77
V0383,cooccurrence,relationship:864,0.3210372264170021,0.17327691830263062,0.7667,0.19219642147078514,1.0,conditional co-bidding 1.44x expected; persistence=0.77
V0025,cooccurrence,relationship:865,0.3382277882634805,0.1643812374227574,0.9667,0.20963896310879673,1.0,conditional co-bidding 1.09x expected; persistence=0.97
V0223,cooccurrence,relationship:865,0.3382277882634805,0.1643812374227574,0.9667,0.20963896310879673,1.0,conditional co-bidding 1.09x expected; persistence=0.97
V0153,cooccurrence,relationship:866,0.3208875992004152,0.17321856368816163,0.7667,0.19209881045067695,1.0,conditional co-bidding 1.44x expected; persistence=0.77
V0496,cooccurrence,relationship:866,0.3208875992004152,0.17321856368816163,0.7667,0.19209881045067695,1.0,conditional co-bidding 1.44x expected; persistence=0.77
V0187,cooccurrence,relationship:867,0.317903020303673,0.1746597779184323,0.7333,0.18917376870016572,1.0,conditional co-bidding 1.50x expected; persistence=0.73
V0248,cooccurrence,relationship:867,0.317903020303673,0.1746597779184323,0.7333,0.18917376870016572,1.0,conditional co-bidding 1.50x expected; persistence=0.73
V0132,cooccurrence,relationship:868,0.3292044585714068,0.16866213884284856,0.8667,0.20055514951869938,1.0,conditional co-bidding 1.25x expected; persistence=0.87
V0219,cooccurrence,relationship:868,0.3292044585714068,0.16866213884284856,0.8667,0.20055514951869938,1.0,conditional co-bidding 1.25x expected; persistence=0.87
V0141,cooccurrence,relationship:869,0.3262393398889457,0.17011094255668874,0.8333,0.19759036317202924,1.0,conditional co-bidding 1.31x expected; persistence=0.83
V0395,cooccurrence,relationship:869,0.3262393398889457,0.17011094255668874,0.8333,0.19759036317202924,1.0,conditional co-bidding 1.31x expected; persistence=0.83
V0001,cooccurrence,relationship:870,0.3230538811834503,0.17146601366154554,0.8,0.19450212210516984,1.0,conditional co-bidding 1.36x expected; persistence=0.80
V0053,cooccurrence,relationship:870,0.3230538811834503,0.17146601366154554,0.8,0.19450212210516984,1.0,conditional co-bidding 1.36x expected; persistence=0.80
V0184,cooccurrence,relationship:871,0.3143393560043788,0.17586734884170763,0.7,0.18589774539617707,1.0,conditional co-bidding 1.55x expected; persistence=0.70
V0258,cooccurrence,relationship:871,0.3143393560043788,0.17586734884170763,0.7,0.18589774539617707,1.0,conditional co-bidding 1.55x expected; persistence=0.70
V0144,cooccurrence,relationship:872,0.3371326518942498,0.1639541342387574,0.9667,0.2088958160138523,1.0,conditional co-bidding 1.07x expected; persistence=0.97
V0295,cooccurrence,relationship:872,0.3371326518942498,0.1639541342387574,0.9667,0.2088958160138523,1.0,conditional co-bidding 1.07x expected; persistence=0.97
V0460,cooccurrence,relationship:873,0.3226519283840493,0.17130925206977904,0.8,0.19423826673588643,1.0,conditional co-bidding 1.36x expected; persistence=0.80
V0481,cooccurrence,relationship:873,0.3226519283840493,0.17130925206977904,0.8,0.19423826673588643,1.0,conditional co-bidding 1.36x expected; persistence=0.80
V0060,cooccurrence,relationship:874,0.2983085203988497,0.18525432295555108,0.4995,0.1700253157026109,1.0,conditional co-bidding 2.01x expected; persistence=0.50
V0076,cooccurrence,relationship:874,0.2983085203988497,0.18525432295555108,0.4995,0.1700253157026109,1.0,conditional co-bidding 2.01x expected; persistence=0.50
V0047,cooccurrence,relationship:875,0.3225714048240711,0.17127784788138745,0.8,0.1941854149018496,1.0,conditional co-bidding 1.36x expected; persistence=0.80
V0209,cooccurrence,relationship:875,0.3225714048240711,0.17127784788138745,0.8,0.1941854149018496,1.0,conditional co-bidding 1.36x expected; persistence=0.80
V0141,cooccurrence,relationship:876,0.3168718183863946,0.17425760917069374,0.7333,0.1885058465813975,1.0,conditional co-bidding 1.48x expected; persistence=0.73
V0481,cooccurrence,relationship:876,0.3168718183863946,0.17425760917069374,0.7333,0.1885058465813975,1.0,conditional co-bidding 1.48x expected; persistence=0.73
V0002,cooccurrence,relationship:877,0.3196367177407037,0.1727307199188741,0.7667,0.19128307678105944,1.0,conditional co-bidding 1.42x expected; persistence=0.77
V0327,cooccurrence,relationship:877,0.3196367177407037,0.1727307199188741,0.7667,0.19128307678105944,1.0,conditional co-bidding 1.42x expected; persistence=0.77
V0178,cooccurrence,relationship:878,0.3279535771116952,0.1681742950735611,0.8667,0.19972302197198266,1.0,conditional co-bidding 1.23x expected; persistence=0.87
V0384,cooccurrence,relationship:878,0.3279535771116952,0.1681742950735611,0.8667,0.19972302197198266,1.0,conditional co-bidding 1.23x expected; persistence=0.87
V0115,cooccurrence,relationship:879,0.3022808668085766,0.1824511380553448,0.5553,0.17407864524506245,1.0,conditional co-bidding 1.87x expected; persistence=0.56
V0228,cooccurrence,relationship:879,0.3022808668085766,0.1824511380553448,0.5553,0.17407864524506245,1.0,conditional co-bidding 1.87x expected; persistence=0.56
V0302,cooccurrence,relationship:880,0.3165480679850803,0.1741313465141812,0.7333,0.1882962223585561,1.0,conditional co-bidding 1.48x expected; persistence=0.73
V0513,cooccurrence,relationship:880,0.3165480679850803,0.1741313465141812,0.7333,0.1882962223585561,1.0,conditional co-bidding 1.48x expected; persistence=0.73
V0304,cooccurrence,relationship:881,0.312813629350072,0.17591191544652796,0.6918,0.18467857179369837,1.0,conditional co-bidding 1.56x expected; persistence=0.69
V0525,cooccurrence,relationship:881,0.312813629350072,0.17591191544652796,0.6918,0.18467857179369837,1.0,conditional co-bidding 1.56x expected; persistence=0.69
V0025,cooccurrence,relationship:882,0.3134736924671252,0.17552974006217859,0.7,0.18534103228990503,1.0,conditional co-bidding 1.54x expected; persistence=0.70
V0308,cooccurrence,relationship:882,0.3134736924671252,0.17552974006217859,0.7,0.18534103228990503,1.0,conditional co-bidding 1.54x expected; persistence=0.70
V0026,cooccurrence,relationship:883,0.3190011679843749,0.17248285551390602,0.7667,0.19086881816922704,1.0,conditional co-bidding 1.41x expected; persistence=0.77
V0460,cooccurrence,relationship:883,0.3190011679843749,0.17248285551390602,0.7667,0.19086881816922704,1.0,conditional co-bidding 1.41x expected; persistence=0.77
V0396,cooccurrence,relationship:884,0.3161408902056963,0.17397254718022143,0.7333,0.18803262942678334,1.0,conditional co-bidding 1.47x expected; persistence=0.73
V0495,cooccurrence,relationship:884,0.3161408902056963,0.17397254718022143,0.7333,0.18803262942678334,1.0,conditional co-bidding 1.47x expected; persistence=0.73
V0025,cooccurrence,relationship:885,0.3291703545830029,0.16702383828737113,0.8667,0.2002981667292055,1.0,conditional co-bidding 0.98x expected; persistence=0.87
V0184,cooccurrence,relationship:885,0.3291703545830029,0.16702383828737113,0.8667,0.2002981667292055,1.0,conditional co-bidding 0.98x expected; persistence=0.87
V0145,cooccurrence,relationship:886,0.3186245874045518,0.17233598908777514,0.7667,0.19062342240373323,1.0,conditional co-bidding 1.40x expected; persistence=0.77
V0458,cooccurrence,relationship:886,0.3186245874045518,0.17233598908777514,0.7667,0.19062342240373323,1.0,conditional co-bidding 1.40x expected; persistence=0.77
V0335,cooccurrence,relationship:887,0.3186245874045518,0.17233598908777514,0.7667,0.19062342240373323,1.0,conditional co-bidding 1.40x expected; persistence=0.77
V0488,cooccurrence,relationship:887,0.3186245874045518,0.17233598908777514,0.7667,0.19062342240373323,1.0,conditional co-bidding 1.40x expected; persistence=0.77
V0062,cooccurrence,relationship:888,0.3130533447161729,0.1753658044393072,0.7,0.18507079345714542,1.0,conditional co-bidding 1.53x expected; persistence=0.70
V0063,cooccurrence,relationship:888,0.3130533447161729,0.1753658044393072,0.7,0.18507079345714542,1.0,conditional co-bidding 1.53x expected; persistence=0.70
V0144,cooccurrence,relationship:889,0.339288606757303,0.161742556635348,1.0,0.21130356672889378,1.0,conditional co-bidding 0.94x expected; persistence=1.00
V0223,cooccurrence,relationship:889,0.339288606757303,0.161742556635348,1.0,0.21130356672889378,1.0,conditional co-bidding 0.94x expected; persistence=1.00
V0025,cooccurrence,relationship:890,0.3298654752241851,0.1663225353374319,0.9,0.20199254255820762,1.0,conditional co-bidding 1.16x expected; persistence=0.90
V0481,cooccurrence,relationship:890,0.3298654752241851,0.1663225353374319,0.9,0.20199254255820762,1.0,conditional co-bidding 1.16x expected; persistence=0.90
V0066,cooccurrence,relationship:891,0.3211706433612217,0.17073155091087625,0.8,0.19326637129950655,1.0,conditional co-bidding 1.33x expected; persistence=0.80
V0254,cooccurrence,relationship:891,0.3211706433612217,0.17073155091087625,0.8,0.19326637129950655,1.0,conditional co-bidding 1.33x expected; persistence=0.80
V0132,cooccurrence,relationship:892,0.3211706433612217,0.17073155091087625,0.8,0.19326637129950655,1.0,conditional co-bidding 1.33x expected; persistence=0.80
V0242,cooccurrence,relationship:892,0.3211706433612217,0.17073155091087625,0.8,0.19326637129950655,1.0,conditional co-bidding 1.33x expected; persistence=0.80
V0359,cooccurrence,relationship:893,0.3122032000088342,0.17503424800344522,0.7,0.1845244191434633,1.0,conditional co-bidding 1.52x expected; persistence=0.70
V0418,cooccurrence,relationship:893,0.3122032000088342,0.17503424800344522,0.7,0.1845244191434633,1.0,conditional co-bidding 1.52x expected; persistence=0.70
V0119,cooccurrence,relationship:894,0.3378676860642359,0.1616433975650518,1.0,0.21040356365161922,1.0,conditional co-bidding 0.99x expected; persistence=1.00
V0295,cooccurrence,relationship:894,0.3378676860642359,0.1616433975650518,1.0,0.21040356365161922,1.0,conditional co-bidding 0.99x expected; persistence=1.00
V0039,cooccurrence,relationship:895,0.3147395746041991,0.1734260340956376,0.7333,0.1871258867997697,1.0,conditional co-bidding 1.45x expected; persistence=0.73
V0548,cooccurrence,relationship:895,0.3147395746041991,0.1734260340956376,0.7333,0.1871258867997697,1.0,conditional co-bidding 1.45x expected; persistence=0.73
V0127,cooccurrence,relationship:896,0.3231265220219292,0.16889694358855237,0.8333,0.19553441300592686,1.0,conditional co-bidding 1.26x expected; persistence=0.83
V0244,cooccurrence,relationship:896,0.3231265220219292,0.16889694358855237,0.8333,0.19553441300592686,1.0,conditional co-bidding 1.26x expected; persistence=0.83
V0043,cooccurrence,relationship:897,0.3169424580413804,0.17167995863613836,0.7667,0.18952785546919043,1.0,conditional co-bidding 1.37x expected; persistence=0.77
V0526,cooccurrence,relationship:897,0.3169424580413804,0.17167995863613836,0.7667,0.18952785546919043,1.0,conditional co-bidding 1.37x expected; persistence=0.77
V0159,cooccurrence,relationship:898,0.3103882782628436,0.17527802852250882,0.6878,0.18300745877335517,1.0,conditional co-bidding 1.53x expected; persistence=0.69
V0421,cooccurrence,relationship:898,0.3103882782628436,0.17527802852250882,0.6878,0.18300745877335517,1.0,conditional co-bidding 1.53x expected; persistence=0.69
V0248,cooccurrence,relationship:899,0.311243020303673,0.17465977791843249,0.7,0.1839076138654724,1.0,conditional co-bidding 1.50x expected; persistence=0.70
V0335,cooccurrence,relationship:899,0.311243020303673,0.17465977791843249,0.7,0.1839076138654724,1.0,conditional co-bidding 1.50x expected; persistence=0.70
V0335,cooccurrence,relationship:900,0.3009146215774784,0.1800853024152164,0.5788,0.17389245498705466,1.0,conditional co-bidding 1.75x expected; persistence=0.58
V0425,cooccurrence,relationship:900,0.3009146215774784,0.1800853024152164,0.5788,0.17389245498705466,1.0,conditional co-bidding 1.75x expected; persistence=0.58
V0144,cooccurrence,relationship:901,0.3105172506718474,0.17437672776202048,0.7,0.18344159201964522,1.0,conditional co-bidding 1.49x expected; persistence=0.70
V0434,cooccurrence,relationship:901,0.3105172506718474,0.17437672776202048,0.7,0.18344159201964522,1.0,conditional co-bidding 1.49x expected; persistence=0.70
V0152,cooccurrence,relationship:902,0.3131619230944644,0.17281075000684115,0.7333,0.18610582414920038,1.0,conditional co-bidding 1.42x expected; persistence=0.73
V0336,cooccurrence,relationship:902,0.3131619230944644,0.17281075000684115,0.7333,0.18610582414920038,1.0,conditional co-bidding 1.42x expected; persistence=0.73
V0047,cooccurrence,relationship:903,0.3159114048240711,0.17127784788138758,0.7667,0.18885680095354082,1.0,conditional co-bidding 1.36x expected; persistence=0.77
V0501,cooccurrence,relationship:903,0.3159114048240711,0.17127784788138758,0.7667,0.18885680095354082,1.0,conditional co-bidding 1.36x expected; persistence=0.77
V0191,cooccurrence,relationship:904,0.3153153900294364,0.17104540211147998,0.7667,0.1884690507161231,1.0,conditional co-bidding 1.35x expected; persistence=0.77
V0339,cooccurrence,relationship:904,0.3153153900294364,0.17104540211147998,0.7667,0.1884690507161231,1.0,conditional co-bidding 1.35x expected; persistence=0.77
V0129,cooccurrence,relationship:905,0.3151099465577188,0.17096527915751017,0.7667,0.18833542259761185,1.0,conditional co-bidding 1.34x expected; persistence=0.77
V0417,cooccurrence,relationship:905,0.3151099465577188,0.17096527915751017,0.7667,0.18833542259761185,1.0,conditional co-bidding 1.34x expected; persistence=0.77
V0129,cooccurrence,relationship:906,0.3151099465577188,0.17096527915751017,0.7667,0.18833542259761185,1.0,conditional co-bidding 1.34x expected; persistence=0.77
V0502,cooccurrence,relationship:906,0.3151099465577188,0.17096527915751017,0.7667,0.18833542259761185,1.0,conditional co-bidding 1.34x expected; persistence=0.77
V0119,cooccurrence,relationship:907,0.3095517853760361,0.174000196296654,0.7,0.18282192924982113,1.0,conditional co-bidding 1.47x expected; persistence=0.70
V0499,cooccurrence,relationship:907,0.3095517853760361,0.174000196296654,0.7,0.18282192924982113,1.0,conditional co-bidding 1.47x expected; persistence=0.70
V0421,cooccurrence,relationship:908,0.3119445874045518,0.17233598908777495,0.7333,0.1853192962926401,1.0,conditional co-bidding 1.40x expected; persistence=0.73
V0525,cooccurrence,relationship:908,0.3119445874045518,0.17233598908777495,0.7333,0.1853192962926401,1.0,conditional co-bidding 1.40x expected; persistence=0.73
V0438,cooccurrence,relationship:909,0.3119445874045518,0.17233598908777495,0.7333,0.1853192962926401,1.0,conditional co-bidding 1.40x expected; persistence=0.73
V0525,cooccurrence,relationship:909,0.3119445874045518,0.17233598908777495,0.7333,0.1853192962926401,1.0,conditional co-bidding 1.40x expected; persistence=0.73
V0221,cooccurrence,relationship:910,0.3119445874045518,0.17233598908777495,0.7333,0.1853192962926401,1.0,conditional co-bidding 1.40x expected; persistence=0.73
V0335,cooccurrence,relationship:910,0.3119445874045518,0.17233598908777495,0.7333,0.1853192962926401,1.0,conditional co-bidding 1.40x expected; persistence=0.73
V0469,cooccurrence,relationship:911,0.3119445874045518,0.17233598908777495,0.7333,0.1853192962926401,1.0,conditional co-bidding 1.40x expected; persistence=0.73
V0529,cooccurrence,relationship:911,0.3119445874045518,0.17233598908777495,0.7333,0.1853192962926401,1.0,conditional co-bidding 1.40x expected; persistence=0.73
V0249,cooccurrence,relationship:912,0.3117254810281584,0.17225053760098166,0.7333,0.1851777826442956,1.0,conditional co-bidding 1.40x expected; persistence=0.73
V0270,cooccurrence,relationship:912,0.3117254810281584,0.17225053760098166,0.7333,0.1851777826442956,1.0,conditional co-bidding 1.40x expected; persistence=0.73
V0320,cooccurrence,relationship:913,0.3087878516929314,0.17370226216024331,0.7,0.1823318330843444,1.0,conditional co-bidding 1.46x expected; persistence=0.70
V0339,cooccurrence,relationship:913,0.3087878516929314,0.17370226216024331,0.7,0.1823318330843444,1.0,conditional co-bidding 1.46x expected; persistence=0.70
V0431,cooccurrence,relationship:914,0.3113900987848504,0.17211973852609166,0.7333,0.1849612011093984,1.0,conditional co-bidding 1.39x expected; persistence=0.73
V0452,cooccurrence,relationship:914,0.3113900987848504,0.17211973852609166,0.7333,0.1849612011093984,1.0,conditional co-bidding 1.39x expected; persistence=0.73
V0289,cooccurrence,relationship:915,0.3141097364713568,0.1705751972238292,0.7667,0.18768505030679053,1.0,conditional co-bidding 1.33x expected; persistence=0.77
V0359,cooccurrence,relationship:915,0.3141097364713568,0.1705751972238292,0.7667,0.18768505030679053,1.0,conditional co-bidding 1.33x expected; persistence=0.77
V0406,cooccurrence,relationship:916,0.3085204197594448,0.17359796370618322,0.7,0.18216030955097595,1.0,conditional co-bidding 1.45x expected; persistence=0.70
V0481,cooccurrence,relationship:916,0.3085204197594448,0.17359796370618322,0.7,0.18216030955097595,1.0,conditional co-bidding 1.45x expected; persistence=0.70
V0280,cooccurrence,relationship:917,0.3138209029648229,0.17046255215628092,0.7667,0.18749730274689322,1.0,conditional co-bidding 1.32x expected; persistence=0.77
V0379,cooccurrence,relationship:917,0.3138209029648229,0.17046255215628092,0.7667,0.18749730274689322,1.0,conditional co-bidding 1.32x expected; persistence=0.77
V0113,cooccurrence,relationship:918,0.3082942061326188,0.1735097403917213,0.7,0.18201524073511882,1.0,conditional co-bidding 1.45x expected; persistence=0.70
V0513,cooccurrence,relationship:918,0.3082942061326188,0.1735097403917213,0.7,0.18201524073511882,1.0,conditional co-bidding 1.45x expected; persistence=0.70
V0231,cooccurrence,relationship:919,0.3135944599919357,0.17037423939685462,0.7667,0.1873501298045274,1.0,conditional co-bidding 1.32x expected; persistence=0.77
V0308,cooccurrence,relationship:919,0.3135944599919357,0.17037423939685462,0.7667,0.1873501298045274,1.0,conditional co-bidding 1.32x expected; persistence=0.77
V0263,cooccurrence,relationship:920,0.313203649476291,0.17022182329575342,0.7667,0.18709616920045954,1.0,conditional co-bidding 1.31x expected; persistence=0.77
V0492,cooccurrence,relationship:920,0.313203649476291,0.17022182329575342,0.7667,0.18709616920045954,1.0,conditional co-bidding 1.31x expected; persistence=0.77
V0223,cooccurrence,relationship:921,0.3158644585714069,0.1686621388428485,0.8,0.18979096419788652,1.0,conditional co-bidding 1.25x expected; persistence=0.80
V0460,cooccurrence,relationship:921,0.3158644585714069,0.1686621388428485,0.8,0.18979096419788652,1.0,conditional co-bidding 1.25x expected; persistence=0.80
V0340,cooccurrence,relationship:922,0.3075475992004152,0.17321856368816185,0.7,0.1815365680744925,1.0,conditional co-bidding 1.44x expected; persistence=0.70
V0496,cooccurrence,relationship:922,0.3075475992004152,0.17321856368816185,0.7,0.1815365680744925,1.0,conditional co-bidding 1.44x expected; persistence=0.70
V0302,cooccurrence,relationship:923,0.3101947679663047,0.17165355950685868,0.7333,0.1841895900978674,1.0,conditional co-bidding 1.37x expected; persistence=0.73
V0502,cooccurrence,relationship:923,0.3101947679663047,0.17165355950685868,0.7333,0.1841895900978674,1.0,conditional co-bidding 1.37x expected; persistence=0.73
V0024,cooccurrence,relationship:924,0.3099915091879807,0.17157428858331228,0.7333,0.18405842953999235,1.0,conditional co-bidding 1.37x expected; persistence=0.73
V0275,cooccurrence,relationship:924,0.3099915091879807,0.17157428858331228,0.7333,0.18405842953999235,1.0,conditional co-bidding 1.37x expected; persistence=0.73
V0141,cooccurrence,relationship:925,0.314907715728731,0.16828900913420486,0.8,0.18916533312261014,1.0,conditional co-bidding 1.24x expected; persistence=0.80
V0529,cooccurrence,relationship:925,0.314907715728731,0.16828900913420486,0.8,0.18916533312261014,1.0,conditional co-bidding 1.24x expected; persistence=0.80
V0043,cooccurrence,relationship:926,0.314907715728731,0.16828900913420486,0.8,0.18916533312261014,1.0,conditional co-bidding 1.24x expected; persistence=0.80
V0421,cooccurrence,relationship:926,0.314907715728731,0.16828900913420486,0.8,0.18916533312261014,1.0,conditional co-bidding 1.24x expected; persistence=0.80
V0047,cooccurrence,relationship:927,0.3092314048240711,0.1712778478813875,0.7333,0.18356806457009456,1.0,conditional co-bidding 1.36x expected; persistence=0.73
V0174,cooccurrence,relationship:927,0.3092314048240711,0.1712778478813875,0.7333,0.18356806457009456,1.0,conditional co-bidding 1.36x expected; persistence=0.73
V0064,cooccurrence,relationship:928,0.2791780591259725,0.18959484305912905,0.3482,0.15424522625900072,1.0,conditional co-bidding 2.25x expected; persistence=0.35
V0187,cooccurrence,relationship:928,0.2791780591259725,0.18959484305912905,0.3482,0.15424522625900072,1.0,conditional co-bidding 2.25x expected; persistence=0.35
V0254,cooccurrence,relationship:929,0.3062967177407036,0.1727307199188744,0.7,0.180735001706575,1.0,conditional co-bidding 1.42x expected; persistence=0.70
V0523,cooccurrence,relationship:929,0.3062967177407036,0.1727307199188744,0.7,0.180735001706575,1.0,conditional co-bidding 1.42x expected; persistence=0.70
V0141,cooccurrence,relationship:930,0.3087224605811673,0.1710793596266552,0.7333,0.18323983745120972,1.0,conditional co-bidding 1.35x expected; persistence=0.73
V0204,cooccurrence,relationship:930,0.3087224605811673,0.1710793596266552,0.7333,0.18323983745120972,1.0,conditional co-bidding 1.35x expected; persistence=0.73
V0221,cooccurrence,relationship:931,0.2825609648761514,0.18690497630169872,0.3996,0.1576587450595958,1.0,conditional co-bidding 2.10x expected; persistence=0.40
V0230,cooccurrence,relationship:931,0.2825609648761514,0.18690497630169872,0.3996,0.1576587450595958,1.0,conditional co-bidding 2.10x expected; persistence=0.40
V0256,cooccurrence,relationship:932,0.3142335886774185,0.16802609958419312,0.8,0.18872469474364306,1.0,conditional co-bidding 1.23x expected; persistence=0.80
V0495,cooccurrence,relationship:932,0.3142335886774185,0.16802609958419312,0.8,0.18872469474364306,1.0,conditional co-bidding 1.23x expected; persistence=0.80
V0050,cooccurrence,relationship:933,0.3199036448960783,0.16503482150947044,0.8667,0.19438073146327087,1.0,conditional co-bidding 1.11x expected; persistence=0.87
V0223,cooccurrence,relationship:933,0.3199036448960783,0.16503482150947044,0.8667,0.19438073146327087,1.0,conditional co-bidding 1.11x expected; persistence=0.87
V0295,cooccurrence,relationship:934,0.3167888519881283,0.16642525227537,0.8333,0.1913586773549853,1.0,conditional co-bidding 1.16x expected; persistence=0.83
V0407,cooccurrence,relationship:934,0.3167888519881283,0.16642525227537,0.8333,0.1913586773549853,1.0,conditional co-bidding 1.16x expected; persistence=0.83
V0023,cooccurrence,relationship:935,0.3078306433612216,0.17073155091087625,0.7333,0.18266489634088875,1.0,conditional co-bidding 1.33x expected; persistence=0.73
V0384,cooccurrence,relationship:935,0.3078306433612216,0.17073155091087625,0.7333,0.18266489634088875,1.0,conditional co-bidding 1.33x expected; persistence=0.73
V0066,cooccurrence,relationship:936,0.3133848782348635,0.16769510251159644,0.8,0.18817015891747757,1.0,conditional co-bidding 1.21x expected; persistence=0.80
V0195,cooccurrence,relationship:936,0.3133848782348635,0.16769510251159644,0.8,0.18817015891747757,1.0,conditional co-bidding 1.21x expected; persistence=0.80
V0331,cooccurrence,relationship:937,0.2978974625989227,0.1763424104135799,0.6117,0.17292305629659516,1.0,conditional co-bidding 1.57x expected; persistence=0.61
V0529,cooccurrence,relationship:937,0.2978974625989227,0.1763424104135799,0.6117,0.17292305629659516,1.0,conditional co-bidding 1.57x expected; persistence=0.61
V0378,cooccurrence,relationship:938,0.3047300987848504,0.17211973852609155,0.7,0.1797318385345683,1.0,conditional co-bidding 1.39x expected; persistence=0.70
V0452,cooccurrence,relationship:938,0.3047300987848504,0.17211973852609155,0.7,0.1797318385345683,1.0,conditional co-bidding 1.39x expected; persistence=0.70
V0359,cooccurrence,relationship:939,0.3074297364713568,0.17057519722382913,0.7333,0.18240652381935873,1.0,conditional co-bidding 1.33x expected; persistence=0.73
V0429,cooccurrence,relationship:939,0.3074297364713568,0.17057519722382913,0.7333,0.18240652381935873,1.0,conditional co-bidding 1.33x expected; persistence=0.73
V0047,cooccurrence,relationship:940,0.3129222638120223,0.1675146828866885,0.8,0.187867995170311,1.0,conditional co-bidding 1.21x expected; persistence=0.80
V0129,cooccurrence,relationship:940,0.3129222638120223,0.1675146828866885,0.8,0.187867995170311,1.0,conditional co-bidding 1.21x expected; persistence=0.80
V0308,cooccurrence,relationship:941,0.3097677540703074,0.16888182408741956,0.7667,0.18486561930591036,1.0,conditional co-bidding 1.26x expected; persistence=0.77
V0434,cooccurrence,relationship:941,0.3097677540703074,0.16888182408741956,0.7667,0.18486561930591036,1.0,conditional co-bidding 1.26x expected; persistence=0.77
V0062,cooccurrence,relationship:942,0.3042102602346266,0.17191700149150427,0.7,0.17939914590883405,1.0,conditional co-bidding 1.38x expected; persistence=0.70
V0162,cooccurrence,relationship:942,0.3042102602346266,0.17191700149150427,0.7,0.17939914590883405,1.0,conditional co-bidding 1.38x expected; persistence=0.70
V0033,cooccurrence,relationship:943,0.3067065782053905,0.17029316550010218,0.7333,0.18194060495711106,1.0,conditional co-bidding 1.32x expected; persistence=0.73
V0528,cooccurrence,relationship:943,0.3067065782053905,0.17029316550010218,0.7333,0.18194060495711106,1.0,conditional co-bidding 1.32x expected; persistence=0.73
V0063,cooccurrence,relationship:944,0.3065236494762909,0.17022182329575325,0.7333,0.18182277455200482,1.0,conditional co-bidding 1.31x expected; persistence=0.73
V0424,cooccurrence,relationship:944,0.3065236494762909,0.17022182329575325,0.7333,0.18182277455200482,1.0,conditional co-bidding 1.31x expected; persistence=0.73
V0132,cooccurrence,relationship:945,0.3092044585714069,0.16866213884284842,0.7667,0.1845003102505207,1.0,conditional co-bidding 1.25x expected; persistence=0.77
V0319,cooccurrence,relationship:945,0.3092044585714069,0.16866213884284842,0.7667,0.1845003102505207,1.0,conditional co-bidding 1.25x expected; persistence=0.77
V0026,cooccurrence,relationship:946,0.3203200193723185,0.16259980755520398,0.9,0.19562152275783373,1.0,conditional co-bidding 1.02x expected; persistence=0.90
V0041,cooccurrence,relationship:946,0.3203200193723185,0.16259980755520398,0.9,0.19562152275783373,1.0,conditional co-bidding 1.02x expected; persistence=0.90
V0053,cooccurrence,relationship:947,0.3030538811834503,0.1714660136615456,0.7,0.17865939208573547,1.0,conditional co-bidding 1.36x expected; persistence=0.70
V0121,cooccurrence,relationship:947,0.3030538811834503,0.1714660136615456,0.7,0.17865939208573547,1.0,conditional co-bidding 1.36x expected; persistence=0.70
V0016,cooccurrence,relationship:948,0.308410870310784,0.1683526394212055,0.7667,0.1839858316259497,1.0,conditional co-bidding 1.24x expected; persistence=0.77
V0060,cooccurrence,relationship:948,0.308410870310784,0.1683526394212055,0.7667,0.1839858316259497,1.0,conditional co-bidding 1.24x expected; persistence=0.77
V0172,cooccurrence,relationship:949,0.3050008918755189,0.16962794783145219,0.7333,0.18084234786656572,1.0,conditional co-bidding 1.29x expected; persistence=0.73
V0332,cooccurrence,relationship:949,0.3050008918755189,0.16962794783145219,0.7333,0.18084234786656572,1.0,conditional co-bidding 1.29x expected; persistence=0.73
V0329,cooccurrence,relationship:950,0.3022116036496599,0.17113752542336708,0.7,0.17812085164607136,1.0,conditional co-bidding 1.35x expected; persistence=0.70
V0481,cooccurrence,relationship:950,0.3022116036496599,0.17113752542336708,0.7,0.17812085164607136,1.0,conditional co-bidding 1.35x expected; persistence=0.70
V0061,cooccurrence,relationship:951,0.3101490920681716,0.1664331459065867,0.8,0.18605816710016085,1.0,conditional co-bidding 1.16x expected; persistence=0.80
V0367,cooccurrence,relationship:951,0.3101490920681716,0.1664331459065867,0.8,0.18605816710016085,1.0,conditional co-bidding 1.16x expected; persistence=0.80
V0129,cooccurrence,relationship:952,0.3017699465577187,0.17096527915751017,0.7,0.17783855584473102,1.0,conditional co-bidding 1.34x expected; persistence=0.70
V0177,cooccurrence,relationship:952,0.3017699465577187,0.17096527915751017,0.7,0.17783855584473102,1.0,conditional co-bidding 1.34x expected; persistence=0.70
V0247,cooccurrence,relationship:953,0.3043168416973008,0.16936116826194716,0.7333,0.18040217331455324,1.0,conditional co-bidding 1.28x expected; persistence=0.73
V0496,cooccurrence,relationship:953,0.3043168416973008,0.16936116826194716,0.7333,0.18040217331455324,1.0,conditional co-bidding 1.28x expected; persistence=0.73
V0195,cooccurrence,relationship:954,0.3067248782348635,0.16769510251159653,0.7667,0.1828935122842494,1.0,conditional co-bidding 1.21x expected; persistence=0.77
V0242,cooccurrence,relationship:954,0.3067248782348635,0.16769510251159653,0.7667,0.1828935122842494,1.0,conditional co-bidding 1.21x expected; persistence=0.77
V0113,cooccurrence,relationship:955,0.3122568400792175,0.16458843429756131,0.8333,0.18837158520263778,1.0,conditional co-bidding 1.09x expected; persistence=0.83
V0407,cooccurrence,relationship:955,0.3122568400792175,0.16458843429756131,0.8333,0.18837158520263778,1.0,conditional co-bidding 1.09x expected; persistence=0.83
V0010,cooccurrence,relationship:956,0.317706151291777,0.16158039900379284,0.9,0.19388238877730077,1.0,conditional co-bidding 0.99x expected; persistence=0.90
V0460,cooccurrence,relationship:956,0.317706151291777,0.16158039900379284,0.9,0.19388238877730077,1.0,conditional co-bidding 0.99x expected; persistence=0.90
V0041,cooccurrence,relationship:957,0.3264387228385953,0.15718610190705187,1.0,0.20263153122075933,1.0,conditional co-bidding 0.84x expected; persistence=1.00
V0119,cooccurrence,relationship:957,0.3264387228385953,0.15718610190705187,1.0,0.20263153122075933,1.0,conditional co-bidding 0.84x expected; persistence=1.00
V0200,cooccurrence,relationship:958,0.2571265590975817,0.1992389580480565,0.1143,0.13533820339042696,1.0,conditional co-bidding 2.85x expected; persistence=0.11
V0355,cooccurrence,relationship:958,0.2571265590975817,0.1992389580480565,0.1143,0.13533820339042696,1.0,conditional co-bidding 2.85x expected; persistence=0.11
V0202,cooccurrence,relationship:959,0.3004431868568615,0.1704478428741759,0.7,0.1769909123888333,1.0,conditional co-bidding 1.32x expected; persistence=0.70
V0406,cooccurrence,relationship:959,0.3004431868568615,0.1704478428741759,0.7,0.1769909123888333,1.0,conditional co-bidding 1.32x expected; persistence=0.70
V0026,cooccurrence,relationship:960,0.3114568400792175,0.16434576763089467,0.8333,0.18785610126521626,1.0,conditional co-bidding 1.09x expected; persistence=0.83
V0113,cooccurrence,relationship:960,0.3114568400792175,0.16434576763089467,0.8333,0.18785610126521626,1.0,conditional co-bidding 1.09x expected; persistence=0.83
V0129,cooccurrence,relationship:961,0.3085073065246186,0.16579284954460102,0.8,0.18498792580114662,1.0,conditional co-bidding 1.14x expected; persistence=0.80
V0454,cooccurrence,relationship:961,0.3085073065246186,0.16579284954460102,0.8,0.18498792580114662,1.0,conditional co-bidding 1.14x expected; persistence=0.80
V0054,cooccurrence,relationship:962,0.3029325792123714,0.1688213058928247,0.7333,0.17951189982819868,1.0,conditional co-bidding 1.26x expected; persistence=0.73
V0483,cooccurrence,relationship:962,0.3029325792123714,0.1688213058928247,0.7333,0.17951189982819868,1.0,conditional co-bidding 1.26x expected; persistence=0.73
V0120,cooccurrence,relationship:963,0.3056852490281294,0.16728964712097033,0.7667,0.18222043215535533,1.0,conditional co-bidding 1.20x expected; persistence=0.77
V0483,cooccurrence,relationship:963,0.3056852490281294,0.16728964712097033,0.7667,0.18222043215535533,1.0,conditional co-bidding 1.20x expected; persistence=0.77
V0063,cooccurrence,relationship:964,0.2998636494762909,0.1702218232957533,0.7,0.17662083839537296,1.0,conditional co-bidding 1.31x expected; persistence=0.70
V0433,cooccurrence,relationship:964,0.2998636494762909,0.1702218232957533,0.7,0.17662083839537296,1.0,conditional co-bidding 1.31x expected; persistence=0.70
V0063,cooccurrence,relationship:965,0.2998636494762909,0.1702218232957533,0.7,0.17662083839537296,1.0,conditional co-bidding 1.31x expected; persistence=0.70
V0502,cooccurrence,relationship:965,0.2998636494762909,0.1702218232957533,0.7,0.17662083839537296,1.0,conditional co-bidding 1.31x expected; persistence=0.70
V0014,cooccurrence,relationship:966,0.3080905373806973,0.1656303095784717,0.8,0.18471638836553922,1.0,conditional co-bidding 1.13x expected; persistence=0.80
V0127,cooccurrence,relationship:966,0.3080905373806973,0.1656303095784717,0.8,0.18471638836553922,1.0,conditional co-bidding 1.13x expected; persistence=0.80
V0302,cooccurrence,relationship:967,0.2996488889451654,0.17013806668861453,0.7,0.17648372734582127,1.0,conditional co-bidding 1.31x expected; persistence=0.70
V0367,cooccurrence,relationship:967,0.2996488889451654,0.17013806668861453,0.7,0.17648372734582127,1.0,conditional co-bidding 1.31x expected; persistence=0.70
V0215,cooccurrence,relationship:968,0.282791971915256,0.17968646904694965,0.4933,0.1603225934563845,1.0,conditional co-bidding 1.73x expected; persistence=0.49
V0336,cooccurrence,relationship:968,0.282791971915256,0.17968646904694965,0.4933,0.1603225934563845,1.0,conditional co-bidding 1.73x expected; persistence=0.49
V0395,cooccurrence,relationship:969,0.301567715728731,0.16828900913420483,0.7333,0.17863472598335176,1.0,conditional co-bidding 1.24x expected; persistence=0.73
V0529,cooccurrence,relationship:969,0.301567715728731,0.16828900913420483,0.7333,0.17863472598335176,1.0,conditional co-bidding 1.24x expected; persistence=0.73
V0022,cooccurrence,relationship:970,0.301567715728731,0.16828900913420483,0.7333,0.17863472598335176,1.0,conditional co-bidding 1.24x expected; persistence=0.73
V0141,cooccurrence,relationship:970,0.301567715728731,0.16828900913420483,0.7333,0.17863472598335176,1.0,conditional co-bidding 1.24x expected; persistence=0.73
V0186,cooccurrence,relationship:971,0.2673380591259725,0.18959484305912896,0.289,0.1456926938766125,1.0,conditional co-bidding 2.25x expected; persistence=0.29
V0548,cooccurrence,relationship:971,0.2673380591259725,0.18959484305912896,0.289,0.1456926938766125,1.0,conditional co-bidding 2.25x expected; persistence=0.29
V0144,cooccurrence,relationship:972,0.3038394749122621,0.16656979521578222,0.7667,0.18102632612867423,1.0,conditional co-bidding 1.17x expected; persistence=0.77
V0231,cooccurrence,relationship:972,0.3038394749122621,0.16656979521578222,0.7667,0.18102632612867423,1.0,conditional co-bidding 1.17x expected; persistence=0.77
V0204,cooccurrence,relationship:973,0.3010443921295485,0.16808491293052374,0.7333,0.1782985592434351,1.0,conditional co-bidding 1.23x expected; persistence=0.73
V0329,cooccurrence,relationship:973,0.3010443921295485,0.16808491293052374,0.7333,0.1782985592434351,1.0,conditional co-bidding 1.23x expected; persistence=0.73
V0502,cooccurrence,relationship:974,0.3092853228599558,0.16349887591538273,0.8333,0.18643240504604194,1.0,conditional co-bidding 1.05x expected; persistence=0.83
V0513,cooccurrence,relationship:974,0.3092853228599558,0.16349887591538273,0.8333,0.18643240504604194,1.0,conditional co-bidding 1.05x expected; persistence=0.83
V0367,cooccurrence,relationship:975,0.3094426619581366,0.1632482381636732,0.8333,0.18649350911588483,1.0,conditional co-bidding 1.01x expected; persistence=0.83
V0513,cooccurrence,relationship:975,0.3094426619581366,0.1632482381636732,0.8333,0.18649350911588483,1.0,conditional co-bidding 1.01x expected; persistence=0.83
V0062,cooccurrence,relationship:976,0.3062036736667258,0.1648944327300229,0.8,0.18348777311789272,1.0,conditional co-bidding 1.11x expected; persistence=0.80
V0129,cooccurrence,relationship:976,0.3062036736667258,0.1648944327300229,0.8,0.18348777311789272,1.0,conditional co-bidding 1.11x expected; persistence=0.80
V0309,cooccurrence,relationship:977,0.3001899690390556,0.16775168792523162,0.7333,0.1777499001035873,1.0,conditional co-bidding 1.21x expected; persistence=0.73
V0546,cooccurrence,relationship:977,0.3001899690390556,0.16775168792523162,0.7333,0.1777499001035873,1.0,conditional co-bidding 1.21x expected; persistence=0.73
V0132,cooccurrence,relationship:978,0.2982644585714068,0.16866213884284864,0.712,0.17593016936639955,1.0,conditional co-bidding 1.25x expected; persistence=0.71
V0151,cooccurrence,relationship:978,0.2982644585714068,0.16866213884284864,0.712,0.17593016936639955,1.0,conditional co-bidding 1.25x expected; persistence=0.71
V0022,cooccurrence,relationship:979,0.3000052829718486,0.1676796603590208,0.7333,0.17763133769829278,1.0,conditional co-bidding 1.21x expected; persistence=0.73
V0406,cooccurrence,relationship:979,0.3000052829718486,0.1676796603590208,0.7333,0.17763133769829278,1.0,conditional co-bidding 1.21x expected; persistence=0.73
V0115,cooccurrence,relationship:980,0.2750008668085766,0.1824511380553448,0.4189,0.15362648424927416,1.0,conditional co-bidding 1.87x expected; persistence=0.42
V0492,cooccurrence,relationship:980,0.2750008668085766,0.1824511380553448,0.4189,0.15362648424927416,1.0,conditional co-bidding 1.87x expected; persistence=0.42
V0025,cooccurrence,relationship:981,0.3136010091202241,0.15997939355688717,0.9,0.1911557812885265,1.0,conditional co-bidding 0.93x expected; persistence=0.90
V0307,cooccurrence,relationship:981,0.3136010091202241,0.15997939355688717,0.9,0.1911557812885265,1.0,conditional co-bidding 0.93x expected; persistence=0.90
V0023,cooccurrence,relationship:982,0.302085900174409,0.1658859010680194,0.7667,0.1798929236360355,1.0,conditional co-bidding 1.14x expected; persistence=0.77
V0502,cooccurrence,relationship:982,0.302085900174409,0.1658859010680194,0.7667,0.1798929236360355,1.0,conditional co-bidding 1.14x expected; persistence=0.77
V0384,cooccurrence,relationship:983,0.302085900174409,0.1658859010680194,0.7667,0.1798929236360355,1.0,conditional co-bidding 1.14x expected; persistence=0.77
V0502,cooccurrence,relationship:983,0.302085900174409,0.1658859010680194,0.7667,0.1798929236360355,1.0,conditional co-bidding 1.14x expected; persistence=0.77
V0329,cooccurrence,relationship:984,0.299244290485066,0.16738287328917573,0.7333,0.17714292501250295,1.0,conditional co-bidding 1.20x expected; persistence=0.73
V0529,cooccurrence,relationship:984,0.299244290485066,0.16738287328917573,0.7333,0.17714292501250295,1.0,conditional co-bidding 1.20x expected; persistence=0.73
V0023,cooccurrence,relationship:985,0.299244290485066,0.16738287328917573,0.7333,0.17714292501250295,1.0,conditional co-bidding 1.20x expected; persistence=0.73
V0383,cooccurrence,relationship:985,0.299244290485066,0.16738287328917573,0.7333,0.17714292501250295,1.0,conditional co-bidding 1.20x expected; persistence=0.73
V0152,cooccurrence,relationship:986,0.2964277540703073,0.16888182408741953,0.7,0.1744290617571643,1.0,conditional co-bidding 1.26x expected; persistence=0.70
V0434,cooccurrence,relationship:986,0.2964277540703073,0.16888182408741953,0.7,0.1744290617571643,1.0,conditional co-bidding 1.26x expected; persistence=0.70
V0113,cooccurrence,relationship:987,0.3018882360020093,0.16580881204078332,0.7667,0.1797652302436441,1.0,conditional co-bidding 1.14x expected; persistence=0.77
V0307,cooccurrence,relationship:987,0.3018882360020093,0.16580881204078332,0.7667,0.1797652302436441,1.0,conditional co-bidding 1.14x expected; persistence=0.77
V0303,cooccurrence,relationship:988,0.2852630203036731,0.17465977791843235,0.5701,0.1638979078517469,1.0,conditional co-bidding 1.50x expected; persistence=0.57
V0422,cooccurrence,relationship:988,0.2852630203036731,0.17465977791843235,0.5701,0.1638979078517469,1.0,conditional co-bidding 1.50x expected; persistence=0.57
V0062,cooccurrence,relationship:989,0.2982390110483888,0.1669908143088716,0.7333,0.17649802148357327,1.0,conditional co-bidding 1.18x expected; persistence=0.73
V0079,cooccurrence,relationship:989,0.2982390110483888,0.1669908143088716,0.7333,0.17649802148357327,1.0,conditional co-bidding 1.18x expected; persistence=0.73
V0159,cooccurrence,relationship:990,0.2781140873349794,0.17897749406064184,0.479,0.15708929851984996,1.0,conditional co-bidding 1.70x expected; persistence=0.48
V0525,cooccurrence,relationship:990,0.2781140873349794,0.17897749406064184,0.479,0.15708929851984996,1.0,conditional co-bidding 1.70x expected; persistence=0.48
V0025,cooccurrence,relationship:991,0.3178615148410984,0.15643839078802826,0.9667,0.19588706312318116,1.0,conditional co-bidding 0.82x expected; persistence=0.97
V0460,cooccurrence,relationship:991,0.3178615148410984,0.15643839078802826,0.9667,0.19588706312318116,1.0,conditional co-bidding 0.82x expected; persistence=0.97
V0066,cooccurrence,relationship:992,0.3034610897865755,0.1638248250167642,0.8,0.18170410209866264,1.0,conditional co-bidding 1.07x expected; persistence=0.80
V0242,cooccurrence,relationship:992,0.3034610897865755,0.1638248250167642,0.8,0.18170410209866264,1.0,conditional co-bidding 1.07x expected; persistence=0.80
V0113,cooccurrence,relationship:993,0.3177891273464071,0.15641015966509866,0.9667,0.195838442905592,1.0,conditional co-bidding 0.81x expected; persistence=0.97
V0295,cooccurrence,relationship:993,0.3177891273464071,0.15641015966509866,0.9667,0.195838442905592,1.0,conditional co-bidding 0.81x expected; persistence=0.97
V0047,cooccurrence,relationship:994,0.2978175342238015,0.16682643834728245,0.7333,0.17622773697613248,1.0,conditional co-bidding 1.18x expected; persistence=0.73
V0091,cooccurrence,relationship:994,0.2978175342238015,0.16682643834728245,0.7333,0.17622773697613248,1.0,conditional co-bidding 1.18x expected; persistence=0.73
V0047,cooccurrence,relationship:995,0.3032207659812935,0.16373109873270433,0.8,0.1815479255207248,1.0,conditional co-bidding 1.06x expected; persistence=0.80
V0062,cooccurrence,relationship:995,0.3032207659812935,0.16373109873270433,0.8,0.1815479255207248,1.0,conditional co-bidding 1.06x expected; persistence=0.80
V0395,cooccurrence,relationship:996,0.294907715728731,0.16828900913420486,0.7,0.17346066366528035,1.0,conditional co-bidding 1.24x expected; persistence=0.70
V0469,cooccurrence,relationship:996,0.294907715728731,0.16828900913420486,0.7,0.17346066366528035,1.0,conditional co-bidding 1.24x expected; persistence=0.70
V0129,cooccurrence,relationship:997,0.2975761427625011,0.16673229567737535,0.7333,0.17607296413009782,1.0,conditional co-bidding 1.18x expected; persistence=0.73
V0174,cooccurrence,relationship:997,0.2975761427625011,0.16673229567737535,0.7333,0.17607296413009782,1.0,conditional co-bidding 1.18x expected; persistence=0.73
V0129,cooccurrence,relationship:998,0.2975761427625011,0.16673229567737535,0.7333,0.17607296413009782,1.0,conditional co-bidding 1.18x expected; persistence=0.73
V0485,cooccurrence,relationship:998,0.2975761427625011,0.16673229567737535,0.7333,0.17607296413009782,1.0,conditional co-bidding 1.18x expected; persistence=0.73
V0313,cooccurrence,relationship:999,0.3002903159615112,0.16518562322498903,0.7667,0.17873343505417771,1.0,conditional co-bidding 1.12x expected; persistence=0.77
V0483,cooccurrence,relationship:999,0.3002903159615112,0.16518562322498903,0.7667,0.17873343505417771,1.0,conditional co-bidding 1.12x expected; persistence=0.77
V0080,cooccurrence,relationship:1000,0.2762273712900959,0.17934147480313734,0.4649,0.15557284591076703,1.0,conditional co-bidding 1.71x expected; persistence=0.46
V0098,cooccurrence,relationship:1000,0.2762273712900959,0.17934147480313734,0.4649,0.15557284591076703,1.0,conditional co-bidding 1.71x expected; persistence=0.46
V0231,cooccurrence,relationship:1001,0.2971594749122621,0.16656979521578197,0.7333,0.1758058549608371,1.0,conditional co-bidding 1.17x expected; persistence=0.73
V0434,cooccurrence,relationship:1001,0.2971594749122621,0.16656979521578197,0.7333,0.1758058549608371,1.0,conditional co-bidding 1.17x expected; persistence=0.73
V0256,cooccurrence,relationship:1002,0.2942335886774184,0.16802609958419307,0.7,0.1730314294673348,1.0,conditional co-bidding 1.23x expected; persistence=0.70
V0396,cooccurrence,relationship:1002,0.2942335886774184,0.16802609958419307,0.7,0.1730314294673348,1.0,conditional co-bidding 1.23x expected; persistence=0.70
V0091,cooccurrence,relationship:1003,0.2961464601326168,0.1661747194517204,0.7333,0.17515669213568508,1.0,conditional co-bidding 1.15x expected; persistence=0.73
V0248,cooccurrence,relationship:1003,0.2961464601326168,0.1661747194517204,0.7333,0.17515669213568508,1.0,conditional co-bidding 1.15x expected; persistence=0.73
V0010,cooccurrence,relationship:1004,0.2986398423605733,0.16454193852062335,0.7667,0.17766860245161606,1.0,conditional co-bidding 1.09x expected; persistence=0.77
V0264,cooccurrence,relationship:1004,0.2986398423605733,0.16454193852062335,0.7667,0.17766860245161606,1.0,conditional co-bidding 1.09x expected; persistence=0.77
V0062,cooccurrence,relationship:1005,0.3013339684438286,0.16299524769309298,0.8,0.18032244942267434,1.0,conditional co-bidding 1.04x expected; persistence=0.80
V0209,cooccurrence,relationship:1005,0.3013339684438286,0.16299524769309298,0.8,0.18032244942267434,1.0,conditional co-bidding 1.04x expected; persistence=0.80
V0016,cooccurrence,relationship:1006,0.2985002932921506,0.16448751438393855,0.7667,0.17757861166454983,1.0,conditional co-bidding 1.09x expected; persistence=0.77
V0379,cooccurrence,relationship:1006,0.2985002932921506,0.16448751438393855,0.7667,0.17757861166454983,1.0,conditional co-bidding 1.09x expected; persistence=0.77
V0338,cooccurrence,relationship:1007,0.3007451532785238,0.16276560977862412,0.8,0.1799402592199615,1.0,conditional co-bidding 1.03x expected; persistence=0.80
V0502,cooccurrence,relationship:1007,0.3007451532785238,0.16276560977862412,0.8,0.1799402592199615,1.0,conditional co-bidding 1.03x expected; persistence=0.80
V0188,cooccurrence,relationship:1008,0.2920725297008603,0.1671832865833355,0.7,0.17165643787481452,1.0,conditional co-bidding 1.19x expected; persistence=0.70
V0284,cooccurrence,relationship:1008,0.2920725297008603,0.1671832865833355,0.7,0.17165643787481452,1.0,conditional co-bidding 1.19x expected; persistence=0.70
V0242,cooccurrence,relationship:1009,0.3031044531221941,0.1610883367176554,0.8333,0.1823888439897769,1.0,conditional co-bidding 0.97x expected; persistence=0.83
V0280,cooccurrence,relationship:1009,0.3031044531221941,0.1610883367176554,0.8333,0.1823888439897769,1.0,conditional co-bidding 0.97x expected; persistence=0.83
V0200,cooccurrence,relationship:1010,0.2917525997049279,0.1670585138849217,0.7,0.17145301072071648,1.0,conditional co-bidding 1.19x expected; persistence=0.70
V0262,cooccurrence,relationship:1010,0.2917525997049279,0.1670585138849217,0.7,0.17145301072071648,1.0,conditional co-bidding 1.19x expected; persistence=0.70
V0223,cooccurrence,relationship:1011,0.2971326518942498,0.16395413423875738,0.7667,0.17669700779697672,1.0,conditional co-bidding 1.07x expected; persistence=0.77
V0407,cooccurrence,relationship:1011,0.2971326518942498,0.16395413423875738,0.7667,0.17669700779697672,1.0,conditional co-bidding 1.07x expected; persistence=0.77
V0217,cooccurrence,relationship:1012,0.2906042904850661,0.16738287328917562,0.6901,0.1704582525436995,1.0,conditional co-bidding 1.20x expected; persistence=0.69
V0422,cooccurrence,relationship:1012,0.2906042904850661,0.16738287328917562,0.6901,0.1704582525436995,1.0,conditional co-bidding 1.20x expected; persistence=0.69
V0184,cooccurrence,relationship:1013,0.299640118951789,0.1623346463911974,0.8,0.17922331503655559,1.0,conditional co-bidding 1.01x expected; persistence=0.80
V0307,cooccurrence,relationship:1013,0.299640118951789,0.1623346463911974,0.8,0.17922331503655559,1.0,conditional co-bidding 1.01x expected; persistence=0.80
V0041,cooccurrence,relationship:1014,0.3052232605843321,0.15930947162788925,0.8667,0.18469518141734112,1.0,conditional co-bidding 0.91x expected; persistence=0.87
V0277,cooccurrence,relationship:1014,0.3052232605843321,0.15930947162788925,0.8667,0.18469518141734112,1.0,conditional co-bidding 0.91x expected; persistence=0.87
V0016,cooccurrence,relationship:1015,0.2968010897865755,0.16382482501676437,0.7667,0.1764833717365848,1.0,conditional co-bidding 1.07x expected; persistence=0.77
V0066,cooccurrence,relationship:1015,0.2968010897865755,0.16382482501676437,0.7667,0.1764833717365848,1.0,conditional co-bidding 1.07x expected; persistence=0.77
V0022,cooccurrence,relationship:1016,0.2928815400666151,0.16540840062597972,0.7268,0.17289228388620728,1.0,conditional co-bidding 1.12x expected; persistence=0.73
V0329,cooccurrence,relationship:1016,0.2928815400666151,0.16540840062597972,0.7268,0.17289228388620728,1.0,conditional co-bidding 1.12x expected; persistence=0.73
V0039,cooccurrence,relationship:1017,0.263659031656192,0.1836672223459148,0.3466,0.14500601181928086,1.0,conditional co-bidding 1.93x expected; persistence=0.35
V0186,cooccurrence,relationship:1017,0.263659031656192,0.1836672223459148,0.3466,0.14500601181928086,1.0,conditional co-bidding 1.93x expected; persistence=0.35
V0047,cooccurrence,relationship:1018,0.2599045372250312,0.186212169517762,0.2952,0.1415064978972783,1.0,conditional co-bidding 2.06x expected; persistence=0.30
V0360,cooccurrence,relationship:1018,0.2599045372250312,0.186212169517762,0.2952,0.1415064978972783,1.0,conditional co-bidding 2.06x expected; persistence=0.30
V0091,cooccurrence,relationship:1019,0.2903580753820264,0.16651464939899022,0.7,0.17056669830328444,1.0,conditional co-bidding 1.17x expected; persistence=0.70
V0526,cooccurrence,relationship:1019,0.2903580753820264,0.16651464939899022,0.7,0.17056669830328444,1.0,conditional co-bidding 1.17x expected; persistence=0.70
V0010,cooccurrence,relationship:1020,0.2981975423334299,0.16177204151003755,0.8,0.17828799323696268,1.0,conditional co-bidding 0.99x expected; persistence=0.80
V0431,cooccurrence,relationship:1020,0.2981975423334299,0.16177204151003755,0.8,0.17828799323696268,1.0,conditional co-bidding 0.99x expected; persistence=0.80
V0219,cooccurrence,relationship:1021,0.3036706293000438,0.1587039454270168,0.8667,0.18367512067611574,1.0,conditional co-bidding 0.89x expected; persistence=0.87
V0242,cooccurrence,relationship:1021,0.3036706293000438,0.1587039454270168,0.8667,0.18367512067611574,1.0,conditional co-bidding 0.89x expected; persistence=0.87
V0263,cooccurrence,relationship:1022,0.2920225959399184,0.16456641241656794,0.7333,0.17251754596681357,1.0,conditional co-bidding 1.09x expected; persistence=0.73
V0458,cooccurrence,relationship:1022,0.2920225959399184,0.16456641241656794,0.7333,0.17251754596681357,1.0,conditional co-bidding 1.09x expected; persistence=0.73
V0202,cooccurrence,relationship:1023,0.2889228890386451,0.16595492672507145,0.7,0.16965521245305215,1.0,conditional co-bidding 1.15x expected; persistence=0.70
V0529,cooccurrence,relationship:1023,0.2889228890386451,0.16595492672507145,0.7,0.16965521245305215,1.0,conditional co-bidding 1.15x expected; persistence=0.70
V0468,cooccurrence,relationship:1024,0.2724935201544176,0.17595867286022282,0.4896,0.15394645819609312,1.0,conditional co-bidding 1.56x expected; persistence=0.49
V0548,cooccurrence,relationship:1024,0.2724935201544176,0.17595867286022282,0.4896,0.15394645819609312,1.0,conditional co-bidding 1.56x expected; persistence=0.49
V0025,cooccurrence,relationship:1025,0.2970803545830029,0.16133633828737107,0.8,0.17756412526477688,1.0,conditional co-bidding 0.98x expected; persistence=0.80
V0113,cooccurrence,relationship:1025,0.2970803545830029,0.16133633828737107,0.8,0.17756412526477688,1.0,conditional co-bidding 0.98x expected; persistence=0.80
V0014,cooccurrence,relationship:1026,0.2887459001744089,0.1658859010680194,0.7,0.16954285402031363,1.0,conditional co-bidding 1.14x expected; persistence=0.70
V0242,cooccurrence,relationship:1026,0.2887459001744089,0.1658859010680194,0.7,0.16954285402031363,1.0,conditional co-bidding 1.14x expected; persistence=0.70
V0014,cooccurrence,relationship:1027,0.2880905373806973,0.16563030957847183,0.7,0.16912689785555665,1.0,conditional co-bidding 1.13x expected; persistence=0.70
V0413,cooccurrence,relationship:1027,0.2880905373806973,0.16563030957847183,0.7,0.16912689785555665,1.0,conditional co-bidding 1.13x expected; persistence=0.70
V0010,cooccurrence,relationship:1028,0.283167715728731,0.16828900913420508,0.6413,0.16447518698213884,1.0,conditional co-bidding 1.24x expected; persistence=0.64
V0141,cooccurrence,relationship:1028,0.283167715728731,0.16828900913420508,0.6413,0.16447518698213884,1.0,conditional co-bidding 1.24x expected; persistence=0.64
V0144,cooccurrence,relationship:1029,0.2816277540703073,0.16888182408741956,0.626,0.16311098242076702,1.0,conditional co-bidding 1.26x expected; persistence=0.63
V0308,cooccurrence,relationship:1029,0.2816277540703073,0.16888182408741956,0.626,0.16311098242076702,1.0,conditional co-bidding 1.26x expected; persistence=0.63
V0297,cooccurrence,relationship:1030,0.2747381805652826,0.1727000904204601,0.5426,0.15668089546857297,1.0,conditional co-bidding 1.42x expected; persistence=0.54
V0359,cooccurrence,relationship:1030,0.2747381805652826,0.1727000904204601,0.5426,0.15668089546857297,1.0,conditional co-bidding 1.42x expected; persistence=0.54
V0313,cooccurrence,relationship:1031,0.2869503159615111,0.16518562322498928,0.7,0.1684035415986495,1.0,conditional co-bidding 1.12x expected; persistence=0.70
V0332,cooccurrence,relationship:1031,0.2869503159615111,0.16518562322498928,0.7,0.1684035415986495,1.0,conditional co-bidding 1.12x expected; persistence=0.70
V0441,cooccurrence,relationship:1032,0.2534609648761514,0.18690497630169883,0.2541,0.13674500938427414,1.0,conditional co-bidding 2.10x expected; persistence=0.25
V0458,cooccurrence,relationship:1032,0.2534609648761514,0.18690497630169883,0.2541,0.13674500938427414,1.0,conditional co-bidding 2.10x expected; persistence=0.25
V0115,cooccurrence,relationship:1033,0.2787775327440356,0.16982163777017387,0.5997,0.16065073093778337,1.0,conditional co-bidding 1.30x expected; persistence=0.60
V0335,cooccurrence,relationship:1033,0.2787775327440356,0.16982163777017387,0.5997,0.16065073093778337,1.0,conditional co-bidding 1.30x expected; persistence=0.60
V0141,cooccurrence,relationship:1034,0.2866120348351414,0.16505369358570485,0.7,0.1681890186244701,1.0,conditional co-bidding 1.11x expected; persistence=0.70
V0286,cooccurrence,relationship:1034,0.2866120348351414,0.16505369358570485,0.7,0.1681890186244701,1.0,conditional co-bidding 1.11x expected; persistence=0.70
V0033,cooccurrence,relationship:1035,0.2855298070363896,0.16463162474419185,0.7,0.16750297108497383,1.0,conditional co-bidding 1.10x expected; persistence=0.70
V0200,cooccurrence,relationship:1035,0.2855298070363896,0.16463162474419185,0.7,0.16750297108497383,1.0,conditional co-bidding 1.10x expected; persistence=0.70
V0132,cooccurrence,relationship:1036,0.299309738425158,0.1570031979858114,0.8667,0.18081447113808558,1.0,conditional co-bidding 0.83x expected; persistence=0.87
V0276,cooccurrence,relationship:1036,0.299309738425158,0.1570031979858114,0.8667,0.18081447113808558,1.0,conditional co-bidding 0.83x expected; persistence=0.87
V0010,cooccurrence,relationship:1037,0.2852998423605732,0.16454193852062346,0.7,0.16735724129886884,1.0,conditional co-bidding 1.09x expected; persistence=0.70
V0498,cooccurrence,relationship:1037,0.2852998423605732,0.16454193852062346,0.7,0.16735724129886884,1.0,conditional co-bidding 1.09x expected; persistence=0.70
V0062,cooccurrence,relationship:1038,0.2879939684438285,0.16299524769309287,0.7333,0.16994480490890795,1.0,conditional co-bidding 1.04x expected; persistence=0.73
V0174,cooccurrence,relationship:1038,0.2879939684438285,0.16299524769309287,0.7333,0.16994480490890795,1.0,conditional co-bidding 1.04x expected; persistence=0.73
V0184,cooccurrence,relationship:1039,0.2879151188553188,0.16296449635357427,0.7333,0.16989450420423222,1.0,conditional co-bidding 1.04x expected; persistence=0.73
V0513,cooccurrence,relationship:1039,0.2879151188553188,0.16296449635357427,0.7333,0.16989450420423222,1.0,conditional co-bidding 1.04x expected; persistence=0.73
V0236,cooccurrence,relationship:1040,0.2487237693523186,0.18848947004740407,0.2101,0.13295065385210042,1.0,conditional co-bidding 2.19x expected; persistence=0.21
V0263,cooccurrence,relationship:1040,0.2487237693523186,0.18848947004740407,0.2101,0.13295065385210042,1.0,conditional co-bidding 2.19x expected; persistence=0.21
V0039,cooccurrence,relationship:1041,0.2847338427382089,0.16432119866790135,0.7,0.1669986387774995,1.0,conditional co-bidding 1.08x expected; persistence=0.70
V0132,cooccurrence,relationship:1041,0.2847338427382089,0.16432119866790135,0.7,0.1669986387774995,1.0,conditional co-bidding 1.08x expected; persistence=0.70
V0191,cooccurrence,relationship:1042,0.2841796961407551,0.16410508149489425,0.7,0.16664764842299018,1.0,conditional co-bidding 1.08x expected; persistence=0.70
V0526,cooccurrence,relationship:1042,0.2841796961407551,0.16410508149489425,0.7,0.16664764842299018,1.0,conditional co-bidding 1.08x expected; persistence=0.70
V0041,cooccurrence,relationship:1043,0.2979876422379814,0.15622324713947924,0.8667,0.17991398761064598,1.0,conditional co-bidding 0.78x expected; persistence=0.87
V0295,cooccurrence,relationship:1043,0.2979876422379814,0.15622324713947924,0.8667,0.17991398761064598,1.0,conditional co-bidding 0.78x expected; persistence=0.87
V0152,cooccurrence,relationship:1044,0.2833480455197323,0.1637807377526955,0.7,0.16612108020263222,1.0,conditional co-bidding 1.07x expected; persistence=0.70
V0465,cooccurrence,relationship:1044,0.2833480455197323,0.1637807377526955,0.7,0.16612108020263222,1.0,conditional co-bidding 1.07x expected; persistence=0.70
V0062,cooccurrence,relationship:1045,0.285718975151195,0.16210800030896577,0.7333,0.1684943431165007,1.0,conditional co-bidding 1.01x expected; persistence=0.73
V0454,cooccurrence,relationship:1045,0.285718975151195,0.16210800030896577,0.7333,0.1684943431165007,1.0,conditional co-bidding 1.01x expected; persistence=0.73
V0014,cooccurrence,relationship:1046,0.2939533183838787,0.15751939416971253,0.8333,0.1764259208541945,1.0,conditional co-bidding 0.85x expected; persistence=0.83
V0309,cooccurrence,relationship:1046,0.2939533183838787,0.15751939416971253,0.8333,0.1764259208541945,1.0,conditional co-bidding 0.85x expected; persistence=0.83
V0016,cooccurrence,relationship:1047,0.28208448748851,0.1632879501205187,0.7,0.16532148206830238,1.0,conditional co-bidding 1.05x expected; persistence=0.70
V0412,cooccurrence,relationship:1047,0.28208448748851,0.1632879501205187,0.7,0.16532148206830238,1.0,conditional co-bidding 1.05x expected; persistence=0.70
V0061,cooccurrence,relationship:1048,0.2842044375514114,0.16151733064505042,0.7333,0.1675296766961973,1.0,conditional co-bidding 0.98x expected; persistence=0.73
V0513,cooccurrence,relationship:1048,0.2842044375514114,0.16151733064505042,0.7333,0.1675296766961973,1.0,conditional co-bidding 0.98x expected; persistence=0.73
V0144,cooccurrence,relationship:1049,0.2627572506718474,0.17437672776202043,0.4612,0.14733998563820613,1.0,conditional co-bidding 1.49x expected; persistence=0.46
V0494,cooccurrence,relationship:1049,0.2627572506718474,0.17437672776202043,0.4612,0.14733998563820613,1.0,conditional co-bidding 1.49x expected; persistence=0.46
V0275,cooccurrence,relationship:1050,0.2892525603781158,0.15828349854746493,0.8,0.17250399979888387,1.0,conditional co-bidding 0.88x expected; persistence=0.80
V0419,cooccurrence,relationship:1050,0.2892525603781158,0.15828349854746493,0.8,0.17250399979888387,1.0,conditional co-bidding 0.88x expected; persistence=0.80
V0469,cooccurrence,relationship:1051,0.2350053661120378,0.1946208927836946,0.0629,0.12175258361314129,1.0,conditional co-bidding 2.55x expected; persistence=0.06
V0498,cooccurrence,relationship:1051,0.2350053661120378,0.1946208927836946,0.0629,0.12175258361314129,1.0,conditional co-bidding 2.55x expected; persistence=0.06
V0066,cooccurrence,relationship:1052,0.2972765547440865,0.15361285635019353,0.9,0.1803705488158437,1.0,conditional co-bidding 0.73x expected; persistence=0.90
V0379,cooccurrence,relationship:1052,0.2972765547440865,0.15361285635019353,0.9,0.1803705488158437,1.0,conditional co-bidding 0.73x expected; persistence=0.90
V0136,cooccurrence,relationship:1053,0.2584437803266849,0.17663347432740695,0.4107,0.14351226863056737,1.0,conditional co-bidding 1.59x expected; persistence=0.41
V0141,cooccurrence,relationship:1053,0.2584437803266849,0.17663347432740695,0.4107,0.14351226863056737,1.0,conditional co-bidding 1.59x expected; persistence=0.41
V0136,cooccurrence,relationship:1054,0.2584437803266849,0.17663347432740695,0.4107,0.14351226863056737,1.0,conditional co-bidding 1.59x expected; persistence=0.41
V0395,cooccurrence,relationship:1054,0.2584437803266849,0.17663347432740695,0.4107,0.14351226863056737,1.0,conditional co-bidding 1.59x expected; persistence=0.41
V0395,cooccurrence,relationship:1055,0.2584437803266849,0.17663347432740695,0.4107,0.14351226863056737,1.0,conditional co-bidding 1.59x expected; persistence=0.41
V0420,cooccurrence,relationship:1055,0.2584437803266849,0.17663347432740695,0.4107,0.14351226863056737,1.0,conditional co-bidding 1.59x expected; persistence=0.41
V0025,cooccurrence,relationship:1056,0.2911815148410984,0.15643839078802826,0.8333,0.17462540697895848,1.0,conditional co-bidding 0.82x expected; persistence=0.83
V0026,cooccurrence,relationship:1056,0.2911815148410984,0.15643839078802826,0.8333,0.17462540697895848,1.0,conditional co-bidding 0.82x expected; persistence=0.83
V0132,cooccurrence,relationship:1057,0.2776326518942498,0.1639541342387573,0.6692,0.1617238287941626,1.0,conditional co-bidding 1.07x expected; persistence=0.67
V0211,cooccurrence,relationship:1057,0.2776326518942498,0.1639541342387573,0.6692,0.1617238287941626,1.0,conditional co-bidding 1.07x expected; persistence=0.67
V0159,cooccurrence,relationship:1058,0.2733580753820265,0.1665146493989903,0.615,0.15767617980540236,1.0,conditional co-bidding 1.17x expected; persistence=0.61
V0526,cooccurrence,relationship:1058,0.2733580753820265,0.1665146493989903,0.615,0.15767617980540236,1.0,conditional co-bidding 1.17x expected; persistence=0.61
V0061,cooccurrence,relationship:1059,0.2823838750402064,0.1608073112656805,0.7333,0.16637110016182372,1.0,conditional co-bidding 0.96x expected; persistence=0.73
V0302,cooccurrence,relationship:1059,0.2823838750402064,0.1608073112656805,0.7333,0.16637110016182372,1.0,conditional co-bidding 0.96x expected; persistence=0.73
V0141,cooccurrence,relationship:1060,0.2794515008956226,0.16226108534929284,0.7,0.16365698188643163,1.0,conditional co-bidding 1.01x expected; persistence=0.70
V0202,cooccurrence,relationship:1060,0.2794515008956226,0.16226108534929284,0.7,0.16365698188643163,1.0,conditional co-bidding 1.01x expected; persistence=0.70
V0242,cooccurrence,relationship:1061,0.2786726892112607,0.16195734879239163,0.7,0.16316507736070912,1.0,conditional co-bidding 1.00x expected; persistence=0.70
V0254,cooccurrence,relationship:1061,0.2786726892112607,0.16195734879239163,0.7,0.16316507736070912,1.0,conditional co-bidding 1.00x expected; persistence=0.70
V0010,cooccurrence,relationship:1062,0.2781975423334298,0.16177204151003743,0.7,0.16286506857335098,1.0,conditional co-bidding 0.99x expected; persistence=0.70
V0378,cooccurrence,relationship:1062,0.2781975423334298,0.16177204151003743,0.7,0.16286506857335098,1.0,conditional co-bidding 0.99x expected; persistence=0.70
V0152,cooccurrence,relationship:1063,0.2778676860642359,0.16164339756505183,0.7,0.16265684040232103,1.0,conditional co-bidding 0.99x expected; persistence=0.70
V0231,cooccurrence,relationship:1063,0.2778676860642359,0.16164339756505183,0.7,0.16265684040232103,1.0,conditional co-bidding 0.99x expected; persistence=0.70
V0132,cooccurrence,relationship:1064,0.285969738425158,0.15700319798581147,0.8,0.17038802850316706,1.0,conditional co-bidding 0.83x expected; persistence=0.80
V0327,cooccurrence,relationship:1064,0.285969738425158,0.15700319798581147,0.8,0.17038802850316706,1.0,conditional co-bidding 0.83x expected; persistence=0.80
V0063,cooccurrence,relationship:1065,0.2792753948510447,0.15959500399190743,0.7333,0.16439545920055226,1.0,conditional co-bidding 0.92x expected; persistence=0.73
V0495,cooccurrence,relationship:1065,0.2792753948510447,0.15959500399190743,0.7333,0.16439545920055226,1.0,conditional co-bidding 0.92x expected; persistence=0.73
V0159,cooccurrence,relationship:1066,0.2605096674833144,0.16923357031849257,0.5159,0.14732623264059425,1.0,conditional co-bidding 1.27x expected; persistence=0.52
V0304,cooccurrence,relationship:1066,0.2605096674833144,0.16923357031849257,0.5159,0.14732623264059425,1.0,conditional co-bidding 1.27x expected; persistence=0.52
V0141,cooccurrence,relationship:1067,0.2407565272186737,0.18217644561528257,0.2512,0.12936670764268035,1.0,conditional co-bidding 1.85x expected; persistence=0.25
V0243,cooccurrence,relationship:1067,0.2407565272186737,0.18217644561528257,0.2512,0.12936670764268035,1.0,conditional co-bidding 1.85x expected; persistence=0.25
V0051,cooccurrence,relationship:1068,0.2327406080350093,0.18805923713365344,0.1357,0.12217138527837383,1.0,conditional co-bidding 2.16x expected; persistence=0.14
V0458,cooccurrence,relationship:1068,0.2327406080350093,0.18805923713365344,0.1357,0.12217138527837383,1.0,conditional co-bidding 2.16x expected; persistence=0.14
V0242,cooccurrence,relationship:1069,0.2553906433612216,0.17073155091087647,0.4711,0.14315238203450395,1.0,conditional co-bidding 1.33x expected; persistence=0.47
V0473,cooccurrence,relationship:1069,0.2553906433612216,0.17073155091087647,0.4711,0.14315238203450395,1.0,conditional co-bidding 1.33x expected; persistence=0.47
V0023,cooccurrence,relationship:1070,0.2729497330069085,0.15972539587269402,0.7,0.15955654472335268,1.0,conditional co-bidding 0.92x expected; persistence=0.70
V0178,cooccurrence,relationship:1070,0.2729497330069085,0.15972539587269402,0.7,0.15955654472335268,1.0,conditional co-bidding 0.92x expected; persistence=0.70
V0041,cooccurrence,relationship:1071,0.2800401391411437,0.1520932542650459,0.8333,0.1674144667173132,1.0,conditional co-bidding 0.68x expected; persistence=0.83
V0223,cooccurrence,relationship:1071,0.2800401391411437,0.1520932542650459,0.8333,0.1674144667173132,1.0,conditional co-bidding 0.68x expected; persistence=0.83
V0395,cooccurrence,relationship:1072,0.2677030125708088,0.15767917490261535,0.7,0.15625779092879755,1.0,conditional co-bidding 0.86x expected; persistence=0.70
V0406,cooccurrence,relationship:1072,0.2677030125708088,0.15767917490261535,0.7,0.15625779092879755,1.0,conditional co-bidding 0.86x expected; persistence=0.70
V0033,cooccurrence,relationship:1073,0.2369082153785152,0.17785200399762083,0.2874,0.1279875409862743,1.0,conditional co-bidding 1.64x expected; persistence=0.29
V0240,cooccurrence,relationship:1073,0.2369082153785152,0.17785200399762083,0.2874,0.1279875409862743,1.0,conditional co-bidding 1.64x expected; persistence=0.29
V0120,cooccurrence,relationship:1074,0.260138285125103,0.15895653119879014,0.6458,0.15023017774068761,1.0,conditional co-bidding 0.90x expected; persistence=0.65
V0332,cooccurrence,relationship:1074,0.260138285125103,0.15895653119879014,0.6458,0.15023017774068761,1.0,conditional co-bidding 0.90x expected; persistence=0.65
V0242,cooccurrence,relationship:1075,0.2683165547440865,0.15361285635019356,0.7552,0.15798837936194346,1.0,conditional co-bidding 0.73x expected; persistence=0.76
V0379,cooccurrence,relationship:1075,0.2683165547440865,0.15361285635019356,0.7552,0.15798837936194346,1.0,conditional co-bidding 0.73x expected; persistence=0.76
V0062,cooccurrence,relationship:1076,0.2661755138189113,0.15448605038937532,0.7333,0.1561049102262292,1.0,conditional co-bidding 0.75x expected; persistence=0.73
V0344,cooccurrence,relationship:1076,0.2661755138189113,0.15448605038937532,0.7333,0.1561049102262292,1.0,conditional co-bidding 0.75x expected; persistence=0.73
V0220,cooccurrence,relationship:1077,0.25087337535713,0.16368141638928066,0.5389,0.14203021093337675,1.0,conditional co-bidding 1.06x expected; persistence=0.54
V0359,cooccurrence,relationship:1077,0.25087337535713,0.16368141638928066,0.5389,0.14203021093337675,1.0,conditional co-bidding 1.06x expected; persistence=0.54
V0141,cooccurrence,relationship:1078,0.2628149128428689,0.15577281600871887,0.7,0.15319268420325138,1.0,conditional co-bidding 0.79x expected; persistence=0.70
V0329,cooccurrence,relationship:1078,0.2628149128428689,0.15577281600871887,0.7,0.15319268420325138,1.0,conditional co-bidding 0.79x expected; persistence=0.70
V0092,cooccurrence,relationship:1079,0.2490326518942498,0.1639541342387571,0.5262,0.14062127457164,1.0,conditional co-bidding 1.07x expected; persistence=0.53
V0132,cooccurrence,relationship:1079,0.2490326518942498,0.1639541342387571,0.5262,0.14062127457164,1.0,conditional co-bidding 1.07x expected; persistence=0.53
V0335,cooccurrence,relationship:1080,0.2536618568058843,0.16002652415429475,0.5997,0.14514877955726144,1.0,conditional co-bidding 0.93x expected; persistence=0.60
V0458,cooccurrence,relationship:1080,0.2536618568058843,0.16002652415429475,0.5997,0.14514877955726144,1.0,conditional co-bidding 0.93x expected; persistence=0.60
V0082,cooccurrence,relationship:1081,0.2423726518942498,0.16395413423875718,0.4929,0.13585366637891944,1.0,conditional co-bidding 1.07x expected; persistence=0.49
V0132,cooccurrence,relationship:1081,0.2423726518942498,0.16395413423875718,0.4929,0.13585366637891944,1.0,conditional co-bidding 1.07x expected; persistence=0.49
V0115,cooccurrence,relationship:1082,0.2470018568058843,0.16002652415429477,0.5664,0.14031460681302477,1.0,conditional co-bidding 0.93x expected; persistence=0.57
V0458,cooccurrence,relationship:1082,0.2470018568058843,0.16002652415429477,0.5664,0.14031460681302477,1.0,conditional co-bidding 0.93x expected; persistence=0.57
V0047,cooccurrence,relationship:1083,0.2380398396358815,0.1643157374579936,0.4666,0.13267863166803764,1.0,conditional co-bidding 1.08x expected; persistence=0.47
V0215,cooccurrence,relationship:1083,0.2380398396358815,0.1643157374579936,0.4666,0.13267863166803764,1.0,conditional co-bidding 1.08x expected; persistence=0.47
V0022,cooccurrence,relationship:1084,0.236996855958937,0.16336297382398515,0.4736,0.13221340142585056,1.0,conditional co-bidding 1.05x expected; persistence=0.47
V0529,cooccurrence,relationship:1084,0.236996855958937,0.16336297382398515,0.4736,0.13221340142585056,1.0,conditional co-bidding 1.05x expected; persistence=0.47
V0120,cooccurrence,relationship:1085,0.2263677519110387,0.160723023245305,0.4543,0.12549936157394578,1.0,conditional co-bidding 0.96x expected; persistence=0.45
V0313,cooccurrence,relationship:1085,0.2263677519110387,0.160723023245305,0.4543,0.12549936157394578,1.0,conditional co-bidding 0.96x expected; persistence=0.45
V0141,cooccurrence,relationship:1086,0.2240630125708089,0.15767917490261543,0.4818,0.12471342514925586,1.0,conditional co-bidding 0.86x expected; persistence=0.48
V0406,cooccurrence,relationship:1086,0.2240630125708089,0.15767917490261543,0.4818,0.12471342514925586,1.0,conditional co-bidding 0.86x expected; persistence=0.48
V0060,cooccurrence,relationship:1087,0.204650870310784,0.16835263942120549,0.2479,0.10879896497764557,1.0,conditional co-bidding 1.24x expected; persistence=0.25
V0249,cooccurrence,relationship:1087,0.204650870310784,0.16835263942120549,0.2479,0.10879896497764557,1.0,conditional co-bidding 1.24x expected; persistence=0.25
V0159,cooccurrence,relationship:1088,0.1980828890386452,0.16595492672507134,0.2458,0.1050736683865671,1.0,conditional co-bidding 1.15x expected; persistence=0.25
V0438,cooccurrence,relationship:1088,0.1980828890386452,0.16595492672507134,0.2458,0.1050736683865671,1.0,conditional co-bidding 1.15x expected; persistence=0.25
V0231,cooccurrence,relationship:1089,0.1874994749122621,0.16656979521578227,0.185,0.09807882158914039,1.0,conditional co-bidding 1.17x expected; persistence=0.18
V0494,cooccurrence,relationship:1089,0.1874994749122621,0.16656979521578227,0.185,0.09807882158914039,1.0,conditional co-bidding 1.17x expected; persistence=0.18
V0061,cooccurrence,relationship:1090,0.192879928663581,0.15398077217879658,0.3733,0.10447714944238916,1.0,conditional co-bidding 0.74x expected; persistence=0.37
V0178,cooccurrence,relationship:1090,0.192879928663581,0.15398077217879658,0.3733,0.10447714944238916,1.0,conditional co-bidding 0.74x expected; persistence=0.37
V0001,economic,economic:T00040,0.2295498239155158,1.0,0.0,0.18363985913241265,0.95,unusually compressed bid dispersion; compression=1.12; bids=7
V0001,economic,economic:T01111,0.2391474921966492,1.0,0.0,0.19131799375731937,0.95,unusually compressed bid dispersion; compression=1.23; bids=5
V0001,economic,economic:T02140,0.2412619956766548,1.0,0.0,0.19300959654132385,0.95,unusually compressed bid dispersion; compression=1.34; bids=6
V0001,economic,economic:T02434,0.2493221984313735,1.0,0.0,0.1994577587450988,0.95,unusually compressed bid dispersion; compression=1.06; bids=10
V0002,economic,economic:T00718,0.2223201379231059,1.0,0.0,0.17785611033848472,0.95,unusually compressed bid dispersion; compression=0.95; bids=7
V0003,economic,economic:T02152,0.2932632387640775,1.0,0.0,0.23461059101126203,0.95,unusually compressed bid dispersion; compression=1.29; bids=8
V0004,economic,economic:T01375,0.2628233782560258,1.0,0.0,0.21025870260482066,0.95,unusually compressed bid dispersion; compression=1.23; bids=7
V0005,economic,economic:T02152,0.2932632387640775,1.0,0.0,0.23461059101126203,0.95,unusually compressed bid dispersion; compression=1.29; bids=8
V0007,economic,economic:T00726,0.2589679262146378,1.0,0.0,0.20717434097171028,0.95,unusually compressed bid dispersion; compression=1.45; bids=8
V0007,economic,economic:T01827,0.2284385463268036,1.0,0.0,0.1827508370614429,0.95,unusually compressed bid dispersion; compression=0.73; bids=9
V0009,economic,economic:T00009,0.3065223287428631,1.0,0.0,0.2452178629942905,0.95,unusually compressed bid dispersion; compression=1.52; bids=10
V0009,economic,economic:T02098,0.2920291877964832,1.0,0.0,0.23362335023718656,0.95,unusually compressed bid dispersion; compression=2.43; bids=5
V0010,economic,economic:T00387,0.2457380649349068,1.0,0.0,0.19659045194792546,0.95,unusually compressed bid dispersion; compression=1.70; bids=5
V0010,economic,economic:T00923,0.2480730206557008,1.0,0.0,0.19845841652456064,0.95,unusually compressed bid dispersion; compression=1.80; bids=4
V0010,economic,economic:T01534,0.2907390143080398,1.0,0.0,0.23259121144643183,0.95,unusually compressed bid dispersion; compression=1.64; bids=6
V0010,economic,economic:T02374,0.2231820277749463,1.0,0.0,0.17854562221995707,0.95,unusually compressed bid dispersion; compression=1.56; bids=10
V0012,economic,economic:T01203,0.2369387236177029,1.0,0.0,0.18955097889416234,0.95,unusually compressed bid dispersion; compression=1.03; bids=9
V0014,economic,economic:T00414,0.3968095136311,1.0,0.0,0.31744761090488005,0.95,unusually compressed bid dispersion; compression=2.03; bids=9
V0014,economic,economic:T00726,0.2589679262146378,1.0,0.0,0.20717434097171028,0.95,unusually compressed bid dispersion; compression=1.45; bids=8
V0014,economic,economic:T01827,0.2284385463268036,1.0,0.0,0.1827508370614429,0.95,unusually compressed bid dispersion; compression=0.73; bids=9
V0014,economic,economic:T02354,0.2646104014146996,1.0,0.0,0.2116883211317597,0.95,unusually compressed bid dispersion; compression=1.40; bids=6
V0015,economic,economic:T02030,0.233849975510677,1.0,0.0,0.1870799804085416,0.95,unusually compressed bid dispersion; compression=1.28; bids=6
V0016,economic,economic:T00697,0.2742976873287828,1.0,0.0,0.21943814986302623,0.95,unusually compressed bid dispersion; compression=1.44; bids=7
V0016,economic,economic:T02273,0.2587766277814485,1.0,0.0,0.2070213022251588,0.95,unusually compressed bid dispersion; compression=1.01; bids=9
V0016,economic,economic:T02354,0.2646104014146996,1.0,0.0,0.2116883211317597,0.95,unusually compressed bid dispersion; compression=1.40; bids=6
V0016,economic,economic:T02463,0.2313609142457056,1.0,0.0,0.18508873139656448,0.95,unusually compressed bid dispersion; compression=0.96; bids=10
V0018,economic,economic:T00726,0.2589679262146378,1.0,0.0,0.20717434097171028,0.95,unusually compressed bid dispersion; compression=1.45; bids=8
V0019,economic,economic:T01440,0.2282051718444979,1.0,0.0,0.18256413747559833,0.95,unusually compressed bid dispersion; compression=2.09; bids=4
V0020,economic,economic:T00923,0.2480730206557008,1.0,0.0,0.19845841652456064,0.95,unusually compressed bid dispersion; compression=1.80; bids=4
V0020,economic,economic:T02374,0.2231820277749463,1.0,0.0,0.17854562221995707,0.95,unusually compressed bid dispersion; compression=1.56; bids=10
V0023,economic,economic:T00409,0.2679898074404826,1.0,0.0,0.2143918459523861,0.95,unusually compressed bid dispersion; compression=1.35; bids=6
V0024,economic,economic:T00040,0.2295498239155158,1.0,0.0,0.18363985913241265,0.95,unusually compressed bid dispersion; compression=1.12; bids=7
V0024,economic,economic:T01111,0.2391474921966492,1.0,0.0,0.19131799375731937,0.95,unusually compressed bid dispersion; compression=1.23; bids=5
V0024,economic,economic:T01766,0.2381977263063957,1.0,0.0,0.19055818104511657,0.95,unusually compressed bid dispersion; compression=1.48; bids=6
V0024,economic,economic:T02140,0.2412619956766548,1.0,0.0,0.19300959654132385,0.95,unusually compressed bid dispersion; compression=1.34; bids=6
V0024,economic,economic:T02434,0.2493221984313735,1.0,0.0,0.1994577587450988,0.95,unusually compressed bid dispersion; compression=1.06; bids=10
V0025,economic,economic:T00923,0.2480730206557008,1.0,0.0,0.19845841652456064,0.95,unusually compressed bid dispersion; compression=1.80; bids=4
V0025,economic,economic:T02374,0.2231820277749463,1.0,0.0,0.17854562221995707,0.95,unusually compressed bid dispersion; compression=1.56; bids=10
V0028,economic,economic:T00040,0.2295498239155158,1.0,0.0,0.18363985913241265,0.95,unusually compressed bid dispersion; compression=1.12; bids=7
V0028,economic,economic:T01817,0.2531264537511136,1.0,0.0,0.20250116300089088,0.95,unusually compressed bid dispersion; compression=0.91; bids=7
V0028,economic,economic:T02187,0.2507962952357588,1.0,0.0,0.20063703618860707,0.95,unusually compressed bid dispersion; compression=1.76; bids=5
V0029,economic,economic:T01375,0.2628233782560258,1.0,0.0,0.21025870260482066,0.95,unusually compressed bid dispersion; compression=1.23; bids=7
V0038,economic,economic:T00697,0.2742976873287828,1.0,0.0,0.21943814986302623,0.95,unusually compressed bid dispersion; compression=1.44; bids=7
V0039,economic,economic:T00235,0.2820385099795364,1.0,0.0,0.2256308079836291,0.95,unusually compressed bid dispersion; compression=1.24; bids=10
V0040,economic,economic:T00246,0.256799629859173,1.0,0.0,0.2054397038873384,0.95,unusually compressed bid dispersion; compression=1.35; bids=6
V0041,economic,economic:T00387,0.2457380649349068,1.0,0.0,0.19659045194792546,0.95,unusually compressed bid dispersion; compression=1.70; bids=5
V0041,economic,economic:T02374,0.2231820277749463,1.0,0.0,0.17854562221995707,0.95,unusually compressed bid dispersion; compression=1.56; bids=10
V0042,economic,economic:T00969,0.2403583783377215,1.0,0.0,0.19228670267017722,0.95,unusually compressed bid dispersion; compression=1.07; bids=9
V0042,economic,economic:T01118,0.2412492067747155,1.0,0.0,0.19299936541977242,0.95,unusually compressed bid dispersion; compression=1.46; bids=5
V0042,economic,economic:T01601,0.2327848209010737,1.0,0.0,0.18622785672085895,0.95,unusually compressed bid dispersion; compression=0.88; bids=8
V0042,economic,economic:T02152,0.2932632387640775,1.0,0.0,0.23461059101126203,0.95,unusually compressed bid dispersion; compression=1.29; bids=8
V0043,economic,economic:T00969,0.2403583783377215,1.0,0.0,0.19228670267017722,0.95,unusually compressed bid dispersion; compression=1.07; bids=9
V0043,economic,economic:T01118,0.2412492067747155,1.0,0.0,0.19299936541977242,0.95,unusually compressed bid dispersion; compression=1.46; bids=5
V0043,economic,economic:T02152,0.2932632387640775,1.0,0.0,0.23461059101126203,0.95,unusually compressed bid dispersion; compression=1.29; bids=8
V0044,economic,economic:T01855,0.2708093651658989,1.0,0.0,0.2166474921327191,0.95,unusually compressed bid dispersion; compression=1.42; bids=7
V0047,economic,economic:T00722,0.2271084765597585,1.0,0.0,0.1816867812478068,0.95,unusually compressed bid dispersion; compression=1.44; bids=5
V0047,economic,economic:T01601,0.2327848209010737,1.0,0.0,0.18622785672085895,0.95,unusually compressed bid dispersion; compression=0.88; bids=8
V0050,economic,economic:T02374,0.2231820277749463,1.0,0.0,0.17854562221995707,0.95,unusually compressed bid dispersion; compression=1.56; bids=10
V0051,economic,economic:T00226,0.2301533555666935,1.0,0.0,0.1841226844533548,0.95,unusually compressed bid dispersion; compression=0.91; bids=6
V0051,economic,economic:T00722,0.2271084765597585,1.0,0.0,0.1816867812478068,0.95,unusually compressed bid dispersion; compression=1.44; bids=5
V0051,economic,economic:T01903,0.2403287640593322,1.0,0.0,0.19226301124746578,0.95,unusually compressed bid dispersion; compression=1.45; bids=5
V0052,economic,economic:T00226,0.2301533555666935,1.0,0.0,0.1841226844533548,0.95,unusually compressed bid dispersion; compression=0.91; bids=6
V0052,economic,economic:T00722,0.2271084765597585,1.0,0.0,0.1816867812478068,0.95,unusually compressed bid dispersion; compression=1.44; bids=5
V0052,economic,economic:T01903,0.2403287640593322,1.0,0.0,0.19226301124746578,0.95,unusually compressed bid dispersion; compression=1.45; bids=5
V0052,economic,economic:T02330,0.2419366895634603,1.0,0.0,0.19354935165076825,0.95,unusually compressed bid dispersion; compression=1.68; bids=4
V0053,economic,economic:T00226,0.2301533555666935,1.0,0.0,0.1841226844533548,0.95,unusually compressed bid dispersion; compression=0.91; bids=6
V0053,economic,economic:T00722,0.2271084765597585,1.0,0.0,0.1816867812478068,0.95,unusually compressed bid dispersion; compression=1.44; bids=5
V0053,economic,economic:T01903,0.2403287640593322,1.0,0.0,0.19226301124746578,0.95,unusually compressed bid dispersion; compression=1.45; bids=5
V0054,economic,economic:T00287,0.220453978889504,1.0,0.0,0.1763631831116032,0.95,unusually compressed bid dispersion; compression=2.50; bids=3
V0054,economic,economic:T01440,0.2282051718444979,1.0,0.0,0.18256413747559833,0.95,unusually compressed bid dispersion; compression=2.09; bids=4
V0055,economic,economic:T02360,0.2357479142570125,1.0,0.0,0.18859833140561,0.95,unusually compressed bid dispersion; compression=1.53; bids=5
V0057,economic,economic:T02098,0.2920291877964832,1.0,0.0,0.23362335023718656,0.95,unusually compressed bid dispersion; compression=2.43; bids=5
V0059,economic,economic:T01342,0.2472700816411283,1.0,0.0,0.19781606531290263,0.95,unusually compressed bid dispersion; compression=1.12; bids=5
V0059,economic,economic:T01766,0.2381977263063957,1.0,0.0,0.19055818104511657,0.95,unusually compressed bid dispersion; compression=1.48; bids=6
V0060,economic,economic:T00235,0.2820385099795364,1.0,0.0,0.2256308079836291,0.95,unusually compressed bid dispersion; compression=1.24; bids=10
V0060,economic,economic:T02360,0.2357479142570125,1.0,0.0,0.18859833140561,0.95,unusually compressed bid dispersion; compression=1.53; bids=5
V0061,economic,economic:T00409,0.2679898074404826,1.0,0.0,0.2143918459523861,0.95,unusually compressed bid dispersion; compression=1.35; bids=6
V0063,economic,economic:T00382,0.2240674900799135,1.0,0.0,0.1792539920639308,0.95,unusually compressed bid dispersion; compression=1.42; bids=5
V0066,economic,economic:T01827,0.2284385463268036,1.0,0.0,0.1827508370614429,0.95,unusually compressed bid dispersion; compression=0.73; bids=9
V0067,economic,economic:T00740,0.2642101421487149,1.0,0.0,0.21136811371897193,0.95,unusually compressed bid dispersion; compression=1.26; bids=8
V0069,economic,economic:T00969,0.2403583783377215,1.0,0.0,0.19228670267017722,0.95,unusually compressed bid dispersion; compression=1.07; bids=9
V0071,economic,economic:T00009,0.3065223287428631,1.0,0.0,0.2452178629942905,0.95,unusually compressed bid dispersion; compression=1.52; bids=10
V0071,economic,economic:T00017,0.2809531096338287,1.0,0.0,0.22476248770706297,0.95,unusually compressed bid dispersion; compression=1.70; bids=6
V0072,economic,economic:T00009,0.3065223287428631,1.0,0.0,0.2452178629942905,0.95,unusually compressed bid dispersion; compression=1.52; bids=10
V0072,economic,economic:T00017,0.2809531096338287,1.0,0.0,0.22476248770706297,0.95,unusually compressed bid dispersion; compression=1.70; bids=6
V0072,economic,economic:T02330,0.2419366895634603,1.0,0.0,0.19354935165076825,0.95,unusually compressed bid dispersion; compression=1.68; bids=4
V0073,economic,economic:T00009,0.3065223287428631,1.0,0.0,0.2452178629942905,0.95,unusually compressed bid dispersion; compression=1.52; bids=10
V0073,economic,economic:T00017,0.2809531096338287,1.0,0.0,0.22476248770706297,0.95,unusually compressed bid dispersion; compression=1.70; bids=6
V0074,economic,economic:T00009,0.3065223287428631,1.0,0.0,0.2452178629942905,0.95,unusually compressed bid dispersion; compression=1.52; bids=10
V0074,economic,economic:T00017,0.2809531096338287,1.0,0.0,0.22476248770706297,0.95,unusually compressed bid dispersion; compression=1.70; bids=6
V0077,economic,economic:T01203,0.2369387236177029,1.0,0.0,0.18955097889416234,0.95,unusually compressed bid dispersion; compression=1.03; bids=9
V0077,economic,economic:T02359,0.2814939979209939,1.0,0.0,0.22519519833679513,0.95,unusually compressed bid dispersion; compression=1.85; bids=5
V0078,economic,economic:T00377,0.2804592016961378,1.0,0.0,0.22436736135691027,0.95,unusually compressed bid dispersion; compression=0.97; bids=9
V0078,economic,economic:T01855,0.2708093651658989,1.0,0.0,0.2166474921327191,0.95,unusually compressed bid dispersion; compression=1.42; bids=7
V0080,economic,economic:T00040,0.2295498239155158,1.0,0.0,0.18363985913241265,0.95,unusually compressed bid dispersion; compression=1.12; bids=7
V0082,economic,economic:T00235,0.2820385099795364,1.0,0.0,0.2256308079836291,0.95,unusually compressed bid dispersion; compression=1.24; bids=10
V0086,economic,economic:T00008,0.225689667410267,1.0,0.0,0.1805517339282136,0.95,unusually compressed bid dispersion; compression=1.33; bids=4
V0086,economic,economic:T00891,0.2211532324914753,1.0,0.0,0.17692258599318025,0.95,unusually compressed bid dispersion; compression=1.10; bids=5
V0088,economic,economic:T00226,0.2301533555666935,1.0,0.0,0.1841226844533548,0.95,unusually compressed bid dispersion; compression=0.91; bids=6
V0088,economic,economic:T01375,0.2628233782560258,1.0,0.0,0.21025870260482066,0.95,unusually compressed bid dispersion; compression=1.23; bids=7
V0088,economic,economic:T02084,0.2807105554214358,1.0,0.0,0.22456844433714865,0.95,unusually compressed bid dispersion; compression=1.74; bids=7
V0090,economic,economic:T01908,0.2225973025365653,1.0,0.0,0.17807784202925225,0.95,unusually compressed bid dispersion; compression=1.07; bids=7
V0091,economic,economic:T00040,0.2295498239155158,1.0,0.0,0.18363985913241265,0.95,unusually compressed bid dispersion; compression=1.12; bids=7
V0091,economic,economic:T01111,0.2391474921966492,1.0,0.0,0.19131799375731937,0.95,unusually compressed bid dispersion; compression=1.23; bids=5
V0091,economic,economic:T02140,0.2412619956766548,1.0,0.0,0.19300959654132385,0.95,unusually compressed bid dispersion; compression=1.34; bids=6
V0091,economic,economic:T02434,0.2493221984313735,1.0,0.0,0.1994577587450988,0.95,unusually compressed bid dispersion; compression=1.06; bids=10
V0093,economic,economic:T00726,0.2589679262146378,1.0,0.0,0.20717434097171028,0.95,unusually compressed bid dispersion; compression=1.45; bids=8
V0093,economic,economic:T01981,0.2732378994432634,1.0,0.0,0.21859031955461072,0.95,unusually compressed bid dispersion; compression=1.45; bids=6
V0097,economic,economic:T02354,0.2646104014146996,1.0,0.0,0.2116883211317597,0.95,unusually compressed bid dispersion; compression=1.40; bids=6
V0100,economic,economic:T02330,0.2419366895634603,1.0,0.0,0.19354935165076825,0.95,unusually compressed bid dispersion; compression=1.68; bids=4
V0104,economic,economic:T01576,0.3371372050121109,1.0,0.0,0.26970976400968877,0.95,unusually compressed bid dispersion; compression=1.49; bids=9
V0106,economic,economic:T01203,0.2369387236177029,1.0,0.0,0.18955097889416234,0.95,unusually compressed bid dispersion; compression=1.03; bids=9
V0106,economic,economic:T01540,0.2314859041995622,1.0,0.0,0.18518872335964975,0.95,unusually compressed bid dispersion; compression=1.66; bids=4
V0113,economic,economic:T00387,0.2457380649349068,1.0,0.0,0.19659045194792546,0.95,unusually compressed bid dispersion; compression=1.70; bids=5
V0117,economic,economic:T02463,0.2313609142457056,1.0,0.0,0.18508873139656448,0.95,unusually compressed bid dispersion; compression=0.96; bids=10
V0119,economic,economic:T00387,0.2457380649349068,1.0,0.0,0.19659045194792546,0.95,unusually compressed bid dispersion; compression=1.70; bids=5
V0119,economic,economic:T01203,0.2369387236177029,1.0,0.0,0.18955097889416234,0.95,unusually compressed bid dispersion; compression=1.03; bids=9
V0119,economic,economic:T01576,0.3371372050121109,1.0,0.0,0.26970976400968877,0.95,unusually compressed bid dispersion; compression=1.49; bids=9
V0119,economic,economic:T01908,0.2225973025365653,1.0,0.0,0.17807784202925225,0.95,unusually compressed bid dispersion; compression=1.07; bids=7
V0119,economic,economic:T02374,0.2231820277749463,1.0,0.0,0.17854562221995707,0.95,unusually compressed bid dispersion; compression=1.56; bids=10
V0120,economic,economic:T00287,0.220453978889504,1.0,0.0,0.1763631831116032,0.95,unusually compressed bid dispersion; compression=2.50; bids=3
V0122,economic,economic:T00697,0.2742976873287828,1.0,0.0,0.21943814986302623,0.95,unusually compressed bid dispersion; compression=1.44; bids=7
V0122,economic,economic:T02463,0.2313609142457056,1.0,0.0,0.18508873139656448,0.95,unusually compressed bid dispersion; compression=0.96; bids=10
V0123,economic,economic:T01827,0.2284385463268036,1.0,0.0,0.1827508370614429,0.95,unusually compressed bid dispersion; compression=0.73; bids=9
V0125,economic,economic:T00234,0.2403173517078662,1.0,0.0,0.19225388136629296,0.95,unusually compressed bid dispersion; compression=0.98; bids=6
V0126,economic,economic:T02084,0.2807105554214358,1.0,0.0,0.22456844433714865,0.95,unusually compressed bid dispersion; compression=1.74; bids=7
V0127,economic,economic:T00718,0.2223201379231059,1.0,0.0,0.17785611033848472,0.95,unusually compressed bid dispersion; compression=0.95; bids=7
V0127,economic,economic:T02273,0.2587766277814485,1.0,0.0,0.2070213022251588,0.95,unusually compressed bid dispersion; compression=1.01; bids=9
V0130,economic,economic:T00009,0.3065223287428631,1.0,0.0,0.2452178629942905,0.95,unusually compressed bid dispersion; compression=1.52; bids=10
V0132,economic,economic:T00697,0.2742976873287828,1.0,0.0,0.21943814986302623,0.95,unusually compressed bid dispersion; compression=1.44; bids=7
V0132,economic,economic:T00718,0.2223201379231059,1.0,0.0,0.17785611033848472,0.95,unusually compressed bid dispersion; compression=0.95; bids=7
V0132,economic,economic:T02463,0.2313609142457056,1.0,0.0,0.18508873139656448,0.95,unusually compressed bid dispersion; compression=0.96; bids=10
V0133,economic,economic:T00368,0.3061993316019484,1.0,0.0,0.24495946528155874,0.95,unusually compressed bid dispersion; compression=1.58; bids=6
V0134,economic,economic:T00008,0.225689667410267,1.0,0.0,0.1805517339282136,0.95,unusually compressed bid dispersion; compression=1.33; bids=4
V0135,economic,economic:T00235,0.2820385099795364,1.0,0.0,0.2256308079836291,0.95,unusually compressed bid dispersion; compression=1.24; bids=10
V0135,economic,economic:T02463,0.2313609142457056,1.0,0.0,0.18508873139656448,0.95,unusually compressed bid dispersion; compression=0.96; bids=10
V0136,economic,economic:T01908,0.2225973025365653,1.0,0.0,0.17807784202925225,0.95,unusually compressed bid dispersion; compression=1.07; bids=7
V0137,economic,economic:T00234,0.2403173517078662,1.0,0.0,0.19225388136629296,0.95,unusually compressed bid dispersion; compression=0.98; bids=6
V0137,economic,economic:T00969,0.2403583783377215,1.0,0.0,0.19228670267017722,0.95,unusually compressed bid dispersion; compression=1.07; bids=9
V0138,economic,economic:T02273,0.2587766277814485,1.0,0.0,0.2070213022251588,0.95,unusually compressed bid dispersion; compression=1.01; bids=9
V0141,economic,economic:T02346,0.2208937525151801,1.0,0.0,0.17671500201214407,0.95,unusually compressed bid dispersion; compression=0.80; bids=7
V0141,economic,economic:T02359,0.2814939979209939,1.0,0.0,0.22519519833679513,0.95,unusually compressed bid dispersion; compression=1.85; bids=5
V0144,economic,economic:T00271,0.2271479359968593,1.0,0.0,0.18171834879748747,0.95,unusually compressed bid dispersion; compression=1.91; bids=4
V0145,economic,economic:T02335,0.2659885524098878,1.0,0.0,0.21279084192791023,0.95,unusually compressed bid dispersion; compression=1.28; bids=8
V0149,economic,economic:T02346,0.2208937525151801,1.0,0.0,0.17671500201214407,0.95,unusually compressed bid dispersion; compression=0.80; bids=7
V0150,economic,economic:T00235,0.2820385099795364,1.0,0.0,0.2256308079836291,0.95,unusually compressed bid dispersion; compression=1.24; bids=10
V0150,economic,economic:T01817,0.2531264537511136,1.0,0.0,0.20250116300089088,0.95,unusually compressed bid dispersion; compression=0.91; bids=7
V0158,economic,economic:T01817,0.2531264537511136,1.0,0.0,0.20250116300089088,0.95,unusually compressed bid dispersion; compression=0.91; bids=7
V0159,economic,economic:T00740,0.2642101421487149,1.0,0.0,0.21136811371897193,0.95,unusually compressed bid dispersion; compression=1.26; bids=8
V0161,economic,economic:T02434,0.2493221984313735,1.0,0.0,0.1994577587450988,0.95,unusually compressed bid dispersion; compression=1.06; bids=10
V0162,economic,economic:T01710,0.23133021735982,1.0,0.0,0.185064173887856,0.95,unusually compressed bid dispersion; compression=0.90; bids=8
V0163,economic,economic:T00234,0.2403173517078662,1.0,0.0,0.19225388136629296,0.95,unusually compressed bid dispersion; compression=0.98; bids=6
V0164,economic,economic:T01534,0.2907390143080398,1.0,0.0,0.23259121144643183,0.95,unusually compressed bid dispersion; compression=1.64; bids=6
V0164,economic,economic:T01576,0.3371372050121109,1.0,0.0,0.26970976400968877,0.95,unusually compressed bid dispersion; compression=1.49; bids=9
V0166,economic,economic:T00726,0.2589679262146378,1.0,0.0,0.20717434097171028,0.95,unusually compressed bid dispersion; compression=1.45; bids=8
V0166,economic,economic:T01375,0.2628233782560258,1.0,0.0,0.21025870260482066,0.95,unusually compressed bid dispersion; compression=1.23; bids=7
V0166,economic,economic:T02273,0.2587766277814485,1.0,0.0,0.2070213022251588,0.95,unusually compressed bid dispersion; compression=1.01; bids=9
V0168,economic,economic:T01908,0.2225973025365653,1.0,0.0,0.17807784202925225,0.95,unusually compressed bid dispersion; compression=1.07; bids=7
V0168,economic,economic:T02346,0.2208937525151801,1.0,0.0,0.17671500201214407,0.95,unusually compressed bid dispersion; compression=0.80; bids=7
V0169,economic,economic:T01601,0.2327848209010737,1.0,0.0,0.18622785672085895,0.95,unusually compressed bid dispersion; compression=0.88; bids=8
V0169,economic,economic:T01817,0.2531264537511136,1.0,0.0,0.20250116300089088,0.95,unusually compressed bid dispersion; compression=0.91; bids=7
V0169,economic,economic:T02152,0.2932632387640775,1.0,0.0,0.23461059101126203,0.95,unusually compressed bid dispersion; compression=1.29; bids=8
V0172,economic,economic:T00017,0.2809531096338287,1.0,0.0,0.22476248770706297,0.95,unusually compressed bid dispersion; compression=1.70; bids=6
V0175,economic,economic:T00205,0.2974108743922871,1.0,0.0,0.23792869951382967,0.95,unusually compressed bid dispersion; compression=1.58; bids=7
V0176,economic,economic:T00235,0.2820385099795364,1.0,0.0,0.2256308079836291,0.95,unusually compressed bid dispersion; compression=1.24; bids=10
V0176,economic,economic:T02099,0.242980597206784,1.0,0.0,0.19438447776542722,0.95,unusually compressed bid dispersion; compression=0.93; bids=9
V0179,economic,economic:T01375,0.2628233782560258,1.0,0.0,0.21025870260482066,0.95,unusually compressed bid dispersion; compression=1.23; bids=7
V0182,economic,economic:T02187,0.2507962952357588,1.0,0.0,0.20063703618860707,0.95,unusually compressed bid dispersion; compression=1.76; bids=5
V0182,economic,economic:T02434,0.2493221984313735,1.0,0.0,0.1994577587450988,0.95,unusually compressed bid dispersion; compression=1.06; bids=10
V0184,economic,economic:T00387,0.2457380649349068,1.0,0.0,0.19659045194792546,0.95,unusually compressed bid dispersion; compression=1.70; bids=5
V0185,economic,economic:T00287,0.220453978889504,1.0,0.0,0.1763631831116032,0.95,unusually compressed bid dispersion; compression=2.50; bids=3
V0185,economic,economic:T01043,0.2969173233375408,1.0,0.0,0.23753385867003263,0.95,unusually compressed bid dispersion; compression=1.86; bids=6
V0186,economic,economic:T00726,0.2589679262146378,1.0,0.0,0.20717434097171028,0.95,unusually compressed bid dispersion; compression=1.45; bids=8
V0186,economic,economic:T02434,0.2493221984313735,1.0,0.0,0.1994577587450988,0.95,unusually compressed bid dispersion; compression=1.06; bids=10
V0187,economic,economic:T00377,0.2804592016961378,1.0,0.0,0.22436736135691027,0.95,unusually compressed bid dispersion; compression=0.97; bids=9
V0188,economic,economic:T00681,0.2621757782810583,1.0,0.0,0.20974062262484666,0.95,unusually compressed bid dispersion; compression=2.34; bids=4
V0188,economic,economic:T02099,0.242980597206784,1.0,0.0,0.19438447776542722,0.95,unusually compressed bid dispersion; compression=0.93; bids=9
V0188,economic,economic:T02463,0.2313609142457056,1.0,0.0,0.18508873139656448,0.95,unusually compressed bid dispersion; compression=0.96; bids=10
V0191,economic,economic:T00368,0.3061993316019484,1.0,0.0,0.24495946528155874,0.95,unusually compressed bid dispersion; compression=1.58; bids=6
V0193,economic,economic:T00009,0.3065223287428631,1.0,0.0,0.2452178629942905,0.95,unusually compressed bid dispersion; compression=1.52; bids=10
V0195,economic,economic:T00414,0.3968095136311,1.0,0.0,0.31744761090488005,0.95,unusually compressed bid dispersion; compression=2.03; bids=9
V0195,economic,economic:T01981,0.2732378994432634,1.0,0.0,0.21859031955461072,0.95,unusually compressed bid dispersion; compression=1.45; bids=6
V0197,economic,economic:T00093,0.2564714990498798,1.0,0.0,0.20517719923990385,0.95,unusually compressed bid dispersion; compression=1.17; bids=7
V0199,economic,economic:T00033,0.2437792831267134,1.0,0.0,0.19502342650137072,0.95,unusually compressed bid dispersion; compression=1.29; bids=5
V0199,economic,economic:T01710,0.23133021735982,1.0,0.0,0.185064173887856,0.95,unusually compressed bid dispersion; compression=0.90; bids=8
V0201,economic,economic:T02434,0.2493221984313735,1.0,0.0,0.1994577587450988,0.95,unusually compressed bid dispersion; compression=1.06; bids=10
V0202,economic,economic:T02346,0.2208937525151801,1.0,0.0,0.17671500201214407,0.95,unusually compressed bid dispersion; compression=0.80; bids=7
V0204,economic,economic:T01534,0.2907390143080398,1.0,0.0,0.23259121144643183,0.95,unusually compressed bid dispersion; compression=1.64; bids=6
V0204,economic,economic:T02359,0.2814939979209939,1.0,0.0,0.22519519833679513,0.95,unusually compressed bid dispersion; compression=1.85; bids=5
V0207,economic,economic:T00235,0.2820385099795364,1.0,0.0,0.2256308079836291,0.95,unusually compressed bid dispersion; compression=1.24; bids=10
V0209,economic,economic:T00031,0.2344656947956059,1.0,0.0,0.18757255583648472,0.95,unusually compressed bid dispersion; compression=1.75; bids=4
V0211,economic,economic:T02030,0.233849975510677,1.0,0.0,0.1870799804085416,0.95,unusually compressed bid dispersion; compression=1.28; bids=6
V0213,economic,economic:T01710,0.23133021735982,1.0,0.0,0.185064173887856,0.95,unusually compressed bid dispersion; compression=0.90; bids=8
V0215,economic,economic:T00205,0.2974108743922871,1.0,0.0,0.23792869951382967,0.95,unusually compressed bid dispersion; compression=1.58; bids=7
V0215,economic,economic:T01710,0.23133021735982,1.0,0.0,0.185064173887856,0.95,unusually compressed bid dispersion; compression=0.90; bids=8
V0218,economic,economic:T02152,0.2932632387640775,1.0,0.0,0.23461059101126203,0.95,unusually compressed bid dispersion; compression=1.29; bids=8
V0219,economic,economic:T01981,0.2732378994432634,1.0,0.0,0.21859031955461072,0.95,unusually compressed bid dispersion; compression=1.45; bids=6
V0219,economic,economic:T02360,0.2357479142570125,1.0,0.0,0.18859833140561,0.95,unusually compressed bid dispersion; compression=1.53; bids=5
V0220,economic,economic:T00377,0.2804592016961378,1.0,0.0,0.22436736135691027,0.95,unusually compressed bid dispersion; compression=0.97; bids=9
V0224,economic,economic:T00740,0.2642101421487149,1.0,0.0,0.21136811371897193,0.95,unusually compressed bid dispersion; compression=1.26; bids=8
V0224,economic,economic:T01043,0.2969173233375408,1.0,0.0,0.23753385867003263,0.95,unusually compressed bid dispersion; compression=1.86; bids=6
V0228,economic,economic:T00093,0.2564714990498798,1.0,0.0,0.20517719923990385,0.95,unusually compressed bid dispersion; compression=1.17; bids=7
V0230,economic,economic:T00226,0.2301533555666935,1.0,0.0,0.1841226844533548,0.95,unusually compressed bid dispersion; compression=0.91; bids=6
V0230,economic,economic:T01342,0.2472700816411283,1.0,0.0,0.19781606531290263,0.95,unusually compressed bid dispersion; compression=1.12; bids=5
V0230,economic,economic:T01375,0.2628233782560258,1.0,0.0,0.21025870260482066,0.95,unusually compressed bid dispersion; compression=1.23; bids=7
V0239,economic,economic:T02335,0.2659885524098878,1.0,0.0,0.21279084192791023,0.95,unusually compressed bid dispersion; compression=1.28; bids=8
V0241,economic,economic:T00681,0.2621757782810583,1.0,0.0,0.20974062262484666,0.95,unusually compressed bid dispersion; compression=2.34; bids=4
V0242,economic,economic:T02273,0.2587766277814485,1.0,0.0,0.2070213022251588,0.95,unusually compressed bid dispersion; compression=1.01; bids=9
V0243,economic,economic:T00096,0.2510056620323475,1.0,0.0,0.200804529625878,0.95,unusually compressed bid dispersion; compression=2.00; bids=4
V0244,economic,economic:T00681,0.2621757782810583,1.0,0.0,0.20974062262484666,0.95,unusually compressed bid dispersion; compression=2.34; bids=4
V0244,economic,economic:T00718,0.2223201379231059,1.0,0.0,0.17785611033848472,0.95,unusually compressed bid dispersion; compression=0.95; bids=7
V0245,economic,economic:T02140,0.2412619956766548,1.0,0.0,0.19300959654132385,0.95,unusually compressed bid dispersion; compression=1.34; bids=6
V0245,economic,economic:T02335,0.2659885524098878,1.0,0.0,0.21279084192791023,0.95,unusually compressed bid dispersion; compression=1.28; bids=8
V0245,economic,economic:T02434,0.2493221984313735,1.0,0.0,0.1994577587450988,0.95,unusually compressed bid dispersion; compression=1.06; bids=10
V0248,economic,economic:T00681,0.2621757782810583,1.0,0.0,0.20974062262484666,0.95,unusually compressed bid dispersion; compression=2.34; bids=4
V0249,economic,economic:T00726,0.2589679262146378,1.0,0.0,0.20717434097171028,0.95,unusually compressed bid dispersion; compression=1.45; bids=8
V0249,economic,economic:T01601,0.2327848209010737,1.0,0.0,0.18622785672085895,0.95,unusually compressed bid dispersion; compression=0.88; bids=8
V0249,economic,economic:T01981,0.2732378994432634,1.0,0.0,0.21859031955461072,0.95,unusually compressed bid dispersion; compression=1.45; bids=6
V0250,economic,economic:T00368,0.3061993316019484,1.0,0.0,0.24495946528155874,0.95,unusually compressed bid dispersion; compression=1.58; bids=6
V0250,economic,economic:T02098,0.2920291877964832,1.0,0.0,0.23362335023718656,0.95,unusually compressed bid dispersion; compression=2.43; bids=5
V0251,economic,economic:T00377,0.2804592016961378,1.0,0.0,0.22436736135691027,0.95,unusually compressed bid dispersion; compression=0.97; bids=9
V0251,economic,economic:T02084,0.2807105554214358,1.0,0.0,0.22456844433714865,0.95,unusually compressed bid dispersion; compression=1.74; bids=7
V0254,economic,economic:T00414,0.3968095136311,1.0,0.0,0.31744761090488005,0.95,unusually compressed bid dispersion; compression=2.03; bids=9
V0254,economic,economic:T02354,0.2646104014146996,1.0,0.0,0.2116883211317597,0.95,unusually compressed bid dispersion; compression=1.40; bids=6
V0254,economic,economic:T02360,0.2357479142570125,1.0,0.0,0.18859833140561,0.95,unusually compressed bid dispersion; compression=1.53; bids=5
V0255,economic,economic:T01043,0.2969173233375408,1.0,0.0,0.23753385867003263,0.95,unusually compressed bid dispersion; compression=1.86; bids=6
V0255,economic,economic:T02140,0.2412619956766548,1.0,0.0,0.19300959654132385,0.95,unusually compressed bid dispersion; compression=1.34; bids=6
V0256,economic,economic:T00382,0.2240674900799135,1.0,0.0,0.1792539920639308,0.95,unusually compressed bid dispersion; compression=1.42; bids=5
V0256,economic,economic:T01817,0.2531264537511136,1.0,0.0,0.20250116300089088,0.95,unusually compressed bid dispersion; compression=0.91; bids=7
V0256,economic,economic:T01903,0.2403287640593322,1.0,0.0,0.19226301124746578,0.95,unusually compressed bid dispersion; compression=1.45; bids=5
V0262,economic,economic:T01203,0.2369387236177029,1.0,0.0,0.18955097889416234,0.95,unusually compressed bid dispersion; compression=1.03; bids=9
V0262,economic,economic:T01576,0.3371372050121109,1.0,0.0,0.26970976400968877,0.95,unusually compressed bid dispersion; compression=1.49; bids=9
V0262,economic,economic:T01908,0.2225973025365653,1.0,0.0,0.17807784202925225,0.95,unusually compressed bid dispersion; compression=1.07; bids=7
V0263,economic,economic:T00093,0.2564714990498798,1.0,0.0,0.20517719923990385,0.95,unusually compressed bid dispersion; compression=1.17; bids=7
V0266,economic,economic:T01856,0.2417840505271662,1.0,0.0,0.19342724042173298,0.95,unusually compressed bid dispersion; compression=1.89; bids=4
V0267,economic,economic:T00697,0.2742976873287828,1.0,0.0,0.21943814986302623,0.95,unusually compressed bid dispersion; compression=1.44; bids=7
V0269,economic,economic:T00726,0.2589679262146378,1.0,0.0,0.20717434097171028,0.95,unusually compressed bid dispersion; compression=1.45; bids=8
V0275,economic,economic:T00093,0.2564714990498798,1.0,0.0,0.20517719923990385,0.95,unusually compressed bid dispersion; compression=1.17; bids=7
V0275,economic,economic:T01601,0.2327848209010737,1.0,0.0,0.18622785672085895,0.95,unusually compressed bid dispersion; compression=0.88; bids=8
V0275,economic,economic:T02195,0.2366454205766344,1.0,0.0,0.18931633646130752,0.95,unusually compressed bid dispersion; compression=1.55; bids=5
V0276,economic,economic:T01981,0.2732378994432634,1.0,0.0,0.21859031955461072,0.95,unusually compressed bid dispersion; compression=1.45; bids=6
V0277,economic,economic:T01856,0.2417840505271662,1.0,0.0,0.19342724042173298,0.95,unusually compressed bid dispersion; compression=1.89; bids=4
V0278,economic,economic:T01827,0.2284385463268036,1.0,0.0,0.1827508370614429,0.95,unusually compressed bid dispersion; compression=0.73; bids=9
V0280,economic,economic:T02099,0.242980597206784,1.0,0.0,0.19438447776542722,0.95,unusually compressed bid dispersion; compression=0.93; bids=9
V0281,economic,economic:T00033,0.2437792831267134,1.0,0.0,0.19502342650137072,0.95,unusually compressed bid dispersion; compression=1.29; bids=5
V0284,economic,economic:T02273,0.2587766277814485,1.0,0.0,0.2070213022251588,0.95,unusually compressed bid dispersion; compression=1.01; bids=9
V0286,economic,economic:T01534,0.2907390143080398,1.0,0.0,0.23259121144643183,0.95,unusually compressed bid dispersion; compression=1.64; bids=6
V0286,economic,economic:T01540,0.2314859041995622,1.0,0.0,0.18518872335964975,0.95,unusually compressed bid dispersion; compression=1.66; bids=4
V0286,economic,economic:T02346,0.2208937525151801,1.0,0.0,0.17671500201214407,0.95,unusually compressed bid dispersion; compression=0.80; bids=7
V0288,economic,economic:T00033,0.2437792831267134,1.0,0.0,0.19502342650137072,0.95,unusually compressed bid dispersion; compression=1.29; bids=5
V0288,economic,economic:T00235,0.2820385099795364,1.0,0.0,0.2256308079836291,0.95,unusually compressed bid dispersion; compression=1.24; bids=10
V0289,economic,economic:T00377,0.2804592016961378,1.0,0.0,0.22436736135691027,0.95,unusually compressed bid dispersion; compression=0.97; bids=9
V0293,economic,economic:T01710,0.23133021735982,1.0,0.0,0.185064173887856,0.95,unusually compressed bid dispersion; compression=0.90; bids=8
V0294,economic,economic:T02195,0.2366454205766344,1.0,0.0,0.18931633646130752,0.95,unusually compressed bid dispersion; compression=1.55; bids=5
V0295,economic,economic:T02374,0.2231820277749463,1.0,0.0,0.17854562221995707,0.95,unusually compressed bid dispersion; compression=1.56; bids=10
V0296,economic,economic:T01118,0.2412492067747155,1.0,0.0,0.19299936541977242,0.95,unusually compressed bid dispersion; compression=1.46; bids=5
V0298,economic,economic:T01710,0.23133021735982,1.0,0.0,0.185064173887856,0.95,unusually compressed bid dispersion; compression=0.90; bids=8
V0298,economic,economic:T02354,0.2646104014146996,1.0,0.0,0.2116883211317597,0.95,unusually compressed bid dispersion; compression=1.40; bids=6
V0299,economic,economic:T00969,0.2403583783377215,1.0,0.0,0.19228670267017722,0.95,unusually compressed bid dispersion; compression=1.07; bids=9
V0300,economic,economic:T00368,0.3061993316019484,1.0,0.0,0.24495946528155874,0.95,unusually compressed bid dispersion; compression=1.58; bids=6
V0301,economic,economic:T01981,0.2732378994432634,1.0,0.0,0.21859031955461072,0.95,unusually compressed bid dispersion; compression=1.45; bids=6
V0301,economic,economic:T02463,0.2313609142457056,1.0,0.0,0.18508873139656448,0.95,unusually compressed bid dispersion; compression=0.96; bids=10
V0303,economic,economic:T01111,0.2391474921966492,1.0,0.0,0.19131799375731937,0.95,unusually compressed bid dispersion; compression=1.23; bids=5
V0303,economic,economic:T01375,0.2628233782560258,1.0,0.0,0.21025870260482066,0.95,unusually compressed bid dispersion; compression=1.23; bids=7
V0303,economic,economic:T01766,0.2381977263063957,1.0,0.0,0.19055818104511657,0.95,unusually compressed bid dispersion; compression=1.48; bids=6
V0304,economic,economic:T01601,0.2327848209010737,1.0,0.0,0.18622785672085895,0.95,unusually compressed bid dispersion; compression=0.88; bids=8
V0307,economic,economic:T02374,0.2231820277749463,1.0,0.0,0.17854562221995707,0.95,unusually compressed bid dispersion; compression=1.56; bids=10
V0308,economic,economic:T00246,0.256799629859173,1.0,0.0,0.2054397038873384,0.95,unusually compressed bid dispersion; compression=1.35; bids=6
V0309,economic,economic:T00235,0.2820385099795364,1.0,0.0,0.2256308079836291,0.95,unusually compressed bid dispersion; compression=1.24; bids=10
V0309,economic,economic:T00414,0.3968095136311,1.0,0.0,0.31744761090488005,0.95,unusually compressed bid dispersion; compression=2.03; bids=9
V0309,economic,economic:T01827,0.2284385463268036,1.0,0.0,0.1827508370614429,0.95,unusually compressed bid dispersion; compression=0.73; bids=9
V0309,economic,economic:T02030,0.233849975510677,1.0,0.0,0.1870799804085416,0.95,unusually compressed bid dispersion; compression=1.28; bids=6
V0310,economic,economic:T00718,0.2223201379231059,1.0,0.0,0.17785611033848472,0.95,unusually compressed bid dispersion; compression=0.95; bids=7
V0313,economic,economic:T00377,0.2804592016961378,1.0,0.0,0.22436736135691027,0.95,unusually compressed bid dispersion; compression=0.97; bids=9
V0313,economic,economic:T01043,0.2969173233375408,1.0,0.0,0.23753385867003263,0.95,unusually compressed bid dispersion; compression=1.86; bids=6
V0317,economic,economic:T00226,0.2301533555666935,1.0,0.0,0.1841226844533548,0.95,unusually compressed bid dispersion; compression=0.91; bids=6
V0317,economic,economic:T01342,0.2472700816411283,1.0,0.0,0.19781606531290263,0.95,unusually compressed bid dispersion; compression=1.12; bids=5
V0319,economic,economic:T00718,0.2223201379231059,1.0,0.0,0.17785611033848472,0.95,unusually compressed bid dispersion; compression=0.95; bids=7
V0320,economic,economic:T00969,0.2403583783377215,1.0,0.0,0.19228670267017722,0.95,unusually compressed bid dispersion; compression=1.07; bids=9
V0322,economic,economic:T00697,0.2742976873287828,1.0,0.0,0.21943814986302623,0.95,unusually compressed bid dispersion; compression=1.44; bids=7
V0322,economic,economic:T01827,0.2284385463268036,1.0,0.0,0.1827508370614429,0.95,unusually compressed bid dispersion; compression=0.73; bids=9
V0324,economic,economic:T00009,0.3065223287428631,1.0,0.0,0.2452178629942905,0.95,unusually compressed bid dispersion; compression=1.52; bids=10
V0325,economic,economic:T00017,0.2809531096338287,1.0,0.0,0.22476248770706297,0.95,unusually compressed bid dispersion; compression=1.70; bids=6
V0327,economic,economic:T00031,0.2344656947956059,1.0,0.0,0.18757255583648472,0.95,unusually compressed bid dispersion; compression=1.75; bids=4
V0327,economic,economic:T00414,0.3968095136311,1.0,0.0,0.31744761090488005,0.95,unusually compressed bid dispersion; compression=2.03; bids=9
V0327,economic,economic:T00718,0.2223201379231059,1.0,0.0,0.17785611033848472,0.95,unusually compressed bid dispersion; compression=0.95; bids=7
V0330,economic,economic:T02099,0.242980597206784,1.0,0.0,0.19438447776542722,0.95,unusually compressed bid dispersion; compression=0.93; bids=9
V0332,economic,economic:T00040,0.2295498239155158,1.0,0.0,0.18363985913241265,0.95,unusually compressed bid dispersion; compression=1.12; bids=7
V0334,economic,economic:T01856,0.2417840505271662,1.0,0.0,0.19342724042173298,0.95,unusually compressed bid dispersion; compression=1.89; bids=4
V0335,economic,economic:T02195,0.2366454205766344,1.0,0.0,0.18931633646130752,0.95,unusually compressed bid dispersion; compression=1.55; bids=5
V0336,economic,economic:T00246,0.256799629859173,1.0,0.0,0.2054397038873384,0.95,unusually compressed bid dispersion; compression=1.35; bids=6
V0338,economic,economic:T00382,0.2240674900799135,1.0,0.0,0.1792539920639308,0.95,unusually compressed bid dispersion; compression=1.42; bids=5
V0338,economic,economic:T00409,0.2679898074404826,1.0,0.0,0.2143918459523861,0.95,unusually compressed bid dispersion; compression=1.35; bids=6
V0339,economic,economic:T00740,0.2642101421487149,1.0,0.0,0.21136811371897193,0.95,unusually compressed bid dispersion; compression=1.26; bids=8
V0340,economic,economic:T02084,0.2807105554214358,1.0,0.0,0.22456844433714865,0.95,unusually compressed bid dispersion; compression=1.74; bids=7
V0340,economic,economic:T02140,0.2412619956766548,1.0,0.0,0.19300959654132385,0.95,unusually compressed bid dispersion; compression=1.34; bids=6
V0341,economic,economic:T01908,0.2225973025365653,1.0,0.0,0.17807784202925225,0.95,unusually compressed bid dispersion; compression=1.07; bids=7
V0342,economic,economic:T00234,0.2403173517078662,1.0,0.0,0.19225388136629296,0.95,unusually compressed bid dispersion; compression=0.98; bids=6
V0342,economic,economic:T00368,0.3061993316019484,1.0,0.0,0.24495946528155874,0.95,unusually compressed bid dispersion; compression=1.58; bids=6
V0342,economic,economic:T01118,0.2412492067747155,1.0,0.0,0.19299936541977242,0.95,unusually compressed bid dispersion; compression=1.46; bids=5
V0342,economic,economic:T02084,0.2807105554214358,1.0,0.0,0.22456844433714865,0.95,unusually compressed bid dispersion; compression=1.74; bids=7
V0344,economic,economic:T01710,0.23133021735982,1.0,0.0,0.185064173887856,0.95,unusually compressed bid dispersion; compression=0.90; bids=8
V0345,economic,economic:T00740,0.2642101421487149,1.0,0.0,0.21136811371897193,0.95,unusually compressed bid dispersion; compression=1.26; bids=8
V0346,economic,economic:T00377,0.2804592016961378,1.0,0.0,0.22436736135691027,0.95,unusually compressed bid dispersion; compression=0.97; bids=9
V0346,economic,economic:T02084,0.2807105554214358,1.0,0.0,0.22456844433714865,0.95,unusually compressed bid dispersion; compression=1.74; bids=7
V0349,economic,economic:T01342,0.2472700816411283,1.0,0.0,0.19781606531290263,0.95,unusually compressed bid dispersion; compression=1.12; bids=5
V0352,economic,economic:T00031,0.2344656947956059,1.0,0.0,0.18757255583648472,0.95,unusually compressed bid dispersion; compression=1.75; bids=4
V0354,economic,economic:T01534,0.2907390143080398,1.0,0.0,0.23259121144643183,0.95,unusually compressed bid dispersion; compression=1.64; bids=6
V0355,economic,economic:T01203,0.2369387236177029,1.0,0.0,0.18955097889416234,0.95,unusually compressed bid dispersion; compression=1.03; bids=9
V0355,economic,economic:T02374,0.2231820277749463,1.0,0.0,0.17854562221995707,0.95,unusually compressed bid dispersion; compression=1.56; bids=10
V0359,economic,economic:T00377,0.2804592016961378,1.0,0.0,0.22436736135691027,0.95,unusually compressed bid dispersion; compression=0.97; bids=9
V0362,economic,economic:T01766,0.2381977263063957,1.0,0.0,0.19055818104511657,0.95,unusually compressed bid dispersion; compression=1.48; bids=6
V0362,economic,economic:T02354,0.2646104014146996,1.0,0.0,0.2116883211317597,0.95,unusually compressed bid dispersion; compression=1.40; bids=6
V0363,economic,economic:T02099,0.242980597206784,1.0,0.0,0.19438447776542722,0.95,unusually compressed bid dispersion; compression=0.93; bids=9
V0363,economic,economic:T02434,0.2493221984313735,1.0,0.0,0.1994577587450988,0.95,unusually compressed bid dispersion; compression=1.06; bids=10
V0363,economic,economic:T02463,0.2313609142457056,1.0,0.0,0.18508873139656448,0.95,unusually compressed bid dispersion; compression=0.96; bids=10
V0364,economic,economic:T00414,0.3968095136311,1.0,0.0,0.31744761090488005,0.95,unusually compressed bid dispersion; compression=2.03; bids=9
V0366,economic,economic:T00234,0.2403173517078662,1.0,0.0,0.19225388136629296,0.95,unusually compressed bid dispersion; compression=0.98; bids=6
V0367,economic,economic:T00409,0.2679898074404826,1.0,0.0,0.2143918459523861,0.95,unusually compressed bid dispersion; compression=1.35; bids=6
V0369,economic,economic:T00205,0.2974108743922871,1.0,0.0,0.23792869951382967,0.95,unusually compressed bid dispersion; compression=1.58; bids=7
V0369,economic,economic:T00891,0.2211532324914753,1.0,0.0,0.17692258599318025,0.95,unusually compressed bid dispersion; compression=1.10; bids=5
V0370,economic,economic:T00235,0.2820385099795364,1.0,0.0,0.2256308079836291,0.95,unusually compressed bid dispersion; compression=1.24; bids=10
V0370,economic,economic:T00414,0.3968095136311,1.0,0.0,0.31744761090488005,0.95,unusually compressed bid dispersion; compression=2.03; bids=9
V0370,economic,economic:T02273,0.2587766277814485,1.0,0.0,0.2070213022251588,0.95,unusually compressed bid dispersion; compression=1.01; bids=9
V0370,economic,economic:T02463,0.2313609142457056,1.0,0.0,0.18508873139656448,0.95,unusually compressed bid dispersion; compression=0.96; bids=10
V0371,economic,economic:T01855,0.2708093651658989,1.0,0.0,0.2166474921327191,0.95,unusually compressed bid dispersion; compression=1.42; bids=7
V0371,economic,economic:T02084,0.2807105554214358,1.0,0.0,0.22456844433714865,0.95,unusually compressed bid dispersion; compression=1.74; bids=7
V0371,economic,economic:T02187,0.2507962952357588,1.0,0.0,0.20063703618860707,0.95,unusually compressed bid dispersion; compression=1.76; bids=5
V0373,economic,economic:T01342,0.2472700816411283,1.0,0.0,0.19781606531290263,0.95,unusually compressed bid dispersion; compression=1.12; bids=5
V0379,economic,economic:T02273,0.2587766277814485,1.0,0.0,0.2070213022251588,0.95,unusually compressed bid dispersion; compression=1.01; bids=9
V0379,economic,economic:T02360,0.2357479142570125,1.0,0.0,0.18859833140561,0.95,unusually compressed bid dispersion; compression=1.53; bids=5
V0379,economic,economic:T02463,0.2313609142457056,1.0,0.0,0.18508873139656448,0.95,unusually compressed bid dispersion; compression=0.96; bids=10
V0380,economic,economic:T01111,0.2391474921966492,1.0,0.0,0.19131799375731937,0.95,unusually compressed bid dispersion; compression=1.23; bids=5
V0380,economic,economic:T01601,0.2327848209010737,1.0,0.0,0.18622785672085895,0.95,unusually compressed bid dispersion; compression=0.88; bids=8
V0380,economic,economic:T02195,0.2366454205766344,1.0,0.0,0.18931633646130752,0.95,unusually compressed bid dispersion; compression=1.55; bids=5
V0381,economic,economic:T01118,0.2412492067747155,1.0,0.0,0.19299936541977242,0.95,unusually compressed bid dispersion; compression=1.46; bids=5
V0389,economic,economic:T02098,0.2920291877964832,1.0,0.0,0.23362335023718656,0.95,unusually compressed bid dispersion; compression=2.43; bids=5
V0395,economic,economic:T01534,0.2907390143080398,1.0,0.0,0.23259121144643183,0.95,unusually compressed bid dispersion; compression=1.64; bids=6
V0395,economic,economic:T01576,0.3371372050121109,1.0,0.0,0.26970976400968877,0.95,unusually compressed bid dispersion; compression=1.49; bids=9
V0397,economic,economic:T02335,0.2659885524098878,1.0,0.0,0.21279084192791023,0.95,unusually compressed bid dispersion; compression=1.28; bids=8
V0402,economic,economic:T02335,0.2659885524098878,1.0,0.0,0.21279084192791023,0.95,unusually compressed bid dispersion; compression=1.28; bids=8
V0403,economic,economic:T00382,0.2240674900799135,1.0,0.0,0.1792539920639308,0.95,unusually compressed bid dispersion; compression=1.42; bids=5
V0407,economic,economic:T00205,0.2974108743922871,1.0,0.0,0.23792869951382967,0.95,unusually compressed bid dispersion; compression=1.58; bids=7
V0407,economic,economic:T00246,0.256799629859173,1.0,0.0,0.2054397038873384,0.95,unusually compressed bid dispersion; compression=1.35; bids=6
V0407,economic,economic:T02374,0.2231820277749463,1.0,0.0,0.17854562221995707,0.95,unusually compressed bid dispersion; compression=1.56; bids=10
V0408,economic,economic:T02346,0.2208937525151801,1.0,0.0,0.17671500201214407,0.95,unusually compressed bid dispersion; compression=0.80; bids=7
V0410,economic,economic:T00234,0.2403173517078662,1.0,0.0,0.19225388136629296,0.95,unusually compressed bid dispersion; compression=0.98; bids=6
V0411,economic,economic:T02099,0.242980597206784,1.0,0.0,0.19438447776542722,0.95,unusually compressed bid dispersion; compression=0.93; bids=9
V0412,economic,economic:T00033,0.2437792831267134,1.0,0.0,0.19502342650137072,0.95,unusually compressed bid dispersion; compression=1.29; bids=5
V0413,economic,economic:T00031,0.2344656947956059,1.0,0.0,0.18757255583648472,0.95,unusually compressed bid dispersion; compression=1.75; bids=4
V0413,economic,economic:T01827,0.2284385463268036,1.0,0.0,0.1827508370614429,0.95,unusually compressed bid dispersion; compression=0.73; bids=9
V0413,economic,economic:T02030,0.233849975510677,1.0,0.0,0.1870799804085416,0.95,unusually compressed bid dispersion; compression=1.28; bids=6
V0414,economic,economic:T02099,0.242980597206784,1.0,0.0,0.19438447776542722,0.95,unusually compressed bid dispersion; compression=0.93; bids=9
V0415,economic,economic:T00740,0.2642101421487149,1.0,0.0,0.21136811371897193,0.95,unusually compressed bid dispersion; compression=1.26; bids=8
V0417,economic,economic:T00271,0.2271479359968593,1.0,0.0,0.18171834879748747,0.95,unusually compressed bid dispersion; compression=1.91; bids=4
V0419,economic,economic:T00093,0.2564714990498798,1.0,0.0,0.20517719923990385,0.95,unusually compressed bid dispersion; compression=1.17; bids=7
V0419,economic,economic:T02195,0.2366454205766344,1.0,0.0,0.18931633646130752,0.95,unusually compressed bid dispersion; compression=1.55; bids=5
V0420,economic,economic:T02359,0.2814939979209939,1.0,0.0,0.22519519833679513,0.95,unusually compressed bid dispersion; compression=1.85; bids=5
V0421,economic,economic:T01855,0.2708093651658989,1.0,0.0,0.2166474921327191,0.95,unusually compressed bid dispersion; compression=1.42; bids=7
V0422,economic,economic:T01766,0.2381977263063957,1.0,0.0,0.19055818104511657,0.95,unusually compressed bid dispersion; compression=1.48; bids=6
V0422,economic,economic:T02152,0.2932632387640775,1.0,0.0,0.23461059101126203,0.95,unusually compressed bid dispersion; compression=1.29; bids=8
V0426,economic,economic:T00740,0.2642101421487149,1.0,0.0,0.21136811371897193,0.95,unusually compressed bid dispersion; compression=1.26; bids=8
V0426,economic,economic:T01440,0.2282051718444979,1.0,0.0,0.18256413747559833,0.95,unusually compressed bid dispersion; compression=2.09; bids=4
V0434,economic,economic:T00409,0.2679898074404826,1.0,0.0,0.2143918459523861,0.95,unusually compressed bid dispersion; compression=1.35; bids=6
V0437,economic,economic:T00009,0.3065223287428631,1.0,0.0,0.2452178629942905,0.95,unusually compressed bid dispersion; compression=1.52; bids=10
V0437,economic,economic:T00740,0.2642101421487149,1.0,0.0,0.21136811371897193,0.95,unusually compressed bid dispersion; compression=1.26; bids=8
V0438,economic,economic:T01043,0.2969173233375408,1.0,0.0,0.23753385867003263,0.95,unusually compressed bid dispersion; compression=1.86; bids=6
V0439,economic,economic:T01203,0.2369387236177029,1.0,0.0,0.18955097889416234,0.95,unusually compressed bid dispersion; compression=1.03; bids=9
V0445,economic,economic:T00969,0.2403583783377215,1.0,0.0,0.19228670267017722,0.95,unusually compressed bid dispersion; compression=1.07; bids=9
V0445,economic,economic:T02330,0.2419366895634603,1.0,0.0,0.19354935165076825,0.95,unusually compressed bid dispersion; compression=1.68; bids=4
V0447,economic,economic:T01576,0.3371372050121109,1.0,0.0,0.26970976400968877,0.95,unusually compressed bid dispersion; compression=1.49; bids=9
V0448,economic,economic:T00096,0.2510056620323475,1.0,0.0,0.200804529625878,0.95,unusually compressed bid dispersion; compression=2.00; bids=4
V0448,economic,economic:T01540,0.2314859041995622,1.0,0.0,0.18518872335964975,0.95,unusually compressed bid dispersion; compression=1.66; bids=4
V0451,economic,economic:T00697,0.2742976873287828,1.0,0.0,0.21943814986302623,0.95,unusually compressed bid dispersion; compression=1.44; bids=7
V0451,economic,economic:T02099,0.242980597206784,1.0,0.0,0.19438447776542722,0.95,unusually compressed bid dispersion; compression=0.93; bids=9
V0452,economic,economic:T01203,0.2369387236177029,1.0,0.0,0.18955097889416234,0.95,unusually compressed bid dispersion; compression=1.03; bids=9
V0453,economic,economic:T00093,0.2564714990498798,1.0,0.0,0.20517719923990385,0.95,unusually compressed bid dispersion; compression=1.17; bids=7
V0454,economic,economic:T00205,0.2974108743922871,1.0,0.0,0.23792869951382967,0.95,unusually compressed bid dispersion; compression=1.58; bids=7
V0454,economic,economic:T00271,0.2271479359968593,1.0,0.0,0.18171834879748747,0.95,unusually compressed bid dispersion; compression=1.91; bids=4
V0455,economic,economic:T01855,0.2708093651658989,1.0,0.0,0.2166474921327191,0.95,unusually compressed bid dispersion; compression=1.42; bids=7
V0456,economic,economic:T00891,0.2211532324914753,1.0,0.0,0.17692258599318025,0.95,unusually compressed bid dispersion; compression=1.10; bids=5
V0457,economic,economic:T02273,0.2587766277814485,1.0,0.0,0.2070213022251588,0.95,unusually compressed bid dispersion; compression=1.01; bids=9
V0458,economic,economic:T01903,0.2403287640593322,1.0,0.0,0.19226301124746578,0.95,unusually compressed bid dispersion; compression=1.45; bids=5
V0458,economic,economic:T02335,0.2659885524098878,1.0,0.0,0.21279084192791023,0.95,unusually compressed bid dispersion; compression=1.28; bids=8
V0459,economic,economic:T00246,0.256799629859173,1.0,0.0,0.2054397038873384,0.95,unusually compressed bid dispersion; compression=1.35; bids=6
V0460,economic,economic:T00923,0.2480730206557008,1.0,0.0,0.19845841652456064,0.95,unusually compressed bid dispersion; compression=1.80; bids=4
V0464,economic,economic:T01817,0.2531264537511136,1.0,0.0,0.20250116300089088,0.95,unusually compressed bid dispersion; compression=0.91; bids=7
V0473,economic,economic:T00414,0.3968095136311,1.0,0.0,0.31744761090488005,0.95,unusually compressed bid dispersion; compression=2.03; bids=9
V0476,economic,economic:T00368,0.3061993316019484,1.0,0.0,0.24495946528155874,0.95,unusually compressed bid dispersion; compression=1.58; bids=6
V0483,economic,economic:T00040,0.2295498239155158,1.0,0.0,0.18363985913241265,0.95,unusually compressed bid dispersion; compression=1.12; bids=7
V0483,economic,economic:T00377,0.2804592016961378,1.0,0.0,0.22436736135691027,0.95,unusually compressed bid dispersion; compression=0.97; bids=9
V0483,economic,economic:T01817,0.2531264537511136,1.0,0.0,0.20250116300089088,0.95,unusually compressed bid dispersion; compression=0.91; bids=7
V0483,economic,economic:T02187,0.2507962952357588,1.0,0.0,0.20063703618860707,0.95,unusually compressed bid dispersion; compression=1.76; bids=5
V0485,economic,economic:T01710,0.23133021735982,1.0,0.0,0.185064173887856,0.95,unusually compressed bid dispersion; compression=0.90; bids=8
V0488,economic,economic:T00093,0.2564714990498798,1.0,0.0,0.20517719923990385,0.95,unusually compressed bid dispersion; compression=1.17; bids=7
V0488,economic,economic:T02335,0.2659885524098878,1.0,0.0,0.21279084192791023,0.95,unusually compressed bid dispersion; compression=1.28; bids=8
V0490,economic,economic:T01540,0.2314859041995622,1.0,0.0,0.18518872335964975,0.95,unusually compressed bid dispersion; compression=1.66; bids=4
V0491,economic,economic:T02346,0.2208937525151801,1.0,0.0,0.17671500201214407,0.95,unusually compressed bid dispersion; compression=0.80; bids=7
V0498,economic,economic:T00096,0.2510056620323475,1.0,0.0,0.200804529625878,0.95,unusually compressed bid dispersion; compression=2.00; bids=4
V0498,economic,economic:T01576,0.3371372050121109,1.0,0.0,0.26970976400968877,0.95,unusually compressed bid dispersion; compression=1.49; bids=9
V0498,economic,economic:T01908,0.2225973025365653,1.0,0.0,0.17807784202925225,0.95,unusually compressed bid dispersion; compression=1.07; bids=7
V0499,economic,economic:T01203,0.2369387236177029,1.0,0.0,0.18955097889416234,0.95,unusually compressed bid dispersion; compression=1.03; bids=9
V0502,economic,economic:T00008,0.225689667410267,1.0,0.0,0.1805517339282136,0.95,unusually compressed bid dispersion; compression=1.33; bids=4
V0502,economic,economic:T00205,0.2974108743922871,1.0,0.0,0.23792869951382967,0.95,unusually compressed bid dispersion; compression=1.58; bids=7
V0503,economic,economic:T00008,0.225689667410267,1.0,0.0,0.1805517339282136,0.95,unusually compressed bid dispersion; compression=1.33; bids=4
V0504,economic,economic:T01827,0.2284385463268036,1.0,0.0,0.1827508370614429,0.95,unusually compressed bid dispersion; compression=0.73; bids=9
V0504,economic,economic:T02030,0.233849975510677,1.0,0.0,0.1870799804085416,0.95,unusually compressed bid dispersion; compression=1.28; bids=6
V0505,economic,economic:T01576,0.3371372050121109,1.0,0.0,0.26970976400968877,0.95,unusually compressed bid dispersion; compression=1.49; bids=9
V0509,economic,economic:T00409,0.2679898074404826,1.0,0.0,0.2143918459523861,0.95,unusually compressed bid dispersion; compression=1.35; bids=6
V0510,economic,economic:T01855,0.2708093651658989,1.0,0.0,0.2166474921327191,0.95,unusually compressed bid dispersion; compression=1.42; bids=7
V0511,economic,economic:T00009,0.3065223287428631,1.0,0.0,0.2452178629942905,0.95,unusually compressed bid dispersion; compression=1.52; bids=10
V0511,economic,economic:T02098,0.2920291877964832,1.0,0.0,0.23362335023718656,0.95,unusually compressed bid dispersion; compression=2.43; bids=5
V0512,economic,economic:T00382,0.2240674900799135,1.0,0.0,0.1792539920639308,0.95,unusually compressed bid dispersion; compression=1.42; bids=5
V0513,economic,economic:T00205,0.2974108743922871,1.0,0.0,0.23792869951382967,0.95,unusually compressed bid dispersion; compression=1.58; bids=7
V0516,economic,economic:T01440,0.2282051718444979,1.0,0.0,0.18256413747559833,0.95,unusually compressed bid dispersion; compression=2.09; bids=4
V0520,economic,economic:T00969,0.2403583783377215,1.0,0.0,0.19228670267017722,0.95,unusually compressed bid dispersion; compression=1.07; bids=9
V0521,economic,economic:T01856,0.2417840505271662,1.0,0.0,0.19342724042173298,0.95,unusually compressed bid dispersion; compression=1.89; bids=4
V0523,economic,economic:T00033,0.2437792831267134,1.0,0.0,0.19502342650137072,0.95,unusually compressed bid dispersion; compression=1.29; bids=5
V0523,economic,economic:T00414,0.3968095136311,1.0,0.0,0.31744761090488005,0.95,unusually compressed bid dispersion; compression=2.03; bids=9
V0525,economic,economic:T01043,0.2969173233375408,1.0,0.0,0.23753385867003263,0.95,unusually compressed bid dispersion; compression=1.86; bids=6
V0525,economic,economic:T02187,0.2507962952357588,1.0,0.0,0.20063703618860707,0.95,unusually compressed bid dispersion; compression=1.76; bids=5
V0529,economic,economic:T02359,0.2814939979209939,1.0,0.0,0.22519519833679513,0.95,unusually compressed bid dispersion; compression=1.85; bids=5
V0530,economic,economic:T00722,0.2271084765597585,1.0,0.0,0.1816867812478068,0.95,unusually compressed bid dispersion; compression=1.44; bids=5
V0530,economic,economic:T02434,0.2493221984313735,1.0,0.0,0.1994577587450988,0.95,unusually compressed bid dispersion; compression=1.06; bids=10
V0532,economic,economic:T02152,0.2932632387640775,1.0,0.0,0.23461059101126203,0.95,unusually compressed bid dispersion; compression=1.29; bids=8
V0533,economic,economic:T01601,0.2327848209010737,1.0,0.0,0.18622785672085895,0.95,unusually compressed bid dispersion; compression=0.88; bids=8
V0533,economic,economic:T01766,0.2381977263063957,1.0,0.0,0.19055818104511657,0.95,unusually compressed bid dispersion; compression=1.48; bids=6
V0533,economic,economic:T02335,0.2659885524098878,1.0,0.0,0.21279084192791023,0.95,unusually compressed bid dispersion; compression=1.28; bids=8
V0538,economic,economic:T00096,0.2510056620323475,1.0,0.0,0.200804529625878,0.95,unusually compressed bid dispersion; compression=2.00; bids=4
V0539,economic,economic:T00271,0.2271479359968593,1.0,0.0,0.18171834879748747,0.95,unusually compressed bid dispersion; compression=1.91; bids=4
V0540,economic,economic:T01576,0.3371372050121109,1.0,0.0,0.26970976400968877,0.95,unusually compressed bid dispersion; compression=1.49; bids=9
V0541,economic,economic:T02099,0.242980597206784,1.0,0.0,0.19438447776542722,0.95,unusually compressed bid dispersion; compression=0.93; bids=9
V0545,economic,economic:T00246,0.256799629859173,1.0,0.0,0.2054397038873384,0.95,unusually compressed bid dispersion; compression=1.35; bids=6
V0545,economic,economic:T00891,0.2211532324914753,1.0,0.0,0.17692258599318025,0.95,unusually compressed bid dispersion; compression=1.10; bids=5
V0546,economic,economic:T02030,0.233849975510677,1.0,0.0,0.1870799804085416,0.95,unusually compressed bid dispersion; compression=1.28; bids=6
V0547,economic,economic:T01855,0.2708093651658989,1.0,0.0,0.2166474921327191,0.95,unusually compressed bid dispersion; compression=1.42; bids=7
V0549,economic,economic:T00891,0.2211532324914753,1.0,0.0,0.17692258599318025,0.95,unusually compressed bid dispersion; compression=1.10; bids=5
V0550,economic,economic:T00969,0.2403583783377215,1.0,0.0,0.19228670267017722,0.95,unusually compressed bid dispersion; compression=1.07; bids=9
V0235,temporal,regime:0,0.3997398003415381,0.2667559306853326,0.44,0.2378434502906488,0.9,vendor behavioral regime shift; procurement relevance=0.27; persistence=0.44
V0029,temporal,regime:1,0.3596835997858253,0.2424238158388323,0.4,0.20861642711521144,0.9,vendor behavioral regime shift; procurement relevance=0.24; persistence=0.40
V0001,temporal,regime:2,0.3532937726570326,0.1465327149373265,0.3467,0.1891750501133915,0.9,vendor behavioral regime shift; procurement relevance=0.15; persistence=0.35
V0035,temporal,regime:3,0.3444213591513305,0.294724854024474,0.3111,0.20271743935049757,0.9,vendor behavioral regime shift; procurement relevance=0.29; persistence=0.31
V0459,temporal,regime:4,0.3239724582652774,0.2727480131830548,0.35,0.18961487483038705,0.9,vendor behavioral regime shift; procurement relevance=0.27; persistence=0.35
V0113,temporal,regime:5,0.3205490539753746,0.085537542634904,0.3167,0.16286090649657228,0.9,vendor behavioral regime shift; procurement relevance=0.09; persistence=0.32
V0438,temporal,regime:6,0.3140824671153717,0.1987607818726714,0.2462,0.17055935012819165,0.9,vendor behavioral regime shift; procurement relevance=0.20; persistence=0.25
V0430,temporal,regime:7,0.3125309784532805,0.2344313097185102,0.325,0.17720581089069332,0.9,vendor behavioral regime shift; procurement relevance=0.23; persistence=0.33
V0448,temporal,regime:8,0.3108826087621963,0.201788466756245,0.2,0.1673406596842641,0.9,vendor behavioral regime shift; procurement relevance=0.20; persistence=0.20
V0494,temporal,regime:9,0.3108200608188856,0.0150682056663168,0.2889,0.14844621338880518,0.9,vendor behavioral regime shift; procurement relevance=0.02; persistence=0.29
V0546,temporal,regime:10,0.3106187580013855,0.281100571837686,0.3143,0.18131459815081247,0.9,vendor behavioral regime shift; procurement relevance=0.28; persistence=0.31
V0209,temporal,regime:11,0.3095619363151084,0.2140908471934109,0.2364,0.16952593001362182,0.9,vendor behavioral regime shift; procurement relevance=0.21; persistence=0.24
V0224,temporal,regime:12,0.3094906417962815,0.2185369588211467,0.3333,0.17390024090539807,0.9,vendor behavioral regime shift; procurement relevance=0.22; persistence=0.33
V0219,temporal,regime:13,0.3079695966446966,0.1725069772541438,0.2,0.16236392343871786,0.9,vendor behavioral regime shift; procurement relevance=0.17; persistence=0.20
V0533,temporal,regime:14,0.3075963433113144,0.2122772194676745,0.2545,0.168955599347332,0.9,vendor behavioral regime shift; procurement relevance=0.21; persistence=0.25
V0417,temporal,regime:15,0.305621321648341,0.2503658572494039,0.2667,0.17282220715816216,0.9,vendor behavioral regime shift; procurement relevance=0.25; persistence=0.27
V0073,temporal,regime:16,0.3046193474352914,0.1556939781023765,0.3077,0.16273023414053214,0.9,vendor behavioral regime shift; procurement relevance=0.16; persistence=0.31
V0374,temporal,regime:17,0.3039908612672128,0.1991356021251256,0.4667,0.17369737149464892,0.9,vendor behavioral regime shift; procurement relevance=0.20; persistence=0.47
V0427,temporal,regime:18,0.3009462279024138,0.1763151755985219,0.2,0.15909436158384277,0.9,vendor behavioral regime shift; procurement relevance=0.18; persistence=0.20
V0439,temporal,regime:19,0.3006581875814359,0.290465722282212,0.35,0.17805498917434295,0.9,vendor behavioral regime shift; procurement relevance=0.29; persistence=0.35
V0223,temporal,regime:20,0.2982261429770568,0.1419625764484983,0.1667,0.15256455956252563,0.9,vendor behavioral regime shift; procurement relevance=0.14; persistence=0.17
V0229,temporal,regime:21,0.2947412945080562,0.2973507391384841,0.2667,0.17198760990736892,0.9,vendor behavioral regime shift; procurement relevance=0.30; persistence=0.27
V0373,temporal,regime:22,0.2947182208891518,0.2002393028397908,0.275,0.1612969456980879,0.9,vendor behavioral regime shift; procurement relevance=0.20; persistence=0.28
V0067,temporal,regime:23,0.2932946888312814,0.2345959741397826,0.1667,0.16023017167577233,0.9,vendor behavioral regime shift; procurement relevance=0.23; persistence=0.17
V0119,temporal,regime:24,0.2918733021288165,0.0094790163632456,0.2286,0.13681662234823963,0.9,vendor behavioral regime shift; procurement relevance=0.01; persistence=0.23
V0140,temporal,regime:25,0.2873837549881379,0.2437163459101439,0.24,0.1607630925993561,0.9,vendor behavioral regime shift; procurement relevance=0.24; persistence=0.24
V0433,temporal,regime:26,0.2843855650904806,0.2073525599244398,0.2727,0.15633612287251072,0.9,vendor behavioral regime shift; procurement relevance=0.21; persistence=0.27
V0318,temporal,regime:27,0.2840651903090944,0.0132738633339434,0.4333,0.1400325579528997,0.9,vendor behavioral regime shift; procurement relevance=0.01; persistence=0.43
V0481,temporal,regime:28,0.2819744573369793,0.1333884921540492,0.28,0.14724177380449022,0.9,vendor behavioral regime shift; procurement relevance=0.13; persistence=0.28
V0509,temporal,regime:29,0.2776641237403709,0.1089793855910088,0.2667,0.14193784921559363,0.9,vendor behavioral regime shift; procurement relevance=0.11; persistence=0.27
V0198,temporal,regime:30,0.2775251268288757,0.1597951852825023,0.2,0.14497984228044092,0.9,vendor behavioral regime shift; procurement relevance=0.16; persistence=0.20
V0294,temporal,regime:31,0.2772375583568919,0.1610910445937937,0.2,0.14496541637814234,0.9,vendor behavioral regime shift; procurement relevance=0.16; persistence=0.20
V0021,temporal,regime:32,0.2767711425020067,0.1640814094714519,0.2857,0.1479937735423566,0.9,vendor behavioral regime shift; procurement relevance=0.16; persistence=0.29
V0063,temporal,regime:33,0.2762590160745845,0.236958681753679,0.36,0.15818110202874736,0.9,vendor behavioral regime shift; procurement relevance=0.24; persistence=0.36
V0206,temporal,regime:34,0.2738015647350569,0.0425445369735542,0.52,0.14087285387738652,0.9,vendor behavioral regime shift; procurement relevance=0.04; persistence=0.52
V0205,temporal,regime:35,0.2723971238729649,0.2202680248519,0.1714,0.14751621120703712,0.9,vendor behavioral regime shift; procurement relevance=0.22; persistence=0.17
V0375,temporal,regime:36,0.2670853454670744,0.2091493542282018,0.2667,0.14680372173851275,0.9,vendor behavioral regime shift; procurement relevance=0.21; persistence=0.27
V0385,temporal,regime:37,0.266135808718677,0.1551210684718397,0.2222,0.13929220768905998,0.9,vendor behavioral regime shift; procurement relevance=0.16; persistence=0.22
V0055,temporal,regime:38,0.2630395741439512,0.1800968955295991,0.2333,0.14053661977527368,0.9,vendor behavioral regime shift; procurement relevance=0.18; persistence=0.23
V0528,temporal,regime:39,0.2627159071416418,0.2881104281435732,0.2889,0.15316072394643748,0.9,vendor behavioral regime shift; procurement relevance=0.29; persistence=0.29
V0262,temporal,regime:40,0.2623450949434012,0.2425505889610744,0.3,0.14871479737929275,0.9,vendor behavioral regime shift; procurement relevance=0.24; persistence=0.30
V0313,temporal,regime:41,0.2616136952499731,0.137434137809985,0.1818,0.1338737415667375,0.9,vendor behavioral regime shift; procurement relevance=0.14; persistence=0.18
V0216,temporal,regime:42,0.2616100302506811,0.0504780041224644,0.175,0.12510639262631637,0.9,vendor behavioral regime shift; procurement relevance=0.05; persistence=0.17
V0479,temporal,regime:43,0.25963606090043,0.0484129978521124,0.36,0.12945382865488148,0.9,vendor behavioral regime shift; procurement relevance=0.05; persistence=0.36
V0231,temporal,regime:44,0.2592471655919346,0.1539410760032187,0.0889,0.131290404646461,0.9,vendor behavioral regime shift; procurement relevance=0.15; persistence=0.09
V0464,temporal,regime:45,0.258080253211057,0.1598475141327951,0.32,0.13867909204138162,0.9,vendor behavioral regime shift; procurement relevance=0.16; persistence=0.32
V0308,temporal,regime:46,0.2579109391361226,0.1880155061398515,0.15,0.13584782774225493,0.9,vendor behavioral regime shift; procurement relevance=0.19; persistence=0.15
V0201,temporal,regime:47,0.2567101960387301,0.1269056904228568,0.2667,0.13299363712426615,0.9,vendor behavioral regime shift; procurement relevance=0.13; persistence=0.27
V0049,temporal,regime:48,0.2564178412600716,0.2561334881928396,0.2,0.14329102279431105,0.9,vendor behavioral regime shift; procurement relevance=0.26; persistence=0.20
V0015,temporal,regime:49,0.2553420380475614,0.0219175095632012,0.28,0.12237078850601006,0.9,vendor behavioral regime shift; procurement relevance=0.02; persistence=0.28
V0321,temporal,regime:50,0.2545938865396497,0.23833337524801,0.2333,0.1416731728860199,0.9,vendor behavioral regime shift; procurement relevance=0.24; persistence=0.23
V0337,temporal,regime:51,0.2545525246701702,0.0936851430941187,0.2667,0.1286285410587913,0.9,vendor behavioral regime shift; procurement relevance=0.09; persistence=0.27
V0034,temporal,regime:52,0.2533190261101701,0.2469311547730803,0.2615,0.1427381125303563,0.9,vendor behavioral regime shift; procurement relevance=0.25; persistence=0.26
V0152,temporal,regime:53,0.2520433025839248,0.0519911931324784,0.1778,0.12075565829734548,0.9,vendor behavioral regime shift; procurement relevance=0.05; persistence=0.18
V0497,temporal,regime:54,0.2510382459176601,0.1594309956787047,0.1333,0.12902634116386139,0.9,vendor behavioral regime shift; procurement relevance=0.16; persistence=0.13
V0052,temporal,regime:55,0.2504216639365855,0.2219470748893892,0.375,0.1424001908655974,0.9,vendor behavioral regime shift; procurement relevance=0.22; persistence=0.38
V0136,temporal,regime:56,0.2503972344321856,0.1442322007713694,0.1778,0.12865149390702096,0.9,vendor behavioral regime shift; procurement relevance=0.14; persistence=0.18
V0217,temporal,regime:57,0.2500083596828239,0.155034355756463,0.2857,0.13281088249438866,0.9,vendor behavioral regime shift; procurement relevance=0.16; persistence=0.29
V0413,temporal,regime:58,0.2497447214489023,0.0542054852691745,0.2333,0.12145463599670829,0.9,vendor behavioral regime shift; procurement relevance=0.05; persistence=0.23
V0228,temporal,regime:59,0.2496290711159938,0.1371890301428592,0.2667,0.13031086823163424,0.9,vendor behavioral regime shift; procurement relevance=0.14; persistence=0.27
V0186,temporal,regime:60,0.2496040396920225,0.1197263226905124,0.2,0.12661328403450092,0.9,vendor behavioral regime shift; procurement relevance=0.12; persistence=0.20
V0514,temporal,regime:61,0.2494559669227813,0.155240433337339,0.2286,0.13077142162814118,0.9,vendor behavioral regime shift; procurement relevance=0.16; persistence=0.23
V0376,temporal,regime:62,0.248392774074665,0.0597203078953493,0.2,0.12036474875635501,0.9,vendor behavioral regime shift; procurement relevance=0.06; persistence=0.20
V0218,temporal,regime:63,0.2482948962699896,0.1294387966021704,0.1846,0.126395625072339,0.9,vendor behavioral regime shift; procurement relevance=0.13; persistence=0.18
V0211,temporal,regime:64,0.2457038456835785,0.1327990854360295,0.2,0.12584903169188344,0.9,vendor behavioral regime shift; procurement relevance=0.13; persistence=0.20
V0364,temporal,regime:65,0.2454431868885757,0.0719791710638542,0.1636,0.1190321707120271,0.9,vendor behavioral regime shift; procurement relevance=0.07; persistence=0.16
V0265,temporal,regime:66,0.2452993804355348,0.0211396402581353,0.2,0.11528844812992245,0.9,vendor behavioral regime shift; procurement relevance=0.02; persistence=0.20
V0365,temporal,regime:67,0.2450586879730518,0.1976353788386884,0.2222,0.132219711616448,0.9,vendor behavioral regime shift; procurement relevance=0.20; persistence=0.22
V0382,temporal,regime:68,0.2443562103071071,0.2487220856184436,0.2,0.13586619436869374,0.9,vendor behavioral regime shift; procurement relevance=0.25; persistence=0.20
V0346,temporal,regime:69,0.2442399520468764,0.1102925726387456,0.1455,0.12142501746848823,0.9,vendor behavioral regime shift; procurement relevance=0.11; persistence=0.15
V0076,temporal,regime:70,0.2436164304702615,0.1677120557948034,0.175,0.12723301839508705,0.9,vendor behavioral regime shift; procurement relevance=0.17; persistence=0.17
V0339,temporal,regime:71,0.2425345779796654,0.1362008898373567,0.1556,0.12322106935755127,0.9,vendor behavioral regime shift; procurement relevance=0.14; persistence=0.16
V0179,temporal,regime:72,0.2400696469590941,0.1993956025541906,0.18,0.12839227823647661,0.9,vendor behavioral regime shift; procurement relevance=0.20; persistence=0.18
V0424,temporal,regime:73,0.2388499119743741,0.1184172028173873,0.25,0.12248094031248302,0.9,vendor behavioral regime shift; procurement relevance=0.12; persistence=0.25
V0151,temporal,regime:74,0.2380016535484311,0.0484665673863653,0.2222,0.11492128771540724,0.9,vendor behavioral regime shift; procurement relevance=0.05; persistence=0.22
V0487,temporal,regime:75,0.2352942151786458,0.0651709732403622,0.3,0.11722855839089405,0.9,vendor behavioral regime shift; procurement relevance=0.07; persistence=0.30
V0349,temporal,regime:76,0.2336128773531979,0.1645234537777992,0.2727,0.12457718382515612,0.9,vendor behavioral regime shift; procurement relevance=0.16; persistence=0.27
V0485,temporal,regime:77,0.232924855095678,0.0707871925286798,0.1667,0.1129411649851672,0.9,vendor behavioral regime shift; procurement relevance=0.07; persistence=0.17
V0244,temporal,regime:78,0.2328307161848437,0.1713543209160383,0.2154,0.12309839834826365,0.9,vendor behavioral regime shift; procurement relevance=0.17; persistence=0.22
V0174,temporal,regime:79,0.2305011756629037,0.0201847153290615,0.1714,0.10751309369565114,0.9,vendor behavioral regime shift; procurement relevance=0.02; persistence=0.17
V0291,temporal,regime:80,0.2291107712541238,0.0223384515218924,0.1833,0.1073552038947584,0.9,vendor behavioral regime shift; procurement relevance=0.02; persistence=0.18
V0212,temporal,regime:81,0.2288690904048662,0.1688270772722842,0.2167,0.12082168240640277,0.9,vendor behavioral regime shift; procurement relevance=0.17; persistence=0.22
V0541,temporal,regime:82,0.2287274233465413,0.1876193046276316,0.2286,0.12272347695700604,0.9,vendor behavioral regime shift; procurement relevance=0.19; persistence=0.23
V0447,temporal,regime:83,0.2283366673396074,0.0290966705883014,0.2,0.10800291061858125,0.9,vendor behavioral regime shift; procurement relevance=0.03; persistence=0.20
V0482,temporal,regime:84,0.2281307786263385,0.1621278043647471,0.16,0.11824033083658014,0.9,vendor behavioral regime shift; procurement relevance=0.16; persistence=0.16
V0033,temporal,regime:85,0.2276683898020413,0.1652825637313382,0.16,0.11826958308447602,0.9,vendor behavioral regime shift; procurement relevance=0.17; persistence=0.16
V0293,temporal,regime:86,0.2274937787034945,0.2180758149523772,0.1833,0.12336257138890375,0.9,vendor behavioral regime shift; procurement relevance=0.22; persistence=0.18
V0469,temporal,regime:87,0.227461458268943,0.2210051898936087,0.24,0.12527111825279805,0.9,vendor behavioral regime shift; procurement relevance=0.22; persistence=0.24
V0100,temporal,regime:88,0.2273076598827062,0.1288910037746894,0.2889,0.11854800397462736,0.9,vendor behavioral regime shift; procurement relevance=0.13; persistence=0.29
V0309,temporal,regime:89,0.2271233606197342,0.1671639511870472,0.2143,0.11968858587668427,0.9,vendor behavioral regime shift; procurement relevance=0.17; persistence=0.21
V0008,temporal,regime:90,0.2271036036623621,0.086089420975354,0.3,0.11498632579795168,0.9,vendor behavioral regime shift; procurement relevance=0.09; persistence=0.30
V0491,temporal,regime:91,0.2269001443335314,0.2238686600686121,0.0857,0.12065333867533491,0.9,vendor behavioral regime shift; procurement relevance=0.22; persistence=0.09
V0221,temporal,regime:92,0.2266641160274579,0.1246463047074687,0.1667,0.11448345238343825,0.9,vendor behavioral regime shift; procurement relevance=0.12; persistence=0.17
V0296,temporal,regime:93,0.2259757953035084,0.1447419611541749,0.1714,0.11596939868238629,0.9,vendor behavioral regime shift; procurement relevance=0.14; persistence=0.17
V0358,temporal,regime:94,0.2237445517262433,0.1132134258470076,0.2857,0.11524967528721183,0.9,vendor behavioral regime shift; procurement relevance=0.11; persistence=0.29
V0468,temporal,regime:95,0.2236295288144355,0.2800177666430246,0.16,0.12577789069602607,0.9,vendor behavioral regime shift; procurement relevance=0.28; persistence=0.16
V0065,temporal,regime:96,0.2233047386403023,0.2455595955264745,0.2444,0.12520401559332298,0.9,vendor behavioral regime shift; procurement relevance=0.25; persistence=0.24
V0472,temporal,regime:97,0.2230734510065023,0.0806107316019959,0.2462,0.11106560239813217,0.9,vendor behavioral regime shift; procurement relevance=0.08; persistence=0.25
V0465,temporal,regime:98,0.2229815963497454,0.1492149725312927,0.1,0.11284213908745598,0.9,vendor behavioral regime shift; procurement relevance=0.15; persistence=0.10
V0072,temporal,regime:99,0.2223166603391886,0.1981100241840534,0.1714,0.11854583585761146,0.9,vendor behavioral regime shift; procurement relevance=0.20; persistence=0.17
V0022,temporal,regime:100,0.2208336776836917,0.1673269510649116,0.1111,0.11353761721669829,0.9,vendor behavioral regime shift; procurement relevance=0.17; persistence=0.11
V0526,temporal,regime:101,0.22031664869116,0.0102881310399072,0.2,0.1026430840919749,0.9,vendor behavioral regime shift; procurement relevance=0.01; persistence=0.20
V0143,temporal,regime:102,0.2199975931480133,0.0502227563542743,0.2,0.10581536676063953,0.9,vendor behavioral regime shift; procurement relevance=0.05; persistence=0.20
V0194,temporal,regime:103,0.2191102762886315,0.1238318322952445,0.1429,0.10996948900337948,0.9,vendor behavioral regime shift; procurement relevance=0.12; persistence=0.14
V0426,temporal,regime:104,0.2184397494273332,0.0304834096109839,0.3091,0.106123064310173,0.9,vendor behavioral regime shift; procurement relevance=0.03; persistence=0.31
V0520,temporal,regime:105,0.2179130339891342,0.2304231969697526,0.3333,0.12345369488543916,0.9,vendor behavioral regime shift; procurement relevance=0.23; persistence=0.33
V0357,temporal,regime:106,0.2162313453403349,0.1006139039770674,0.2571,0.10959255666448635,0.9,vendor behavioral regime shift; procurement relevance=0.10; persistence=0.26
V0434,temporal,regime:107,0.2152968447752717,0.1460554181237591,0.28,0.11347447278782047,0.9,vendor behavioral regime shift; procurement relevance=0.15; persistence=0.28
V0200,temporal,regime:108,0.2148693745651011,0.042951999766496,0.0909,0.1000889716584912,0.9,vendor behavioral regime shift; procurement relevance=0.04; persistence=0.09
V0087,temporal,regime:109,0.2138863217865931,0.0693846602459195,0.225,0.10504674146975788,0.9,vendor behavioral regime shift; procurement relevance=0.07; persistence=0.23
V0175,temporal,regime:110,0.2124140299779824,0.0337789754790168,0.1143,0.09878971152575981,0.9,vendor behavioral regime shift; procurement relevance=0.03; persistence=0.11
V0474,temporal,regime:111,0.212310561445225,0.1890676108824447,0.16,0.11218212226854912,0.9,vendor behavioral regime shift; procurement relevance=0.19; persistence=0.16
V0336,temporal,regime:112,0.2105034968823157,0.1349808336603181,0.28,0.11005009505626484,0.9,vendor behavioral regime shift; procurement relevance=0.13; persistence=0.28
V0147,temporal,regime:113,0.210309291217664,0.1160105652575629,0.32,0.10942495637063092,0.9,vendor behavioral regime shift; procurement relevance=0.12; persistence=0.32
V0162,temporal,regime:114,0.2102585527917893,0.1957941880066207,0.24,0.11377406986009496,0.9,vendor behavioral regime shift; procurement relevance=0.20; persistence=0.24
V0517,temporal,regime:115,0.2093751694153912,0.1627817422257357,0.1778,0.10903510529705655,0.9,vendor behavioral regime shift; procurement relevance=0.16; persistence=0.18
V0159,temporal,regime:116,0.2088525440690783,0.1486415557496527,0.2667,0.1099432797641673,0.9,vendor behavioral regime shift; procurement relevance=0.15; persistence=0.27
V0550,temporal,regime:117,0.2088070247552464,0.0359273042718188,0.2,0.0993045536246394,0.9,vendor behavioral regime shift; procurement relevance=0.04; persistence=0.20
V0512,temporal,regime:118,0.2087450837385046,0.0529398920451625,0.18,0.10013835395788018,0.9,vendor behavioral regime shift; procurement relevance=0.05; persistence=0.18
V0133,temporal,regime:119,0.207980934411674,0.1145891731141286,0.1833,0.10467794400618746,0.9,vendor behavioral regime shift; procurement relevance=0.11; persistence=0.18
V0208,temporal,regime:120,0.2062209616933469,0.0606012558096953,0.05,0.09642668578706806,0.9,vendor behavioral regime shift; procurement relevance=0.06; persistence=0.05
V0542,temporal,regime:121,0.2062151722153178,0.0412713353607212,0.1667,0.09770760974334143,0.9,vendor behavioral regime shift; procurement relevance=0.04; persistence=0.17
V0204,temporal,regime:122,0.2061879044625353,0.1232026332919461,0.3333,0.10818919708141282,0.9,vendor behavioral regime shift; procurement relevance=0.12; persistence=0.33
V0340,temporal,regime:123,0.2052731520887111,0.0755311210485845,0.2167,0.10109729159666223,0.9,vendor behavioral regime shift; procurement relevance=0.08; persistence=0.22
V0041,temporal,regime:124,0.2047002246324091,0.1254829351282039,0.1538,0.10313386678285555,0.9,vendor behavioral regime shift; procurement relevance=0.13; persistence=0.15
V0402,temporal,regime:125,0.2042776908501334,0.1904396687691942,0.1818,0.10860878046230855,0.9,vendor behavioral regime shift; procurement relevance=0.19; persistence=0.18
V0400,temporal,regime:126,0.203772144532017,0.0428905789500324,0.0667,0.09435365136078432,0.9,vendor behavioral regime shift; procurement relevance=0.04; persistence=0.07
V0241,temporal,regime:127,0.201756641473448,0.1275567102729757,0.1333,0.10130477648389465,0.9,vendor behavioral regime shift; procurement relevance=0.13; persistence=0.13
V0232,temporal,regime:128,0.2004524978259191,0.0204066727529255,0.175,0.09359484075006261,0.9,vendor behavioral regime shift; procurement relevance=0.02; persistence=0.17
V0172,temporal,regime:129,0.2001959263911585,0.0191963710693585,0.0667,0.09096160756913334,0.9,vendor behavioral regime shift; procurement relevance=0.02; persistence=0.07
V0496,temporal,regime:130,0.199973083819379,0.0325883262024084,0.16,0.09394756861559832,0.9,vendor behavioral regime shift; procurement relevance=0.03; persistence=0.16
V0134,temporal,regime:131,0.1998166202416555,0.1650846915799843,0.1333,0.10312016447549173,0.9,vendor behavioral regime shift; procurement relevance=0.17; persistence=0.13
V0103,temporal,regime:132,0.1997103297790064,0.1186935052074554,0.12,0.09929828296611445,0.9,vendor behavioral regime shift; procurement relevance=0.12; persistence=0.12
V0090,temporal,regime:133,0.1987442072851307,0.1050000828753831,0.1,0.0973339878746562,0.9,vendor behavioral regime shift; procurement relevance=0.11; persistence=0.10
V0256,temporal,regime:134,0.1975485877382416,0.1415614864744059,0.25,0.10305068120479095,0.9,vendor behavioral regime shift; procurement relevance=0.14; persistence=0.25
V0207,temporal,regime:135,0.1963808511200543,0.1591330174339551,0.08,0.09961097472578997,0.9,vendor behavioral regime shift; procurement relevance=0.16; persistence=0.08
V0324,temporal,regime:136,0.1955912917720997,0.1910073276122095,0.2286,0.10519651186030518,0.9,vendor behavioral regime shift; procurement relevance=0.19; persistence=0.23
V0463,temporal,regime:137,0.195492148353023,0.1988112875518496,0.2,0.1050087378213858,0.9,vendor behavioral regime shift; procurement relevance=0.20; persistence=0.20
V0280,temporal,regime:138,0.1953452365860653,0.2017969852339814,0.1833,0.10473219189623101,0.9,vendor behavioral regime shift; procurement relevance=0.20; persistence=0.18
V0503,temporal,regime:139,0.1934206432217084,0.0174779922006466,0.16,0.08977498466068498,0.9,vendor behavioral regime shift; procurement relevance=0.02; persistence=0.16
V0304,temporal,regime:140,0.1926556032387817,0.1464211078851409,0.1846,0.09930437675821165,0.9,vendor behavioral regime shift; procurement relevance=0.15; persistence=0.18
V0473,temporal,regime:141,0.192238715656012,0.023424718977968,0.1333,0.08907898496232078,0.9,vendor behavioral regime shift; procurement relevance=0.02; persistence=0.13
V0126,temporal,regime:142,0.1918999375338149,0.0254497701904136,0.2,0.09050385105972324,0.9,vendor behavioral regime shift; procurement relevance=0.03; persistence=0.20
V0412,temporal,regime:143,0.1915846562985159,0.1888695735645539,0.225,0.10279812983073211,0.9,vendor behavioral regime shift; procurement relevance=0.19; persistence=0.23
V0317,temporal,regime:144,0.1908677588009719,0.1338614910578879,0.14,0.09644104878076226,0.9,vendor behavioral regime shift; procurement relevance=0.13; persistence=0.14
V0513,temporal,regime:145,0.1905412776590011,0.1091691518044385,0.2,0.09589293509211852,0.9,vendor behavioral regime shift; procurement relevance=0.11; persistence=0.20
V0278,temporal,regime:146,0.1897983422983531,0.037556003813873,0.1778,0.08990351413855721,0.9,vendor behavioral regime shift; procurement relevance=0.04; persistence=0.18
V0069,temporal,regime:147,0.1895012318380391,0.020086037023674,0.1667,0.08828281080046162,0.9,vendor behavioral regime shift; procurement relevance=0.02; persistence=0.17
V0060,temporal,regime:148,0.1889211974032728,0.11701410874989,0.2286,0.09628907769156189,0.9,vendor behavioral regime shift; procurement relevance=0.12; persistence=0.23
V0394,temporal,regime:149,0.1877783191614864,0.0519855054926233,0.1091,0.08848606897400965,0.9,vendor behavioral regime shift; procurement relevance=0.05; persistence=0.11
V0040,temporal,regime:150,0.1877098259825893,0.1602588903773027,0.3111,0.10068779265397698,0.9,vendor behavioral regime shift; procurement relevance=0.16; persistence=0.31
V0443,temporal,regime:151,0.1857602107930164,0.1796485274413201,0.04,0.09468573264780633,0.9,vendor behavioral regime shift; procurement relevance=0.18; persistence=0.04
V0510,temporal,regime:152,0.1855800002788141,0.0771255852688358,0.0,0.08680786793152814,0.9,vendor behavioral regime shift; procurement relevance=0.08; persistence=0.00
V0161,temporal,regime:153,0.1855161410011995,0.0263788000016124,0.2,0.08755827316479889,0.9,vendor behavioral regime shift; procurement relevance=0.03; persistence=0.20
V0363,temporal,regime:154,0.1853491961872882,0.0168804852939036,0.0923,0.08458784990011647,0.9,vendor behavioral regime shift; procurement relevance=0.02; persistence=0.09
V0165,temporal,regime:155,0.1850338700257774,0.0552837556756356,0.1,0.08722491190138569,0.9,vendor behavioral regime shift; procurement relevance=0.06; persistence=0.10
V0195,temporal,regime:156,0.1845617347475669,0.0853473911868072,0.15,0.09013575258351,0.9,vendor behavioral regime shift; procurement relevance=0.09; persistence=0.15
V0115,temporal,regime:157,0.183928958668137,0.1845928221745914,0.1429,0.09647928494602094,0.9,vendor behavioral regime shift; procurement relevance=0.18; persistence=0.14
V0267,temporal,regime:158,0.1829076942432947,0.1131004628775086,0.2,0.09232301990609092,0.9,vendor behavioral regime shift; procurement relevance=0.11; persistence=0.20
V0407,temporal,regime:159,0.18267543195,0.0,0.0727,0.08183804548730415,0.9,vendor behavioral regime shift; procurement relevance=0.00; persistence=0.07
V0233,temporal,regime:160,0.1822945610078959,0.0056162424935659,0.2286,0.08518322151653655,0.9,vendor behavioral regime shift; procurement relevance=0.01; persistence=0.23
V0458,temporal,regime:161,0.1822835177726451,0.016343642559139,0.2727,0.08681832803253271,0.9,vendor behavioral regime shift; procurement relevance=0.02; persistence=0.27
V0498,temporal,regime:162,0.1819736530818166,0.1933251512947346,0.0286,0.09339628024977714,0.9,vendor behavioral regime shift; procurement relevance=0.19; persistence=0.03
V0053,temporal,regime:163,0.1819732528735554,0.1054149503234252,0.25,0.09240987900842282,0.9,vendor behavioral regime shift; procurement relevance=0.11; persistence=0.25
V0187,temporal,regime:164,0.1812251696456826,0.0853594401043565,0.22,0.08999995591895668,0.9,vendor behavioral regime shift; procurement relevance=0.09; persistence=0.22
V0275,temporal,regime:165,0.1811413450355987,0.0080834232290542,0.2,0.0842407849414913,0.9,vendor behavioral regime shift; procurement relevance=0.01; persistence=0.20
V0006,temporal,regime:166,0.1810422439969295,0.0975739204759018,0.2,0.09031888730058776,0.9,vendor behavioral regime shift; procurement relevance=0.10; persistence=0.20
V0342,temporal,regime:167,0.1798038383020503,0.0899333281218249,0.2364,0.0899546771236715,0.9,vendor behavioral regime shift; procurement relevance=0.09; persistence=0.24
V0452,temporal,regime:168,0.1793323496116785,0.075215183368728,0.05,0.08480912567361812,0.9,vendor behavioral regime shift; procurement relevance=0.08; persistence=0.05
V0058,temporal,regime:169,0.1788562397686323,0.0359633648880497,0.1,0.08303767258236229,0.9,vendor behavioral regime shift; procurement relevance=0.04; persistence=0.10
V0388,temporal,regime:170,0.1788324434200001,0.2286086621727876,0.175,0.09749045374111891,0.9,vendor behavioral regime shift; procurement relevance=0.23; persistence=0.17
V0117,temporal,regime:171,0.1782371206615485,0.1205395291032985,0.2,0.09046673557389182,0.9,vendor behavioral regime shift; procurement relevance=0.12; persistence=0.20
V0390,temporal,regime:172,0.1776080705353426,0.0783830357238229,0.0889,0.08500749146221646,0.9,vendor behavioral regime shift; procurement relevance=0.08; persistence=0.09
V0184,temporal,regime:173,0.17655492947856,0.1325194010762122,0.2143,0.09072025862970041,0.9,vendor behavioral regime shift; procurement relevance=0.13; persistence=0.21
V0387,temporal,regime:174,0.1759951732430986,0.0181410746116628,0.2182,0.08287419839895255,0.9,vendor behavioral regime shift; procurement relevance=0.02; persistence=0.22
V0404,temporal,regime:175,0.1759900155105558,0.1697407030811101,0.1091,0.09059514356586988,0.9,vendor behavioral regime shift; procurement relevance=0.17; persistence=0.11
V0319,temporal,regime:176,0.1757868556974978,0.1080625462025519,0.3,0.0904986251533584,0.9,vendor behavioral regime shift; procurement relevance=0.11; persistence=0.30
V0330,temporal,regime:177,0.1756058276764414,0.0462132007128534,0.28,0.08580124006543266,0.9,vendor behavioral regime shift; procurement relevance=0.05; persistence=0.28
V0352,temporal,regime:178,0.1750499550988334,0.1695436999905571,0.1273,0.0904975348259433,0.9,vendor behavioral regime shift; procurement relevance=0.17; persistence=0.13
V0264,temporal,regime:179,0.1748642952071787,0.1252800757589529,0.2,0.08906815497882907,0.9,vendor behavioral regime shift; procurement relevance=0.13; persistence=0.20
V0478,temporal,regime:180,0.17468801245231,0.0128783980310996,0.12,0.08000279665437174,0.9,vendor behavioral regime shift; procurement relevance=0.01; persistence=0.12
V0515,temporal,regime:181,0.1741649495257853,0.0086223243829877,0.05,0.07813785710259155,0.9,vendor behavioral regime shift; procurement relevance=0.01; persistence=0.05
V0539,temporal,regime:182,0.172618582298215,0.0299963489695355,0.0667,0.07911381565068552,0.9,vendor behavioral regime shift; procurement relevance=0.03; persistence=0.07
V0144,temporal,regime:183,0.1722382276805105,0.1087710895178761,0.12,0.08500513209868427,0.9,vendor behavioral regime shift; procurement relevance=0.11; persistence=0.12
V0025,temporal,regime:184,0.1720807237926347,0.1050449809073846,0.2,0.08633410417073056,0.9,vendor behavioral regime shift; procurement relevance=0.11; persistence=0.20
V0445,temporal,regime:185,0.1716111923901205,0.1069439125473572,0.2333,0.08690533388941912,0.9,vendor behavioral regime shift; procurement relevance=0.11; persistence=0.23
V0530,temporal,regime:186,0.1713107822028988,0.0616306693593565,0.1,0.08115706410031838,0.9,vendor behavioral regime shift; procurement relevance=0.06; persistence=0.10
V0334,temporal,regime:187,0.1706237808690246,0.159993753100841,0.225,0.08967774769005304,0.9,vendor behavioral regime shift; procurement relevance=0.16; persistence=0.23
V0378,temporal,regime:188,0.1705537248789293,0.0746924799823197,0.04,0.08042600507196396,0.9,vendor behavioral regime shift; procurement relevance=0.07; persistence=0.04
V0141,temporal,regime:189,0.1704450926157565,0.01781007276974,0.12,0.07837133110107376,0.9,vendor behavioral regime shift; procurement relevance=0.02; persistence=0.12
V0531,temporal,regime:190,0.1699829095775233,0.1709012675276539,0.1833,0.08915719442540901,0.9,vendor behavioral regime shift; procurement relevance=0.17; persistence=0.18
V0488,temporal,regime:191,0.169831891598486,0.053785937594049,0.1636,0.08120526870502716,0.9,vendor behavioral regime shift; procurement relevance=0.05; persistence=0.16
V0437,temporal,regime:192,0.1693852055190127,0.116529416724613,0.2167,0.08605789210414498,0.9,vendor behavioral regime shift; procurement relevance=0.12; persistence=0.22
V0121,temporal,regime:193,0.1690436497571027,0.1075665058075758,0.2333,0.0856452071599367,0.9,vendor behavioral regime shift; procurement relevance=0.11; persistence=0.23
V0471,temporal,regime:194,0.1687796,0.0,0.08,0.07574828448000001,0.9,vendor behavioral regime shift; procurement relevance=0.00; persistence=0.08
V0366,temporal,regime:195,0.1686467266353934,0.0562100523219341,0.1,0.07955766136263075,0.9,vendor behavioral regime shift; procurement relevance=0.06; persistence=0.10
V0191,temporal,regime:196,0.1682884846802437,0.1926681571706581,0.2444,0.09095697509278114,0.9,vendor behavioral regime shift; procurement relevance=0.19; persistence=0.24
V0525,temporal,regime:197,0.1680932,0.0,0.2,0.07765905840000001,0.9,vendor behavioral regime shift; procurement relevance=0.00; persistence=0.20
V0429,temporal,regime:198,0.1679006909802314,0.083415074564063,0.2444,0.08374017157297468,0.9,vendor behavioral regime shift; procurement relevance=0.08; persistence=0.24
V0107,temporal,regime:199,0.1675311386793088,0.2024793339511051,0.1714,0.08960738122227993,0.9,vendor behavioral regime shift; procurement relevance=0.20; persistence=0.17
V0502,temporal,regime:200,0.1672510724439278,0.0959149566557797,0.1333,0.0820104053483777,0.9,vendor behavioral regime shift; procurement relevance=0.10; persistence=0.13
V0470,temporal,regime:201,0.1672129610406854,0.1740683099567486,0.1636,0.08748976299119704,0.9,vendor behavioral regime shift; procurement relevance=0.17; persistence=0.16
V0501,temporal,regime:202,0.1669225454253098,0.1793855080430189,0.25,0.0894896732340519,0.9,vendor behavioral regime shift; procurement relevance=0.18; persistence=0.25
V0338,temporal,regime:203,0.1668723266719995,0.0145285157689986,0.1833,0.07770125250703869,0.9,vendor behavioral regime shift; procurement relevance=0.01; persistence=0.18
V0091,temporal,regime:204,0.1666729940816141,0.081250677115019,0.2,0.082121910256303,0.9,vendor behavioral regime shift; procurement relevance=0.08; persistence=0.20
V0276,temporal,regime:205,0.1661230542791131,0.106856488348307,0.1692,0.08284682080166489,0.9,vendor behavioral regime shift; procurement relevance=0.11; persistence=0.17
V0163,temporal,regime:206,0.1659632561563288,0.1539715615202984,0.0286,0.0828110319488601,0.9,vendor behavioral regime shift; procurement relevance=0.15; persistence=0.03
V0251,temporal,regime:207,0.1658355470983922,0.1519763470011231,0.1778,0.08568746108436007,0.9,vendor behavioral regime shift; procurement relevance=0.15; persistence=0.18
V0263,temporal,regime:208,0.1656428578739757,0.027523953864728,0.2,0.0782503576687156,0.9,vendor behavioral regime shift; procurement relevance=0.03; persistence=0.20
V0003,temporal,regime:209,0.1655877053864317,0.219849147307146,0.1333,0.08882889917132017,0.9,vendor behavioral regime shift; procurement relevance=0.22; persistence=0.13
V0343,temporal,regime:210,0.1643319362051878,0.0372119282392506,0.3143,0.08036191698514702,0.9,vendor behavioral regime shift; procurement relevance=0.04; persistence=0.31
V0297,temporal,regime:211,0.16391392363296,0.0116920449694037,0.1818,0.07612137066362183,0.9,vendor behavioral regime shift; procurement relevance=0.01; persistence=0.18
V0303,temporal,regime:212,0.1639079408569252,0.175388471459365,0.2571,0.08776928707196868,0.9,vendor behavioral regime shift; procurement relevance=0.18; persistence=0.26
V0350,temporal,regime:213,0.1631435553395686,0.0058375087207458,0.2667,0.07693501282944173,0.9,vendor behavioral regime shift; procurement relevance=0.01; persistence=0.27
V0240,temporal,regime:214,0.1630826634278953,0.0871292187242512,0.2286,0.08126492540070977,0.9,vendor behavioral regime shift; procurement relevance=0.09; persistence=0.23
V0269,temporal,regime:215,0.1630164449812305,0.1022691460961912,0.2727,0.08302816895402133,0.9,vendor behavioral regime shift; procurement relevance=0.10; persistence=0.27
V0314,temporal,regime:216,0.1621386328922658,0.2256377941644859,0.12,0.0870467993951774,0.9,vendor behavioral regime shift; procurement relevance=0.23; persistence=0.12
V0281,temporal,regime:217,0.161745113915133,0.1862285007647794,0.1818,0.08573903573834567,0.9,vendor behavioral regime shift; procurement relevance=0.19; persistence=0.18
V0230,temporal,regime:218,0.1615018096578807,0.1747832774320992,0.1077,0.08340973402228542,0.9,vendor behavioral regime shift; procurement relevance=0.17; persistence=0.11
V0054,temporal,regime:219,0.1605203202394304,0.1603560195557983,0.16,0.08309130415607792,0.9,vendor behavioral regime shift; procurement relevance=0.16; persistence=0.16
V0258,temporal,regime:220,0.1592746381460348,0.1625092570664676,0.1333,0.08204490751122832,0.9,vendor behavioral regime shift; procurement relevance=0.16; persistence=0.13
V0529,temporal,regime:221,0.1590011726787611,0.0238271944358843,0.1429,0.07387245864592676,0.9,vendor behavioral regime shift; procurement relevance=0.02; persistence=0.14
V0062,temporal,regime:222,0.1586872186073722,0.1147455991876087,0.2182,0.08054388606670108,0.9,vendor behavioral regime shift; procurement relevance=0.11; persistence=0.22
V0284,temporal,regime:223,0.1577560633521758,0.0955603156974515,0.175,0.07811398571532,0.9,vendor behavioral regime shift; procurement relevance=0.10; persistence=0.17
V0142,temporal,regime:224,0.1571006437968838,0.1058230222804326,0.2182,0.07920644339487688,0.9,vendor behavioral regime shift; procurement relevance=0.11; persistence=0.22
V0085,temporal,regime:225,0.1568536239755182,0.121823731405699,0.1429,0.07860598875530403,0.9,vendor behavioral regime shift; procurement relevance=0.12; persistence=0.14
V0415,temporal,regime:226,0.1561738143532255,0.1391132357399811,0.1778,0.07993988681758107,0.9,vendor behavioral regime shift; procurement relevance=0.14; persistence=0.18
V0120,temporal,regime:227,0.1548972719886638,0.1491921017283382,0.1333,0.0790227042821438,0.9,vendor behavioral regime shift; procurement relevance=0.15; persistence=0.13
V0197,temporal,regime:228,0.154889447725374,0.0140740304831401,0.2444,0.07314812517710129,0.9,vendor behavioral regime shift; procurement relevance=0.01; persistence=0.24
V0380,temporal,regime:229,0.1545575402327004,0.0433316648382362,0.2,0.07393713861844695,0.9,vendor behavioral regime shift; procurement relevance=0.04; persistence=0.20
V0043,temporal,regime:230,0.1542320118858826,0.0146803644305254,0.0667,0.06982238295727117,0.9,vendor behavioral regime shift; procurement relevance=0.01; persistence=0.07
V0288,temporal,regime:231,0.153363503522569,0.0660405305248992,0.1636,0.07403515345007342,0.9,vendor behavioral regime shift; procurement relevance=0.07; persistence=0.16
V0074,temporal,regime:232,0.1517928258775341,0.0977337587091133,0.2,0.07573602268745855,0.9,vendor behavioral regime shift; procurement relevance=0.10; persistence=0.20
V0300,temporal,regime:233,0.1507801596448831,0.0145638629283489,0.2667,0.07160995594079016,0.9,vendor behavioral regime shift; procurement relevance=0.01; persistence=0.27
V0147,winner_rotation,rotation:4,0.25,1.0,0.0,0.2,0.82,repeated winner transition share=0.25
V0409,winner_rotation,rotation:4,0.25,1.0,0.0,0.2,0.82,repeated winner transition share=0.25
V0093,winner_rotation,rotation:5,0.2222,1.0,0.0,0.17776000000000003,0.82,repeated winner transition share=0.22
V0370,winner_rotation,rotation:5,0.2222,1.0,0.0,0.17776000000000003,0.82,repeated winner transition share=0.22
V0117,geographic,geographic:15,1.0,1.0,0.0,0.8,0.65,winning geography differs from participation geography by 0.70
V0347,geographic,geographic:51,0.9375,1.0,0.0,0.75,0.65,winning geography differs from participation geography by 0.62
V0496,geographic,geographic:56,0.9134999999999999,1.0,0.0,0.7307999999999999,0.65,winning geography differs from participation geography by 0.62
V0284,geographic,geographic:61,0.37500000000000006,1.0,0.0,0.30000000000000004,0.65,winning geography differs from participation geography by 0.40
V0046,geographic,geographic:64,0.8749999999999999,1.0,0.0,0.7,0.65,winning geography differs from participation geography by 0.60
V0175,geographic,geographic:69,0.39775000000000005,1.0,0.0,0.31820000000000004,0.65,winning geography differs from participation geography by 0.41
V0411,geographic,geographic:70,0.40450000000000014,1.0,0.0,0.3236000000000001,0.65,winning geography differs from participation geography by 0.41
V0198,geographic,geographic:82,0.44649999999999995,1.0,0.0,0.35719999999999996,0.65,winning geography differs from participation geography by 0.43
V0458,geographic,geographic:86,0.38675000000000015,1.0,0.0,0.3094000000000001,0.65,winning geography differs from participation geography by 0.40
V0445,geographic,geographic:88,0.46875,1.0,0.0,0.375,0.65,winning geography differs from participation geography by 0.44
V0194,geographic,geographic:92,0.78125,1.0,0.0,0.625,0.65,winning geography differs from participation geography by 0.56
V0296,geographic,geographic:93,0.78125,1.0,0.0,0.625,0.65,winning geography differs from participation geography by 0.56
V0045,geographic,geographic:97,0.48600000000000004,1.0,0.0,0.38880000000000003,0.65,winning geography differs from participation geography by 0.44
V0534,geographic,geographic:101,0.7639999999999999,1.0,0.0,0.6112,0.65,winning geography differs from participation geography by 0.56
V0502,geographic,geographic:107,0.5069999999999999,1.0,0.0,0.40559999999999996,0.65,winning geography differs from participation geography by 0.45
V0386,geographic,geographic:111,0.32200000000000006,1.0,0.0,0.25760000000000005,0.65,winning geography differs from participation geography by 0.38
V0367,geographic,geographic:125,0.72125,1.0,0.0,0.577,0.65,winning geography differs from participation geography by 0.54
V0008,geographic,geographic:133,0.5515,1.0,0.0,0.44120000000000004,0.65,winning geography differs from participation geography by 0.47
V0488,geographic,geographic:136,0.5554999999999999,1.0,0.0,0.4443999999999999,0.65,winning geography differs from participation geography by 0.47
V0389,geographic,geographic:137,0.55925,1.0,0.0,0.4474,0.65,winning geography differs from participation geography by 0.47
V0286,geographic,geographic:141,0.5654999999999999,1.0,0.0,0.4523999999999999,0.65,winning geography differs from participation geography by 0.48
V0244,geographic,geographic:145,0.34775,1.0,0.0,0.2782,0.65,winning geography differs from participation geography by 0.39
V0006,geographic,geographic:151,0.625,1.0,0.0,0.5,0.65,winning geography differs from participation geography by 0.50
V0085,geographic,geographic:152,0.625,1.0,0.0,0.5,0.65,winning geography differs from participation geography by 0.50
V0076,geographic,geographic:164,0.625,1.0,0.0,0.5,0.65,winning geography differs from participation geography by 0.50
V0145,geographic,geographic:165,0.625,1.0,0.0,0.5,0.65,winning geography differs from participation geography by 0.50
V0187,geographic,geographic:166,0.625,1.0,0.0,0.5,0.65,winning geography differs from participation geography by 0.50
V0269,geographic,geographic:170,0.6569999999999998,1.0,0.0,0.5255999999999998,0.65,winning geography differs from participation geography by 0.51
V0204,geographic,geographic:178,0.57075,1.0,0.0,0.4566,0.65,winning geography differs from participation geography by 0.48
V0306,geographic,geographic:193,0.5515,1.0,0.0,0.44120000000000004,0.65,winning geography differs from participation geography by 0.47
V0265,geographic,geographic:194,0.7082499999999999,1.0,0.0,0.5666,0.65,winning geography differs from participation geography by 0.53
V0222,geographic,geographic:203,0.7387499999999999,1.0,0.0,0.591,0.65,winning geography differs from participation geography by 0.55
V0273,geographic,geographic:205,0.51125,1.0,0.0,0.40900000000000003,0.65,winning geography differs from participation geography by 0.45
V0299,geographic,geographic:206,0.51125,1.0,0.0,0.40900000000000003,0.65,winning geography differs from participation geography by 0.45
V0423,geographic,geographic:207,0.51125,1.0,0.0,0.40900000000000003,0.65,winning geography differs from participation geography by 0.45
V0214,geographic,geographic:216,0.5,1.0,0.0,0.4,0.65,winning geography differs from participation geography by 0.45
V0340,geographic,geographic:217,0.49199999999999994,1.0,0.0,0.39359999999999995,0.65,winning geography differs from participation geography by 0.45
V0505,geographic,geographic:219,0.7639999999999999,1.0,0.0,0.6112,0.65,winning geography differs from participation geography by 0.56
V0151,geographic,geographic:230,0.462,1.0,0.0,0.36960000000000004,0.65,winning geography differs from participation geography by 0.43
V0476,geographic,geographic:239,0.44649999999999995,1.0,0.0,0.35719999999999996,0.65,winning geography differs from participation geography by 0.43
V0213,geographic,geographic:240,0.8222499999999999,1.0,0.0,0.6577999999999999,0.65,winning geography differs from participation geography by 0.58
V0337,geographic,geographic:254,0.41675,1.0,0.0,0.33340000000000003,0.65,winning geography differs from participation geography by 0.42
V0441,geographic,geographic:265,0.40449999999999997,1.0,0.0,0.3236,0.65,winning geography differs from participation geography by 0.41
V0489,geographic,geographic:269,0.39349999999999996,1.0,0.0,0.31479999999999997,0.65,winning geography differs from participation geography by 0.41
V0474,geographic,geographic:272,0.8749999999999999,1.0,0.0,0.7,0.65,winning geography differs from participation geography by 0.60
V0189,geographic,geographic:279,0.37500000000000006,1.0,0.0,0.30000000000000004,0.65,winning geography differs from participation geography by 0.40
V0221,geographic,geographic:280,0.37500000000000006,1.0,0.0,0.30000000000000004,0.65,winning geography differs from participation geography by 0.40
V0330,geographic,geographic:281,0.37500000000000006,1.0,0.0,0.30000000000000004,0.65,winning geography differs from participation geography by 0.40
V0457,geographic,geographic:282,0.37500000000000006,1.0,0.0,0.30000000000000004,0.65,winning geography differs from participation geography by 0.40
V0381,geographic,geographic:284,0.3505,1.0,0.0,0.2804,0.65,winning geography differs from participation geography by 0.39
V0487,geographic,geographic:287,0.34725000000000006,1.0,0.0,0.27780000000000005,0.65,winning geography differs from participation geography by 0.39
V0361,geographic,geographic:291,0.9134999999999999,1.0,0.0,0.7307999999999999,0.65,winning geography differs from participation geography by 0.62
V0106,geographic,geographic:297,0.33649999999999997,1.0,0.0,0.2692,0.65,winning geography differs from participation geography by 0.38
V0148,geographic,geographic:302,0.9225,1.0,0.0,0.738,0.65,winning geography differs from participation geography by 0.62
V0234,geographic,geographic:303,0.3275,1.0,0.0,0.262,0.65,winning geography differs from participation geography by 0.38
V0098,geographic,geographic:307,0.9375,1.0,0.0,0.75,0.65,winning geography differs from participation geography by 0.62
V0193,geographic,geographic:316,0.3125,1.0,0.0,0.25,0.65,winning geography differs from participation geography by 0.38
V0311,geographic,geographic:317,0.3125,1.0,0.0,0.25,0.65,winning geography differs from participation geography by 0.38
V0321,geographic,geographic:318,0.3125,1.0,0.0,0.25,0.65,winning geography differs from participation geography by 0.38
V0475,geographic,geographic:319,0.3125,1.0,0.0,0.25,0.65,winning geography differs from participation geography by 0.38
V0497,geographic,geographic:320,0.3125,1.0,0.0,0.25,0.65,winning geography differs from participation geography by 0.38
V0471,geographic,geographic:330,0.4822500000000002,1.0,0.0,0.38580000000000014,0.65,winning geography differs from participation geography by 0.44
V0267,geographic,geographic:336,0.99275,1.0,0.0,0.7942,0.65,winning geography differs from participation geography by 0.65
V0354,geographic,geographic:337,0.99275,1.0,0.0,0.7942,0.65,winning geography differs from participation geography by 0.65
V0125,geographic,geographic:357,1.0,1.0,0.0,0.8,0.65,winning geography differs from participation geography by 0.67
V0484,geographic,geographic:398,0.48075000000000007,1.0,0.0,0.38460000000000005,0.65,winning geography differs from participation geography by 0.44
V0019,geographic,geographic:404,1.0,1.0,0.0,0.8,0.65,winning geography differs from participation geography by 0.70
V0097,geographic,geographic:415,0.30649999999999994,1.0,0.0,0.24519999999999997,0.65,winning geography differs from participation geography by 0.37
V0480,geographic,geographic:429,1.0,1.0,0.0,0.8,0.65,winning geography differs from participation geography by 0.71
V0140,geographic,geographic:430,0.32749999999999985,1.0,0.0,0.2619999999999999,0.65,winning geography differs from participation geography by 0.38
V0410,geographic,geographic:459,0.3749999999999999,1.0,0.0,0.29999999999999993,0.65,winning geography differs from participation geography by 0.40
V0507,geographic,geographic:471,0.4167499999999999,1.0,0.0,0.3333999999999999,0.65,winning geography differs from participation geography by 0.42
