case_id,vendor_id,investigation_priority,evidence_family_count,evidence_families,weighted_evidence_strength,strongest_evidence_strength,convergence_strength,context_factor,raw_strength,evidence_count,explanations
CASE-0001,V0125,58,2,"cooccurrence, geographic",1.0,1.0,0.6376,0.61,0.855,5,3 shared tenders; 13.04x expected contextual co-occurrence | dominant-region win share=100.00% vs participation share=33.33%
CASE-0002,V0511,56,2,"cooccurrence, price",0.943,1.0,0.6376,0.607,0.8311,14,"4 shared tenders; 13.49x expected contextual co-occurrence | tender T02098 has unusually tight bid separation; robust z=4.15, relative spread=0.0441"
CASE-0003,V0389,55,3,"cooccurrence, price, geographic",0.8616,0.9533,0.7971,0.55,0.8588,13,"3 shared tenders; 14.58x expected contextual co-occurrence | tender T02098 has unusually tight bid separation; robust z=4.15, relative spread=0.0441 | dominant-region win share=100.00% vs participation share=52.63%"
CASE-0004,V0148,55,3,"cooccurrence, geographic, price",0.7578,1.0,0.7971,0.603,0.8132,12,"3 shared tenders; 15.75x expected contextual co-occurrence | dominant-region win share=100.00% vs participation share=38.10% | tender T00483 has unusually tight bid separation; robust z=-1.32, relative spread=0.1729"
CASE-0005,V0546,55,3,"cooccurrence, temporal, price",0.7478,1.0,0.7971,0.615,0.808,18,"4 shared tenders; 9.99x expected contextual co-occurrence | win-rate changed from 0.00% to 60.00%; standardized shift=2.93 | tender T00578 has unusually tight bid separation; robust z=-1.72, relative spread=0.1273"
CASE-0006,V0265,54,3,"cooccurrence, geographic, price",0.7322,0.9919,0.7971,0.597,0.7984,13,"3 shared tenders; 15.45x expected contextual co-occurrence | dominant-region win share=100.00% vs participation share=46.67% | tender T00815 has unusually tight bid separation; robust z=-0.67, relative spread=0.1810"
CASE-0007,V0098,54,2,"geographic, cooccurrence",1.0,1.0,0.6376,0.55,0.855,16,dominant-region win share=100.00% vs participation share=37.50% | 3 shared tenders; 8.31x expected contextual co-occurrence
CASE-0008,V0057,54,2,"cooccurrence, price",0.9068,0.9567,0.6376,0.592,0.8081,9,"3 shared tenders; 8.46x expected contextual co-occurrence | tender T02098 has unusually tight bid separation; robust z=4.15, relative spread=0.0441"
CASE-0009,V0454,53,3,"cooccurrence, temporal, price",0.8223,0.9689,0.7971,0.55,0.8411,45,"4 shared tenders; 8.23x expected contextual co-occurrence | win-rate changed from 31.82% to 0.00%; standardized shift=2.83 | tender T01248 has unusually tight bid separation; robust z=3.31, relative spread=0.0249"
CASE-0010,V0474,53,3,"geographic, cooccurrence, price",0.6377,1.0,0.7971,0.651,0.7507,4,"dominant-region win share=100.00% vs participation share=40.00% | 3 shared tenders; 14.06x expected contextual co-occurrence | tender T00062 has unusually tight bid separation; robust z=-1.73, relative spread=0.1909"
CASE-0011,V0271,53,3,"cooccurrence, price, geographic",0.6032,1.0,0.7971,0.665,0.7328,12,"4 shared tenders; 9.30x expected contextual co-occurrence | tender T00986 has unusually tight bid separation; robust z=2.66, relative spread=0.0384 | dominant-region win share=66.67% vs participation share=41.67%"
CASE-0012,V0009,53,2,"cooccurrence, price",0.9478,1.0,0.6376,0.55,0.8331,14,"3 shared tenders; 10.49x expected contextual co-occurrence | tender T02098 has unusually tight bid separation; robust z=4.15, relative spread=0.0441"
CASE-0013,V0020,52,3,"cooccurrence, price, winner_concentration",0.7756,1.0,0.7971,0.55,0.8225,40,"20 shared tenders; 7.98x expected contextual co-occurrence | tender T01129 has unusually tight bid separation; robust z=3.09, relative spread=0.0251 | top-vendor share=23.08% across 13 peer tenders"
CASE-0014,V0019,52,3,"cooccurrence, geographic, price",0.7653,1.0,0.7971,0.55,0.8171,24,"4 shared tenders; 9.52x expected contextual co-occurrence | dominant-region win share=100.00% vs participation share=30.43% | tender T00003 has unusually tight bid separation; robust z=-2.36, relative spread=0.2089"
CASE-0015,V0354,52,3,"geographic, cooccurrence, price",0.7627,1.0,0.7971,0.55,0.8157,12,"dominant-region win share=100.00% vs participation share=35.29% | 3 shared tenders; 18.10x expected contextual co-occurrence | tender T00723 has unusually tight bid separation; robust z=-3.76, relative spread=0.1955"
CASE-0016,V0046,52,3,"geographic, cooccurrence, price",0.757,1.0,0.7971,0.55,0.8128,14,"dominant-region win share=0.00% vs participation share=60.00% | 3 shared tenders; 12.56x expected contextual co-occurrence | tender T00433 has unusually tight bid separation; robust z=-1.81, relative spread=0.1651"
CASE-0017,V0496,52,3,"cooccurrence, geographic, price",0.7566,1.0,0.7971,0.55,0.8126,27,"5 shared tenders; 8.32x expected contextual co-occurrence | dominant-region win share=0.00% vs participation share=61.54% | tender T00660 has unusually tight bid separation; robust z=-4.13, relative spread=0.2117"
CASE-0018,V0480,52,3,"geographic, cooccurrence, price",0.7045,1.0,0.7971,0.588,0.7855,6,"dominant-region win share=100.00% vs participation share=28.57% | 3 shared tenders; 21.31x expected contextual co-occurrence | tender T01201 has unusually tight bid separation; robust z=-0.70, relative spread=0.1807"
CASE-0019,V0267,52,3,"geographic, cooccurrence, price",0.6963,1.0,0.7971,0.594,0.7812,7,"dominant-region win share=100.00% vs participation share=35.29% | 3 shared tenders; 9.93x expected contextual co-occurrence | tender T01912 has unusually tight bid separation; robust z=-2.62, relative spread=0.2050"
CASE-0020,V0222,52,3,"cooccurrence, geographic, price",0.6858,0.9802,0.7971,0.61,0.7722,6,"3 shared tenders; 14.36x expected contextual co-occurrence | dominant-region win share=100.00% vs participation share=45.45% | tender T01173 has unusually tight bid separation; robust z=-0.67, relative spread=0.1661"
CASE-0021,V0026,52,3,"cooccurrence, winner_concentration, price",0.6689,1.0,0.7971,0.616,0.767,31,"11 shared tenders; 8.28x expected contextual co-occurrence | top-vendor share=22.22% across 9 peer tenders | tender T00939 has unusually tight bid separation; robust z=-4.31, relative spread=0.1934"
CASE-0022,V0507,52,3,"cooccurrence, geographic, price",0.665,1.0,0.7971,0.602,0.7649,17,"4 shared tenders; 24.83x expected contextual co-occurrence | dominant-region win share=66.67% vs participation share=25.00% | tender T01191 has unusually tight bid separation; robust z=-2.59, relative spread=0.1919"
CASE-0023,V0470,52,2,"cooccurrence, price",0.708,1.0,0.6376,0.656,0.7324,19,"6 shared tenders; 8.28x expected contextual co-occurrence | tender T01481 has unusually tight bid separation; robust z=0.00, relative spread=0.0719"
CASE-0024,V0035,51,3,"cooccurrence, temporal, price",0.737,0.9938,0.7971,0.55,0.8013,29,"3 shared tenders; 9.22x expected contextual co-occurrence | win-rate changed from 0.00% to 50.00%; standardized shift=2.83 | tender T00807 has unusually tight bid separation; robust z=0.00, relative spread=0.0924"
CASE-0025,V0194,51,3,"cooccurrence, geographic, price",0.7347,0.9863,0.7971,0.55,0.7987,11,"4 shared tenders; 15.15x expected contextual co-occurrence | dominant-region win share=0.00% vs participation share=56.25% | tender T01791 has unusually tight bid separation; robust z=-1.20, relative spread=0.1670"
CASE-0026,V0367,51,3,"cooccurrence, geographic, price",0.7325,0.9873,0.7971,0.55,0.7978,28,"4 shared tenders; 15.53x expected contextual co-occurrence | dominant-region win share=0.00% vs participation share=53.85% | tender T02073 has unusually tight bid separation; robust z=-3.39, relative spread=0.2136"
CASE-0027,V0505,51,3,"cooccurrence, geographic, price",0.7246,1.0,0.7971,0.55,0.7959,14,"3 shared tenders; 11.13x expected contextual co-occurrence | dominant-region win share=100.00% vs participation share=44.44% | tender T01158 has unusually tight bid separation; robust z=-2.77, relative spread=0.2082"
CASE-0028,V0361,51,3,"cooccurrence, geographic, price",0.6808,1.0,0.7971,0.578,0.7731,8,"3 shared tenders; 14.70x expected contextual co-occurrence | dominant-region win share=100.00% vs participation share=38.46% | tender T01825 has unusually tight bid separation; robust z=-1.23, relative spread=0.1550"
CASE-0029,V0457,51,3,"cooccurrence, geographic, price",0.6493,0.9896,0.7971,0.6,0.7549,8,"3 shared tenders; 10.77x expected contextual co-occurrence | dominant-region win share=0.00% vs participation share=40.00% | tender T00621 has unusually tight bid separation; robust z=-3.11, relative spread=0.1904"
CASE-0030,V0093,51,3,"cooccurrence, price, winner_concentration",0.639,1.0,0.7971,0.607,0.7514,34,"7 shared tenders; 9.08x expected contextual co-occurrence | tender T00914 has unusually tight bid separation; robust z=-2.39, relative spread=0.2221 | top-vendor share=20.00% across 10 peer tenders"
CASE-0031,V0410,51,3,"cooccurrence, geographic, price",0.6291,1.0,0.7971,0.615,0.7462,18,"3 shared tenders; 7.56x expected contextual co-occurrence | dominant-region win share=66.67% vs participation share=26.67% | tender T01159 has unusually tight bid separation; robust z=0.00, relative spread=0.0891"
CASE-0032,V0150,51,3,"cooccurrence, price, geographic",0.6279,1.0,0.7971,0.61,0.7456,18,"3 shared tenders; 7.88x expected contextual co-occurrence | tender T01930 has unusually tight bid separation; robust z=-2.61, relative spread=0.2442 | dominant-region win share=0.00% vs participation share=34.62%"
CASE-0033,V0250,51,2,"cooccurrence, price",0.8914,0.94,0.6376,0.55,0.7986,6,"3 shared tenders; 19.09x expected contextual co-occurrence | tender T02098 has unusually tight bid separation; robust z=4.15, relative spread=0.0441"
CASE-0034,V0460,51,2,"cooccurrence, price",0.7296,1.0,0.6376,0.628,0.7415,28,"11 shared tenders; 8.04x expected contextual co-occurrence | tender T01222 has unusually tight bid separation; robust z=2.48, relative spread=0.0384"
CASE-0035,V0516,51,2,"cooccurrence, price",0.7055,1.0,0.6376,0.626,0.7313,22,"7 shared tenders; 7.83x expected contextual co-occurrence | tender T02387 has unusually tight bid separation; robust z=-0.92, relative spread=0.1401"
CASE-0036,V0204,50,3,"cooccurrence, geographic, price",0.6996,1.0,0.7971,0.55,0.7829,29,"4 shared tenders; 18.49x expected contextual co-occurrence | dominant-region win share=0.00% vs participation share=47.83% | tender T01040 has unusually tight bid separation; robust z=-1.73, relative spread=0.1935"
CASE-0037,V0299,50,3,"cooccurrence, geographic, price",0.6965,0.996,0.7971,0.55,0.7806,15,"3 shared tenders; 13.16x expected contextual co-occurrence | dominant-region win share=0.00% vs participation share=45.45% | tender T00470 has unusually tight bid separation; robust z=2.46, relative spread=0.0104"
CASE-0038,V0488,50,3,"cooccurrence, geographic, price",0.6927,1.0,0.7971,0.55,0.7793,34,"4 shared tenders; 8.36x expected contextual co-occurrence | dominant-region win share=100.00% vs participation share=52.78% | tender T01643 has unusually tight bid separation; robust z=-2.21, relative spread=0.1903"
CASE-0039,V0006,50,3,"cooccurrence, geographic, price",0.676,0.9523,0.7971,0.583,0.7621,6,"3 shared tenders; 9.67x expected contextual co-occurrence | dominant-region win share=100.00% vs participation share=50.00% | tender T02387 has unusually tight bid separation; robust z=-0.92, relative spread=0.1401"
CASE-0040,V0484,50,3,"cooccurrence, geographic, price",0.6614,1.0,0.7971,0.583,0.7631,18,"5 shared tenders; 8.66x expected contextual co-occurrence | dominant-region win share=75.00% vs participation share=30.77% | tender T02347 has unusually tight bid separation; robust z=-3.78, relative spread=0.2213"
CASE-0041,V0151,50,3,"cooccurrence, geographic, price",0.6509,1.0,0.7971,0.577,0.7576,21,"3 shared tenders; 10.77x expected contextual co-occurrence | dominant-region win share=0.00% vs participation share=43.48% | tender T00770 has unusually tight bid separation; robust z=-0.67, relative spread=0.0521"
CASE-0042,V0542,50,3,"cooccurrence, price, geographic",0.6222,1.0,0.7971,0.607,0.7427,10,"3 shared tenders; 14.81x expected contextual co-occurrence | tender T01510 has unusually tight bid separation; robust z=2.48, relative spread=0.0097 | dominant-region win share=0.00% vs participation share=31.25%"
CASE-0043,V0097,50,3,"cooccurrence, geographic, price",0.6198,1.0,0.7971,0.6,0.7414,9,"3 shared tenders; 9.50x expected contextual co-occurrence | dominant-region win share=66.67% vs participation share=29.41% | tender T00169 has unusually tight bid separation; robust z=-0.95, relative spread=0.1799"
CASE-0044,V0356,50,3,"cooccurrence, price, geographic",0.6039,1.0,0.7971,0.615,0.7331,16,"4 shared tenders; 8.13x expected contextual co-occurrence | tender T01201 has unusually tight bid separation; robust z=-0.70, relative spread=0.1807 | dominant-region win share=66.67% vs participation share=34.78%"
CASE-0045,V0476,50,2,"cooccurrence, geographic",0.848,1.0,0.6376,0.55,0.7912,12,3 shared tenders; 14.81x expected contextual co-occurrence | dominant-region win share=0.00% vs participation share=42.86%
CASE-0046,V0512,50,2,"cooccurrence, price",0.7905,1.0,0.6376,0.575,0.767,27,"6 shared tenders; 11.68x expected contextual co-occurrence | tender T02329 has unusually tight bid separation; robust z=2.93, relative spread=0.0535"
CASE-0047,V0309,50,2,"cooccurrence, price",0.7609,1.0,0.6376,0.582,0.7546,57,"10 shared tenders; 10.97x expected contextual co-occurrence | tender T01554 has unusually tight bid separation; robust z=2.70, relative spread=0.0181"
CASE-0048,V0413,50,2,"cooccurrence, price",0.759,1.0,0.6376,0.593,0.7538,33,"8 shared tenders; 8.10x expected contextual co-occurrence | tender T01554 has unusually tight bid separation; robust z=2.70, relative spread=0.0181"
CASE-0049,V0472,50,2,"cooccurrence, price",0.7552,1.0,0.6376,0.598,0.7522,32,"4 shared tenders; 8.35x expected contextual co-occurrence | tender T01155 has unusually tight bid separation; robust z=2.69, relative spread=0.0431"
CASE-0050,V0504,50,2,"cooccurrence, price",0.7202,1.0,0.6376,0.599,0.7375,42,"7 shared tenders; 7.93x expected contextual co-occurrence | tender T00908 has unusually tight bid separation; robust z=2.42, relative spread=0.0270"
CASE-0051,V0295,50,2,"cooccurrence, price",0.7084,1.0,0.6376,0.607,0.7326,28,"11 shared tenders; 8.28x expected contextual co-occurrence | tender T01186 has unusually tight bid separation; robust z=-1.04, relative spread=0.1144"
CASE-0052,V0532,50,2,"cooccurrence, price",0.7062,1.0,0.6376,0.617,0.7316,23,"3 shared tenders; 9.06x expected contextual co-occurrence | tender T00911 has unusually tight bid separation; robust z=0.00, relative spread=0.1123"
CASE-0053,V0350,50,2,"cooccurrence, price",0.6896,1.0,0.6376,0.615,0.7247,11,"3 shared tenders; 13.35x expected contextual co-occurrence | tender T02256 has unusually tight bid separation; robust z=0.00, relative spread=0.1239"
CASE-0054,V0330,50,1,geographic,0.5,0.5,0.3527,1.0,0.5,1,dominant-region win share=0.00% vs participation share=40.00%
CASE-0055,V0417,49,4,"cooccurrence, temporal, price, geographic",0.6555,0.9433,0.8864,0.55,0.7766,29,"8 shared tenders; 8.48x expected contextual co-occurrence | win-rate changed from 5.26% to 44.44%; standardized shift=2.78 | tender T01232 has unusually tight bid separation; robust z=2.46, relative spread=0.0243 | dominant-region win share=77.78% vs participation share=48.65%"
CASE-0056,V0277,49,4,"cooccurrence, winner_concentration, price, geographic",0.6385,1.0,0.8864,0.55,0.7779,38,"20 shared tenders; 9.02x expected contextual co-occurrence | top-vendor share=25.81% across 31 peer tenders | tender T01222 has unusually tight bid separation; robust z=2.48, relative spread=0.0384 | dominant-region win share=71.43% vs participation share=40.85%"
CASE-0057,V0066,49,4,"cooccurrence, temporal, price, geographic",0.6165,1.0,0.8864,0.55,0.7665,50,"11 shared tenders; 7.88x expected contextual co-occurrence | win-rate changed from 37.04% to 7.69%; standardized shift=2.55 | tender T00914 has unusually tight bid separation; robust z=-2.39, relative spread=0.2221 | dominant-region win share=75.00% vs participation share=45.28%"
CASE-0058,V0213,49,3,"geographic, cooccurrence, price",0.704,0.9472,0.7971,0.55,0.7757,14,"dominant-region win share=100.00% vs participation share=42.11% | 4 shared tenders; 11.43x expected contextual co-occurrence | tender T02038 has unusually tight bid separation; robust z=-1.32, relative spread=0.1680"
CASE-0059,V0286,49,3,"cooccurrence, geographic, price",0.6916,0.986,0.7971,0.55,0.7763,21,"3 shared tenders; 13.65x expected contextual co-occurrence | dominant-region win share=100.00% vs participation share=52.38% | tender T01040 has unusually tight bid separation; robust z=-1.73, relative spread=0.1935"
CASE-0060,V0296,49,3,"cooccurrence, geographic, price",0.6912,0.9701,0.7971,0.55,0.7732,8,"4 shared tenders; 15.11x expected contextual co-occurrence | dominant-region win share=0.00% vs participation share=56.25% | tender T01201 has unusually tight bid separation; robust z=-0.70, relative spread=0.1807"
CASE-0061,V0269,49,3,"cooccurrence, geographic, price",0.6906,0.9461,0.7971,0.55,0.7685,26,"3 shared tenders; 10.03x expected contextual co-occurrence | dominant-region win share=100.00% vs participation share=48.72% | tender T00621 has unusually tight bid separation; robust z=-3.11, relative spread=0.1904"
CASE-0062,V0076,49,3,"cooccurrence, geographic, price",0.6815,0.9486,0.7971,0.55,0.7643,17,"6 shared tenders; 21.09x expected contextual co-occurrence | dominant-region win share=0.00% vs participation share=50.00% | tender T01075 has unusually tight bid separation; robust z=-2.31, relative spread=0.2161"
CASE-0063,V0141,49,3,"cooccurrence, price, geographic",0.679,1.0,0.7971,0.55,0.7722,37,"4 shared tenders; 15.16x expected contextual co-occurrence | tender T00564 has unusually tight bid separation; robust z=2.88, relative spread=0.0152 | dominant-region win share=100.00% vs participation share=67.86%"
CASE-0064,V0347,49,3,"geographic, cooccurrence, price",0.6789,1.0,0.7971,0.55,0.7722,6,"dominant-region win share=0.00% vs participation share=62.50% | 3 shared tenders; 11.86x expected contextual co-occurrence | tender T00520 has unusually tight bid separation; robust z=-2.28, relative spread=0.2269"
CASE-0065,V0471,49,3,"cooccurrence, geographic, price",0.6772,1.0,0.7971,0.55,0.7713,12,"3 shared tenders; 14.72x expected contextual co-occurrence | dominant-region win share=80.00% vs participation share=35.71% | tender T02261 has unusually tight bid separation; robust z=-0.71, relative spread=0.1077"
CASE-0066,V0337,49,3,"cooccurrence, geographic, price",0.6674,1.0,0.7971,0.55,0.7662,20,"3 shared tenders; 8.33x expected contextual co-occurrence | dominant-region win share=0.00% vs participation share=41.67% | tender T01173 has unusually tight bid separation; robust z=-0.67, relative spread=0.1661"
CASE-0067,V0008,49,3,"cooccurrence, geographic, price",0.6666,1.0,0.7971,0.55,0.7658,15,"3 shared tenders; 18.27x expected contextual co-occurrence | dominant-region win share=100.00% vs participation share=52.94% | tender T01283 has unusually tight bid separation; robust z=-2.52, relative spread=0.2070"
CASE-0068,V0441,49,3,"cooccurrence, geographic, price",0.6623,1.0,0.7971,0.55,0.7635,16,"3 shared tenders; 10.48x expected contextual co-occurrence | dominant-region win share=0.00% vs participation share=41.18% | tender T00911 has unusually tight bid separation; robust z=0.00, relative spread=0.1123"
CASE-0069,V0266,49,3,"cooccurrence, price, geographic",0.6198,1.0,0.7971,0.586,0.7414,20,"3 shared tenders; 13.91x expected contextual co-occurrence | tender T00077 has unusually tight bid separation; robust z=-2.23, relative spread=0.1779 | dominant-region win share=0.00% vs participation share=33.33%"
CASE-0070,V0140,49,3,"cooccurrence, geographic, temporal",0.6164,0.9625,0.7971,0.597,0.7329,9,3 shared tenders; 11.66x expected contextual co-occurrence | dominant-region win share=66.67% vs participation share=28.57% | win-rate changed from 0.00% to 42.86%; standardized shift=1.95
CASE-0071,V0070,49,3,"cooccurrence, price, geographic",0.6001,1.0,0.7971,0.591,0.7312,13,"3 shared tenders; 17.19x expected contextual co-occurrence | tender T01283 has unusually tight bid separation; robust z=-2.52, relative spread=0.2070 | dominant-region win share=0.00% vs participation share=29.41%"
CASE-0072,V0324,49,3,"cooccurrence, geographic, price",0.6001,0.9441,0.7971,0.603,0.7211,6,"3 shared tenders; 16.98x expected contextual co-occurrence | dominant-region win share=75.00% vs participation share=38.46% | tender T00009 has unusually tight bid separation; robust z=2.41, relative spread=0.0779"
CASE-0073,V0100,49,3,"cooccurrence, price, geographic",0.5926,1.0,0.7971,0.601,0.7273,13,"5 shared tenders; 8.81x expected contextual co-occurrence | tender T01791 has unusually tight bid separation; robust z=-1.20, relative spread=0.1670 | dominant-region win share=0.00% vs participation share=30.77%"
CASE-0074,V0206,49,3,"cooccurrence, temporal, price",0.5821,0.9934,0.7971,0.605,0.7206,7,"3 shared tenders; 10.13x expected contextual co-occurrence | win-rate changed from 50.00% to 0.00%; standardized shift=2.00 | tender T02344 has unusually tight bid separation; robust z=-2.97, relative spread=0.2178"
CASE-0075,V0355,49,2,"cooccurrence, price",0.8162,1.0,0.6376,0.55,0.7778,42,"17 shared tenders; 8.68x expected contextual co-occurrence | tender T01129 has unusually tight bid separation; robust z=3.09, relative spread=0.0251"
CASE-0076,V0025,49,2,"cooccurrence, price",0.8137,0.9961,0.6376,0.55,0.7761,29,"18 shared tenders; 8.75x expected contextual co-occurrence | tender T01129 has unusually tight bid separation; robust z=3.09, relative spread=0.0251"
CASE-0077,V0320,49,2,"cooccurrence, price",0.7974,1.0,0.6376,0.55,0.77,35,"4 shared tenders; 8.13x expected contextual co-occurrence | tender T01080 has unusually tight bid separation; robust z=2.98, relative spread=0.0367"
CASE-0078,V0451,49,2,"cooccurrence, price",0.7968,1.0,0.6376,0.55,0.7697,25,"3 shared tenders; 10.77x expected contextual co-occurrence | tender T01662 has unusually tight bid separation; robust z=2.96, relative spread=0.0085"
CASE-0079,V0490,49,2,"cooccurrence, price",0.7817,1.0,0.6376,0.55,0.7634,11,"4 shared tenders; 18.49x expected contextual co-occurrence | tender T00564 has unusually tight bid separation; robust z=2.88, relative spread=0.0152"
CASE-0080,V0405,49,2,"cooccurrence, price",0.7816,1.0,0.6376,0.55,0.7633,13,"5 shared tenders; 8.77x expected contextual co-occurrence | tender T02329 has unusually tight bid separation; robust z=2.93, relative spread=0.0535"
CASE-0081,V0197,49,2,"cooccurrence, price",0.7503,1.0,0.6376,0.569,0.7502,20,"4 shared tenders; 8.10x expected contextual co-occurrence | tender T01155 has unusually tight bid separation; robust z=2.69, relative spread=0.0431"
CASE-0082,V0424,49,2,"cooccurrence, price",0.7238,0.9543,0.6376,0.595,0.7308,43,"4 shared tenders; 10.04x expected contextual co-occurrence | tender T01104 has unusually tight bid separation; robust z=2.61, relative spread=0.0217"
CASE-0083,V0130,49,2,"cooccurrence, price",0.7181,1.0,0.6376,0.595,0.7367,25,"3 shared tenders; 8.71x expected contextual co-occurrence | tender T00009 has unusually tight bid separation; robust z=2.41, relative spread=0.0779"
CASE-0084,V0534,49,2,"geographic, cooccurrence",0.7148,0.889,0.6376,0.619,0.7153,2,dominant-region win share=0.00% vs participation share=55.56% | 3 shared tenders; 30.36x expected contextual co-occurrence
CASE-0085,V0071,49,2,"cooccurrence, price",0.7087,1.0,0.6376,0.597,0.7327,32,"22 shared tenders; 14.38x expected contextual co-occurrence | tender T00009 has unusually tight bid separation; robust z=2.41, relative spread=0.0779"
CASE-0086,V0050,49,2,"cooccurrence, price",0.7085,1.0,0.6376,0.589,0.7326,33,"12 shared tenders; 8.46x expected contextual co-occurrence | tender T00939 has unusually tight bid separation; robust z=-4.31, relative spread=0.1934"
CASE-0087,V0003,49,2,"cooccurrence, price",0.7084,1.0,0.6376,0.591,0.7326,41,"7 shared tenders; 9.08x expected contextual co-occurrence | tender T00911 has unusually tight bid separation; robust z=0.00, relative spread=0.1123"
CASE-0088,V0113,49,2,"cooccurrence, price",0.7084,1.0,0.6376,0.588,0.7326,35,"12 shared tenders; 8.46x expected contextual co-occurrence | tender T00939 has unusually tight bid separation; robust z=-4.31, relative spread=0.1934"
CASE-0089,V0041,49,2,"cooccurrence, price",0.7083,1.0,0.6376,0.6,0.7325,25,"12 shared tenders; 8.63x expected contextual co-occurrence | tender T00939 has unusually tight bid separation; robust z=-4.31, relative spread=0.1934"
CASE-0090,V0531,49,2,"cooccurrence, price",0.7082,1.0,0.6376,0.597,0.7325,42,"5 shared tenders; 8.81x expected contextual co-occurrence | tender T01791 has unusually tight bid separation; robust z=-1.20, relative spread=0.1670"
CASE-0091,V0370,49,2,"cooccurrence, price",0.708,1.0,0.6376,0.589,0.7324,45,"6 shared tenders; 7.97x expected contextual co-occurrence | tender T00800 has unusually tight bid separation; robust z=-2.11, relative spread=0.2011"
CASE-0092,V0223,49,2,"cooccurrence, price",0.7077,1.0,0.6376,0.597,0.7323,29,"16 shared tenders; 9.28x expected contextual co-occurrence | tender T01186 has unusually tight bid separation; robust z=-1.04, relative spread=0.1144"
CASE-0093,V0322,49,2,"cooccurrence, price",0.7067,1.0,0.6376,0.599,0.7318,39,"7 shared tenders; 10.27x expected contextual co-occurrence | tender T00578 has unusually tight bid separation; robust z=-1.72, relative spread=0.1273"
CASE-0094,V0123,49,2,"cooccurrence, price",0.7048,1.0,0.6376,0.595,0.7311,44,"9 shared tenders; 7.70x expected contextual co-occurrence | tender T02129 has unusually tight bid separation; robust z=-1.12, relative spread=0.1288"
CASE-0095,V0377,49,2,"cooccurrence, price",0.7034,1.0,0.6376,0.603,0.7304,17,"4 shared tenders; 9.51x expected contextual co-occurrence | tender T02364 has unusually tight bid separation; robust z=0.00, relative spread=0.0075"
CASE-0096,V0536,49,2,"cooccurrence, price",0.7029,1.0,0.6376,0.592,0.7303,21,"3 shared tenders; 10.12x expected contextual co-occurrence | tender T01040 has unusually tight bid separation; robust z=-1.73, relative spread=0.1935"
CASE-0097,V0104,49,2,"cooccurrence, price",0.7009,0.9946,0.6376,0.6,0.7284,12,"3 shared tenders; 18.10x expected contextual co-occurrence | tender T01831 has unusually tight bid separation; robust z=-1.56, relative spread=0.1254"
CASE-0098,V0510,49,2,"cooccurrence, price",0.6651,1.0,0.6376,0.612,0.7144,17,"5 shared tenders; 9.07x expected contextual co-occurrence | tender T01996 has unusually tight bid separation; robust z=-8.60, relative spread=0.1797"
CASE-0099,V0314,49,2,"cooccurrence, price",0.6447,1.0,0.6376,0.62,0.7058,6,"3 shared tenders; 23.85x expected contextual co-occurrence | tender T01262 has unusually tight bid separation; robust z=-0.92, relative spread=0.1219"
CASE-0100,V0293,48,4,"cooccurrence, temporal, price, winner_concentration",0.5878,0.9755,0.8864,0.55,0.7472,38,"4 shared tenders; 9.85x expected contextual co-occurrence | win-rate changed from 4.76% to 30.00%; standardized shift=2.15 | tender T01232 has unusually tight bid separation; robust z=2.46, relative spread=0.0243 | top-vendor share=20.00% across 10 peer tenders"
CASE-0101,V0052,48,4,"cooccurrence, price, temporal, geographic",0.5802,0.9965,0.8864,0.55,0.747,40,"28 shared tenders; 23.13x expected contextual co-occurrence | tender T01080 has unusually tight bid separation; robust z=2.98, relative spread=0.0367 | win-rate changed from 0.00% to 17.39%; standardized shift=2.09 | dominant-region win share=0.00% vs participation share=30.43%"
CASE-0102,V0321,48,4,"cooccurrence, geographic, price, temporal",0.5446,1.0,0.8864,0.579,0.7291,13,"4 shared tenders; 12.64x expected contextual co-occurrence | dominant-region win share=0.00% vs participation share=37.50% | tender T01192 has unusually tight bid separation; robust z=-0.67, relative spread=0.1212 | win-rate changed from 0.00% to 37.50%; standardized shift=1.92"
CASE-0103,V0273,48,4,"cooccurrence, geographic, temporal, price",0.5394,0.9444,0.8864,0.605,0.7164,8,"3 shared tenders; 8.71x expected contextual co-occurrence | dominant-region win share=0.00% vs participation share=45.45% | win-rate changed from 36.36% to 0.00%; standardized shift=2.21 | tender T01216 has unusually tight bid separation; robust z=-2.15, relative spread=0.1941"
CASE-0104,V0407,48,3,"cooccurrence, temporal, price",0.6597,1.0,0.7971,0.55,0.7622,25,"11 shared tenders; 8.56x expected contextual co-occurrence | win-rate changed from 35.00% to 5.00%; standardized shift=2.37 | tender T01119 has unusually tight bid separation; robust z=-0.67, relative spread=0.1233"
CASE-0105,V0445,48,3,"cooccurrence, geographic, price",0.6578,0.9495,0.7971,0.55,0.7521,13,"3 shared tenders; 36.35x expected contextual co-occurrence | dominant-region win share=100.00% vs participation share=56.25% | tender T02413 has unusually tight bid separation; robust z=-2.95, relative spread=0.2261"
CASE-0106,V0262,48,3,"cooccurrence, temporal, price",0.6561,1.0,0.7971,0.55,0.7603,27,"3 shared tenders; 9.20x expected contextual co-occurrence | win-rate changed from 7.69% to 46.15%; standardized shift=2.21 | tender T02425 has unusually tight bid separation; robust z=2.52, relative spread=0.0359"
CASE-0107,V0422,48,3,"cooccurrence, winner_concentration, price",0.6552,1.0,0.7971,0.55,0.7599,25,"4 shared tenders; 8.91x expected contextual co-occurrence | top-vendor share=21.43% across 14 peer tenders | tender T01261 has unusually tight bid separation; robust z=-2.62, relative spread=0.1666"
CASE-0108,V0216,48,3,"cooccurrence, price, geographic",0.6542,0.9528,0.7971,0.55,0.7508,15,"3 shared tenders; 7.85x expected contextual co-occurrence | tender T00986 has unusually tight bid separation; robust z=2.66, relative spread=0.0384 | dominant-region win share=100.00% vs participation share=63.16%"
CASE-0109,V0082,48,3,"cooccurrence, temporal, price",0.6539,1.0,0.7971,0.55,0.7591,31,"5 shared tenders; 7.99x expected contextual co-occurrence | win-rate changed from 50.00% to 12.50%; standardized shift=2.29 | tender T02149 has unusually tight bid separation; robust z=-1.65, relative spread=0.1393"
CASE-0110,V0475,48,3,"cooccurrence, geographic, price",0.6538,1.0,0.7971,0.55,0.7591,28,"3 shared tenders; 13.09x expected contextual co-occurrence | dominant-region win share=0.00% vs participation share=37.50% | tender T02232 has unusually tight bid separation; robust z=2.40, relative spread=0.0250"
CASE-0111,V0244,48,3,"cooccurrence, geographic, price",0.6499,1.0,0.7971,0.55,0.7571,48,"10 shared tenders; 8.62x expected contextual co-occurrence | dominant-region win share=90.91% vs participation share=52.00% | tender T02401 has unusually tight bid separation; robust z=-1.24, relative spread=0.1941"
CASE-0112,V0419,48,3,"cooccurrence, price, geographic",0.6451,1.0,0.7971,0.55,0.7546,46,"5 shared tenders; 7.10x expected contextual co-occurrence | tender T02195 has unusually tight bid separation; robust z=2.47, relative spread=0.0495 | dominant-region win share=91.67% vs participation share=57.14%"
CASE-0113,V0221,48,3,"cooccurrence, geographic, price",0.6444,1.0,0.7971,0.55,0.7542,17,"3 shared tenders; 10.47x expected contextual co-occurrence | dominant-region win share=0.00% vs participation share=40.00% | tender T01173 has unusually tight bid separation; robust z=-0.67, relative spread=0.1661"
CASE-0114,V0458,48,3,"cooccurrence, geographic, price",0.6437,1.0,0.7971,0.55,0.7538,29,"3 shared tenders; 7.82x expected contextual co-occurrence | dominant-region win share=16.67% vs participation share=57.14% | tender T00737 has unusually tight bid separation; robust z=-1.38, relative spread=0.1978"
CASE-0115,V0243,48,3,"cooccurrence, geographic, price",0.6426,1.0,0.7971,0.55,0.7533,25,"4 shared tenders; 15.36x expected contextual co-occurrence | dominant-region win share=66.67% vs participation share=30.00% | tender T01040 has unusually tight bid separation; robust z=-1.73, relative spread=0.1935"
CASE-0116,V0420,48,3,"cooccurrence, temporal, price",0.6419,1.0,0.7971,0.55,0.7529,21,"3 shared tenders; 13.31x expected contextual co-occurrence | win-rate changed from 36.36% to 0.00%; standardized shift=2.21 | tender T01812 has unusually tight bid separation; robust z=2.52, relative spread=0.0587"
CASE-0117,V0497,48,3,"cooccurrence, geographic, price",0.6416,1.0,0.7971,0.55,0.7528,15,"3 shared tenders; 12.98x expected contextual co-occurrence | dominant-region win share=0.00% vs participation share=37.50% | tender T00077 has unusually tight bid separation; robust z=-2.23, relative spread=0.1779"
CASE-0118,V0142,48,3,"cooccurrence, price, winner_concentration",0.641,1.0,0.7971,0.55,0.7524,32,"3 shared tenders; 8.33x expected contextual co-occurrence | tender T00584 has unusually tight bid separation; robust z=-1.54, relative spread=0.1413 | top-vendor share=20.00% across 15 peer tenders"
CASE-0119,V0122,48,3,"cooccurrence, geographic, price",0.6337,1.0,0.7971,0.55,0.7486,34,"8 shared tenders; 11.41x expected contextual co-occurrence | dominant-region win share=75.00% vs participation share=38.89% | tender T00371 has unusually tight bid separation; robust z=-0.68, relative spread=0.1272"
CASE-0120,V0145,48,3,"cooccurrence, geographic, price",0.633,1.0,0.7971,0.55,0.7483,16,"3 shared tenders; 16.24x expected contextual co-occurrence | dominant-region win share=0.00% vs participation share=50.00% | tender T01224 has unusually tight bid separation; robust z=-1.54, relative spread=0.1642"
CASE-0121,V0386,48,3,"cooccurrence, geographic, price",0.6326,1.0,0.7971,0.55,0.7481,25,"3 shared tenders; 13.22x expected contextual co-occurrence | dominant-region win share=16.67% vs participation share=54.55% | tender T01706 has unusually tight bid separation; robust z=-2.70, relative spread=0.2200"
CASE-0122,V0489,48,3,"cooccurrence, geographic, price",0.6173,0.9023,0.7971,0.582,0.7225,19,"3 shared tenders; 13.15x expected contextual co-occurrence | dominant-region win share=0.00% vs participation share=40.74% | tender T02225 has unusually tight bid separation; robust z=-2.79, relative spread=0.1889"
CASE-0123,V0189,48,3,"cooccurrence, geographic, price",0.6007,0.9304,0.7971,0.595,0.719,7,"3 shared tenders; 9.50x expected contextual co-occurrence | dominant-region win share=0.00% vs participation share=40.00% | tender T00108 has unusually tight bid separation; robust z=-0.89, relative spread=0.1068"
CASE-0124,V0030,48,3,"cooccurrence, price, geographic",0.6002,1.0,0.7971,0.584,0.7312,12,"3 shared tenders; 12.50x expected contextual co-occurrence | tender T01835 has unusually tight bid separation; robust z=2.72, relative spread=0.0123 | dominant-region win share=0.00% vs participation share=27.78%"
CASE-0125,V0292,48,3,"cooccurrence, price, geographic",0.5862,1.0,0.7971,0.58,0.7239,30,"5 shared tenders; 9.10x expected contextual co-occurrence | tender T00800 has unusually tight bid separation; robust z=-2.11, relative spread=0.2011 | dominant-region win share=0.00% vs participation share=29.63%"
CASE-0126,V0278,48,3,"cooccurrence, price, geographic",0.5848,1.0,0.7971,0.582,0.7232,27,"3 shared tenders; 11.98x expected contextual co-occurrence | tender T00908 has unusually tight bid separation; robust z=2.42, relative spread=0.0270 | dominant-region win share=75.00% vs participation share=45.45%"
CASE-0127,V0199,48,3,"cooccurrence, price, geographic",0.5748,0.9859,0.7971,0.593,0.7155,23,"4 shared tenders; 10.30x expected contextual co-occurrence | tender T01703 has unusually tight bid separation; robust z=-2.09, relative spread=0.2009 | dominant-region win share=0.00% vs participation share=25.93%"
CASE-0128,V0089,48,3,"cooccurrence, geographic, price",0.5579,0.9872,0.7971,0.603,0.7069,10,"5 shared tenders; 10.73x expected contextual co-occurrence | dominant-region win share=0.00% vs participation share=31.25% | tender T01706 has unusually tight bid separation; robust z=-2.70, relative spread=0.2200"
CASE-0129,V0318,48,3,"cooccurrence, temporal, price",0.5529,0.9918,0.7971,0.61,0.7052,6,"3 shared tenders; 10.18x expected contextual co-occurrence | win-rate changed from 50.00% to 0.00%; standardized shift=2.00 | tender T02129 has unusually tight bid separation; robust z=-1.12, relative spread=0.1288"
CASE-0130,V0291,48,2,"cooccurrence, price",0.7815,0.9785,0.6376,0.55,0.7594,32,"5 shared tenders; 8.13x expected contextual co-occurrence | tender T02329 has unusually tight bid separation; robust z=2.93, relative spread=0.0535"
CASE-0131,V0400,48,2,"cooccurrence, geographic",0.7634,1.0,0.6376,0.55,0.7557,12,4 shared tenders; 9.66x expected contextual co-occurrence | dominant-region win share=75.00% vs participation share=41.67%
CASE-0132,V0158,48,2,"cooccurrence, price",0.7589,1.0,0.6376,0.55,0.7538,34,"5 shared tenders; 11.54x expected contextual co-occurrence | tender T01155 has unusually tight bid separation; robust z=2.69, relative spread=0.0431"
CASE-0133,V0010,48,2,"cooccurrence, price",0.746,1.0,0.6376,0.55,0.7484,47,"54 shared tenders; 11.17x expected contextual co-occurrence | tender T01028 has unusually tight bid separation; robust z=2.53, relative spread=0.0210"
CASE-0134,V0127,48,2,"cooccurrence, price",0.713,1.0,0.6376,0.581,0.7345,40,"6 shared tenders; 7.82x expected contextual co-occurrence | tender T00908 has unusually tight bid separation; robust z=2.42, relative spread=0.0270"
CASE-0135,V0040,48,2,"cooccurrence, price",0.7105,0.9404,0.6376,0.586,0.7227,31,"3 shared tenders; 8.38x expected contextual co-occurrence | tender T01104 has unusually tight bid separation; robust z=2.61, relative spread=0.0217"
CASE-0136,V0310,48,2,"cooccurrence, price",0.7082,1.0,0.6376,0.575,0.7325,36,"6 shared tenders; 7.82x expected contextual co-occurrence | tender T01075 has unusually tight bid separation; robust z=-2.31, relative spread=0.2161"
CASE-0137,V0195,48,2,"cooccurrence, price",0.7076,1.0,0.6376,0.569,0.7322,36,"7 shared tenders; 7.95x expected contextual co-occurrence | tender T02129 has unusually tight bid separation; robust z=-1.12, relative spread=0.1288"
CASE-0138,V0301,48,2,"cooccurrence, price",0.7062,0.9377,0.6376,0.59,0.7204,31,"5 shared tenders; 6.68x expected contextual co-occurrence | tender T01162 has unusually tight bid separation; robust z=2.58, relative spread=0.0221"
CASE-0139,V0453,48,2,"cooccurrence, price",0.7017,1.0,0.6376,0.588,0.7297,30,"4 shared tenders; 8.34x expected contextual co-occurrence | tender T01173 has unusually tight bid separation; robust z=-0.67, relative spread=0.1661"
CASE-0140,V0352,48,2,"cooccurrence, price",0.6997,1.0,0.6376,0.576,0.7289,34,"8 shared tenders; 11.41x expected contextual co-occurrence | tender T02380 has unusually tight bid separation; robust z=-4.06, relative spread=0.1481"
CASE-0141,V0007,48,2,"cooccurrence, price",0.6988,1.0,0.6376,0.584,0.7285,45,"5 shared tenders; 9.10x expected contextual co-occurrence | tender T02401 has unusually tight bid separation; robust z=-1.24, relative spread=0.1941"
CASE-0142,V0038,48,2,"cooccurrence, price",0.6965,1.0,0.6376,0.582,0.7276,15,"5 shared tenders; 10.14x expected contextual co-occurrence | tender T00169 has unusually tight bid separation; robust z=-0.95, relative spread=0.1799"
CASE-0143,V0334,48,2,"cooccurrence, price",0.6931,0.9821,0.6376,0.589,0.7229,13,"4 shared tenders; 15.54x expected contextual co-occurrence | tender T00504 has unusually tight bid separation; robust z=-1.35, relative spread=0.1157"
CASE-0144,V0005,48,2,"cooccurrence, price",0.6902,1.0,0.6376,0.583,0.7249,25,"7 shared tenders; 11.89x expected contextual co-occurrence | tender T02302 has unusually tight bid separation; robust z=-1.16, relative spread=0.1323"
CASE-0145,V0390,48,2,"cooccurrence, price",0.6864,1.0,0.6376,0.593,0.7233,13,"3 shared tenders; 7.85x expected contextual co-occurrence | tender T00182 has unusually tight bid separation; robust z=-4.55, relative spread=0.1355"
CASE-0146,V0371,48,2,"cooccurrence, price",0.685,1.0,0.6376,0.589,0.7227,24,"4 shared tenders; 9.30x expected contextual co-occurrence | tender T01595 has unusually tight bid separation; robust z=-0.67, relative spread=0.1392"
CASE-0147,V0074,48,2,"cooccurrence, price",0.6823,1.0,0.6376,0.598,0.7216,28,"18 shared tenders; 24.91x expected contextual co-occurrence | tender T00009 has unusually tight bid separation; robust z=2.41, relative spread=0.0779"
CASE-0148,V0541,48,2,"cooccurrence, price",0.6712,0.9716,0.6376,0.604,0.7118,8,"4 shared tenders; 7.75x expected contextual co-occurrence | tender T01306 has unusually tight bid separation; robust z=-0.67, relative spread=0.1657"
CASE-0149,V0311,48,2,"geographic, price",0.3443,0.4375,0.6376,1.0,0.4784,2,"dominant-region win share=0.00% vs participation share=37.50% | tender T00470 has unusually tight bid separation; robust z=2.46, relative spread=0.0104"
CASE-0150,V0029,47,4,"cooccurrence, price, geographic, temporal",0.5715,0.9622,0.8864,0.55,0.7363,26,"4 shared tenders; 12.64x expected contextual co-occurrence | tender T02329 has unusually tight bid separation; robust z=2.93, relative spread=0.0535 | dominant-region win share=66.67% vs participation share=33.33% | win-rate changed from 5.88% to 31.25%; standardized shift=1.89"
CASE-0151,V0224,47,4,"cooccurrence, geographic, price, temporal",0.5627,1.0,0.8864,0.55,0.7385,52,"9 shared tenders; 9.25x expected contextual co-occurrence | dominant-region win share=14.29% vs participation share=50.00% | tender T01043 has unusually tight bid separation; robust z=2.38, relative spread=0.0486 | win-rate changed from 4.76% to 28.57%; standardized shift=2.07"
CASE-0152,V0288,47,4,"cooccurrence, price, temporal, geographic",0.4795,1.0,0.8864,0.599,0.6953,18,"4 shared tenders; 9.75x expected contextual co-occurrence | tender T01643 has unusually tight bid separation; robust z=-2.21, relative spread=0.1903 | win-rate changed from 33.33% to 7.14%; standardized shift=1.74 | dominant-region win share=66.67% vs participation share=41.38%"
CASE-0153,V0187,47,3,"cooccurrence, geographic, price",0.6519,0.8647,0.7971,0.55,0.7338,30,"4 shared tenders; 9.13x expected contextual co-occurrence | dominant-region win share=0.00% vs participation share=50.00% | tender T02467 has unusually tight bid separation; robust z=-2.45, relative spread=0.1771"
CASE-0154,V0502,47,3,"cooccurrence, geographic, price",0.6428,0.9572,0.7971,0.55,0.7457,51,"5 shared tenders; 9.59x expected contextual co-occurrence | dominant-region win share=100.00% vs participation share=54.72% | tender T01680 has unusually tight bid separation; robust z=-1.88, relative spread=0.1745"
CASE-0155,V0175,47,3,"cooccurrence, geographic, price",0.6317,0.9777,0.7971,0.55,0.7436,17,"3 shared tenders; 9.92x expected contextual co-occurrence | dominant-region win share=100.00% vs participation share=59.09% | tender T02108 has unusually tight bid separation; robust z=-1.96, relative spread=0.1653"
CASE-0156,V0192,47,3,"cooccurrence, geographic, price",0.629,1.0,0.7971,0.55,0.7462,18,"3 shared tenders; 16.24x expected contextual co-occurrence | dominant-region win share=0.00% vs participation share=36.36% | tender T00723 has unusually tight bid separation; robust z=-3.76, relative spread=0.1955"
CASE-0157,V0117,47,3,"geographic, cooccurrence, price",0.6284,1.0,0.7971,0.55,0.7459,11,"dominant-region win share=0.00% vs participation share=70.00% | 3 shared tenders; 15.00x expected contextual co-occurrence | tender T00497 has unusually tight bid separation; robust z=-2.03, relative spread=0.2142"
CASE-0158,V0198,47,3,"cooccurrence, geographic, price",0.6278,0.9338,0.7971,0.55,0.7337,20,"3 shared tenders; 11.47x expected contextual co-occurrence | dominant-region win share=100.00% vs participation share=57.14% | tender T01075 has unusually tight bid separation; robust z=-2.31, relative spread=0.2161"
CASE-0159,V0499,47,3,"cooccurrence, temporal, price",0.6259,1.0,0.7971,0.55,0.7446,24,"3 shared tenders; 11.13x expected contextual co-occurrence | win-rate changed from 46.15% to 8.33%; standardized shift=2.10 | tender T01158 has unusually tight bid separation; robust z=-2.77, relative spread=0.2082"
CASE-0160,V0357,47,3,"cooccurrence, geographic, price",0.6256,1.0,0.7971,0.55,0.7444,15,"3 shared tenders; 9.47x expected contextual co-occurrence | dominant-region win share=0.00% vs participation share=35.29% | tender T01972 has unusually tight bid separation; robust z=-2.83, relative spread=0.2578"
CASE-0161,V0297,47,3,"cooccurrence, temporal, price",0.6253,1.0,0.7971,0.55,0.7443,27,"6 shared tenders; 7.86x expected contextual co-occurrence | win-rate changed from 40.00% to 10.53%; standardized shift=2.11 | tender T01651 has unusually tight bid separation; robust z=-2.65, relative spread=0.2063"
CASE-0162,V0232,47,3,"cooccurrence, geographic, price",0.624,1.0,0.7971,0.55,0.7436,18,"4 shared tenders; 13.48x expected contextual co-occurrence | dominant-region win share=0.00% vs participation share=36.36% | tender T02256 has unusually tight bid separation; robust z=0.00, relative spread=0.1239"
CASE-0163,V0002,47,3,"cooccurrence, price, geographic",0.6233,1.0,0.7971,0.55,0.7433,30,"5 shared tenders; 19.03x expected contextual co-occurrence | tender T01554 has unusually tight bid separation; robust z=2.70, relative spread=0.0181 | dominant-region win share=0.00% vs participation share=27.27%"
CASE-0164,V0264,47,3,"cooccurrence, price, geographic",0.6231,0.9586,0.7971,0.55,0.7357,13,"6 shared tenders; 25.09x expected contextual co-occurrence | tender T01028 has unusually tight bid separation; robust z=2.53, relative spread=0.0210 | dominant-region win share=100.00% vs participation share=66.67%"
CASE-0165,V0135,47,3,"cooccurrence, temporal, geographic",0.6217,1.0,0.7971,0.55,0.7424,20,4 shared tenders; 10.30x expected contextual co-occurrence | win-rate changed from 33.33% to 0.00%; standardized shift=2.19 | dominant-region win share=0.00% vs participation share=29.17%
CASE-0166,V0085,47,3,"cooccurrence, geographic, price",0.6187,1.0,0.7971,0.55,0.7409,10,"3 shared tenders; 23.85x expected contextual co-occurrence | dominant-region win share=100.00% vs participation share=50.00% | tender T01444 has unusually tight bid separation; robust z=-1.53, relative spread=0.1491"
CASE-0167,V0426,47,3,"cooccurrence, price, geographic",0.6178,1.0,0.7971,0.55,0.7404,41,"9 shared tenders; 9.25x expected contextual co-occurrence | tender T02225 has unusually tight bid separation; robust z=-2.79, relative spread=0.1889 | dominant-region win share=80.00% vs participation share=47.50%"
CASE-0168,V0217,47,3,"cooccurrence, geographic, price",0.6168,1.0,0.7971,0.55,0.7399,19,"4 shared tenders; 12.12x expected contextual co-occurrence | dominant-region win share=66.67% vs participation share=31.58% | tender T00644 has unusually tight bid separation; robust z=0.00, relative spread=0.1065"
CASE-0169,V0284,47,3,"cooccurrence, geographic, price",0.6089,1.0,0.7971,0.55,0.7357,17,"3 shared tenders; 12.51x expected contextual co-occurrence | dominant-region win share=100.00% vs participation share=60.00% | tender T00520 has unusually tight bid separation; robust z=-2.28, relative spread=0.2269"
CASE-0170,V0379,47,3,"cooccurrence, price, winner_concentration",0.6072,0.9377,0.7971,0.57,0.7237,48,"8 shared tenders; 12.39x expected contextual co-occurrence | tender T00621 has unusually tight bid separation; robust z=-3.11, relative spread=0.1904 | top-vendor share=19.23% across 52 peer tenders"
CASE-0171,V0481,47,3,"cooccurrence, price, geographic",0.6038,1.0,0.7971,0.55,0.7331,40,"12 shared tenders; 8.63x expected contextual co-occurrence | tender T00939 has unusually tight bid separation; robust z=-4.31, relative spread=0.1934 | dominant-region win share=75.00% vs participation share=45.31%"
CASE-0172,V0423,47,3,"cooccurrence, geographic, price",0.6005,0.8176,0.7971,0.599,0.6986,5,"3 shared tenders; 8.12x expected contextual co-occurrence | dominant-region win share=0.00% vs participation share=45.45% | tender T00077 has unusually tight bid separation; robust z=-2.23, relative spread=0.1779"
CASE-0173,V0404,47,3,"cooccurrence, price, geographic",0.595,1.0,0.7971,0.568,0.7285,26,"5 shared tenders; 8.67x expected contextual co-occurrence | tender T01173 has unusually tight bid separation; robust z=-0.67, relative spread=0.1661 | dominant-region win share=57.14% vs participation share=28.95%"
CASE-0174,V0208,47,3,"cooccurrence, price, geographic",0.576,0.9552,0.7971,0.582,0.7106,15,"5 shared tenders; 9.37x expected contextual co-occurrence | tender T01703 has unusually tight bid separation; robust z=-2.09, relative spread=0.2009 | dominant-region win share=0.00% vs participation share=28.00%"
CASE-0175,V0235,47,3,"cooccurrence, temporal, price",0.5418,0.8962,0.7971,0.615,0.6822,4,"4 shared tenders; 13.46x expected contextual co-occurrence | win-rate changed from 0.00% to 60.00%; standardized shift=2.22 | tender T02279 has unusually tight bid separation; robust z=-2.15, relative spread=0.2205"
CASE-0176,V0544,47,3,"cooccurrence, geographic, price",0.5413,1.0,0.7971,0.6,0.7006,10,"3 shared tenders; 11.98x expected contextual co-occurrence | dominant-region win share=0.00% vs participation share=31.25% | tender T00445 has unusually tight bid separation; robust z=-4.01, relative spread=0.2088"
CASE-0177,V0016,47,2,"cooccurrence, price",0.7421,1.0,0.6376,0.55,0.7467,55,"9 shared tenders; 7.70x expected contextual co-occurrence | tender T01162 has unusually tight bid separation; robust z=2.58, relative spread=0.0221"
CASE-0178,V0523,47,2,"cooccurrence, price",0.742,1.0,0.6376,0.55,0.7467,39,"5 shared tenders; 8.96x expected contextual co-occurrence | tender T01162 has unusually tight bid separation; robust z=2.58, relative spread=0.0221"
CASE-0179,V0119,47,2,"cooccurrence, price",0.7351,1.0,0.6376,0.55,0.7438,48,"23 shared tenders; 8.99x expected contextual co-occurrence | tender T01222 has unusually tight bid separation; robust z=2.48, relative spread=0.0384"
CASE-0180,V0054,47,2,"cooccurrence, price",0.7295,1.0,0.6376,0.55,0.7414,34,"4 shared tenders; 9.50x expected contextual co-occurrence | tender T00287 has unusually tight bid separation; robust z=2.50, relative spread=0.0088"
CASE-0181,V0200,47,2,"cooccurrence, price",0.7264,0.9988,0.6376,0.55,0.7399,27,"5 shared tenders; 12.94x expected contextual co-occurrence | tender T01812 has unusually tight bid separation; robust z=2.52, relative spread=0.0587"
CASE-0182,V0335,47,2,"cooccurrence, price",0.7256,1.0,0.6376,0.55,0.7398,39,"6 shared tenders; 8.86x expected contextual co-occurrence | tender T02195 has unusually tight bid separation; robust z=2.47, relative spread=0.0495"
CASE-0183,V0120,47,2,"cooccurrence, price",0.7242,1.0,0.6376,0.55,0.7392,38,"8 shared tenders; 7.26x expected contextual co-occurrence | tender T00287 has unusually tight bid separation; robust z=2.50, relative spread=0.0088"
CASE-0184,V0164,47,2,"cooccurrence, price",0.7226,1.0,0.6376,0.55,0.7385,14,"6 shared tenders; 19.99x expected contextual co-occurrence | tender T00564 has unusually tight bid separation; robust z=2.88, relative spread=0.0152"
CASE-0185,V0540,47,2,"cooccurrence, price",0.7207,1.0,0.6376,0.55,0.7377,16,"3 shared tenders; 9.20x expected contextual co-occurrence | tender T01028 has unusually tight bid separation; robust z=2.53, relative spread=0.0210"
CASE-0186,V0136,47,2,"cooccurrence, price",0.7183,0.9827,0.6376,0.55,0.7336,19,"3 shared tenders; 14.49x expected contextual co-occurrence | tender T00818 has unusually tight bid separation; robust z=2.45, relative spread=0.0384"
CASE-0187,V0073,47,2,"cooccurrence, price",0.7138,1.0,0.6376,0.55,0.7349,37,"20 shared tenders; 16.68x expected contextual co-occurrence | tender T00009 has unusually tight bid separation; robust z=2.41, relative spread=0.0779"
CASE-0188,V0380,47,2,"cooccurrence, price",0.7134,1.0,0.6376,0.55,0.7347,26,"5 shared tenders; 8.67x expected contextual co-occurrence | tender T02195 has unusually tight bid separation; robust z=2.47, relative spread=0.0495"
CASE-0189,V0408,47,2,"cooccurrence, price",0.712,0.9991,0.6376,0.55,0.7339,12,"3 shared tenders; 9.71x expected contextual co-occurrence | tender T01812 has unusually tight bid separation; robust z=2.52, relative spread=0.0587"
CASE-0190,V0144,47,2,"cooccurrence, price",0.7085,1.0,0.6376,0.55,0.7326,48,"16 shared tenders; 9.28x expected contextual co-occurrence | tender T00405 has unusually tight bid separation; robust z=-3.25, relative spread=0.1637"
CASE-0191,V0178,47,2,"cooccurrence, price",0.7083,1.0,0.6376,0.55,0.7325,47,"11 shared tenders; 10.52x expected contextual co-occurrence | tender T00367 has unusually tight bid separation; robust z=-0.77, relative spread=0.1530"
CASE-0192,V0326,47,2,"cooccurrence, price",0.7082,1.0,0.6376,0.55,0.7325,26,"4 shared tenders; 7.68x expected contextual co-occurrence | tender T01105 has unusually tight bid separation; robust z=-2.24, relative spread=0.2095"
CASE-0193,V0317,47,2,"cooccurrence, price",0.7081,1.0,0.6376,0.55,0.7324,23,"6 shared tenders; 10.69x expected contextual co-occurrence | tender T00367 has unusually tight bid separation; robust z=-0.77, relative spread=0.1530"
CASE-0194,V0219,47,2,"cooccurrence, price",0.708,1.0,0.6376,0.55,0.7324,48,"11 shared tenders; 7.88x expected contextual co-occurrence | tender T00914 has unusually tight bid separation; robust z=-2.39, relative spread=0.2221"
CASE-0195,V0024,47,2,"cooccurrence, price",0.7079,1.0,0.6376,0.55,0.7324,50,"36 shared tenders; 20.73x expected contextual co-occurrence | tender T01066 has unusually tight bid separation; robust z=-0.92, relative spread=0.1610"
CASE-0196,V0402,47,2,"cooccurrence, price",0.7079,1.0,0.6376,0.55,0.7324,29,"4 shared tenders; 8.34x expected contextual co-occurrence | tender T01105 has unusually tight bid separation; robust z=-2.24, relative spread=0.2095"
CASE-0197,V0547,47,2,"cooccurrence, price",0.7079,1.0,0.6376,0.55,0.7324,46,"7 shared tenders; 9.07x expected contextual co-occurrence | tender T02413 has unusually tight bid separation; robust z=-2.95, relative spread=0.2261"
CASE-0198,V0184,47,2,"cooccurrence, price",0.7075,1.0,0.6376,0.55,0.7322,35,"18 shared tenders; 9.13x expected contextual co-occurrence | tender T00405 has unusually tight bid separation; robust z=-3.25, relative spread=0.1637"
CASE-0199,V0364,47,2,"cooccurrence, price",0.7075,1.0,0.6376,0.55,0.7322,32,"10 shared tenders; 10.97x expected contextual co-occurrence | tender T00914 has unusually tight bid separation; robust z=-2.39, relative spread=0.2221"
CASE-0200,V0528,47,2,"cooccurrence, price",0.7074,1.0,0.6376,0.55,0.7322,27,"3 shared tenders; 13.35x expected contextual co-occurrence | tender T01158 has unusually tight bid separation; robust z=-2.77, relative spread=0.2082"
CASE-0201,V0043,47,2,"cooccurrence, price",0.707,1.0,0.6376,0.55,0.732,49,"26 shared tenders; 17.73x expected contextual co-occurrence | tender T02413 has unusually tight bid separation; robust z=-2.95, relative spread=0.2261"
CASE-0202,V0276,47,2,"cooccurrence, price",0.707,1.0,0.6376,0.55,0.732,40,"7 shared tenders; 7.95x expected contextual co-occurrence | tender T02129 has unusually tight bid separation; robust z=-1.12, relative spread=0.1288"
CASE-0203,V0228,47,2,"cooccurrence, price",0.7069,1.0,0.6376,0.55,0.7319,32,"6 shared tenders; 8.21x expected contextual co-occurrence | tender T02111 has unusually tight bid separation; robust z=-0.87, relative spread=0.1617"
CASE-0204,V0152,47,2,"cooccurrence, price",0.7068,1.0,0.6376,0.55,0.7319,28,"4 shared tenders; 15.59x expected contextual co-occurrence | tender T01283 has unusually tight bid separation; robust z=-2.52, relative spread=0.2070"
CASE-0205,V0387,47,2,"cooccurrence, price",0.7065,1.0,0.6376,0.55,0.7318,33,"5 shared tenders; 9.07x expected contextual co-occurrence | tender T00660 has unusually tight bid separation; robust z=-4.13, relative spread=0.2117"
CASE-0206,V0437,47,2,"cooccurrence, price",0.7065,1.0,0.6376,0.55,0.7318,23,"4 shared tenders; 9.66x expected contextual co-occurrence | tender T00009 has unusually tight bid separation; robust z=2.41, relative spread=0.0779"
CASE-0207,V0042,47,2,"cooccurrence, price",0.7064,1.0,0.6376,0.55,0.7317,46,"26 shared tenders; 17.73x expected contextual co-occurrence | tender T02111 has unusually tight bid separation; robust z=-0.87, relative spread=0.1617"
CASE-0208,V0368,47,2,"cooccurrence, price",0.7064,1.0,0.6376,0.55,0.7317,48,"7 shared tenders; 7.83x expected contextual co-occurrence | tender T00366 has unusually tight bid separation; robust z=-3.72, relative spread=0.1486"
CASE-0209,V0329,47,2,"cooccurrence, price",0.7059,1.0,0.6376,0.55,0.7315,31,"5 shared tenders; 12.92x expected contextual co-occurrence | tender T00815 has unusually tight bid separation; robust z=-0.67, relative spread=0.1810"
CASE-0210,V0376,47,2,"cooccurrence, price",0.7057,1.0,0.6376,0.55,0.7314,24,"3 shared tenders; 12.27x expected contextual co-occurrence | tender T01791 has unusually tight bid separation; robust z=-1.20, relative spread=0.1670"
CASE-0211,V0256,47,2,"cooccurrence, price",0.6931,0.9829,0.6376,0.569,0.723,31,"3 shared tenders; 9.51x expected contextual co-occurrence | tender T02073 has unusually tight bid separation; robust z=-3.39, relative spread=0.2136"
CASE-0212,V0344,47,2,"cooccurrence, price",0.6895,0.9736,0.6376,0.569,0.7199,29,"6 shared tenders; 9.09x expected contextual co-occurrence | tender T01703 has unusually tight bid separation; robust z=-2.09, relative spread=0.2009"
CASE-0213,V0533,47,2,"cooccurrence, price",0.6823,1.0,0.6376,0.575,0.7216,32,"4 shared tenders; 8.10x expected contextual co-occurrence | tender T01643 has unusually tight bid separation; robust z=-2.21, relative spread=0.1903"
CASE-0214,V0415,47,2,"cooccurrence, price",0.6721,1.0,0.6376,0.586,0.7173,21,"4 shared tenders; 7.56x expected contextual co-occurrence | tender T00462 has unusually tight bid separation; robust z=-2.82, relative spread=0.1847"
CASE-0215,V0154,47,2,"cooccurrence, price",0.6684,1.0,0.6376,0.584,0.7158,15,"5 shared tenders; 12.80x expected contextual co-occurrence | tender T01930 has unusually tight bid separation; robust z=-2.61, relative spread=0.2442"
CASE-0216,V0327,47,2,"cooccurrence, price",0.666,0.9222,0.6376,0.596,0.7007,42,"3 shared tenders; 10.07x expected contextual co-occurrence | tender T02484 has unusually tight bid separation; robust z=-3.00, relative spread=0.1922"
CASE-0217,V0392,47,2,"cooccurrence, price",0.642,0.9948,0.6376,0.597,0.7037,22,"4 shared tenders; 11.71x expected contextual co-occurrence | tender T02266 has unusually tight bid separation; robust z=-0.67, relative spread=0.1171"
CASE-0218,V0343,47,2,"cooccurrence, price",0.6184,1.0,0.6376,0.608,0.6948,7,"4 shared tenders; 15.16x expected contextual co-occurrence | tender T00839 has unusually tight bid separation; robust z=-1.57, relative spread=0.1481"
CASE-0219,V0214,46,4,"cooccurrence, geographic, price, temporal",0.5442,0.9483,0.8864,0.55,0.7196,20,"5 shared tenders; 16.15x expected contextual co-occurrence | dominant-region win share=0.00% vs participation share=45.00% | tender T02108 has unusually tight bid separation; robust z=-1.96, relative spread=0.1653 | win-rate changed from 30.00% to 0.00%; standardized shift=1.88"
CASE-0220,V0351,46,4,"cooccurrence, price, temporal, geographic",0.453,0.9922,0.8864,0.608,0.6801,10,"3 shared tenders; 9.29x expected contextual co-occurrence | tender T01158 has unusually tight bid separation; robust z=-2.77, relative spread=0.2082 | win-rate changed from 33.33% to 0.00%; standardized shift=1.80 | dominant-region win share=66.67% vs participation share=41.18%"
CASE-0221,V0161,46,4,"cooccurrence, price, temporal, geographic",0.4445,1.0,0.8864,0.61,0.677,29,"4 shared tenders; 8.61x expected contextual co-occurrence | tender T02078 has unusually tight bid separation; robust z=-18.37, relative spread=0.1094 | win-rate changed from 35.29% to 11.76%; standardized shift=1.62 | dominant-region win share=62.50% vs participation share=38.24%"
CASE-0222,V0062,46,3,"cooccurrence, price, geographic",0.613,0.9574,0.7971,0.55,0.7302,48,"4 shared tenders; 9.23x expected contextual co-occurrence | tender T02073 has unusually tight bid separation; robust z=-3.39, relative spread=0.2136 | dominant-region win share=100.00% vs participation share=65.00%"
CASE-0223,V0209,46,3,"cooccurrence, temporal, price",0.6127,0.9107,0.7971,0.55,0.7217,28,"3 shared tenders; 9.74x expected contextual co-occurrence | win-rate changed from 0.00% to 27.78%; standardized shift=2.41 | tender T02218 has unusually tight bid separation; robust z=-3.23, relative spread=0.2160"
CASE-0224,V0411,46,3,"cooccurrence, geographic, price",0.6064,0.9673,0.7971,0.55,0.7286,9,"4 shared tenders; 8.53x expected contextual co-occurrence | dominant-region win share=100.00% vs participation share=58.82% | tender T00648 has unusually tight bid separation; robust z=-1.89, relative spread=0.1980"
CASE-0225,V0106,46,3,"cooccurrence, geographic, price",0.6054,0.9163,0.7971,0.55,0.7189,7,"3 shared tenders; 14.56x expected contextual co-occurrence | dominant-region win share=0.00% vs participation share=38.46% | tender T00483 has unusually tight bid separation; robust z=-1.32, relative spread=0.1729"
CASE-0226,V0166,46,3,"cooccurrence, price, geographic",0.6054,0.9687,0.7971,0.55,0.7283,26,"5 shared tenders; 8.04x expected contextual co-occurrence | tender T01654 has unusually tight bid separation; robust z=-1.12, relative spread=0.1630 | dominant-region win share=62.50% vs participation share=29.03%"
CASE-0227,V0369,46,3,"cooccurrence, price, geographic",0.6021,0.992,0.7971,0.55,0.7308,16,"3 shared tenders; 11.26x expected contextual co-occurrence | tender T01283 has unusually tight bid separation; robust z=-2.52, relative spread=0.2070 | dominant-region win share=0.00% vs participation share=31.58%"
CASE-0228,V0306,46,3,"cooccurrence, geographic, price",0.5981,0.9647,0.7971,0.55,0.7238,11,"5 shared tenders; 19.75x expected contextual co-occurrence | dominant-region win share=0.00% vs participation share=47.06% | tender T00062 has unusually tight bid separation; robust z=-1.73, relative spread=0.1909"
CASE-0229,V0482,46,3,"cooccurrence, price, geographic",0.598,0.9503,0.7971,0.55,0.7211,9,"4 shared tenders; 13.87x expected contextual co-occurrence | tender T01232 has unusually tight bid separation; robust z=2.46, relative spread=0.0243 | dominant-region win share=100.00% vs participation share=68.75%"
CASE-0230,V0397,46,3,"cooccurrence, price, geographic",0.5976,1.0,0.7971,0.55,0.7299,26,"3 shared tenders; 7.98x expected contextual co-occurrence | tender T00911 has unusually tight bid separation; robust z=0.00, relative spread=0.1123 | dominant-region win share=66.67% vs participation share=37.50%"
CASE-0231,V0126,46,3,"cooccurrence, price, geographic",0.5973,1.0,0.7971,0.55,0.7297,24,"7 shared tenders; 9.86x expected contextual co-occurrence | tender T01651 has unusually tight bid separation; robust z=-2.65, relative spread=0.2063 | dominant-region win share=57.14% vs participation share=26.67%"
CASE-0232,V0401,46,3,"cooccurrence, geographic, price",0.5965,0.9856,0.7971,0.55,0.7267,11,"5 shared tenders; 16.84x expected contextual co-occurrence | dominant-region win share=66.67% vs participation share=31.25% | tender T00003 has unusually tight bid separation; robust z=-2.36, relative spread=0.2089"
CASE-0233,V0543,46,3,"cooccurrence, price, geographic",0.5949,1.0,0.7971,0.55,0.7285,16,"3 shared tenders; 13.20x expected contextual co-occurrence | tender T00815 has unusually tight bid separation; robust z=-0.67, relative spread=0.1810 | dominant-region win share=0.00% vs participation share=28.57%"
CASE-0234,V0366,46,3,"cooccurrence, price, winner_concentration",0.5932,0.9962,0.7971,0.55,0.7269,26,"4 shared tenders; 9.62x expected contextual co-occurrence | tender T01791 has unusually tight bid separation; robust z=-1.20, relative spread=0.1670 | top-vendor share=16.67% across 18 peer tenders"
CASE-0235,V0033,46,3,"cooccurrence, price, temporal",0.5865,1.0,0.7971,0.55,0.7241,24,"4 shared tenders; 11.73x expected contextual co-occurrence | tender T02425 has unusually tight bid separation; robust z=2.52, relative spread=0.0359 | win-rate changed from 0.00% to 25.00%; standardized shift=1.92"
CASE-0236,V0240,46,3,"cooccurrence, price, geographic",0.5858,1.0,0.7971,0.55,0.7237,26,"3 shared tenders; 10.84x expected contextual co-occurrence | tender T01040 has unusually tight bid separation; robust z=-1.73, relative spread=0.1935 | dominant-region win share=75.00% vs participation share=47.62%"
CASE-0237,V0486,46,3,"cooccurrence, price, geographic",0.585,1.0,0.7971,0.55,0.7233,11,"3 shared tenders; 14.07x expected contextual co-occurrence | tender T00723 has unusually tight bid separation; robust z=-3.76, relative spread=0.1955 | dominant-region win share=0.00% vs participation share=29.41%"
CASE-0238,V0234,46,3,"cooccurrence, geographic, price",0.5843,1.0,0.7971,0.55,0.7229,18,"6 shared tenders; 19.99x expected contextual co-occurrence | dominant-region win share=0.00% vs participation share=38.10% | tender T00296 has unusually tight bid separation; robust z=-2.75, relative spread=0.2073"
CASE-0239,V0384,46,3,"cooccurrence, price, geographic",0.5835,1.0,0.7971,0.55,0.7226,46,"6 shared tenders; 7.37x expected contextual co-occurrence | tender T00807 has unusually tight bid separation; robust z=0.00, relative spread=0.0924 | dominant-region win share=80.00% vs participation share=53.33%"
CASE-0240,V0304,46,3,"cooccurrence, price, geographic",0.5788,1.0,0.7971,0.55,0.7201,39,"13 shared tenders; 12.29x expected contextual co-occurrence | tender T01651 has unusually tight bid separation; robust z=-2.65, relative spread=0.2063 | dominant-region win share=75.00% vs participation share=47.73%"
CASE-0241,V0530,46,3,"cooccurrence, price, geographic",0.5781,1.0,0.7971,0.55,0.7197,28,"6 shared tenders; 10.77x expected contextual co-occurrence | tender T02078 has unusually tight bid separation; robust z=-18.37, relative spread=0.1094 | dominant-region win share=66.67% vs participation share=41.38%"
CASE-0242,V0315,46,3,"cooccurrence, price, geographic",0.5777,1.0,0.7971,0.55,0.7195,12,"3 shared tenders; 17.19x expected contextual co-occurrence | tender T01283 has unusually tight bid separation; robust z=-2.52, relative spread=0.2070 | dominant-region win share=66.67% vs participation share=41.18%"
CASE-0243,V0409,46,3,"cooccurrence, price, winner_rotation",0.5767,1.0,0.7971,0.55,0.719,16,"3 shared tenders; 11.48x expected contextual co-occurrence | tender T02019 has unusually tight bid separation; robust z=-0.67, relative spread=0.1661 | 2 repeated winner transitions with V0409; transition share=40.00%"
CASE-0244,V0393,46,3,"cooccurrence, geographic, price",0.574,0.9981,0.7971,0.55,0.7173,10,"3 shared tenders; 12.27x expected contextual co-occurrence | dominant-region win share=0.00% vs participation share=33.33% | tender T01791 has unusually tight bid separation; robust z=-1.20, relative spread=0.1670"
CASE-0245,V0060,46,3,"cooccurrence, geographic, price",0.5731,1.0,0.7971,0.55,0.7171,15,"3 shared tenders; 10.52x expected contextual co-occurrence | dominant-region win share=25.00% vs participation share=61.11% | tender T01912 has unusually tight bid separation; robust z=-2.62, relative spread=0.2050"
CASE-0246,V0193,46,3,"cooccurrence, geographic, price",0.5701,0.8328,0.7971,0.608,0.6855,5,"3 shared tenders; 36.35x expected contextual co-occurrence | dominant-region win share=0.00% vs participation share=37.50% | tender T00009 has unusually tight bid separation; robust z=2.41, relative spread=0.0779"
CASE-0247,V0090,46,3,"cooccurrence, price, geographic",0.5481,1.0,0.7971,0.579,0.7041,15,"4 shared tenders; 17.07x expected contextual co-occurrence | tender T01512 has unusually tight bid separation; robust z=-3.26, relative spread=0.2002 | dominant-region win share=0.00% vs participation share=28.57%"
CASE-0248,V0032,46,3,"cooccurrence, price, geographic",0.5459,1.0,0.7971,0.584,0.703,11,"3 shared tenders; 9.66x expected contextual co-occurrence | tender T01105 has unusually tight bid separation; robust z=-2.24, relative spread=0.2095 | dominant-region win share=60.00% vs participation share=35.71%"
CASE-0249,V0373,46,3,"cooccurrence, price, temporal",0.5054,1.0,0.7971,0.599,0.6819,19,"4 shared tenders; 10.19x expected contextual co-occurrence | tender T01643 has unusually tight bid separation; robust z=-2.21, relative spread=0.1903 | win-rate changed from 0.00% to 20.00%; standardized shift=1.62"
CASE-0250,V0129,46,2,"cooccurrence, price",0.7609,0.8387,0.6376,0.55,0.7256,48,"7 shared tenders; 7.57x expected contextual co-occurrence | tender T01248 has unusually tight bid separation; robust z=3.31, relative spread=0.0249"
CASE-0251,V0396,46,2,"cooccurrence, price",0.7323,0.8817,0.6376,0.55,0.7213,41,"5 shared tenders; 9.27x expected contextual co-occurrence | tender T01662 has unusually tight bid separation; robust z=2.96, relative spread=0.0085"
CASE-0252,V0258,46,2,"cooccurrence, price",0.7162,0.9003,0.6376,0.55,0.7179,36,"3 shared tenders; 8.16x expected contextual co-occurrence | tender T01835 has unusually tight bid separation; robust z=2.72, relative spread=0.0123"
CASE-0253,V0434,46,2,"cooccurrence, price",0.7158,0.9648,0.6376,0.55,0.7293,31,"4 shared tenders; 9.25x expected contextual co-occurrence | tender T01835 has unusually tight bid separation; robust z=2.72, relative spread=0.0123"
CASE-0254,V0359,46,2,"cooccurrence, price",0.7124,0.949,0.6376,0.55,0.7251,35,"6 shared tenders; 8.83x expected contextual co-occurrence | tender T00986 has unusually tight bid separation; robust z=2.66, relative spread=0.0384"
CASE-0255,V0185,46,2,"cooccurrence, price",0.7123,0.9591,0.6376,0.55,0.7268,20,"4 shared tenders; 8.31x expected contextual co-occurrence | tender T00287 has unusually tight bid separation; robust z=2.50, relative spread=0.0088"
CASE-0256,V0255,46,2,"cooccurrence, price",0.7049,0.9844,0.6376,0.55,0.7283,37,"4 shared tenders; 12.22x expected contextual co-occurrence | tender T01043 has unusually tight bid separation; robust z=2.38, relative spread=0.0486"
CASE-0257,V0088,46,2,"cooccurrence, price",0.7048,1.0,0.6376,0.55,0.7311,32,"3 shared tenders; 10.10x expected contextual co-occurrence | tender T01386 has unusually tight bid separation; robust z=-3.36, relative spread=0.2208"
CASE-0258,V0346,46,2,"cooccurrence, price",0.7044,1.0,0.6376,0.55,0.7309,41,"6 shared tenders; 8.28x expected contextual co-occurrence | tender T01651 has unusually tight bid separation; robust z=-2.65, relative spread=0.2063"
CASE-0259,V0121,46,2,"cooccurrence, price",0.7041,1.0,0.6376,0.55,0.7308,26,"5 shared tenders; 8.66x expected contextual co-occurrence | tender T00366 has unusually tight bid separation; robust z=-3.72, relative spread=0.1486"
CASE-0260,V0230,46,2,"cooccurrence, price",0.7041,1.0,0.6376,0.55,0.7308,31,"7 shared tenders; 11.96x expected contextual co-occurrence | tender T00737 has unusually tight bid separation; robust z=-1.38, relative spread=0.1978"
CASE-0261,V0469,46,2,"cooccurrence, price",0.7036,1.0,0.6376,0.55,0.7306,33,"5 shared tenders; 10.71x expected contextual co-occurrence | tender T01040 has unusually tight bid separation; robust z=-1.73, relative spread=0.1935"
CASE-0262,V0253,46,2,"cooccurrence, price",0.7035,0.9917,0.6376,0.55,0.729,14,"3 shared tenders; 10.29x expected contextual co-occurrence | tender T01105 has unusually tight bid separation; robust z=-2.24, relative spread=0.2095"
CASE-0263,V0513,46,2,"cooccurrence, price",0.7032,1.0,0.6376,0.55,0.7304,53,"10 shared tenders; 8.24x expected contextual co-occurrence | tender T01237 has unusually tight bid separation; robust z=-2.10, relative spread=0.1832"
CASE-0264,V0388,46,2,"cooccurrence, price",0.7027,0.9938,0.6376,0.55,0.7291,24,"4 shared tenders; 8.57x expected contextual co-occurrence | tender T02401 has unusually tight bid separation; robust z=-1.24, relative spread=0.1941"
CASE-0265,V0063,46,2,"cooccurrence, price",0.7026,0.9974,0.6376,0.55,0.7296,28,"5 shared tenders; 12.95x expected contextual co-occurrence | tender T00367 has unusually tight bid separation; robust z=-0.77, relative spread=0.1530"
CASE-0266,V0517,46,2,"cooccurrence, price",0.7019,0.998,0.6376,0.55,0.7295,31,"5 shared tenders; 13.15x expected contextual co-occurrence | tender T01972 has unusually tight bid separation; robust z=-2.83, relative spread=0.2578"
CASE-0267,V0134,46,2,"cooccurrence, price",0.7016,1.0,0.6376,0.55,0.7297,12,"3 shared tenders; 13.91x expected contextual co-occurrence | tender T01237 has unusually tight bid separation; robust z=-2.10, relative spread=0.1832"
CASE-0268,V0044,46,2,"cooccurrence, price",0.7015,1.0,0.6376,0.55,0.7297,32,"4 shared tenders; 7.56x expected contextual co-occurrence | tender T00772 has unusually tight bid separation; robust z=-1.00, relative spread=0.1200"
CASE-0269,V0014,46,2,"cooccurrence, price",0.7012,1.0,0.6376,0.55,0.7295,43,"8 shared tenders; 8.06x expected contextual co-occurrence | tender T02401 has unusually tight bid separation; robust z=-1.24, relative spread=0.1941"
CASE-0270,V0494,46,2,"cooccurrence, price",0.7011,1.0,0.6376,0.55,0.7295,32,"5 shared tenders; 12.36x expected contextual co-occurrence | tender T01283 has unusually tight bid separation; robust z=-2.52, relative spread=0.2070"
CASE-0271,V0012,46,2,"cooccurrence, price",0.7007,1.0,0.6376,0.55,0.7293,14,"3 shared tenders; 10.06x expected contextual co-occurrence | tender T00815 has unusually tight bid separation; robust z=-0.67, relative spread=0.1810"
CASE-0272,V0160,46,2,"cooccurrence, price",0.7007,1.0,0.6376,0.55,0.7293,14,"3 shared tenders; 8.66x expected contextual co-occurrence | tender T01105 has unusually tight bid separation; robust z=-2.24, relative spread=0.2095"
CASE-0273,V0245,46,2,"cooccurrence, price",0.7007,1.0,0.6376,0.55,0.7293,33,"5 shared tenders; 12.10x expected contextual co-occurrence | tender T01105 has unusually tight bid separation; robust z=-2.24, relative spread=0.2095"
CASE-0274,V0328,46,2,"cooccurrence, price",0.7007,1.0,0.6376,0.55,0.7293,13,"3 shared tenders; 10.27x expected contextual co-occurrence | tender T00644 has unusually tight bid separation; robust z=0.00, relative spread=0.1065"
CASE-0275,V0067,46,2,"cooccurrence, temporal",0.6999,0.981,0.6376,0.55,0.7256,8,3 shared tenders; 13.22x expected contextual co-occurrence | win-rate changed from 0.00% to 37.50%; standardized shift=2.02
CASE-0276,V0061,46,2,"cooccurrence, price",0.6998,1.0,0.6376,0.55,0.7289,44,"3 shared tenders; 8.36x expected contextual co-occurrence | tender T01340 has unusually tight bid separation; robust z=0.00, relative spread=0.0938"
CASE-0277,V0053,46,2,"cooccurrence, price",0.6991,1.0,0.6376,0.55,0.7287,40,"28 shared tenders; 23.13x expected contextual co-occurrence | tender T01386 has unusually tight bid separation; robust z=-3.36, relative spread=0.2208"
CASE-0278,V0174,46,2,"cooccurrence, temporal",0.6991,0.9691,0.6376,0.55,0.7231,13,4 shared tenders; 8.23x expected contextual co-occurrence | win-rate changed from 55.56% to 11.11%; standardized shift=2.00
CASE-0279,V0421,46,2,"cooccurrence, price",0.6991,0.9851,0.6376,0.55,0.726,38,"7 shared tenders; 7.51x expected contextual co-occurrence | tender T02225 has unusually tight bid separation; robust z=-2.79, relative spread=0.1889"
CASE-0280,V0091,46,2,"cooccurrence, price",0.6989,0.9819,0.6376,0.55,0.7253,43,"37 shared tenders; 13.62x expected contextual co-occurrence | tender T01791 has unusually tight bid separation; robust z=-1.20, relative spread=0.1670"
CASE-0281,V0438,46,2,"cooccurrence, price",0.6988,1.0,0.6376,0.55,0.7286,38,"7 shared tenders; 9.86x expected contextual co-occurrence | tender T01043 has unusually tight bid separation; robust z=2.38, relative spread=0.0486"
CASE-0282,V0023,46,2,"cooccurrence, price",0.6987,1.0,0.6376,0.55,0.7285,30,"5 shared tenders; 8.77x expected contextual co-occurrence | tender T01027 has unusually tight bid separation; robust z=-2.33, relative spread=0.1417"
CASE-0283,V0263,46,2,"cooccurrence, price",0.6987,1.0,0.6376,0.55,0.7285,39,"7 shared tenders; 10.56x expected contextual co-occurrence | tender T01654 has unusually tight bid separation; robust z=-1.12, relative spread=0.1630"
CASE-0284,V0539,46,2,"cooccurrence, price",0.6985,1.0,0.6376,0.55,0.7284,19,"3 shared tenders; 17.04x expected contextual co-occurrence | tender T02108 has unusually tight bid separation; robust z=-1.96, relative spread=0.1653"
CASE-0285,V0236,46,2,"cooccurrence, price",0.6981,0.995,0.6376,0.55,0.7273,14,"4 shared tenders; 18.68x expected contextual co-occurrence | tender T00584 has unusually tight bid separation; robust z=-1.54, relative spread=0.1413"
CASE-0286,V0395,46,2,"cooccurrence, price",0.6981,1.0,0.6376,0.55,0.7283,32,"5 shared tenders; 13.39x expected contextual co-occurrence | tender T00557 has unusually tight bid separation; robust z=-3.61, relative spread=0.1293"
CASE-0287,V0313,46,2,"cooccurrence, price",0.6974,0.9896,0.6376,0.55,0.7261,33,"3 shared tenders; 9.16x expected contextual co-occurrence | tender T01043 has unusually tight bid separation; robust z=2.38, relative spread=0.0486"
CASE-0288,V0078,46,2,"cooccurrence, price",0.6966,0.9874,0.6376,0.55,0.7253,22,"7 shared tenders; 7.51x expected contextual co-occurrence | tender T01791 has unusually tight bid separation; robust z=-1.20, relative spread=0.1670"
CASE-0289,V0492,46,2,"cooccurrence, price",0.696,1.0,0.6376,0.55,0.7274,16,"3 shared tenders; 12.38x expected contextual co-occurrence | tender T02078 has unusually tight bid separation; robust z=-18.37, relative spread=0.1094"
CASE-0290,V0431,46,2,"cooccurrence, price",0.6957,1.0,0.6376,0.55,0.7272,27,"4 shared tenders; 13.48x expected contextual co-occurrence | tender T01512 has unusually tight bid separation; robust z=-3.26, relative spread=0.2002"
CASE-0291,V0526,46,2,"cooccurrence, price",0.6935,0.9839,0.6376,0.55,0.7234,30,"3 shared tenders; 8.31x expected contextual co-occurrence | tender T02413 has unusually tight bid separation; robust z=-2.95, relative spread=0.2261"
CASE-0292,V0339,46,2,"cooccurrence, price",0.6933,1.0,0.6376,0.55,0.7262,25,"3 shared tenders; 8.70x expected contextual co-occurrence | tender T01510 has unusually tight bid separation; robust z=2.48, relative spread=0.0097"
CASE-0293,V0013,46,2,"cooccurrence, price",0.6922,1.0,0.6376,0.55,0.7258,18,"7 shared tenders; 12.18x expected contextual co-occurrence | tender T01731 has unusually tight bid separation; robust z=-2.86, relative spread=0.2142"
CASE-0294,V0345,46,2,"cooccurrence, price",0.6922,0.9924,0.6376,0.55,0.7244,16,"6 shared tenders; 9.25x expected contextual co-occurrence | tender T01651 has unusually tight bid separation; robust z=-2.65, relative spread=0.2063"
CASE-0295,V0080,46,2,"cooccurrence, price",0.6901,0.9672,0.6376,0.55,0.719,42,"8 shared tenders; 8.93x expected contextual co-occurrence | tender T02302 has unusually tight bid separation; robust z=-1.16, relative spread=0.1323"
CASE-0296,V0051,46,2,"cooccurrence, price",0.6899,0.9825,0.6376,0.55,0.7217,36,"28 shared tenders; 20.85x expected contextual co-occurrence | tender T01386 has unusually tight bid separation; robust z=-3.36, relative spread=0.2208"
CASE-0297,V0049,46,2,"cooccurrence, price",0.6895,0.9886,0.6376,0.55,0.7226,11,"3 shared tenders; 13.09x expected contextual co-occurrence | tender T00815 has unusually tight bid separation; robust z=-0.67, relative spread=0.1810"
CASE-0298,V0385,46,2,"cooccurrence, price",0.6888,1.0,0.6376,0.55,0.7244,16,"5 shared tenders; 11.21x expected contextual co-occurrence | tender T02413 has unusually tight bid separation; robust z=-2.95, relative spread=0.2261"
CASE-0299,V0072,46,2,"cooccurrence, price",0.6882,1.0,0.6376,0.55,0.7241,40,"22 shared tenders; 14.38x expected contextual co-occurrence | tender T00009 has unusually tight bid separation; robust z=2.41, relative spread=0.0779"
CASE-0300,V0338,46,2,"cooccurrence, price",0.6882,1.0,0.6376,0.55,0.7241,41,"4 shared tenders; 8.25x expected contextual co-occurrence | tender T01237 has unusually tight bid separation; robust z=-2.10, relative spread=0.1832"
CASE-0301,V0429,46,2,"cooccurrence, price",0.6868,1.0,0.6376,0.55,0.7235,32,"3 shared tenders; 11.98x expected contextual co-occurrence | tender T02009 has unusually tight bid separation; robust z=-1.55, relative spread=0.1506"
CASE-0302,V0282,46,2,"cooccurrence, price",0.6862,1.0,0.6376,0.55,0.7232,15,"4 shared tenders; 8.55x expected contextual co-occurrence | tender T01173 has unusually tight bid separation; robust z=-0.67, relative spread=0.1661"
CASE-0303,V0545,46,2,"cooccurrence, price",0.6862,1.0,0.6376,0.55,0.7232,11,"3 shared tenders; 13.29x expected contextual co-occurrence | tender T00807 has unusually tight bid separation; robust z=0.00, relative spread=0.0924"
CASE-0304,V0418,46,2,"cooccurrence, price",0.6854,0.9974,0.6376,0.55,0.7224,14,"3 shared tenders; 10.54x expected contextual co-occurrence | tender T00859 has unusually tight bid separation; robust z=-1.29, relative spread=0.1434"
CASE-0305,V0478,46,2,"cooccurrence, price",0.6844,0.9777,0.6376,0.55,0.7185,27,"5 shared tenders; 16.84x expected contextual co-occurrence | tender T00470 has unusually tight bid separation; robust z=2.46, relative spread=0.0104"
CASE-0306,V0275,46,2,"cooccurrence, price",0.684,1.0,0.6376,0.55,0.7223,27,"9 shared tenders; 8.88x expected contextual co-occurrence | tender T02195 has unusually tight bid separation; robust z=2.47, relative spread=0.0495"
CASE-0307,V0162,46,2,"cooccurrence, price",0.6825,0.9876,0.6376,0.55,0.7195,23,"4 shared tenders; 12.00x expected contextual co-occurrence | tender T01191 has unusually tight bid separation; robust z=-2.59, relative spread=0.1919"
CASE-0308,V0203,46,2,"cooccurrence, price",0.6824,0.9929,0.6376,0.55,0.7204,14,"3 shared tenders; 14.75x expected contextual co-occurrence | tender T00578 has unusually tight bid separation; robust z=-1.72, relative spread=0.1273"
CASE-0309,V0015,46,2,"cooccurrence, price",0.6813,0.9908,0.6376,0.55,0.7196,9,"3 shared tenders; 8.24x expected contextual co-occurrence | tender T00545 has unusually tight bid separation; robust z=-3.14, relative spread=0.1989"
CASE-0310,V0331,46,2,"cooccurrence, price",0.6808,0.9996,0.6376,0.55,0.7209,14,"3 shared tenders; 10.99x expected contextual co-occurrence | tender T01040 has unusually tight bid separation; robust z=-1.73, relative spread=0.1935"
CASE-0311,V0169,46,2,"cooccurrence, price",0.6805,1.0,0.6376,0.55,0.7208,42,"4 shared tenders; 10.19x expected contextual co-occurrence | tender T02013 has unusually tight bid separation; robust z=0.00, relative spread=0.0212"
CASE-0312,V0114,46,2,"cooccurrence, price",0.6797,1.0,0.6376,0.55,0.7205,32,"7 shared tenders; 9.07x expected contextual co-occurrence | tender T00003 has unusually tight bid separation; robust z=-2.36, relative spread=0.2089"
CASE-0313,V0188,46,2,"cooccurrence, price",0.6797,0.9735,0.6376,0.55,0.7157,28,"5 shared tenders; 7.91x expected contextual co-occurrence | tender T01930 has unusually tight bid separation; robust z=-2.61, relative spread=0.2442"
CASE-0314,V0202,46,2,"cooccurrence, price",0.6792,0.9869,0.6376,0.55,0.7179,19,"3 shared tenders; 11.95x expected contextual co-occurrence | tender T01158 has unusually tight bid separation; robust z=-2.77, relative spread=0.2082"
CASE-0315,V0146,46,2,"cooccurrence, price",0.6784,1.0,0.6376,0.55,0.72,14,"3 shared tenders; 11.32x expected contextual co-occurrence | tender T00925 has unusually tight bid separation; robust z=0.00, relative spread=0.0262"
CASE-0316,V0231,46,2,"cooccurrence, price",0.6784,0.9982,0.6376,0.55,0.7196,22,"4 shared tenders; 10.49x expected contextual co-occurrence | tender T01196 has unusually tight bid separation; robust z=-1.07, relative spread=0.1426"
CASE-0317,V0549,46,2,"cooccurrence, price",0.6784,1.0,0.6376,0.55,0.72,19,"5 shared tenders; 12.36x expected contextual co-occurrence | tender T01262 has unusually tight bid separation; robust z=-0.92, relative spread=0.1219"
CASE-0318,V0403,46,2,"cooccurrence, price",0.6777,1.0,0.6376,0.55,0.7197,32,"6 shared tenders; 7.37x expected contextual co-occurrence | tender T01340 has unusually tight bid separation; robust z=0.00, relative spread=0.0938"
CASE-0319,V0509,46,2,"cooccurrence, price",0.6775,0.9776,0.6376,0.55,0.7156,29,"6 shared tenders; 7.71x expected contextual co-occurrence | tender T02437 has unusually tight bid separation; robust z=-1.33, relative spread=0.1244"
CASE-0320,V0529,46,2,"cooccurrence, price",0.6772,0.9968,0.6376,0.55,0.7189,25,"3 shared tenders; 12.12x expected contextual co-occurrence | tender T01040 has unusually tight bid separation; robust z=-1.73, relative spread=0.1935"
CASE-0321,V0211,46,2,"cooccurrence, price",0.6757,1.0,0.6376,0.55,0.7188,22,"4 shared tenders; 8.40x expected contextual co-occurrence | tender T01150 has unusually tight bid separation; robust z=-0.76, relative spread=0.0961"
CASE-0322,V0159,46,2,"cooccurrence, price",0.6747,1.0,0.6376,0.55,0.7184,35,"8 shared tenders; 9.19x expected contextual co-occurrence | tender T01002 has unusually tight bid separation; robust z=-1.56, relative spread=0.1550"
CASE-0323,V0177,46,2,"cooccurrence, price",0.672,0.9919,0.6376,0.55,0.7158,10,"3 shared tenders; 9.51x expected contextual co-occurrence | tender T00964 has unusually tight bid separation; robust z=-1.75, relative spread=0.1732"
CASE-0324,V0087,46,2,"cooccurrence, price",0.6705,1.0,0.6376,0.55,0.7167,16,"3 shared tenders; 13.29x expected contextual co-occurrence | tender T00807 has unusually tight bid separation; robust z=0.00, relative spread=0.0924"
CASE-0325,V0180,46,2,"cooccurrence, price",0.6702,1.0,0.6376,0.55,0.7165,11,"4 shared tenders; 11.88x expected contextual co-occurrence | tender T00584 has unusually tight bid separation; robust z=-1.54, relative spread=0.1413"
CASE-0326,V0233,46,2,"cooccurrence, price",0.6701,1.0,0.6376,0.55,0.7165,14,"3 shared tenders; 9.20x expected contextual co-occurrence | tender T00504 has unusually tight bid separation; robust z=-1.35, relative spread=0.1157"
CASE-0327,V0525,46,2,"cooccurrence, price",0.6655,0.9099,0.6376,0.589,0.6983,42,"4 shared tenders; 7.94x expected contextual co-occurrence | tender T01043 has unusually tight bid separation; robust z=2.38, relative spread=0.0486"
CASE-0328,V0239,46,2,"cooccurrence, price",0.6612,0.925,0.6376,0.584,0.6993,6,"3 shared tenders; 9.23x expected contextual co-occurrence | tender T00911 has unusually tight bid separation; robust z=0.00, relative spread=0.1123"
CASE-0329,V0537,46,2,"cooccurrence, price",0.6606,0.9099,0.6376,0.577,0.6963,27,"3 shared tenders; 10.91x expected contextual co-occurrence | tender T02225 has unusually tight bid separation; robust z=-2.79, relative spread=0.1889"
CASE-0330,V0246,46,2,"cooccurrence, price",0.6383,0.9877,0.6376,0.579,0.7009,9,"3 shared tenders; 14.60x expected contextual co-occurrence | tender T02225 has unusually tight bid separation; robust z=-2.79, relative spread=0.1889"
CASE-0331,V0538,46,2,"cooccurrence, price",0.6052,1.0,0.6376,0.589,0.6892,17,"3 shared tenders; 8.72x expected contextual co-occurrence | tender T00096 has unusually tight bid separation; robust z=2.06, relative spread=0.0232"
CASE-0332,V0112,46,2,"cooccurrence, price",0.5883,1.0,0.6376,0.604,0.6821,13,"3 shared tenders; 20.74x expected contextual co-occurrence | tender T02031 has unusually tight bid separation; robust z=-2.01, relative spread=0.1992"
CASE-0333,V0069,46,2,"cooccurrence, price",0.58,1.0,0.6376,0.598,0.6786,8,"4 shared tenders; 11.20x expected contextual co-occurrence | tender T01984 has unusually tight bid separation; robust z=-2.15, relative spread=0.1941"
CASE-0334,V0316,46,2,"cooccurrence, price",0.5417,0.8891,0.6376,0.649,0.6426,3,"3 shared tenders; 9.55x expected contextual co-occurrence | tender T02279 has unusually tight bid separation; robust z=-2.15, relative spread=0.2205"
CASE-0335,V0391,45,3,"cooccurrence, price, geographic",0.5865,0.9073,0.7971,0.55,0.7074,18,"3 shared tenders; 8.64x expected contextual co-occurrence | tender T01510 has unusually tight bid separation; robust z=2.48, relative spread=0.0097 | dominant-region win share=0.00% vs participation share=31.03%"
CASE-0336,V0452,45,3,"cooccurrence, price, geographic",0.5661,0.9444,0.7971,0.55,0.7035,15,"3 shared tenders; 9.33x expected contextual co-occurrence | tender T02232 has unusually tight bid separation; robust z=2.40, relative spread=0.0250 | dominant-region win share=50.00% vs participation share=80.00%"
CASE-0337,V0498,45,3,"cooccurrence, price, geographic",0.5656,0.9879,0.7971,0.55,0.711,19,"3 shared tenders; 12.20x expected contextual co-occurrence | tender T01512 has unusually tight bid separation; robust z=-3.26, relative spread=0.2002 | dominant-region win share=25.00% vs participation share=52.63%"
CASE-0338,V0375,45,3,"cooccurrence, temporal, price",0.5595,1.0,0.7971,0.55,0.7101,17,"4 shared tenders; 11.05x expected contextual co-occurrence | win-rate changed from 0.00% to 37.50%; standardized shift=2.02 | tender T00947 has unusually tight bid separation; robust z=-0.67, relative spread=0.1348"
CASE-0339,V0473,45,3,"cooccurrence, geographic, price",0.5525,1.0,0.7971,0.55,0.7065,24,"3 shared tenders; 11.98x expected contextual co-occurrence | dominant-region win share=0.00% vs participation share=31.58% | tender T02355 has unusually tight bid separation; robust z=-1.48, relative spread=0.1748"
CASE-0340,V0294,45,3,"cooccurrence, price, temporal",0.5521,1.0,0.7971,0.55,0.7062,30,"4 shared tenders; 8.91x expected contextual co-occurrence | tender T02195 has unusually tight bid separation; robust z=2.47, relative spread=0.0495 | win-rate changed from 0.00% to 18.75%; standardized shift=1.82"
CASE-0341,V0436,45,3,"cooccurrence, price, temporal",0.551,1.0,0.7971,0.55,0.7056,13,"3 shared tenders; 7.88x expected contextual co-occurrence | tender T02111 has unusually tight bid separation; robust z=-0.87, relative spread=0.1617 | win-rate changed from 35.71% to 7.14%; standardized shift=1.84"
CASE-0342,V0362,45,3,"cooccurrence, price, temporal",0.5506,0.9983,0.7971,0.55,0.7051,21,"3 shared tenders; 14.70x expected contextual co-occurrence | tender T00959 has unusually tight bid separation; robust z=-1.80, relative spread=0.1746 | win-rate changed from 7.69% to 38.46%; standardized shift=1.86"
CASE-0343,V0378,45,3,"cooccurrence, price, temporal",0.5452,1.0,0.7971,0.55,0.7026,19,"3 shared tenders; 11.48x expected contextual co-occurrence | tender T00557 has unusually tight bid separation; robust z=-3.61, relative spread=0.1293 | win-rate changed from 50.00% to 16.67%; standardized shift=1.73"
CASE-0344,V0281,45,3,"cooccurrence, price, temporal",0.5425,1.0,0.7971,0.55,0.7012,44,"8 shared tenders; 7.39x expected contextual co-occurrence | tender T00055 has unusually tight bid separation; robust z=0.00, relative spread=0.1823 | win-rate changed from 5.00% to 25.00%; standardized shift=1.77"
CASE-0345,V0365,45,3,"cooccurrence, price, temporal",0.5424,1.0,0.7971,0.55,0.7012,16,"4 shared tenders; 8.25x expected contextual co-occurrence | tender T00367 has unusually tight bid separation; robust z=-0.77, relative spread=0.1530 | win-rate changed from 9.09% to 40.00%; standardized shift=1.66"
CASE-0346,V0342,45,3,"cooccurrence, price, geographic",0.5418,0.9251,0.7971,0.583,0.6874,31,"4 shared tenders; 7.86x expected contextual co-occurrence | tender T02190 has unusually tight bid separation; robust z=0.00, relative spread=0.0474 | dominant-region win share=0.00% vs participation share=28.21%"
CASE-0347,V0001,45,3,"cooccurrence, price, temporal",0.5159,0.9864,0.7971,0.583,0.6849,42,"37 shared tenders; 13.62x expected contextual co-occurrence | tender T01516 has unusually tight bid separation; robust z=0.00, relative spread=0.1221 | win-rate changed from 3.23% to 16.13%; standardized shift=1.72"
CASE-0348,V0503,45,3,"cooccurrence, price, geographic",0.5154,0.8322,0.7971,0.615,0.657,5,"3 shared tenders; 16.19x expected contextual co-occurrence | tender T01764 has unusually tight bid separation; robust z=-1.26, relative spread=0.1016 | dominant-region win share=0.00% vs participation share=30.77%"
CASE-0349,V0298,45,2,"cooccurrence, price",0.7461,0.7903,0.6376,0.55,0.7106,36,"4 shared tenders; 7.13x expected contextual co-occurrence | tender T01248 has unusually tight bid separation; robust z=3.31, relative spread=0.0249"
CASE-0350,V0045,45,2,"cooccurrence, geographic",0.7345,0.8025,0.6376,0.55,0.708,3,3 shared tenders; 12.71x expected contextual co-occurrence | dominant-region win share=100.00% vs participation share=55.56%
CASE-0351,V0047,45,2,"cooccurrence, price",0.7147,0.8448,0.6376,0.55,0.7073,45,"8 shared tenders; 16.68x expected contextual co-occurrence | tender T01662 has unusually tight bid separation; robust z=2.96, relative spread=0.0085"
CASE-0352,V0463,45,2,"cooccurrence, price",0.6833,0.929,0.6376,0.55,0.7092,11,"3 shared tenders; 13.54x expected contextual co-occurrence | tender T00818 has unusually tight bid separation; robust z=2.45, relative spread=0.0384"
CASE-0353,V0153,45,2,"cooccurrence, price",0.679,0.949,0.6376,0.55,0.711,32,"3 shared tenders; 8.08x expected contextual co-occurrence | tender T00660 has unusually tight bid separation; robust z=-4.13, relative spread=0.2117"
CASE-0354,V0465,45,2,"cooccurrence, price",0.6789,0.9638,0.6376,0.55,0.7137,12,"3 shared tenders; 11.19x expected contextual co-occurrence | tender T01283 has unusually tight bid separation; robust z=-2.52, relative spread=0.2070"
CASE-0355,V0011,45,2,"cooccurrence, price",0.6779,0.9698,0.6376,0.55,0.7143,30,"5 shared tenders; 8.52x expected contextual co-occurrence | tender T02108 has unusually tight bid separation; robust z=-1.96, relative spread=0.1653"
CASE-0356,V0215,45,2,"cooccurrence, price",0.6779,0.9446,0.6376,0.55,0.7098,51,"6 shared tenders; 7.87x expected contextual co-occurrence | tender T00077 has unusually tight bid separation; robust z=-2.23, relative spread=0.1779"
CASE-0357,V0242,45,2,"cooccurrence, price",0.6768,0.9599,0.6376,0.55,0.7121,39,"4 shared tenders; 8.13x expected contextual co-occurrence | tender T00800 has unusually tight bid separation; robust z=-2.11, relative spread=0.2011"
CASE-0358,V0191,45,2,"cooccurrence, price",0.6693,0.9945,0.6376,0.55,0.7151,21,"3 shared tenders; 8.10x expected contextual co-occurrence | tender T00366 has unusually tight bid separation; robust z=-3.72, relative spread=0.1486"
CASE-0359,V0081,45,2,"cooccurrence, price",0.6684,0.9972,0.6376,0.55,0.7153,25,"5 shared tenders; 11.74x expected contextual co-occurrence | tender T00498 has unusually tight bid separation; robust z=-1.93, relative spread=0.1809"
CASE-0360,V0220,45,2,"cooccurrence, price",0.6675,0.9326,0.6376,0.55,0.7032,38,"6 shared tenders; 8.92x expected contextual co-occurrence | tender T00660 has unusually tight bid separation; robust z=-4.13, relative spread=0.2117"
CASE-0361,V0058,45,2,"cooccurrence, price",0.6651,0.9949,0.6376,0.55,0.7134,10,"3 shared tenders; 13.65x expected contextual co-occurrence | tender T01040 has unusually tight bid separation; robust z=-1.73, relative spread=0.1935"
CASE-0362,V0341,45,2,"cooccurrence, price",0.6634,1.0,0.6376,0.55,0.7137,11,"3 shared tenders; 13.31x expected contextual co-occurrence | tender T00483 has unusually tight bid separation; robust z=-1.32, relative spread=0.1729"
CASE-0363,V0229,45,2,"cooccurrence, price",0.6626,1.0,0.6376,0.55,0.7133,11,"4 shared tenders; 18.93x expected contextual co-occurrence | tender T00022 has unusually tight bid separation; robust z=-1.68, relative spread=0.1912"
CASE-0364,V0165,45,2,"cooccurrence, price",0.6587,0.9627,0.6376,0.55,0.705,7,"3 shared tenders; 16.21x expected contextual co-occurrence | tender T01946 has unusually tight bid separation; robust z=-1.85, relative spread=0.1829"
CASE-0365,V0464,45,2,"cooccurrence, price",0.6572,0.9571,0.6376,0.55,0.7034,17,"6 shared tenders; 7.15x expected contextual co-occurrence | tender T01905 has unusually tight bid separation; robust z=-0.67, relative spread=0.1471"
CASE-0366,V0259,45,2,"cooccurrence, price",0.6563,1.0,0.6376,0.55,0.7107,31,"10 shared tenders; 8.24x expected contextual co-occurrence | tender T01680 has unusually tight bid separation; robust z=-1.88, relative spread=0.1745"
CASE-0367,V0138,45,2,"cooccurrence, price",0.6545,0.9465,0.6376,0.55,0.7003,13,"3 shared tenders; 17.15x expected contextual co-occurrence | tender T00433 has unusually tight bid separation; robust z=-1.81, relative spread=0.1651"
CASE-0368,V0056,45,2,"cooccurrence, price",0.6447,1.0,0.6376,0.55,0.7058,18,"4 shared tenders; 24.83x expected contextual co-occurrence | tender T02073 has unusually tight bid separation; robust z=-3.39, relative spread=0.2136"
CASE-0369,V0514,45,2,"cooccurrence, price",0.6447,1.0,0.6376,0.55,0.7058,20,"3 shared tenders; 12.50x expected contextual co-occurrence | tender T01400 has unusually tight bid separation; robust z=-1.97, relative spread=0.1541"
CASE-0370,V0181,45,2,"cooccurrence, price",0.6391,0.9893,0.6376,0.55,0.7015,7,"3 shared tenders; 24.87x expected contextual co-occurrence | tender T00221 has unusually tight bid separation; robust z=-5.15, relative spread=0.2286"
CASE-0371,V0353,45,2,"cooccurrence, price",0.6384,0.9881,0.6376,0.55,0.701,11,"3 shared tenders; 11.73x expected contextual co-occurrence | tender T01972 has unusually tight bid separation; robust z=-2.83, relative spread=0.2578"
CASE-0372,V0425,45,2,"cooccurrence, price",0.6225,0.9159,0.6376,0.579,0.6814,5,"4 shared tenders; 31.11x expected contextual co-occurrence | tender T00911 has unusually tight bid separation; robust z=0.00, relative spread=0.1123"
CASE-0373,V0521,45,2,"cooccurrence, price",0.5758,0.9558,0.6376,0.604,0.6689,6,"3 shared tenders; 12.73x expected contextual co-occurrence | tender T01856 has unusually tight bid separation; robust z=2.01, relative spread=0.0160"
CASE-0374,V0163,45,2,"cooccurrence, temporal",0.5735,0.9338,0.6376,0.605,0.664,6,4 shared tenders; 10.02x expected contextual co-occurrence | win-rate changed from 0.00% to 33.33%; standardized shift=1.66
CASE-0375,V0207,45,2,"cooccurrence, price",0.5465,0.9418,0.6376,0.613,0.6541,4,"3 shared tenders; 22.51x expected contextual co-occurrence | tender T01315 has unusually tight bid separation; robust z=-1.69, relative spread=0.1892"
CASE-0376,V0027,44,3,"cooccurrence, price, geographic",0.5555,0.9534,0.7971,0.55,0.6996,25,"5 shared tenders; 8.04x expected contextual co-occurrence | tender T00621 has unusually tight bid separation; robust z=-3.11, relative spread=0.1904 | dominant-region win share=0.00% vs participation share=25.00%"
CASE-0377,V0381,44,3,"cooccurrence, geographic, price",0.5449,0.9785,0.7971,0.55,0.6986,31,"5 shared tenders; 7.46x expected contextual co-occurrence | dominant-region win share=0.00% vs participation share=39.02% | tender T01883 has unusually tight bid separation; robust z=1.85, relative spread=0.0055"
CASE-0378,V0487,44,3,"cooccurrence, geographic, price",0.5422,0.958,0.7971,0.55,0.6935,13,"3 shared tenders; 8.24x expected contextual co-occurrence | dominant-region win share=0.00% vs participation share=38.89% | tender T00501 has unusually tight bid separation; robust z=-1.71, relative spread=0.1973"
CASE-0379,V0406,44,3,"cooccurrence, price, geographic",0.5405,0.9666,0.7971,0.55,0.6942,20,"3 shared tenders; 11.27x expected contextual co-occurrence | tender T00454 has unusually tight bid separation; robust z=-1.39, relative spread=0.1306 | dominant-region win share=50.00% vs participation share=75.00%"
CASE-0380,V0110,44,3,"cooccurrence, price, geographic",0.5394,0.9787,0.7971,0.55,0.6958,6,"3 shared tenders; 20.80x expected contextual co-occurrence | tender T01201 has unusually tight bid separation; robust z=-0.70, relative spread=0.1807 | dominant-region win share=0.00% vs participation share=28.57%"
CASE-0381,V0147,44,3,"cooccurrence, winner_rotation, price",0.5382,0.9882,0.7971,0.55,0.6969,7,"3 shared tenders; 21.31x expected contextual co-occurrence | 2 repeated winner transitions with V0147; transition share=40.00% | tender T01505 has unusually tight bid separation; robust z=-0.67, relative spread=0.0905"
CASE-0382,V0430,44,3,"cooccurrence, price, geographic",0.5355,0.9494,0.7971,0.55,0.6885,9,"3 shared tenders; 7.73x expected contextual co-occurrence | tender T01220 has unusually tight bid separation; robust z=-2.28, relative spread=0.1947 | dominant-region win share=75.00% vs participation share=45.00%"
CASE-0383,V0439,44,3,"cooccurrence, price, temporal",0.5343,1.0,0.7971,0.55,0.697,12,"4 shared tenders; 17.07x expected contextual co-occurrence | tender T01512 has unusually tight bid separation; robust z=-3.26, relative spread=0.2002 | win-rate changed from 10.00% to 44.44%; standardized shift=1.70"
CASE-0384,V0300,44,3,"cooccurrence, price, geographic",0.5318,0.9601,0.7971,0.55,0.6885,8,"3 shared tenders; 16.33x expected contextual co-occurrence | tender T01347 has unusually tight bid separation; robust z=-2.21, relative spread=0.1885 | dominant-region win share=100.00% vs participation share=71.43%"
CASE-0385,V0307,44,3,"cooccurrence, price, temporal",0.5273,1.0,0.7971,0.55,0.6933,47,"17 shared tenders; 8.68x expected contextual co-occurrence | tender T00939 has unusually tight bid separation; robust z=-4.31, relative spread=0.1934 | win-rate changed from 20.00% to 4.00%; standardized shift=1.74"
CASE-0386,V0527,44,3,"cooccurrence, price, geographic",0.5243,0.9679,0.7971,0.55,0.686,6,"3 shared tenders; 14.87x expected contextual co-occurrence | tender T01237 has unusually tight bid separation; robust z=-2.10, relative spread=0.1832 | dominant-region win share=0.00% vs participation share=26.67%"
CASE-0387,V0360,44,3,"cooccurrence, price, temporal",0.5227,1.0,0.7971,0.55,0.6909,15,"4 shared tenders; 8.35x expected contextual co-occurrence | tender T02458 has unusually tight bid separation; robust z=-1.03, relative spread=0.0602 | win-rate changed from 23.08% to 0.00%; standardized shift=1.77"
CASE-0388,V0383,44,3,"cooccurrence, price, temporal",0.5216,1.0,0.7971,0.55,0.6904,36,"11 shared tenders; 10.52x expected contextual co-occurrence | tender T02073 has unusually tight bid separation; robust z=-3.39, relative spread=0.2136 | win-rate changed from 33.33% to 11.11%; standardized shift=1.60"
CASE-0389,V0079,44,3,"cooccurrence, price, temporal",0.5209,1.0,0.7971,0.55,0.69,22,"6 shared tenders; 9.09x expected contextual co-occurrence | tender T01283 has unusually tight bid separation; robust z=-2.52, relative spread=0.2070 | win-rate changed from 40.00% to 13.33%; standardized shift=1.65"
CASE-0390,V0459,44,3,"cooccurrence, price, temporal",0.5202,1.0,0.7971,0.55,0.6896,17,"3 shared tenders; 10.76x expected contextual co-occurrence | tender T01262 has unusually tight bid separation; robust z=-0.92, relative spread=0.1219 | win-rate changed from 18.18% to 50.00%; standardized shift=1.54"
CASE-0391,V0303,44,3,"cooccurrence, price, temporal",0.4953,1.0,0.7971,0.569,0.6767,17,"4 shared tenders; 8.61x expected contextual co-occurrence | tender T00737 has unusually tight bid separation; robust z=-1.38, relative spread=0.1978 | win-rate changed from 7.14% to 30.77%; standardized shift=1.58"
CASE-0392,V0515,44,3,"cooccurrence, geographic, price",0.4871,0.9137,0.7971,0.605,0.6569,5,"3 shared tenders; 12.99x expected contextual co-occurrence | dominant-region win share=100.00% vs participation share=66.67% | tender T01315 has unusually tight bid separation; robust z=-1.69, relative spread=0.1892"
CASE-0393,V0374,44,3,"cooccurrence, price, geographic",0.4666,0.8908,0.7971,0.608,0.6421,4,"4 shared tenders; 13.29x expected contextual co-occurrence | tender T01255 has unusually tight bid separation; robust z=-1.85, relative spread=0.1960 | dominant-region win share=66.67% vs participation share=40.00%"
CASE-0394,V0132,44,2,"cooccurrence, price",0.6632,0.9162,0.6376,0.55,0.6985,46,"8 shared tenders; 7.15x expected contextual co-occurrence | tender T00800 has unusually tight bid separation; robust z=-2.11, relative spread=0.2011"
CASE-0395,V0280,44,2,"cooccurrence, price",0.6605,0.9095,0.6376,0.55,0.6962,37,"7 shared tenders; 7.64x expected contextual co-occurrence | tender T00800 has unusually tight bid separation; robust z=-2.11, relative spread=0.2011"
CASE-0396,V0064,44,2,"cooccurrence, price",0.6523,0.9222,0.6376,0.55,0.695,26,"3 shared tenders; 7.96x expected contextual co-occurrence | tender T01386 has unusually tight bid separation; robust z=-3.36, relative spread=0.2208"
CASE-0397,V0289,44,2,"cooccurrence, price",0.6464,0.9619,0.6376,0.55,0.6997,19,"6 shared tenders; 8.83x expected contextual co-occurrence | tender T02300 has unusually tight bid separation; robust z=-1.70, relative spread=0.1745"
CASE-0398,V0302,44,2,"cooccurrence, price",0.6455,0.941,0.6376,0.55,0.6955,25,"5 shared tenders; 9.13x expected contextual co-occurrence | tender T01703 has unusually tight bid separation; robust z=-2.09, relative spread=0.2009"
CASE-0399,V0254,44,2,"cooccurrence, price",0.6418,0.9689,0.6376,0.55,0.699,37,"4 shared tenders; 12.35x expected contextual co-occurrence | tender T02208 has unusually tight bid separation; robust z=2.30, relative spread=0.0320"
CASE-0400,V0039,44,2,"cooccurrence, price",0.6388,0.9356,0.6376,0.55,0.6917,30,"5 shared tenders; 11.63x expected contextual co-occurrence | tender T01075 has unusually tight bid separation; robust z=-2.31, relative spread=0.2161"
CASE-0401,V0086,44,2,"cooccurrence, price",0.6365,0.9844,0.6376,0.55,0.6996,14,"4 shared tenders; 18.00x expected contextual co-occurrence | tender T01237 has unusually tight bid separation; robust z=-2.10, relative spread=0.1832"
CASE-0402,V0270,44,2,"cooccurrence, price",0.6365,0.927,0.6376,0.55,0.6892,15,"3 shared tenders; 9.41x expected contextual co-occurrence | tender T01306 has unusually tight bid separation; robust z=-0.67, relative spread=0.1657"
CASE-0403,V0176,44,2,"cooccurrence, price",0.6344,0.9804,0.6376,0.55,0.698,11,"3 shared tenders; 8.88x expected contextual co-occurrence | tender T01930 has unusually tight bid separation; robust z=-2.61, relative spread=0.2442"
CASE-0404,V0092,44,2,"cooccurrence, price",0.6304,0.9783,0.6376,0.55,0.6959,19,"5 shared tenders; 21.12x expected contextual co-occurrence | tender T02355 has unusually tight bid separation; robust z=-1.48, relative spread=0.1748"
CASE-0405,V0501,44,2,"cooccurrence, price",0.627,0.9581,0.6376,0.55,0.6908,17,"4 shared tenders; 17.52x expected contextual co-occurrence | tender T00157 has unusually tight bid separation; robust z=-2.50, relative spread=0.1994"
CASE-0406,V0096,44,2,"cooccurrence, price",0.6224,1.0,0.6376,0.55,0.6965,14,"3 shared tenders; 14.59x expected contextual co-occurrence | tender T00088 has unusually tight bid separation; robust z=2.18, relative spread=0.0177"
CASE-0407,V0468,44,2,"cooccurrence, price",0.6126,0.9708,0.6376,0.55,0.6871,18,"4 shared tenders; 19.12x expected contextual co-occurrence | tender T02409 has unusually tight bid separation; robust z=-2.02, relative spread=0.1831"
CASE-0408,V0456,44,2,"cooccurrence, price",0.6121,0.9875,0.6376,0.55,0.6899,18,"4 shared tenders; 18.00x expected contextual co-occurrence | tender T01000 has unusually tight bid separation; robust z=2.02, relative spread=0.0165"
CASE-0409,V0065,44,2,"cooccurrence, price",0.5992,1.0,0.6376,0.55,0.6867,22,"7 shared tenders; 10.56x expected contextual co-occurrence | tender T01224 has unusually tight bid separation; robust z=-1.54, relative spread=0.1642"
CASE-0410,V0115,44,2,"cooccurrence, price",0.5986,0.9988,0.6376,0.55,0.6862,16,"3 shared tenders; 20.74x expected contextual co-occurrence | tender T01224 has unusually tight bid separation; robust z=-1.54, relative spread=0.1642"
CASE-0411,V0433,43,4,"cooccurrence, temporal, price, geographic",0.5033,0.8213,0.8864,0.55,0.6755,32,"6 shared tenders; 7.33x expected contextual co-occurrence | win-rate changed from 0.00% to 29.41%; standardized shift=2.49 | tender T02156 has unusually tight bid separation; robust z=-2.33, relative spread=0.1815 | dominant-region win share=60.00% vs participation share=34.29%"
CASE-0412,V0103,43,3,"cooccurrence, price, geographic",0.53,0.8709,0.7971,0.55,0.6715,7,"3 shared tenders; 11.01x expected contextual co-occurrence | tender T02344 has unusually tight bid separation; robust z=-2.97, relative spread=0.2178 | dominant-region win share=33.33% vs participation share=63.64%"
CASE-0413,V0414,43,3,"cooccurrence, price, geographic",0.5289,0.8637,0.7971,0.55,0.6696,26,"3 shared tenders; 8.83x expected contextual co-occurrence | tender T01930 has unusually tight bid separation; robust z=-2.61, relative spread=0.2442 | dominant-region win share=25.00% vs participation share=51.61%"
CASE-0414,V0099,43,3,"cooccurrence, price, geographic",0.5262,0.9025,0.7971,0.55,0.6752,8,"3 shared tenders; 24.16x expected contextual co-occurrence | tender T02300 has unusually tight bid separation; robust z=-1.70, relative spread=0.1745 | dominant-region win share=100.00% vs participation share=75.00%"
CASE-0415,V0363,43,3,"cooccurrence, price, temporal",0.5143,0.9598,0.7971,0.55,0.6793,37,"4 shared tenders; 8.53x expected contextual co-occurrence | tender T02129 has unusually tight bid separation; robust z=-1.12, relative spread=0.1288 | win-rate changed from 21.74% to 4.55%; standardized shift=1.70"
CASE-0416,V0107,43,3,"cooccurrence, price, temporal",0.5041,0.982,0.7971,0.55,0.678,9,"3 shared tenders; 21.52x expected contextual co-occurrence | tender T00959 has unusually tight bid separation; robust z=-1.80, relative spread=0.1746 | win-rate changed from 10.00% to 44.44%; standardized shift=1.70"
CASE-0417,V0251,43,3,"cooccurrence, price, geographic",0.5031,1.0,0.7971,0.55,0.6807,25,"4 shared tenders; 11.51x expected contextual co-occurrence | tender T02084 has unusually tight bid separation; robust z=1.98, relative spread=0.0557 | dominant-region win share=66.67% vs participation share=42.11%"
CASE-0418,V0319,43,3,"cooccurrence, temporal, price",0.4626,1.0,0.7971,0.578,0.6597,30,"7 shared tenders; 10.27x expected contextual co-occurrence | win-rate changed from 5.88% to 29.41%; standardized shift=1.80 | tender T02369 has unusually tight bid separation; robust z=-1.45, relative spread=0.1730"
CASE-0419,V0308,43,2,"cooccurrence, price",0.6435,0.8781,0.6376,0.55,0.6834,42,"3 shared tenders; 7.56x expected contextual co-occurrence | tender T01703 has unusually tight bid separation; robust z=-2.09, relative spread=0.2009"
CASE-0420,V0485,43,2,"cooccurrence, price",0.6424,0.8766,0.6376,0.55,0.6826,40,"5 shared tenders; 14.22x expected contextual co-occurrence | tender T02073 has unusually tight bid separation; robust z=-3.39, relative spread=0.2136"
CASE-0421,V0059,43,2,"cooccurrence, price",0.6418,0.8767,0.6376,0.55,0.6824,24,"4 shared tenders; 8.30x expected contextual co-occurrence | tender T00621 has unusually tight bid separation; robust z=-3.11, relative spread=0.1904"
CASE-0422,V0427,43,2,"cooccurrence, price",0.6346,0.902,0.6376,0.55,0.6839,9,"3 shared tenders; 8.60x expected contextual co-occurrence | tender T02413 has unusually tight bid separation; robust z=-2.95, relative spread=0.2261"
CASE-0423,V0394,43,2,"cooccurrence, price",0.6334,0.8593,0.6376,0.55,0.6757,24,"3 shared tenders; 7.42x expected contextual co-occurrence | tender T01703 has unusually tight bid separation; robust z=-2.09, relative spread=0.2009"
CASE-0424,V0172,43,2,"cooccurrence, price",0.6304,0.8653,0.6376,0.55,0.6756,42,"5 shared tenders; 7.21x expected contextual co-occurrence | tender T01972 has unusually tight bid separation; robust z=-2.83, relative spread=0.2578"
CASE-0425,V0055,43,2,"cooccurrence, price",0.6292,0.8893,0.6376,0.55,0.6794,6,"4 shared tenders; 9.03x expected contextual co-occurrence | tender T02118 has unusually tight bid separation; robust z=-1.19, relative spread=0.1306"
CASE-0426,V0349,43,2,"cooccurrence, price",0.6182,0.8895,0.6376,0.55,0.6748,15,"6 shared tenders; 11.12x expected contextual co-occurrence | tender T01612 has unusually tight bid separation; robust z=-1.31, relative spread=0.1267"
CASE-0427,V0094,43,2,"cooccurrence, price",0.6024,0.9195,0.6376,0.55,0.6736,6,"3 shared tenders; 15.83x expected contextual co-occurrence | tender T02300 has unusually tight bid separation; robust z=-1.70, relative spread=0.1745"
CASE-0428,V0461,43,2,"cooccurrence, price",0.6012,0.8307,0.6376,0.582,0.6571,7,"3 shared tenders; 10.91x expected contextual co-occurrence | tender T02118 has unusually tight bid separation; robust z=-1.19, relative spread=0.1306"
CASE-0429,V0336,43,2,"cooccurrence, price",0.5832,0.9877,0.6376,0.55,0.6777,30,"3 shared tenders; 8.94x expected contextual co-occurrence | tender T01986 has unusually tight bid separation; robust z=-2.30, relative spread=0.1913"
CASE-0430,V0022,43,2,"cooccurrence, price",0.5808,0.995,0.6376,0.55,0.6781,19,"3 shared tenders; 9.66x expected contextual co-occurrence | tender T01499 has unusually tight bid separation; robust z=-1.14, relative spread=0.1667"
CASE-0431,V0491,43,2,"cooccurrence, price",0.5771,0.9968,0.6376,0.55,0.6768,11,"3 shared tenders; 15.75x expected contextual co-occurrence | tender T00696 has unusually tight bid separation; robust z=1.87, relative spread=0.0315"
CASE-0432,V0447,43,2,"cooccurrence, price",0.5662,0.9821,0.6376,0.55,0.6696,12,"4 shared tenders; 20.00x expected contextual co-occurrence | tender T01366 has unusually tight bid separation; robust z=1.85, relative spread=0.0422"
CASE-0433,V0017,43,2,"cooccurrence, price",0.5502,0.645,0.6376,0.645,0.6022,2,"3 shared tenders; 13.43x expected contextual co-occurrence | tender T01080 has unusually tight bid separation; robust z=2.98, relative spread=0.0367"
CASE-0434,V0520,43,2,"cooccurrence, price",0.535,0.8305,0.6376,0.61,0.6292,4,"3 shared tenders; 17.54x expected contextual co-occurrence | tender T00981 has unusually tight bid separation; robust z=-1.80, relative spread=0.2024"
CASE-0435,V0340,42,3,"cooccurrence, geographic, price",0.5733,0.7208,0.7971,0.55,0.667,35,"5 shared tenders; 6.10x expected contextual co-occurrence | dominant-region win share=0.00% vs participation share=44.68% | tender T01386 has unusually tight bid separation; robust z=-3.36, relative spread=0.2208"
CASE-0436,V0249,42,3,"cooccurrence, temporal, price",0.5159,0.8833,0.7971,0.55,0.6664,19,"4 shared tenders; 8.99x expected contextual co-occurrence | win-rate changed from 31.58% to 5.56%; standardized shift=2.02 | tender T02149 has unusually tight bid separation; robust z=-1.65, relative spread=0.1393"
CASE-0437,V0205,42,3,"cooccurrence, temporal, price",0.5133,0.889,0.7971,0.55,0.666,8,"3 shared tenders; 25.34x expected contextual co-occurrence | win-rate changed from 0.00% to 42.86%; standardized shift=1.95 | tender T01797 has unusually tight bid separation; robust z=-2.50, relative spread=0.2080"
CASE-0438,V0241,42,2,"cooccurrence, price",0.6172,0.8308,0.6376,0.55,0.6638,23,"7 shared tenders; 9.97x expected contextual co-occurrence | tender T00367 has unusually tight bid separation; robust z=-0.77, relative spread=0.1530"
CASE-0439,V0495,42,2,"cooccurrence, price",0.6161,0.8333,0.6376,0.55,0.6638,29,"5 shared tenders; 7.30x expected contextual co-occurrence | tender T02073 has unusually tight bid separation; robust z=-3.39, relative spread=0.2136"
CASE-0440,V0274,42,2,"cooccurrence, price",0.6138,0.8253,0.6376,0.55,0.6614,36,"4 shared tenders; 6.46x expected contextual co-occurrence | tender T00914 has unusually tight bid separation; robust z=-2.39, relative spread=0.2221"
CASE-0441,V0248,42,2,"cooccurrence, price",0.6103,0.8216,0.6376,0.55,0.6592,26,"8 shared tenders; 6.96x expected contextual co-occurrence | tender T01075 has unusually tight bid separation; robust z=-2.31, relative spread=0.2161"
CASE-0442,V0372,42,2,"cooccurrence, price",0.5944,0.9038,0.6376,0.55,0.6674,7,"3 shared tenders; 14.64x expected contextual co-occurrence | tender T01210 has unusually tight bid separation; robust z=-2.21, relative spread=0.2244"
CASE-0443,V0435,42,2,"cooccurrence, price",0.5902,0.8959,0.6376,0.55,0.6642,5,"3 shared tenders; 25.34x expected contextual co-occurrence | tender T01797 has unusually tight bid separation; robust z=-2.50, relative spread=0.2080"
CASE-0444,V0279,42,2,"cooccurrence, price",0.5883,0.8927,0.6376,0.55,0.6628,4,"3 shared tenders; 13.04x expected contextual co-occurrence | tender T02413 has unusually tight bid separation; robust z=-2.95, relative spread=0.2261"
CASE-0445,V0168,42,2,"cooccurrence, price",0.5837,0.9264,0.6376,0.55,0.6669,5,"3 shared tenders; 13.97x expected contextual co-occurrence | tender T00296 has unusually tight bid separation; robust z=-2.75, relative spread=0.2073"
CASE-0446,V0201,42,2,"cooccurrence, price",0.5706,0.944,0.6376,0.55,0.6646,21,"4 shared tenders; 8.33x expected contextual co-occurrence | tender T02409 has unusually tight bid separation; robust z=-2.02, relative spread=0.1831"
CASE-0447,V0018,42,2,"cooccurrence, price",0.5041,0.654,0.6376,0.654,0.5845,3,"3 shared tenders; 21.52x expected contextual co-occurrence | tender T02129 has unusually tight bid separation; robust z=-1.12, relative spread=0.1288"
CASE-0448,V0382,41,3,"cooccurrence, temporal, price",0.5125,0.8025,0.7971,0.55,0.6501,4,"3 shared tenders; 9.22x expected contextual co-occurrence | win-rate changed from 0.00% to 50.00%; standardized shift=2.31 | tender T01336 has unusually tight bid separation; robust z=-1.80, relative spread=0.1808"
CASE-0449,V0483,41,3,"cooccurrence, price, geographic",0.5082,0.7579,0.7971,0.55,0.6398,33,"9 shared tenders; 7.20x expected contextual co-occurrence | tender T02499 has unusually tight bid separation; robust z=-4.05, relative spread=0.2306 | dominant-region win share=100.00% vs participation share=69.09%"
CASE-0450,V0182,41,2,"cooccurrence, price",0.6009,0.8038,0.6376,0.55,0.6521,25,"9 shared tenders; 7.20x expected contextual co-occurrence | tender T00477 has unusually tight bid separation; robust z=-3.75, relative spread=0.1738"
CASE-0451,V0247,41,2,"cooccurrence, price",0.6001,0.8008,0.6376,0.55,0.6512,25,"5 shared tenders; 7.42x expected contextual co-occurrence | tender T00772 has unusually tight bid separation; robust z=-1.00, relative spread=0.1200"
CASE-0452,V0548,40,2,"cooccurrence, price",0.5324,0.843,0.6376,0.55,0.6304,9,"4 shared tenders; 18.09x expected contextual co-occurrence | tender T01380 has unusually tight bid separation; robust z=2.00, relative spread=0.0288"
CASE-0453,V0133,40,2,"cooccurrence, price",0.5158,0.8781,0.6376,0.55,0.6297,25,"3 shared tenders; 8.46x expected contextual co-occurrence | tender T01216 has unusually tight bid separation; robust z=-2.15, relative spread=0.1941"
CASE-0454,V0550,40,2,"cooccurrence, price",0.4904,0.628,0.6376,0.628,0.574,3,"4 shared tenders; 19.51x expected contextual co-occurrence | tender T01982 has unusually tight bid separation; robust z=-3.13, relative spread=0.1312"
CASE-0455,V0399,40,1,cooccurrence,0.8579,0.8579,0.3527,0.634,0.58,2,3 shared tenders; 21.21x expected contextual co-occurrence
CASE-0456,V0034,39,3,"cooccurrence, price, temporal",0.4713,0.7,0.7971,0.55,0.6102,31,"4 shared tenders; 6.69x expected contextual co-occurrence | tender T01703 has unusually tight bid separation; robust z=-2.09, relative spread=0.2009 | win-rate changed from 14.81% to 38.46%; standardized shift=1.95"
CASE-0457,V0028,39,2,"cooccurrence, price",0.5562,0.7221,0.6376,0.55,0.6186,24,"6 shared tenders; 6.46x expected contextual co-occurrence | tender T02111 has unusually tight bid separation; robust z=-0.87, relative spread=0.1617"
CASE-0458,V0186,39,2,"cooccurrence, price",0.5352,0.7428,0.6376,0.55,0.6135,14,"3 shared tenders; 7.49x expected contextual co-occurrence | tender T01930 has unusually tight bid separation; robust z=-2.61, relative spread=0.2442"
CASE-0459,V0149,39,2,"cooccurrence, price",0.4615,0.627,0.6376,0.627,0.5617,4,"3 shared tenders; 14.52x expected contextual co-occurrence | tender T00022 has unusually tight bid separation; robust z=-1.68, relative spread=0.1912"
CASE-0460,V0179,39,1,cooccurrence,1.0,1.0,0.3527,0.61,0.58,14,6 shared tenders; 11.68x expected contextual co-occurrence
CASE-0461,V0479,39,1,cooccurrence,0.992,0.992,0.3527,0.597,0.58,9,3 shared tenders; 24.87x expected contextual co-occurrence
CASE-0462,V0171,39,1,cooccurrence,0.8578,0.8578,0.3527,0.608,0.58,2,3 shared tenders; 28.28x expected contextual co-occurrence
CASE-0463,V0031,39,1,cooccurrence,0.7841,0.7841,0.3527,0.597,0.58,2,3 shared tenders; 9.07x expected contextual co-occurrence
CASE-0464,V0212,38,2,"cooccurrence, price",0.5255,0.6608,0.6376,0.55,0.5947,35,"6 shared tenders; 5.79x expected contextual co-occurrence | tender T00462 has unusually tight bid separation; robust z=-2.82, relative spread=0.1847"
CASE-0465,V0218,38,2,"cooccurrence, price",0.5108,0.698,0.6376,0.55,0.5952,26,"6 shared tenders; 5.87x expected contextual co-occurrence | tender T01474 has unusually tight bid separation; robust z=-1.70, relative spread=0.1627"
CASE-0466,V0137,38,1,cooccurrence,0.582,0.582,0.3527,0.582,0.58,1,3 shared tenders; 8.19x expected contextual co-occurrence
CASE-0467,V0332,37,2,"cooccurrence, price",0.4847,0.6871,0.6376,0.55,0.5823,26,"5 shared tenders; 6.08x expected contextual co-occurrence | tender T02246 has unusually tight bid separation; robust z=-1.66, relative spread=0.1889"
CASE-0468,V0077,37,1,cooccurrence,1.0,1.0,0.3527,0.55,0.58,9,3 shared tenders; 16.24x expected contextual co-occurrence
CASE-0469,V0143,37,1,cooccurrence,1.0,1.0,0.3527,0.55,0.58,6,3 shared tenders; 10.10x expected contextual co-occurrence
CASE-0470,V0412,37,1,cooccurrence,1.0,1.0,0.3527,0.55,0.58,14,3 shared tenders; 12.56x expected contextual co-occurrence
CASE-0471,V0083,37,1,cooccurrence,0.9931,0.9931,0.3527,0.55,0.58,6,3 shared tenders; 13.65x expected contextual co-occurrence
CASE-0472,V0004,37,1,cooccurrence,0.961,0.961,0.3527,0.55,0.58,9,3 shared tenders; 8.05x expected contextual co-occurrence
CASE-0473,V0358,37,1,cooccurrence,0.9467,0.9467,0.3527,0.55,0.58,8,5 shared tenders; 9.37x expected contextual co-occurrence
CASE-0474,V0448,36,3,"cooccurrence, price, geographic",0.4046,0.6176,0.7971,0.55,0.5607,7,"3 shared tenders; 17.63x expected contextual co-occurrence | tender T00022 has unusually tight bid separation; robust z=-1.68, relative spread=0.1912 | dominant-region win share=66.67% vs participation share=38.46%"
CASE-0475,V0021,36,3,"cooccurrence, price, temporal",0.3804,0.7223,0.7971,0.55,0.567,4,"4 shared tenders; 8.84x expected contextual co-occurrence | tender T01595 has unusually tight bid separation; robust z=-0.67, relative spread=0.1392 | win-rate changed from 0.00% to 28.57%; standardized shift=1.62"
CASE-0476,V0455,35,2,"cooccurrence, price",0.4727,0.5555,0.6376,0.55,0.5536,30,"6 shared tenders; 5.64x expected contextual co-occurrence | tender T02111 has unusually tight bid separation; robust z=-0.87, relative spread=0.1617"
CASE-0477,V0443,35,2,"cooccurrence, geographic",0.4361,0.576,0.6376,0.576,0.5419,2,4 shared tenders; 15.88x expected contextual co-occurrence | dominant-region win share=100.00% vs participation share=72.73%
CASE-0478,V0535,35,2,"price, geographic",0.1491,0.1638,0.6376,1.0,0.3471,2,"tender T00655 has unusually tight bid separation; robust z=-1.19, relative spread=0.1689 | dominant-region win share=25.00% vs participation share=50.00%"
CASE-0479,V0325,31,1,price,0.3102,0.3102,0.3527,1.0,0.3102,2,"tender T01781 has unusually tight bid separation; robust z=-0.67, relative spread=0.1140"
