tender_id,ocid,organization_id,department_id,department_name,category,subcategory,item_code,region,procurement_method,award_criteria,eligibility_type,publication_date,closing_date,estimated_value,status
T00001,ocds-synthetic-00001,D02,D02,Urban Infrastructure Division - South,MEDICAL_SUPPLIES,SURGICAL_CONSUMABLES,ITEM-MEDI-112,KA-SOUTH,OPEN,LOWEST_PRICE,OPEN_ELIGIBILITY,2026-01-01,2026-02-14,17493065.73,AWARDED
T00002,ocds-synthetic-00002,D19,D19,Forest Infrastructure Division,WATER_INFRASTRUCTURE,WATER_TREATMENT,ITEM-WATE-870,KA-NORTH,OPEN,LOWEST_PRICE,OPEN_ELIGIBILITY,2026-01-10,2026-02-23,17756907.21,AWARDED
T00003,ocds-synthetic-00003,D11,D11,Urban Technology Division,WATER_INFRASTRUCTURE,IRRIGATION_WORKS,ITEM-WATE-231,KA-BENGALURU,OPEN,LOWEST_PRICE,OPEN_ELIGIBILITY,2025-06-20,2025-07-15,32508943.77,AWARDED
T00004,ocds-synthetic-00004,D12,D12,Housing Infrastructure Division,VEHICLE_SUPPLIES,VEHICLE_PARTS,ITEM-VEHI-447,KA-SOUTH,OPEN,LOWEST_PRICE,OPEN_ELIGIBILITY,2026-07-15,2026-08-22,3757287.74,AWARDED
T00005,ocds-synthetic-00005,D18,D18,Industrial Development Division,LAB_EQUIPMENT,SCIENTIFIC_EQUIPMENT,ITEM-LAB_-357,KA-CENTRAL,LIMITED,LOWEST_PRICE,QUALIFIED_SUPPLIERS,2026-04-27,2026-05-16,3905976.58,AWARDED
T00006,ocds-synthetic-00006,D16,D16,Infrastructure Development Division,CIVIL_MAINTENANCE,GENERAL_REPAIRS,ITEM-CIVI-248,KA-CENTRAL,LIMITED,LOWEST_PRICE,QUALIFIED_SUPPLIERS,2025-04-06,2025-05-01,5253260.48,AWARDED
T00007,ocds-synthetic-00007,D12,D12,Housing Infrastructure Division,CIVIL_MAINTENANCE,ELECTRICAL_MAINTENANCE,ITEM-CIVI-800,KA-SOUTH,LIMITED,LOWEST_PRICE,QUALIFIED_SUPPLIERS,2025-12-30,2026-01-25,5000583.14,AWARDED
T00008,ocds-synthetic-00008,D14,D14,Agricultural Infrastructure Division,IT_SERVICES,SOFTWARE_DEVELOPMENT,ITEM-IT_S-973,KA-NORTH,OPEN,LOWEST_PRICE,OPEN_ELIGIBILITY,2025-05-01,2025-05-29,15331448.71,AWARDED
T00009,ocds-synthetic-00009,D20,D20,Public Health Engineering Division,ROAD_CONSTRUCTION,ROAD_MAINTENANCE,ITEM-ROAD-988,KA-SOUTH,OPEN,LOWEST_PRICE,OPEN_ELIGIBILITY,2024-05-29,2024-06-22,54180226.52,AWARDED
T00010,ocds-synthetic-00010,D10,D10,Medical Services Procurement Division,WATER_INFRASTRUCTURE,IRRIGATION_WORKS,ITEM-WATE-280,KA-CENTRAL,OPEN,LOWEST_PRICE,OPEN_ELIGIBILITY,2025-01-05,2025-02-09,45810639.36,AWARDED
T00011,ocds-synthetic-00011,D16,D16,Infrastructure Development Division,BUILDING_CONSTRUCTION,CIVIL_BUILDING_WORKS,ITEM-BUIL-619,KA-CENTRAL,OPEN,LOWEST_PRICE,OPEN_ELIGIBILITY,2026-02-20,2026-03-06,20653430.64,AWARDED
T00012,ocds-synthetic-00012,D15,D15,Energy Procurement Division,WATER_INFRASTRUCTURE,PUMPING_SYSTEMS,ITEM-WATE-702,KA-SOUTH,OPEN,LOWEST_PRICE,OPEN_ELIGIBILITY,2026-07-14,2026-07-27,33331239.89,AWARDED
T00013,ocds-synthetic-00013,D06,D06,Water Resources Division,BUILDING_CONSTRUCTION,STRUCTURAL_WORKS,ITEM-BUIL-630,KA-SOUTH,OPEN,LOWEST_PRICE,OPEN_ELIGIBILITY,2025-12-13,2026-01-13,7024339.37,AWARDED
T00014,ocds-synthetic-00014,D14,D14,Agricultural Infrastructure Division,BUILDING_CONSTRUCTION,PUBLIC_BUILDING,ITEM-BUIL-601,KA-NORTH,OPEN,LOWEST_PRICE,OPEN_ELIGIBILITY,2024-09-16,2024-10-12,82078710.8,AWARDED
T00015,ocds-synthetic-00015,D04,D04,State Education Procurement Division,IT_SERVICES,CLOUD_SERVICES,ITEM-IT_S-740,KA-NORTH,OPEN,LOWEST_PRICE,OPEN_ELIGIBILITY,2024-06-20,2024-07-08,6758529.53,AWARDED
T00016,ocds-synthetic-00016,D10,D10,Medical Services Procurement Division,IT_SERVICES,CLOUD_SERVICES,ITEM-IT_S-741,KA-CENTRAL,OPEN,LOWEST_PRICE,OPEN_ELIGIBILITY,2025-04-18,2025-05-04,1456549.3,AWARDED
T00017,ocds-synthetic-00017,D01,D01,State Works Division - North,ROAD_CONSTRUCTION,ROAD_RESURFACING,ITEM-ROAD-407,KA-NORTH,OPEN,LOWEST_PRICE,OPEN_ELIGIBILITY,2024-06-15,2024-07-18,28682270.87,AWARDED
T00018,ocds-synthetic-00018,D12,D12,Housing Infrastructure Division,FURNITURE,SCHOOL_FURNITURE,ITEM-FURN-832,KA-SOUTH,OPEN,LOWEST_PRICE,OPEN_ELIGIBILITY,2024-08-31,2024-09-23,2061177.91,AWARDED
T00019,ocds-synthetic-00019,D10,D10,Medical Services Procurement Division,MEDICAL_SUPPLIES,HOSPITAL_SUPPLIES,ITEM-MEDI-477,KA-CENTRAL,OPEN,LOWEST_PRICE,OPEN_ELIGIBILITY,2024-06-05,2024-06-22,27964570.84,AWARDED
T00020,ocds-synthetic-00020,D04,D04,State Education Procurement Division,ROAD_CONSTRUCTION,ROAD_MAINTENANCE,ITEM-ROAD-204,KA-NORTH,TWO_STAGE,LOWEST_PRICE,QUALIFIED_SUPPLIERS,2025-01-07,2025-03-19,75907214.4,AWARDED
T00021,ocds-synthetic-00021,D07,D07,Power Systems Division,IT_SERVICES,SOFTWARE_DEVELOPMENT,ITEM-IT_S-282,KA-NORTH,OPEN,LOWEST_PRICE,OPEN_ELIGIBILITY,2024-08-20,2024-09-03,7492632.44,AWARDED
T00022,ocds-synthetic-00022,D14,D14,Agricultural Infrastructure Division,MEDICAL_SUPPLIES,MEDICAL_DEVICES,ITEM-MEDI-912,KA-NORTH,OPEN,LOWEST_PRICE,OPEN_ELIGIBILITY,2025-12-04,2025-12-17,12558512.86,AWARDED
T00023,ocds-synthetic-00023,D10,D10,Medical Services Procurement Division,BUILDING_CONSTRUCTION,PUBLIC_BUILDING,ITEM-BUIL-944,KA-CENTRAL,OPEN,LOWEST_PRICE,OPEN_ELIGIBILITY,2026-02-05,2026-02-24,11345762.02,AWARDED
T00024,ocds-synthetic-00024,D03,D03,State Health Procurement Division,FURNITURE,OFFICE_FURNITURE,ITEM-FURN-439,KA-CENTRAL,OPEN,LOWEST_PRICE,OPEN_ELIGIBILITY,2026-07-29,2026-08-25,1761905.06,AWARDED
T00025,ocds-synthetic-00025,D04,D04,State Education Procurement Division,VEHICLE_SUPPLIES,VEHICLE_PARTS,ITEM-VEHI-489,KA-NORTH,OPEN,LOWEST_PRICE,OPEN_ELIGIBILITY,2024-06-11,2024-07-15,7406419.85,AWARDED
T00026,ocds-synthetic-00026,D05,D05,Rural Development Division,WATER_INFRASTRUCTURE,IRRIGATION_WORKS,ITEM-WATE-301,KA-NORTH,OPEN,LOWEST_PRICE,OPEN_ELIGIBILITY,2024-09-03,2024-10-09,17633354.51,AWARDED
T00027,ocds-synthetic-00027,D02,D02,Urban Infrastructure Division - South,ELECTRICAL_EQUIPMENT,CABLING,ITEM-ELEC-679,KA-SOUTH,OPEN,LOWEST_PRICE,OPEN_ELIGIBILITY,2024-05-10,2024-06-20,24054914.58,AWARDED
T00028,ocds-synthetic-00028,D16,D16,Infrastructure Development Division,CIVIL_MAINTENANCE,BUILDING_MAINTENANCE,ITEM-CIVI-787,KA-CENTRAL,OPEN,LOWEST_PRICE,OPEN_ELIGIBILITY,2026-05-24,2026-06-15,13489784.92,AWARDED
T00029,ocds-synthetic-00029,D17,D17,Higher Education Procurement Division,MEDICAL_SUPPLIES,DIAGNOSTIC_EQUIPMENT,ITEM-MEDI-765,KA-BENGALURU,OPEN,LOWEST_PRICE,OPEN_ELIGIBILITY,2024-03-14,2024-04-14,13316177.46,AWARDED
T00030,ocds-synthetic-00030,D04,D04,State Education Procurement Division,VEHICLE_SUPPLIES,SPECIAL_PURPOSE_VEHICLES,ITEM-VEHI-597,KA-NORTH,OPEN,LOWEST_PRICE,OPEN_ELIGIBILITY,2025-01-25,2025-03-09,4968741.42,AWARDED
T00031,ocds-synthetic-00031,D13,D13,Tourism Infrastructure Division,BUILDING_CONSTRUCTION,STRUCTURAL_WORKS,ITEM-BUIL-401,KA-CENTRAL,OPEN,LOWEST_PRICE,OPEN_ELIGIBILITY,2026-07-13,2026-08-11,34327204.3,AWARDED
T00032,ocds-synthetic-00032,D03,D03,State Health Procurement Division,CIVIL_MAINTENANCE,BUILDING_MAINTENANCE,ITEM-CIVI-882,KA-CENTRAL,OPEN,LOWEST_PRICE,OPEN_ELIGIBILITY,2026-08-17,2026-08-31,2960029.6,AWARDED
T00033,ocds-synthetic-00033,D12,D12,Housing Infrastructure Division,BUILDING_CONSTRUCTION,RENOVATION,ITEM-BUIL-738,KA-SOUTH,OPEN,LOWEST_PRICE,OPEN_ELIGIBILITY,2025-01-25,2025-02-19,28547388.34,AWARDED
T00034,ocds-synthetic-00034,D03,D03,State Health Procurement Division,CIVIL_MAINTENANCE,ELECTRICAL_MAINTENANCE,ITEM-CIVI-393,KA-CENTRAL,LIMITED,LOWEST_PRICE,QUALIFIED_SUPPLIERS,2025-07-29,2025-08-08,2143423.35,AWARDED
T00035,ocds-synthetic-00035,D13,D13,Tourism Infrastructure Division,CIVIL_MAINTENANCE,GENERAL_REPAIRS,ITEM-CIVI-452,KA-CENTRAL,LIMITED,LOWEST_PRICE,QUALIFIED_SUPPLIERS,2025-12-21,2026-01-03,6617081.57,AWARDED
T00036,ocds-synthetic-00036,D12,D12,Housing Infrastructure Division,IT_SERVICES,SOFTWARE_DEVELOPMENT,ITEM-IT_S-127,KA-SOUTH,OPEN,LOWEST_PRICE,OPEN_ELIGIBILITY,2025-07-05,2025-08-09,19316215.13,AWARDED
T00037,ocds-synthetic-00037,D14,D14,Agricultural Infrastructure Division,CIVIL_MAINTENANCE,BUILDING_MAINTENANCE,ITEM-CIVI-878,KA-NORTH,OPEN,LOWEST_PRICE,OPEN_ELIGIBILITY,2024-10-24,2024-12-08,5473893.1,AWARDED
T00038,ocds-synthetic-00038,D14,D14,Agricultural Infrastructure Division,IT_SERVICES,CYBERSECURITY,ITEM-IT_S-534,KA-NORTH,OPEN,QUALITY_AND_COST,OPEN_ELIGIBILITY,2026-05-14,2026-06-13,9737645.28,AWARDED
T00039,ocds-synthetic-00039,D14,D14,Agricultural Infrastructure Division,WATER_INFRASTRUCTURE,WATER_TREATMENT,ITEM-WATE-247,KA-NORTH,OPEN,LOWEST_PRICE,OPEN_ELIGIBILITY,2025-07-29,2025-08-14,35071616.11,AWARDED
T00040,ocds-synthetic-00040,D13,D13,Tourism Infrastructure Division,CIVIL_MAINTENANCE,BUILDING_MAINTENANCE,ITEM-CIVI-330,KA-CENTRAL,OPEN,LOWEST_PRICE,OPEN_ELIGIBILITY,2024-06-27,2024-07-20,5598941.6,AWARDED
T00041,ocds-synthetic-00041,D02,D02,Urban Infrastructure Division - South,ROAD_CONSTRUCTION,ROAD_WIDENING,ITEM-ROAD-511,KA-SOUTH,LIMITED,LOWEST_PRICE,QUALIFIED_SUPPLIERS,2024-04-18,2024-04-28,149739061.47,AWARDED
T00042,ocds-synthetic-00042,D20,D20,Public Health Engineering Division,VEHICLE_SUPPLIES,VEHICLE_PARTS,ITEM-VEHI-318,KA-SOUTH,OPEN,LOWEST_PRICE,OPEN_ELIGIBILITY,2026-01-17,2026-02-17,33449722.68,AWARDED
T00043,ocds-synthetic-00043,D01,D01,State Works Division - North,ROAD_CONSTRUCTION,BITUMINOUS_WORKS,ITEM-ROAD-527,KA-NORTH,OPEN,LOWEST_PRICE,OPEN_ELIGIBILITY,2024-08-23,2024-10-04,18024440.9,AWARDED
T00044,ocds-synthetic-00044,D02,D02,Urban Infrastructure Division - South,ELECTRICAL_EQUIPMENT,CABLING,ITEM-ELEC-839,KA-SOUTH,LIMITED,LOWEST_PRICE,QUALIFIED_SUPPLIERS,2026-07-11,2026-07-23,3861491.37,AWARDED
T00045,ocds-synthetic-00045,D05,D05,Rural Development Division,BUILDING_CONSTRUCTION,PUBLIC_BUILDING,ITEM-BUIL-333,KA-NORTH,OPEN,LOWEST_PRICE,OPEN_ELIGIBILITY,2026-03-30,2026-05-01,12231098.5,AWARDED
T00046,ocds-synthetic-00046,D05,D05,Rural Development Division,CIVIL_MAINTENANCE,BUILDING_MAINTENANCE,ITEM-CIVI-216,KA-NORTH,OPEN,LOWEST_PRICE,OPEN_ELIGIBILITY,2026-03-01,2026-03-19,16435345.93,AWARDED
T00047,ocds-synthetic-00047,D08,D08,Municipal Services Division,WATER_INFRASTRUCTURE,WATER_TREATMENT,ITEM-WATE-149,KA-CENTRAL,OPEN,LOWEST_PRICE,OPEN_ELIGIBILITY,2024-03-29,2024-04-11,24766882.16,AWARDED
T00048,ocds-synthetic-00048,D17,D17,Higher Education Procurement Division,ROAD_CONSTRUCTION,ROAD_MAINTENANCE,ITEM-ROAD-160,KA-BENGALURU,OPEN,LOWEST_PRICE,OPEN_ELIGIBILITY,2026-01-30,2026-02-24,282001186.94,AWARDED
T00049,ocds-synthetic-00049,D14,D14,Agricultural Infrastructure Division,ELECTRICAL_EQUIPMENT,CABLING,ITEM-ELEC-244,KA-NORTH,OPEN,LOWEST_PRICE,OPEN_ELIGIBILITY,2026-01-12,2026-02-09,23741908.21,AWARDED
T00050,ocds-synthetic-00050,D09,D09,State Transport Division,VEHICLE_SUPPLIES,SPECIAL_PURPOSE_VEHICLES,ITEM-VEHI-516,KA-SOUTH,LIMITED,LOWEST_PRICE,QUALIFIED_SUPPLIERS,2024-05-09,2024-05-21,1936538.16,AWARDED
T00051,ocds-synthetic-00051,D18,D18,Industrial Development Division,CIVIL_MAINTENANCE,ROAD_MAINTENANCE,ITEM-CIVI-488,KA-CENTRAL,LIMITED,LOWEST_PRICE,QUALIFIED_SUPPLIERS,2026-04-21,2026-05-19,3632895.3,AWARDED
T00052,ocds-synthetic-00052,D14,D14,Agricultural Infrastructure Division,WATER_INFRASTRUCTURE,PUMPING_SYSTEMS,ITEM-WATE-815,KA-NORTH,OPEN,LOWEST_PRICE,OPEN_ELIGIBILITY,2026-06-02,2026-07-07,4910968.29,AWARDED
T00053,ocds-synthetic-00053,D09,D09,State Transport Division,CIVIL_MAINTENANCE,BUILDING_MAINTENANCE,ITEM-CIVI-492,KA-SOUTH,OPEN,LOWEST_PRICE,OPEN_ELIGIBILITY,2026-03-10,2026-03-30,9317674.58,AWARDED
T00054,ocds-synthetic-00054,D07,D07,Power Systems Division,MEDICAL_SUPPLIES,MEDICAL_DEVICES,ITEM-MEDI-493,KA-NORTH,OPEN,LOWEST_PRICE,OPEN_ELIGIBILITY,2024-08-04,2024-09-15,14752056.19,AWARDED
T00055,ocds-synthetic-00055,D20,D20,Public Health Engineering Division,FURNITURE,OFFICE_FURNITURE,ITEM-FURN-247,KA-SOUTH,LIMITED,LOWEST_PRICE,QUALIFIED_SUPPLIERS,2026-04-14,2026-05-07,1836160.54,AWARDED
T00056,ocds-synthetic-00056,D04,D04,State Education Procurement Division,VEHICLE_SUPPLIES,SPECIAL_PURPOSE_VEHICLES,ITEM-VEHI-401,KA-NORTH,LIMITED,LOWEST_PRICE,QUALIFIED_SUPPLIERS,2024-12-26,2025-01-17,9646334.57,AWARDED
T00057,ocds-synthetic-00057,D03,D03,State Health Procurement Division,FURNITURE,OFFICE_FURNITURE,ITEM-FURN-979,KA-CENTRAL,OPEN,LOWEST_PRICE,OPEN_ELIGIBILITY,2025-10-11,2025-11-18,1953079.83,AWARDED
T00058,ocds-synthetic-00058,D08,D08,Municipal Services Division,IT_SERVICES,SOFTWARE_DEVELOPMENT,ITEM-IT_S-268,KA-CENTRAL,TWO_STAGE,LOWEST_PRICE,QUALIFIED_SUPPLIERS,2026-08-05,2026-08-31,18844745.73,AWARDED
T00059,ocds-synthetic-00059,D03,D03,State Health Procurement Division,CIVIL_MAINTENANCE,ROAD_MAINTENANCE,ITEM-CIVI-711,KA-CENTRAL,OPEN,LOWEST_PRICE,OPEN_ELIGIBILITY,2025-02-10,2025-02-23,6120701.36,AWARDED
T00060,ocds-synthetic-00060,D09,D09,State Transport Division,ROAD_CONSTRUCTION,ROAD_WIDENING,ITEM-ROAD-554,KA-SOUTH,LIMITED,LOWEST_PRICE,QUALIFIED_SUPPLIERS,2024-03-01,2024-03-08,44225053.95,AWARDED
T00061,ocds-synthetic-00061,D01,D01,State Works Division - North,WATER_INFRASTRUCTURE,PIPELINE_WORKS,ITEM-WATE-418,KA-NORTH,OPEN,LOWEST_PRICE,OPEN_ELIGIBILITY,2025-08-15,2025-09-06,10557721.53,AWARDED
T00062,ocds-synthetic-00062,D08,D08,Municipal Services Division,BUILDING_CONSTRUCTION,RENOVATION,ITEM-BUIL-820,KA-CENTRAL,OPEN,LOWEST_PRICE,OPEN_ELIGIBILITY,2024-08-28,2024-09-22,57760367.32,AWARDED
T00063,ocds-synthetic-00063,D02,D02,Urban Infrastructure Division - South,CIVIL_MAINTENANCE,GENERAL_REPAIRS,ITEM-CIVI-881,KA-SOUTH,OPEN,LOWEST_PRICE,OPEN_ELIGIBILITY,2024-10-08,2024-10-26,2260827.22,AWARDED
T00064,ocds-synthetic-00064,D18,D18,Industrial Development Division,WATER_INFRASTRUCTURE,PIPELINE_WORKS,ITEM-WATE-344,KA-CENTRAL,OPEN,LOWEST_PRICE,OPEN_ELIGIBILITY,2025-05-08,2025-05-26,40680088.8,AWARDED
T00065,ocds-synthetic-00065,D08,D08,Municipal Services Division,MEDICAL_SUPPLIES,SURGICAL_CONSUMABLES,ITEM-MEDI-345,KA-CENTRAL,OPEN,LOWEST_PRICE,OPEN_ELIGIBILITY,2024-03-31,2024-05-03,2889573.01,AWARDED
T00066,ocds-synthetic-00066,D03,D03,State Health Procurement Division,CIVIL_MAINTENANCE,ELECTRICAL_MAINTENANCE,ITEM-CIVI-253,KA-CENTRAL,OPEN,LOWEST_PRICE,OPEN_ELIGIBILITY,2025-03-27,2025-04-27,4318864.21,AWARDED
T00067,ocds-synthetic-00067,D09,D09,State Transport Division,VEHICLE_SUPPLIES,VEHICLE_PARTS,ITEM-VEHI-504,KA-SOUTH,OPEN,LOWEST_PRICE,OPEN_ELIGIBILITY,2026-07-17,2026-08-24,17763011.19,AWARDED
T00068,ocds-synthetic-00068,D07,D07,Power Systems Division,ELECTRICAL_EQUIPMENT,CABLING,ITEM-ELEC-790,KA-NORTH,OPEN,LOWEST_PRICE,OPEN_ELIGIBILITY,2024-01-29,2024-02-29,92010728.33,AWARDED
T00069,ocds-synthetic-00069,D10,D10,Medical Services Procurement Division,CIVIL_MAINTENANCE,BUILDING_MAINTENANCE,ITEM-CIVI-615,KA-CENTRAL,OPEN,LOWEST_PRICE,OPEN_ELIGIBILITY,2025-08-05,2025-09-08,4875458.32,AWARDED
T00070,ocds-synthetic-00070,D05,D05,Rural Development Division,ELECTRICAL_EQUIPMENT,CONTROL_EQUIPMENT,ITEM-ELEC-802,KA-NORTH,OPEN,LOWEST_PRICE,OPEN_ELIGIBILITY,2025-01-08,2025-01-30,3986826.85,AWARDED
T00071,ocds-synthetic-00071,D16,D16,Infrastructure Development Division,WATER_INFRASTRUCTURE,WATER_TREATMENT,ITEM-WATE-392,KA-CENTRAL,OPEN,LOWEST_PRICE,OPEN_ELIGIBILITY,2024-06-28,2024-07-25,32689859.46,AWARDED
T00072,ocds-synthetic-00072,D14,D14,Agricultural Infrastructure Division,WATER_INFRASTRUCTURE,PIPELINE_WORKS,ITEM-WATE-402,KA-NORTH,OPEN,LOWEST_PRICE,OPEN_ELIGIBILITY,2025-12-14,2026-01-16,6852461.83,AWARDED
T00073,ocds-synthetic-00073,D02,D02,Urban Infrastructure Division - South,ROAD_CONSTRUCTION,DRAINAGE_WORKS,ITEM-ROAD-118,KA-SOUTH,OPEN,LOWEST_PRICE,OPEN_ELIGIBILITY,2025-09-23,2025-10-19,63998030.02,AWARDED
T00074,ocds-synthetic-00074,D02,D02,Urban Infrastructure Division - South,BUILDING_CONSTRUCTION,STRUCTURAL_WORKS,ITEM-BUIL-971,KA-SOUTH,OPEN,LOWEST_PRICE,OPEN_ELIGIBILITY,2026-08-15,2026-08-31,26943443.01,AWARDED
T00075,ocds-synthetic-00075,D04,D04,State Education Procurement Division,CIVIL_MAINTENANCE,ROAD_MAINTENANCE,ITEM-CIVI-253,KA-NORTH,OPEN,LOWEST_PRICE,OPEN_ELIGIBILITY,2024-12-09,2025-01-23,15582288.03,AWARDED
T00076,ocds-synthetic-00076,D18,D18,Industrial Development Division,ELECTRICAL_EQUIPMENT,CABLING,ITEM-ELEC-403,KA-CENTRAL,LIMITED,LOWEST_PRICE,QUALIFIED_SUPPLIERS,2024-05-09,2024-05-20,26339167.87,AWARDED
T00077,ocds-synthetic-00077,D19,D19,Forest Infrastructure Division,IT_SERVICES,SOFTWARE_DEVELOPMENT,ITEM-IT_S-342,KA-NORTH,OPEN,LOWEST_PRICE,OPEN_ELIGIBILITY,2025-06-01,2025-06-13,28817654.26,AWARDED
T00078,ocds-synthetic-00078,D13,D13,Tourism Infrastructure Division,ELECTRICAL_EQUIPMENT,SWITCHGEAR,ITEM-ELEC-285,KA-CENTRAL,OPEN,LOWEST_PRICE,OPEN_ELIGIBILITY,2025-07-17,2025-08-23,6866556.88,AWARDED
T00079,ocds-synthetic-00079,D05,D05,Rural Development Division,MEDICAL_SUPPLIES,DIAGNOSTIC_EQUIPMENT,ITEM-MEDI-602,KA-NORTH,OPEN,LOWEST_PRICE,OPEN_ELIGIBILITY,2025-04-12,2025-05-17,7252313.06,AWARDED
T00080,ocds-synthetic-00080,D07,D07,Power Systems Division,WATER_INFRASTRUCTURE,IRRIGATION_WORKS,ITEM-WATE-125,KA-NORTH,OPEN,LOWEST_PRICE,OPEN_ELIGIBILITY,2026-01-01,2026-02-02,9266304.15,AWARDED
T00081,ocds-synthetic-00081,D07,D07,Power Systems Division,ROAD_CONSTRUCTION,ROAD_RESURFACING,ITEM-ROAD-982,KA-NORTH,OPEN,LOWEST_PRICE,OPEN_ELIGIBILITY,2026-07-14,2026-08-26,45754556.72,AWARDED
T00082,ocds-synthetic-00082,D10,D10,Medical Services Procurement Division,WATER_INFRASTRUCTURE,PUMPING_SYSTEMS,ITEM-WATE-325,KA-CENTRAL,OPEN,LOWEST_PRICE,OPEN_ELIGIBILITY,2025-06-26,2025-07-26,24170157.21,AWARDED
T00083,ocds-synthetic-00083,D03,D03,State Health Procurement Division,ROAD_CONSTRUCTION,ROAD_WIDENING,ITEM-ROAD-951,KA-CENTRAL,TWO_STAGE,LOWEST_PRICE,QUALIFIED_SUPPLIERS,2025-01-19,2025-02-27,27097295.0,AWARDED
T00084,ocds-synthetic-00084,D13,D13,Tourism Infrastructure Division,MEDICAL_SUPPLIES,HOSPITAL_SUPPLIES,ITEM-MEDI-441,KA-CENTRAL,OPEN,LOWEST_PRICE,OPEN_ELIGIBILITY,2025-07-19,2025-08-11,4707510.88,AWARDED
T00085,ocds-synthetic-00085,D12,D12,Housing Infrastructure Division,WATER_INFRASTRUCTURE,IRRIGATION_WORKS,ITEM-WATE-800,KA-SOUTH,OPEN,LOWEST_PRICE,OPEN_ELIGIBILITY,2025-11-19,2025-12-23,32532363.76,AWARDED
T00086,ocds-synthetic-00086,D01,D01,State Works Division - North,CIVIL_MAINTENANCE,ELECTRICAL_MAINTENANCE,ITEM-CIVI-209,KA-NORTH,TWO_STAGE,LOWEST_PRICE,QUALIFIED_SUPPLIERS,2024-05-16,2024-07-29,8265761.23,AWARDED
T00087,ocds-synthetic-00087,D14,D14,Agricultural Infrastructure Division,VEHICLE_SUPPLIES,FLEET_MAINTENANCE,ITEM-VEHI-253,KA-NORTH,LIMITED,LOWEST_PRICE,QUALIFIED_SUPPLIERS,2025-10-24,2025-11-06,10662730.91,AWARDED
T00088,ocds-synthetic-00088,D01,D01,State Works Division - North,MEDICAL_SUPPLIES,MEDICAL_DEVICES,ITEM-MEDI-206,KA-NORTH,OPEN,LOWEST_PRICE,OPEN_ELIGIBILITY,2024-09-25,2024-10-16,5782456.47,AWARDED
T00089,ocds-synthetic-00089,D19,D19,Forest Infrastructure Division,ROAD_CONSTRUCTION,ROAD_MAINTENANCE,ITEM-ROAD-711,KA-NORTH,OPEN,LOWEST_PRICE,OPEN_ELIGIBILITY,2025-11-01,2025-11-14,2177760.21,AWARDED
T00090,ocds-synthetic-00090,D01,D01,State Works Division - North,ROAD_CONSTRUCTION,ROAD_WIDENING,ITEM-ROAD-695,KA-NORTH,OPEN,LOWEST_PRICE,OPEN_ELIGIBILITY,2024-10-11,2024-11-11,33242871.94,AWARDED
T00091,ocds-synthetic-00091,D02,D02,Urban Infrastructure Division - South,CIVIL_MAINTENANCE,GENERAL_REPAIRS,ITEM-CIVI-970,KA-SOUTH,OPEN,LOWEST_PRICE,OPEN_ELIGIBILITY,2025-02-13,2025-03-10,1774746.65,AWARDED
T00092,ocds-synthetic-00092,D13,D13,Tourism Infrastructure Division,ROAD_CONSTRUCTION,DRAINAGE_WORKS,ITEM-ROAD-530,KA-CENTRAL,OPEN,LOWEST_PRICE,OPEN_ELIGIBILITY,2025-10-24,2025-11-13,54295383.24,AWARDED
T00093,ocds-synthetic-00093,D03,D03,State Health Procurement Division,VEHICLE_SUPPLIES,FLEET_MAINTENANCE,ITEM-VEHI-266,KA-CENTRAL,OPEN,LOWEST_PRICE,OPEN_ELIGIBILITY,2026-07-10,2026-08-13,2845866.28,AWARDED
T00094,ocds-synthetic-00094,D20,D20,Public Health Engineering Division,IT_SERVICES,IT_HARDWARE,ITEM-IT_S-130,KA-SOUTH,LIMITED,QUALITY_AND_COST,QUALIFIED_SUPPLIERS,2026-05-21,2026-06-13,29662080.44,AWARDED
T00095,ocds-synthetic-00095,D20,D20,Public Health Engineering Division,ROAD_CONSTRUCTION,ROAD_MAINTENANCE,ITEM-ROAD-182,KA-SOUTH,OPEN,LOWEST_PRICE,OPEN_ELIGIBILITY,2024-05-28,2024-06-18,122064388.89,AWARDED
T00096,ocds-synthetic-00096,D05,D05,Rural Development Division,MEDICAL_SUPPLIES,MEDICAL_DEVICES,ITEM-MEDI-733,KA-NORTH,OPEN,LOWEST_PRICE,OPEN_ELIGIBILITY,2024-05-29,2024-06-20,4513579.58,AWARDED
T00097,ocds-synthetic-00097,D03,D03,State Health Procurement Division,ROAD_CONSTRUCTION,ROAD_WIDENING,ITEM-ROAD-776,KA-CENTRAL,OPEN,LOWEST_PRICE,OPEN_ELIGIBILITY,2025-11-09,2025-12-15,852871.58,AWARDED
T00098,ocds-synthetic-00098,D11,D11,Urban Technology Division,CIVIL_MAINTENANCE,ELECTRICAL_MAINTENANCE,ITEM-CIVI-847,KA-BENGALURU,OPEN,LOWEST_PRICE,OPEN_ELIGIBILITY,2024-01-07,2024-01-20,1120143.71,AWARDED
T00099,ocds-synthetic-00099,D08,D08,Municipal Services Division,WATER_INFRASTRUCTURE,PIPELINE_WORKS,ITEM-WATE-574,KA-CENTRAL,OPEN,LOWEST_PRICE,OPEN_ELIGIBILITY,2024-08-22,2024-09-03,3089064.52,AWARDED
T00100,ocds-synthetic-00100,D07,D07,Power Systems Division,IT_SERVICES,CLOUD_SERVICES,ITEM-IT_S-386,KA-NORTH,LIMITED,LOWEST_PRICE,QUALIFIED_SUPPLIERS,2025-01-18,2025-02-03,78388666.93,AWARDED
T00101,ocds-synthetic-00101,D01,D01,State Works Division - North,CIVIL_MAINTENANCE,ROAD_MAINTENANCE,ITEM-CIVI-319,KA-NORTH,OPEN,LOWEST_PRICE,OPEN_ELIGIBILITY,2024-07-04,2024-07-18,15752971.29,AWARDED
T00102,ocds-synthetic-00102,D03,D03,State Health Procurement Division,ROAD_CONSTRUCTION,BITUMINOUS_WORKS,ITEM-ROAD-494,KA-CENTRAL,OPEN,LOWEST_PRICE,OPEN_ELIGIBILITY,2026-03-01,2026-04-01,70447082.12,AWARDED
T00103,ocds-synthetic-00103,D02,D02,Urban Infrastructure Division - South,ROAD_CONSTRUCTION,ROAD_RESURFACING,ITEM-ROAD-595,KA-SOUTH,OPEN,LOWEST_PRICE,OPEN_ELIGIBILITY,2026-04-19,2026-05-05,41079858.23,AWARDED
T00104,ocds-synthetic-00104,D20,D20,Public Health Engineering Division,ELECTRICAL_EQUIPMENT,TRANSFORMERS,ITEM-ELEC-107,KA-SOUTH,OPEN,LOWEST_PRICE,OPEN_ELIGIBILITY,2025-11-26,2026-01-03,12870187.07,AWARDED
T00105,ocds-synthetic-00105,D05,D05,Rural Development Division,VEHICLE_SUPPLIES,VEHICLE_PARTS,ITEM-VEHI-297,KA-NORTH,OPEN,LOWEST_PRICE,OPEN_ELIGIBILITY,2026-06-16,2026-07-14,5563140.66,AWARDED
T00106,ocds-synthetic-00106,D06,D06,Water Resources Division,ROAD_CONSTRUCTION,DRAINAGE_WORKS,ITEM-ROAD-749,KA-SOUTH,OPEN,LOWEST_PRICE,OPEN_ELIGIBILITY,2024-10-02,2024-10-19,47646759.33,AWARDED
T00107,ocds-synthetic-00107,D08,D08,Municipal Services Division,WATER_INFRASTRUCTURE,WATER_TREATMENT,ITEM-WATE-921,KA-CENTRAL,OPEN,LOWEST_PRICE,OPEN_ELIGIBILITY,2026-04-26,2026-05-16,13102686.43,AWARDED
T00108,ocds-synthetic-00108,D13,D13,Tourism Infrastructure Division,VEHICLE_SUPPLIES,SPECIAL_PURPOSE_VEHICLES,ITEM-VEHI-466,KA-CENTRAL,LIMITED,LOWEST_PRICE,QUALIFIED_SUPPLIERS,2026-06-06,2026-06-20,17468628.13,AWARDED
T00109,ocds-synthetic-00109,D14,D14,Agricultural Infrastructure Division,IT_SERVICES,CLOUD_SERVICES,ITEM-IT_S-772,KA-NORTH,OPEN,LOWEST_PRICE,OPEN_ELIGIBILITY,2025-06-01,2025-06-16,23871957.16,AWARDED
T00110,ocds-synthetic-00110,D15,D15,Energy Procurement Division,IT_SERVICES,NETWORK_INFRASTRUCTURE,ITEM-IT_S-763,KA-SOUTH,TWO_STAGE,LOWEST_PRICE,QUALIFIED_SUPPLIERS,2026-08-21,2026-08-31,11598576.94,AWARDED
T00111,ocds-synthetic-00111,D13,D13,Tourism Infrastructure Division,LAB_EQUIPMENT,LABORATORY_SYSTEMS,ITEM-LAB_-434,KA-CENTRAL,OPEN,LOWEST_PRICE,OPEN_ELIGIBILITY,2026-03-30,2026-05-03,6117357.92,AWARDED
T00112,ocds-synthetic-00112,D12,D12,Housing Infrastructure Division,FURNITURE,SCHOOL_FURNITURE,ITEM-FURN-746,KA-SOUTH,TWO_STAGE,LOWEST_PRICE,QUALIFIED_SUPPLIERS,2026-02-19,2026-04-03,2318020.45,AWARDED
T00113,ocds-synthetic-00113,D18,D18,Industrial Development Division,FURNITURE,OFFICE_FURNITURE,ITEM-FURN-430,KA-CENTRAL,OPEN,LOWEST_PRICE,OPEN_ELIGIBILITY,2026-05-04,2026-05-23,15919500.45,AWARDED
T00114,ocds-synthetic-00114,D04,D04,State Education Procurement Division,ROAD_CONSTRUCTION,ROAD_RESURFACING,ITEM-ROAD-899,KA-NORTH,OPEN,LOWEST_PRICE,OPEN_ELIGIBILITY,2025-02-28,2025-03-18,1700713.62,AWARDED
T00115,ocds-synthetic-00115,D15,D15,Energy Procurement Division,FURNITURE,HOSPITAL_FURNITURE,ITEM-FURN-482,KA-SOUTH,OPEN,LOWEST_PRICE,OPEN_ELIGIBILITY,2025-06-19,2025-07-01,2760110.39,AWARDED
T00116,ocds-synthetic-00116,D01,D01,State Works Division - North,CIVIL_MAINTENANCE,GENERAL_REPAIRS,ITEM-CIVI-944,KA-NORTH,OPEN,LOWEST_PRICE,OPEN_ELIGIBILITY,2025-11-19,2026-01-03,9486589.75,AWARDED
T00117,ocds-synthetic-00117,D08,D08,Municipal Services Division,ROAD_CONSTRUCTION,ROAD_WIDENING,ITEM-ROAD-468,KA-CENTRAL,OPEN,LOWEST_PRICE,OPEN_ELIGIBILITY,2025-06-18,2025-07-23,189859627.35,AWARDED
T00118,ocds-synthetic-00118,D14,D14,Agricultural Infrastructure Division,IT_SERVICES,CYBERSECURITY,ITEM-IT_S-142,KA-NORTH,LIMITED,LOWEST_PRICE,QUALIFIED_SUPPLIERS,2026-05-27,2026-06-05,3998067.43,AWARDED
T00119,ocds-synthetic-00119,D12,D12,Housing Infrastructure Division,VEHICLE_SUPPLIES,FLEET_MAINTENANCE,ITEM-VEHI-941,KA-SOUTH,OPEN,LOWEST_PRICE,OPEN_ELIGIBILITY,2024-02-22,2024-04-03,8668209.92,AWARDED
T00120,ocds-synthetic-00120,D05,D05,Rural Development Division,WATER_INFRASTRUCTURE,IRRIGATION_WORKS,ITEM-WATE-720,KA-NORTH,OPEN,LOWEST_PRICE,OPEN_ELIGIBILITY,2024-05-22,2024-06-18,29017159.17,AWARDED
T00121,ocds-synthetic-00121,D14,D14,Agricultural Infrastructure Division,ROAD_CONSTRUCTION,BITUMINOUS_WORKS,ITEM-ROAD-462,KA-NORTH,LIMITED,LOWEST_PRICE,QUALIFIED_SUPPLIERS,2025-08-31,2025-09-28,21920988.16,AWARDED
T00122,ocds-synthetic-00122,D04,D04,State Education Procurement Division,WATER_INFRASTRUCTURE,WATER_TREATMENT,ITEM-WATE-133,KA-NORTH,OPEN,LOWEST_PRICE,OPEN_ELIGIBILITY,2026-03-07,2026-04-20,62366283.9,AWARDED
T00123,ocds-synthetic-00123,D11,D11,Urban Technology Division,LAB_EQUIPMENT,SCIENTIFIC_EQUIPMENT,ITEM-LAB_-233,KA-BENGALURU,TWO_STAGE,QUALITY_AND_COST,QUALIFIED_SUPPLIERS,2025-09-05,2025-11-18,4049280.21,AWARDED
T00124,ocds-synthetic-00124,D15,D15,Energy Procurement Division,BUILDING_CONSTRUCTION,STRUCTURAL_WORKS,ITEM-BUIL-913,KA-SOUTH,LIMITED,LOWEST_PRICE,QUALIFIED_SUPPLIERS,2026-06-06,2026-07-05,29159893.88,AWARDED
T00125,ocds-synthetic-00125,D14,D14,Agricultural Infrastructure Division,CIVIL_MAINTENANCE,BUILDING_MAINTENANCE,ITEM-CIVI-988,KA-NORTH,TWO_STAGE,LOWEST_PRICE,QUALIFIED_SUPPLIERS,2025-06-20,2025-07-22,9897694.79,AWARDED
T00126,ocds-synthetic-00126,D13,D13,Tourism Infrastructure Division,ROAD_CONSTRUCTION,BITUMINOUS_WORKS,ITEM-ROAD-499,KA-CENTRAL,LIMITED,LOWEST_PRICE,QUALIFIED_SUPPLIERS,2025-11-27,2025-12-09,39404684.01,AWARDED
T00127,ocds-synthetic-00127,D12,D12,Housing Infrastructure Division,WATER_INFRASTRUCTURE,IRRIGATION_WORKS,ITEM-WATE-357,KA-SOUTH,OPEN,LOWEST_PRICE,OPEN_ELIGIBILITY,2025-04-09,2025-05-24,45166943.58,AWARDED
T00128,ocds-synthetic-00128,D06,D06,Water Resources Division,BUILDING_CONSTRUCTION,RENOVATION,ITEM-BUIL-327,KA-SOUTH,OPEN,LOWEST_PRICE,OPEN_ELIGIBILITY,2025-06-06,2025-07-18,19141812.55,AWARDED
T00129,ocds-synthetic-00129,D07,D07,Power Systems Division,ELECTRICAL_EQUIPMENT,SWITCHGEAR,ITEM-ELEC-142,KA-NORTH,LIMITED,LOWEST_PRICE,QUALIFIED_SUPPLIERS,2026-02-25,2026-03-10,39016643.85,AWARDED
T00130,ocds-synthetic-00130,D20,D20,Public Health Engineering Division,ROAD_CONSTRUCTION,BITUMINOUS_WORKS,ITEM-ROAD-217,KA-SOUTH,OPEN,LOWEST_PRICE,OPEN_ELIGIBILITY,2026-01-07,2026-02-06,17249747.73,AWARDED
T00131,ocds-synthetic-00131,D09,D09,State Transport Division,CIVIL_MAINTENANCE,BUILDING_MAINTENANCE,ITEM-CIVI-732,KA-SOUTH,OPEN,LOWEST_PRICE,OPEN_ELIGIBILITY,2024-08-14,2024-09-01,6345825.4,AWARDED
T00132,ocds-synthetic-00132,D08,D08,Municipal Services Division,VEHICLE_SUPPLIES,SPECIAL_PURPOSE_VEHICLES,ITEM-VEHI-661,KA-CENTRAL,TWO_STAGE,LOWEST_PRICE,QUALIFIED_SUPPLIERS,2025-03-09,2025-04-13,1309346.27,AWARDED
T00133,ocds-synthetic-00133,D16,D16,Infrastructure Development Division,LAB_EQUIPMENT,ANALYTICAL_INSTRUMENTS,ITEM-LAB_-436,KA-CENTRAL,OPEN,QUALITY_AND_COST,OPEN_ELIGIBILITY,2025-12-28,2026-02-01,6225439.6,AWARDED
T00134,ocds-synthetic-00134,D03,D03,State Health Procurement Division,ELECTRICAL_EQUIPMENT,CONTROL_EQUIPMENT,ITEM-ELEC-640,KA-CENTRAL,OPEN,LOWEST_PRICE,OPEN_ELIGIBILITY,2024-02-17,2024-03-01,10386908.78,AWARDED
T00135,ocds-synthetic-00135,D06,D06,Water Resources Division,FURNITURE,HOSPITAL_FURNITURE,ITEM-FURN-581,KA-SOUTH,OPEN,LOWEST_PRICE,OPEN_ELIGIBILITY,2025-06-11,2025-07-06,4028902.92,AWARDED
T00136,ocds-synthetic-00136,D20,D20,Public Health Engineering Division,ROAD_CONSTRUCTION,ROAD_MAINTENANCE,ITEM-ROAD-380,KA-SOUTH,OPEN,LOWEST_PRICE,OPEN_ELIGIBILITY,2025-04-02,2025-05-01,106575729.47,AWARDED
T00137,ocds-synthetic-00137,D18,D18,Industrial Development Division,CIVIL_MAINTENANCE,BUILDING_MAINTENANCE,ITEM-CIVI-636,KA-CENTRAL,OPEN,LOWEST_PRICE,OPEN_ELIGIBILITY,2024-02-11,2024-03-03,5099178.82,AWARDED
T00138,ocds-synthetic-00138,D05,D05,Rural Development Division,IT_SERVICES,NETWORK_INFRASTRUCTURE,ITEM-IT_S-806,KA-NORTH,TWO_STAGE,LOWEST_PRICE,QUALIFIED_SUPPLIERS,2026-06-25,2026-08-21,16393024.46,AWARDED
T00139,ocds-synthetic-00139,D07,D07,Power Systems Division,MEDICAL_SUPPLIES,DIAGNOSTIC_EQUIPMENT,ITEM-MEDI-926,KA-NORTH,OPEN,LOWEST_PRICE,OPEN_ELIGIBILITY,2025-11-27,2025-12-21,15164390.72,AWARDED
T00140,ocds-synthetic-00140,D19,D19,Forest Infrastructure Division,BUILDING_CONSTRUCTION,STRUCTURAL_WORKS,ITEM-BUIL-175,KA-NORTH,OPEN,LOWEST_PRICE,OPEN_ELIGIBILITY,2025-03-17,2025-04-03,44069670.81,AWARDED
T00141,ocds-synthetic-00141,D09,D09,State Transport Division,WATER_INFRASTRUCTURE,PIPELINE_WORKS,ITEM-WATE-926,KA-SOUTH,OPEN,LOWEST_PRICE,OPEN_ELIGIBILITY,2026-03-08,2026-04-07,4913231.43,AWARDED
T00142,ocds-synthetic-00142,D18,D18,Industrial Development Division,IT_SERVICES,NETWORK_INFRASTRUCTURE,ITEM-IT_S-212,KA-CENTRAL,TWO_STAGE,LOWEST_PRICE,QUALIFIED_SUPPLIERS,2025-12-13,2026-02-14,13226043.7,AWARDED
T00143,ocds-synthetic-00143,D18,D18,Industrial Development Division,VEHICLE_SUPPLIES,FLEET_MAINTENANCE,ITEM-VEHI-868,KA-CENTRAL,LIMITED,LOWEST_PRICE,QUALIFIED_SUPPLIERS,2026-01-26,2026-02-05,2421600.49,AWARDED
T00144,ocds-synthetic-00144,D17,D17,Higher Education Procurement Division,LAB_EQUIPMENT,SCIENTIFIC_EQUIPMENT,ITEM-LAB_-364,KA-BENGALURU,TWO_STAGE,LOWEST_PRICE,QUALIFIED_SUPPLIERS,2024-12-28,2025-03-02,13129677.72,AWARDED
T00145,ocds-synthetic-00145,D16,D16,Infrastructure Development Division,VEHICLE_SUPPLIES,FLEET_MAINTENANCE,ITEM-VEHI-104,KA-CENTRAL,OPEN,LOWEST_PRICE,OPEN_ELIGIBILITY,2025-07-27,2025-09-10,3387887.57,AWARDED
T00146,ocds-synthetic-00146,D02,D02,Urban Infrastructure Division - South,IT_SERVICES,CYBERSECURITY,ITEM-IT_S-676,KA-SOUTH,OPEN,LOWEST_PRICE,OPEN_ELIGIBILITY,2024-06-15,2024-07-29,14427722.3,AWARDED
T00147,ocds-synthetic-00147,D07,D07,Power Systems Division,VEHICLE_SUPPLIES,FLEET_MAINTENANCE,ITEM-VEHI-934,KA-NORTH,OPEN,LOWEST_PRICE,OPEN_ELIGIBILITY,2025-11-13,2025-12-07,6409061.03,AWARDED
T00148,ocds-synthetic-00148,D08,D08,Municipal Services Division,MEDICAL_SUPPLIES,DIAGNOSTIC_EQUIPMENT,ITEM-MEDI-174,KA-CENTRAL,OPEN,LOWEST_PRICE,OPEN_ELIGIBILITY,2025-10-07,2025-10-30,20518411.7,AWARDED
T00149,ocds-synthetic-00149,D12,D12,Housing Infrastructure Division,ROAD_CONSTRUCTION,BITUMINOUS_WORKS,ITEM-ROAD-237,KA-SOUTH,OPEN,LOWEST_PRICE,OPEN_ELIGIBILITY,2025-01-24,2025-02-25,20827725.99,AWARDED
T00150,ocds-synthetic-00150,D03,D03,State Health Procurement Division,FURNITURE,OFFICE_FURNITURE,ITEM-FURN-577,KA-CENTRAL,OPEN,LOWEST_PRICE,OPEN_ELIGIBILITY,2025-07-19,2025-08-28,11011198.06,AWARDED
T00151,ocds-synthetic-00151,D19,D19,Forest Infrastructure Division,ELECTRICAL_EQUIPMENT,TRANSFORMERS,ITEM-ELEC-800,KA-NORTH,OPEN,LOWEST_PRICE,OPEN_ELIGIBILITY,2026-04-14,2026-04-28,14306197.07,AWARDED
T00152,ocds-synthetic-00152,D19,D19,Forest Infrastructure Division,IT_SERVICES,IT_HARDWARE,ITEM-IT_S-909,KA-NORTH,OPEN,QUALITY_AND_COST,OPEN_ELIGIBILITY,2024-07-01,2024-08-02,21906094.76,AWARDED
T00153,ocds-synthetic-00153,D17,D17,Higher Education Procurement Division,CIVIL_MAINTENANCE,BUILDING_MAINTENANCE,ITEM-CIVI-243,KA-BENGALURU,LIMITED,LOWEST_PRICE,QUALIFIED_SUPPLIERS,2025-08-22,2025-09-08,9140536.31,AWARDED
T00154,ocds-synthetic-00154,D10,D10,Medical Services Procurement Division,ROAD_CONSTRUCTION,BITUMINOUS_WORKS,ITEM-ROAD-860,KA-CENTRAL,LIMITED,LOWEST_PRICE,QUALIFIED_SUPPLIERS,2024-04-03,2024-05-02,12333399.12,AWARDED
T00155,ocds-synthetic-00155,D16,D16,Infrastructure Development Division,ELECTRICAL_EQUIPMENT,SWITCHGEAR,ITEM-ELEC-446,KA-CENTRAL,OPEN,LOWEST_PRICE,OPEN_ELIGIBILITY,2024-12-14,2025-01-08,2747510.08,AWARDED
T00156,ocds-synthetic-00156,D20,D20,Public Health Engineering Division,WATER_INFRASTRUCTURE,PIPELINE_WORKS,ITEM-WATE-211,KA-SOUTH,OPEN,LOWEST_PRICE,OPEN_ELIGIBILITY,2024-12-27,2025-02-07,128115690.08,AWARDED
T00157,ocds-synthetic-00157,D14,D14,Agricultural Infrastructure Division,ELECTRICAL_EQUIPMENT,TRANSFORMERS,ITEM-ELEC-653,KA-NORTH,OPEN,LOWEST_PRICE,OPEN_ELIGIBILITY,2025-08-20,2025-09-21,8516752.25,AWARDED
T00158,ocds-synthetic-00158,D16,D16,Infrastructure Development Division,CIVIL_MAINTENANCE,BUILDING_MAINTENANCE,ITEM-CIVI-318,KA-CENTRAL,OPEN,LOWEST_PRICE,OPEN_ELIGIBILITY,2025-11-06,2025-12-13,4677718.36,AWARDED
T00159,ocds-synthetic-00159,D07,D07,Power Systems Division,ELECTRICAL_EQUIPMENT,TRANSFORMERS,ITEM-ELEC-775,KA-NORTH,OPEN,LOWEST_PRICE,OPEN_ELIGIBILITY,2024-08-20,2024-10-04,11566248.55,AWARDED
T00160,ocds-synthetic-00160,D14,D14,Agricultural Infrastructure Division,ROAD_CONSTRUCTION,ROAD_MAINTENANCE,ITEM-ROAD-711,KA-NORTH,OPEN,LOWEST_PRICE,OPEN_ELIGIBILITY,2026-02-04,2026-03-09,93145218.28,AWARDED
T00161,ocds-synthetic-00161,D13,D13,Tourism Infrastructure Division,BUILDING_CONSTRUCTION,CIVIL_BUILDING_WORKS,ITEM-BUIL-732,KA-CENTRAL,OPEN,LOWEST_PRICE,OPEN_ELIGIBILITY,2025-08-19,2025-10-03,24120485.03,AWARDED
T00162,ocds-synthetic-00162,D13,D13,Tourism Infrastructure Division,ELECTRICAL_EQUIPMENT,CABLING,ITEM-ELEC-324,KA-CENTRAL,OPEN,LOWEST_PRICE,OPEN_ELIGIBILITY,2025-12-15,2026-01-10,12582674.52,AWARDED
T00163,ocds-synthetic-00163,D12,D12,Housing Infrastructure Division,BUILDING_CONSTRUCTION,STRUCTURAL_WORKS,ITEM-BUIL-863,KA-SOUTH,OPEN,LOWEST_PRICE,OPEN_ELIGIBILITY,2025-06-24,2025-08-01,67322235.12,AWARDED
T00164,ocds-synthetic-00164,D09,D09,State Transport Division,MEDICAL_SUPPLIES,HOSPITAL_SUPPLIES,ITEM-MEDI-952,KA-SOUTH,LIMITED,LOWEST_PRICE,QUALIFIED_SUPPLIERS,2026-08-03,2026-08-30,5933588.58,AWARDED
T00165,ocds-synthetic-00165,D18,D18,Industrial Development Division,WATER_INFRASTRUCTURE,IRRIGATION_WORKS,ITEM-WATE-259,KA-CENTRAL,OPEN,LOWEST_PRICE,OPEN_ELIGIBILITY,2026-02-16,2026-03-01,10111183.9,AWARDED
T00166,ocds-synthetic-00166,D20,D20,Public Health Engineering Division,WATER_INFRASTRUCTURE,PUMPING_SYSTEMS,ITEM-WATE-335,KA-SOUTH,OPEN,LOWEST_PRICE,OPEN_ELIGIBILITY,2025-05-01,2025-06-12,32453923.2,AWARDED
T00167,ocds-synthetic-00167,D16,D16,Infrastructure Development Division,WATER_INFRASTRUCTURE,PIPELINE_WORKS,ITEM-WATE-454,KA-CENTRAL,OPEN,LOWEST_PRICE,OPEN_ELIGIBILITY,2026-06-11,2026-07-23,2363240.38,AWARDED
T00168,ocds-synthetic-00168,D18,D18,Industrial Development Division,BUILDING_CONSTRUCTION,PUBLIC_BUILDING,ITEM-BUIL-717,KA-CENTRAL,TWO_STAGE,LOWEST_PRICE,QUALIFIED_SUPPLIERS,2026-01-02,2026-02-08,2018536.74,AWARDED
T00169,ocds-synthetic-00169,D18,D18,Industrial Development Division,BUILDING_CONSTRUCTION,STRUCTURAL_WORKS,ITEM-BUIL-660,KA-CENTRAL,TWO_STAGE,LOWEST_PRICE,QUALIFIED_SUPPLIERS,2026-02-16,2026-03-17,41955229.66,AWARDED
T00170,ocds-synthetic-00170,D20,D20,Public Health Engineering Division,ELECTRICAL_EQUIPMENT,TRANSFORMERS,ITEM-ELEC-617,KA-SOUTH,OPEN,LOWEST_PRICE,OPEN_ELIGIBILITY,2025-11-04,2025-11-28,4968398.55,AWARDED
T00171,ocds-synthetic-00171,D16,D16,Infrastructure Development Division,BUILDING_CONSTRUCTION,CIVIL_BUILDING_WORKS,ITEM-BUIL-680,KA-CENTRAL,LIMITED,LOWEST_PRICE,QUALIFIED_SUPPLIERS,2025-10-29,2025-11-10,117871272.53,AWARDED
T00172,ocds-synthetic-00172,D01,D01,State Works Division - North,VEHICLE_SUPPLIES,FLEET_MAINTENANCE,ITEM-VEHI-949,KA-NORTH,TWO_STAGE,LOWEST_PRICE,QUALIFIED_SUPPLIERS,2024-01-30,2024-03-10,11104326.31,AWARDED
T00173,ocds-synthetic-00173,D14,D14,Agricultural Infrastructure Division,CIVIL_MAINTENANCE,ELECTRICAL_MAINTENANCE,ITEM-CIVI-800,KA-NORTH,OPEN,LOWEST_PRICE,OPEN_ELIGIBILITY,2025-04-12,2025-04-24,3663996.66,AWARDED
T00174,ocds-synthetic-00174,D14,D14,Agricultural Infrastructure Division,LAB_EQUIPMENT,LABORATORY_SYSTEMS,ITEM-LAB_-314,KA-NORTH,OPEN,LOWEST_PRICE,OPEN_ELIGIBILITY,2026-01-20,2026-02-28,10180346.82,AWARDED
T00175,ocds-synthetic-00175,D01,D01,State Works Division - North,ELECTRICAL_EQUIPMENT,CABLING,ITEM-ELEC-419,KA-NORTH,OPEN,LOWEST_PRICE,OPEN_ELIGIBILITY,2026-04-12,2026-05-23,9216429.43,AWARDED
T00176,ocds-synthetic-00176,D08,D08,Municipal Services Division,BUILDING_CONSTRUCTION,RENOVATION,ITEM-BUIL-145,KA-CENTRAL,LIMITED,LOWEST_PRICE,QUALIFIED_SUPPLIERS,2025-07-26,2025-08-02,42795453.69,AWARDED
T00177,ocds-synthetic-00177,D04,D04,State Education Procurement Division,WATER_INFRASTRUCTURE,PIPELINE_WORKS,ITEM-WATE-914,KA-NORTH,OPEN,LOWEST_PRICE,OPEN_ELIGIBILITY,2025-02-11,2025-03-09,27073349.7,AWARDED
T00178,ocds-synthetic-00178,D15,D15,Energy Procurement Division,FURNITURE,HOSPITAL_FURNITURE,ITEM-FURN-137,KA-SOUTH,OPEN,LOWEST_PRICE,OPEN_ELIGIBILITY,2024-04-09,2024-05-22,3569177.24,AWARDED
T00179,ocds-synthetic-00179,D09,D09,State Transport Division,WATER_INFRASTRUCTURE,PUMPING_SYSTEMS,ITEM-WATE-546,KA-SOUTH,OPEN,LOWEST_PRICE,OPEN_ELIGIBILITY,2024-10-24,2024-11-29,15400444.78,AWARDED
T00180,ocds-synthetic-00180,D18,D18,Industrial Development Division,ROAD_CONSTRUCTION,BITUMINOUS_WORKS,ITEM-ROAD-254,KA-CENTRAL,OPEN,LOWEST_PRICE,OPEN_ELIGIBILITY,2024-02-09,2024-03-05,65459585.2,AWARDED
T00181,ocds-synthetic-00181,D18,D18,Industrial Development Division,WATER_INFRASTRUCTURE,PIPELINE_WORKS,ITEM-WATE-397,KA-CENTRAL,OPEN,LOWEST_PRICE,OPEN_ELIGIBILITY,2024-12-13,2025-01-20,27107939.42,AWARDED
T00182,ocds-synthetic-00182,D15,D15,Energy Procurement Division,VEHICLE_SUPPLIES,FLEET_MAINTENANCE,ITEM-VEHI-962,KA-SOUTH,TWO_STAGE,LOWEST_PRICE,QUALIFIED_SUPPLIERS,2024-03-25,2024-06-01,46342629.26,AWARDED
T00183,ocds-synthetic-00183,D10,D10,Medical Services Procurement Division,BUILDING_CONSTRUCTION,RENOVATION,ITEM-BUIL-922,KA-CENTRAL,OPEN,LOWEST_PRICE,OPEN_ELIGIBILITY,2026-02-05,2026-02-27,15816133.33,AWARDED
T00184,ocds-synthetic-00184,D10,D10,Medical Services Procurement Division,WATER_INFRASTRUCTURE,WATER_TREATMENT,ITEM-WATE-451,KA-CENTRAL,OPEN,LOWEST_PRICE,OPEN_ELIGIBILITY,2025-06-24,2025-07-15,73418495.86,AWARDED
T00185,ocds-synthetic-00185,D02,D02,Urban Infrastructure Division - South,WATER_INFRASTRUCTURE,PUMPING_SYSTEMS,ITEM-WATE-887,KA-SOUTH,LIMITED,LOWEST_PRICE,QUALIFIED_SUPPLIERS,2024-05-06,2024-05-25,50243509.51,AWARDED
T00186,ocds-synthetic-00186,D08,D08,Municipal Services Division,BUILDING_CONSTRUCTION,CIVIL_BUILDING_WORKS,ITEM-BUIL-550,KA-CENTRAL,OPEN,LOWEST_PRICE,OPEN_ELIGIBILITY,2026-06-22,2026-07-16,60162495.35,AWARDED
T00187,ocds-synthetic-00187,D04,D04,State Education Procurement Division,IT_SERVICES,NETWORK_INFRASTRUCTURE,ITEM-IT_S-747,KA-NORTH,OPEN,LOWEST_PRICE,OPEN_ELIGIBILITY,2025-09-24,2025-10-09,16040201.49,AWARDED
T00188,ocds-synthetic-00188,D01,D01,State Works Division - North,ROAD_CONSTRUCTION,BITUMINOUS_WORKS,ITEM-ROAD-217,KA-NORTH,OPEN,LOWEST_PRICE,OPEN_ELIGIBILITY,2026-07-24,2026-08-31,13818308.09,AWARDED
T00189,ocds-synthetic-00189,D13,D13,Tourism Infrastructure Division,MEDICAL_SUPPLIES,HOSPITAL_SUPPLIES,ITEM-MEDI-122,KA-CENTRAL,LIMITED,LOWEST_PRICE,QUALIFIED_SUPPLIERS,2025-07-07,2025-07-27,13192091.09,AWARDED
T00190,ocds-synthetic-00190,D02,D02,Urban Infrastructure Division - South,MEDICAL_SUPPLIES,SURGICAL_CONSUMABLES,ITEM-MEDI-863,KA-SOUTH,TWO_STAGE,LOWEST_PRICE,QUALIFIED_SUPPLIERS,2025-02-19,2025-05-01,1192577.7,AWARDED
T00191,ocds-synthetic-00191,D19,D19,Forest Infrastructure Division,ELECTRICAL_EQUIPMENT,SWITCHGEAR,ITEM-ELEC-486,KA-NORTH,OPEN,LOWEST_PRICE,OPEN_ELIGIBILITY,2024-08-25,2024-09-25,96849348.58,AWARDED
T00192,ocds-synthetic-00192,D10,D10,Medical Services Procurement Division,CIVIL_MAINTENANCE,BUILDING_MAINTENANCE,ITEM-CIVI-351,KA-CENTRAL,LIMITED,LOWEST_PRICE,QUALIFIED_SUPPLIERS,2024-12-14,2025-01-12,4484624.57,AWARDED
T00193,ocds-synthetic-00193,D11,D11,Urban Technology Division,CIVIL_MAINTENANCE,ROAD_MAINTENANCE,ITEM-CIVI-811,KA-BENGALURU,OPEN,LOWEST_PRICE,OPEN_ELIGIBILITY,2024-05-19,2024-06-14,7536425.94,AWARDED
T00194,ocds-synthetic-00194,D20,D20,Public Health Engineering Division,ROAD_CONSTRUCTION,ROAD_WIDENING,ITEM-ROAD-888,KA-SOUTH,OPEN,LOWEST_PRICE,OPEN_ELIGIBILITY,2024-10-25,2024-11-26,25069660.78,AWARDED
T00195,ocds-synthetic-00195,D04,D04,State Education Procurement Division,IT_SERVICES,IT_HARDWARE,ITEM-IT_S-702,KA-NORTH,LIMITED,QUALITY_AND_COST,QUALIFIED_SUPPLIERS,2024-05-12,2024-05-28,12483124.3,AWARDED
T00196,ocds-synthetic-00196,D03,D03,State Health Procurement Division,ROAD_CONSTRUCTION,ROAD_RESURFACING,ITEM-ROAD-332,KA-CENTRAL,OPEN,LOWEST_PRICE,OPEN_ELIGIBILITY,2025-11-25,2026-01-05,13259618.19,AWARDED
T00197,ocds-synthetic-00197,D18,D18,Industrial Development Division,ROAD_CONSTRUCTION,ROAD_WIDENING,ITEM-ROAD-765,KA-CENTRAL,OPEN,LOWEST_PRICE,OPEN_ELIGIBILITY,2026-05-13,2026-06-17,6166756.12,AWARDED
T00198,ocds-synthetic-00198,D11,D11,Urban Technology Division,IT_SERVICES,NETWORK_INFRASTRUCTURE,ITEM-IT_S-545,KA-BENGALURU,OPEN,LOWEST_PRICE,OPEN_ELIGIBILITY,2025-12-06,2026-01-16,3982777.02,AWARDED
T00199,ocds-synthetic-00199,D12,D12,Housing Infrastructure Division,IT_SERVICES,CYBERSECURITY,ITEM-IT_S-791,KA-SOUTH,OPEN,QUALITY_AND_COST,OPEN_ELIGIBILITY,2025-12-22,2026-01-06,25410348.48,AWARDED
T00200,ocds-synthetic-00200,D10,D10,Medical Services Procurement Division,LAB_EQUIPMENT,SCIENTIFIC_EQUIPMENT,ITEM-LAB_-297,KA-CENTRAL,TWO_STAGE,LOWEST_PRICE,QUALIFIED_SUPPLIERS,2025-06-13,2025-08-17,7087779.06,AWARDED
T00201,ocds-synthetic-00201,D11,D11,Urban Technology Division,ELECTRICAL_EQUIPMENT,CONTROL_EQUIPMENT,ITEM-ELEC-141,KA-BENGALURU,OPEN,LOWEST_PRICE,OPEN_ELIGIBILITY,2026-04-19,2026-05-31,15107937.44,AWARDED
T00202,ocds-synthetic-00202,D02,D02,Urban Infrastructure Division - South,CIVIL_MAINTENANCE,GENERAL_REPAIRS,ITEM-CIVI-337,KA-SOUTH,OPEN,LOWEST_PRICE,OPEN_ELIGIBILITY,2025-05-17,2025-06-07,2362089.23,AWARDED
T00203,ocds-synthetic-00203,D16,D16,Infrastructure Development Division,CIVIL_MAINTENANCE,BUILDING_MAINTENANCE,ITEM-CIVI-789,KA-CENTRAL,OPEN,LOWEST_PRICE,OPEN_ELIGIBILITY,2024-10-01,2024-11-12,3269579.21,AWARDED
T00204,ocds-synthetic-00204,D18,D18,Industrial Development Division,CIVIL_MAINTENANCE,ELECTRICAL_MAINTENANCE,ITEM-CIVI-859,KA-CENTRAL,OPEN,LOWEST_PRICE,OPEN_ELIGIBILITY,2024-04-23,2024-06-05,6340798.99,AWARDED
T00205,ocds-synthetic-00205,D12,D12,Housing Infrastructure Division,IT_SERVICES,CLOUD_SERVICES,ITEM-IT_S-636,KA-SOUTH,OPEN,QUALITY_AND_COST,OPEN_ELIGIBILITY,2025-03-20,2025-04-25,3934958.01,AWARDED
T00206,ocds-synthetic-00206,D04,D04,State Education Procurement Division,WATER_INFRASTRUCTURE,PUMPING_SYSTEMS,ITEM-WATE-191,KA-NORTH,OPEN,LOWEST_PRICE,OPEN_ELIGIBILITY,2026-01-22,2026-02-23,28851545.52,AWARDED
T00207,ocds-synthetic-00207,D18,D18,Industrial Development Division,WATER_INFRASTRUCTURE,PIPELINE_WORKS,ITEM-WATE-191,KA-CENTRAL,LIMITED,LOWEST_PRICE,QUALIFIED_SUPPLIERS,2026-07-28,2026-08-26,28514101.83,AWARDED
T00208,ocds-synthetic-00208,D12,D12,Housing Infrastructure Division,FURNITURE,OFFICE_FURNITURE,ITEM-FURN-296,KA-SOUTH,LIMITED,LOWEST_PRICE,QUALIFIED_SUPPLIERS,2024-08-07,2024-08-24,778540.8,AWARDED
T00209,ocds-synthetic-00209,D09,D09,State Transport Division,MEDICAL_SUPPLIES,MEDICAL_DEVICES,ITEM-MEDI-329,KA-SOUTH,OPEN,LOWEST_PRICE,OPEN_ELIGIBILITY,2024-01-05,2024-02-08,6366209.75,AWARDED
T00210,ocds-synthetic-00210,D10,D10,Medical Services Procurement Division,ELECTRICAL_EQUIPMENT,CABLING,ITEM-ELEC-298,KA-CENTRAL,OPEN,LOWEST_PRICE,OPEN_ELIGIBILITY,2025-01-12,2025-01-28,2402668.84,AWARDED
T00211,ocds-synthetic-00211,D07,D07,Power Systems Division,BUILDING_CONSTRUCTION,PUBLIC_BUILDING,ITEM-BUIL-504,KA-NORTH,OPEN,LOWEST_PRICE,OPEN_ELIGIBILITY,2025-08-28,2025-09-20,108702909.17,AWARDED
T00212,ocds-synthetic-00212,D07,D07,Power Systems Division,ELECTRICAL_EQUIPMENT,CABLING,ITEM-ELEC-804,KA-NORTH,LIMITED,LOWEST_PRICE,QUALIFIED_SUPPLIERS,2024-09-12,2024-09-22,7383888.43,AWARDED
T00213,ocds-synthetic-00213,D19,D19,Forest Infrastructure Division,IT_SERVICES,SOFTWARE_DEVELOPMENT,ITEM-IT_S-287,KA-NORTH,LIMITED,LOWEST_PRICE,QUALIFIED_SUPPLIERS,2025-07-31,2025-08-13,8343559.37,AWARDED
T00214,ocds-synthetic-00214,D06,D06,Water Resources Division,WATER_INFRASTRUCTURE,WATER_TREATMENT,ITEM-WATE-934,KA-SOUTH,OPEN,LOWEST_PRICE,OPEN_ELIGIBILITY,2025-06-24,2025-08-03,8101575.99,AWARDED
T00215,ocds-synthetic-00215,D07,D07,Power Systems Division,WATER_INFRASTRUCTURE,IRRIGATION_WORKS,ITEM-WATE-719,KA-NORTH,TWO_STAGE,LOWEST_PRICE,QUALIFIED_SUPPLIERS,2025-07-17,2025-08-12,14888955.97,AWARDED
T00216,ocds-synthetic-00216,D18,D18,Industrial Development Division,BUILDING_CONSTRUCTION,STRUCTURAL_WORKS,ITEM-BUIL-386,KA-CENTRAL,LIMITED,LOWEST_PRICE,QUALIFIED_SUPPLIERS,2024-07-06,2024-07-22,27821105.95,AWARDED
T00217,ocds-synthetic-00217,D03,D03,State Health Procurement Division,IT_SERVICES,NETWORK_INFRASTRUCTURE,ITEM-IT_S-626,KA-CENTRAL,OPEN,QUALITY_AND_COST,OPEN_ELIGIBILITY,2025-03-27,2025-04-11,23855551.86,AWARDED
T00218,ocds-synthetic-00218,D07,D07,Power Systems Division,LAB_EQUIPMENT,CALIBRATION_EQUIPMENT,ITEM-LAB_-133,KA-NORTH,OPEN,QUALITY_AND_COST,OPEN_ELIGIBILITY,2026-02-16,2026-03-15,8855746.84,AWARDED
T00219,ocds-synthetic-00219,D03,D03,State Health Procurement Division,VEHICLE_SUPPLIES,SPECIAL_PURPOSE_VEHICLES,ITEM-VEHI-805,KA-CENTRAL,LIMITED,LOWEST_PRICE,QUALIFIED_SUPPLIERS,2026-04-01,2026-04-23,46319576.17,AWARDED
T00220,ocds-synthetic-00220,D16,D16,Infrastructure Development Division,VEHICLE_SUPPLIES,VEHICLE_PARTS,ITEM-VEHI-872,KA-CENTRAL,TWO_STAGE,LOWEST_PRICE,QUALIFIED_SUPPLIERS,2025-01-17,2025-02-12,45248663.84,AWARDED
T00221,ocds-synthetic-00221,D17,D17,Higher Education Procurement Division,IT_SERVICES,CYBERSECURITY,ITEM-IT_S-637,KA-BENGALURU,OPEN,QUALITY_AND_COST,OPEN_ELIGIBILITY,2025-04-05,2025-05-15,35780815.17,AWARDED
T00222,ocds-synthetic-00222,D04,D04,State Education Procurement Division,ROAD_CONSTRUCTION,ROAD_RESURFACING,ITEM-ROAD-874,KA-NORTH,OPEN,LOWEST_PRICE,OPEN_ELIGIBILITY,2025-03-25,2025-04-25,10871034.73,AWARDED
T00223,ocds-synthetic-00223,D07,D07,Power Systems Division,WATER_INFRASTRUCTURE,PIPELINE_WORKS,ITEM-WATE-678,KA-NORTH,OPEN,LOWEST_PRICE,OPEN_ELIGIBILITY,2025-03-01,2025-03-18,72072952.25,AWARDED
T00224,ocds-synthetic-00224,D06,D06,Water Resources Division,ROAD_CONSTRUCTION,ROAD_RESURFACING,ITEM-ROAD-304,KA-SOUTH,OPEN,LOWEST_PRICE,OPEN_ELIGIBILITY,2026-08-27,2026-08-31,84418551.81,AWARDED
T00225,ocds-synthetic-00225,D11,D11,Urban Technology Division,MEDICAL_SUPPLIES,DIAGNOSTIC_EQUIPMENT,ITEM-MEDI-727,KA-BENGALURU,OPEN,LOWEST_PRICE,OPEN_ELIGIBILITY,2024-04-18,2024-05-31,16179010.39,AWARDED
T00226,ocds-synthetic-00226,D14,D14,Agricultural Infrastructure Division,CIVIL_MAINTENANCE,ROAD_MAINTENANCE,ITEM-CIVI-637,KA-NORTH,OPEN,LOWEST_PRICE,OPEN_ELIGIBILITY,2024-02-25,2024-03-10,6472332.31,AWARDED
T00227,ocds-synthetic-00227,D13,D13,Tourism Infrastructure Division,IT_SERVICES,IT_HARDWARE,ITEM-IT_S-687,KA-CENTRAL,OPEN,LOWEST_PRICE,OPEN_ELIGIBILITY,2025-10-01,2025-10-25,38853452.97,AWARDED
T00228,ocds-synthetic-00228,D08,D08,Municipal Services Division,ROAD_CONSTRUCTION,ROAD_WIDENING,ITEM-ROAD-571,KA-CENTRAL,TWO_STAGE,LOWEST_PRICE,QUALIFIED_SUPPLIERS,2024-06-22,2024-08-04,14368150.29,AWARDED
T00229,ocds-synthetic-00229,D11,D11,Urban Technology Division,FURNITURE,HOSPITAL_FURNITURE,ITEM-FURN-882,KA-BENGALURU,OPEN,LOWEST_PRICE,OPEN_ELIGIBILITY,2024-07-26,2024-08-15,7474375.73,AWARDED
T00230,ocds-synthetic-00230,D04,D04,State Education Procurement Division,LAB_EQUIPMENT,CALIBRATION_EQUIPMENT,ITEM-LAB_-815,KA-NORTH,OPEN,LOWEST_PRICE,OPEN_ELIGIBILITY,2026-07-24,2026-08-23,13454767.23,AWARDED
T00231,ocds-synthetic-00231,D14,D14,Agricultural Infrastructure Division,CIVIL_MAINTENANCE,ROAD_MAINTENANCE,ITEM-CIVI-588,KA-NORTH,OPEN,LOWEST_PRICE,OPEN_ELIGIBILITY,2025-10-12,2025-11-19,6478292.55,AWARDED
T00232,ocds-synthetic-00232,D05,D05,Rural Development Division,MEDICAL_SUPPLIES,HOSPITAL_SUPPLIES,ITEM-MEDI-906,KA-NORTH,OPEN,LOWEST_PRICE,OPEN_ELIGIBILITY,2024-11-08,2024-12-20,3204700.96,AWARDED
T00233,ocds-synthetic-00233,D13,D13,Tourism Infrastructure Division,IT_SERVICES,CYBERSECURITY,ITEM-IT_S-427,KA-CENTRAL,TWO_STAGE,LOWEST_PRICE,QUALIFIED_SUPPLIERS,2025-12-18,2026-02-21,8126179.84,AWARDED
T00234,ocds-synthetic-00234,D19,D19,Forest Infrastructure Division,ROAD_CONSTRUCTION,ROAD_WIDENING,ITEM-ROAD-809,KA-NORTH,OPEN,LOWEST_PRICE,OPEN_ELIGIBILITY,2025-01-26,2025-03-02,13404035.73,AWARDED
T00235,ocds-synthetic-00235,D11,D11,Urban Technology Division,BUILDING_CONSTRUCTION,RENOVATION,ITEM-BUIL-149,KA-BENGALURU,OPEN,LOWEST_PRICE,OPEN_ELIGIBILITY,2026-04-06,2026-04-25,70688545.9,AWARDED
T00236,ocds-synthetic-00236,D07,D07,Power Systems Division,CIVIL_MAINTENANCE,ELECTRICAL_MAINTENANCE,ITEM-CIVI-189,KA-NORTH,TWO_STAGE,LOWEST_PRICE,QUALIFIED_SUPPLIERS,2026-02-17,2026-04-14,22207025.69,AWARDED
T00237,ocds-synthetic-00237,D02,D02,Urban Infrastructure Division - South,ELECTRICAL_EQUIPMENT,CONTROL_EQUIPMENT,ITEM-ELEC-427,KA-SOUTH,OPEN,LOWEST_PRICE,OPEN_ELIGIBILITY,2024-04-15,2024-05-22,5957856.29,AWARDED
T00238,ocds-synthetic-00238,D13,D13,Tourism Infrastructure Division,CIVIL_MAINTENANCE,ROAD_MAINTENANCE,ITEM-CIVI-280,KA-CENTRAL,OPEN,LOWEST_PRICE,OPEN_ELIGIBILITY,2024-10-02,2024-10-28,18507326.51,AWARDED
T00239,ocds-synthetic-00239,D08,D08,Municipal Services Division,BUILDING_CONSTRUCTION,STRUCTURAL_WORKS,ITEM-BUIL-182,KA-CENTRAL,OPEN,LOWEST_PRICE,OPEN_ELIGIBILITY,2024-07-15,2024-08-11,233016545.74,AWARDED
T00240,ocds-synthetic-00240,D06,D06,Water Resources Division,BUILDING_CONSTRUCTION,CIVIL_BUILDING_WORKS,ITEM-BUIL-306,KA-SOUTH,OPEN,LOWEST_PRICE,OPEN_ELIGIBILITY,2025-11-30,2025-12-23,15727949.39,AWARDED
T00241,ocds-synthetic-00241,D15,D15,Energy Procurement Division,BUILDING_CONSTRUCTION,STRUCTURAL_WORKS,ITEM-BUIL-832,KA-SOUTH,OPEN,LOWEST_PRICE,OPEN_ELIGIBILITY,2025-09-06,2025-10-11,34692014.16,AWARDED
T00242,ocds-synthetic-00242,D04,D04,State Education Procurement Division,MEDICAL_SUPPLIES,HOSPITAL_SUPPLIES,ITEM-MEDI-431,KA-NORTH,OPEN,LOWEST_PRICE,OPEN_ELIGIBILITY,2024-04-22,2024-05-29,6774396.24,AWARDED
T00243,ocds-synthetic-00243,D11,D11,Urban Technology Division,BUILDING_CONSTRUCTION,RENOVATION,ITEM-BUIL-800,KA-BENGALURU,OPEN,LOWEST_PRICE,OPEN_ELIGIBILITY,2025-02-05,2025-02-23,14831430.65,AWARDED
T00244,ocds-synthetic-00244,D04,D04,State Education Procurement Division,LAB_EQUIPMENT,LABORATORY_SYSTEMS,ITEM-LAB_-451,KA-NORTH,OPEN,LOWEST_PRICE,OPEN_ELIGIBILITY,2024-04-23,2024-05-17,16642676.77,AWARDED
T00245,ocds-synthetic-00245,D02,D02,Urban Infrastructure Division - South,FURNITURE,SCHOOL_FURNITURE,ITEM-FURN-783,KA-SOUTH,OPEN,LOWEST_PRICE,OPEN_ELIGIBILITY,2024-04-10,2024-05-16,842953.2,AWARDED
T00246,ocds-synthetic-00246,D10,D10,Medical Services Procurement Division,IT_SERVICES,CLOUD_SERVICES,ITEM-IT_S-652,KA-CENTRAL,OPEN,LOWEST_PRICE,OPEN_ELIGIBILITY,2024-01-23,2024-02-20,10181472.54,AWARDED
T00247,ocds-synthetic-00247,D03,D03,State Health Procurement Division,MEDICAL_SUPPLIES,HOSPITAL_SUPPLIES,ITEM-MEDI-419,KA-CENTRAL,OPEN,LOWEST_PRICE,OPEN_ELIGIBILITY,2024-01-28,2024-02-09,6387436.05,AWARDED
T00248,ocds-synthetic-00248,D09,D09,State Transport Division,CIVIL_MAINTENANCE,ROAD_MAINTENANCE,ITEM-CIVI-437,KA-SOUTH,OPEN,LOWEST_PRICE,OPEN_ELIGIBILITY,2024-09-22,2024-10-17,10660874.07,AWARDED
T00249,ocds-synthetic-00249,D12,D12,Housing Infrastructure Division,ROAD_CONSTRUCTION,ROAD_WIDENING,ITEM-ROAD-682,KA-SOUTH,OPEN,LOWEST_PRICE,OPEN_ELIGIBILITY,2025-11-19,2025-12-06,19401101.59,AWARDED
T00250,ocds-synthetic-00250,D07,D07,Power Systems Division,IT_SERVICES,IT_HARDWARE,ITEM-IT_S-829,KA-NORTH,OPEN,LOWEST_PRICE,OPEN_ELIGIBILITY,2024-12-21,2025-01-13,62940589.41,AWARDED
T00251,ocds-synthetic-00251,D19,D19,Forest Infrastructure Division,VEHICLE_SUPPLIES,FLEET_MAINTENANCE,ITEM-VEHI-561,KA-NORTH,OPEN,LOWEST_PRICE,OPEN_ELIGIBILITY,2026-03-09,2026-04-07,15278770.21,AWARDED
T00252,ocds-synthetic-00252,D17,D17,Higher Education Procurement Division,WATER_INFRASTRUCTURE,PIPELINE_WORKS,ITEM-WATE-728,KA-BENGALURU,OPEN,LOWEST_PRICE,OPEN_ELIGIBILITY,2024-02-26,2024-03-27,24085855.16,AWARDED
T00253,ocds-synthetic-00253,D17,D17,Higher Education Procurement Division,VEHICLE_SUPPLIES,VEHICLE_PARTS,ITEM-VEHI-965,KA-BENGALURU,OPEN,LOWEST_PRICE,OPEN_ELIGIBILITY,2024-08-06,2024-09-15,4146753.95,AWARDED
T00254,ocds-synthetic-00254,D13,D13,Tourism Infrastructure Division,CIVIL_MAINTENANCE,ROAD_MAINTENANCE,ITEM-CIVI-255,KA-CENTRAL,OPEN,LOWEST_PRICE,OPEN_ELIGIBILITY,2025-10-05,2025-10-28,2911784.28,AWARDED
T00255,ocds-synthetic-00255,D18,D18,Industrial Development Division,ROAD_CONSTRUCTION,DRAINAGE_WORKS,ITEM-ROAD-194,KA-CENTRAL,OPEN,LOWEST_PRICE,OPEN_ELIGIBILITY,2024-04-04,2024-05-08,4694755.24,AWARDED
T00256,ocds-synthetic-00256,D15,D15,Energy Procurement Division,CIVIL_MAINTENANCE,ROAD_MAINTENANCE,ITEM-CIVI-388,KA-SOUTH,TWO_STAGE,LOWEST_PRICE,QUALIFIED_SUPPLIERS,2025-11-04,2025-12-24,19403805.87,AWARDED
T00257,ocds-synthetic-00257,D04,D04,State Education Procurement Division,BUILDING_CONSTRUCTION,RENOVATION,ITEM-BUIL-836,KA-NORTH,OPEN,LOWEST_PRICE,OPEN_ELIGIBILITY,2025-07-03,2025-07-25,25906361.74,AWARDED
T00258,ocds-synthetic-00258,D12,D12,Housing Infrastructure Division,MEDICAL_SUPPLIES,MEDICAL_DEVICES,ITEM-MEDI-406,KA-SOUTH,OPEN,LOWEST_PRICE,OPEN_ELIGIBILITY,2025-01-01,2025-01-15,6416692.25,AWARDED
T00259,ocds-synthetic-00259,D01,D01,State Works Division - North,CIVIL_MAINTENANCE,GENERAL_REPAIRS,ITEM-CIVI-273,KA-NORTH,OPEN,LOWEST_PRICE,OPEN_ELIGIBILITY,2024-09-29,2024-10-16,1229896.72,AWARDED
T00260,ocds-synthetic-00260,D05,D05,Rural Development Division,BUILDING_CONSTRUCTION,CIVIL_BUILDING_WORKS,ITEM-BUIL-905,KA-NORTH,OPEN,LOWEST_PRICE,OPEN_ELIGIBILITY,2025-10-30,2025-11-11,26075933.17,AWARDED
T00261,ocds-synthetic-00261,D03,D03,State Health Procurement Division,LAB_EQUIPMENT,LABORATORY_SYSTEMS,ITEM-LAB_-396,KA-CENTRAL,TWO_STAGE,LOWEST_PRICE,QUALIFIED_SUPPLIERS,2024-05-05,2024-07-13,828823.34,AWARDED
T00262,ocds-synthetic-00262,D01,D01,State Works Division - North,MEDICAL_SUPPLIES,SURGICAL_CONSUMABLES,ITEM-MEDI-959,KA-NORTH,OPEN,LOWEST_PRICE,OPEN_ELIGIBILITY,2026-06-10,2026-07-10,3452253.95,AWARDED
T00263,ocds-synthetic-00263,D10,D10,Medical Services Procurement Division,BUILDING_CONSTRUCTION,CIVIL_BUILDING_WORKS,ITEM-BUIL-424,KA-CENTRAL,OPEN,LOWEST_PRICE,OPEN_ELIGIBILITY,2025-04-30,2025-05-14,60133358.03,AWARDED
T00264,ocds-synthetic-00264,D08,D08,Municipal Services Division,FURNITURE,SCHOOL_FURNITURE,ITEM-FURN-291,KA-CENTRAL,OPEN,LOWEST_PRICE,OPEN_ELIGIBILITY,2024-04-20,2024-05-02,3832251.07,AWARDED
T00265,ocds-synthetic-00265,D05,D05,Rural Development Division,ROAD_CONSTRUCTION,ROAD_WIDENING,ITEM-ROAD-910,KA-NORTH,OPEN,LOWEST_PRICE,OPEN_ELIGIBILITY,2025-12-14,2025-12-29,30666119.16,AWARDED
T00266,ocds-synthetic-00266,D03,D03,State Health Procurement Division,MEDICAL_SUPPLIES,HOSPITAL_SUPPLIES,ITEM-MEDI-112,KA-CENTRAL,LIMITED,LOWEST_PRICE,QUALIFIED_SUPPLIERS,2026-06-07,2026-06-17,20608767.21,AWARDED
T00267,ocds-synthetic-00267,D20,D20,Public Health Engineering Division,ROAD_CONSTRUCTION,ROAD_RESURFACING,ITEM-ROAD-809,KA-SOUTH,OPEN,LOWEST_PRICE,OPEN_ELIGIBILITY,2026-08-02,2026-08-27,11095576.53,AWARDED
T00268,ocds-synthetic-00268,D17,D17,Higher Education Procurement Division,IT_SERVICES,SOFTWARE_DEVELOPMENT,ITEM-IT_S-289,KA-BENGALURU,OPEN,QUALITY_AND_COST,OPEN_ELIGIBILITY,2025-09-29,2025-10-20,5037861.04,AWARDED
T00269,ocds-synthetic-00269,D09,D09,State Transport Division,BUILDING_CONSTRUCTION,STRUCTURAL_WORKS,ITEM-BUIL-330,KA-SOUTH,OPEN,LOWEST_PRICE,OPEN_ELIGIBILITY,2025-11-13,2025-12-24,15826240.66,AWARDED
T00270,ocds-synthetic-00270,D07,D07,Power Systems Division,MEDICAL_SUPPLIES,HOSPITAL_SUPPLIES,ITEM-MEDI-167,KA-NORTH,OPEN,LOWEST_PRICE,OPEN_ELIGIBILITY,2025-10-23,2025-11-07,10292470.15,AWARDED
T00271,ocds-synthetic-00271,D09,D09,State Transport Division,IT_SERVICES,NETWORK_INFRASTRUCTURE,ITEM-IT_S-585,KA-SOUTH,OPEN,QUALITY_AND_COST,OPEN_ELIGIBILITY,2025-02-18,2025-03-22,8039219.56,AWARDED
T00272,ocds-synthetic-00272,D15,D15,Energy Procurement Division,BUILDING_CONSTRUCTION,CIVIL_BUILDING_WORKS,ITEM-BUIL-657,KA-SOUTH,OPEN,LOWEST_PRICE,OPEN_ELIGIBILITY,2026-08-21,2026-08-31,99938549.03,AWARDED
T00273,ocds-synthetic-00273,D20,D20,Public Health Engineering Division,WATER_INFRASTRUCTURE,PUMPING_SYSTEMS,ITEM-WATE-257,KA-SOUTH,OPEN,LOWEST_PRICE,OPEN_ELIGIBILITY,2024-04-19,2024-05-05,6221767.92,AWARDED
T00274,ocds-synthetic-00274,D18,D18,Industrial Development Division,MEDICAL_SUPPLIES,DIAGNOSTIC_EQUIPMENT,ITEM-MEDI-342,KA-CENTRAL,OPEN,LOWEST_PRICE,OPEN_ELIGIBILITY,2026-04-09,2026-04-21,4588102.39,AWARDED
T00275,ocds-synthetic-00275,D06,D06,Water Resources Division,MEDICAL_SUPPLIES,HOSPITAL_SUPPLIES,ITEM-MEDI-739,KA-SOUTH,OPEN,LOWEST_PRICE,OPEN_ELIGIBILITY,2025-04-16,2025-05-20,4748480.57,AWARDED
T00276,ocds-synthetic-00276,D08,D08,Municipal Services Division,CIVIL_MAINTENANCE,ROAD_MAINTENANCE,ITEM-CIVI-535,KA-CENTRAL,OPEN,LOWEST_PRICE,OPEN_ELIGIBILITY,2026-07-13,2026-08-15,6040154.77,AWARDED
T00277,ocds-synthetic-00277,D20,D20,Public Health Engineering Division,BUILDING_CONSTRUCTION,CIVIL_BUILDING_WORKS,ITEM-BUIL-186,KA-SOUTH,LIMITED,LOWEST_PRICE,QUALIFIED_SUPPLIERS,2025-05-22,2025-06-06,11971564.15,AWARDED
T00278,ocds-synthetic-00278,D06,D06,Water Resources Division,CIVIL_MAINTENANCE,BUILDING_MAINTENANCE,ITEM-CIVI-105,KA-SOUTH,LIMITED,LOWEST_PRICE,QUALIFIED_SUPPLIERS,2026-06-09,2026-07-02,872684.05,AWARDED
T00279,ocds-synthetic-00279,D07,D07,Power Systems Division,MEDICAL_SUPPLIES,SURGICAL_CONSUMABLES,ITEM-MEDI-751,KA-NORTH,OPEN,LOWEST_PRICE,OPEN_ELIGIBILITY,2025-04-17,2025-05-26,16350847.19,AWARDED
T00280,ocds-synthetic-00280,D17,D17,Higher Education Procurement Division,BUILDING_CONSTRUCTION,PUBLIC_BUILDING,ITEM-BUIL-245,KA-BENGALURU,LIMITED,LOWEST_PRICE,QUALIFIED_SUPPLIERS,2024-10-27,2024-11-23,20654301.86,AWARDED
T00281,ocds-synthetic-00281,D16,D16,Infrastructure Development Division,CIVIL_MAINTENANCE,ROAD_MAINTENANCE,ITEM-CIVI-717,KA-CENTRAL,LIMITED,LOWEST_PRICE,QUALIFIED_SUPPLIERS,2025-01-09,2025-01-28,975759.35,AWARDED
T00282,ocds-synthetic-00282,D10,D10,Medical Services Procurement Division,IT_SERVICES,IT_HARDWARE,ITEM-IT_S-499,KA-CENTRAL,LIMITED,LOWEST_PRICE,QUALIFIED_SUPPLIERS,2024-06-27,2024-07-06,25745595.48,AWARDED
T00283,ocds-synthetic-00283,D03,D03,State Health Procurement Division,CIVIL_MAINTENANCE,ELECTRICAL_MAINTENANCE,ITEM-CIVI-157,KA-CENTRAL,OPEN,LOWEST_PRICE,OPEN_ELIGIBILITY,2026-07-30,2026-08-22,5250941.53,AWARDED
T00284,ocds-synthetic-00284,D09,D09,State Transport Division,IT_SERVICES,NETWORK_INFRASTRUCTURE,ITEM-IT_S-111,KA-SOUTH,OPEN,LOWEST_PRICE,OPEN_ELIGIBILITY,2025-11-02,2025-12-13,4356841.61,AWARDED
T00285,ocds-synthetic-00285,D09,D09,State Transport Division,CIVIL_MAINTENANCE,GENERAL_REPAIRS,ITEM-CIVI-636,KA-SOUTH,OPEN,LOWEST_PRICE,OPEN_ELIGIBILITY,2026-02-24,2026-04-02,4694719.63,AWARDED
T00286,ocds-synthetic-00286,D04,D04,State Education Procurement Division,IT_SERVICES,IT_HARDWARE,ITEM-IT_S-381,KA-NORTH,OPEN,LOWEST_PRICE,OPEN_ELIGIBILITY,2026-01-14,2026-02-15,19921204.89,AWARDED
T00287,ocds-synthetic-00287,D03,D03,State Health Procurement Division,WATER_INFRASTRUCTURE,IRRIGATION_WORKS,ITEM-WATE-888,KA-CENTRAL,OPEN,LOWEST_PRICE,OPEN_ELIGIBILITY,2026-01-08,2026-02-10,9763420.26,AWARDED
T00288,ocds-synthetic-00288,D17,D17,Higher Education Procurement Division,ELECTRICAL_EQUIPMENT,TRANSFORMERS,ITEM-ELEC-349,KA-BENGALURU,OPEN,LOWEST_PRICE,OPEN_ELIGIBILITY,2024-08-17,2024-09-27,12054486.6,AWARDED
T00289,ocds-synthetic-00289,D05,D05,Rural Development Division,FURNITURE,SCHOOL_FURNITURE,ITEM-FURN-928,KA-NORTH,LIMITED,LOWEST_PRICE,QUALIFIED_SUPPLIERS,2026-04-03,2026-04-11,5072513.07,AWARDED
T00290,ocds-synthetic-00290,D13,D13,Tourism Infrastructure Division,IT_SERVICES,NETWORK_INFRASTRUCTURE,ITEM-IT_S-584,KA-CENTRAL,OPEN,LOWEST_PRICE,OPEN_ELIGIBILITY,2025-07-14,2025-08-05,5870248.98,AWARDED
T00291,ocds-synthetic-00291,D15,D15,Energy Procurement Division,ROAD_CONSTRUCTION,BITUMINOUS_WORKS,ITEM-ROAD-187,KA-SOUTH,OPEN,LOWEST_PRICE,OPEN_ELIGIBILITY,2024-08-25,2024-09-08,38278979.06,AWARDED
T00292,ocds-synthetic-00292,D08,D08,Municipal Services Division,MEDICAL_SUPPLIES,HOSPITAL_SUPPLIES,ITEM-MEDI-459,KA-CENTRAL,OPEN,LOWEST_PRICE,OPEN_ELIGIBILITY,2026-07-08,2026-08-13,3227339.6,AWARDED
T00293,ocds-synthetic-00293,D06,D06,Water Resources Division,ROAD_CONSTRUCTION,ROAD_RESURFACING,ITEM-ROAD-678,KA-SOUTH,OPEN,LOWEST_PRICE,OPEN_ELIGIBILITY,2026-07-06,2026-08-05,76092760.82,AWARDED
T00294,ocds-synthetic-00294,D09,D09,State Transport Division,IT_SERVICES,IT_HARDWARE,ITEM-IT_S-362,KA-SOUTH,OPEN,QUALITY_AND_COST,OPEN_ELIGIBILITY,2024-09-20,2024-10-03,8278108.12,AWARDED
T00295,ocds-synthetic-00295,D11,D11,Urban Technology Division,WATER_INFRASTRUCTURE,PUMPING_SYSTEMS,ITEM-WATE-282,KA-BENGALURU,OPEN,LOWEST_PRICE,OPEN_ELIGIBILITY,2025-07-23,2025-08-11,12773075.84,AWARDED
T00296,ocds-synthetic-00296,D03,D03,State Health Procurement Division,MEDICAL_SUPPLIES,SURGICAL_CONSUMABLES,ITEM-MEDI-563,KA-CENTRAL,OPEN,LOWEST_PRICE,OPEN_ELIGIBILITY,2024-02-10,2024-03-15,9673333.94,AWARDED
T00297,ocds-synthetic-00297,D19,D19,Forest Infrastructure Division,VEHICLE_SUPPLIES,VEHICLE_PARTS,ITEM-VEHI-923,KA-NORTH,OPEN,LOWEST_PRICE,OPEN_ELIGIBILITY,2025-10-21,2025-12-04,38694168.87,AWARDED
T00298,ocds-synthetic-00298,D14,D14,Agricultural Infrastructure Division,CIVIL_MAINTENANCE,ELECTRICAL_MAINTENANCE,ITEM-CIVI-263,KA-NORTH,OPEN,LOWEST_PRICE,OPEN_ELIGIBILITY,2025-08-22,2025-09-11,3035102.06,AWARDED
T00299,ocds-synthetic-00299,D15,D15,Energy Procurement Division,VEHICLE_SUPPLIES,SPECIAL_PURPOSE_VEHICLES,ITEM-VEHI-177,KA-SOUTH,LIMITED,LOWEST_PRICE,QUALIFIED_SUPPLIERS,2024-05-19,2024-06-10,9383031.77,AWARDED
T00300,ocds-synthetic-00300,D05,D05,Rural Development Division,IT_SERVICES,NETWORK_INFRASTRUCTURE,ITEM-IT_S-412,KA-NORTH,TWO_STAGE,LOWEST_PRICE,QUALIFIED_SUPPLIERS,2024-04-24,2024-05-28,14453848.5,AWARDED
T00301,ocds-synthetic-00301,D10,D10,Medical Services Procurement Division,ELECTRICAL_EQUIPMENT,SWITCHGEAR,ITEM-ELEC-449,KA-CENTRAL,OPEN,LOWEST_PRICE,OPEN_ELIGIBILITY,2025-05-08,2025-06-18,23716608.79,AWARDED
T00302,ocds-synthetic-00302,D07,D07,Power Systems Division,BUILDING_CONSTRUCTION,RENOVATION,ITEM-BUIL-871,KA-NORTH,OPEN,LOWEST_PRICE,OPEN_ELIGIBILITY,2025-03-08,2025-03-29,4935425.1,AWARDED
T00303,ocds-synthetic-00303,D12,D12,Housing Infrastructure Division,WATER_INFRASTRUCTURE,PUMPING_SYSTEMS,ITEM-WATE-261,KA-SOUTH,OPEN,LOWEST_PRICE,OPEN_ELIGIBILITY,2025-04-01,2025-04-21,54002489.62,AWARDED
T00304,ocds-synthetic-00304,D20,D20,Public Health Engineering Division,CIVIL_MAINTENANCE,ELECTRICAL_MAINTENANCE,ITEM-CIVI-312,KA-SOUTH,OPEN,LOWEST_PRICE,OPEN_ELIGIBILITY,2024-02-14,2024-03-06,7393245.63,AWARDED
T00305,ocds-synthetic-00305,D09,D09,State Transport Division,VEHICLE_SUPPLIES,SPECIAL_PURPOSE_VEHICLES,ITEM-VEHI-567,KA-SOUTH,OPEN,LOWEST_PRICE,OPEN_ELIGIBILITY,2024-06-12,2024-07-18,7030644.21,AWARDED
T00306,ocds-synthetic-00306,D13,D13,Tourism Infrastructure Division,CIVIL_MAINTENANCE,ELECTRICAL_MAINTENANCE,ITEM-CIVI-235,KA-CENTRAL,LIMITED,LOWEST_PRICE,QUALIFIED_SUPPLIERS,2024-08-09,2024-08-28,6538424.09,AWARDED
T00307,ocds-synthetic-00307,D12,D12,Housing Infrastructure Division,CIVIL_MAINTENANCE,GENERAL_REPAIRS,ITEM-CIVI-163,KA-SOUTH,OPEN,LOWEST_PRICE,OPEN_ELIGIBILITY,2024-07-06,2024-08-01,1315452.76,AWARDED
T00308,ocds-synthetic-00308,D07,D07,Power Systems Division,IT_SERVICES,SOFTWARE_DEVELOPMENT,ITEM-IT_S-628,KA-NORTH,LIMITED,LOWEST_PRICE,QUALIFIED_SUPPLIERS,2025-12-12,2025-12-21,6553634.14,AWARDED
T00309,ocds-synthetic-00309,D04,D04,State Education Procurement Division,IT_SERVICES,SOFTWARE_DEVELOPMENT,ITEM-IT_S-831,KA-NORTH,OPEN,QUALITY_AND_COST,OPEN_ELIGIBILITY,2024-02-13,2024-02-25,17492899.16,AWARDED
T00310,ocds-synthetic-00310,D15,D15,Energy Procurement Division,ELECTRICAL_EQUIPMENT,TRANSFORMERS,ITEM-ELEC-222,KA-SOUTH,OPEN,LOWEST_PRICE,OPEN_ELIGIBILITY,2025-01-04,2025-02-05,8640967.15,AWARDED
T00311,ocds-synthetic-00311,D08,D08,Municipal Services Division,ROAD_CONSTRUCTION,DRAINAGE_WORKS,ITEM-ROAD-628,KA-CENTRAL,OPEN,LOWEST_PRICE,OPEN_ELIGIBILITY,2025-09-04,2025-10-04,10161755.86,AWARDED
T00312,ocds-synthetic-00312,D14,D14,Agricultural Infrastructure Division,IT_SERVICES,NETWORK_INFRASTRUCTURE,ITEM-IT_S-325,KA-NORTH,OPEN,LOWEST_PRICE,OPEN_ELIGIBILITY,2024-05-12,2024-06-21,6953792.26,AWARDED
T00313,ocds-synthetic-00313,D17,D17,Higher Education Procurement Division,MEDICAL_SUPPLIES,HOSPITAL_SUPPLIES,ITEM-MEDI-454,KA-BENGALURU,OPEN,LOWEST_PRICE,OPEN_ELIGIBILITY,2026-07-25,2026-08-08,20177758.64,AWARDED
T00314,ocds-synthetic-00314,D06,D06,Water Resources Division,VEHICLE_SUPPLIES,VEHICLE_PARTS,ITEM-VEHI-689,KA-SOUTH,OPEN,LOWEST_PRICE,OPEN_ELIGIBILITY,2025-06-04,2025-07-15,17473373.82,AWARDED
T00315,ocds-synthetic-00315,D03,D03,State Health Procurement Division,WATER_INFRASTRUCTURE,WATER_TREATMENT,ITEM-WATE-508,KA-CENTRAL,OPEN,LOWEST_PRICE,OPEN_ELIGIBILITY,2026-06-26,2026-08-03,11048319.03,AWARDED
T00316,ocds-synthetic-00316,D17,D17,Higher Education Procurement Division,MEDICAL_SUPPLIES,MEDICAL_DEVICES,ITEM-MEDI-822,KA-BENGALURU,OPEN,LOWEST_PRICE,OPEN_ELIGIBILITY,2026-03-15,2026-04-24,6475147.4,AWARDED
T00317,ocds-synthetic-00317,D07,D07,Power Systems Division,VEHICLE_SUPPLIES,SPECIAL_PURPOSE_VEHICLES,ITEM-VEHI-757,KA-NORTH,TWO_STAGE,LOWEST_PRICE,QUALIFIED_SUPPLIERS,2024-01-12,2024-03-23,8513587.49,AWARDED
T00318,ocds-synthetic-00318,D20,D20,Public Health Engineering Division,CIVIL_MAINTENANCE,ELECTRICAL_MAINTENANCE,ITEM-CIVI-132,KA-SOUTH,OPEN,LOWEST_PRICE,OPEN_ELIGIBILITY,2024-06-20,2024-07-03,5729984.63,AWARDED
T00319,ocds-synthetic-00319,D04,D04,State Education Procurement Division,LAB_EQUIPMENT,SCIENTIFIC_EQUIPMENT,ITEM-LAB_-592,KA-NORTH,LIMITED,QUALITY_AND_COST,QUALIFIED_SUPPLIERS,2026-01-19,2026-01-28,17058060.03,AWARDED
T00320,ocds-synthetic-00320,D15,D15,Energy Procurement Division,MEDICAL_SUPPLIES,SURGICAL_CONSUMABLES,ITEM-MEDI-706,KA-SOUTH,OPEN,LOWEST_PRICE,OPEN_ELIGIBILITY,2024-08-05,2024-08-28,6211635.03,AWARDED
T00321,ocds-synthetic-00321,D02,D02,Urban Infrastructure Division - South,ROAD_CONSTRUCTION,DRAINAGE_WORKS,ITEM-ROAD-126,KA-SOUTH,OPEN,LOWEST_PRICE,OPEN_ELIGIBILITY,2026-05-06,2026-05-27,59620353.23,AWARDED
T00322,ocds-synthetic-00322,D14,D14,Agricultural Infrastructure Division,MEDICAL_SUPPLIES,HOSPITAL_SUPPLIES,ITEM-MEDI-783,KA-NORTH,OPEN,LOWEST_PRICE,OPEN_ELIGIBILITY,2026-06-06,2026-07-20,23762163.32,AWARDED
T00323,ocds-synthetic-00323,D12,D12,Housing Infrastructure Division,IT_SERVICES,NETWORK_INFRASTRUCTURE,ITEM-IT_S-838,KA-SOUTH,OPEN,LOWEST_PRICE,OPEN_ELIGIBILITY,2025-12-22,2026-01-24,1687161.38,AWARDED
T00324,ocds-synthetic-00324,D14,D14,Agricultural Infrastructure Division,ELECTRICAL_EQUIPMENT,SWITCHGEAR,ITEM-ELEC-989,KA-NORTH,LIMITED,LOWEST_PRICE,QUALIFIED_SUPPLIERS,2025-02-20,2025-03-19,14077140.68,AWARDED
T00325,ocds-synthetic-00325,D18,D18,Industrial Development Division,ROAD_CONSTRUCTION,ROAD_WIDENING,ITEM-ROAD-600,KA-CENTRAL,OPEN,LOWEST_PRICE,OPEN_ELIGIBILITY,2025-09-30,2025-10-19,65696424.09,AWARDED
T00326,ocds-synthetic-00326,D02,D02,Urban Infrastructure Division - South,FURNITURE,OFFICE_FURNITURE,ITEM-FURN-765,KA-SOUTH,OPEN,LOWEST_PRICE,OPEN_ELIGIBILITY,2024-11-23,2024-12-20,2223483.61,AWARDED
T00327,ocds-synthetic-00327,D13,D13,Tourism Infrastructure Division,FURNITURE,SCHOOL_FURNITURE,ITEM-FURN-952,KA-CENTRAL,OPEN,LOWEST_PRICE,OPEN_ELIGIBILITY,2025-08-13,2025-09-23,3808280.25,AWARDED
T00328,ocds-synthetic-00328,D07,D07,Power Systems Division,CIVIL_MAINTENANCE,ROAD_MAINTENANCE,ITEM-CIVI-763,KA-NORTH,OPEN,LOWEST_PRICE,OPEN_ELIGIBILITY,2025-12-13,2026-01-15,7048550.08,AWARDED
T00329,ocds-synthetic-00329,D14,D14,Agricultural Infrastructure Division,FURNITURE,SCHOOL_FURNITURE,ITEM-FURN-920,KA-NORTH,OPEN,LOWEST_PRICE,OPEN_ELIGIBILITY,2025-04-27,2025-05-17,7237318.37,AWARDED
T00330,ocds-synthetic-00330,D12,D12,Housing Infrastructure Division,ELECTRICAL_EQUIPMENT,SWITCHGEAR,ITEM-ELEC-323,KA-SOUTH,OPEN,LOWEST_PRICE,OPEN_ELIGIBILITY,2026-01-16,2026-02-13,8039055.22,AWARDED
T00331,ocds-synthetic-00331,D05,D05,Rural Development Division,BUILDING_CONSTRUCTION,RENOVATION,ITEM-BUIL-464,KA-NORTH,OPEN,LOWEST_PRICE,OPEN_ELIGIBILITY,2025-02-19,2025-04-05,3190897.66,AWARDED
T00332,ocds-synthetic-00332,D13,D13,Tourism Infrastructure Division,CIVIL_MAINTENANCE,BUILDING_MAINTENANCE,ITEM-CIVI-227,KA-CENTRAL,LIMITED,LOWEST_PRICE,QUALIFIED_SUPPLIERS,2025-01-13,2025-01-20,6957555.88,AWARDED
T00333,ocds-synthetic-00333,D07,D07,Power Systems Division,ELECTRICAL_EQUIPMENT,TRANSFORMERS,ITEM-ELEC-458,KA-NORTH,OPEN,LOWEST_PRICE,OPEN_ELIGIBILITY,2024-06-23,2024-07-30,1111686.09,AWARDED
T00334,ocds-synthetic-00334,D05,D05,Rural Development Division,CIVIL_MAINTENANCE,GENERAL_REPAIRS,ITEM-CIVI-307,KA-NORTH,LIMITED,LOWEST_PRICE,QUALIFIED_SUPPLIERS,2026-03-28,2026-04-05,3230453.17,AWARDED
T00335,ocds-synthetic-00335,D16,D16,Infrastructure Development Division,IT_SERVICES,SOFTWARE_DEVELOPMENT,ITEM-IT_S-632,KA-CENTRAL,TWO_STAGE,LOWEST_PRICE,QUALIFIED_SUPPLIERS,2025-02-25,2025-04-17,4991403.42,AWARDED
T00336,ocds-synthetic-00336,D03,D03,State Health Procurement Division,BUILDING_CONSTRUCTION,PUBLIC_BUILDING,ITEM-BUIL-510,KA-CENTRAL,OPEN,LOWEST_PRICE,OPEN_ELIGIBILITY,2026-02-21,2026-04-07,30012040.13,AWARDED
T00337,ocds-synthetic-00337,D08,D08,Municipal Services Division,WATER_INFRASTRUCTURE,IRRIGATION_WORKS,ITEM-WATE-553,KA-CENTRAL,OPEN,LOWEST_PRICE,OPEN_ELIGIBILITY,2025-12-08,2025-12-21,25378691.63,AWARDED
T00338,ocds-synthetic-00338,D20,D20,Public Health Engineering Division,ROAD_CONSTRUCTION,ROAD_WIDENING,ITEM-ROAD-277,KA-SOUTH,OPEN,LOWEST_PRICE,OPEN_ELIGIBILITY,2024-02-01,2024-02-22,77029575.62,AWARDED
T00339,ocds-synthetic-00339,D05,D05,Rural Development Division,ROAD_CONSTRUCTION,ROAD_WIDENING,ITEM-ROAD-253,KA-NORTH,LIMITED,LOWEST_PRICE,QUALIFIED_SUPPLIERS,2026-02-06,2026-02-15,24380477.25,AWARDED
T00340,ocds-synthetic-00340,D12,D12,Housing Infrastructure Division,IT_SERVICES,NETWORK_INFRASTRUCTURE,ITEM-IT_S-198,KA-SOUTH,OPEN,QUALITY_AND_COST,OPEN_ELIGIBILITY,2026-06-16,2026-06-30,25266532.86,AWARDED
T00341,ocds-synthetic-00341,D19,D19,Forest Infrastructure Division,CIVIL_MAINTENANCE,ELECTRICAL_MAINTENANCE,ITEM-CIVI-512,KA-NORTH,OPEN,LOWEST_PRICE,OPEN_ELIGIBILITY,2026-02-25,2026-03-12,2877161.93,AWARDED
T00342,ocds-synthetic-00342,D09,D09,State Transport Division,CIVIL_MAINTENANCE,GENERAL_REPAIRS,ITEM-CIVI-416,KA-SOUTH,OPEN,LOWEST_PRICE,OPEN_ELIGIBILITY,2024-07-10,2024-08-16,4701628.91,AWARDED
T00343,ocds-synthetic-00343,D08,D08,Municipal Services Division,ELECTRICAL_EQUIPMENT,CABLING,ITEM-ELEC-597,KA-CENTRAL,OPEN,LOWEST_PRICE,OPEN_ELIGIBILITY,2024-03-02,2024-03-16,7895023.04,AWARDED
T00344,ocds-synthetic-00344,D02,D02,Urban Infrastructure Division - South,BUILDING_CONSTRUCTION,CIVIL_BUILDING_WORKS,ITEM-BUIL-814,KA-SOUTH,OPEN,LOWEST_PRICE,OPEN_ELIGIBILITY,2026-05-15,2026-05-31,10882096.73,AWARDED
T00345,ocds-synthetic-00345,D13,D13,Tourism Infrastructure Division,BUILDING_CONSTRUCTION,CIVIL_BUILDING_WORKS,ITEM-BUIL-410,KA-CENTRAL,OPEN,LOWEST_PRICE,OPEN_ELIGIBILITY,2026-05-20,2026-06-02,130382035.28,AWARDED
T00346,ocds-synthetic-00346,D14,D14,Agricultural Infrastructure Division,CIVIL_MAINTENANCE,GENERAL_REPAIRS,ITEM-CIVI-775,KA-NORTH,LIMITED,LOWEST_PRICE,QUALIFIED_SUPPLIERS,2025-04-23,2025-05-09,13600656.28,AWARDED
T00347,ocds-synthetic-00347,D13,D13,Tourism Infrastructure Division,CIVIL_MAINTENANCE,ELECTRICAL_MAINTENANCE,ITEM-CIVI-375,KA-CENTRAL,OPEN,LOWEST_PRICE,OPEN_ELIGIBILITY,2025-10-19,2025-11-07,6113297.34,AWARDED
T00348,ocds-synthetic-00348,D10,D10,Medical Services Procurement Division,FURNITURE,SCHOOL_FURNITURE,ITEM-FURN-543,KA-CENTRAL,OPEN,LOWEST_PRICE,OPEN_ELIGIBILITY,2025-04-28,2025-06-02,2115311.61,AWARDED
T00349,ocds-synthetic-00349,D16,D16,Infrastructure Development Division,WATER_INFRASTRUCTURE,WATER_TREATMENT,ITEM-WATE-302,KA-CENTRAL,OPEN,LOWEST_PRICE,OPEN_ELIGIBILITY,2024-08-22,2024-10-05,15814442.25,AWARDED
T00350,ocds-synthetic-00350,D12,D12,Housing Infrastructure Division,ROAD_CONSTRUCTION,DRAINAGE_WORKS,ITEM-ROAD-275,KA-SOUTH,OPEN,LOWEST_PRICE,OPEN_ELIGIBILITY,2024-06-11,2024-07-01,39710137.42,AWARDED
T00351,ocds-synthetic-00351,D14,D14,Agricultural Infrastructure Division,VEHICLE_SUPPLIES,SPECIAL_PURPOSE_VEHICLES,ITEM-VEHI-310,KA-NORTH,OPEN,LOWEST_PRICE,OPEN_ELIGIBILITY,2025-05-02,2025-06-06,3585235.72,AWARDED
T00352,ocds-synthetic-00352,D12,D12,Housing Infrastructure Division,WATER_INFRASTRUCTURE,IRRIGATION_WORKS,ITEM-WATE-716,KA-SOUTH,OPEN,LOWEST_PRICE,OPEN_ELIGIBILITY,2024-05-27,2024-06-14,5382729.36,AWARDED
T00353,ocds-synthetic-00353,D13,D13,Tourism Infrastructure Division,WATER_INFRASTRUCTURE,WATER_TREATMENT,ITEM-WATE-576,KA-CENTRAL,OPEN,LOWEST_PRICE,OPEN_ELIGIBILITY,2025-07-12,2025-08-18,30725713.59,AWARDED
T00354,ocds-synthetic-00354,D11,D11,Urban Technology Division,ROAD_CONSTRUCTION,BITUMINOUS_WORKS,ITEM-ROAD-243,KA-BENGALURU,OPEN,LOWEST_PRICE,OPEN_ELIGIBILITY,2026-01-28,2026-03-03,18072635.82,AWARDED
T00355,ocds-synthetic-00355,D01,D01,State Works Division - North,WATER_INFRASTRUCTURE,WATER_TREATMENT,ITEM-WATE-924,KA-NORTH,TWO_STAGE,LOWEST_PRICE,QUALIFIED_SUPPLIERS,2025-02-12,2025-04-21,33317455.33,AWARDED
T00356,ocds-synthetic-00356,D01,D01,State Works Division - North,CIVIL_MAINTENANCE,ELECTRICAL_MAINTENANCE,ITEM-CIVI-933,KA-NORTH,OPEN,LOWEST_PRICE,OPEN_ELIGIBILITY,2025-03-15,2025-04-22,1540760.27,AWARDED
T00357,ocds-synthetic-00357,D12,D12,Housing Infrastructure Division,IT_SERVICES,CLOUD_SERVICES,ITEM-IT_S-853,KA-SOUTH,OPEN,QUALITY_AND_COST,OPEN_ELIGIBILITY,2026-05-11,2026-05-28,57915827.16,AWARDED
T00358,ocds-synthetic-00358,D02,D02,Urban Infrastructure Division - South,ROAD_CONSTRUCTION,BITUMINOUS_WORKS,ITEM-ROAD-183,KA-SOUTH,OPEN,LOWEST_PRICE,OPEN_ELIGIBILITY,2026-05-14,2026-06-17,38392657.86,AWARDED
T00359,ocds-synthetic-00359,D04,D04,State Education Procurement Division,IT_SERVICES,NETWORK_INFRASTRUCTURE,ITEM-IT_S-990,KA-NORTH,OPEN,LOWEST_PRICE,OPEN_ELIGIBILITY,2024-02-03,2024-02-26,18257014.39,AWARDED
T00360,ocds-synthetic-00360,D04,D04,State Education Procurement Division,WATER_INFRASTRUCTURE,WATER_TREATMENT,ITEM-WATE-523,KA-NORTH,OPEN,LOWEST_PRICE,OPEN_ELIGIBILITY,2026-07-03,2026-08-14,10440025.62,AWARDED
T00361,ocds-synthetic-00361,D18,D18,Industrial Development Division,MEDICAL_SUPPLIES,SURGICAL_CONSUMABLES,ITEM-MEDI-677,KA-CENTRAL,OPEN,LOWEST_PRICE,OPEN_ELIGIBILITY,2024-04-12,2024-05-11,6790872.34,AWARDED
T00362,ocds-synthetic-00362,D05,D05,Rural Development Division,WATER_INFRASTRUCTURE,IRRIGATION_WORKS,ITEM-WATE-807,KA-NORTH,OPEN,LOWEST_PRICE,OPEN_ELIGIBILITY,2026-07-31,2026-08-31,267301475.07,AWARDED
T00363,ocds-synthetic-00363,D04,D04,State Education Procurement Division,ROAD_CONSTRUCTION,BITUMINOUS_WORKS,ITEM-ROAD-521,KA-NORTH,OPEN,LOWEST_PRICE,OPEN_ELIGIBILITY,2025-02-17,2025-03-10,84298464.66,AWARDED
T00364,ocds-synthetic-00364,D18,D18,Industrial Development Division,FURNITURE,OFFICE_FURNITURE,ITEM-FURN-507,KA-CENTRAL,OPEN,LOWEST_PRICE,OPEN_ELIGIBILITY,2024-03-22,2024-04-22,3208739.23,AWARDED
T00365,ocds-synthetic-00365,D13,D13,Tourism Infrastructure Division,ELECTRICAL_EQUIPMENT,SWITCHGEAR,ITEM-ELEC-942,KA-CENTRAL,OPEN,LOWEST_PRICE,OPEN_ELIGIBILITY,2024-05-31,2024-07-12,22569624.94,AWARDED
T00366,ocds-synthetic-00366,D10,D10,Medical Services Procurement Division,ROAD_CONSTRUCTION,ROAD_RESURFACING,ITEM-ROAD-303,KA-CENTRAL,TWO_STAGE,LOWEST_PRICE,QUALIFIED_SUPPLIERS,2025-09-05,2025-10-17,13210169.62,AWARDED
T00367,ocds-synthetic-00367,D20,D20,Public Health Engineering Division,ELECTRICAL_EQUIPMENT,SWITCHGEAR,ITEM-ELEC-896,KA-SOUTH,OPEN,LOWEST_PRICE,OPEN_ELIGIBILITY,2025-06-21,2025-07-18,6499078.27,AWARDED
T00368,ocds-synthetic-00368,D07,D07,Power Systems Division,ROAD_CONSTRUCTION,DRAINAGE_WORKS,ITEM-ROAD-168,KA-NORTH,OPEN,LOWEST_PRICE,OPEN_ELIGIBILITY,2024-06-27,2024-07-28,40070843.59,AWARDED
T00369,ocds-synthetic-00369,D11,D11,Urban Technology Division,MEDICAL_SUPPLIES,HOSPITAL_SUPPLIES,ITEM-MEDI-369,KA-BENGALURU,OPEN,LOWEST_PRICE,OPEN_ELIGIBILITY,2025-06-23,2025-07-13,10536337.69,AWARDED
T00370,ocds-synthetic-00370,D18,D18,Industrial Development Division,ROAD_CONSTRUCTION,ROAD_MAINTENANCE,ITEM-ROAD-222,KA-CENTRAL,OPEN,LOWEST_PRICE,OPEN_ELIGIBILITY,2026-04-28,2026-05-23,92383863.91,AWARDED
T00371,ocds-synthetic-00371,D19,D19,Forest Infrastructure Division,FURNITURE,SCHOOL_FURNITURE,ITEM-FURN-718,KA-NORTH,OPEN,LOWEST_PRICE,OPEN_ELIGIBILITY,2025-06-26,2025-07-17,2940451.5,AWARDED
T00372,ocds-synthetic-00372,D15,D15,Energy Procurement Division,CIVIL_MAINTENANCE,ELECTRICAL_MAINTENANCE,ITEM-CIVI-287,KA-SOUTH,OPEN,LOWEST_PRICE,OPEN_ELIGIBILITY,2024-08-23,2024-09-28,15696376.26,AWARDED
T00373,ocds-synthetic-00373,D13,D13,Tourism Infrastructure Division,IT_SERVICES,SOFTWARE_DEVELOPMENT,ITEM-IT_S-413,KA-CENTRAL,OPEN,QUALITY_AND_COST,OPEN_ELIGIBILITY,2025-12-08,2026-01-02,15884831.59,AWARDED
T00374,ocds-synthetic-00374,D20,D20,Public Health Engineering Division,LAB_EQUIPMENT,SCIENTIFIC_EQUIPMENT,ITEM-LAB_-620,KA-SOUTH,LIMITED,LOWEST_PRICE,QUALIFIED_SUPPLIERS,2024-07-01,2024-07-23,4462049.45,AWARDED
T00375,ocds-synthetic-00375,D16,D16,Infrastructure Development Division,WATER_INFRASTRUCTURE,WATER_TREATMENT,ITEM-WATE-509,KA-CENTRAL,OPEN,LOWEST_PRICE,OPEN_ELIGIBILITY,2025-01-24,2025-03-10,46537917.96,AWARDED
T00376,ocds-synthetic-00376,D11,D11,Urban Technology Division,FURNITURE,SCHOOL_FURNITURE,ITEM-FURN-536,KA-BENGALURU,OPEN,LOWEST_PRICE,OPEN_ELIGIBILITY,2026-02-12,2026-03-20,1400381.22,AWARDED
T00377,ocds-synthetic-00377,D01,D01,State Works Division - North,WATER_INFRASTRUCTURE,PIPELINE_WORKS,ITEM-WATE-254,KA-NORTH,OPEN,LOWEST_PRICE,OPEN_ELIGIBILITY,2026-02-08,2026-02-20,60084078.87,AWARDED
T00378,ocds-synthetic-00378,D08,D08,Municipal Services Division,ROAD_CONSTRUCTION,ROAD_WIDENING,ITEM-ROAD-612,KA-CENTRAL,OPEN,LOWEST_PRICE,OPEN_ELIGIBILITY,2025-10-30,2025-12-11,16361866.22,AWARDED
T00379,ocds-synthetic-00379,D17,D17,Higher Education Procurement Division,VEHICLE_SUPPLIES,FLEET_MAINTENANCE,ITEM-VEHI-540,KA-BENGALURU,OPEN,LOWEST_PRICE,OPEN_ELIGIBILITY,2026-01-21,2026-03-03,8505907.96,AWARDED
T00380,ocds-synthetic-00380,D10,D10,Medical Services Procurement Division,ROAD_CONSTRUCTION,ROAD_RESURFACING,ITEM-ROAD-665,KA-CENTRAL,OPEN,LOWEST_PRICE,OPEN_ELIGIBILITY,2026-03-23,2026-05-02,47637357.02,AWARDED
T00381,ocds-synthetic-00381,D13,D13,Tourism Infrastructure Division,FURNITURE,HOSPITAL_FURNITURE,ITEM-FURN-891,KA-CENTRAL,OPEN,LOWEST_PRICE,OPEN_ELIGIBILITY,2026-03-17,2026-04-17,1940525.77,AWARDED
T00382,ocds-synthetic-00382,D13,D13,Tourism Infrastructure Division,ELECTRICAL_EQUIPMENT,CONTROL_EQUIPMENT,ITEM-ELEC-279,KA-CENTRAL,OPEN,LOWEST_PRICE,OPEN_ELIGIBILITY,2026-04-28,2026-05-31,16305161.5,AWARDED
T00383,ocds-synthetic-00383,D20,D20,Public Health Engineering Division,IT_SERVICES,CLOUD_SERVICES,ITEM-IT_S-205,KA-SOUTH,OPEN,LOWEST_PRICE,OPEN_ELIGIBILITY,2024-03-17,2024-04-21,18682593.68,AWARDED
T00384,ocds-synthetic-00384,D09,D09,State Transport Division,CIVIL_MAINTENANCE,BUILDING_MAINTENANCE,ITEM-CIVI-151,KA-SOUTH,OPEN,LOWEST_PRICE,OPEN_ELIGIBILITY,2024-12-07,2024-12-30,4343766.22,AWARDED
T00385,ocds-synthetic-00385,D04,D04,State Education Procurement Division,BUILDING_CONSTRUCTION,CIVIL_BUILDING_WORKS,ITEM-BUIL-116,KA-NORTH,OPEN,LOWEST_PRICE,OPEN_ELIGIBILITY,2026-05-30,2026-06-19,141995638.63,AWARDED
T00386,ocds-synthetic-00386,D10,D10,Medical Services Procurement Division,IT_SERVICES,CLOUD_SERVICES,ITEM-IT_S-558,KA-CENTRAL,TWO_STAGE,QUALITY_AND_COST,QUALIFIED_SUPPLIERS,2024-07-04,2024-09-09,11550375.86,AWARDED
T00387,ocds-synthetic-00387,D05,D05,Rural Development Division,LAB_EQUIPMENT,SCIENTIFIC_EQUIPMENT,ITEM-LAB_-172,KA-NORTH,OPEN,LOWEST_PRICE,OPEN_ELIGIBILITY,2026-01-25,2026-02-21,2190009.04,AWARDED
T00388,ocds-synthetic-00388,D07,D07,Power Systems Division,ELECTRICAL_EQUIPMENT,SWITCHGEAR,ITEM-ELEC-538,KA-NORTH,TWO_STAGE,LOWEST_PRICE,QUALIFIED_SUPPLIERS,2026-06-18,2026-08-27,7836245.18,AWARDED
T00389,ocds-synthetic-00389,D15,D15,Energy Procurement Division,ROAD_CONSTRUCTION,BITUMINOUS_WORKS,ITEM-ROAD-922,KA-SOUTH,OPEN,LOWEST_PRICE,OPEN_ELIGIBILITY,2026-02-07,2026-02-24,9326477.67,AWARDED
T00390,ocds-synthetic-00390,D14,D14,Agricultural Infrastructure Division,IT_SERVICES,IT_HARDWARE,ITEM-IT_S-218,KA-NORTH,TWO_STAGE,QUALITY_AND_COST,QUALIFIED_SUPPLIERS,2024-12-21,2025-01-26,12696482.39,AWARDED
T00391,ocds-synthetic-00391,D08,D08,Municipal Services Division,MEDICAL_SUPPLIES,DIAGNOSTIC_EQUIPMENT,ITEM-MEDI-699,KA-CENTRAL,TWO_STAGE,LOWEST_PRICE,QUALIFIED_SUPPLIERS,2025-11-23,2025-12-28,5447497.57,AWARDED
T00392,ocds-synthetic-00392,D03,D03,State Health Procurement Division,MEDICAL_SUPPLIES,SURGICAL_CONSUMABLES,ITEM-MEDI-482,KA-CENTRAL,LIMITED,LOWEST_PRICE,QUALIFIED_SUPPLIERS,2024-04-11,2024-04-18,20402459.5,AWARDED
T00393,ocds-synthetic-00393,D19,D19,Forest Infrastructure Division,ROAD_CONSTRUCTION,ROAD_WIDENING,ITEM-ROAD-566,KA-NORTH,LIMITED,LOWEST_PRICE,QUALIFIED_SUPPLIERS,2026-02-03,2026-02-21,58063984.37,AWARDED
T00394,ocds-synthetic-00394,D05,D05,Rural Development Division,FURNITURE,SCHOOL_FURNITURE,ITEM-FURN-665,KA-NORTH,OPEN,LOWEST_PRICE,OPEN_ELIGIBILITY,2025-03-05,2025-04-06,6131798.9,AWARDED
T00395,ocds-synthetic-00395,D04,D04,State Education Procurement Division,WATER_INFRASTRUCTURE,WATER_TREATMENT,ITEM-WATE-302,KA-NORTH,OPEN,LOWEST_PRICE,OPEN_ELIGIBILITY,2025-02-05,2025-03-18,24622711.39,AWARDED
T00396,ocds-synthetic-00396,D01,D01,State Works Division - North,WATER_INFRASTRUCTURE,IRRIGATION_WORKS,ITEM-WATE-749,KA-NORTH,OPEN,LOWEST_PRICE,OPEN_ELIGIBILITY,2025-12-18,2026-01-24,1546366.76,AWARDED
T00397,ocds-synthetic-00397,D20,D20,Public Health Engineering Division,BUILDING_CONSTRUCTION,CIVIL_BUILDING_WORKS,ITEM-BUIL-899,KA-SOUTH,OPEN,LOWEST_PRICE,OPEN_ELIGIBILITY,2026-05-07,2026-05-20,31315580.22,AWARDED
T00398,ocds-synthetic-00398,D01,D01,State Works Division - North,WATER_INFRASTRUCTURE,IRRIGATION_WORKS,ITEM-WATE-857,KA-NORTH,LIMITED,LOWEST_PRICE,QUALIFIED_SUPPLIERS,2024-03-24,2024-04-09,26134041.54,AWARDED
T00399,ocds-synthetic-00399,D14,D14,Agricultural Infrastructure Division,CIVIL_MAINTENANCE,BUILDING_MAINTENANCE,ITEM-CIVI-448,KA-NORTH,OPEN,LOWEST_PRICE,OPEN_ELIGIBILITY,2024-05-17,2024-06-10,4938023.12,AWARDED
T00400,ocds-synthetic-00400,D10,D10,Medical Services Procurement Division,CIVIL_MAINTENANCE,BUILDING_MAINTENANCE,ITEM-CIVI-889,KA-CENTRAL,TWO_STAGE,LOWEST_PRICE,QUALIFIED_SUPPLIERS,2025-03-12,2025-05-22,2109367.72,AWARDED
T00401,ocds-synthetic-00401,D06,D06,Water Resources Division,MEDICAL_SUPPLIES,DIAGNOSTIC_EQUIPMENT,ITEM-MEDI-409,KA-SOUTH,LIMITED,LOWEST_PRICE,QUALIFIED_SUPPLIERS,2024-07-11,2024-07-23,7932276.87,AWARDED
T00402,ocds-synthetic-00402,D11,D11,Urban Technology Division,WATER_INFRASTRUCTURE,PUMPING_SYSTEMS,ITEM-WATE-381,KA-BENGALURU,OPEN,LOWEST_PRICE,OPEN_ELIGIBILITY,2025-01-22,2025-03-04,4117730.99,AWARDED
T00403,ocds-synthetic-00403,D12,D12,Housing Infrastructure Division,ROAD_CONSTRUCTION,ROAD_WIDENING,ITEM-ROAD-594,KA-SOUTH,OPEN,LOWEST_PRICE,OPEN_ELIGIBILITY,2024-11-03,2024-12-03,16756090.03,AWARDED
T00404,ocds-synthetic-00404,D16,D16,Infrastructure Development Division,IT_SERVICES,SOFTWARE_DEVELOPMENT,ITEM-IT_S-122,KA-CENTRAL,TWO_STAGE,LOWEST_PRICE,QUALIFIED_SUPPLIERS,2025-07-04,2025-09-17,15303312.8,AWARDED
T00405,ocds-synthetic-00405,D12,D12,Housing Infrastructure Division,LAB_EQUIPMENT,SCIENTIFIC_EQUIPMENT,ITEM-LAB_-655,KA-SOUTH,OPEN,QUALITY_AND_COST,OPEN_ELIGIBILITY,2024-05-22,2024-06-04,4783950.13,AWARDED
T00406,ocds-synthetic-00406,D05,D05,Rural Development Division,VEHICLE_SUPPLIES,VEHICLE_PARTS,ITEM-VEHI-334,KA-NORTH,OPEN,LOWEST_PRICE,OPEN_ELIGIBILITY,2025-08-02,2025-09-06,4532743.81,AWARDED
T00407,ocds-synthetic-00407,D20,D20,Public Health Engineering Division,LAB_EQUIPMENT,SCIENTIFIC_EQUIPMENT,ITEM-LAB_-695,KA-SOUTH,OPEN,LOWEST_PRICE,OPEN_ELIGIBILITY,2024-12-11,2025-01-04,3606101.73,AWARDED
T00408,ocds-synthetic-00408,D08,D08,Municipal Services Division,MEDICAL_SUPPLIES,HOSPITAL_SUPPLIES,ITEM-MEDI-554,KA-CENTRAL,OPEN,LOWEST_PRICE,OPEN_ELIGIBILITY,2025-09-29,2025-10-26,11450376.12,AWARDED
T00409,ocds-synthetic-00409,D05,D05,Rural Development Division,ELECTRICAL_EQUIPMENT,CABLING,ITEM-ELEC-627,KA-NORTH,OPEN,LOWEST_PRICE,OPEN_ELIGIBILITY,2024-10-07,2024-11-08,20823114.43,AWARDED
T00410,ocds-synthetic-00410,D11,D11,Urban Technology Division,CIVIL_MAINTENANCE,ELECTRICAL_MAINTENANCE,ITEM-CIVI-690,KA-BENGALURU,OPEN,LOWEST_PRICE,OPEN_ELIGIBILITY,2024-09-11,2024-10-03,12230162.08,AWARDED
T00411,ocds-synthetic-00411,D06,D06,Water Resources Division,CIVIL_MAINTENANCE,ELECTRICAL_MAINTENANCE,ITEM-CIVI-556,KA-SOUTH,LIMITED,LOWEST_PRICE,QUALIFIED_SUPPLIERS,2025-02-03,2025-02-28,55392538.22,AWARDED
T00412,ocds-synthetic-00412,D17,D17,Higher Education Procurement Division,VEHICLE_SUPPLIES,VEHICLE_PARTS,ITEM-VEHI-337,KA-BENGALURU,OPEN,LOWEST_PRICE,OPEN_ELIGIBILITY,2024-03-05,2024-03-27,2412249.08,AWARDED
T00413,ocds-synthetic-00413,D08,D08,Municipal Services Division,ELECTRICAL_EQUIPMENT,CABLING,ITEM-ELEC-287,KA-CENTRAL,TWO_STAGE,LOWEST_PRICE,QUALIFIED_SUPPLIERS,2025-03-06,2025-04-20,16381009.19,AWARDED
T00414,ocds-synthetic-00414,D11,D11,Urban Technology Division,FURNITURE,HOSPITAL_FURNITURE,ITEM-FURN-292,KA-BENGALURU,OPEN,LOWEST_PRICE,OPEN_ELIGIBILITY,2025-07-31,2025-08-31,3976480.31,AWARDED
T00415,ocds-synthetic-00415,D20,D20,Public Health Engineering Division,WATER_INFRASTRUCTURE,PUMPING_SYSTEMS,ITEM-WATE-411,KA-SOUTH,OPEN,LOWEST_PRICE,OPEN_ELIGIBILITY,2025-10-15,2025-11-02,17777007.34,AWARDED
T00416,ocds-synthetic-00416,D05,D05,Rural Development Division,WATER_INFRASTRUCTURE,WATER_TREATMENT,ITEM-WATE-643,KA-NORTH,OPEN,LOWEST_PRICE,OPEN_ELIGIBILITY,2024-07-30,2024-08-21,17356215.55,AWARDED
T00417,ocds-synthetic-00417,D10,D10,Medical Services Procurement Division,IT_SERVICES,IT_HARDWARE,ITEM-IT_S-968,KA-CENTRAL,OPEN,QUALITY_AND_COST,OPEN_ELIGIBILITY,2025-12-31,2026-02-02,3865908.58,AWARDED
T00418,ocds-synthetic-00418,D11,D11,Urban Technology Division,ELECTRICAL_EQUIPMENT,CONTROL_EQUIPMENT,ITEM-ELEC-434,KA-BENGALURU,OPEN,LOWEST_PRICE,OPEN_ELIGIBILITY,2025-01-22,2025-02-04,34410581.78,AWARDED
T00419,ocds-synthetic-00419,D05,D05,Rural Development Division,BUILDING_CONSTRUCTION,PUBLIC_BUILDING,ITEM-BUIL-467,KA-NORTH,LIMITED,LOWEST_PRICE,QUALIFIED_SUPPLIERS,2025-07-30,2025-08-10,8621000.12,AWARDED
T00420,ocds-synthetic-00420,D12,D12,Housing Infrastructure Division,VEHICLE_SUPPLIES,VEHICLE_PARTS,ITEM-VEHI-277,KA-SOUTH,LIMITED,LOWEST_PRICE,QUALIFIED_SUPPLIERS,2025-01-13,2025-01-26,10757960.54,AWARDED
T00421,ocds-synthetic-00421,D01,D01,State Works Division - North,MEDICAL_SUPPLIES,SURGICAL_CONSUMABLES,ITEM-MEDI-817,KA-NORTH,OPEN,LOWEST_PRICE,OPEN_ELIGIBILITY,2024-11-17,2024-12-29,10219134.13,AWARDED
T00422,ocds-synthetic-00422,D02,D02,Urban Infrastructure Division - South,CIVIL_MAINTENANCE,ELECTRICAL_MAINTENANCE,ITEM-CIVI-733,KA-SOUTH,LIMITED,LOWEST_PRICE,QUALIFIED_SUPPLIERS,2026-04-22,2026-05-05,11199822.11,AWARDED
T00423,ocds-synthetic-00423,D07,D07,Power Systems Division,FURNITURE,HOSPITAL_FURNITURE,ITEM-FURN-382,KA-NORTH,LIMITED,LOWEST_PRICE,QUALIFIED_SUPPLIERS,2024-09-21,2024-10-06,2076553.55,AWARDED
T00424,ocds-synthetic-00424,D04,D04,State Education Procurement Division,CIVIL_MAINTENANCE,GENERAL_REPAIRS,ITEM-CIVI-577,KA-NORTH,OPEN,LOWEST_PRICE,OPEN_ELIGIBILITY,2026-04-09,2026-05-19,7598236.05,AWARDED
T00425,ocds-synthetic-00425,D15,D15,Energy Procurement Division,ROAD_CONSTRUCTION,BITUMINOUS_WORKS,ITEM-ROAD-824,KA-SOUTH,OPEN,LOWEST_PRICE,OPEN_ELIGIBILITY,2026-08-19,2026-08-31,65607907.79,AWARDED
T00426,ocds-synthetic-00426,D08,D08,Municipal Services Division,WATER_INFRASTRUCTURE,IRRIGATION_WORKS,ITEM-WATE-953,KA-CENTRAL,OPEN,LOWEST_PRICE,OPEN_ELIGIBILITY,2024-08-16,2024-09-09,19049615.76,AWARDED
T00427,ocds-synthetic-00427,D14,D14,Agricultural Infrastructure Division,FURNITURE,OFFICE_FURNITURE,ITEM-FURN-932,KA-NORTH,OPEN,LOWEST_PRICE,OPEN_ELIGIBILITY,2025-08-07,2025-09-17,1382027.08,AWARDED
T00428,ocds-synthetic-00428,D06,D06,Water Resources Division,BUILDING_CONSTRUCTION,PUBLIC_BUILDING,ITEM-BUIL-319,KA-SOUTH,OPEN,LOWEST_PRICE,OPEN_ELIGIBILITY,2025-09-27,2025-11-05,44559922.89,AWARDED
T00429,ocds-synthetic-00429,D06,D06,Water Resources Division,LAB_EQUIPMENT,CALIBRATION_EQUIPMENT,ITEM-LAB_-187,KA-SOUTH,OPEN,QUALITY_AND_COST,OPEN_ELIGIBILITY,2025-10-14,2025-10-27,1899262.27,AWARDED
T00430,ocds-synthetic-00430,D09,D09,State Transport Division,CIVIL_MAINTENANCE,ROAD_MAINTENANCE,ITEM-CIVI-132,KA-SOUTH,OPEN,LOWEST_PRICE,OPEN_ELIGIBILITY,2026-04-18,2026-05-03,15957777.31,AWARDED
T00431,ocds-synthetic-00431,D15,D15,Energy Procurement Division,WATER_INFRASTRUCTURE,WATER_TREATMENT,ITEM-WATE-253,KA-SOUTH,OPEN,LOWEST_PRICE,OPEN_ELIGIBILITY,2024-04-08,2024-05-13,118017967.94,AWARDED
T00432,ocds-synthetic-00432,D15,D15,Energy Procurement Division,IT_SERVICES,SOFTWARE_DEVELOPMENT,ITEM-IT_S-676,KA-SOUTH,TWO_STAGE,LOWEST_PRICE,QUALIFIED_SUPPLIERS,2025-01-27,2025-03-14,7605023.48,AWARDED
T00433,ocds-synthetic-00433,D14,D14,Agricultural Infrastructure Division,BUILDING_CONSTRUCTION,RENOVATION,ITEM-BUIL-866,KA-NORTH,LIMITED,LOWEST_PRICE,QUALIFIED_SUPPLIERS,2025-06-01,2025-07-01,61761841.27,AWARDED
T00434,ocds-synthetic-00434,D07,D07,Power Systems Division,CIVIL_MAINTENANCE,BUILDING_MAINTENANCE,ITEM-CIVI-192,KA-NORTH,OPEN,LOWEST_PRICE,OPEN_ELIGIBILITY,2025-12-04,2026-01-03,15055927.45,AWARDED
T00435,ocds-synthetic-00435,D12,D12,Housing Infrastructure Division,MEDICAL_SUPPLIES,DIAGNOSTIC_EQUIPMENT,ITEM-MEDI-476,KA-SOUTH,OPEN,LOWEST_PRICE,OPEN_ELIGIBILITY,2025-03-22,2025-04-15,3009184.45,AWARDED
T00436,ocds-synthetic-00436,D17,D17,Higher Education Procurement Division,ELECTRICAL_EQUIPMENT,CONTROL_EQUIPMENT,ITEM-ELEC-248,KA-BENGALURU,OPEN,LOWEST_PRICE,OPEN_ELIGIBILITY,2026-08-10,2026-08-31,2823403.08,AWARDED
T00437,ocds-synthetic-00437,D03,D03,State Health Procurement Division,ELECTRICAL_EQUIPMENT,CONTROL_EQUIPMENT,ITEM-ELEC-715,KA-CENTRAL,OPEN,LOWEST_PRICE,OPEN_ELIGIBILITY,2026-03-13,2026-04-06,9749699.28,AWARDED
T00438,ocds-synthetic-00438,D06,D06,Water Resources Division,LAB_EQUIPMENT,LABORATORY_SYSTEMS,ITEM-LAB_-284,KA-SOUTH,OPEN,QUALITY_AND_COST,OPEN_ELIGIBILITY,2025-11-30,2025-12-30,12221443.82,AWARDED
T00439,ocds-synthetic-00439,D20,D20,Public Health Engineering Division,CIVIL_MAINTENANCE,GENERAL_REPAIRS,ITEM-CIVI-304,KA-SOUTH,OPEN,LOWEST_PRICE,OPEN_ELIGIBILITY,2026-04-06,2026-04-26,6734333.33,AWARDED
T00440,ocds-synthetic-00440,D04,D04,State Education Procurement Division,FURNITURE,OFFICE_FURNITURE,ITEM-FURN-674,KA-NORTH,OPEN,LOWEST_PRICE,OPEN_ELIGIBILITY,2024-01-21,2024-02-27,6061683.73,AWARDED
T00441,ocds-synthetic-00441,D18,D18,Industrial Development Division,BUILDING_CONSTRUCTION,CIVIL_BUILDING_WORKS,ITEM-BUIL-454,KA-CENTRAL,OPEN,LOWEST_PRICE,OPEN_ELIGIBILITY,2024-05-04,2024-05-26,212540055.74,AWARDED
T00442,ocds-synthetic-00442,D08,D08,Municipal Services Division,ELECTRICAL_EQUIPMENT,CONTROL_EQUIPMENT,ITEM-ELEC-887,KA-CENTRAL,OPEN,LOWEST_PRICE,OPEN_ELIGIBILITY,2026-05-01,2026-05-13,23006672.95,AWARDED
T00443,ocds-synthetic-00443,D12,D12,Housing Infrastructure Division,CIVIL_MAINTENANCE,GENERAL_REPAIRS,ITEM-CIVI-678,KA-SOUTH,OPEN,LOWEST_PRICE,OPEN_ELIGIBILITY,2025-06-17,2025-07-15,9010308.81,AWARDED
T00444,ocds-synthetic-00444,D04,D04,State Education Procurement Division,ELECTRICAL_EQUIPMENT,CONTROL_EQUIPMENT,ITEM-ELEC-837,KA-NORTH,OPEN,LOWEST_PRICE,OPEN_ELIGIBILITY,2024-12-23,2025-01-27,8231883.77,AWARDED
T00445,ocds-synthetic-00445,D14,D14,Agricultural Infrastructure Division,WATER_INFRASTRUCTURE,PUMPING_SYSTEMS,ITEM-WATE-305,KA-NORTH,OPEN,LOWEST_PRICE,OPEN_ELIGIBILITY,2024-04-26,2024-05-08,85866878.37,AWARDED
T00446,ocds-synthetic-00446,D05,D05,Rural Development Division,BUILDING_CONSTRUCTION,PUBLIC_BUILDING,ITEM-BUIL-759,KA-NORTH,LIMITED,LOWEST_PRICE,QUALIFIED_SUPPLIERS,2024-09-29,2024-10-26,86955738.28,AWARDED
T00447,ocds-synthetic-00447,D20,D20,Public Health Engineering Division,LAB_EQUIPMENT,CALIBRATION_EQUIPMENT,ITEM-LAB_-786,KA-SOUTH,OPEN,LOWEST_PRICE,OPEN_ELIGIBILITY,2025-07-05,2025-07-17,7290944.62,AWARDED
T00448,ocds-synthetic-00448,D02,D02,Urban Infrastructure Division - South,FURNITURE,OFFICE_FURNITURE,ITEM-FURN-799,KA-SOUTH,OPEN,LOWEST_PRICE,OPEN_ELIGIBILITY,2024-02-10,2024-03-26,1268956.23,AWARDED
T00449,ocds-synthetic-00449,D14,D14,Agricultural Infrastructure Division,ELECTRICAL_EQUIPMENT,TRANSFORMERS,ITEM-ELEC-504,KA-NORTH,OPEN,LOWEST_PRICE,OPEN_ELIGIBILITY,2025-07-25,2025-08-21,3377748.38,AWARDED
T00450,ocds-synthetic-00450,D05,D05,Rural Development Division,LAB_EQUIPMENT,CALIBRATION_EQUIPMENT,ITEM-LAB_-608,KA-NORTH,OPEN,QUALITY_AND_COST,OPEN_ELIGIBILITY,2026-04-05,2026-04-23,22432170.28,AWARDED
T00451,ocds-synthetic-00451,D11,D11,Urban Technology Division,BUILDING_CONSTRUCTION,CIVIL_BUILDING_WORKS,ITEM-BUIL-390,KA-BENGALURU,OPEN,LOWEST_PRICE,OPEN_ELIGIBILITY,2025-01-13,2025-02-17,103530159.15,AWARDED
T00452,ocds-synthetic-00452,D12,D12,Housing Infrastructure Division,WATER_INFRASTRUCTURE,WATER_TREATMENT,ITEM-WATE-654,KA-SOUTH,OPEN,LOWEST_PRICE,OPEN_ELIGIBILITY,2025-03-14,2025-04-25,36833940.5,AWARDED
T00453,ocds-synthetic-00453,D04,D04,State Education Procurement Division,CIVIL_MAINTENANCE,ROAD_MAINTENANCE,ITEM-CIVI-136,KA-NORTH,OPEN,LOWEST_PRICE,OPEN_ELIGIBILITY,2026-03-30,2026-04-24,5851290.44,AWARDED
T00454,ocds-synthetic-00454,D14,D14,Agricultural Infrastructure Division,MEDICAL_SUPPLIES,MEDICAL_DEVICES,ITEM-MEDI-330,KA-NORTH,LIMITED,LOWEST_PRICE,QUALIFIED_SUPPLIERS,2024-03-25,2024-04-22,1931816.94,AWARDED
T00455,ocds-synthetic-00455,D16,D16,Infrastructure Development Division,BUILDING_CONSTRUCTION,CIVIL_BUILDING_WORKS,ITEM-BUIL-701,KA-CENTRAL,OPEN,LOWEST_PRICE,OPEN_ELIGIBILITY,2025-10-27,2025-11-26,60487068.44,AWARDED
T00456,ocds-synthetic-00456,D17,D17,Higher Education Procurement Division,LAB_EQUIPMENT,ANALYTICAL_INSTRUMENTS,ITEM-LAB_-462,KA-BENGALURU,OPEN,LOWEST_PRICE,OPEN_ELIGIBILITY,2024-12-15,2025-01-06,12398441.69,AWARDED
T00457,ocds-synthetic-00457,D01,D01,State Works Division - North,MEDICAL_SUPPLIES,MEDICAL_DEVICES,ITEM-MEDI-602,KA-NORTH,OPEN,LOWEST_PRICE,OPEN_ELIGIBILITY,2024-07-22,2024-08-16,6924690.9,AWARDED
T00458,ocds-synthetic-00458,D02,D02,Urban Infrastructure Division - South,IT_SERVICES,CYBERSECURITY,ITEM-IT_S-245,KA-SOUTH,LIMITED,QUALITY_AND_COST,QUALIFIED_SUPPLIERS,2024-12-10,2025-01-01,54992621.57,AWARDED
T00459,ocds-synthetic-00459,D19,D19,Forest Infrastructure Division,BUILDING_CONSTRUCTION,RENOVATION,ITEM-BUIL-646,KA-NORTH,OPEN,LOWEST_PRICE,OPEN_ELIGIBILITY,2026-01-06,2026-02-15,227217360.18,AWARDED
T00460,ocds-synthetic-00460,D08,D08,Municipal Services Division,IT_SERVICES,CYBERSECURITY,ITEM-IT_S-730,KA-CENTRAL,OPEN,LOWEST_PRICE,OPEN_ELIGIBILITY,2024-04-26,2024-06-01,21567210.2,AWARDED
T00461,ocds-synthetic-00461,D02,D02,Urban Infrastructure Division - South,ELECTRICAL_EQUIPMENT,TRANSFORMERS,ITEM-ELEC-189,KA-SOUTH,OPEN,LOWEST_PRICE,OPEN_ELIGIBILITY,2024-10-30,2024-11-15,2119554.67,AWARDED
T00462,ocds-synthetic-00462,D15,D15,Energy Procurement Division,WATER_INFRASTRUCTURE,WATER_TREATMENT,ITEM-WATE-350,KA-SOUTH,TWO_STAGE,LOWEST_PRICE,QUALIFIED_SUPPLIERS,2025-08-11,2025-10-12,7078555.04,AWARDED
T00463,ocds-synthetic-00463,D02,D02,Urban Infrastructure Division - South,FURNITURE,HOSPITAL_FURNITURE,ITEM-FURN-324,KA-SOUTH,OPEN,LOWEST_PRICE,OPEN_ELIGIBILITY,2025-08-09,2025-09-17,1630675.83,AWARDED
T00464,ocds-synthetic-00464,D18,D18,Industrial Development Division,CIVIL_MAINTENANCE,ELECTRICAL_MAINTENANCE,ITEM-CIVI-583,KA-CENTRAL,OPEN,LOWEST_PRICE,OPEN_ELIGIBILITY,2025-03-21,2025-04-04,1198896.23,AWARDED
T00465,ocds-synthetic-00465,D17,D17,Higher Education Procurement Division,WATER_INFRASTRUCTURE,PUMPING_SYSTEMS,ITEM-WATE-648,KA-BENGALURU,OPEN,LOWEST_PRICE,OPEN_ELIGIBILITY,2025-06-30,2025-08-04,3327398.64,AWARDED
T00466,ocds-synthetic-00466,D03,D03,State Health Procurement Division,VEHICLE_SUPPLIES,FLEET_MAINTENANCE,ITEM-VEHI-628,KA-CENTRAL,OPEN,LOWEST_PRICE,OPEN_ELIGIBILITY,2024-01-12,2024-02-11,3130550.88,AWARDED
T00467,ocds-synthetic-00467,D17,D17,Higher Education Procurement Division,FURNITURE,SCHOOL_FURNITURE,ITEM-FURN-331,KA-BENGALURU,OPEN,LOWEST_PRICE,OPEN_ELIGIBILITY,2024-11-24,2024-12-19,1181693.03,AWARDED
T00468,ocds-synthetic-00468,D08,D08,Municipal Services Division,ROAD_CONSTRUCTION,ROAD_RESURFACING,ITEM-ROAD-540,KA-CENTRAL,OPEN,LOWEST_PRICE,OPEN_ELIGIBILITY,2024-10-14,2024-10-30,31205636.64,AWARDED
T00469,ocds-synthetic-00469,D03,D03,State Health Procurement Division,FURNITURE,OFFICE_FURNITURE,ITEM-FURN-445,KA-CENTRAL,LIMITED,LOWEST_PRICE,QUALIFIED_SUPPLIERS,2025-06-14,2025-07-04,3987618.73,AWARDED
T00470,ocds-synthetic-00470,D05,D05,Rural Development Division,ROAD_CONSTRUCTION,ROAD_RESURFACING,ITEM-ROAD-790,KA-NORTH,OPEN,LOWEST_PRICE,OPEN_ELIGIBILITY,2025-03-15,2025-04-21,8135767.58,AWARDED
T00471,ocds-synthetic-00471,D14,D14,Agricultural Infrastructure Division,CIVIL_MAINTENANCE,BUILDING_MAINTENANCE,ITEM-CIVI-541,KA-NORTH,OPEN,LOWEST_PRICE,OPEN_ELIGIBILITY,2024-05-14,2024-06-25,2518930.24,AWARDED
T00472,ocds-synthetic-00472,D05,D05,Rural Development Division,IT_SERVICES,IT_HARDWARE,ITEM-IT_S-771,KA-NORTH,TWO_STAGE,LOWEST_PRICE,QUALIFIED_SUPPLIERS,2026-01-25,2026-04-08,48676444.5,AWARDED
T00473,ocds-synthetic-00473,D20,D20,Public Health Engineering Division,ROAD_CONSTRUCTION,ROAD_MAINTENANCE,ITEM-ROAD-571,KA-SOUTH,OPEN,LOWEST_PRICE,OPEN_ELIGIBILITY,2025-09-22,2025-10-31,8186051.45,AWARDED
T00474,ocds-synthetic-00474,D04,D04,State Education Procurement Division,BUILDING_CONSTRUCTION,PUBLIC_BUILDING,ITEM-BUIL-103,KA-NORTH,LIMITED,LOWEST_PRICE,QUALIFIED_SUPPLIERS,2024-03-22,2024-04-07,96664986.11,AWARDED
T00475,ocds-synthetic-00475,D17,D17,Higher Education Procurement Division,ELECTRICAL_EQUIPMENT,CABLING,ITEM-ELEC-759,KA-BENGALURU,OPEN,LOWEST_PRICE,OPEN_ELIGIBILITY,2025-04-19,2025-05-02,7540300.59,AWARDED
T00476,ocds-synthetic-00476,D13,D13,Tourism Infrastructure Division,BUILDING_CONSTRUCTION,STRUCTURAL_WORKS,ITEM-BUIL-512,KA-CENTRAL,OPEN,LOWEST_PRICE,OPEN_ELIGIBILITY,2024-08-14,2024-09-18,38287367.28,AWARDED
T00477,ocds-synthetic-00477,D03,D03,State Health Procurement Division,WATER_INFRASTRUCTURE,IRRIGATION_WORKS,ITEM-WATE-954,KA-CENTRAL,LIMITED,LOWEST_PRICE,QUALIFIED_SUPPLIERS,2025-05-26,2025-06-16,39589202.46,AWARDED
T00478,ocds-synthetic-00478,D07,D07,Power Systems Division,FURNITURE,OFFICE_FURNITURE,ITEM-FURN-781,KA-NORTH,OPEN,LOWEST_PRICE,OPEN_ELIGIBILITY,2026-01-12,2026-02-02,3502996.55,AWARDED
T00479,ocds-synthetic-00479,D06,D06,Water Resources Division,MEDICAL_SUPPLIES,DIAGNOSTIC_EQUIPMENT,ITEM-MEDI-746,KA-SOUTH,OPEN,LOWEST_PRICE,OPEN_ELIGIBILITY,2025-08-21,2025-09-14,1274279.77,AWARDED
T00480,ocds-synthetic-00480,D18,D18,Industrial Development Division,WATER_INFRASTRUCTURE,PIPELINE_WORKS,ITEM-WATE-974,KA-CENTRAL,OPEN,LOWEST_PRICE,OPEN_ELIGIBILITY,2024-12-09,2025-01-16,7631377.95,AWARDED
T00481,ocds-synthetic-00481,D18,D18,Industrial Development Division,ROAD_CONSTRUCTION,ROAD_WIDENING,ITEM-ROAD-356,KA-CENTRAL,OPEN,LOWEST_PRICE,OPEN_ELIGIBILITY,2024-08-27,2024-09-30,12589094.45,AWARDED
T00482,ocds-synthetic-00482,D16,D16,Infrastructure Development Division,MEDICAL_SUPPLIES,DIAGNOSTIC_EQUIPMENT,ITEM-MEDI-622,KA-CENTRAL,OPEN,LOWEST_PRICE,OPEN_ELIGIBILITY,2024-11-29,2025-01-08,22280651.87,AWARDED
T00483,ocds-synthetic-00483,D20,D20,Public Health Engineering Division,MEDICAL_SUPPLIES,MEDICAL_DEVICES,ITEM-MEDI-711,KA-SOUTH,OPEN,LOWEST_PRICE,OPEN_ELIGIBILITY,2024-10-11,2024-10-27,14086655.21,AWARDED
T00484,ocds-synthetic-00484,D03,D03,State Health Procurement Division,ELECTRICAL_EQUIPMENT,CABLING,ITEM-ELEC-318,KA-CENTRAL,OPEN,LOWEST_PRICE,OPEN_ELIGIBILITY,2024-09-15,2024-10-30,7786070.33,AWARDED
T00485,ocds-synthetic-00485,D16,D16,Infrastructure Development Division,MEDICAL_SUPPLIES,MEDICAL_DEVICES,ITEM-MEDI-899,KA-CENTRAL,OPEN,LOWEST_PRICE,OPEN_ELIGIBILITY,2024-11-01,2024-12-13,9653920.35,AWARDED
T00486,ocds-synthetic-00486,D14,D14,Agricultural Infrastructure Division,IT_SERVICES,NETWORK_INFRASTRUCTURE,ITEM-IT_S-559,KA-NORTH,OPEN,LOWEST_PRICE,OPEN_ELIGIBILITY,2026-07-25,2026-08-15,1407361.02,AWARDED
T00487,ocds-synthetic-00487,D09,D09,State Transport Division,LAB_EQUIPMENT,SCIENTIFIC_EQUIPMENT,ITEM-LAB_-599,KA-SOUTH,OPEN,LOWEST_PRICE,OPEN_ELIGIBILITY,2025-03-05,2025-04-02,4311823.2,AWARDED
T00488,ocds-synthetic-00488,D16,D16,Infrastructure Development Division,BUILDING_CONSTRUCTION,STRUCTURAL_WORKS,ITEM-BUIL-254,KA-CENTRAL,OPEN,LOWEST_PRICE,OPEN_ELIGIBILITY,2024-01-13,2024-01-27,34233979.66,AWARDED
T00489,ocds-synthetic-00489,D07,D07,Power Systems Division,BUILDING_CONSTRUCTION,STRUCTURAL_WORKS,ITEM-BUIL-425,KA-NORTH,OPEN,LOWEST_PRICE,OPEN_ELIGIBILITY,2025-12-20,2026-01-26,8664408.26,AWARDED
T00490,ocds-synthetic-00490,D17,D17,Higher Education Procurement Division,ROAD_CONSTRUCTION,ROAD_WIDENING,ITEM-ROAD-402,KA-BENGALURU,OPEN,LOWEST_PRICE,OPEN_ELIGIBILITY,2025-11-24,2026-01-05,25193379.21,AWARDED
T00491,ocds-synthetic-00491,D20,D20,Public Health Engineering Division,CIVIL_MAINTENANCE,BUILDING_MAINTENANCE,ITEM-CIVI-982,KA-SOUTH,OPEN,LOWEST_PRICE,OPEN_ELIGIBILITY,2025-02-27,2025-04-06,14897711.13,AWARDED
T00492,ocds-synthetic-00492,D01,D01,State Works Division - North,FURNITURE,OFFICE_FURNITURE,ITEM-FURN-315,KA-NORTH,OPEN,LOWEST_PRICE,OPEN_ELIGIBILITY,2026-07-02,2026-08-04,2169150.73,AWARDED
T00493,ocds-synthetic-00493,D13,D13,Tourism Infrastructure Division,WATER_INFRASTRUCTURE,PUMPING_SYSTEMS,ITEM-WATE-340,KA-CENTRAL,OPEN,LOWEST_PRICE,OPEN_ELIGIBILITY,2024-08-07,2024-09-09,23065953.42,AWARDED
T00494,ocds-synthetic-00494,D08,D08,Municipal Services Division,BUILDING_CONSTRUCTION,STRUCTURAL_WORKS,ITEM-BUIL-975,KA-CENTRAL,OPEN,LOWEST_PRICE,OPEN_ELIGIBILITY,2026-04-29,2026-05-13,30244277.68,AWARDED
T00495,ocds-synthetic-00495,D13,D13,Tourism Infrastructure Division,BUILDING_CONSTRUCTION,CIVIL_BUILDING_WORKS,ITEM-BUIL-299,KA-CENTRAL,OPEN,LOWEST_PRICE,OPEN_ELIGIBILITY,2026-04-20,2026-05-23,5151602.19,AWARDED
T00496,ocds-synthetic-00496,D11,D11,Urban Technology Division,MEDICAL_SUPPLIES,MEDICAL_DEVICES,ITEM-MEDI-116,KA-BENGALURU,OPEN,LOWEST_PRICE,OPEN_ELIGIBILITY,2025-09-09,2025-09-24,13923070.12,AWARDED
T00497,ocds-synthetic-00497,D04,D04,State Education Procurement Division,BUILDING_CONSTRUCTION,CIVIL_BUILDING_WORKS,ITEM-BUIL-159,KA-NORTH,OPEN,LOWEST_PRICE,OPEN_ELIGIBILITY,2024-09-29,2024-10-15,6629120.7,AWARDED
T00498,ocds-synthetic-00498,D05,D05,Rural Development Division,ROAD_CONSTRUCTION,ROAD_RESURFACING,ITEM-ROAD-524,KA-NORTH,OPEN,LOWEST_PRICE,OPEN_ELIGIBILITY,2026-04-22,2026-05-05,4865430.6,AWARDED
T00499,ocds-synthetic-00499,D14,D14,Agricultural Infrastructure Division,ELECTRICAL_EQUIPMENT,CONTROL_EQUIPMENT,ITEM-ELEC-154,KA-NORTH,OPEN,LOWEST_PRICE,OPEN_ELIGIBILITY,2024-05-02,2024-06-01,20734917.06,AWARDED
T00500,ocds-synthetic-00500,D02,D02,Urban Infrastructure Division - South,ROAD_CONSTRUCTION,ROAD_MAINTENANCE,ITEM-ROAD-101,KA-SOUTH,OPEN,LOWEST_PRICE,OPEN_ELIGIBILITY,2024-05-07,2024-06-19,53702070.9,AWARDED
T00501,ocds-synthetic-00501,D08,D08,Municipal Services Division,ROAD_CONSTRUCTION,BITUMINOUS_WORKS,ITEM-ROAD-642,KA-CENTRAL,OPEN,LOWEST_PRICE,OPEN_ELIGIBILITY,2024-08-08,2024-08-22,29635285.03,AWARDED
T00502,ocds-synthetic-00502,D17,D17,Higher Education Procurement Division,IT_SERVICES,CLOUD_SERVICES,ITEM-IT_S-948,KA-BENGALURU,OPEN,LOWEST_PRICE,OPEN_ELIGIBILITY,2024-09-08,2024-10-09,11840726.95,AWARDED
T00503,ocds-synthetic-00503,D06,D06,Water Resources Division,BUILDING_CONSTRUCTION,STRUCTURAL_WORKS,ITEM-BUIL-760,KA-SOUTH,TWO_STAGE,LOWEST_PRICE,QUALIFIED_SUPPLIERS,2026-04-05,2026-06-13,12033849.15,AWARDED
T00504,ocds-synthetic-00504,D05,D05,Rural Development Division,IT_SERVICES,CYBERSECURITY,ITEM-IT_S-839,KA-NORTH,LIMITED,QUALITY_AND_COST,QUALIFIED_SUPPLIERS,2026-05-20,2026-06-16,18945310.5,AWARDED
T00505,ocds-synthetic-00505,D18,D18,Industrial Development Division,IT_SERVICES,NETWORK_INFRASTRUCTURE,ITEM-IT_S-413,KA-CENTRAL,OPEN,QUALITY_AND_COST,OPEN_ELIGIBILITY,2025-12-06,2025-12-21,3059636.39,AWARDED
T00506,ocds-synthetic-00506,D15,D15,Energy Procurement Division,VEHICLE_SUPPLIES,VEHICLE_PARTS,ITEM-VEHI-358,KA-SOUTH,OPEN,LOWEST_PRICE,OPEN_ELIGIBILITY,2025-12-15,2025-12-31,5746837.68,AWARDED
T00507,ocds-synthetic-00507,D05,D05,Rural Development Division,IT_SERVICES,SOFTWARE_DEVELOPMENT,ITEM-IT_S-139,KA-NORTH,OPEN,LOWEST_PRICE,OPEN_ELIGIBILITY,2026-08-18,2026-08-31,60318231.39,AWARDED
T00508,ocds-synthetic-00508,D13,D13,Tourism Infrastructure Division,BUILDING_CONSTRUCTION,STRUCTURAL_WORKS,ITEM-BUIL-662,KA-CENTRAL,OPEN,LOWEST_PRICE,OPEN_ELIGIBILITY,2025-02-27,2025-03-22,5817235.95,AWARDED
T00509,ocds-synthetic-00509,D20,D20,Public Health Engineering Division,CIVIL_MAINTENANCE,ELECTRICAL_MAINTENANCE,ITEM-CIVI-707,KA-SOUTH,OPEN,LOWEST_PRICE,OPEN_ELIGIBILITY,2025-03-14,2025-03-30,6072870.27,AWARDED
T00510,ocds-synthetic-00510,D17,D17,Higher Education Procurement Division,CIVIL_MAINTENANCE,BUILDING_MAINTENANCE,ITEM-CIVI-899,KA-BENGALURU,LIMITED,LOWEST_PRICE,QUALIFIED_SUPPLIERS,2024-06-08,2024-07-05,6680124.81,AWARDED
T00511,ocds-synthetic-00511,D10,D10,Medical Services Procurement Division,IT_SERVICES,SOFTWARE_DEVELOPMENT,ITEM-IT_S-429,KA-CENTRAL,OPEN,QUALITY_AND_COST,OPEN_ELIGIBILITY,2025-10-20,2025-11-17,14324838.38,AWARDED
T00512,ocds-synthetic-00512,D04,D04,State Education Procurement Division,BUILDING_CONSTRUCTION,STRUCTURAL_WORKS,ITEM-BUIL-962,KA-NORTH,OPEN,LOWEST_PRICE,OPEN_ELIGIBILITY,2024-11-05,2024-12-16,89340581.94,AWARDED
T00513,ocds-synthetic-00513,D13,D13,Tourism Infrastructure Division,WATER_INFRASTRUCTURE,IRRIGATION_WORKS,ITEM-WATE-202,KA-CENTRAL,LIMITED,LOWEST_PRICE,QUALIFIED_SUPPLIERS,2026-01-10,2026-02-09,54149048.21,AWARDED
T00514,ocds-synthetic-00514,D07,D07,Power Systems Division,CIVIL_MAINTENANCE,BUILDING_MAINTENANCE,ITEM-CIVI-614,KA-NORTH,OPEN,LOWEST_PRICE,OPEN_ELIGIBILITY,2025-07-03,2025-07-22,17331712.49,AWARDED
T00515,ocds-synthetic-00515,D10,D10,Medical Services Procurement Division,ROAD_CONSTRUCTION,DRAINAGE_WORKS,ITEM-ROAD-931,KA-CENTRAL,OPEN,LOWEST_PRICE,OPEN_ELIGIBILITY,2024-04-15,2024-05-06,11062531.78,AWARDED
T00516,ocds-synthetic-00516,D08,D08,Municipal Services Division,ROAD_CONSTRUCTION,ROAD_MAINTENANCE,ITEM-ROAD-797,KA-CENTRAL,LIMITED,LOWEST_PRICE,QUALIFIED_SUPPLIERS,2025-02-21,2025-03-10,38503067.38,AWARDED
T00517,ocds-synthetic-00517,D07,D07,Power Systems Division,WATER_INFRASTRUCTURE,PUMPING_SYSTEMS,ITEM-WATE-609,KA-NORTH,OPEN,LOWEST_PRICE,OPEN_ELIGIBILITY,2025-12-09,2026-01-11,67093206.29,AWARDED
T00518,ocds-synthetic-00518,D15,D15,Energy Procurement Division,WATER_INFRASTRUCTURE,PUMPING_SYSTEMS,ITEM-WATE-801,KA-SOUTH,LIMITED,LOWEST_PRICE,QUALIFIED_SUPPLIERS,2025-12-26,2026-01-02,16813621.88,AWARDED
T00519,ocds-synthetic-00519,D01,D01,State Works Division - North,CIVIL_MAINTENANCE,ROAD_MAINTENANCE,ITEM-CIVI-856,KA-NORTH,OPEN,LOWEST_PRICE,OPEN_ELIGIBILITY,2026-04-13,2026-05-21,2159254.02,AWARDED
T00520,ocds-synthetic-00520,D05,D05,Rural Development Division,BUILDING_CONSTRUCTION,PUBLIC_BUILDING,ITEM-BUIL-550,KA-NORTH,OPEN,LOWEST_PRICE,OPEN_ELIGIBILITY,2026-04-25,2026-05-08,8915583.96,AWARDED
T00521,ocds-synthetic-00521,D04,D04,State Education Procurement Division,IT_SERVICES,NETWORK_INFRASTRUCTURE,ITEM-IT_S-961,KA-NORTH,OPEN,QUALITY_AND_COST,OPEN_ELIGIBILITY,2026-05-05,2026-06-07,7988150.12,AWARDED
T00522,ocds-synthetic-00522,D13,D13,Tourism Infrastructure Division,CIVIL_MAINTENANCE,GENERAL_REPAIRS,ITEM-CIVI-721,KA-CENTRAL,LIMITED,LOWEST_PRICE,QUALIFIED_SUPPLIERS,2024-07-12,2024-07-29,13753510.78,AWARDED
T00523,ocds-synthetic-00523,D13,D13,Tourism Infrastructure Division,CIVIL_MAINTENANCE,ELECTRICAL_MAINTENANCE,ITEM-CIVI-273,KA-CENTRAL,OPEN,LOWEST_PRICE,OPEN_ELIGIBILITY,2024-12-14,2025-01-14,7892487.76,AWARDED
T00524,ocds-synthetic-00524,D02,D02,Urban Infrastructure Division - South,LAB_EQUIPMENT,LABORATORY_SYSTEMS,ITEM-LAB_-600,KA-SOUTH,LIMITED,LOWEST_PRICE,QUALIFIED_SUPPLIERS,2024-09-29,2024-10-18,11134604.7,AWARDED
T00525,ocds-synthetic-00525,D01,D01,State Works Division - North,MEDICAL_SUPPLIES,MEDICAL_DEVICES,ITEM-MEDI-848,KA-NORTH,LIMITED,LOWEST_PRICE,QUALIFIED_SUPPLIERS,2024-05-07,2024-05-14,5802999.54,AWARDED
T00526,ocds-synthetic-00526,D09,D09,State Transport Division,IT_SERVICES,IT_HARDWARE,ITEM-IT_S-520,KA-SOUTH,OPEN,LOWEST_PRICE,OPEN_ELIGIBILITY,2024-10-22,2024-11-28,2587010.74,AWARDED
T00527,ocds-synthetic-00527,D11,D11,Urban Technology Division,FURNITURE,SCHOOL_FURNITURE,ITEM-FURN-804,KA-BENGALURU,TWO_STAGE,LOWEST_PRICE,QUALIFIED_SUPPLIERS,2026-02-06,2026-04-01,864371.67,AWARDED
T00528,ocds-synthetic-00528,D07,D07,Power Systems Division,LAB_EQUIPMENT,LABORATORY_SYSTEMS,ITEM-LAB_-762,KA-NORTH,LIMITED,LOWEST_PRICE,QUALIFIED_SUPPLIERS,2026-05-03,2026-05-20,3064218.98,AWARDED
T00529,ocds-synthetic-00529,D04,D04,State Education Procurement Division,WATER_INFRASTRUCTURE,PUMPING_SYSTEMS,ITEM-WATE-903,KA-NORTH,LIMITED,LOWEST_PRICE,QUALIFIED_SUPPLIERS,2026-03-13,2026-04-08,44552587.63,AWARDED
T00530,ocds-synthetic-00530,D16,D16,Infrastructure Development Division,VEHICLE_SUPPLIES,FLEET_MAINTENANCE,ITEM-VEHI-600,KA-CENTRAL,OPEN,LOWEST_PRICE,OPEN_ELIGIBILITY,2025-06-25,2025-07-25,5903471.11,AWARDED
T00531,ocds-synthetic-00531,D11,D11,Urban Technology Division,MEDICAL_SUPPLIES,MEDICAL_DEVICES,ITEM-MEDI-353,KA-BENGALURU,OPEN,LOWEST_PRICE,OPEN_ELIGIBILITY,2024-05-08,2024-06-21,3613076.05,AWARDED
T00532,ocds-synthetic-00532,D20,D20,Public Health Engineering Division,CIVIL_MAINTENANCE,BUILDING_MAINTENANCE,ITEM-CIVI-612,KA-SOUTH,OPEN,LOWEST_PRICE,OPEN_ELIGIBILITY,2025-02-06,2025-03-03,1122812.25,AWARDED
T00533,ocds-synthetic-00533,D20,D20,Public Health Engineering Division,ROAD_CONSTRUCTION,BITUMINOUS_WORKS,ITEM-ROAD-914,KA-SOUTH,OPEN,LOWEST_PRICE,OPEN_ELIGIBILITY,2025-01-30,2025-02-23,13068891.76,AWARDED
T00534,ocds-synthetic-00534,D01,D01,State Works Division - North,ELECTRICAL_EQUIPMENT,TRANSFORMERS,ITEM-ELEC-419,KA-NORTH,OPEN,LOWEST_PRICE,OPEN_ELIGIBILITY,2024-09-17,2024-09-29,2245434.33,AWARDED
T00535,ocds-synthetic-00535,D09,D09,State Transport Division,ELECTRICAL_EQUIPMENT,TRANSFORMERS,ITEM-ELEC-326,KA-SOUTH,OPEN,LOWEST_PRICE,OPEN_ELIGIBILITY,2024-10-15,2024-10-30,3087581.93,AWARDED
T00536,ocds-synthetic-00536,D18,D18,Industrial Development Division,WATER_INFRASTRUCTURE,PIPELINE_WORKS,ITEM-WATE-523,KA-CENTRAL,OPEN,LOWEST_PRICE,OPEN_ELIGIBILITY,2025-05-18,2025-06-20,24385084.77,AWARDED
T00537,ocds-synthetic-00537,D11,D11,Urban Technology Division,IT_SERVICES,SOFTWARE_DEVELOPMENT,ITEM-IT_S-174,KA-BENGALURU,OPEN,LOWEST_PRICE,OPEN_ELIGIBILITY,2025-09-28,2025-10-28,5665236.7,AWARDED
T00538,ocds-synthetic-00538,D13,D13,Tourism Infrastructure Division,MEDICAL_SUPPLIES,DIAGNOSTIC_EQUIPMENT,ITEM-MEDI-912,KA-CENTRAL,OPEN,LOWEST_PRICE,OPEN_ELIGIBILITY,2024-06-03,2024-06-29,4413488.81,AWARDED
T00539,ocds-synthetic-00539,D06,D06,Water Resources Division,CIVIL_MAINTENANCE,ELECTRICAL_MAINTENANCE,ITEM-CIVI-993,KA-SOUTH,OPEN,LOWEST_PRICE,OPEN_ELIGIBILITY,2026-08-07,2026-08-26,3688452.32,AWARDED
T00540,ocds-synthetic-00540,D01,D01,State Works Division - North,BUILDING_CONSTRUCTION,CIVIL_BUILDING_WORKS,ITEM-BUIL-289,KA-NORTH,OPEN,LOWEST_PRICE,OPEN_ELIGIBILITY,2024-05-24,2024-06-20,154463059.38,AWARDED
T00541,ocds-synthetic-00541,D15,D15,Energy Procurement Division,IT_SERVICES,IT_HARDWARE,ITEM-IT_S-330,KA-SOUTH,OPEN,LOWEST_PRICE,OPEN_ELIGIBILITY,2026-08-13,2026-08-31,3732081.27,AWARDED
T00542,ocds-synthetic-00542,D12,D12,Housing Infrastructure Division,ROAD_CONSTRUCTION,DRAINAGE_WORKS,ITEM-ROAD-880,KA-SOUTH,OPEN,LOWEST_PRICE,OPEN_ELIGIBILITY,2025-12-17,2026-01-06,15618054.6,AWARDED
T00543,ocds-synthetic-00543,D09,D09,State Transport Division,BUILDING_CONSTRUCTION,STRUCTURAL_WORKS,ITEM-BUIL-436,KA-SOUTH,OPEN,LOWEST_PRICE,OPEN_ELIGIBILITY,2024-10-10,2024-11-24,24962051.27,AWARDED
T00544,ocds-synthetic-00544,D19,D19,Forest Infrastructure Division,CIVIL_MAINTENANCE,BUILDING_MAINTENANCE,ITEM-CIVI-545,KA-NORTH,LIMITED,LOWEST_PRICE,QUALIFIED_SUPPLIERS,2025-04-03,2025-04-21,5620652.45,AWARDED
T00545,ocds-synthetic-00545,D07,D07,Power Systems Division,FURNITURE,HOSPITAL_FURNITURE,ITEM-FURN-304,KA-NORTH,OPEN,LOWEST_PRICE,OPEN_ELIGIBILITY,2026-05-19,2026-06-07,6218277.58,AWARDED
T00546,ocds-synthetic-00546,D09,D09,State Transport Division,FURNITURE,HOSPITAL_FURNITURE,ITEM-FURN-389,KA-SOUTH,OPEN,LOWEST_PRICE,OPEN_ELIGIBILITY,2026-02-16,2026-03-19,9379186.48,AWARDED
T00547,ocds-synthetic-00547,D05,D05,Rural Development Division,ROAD_CONSTRUCTION,ROAD_WIDENING,ITEM-ROAD-609,KA-NORTH,LIMITED,LOWEST_PRICE,QUALIFIED_SUPPLIERS,2025-10-22,2025-11-01,42694186.33,AWARDED
T00548,ocds-synthetic-00548,D09,D09,State Transport Division,WATER_INFRASTRUCTURE,WATER_TREATMENT,ITEM-WATE-854,KA-SOUTH,OPEN,LOWEST_PRICE,OPEN_ELIGIBILITY,2025-05-11,2025-06-09,3816778.3,AWARDED
T00549,ocds-synthetic-00549,D01,D01,State Works Division - North,CIVIL_MAINTENANCE,BUILDING_MAINTENANCE,ITEM-CIVI-640,KA-NORTH,OPEN,LOWEST_PRICE,OPEN_ELIGIBILITY,2026-03-21,2026-04-08,8661834.03,AWARDED
T00550,ocds-synthetic-00550,D04,D04,State Education Procurement Division,FURNITURE,HOSPITAL_FURNITURE,ITEM-FURN-364,KA-NORTH,LIMITED,LOWEST_PRICE,QUALIFIED_SUPPLIERS,2026-08-26,2026-08-31,1402552.53,AWARDED
T00551,ocds-synthetic-00551,D12,D12,Housing Infrastructure Division,MEDICAL_SUPPLIES,SURGICAL_CONSUMABLES,ITEM-MEDI-858,KA-SOUTH,LIMITED,LOWEST_PRICE,QUALIFIED_SUPPLIERS,2024-06-22,2024-07-15,7157265.76,AWARDED
T00552,ocds-synthetic-00552,D07,D07,Power Systems Division,BUILDING_CONSTRUCTION,CIVIL_BUILDING_WORKS,ITEM-BUIL-514,KA-NORTH,OPEN,LOWEST_PRICE,OPEN_ELIGIBILITY,2026-01-12,2026-01-24,4261637.71,AWARDED
T00553,ocds-synthetic-00553,D05,D05,Rural Development Division,IT_SERVICES,SOFTWARE_DEVELOPMENT,ITEM-IT_S-705,KA-NORTH,OPEN,LOWEST_PRICE,OPEN_ELIGIBILITY,2025-10-20,2025-11-10,36567725.54,AWARDED
T00554,ocds-synthetic-00554,D12,D12,Housing Infrastructure Division,BUILDING_CONSTRUCTION,STRUCTURAL_WORKS,ITEM-BUIL-171,KA-SOUTH,OPEN,LOWEST_PRICE,OPEN_ELIGIBILITY,2025-10-18,2025-11-23,281553811.77,AWARDED
T00555,ocds-synthetic-00555,D01,D01,State Works Division - North,WATER_INFRASTRUCTURE,PUMPING_SYSTEMS,ITEM-WATE-833,KA-NORTH,LIMITED,LOWEST_PRICE,QUALIFIED_SUPPLIERS,2024-12-07,2024-12-29,101427216.71,AWARDED
T00556,ocds-synthetic-00556,D15,D15,Energy Procurement Division,ELECTRICAL_EQUIPMENT,TRANSFORMERS,ITEM-ELEC-760,KA-SOUTH,OPEN,LOWEST_PRICE,OPEN_ELIGIBILITY,2024-11-14,2024-12-28,3348010.1,AWARDED
T00557,ocds-synthetic-00557,D08,D08,Municipal Services Division,MEDICAL_SUPPLIES,HOSPITAL_SUPPLIES,ITEM-MEDI-497,KA-CENTRAL,TWO_STAGE,LOWEST_PRICE,QUALIFIED_SUPPLIERS,2024-09-19,2024-10-24,6150917.63,AWARDED
T00558,ocds-synthetic-00558,D17,D17,Higher Education Procurement Division,ROAD_CONSTRUCTION,DRAINAGE_WORKS,ITEM-ROAD-448,KA-BENGALURU,LIMITED,LOWEST_PRICE,QUALIFIED_SUPPLIERS,2025-04-11,2025-05-10,36832498.17,AWARDED
T00559,ocds-synthetic-00559,D16,D16,Infrastructure Development Division,CIVIL_MAINTENANCE,ELECTRICAL_MAINTENANCE,ITEM-CIVI-733,KA-CENTRAL,OPEN,LOWEST_PRICE,OPEN_ELIGIBILITY,2025-11-15,2025-12-02,11652976.45,AWARDED
T00560,ocds-synthetic-00560,D06,D06,Water Resources Division,FURNITURE,HOSPITAL_FURNITURE,ITEM-FURN-896,KA-SOUTH,OPEN,LOWEST_PRICE,OPEN_ELIGIBILITY,2026-04-12,2026-05-15,1578786.17,AWARDED
T00561,ocds-synthetic-00561,D17,D17,Higher Education Procurement Division,BUILDING_CONSTRUCTION,CIVIL_BUILDING_WORKS,ITEM-BUIL-646,KA-BENGALURU,OPEN,LOWEST_PRICE,OPEN_ELIGIBILITY,2026-07-11,2026-08-02,36001855.27,AWARDED
T00562,ocds-synthetic-00562,D02,D02,Urban Infrastructure Division - South,CIVIL_MAINTENANCE,ELECTRICAL_MAINTENANCE,ITEM-CIVI-227,KA-SOUTH,LIMITED,LOWEST_PRICE,QUALIFIED_SUPPLIERS,2026-08-10,2026-08-20,22014811.79,AWARDED
T00563,ocds-synthetic-00563,D20,D20,Public Health Engineering Division,BUILDING_CONSTRUCTION,CIVIL_BUILDING_WORKS,ITEM-BUIL-715,KA-SOUTH,OPEN,LOWEST_PRICE,OPEN_ELIGIBILITY,2024-11-12,2024-12-02,273473058.16,AWARDED
T00564,ocds-synthetic-00564,D17,D17,Higher Education Procurement Division,MEDICAL_SUPPLIES,HOSPITAL_SUPPLIES,ITEM-MEDI-491,KA-BENGALURU,LIMITED,LOWEST_PRICE,QUALIFIED_SUPPLIERS,2024-12-05,2024-12-16,5062290.34,AWARDED
T00565,ocds-synthetic-00565,D13,D13,Tourism Infrastructure Division,LAB_EQUIPMENT,ANALYTICAL_INSTRUMENTS,ITEM-LAB_-694,KA-CENTRAL,OPEN,QUALITY_AND_COST,OPEN_ELIGIBILITY,2026-07-12,2026-08-08,2980735.79,AWARDED
T00566,ocds-synthetic-00566,D05,D05,Rural Development Division,LAB_EQUIPMENT,LABORATORY_SYSTEMS,ITEM-LAB_-629,KA-NORTH,LIMITED,LOWEST_PRICE,QUALIFIED_SUPPLIERS,2026-03-06,2026-03-23,9963346.79,AWARDED
T00567,ocds-synthetic-00567,D10,D10,Medical Services Procurement Division,MEDICAL_SUPPLIES,MEDICAL_DEVICES,ITEM-MEDI-168,KA-CENTRAL,OPEN,LOWEST_PRICE,OPEN_ELIGIBILITY,2024-08-26,2024-10-04,16781933.15,AWARDED
T00568,ocds-synthetic-00568,D12,D12,Housing Infrastructure Division,MEDICAL_SUPPLIES,SURGICAL_CONSUMABLES,ITEM-MEDI-839,KA-SOUTH,LIMITED,LOWEST_PRICE,QUALIFIED_SUPPLIERS,2024-04-25,2024-05-21,4687450.97,AWARDED
T00569,ocds-synthetic-00569,D10,D10,Medical Services Procurement Division,WATER_INFRASTRUCTURE,PIPELINE_WORKS,ITEM-WATE-382,KA-CENTRAL,TWO_STAGE,LOWEST_PRICE,QUALIFIED_SUPPLIERS,2026-05-14,2026-06-24,25345986.81,AWARDED
T00570,ocds-synthetic-00570,D02,D02,Urban Infrastructure Division - South,ROAD_CONSTRUCTION,BITUMINOUS_WORKS,ITEM-ROAD-226,KA-SOUTH,OPEN,LOWEST_PRICE,OPEN_ELIGIBILITY,2024-05-22,2024-06-25,11072678.77,AWARDED
T00571,ocds-synthetic-00571,D17,D17,Higher Education Procurement Division,ELECTRICAL_EQUIPMENT,TRANSFORMERS,ITEM-ELEC-136,KA-BENGALURU,TWO_STAGE,LOWEST_PRICE,QUALIFIED_SUPPLIERS,2024-12-28,2025-02-22,16440799.26,AWARDED
T00572,ocds-synthetic-00572,D06,D06,Water Resources Division,FURNITURE,OFFICE_FURNITURE,ITEM-FURN-993,KA-SOUTH,OPEN,LOWEST_PRICE,OPEN_ELIGIBILITY,2024-03-30,2024-04-29,9528174.25,AWARDED
T00573,ocds-synthetic-00573,D06,D06,Water Resources Division,ELECTRICAL_EQUIPMENT,CONTROL_EQUIPMENT,ITEM-ELEC-197,KA-SOUTH,OPEN,LOWEST_PRICE,OPEN_ELIGIBILITY,2026-05-30,2026-06-29,20919758.01,AWARDED
T00574,ocds-synthetic-00574,D08,D08,Municipal Services Division,WATER_INFRASTRUCTURE,IRRIGATION_WORKS,ITEM-WATE-260,KA-CENTRAL,OPEN,LOWEST_PRICE,OPEN_ELIGIBILITY,2024-06-02,2024-06-27,205640768.13,AWARDED
T00575,ocds-synthetic-00575,D08,D08,Municipal Services Division,ROAD_CONSTRUCTION,ROAD_MAINTENANCE,ITEM-ROAD-848,KA-CENTRAL,TWO_STAGE,LOWEST_PRICE,QUALIFIED_SUPPLIERS,2025-03-27,2025-04-23,149667292.22,AWARDED
T00576,ocds-synthetic-00576,D16,D16,Infrastructure Development Division,MEDICAL_SUPPLIES,HOSPITAL_SUPPLIES,ITEM-MEDI-269,KA-CENTRAL,TWO_STAGE,LOWEST_PRICE,QUALIFIED_SUPPLIERS,2025-10-05,2025-11-29,6555407.85,AWARDED
T00577,ocds-synthetic-00577,D08,D08,Municipal Services Division,CIVIL_MAINTENANCE,ROAD_MAINTENANCE,ITEM-CIVI-834,KA-CENTRAL,OPEN,LOWEST_PRICE,OPEN_ELIGIBILITY,2026-08-12,2026-08-31,781654.01,AWARDED
T00578,ocds-synthetic-00578,D20,D20,Public Health Engineering Division,FURNITURE,OFFICE_FURNITURE,ITEM-FURN-359,KA-SOUTH,OPEN,LOWEST_PRICE,OPEN_ELIGIBILITY,2026-07-10,2026-08-15,3881417.92,AWARDED
T00579,ocds-synthetic-00579,D15,D15,Energy Procurement Division,FURNITURE,SCHOOL_FURNITURE,ITEM-FURN-615,KA-SOUTH,OPEN,LOWEST_PRICE,OPEN_ELIGIBILITY,2024-12-04,2024-12-30,4070136.5,AWARDED
T00580,ocds-synthetic-00580,D06,D06,Water Resources Division,MEDICAL_SUPPLIES,DIAGNOSTIC_EQUIPMENT,ITEM-MEDI-211,KA-SOUTH,OPEN,LOWEST_PRICE,OPEN_ELIGIBILITY,2026-06-12,2026-07-05,9772971.32,AWARDED
T00581,ocds-synthetic-00581,D18,D18,Industrial Development Division,ELECTRICAL_EQUIPMENT,SWITCHGEAR,ITEM-ELEC-466,KA-CENTRAL,LIMITED,LOWEST_PRICE,QUALIFIED_SUPPLIERS,2024-05-04,2024-05-26,33163600.27,AWARDED
T00582,ocds-synthetic-00582,D14,D14,Agricultural Infrastructure Division,ROAD_CONSTRUCTION,ROAD_RESURFACING,ITEM-ROAD-558,KA-NORTH,OPEN,LOWEST_PRICE,OPEN_ELIGIBILITY,2024-08-08,2024-09-13,40559588.29,AWARDED
T00583,ocds-synthetic-00583,D09,D09,State Transport Division,WATER_INFRASTRUCTURE,PUMPING_SYSTEMS,ITEM-WATE-993,KA-SOUTH,OPEN,LOWEST_PRICE,OPEN_ELIGIBILITY,2025-12-01,2026-01-08,5433992.82,AWARDED
T00584,ocds-synthetic-00584,D11,D11,Urban Technology Division,VEHICLE_SUPPLIES,SPECIAL_PURPOSE_VEHICLES,ITEM-VEHI-653,KA-BENGALURU,OPEN,LOWEST_PRICE,OPEN_ELIGIBILITY,2024-01-05,2024-02-03,6660513.46,AWARDED
T00585,ocds-synthetic-00585,D05,D05,Rural Development Division,IT_SERVICES,CYBERSECURITY,ITEM-IT_S-760,KA-NORTH,OPEN,LOWEST_PRICE,OPEN_ELIGIBILITY,2025-07-03,2025-07-17,9673849.59,AWARDED
T00586,ocds-synthetic-00586,D13,D13,Tourism Infrastructure Division,MEDICAL_SUPPLIES,DIAGNOSTIC_EQUIPMENT,ITEM-MEDI-998,KA-CENTRAL,TWO_STAGE,LOWEST_PRICE,QUALIFIED_SUPPLIERS,2025-06-18,2025-08-28,9805268.91,AWARDED
T00587,ocds-synthetic-00587,D16,D16,Infrastructure Development Division,LAB_EQUIPMENT,CALIBRATION_EQUIPMENT,ITEM-LAB_-595,KA-CENTRAL,TWO_STAGE,LOWEST_PRICE,QUALIFIED_SUPPLIERS,2025-06-09,2025-08-18,1691905.58,AWARDED
T00588,ocds-synthetic-00588,D15,D15,Energy Procurement Division,MEDICAL_SUPPLIES,HOSPITAL_SUPPLIES,ITEM-MEDI-623,KA-SOUTH,OPEN,LOWEST_PRICE,OPEN_ELIGIBILITY,2026-04-20,2026-05-28,5878798.83,AWARDED
T00589,ocds-synthetic-00589,D08,D08,Municipal Services Division,BUILDING_CONSTRUCTION,STRUCTURAL_WORKS,ITEM-BUIL-787,KA-CENTRAL,OPEN,LOWEST_PRICE,OPEN_ELIGIBILITY,2025-09-03,2025-09-23,32572637.85,AWARDED
T00590,ocds-synthetic-00590,D10,D10,Medical Services Procurement Division,MEDICAL_SUPPLIES,MEDICAL_DEVICES,ITEM-MEDI-232,KA-CENTRAL,OPEN,LOWEST_PRICE,OPEN_ELIGIBILITY,2025-04-22,2025-06-02,14193401.86,AWARDED
T00591,ocds-synthetic-00591,D20,D20,Public Health Engineering Division,ELECTRICAL_EQUIPMENT,CONTROL_EQUIPMENT,ITEM-ELEC-787,KA-SOUTH,OPEN,LOWEST_PRICE,OPEN_ELIGIBILITY,2024-03-01,2024-03-22,8965047.8,AWARDED
T00592,ocds-synthetic-00592,D06,D06,Water Resources Division,VEHICLE_SUPPLIES,VEHICLE_PARTS,ITEM-VEHI-346,KA-SOUTH,OPEN,LOWEST_PRICE,OPEN_ELIGIBILITY,2026-05-05,2026-06-07,12583863.52,AWARDED
T00593,ocds-synthetic-00593,D04,D04,State Education Procurement Division,BUILDING_CONSTRUCTION,STRUCTURAL_WORKS,ITEM-BUIL-600,KA-NORTH,LIMITED,LOWEST_PRICE,QUALIFIED_SUPPLIERS,2025-05-19,2025-05-27,9817499.46,AWARDED
T00594,ocds-synthetic-00594,D14,D14,Agricultural Infrastructure Division,LAB_EQUIPMENT,SCIENTIFIC_EQUIPMENT,ITEM-LAB_-492,KA-NORTH,TWO_STAGE,QUALITY_AND_COST,QUALIFIED_SUPPLIERS,2025-03-09,2025-04-05,3316226.09,AWARDED
T00595,ocds-synthetic-00595,D07,D07,Power Systems Division,FURNITURE,HOSPITAL_FURNITURE,ITEM-FURN-517,KA-NORTH,OPEN,LOWEST_PRICE,OPEN_ELIGIBILITY,2024-02-24,2024-03-18,2192689.16,AWARDED
T00596,ocds-synthetic-00596,D05,D05,Rural Development Division,MEDICAL_SUPPLIES,DIAGNOSTIC_EQUIPMENT,ITEM-MEDI-696,KA-NORTH,OPEN,LOWEST_PRICE,OPEN_ELIGIBILITY,2024-01-30,2024-03-03,3056502.38,AWARDED
T00597,ocds-synthetic-00597,D20,D20,Public Health Engineering Division,CIVIL_MAINTENANCE,ROAD_MAINTENANCE,ITEM-CIVI-556,KA-SOUTH,OPEN,LOWEST_PRICE,OPEN_ELIGIBILITY,2026-06-10,2026-07-24,18599963.95,AWARDED
T00598,ocds-synthetic-00598,D12,D12,Housing Infrastructure Division,CIVIL_MAINTENANCE,ELECTRICAL_MAINTENANCE,ITEM-CIVI-545,KA-SOUTH,OPEN,LOWEST_PRICE,OPEN_ELIGIBILITY,2024-03-12,2024-04-08,2566566.05,AWARDED
T00599,ocds-synthetic-00599,D10,D10,Medical Services Procurement Division,IT_SERVICES,IT_HARDWARE,ITEM-IT_S-638,KA-CENTRAL,OPEN,QUALITY_AND_COST,OPEN_ELIGIBILITY,2026-03-06,2026-04-01,13139103.07,AWARDED
T00600,ocds-synthetic-00600,D06,D06,Water Resources Division,WATER_INFRASTRUCTURE,IRRIGATION_WORKS,ITEM-WATE-282,KA-SOUTH,OPEN,LOWEST_PRICE,OPEN_ELIGIBILITY,2025-01-06,2025-02-15,58941111.25,AWARDED
T00601,ocds-synthetic-00601,D16,D16,Infrastructure Development Division,MEDICAL_SUPPLIES,DIAGNOSTIC_EQUIPMENT,ITEM-MEDI-488,KA-CENTRAL,LIMITED,LOWEST_PRICE,QUALIFIED_SUPPLIERS,2025-10-21,2025-11-19,3210228.27,AWARDED
T00602,ocds-synthetic-00602,D08,D08,Municipal Services Division,ROAD_CONSTRUCTION,DRAINAGE_WORKS,ITEM-ROAD-939,KA-CENTRAL,LIMITED,LOWEST_PRICE,QUALIFIED_SUPPLIERS,2026-05-10,2026-05-20,124969193.3,AWARDED
T00603,ocds-synthetic-00603,D12,D12,Housing Infrastructure Division,ROAD_CONSTRUCTION,ROAD_MAINTENANCE,ITEM-ROAD-925,KA-SOUTH,OPEN,LOWEST_PRICE,OPEN_ELIGIBILITY,2026-07-23,2026-08-04,36096880.39,AWARDED
T00604,ocds-synthetic-00604,D15,D15,Energy Procurement Division,IT_SERVICES,SOFTWARE_DEVELOPMENT,ITEM-IT_S-292,KA-SOUTH,OPEN,LOWEST_PRICE,OPEN_ELIGIBILITY,2024-09-15,2024-10-29,7785268.23,AWARDED
T00605,ocds-synthetic-00605,D02,D02,Urban Infrastructure Division - South,ELECTRICAL_EQUIPMENT,CABLING,ITEM-ELEC-969,KA-SOUTH,LIMITED,LOWEST_PRICE,QUALIFIED_SUPPLIERS,2025-02-10,2025-02-24,4396306.51,AWARDED
T00606,ocds-synthetic-00606,D17,D17,Higher Education Procurement Division,MEDICAL_SUPPLIES,DIAGNOSTIC_EQUIPMENT,ITEM-MEDI-169,KA-BENGALURU,OPEN,LOWEST_PRICE,OPEN_ELIGIBILITY,2025-06-05,2025-06-19,16351807.09,AWARDED
T00607,ocds-synthetic-00607,D09,D09,State Transport Division,VEHICLE_SUPPLIES,VEHICLE_PARTS,ITEM-VEHI-793,KA-SOUTH,OPEN,LOWEST_PRICE,OPEN_ELIGIBILITY,2025-11-24,2025-12-06,11680892.46,AWARDED
T00608,ocds-synthetic-00608,D10,D10,Medical Services Procurement Division,CIVIL_MAINTENANCE,ROAD_MAINTENANCE,ITEM-CIVI-816,KA-CENTRAL,LIMITED,LOWEST_PRICE,QUALIFIED_SUPPLIERS,2025-12-05,2025-12-15,7234086.38,AWARDED
T00609,ocds-synthetic-00609,D03,D03,State Health Procurement Division,CIVIL_MAINTENANCE,GENERAL_REPAIRS,ITEM-CIVI-969,KA-CENTRAL,LIMITED,LOWEST_PRICE,QUALIFIED_SUPPLIERS,2024-01-26,2024-02-03,4887107.47,AWARDED
T00610,ocds-synthetic-00610,D09,D09,State Transport Division,FURNITURE,HOSPITAL_FURNITURE,ITEM-FURN-758,KA-SOUTH,OPEN,LOWEST_PRICE,OPEN_ELIGIBILITY,2025-05-03,2025-05-24,2440405.26,AWARDED
T00611,ocds-synthetic-00611,D09,D09,State Transport Division,CIVIL_MAINTENANCE,ELECTRICAL_MAINTENANCE,ITEM-CIVI-522,KA-SOUTH,OPEN,LOWEST_PRICE,OPEN_ELIGIBILITY,2025-07-12,2025-07-28,2936510.2,AWARDED
T00612,ocds-synthetic-00612,D07,D07,Power Systems Division,VEHICLE_SUPPLIES,VEHICLE_PARTS,ITEM-VEHI-263,KA-NORTH,OPEN,LOWEST_PRICE,OPEN_ELIGIBILITY,2025-09-26,2025-10-25,18280074.4,AWARDED
T00613,ocds-synthetic-00613,D18,D18,Industrial Development Division,MEDICAL_SUPPLIES,HOSPITAL_SUPPLIES,ITEM-MEDI-761,KA-CENTRAL,OPEN,LOWEST_PRICE,OPEN_ELIGIBILITY,2025-06-27,2025-07-14,11741098.52,AWARDED
T00614,ocds-synthetic-00614,D06,D06,Water Resources Division,MEDICAL_SUPPLIES,HOSPITAL_SUPPLIES,ITEM-MEDI-144,KA-SOUTH,OPEN,LOWEST_PRICE,OPEN_ELIGIBILITY,2025-09-03,2025-09-23,3418206.56,AWARDED
T00615,ocds-synthetic-00615,D19,D19,Forest Infrastructure Division,VEHICLE_SUPPLIES,FLEET_MAINTENANCE,ITEM-VEHI-493,KA-NORTH,OPEN,LOWEST_PRICE,OPEN_ELIGIBILITY,2026-01-21,2026-02-25,6998226.07,AWARDED
T00616,ocds-synthetic-00616,D17,D17,Higher Education Procurement Division,WATER_INFRASTRUCTURE,PIPELINE_WORKS,ITEM-WATE-794,KA-BENGALURU,TWO_STAGE,LOWEST_PRICE,QUALIFIED_SUPPLIERS,2024-05-20,2024-07-07,9802249.09,AWARDED
T00617,ocds-synthetic-00617,D15,D15,Energy Procurement Division,CIVIL_MAINTENANCE,ELECTRICAL_MAINTENANCE,ITEM-CIVI-622,KA-SOUTH,OPEN,LOWEST_PRICE,OPEN_ELIGIBILITY,2025-07-12,2025-08-19,12952613.0,AWARDED
T00618,ocds-synthetic-00618,D12,D12,Housing Infrastructure Division,IT_SERVICES,CLOUD_SERVICES,ITEM-IT_S-759,KA-SOUTH,OPEN,LOWEST_PRICE,OPEN_ELIGIBILITY,2026-06-07,2026-06-22,4754877.94,AWARDED
T00619,ocds-synthetic-00619,D18,D18,Industrial Development Division,BUILDING_CONSTRUCTION,RENOVATION,ITEM-BUIL-889,KA-CENTRAL,OPEN,LOWEST_PRICE,OPEN_ELIGIBILITY,2026-03-11,2026-04-22,7940471.82,AWARDED
T00620,ocds-synthetic-00620,D17,D17,Higher Education Procurement Division,CIVIL_MAINTENANCE,BUILDING_MAINTENANCE,ITEM-CIVI-585,KA-BENGALURU,OPEN,LOWEST_PRICE,OPEN_ELIGIBILITY,2026-04-23,2026-06-03,1454975.53,AWARDED
T00621,ocds-synthetic-00621,D20,D20,Public Health Engineering Division,BUILDING_CONSTRUCTION,STRUCTURAL_WORKS,ITEM-BUIL-583,KA-SOUTH,OPEN,LOWEST_PRICE,OPEN_ELIGIBILITY,2025-12-11,2026-01-14,11941837.5,AWARDED
T00622,ocds-synthetic-00622,D06,D06,Water Resources Division,MEDICAL_SUPPLIES,SURGICAL_CONSUMABLES,ITEM-MEDI-701,KA-SOUTH,LIMITED,LOWEST_PRICE,QUALIFIED_SUPPLIERS,2026-05-08,2026-05-23,20853525.25,AWARDED
T00623,ocds-synthetic-00623,D10,D10,Medical Services Procurement Division,CIVIL_MAINTENANCE,BUILDING_MAINTENANCE,ITEM-CIVI-825,KA-CENTRAL,OPEN,LOWEST_PRICE,OPEN_ELIGIBILITY,2025-03-04,2025-04-17,19390400.74,AWARDED
T00624,ocds-synthetic-00624,D11,D11,Urban Technology Division,VEHICLE_SUPPLIES,VEHICLE_PARTS,ITEM-VEHI-422,KA-BENGALURU,LIMITED,LOWEST_PRICE,QUALIFIED_SUPPLIERS,2024-01-09,2024-01-19,1871221.5,AWARDED
T00625,ocds-synthetic-00625,D13,D13,Tourism Infrastructure Division,ROAD_CONSTRUCTION,ROAD_RESURFACING,ITEM-ROAD-592,KA-CENTRAL,OPEN,LOWEST_PRICE,OPEN_ELIGIBILITY,2024-08-13,2024-08-25,28654292.48,AWARDED
T00626,ocds-synthetic-00626,D15,D15,Energy Procurement Division,IT_SERVICES,NETWORK_INFRASTRUCTURE,ITEM-IT_S-624,KA-SOUTH,TWO_STAGE,QUALITY_AND_COST,QUALIFIED_SUPPLIERS,2025-04-20,2025-06-29,8569153.31,AWARDED
T00627,ocds-synthetic-00627,D14,D14,Agricultural Infrastructure Division,ROAD_CONSTRUCTION,DRAINAGE_WORKS,ITEM-ROAD-125,KA-NORTH,OPEN,LOWEST_PRICE,OPEN_ELIGIBILITY,2025-06-01,2025-07-05,41190168.99,AWARDED
T00628,ocds-synthetic-00628,D10,D10,Medical Services Procurement Division,BUILDING_CONSTRUCTION,CIVIL_BUILDING_WORKS,ITEM-BUIL-810,KA-CENTRAL,OPEN,LOWEST_PRICE,OPEN_ELIGIBILITY,2024-08-09,2024-08-30,20547983.57,AWARDED
T00629,ocds-synthetic-00629,D13,D13,Tourism Infrastructure Division,ROAD_CONSTRUCTION,ROAD_RESURFACING,ITEM-ROAD-303,KA-CENTRAL,TWO_STAGE,LOWEST_PRICE,QUALIFIED_SUPPLIERS,2026-04-29,2026-06-22,53100588.26,AWARDED
T00630,ocds-synthetic-00630,D03,D03,State Health Procurement Division,VEHICLE_SUPPLIES,SPECIAL_PURPOSE_VEHICLES,ITEM-VEHI-754,KA-CENTRAL,OPEN,LOWEST_PRICE,OPEN_ELIGIBILITY,2025-12-21,2026-01-04,8713182.61,AWARDED
T00631,ocds-synthetic-00631,D14,D14,Agricultural Infrastructure Division,LAB_EQUIPMENT,SCIENTIFIC_EQUIPMENT,ITEM-LAB_-531,KA-NORTH,LIMITED,LOWEST_PRICE,QUALIFIED_SUPPLIERS,2025-11-30,2025-12-25,3585390.63,AWARDED
T00632,ocds-synthetic-00632,D04,D04,State Education Procurement Division,BUILDING_CONSTRUCTION,STRUCTURAL_WORKS,ITEM-BUIL-762,KA-NORTH,OPEN,LOWEST_PRICE,OPEN_ELIGIBILITY,2025-05-13,2025-06-16,58356691.31,AWARDED
T00633,ocds-synthetic-00633,D16,D16,Infrastructure Development Division,CIVIL_MAINTENANCE,GENERAL_REPAIRS,ITEM-CIVI-210,KA-CENTRAL,OPEN,LOWEST_PRICE,OPEN_ELIGIBILITY,2024-11-28,2025-01-09,9056327.33,AWARDED
T00634,ocds-synthetic-00634,D02,D02,Urban Infrastructure Division - South,ROAD_CONSTRUCTION,ROAD_WIDENING,ITEM-ROAD-505,KA-SOUTH,LIMITED,LOWEST_PRICE,QUALIFIED_SUPPLIERS,2024-12-30,2025-01-16,23771768.54,AWARDED
T00635,ocds-synthetic-00635,D01,D01,State Works Division - North,MEDICAL_SUPPLIES,SURGICAL_CONSUMABLES,ITEM-MEDI-882,KA-NORTH,OPEN,LOWEST_PRICE,OPEN_ELIGIBILITY,2025-05-25,2025-06-10,4338193.14,AWARDED
T00636,ocds-synthetic-00636,D15,D15,Energy Procurement Division,IT_SERVICES,NETWORK_INFRASTRUCTURE,ITEM-IT_S-507,KA-SOUTH,TWO_STAGE,QUALITY_AND_COST,QUALIFIED_SUPPLIERS,2025-12-23,2026-02-24,46311534.71,AWARDED
T00637,ocds-synthetic-00637,D16,D16,Infrastructure Development Division,FURNITURE,OFFICE_FURNITURE,ITEM-FURN-368,KA-CENTRAL,OPEN,LOWEST_PRICE,OPEN_ELIGIBILITY,2025-10-14,2025-11-24,1187310.93,AWARDED
T00638,ocds-synthetic-00638,D16,D16,Infrastructure Development Division,IT_SERVICES,CYBERSECURITY,ITEM-IT_S-219,KA-CENTRAL,OPEN,LOWEST_PRICE,OPEN_ELIGIBILITY,2025-12-04,2026-01-11,27008501.29,AWARDED
T00639,ocds-synthetic-00639,D08,D08,Municipal Services Division,IT_SERVICES,CYBERSECURITY,ITEM-IT_S-420,KA-CENTRAL,OPEN,QUALITY_AND_COST,OPEN_ELIGIBILITY,2024-09-10,2024-09-24,29743574.4,AWARDED
T00640,ocds-synthetic-00640,D09,D09,State Transport Division,WATER_INFRASTRUCTURE,PUMPING_SYSTEMS,ITEM-WATE-602,KA-SOUTH,OPEN,LOWEST_PRICE,OPEN_ELIGIBILITY,2025-09-03,2025-10-16,34956383.91,AWARDED
T00641,ocds-synthetic-00641,D18,D18,Industrial Development Division,VEHICLE_SUPPLIES,FLEET_MAINTENANCE,ITEM-VEHI-265,KA-CENTRAL,LIMITED,LOWEST_PRICE,QUALIFIED_SUPPLIERS,2025-09-28,2025-10-19,8430865.1,AWARDED
T00642,ocds-synthetic-00642,D13,D13,Tourism Infrastructure Division,LAB_EQUIPMENT,SCIENTIFIC_EQUIPMENT,ITEM-LAB_-418,KA-CENTRAL,OPEN,LOWEST_PRICE,OPEN_ELIGIBILITY,2026-01-04,2026-02-04,7026583.18,AWARDED
T00643,ocds-synthetic-00643,D16,D16,Infrastructure Development Division,ELECTRICAL_EQUIPMENT,SWITCHGEAR,ITEM-ELEC-191,KA-CENTRAL,LIMITED,LOWEST_PRICE,QUALIFIED_SUPPLIERS,2025-01-25,2025-02-11,16449368.23,AWARDED
T00644,ocds-synthetic-00644,D19,D19,Forest Infrastructure Division,VEHICLE_SUPPLIES,VEHICLE_PARTS,ITEM-VEHI-459,KA-NORTH,LIMITED,LOWEST_PRICE,QUALIFIED_SUPPLIERS,2026-04-21,2026-05-19,16263128.89,AWARDED
T00645,ocds-synthetic-00645,D05,D05,Rural Development Division,BUILDING_CONSTRUCTION,STRUCTURAL_WORKS,ITEM-BUIL-891,KA-NORTH,OPEN,LOWEST_PRICE,OPEN_ELIGIBILITY,2026-05-04,2026-05-25,12362305.7,AWARDED
T00646,ocds-synthetic-00646,D06,D06,Water Resources Division,ELECTRICAL_EQUIPMENT,CONTROL_EQUIPMENT,ITEM-ELEC-832,KA-SOUTH,LIMITED,LOWEST_PRICE,QUALIFIED_SUPPLIERS,2024-12-06,2024-12-18,11034277.86,AWARDED
T00647,ocds-synthetic-00647,D02,D02,Urban Infrastructure Division - South,ROAD_CONSTRUCTION,ROAD_WIDENING,ITEM-ROAD-904,KA-SOUTH,OPEN,LOWEST_PRICE,OPEN_ELIGIBILITY,2026-08-02,2026-08-31,16637061.75,AWARDED
T00648,ocds-synthetic-00648,D13,D13,Tourism Infrastructure Division,BUILDING_CONSTRUCTION,PUBLIC_BUILDING,ITEM-BUIL-823,KA-CENTRAL,OPEN,LOWEST_PRICE,OPEN_ELIGIBILITY,2025-11-04,2025-12-01,26046669.93,AWARDED
T00649,ocds-synthetic-00649,D04,D04,State Education Procurement Division,LAB_EQUIPMENT,CALIBRATION_EQUIPMENT,ITEM-LAB_-454,KA-NORTH,LIMITED,LOWEST_PRICE,QUALIFIED_SUPPLIERS,2024-11-09,2024-11-28,12936369.11,AWARDED
T00650,ocds-synthetic-00650,D01,D01,State Works Division - North,IT_SERVICES,SOFTWARE_DEVELOPMENT,ITEM-IT_S-476,KA-NORTH,OPEN,LOWEST_PRICE,OPEN_ELIGIBILITY,2025-02-22,2025-03-24,29321279.83,AWARDED
T00651,ocds-synthetic-00651,D17,D17,Higher Education Procurement Division,LAB_EQUIPMENT,ANALYTICAL_INSTRUMENTS,ITEM-LAB_-997,KA-BENGALURU,LIMITED,QUALITY_AND_COST,QUALIFIED_SUPPLIERS,2025-12-29,2026-01-12,12397340.93,AWARDED
T00652,ocds-synthetic-00652,D16,D16,Infrastructure Development Division,ROAD_CONSTRUCTION,ROAD_WIDENING,ITEM-ROAD-328,KA-CENTRAL,OPEN,LOWEST_PRICE,OPEN_ELIGIBILITY,2025-05-17,2025-06-18,145991343.74,AWARDED
T00653,ocds-synthetic-00653,D09,D09,State Transport Division,ROAD_CONSTRUCTION,ROAD_MAINTENANCE,ITEM-ROAD-513,KA-SOUTH,TWO_STAGE,LOWEST_PRICE,QUALIFIED_SUPPLIERS,2024-02-19,2024-04-01,64878393.95,AWARDED
T00654,ocds-synthetic-00654,D02,D02,Urban Infrastructure Division - South,ROAD_CONSTRUCTION,ROAD_RESURFACING,ITEM-ROAD-830,KA-SOUTH,OPEN,LOWEST_PRICE,OPEN_ELIGIBILITY,2025-04-23,2025-05-29,13734922.12,AWARDED
T00655,ocds-synthetic-00655,D14,D14,Agricultural Infrastructure Division,MEDICAL_SUPPLIES,SURGICAL_CONSUMABLES,ITEM-MEDI-962,KA-NORTH,OPEN,LOWEST_PRICE,OPEN_ELIGIBILITY,2024-05-17,2024-06-12,3232718.2,AWARDED
T00656,ocds-synthetic-00656,D17,D17,Higher Education Procurement Division,BUILDING_CONSTRUCTION,CIVIL_BUILDING_WORKS,ITEM-BUIL-580,KA-BENGALURU,OPEN,LOWEST_PRICE,OPEN_ELIGIBILITY,2024-09-30,2024-11-14,61126166.05,AWARDED
T00657,ocds-synthetic-00657,D08,D08,Municipal Services Division,BUILDING_CONSTRUCTION,CIVIL_BUILDING_WORKS,ITEM-BUIL-469,KA-CENTRAL,OPEN,LOWEST_PRICE,OPEN_ELIGIBILITY,2024-01-28,2024-03-01,10237852.53,AWARDED
T00658,ocds-synthetic-00658,D17,D17,Higher Education Procurement Division,ROAD_CONSTRUCTION,ROAD_MAINTENANCE,ITEM-ROAD-629,KA-BENGALURU,LIMITED,LOWEST_PRICE,QUALIFIED_SUPPLIERS,2026-03-27,2026-04-19,19610403.72,AWARDED
T00659,ocds-synthetic-00659,D09,D09,State Transport Division,FURNITURE,SCHOOL_FURNITURE,ITEM-FURN-141,KA-SOUTH,OPEN,LOWEST_PRICE,OPEN_ELIGIBILITY,2025-03-26,2025-04-18,4755539.92,AWARDED
T00660,ocds-synthetic-00660,D01,D01,State Works Division - North,WATER_INFRASTRUCTURE,PUMPING_SYSTEMS,ITEM-WATE-423,KA-NORTH,OPEN,LOWEST_PRICE,OPEN_ELIGIBILITY,2025-05-30,2025-06-21,6424287.13,AWARDED
T00661,ocds-synthetic-00661,D19,D19,Forest Infrastructure Division,VEHICLE_SUPPLIES,FLEET_MAINTENANCE,ITEM-VEHI-240,KA-NORTH,OPEN,LOWEST_PRICE,OPEN_ELIGIBILITY,2024-08-12,2024-09-06,1235760.42,AWARDED
T00662,ocds-synthetic-00662,D12,D12,Housing Infrastructure Division,MEDICAL_SUPPLIES,SURGICAL_CONSUMABLES,ITEM-MEDI-247,KA-SOUTH,OPEN,LOWEST_PRICE,OPEN_ELIGIBILITY,2026-07-03,2026-07-15,5652319.58,AWARDED
T00663,ocds-synthetic-00663,D16,D16,Infrastructure Development Division,BUILDING_CONSTRUCTION,RENOVATION,ITEM-BUIL-817,KA-CENTRAL,OPEN,LOWEST_PRICE,OPEN_ELIGIBILITY,2025-12-27,2026-01-27,30499174.14,AWARDED
T00664,ocds-synthetic-00664,D10,D10,Medical Services Procurement Division,CIVIL_MAINTENANCE,BUILDING_MAINTENANCE,ITEM-CIVI-160,KA-CENTRAL,OPEN,LOWEST_PRICE,OPEN_ELIGIBILITY,2024-01-11,2024-02-03,9875082.47,AWARDED
T00665,ocds-synthetic-00665,D12,D12,Housing Infrastructure Division,ELECTRICAL_EQUIPMENT,CABLING,ITEM-ELEC-775,KA-SOUTH,TWO_STAGE,LOWEST_PRICE,QUALIFIED_SUPPLIERS,2026-01-05,2026-02-28,3969272.46,AWARDED
T00666,ocds-synthetic-00666,D11,D11,Urban Technology Division,BUILDING_CONSTRUCTION,STRUCTURAL_WORKS,ITEM-BUIL-979,KA-BENGALURU,LIMITED,LOWEST_PRICE,QUALIFIED_SUPPLIERS,2024-02-13,2024-03-12,78874641.93,AWARDED
T00667,ocds-synthetic-00667,D10,D10,Medical Services Procurement Division,FURNITURE,OFFICE_FURNITURE,ITEM-FURN-280,KA-CENTRAL,LIMITED,LOWEST_PRICE,QUALIFIED_SUPPLIERS,2025-07-12,2025-08-01,2287683.76,AWARDED
T00668,ocds-synthetic-00668,D17,D17,Higher Education Procurement Division,VEHICLE_SUPPLIES,SPECIAL_PURPOSE_VEHICLES,ITEM-VEHI-522,KA-BENGALURU,TWO_STAGE,LOWEST_PRICE,QUALIFIED_SUPPLIERS,2024-01-02,2024-03-10,27053795.9,AWARDED
T00669,ocds-synthetic-00669,D14,D14,Agricultural Infrastructure Division,LAB_EQUIPMENT,SCIENTIFIC_EQUIPMENT,ITEM-LAB_-875,KA-NORTH,LIMITED,QUALITY_AND_COST,QUALIFIED_SUPPLIERS,2026-01-20,2026-02-12,7769405.3,AWARDED
T00670,ocds-synthetic-00670,D18,D18,Industrial Development Division,WATER_INFRASTRUCTURE,PIPELINE_WORKS,ITEM-WATE-359,KA-CENTRAL,OPEN,LOWEST_PRICE,OPEN_ELIGIBILITY,2025-09-01,2025-10-10,30285396.79,AWARDED
T00671,ocds-synthetic-00671,D19,D19,Forest Infrastructure Division,CIVIL_MAINTENANCE,ELECTRICAL_MAINTENANCE,ITEM-CIVI-699,KA-NORTH,OPEN,LOWEST_PRICE,OPEN_ELIGIBILITY,2024-11-11,2024-12-16,11773530.56,AWARDED
T00672,ocds-synthetic-00672,D02,D02,Urban Infrastructure Division - South,CIVIL_MAINTENANCE,BUILDING_MAINTENANCE,ITEM-CIVI-442,KA-SOUTH,OPEN,LOWEST_PRICE,OPEN_ELIGIBILITY,2024-08-29,2024-10-05,1145393.7,AWARDED
T00673,ocds-synthetic-00673,D07,D07,Power Systems Division,LAB_EQUIPMENT,CALIBRATION_EQUIPMENT,ITEM-LAB_-517,KA-NORTH,OPEN,QUALITY_AND_COST,OPEN_ELIGIBILITY,2025-09-29,2025-10-21,7139386.46,AWARDED
T00674,ocds-synthetic-00674,D14,D14,Agricultural Infrastructure Division,CIVIL_MAINTENANCE,ELECTRICAL_MAINTENANCE,ITEM-CIVI-773,KA-NORTH,OPEN,LOWEST_PRICE,OPEN_ELIGIBILITY,2025-05-26,2025-06-24,3427365.53,AWARDED
T00675,ocds-synthetic-00675,D14,D14,Agricultural Infrastructure Division,IT_SERVICES,NETWORK_INFRASTRUCTURE,ITEM-IT_S-343,KA-NORTH,OPEN,LOWEST_PRICE,OPEN_ELIGIBILITY,2024-04-20,2024-05-16,5002969.3,AWARDED
T00676,ocds-synthetic-00676,D18,D18,Industrial Development Division,WATER_INFRASTRUCTURE,PIPELINE_WORKS,ITEM-WATE-785,KA-CENTRAL,TWO_STAGE,LOWEST_PRICE,QUALIFIED_SUPPLIERS,2025-04-25,2025-06-08,15939421.41,AWARDED
T00677,ocds-synthetic-00677,D05,D05,Rural Development Division,WATER_INFRASTRUCTURE,PIPELINE_WORKS,ITEM-WATE-987,KA-NORTH,OPEN,LOWEST_PRICE,OPEN_ELIGIBILITY,2026-04-11,2026-05-06,43352076.56,AWARDED
T00678,ocds-synthetic-00678,D19,D19,Forest Infrastructure Division,ELECTRICAL_EQUIPMENT,TRANSFORMERS,ITEM-ELEC-365,KA-NORTH,LIMITED,LOWEST_PRICE,QUALIFIED_SUPPLIERS,2025-02-21,2025-03-03,5999559.95,AWARDED
T00679,ocds-synthetic-00679,D07,D07,Power Systems Division,CIVIL_MAINTENANCE,BUILDING_MAINTENANCE,ITEM-CIVI-657,KA-NORTH,OPEN,LOWEST_PRICE,OPEN_ELIGIBILITY,2025-05-22,2025-06-20,1439369.98,AWARDED
T00680,ocds-synthetic-00680,D05,D05,Rural Development Division,ROAD_CONSTRUCTION,BITUMINOUS_WORKS,ITEM-ROAD-487,KA-NORTH,TWO_STAGE,LOWEST_PRICE,QUALIFIED_SUPPLIERS,2024-11-22,2025-01-22,26091682.86,AWARDED
T00681,ocds-synthetic-00681,D01,D01,State Works Division - North,BUILDING_CONSTRUCTION,STRUCTURAL_WORKS,ITEM-BUIL-535,KA-NORTH,LIMITED,LOWEST_PRICE,QUALIFIED_SUPPLIERS,2024-10-08,2024-11-01,137483696.13,AWARDED
T00682,ocds-synthetic-00682,D11,D11,Urban Technology Division,ROAD_CONSTRUCTION,DRAINAGE_WORKS,ITEM-ROAD-394,KA-BENGALURU,OPEN,LOWEST_PRICE,OPEN_ELIGIBILITY,2025-06-05,2025-06-30,16986418.48,AWARDED
T00683,ocds-synthetic-00683,D14,D14,Agricultural Infrastructure Division,IT_SERVICES,IT_HARDWARE,ITEM-IT_S-969,KA-NORTH,LIMITED,LOWEST_PRICE,QUALIFIED_SUPPLIERS,2026-06-03,2026-06-10,5952494.04,AWARDED
T00684,ocds-synthetic-00684,D20,D20,Public Health Engineering Division,ROAD_CONSTRUCTION,DRAINAGE_WORKS,ITEM-ROAD-252,KA-SOUTH,OPEN,LOWEST_PRICE,OPEN_ELIGIBILITY,2024-11-24,2024-12-27,18600471.03,AWARDED
T00685,ocds-synthetic-00685,D11,D11,Urban Technology Division,MEDICAL_SUPPLIES,DIAGNOSTIC_EQUIPMENT,ITEM-MEDI-737,KA-BENGALURU,OPEN,LOWEST_PRICE,OPEN_ELIGIBILITY,2024-08-12,2024-09-15,2151592.12,AWARDED
T00686,ocds-synthetic-00686,D12,D12,Housing Infrastructure Division,ELECTRICAL_EQUIPMENT,CABLING,ITEM-ELEC-605,KA-SOUTH,OPEN,LOWEST_PRICE,OPEN_ELIGIBILITY,2025-11-17,2025-12-31,11437177.04,AWARDED
T00687,ocds-synthetic-00687,D19,D19,Forest Infrastructure Division,ROAD_CONSTRUCTION,ROAD_WIDENING,ITEM-ROAD-829,KA-NORTH,OPEN,LOWEST_PRICE,OPEN_ELIGIBILITY,2025-06-28,2025-07-14,7216048.35,AWARDED
T00688,ocds-synthetic-00688,D01,D01,State Works Division - North,IT_SERVICES,NETWORK_INFRASTRUCTURE,ITEM-IT_S-368,KA-NORTH,OPEN,LOWEST_PRICE,OPEN_ELIGIBILITY,2025-10-03,2025-11-11,7418673.57,AWARDED
T00689,ocds-synthetic-00689,D06,D06,Water Resources Division,WATER_INFRASTRUCTURE,PUMPING_SYSTEMS,ITEM-WATE-865,KA-SOUTH,OPEN,LOWEST_PRICE,OPEN_ELIGIBILITY,2025-07-25,2025-09-06,11342436.51,AWARDED
T00690,ocds-synthetic-00690,D01,D01,State Works Division - North,WATER_INFRASTRUCTURE,PUMPING_SYSTEMS,ITEM-WATE-150,KA-NORTH,OPEN,LOWEST_PRICE,OPEN_ELIGIBILITY,2026-08-30,2026-08-31,18200158.54,AWARDED
T00691,ocds-synthetic-00691,D03,D03,State Health Procurement Division,MEDICAL_SUPPLIES,HOSPITAL_SUPPLIES,ITEM-MEDI-258,KA-CENTRAL,OPEN,LOWEST_PRICE,OPEN_ELIGIBILITY,2024-04-01,2024-04-25,13150648.75,AWARDED
T00692,ocds-synthetic-00692,D19,D19,Forest Infrastructure Division,ELECTRICAL_EQUIPMENT,SWITCHGEAR,ITEM-ELEC-998,KA-NORTH,OPEN,LOWEST_PRICE,OPEN_ELIGIBILITY,2025-02-07,2025-03-04,8143558.43,AWARDED
T00693,ocds-synthetic-00693,D09,D09,State Transport Division,VEHICLE_SUPPLIES,VEHICLE_PARTS,ITEM-VEHI-843,KA-SOUTH,OPEN,LOWEST_PRICE,OPEN_ELIGIBILITY,2024-02-14,2024-03-12,8592291.95,AWARDED
T00694,ocds-synthetic-00694,D17,D17,Higher Education Procurement Division,CIVIL_MAINTENANCE,ROAD_MAINTENANCE,ITEM-CIVI-808,KA-BENGALURU,OPEN,LOWEST_PRICE,OPEN_ELIGIBILITY,2025-09-10,2025-10-18,3535426.81,AWARDED
T00695,ocds-synthetic-00695,D12,D12,Housing Infrastructure Division,CIVIL_MAINTENANCE,GENERAL_REPAIRS,ITEM-CIVI-868,KA-SOUTH,OPEN,LOWEST_PRICE,OPEN_ELIGIBILITY,2025-08-17,2025-09-10,8388947.24,AWARDED
T00696,ocds-synthetic-00696,D01,D01,State Works Division - North,MEDICAL_SUPPLIES,MEDICAL_DEVICES,ITEM-MEDI-729,KA-NORTH,OPEN,LOWEST_PRICE,OPEN_ELIGIBILITY,2025-11-06,2025-12-09,6844918.04,AWARDED
T00697,ocds-synthetic-00697,D03,D03,State Health Procurement Division,BUILDING_CONSTRUCTION,RENOVATION,ITEM-BUIL-314,KA-CENTRAL,OPEN,LOWEST_PRICE,OPEN_ELIGIBILITY,2024-06-11,2024-06-23,29433914.31,AWARDED
T00698,ocds-synthetic-00698,D16,D16,Infrastructure Development Division,ELECTRICAL_EQUIPMENT,CABLING,ITEM-ELEC-289,KA-CENTRAL,OPEN,LOWEST_PRICE,OPEN_ELIGIBILITY,2025-04-21,2025-05-16,10615765.53,AWARDED
T00699,ocds-synthetic-00699,D11,D11,Urban Technology Division,FURNITURE,HOSPITAL_FURNITURE,ITEM-FURN-445,KA-BENGALURU,OPEN,LOWEST_PRICE,OPEN_ELIGIBILITY,2025-08-22,2025-09-11,4386660.6,AWARDED
T00700,ocds-synthetic-00700,D18,D18,Industrial Development Division,VEHICLE_SUPPLIES,FLEET_MAINTENANCE,ITEM-VEHI-521,KA-CENTRAL,OPEN,LOWEST_PRICE,OPEN_ELIGIBILITY,2024-01-10,2024-02-02,2151564.49,AWARDED
T00701,ocds-synthetic-00701,D17,D17,Higher Education Procurement Division,MEDICAL_SUPPLIES,HOSPITAL_SUPPLIES,ITEM-MEDI-561,KA-BENGALURU,OPEN,LOWEST_PRICE,OPEN_ELIGIBILITY,2024-09-26,2024-10-21,12434834.28,AWARDED
T00702,ocds-synthetic-00702,D09,D09,State Transport Division,ROAD_CONSTRUCTION,ROAD_MAINTENANCE,ITEM-ROAD-872,KA-SOUTH,OPEN,LOWEST_PRICE,OPEN_ELIGIBILITY,2025-06-16,2025-07-08,56643585.19,AWARDED
T00703,ocds-synthetic-00703,D17,D17,Higher Education Procurement Division,ELECTRICAL_EQUIPMENT,CONTROL_EQUIPMENT,ITEM-ELEC-424,KA-BENGALURU,OPEN,LOWEST_PRICE,OPEN_ELIGIBILITY,2024-03-06,2024-03-24,3871671.17,AWARDED
T00704,ocds-synthetic-00704,D13,D13,Tourism Infrastructure Division,FURNITURE,HOSPITAL_FURNITURE,ITEM-FURN-413,KA-CENTRAL,OPEN,LOWEST_PRICE,OPEN_ELIGIBILITY,2024-12-26,2025-01-26,2654395.81,AWARDED
T00705,ocds-synthetic-00705,D10,D10,Medical Services Procurement Division,BUILDING_CONSTRUCTION,CIVIL_BUILDING_WORKS,ITEM-BUIL-535,KA-CENTRAL,OPEN,LOWEST_PRICE,OPEN_ELIGIBILITY,2025-04-23,2025-06-02,11627412.69,AWARDED
T00706,ocds-synthetic-00706,D16,D16,Infrastructure Development Division,LAB_EQUIPMENT,ANALYTICAL_INSTRUMENTS,ITEM-LAB_-835,KA-CENTRAL,OPEN,QUALITY_AND_COST,OPEN_ELIGIBILITY,2025-06-03,2025-07-10,9344244.95,AWARDED
T00707,ocds-synthetic-00707,D16,D16,Infrastructure Development Division,WATER_INFRASTRUCTURE,WATER_TREATMENT,ITEM-WATE-240,KA-CENTRAL,OPEN,LOWEST_PRICE,OPEN_ELIGIBILITY,2024-11-20,2024-12-28,45500090.64,AWARDED
T00708,ocds-synthetic-00708,D06,D06,Water Resources Division,LAB_EQUIPMENT,SCIENTIFIC_EQUIPMENT,ITEM-LAB_-813,KA-SOUTH,OPEN,QUALITY_AND_COST,OPEN_ELIGIBILITY,2024-07-22,2024-08-06,4931184.56,AWARDED
T00709,ocds-synthetic-00709,D14,D14,Agricultural Infrastructure Division,MEDICAL_SUPPLIES,DIAGNOSTIC_EQUIPMENT,ITEM-MEDI-955,KA-NORTH,OPEN,LOWEST_PRICE,OPEN_ELIGIBILITY,2024-06-12,2024-07-01,1800936.12,AWARDED
T00710,ocds-synthetic-00710,D11,D11,Urban Technology Division,MEDICAL_SUPPLIES,HOSPITAL_SUPPLIES,ITEM-MEDI-476,KA-BENGALURU,LIMITED,LOWEST_PRICE,QUALIFIED_SUPPLIERS,2025-07-11,2025-08-09,2568280.84,AWARDED
T00711,ocds-synthetic-00711,D04,D04,State Education Procurement Division,ROAD_CONSTRUCTION,DRAINAGE_WORKS,ITEM-ROAD-479,KA-NORTH,OPEN,LOWEST_PRICE,OPEN_ELIGIBILITY,2024-09-01,2024-09-13,79929552.36,AWARDED
T00712,ocds-synthetic-00712,D15,D15,Energy Procurement Division,BUILDING_CONSTRUCTION,STRUCTURAL_WORKS,ITEM-BUIL-933,KA-SOUTH,OPEN,LOWEST_PRICE,OPEN_ELIGIBILITY,2025-08-07,2025-08-26,7897685.44,AWARDED
T00713,ocds-synthetic-00713,D04,D04,State Education Procurement Division,ROAD_CONSTRUCTION,DRAINAGE_WORKS,ITEM-ROAD-441,KA-NORTH,OPEN,LOWEST_PRICE,OPEN_ELIGIBILITY,2026-08-16,2026-08-31,73705669.11,AWARDED
T00714,ocds-synthetic-00714,D04,D04,State Education Procurement Division,ELECTRICAL_EQUIPMENT,SWITCHGEAR,ITEM-ELEC-275,KA-NORTH,OPEN,LOWEST_PRICE,OPEN_ELIGIBILITY,2024-08-06,2024-08-22,7865650.9,AWARDED
T00715,ocds-synthetic-00715,D06,D06,Water Resources Division,LAB_EQUIPMENT,CALIBRATION_EQUIPMENT,ITEM-LAB_-212,KA-SOUTH,OPEN,LOWEST_PRICE,OPEN_ELIGIBILITY,2025-09-22,2025-11-06,3456732.36,AWARDED
T00716,ocds-synthetic-00716,D18,D18,Industrial Development Division,ROAD_CONSTRUCTION,DRAINAGE_WORKS,ITEM-ROAD-981,KA-CENTRAL,OPEN,LOWEST_PRICE,OPEN_ELIGIBILITY,2026-07-05,2026-07-18,50749973.02,AWARDED
T00717,ocds-synthetic-00717,D19,D19,Forest Infrastructure Division,IT_SERVICES,NETWORK_INFRASTRUCTURE,ITEM-IT_S-516,KA-NORTH,OPEN,LOWEST_PRICE,OPEN_ELIGIBILITY,2026-08-05,2026-08-31,7103051.56,AWARDED
T00718,ocds-synthetic-00718,D17,D17,Higher Education Procurement Division,FURNITURE,OFFICE_FURNITURE,ITEM-FURN-747,KA-BENGALURU,OPEN,LOWEST_PRICE,OPEN_ELIGIBILITY,2025-04-25,2025-05-27,6501682.75,AWARDED
T00719,ocds-synthetic-00719,D07,D07,Power Systems Division,CIVIL_MAINTENANCE,BUILDING_MAINTENANCE,ITEM-CIVI-535,KA-NORTH,OPEN,LOWEST_PRICE,OPEN_ELIGIBILITY,2024-11-04,2024-11-25,1436448.17,AWARDED
T00720,ocds-synthetic-00720,D08,D08,Municipal Services Division,LAB_EQUIPMENT,CALIBRATION_EQUIPMENT,ITEM-LAB_-887,KA-CENTRAL,OPEN,QUALITY_AND_COST,OPEN_ELIGIBILITY,2024-02-07,2024-02-21,4706900.84,AWARDED
T00721,ocds-synthetic-00721,D07,D07,Power Systems Division,ELECTRICAL_EQUIPMENT,CONTROL_EQUIPMENT,ITEM-ELEC-243,KA-NORTH,OPEN,LOWEST_PRICE,OPEN_ELIGIBILITY,2026-02-14,2026-03-18,52406003.29,AWARDED
T00722,ocds-synthetic-00722,D01,D01,State Works Division - North,CIVIL_MAINTENANCE,ELECTRICAL_MAINTENANCE,ITEM-CIVI-974,KA-NORTH,OPEN,LOWEST_PRICE,OPEN_ELIGIBILITY,2024-03-14,2024-04-03,29125058.62,AWARDED
T00723,ocds-synthetic-00723,D11,D11,Urban Technology Division,MEDICAL_SUPPLIES,SURGICAL_CONSUMABLES,ITEM-MEDI-989,KA-BENGALURU,LIMITED,LOWEST_PRICE,QUALIFIED_SUPPLIERS,2025-09-24,2025-10-22,4828671.74,AWARDED
T00724,ocds-synthetic-00724,D02,D02,Urban Infrastructure Division - South,ROAD_CONSTRUCTION,ROAD_RESURFACING,ITEM-ROAD-871,KA-SOUTH,OPEN,LOWEST_PRICE,OPEN_ELIGIBILITY,2025-06-25,2025-07-08,21413353.28,AWARDED
T00725,ocds-synthetic-00725,D03,D03,State Health Procurement Division,VEHICLE_SUPPLIES,SPECIAL_PURPOSE_VEHICLES,ITEM-VEHI-235,KA-CENTRAL,OPEN,LOWEST_PRICE,OPEN_ELIGIBILITY,2024-11-20,2024-12-15,15146749.39,AWARDED
T00726,ocds-synthetic-00726,D19,D19,Forest Infrastructure Division,BUILDING_CONSTRUCTION,CIVIL_BUILDING_WORKS,ITEM-BUIL-529,KA-NORTH,OPEN,LOWEST_PRICE,OPEN_ELIGIBILITY,2025-07-08,2025-08-22,27563058.59,AWARDED
T00727,ocds-synthetic-00727,D13,D13,Tourism Infrastructure Division,WATER_INFRASTRUCTURE,IRRIGATION_WORKS,ITEM-WATE-141,KA-CENTRAL,OPEN,LOWEST_PRICE,OPEN_ELIGIBILITY,2025-08-27,2025-10-06,22548728.2,AWARDED
T00728,ocds-synthetic-00728,D18,D18,Industrial Development Division,CIVIL_MAINTENANCE,ELECTRICAL_MAINTENANCE,ITEM-CIVI-568,KA-CENTRAL,OPEN,LOWEST_PRICE,OPEN_ELIGIBILITY,2026-07-19,2026-08-03,26164360.39,AWARDED
T00729,ocds-synthetic-00729,D10,D10,Medical Services Procurement Division,WATER_INFRASTRUCTURE,WATER_TREATMENT,ITEM-WATE-940,KA-CENTRAL,TWO_STAGE,LOWEST_PRICE,QUALIFIED_SUPPLIERS,2026-04-03,2026-05-23,7443688.16,AWARDED
T00730,ocds-synthetic-00730,D02,D02,Urban Infrastructure Division - South,IT_SERVICES,SOFTWARE_DEVELOPMENT,ITEM-IT_S-559,KA-SOUTH,OPEN,QUALITY_AND_COST,OPEN_ELIGIBILITY,2025-06-13,2025-07-28,44139996.37,AWARDED
T00731,ocds-synthetic-00731,D08,D08,Municipal Services Division,CIVIL_MAINTENANCE,ELECTRICAL_MAINTENANCE,ITEM-CIVI-224,KA-CENTRAL,OPEN,LOWEST_PRICE,OPEN_ELIGIBILITY,2026-03-21,2026-04-18,6953538.18,AWARDED
T00732,ocds-synthetic-00732,D06,D06,Water Resources Division,BUILDING_CONSTRUCTION,RENOVATION,ITEM-BUIL-770,KA-SOUTH,OPEN,LOWEST_PRICE,OPEN_ELIGIBILITY,2026-01-13,2026-02-20,72718835.37,AWARDED
T00733,ocds-synthetic-00733,D03,D03,State Health Procurement Division,BUILDING_CONSTRUCTION,CIVIL_BUILDING_WORKS,ITEM-BUIL-229,KA-CENTRAL,OPEN,LOWEST_PRICE,OPEN_ELIGIBILITY,2024-02-12,2024-03-11,84223724.92,AWARDED
T00734,ocds-synthetic-00734,D17,D17,Higher Education Procurement Division,MEDICAL_SUPPLIES,DIAGNOSTIC_EQUIPMENT,ITEM-MEDI-979,KA-BENGALURU,OPEN,LOWEST_PRICE,OPEN_ELIGIBILITY,2025-04-27,2025-05-25,20309670.62,AWARDED
T00735,ocds-synthetic-00735,D18,D18,Industrial Development Division,MEDICAL_SUPPLIES,MEDICAL_DEVICES,ITEM-MEDI-486,KA-CENTRAL,OPEN,LOWEST_PRICE,OPEN_ELIGIBILITY,2024-06-01,2024-07-07,3140985.12,AWARDED
T00736,ocds-synthetic-00736,D16,D16,Infrastructure Development Division,ROAD_CONSTRUCTION,ROAD_RESURFACING,ITEM-ROAD-193,KA-CENTRAL,OPEN,LOWEST_PRICE,OPEN_ELIGIBILITY,2026-07-23,2026-08-16,7259186.7,AWARDED
T00737,ocds-synthetic-00737,D20,D20,Public Health Engineering Division,CIVIL_MAINTENANCE,BUILDING_MAINTENANCE,ITEM-CIVI-572,KA-SOUTH,OPEN,LOWEST_PRICE,OPEN_ELIGIBILITY,2024-07-20,2024-08-03,690135.01,AWARDED
T00738,ocds-synthetic-00738,D08,D08,Municipal Services Division,FURNITURE,SCHOOL_FURNITURE,ITEM-FURN-136,KA-CENTRAL,OPEN,LOWEST_PRICE,OPEN_ELIGIBILITY,2024-12-09,2025-01-02,6864180.58,AWARDED
T00739,ocds-synthetic-00739,D07,D07,Power Systems Division,ROAD_CONSTRUCTION,ROAD_WIDENING,ITEM-ROAD-696,KA-NORTH,OPEN,LOWEST_PRICE,OPEN_ELIGIBILITY,2025-10-19,2025-11-29,33730031.21,AWARDED
T00740,ocds-synthetic-00740,D15,D15,Energy Procurement Division,ROAD_CONSTRUCTION,ROAD_WIDENING,ITEM-ROAD-117,KA-SOUTH,OPEN,LOWEST_PRICE,OPEN_ELIGIBILITY,2025-01-23,2025-02-19,8709009.08,AWARDED
T00741,ocds-synthetic-00741,D11,D11,Urban Technology Division,VEHICLE_SUPPLIES,VEHICLE_PARTS,ITEM-VEHI-775,KA-BENGALURU,TWO_STAGE,LOWEST_PRICE,QUALIFIED_SUPPLIERS,2024-12-28,2025-03-05,9666763.73,AWARDED
T00742,ocds-synthetic-00742,D13,D13,Tourism Infrastructure Division,IT_SERVICES,CYBERSECURITY,ITEM-IT_S-185,KA-CENTRAL,OPEN,QUALITY_AND_COST,OPEN_ELIGIBILITY,2026-01-13,2026-02-26,16706104.76,AWARDED
T00743,ocds-synthetic-00743,D17,D17,Higher Education Procurement Division,ELECTRICAL_EQUIPMENT,SWITCHGEAR,ITEM-ELEC-321,KA-BENGALURU,OPEN,LOWEST_PRICE,OPEN_ELIGIBILITY,2025-08-08,2025-08-22,8693685.9,AWARDED
T00744,ocds-synthetic-00744,D16,D16,Infrastructure Development Division,ELECTRICAL_EQUIPMENT,CONTROL_EQUIPMENT,ITEM-ELEC-960,KA-CENTRAL,LIMITED,LOWEST_PRICE,QUALIFIED_SUPPLIERS,2025-07-07,2025-07-14,6724885.05,AWARDED
T00745,ocds-synthetic-00745,D02,D02,Urban Infrastructure Division - South,CIVIL_MAINTENANCE,GENERAL_REPAIRS,ITEM-CIVI-941,KA-SOUTH,OPEN,LOWEST_PRICE,OPEN_ELIGIBILITY,2025-01-09,2025-02-21,26544176.29,AWARDED
T00746,ocds-synthetic-00746,D16,D16,Infrastructure Development Division,ELECTRICAL_EQUIPMENT,SWITCHGEAR,ITEM-ELEC-647,KA-CENTRAL,OPEN,LOWEST_PRICE,OPEN_ELIGIBILITY,2024-02-20,2024-03-22,2446029.37,AWARDED
T00747,ocds-synthetic-00747,D09,D09,State Transport Division,CIVIL_MAINTENANCE,GENERAL_REPAIRS,ITEM-CIVI-252,KA-SOUTH,OPEN,LOWEST_PRICE,OPEN_ELIGIBILITY,2025-04-11,2025-05-14,9770221.2,AWARDED
T00748,ocds-synthetic-00748,D20,D20,Public Health Engineering Division,CIVIL_MAINTENANCE,BUILDING_MAINTENANCE,ITEM-CIVI-177,KA-SOUTH,OPEN,LOWEST_PRICE,OPEN_ELIGIBILITY,2025-07-14,2025-07-28,22635480.74,AWARDED
T00749,ocds-synthetic-00749,D13,D13,Tourism Infrastructure Division,CIVIL_MAINTENANCE,ROAD_MAINTENANCE,ITEM-CIVI-660,KA-CENTRAL,OPEN,LOWEST_PRICE,OPEN_ELIGIBILITY,2025-04-01,2025-04-18,4322995.94,AWARDED
T00750,ocds-synthetic-00750,D19,D19,Forest Infrastructure Division,CIVIL_MAINTENANCE,ROAD_MAINTENANCE,ITEM-CIVI-434,KA-NORTH,OPEN,LOWEST_PRICE,OPEN_ELIGIBILITY,2026-08-18,2026-08-31,3755167.03,AWARDED
T00751,ocds-synthetic-00751,D17,D17,Higher Education Procurement Division,ROAD_CONSTRUCTION,DRAINAGE_WORKS,ITEM-ROAD-260,KA-BENGALURU,OPEN,LOWEST_PRICE,OPEN_ELIGIBILITY,2024-04-11,2024-05-10,13195032.74,AWARDED
T00752,ocds-synthetic-00752,D01,D01,State Works Division - North,FURNITURE,OFFICE_FURNITURE,ITEM-FURN-730,KA-NORTH,LIMITED,LOWEST_PRICE,QUALIFIED_SUPPLIERS,2024-01-18,2024-02-05,1518845.81,AWARDED
T00753,ocds-synthetic-00753,D19,D19,Forest Infrastructure Division,CIVIL_MAINTENANCE,BUILDING_MAINTENANCE,ITEM-CIVI-557,KA-NORTH,OPEN,LOWEST_PRICE,OPEN_ELIGIBILITY,2025-06-05,2025-07-02,4495303.74,AWARDED
T00754,ocds-synthetic-00754,D15,D15,Energy Procurement Division,BUILDING_CONSTRUCTION,STRUCTURAL_WORKS,ITEM-BUIL-157,KA-SOUTH,OPEN,LOWEST_PRICE,OPEN_ELIGIBILITY,2025-09-21,2025-10-07,39596083.46,AWARDED
T00755,ocds-synthetic-00755,D13,D13,Tourism Infrastructure Division,FURNITURE,HOSPITAL_FURNITURE,ITEM-FURN-599,KA-CENTRAL,LIMITED,LOWEST_PRICE,QUALIFIED_SUPPLIERS,2026-04-21,2026-05-11,1236633.54,AWARDED
T00756,ocds-synthetic-00756,D10,D10,Medical Services Procurement Division,CIVIL_MAINTENANCE,BUILDING_MAINTENANCE,ITEM-CIVI-170,KA-CENTRAL,OPEN,LOWEST_PRICE,OPEN_ELIGIBILITY,2025-06-05,2025-07-15,2961874.76,AWARDED
T00757,ocds-synthetic-00757,D07,D07,Power Systems Division,CIVIL_MAINTENANCE,GENERAL_REPAIRS,ITEM-CIVI-633,KA-NORTH,OPEN,LOWEST_PRICE,OPEN_ELIGIBILITY,2024-06-23,2024-07-24,5280886.26,AWARDED
T00758,ocds-synthetic-00758,D07,D07,Power Systems Division,ROAD_CONSTRUCTION,ROAD_WIDENING,ITEM-ROAD-323,KA-NORTH,OPEN,LOWEST_PRICE,OPEN_ELIGIBILITY,2024-02-25,2024-04-05,25825605.63,AWARDED
T00759,ocds-synthetic-00759,D20,D20,Public Health Engineering Division,IT_SERVICES,SOFTWARE_DEVELOPMENT,ITEM-IT_S-304,KA-SOUTH,OPEN,LOWEST_PRICE,OPEN_ELIGIBILITY,2024-03-23,2024-05-06,9400928.87,AWARDED
T00760,ocds-synthetic-00760,D16,D16,Infrastructure Development Division,CIVIL_MAINTENANCE,BUILDING_MAINTENANCE,ITEM-CIVI-308,KA-CENTRAL,OPEN,LOWEST_PRICE,OPEN_ELIGIBILITY,2024-09-23,2024-10-14,14410030.76,AWARDED
T00761,ocds-synthetic-00761,D13,D13,Tourism Infrastructure Division,IT_SERVICES,CYBERSECURITY,ITEM-IT_S-585,KA-CENTRAL,OPEN,LOWEST_PRICE,OPEN_ELIGIBILITY,2025-06-22,2025-07-07,3362091.2,AWARDED
T00762,ocds-synthetic-00762,D17,D17,Higher Education Procurement Division,ROAD_CONSTRUCTION,DRAINAGE_WORKS,ITEM-ROAD-352,KA-BENGALURU,OPEN,LOWEST_PRICE,OPEN_ELIGIBILITY,2024-07-19,2024-08-29,2427149.32,AWARDED
T00763,ocds-synthetic-00763,D10,D10,Medical Services Procurement Division,CIVIL_MAINTENANCE,ELECTRICAL_MAINTENANCE,ITEM-CIVI-779,KA-CENTRAL,OPEN,LOWEST_PRICE,OPEN_ELIGIBILITY,2025-05-21,2025-06-23,16747449.17,AWARDED
T00764,ocds-synthetic-00764,D05,D05,Rural Development Division,MEDICAL_SUPPLIES,HOSPITAL_SUPPLIES,ITEM-MEDI-338,KA-NORTH,TWO_STAGE,LOWEST_PRICE,QUALIFIED_SUPPLIERS,2025-12-23,2026-01-18,5068419.59,AWARDED
T00765,ocds-synthetic-00765,D07,D07,Power Systems Division,BUILDING_CONSTRUCTION,PUBLIC_BUILDING,ITEM-BUIL-894,KA-NORTH,OPEN,LOWEST_PRICE,OPEN_ELIGIBILITY,2026-06-25,2026-07-18,12755304.25,AWARDED
T00766,ocds-synthetic-00766,D15,D15,Energy Procurement Division,BUILDING_CONSTRUCTION,CIVIL_BUILDING_WORKS,ITEM-BUIL-148,KA-SOUTH,OPEN,LOWEST_PRICE,OPEN_ELIGIBILITY,2024-12-31,2025-01-13,28865508.17,AWARDED
T00767,ocds-synthetic-00767,D15,D15,Energy Procurement Division,ROAD_CONSTRUCTION,BITUMINOUS_WORKS,ITEM-ROAD-630,KA-SOUTH,OPEN,LOWEST_PRICE,OPEN_ELIGIBILITY,2024-06-04,2024-07-14,55517548.13,AWARDED
T00768,ocds-synthetic-00768,D13,D13,Tourism Infrastructure Division,MEDICAL_SUPPLIES,HOSPITAL_SUPPLIES,ITEM-MEDI-401,KA-CENTRAL,OPEN,LOWEST_PRICE,OPEN_ELIGIBILITY,2024-12-13,2024-12-30,3917419.52,AWARDED
T00769,ocds-synthetic-00769,D04,D04,State Education Procurement Division,MEDICAL_SUPPLIES,DIAGNOSTIC_EQUIPMENT,ITEM-MEDI-395,KA-NORTH,OPEN,LOWEST_PRICE,OPEN_ELIGIBILITY,2024-12-14,2025-01-20,3109417.46,AWARDED
T00770,ocds-synthetic-00770,D17,D17,Higher Education Procurement Division,FURNITURE,HOSPITAL_FURNITURE,ITEM-FURN-636,KA-BENGALURU,LIMITED,LOWEST_PRICE,QUALIFIED_SUPPLIERS,2025-04-15,2025-04-30,629045.91,AWARDED
T00771,ocds-synthetic-00771,D17,D17,Higher Education Procurement Division,LAB_EQUIPMENT,SCIENTIFIC_EQUIPMENT,ITEM-LAB_-158,KA-BENGALURU,OPEN,LOWEST_PRICE,OPEN_ELIGIBILITY,2026-08-22,2026-08-31,3455713.88,AWARDED
T00772,ocds-synthetic-00772,D19,D19,Forest Infrastructure Division,WATER_INFRASTRUCTURE,WATER_TREATMENT,ITEM-WATE-138,KA-NORTH,OPEN,LOWEST_PRICE,OPEN_ELIGIBILITY,2024-09-12,2024-10-01,15639241.56,AWARDED
T00773,ocds-synthetic-00773,D14,D14,Agricultural Infrastructure Division,MEDICAL_SUPPLIES,MEDICAL_DEVICES,ITEM-MEDI-721,KA-NORTH,OPEN,LOWEST_PRICE,OPEN_ELIGIBILITY,2025-09-13,2025-10-06,6723414.41,AWARDED
T00774,ocds-synthetic-00774,D03,D03,State Health Procurement Division,MEDICAL_SUPPLIES,DIAGNOSTIC_EQUIPMENT,ITEM-MEDI-296,KA-CENTRAL,OPEN,LOWEST_PRICE,OPEN_ELIGIBILITY,2025-08-21,2025-09-29,17628832.12,AWARDED
T00775,ocds-synthetic-00775,D04,D04,State Education Procurement Division,MEDICAL_SUPPLIES,DIAGNOSTIC_EQUIPMENT,ITEM-MEDI-515,KA-NORTH,OPEN,LOWEST_PRICE,OPEN_ELIGIBILITY,2024-07-27,2024-08-19,4572017.65,AWARDED
T00776,ocds-synthetic-00776,D02,D02,Urban Infrastructure Division - South,WATER_INFRASTRUCTURE,PUMPING_SYSTEMS,ITEM-WATE-299,KA-SOUTH,LIMITED,LOWEST_PRICE,QUALIFIED_SUPPLIERS,2024-08-06,2024-08-30,31313382.21,AWARDED
T00777,ocds-synthetic-00777,D14,D14,Agricultural Infrastructure Division,IT_SERVICES,SOFTWARE_DEVELOPMENT,ITEM-IT_S-319,KA-NORTH,TWO_STAGE,LOWEST_PRICE,QUALIFIED_SUPPLIERS,2026-04-17,2026-05-17,3542388.89,AWARDED
T00778,ocds-synthetic-00778,D04,D04,State Education Procurement Division,ROAD_CONSTRUCTION,ROAD_RESURFACING,ITEM-ROAD-384,KA-NORTH,OPEN,LOWEST_PRICE,OPEN_ELIGIBILITY,2024-02-16,2024-03-05,31778512.35,AWARDED
T00779,ocds-synthetic-00779,D10,D10,Medical Services Procurement Division,IT_SERVICES,IT_HARDWARE,ITEM-IT_S-537,KA-CENTRAL,OPEN,LOWEST_PRICE,OPEN_ELIGIBILITY,2024-08-25,2024-10-05,11264513.98,AWARDED
T00780,ocds-synthetic-00780,D13,D13,Tourism Infrastructure Division,ROAD_CONSTRUCTION,BITUMINOUS_WORKS,ITEM-ROAD-700,KA-CENTRAL,OPEN,LOWEST_PRICE,OPEN_ELIGIBILITY,2025-08-07,2025-09-09,53245206.36,AWARDED
T00781,ocds-synthetic-00781,D08,D08,Municipal Services Division,ELECTRICAL_EQUIPMENT,TRANSFORMERS,ITEM-ELEC-646,KA-CENTRAL,TWO_STAGE,LOWEST_PRICE,QUALIFIED_SUPPLIERS,2024-05-17,2024-06-16,3216119.87,AWARDED
T00782,ocds-synthetic-00782,D14,D14,Agricultural Infrastructure Division,VEHICLE_SUPPLIES,FLEET_MAINTENANCE,ITEM-VEHI-417,KA-NORTH,OPEN,LOWEST_PRICE,OPEN_ELIGIBILITY,2025-02-07,2025-03-24,20710991.12,AWARDED
T00783,ocds-synthetic-00783,D02,D02,Urban Infrastructure Division - South,BUILDING_CONSTRUCTION,PUBLIC_BUILDING,ITEM-BUIL-359,KA-SOUTH,OPEN,LOWEST_PRICE,OPEN_ELIGIBILITY,2024-08-05,2024-08-18,30623515.06,AWARDED
T00784,ocds-synthetic-00784,D12,D12,Housing Infrastructure Division,ELECTRICAL_EQUIPMENT,CONTROL_EQUIPMENT,ITEM-ELEC-712,KA-SOUTH,TWO_STAGE,LOWEST_PRICE,QUALIFIED_SUPPLIERS,2024-10-23,2024-11-22,13283191.76,AWARDED
T00785,ocds-synthetic-00785,D01,D01,State Works Division - North,ELECTRICAL_EQUIPMENT,CONTROL_EQUIPMENT,ITEM-ELEC-704,KA-NORTH,LIMITED,LOWEST_PRICE,QUALIFIED_SUPPLIERS,2026-06-06,2026-07-03,8255727.18,AWARDED
T00786,ocds-synthetic-00786,D04,D04,State Education Procurement Division,BUILDING_CONSTRUCTION,PUBLIC_BUILDING,ITEM-BUIL-583,KA-NORTH,OPEN,LOWEST_PRICE,OPEN_ELIGIBILITY,2024-03-08,2024-04-05,179407898.88,AWARDED
T00787,ocds-synthetic-00787,D10,D10,Medical Services Procurement Division,LAB_EQUIPMENT,ANALYTICAL_INSTRUMENTS,ITEM-LAB_-944,KA-CENTRAL,OPEN,LOWEST_PRICE,OPEN_ELIGIBILITY,2026-03-12,2026-03-29,1993526.97,AWARDED
T00788,ocds-synthetic-00788,D07,D07,Power Systems Division,BUILDING_CONSTRUCTION,PUBLIC_BUILDING,ITEM-BUIL-463,KA-NORTH,OPEN,LOWEST_PRICE,OPEN_ELIGIBILITY,2024-08-24,2024-09-23,27400496.16,AWARDED
T00789,ocds-synthetic-00789,D03,D03,State Health Procurement Division,CIVIL_MAINTENANCE,BUILDING_MAINTENANCE,ITEM-CIVI-462,KA-CENTRAL,OPEN,LOWEST_PRICE,OPEN_ELIGIBILITY,2026-04-04,2026-05-19,11463681.08,AWARDED
T00790,ocds-synthetic-00790,D02,D02,Urban Infrastructure Division - South,MEDICAL_SUPPLIES,DIAGNOSTIC_EQUIPMENT,ITEM-MEDI-880,KA-SOUTH,LIMITED,LOWEST_PRICE,QUALIFIED_SUPPLIERS,2024-05-30,2024-06-12,8238807.7,AWARDED
T00791,ocds-synthetic-00791,D17,D17,Higher Education Procurement Division,ROAD_CONSTRUCTION,BITUMINOUS_WORKS,ITEM-ROAD-413,KA-BENGALURU,TWO_STAGE,LOWEST_PRICE,QUALIFIED_SUPPLIERS,2025-06-12,2025-07-26,28827942.56,AWARDED
T00792,ocds-synthetic-00792,D14,D14,Agricultural Infrastructure Division,LAB_EQUIPMENT,LABORATORY_SYSTEMS,ITEM-LAB_-477,KA-NORTH,OPEN,LOWEST_PRICE,OPEN_ELIGIBILITY,2024-03-05,2024-03-17,3735232.78,AWARDED
T00793,ocds-synthetic-00793,D12,D12,Housing Infrastructure Division,IT_SERVICES,CLOUD_SERVICES,ITEM-IT_S-899,KA-SOUTH,OPEN,LOWEST_PRICE,OPEN_ELIGIBILITY,2026-02-22,2026-03-20,32565650.38,AWARDED
T00794,ocds-synthetic-00794,D02,D02,Urban Infrastructure Division - South,LAB_EQUIPMENT,CALIBRATION_EQUIPMENT,ITEM-LAB_-585,KA-SOUTH,OPEN,LOWEST_PRICE,OPEN_ELIGIBILITY,2024-10-03,2024-11-08,1841141.4,AWARDED
T00795,ocds-synthetic-00795,D01,D01,State Works Division - North,ROAD_CONSTRUCTION,ROAD_RESURFACING,ITEM-ROAD-539,KA-NORTH,OPEN,LOWEST_PRICE,OPEN_ELIGIBILITY,2025-09-22,2025-10-14,100877108.12,AWARDED
T00796,ocds-synthetic-00796,D20,D20,Public Health Engineering Division,IT_SERVICES,NETWORK_INFRASTRUCTURE,ITEM-IT_S-360,KA-SOUTH,OPEN,LOWEST_PRICE,OPEN_ELIGIBILITY,2025-11-07,2025-12-10,21745261.23,AWARDED
T00797,ocds-synthetic-00797,D11,D11,Urban Technology Division,ROAD_CONSTRUCTION,ROAD_WIDENING,ITEM-ROAD-695,KA-BENGALURU,OPEN,LOWEST_PRICE,OPEN_ELIGIBILITY,2026-03-17,2026-04-20,24913231.37,AWARDED
T00798,ocds-synthetic-00798,D12,D12,Housing Infrastructure Division,MEDICAL_SUPPLIES,MEDICAL_DEVICES,ITEM-MEDI-856,KA-SOUTH,OPEN,LOWEST_PRICE,OPEN_ELIGIBILITY,2024-03-26,2024-04-08,4584299.81,AWARDED
T00799,ocds-synthetic-00799,D06,D06,Water Resources Division,IT_SERVICES,IT_HARDWARE,ITEM-IT_S-799,KA-SOUTH,LIMITED,LOWEST_PRICE,QUALIFIED_SUPPLIERS,2026-04-28,2026-05-11,39331710.02,AWARDED
T00800,ocds-synthetic-00800,D15,D15,Energy Procurement Division,FURNITURE,SCHOOL_FURNITURE,ITEM-FURN-914,KA-SOUTH,OPEN,LOWEST_PRICE,OPEN_ELIGIBILITY,2024-08-06,2024-09-15,4412625.46,AWARDED
T00801,ocds-synthetic-00801,D06,D06,Water Resources Division,WATER_INFRASTRUCTURE,IRRIGATION_WORKS,ITEM-WATE-276,KA-SOUTH,OPEN,LOWEST_PRICE,OPEN_ELIGIBILITY,2024-12-21,2025-01-09,10175717.58,AWARDED
T00802,ocds-synthetic-00802,D11,D11,Urban Technology Division,VEHICLE_SUPPLIES,FLEET_MAINTENANCE,ITEM-VEHI-453,KA-BENGALURU,OPEN,LOWEST_PRICE,OPEN_ELIGIBILITY,2026-04-11,2026-05-19,7170722.31,AWARDED
T00803,ocds-synthetic-00803,D10,D10,Medical Services Procurement Division,WATER_INFRASTRUCTURE,IRRIGATION_WORKS,ITEM-WATE-148,KA-CENTRAL,OPEN,LOWEST_PRICE,OPEN_ELIGIBILITY,2025-03-24,2025-05-06,31946978.4,AWARDED
T00804,ocds-synthetic-00804,D15,D15,Energy Procurement Division,FURNITURE,OFFICE_FURNITURE,ITEM-FURN-803,KA-SOUTH,OPEN,LOWEST_PRICE,OPEN_ELIGIBILITY,2026-06-29,2026-07-26,1049974.51,AWARDED
T00805,ocds-synthetic-00805,D01,D01,State Works Division - North,ELECTRICAL_EQUIPMENT,CABLING,ITEM-ELEC-209,KA-NORTH,OPEN,LOWEST_PRICE,OPEN_ELIGIBILITY,2024-04-15,2024-05-09,9964483.95,AWARDED
T00806,ocds-synthetic-00806,D11,D11,Urban Technology Division,CIVIL_MAINTENANCE,ELECTRICAL_MAINTENANCE,ITEM-CIVI-113,KA-BENGALURU,OPEN,LOWEST_PRICE,OPEN_ELIGIBILITY,2026-06-02,2026-07-13,3140301.12,AWARDED
T00807,ocds-synthetic-00807,D20,D20,Public Health Engineering Division,IT_SERVICES,CLOUD_SERVICES,ITEM-IT_S-401,KA-SOUTH,TWO_STAGE,QUALITY_AND_COST,QUALIFIED_SUPPLIERS,2025-10-13,2025-12-21,16220858.36,AWARDED
T00808,ocds-synthetic-00808,D15,D15,Energy Procurement Division,BUILDING_CONSTRUCTION,CIVIL_BUILDING_WORKS,ITEM-BUIL-149,KA-SOUTH,OPEN,LOWEST_PRICE,OPEN_ELIGIBILITY,2024-03-15,2024-04-08,29310359.17,AWARDED
T00809,ocds-synthetic-00809,D20,D20,Public Health Engineering Division,WATER_INFRASTRUCTURE,PIPELINE_WORKS,ITEM-WATE-294,KA-SOUTH,OPEN,LOWEST_PRICE,OPEN_ELIGIBILITY,2024-09-03,2024-10-06,15102301.45,AWARDED
T00810,ocds-synthetic-00810,D18,D18,Industrial Development Division,IT_SERVICES,NETWORK_INFRASTRUCTURE,ITEM-IT_S-651,KA-CENTRAL,OPEN,LOWEST_PRICE,OPEN_ELIGIBILITY,2025-01-21,2025-02-03,17631411.27,AWARDED
T00811,ocds-synthetic-00811,D11,D11,Urban Technology Division,CIVIL_MAINTENANCE,ROAD_MAINTENANCE,ITEM-CIVI-181,KA-BENGALURU,TWO_STAGE,LOWEST_PRICE,QUALIFIED_SUPPLIERS,2024-11-09,2025-01-03,10219020.27,AWARDED
T00812,ocds-synthetic-00812,D09,D09,State Transport Division,WATER_INFRASTRUCTURE,PIPELINE_WORKS,ITEM-WATE-556,KA-SOUTH,LIMITED,LOWEST_PRICE,QUALIFIED_SUPPLIERS,2025-12-24,2026-01-04,15144929.91,AWARDED
T00813,ocds-synthetic-00813,D05,D05,Rural Development Division,BUILDING_CONSTRUCTION,STRUCTURAL_WORKS,ITEM-BUIL-336,KA-NORTH,OPEN,LOWEST_PRICE,OPEN_ELIGIBILITY,2026-07-17,2026-08-22,74334116.43,AWARDED
T00814,ocds-synthetic-00814,D10,D10,Medical Services Procurement Division,MEDICAL_SUPPLIES,HOSPITAL_SUPPLIES,ITEM-MEDI-372,KA-CENTRAL,LIMITED,LOWEST_PRICE,QUALIFIED_SUPPLIERS,2025-07-05,2025-07-19,13953332.15,AWARDED
T00815,ocds-synthetic-00815,D17,D17,Higher Education Procurement Division,MEDICAL_SUPPLIES,MEDICAL_DEVICES,ITEM-MEDI-263,KA-BENGALURU,TWO_STAGE,LOWEST_PRICE,QUALIFIED_SUPPLIERS,2025-05-30,2025-08-09,13216234.21,AWARDED
T00816,ocds-synthetic-00816,D08,D08,Municipal Services Division,WATER_INFRASTRUCTURE,PIPELINE_WORKS,ITEM-WATE-697,KA-CENTRAL,OPEN,LOWEST_PRICE,OPEN_ELIGIBILITY,2025-04-07,2025-04-19,8116019.16,AWARDED
T00817,ocds-synthetic-00817,D09,D09,State Transport Division,IT_SERVICES,IT_HARDWARE,ITEM-IT_S-429,KA-SOUTH,TWO_STAGE,LOWEST_PRICE,QUALIFIED_SUPPLIERS,2024-04-08,2024-06-11,6015618.84,AWARDED
T00818,ocds-synthetic-00818,D08,D08,Municipal Services Division,MEDICAL_SUPPLIES,MEDICAL_DEVICES,ITEM-MEDI-970,KA-CENTRAL,LIMITED,LOWEST_PRICE,QUALIFIED_SUPPLIERS,2025-07-28,2025-08-21,2918389.78,AWARDED
T00819,ocds-synthetic-00819,D02,D02,Urban Infrastructure Division - South,MEDICAL_SUPPLIES,HOSPITAL_SUPPLIES,ITEM-MEDI-452,KA-SOUTH,OPEN,LOWEST_PRICE,OPEN_ELIGIBILITY,2024-05-07,2024-06-14,3111192.38,AWARDED
T00820,ocds-synthetic-00820,D02,D02,Urban Infrastructure Division - South,CIVIL_MAINTENANCE,GENERAL_REPAIRS,ITEM-CIVI-163,KA-SOUTH,OPEN,LOWEST_PRICE,OPEN_ELIGIBILITY,2026-08-22,2026-08-31,25440893.5,AWARDED
T00821,ocds-synthetic-00821,D17,D17,Higher Education Procurement Division,CIVIL_MAINTENANCE,GENERAL_REPAIRS,ITEM-CIVI-509,KA-BENGALURU,OPEN,LOWEST_PRICE,OPEN_ELIGIBILITY,2025-06-16,2025-07-20,4875853.5,AWARDED
T00822,ocds-synthetic-00822,D16,D16,Infrastructure Development Division,ELECTRICAL_EQUIPMENT,CABLING,ITEM-ELEC-733,KA-CENTRAL,TWO_STAGE,LOWEST_PRICE,QUALIFIED_SUPPLIERS,2024-11-19,2025-01-20,5950086.51,AWARDED
T00823,ocds-synthetic-00823,D11,D11,Urban Technology Division,FURNITURE,OFFICE_FURNITURE,ITEM-FURN-643,KA-BENGALURU,OPEN,LOWEST_PRICE,OPEN_ELIGIBILITY,2025-08-30,2025-09-16,2352082.93,AWARDED
T00824,ocds-synthetic-00824,D16,D16,Infrastructure Development Division,ROAD_CONSTRUCTION,ROAD_WIDENING,ITEM-ROAD-416,KA-CENTRAL,OPEN,LOWEST_PRICE,OPEN_ELIGIBILITY,2026-07-23,2026-08-07,72437862.42,AWARDED
T00825,ocds-synthetic-00825,D08,D08,Municipal Services Division,CIVIL_MAINTENANCE,ROAD_MAINTENANCE,ITEM-CIVI-965,KA-CENTRAL,LIMITED,LOWEST_PRICE,QUALIFIED_SUPPLIERS,2025-03-20,2025-04-01,26434660.2,AWARDED
T00826,ocds-synthetic-00826,D12,D12,Housing Infrastructure Division,MEDICAL_SUPPLIES,SURGICAL_CONSUMABLES,ITEM-MEDI-333,KA-SOUTH,OPEN,LOWEST_PRICE,OPEN_ELIGIBILITY,2025-04-08,2025-05-19,899142.14,AWARDED
T00827,ocds-synthetic-00827,D09,D09,State Transport Division,ELECTRICAL_EQUIPMENT,CONTROL_EQUIPMENT,ITEM-ELEC-177,KA-SOUTH,LIMITED,LOWEST_PRICE,QUALIFIED_SUPPLIERS,2024-03-11,2024-03-27,44284214.79,AWARDED
T00828,ocds-synthetic-00828,D07,D07,Power Systems Division,MEDICAL_SUPPLIES,SURGICAL_CONSUMABLES,ITEM-MEDI-615,KA-NORTH,LIMITED,LOWEST_PRICE,QUALIFIED_SUPPLIERS,2024-01-18,2024-02-07,2807998.78,AWARDED
T00829,ocds-synthetic-00829,D12,D12,Housing Infrastructure Division,CIVIL_MAINTENANCE,ROAD_MAINTENANCE,ITEM-CIVI-389,KA-SOUTH,LIMITED,LOWEST_PRICE,QUALIFIED_SUPPLIERS,2025-06-22,2025-07-16,1321801.79,AWARDED
T00830,ocds-synthetic-00830,D16,D16,Infrastructure Development Division,CIVIL_MAINTENANCE,GENERAL_REPAIRS,ITEM-CIVI-831,KA-CENTRAL,OPEN,LOWEST_PRICE,OPEN_ELIGIBILITY,2024-08-14,2024-09-07,13082948.99,AWARDED
T00831,ocds-synthetic-00831,D17,D17,Higher Education Procurement Division,BUILDING_CONSTRUCTION,CIVIL_BUILDING_WORKS,ITEM-BUIL-540,KA-BENGALURU,OPEN,LOWEST_PRICE,OPEN_ELIGIBILITY,2026-05-31,2026-06-17,22867301.26,AWARDED
T00832,ocds-synthetic-00832,D11,D11,Urban Technology Division,FURNITURE,SCHOOL_FURNITURE,ITEM-FURN-353,KA-BENGALURU,OPEN,LOWEST_PRICE,OPEN_ELIGIBILITY,2024-03-25,2024-04-27,2988976.48,AWARDED
T00833,ocds-synthetic-00833,D05,D05,Rural Development Division,FURNITURE,SCHOOL_FURNITURE,ITEM-FURN-801,KA-NORTH,OPEN,LOWEST_PRICE,OPEN_ELIGIBILITY,2024-01-10,2024-02-04,4153397.95,AWARDED
T00834,ocds-synthetic-00834,D04,D04,State Education Procurement Division,WATER_INFRASTRUCTURE,PUMPING_SYSTEMS,ITEM-WATE-885,KA-NORTH,OPEN,LOWEST_PRICE,OPEN_ELIGIBILITY,2026-04-15,2026-05-07,6117038.22,AWARDED
T00835,ocds-synthetic-00835,D15,D15,Energy Procurement Division,IT_SERVICES,CYBERSECURITY,ITEM-IT_S-609,KA-SOUTH,OPEN,LOWEST_PRICE,OPEN_ELIGIBILITY,2024-05-10,2024-06-11,5452276.7,AWARDED
T00836,ocds-synthetic-00836,D14,D14,Agricultural Infrastructure Division,IT_SERVICES,CLOUD_SERVICES,ITEM-IT_S-712,KA-NORTH,OPEN,QUALITY_AND_COST,OPEN_ELIGIBILITY,2026-03-07,2026-04-17,8091514.11,AWARDED
T00837,ocds-synthetic-00837,D12,D12,Housing Infrastructure Division,ELECTRICAL_EQUIPMENT,CABLING,ITEM-ELEC-488,KA-SOUTH,OPEN,LOWEST_PRICE,OPEN_ELIGIBILITY,2026-02-09,2026-03-20,3998539.84,AWARDED
T00838,ocds-synthetic-00838,D11,D11,Urban Technology Division,BUILDING_CONSTRUCTION,RENOVATION,ITEM-BUIL-808,KA-BENGALURU,OPEN,LOWEST_PRICE,OPEN_ELIGIBILITY,2024-09-09,2024-10-13,28084654.15,AWARDED
T00839,ocds-synthetic-00839,D09,D09,State Transport Division,MEDICAL_SUPPLIES,SURGICAL_CONSUMABLES,ITEM-MEDI-836,KA-SOUTH,OPEN,LOWEST_PRICE,OPEN_ELIGIBILITY,2025-07-12,2025-08-25,2046851.64,AWARDED
T00840,ocds-synthetic-00840,D19,D19,Forest Infrastructure Division,ELECTRICAL_EQUIPMENT,CONTROL_EQUIPMENT,ITEM-ELEC-355,KA-NORTH,OPEN,LOWEST_PRICE,OPEN_ELIGIBILITY,2026-04-22,2026-05-28,4226332.99,AWARDED
T00841,ocds-synthetic-00841,D16,D16,Infrastructure Development Division,ELECTRICAL_EQUIPMENT,SWITCHGEAR,ITEM-ELEC-676,KA-CENTRAL,OPEN,LOWEST_PRICE,OPEN_ELIGIBILITY,2025-08-23,2025-09-21,7871831.09,AWARDED
T00842,ocds-synthetic-00842,D14,D14,Agricultural Infrastructure Division,ROAD_CONSTRUCTION,DRAINAGE_WORKS,ITEM-ROAD-664,KA-NORTH,OPEN,LOWEST_PRICE,OPEN_ELIGIBILITY,2026-03-17,2026-04-03,66669215.56,AWARDED
T00843,ocds-synthetic-00843,D01,D01,State Works Division - North,CIVIL_MAINTENANCE,BUILDING_MAINTENANCE,ITEM-CIVI-666,KA-NORTH,OPEN,LOWEST_PRICE,OPEN_ELIGIBILITY,2024-01-18,2024-02-08,6742620.07,AWARDED
T00844,ocds-synthetic-00844,D20,D20,Public Health Engineering Division,WATER_INFRASTRUCTURE,IRRIGATION_WORKS,ITEM-WATE-422,KA-SOUTH,OPEN,LOWEST_PRICE,OPEN_ELIGIBILITY,2024-09-09,2024-10-03,35238440.15,AWARDED
T00845,ocds-synthetic-00845,D08,D08,Municipal Services Division,VEHICLE_SUPPLIES,SPECIAL_PURPOSE_VEHICLES,ITEM-VEHI-308,KA-CENTRAL,OPEN,LOWEST_PRICE,OPEN_ELIGIBILITY,2026-04-21,2026-06-04,10622118.54,AWARDED
T00846,ocds-synthetic-00846,D10,D10,Medical Services Procurement Division,VEHICLE_SUPPLIES,VEHICLE_PARTS,ITEM-VEHI-504,KA-CENTRAL,OPEN,LOWEST_PRICE,OPEN_ELIGIBILITY,2025-12-31,2026-02-04,3181102.28,AWARDED
T00847,ocds-synthetic-00847,D08,D08,Municipal Services Division,BUILDING_CONSTRUCTION,STRUCTURAL_WORKS,ITEM-BUIL-373,KA-CENTRAL,LIMITED,LOWEST_PRICE,QUALIFIED_SUPPLIERS,2024-10-29,2024-11-06,5045014.59,AWARDED
T00848,ocds-synthetic-00848,D20,D20,Public Health Engineering Division,ELECTRICAL_EQUIPMENT,SWITCHGEAR,ITEM-ELEC-678,KA-SOUTH,OPEN,LOWEST_PRICE,OPEN_ELIGIBILITY,2026-02-24,2026-03-28,4784337.33,AWARDED
T00849,ocds-synthetic-00849,D09,D09,State Transport Division,CIVIL_MAINTENANCE,GENERAL_REPAIRS,ITEM-CIVI-832,KA-SOUTH,OPEN,LOWEST_PRICE,OPEN_ELIGIBILITY,2026-03-21,2026-04-08,2421107.33,AWARDED
T00850,ocds-synthetic-00850,D03,D03,State Health Procurement Division,VEHICLE_SUPPLIES,SPECIAL_PURPOSE_VEHICLES,ITEM-VEHI-394,KA-CENTRAL,OPEN,LOWEST_PRICE,OPEN_ELIGIBILITY,2024-03-17,2024-05-01,10130653.84,AWARDED
T00851,ocds-synthetic-00851,D02,D02,Urban Infrastructure Division - South,BUILDING_CONSTRUCTION,RENOVATION,ITEM-BUIL-832,KA-SOUTH,TWO_STAGE,LOWEST_PRICE,QUALIFIED_SUPPLIERS,2026-04-07,2026-05-31,500000000.0,AWARDED
T00852,ocds-synthetic-00852,D12,D12,Housing Infrastructure Division,CIVIL_MAINTENANCE,BUILDING_MAINTENANCE,ITEM-CIVI-499,KA-SOUTH,OPEN,LOWEST_PRICE,OPEN_ELIGIBILITY,2025-05-09,2025-06-18,9088672.91,AWARDED
T00853,ocds-synthetic-00853,D12,D12,Housing Infrastructure Division,BUILDING_CONSTRUCTION,RENOVATION,ITEM-BUIL-990,KA-SOUTH,LIMITED,LOWEST_PRICE,QUALIFIED_SUPPLIERS,2024-01-22,2024-02-20,307084011.35,AWARDED
T00854,ocds-synthetic-00854,D16,D16,Infrastructure Development Division,MEDICAL_SUPPLIES,DIAGNOSTIC_EQUIPMENT,ITEM-MEDI-398,KA-CENTRAL,OPEN,LOWEST_PRICE,OPEN_ELIGIBILITY,2025-04-26,2025-05-28,3559845.48,AWARDED
T00855,ocds-synthetic-00855,D11,D11,Urban Technology Division,MEDICAL_SUPPLIES,MEDICAL_DEVICES,ITEM-MEDI-500,KA-BENGALURU,LIMITED,LOWEST_PRICE,QUALIFIED_SUPPLIERS,2024-09-20,2024-10-17,1340292.54,AWARDED
T00856,ocds-synthetic-00856,D02,D02,Urban Infrastructure Division - South,ELECTRICAL_EQUIPMENT,CONTROL_EQUIPMENT,ITEM-ELEC-123,KA-SOUTH,TWO_STAGE,LOWEST_PRICE,QUALIFIED_SUPPLIERS,2025-10-26,2025-11-29,15849983.06,AWARDED
T00857,ocds-synthetic-00857,D11,D11,Urban Technology Division,WATER_INFRASTRUCTURE,PIPELINE_WORKS,ITEM-WATE-865,KA-BENGALURU,OPEN,LOWEST_PRICE,OPEN_ELIGIBILITY,2024-11-14,2024-12-28,28181746.68,AWARDED
T00858,ocds-synthetic-00858,D12,D12,Housing Infrastructure Division,FURNITURE,HOSPITAL_FURNITURE,ITEM-FURN-745,KA-SOUTH,OPEN,LOWEST_PRICE,OPEN_ELIGIBILITY,2026-03-10,2026-04-09,2912536.58,AWARDED
T00859,ocds-synthetic-00859,D14,D14,Agricultural Infrastructure Division,WATER_INFRASTRUCTURE,WATER_TREATMENT,ITEM-WATE-804,KA-NORTH,LIMITED,LOWEST_PRICE,QUALIFIED_SUPPLIERS,2025-11-10,2025-12-06,11495003.71,AWARDED
T00860,ocds-synthetic-00860,D14,D14,Agricultural Infrastructure Division,MEDICAL_SUPPLIES,MEDICAL_DEVICES,ITEM-MEDI-712,KA-NORTH,OPEN,LOWEST_PRICE,OPEN_ELIGIBILITY,2024-02-07,2024-03-09,51100529.05,AWARDED
T00861,ocds-synthetic-00861,D14,D14,Agricultural Infrastructure Division,BUILDING_CONSTRUCTION,STRUCTURAL_WORKS,ITEM-BUIL-843,KA-NORTH,OPEN,LOWEST_PRICE,OPEN_ELIGIBILITY,2024-06-30,2024-07-17,46440167.35,AWARDED
T00862,ocds-synthetic-00862,D12,D12,Housing Infrastructure Division,FURNITURE,HOSPITAL_FURNITURE,ITEM-FURN-711,KA-SOUTH,OPEN,LOWEST_PRICE,OPEN_ELIGIBILITY,2025-07-30,2025-09-06,4133585.19,AWARDED
T00863,ocds-synthetic-00863,D20,D20,Public Health Engineering Division,ELECTRICAL_EQUIPMENT,CABLING,ITEM-ELEC-373,KA-SOUTH,LIMITED,LOWEST_PRICE,QUALIFIED_SUPPLIERS,2025-04-03,2025-04-21,8776385.46,AWARDED
T00864,ocds-synthetic-00864,D18,D18,Industrial Development Division,MEDICAL_SUPPLIES,MEDICAL_DEVICES,ITEM-MEDI-672,KA-CENTRAL,OPEN,LOWEST_PRICE,OPEN_ELIGIBILITY,2026-04-26,2026-05-19,17049229.29,AWARDED
T00865,ocds-synthetic-00865,D08,D08,Municipal Services Division,IT_SERVICES,IT_HARDWARE,ITEM-IT_S-144,KA-CENTRAL,OPEN,LOWEST_PRICE,OPEN_ELIGIBILITY,2025-10-09,2025-10-23,107247696.94,AWARDED
T00866,ocds-synthetic-00866,D11,D11,Urban Technology Division,WATER_INFRASTRUCTURE,PIPELINE_WORKS,ITEM-WATE-607,KA-BENGALURU,OPEN,LOWEST_PRICE,OPEN_ELIGIBILITY,2025-07-03,2025-08-09,52966242.21,AWARDED
T00867,ocds-synthetic-00867,D01,D01,State Works Division - North,ELECTRICAL_EQUIPMENT,TRANSFORMERS,ITEM-ELEC-595,KA-NORTH,OPEN,LOWEST_PRICE,OPEN_ELIGIBILITY,2025-07-26,2025-09-08,8526119.25,AWARDED
T00868,ocds-synthetic-00868,D12,D12,Housing Infrastructure Division,LAB_EQUIPMENT,CALIBRATION_EQUIPMENT,ITEM-LAB_-520,KA-SOUTH,OPEN,LOWEST_PRICE,OPEN_ELIGIBILITY,2024-05-28,2024-07-10,1252836.61,AWARDED
T00869,ocds-synthetic-00869,D04,D04,State Education Procurement Division,VEHICLE_SUPPLIES,SPECIAL_PURPOSE_VEHICLES,ITEM-VEHI-803,KA-NORTH,LIMITED,LOWEST_PRICE,QUALIFIED_SUPPLIERS,2026-03-16,2026-04-05,22185984.78,AWARDED
T00870,ocds-synthetic-00870,D04,D04,State Education Procurement Division,VEHICLE_SUPPLIES,FLEET_MAINTENANCE,ITEM-VEHI-644,KA-NORTH,LIMITED,LOWEST_PRICE,QUALIFIED_SUPPLIERS,2026-02-23,2026-03-18,5004298.75,AWARDED
T00871,ocds-synthetic-00871,D04,D04,State Education Procurement Division,FURNITURE,HOSPITAL_FURNITURE,ITEM-FURN-373,KA-NORTH,OPEN,LOWEST_PRICE,OPEN_ELIGIBILITY,2025-07-07,2025-08-08,2959681.04,AWARDED
T00872,ocds-synthetic-00872,D07,D07,Power Systems Division,BUILDING_CONSTRUCTION,CIVIL_BUILDING_WORKS,ITEM-BUIL-181,KA-NORTH,OPEN,LOWEST_PRICE,OPEN_ELIGIBILITY,2024-01-12,2024-01-28,18075812.68,AWARDED
T00873,ocds-synthetic-00873,D14,D14,Agricultural Infrastructure Division,BUILDING_CONSTRUCTION,STRUCTURAL_WORKS,ITEM-BUIL-355,KA-NORTH,OPEN,LOWEST_PRICE,OPEN_ELIGIBILITY,2026-02-06,2026-03-06,6194794.07,AWARDED
T00874,ocds-synthetic-00874,D20,D20,Public Health Engineering Division,ROAD_CONSTRUCTION,BITUMINOUS_WORKS,ITEM-ROAD-506,KA-SOUTH,OPEN,LOWEST_PRICE,OPEN_ELIGIBILITY,2024-04-18,2024-05-20,149479773.78,AWARDED
T00875,ocds-synthetic-00875,D15,D15,Energy Procurement Division,ROAD_CONSTRUCTION,ROAD_MAINTENANCE,ITEM-ROAD-351,KA-SOUTH,OPEN,LOWEST_PRICE,OPEN_ELIGIBILITY,2026-07-04,2026-07-21,11467471.1,AWARDED
T00876,ocds-synthetic-00876,D19,D19,Forest Infrastructure Division,FURNITURE,SCHOOL_FURNITURE,ITEM-FURN-764,KA-NORTH,OPEN,LOWEST_PRICE,OPEN_ELIGIBILITY,2025-10-23,2025-11-26,2242743.41,AWARDED
T00877,ocds-synthetic-00877,D11,D11,Urban Technology Division,ROAD_CONSTRUCTION,DRAINAGE_WORKS,ITEM-ROAD-275,KA-BENGALURU,TWO_STAGE,LOWEST_PRICE,QUALIFIED_SUPPLIERS,2024-12-01,2025-02-01,18666548.26,AWARDED
T00878,ocds-synthetic-00878,D19,D19,Forest Infrastructure Division,ELECTRICAL_EQUIPMENT,CABLING,ITEM-ELEC-423,KA-NORTH,OPEN,LOWEST_PRICE,OPEN_ELIGIBILITY,2025-01-25,2025-02-24,11522477.48,AWARDED
T00879,ocds-synthetic-00879,D19,D19,Forest Infrastructure Division,ROAD_CONSTRUCTION,BITUMINOUS_WORKS,ITEM-ROAD-202,KA-NORTH,OPEN,LOWEST_PRICE,OPEN_ELIGIBILITY,2024-11-22,2024-12-08,22697029.47,AWARDED
T00880,ocds-synthetic-00880,D19,D19,Forest Infrastructure Division,WATER_INFRASTRUCTURE,IRRIGATION_WORKS,ITEM-WATE-763,KA-NORTH,OPEN,LOWEST_PRICE,OPEN_ELIGIBILITY,2026-07-09,2026-08-03,24660488.65,AWARDED
T00881,ocds-synthetic-00881,D06,D06,Water Resources Division,CIVIL_MAINTENANCE,BUILDING_MAINTENANCE,ITEM-CIVI-146,KA-SOUTH,OPEN,LOWEST_PRICE,OPEN_ELIGIBILITY,2024-07-28,2024-09-04,5387337.54,AWARDED
T00882,ocds-synthetic-00882,D10,D10,Medical Services Procurement Division,CIVIL_MAINTENANCE,GENERAL_REPAIRS,ITEM-CIVI-416,KA-CENTRAL,OPEN,LOWEST_PRICE,OPEN_ELIGIBILITY,2026-03-09,2026-04-03,25490253.48,AWARDED
T00883,ocds-synthetic-00883,D06,D06,Water Resources Division,FURNITURE,OFFICE_FURNITURE,ITEM-FURN-979,KA-SOUTH,OPEN,LOWEST_PRICE,OPEN_ELIGIBILITY,2025-12-13,2025-12-29,1560496.4,AWARDED
T00884,ocds-synthetic-00884,D13,D13,Tourism Infrastructure Division,ELECTRICAL_EQUIPMENT,CONTROL_EQUIPMENT,ITEM-ELEC-767,KA-CENTRAL,TWO_STAGE,LOWEST_PRICE,QUALIFIED_SUPPLIERS,2024-07-26,2024-08-24,2689480.73,AWARDED
T00885,ocds-synthetic-00885,D17,D17,Higher Education Procurement Division,BUILDING_CONSTRUCTION,RENOVATION,ITEM-BUIL-775,KA-BENGALURU,TWO_STAGE,LOWEST_PRICE,QUALIFIED_SUPPLIERS,2024-04-05,2024-06-05,8714604.24,AWARDED
T00886,ocds-synthetic-00886,D16,D16,Infrastructure Development Division,CIVIL_MAINTENANCE,ROAD_MAINTENANCE,ITEM-CIVI-551,KA-CENTRAL,OPEN,LOWEST_PRICE,OPEN_ELIGIBILITY,2024-08-29,2024-09-12,11213250.59,AWARDED
T00887,ocds-synthetic-00887,D02,D02,Urban Infrastructure Division - South,WATER_INFRASTRUCTURE,WATER_TREATMENT,ITEM-WATE-466,KA-SOUTH,OPEN,LOWEST_PRICE,OPEN_ELIGIBILITY,2026-03-01,2026-03-17,112602834.08,AWARDED
T00888,ocds-synthetic-00888,D06,D06,Water Resources Division,ELECTRICAL_EQUIPMENT,CABLING,ITEM-ELEC-314,KA-SOUTH,OPEN,LOWEST_PRICE,OPEN_ELIGIBILITY,2026-06-28,2026-08-02,6746172.87,AWARDED
T00889,ocds-synthetic-00889,D01,D01,State Works Division - North,IT_SERVICES,NETWORK_INFRASTRUCTURE,ITEM-IT_S-901,KA-NORTH,OPEN,LOWEST_PRICE,OPEN_ELIGIBILITY,2026-01-20,2026-02-11,9328170.41,AWARDED
T00890,ocds-synthetic-00890,D10,D10,Medical Services Procurement Division,ROAD_CONSTRUCTION,ROAD_RESURFACING,ITEM-ROAD-472,KA-CENTRAL,OPEN,LOWEST_PRICE,OPEN_ELIGIBILITY,2024-08-27,2024-09-08,18821446.48,AWARDED
T00891,ocds-synthetic-00891,D05,D05,Rural Development Division,IT_SERVICES,IT_HARDWARE,ITEM-IT_S-770,KA-NORTH,OPEN,LOWEST_PRICE,OPEN_ELIGIBILITY,2026-07-06,2026-08-06,5531342.92,AWARDED
T00892,ocds-synthetic-00892,D08,D08,Municipal Services Division,WATER_INFRASTRUCTURE,WATER_TREATMENT,ITEM-WATE-944,KA-CENTRAL,OPEN,LOWEST_PRICE,OPEN_ELIGIBILITY,2026-01-10,2026-02-23,46976726.19,AWARDED
T00893,ocds-synthetic-00893,D17,D17,Higher Education Procurement Division,LAB_EQUIPMENT,ANALYTICAL_INSTRUMENTS,ITEM-LAB_-621,KA-BENGALURU,OPEN,LOWEST_PRICE,OPEN_ELIGIBILITY,2024-04-01,2024-05-11,1730804.42,AWARDED
T00894,ocds-synthetic-00894,D08,D08,Municipal Services Division,IT_SERVICES,SOFTWARE_DEVELOPMENT,ITEM-IT_S-417,KA-CENTRAL,OPEN,LOWEST_PRICE,OPEN_ELIGIBILITY,2024-09-01,2024-10-01,5066748.87,AWARDED
T00895,ocds-synthetic-00895,D13,D13,Tourism Infrastructure Division,IT_SERVICES,SOFTWARE_DEVELOPMENT,ITEM-IT_S-471,KA-CENTRAL,OPEN,LOWEST_PRICE,OPEN_ELIGIBILITY,2025-01-20,2025-02-09,4953856.61,AWARDED
T00896,ocds-synthetic-00896,D02,D02,Urban Infrastructure Division - South,CIVIL_MAINTENANCE,BUILDING_MAINTENANCE,ITEM-CIVI-338,KA-SOUTH,OPEN,LOWEST_PRICE,OPEN_ELIGIBILITY,2025-12-11,2026-01-07,1137503.33,AWARDED
T00897,ocds-synthetic-00897,D15,D15,Energy Procurement Division,ELECTRICAL_EQUIPMENT,CONTROL_EQUIPMENT,ITEM-ELEC-438,KA-SOUTH,OPEN,LOWEST_PRICE,OPEN_ELIGIBILITY,2025-04-29,2025-05-25,19530792.79,AWARDED
T00898,ocds-synthetic-00898,D10,D10,Medical Services Procurement Division,CIVIL_MAINTENANCE,ELECTRICAL_MAINTENANCE,ITEM-CIVI-753,KA-CENTRAL,OPEN,LOWEST_PRICE,OPEN_ELIGIBILITY,2025-03-25,2025-04-08,4662534.72,AWARDED
T00899,ocds-synthetic-00899,D17,D17,Higher Education Procurement Division,MEDICAL_SUPPLIES,DIAGNOSTIC_EQUIPMENT,ITEM-MEDI-206,KA-BENGALURU,OPEN,LOWEST_PRICE,OPEN_ELIGIBILITY,2025-10-07,2025-11-06,3621429.72,AWARDED
T00900,ocds-synthetic-00900,D02,D02,Urban Infrastructure Division - South,VEHICLE_SUPPLIES,FLEET_MAINTENANCE,ITEM-VEHI-906,KA-SOUTH,OPEN,LOWEST_PRICE,OPEN_ELIGIBILITY,2025-02-03,2025-03-16,15128137.29,AWARDED
T00901,ocds-synthetic-00901,D08,D08,Municipal Services Division,MEDICAL_SUPPLIES,DIAGNOSTIC_EQUIPMENT,ITEM-MEDI-886,KA-CENTRAL,OPEN,LOWEST_PRICE,OPEN_ELIGIBILITY,2024-04-16,2024-05-09,14494734.57,AWARDED
T00902,ocds-synthetic-00902,D17,D17,Higher Education Procurement Division,LAB_EQUIPMENT,CALIBRATION_EQUIPMENT,ITEM-LAB_-769,KA-BENGALURU,OPEN,LOWEST_PRICE,OPEN_ELIGIBILITY,2024-05-23,2024-06-12,6916135.15,AWARDED
T00903,ocds-synthetic-00903,D02,D02,Urban Infrastructure Division - South,ROAD_CONSTRUCTION,BITUMINOUS_WORKS,ITEM-ROAD-877,KA-SOUTH,OPEN,LOWEST_PRICE,OPEN_ELIGIBILITY,2026-07-02,2026-07-14,6857269.81,AWARDED
T00904,ocds-synthetic-00904,D08,D08,Municipal Services Division,IT_SERVICES,NETWORK_INFRASTRUCTURE,ITEM-IT_S-112,KA-CENTRAL,OPEN,LOWEST_PRICE,OPEN_ELIGIBILITY,2026-08-31,2026-08-31,14642624.62,AWARDED
T00905,ocds-synthetic-00905,D05,D05,Rural Development Division,ROAD_CONSTRUCTION,ROAD_RESURFACING,ITEM-ROAD-973,KA-NORTH,OPEN,LOWEST_PRICE,OPEN_ELIGIBILITY,2024-08-27,2024-10-10,8065413.47,AWARDED
T00906,ocds-synthetic-00906,D12,D12,Housing Infrastructure Division,FURNITURE,HOSPITAL_FURNITURE,ITEM-FURN-338,KA-SOUTH,OPEN,LOWEST_PRICE,OPEN_ELIGIBILITY,2024-02-11,2024-03-05,594199.38,AWARDED
T00907,ocds-synthetic-00907,D05,D05,Rural Development Division,ROAD_CONSTRUCTION,BITUMINOUS_WORKS,ITEM-ROAD-897,KA-NORTH,LIMITED,LOWEST_PRICE,QUALIFIED_SUPPLIERS,2025-07-27,2025-08-20,12185354.89,AWARDED
T00908,ocds-synthetic-00908,D05,D05,Rural Development Division,FURNITURE,HOSPITAL_FURNITURE,ITEM-FURN-609,KA-NORTH,OPEN,LOWEST_PRICE,OPEN_ELIGIBILITY,2026-01-23,2026-03-06,3266390.37,AWARDED
T00909,ocds-synthetic-00909,D01,D01,State Works Division - North,FURNITURE,HOSPITAL_FURNITURE,ITEM-FURN-744,KA-NORTH,TWO_STAGE,LOWEST_PRICE,QUALIFIED_SUPPLIERS,2025-11-19,2026-01-17,1575279.95,AWARDED
T00910,ocds-synthetic-00910,D08,D08,Municipal Services Division,VEHICLE_SUPPLIES,SPECIAL_PURPOSE_VEHICLES,ITEM-VEHI-886,KA-CENTRAL,OPEN,LOWEST_PRICE,OPEN_ELIGIBILITY,2026-03-29,2026-04-27,4645008.38,AWARDED
T00911,ocds-synthetic-00911,D20,D20,Public Health Engineering Division,VEHICLE_SUPPLIES,SPECIAL_PURPOSE_VEHICLES,ITEM-VEHI-187,KA-SOUTH,OPEN,LOWEST_PRICE,OPEN_ELIGIBILITY,2025-10-10,2025-11-10,3286456.45,AWARDED
T00912,ocds-synthetic-00912,D17,D17,Higher Education Procurement Division,ROAD_CONSTRUCTION,ROAD_WIDENING,ITEM-ROAD-250,KA-BENGALURU,OPEN,LOWEST_PRICE,OPEN_ELIGIBILITY,2024-01-30,2024-02-25,19911066.31,AWARDED
T00913,ocds-synthetic-00913,D11,D11,Urban Technology Division,VEHICLE_SUPPLIES,FLEET_MAINTENANCE,ITEM-VEHI-976,KA-BENGALURU,OPEN,LOWEST_PRICE,OPEN_ELIGIBILITY,2025-06-09,2025-06-23,13511714.23,AWARDED
T00914,ocds-synthetic-00914,D10,D10,Medical Services Procurement Division,FURNITURE,HOSPITAL_FURNITURE,ITEM-FURN-440,KA-CENTRAL,OPEN,LOWEST_PRICE,OPEN_ELIGIBILITY,2025-01-28,2025-02-15,2558760.2,AWARDED
T00915,ocds-synthetic-00915,D17,D17,Higher Education Procurement Division,MEDICAL_SUPPLIES,HOSPITAL_SUPPLIES,ITEM-MEDI-362,KA-BENGALURU,OPEN,LOWEST_PRICE,OPEN_ELIGIBILITY,2024-02-24,2024-03-21,17225633.2,AWARDED
T00916,ocds-synthetic-00916,D04,D04,State Education Procurement Division,FURNITURE,SCHOOL_FURNITURE,ITEM-FURN-222,KA-NORTH,OPEN,LOWEST_PRICE,OPEN_ELIGIBILITY,2026-06-08,2026-07-19,2850455.2,AWARDED
T00917,ocds-synthetic-00917,D18,D18,Industrial Development Division,VEHICLE_SUPPLIES,SPECIAL_PURPOSE_VEHICLES,ITEM-VEHI-266,KA-CENTRAL,LIMITED,LOWEST_PRICE,QUALIFIED_SUPPLIERS,2026-01-13,2026-02-04,9102394.7,AWARDED
T00918,ocds-synthetic-00918,D05,D05,Rural Development Division,CIVIL_MAINTENANCE,GENERAL_REPAIRS,ITEM-CIVI-459,KA-NORTH,LIMITED,LOWEST_PRICE,QUALIFIED_SUPPLIERS,2025-12-01,2025-12-22,2089846.93,AWARDED
T00919,ocds-synthetic-00919,D04,D04,State Education Procurement Division,CIVIL_MAINTENANCE,BUILDING_MAINTENANCE,ITEM-CIVI-425,KA-NORTH,LIMITED,LOWEST_PRICE,QUALIFIED_SUPPLIERS,2025-03-03,2025-03-15,5175072.17,AWARDED
T00920,ocds-synthetic-00920,D11,D11,Urban Technology Division,CIVIL_MAINTENANCE,BUILDING_MAINTENANCE,ITEM-CIVI-760,KA-BENGALURU,OPEN,LOWEST_PRICE,OPEN_ELIGIBILITY,2025-05-05,2025-06-06,20330129.18,AWARDED
T00921,ocds-synthetic-00921,D02,D02,Urban Infrastructure Division - South,ELECTRICAL_EQUIPMENT,CONTROL_EQUIPMENT,ITEM-ELEC-949,KA-SOUTH,OPEN,LOWEST_PRICE,OPEN_ELIGIBILITY,2024-10-26,2024-11-07,1873715.52,AWARDED
T00922,ocds-synthetic-00922,D20,D20,Public Health Engineering Division,ELECTRICAL_EQUIPMENT,CONTROL_EQUIPMENT,ITEM-ELEC-322,KA-SOUTH,OPEN,LOWEST_PRICE,OPEN_ELIGIBILITY,2025-05-08,2025-05-30,7642975.35,AWARDED
T00923,ocds-synthetic-00923,D16,D16,Infrastructure Development Division,LAB_EQUIPMENT,ANALYTICAL_INSTRUMENTS,ITEM-LAB_-497,KA-CENTRAL,OPEN,LOWEST_PRICE,OPEN_ELIGIBILITY,2024-12-04,2024-12-27,822202.75,AWARDED
T00924,ocds-synthetic-00924,D15,D15,Energy Procurement Division,BUILDING_CONSTRUCTION,CIVIL_BUILDING_WORKS,ITEM-BUIL-969,KA-SOUTH,OPEN,LOWEST_PRICE,OPEN_ELIGIBILITY,2024-09-25,2024-10-20,70783696.45,AWARDED
T00925,ocds-synthetic-00925,D17,D17,Higher Education Procurement Division,IT_SERVICES,CYBERSECURITY,ITEM-IT_S-516,KA-BENGALURU,LIMITED,LOWEST_PRICE,QUALIFIED_SUPPLIERS,2026-01-01,2026-01-29,33008081.23,AWARDED
T00926,ocds-synthetic-00926,D06,D06,Water Resources Division,MEDICAL_SUPPLIES,HOSPITAL_SUPPLIES,ITEM-MEDI-357,KA-SOUTH,OPEN,LOWEST_PRICE,OPEN_ELIGIBILITY,2025-07-20,2025-08-29,9108893.06,AWARDED
T00927,ocds-synthetic-00927,D19,D19,Forest Infrastructure Division,LAB_EQUIPMENT,SCIENTIFIC_EQUIPMENT,ITEM-LAB_-714,KA-NORTH,OPEN,LOWEST_PRICE,OPEN_ELIGIBILITY,2026-06-21,2026-07-18,4403798.84,AWARDED
T00928,ocds-synthetic-00928,D18,D18,Industrial Development Division,ROAD_CONSTRUCTION,ROAD_WIDENING,ITEM-ROAD-843,KA-CENTRAL,OPEN,LOWEST_PRICE,OPEN_ELIGIBILITY,2024-02-20,2024-03-27,6084333.17,AWARDED
T00929,ocds-synthetic-00929,D01,D01,State Works Division - North,LAB_EQUIPMENT,ANALYTICAL_INSTRUMENTS,ITEM-LAB_-155,KA-NORTH,OPEN,QUALITY_AND_COST,OPEN_ELIGIBILITY,2025-05-20,2025-06-19,5719663.54,AWARDED
T00930,ocds-synthetic-00930,D07,D07,Power Systems Division,ELECTRICAL_EQUIPMENT,SWITCHGEAR,ITEM-ELEC-313,KA-NORTH,OPEN,LOWEST_PRICE,OPEN_ELIGIBILITY,2025-06-28,2025-07-27,7243828.86,AWARDED
T00931,ocds-synthetic-00931,D19,D19,Forest Infrastructure Division,ROAD_CONSTRUCTION,ROAD_MAINTENANCE,ITEM-ROAD-734,KA-NORTH,OPEN,LOWEST_PRICE,OPEN_ELIGIBILITY,2025-10-05,2025-10-24,57821733.07,AWARDED
T00932,ocds-synthetic-00932,D06,D06,Water Resources Division,MEDICAL_SUPPLIES,DIAGNOSTIC_EQUIPMENT,ITEM-MEDI-449,KA-SOUTH,OPEN,LOWEST_PRICE,OPEN_ELIGIBILITY,2024-12-17,2025-01-16,12512465.79,AWARDED
T00933,ocds-synthetic-00933,D17,D17,Higher Education Procurement Division,CIVIL_MAINTENANCE,BUILDING_MAINTENANCE,ITEM-CIVI-689,KA-BENGALURU,TWO_STAGE,LOWEST_PRICE,QUALIFIED_SUPPLIERS,2024-10-05,2024-12-02,1237558.37,AWARDED
T00934,ocds-synthetic-00934,D12,D12,Housing Infrastructure Division,VEHICLE_SUPPLIES,FLEET_MAINTENANCE,ITEM-VEHI-379,KA-SOUTH,OPEN,LOWEST_PRICE,OPEN_ELIGIBILITY,2024-06-12,2024-07-24,5835695.18,AWARDED
T00935,ocds-synthetic-00935,D15,D15,Energy Procurement Division,FURNITURE,OFFICE_FURNITURE,ITEM-FURN-434,KA-SOUTH,OPEN,LOWEST_PRICE,OPEN_ELIGIBILITY,2024-09-03,2024-10-08,1094784.43,AWARDED
T00936,ocds-synthetic-00936,D01,D01,State Works Division - North,IT_SERVICES,NETWORK_INFRASTRUCTURE,ITEM-IT_S-432,KA-NORTH,OPEN,LOWEST_PRICE,OPEN_ELIGIBILITY,2026-07-23,2026-08-15,7687983.75,AWARDED
T00937,ocds-synthetic-00937,D09,D09,State Transport Division,WATER_INFRASTRUCTURE,PIPELINE_WORKS,ITEM-WATE-265,KA-SOUTH,OPEN,LOWEST_PRICE,OPEN_ELIGIBILITY,2025-10-03,2025-10-16,3955229.66,AWARDED
T00938,ocds-synthetic-00938,D17,D17,Higher Education Procurement Division,ROAD_CONSTRUCTION,ROAD_MAINTENANCE,ITEM-ROAD-635,KA-BENGALURU,LIMITED,LOWEST_PRICE,QUALIFIED_SUPPLIERS,2025-11-18,2025-12-12,39370951.89,AWARDED
T00939,ocds-synthetic-00939,D05,D05,Rural Development Division,LAB_EQUIPMENT,LABORATORY_SYSTEMS,ITEM-LAB_-199,KA-NORTH,OPEN,LOWEST_PRICE,OPEN_ELIGIBILITY,2024-07-24,2024-09-01,2844932.73,AWARDED
T00940,ocds-synthetic-00940,D08,D08,Municipal Services Division,BUILDING_CONSTRUCTION,CIVIL_BUILDING_WORKS,ITEM-BUIL-801,KA-CENTRAL,OPEN,LOWEST_PRICE,OPEN_ELIGIBILITY,2026-02-06,2026-03-21,93604867.15,AWARDED
T00941,ocds-synthetic-00941,D10,D10,Medical Services Procurement Division,WATER_INFRASTRUCTURE,PIPELINE_WORKS,ITEM-WATE-184,KA-CENTRAL,OPEN,LOWEST_PRICE,OPEN_ELIGIBILITY,2024-01-06,2024-01-29,75300709.72,AWARDED
T00942,ocds-synthetic-00942,D14,D14,Agricultural Infrastructure Division,ROAD_CONSTRUCTION,DRAINAGE_WORKS,ITEM-ROAD-193,KA-NORTH,OPEN,LOWEST_PRICE,OPEN_ELIGIBILITY,2025-09-27,2025-10-22,7901981.24,AWARDED
T00943,ocds-synthetic-00943,D11,D11,Urban Technology Division,LAB_EQUIPMENT,CALIBRATION_EQUIPMENT,ITEM-LAB_-967,KA-BENGALURU,OPEN,LOWEST_PRICE,OPEN_ELIGIBILITY,2025-01-13,2025-02-14,5194584.59,AWARDED
T00944,ocds-synthetic-00944,D02,D02,Urban Infrastructure Division - South,FURNITURE,SCHOOL_FURNITURE,ITEM-FURN-536,KA-SOUTH,OPEN,LOWEST_PRICE,OPEN_ELIGIBILITY,2025-03-23,2025-04-06,7589839.6,AWARDED
T00945,ocds-synthetic-00945,D18,D18,Industrial Development Division,WATER_INFRASTRUCTURE,PUMPING_SYSTEMS,ITEM-WATE-441,KA-CENTRAL,OPEN,LOWEST_PRICE,OPEN_ELIGIBILITY,2025-05-07,2025-05-23,19966548.22,AWARDED
T00946,ocds-synthetic-00946,D10,D10,Medical Services Procurement Division,FURNITURE,HOSPITAL_FURNITURE,ITEM-FURN-142,KA-CENTRAL,OPEN,LOWEST_PRICE,OPEN_ELIGIBILITY,2025-09-18,2025-10-18,729771.8,AWARDED
T00947,ocds-synthetic-00947,D10,D10,Medical Services Procurement Division,VEHICLE_SUPPLIES,FLEET_MAINTENANCE,ITEM-VEHI-832,KA-CENTRAL,TWO_STAGE,LOWEST_PRICE,QUALIFIED_SUPPLIERS,2024-01-02,2024-02-16,13825544.5,AWARDED
T00948,ocds-synthetic-00948,D06,D06,Water Resources Division,IT_SERVICES,CYBERSECURITY,ITEM-IT_S-472,KA-SOUTH,LIMITED,LOWEST_PRICE,QUALIFIED_SUPPLIERS,2026-06-18,2026-07-09,18882022.49,AWARDED
T00949,ocds-synthetic-00949,D05,D05,Rural Development Division,CIVIL_MAINTENANCE,GENERAL_REPAIRS,ITEM-CIVI-369,KA-NORTH,OPEN,LOWEST_PRICE,OPEN_ELIGIBILITY,2026-08-24,2026-08-31,9314466.64,AWARDED
T00950,ocds-synthetic-00950,D18,D18,Industrial Development Division,ELECTRICAL_EQUIPMENT,CABLING,ITEM-ELEC-624,KA-CENTRAL,OPEN,LOWEST_PRICE,OPEN_ELIGIBILITY,2025-03-06,2025-04-19,11716650.89,AWARDED
T00951,ocds-synthetic-00951,D19,D19,Forest Infrastructure Division,WATER_INFRASTRUCTURE,PIPELINE_WORKS,ITEM-WATE-236,KA-NORTH,OPEN,LOWEST_PRICE,OPEN_ELIGIBILITY,2025-06-09,2025-07-22,4534658.38,AWARDED
T00952,ocds-synthetic-00952,D18,D18,Industrial Development Division,FURNITURE,SCHOOL_FURNITURE,ITEM-FURN-996,KA-CENTRAL,LIMITED,LOWEST_PRICE,QUALIFIED_SUPPLIERS,2026-03-02,2026-03-28,2174042.68,AWARDED
T00953,ocds-synthetic-00953,D03,D03,State Health Procurement Division,WATER_INFRASTRUCTURE,PUMPING_SYSTEMS,ITEM-WATE-268,KA-CENTRAL,OPEN,LOWEST_PRICE,OPEN_ELIGIBILITY,2024-10-13,2024-11-22,10560473.48,AWARDED
T00954,ocds-synthetic-00954,D16,D16,Infrastructure Development Division,ROAD_CONSTRUCTION,DRAINAGE_WORKS,ITEM-ROAD-343,KA-CENTRAL,OPEN,LOWEST_PRICE,OPEN_ELIGIBILITY,2024-11-24,2025-01-03,5140448.45,AWARDED
T00955,ocds-synthetic-00955,D06,D06,Water Resources Division,ELECTRICAL_EQUIPMENT,CONTROL_EQUIPMENT,ITEM-ELEC-916,KA-SOUTH,TWO_STAGE,LOWEST_PRICE,QUALIFIED_SUPPLIERS,2026-08-06,2026-08-31,20321181.76,AWARDED
T00956,ocds-synthetic-00956,D08,D08,Municipal Services Division,MEDICAL_SUPPLIES,SURGICAL_CONSUMABLES,ITEM-MEDI-655,KA-CENTRAL,OPEN,LOWEST_PRICE,OPEN_ELIGIBILITY,2026-01-09,2026-02-11,32937689.14,AWARDED
T00957,ocds-synthetic-00957,D04,D04,State Education Procurement Division,VEHICLE_SUPPLIES,SPECIAL_PURPOSE_VEHICLES,ITEM-VEHI-252,KA-NORTH,OPEN,LOWEST_PRICE,OPEN_ELIGIBILITY,2026-08-09,2026-08-31,32119952.81,AWARDED
T00958,ocds-synthetic-00958,D17,D17,Higher Education Procurement Division,LAB_EQUIPMENT,ANALYTICAL_INSTRUMENTS,ITEM-LAB_-253,KA-BENGALURU,TWO_STAGE,LOWEST_PRICE,QUALIFIED_SUPPLIERS,2024-05-16,2024-07-20,2888889.09,AWARDED
T00959,ocds-synthetic-00959,D17,D17,Higher Education Procurement Division,BUILDING_CONSTRUCTION,PUBLIC_BUILDING,ITEM-BUIL-871,KA-BENGALURU,OPEN,LOWEST_PRICE,OPEN_ELIGIBILITY,2025-12-10,2025-12-30,10036042.57,AWARDED
T00960,ocds-synthetic-00960,D14,D14,Agricultural Infrastructure Division,IT_SERVICES,CYBERSECURITY,ITEM-IT_S-797,KA-NORTH,OPEN,LOWEST_PRICE,OPEN_ELIGIBILITY,2026-02-12,2026-03-28,18790145.26,AWARDED
T00961,ocds-synthetic-00961,D13,D13,Tourism Infrastructure Division,IT_SERVICES,CYBERSECURITY,ITEM-IT_S-824,KA-CENTRAL,OPEN,LOWEST_PRICE,OPEN_ELIGIBILITY,2025-12-24,2026-01-06,5427694.21,AWARDED
T00962,ocds-synthetic-00962,D04,D04,State Education Procurement Division,MEDICAL_SUPPLIES,DIAGNOSTIC_EQUIPMENT,ITEM-MEDI-772,KA-NORTH,OPEN,LOWEST_PRICE,OPEN_ELIGIBILITY,2024-09-16,2024-10-11,10506958.68,AWARDED
T00963,ocds-synthetic-00963,D08,D08,Municipal Services Division,ELECTRICAL_EQUIPMENT,SWITCHGEAR,ITEM-ELEC-108,KA-CENTRAL,OPEN,LOWEST_PRICE,OPEN_ELIGIBILITY,2024-01-06,2024-02-11,17660471.64,AWARDED
T00964,ocds-synthetic-00964,D12,D12,Housing Infrastructure Division,ELECTRICAL_EQUIPMENT,SWITCHGEAR,ITEM-ELEC-547,KA-SOUTH,TWO_STAGE,LOWEST_PRICE,QUALIFIED_SUPPLIERS,2025-12-19,2026-01-21,2843770.65,AWARDED
T00965,ocds-synthetic-00965,D17,D17,Higher Education Procurement Division,ELECTRICAL_EQUIPMENT,CABLING,ITEM-ELEC-119,KA-BENGALURU,OPEN,LOWEST_PRICE,OPEN_ELIGIBILITY,2026-03-24,2026-04-08,8936740.23,AWARDED
T00966,ocds-synthetic-00966,D10,D10,Medical Services Procurement Division,FURNITURE,HOSPITAL_FURNITURE,ITEM-FURN-538,KA-CENTRAL,LIMITED,LOWEST_PRICE,QUALIFIED_SUPPLIERS,2025-02-19,2025-03-15,5319713.8,AWARDED
T00967,ocds-synthetic-00967,D01,D01,State Works Division - North,LAB_EQUIPMENT,SCIENTIFIC_EQUIPMENT,ITEM-LAB_-206,KA-NORTH,OPEN,LOWEST_PRICE,OPEN_ELIGIBILITY,2025-07-20,2025-08-18,11524168.05,AWARDED
T00968,ocds-synthetic-00968,D16,D16,Infrastructure Development Division,CIVIL_MAINTENANCE,BUILDING_MAINTENANCE,ITEM-CIVI-237,KA-CENTRAL,LIMITED,LOWEST_PRICE,QUALIFIED_SUPPLIERS,2024-06-13,2024-07-11,3509822.31,AWARDED
T00969,ocds-synthetic-00969,D17,D17,Higher Education Procurement Division,ROAD_CONSTRUCTION,DRAINAGE_WORKS,ITEM-ROAD-477,KA-BENGALURU,OPEN,LOWEST_PRICE,OPEN_ELIGIBILITY,2024-10-04,2024-11-18,54456251.07,AWARDED
T00970,ocds-synthetic-00970,D18,D18,Industrial Development Division,BUILDING_CONSTRUCTION,RENOVATION,ITEM-BUIL-975,KA-CENTRAL,OPEN,LOWEST_PRICE,OPEN_ELIGIBILITY,2025-10-05,2025-11-08,37158566.88,AWARDED
T00971,ocds-synthetic-00971,D05,D05,Rural Development Division,VEHICLE_SUPPLIES,FLEET_MAINTENANCE,ITEM-VEHI-906,KA-NORTH,TWO_STAGE,LOWEST_PRICE,QUALIFIED_SUPPLIERS,2024-09-18,2024-11-11,7214543.23,AWARDED
T00972,ocds-synthetic-00972,D17,D17,Higher Education Procurement Division,VEHICLE_SUPPLIES,SPECIAL_PURPOSE_VEHICLES,ITEM-VEHI-503,KA-BENGALURU,OPEN,LOWEST_PRICE,OPEN_ELIGIBILITY,2025-07-07,2025-08-14,12092502.27,AWARDED
T00973,ocds-synthetic-00973,D01,D01,State Works Division - North,BUILDING_CONSTRUCTION,STRUCTURAL_WORKS,ITEM-BUIL-547,KA-NORTH,OPEN,LOWEST_PRICE,OPEN_ELIGIBILITY,2025-02-09,2025-03-12,21989927.98,AWARDED
T00974,ocds-synthetic-00974,D18,D18,Industrial Development Division,IT_SERVICES,CYBERSECURITY,ITEM-IT_S-507,KA-CENTRAL,TWO_STAGE,LOWEST_PRICE,QUALIFIED_SUPPLIERS,2025-04-14,2025-05-29,5782664.35,AWARDED
T00975,ocds-synthetic-00975,D10,D10,Medical Services Procurement Division,CIVIL_MAINTENANCE,BUILDING_MAINTENANCE,ITEM-CIVI-522,KA-CENTRAL,TWO_STAGE,LOWEST_PRICE,QUALIFIED_SUPPLIERS,2024-01-04,2024-02-15,7880892.24,AWARDED
T00976,ocds-synthetic-00976,D10,D10,Medical Services Procurement Division,WATER_INFRASTRUCTURE,PIPELINE_WORKS,ITEM-WATE-486,KA-CENTRAL,OPEN,LOWEST_PRICE,OPEN_ELIGIBILITY,2024-11-22,2024-12-09,10837245.65,AWARDED
T00977,ocds-synthetic-00977,D13,D13,Tourism Infrastructure Division,BUILDING_CONSTRUCTION,RENOVATION,ITEM-BUIL-363,KA-CENTRAL,OPEN,LOWEST_PRICE,OPEN_ELIGIBILITY,2025-02-14,2025-03-24,18491100.93,AWARDED
T00978,ocds-synthetic-00978,D01,D01,State Works Division - North,FURNITURE,HOSPITAL_FURNITURE,ITEM-FURN-810,KA-NORTH,OPEN,LOWEST_PRICE,OPEN_ELIGIBILITY,2025-04-06,2025-04-22,11532780.16,AWARDED
T00979,ocds-synthetic-00979,D03,D03,State Health Procurement Division,CIVIL_MAINTENANCE,ELECTRICAL_MAINTENANCE,ITEM-CIVI-640,KA-CENTRAL,OPEN,LOWEST_PRICE,OPEN_ELIGIBILITY,2024-12-28,2025-01-11,2287119.52,AWARDED
T00980,ocds-synthetic-00980,D10,D10,Medical Services Procurement Division,CIVIL_MAINTENANCE,ELECTRICAL_MAINTENANCE,ITEM-CIVI-287,KA-CENTRAL,OPEN,LOWEST_PRICE,OPEN_ELIGIBILITY,2024-11-06,2024-12-10,457100.84,AWARDED
T00981,ocds-synthetic-00981,D03,D03,State Health Procurement Division,ROAD_CONSTRUCTION,BITUMINOUS_WORKS,ITEM-ROAD-336,KA-CENTRAL,OPEN,LOWEST_PRICE,OPEN_ELIGIBILITY,2026-07-26,2026-08-31,51956873.71,AWARDED
T00982,ocds-synthetic-00982,D10,D10,Medical Services Procurement Division,ELECTRICAL_EQUIPMENT,TRANSFORMERS,ITEM-ELEC-390,KA-CENTRAL,OPEN,LOWEST_PRICE,OPEN_ELIGIBILITY,2026-04-03,2026-05-17,10850667.97,AWARDED
T00983,ocds-synthetic-00983,D02,D02,Urban Infrastructure Division - South,IT_SERVICES,CYBERSECURITY,ITEM-IT_S-622,KA-SOUTH,OPEN,LOWEST_PRICE,OPEN_ELIGIBILITY,2025-12-04,2025-12-23,8442972.36,AWARDED
T00984,ocds-synthetic-00984,D02,D02,Urban Infrastructure Division - South,CIVIL_MAINTENANCE,BUILDING_MAINTENANCE,ITEM-CIVI-115,KA-SOUTH,OPEN,LOWEST_PRICE,OPEN_ELIGIBILITY,2024-06-14,2024-07-02,6397356.32,AWARDED
T00985,ocds-synthetic-00985,D12,D12,Housing Infrastructure Division,FURNITURE,OFFICE_FURNITURE,ITEM-FURN-625,KA-SOUTH,OPEN,LOWEST_PRICE,OPEN_ELIGIBILITY,2025-06-20,2025-07-22,1877839.93,AWARDED
T00986,ocds-synthetic-00986,D01,D01,State Works Division - North,WATER_INFRASTRUCTURE,IRRIGATION_WORKS,ITEM-WATE-617,KA-NORTH,LIMITED,LOWEST_PRICE,QUALIFIED_SUPPLIERS,2024-01-16,2024-01-28,31133182.51,AWARDED
T00987,ocds-synthetic-00987,D18,D18,Industrial Development Division,ROAD_CONSTRUCTION,DRAINAGE_WORKS,ITEM-ROAD-344,KA-CENTRAL,OPEN,LOWEST_PRICE,OPEN_ELIGIBILITY,2024-12-28,2025-02-06,50374930.26,AWARDED
T00988,ocds-synthetic-00988,D19,D19,Forest Infrastructure Division,CIVIL_MAINTENANCE,GENERAL_REPAIRS,ITEM-CIVI-382,KA-NORTH,OPEN,LOWEST_PRICE,OPEN_ELIGIBILITY,2025-04-28,2025-06-03,9305926.43,AWARDED
T00989,ocds-synthetic-00989,D17,D17,Higher Education Procurement Division,ROAD_CONSTRUCTION,BITUMINOUS_WORKS,ITEM-ROAD-877,KA-BENGALURU,LIMITED,LOWEST_PRICE,QUALIFIED_SUPPLIERS,2024-07-26,2024-08-22,7281293.76,AWARDED
T00990,ocds-synthetic-00990,D07,D07,Power Systems Division,FURNITURE,OFFICE_FURNITURE,ITEM-FURN-884,KA-NORTH,TWO_STAGE,LOWEST_PRICE,QUALIFIED_SUPPLIERS,2026-05-25,2026-07-22,1789341.16,AWARDED
T00991,ocds-synthetic-00991,D17,D17,Higher Education Procurement Division,FURNITURE,OFFICE_FURNITURE,ITEM-FURN-304,KA-BENGALURU,TWO_STAGE,LOWEST_PRICE,QUALIFIED_SUPPLIERS,2024-08-24,2024-10-26,5712005.31,AWARDED
T00992,ocds-synthetic-00992,D03,D03,State Health Procurement Division,FURNITURE,HOSPITAL_FURNITURE,ITEM-FURN-834,KA-CENTRAL,LIMITED,LOWEST_PRICE,QUALIFIED_SUPPLIERS,2024-07-10,2024-07-30,3159380.27,AWARDED
T00993,ocds-synthetic-00993,D01,D01,State Works Division - North,MEDICAL_SUPPLIES,SURGICAL_CONSUMABLES,ITEM-MEDI-492,KA-NORTH,LIMITED,LOWEST_PRICE,QUALIFIED_SUPPLIERS,2026-01-09,2026-01-20,2157968.73,AWARDED
T00994,ocds-synthetic-00994,D01,D01,State Works Division - North,ROAD_CONSTRUCTION,BITUMINOUS_WORKS,ITEM-ROAD-253,KA-NORTH,OPEN,LOWEST_PRICE,OPEN_ELIGIBILITY,2024-01-03,2024-02-12,7037253.93,AWARDED
T00995,ocds-synthetic-00995,D15,D15,Energy Procurement Division,IT_SERVICES,IT_HARDWARE,ITEM-IT_S-433,KA-SOUTH,OPEN,LOWEST_PRICE,OPEN_ELIGIBILITY,2024-07-20,2024-09-01,10117188.2,AWARDED
T00996,ocds-synthetic-00996,D07,D07,Power Systems Division,ROAD_CONSTRUCTION,ROAD_WIDENING,ITEM-ROAD-295,KA-NORTH,TWO_STAGE,LOWEST_PRICE,QUALIFIED_SUPPLIERS,2024-11-21,2024-12-17,52163763.11,AWARDED
T00997,ocds-synthetic-00997,D19,D19,Forest Infrastructure Division,ELECTRICAL_EQUIPMENT,CABLING,ITEM-ELEC-492,KA-NORTH,OPEN,LOWEST_PRICE,OPEN_ELIGIBILITY,2024-01-01,2024-02-12,20471136.45,AWARDED
T00998,ocds-synthetic-00998,D07,D07,Power Systems Division,WATER_INFRASTRUCTURE,PIPELINE_WORKS,ITEM-WATE-899,KA-NORTH,OPEN,LOWEST_PRICE,OPEN_ELIGIBILITY,2026-07-02,2026-08-05,26145617.98,AWARDED
T00999,ocds-synthetic-00999,D04,D04,State Education Procurement Division,WATER_INFRASTRUCTURE,IRRIGATION_WORKS,ITEM-WATE-388,KA-NORTH,OPEN,LOWEST_PRICE,OPEN_ELIGIBILITY,2024-09-10,2024-09-23,24114752.8,AWARDED
T01000,ocds-synthetic-01000,D05,D05,Rural Development Division,IT_SERVICES,IT_HARDWARE,ITEM-IT_S-734,KA-NORTH,OPEN,QUALITY_AND_COST,OPEN_ELIGIBILITY,2026-05-08,2026-05-21,16847820.96,AWARDED
T01001,ocds-synthetic-01001,D08,D08,Municipal Services Division,CIVIL_MAINTENANCE,ROAD_MAINTENANCE,ITEM-CIVI-224,KA-CENTRAL,LIMITED,LOWEST_PRICE,QUALIFIED_SUPPLIERS,2024-03-11,2024-03-28,5848190.08,AWARDED
T01002,ocds-synthetic-01002,D20,D20,Public Health Engineering Division,ROAD_CONSTRUCTION,ROAD_WIDENING,ITEM-ROAD-298,KA-SOUTH,OPEN,LOWEST_PRICE,OPEN_ELIGIBILITY,2026-04-19,2026-05-15,8111581.07,AWARDED
T01003,ocds-synthetic-01003,D20,D20,Public Health Engineering Division,IT_SERVICES,IT_HARDWARE,ITEM-IT_S-209,KA-SOUTH,OPEN,QUALITY_AND_COST,OPEN_ELIGIBILITY,2024-12-20,2025-01-17,17399963.63,AWARDED
T01004,ocds-synthetic-01004,D09,D09,State Transport Division,IT_SERVICES,NETWORK_INFRASTRUCTURE,ITEM-IT_S-510,KA-SOUTH,LIMITED,LOWEST_PRICE,QUALIFIED_SUPPLIERS,2024-07-17,2024-08-04,13394595.2,AWARDED
T01005,ocds-synthetic-01005,D15,D15,Energy Procurement Division,IT_SERVICES,IT_HARDWARE,ITEM-IT_S-927,KA-SOUTH,TWO_STAGE,LOWEST_PRICE,QUALIFIED_SUPPLIERS,2024-05-03,2024-07-06,3906117.51,AWARDED
T01006,ocds-synthetic-01006,D17,D17,Higher Education Procurement Division,ROAD_CONSTRUCTION,BITUMINOUS_WORKS,ITEM-ROAD-250,KA-BENGALURU,OPEN,LOWEST_PRICE,OPEN_ELIGIBILITY,2024-01-28,2024-03-01,70307563.47,AWARDED
T01007,ocds-synthetic-01007,D04,D04,State Education Procurement Division,CIVIL_MAINTENANCE,ELECTRICAL_MAINTENANCE,ITEM-CIVI-215,KA-NORTH,OPEN,LOWEST_PRICE,OPEN_ELIGIBILITY,2026-01-14,2026-02-23,6947002.92,AWARDED
T01008,ocds-synthetic-01008,D08,D08,Municipal Services Division,WATER_INFRASTRUCTURE,WATER_TREATMENT,ITEM-WATE-602,KA-CENTRAL,OPEN,LOWEST_PRICE,OPEN_ELIGIBILITY,2025-05-22,2025-06-28,47006370.15,AWARDED
T01009,ocds-synthetic-01009,D19,D19,Forest Infrastructure Division,VEHICLE_SUPPLIES,SPECIAL_PURPOSE_VEHICLES,ITEM-VEHI-853,KA-NORTH,OPEN,LOWEST_PRICE,OPEN_ELIGIBILITY,2025-06-08,2025-07-09,1469658.58,AWARDED
T01010,ocds-synthetic-01010,D09,D09,State Transport Division,MEDICAL_SUPPLIES,MEDICAL_DEVICES,ITEM-MEDI-457,KA-SOUTH,OPEN,LOWEST_PRICE,OPEN_ELIGIBILITY,2025-11-22,2025-12-19,5694195.8,AWARDED
T01011,ocds-synthetic-01011,D13,D13,Tourism Infrastructure Division,VEHICLE_SUPPLIES,SPECIAL_PURPOSE_VEHICLES,ITEM-VEHI-472,KA-CENTRAL,OPEN,LOWEST_PRICE,OPEN_ELIGIBILITY,2025-07-02,2025-07-26,5522516.66,AWARDED
T01012,ocds-synthetic-01012,D08,D08,Municipal Services Division,CIVIL_MAINTENANCE,ROAD_MAINTENANCE,ITEM-CIVI-433,KA-CENTRAL,OPEN,LOWEST_PRICE,OPEN_ELIGIBILITY,2025-04-15,2025-05-06,5197389.66,AWARDED
T01013,ocds-synthetic-01013,D17,D17,Higher Education Procurement Division,MEDICAL_SUPPLIES,MEDICAL_DEVICES,ITEM-MEDI-686,KA-BENGALURU,OPEN,LOWEST_PRICE,OPEN_ELIGIBILITY,2024-02-11,2024-02-23,3827050.04,AWARDED
T01014,ocds-synthetic-01014,D12,D12,Housing Infrastructure Division,WATER_INFRASTRUCTURE,PIPELINE_WORKS,ITEM-WATE-398,KA-SOUTH,LIMITED,LOWEST_PRICE,QUALIFIED_SUPPLIERS,2025-05-30,2025-06-07,10506137.31,AWARDED
T01015,ocds-synthetic-01015,D02,D02,Urban Infrastructure Division - South,BUILDING_CONSTRUCTION,CIVIL_BUILDING_WORKS,ITEM-BUIL-842,KA-SOUTH,OPEN,LOWEST_PRICE,OPEN_ELIGIBILITY,2024-11-26,2024-12-24,116520665.93,AWARDED
T01016,ocds-synthetic-01016,D10,D10,Medical Services Procurement Division,BUILDING_CONSTRUCTION,RENOVATION,ITEM-BUIL-116,KA-CENTRAL,LIMITED,LOWEST_PRICE,QUALIFIED_SUPPLIERS,2026-07-19,2026-08-13,45655260.93,AWARDED
T01017,ocds-synthetic-01017,D07,D07,Power Systems Division,BUILDING_CONSTRUCTION,RENOVATION,ITEM-BUIL-638,KA-NORTH,LIMITED,LOWEST_PRICE,QUALIFIED_SUPPLIERS,2024-12-19,2025-01-04,16306764.59,AWARDED
T01018,ocds-synthetic-01018,D01,D01,State Works Division - North,WATER_INFRASTRUCTURE,PIPELINE_WORKS,ITEM-WATE-536,KA-NORTH,OPEN,LOWEST_PRICE,OPEN_ELIGIBILITY,2024-04-29,2024-05-18,60405720.51,AWARDED
T01019,ocds-synthetic-01019,D02,D02,Urban Infrastructure Division - South,MEDICAL_SUPPLIES,SURGICAL_CONSUMABLES,ITEM-MEDI-941,KA-SOUTH,LIMITED,LOWEST_PRICE,QUALIFIED_SUPPLIERS,2026-01-13,2026-02-02,10858340.28,AWARDED
T01020,ocds-synthetic-01020,D12,D12,Housing Infrastructure Division,CIVIL_MAINTENANCE,GENERAL_REPAIRS,ITEM-CIVI-604,KA-SOUTH,OPEN,LOWEST_PRICE,OPEN_ELIGIBILITY,2024-07-25,2024-08-29,2245144.45,AWARDED
T01021,ocds-synthetic-01021,D05,D05,Rural Development Division,ELECTRICAL_EQUIPMENT,TRANSFORMERS,ITEM-ELEC-629,KA-NORTH,OPEN,LOWEST_PRICE,OPEN_ELIGIBILITY,2024-01-19,2024-02-13,2849103.25,AWARDED
T01022,ocds-synthetic-01022,D12,D12,Housing Infrastructure Division,ROAD_CONSTRUCTION,ROAD_WIDENING,ITEM-ROAD-654,KA-SOUTH,OPEN,LOWEST_PRICE,OPEN_ELIGIBILITY,2025-11-08,2025-12-03,9123985.62,AWARDED
T01023,ocds-synthetic-01023,D10,D10,Medical Services Procurement Division,BUILDING_CONSTRUCTION,PUBLIC_BUILDING,ITEM-BUIL-498,KA-CENTRAL,OPEN,LOWEST_PRICE,OPEN_ELIGIBILITY,2026-05-21,2026-06-06,11742643.21,AWARDED
T01024,ocds-synthetic-01024,D07,D07,Power Systems Division,VEHICLE_SUPPLIES,FLEET_MAINTENANCE,ITEM-VEHI-478,KA-NORTH,OPEN,LOWEST_PRICE,OPEN_ELIGIBILITY,2026-01-30,2026-02-26,3035444.78,AWARDED
T01025,ocds-synthetic-01025,D01,D01,State Works Division - North,ROAD_CONSTRUCTION,ROAD_MAINTENANCE,ITEM-ROAD-780,KA-NORTH,OPEN,LOWEST_PRICE,OPEN_ELIGIBILITY,2025-02-02,2025-03-07,56491387.59,AWARDED
T01026,ocds-synthetic-01026,D14,D14,Agricultural Infrastructure Division,FURNITURE,SCHOOL_FURNITURE,ITEM-FURN-753,KA-NORTH,OPEN,LOWEST_PRICE,OPEN_ELIGIBILITY,2025-02-08,2025-02-22,4950561.75,AWARDED
T01027,ocds-synthetic-01027,D13,D13,Tourism Infrastructure Division,BUILDING_CONSTRUCTION,CIVIL_BUILDING_WORKS,ITEM-BUIL-448,KA-CENTRAL,LIMITED,LOWEST_PRICE,QUALIFIED_SUPPLIERS,2026-03-26,2026-04-13,127707496.77,AWARDED
T01028,ocds-synthetic-01028,D02,D02,Urban Infrastructure Division - South,MEDICAL_SUPPLIES,SURGICAL_CONSUMABLES,ITEM-MEDI-397,KA-SOUTH,OPEN,LOWEST_PRICE,OPEN_ELIGIBILITY,2024-09-17,2024-10-30,17011442.03,AWARDED
T01029,ocds-synthetic-01029,D12,D12,Housing Infrastructure Division,FURNITURE,HOSPITAL_FURNITURE,ITEM-FURN-310,KA-SOUTH,TWO_STAGE,LOWEST_PRICE,QUALIFIED_SUPPLIERS,2024-09-30,2024-11-09,1790310.89,AWARDED
T01030,ocds-synthetic-01030,D13,D13,Tourism Infrastructure Division,IT_SERVICES,CLOUD_SERVICES,ITEM-IT_S-595,KA-CENTRAL,OPEN,QUALITY_AND_COST,OPEN_ELIGIBILITY,2026-05-08,2026-05-30,20546000.54,AWARDED
T01031,ocds-synthetic-01031,D14,D14,Agricultural Infrastructure Division,BUILDING_CONSTRUCTION,STRUCTURAL_WORKS,ITEM-BUIL-303,KA-NORTH,OPEN,LOWEST_PRICE,OPEN_ELIGIBILITY,2025-04-20,2025-05-15,23634719.2,AWARDED
T01032,ocds-synthetic-01032,D12,D12,Housing Infrastructure Division,MEDICAL_SUPPLIES,HOSPITAL_SUPPLIES,ITEM-MEDI-804,KA-SOUTH,LIMITED,LOWEST_PRICE,QUALIFIED_SUPPLIERS,2025-09-10,2025-10-04,13978540.64,AWARDED
T01033,ocds-synthetic-01033,D04,D04,State Education Procurement Division,MEDICAL_SUPPLIES,HOSPITAL_SUPPLIES,ITEM-MEDI-965,KA-NORTH,OPEN,LOWEST_PRICE,OPEN_ELIGIBILITY,2026-04-12,2026-05-06,8839882.92,AWARDED
T01034,ocds-synthetic-01034,D09,D09,State Transport Division,MEDICAL_SUPPLIES,SURGICAL_CONSUMABLES,ITEM-MEDI-299,KA-SOUTH,OPEN,LOWEST_PRICE,OPEN_ELIGIBILITY,2026-05-18,2026-06-01,1243289.03,AWARDED
T01035,ocds-synthetic-01035,D11,D11,Urban Technology Division,MEDICAL_SUPPLIES,MEDICAL_DEVICES,ITEM-MEDI-139,KA-BENGALURU,OPEN,LOWEST_PRICE,OPEN_ELIGIBILITY,2026-05-30,2026-06-25,8877201.69,AWARDED
T01036,ocds-synthetic-01036,D03,D03,State Health Procurement Division,FURNITURE,SCHOOL_FURNITURE,ITEM-FURN-638,KA-CENTRAL,OPEN,LOWEST_PRICE,OPEN_ELIGIBILITY,2024-07-16,2024-08-14,2547426.12,AWARDED
T01037,ocds-synthetic-01037,D13,D13,Tourism Infrastructure Division,FURNITURE,OFFICE_FURNITURE,ITEM-FURN-357,KA-CENTRAL,OPEN,LOWEST_PRICE,OPEN_ELIGIBILITY,2025-12-31,2026-02-05,3779436.05,AWARDED
T01038,ocds-synthetic-01038,D06,D06,Water Resources Division,CIVIL_MAINTENANCE,ROAD_MAINTENANCE,ITEM-CIVI-971,KA-SOUTH,OPEN,LOWEST_PRICE,OPEN_ELIGIBILITY,2025-05-29,2025-07-06,7509216.8,AWARDED
T01039,ocds-synthetic-01039,D13,D13,Tourism Infrastructure Division,MEDICAL_SUPPLIES,MEDICAL_DEVICES,ITEM-MEDI-465,KA-CENTRAL,TWO_STAGE,LOWEST_PRICE,QUALIFIED_SUPPLIERS,2025-01-11,2025-03-12,5605326.78,AWARDED
T01040,ocds-synthetic-01040,D04,D04,State Education Procurement Division,MEDICAL_SUPPLIES,DIAGNOSTIC_EQUIPMENT,ITEM-MEDI-764,KA-NORTH,OPEN,LOWEST_PRICE,OPEN_ELIGIBILITY,2025-09-13,2025-10-13,1432877.8,AWARDED
T01041,ocds-synthetic-01041,D18,D18,Industrial Development Division,IT_SERVICES,CLOUD_SERVICES,ITEM-IT_S-184,KA-CENTRAL,OPEN,LOWEST_PRICE,OPEN_ELIGIBILITY,2024-01-28,2024-02-21,6659626.82,AWARDED
T01042,ocds-synthetic-01042,D18,D18,Industrial Development Division,VEHICLE_SUPPLIES,FLEET_MAINTENANCE,ITEM-VEHI-226,KA-CENTRAL,OPEN,LOWEST_PRICE,OPEN_ELIGIBILITY,2026-07-18,2026-08-22,734844.83,AWARDED
T01043,ocds-synthetic-01043,D04,D04,State Education Procurement Division,WATER_INFRASTRUCTURE,IRRIGATION_WORKS,ITEM-WATE-805,KA-NORTH,OPEN,LOWEST_PRICE,OPEN_ELIGIBILITY,2026-06-27,2026-07-30,57703120.18,AWARDED
T01044,ocds-synthetic-01044,D07,D07,Power Systems Division,ELECTRICAL_EQUIPMENT,TRANSFORMERS,ITEM-ELEC-959,KA-NORTH,OPEN,LOWEST_PRICE,OPEN_ELIGIBILITY,2025-02-03,2025-03-18,8339511.27,AWARDED
T01045,ocds-synthetic-01045,D06,D06,Water Resources Division,FURNITURE,SCHOOL_FURNITURE,ITEM-FURN-893,KA-SOUTH,OPEN,LOWEST_PRICE,OPEN_ELIGIBILITY,2025-05-29,2025-06-16,1994959.43,AWARDED
T01046,ocds-synthetic-01046,D13,D13,Tourism Infrastructure Division,CIVIL_MAINTENANCE,ELECTRICAL_MAINTENANCE,ITEM-CIVI-936,KA-CENTRAL,OPEN,LOWEST_PRICE,OPEN_ELIGIBILITY,2025-07-06,2025-07-30,4331452.18,AWARDED
T01047,ocds-synthetic-01047,D14,D14,Agricultural Infrastructure Division,WATER_INFRASTRUCTURE,WATER_TREATMENT,ITEM-WATE-977,KA-NORTH,OPEN,LOWEST_PRICE,OPEN_ELIGIBILITY,2024-10-24,2024-11-23,16095464.86,AWARDED
T01048,ocds-synthetic-01048,D05,D05,Rural Development Division,VEHICLE_SUPPLIES,FLEET_MAINTENANCE,ITEM-VEHI-281,KA-NORTH,OPEN,LOWEST_PRICE,OPEN_ELIGIBILITY,2024-07-30,2024-08-16,6898065.33,AWARDED
T01049,ocds-synthetic-01049,D09,D09,State Transport Division,BUILDING_CONSTRUCTION,PUBLIC_BUILDING,ITEM-BUIL-260,KA-SOUTH,OPEN,LOWEST_PRICE,OPEN_ELIGIBILITY,2024-05-14,2024-06-06,40827585.36,AWARDED
T01050,ocds-synthetic-01050,D11,D11,Urban Technology Division,MEDICAL_SUPPLIES,MEDICAL_DEVICES,ITEM-MEDI-180,KA-BENGALURU,OPEN,LOWEST_PRICE,OPEN_ELIGIBILITY,2024-07-29,2024-08-19,14714925.69,AWARDED
T01051,ocds-synthetic-01051,D16,D16,Infrastructure Development Division,WATER_INFRASTRUCTURE,PIPELINE_WORKS,ITEM-WATE-459,KA-CENTRAL,OPEN,LOWEST_PRICE,OPEN_ELIGIBILITY,2025-04-16,2025-05-15,30848761.2,AWARDED
T01052,ocds-synthetic-01052,D07,D07,Power Systems Division,ELECTRICAL_EQUIPMENT,CONTROL_EQUIPMENT,ITEM-ELEC-191,KA-NORTH,TWO_STAGE,LOWEST_PRICE,QUALIFIED_SUPPLIERS,2024-10-25,2024-11-30,34776176.2,AWARDED
T01053,ocds-synthetic-01053,D06,D06,Water Resources Division,MEDICAL_SUPPLIES,HOSPITAL_SUPPLIES,ITEM-MEDI-352,KA-SOUTH,TWO_STAGE,LOWEST_PRICE,QUALIFIED_SUPPLIERS,2024-02-19,2024-03-19,13084271.21,AWARDED
T01054,ocds-synthetic-01054,D13,D13,Tourism Infrastructure Division,IT_SERVICES,SOFTWARE_DEVELOPMENT,ITEM-IT_S-587,KA-CENTRAL,OPEN,LOWEST_PRICE,OPEN_ELIGIBILITY,2025-07-14,2025-08-20,5747834.94,AWARDED
T01055,ocds-synthetic-01055,D09,D09,State Transport Division,MEDICAL_SUPPLIES,DIAGNOSTIC_EQUIPMENT,ITEM-MEDI-926,KA-SOUTH,OPEN,LOWEST_PRICE,OPEN_ELIGIBILITY,2024-07-13,2024-08-11,2841051.62,AWARDED
T01056,ocds-synthetic-01056,D06,D06,Water Resources Division,BUILDING_CONSTRUCTION,RENOVATION,ITEM-BUIL-320,KA-SOUTH,LIMITED,LOWEST_PRICE,QUALIFIED_SUPPLIERS,2025-06-23,2025-07-22,101909600.84,AWARDED
T01057,ocds-synthetic-01057,D02,D02,Urban Infrastructure Division - South,ELECTRICAL_EQUIPMENT,SWITCHGEAR,ITEM-ELEC-697,KA-SOUTH,OPEN,LOWEST_PRICE,OPEN_ELIGIBILITY,2026-03-12,2026-04-18,7771333.63,AWARDED
T01058,ocds-synthetic-01058,D07,D07,Power Systems Division,BUILDING_CONSTRUCTION,RENOVATION,ITEM-BUIL-506,KA-NORTH,LIMITED,LOWEST_PRICE,QUALIFIED_SUPPLIERS,2025-03-30,2025-04-20,8434528.77,AWARDED
T01059,ocds-synthetic-01059,D07,D07,Power Systems Division,ELECTRICAL_EQUIPMENT,SWITCHGEAR,ITEM-ELEC-155,KA-NORTH,OPEN,LOWEST_PRICE,OPEN_ELIGIBILITY,2025-04-12,2025-05-17,4781758.76,AWARDED
T01060,ocds-synthetic-01060,D01,D01,State Works Division - North,IT_SERVICES,SOFTWARE_DEVELOPMENT,ITEM-IT_S-503,KA-NORTH,OPEN,QUALITY_AND_COST,OPEN_ELIGIBILITY,2026-02-17,2026-03-22,11146483.35,AWARDED
T01061,ocds-synthetic-01061,D16,D16,Infrastructure Development Division,MEDICAL_SUPPLIES,HOSPITAL_SUPPLIES,ITEM-MEDI-755,KA-CENTRAL,LIMITED,LOWEST_PRICE,QUALIFIED_SUPPLIERS,2024-05-03,2024-05-10,7363759.77,AWARDED
T01062,ocds-synthetic-01062,D05,D05,Rural Development Division,ELECTRICAL_EQUIPMENT,SWITCHGEAR,ITEM-ELEC-760,KA-NORTH,OPEN,LOWEST_PRICE,OPEN_ELIGIBILITY,2024-11-23,2024-12-20,8148766.68,AWARDED
T01063,ocds-synthetic-01063,D03,D03,State Health Procurement Division,IT_SERVICES,CLOUD_SERVICES,ITEM-IT_S-826,KA-CENTRAL,OPEN,QUALITY_AND_COST,OPEN_ELIGIBILITY,2025-08-16,2025-09-05,14208985.48,AWARDED
T01064,ocds-synthetic-01064,D09,D09,State Transport Division,LAB_EQUIPMENT,ANALYTICAL_INSTRUMENTS,ITEM-LAB_-312,KA-SOUTH,OPEN,QUALITY_AND_COST,OPEN_ELIGIBILITY,2025-06-25,2025-08-09,2534114.24,AWARDED
T01065,ocds-synthetic-01065,D20,D20,Public Health Engineering Division,MEDICAL_SUPPLIES,MEDICAL_DEVICES,ITEM-MEDI-295,KA-SOUTH,OPEN,LOWEST_PRICE,OPEN_ELIGIBILITY,2025-05-23,2025-06-18,74370957.35,AWARDED
T01066,ocds-synthetic-01066,D19,D19,Forest Infrastructure Division,CIVIL_MAINTENANCE,GENERAL_REPAIRS,ITEM-CIVI-514,KA-NORTH,LIMITED,LOWEST_PRICE,QUALIFIED_SUPPLIERS,2026-01-08,2026-02-06,1008626.92,AWARDED
T01067,ocds-synthetic-01067,D14,D14,Agricultural Infrastructure Division,WATER_INFRASTRUCTURE,IRRIGATION_WORKS,ITEM-WATE-104,KA-NORTH,OPEN,LOWEST_PRICE,OPEN_ELIGIBILITY,2025-01-17,2025-02-05,70348790.64,AWARDED
T01068,ocds-synthetic-01068,D06,D06,Water Resources Division,ROAD_CONSTRUCTION,BITUMINOUS_WORKS,ITEM-ROAD-684,KA-SOUTH,OPEN,LOWEST_PRICE,OPEN_ELIGIBILITY,2024-07-20,2024-08-19,13217328.65,AWARDED
T01069,ocds-synthetic-01069,D06,D06,Water Resources Division,WATER_INFRASTRUCTURE,IRRIGATION_WORKS,ITEM-WATE-821,KA-SOUTH,TWO_STAGE,LOWEST_PRICE,QUALIFIED_SUPPLIERS,2025-02-17,2025-03-22,5338177.52,AWARDED
T01070,ocds-synthetic-01070,D15,D15,Energy Procurement Division,CIVIL_MAINTENANCE,ELECTRICAL_MAINTENANCE,ITEM-CIVI-204,KA-SOUTH,LIMITED,LOWEST_PRICE,QUALIFIED_SUPPLIERS,2025-03-19,2025-04-15,2297196.72,AWARDED
T01071,ocds-synthetic-01071,D17,D17,Higher Education Procurement Division,BUILDING_CONSTRUCTION,CIVIL_BUILDING_WORKS,ITEM-BUIL-817,KA-BENGALURU,OPEN,LOWEST_PRICE,OPEN_ELIGIBILITY,2025-08-04,2025-09-08,18158545.57,AWARDED
T01072,ocds-synthetic-01072,D12,D12,Housing Infrastructure Division,BUILDING_CONSTRUCTION,PUBLIC_BUILDING,ITEM-BUIL-158,KA-SOUTH,OPEN,LOWEST_PRICE,OPEN_ELIGIBILITY,2024-08-12,2024-09-13,27830580.16,AWARDED
T01073,ocds-synthetic-01073,D01,D01,State Works Division - North,WATER_INFRASTRUCTURE,WATER_TREATMENT,ITEM-WATE-390,KA-NORTH,OPEN,LOWEST_PRICE,OPEN_ELIGIBILITY,2026-03-30,2026-04-30,98584993.54,AWARDED
T01074,ocds-synthetic-01074,D07,D07,Power Systems Division,ELECTRICAL_EQUIPMENT,TRANSFORMERS,ITEM-ELEC-760,KA-NORTH,OPEN,LOWEST_PRICE,OPEN_ELIGIBILITY,2024-11-16,2024-12-11,3566022.03,AWARDED
T01075,ocds-synthetic-01075,D13,D13,Tourism Infrastructure Division,BUILDING_CONSTRUCTION,STRUCTURAL_WORKS,ITEM-BUIL-130,KA-CENTRAL,OPEN,LOWEST_PRICE,OPEN_ELIGIBILITY,2024-12-31,2025-02-03,31584953.28,AWARDED
T01076,ocds-synthetic-01076,D04,D04,State Education Procurement Division,ROAD_CONSTRUCTION,ROAD_RESURFACING,ITEM-ROAD-917,KA-NORTH,OPEN,LOWEST_PRICE,OPEN_ELIGIBILITY,2024-06-19,2024-07-27,62051070.19,AWARDED
T01077,ocds-synthetic-01077,D18,D18,Industrial Development Division,ELECTRICAL_EQUIPMENT,TRANSFORMERS,ITEM-ELEC-862,KA-CENTRAL,LIMITED,LOWEST_PRICE,QUALIFIED_SUPPLIERS,2024-07-06,2024-07-13,10958925.91,AWARDED
T01078,ocds-synthetic-01078,D09,D09,State Transport Division,IT_SERVICES,CYBERSECURITY,ITEM-IT_S-537,KA-SOUTH,OPEN,LOWEST_PRICE,OPEN_ELIGIBILITY,2024-03-07,2024-04-17,8874299.88,AWARDED
T01079,ocds-synthetic-01079,D04,D04,State Education Procurement Division,ROAD_CONSTRUCTION,BITUMINOUS_WORKS,ITEM-ROAD-712,KA-NORTH,OPEN,LOWEST_PRICE,OPEN_ELIGIBILITY,2025-07-07,2025-08-15,28845538.12,AWARDED
T01080,ocds-synthetic-01080,D10,D10,Medical Services Procurement Division,ROAD_CONSTRUCTION,ROAD_MAINTENANCE,ITEM-ROAD-134,KA-CENTRAL,TWO_STAGE,LOWEST_PRICE,QUALIFIED_SUPPLIERS,2025-01-11,2025-03-24,26224018.31,AWARDED
T01081,ocds-synthetic-01081,D01,D01,State Works Division - North,BUILDING_CONSTRUCTION,STRUCTURAL_WORKS,ITEM-BUIL-149,KA-NORTH,OPEN,LOWEST_PRICE,OPEN_ELIGIBILITY,2025-11-17,2025-12-21,39675679.28,AWARDED
T01082,ocds-synthetic-01082,D06,D06,Water Resources Division,FURNITURE,OFFICE_FURNITURE,ITEM-FURN-936,KA-SOUTH,LIMITED,LOWEST_PRICE,QUALIFIED_SUPPLIERS,2024-08-30,2024-09-26,7505129.3,AWARDED
T01083,ocds-synthetic-01083,D14,D14,Agricultural Infrastructure Division,ELECTRICAL_EQUIPMENT,CABLING,ITEM-ELEC-669,KA-NORTH,OPEN,LOWEST_PRICE,OPEN_ELIGIBILITY,2025-12-24,2026-01-25,4577285.24,AWARDED
T01084,ocds-synthetic-01084,D10,D10,Medical Services Procurement Division,LAB_EQUIPMENT,SCIENTIFIC_EQUIPMENT,ITEM-LAB_-370,KA-CENTRAL,OPEN,QUALITY_AND_COST,OPEN_ELIGIBILITY,2026-03-17,2026-04-30,1929000.89,AWARDED
T01085,ocds-synthetic-01085,D03,D03,State Health Procurement Division,LAB_EQUIPMENT,SCIENTIFIC_EQUIPMENT,ITEM-LAB_-306,KA-CENTRAL,OPEN,QUALITY_AND_COST,OPEN_ELIGIBILITY,2025-01-09,2025-01-26,2858515.55,AWARDED
T01086,ocds-synthetic-01086,D15,D15,Energy Procurement Division,LAB_EQUIPMENT,CALIBRATION_EQUIPMENT,ITEM-LAB_-106,KA-SOUTH,OPEN,LOWEST_PRICE,OPEN_ELIGIBILITY,2026-02-22,2026-03-23,3161188.7,AWARDED
T01087,ocds-synthetic-01087,D13,D13,Tourism Infrastructure Division,BUILDING_CONSTRUCTION,RENOVATION,ITEM-BUIL-108,KA-CENTRAL,OPEN,LOWEST_PRICE,OPEN_ELIGIBILITY,2025-06-08,2025-07-08,5246615.66,AWARDED
T01088,ocds-synthetic-01088,D05,D05,Rural Development Division,BUILDING_CONSTRUCTION,PUBLIC_BUILDING,ITEM-BUIL-916,KA-NORTH,OPEN,LOWEST_PRICE,OPEN_ELIGIBILITY,2026-02-10,2026-03-06,8874731.82,AWARDED
T01089,ocds-synthetic-01089,D13,D13,Tourism Infrastructure Division,WATER_INFRASTRUCTURE,WATER_TREATMENT,ITEM-WATE-819,KA-CENTRAL,OPEN,LOWEST_PRICE,OPEN_ELIGIBILITY,2026-08-13,2026-08-31,2222348.98,AWARDED
T01090,ocds-synthetic-01090,D03,D03,State Health Procurement Division,WATER_INFRASTRUCTURE,PIPELINE_WORKS,ITEM-WATE-837,KA-CENTRAL,OPEN,LOWEST_PRICE,OPEN_ELIGIBILITY,2024-04-25,2024-05-12,9397155.05,AWARDED
T01091,ocds-synthetic-01091,D09,D09,State Transport Division,VEHICLE_SUPPLIES,SPECIAL_PURPOSE_VEHICLES,ITEM-VEHI-506,KA-SOUTH,OPEN,LOWEST_PRICE,OPEN_ELIGIBILITY,2024-06-25,2024-07-27,8121972.07,AWARDED
T01092,ocds-synthetic-01092,D17,D17,Higher Education Procurement Division,MEDICAL_SUPPLIES,DIAGNOSTIC_EQUIPMENT,ITEM-MEDI-712,KA-BENGALURU,OPEN,LOWEST_PRICE,OPEN_ELIGIBILITY,2025-09-21,2025-11-04,16051883.74,AWARDED
T01093,ocds-synthetic-01093,D08,D08,Municipal Services Division,LAB_EQUIPMENT,CALIBRATION_EQUIPMENT,ITEM-LAB_-703,KA-CENTRAL,OPEN,LOWEST_PRICE,OPEN_ELIGIBILITY,2024-11-25,2024-12-29,4395077.38,AWARDED
T01094,ocds-synthetic-01094,D09,D09,State Transport Division,CIVIL_MAINTENANCE,ROAD_MAINTENANCE,ITEM-CIVI-824,KA-SOUTH,OPEN,LOWEST_PRICE,OPEN_ELIGIBILITY,2025-03-29,2025-04-14,9450420.55,AWARDED
T01095,ocds-synthetic-01095,D19,D19,Forest Infrastructure Division,BUILDING_CONSTRUCTION,RENOVATION,ITEM-BUIL-565,KA-NORTH,OPEN,LOWEST_PRICE,OPEN_ELIGIBILITY,2026-07-17,2026-08-21,32634659.33,AWARDED
T01096,ocds-synthetic-01096,D12,D12,Housing Infrastructure Division,BUILDING_CONSTRUCTION,STRUCTURAL_WORKS,ITEM-BUIL-720,KA-SOUTH,OPEN,LOWEST_PRICE,OPEN_ELIGIBILITY,2026-08-11,2026-08-31,114881950.48,AWARDED
T01097,ocds-synthetic-01097,D13,D13,Tourism Infrastructure Division,WATER_INFRASTRUCTURE,PIPELINE_WORKS,ITEM-WATE-124,KA-CENTRAL,OPEN,LOWEST_PRICE,OPEN_ELIGIBILITY,2024-12-25,2025-01-10,78533720.82,AWARDED
T01098,ocds-synthetic-01098,D18,D18,Industrial Development Division,CIVIL_MAINTENANCE,GENERAL_REPAIRS,ITEM-CIVI-858,KA-CENTRAL,OPEN,LOWEST_PRICE,OPEN_ELIGIBILITY,2024-01-11,2024-02-20,14273702.65,AWARDED
T01099,ocds-synthetic-01099,D13,D13,Tourism Infrastructure Division,FURNITURE,SCHOOL_FURNITURE,ITEM-FURN-200,KA-CENTRAL,OPEN,LOWEST_PRICE,OPEN_ELIGIBILITY,2024-03-11,2024-03-27,3011441.2,AWARDED
T01100,ocds-synthetic-01100,D09,D09,State Transport Division,VEHICLE_SUPPLIES,SPECIAL_PURPOSE_VEHICLES,ITEM-VEHI-955,KA-SOUTH,OPEN,LOWEST_PRICE,OPEN_ELIGIBILITY,2024-08-22,2024-09-13,6966065.98,AWARDED
T01101,ocds-synthetic-01101,D14,D14,Agricultural Infrastructure Division,BUILDING_CONSTRUCTION,PUBLIC_BUILDING,ITEM-BUIL-760,KA-NORTH,OPEN,LOWEST_PRICE,OPEN_ELIGIBILITY,2024-08-30,2024-09-16,3986546.69,AWARDED
T01102,ocds-synthetic-01102,D02,D02,Urban Infrastructure Division - South,CIVIL_MAINTENANCE,ROAD_MAINTENANCE,ITEM-CIVI-833,KA-SOUTH,TWO_STAGE,LOWEST_PRICE,QUALIFIED_SUPPLIERS,2025-06-08,2025-07-28,1858257.95,AWARDED
T01103,ocds-synthetic-01103,D03,D03,State Health Procurement Division,MEDICAL_SUPPLIES,SURGICAL_CONSUMABLES,ITEM-MEDI-499,KA-CENTRAL,OPEN,LOWEST_PRICE,OPEN_ELIGIBILITY,2025-12-04,2026-01-08,4705869.48,AWARDED
T01104,ocds-synthetic-01104,D19,D19,Forest Infrastructure Division,ELECTRICAL_EQUIPMENT,SWITCHGEAR,ITEM-ELEC-305,KA-NORTH,OPEN,LOWEST_PRICE,OPEN_ELIGIBILITY,2025-12-24,2026-01-12,5491550.26,AWARDED
T01105,ocds-synthetic-01105,D15,D15,Energy Procurement Division,VEHICLE_SUPPLIES,VEHICLE_PARTS,ITEM-VEHI-716,KA-SOUTH,OPEN,LOWEST_PRICE,OPEN_ELIGIBILITY,2024-06-21,2024-07-03,6943980.74,AWARDED
T01106,ocds-synthetic-01106,D18,D18,Industrial Development Division,ROAD_CONSTRUCTION,ROAD_RESURFACING,ITEM-ROAD-233,KA-CENTRAL,OPEN,LOWEST_PRICE,OPEN_ELIGIBILITY,2025-05-12,2025-06-08,31968020.17,AWARDED
T01107,ocds-synthetic-01107,D02,D02,Urban Infrastructure Division - South,WATER_INFRASTRUCTURE,PIPELINE_WORKS,ITEM-WATE-945,KA-SOUTH,OPEN,LOWEST_PRICE,OPEN_ELIGIBILITY,2025-09-16,2025-10-20,14426007.1,AWARDED
T01108,ocds-synthetic-01108,D19,D19,Forest Infrastructure Division,VEHICLE_SUPPLIES,SPECIAL_PURPOSE_VEHICLES,ITEM-VEHI-746,KA-NORTH,OPEN,LOWEST_PRICE,OPEN_ELIGIBILITY,2026-08-14,2026-08-31,2801749.81,AWARDED
T01109,ocds-synthetic-01109,D12,D12,Housing Infrastructure Division,CIVIL_MAINTENANCE,GENERAL_REPAIRS,ITEM-CIVI-741,KA-SOUTH,OPEN,LOWEST_PRICE,OPEN_ELIGIBILITY,2026-08-09,2026-08-31,10497823.14,AWARDED
T01110,ocds-synthetic-01110,D15,D15,Energy Procurement Division,WATER_INFRASTRUCTURE,WATER_TREATMENT,ITEM-WATE-382,KA-SOUTH,OPEN,LOWEST_PRICE,OPEN_ELIGIBILITY,2024-02-27,2024-03-15,20817259.92,AWARDED
T01111,ocds-synthetic-01111,D11,D11,Urban Technology Division,CIVIL_MAINTENANCE,BUILDING_MAINTENANCE,ITEM-CIVI-693,KA-BENGALURU,OPEN,LOWEST_PRICE,OPEN_ELIGIBILITY,2025-05-15,2025-06-19,1263468.88,AWARDED
T01112,ocds-synthetic-01112,D05,D05,Rural Development Division,IT_SERVICES,NETWORK_INFRASTRUCTURE,ITEM-IT_S-607,KA-NORTH,OPEN,LOWEST_PRICE,OPEN_ELIGIBILITY,2024-05-05,2024-06-01,3251751.23,AWARDED
T01113,ocds-synthetic-01113,D06,D06,Water Resources Division,WATER_INFRASTRUCTURE,WATER_TREATMENT,ITEM-WATE-916,KA-SOUTH,TWO_STAGE,LOWEST_PRICE,QUALIFIED_SUPPLIERS,2025-09-07,2025-10-09,19615592.91,AWARDED
T01114,ocds-synthetic-01114,D18,D18,Industrial Development Division,WATER_INFRASTRUCTURE,PUMPING_SYSTEMS,ITEM-WATE-499,KA-CENTRAL,OPEN,LOWEST_PRICE,OPEN_ELIGIBILITY,2025-11-03,2025-11-23,29031394.19,AWARDED
T01115,ocds-synthetic-01115,D14,D14,Agricultural Infrastructure Division,ELECTRICAL_EQUIPMENT,CONTROL_EQUIPMENT,ITEM-ELEC-486,KA-NORTH,TWO_STAGE,LOWEST_PRICE,QUALIFIED_SUPPLIERS,2024-07-02,2024-08-16,10139121.25,AWARDED
T01116,ocds-synthetic-01116,D12,D12,Housing Infrastructure Division,BUILDING_CONSTRUCTION,STRUCTURAL_WORKS,ITEM-BUIL-493,KA-SOUTH,OPEN,LOWEST_PRICE,OPEN_ELIGIBILITY,2024-11-29,2024-12-30,54951824.9,AWARDED
T01117,ocds-synthetic-01117,D17,D17,Higher Education Procurement Division,VEHICLE_SUPPLIES,FLEET_MAINTENANCE,ITEM-VEHI-810,KA-BENGALURU,LIMITED,LOWEST_PRICE,QUALIFIED_SUPPLIERS,2025-09-15,2025-09-28,3500167.97,AWARDED
T01118,ocds-synthetic-01118,D13,D13,Tourism Infrastructure Division,ROAD_CONSTRUCTION,ROAD_WIDENING,ITEM-ROAD-624,KA-CENTRAL,TWO_STAGE,LOWEST_PRICE,QUALIFIED_SUPPLIERS,2024-02-20,2024-04-02,18481654.38,AWARDED
T01119,ocds-synthetic-01119,D06,D06,Water Resources Division,LAB_EQUIPMENT,SCIENTIFIC_EQUIPMENT,ITEM-LAB_-132,KA-SOUTH,TWO_STAGE,LOWEST_PRICE,QUALIFIED_SUPPLIERS,2025-09-21,2025-11-30,602002.05,AWARDED
T01120,ocds-synthetic-01120,D06,D06,Water Resources Division,FURNITURE,OFFICE_FURNITURE,ITEM-FURN-597,KA-SOUTH,OPEN,LOWEST_PRICE,OPEN_ELIGIBILITY,2024-10-06,2024-10-23,5486356.51,AWARDED
T01121,ocds-synthetic-01121,D02,D02,Urban Infrastructure Division - South,BUILDING_CONSTRUCTION,PUBLIC_BUILDING,ITEM-BUIL-746,KA-SOUTH,TWO_STAGE,LOWEST_PRICE,QUALIFIED_SUPPLIERS,2025-09-22,2025-10-31,46108515.59,AWARDED
T01122,ocds-synthetic-01122,D08,D08,Municipal Services Division,VEHICLE_SUPPLIES,FLEET_MAINTENANCE,ITEM-VEHI-215,KA-CENTRAL,OPEN,LOWEST_PRICE,OPEN_ELIGIBILITY,2024-05-28,2024-06-20,9504915.56,AWARDED
T01123,ocds-synthetic-01123,D08,D08,Municipal Services Division,WATER_INFRASTRUCTURE,PIPELINE_WORKS,ITEM-WATE-132,KA-CENTRAL,OPEN,LOWEST_PRICE,OPEN_ELIGIBILITY,2025-07-15,2025-08-18,52952032.43,AWARDED
T01124,ocds-synthetic-01124,D11,D11,Urban Technology Division,BUILDING_CONSTRUCTION,STRUCTURAL_WORKS,ITEM-BUIL-748,KA-BENGALURU,OPEN,LOWEST_PRICE,OPEN_ELIGIBILITY,2025-02-13,2025-02-28,94539642.15,AWARDED
T01125,ocds-synthetic-01125,D15,D15,Energy Procurement Division,ROAD_CONSTRUCTION,ROAD_MAINTENANCE,ITEM-ROAD-707,KA-SOUTH,OPEN,LOWEST_PRICE,OPEN_ELIGIBILITY,2024-07-21,2024-08-26,67999865.88,AWARDED
T01126,ocds-synthetic-01126,D20,D20,Public Health Engineering Division,ROAD_CONSTRUCTION,BITUMINOUS_WORKS,ITEM-ROAD-950,KA-SOUTH,OPEN,LOWEST_PRICE,OPEN_ELIGIBILITY,2024-11-02,2024-11-26,39412814.5,AWARDED
T01127,ocds-synthetic-01127,D12,D12,Housing Infrastructure Division,LAB_EQUIPMENT,LABORATORY_SYSTEMS,ITEM-LAB_-155,KA-SOUTH,OPEN,LOWEST_PRICE,OPEN_ELIGIBILITY,2024-09-14,2024-10-13,5343609.06,AWARDED
T01128,ocds-synthetic-01128,D12,D12,Housing Infrastructure Division,VEHICLE_SUPPLIES,SPECIAL_PURPOSE_VEHICLES,ITEM-VEHI-703,KA-SOUTH,LIMITED,LOWEST_PRICE,QUALIFIED_SUPPLIERS,2024-04-01,2024-04-13,1850627.22,AWARDED
T01129,ocds-synthetic-01129,D06,D06,Water Resources Division,LAB_EQUIPMENT,SCIENTIFIC_EQUIPMENT,ITEM-LAB_-120,KA-SOUTH,OPEN,LOWEST_PRICE,OPEN_ELIGIBILITY,2025-06-12,2025-07-11,10704823.61,AWARDED
T01130,ocds-synthetic-01130,D06,D06,Water Resources Division,CIVIL_MAINTENANCE,GENERAL_REPAIRS,ITEM-CIVI-778,KA-SOUTH,OPEN,LOWEST_PRICE,OPEN_ELIGIBILITY,2026-07-04,2026-07-16,9106271.66,AWARDED
T01131,ocds-synthetic-01131,D06,D06,Water Resources Division,WATER_INFRASTRUCTURE,PIPELINE_WORKS,ITEM-WATE-764,KA-SOUTH,TWO_STAGE,LOWEST_PRICE,QUALIFIED_SUPPLIERS,2024-09-18,2024-11-18,3251609.81,AWARDED
T01132,ocds-synthetic-01132,D19,D19,Forest Infrastructure Division,MEDICAL_SUPPLIES,HOSPITAL_SUPPLIES,ITEM-MEDI-395,KA-NORTH,OPEN,LOWEST_PRICE,OPEN_ELIGIBILITY,2024-08-19,2024-09-03,31322493.24,AWARDED
T01133,ocds-synthetic-01133,D19,D19,Forest Infrastructure Division,BUILDING_CONSTRUCTION,RENOVATION,ITEM-BUIL-244,KA-NORTH,OPEN,LOWEST_PRICE,OPEN_ELIGIBILITY,2025-12-17,2026-01-14,233938870.55,AWARDED
T01134,ocds-synthetic-01134,D07,D07,Power Systems Division,IT_SERVICES,IT_HARDWARE,ITEM-IT_S-854,KA-NORTH,OPEN,QUALITY_AND_COST,OPEN_ELIGIBILITY,2025-03-12,2025-04-24,4216204.5,AWARDED
T01135,ocds-synthetic-01135,D18,D18,Industrial Development Division,ELECTRICAL_EQUIPMENT,SWITCHGEAR,ITEM-ELEC-751,KA-CENTRAL,LIMITED,LOWEST_PRICE,QUALIFIED_SUPPLIERS,2024-05-13,2024-05-21,3859049.52,AWARDED
T01136,ocds-synthetic-01136,D10,D10,Medical Services Procurement Division,WATER_INFRASTRUCTURE,PUMPING_SYSTEMS,ITEM-WATE-505,KA-CENTRAL,OPEN,LOWEST_PRICE,OPEN_ELIGIBILITY,2024-10-08,2024-10-25,11795566.36,AWARDED
T01137,ocds-synthetic-01137,D09,D09,State Transport Division,CIVIL_MAINTENANCE,ROAD_MAINTENANCE,ITEM-CIVI-809,KA-SOUTH,OPEN,LOWEST_PRICE,OPEN_ELIGIBILITY,2025-05-21,2025-06-28,4850581.47,AWARDED
T01138,ocds-synthetic-01138,D19,D19,Forest Infrastructure Division,CIVIL_MAINTENANCE,ELECTRICAL_MAINTENANCE,ITEM-CIVI-485,KA-NORTH,OPEN,LOWEST_PRICE,OPEN_ELIGIBILITY,2024-07-01,2024-07-30,14284565.73,AWARDED
T01139,ocds-synthetic-01139,D04,D04,State Education Procurement Division,BUILDING_CONSTRUCTION,STRUCTURAL_WORKS,ITEM-BUIL-336,KA-NORTH,OPEN,LOWEST_PRICE,OPEN_ELIGIBILITY,2026-03-20,2026-04-28,163015919.95,AWARDED
T01140,ocds-synthetic-01140,D20,D20,Public Health Engineering Division,FURNITURE,HOSPITAL_FURNITURE,ITEM-FURN-397,KA-SOUTH,OPEN,LOWEST_PRICE,OPEN_ELIGIBILITY,2025-10-22,2025-12-02,370135.45,AWARDED
T01141,ocds-synthetic-01141,D12,D12,Housing Infrastructure Division,ROAD_CONSTRUCTION,ROAD_MAINTENANCE,ITEM-ROAD-849,KA-SOUTH,LIMITED,LOWEST_PRICE,QUALIFIED_SUPPLIERS,2025-10-06,2025-10-30,51759776.15,AWARDED
T01142,ocds-synthetic-01142,D19,D19,Forest Infrastructure Division,BUILDING_CONSTRUCTION,STRUCTURAL_WORKS,ITEM-BUIL-666,KA-NORTH,OPEN,LOWEST_PRICE,OPEN_ELIGIBILITY,2025-06-06,2025-06-23,26110889.26,AWARDED
T01143,ocds-synthetic-01143,D07,D07,Power Systems Division,ROAD_CONSTRUCTION,ROAD_WIDENING,ITEM-ROAD-112,KA-NORTH,LIMITED,LOWEST_PRICE,QUALIFIED_SUPPLIERS,2025-05-16,2025-06-10,45624715.16,AWARDED
T01144,ocds-synthetic-01144,D04,D04,State Education Procurement Division,VEHICLE_SUPPLIES,VEHICLE_PARTS,ITEM-VEHI-509,KA-NORTH,OPEN,LOWEST_PRICE,OPEN_ELIGIBILITY,2025-07-27,2025-08-26,3061371.24,AWARDED
T01145,ocds-synthetic-01145,D01,D01,State Works Division - North,MEDICAL_SUPPLIES,HOSPITAL_SUPPLIES,ITEM-MEDI-226,KA-NORTH,LIMITED,LOWEST_PRICE,QUALIFIED_SUPPLIERS,2024-02-25,2024-03-16,6341447.32,AWARDED
T01146,ocds-synthetic-01146,D06,D06,Water Resources Division,VEHICLE_SUPPLIES,FLEET_MAINTENANCE,ITEM-VEHI-732,KA-SOUTH,LIMITED,LOWEST_PRICE,QUALIFIED_SUPPLIERS,2025-07-17,2025-08-04,13237489.7,AWARDED
T01147,ocds-synthetic-01147,D17,D17,Higher Education Procurement Division,FURNITURE,SCHOOL_FURNITURE,ITEM-FURN-876,KA-BENGALURU,OPEN,LOWEST_PRICE,OPEN_ELIGIBILITY,2025-03-17,2025-04-07,3120838.36,AWARDED
T01148,ocds-synthetic-01148,D13,D13,Tourism Infrastructure Division,ROAD_CONSTRUCTION,ROAD_MAINTENANCE,ITEM-ROAD-314,KA-CENTRAL,TWO_STAGE,LOWEST_PRICE,QUALIFIED_SUPPLIERS,2026-07-16,2026-08-11,53277874.08,AWARDED
T01149,ocds-synthetic-01149,D03,D03,State Health Procurement Division,LAB_EQUIPMENT,LABORATORY_SYSTEMS,ITEM-LAB_-588,KA-CENTRAL,OPEN,LOWEST_PRICE,OPEN_ELIGIBILITY,2024-12-14,2025-01-22,1452171.15,AWARDED
T01150,ocds-synthetic-01150,D19,D19,Forest Infrastructure Division,FURNITURE,SCHOOL_FURNITURE,ITEM-FURN-411,KA-NORTH,LIMITED,LOWEST_PRICE,QUALIFIED_SUPPLIERS,2025-03-09,2025-03-18,908382.85,AWARDED
T01151,ocds-synthetic-01151,D01,D01,State Works Division - North,BUILDING_CONSTRUCTION,RENOVATION,ITEM-BUIL-420,KA-NORTH,OPEN,LOWEST_PRICE,OPEN_ELIGIBILITY,2024-02-12,2024-03-25,34759352.97,AWARDED
T01152,ocds-synthetic-01152,D14,D14,Agricultural Infrastructure Division,CIVIL_MAINTENANCE,GENERAL_REPAIRS,ITEM-CIVI-735,KA-NORTH,OPEN,LOWEST_PRICE,OPEN_ELIGIBILITY,2025-04-13,2025-04-25,11011273.82,AWARDED
T01153,ocds-synthetic-01153,D15,D15,Energy Procurement Division,CIVIL_MAINTENANCE,ROAD_MAINTENANCE,ITEM-CIVI-604,KA-SOUTH,OPEN,LOWEST_PRICE,OPEN_ELIGIBILITY,2026-06-03,2026-07-04,6314064.04,AWARDED
T01154,ocds-synthetic-01154,D18,D18,Industrial Development Division,IT_SERVICES,IT_HARDWARE,ITEM-IT_S-790,KA-CENTRAL,OPEN,QUALITY_AND_COST,OPEN_ELIGIBILITY,2025-04-01,2025-04-15,5761121.83,AWARDED
T01155,ocds-synthetic-01155,D14,D14,Agricultural Infrastructure Division,VEHICLE_SUPPLIES,VEHICLE_PARTS,ITEM-VEHI-798,KA-NORTH,OPEN,LOWEST_PRICE,OPEN_ELIGIBILITY,2024-07-27,2024-08-22,12040747.3,AWARDED
T01156,ocds-synthetic-01156,D11,D11,Urban Technology Division,FURNITURE,HOSPITAL_FURNITURE,ITEM-FURN-895,KA-BENGALURU,OPEN,LOWEST_PRICE,OPEN_ELIGIBILITY,2024-01-28,2024-02-29,748750.66,AWARDED
T01157,ocds-synthetic-01157,D16,D16,Infrastructure Development Division,WATER_INFRASTRUCTURE,PIPELINE_WORKS,ITEM-WATE-764,KA-CENTRAL,OPEN,LOWEST_PRICE,OPEN_ELIGIBILITY,2025-06-07,2025-06-24,31814399.62,AWARDED
T01158,ocds-synthetic-01158,D03,D03,State Health Procurement Division,MEDICAL_SUPPLIES,MEDICAL_DEVICES,ITEM-MEDI-981,KA-CENTRAL,OPEN,LOWEST_PRICE,OPEN_ELIGIBILITY,2026-02-11,2026-03-15,9223767.65,AWARDED
T01159,ocds-synthetic-01159,D19,D19,Forest Infrastructure Division,WATER_INFRASTRUCTURE,IRRIGATION_WORKS,ITEM-WATE-993,KA-NORTH,TWO_STAGE,LOWEST_PRICE,QUALIFIED_SUPPLIERS,2024-07-08,2024-08-08,18219143.3,AWARDED
T01160,ocds-synthetic-01160,D15,D15,Energy Procurement Division,ROAD_CONSTRUCTION,DRAINAGE_WORKS,ITEM-ROAD-598,KA-SOUTH,OPEN,LOWEST_PRICE,OPEN_ELIGIBILITY,2025-06-20,2025-07-19,15524822.12,AWARDED
T01161,ocds-synthetic-01161,D15,D15,Energy Procurement Division,IT_SERVICES,CYBERSECURITY,ITEM-IT_S-361,KA-SOUTH,OPEN,QUALITY_AND_COST,OPEN_ELIGIBILITY,2026-04-23,2026-05-10,10957180.94,AWARDED
T01162,ocds-synthetic-01162,D14,D14,Agricultural Infrastructure Division,FURNITURE,HOSPITAL_FURNITURE,ITEM-FURN-799,KA-NORTH,OPEN,LOWEST_PRICE,OPEN_ELIGIBILITY,2025-10-02,2025-10-26,5876834.27,AWARDED
T01163,ocds-synthetic-01163,D15,D15,Energy Procurement Division,VEHICLE_SUPPLIES,SPECIAL_PURPOSE_VEHICLES,ITEM-VEHI-107,KA-SOUTH,OPEN,LOWEST_PRICE,OPEN_ELIGIBILITY,2025-02-25,2025-04-06,3325372.61,AWARDED
T01164,ocds-synthetic-01164,D06,D06,Water Resources Division,FURNITURE,HOSPITAL_FURNITURE,ITEM-FURN-776,KA-SOUTH,LIMITED,LOWEST_PRICE,QUALIFIED_SUPPLIERS,2025-12-05,2025-12-27,2764100.11,AWARDED
T01165,ocds-synthetic-01165,D14,D14,Agricultural Infrastructure Division,VEHICLE_SUPPLIES,FLEET_MAINTENANCE,ITEM-VEHI-126,KA-NORTH,LIMITED,LOWEST_PRICE,QUALIFIED_SUPPLIERS,2024-04-23,2024-05-04,8337541.46,AWARDED
T01166,ocds-synthetic-01166,D10,D10,Medical Services Procurement Division,LAB_EQUIPMENT,ANALYTICAL_INSTRUMENTS,ITEM-LAB_-532,KA-CENTRAL,OPEN,QUALITY_AND_COST,OPEN_ELIGIBILITY,2024-01-14,2024-02-26,4175315.87,AWARDED
T01167,ocds-synthetic-01167,D11,D11,Urban Technology Division,FURNITURE,SCHOOL_FURNITURE,ITEM-FURN-633,KA-BENGALURU,OPEN,LOWEST_PRICE,OPEN_ELIGIBILITY,2025-08-19,2025-10-01,1007130.25,AWARDED
T01168,ocds-synthetic-01168,D11,D11,Urban Technology Division,IT_SERVICES,IT_HARDWARE,ITEM-IT_S-326,KA-BENGALURU,OPEN,LOWEST_PRICE,OPEN_ELIGIBILITY,2024-12-03,2024-12-22,6887454.01,AWARDED
T01169,ocds-synthetic-01169,D12,D12,Housing Infrastructure Division,MEDICAL_SUPPLIES,MEDICAL_DEVICES,ITEM-MEDI-247,KA-SOUTH,OPEN,LOWEST_PRICE,OPEN_ELIGIBILITY,2024-02-04,2024-03-05,8204274.81,AWARDED
T01170,ocds-synthetic-01170,D12,D12,Housing Infrastructure Division,MEDICAL_SUPPLIES,SURGICAL_CONSUMABLES,ITEM-MEDI-176,KA-SOUTH,OPEN,LOWEST_PRICE,OPEN_ELIGIBILITY,2024-02-23,2024-03-23,2491823.25,AWARDED
T01171,ocds-synthetic-01171,D06,D06,Water Resources Division,VEHICLE_SUPPLIES,VEHICLE_PARTS,ITEM-VEHI-327,KA-SOUTH,TWO_STAGE,LOWEST_PRICE,QUALIFIED_SUPPLIERS,2025-02-12,2025-03-29,2818988.08,AWARDED
T01172,ocds-synthetic-01172,D17,D17,Higher Education Procurement Division,CIVIL_MAINTENANCE,GENERAL_REPAIRS,ITEM-CIVI-586,KA-BENGALURU,OPEN,LOWEST_PRICE,OPEN_ELIGIBILITY,2025-03-11,2025-03-30,4736130.33,AWARDED
T01173,ocds-synthetic-01173,D17,D17,Higher Education Procurement Division,VEHICLE_SUPPLIES,VEHICLE_PARTS,ITEM-VEHI-901,KA-BENGALURU,LIMITED,LOWEST_PRICE,QUALIFIED_SUPPLIERS,2026-07-30,2026-08-12,27765518.35,AWARDED
T01174,ocds-synthetic-01174,D17,D17,Higher Education Procurement Division,BUILDING_CONSTRUCTION,CIVIL_BUILDING_WORKS,ITEM-BUIL-865,KA-BENGALURU,TWO_STAGE,LOWEST_PRICE,QUALIFIED_SUPPLIERS,2025-04-20,2025-07-04,40321103.23,AWARDED
T01175,ocds-synthetic-01175,D03,D03,State Health Procurement Division,ROAD_CONSTRUCTION,BITUMINOUS_WORKS,ITEM-ROAD-577,KA-CENTRAL,OPEN,LOWEST_PRICE,OPEN_ELIGIBILITY,2025-05-23,2025-07-02,6016748.26,AWARDED
T01176,ocds-synthetic-01176,D08,D08,Municipal Services Division,ELECTRICAL_EQUIPMENT,CABLING,ITEM-ELEC-910,KA-CENTRAL,OPEN,LOWEST_PRICE,OPEN_ELIGIBILITY,2026-07-16,2026-08-23,12357115.07,AWARDED
T01177,ocds-synthetic-01177,D03,D03,State Health Procurement Division,WATER_INFRASTRUCTURE,WATER_TREATMENT,ITEM-WATE-886,KA-CENTRAL,OPEN,LOWEST_PRICE,OPEN_ELIGIBILITY,2024-07-27,2024-08-21,12379448.79,AWARDED
T01178,ocds-synthetic-01178,D18,D18,Industrial Development Division,WATER_INFRASTRUCTURE,WATER_TREATMENT,ITEM-WATE-653,KA-CENTRAL,OPEN,LOWEST_PRICE,OPEN_ELIGIBILITY,2025-06-13,2025-07-06,20572549.8,AWARDED
T01179,ocds-synthetic-01179,D01,D01,State Works Division - North,LAB_EQUIPMENT,SCIENTIFIC_EQUIPMENT,ITEM-LAB_-301,KA-NORTH,LIMITED,LOWEST_PRICE,QUALIFIED_SUPPLIERS,2025-05-21,2025-06-19,23419209.62,AWARDED
T01180,ocds-synthetic-01180,D03,D03,State Health Procurement Division,ROAD_CONSTRUCTION,BITUMINOUS_WORKS,ITEM-ROAD-605,KA-CENTRAL,OPEN,LOWEST_PRICE,OPEN_ELIGIBILITY,2025-01-06,2025-02-07,11379387.36,AWARDED
T01181,ocds-synthetic-01181,D09,D09,State Transport Division,WATER_INFRASTRUCTURE,PUMPING_SYSTEMS,ITEM-WATE-116,KA-SOUTH,LIMITED,LOWEST_PRICE,QUALIFIED_SUPPLIERS,2026-01-21,2026-02-03,10643826.05,AWARDED
T01182,ocds-synthetic-01182,D02,D02,Urban Infrastructure Division - South,BUILDING_CONSTRUCTION,STRUCTURAL_WORKS,ITEM-BUIL-383,KA-SOUTH,OPEN,LOWEST_PRICE,OPEN_ELIGIBILITY,2026-03-31,2026-04-15,24752979.83,AWARDED
T01183,ocds-synthetic-01183,D04,D04,State Education Procurement Division,VEHICLE_SUPPLIES,VEHICLE_PARTS,ITEM-VEHI-691,KA-NORTH,OPEN,LOWEST_PRICE,OPEN_ELIGIBILITY,2025-02-21,2025-04-06,3135456.78,AWARDED
T01184,ocds-synthetic-01184,D18,D18,Industrial Development Division,VEHICLE_SUPPLIES,SPECIAL_PURPOSE_VEHICLES,ITEM-VEHI-392,KA-CENTRAL,OPEN,LOWEST_PRICE,OPEN_ELIGIBILITY,2026-08-25,2026-08-31,20471191.98,AWARDED
T01185,ocds-synthetic-01185,D05,D05,Rural Development Division,FURNITURE,HOSPITAL_FURNITURE,ITEM-FURN-663,KA-NORTH,LIMITED,LOWEST_PRICE,QUALIFIED_SUPPLIERS,2024-08-25,2024-09-10,2131849.39,AWARDED
T01186,ocds-synthetic-01186,D19,D19,Forest Infrastructure Division,LAB_EQUIPMENT,CALIBRATION_EQUIPMENT,ITEM-LAB_-182,KA-NORTH,OPEN,QUALITY_AND_COST,OPEN_ELIGIBILITY,2026-06-29,2026-07-29,19561249.13,AWARDED
T01187,ocds-synthetic-01187,D09,D09,State Transport Division,ROAD_CONSTRUCTION,BITUMINOUS_WORKS,ITEM-ROAD-731,KA-SOUTH,OPEN,LOWEST_PRICE,OPEN_ELIGIBILITY,2025-03-15,2025-04-16,7790270.18,AWARDED
T01188,ocds-synthetic-01188,D03,D03,State Health Procurement Division,ROAD_CONSTRUCTION,BITUMINOUS_WORKS,ITEM-ROAD-230,KA-CENTRAL,TWO_STAGE,LOWEST_PRICE,QUALIFIED_SUPPLIERS,2024-08-13,2024-09-24,39317699.73,AWARDED
T01189,ocds-synthetic-01189,D08,D08,Municipal Services Division,FURNITURE,SCHOOL_FURNITURE,ITEM-FURN-728,KA-CENTRAL,OPEN,LOWEST_PRICE,OPEN_ELIGIBILITY,2025-04-30,2025-06-01,2389333.22,AWARDED
T01190,ocds-synthetic-01190,D07,D07,Power Systems Division,WATER_INFRASTRUCTURE,IRRIGATION_WORKS,ITEM-WATE-867,KA-NORTH,TWO_STAGE,LOWEST_PRICE,QUALIFIED_SUPPLIERS,2025-08-31,2025-10-31,11088777.41,AWARDED
T01191,ocds-synthetic-01191,D11,D11,Urban Technology Division,ELECTRICAL_EQUIPMENT,CABLING,ITEM-ELEC-421,KA-BENGALURU,OPEN,LOWEST_PRICE,OPEN_ELIGIBILITY,2025-02-24,2025-03-12,49095888.78,AWARDED
T01192,ocds-synthetic-01192,D11,D11,Urban Technology Division,ELECTRICAL_EQUIPMENT,SWITCHGEAR,ITEM-ELEC-115,KA-BENGALURU,TWO_STAGE,LOWEST_PRICE,QUALIFIED_SUPPLIERS,2026-05-20,2026-07-26,19801249.91,AWARDED
T01193,ocds-synthetic-01193,D12,D12,Housing Infrastructure Division,ROAD_CONSTRUCTION,ROAD_RESURFACING,ITEM-ROAD-199,KA-SOUTH,OPEN,LOWEST_PRICE,OPEN_ELIGIBILITY,2025-10-08,2025-11-11,55197527.75,AWARDED
T01194,ocds-synthetic-01194,D10,D10,Medical Services Procurement Division,IT_SERVICES,CLOUD_SERVICES,ITEM-IT_S-599,KA-CENTRAL,OPEN,LOWEST_PRICE,OPEN_ELIGIBILITY,2025-09-16,2025-10-21,8784733.45,AWARDED
T01195,ocds-synthetic-01195,D03,D03,State Health Procurement Division,WATER_INFRASTRUCTURE,PUMPING_SYSTEMS,ITEM-WATE-479,KA-CENTRAL,OPEN,LOWEST_PRICE,OPEN_ELIGIBILITY,2025-03-18,2025-04-18,24896466.2,AWARDED
T01196,ocds-synthetic-01196,D10,D10,Medical Services Procurement Division,IT_SERVICES,CYBERSECURITY,ITEM-IT_S-329,KA-CENTRAL,TWO_STAGE,LOWEST_PRICE,QUALIFIED_SUPPLIERS,2024-07-07,2024-09-03,6418405.52,AWARDED
T01197,ocds-synthetic-01197,D03,D03,State Health Procurement Division,IT_SERVICES,CLOUD_SERVICES,ITEM-IT_S-150,KA-CENTRAL,TWO_STAGE,QUALITY_AND_COST,QUALIFIED_SUPPLIERS,2025-10-16,2025-12-06,11804692.6,AWARDED
T01198,ocds-synthetic-01198,D16,D16,Infrastructure Development Division,FURNITURE,OFFICE_FURNITURE,ITEM-FURN-337,KA-CENTRAL,OPEN,LOWEST_PRICE,OPEN_ELIGIBILITY,2026-06-18,2026-06-30,6120407.1,AWARDED
T01199,ocds-synthetic-01199,D04,D04,State Education Procurement Division,VEHICLE_SUPPLIES,VEHICLE_PARTS,ITEM-VEHI-893,KA-NORTH,OPEN,LOWEST_PRICE,OPEN_ELIGIBILITY,2025-10-23,2025-11-16,9998265.3,AWARDED
T01200,ocds-synthetic-01200,D05,D05,Rural Development Division,FURNITURE,OFFICE_FURNITURE,ITEM-FURN-247,KA-NORTH,OPEN,LOWEST_PRICE,OPEN_ELIGIBILITY,2024-08-11,2024-09-10,1224102.28,AWARDED
T01201,ocds-synthetic-01201,D14,D14,Agricultural Infrastructure Division,ROAD_CONSTRUCTION,BITUMINOUS_WORKS,ITEM-ROAD-584,KA-NORTH,TWO_STAGE,LOWEST_PRICE,QUALIFIED_SUPPLIERS,2026-07-31,2026-08-31,192855592.24,AWARDED
T01202,ocds-synthetic-01202,D14,D14,Agricultural Infrastructure Division,BUILDING_CONSTRUCTION,PUBLIC_BUILDING,ITEM-BUIL-336,KA-NORTH,OPEN,LOWEST_PRICE,OPEN_ELIGIBILITY,2026-06-04,2026-06-23,13666740.92,AWARDED
T01203,ocds-synthetic-01203,D02,D02,Urban Infrastructure Division - South,MEDICAL_SUPPLIES,MEDICAL_DEVICES,ITEM-MEDI-806,KA-SOUTH,OPEN,LOWEST_PRICE,OPEN_ELIGIBILITY,2024-10-12,2024-11-15,7052610.85,AWARDED
T01204,ocds-synthetic-01204,D14,D14,Agricultural Infrastructure Division,CIVIL_MAINTENANCE,ROAD_MAINTENANCE,ITEM-CIVI-765,KA-NORTH,OPEN,LOWEST_PRICE,OPEN_ELIGIBILITY,2025-02-13,2025-03-09,4279040.56,AWARDED
T01205,ocds-synthetic-01205,D05,D05,Rural Development Division,BUILDING_CONSTRUCTION,RENOVATION,ITEM-BUIL-176,KA-NORTH,OPEN,LOWEST_PRICE,OPEN_ELIGIBILITY,2024-11-02,2024-11-23,121763437.46,AWARDED
T01206,ocds-synthetic-01206,D08,D08,Municipal Services Division,CIVIL_MAINTENANCE,ELECTRICAL_MAINTENANCE,ITEM-CIVI-201,KA-CENTRAL,LIMITED,LOWEST_PRICE,QUALIFIED_SUPPLIERS,2026-04-28,2026-05-27,1735090.42,AWARDED
T01207,ocds-synthetic-01207,D07,D07,Power Systems Division,BUILDING_CONSTRUCTION,PUBLIC_BUILDING,ITEM-BUIL-680,KA-NORTH,OPEN,LOWEST_PRICE,OPEN_ELIGIBILITY,2024-09-11,2024-10-14,47339303.56,AWARDED
T01208,ocds-synthetic-01208,D12,D12,Housing Infrastructure Division,BUILDING_CONSTRUCTION,PUBLIC_BUILDING,ITEM-BUIL-514,KA-SOUTH,LIMITED,LOWEST_PRICE,QUALIFIED_SUPPLIERS,2026-07-23,2026-08-08,5384778.92,AWARDED
T01209,ocds-synthetic-01209,D01,D01,State Works Division - North,MEDICAL_SUPPLIES,DIAGNOSTIC_EQUIPMENT,ITEM-MEDI-509,KA-NORTH,OPEN,LOWEST_PRICE,OPEN_ELIGIBILITY,2024-01-03,2024-02-03,6982752.33,AWARDED
T01210,ocds-synthetic-01210,D18,D18,Industrial Development Division,ROAD_CONSTRUCTION,BITUMINOUS_WORKS,ITEM-ROAD-494,KA-CENTRAL,OPEN,LOWEST_PRICE,OPEN_ELIGIBILITY,2024-05-04,2024-06-10,28496386.52,AWARDED
T01211,ocds-synthetic-01211,D11,D11,Urban Technology Division,WATER_INFRASTRUCTURE,PIPELINE_WORKS,ITEM-WATE-732,KA-BENGALURU,OPEN,LOWEST_PRICE,OPEN_ELIGIBILITY,2024-01-11,2024-02-07,53462536.93,AWARDED
T01212,ocds-synthetic-01212,D14,D14,Agricultural Infrastructure Division,FURNITURE,OFFICE_FURNITURE,ITEM-FURN-813,KA-NORTH,OPEN,LOWEST_PRICE,OPEN_ELIGIBILITY,2026-05-07,2026-05-22,5130197.79,AWARDED
T01213,ocds-synthetic-01213,D09,D09,State Transport Division,MEDICAL_SUPPLIES,HOSPITAL_SUPPLIES,ITEM-MEDI-402,KA-SOUTH,LIMITED,LOWEST_PRICE,QUALIFIED_SUPPLIERS,2024-03-18,2024-04-02,2576013.78,AWARDED
T01214,ocds-synthetic-01214,D02,D02,Urban Infrastructure Division - South,ROAD_CONSTRUCTION,ROAD_WIDENING,ITEM-ROAD-471,KA-SOUTH,OPEN,LOWEST_PRICE,OPEN_ELIGIBILITY,2026-08-20,2026-08-31,12779064.52,AWARDED
T01215,ocds-synthetic-01215,D01,D01,State Works Division - North,MEDICAL_SUPPLIES,SURGICAL_CONSUMABLES,ITEM-MEDI-264,KA-NORTH,OPEN,LOWEST_PRICE,OPEN_ELIGIBILITY,2026-03-03,2026-03-27,20494820.24,AWARDED
T01216,ocds-synthetic-01216,D02,D02,Urban Infrastructure Division - South,ROAD_CONSTRUCTION,DRAINAGE_WORKS,ITEM-ROAD-200,KA-SOUTH,OPEN,LOWEST_PRICE,OPEN_ELIGIBILITY,2024-03-11,2024-04-12,44337807.14,AWARDED
T01217,ocds-synthetic-01217,D08,D08,Municipal Services Division,WATER_INFRASTRUCTURE,PIPELINE_WORKS,ITEM-WATE-314,KA-CENTRAL,TWO_STAGE,LOWEST_PRICE,QUALIFIED_SUPPLIERS,2025-03-30,2025-05-27,42939074.51,AWARDED
T01218,ocds-synthetic-01218,D16,D16,Infrastructure Development Division,CIVIL_MAINTENANCE,BUILDING_MAINTENANCE,ITEM-CIVI-400,KA-CENTRAL,OPEN,LOWEST_PRICE,OPEN_ELIGIBILITY,2025-10-18,2025-12-02,1454812.61,AWARDED
T01219,ocds-synthetic-01219,D17,D17,Higher Education Procurement Division,BUILDING_CONSTRUCTION,PUBLIC_BUILDING,ITEM-BUIL-921,KA-BENGALURU,OPEN,LOWEST_PRICE,OPEN_ELIGIBILITY,2024-12-06,2025-01-12,57494228.85,AWARDED
T01220,ocds-synthetic-01220,D05,D05,Rural Development Division,ROAD_CONSTRUCTION,ROAD_WIDENING,ITEM-ROAD-633,KA-NORTH,OPEN,LOWEST_PRICE,OPEN_ELIGIBILITY,2025-06-16,2025-07-02,24753540.95,AWARDED
T01221,ocds-synthetic-01221,D01,D01,State Works Division - North,FURNITURE,OFFICE_FURNITURE,ITEM-FURN-337,KA-NORTH,OPEN,LOWEST_PRICE,OPEN_ELIGIBILITY,2026-05-13,2026-06-23,3670836.09,AWARDED
T01222,ocds-synthetic-01222,D09,D09,State Transport Division,LAB_EQUIPMENT,LABORATORY_SYSTEMS,ITEM-LAB_-987,KA-SOUTH,OPEN,LOWEST_PRICE,OPEN_ELIGIBILITY,2025-01-12,2025-02-02,6099934.53,AWARDED
T01223,ocds-synthetic-01223,D02,D02,Urban Infrastructure Division - South,FURNITURE,OFFICE_FURNITURE,ITEM-FURN-686,KA-SOUTH,OPEN,LOWEST_PRICE,OPEN_ELIGIBILITY,2025-08-14,2025-09-07,462582.22,AWARDED
T01224,ocds-synthetic-01224,D07,D07,Power Systems Division,VEHICLE_SUPPLIES,SPECIAL_PURPOSE_VEHICLES,ITEM-VEHI-104,KA-NORTH,OPEN,LOWEST_PRICE,OPEN_ELIGIBILITY,2024-12-23,2025-01-13,583139.69,AWARDED
T01225,ocds-synthetic-01225,D06,D06,Water Resources Division,ROAD_CONSTRUCTION,ROAD_MAINTENANCE,ITEM-ROAD-279,KA-SOUTH,LIMITED,LOWEST_PRICE,QUALIFIED_SUPPLIERS,2025-03-22,2025-04-16,81595409.52,AWARDED
T01226,ocds-synthetic-01226,D15,D15,Energy Procurement Division,ELECTRICAL_EQUIPMENT,SWITCHGEAR,ITEM-ELEC-381,KA-SOUTH,OPEN,LOWEST_PRICE,OPEN_ELIGIBILITY,2025-05-30,2025-06-14,6228384.42,AWARDED
T01227,ocds-synthetic-01227,D17,D17,Higher Education Procurement Division,MEDICAL_SUPPLIES,HOSPITAL_SUPPLIES,ITEM-MEDI-268,KA-BENGALURU,OPEN,LOWEST_PRICE,OPEN_ELIGIBILITY,2024-04-09,2024-05-16,5459335.93,AWARDED
T01228,ocds-synthetic-01228,D13,D13,Tourism Infrastructure Division,MEDICAL_SUPPLIES,HOSPITAL_SUPPLIES,ITEM-MEDI-442,KA-CENTRAL,OPEN,LOWEST_PRICE,OPEN_ELIGIBILITY,2025-07-21,2025-08-11,5274762.79,AWARDED
T01229,ocds-synthetic-01229,D07,D07,Power Systems Division,IT_SERVICES,IT_HARDWARE,ITEM-IT_S-781,KA-NORTH,OPEN,LOWEST_PRICE,OPEN_ELIGIBILITY,2025-08-29,2025-09-11,1483280.66,AWARDED
T01230,ocds-synthetic-01230,D19,D19,Forest Infrastructure Division,ROAD_CONSTRUCTION,BITUMINOUS_WORKS,ITEM-ROAD-743,KA-NORTH,OPEN,LOWEST_PRICE,OPEN_ELIGIBILITY,2026-03-22,2026-04-16,21832626.83,AWARDED
T01231,ocds-synthetic-01231,D02,D02,Urban Infrastructure Division - South,ELECTRICAL_EQUIPMENT,CABLING,ITEM-ELEC-539,KA-SOUTH,OPEN,LOWEST_PRICE,OPEN_ELIGIBILITY,2024-01-03,2024-02-02,5759520.55,AWARDED
T01232,ocds-synthetic-01232,D05,D05,Rural Development Division,IT_SERVICES,IT_HARDWARE,ITEM-IT_S-418,KA-NORTH,LIMITED,LOWEST_PRICE,QUALIFIED_SUPPLIERS,2026-02-07,2026-02-24,51219649.75,AWARDED
T01233,ocds-synthetic-01233,D15,D15,Energy Procurement Division,BUILDING_CONSTRUCTION,PUBLIC_BUILDING,ITEM-BUIL-454,KA-SOUTH,OPEN,LOWEST_PRICE,OPEN_ELIGIBILITY,2026-04-15,2026-05-22,86947775.35,AWARDED
T01234,ocds-synthetic-01234,D09,D09,State Transport Division,MEDICAL_SUPPLIES,HOSPITAL_SUPPLIES,ITEM-MEDI-529,KA-SOUTH,OPEN,LOWEST_PRICE,OPEN_ELIGIBILITY,2026-05-25,2026-06-20,6885331.87,AWARDED
T01235,ocds-synthetic-01235,D20,D20,Public Health Engineering Division,WATER_INFRASTRUCTURE,WATER_TREATMENT,ITEM-WATE-594,KA-SOUTH,OPEN,LOWEST_PRICE,OPEN_ELIGIBILITY,2025-09-07,2025-10-11,5423914.39,AWARDED
T01236,ocds-synthetic-01236,D08,D08,Municipal Services Division,FURNITURE,HOSPITAL_FURNITURE,ITEM-FURN-114,KA-CENTRAL,LIMITED,LOWEST_PRICE,QUALIFIED_SUPPLIERS,2025-01-24,2025-02-03,6345753.61,AWARDED
T01237,ocds-synthetic-01237,D14,D14,Agricultural Infrastructure Division,IT_SERVICES,SOFTWARE_DEVELOPMENT,ITEM-IT_S-275,KA-NORTH,OPEN,QUALITY_AND_COST,OPEN_ELIGIBILITY,2025-07-01,2025-07-21,13717045.77,AWARDED
T01238,ocds-synthetic-01238,D12,D12,Housing Infrastructure Division,CIVIL_MAINTENANCE,ROAD_MAINTENANCE,ITEM-CIVI-327,KA-SOUTH,OPEN,LOWEST_PRICE,OPEN_ELIGIBILITY,2024-10-21,2024-11-29,9425402.38,AWARDED
T01239,ocds-synthetic-01239,D15,D15,Energy Procurement Division,CIVIL_MAINTENANCE,GENERAL_REPAIRS,ITEM-CIVI-957,KA-SOUTH,OPEN,LOWEST_PRICE,OPEN_ELIGIBILITY,2025-07-05,2025-08-01,2883137.32,AWARDED
T01240,ocds-synthetic-01240,D20,D20,Public Health Engineering Division,ELECTRICAL_EQUIPMENT,TRANSFORMERS,ITEM-ELEC-268,KA-SOUTH,LIMITED,LOWEST_PRICE,QUALIFIED_SUPPLIERS,2025-09-27,2025-10-08,26390176.78,AWARDED
T01241,ocds-synthetic-01241,D07,D07,Power Systems Division,CIVIL_MAINTENANCE,ELECTRICAL_MAINTENANCE,ITEM-CIVI-814,KA-NORTH,OPEN,LOWEST_PRICE,OPEN_ELIGIBILITY,2026-03-18,2026-04-01,3525004.07,AWARDED
T01242,ocds-synthetic-01242,D02,D02,Urban Infrastructure Division - South,VEHICLE_SUPPLIES,FLEET_MAINTENANCE,ITEM-VEHI-909,KA-SOUTH,OPEN,LOWEST_PRICE,OPEN_ELIGIBILITY,2024-02-13,2024-02-26,15450105.01,AWARDED
T01243,ocds-synthetic-01243,D09,D09,State Transport Division,ROAD_CONSTRUCTION,DRAINAGE_WORKS,ITEM-ROAD-151,KA-SOUTH,OPEN,LOWEST_PRICE,OPEN_ELIGIBILITY,2025-02-05,2025-03-10,12449034.72,AWARDED
T01244,ocds-synthetic-01244,D04,D04,State Education Procurement Division,VEHICLE_SUPPLIES,FLEET_MAINTENANCE,ITEM-VEHI-470,KA-NORTH,OPEN,LOWEST_PRICE,OPEN_ELIGIBILITY,2024-09-12,2024-09-26,5496240.68,AWARDED
T01245,ocds-synthetic-01245,D10,D10,Medical Services Procurement Division,CIVIL_MAINTENANCE,ELECTRICAL_MAINTENANCE,ITEM-CIVI-360,KA-CENTRAL,OPEN,LOWEST_PRICE,OPEN_ELIGIBILITY,2025-08-15,2025-08-30,25727581.36,AWARDED
T01246,ocds-synthetic-01246,D17,D17,Higher Education Procurement Division,ELECTRICAL_EQUIPMENT,CONTROL_EQUIPMENT,ITEM-ELEC-625,KA-BENGALURU,OPEN,LOWEST_PRICE,OPEN_ELIGIBILITY,2025-08-03,2025-09-09,12676747.24,AWARDED
T01247,ocds-synthetic-01247,D01,D01,State Works Division - North,CIVIL_MAINTENANCE,BUILDING_MAINTENANCE,ITEM-CIVI-578,KA-NORTH,OPEN,LOWEST_PRICE,OPEN_ELIGIBILITY,2024-06-16,2024-07-02,1226313.26,AWARDED
T01248,ocds-synthetic-01248,D12,D12,Housing Infrastructure Division,ELECTRICAL_EQUIPMENT,CONTROL_EQUIPMENT,ITEM-ELEC-130,KA-SOUTH,LIMITED,LOWEST_PRICE,QUALIFIED_SUPPLIERS,2025-02-05,2025-02-16,9359260.31,AWARDED
T01249,ocds-synthetic-01249,D18,D18,Industrial Development Division,IT_SERVICES,CYBERSECURITY,ITEM-IT_S-229,KA-CENTRAL,OPEN,QUALITY_AND_COST,OPEN_ELIGIBILITY,2024-07-02,2024-07-25,7591741.35,AWARDED
T01250,ocds-synthetic-01250,D20,D20,Public Health Engineering Division,ELECTRICAL_EQUIPMENT,CABLING,ITEM-ELEC-244,KA-SOUTH,LIMITED,LOWEST_PRICE,QUALIFIED_SUPPLIERS,2024-05-28,2024-06-27,8869805.24,AWARDED
T01251,ocds-synthetic-01251,D12,D12,Housing Infrastructure Division,CIVIL_MAINTENANCE,ELECTRICAL_MAINTENANCE,ITEM-CIVI-784,KA-SOUTH,OPEN,LOWEST_PRICE,OPEN_ELIGIBILITY,2025-03-04,2025-03-24,1549257.64,AWARDED
T01252,ocds-synthetic-01252,D19,D19,Forest Infrastructure Division,WATER_INFRASTRUCTURE,PUMPING_SYSTEMS,ITEM-WATE-755,KA-NORTH,OPEN,LOWEST_PRICE,OPEN_ELIGIBILITY,2024-08-30,2024-09-25,4734711.65,AWARDED
T01253,ocds-synthetic-01253,D18,D18,Industrial Development Division,BUILDING_CONSTRUCTION,CIVIL_BUILDING_WORKS,ITEM-BUIL-645,KA-CENTRAL,OPEN,LOWEST_PRICE,OPEN_ELIGIBILITY,2024-11-27,2024-12-14,29017996.08,AWARDED
T01254,ocds-synthetic-01254,D03,D03,State Health Procurement Division,ELECTRICAL_EQUIPMENT,CABLING,ITEM-ELEC-279,KA-CENTRAL,OPEN,LOWEST_PRICE,OPEN_ELIGIBILITY,2024-10-27,2024-12-08,11523710.68,AWARDED
T01255,ocds-synthetic-01255,D03,D03,State Health Procurement Division,BUILDING_CONSTRUCTION,CIVIL_BUILDING_WORKS,ITEM-BUIL-338,KA-CENTRAL,OPEN,LOWEST_PRICE,OPEN_ELIGIBILITY,2026-04-16,2026-05-24,56668303.59,AWARDED
T01256,ocds-synthetic-01256,D13,D13,Tourism Infrastructure Division,IT_SERVICES,CYBERSECURITY,ITEM-IT_S-737,KA-CENTRAL,LIMITED,LOWEST_PRICE,QUALIFIED_SUPPLIERS,2024-04-11,2024-05-08,14906000.03,AWARDED
T01257,ocds-synthetic-01257,D01,D01,State Works Division - North,IT_SERVICES,SOFTWARE_DEVELOPMENT,ITEM-IT_S-153,KA-NORTH,TWO_STAGE,LOWEST_PRICE,QUALIFIED_SUPPLIERS,2025-09-10,2025-11-07,1762922.24,AWARDED
T01258,ocds-synthetic-01258,D17,D17,Higher Education Procurement Division,ROAD_CONSTRUCTION,ROAD_WIDENING,ITEM-ROAD-998,KA-BENGALURU,OPEN,LOWEST_PRICE,OPEN_ELIGIBILITY,2026-02-15,2026-03-02,37112101.79,AWARDED
T01259,ocds-synthetic-01259,D08,D08,Municipal Services Division,CIVIL_MAINTENANCE,BUILDING_MAINTENANCE,ITEM-CIVI-151,KA-CENTRAL,OPEN,LOWEST_PRICE,OPEN_ELIGIBILITY,2024-05-24,2024-06-24,4121299.97,AWARDED
T01260,ocds-synthetic-01260,D09,D09,State Transport Division,ELECTRICAL_EQUIPMENT,TRANSFORMERS,ITEM-ELEC-984,KA-SOUTH,OPEN,LOWEST_PRICE,OPEN_ELIGIBILITY,2024-10-05,2024-10-24,4558179.4,AWARDED
T01261,ocds-synthetic-01261,D19,D19,Forest Infrastructure Division,VEHICLE_SUPPLIES,FLEET_MAINTENANCE,ITEM-VEHI-988,KA-NORTH,OPEN,LOWEST_PRICE,OPEN_ELIGIBILITY,2026-03-20,2026-04-10,9363409.27,AWARDED
T01262,ocds-synthetic-01262,D12,D12,Housing Infrastructure Division,IT_SERVICES,NETWORK_INFRASTRUCTURE,ITEM-IT_S-890,KA-SOUTH,TWO_STAGE,LOWEST_PRICE,QUALIFIED_SUPPLIERS,2024-01-25,2024-02-29,5328669.27,AWARDED
T01263,ocds-synthetic-01263,D05,D05,Rural Development Division,VEHICLE_SUPPLIES,SPECIAL_PURPOSE_VEHICLES,ITEM-VEHI-446,KA-NORTH,LIMITED,LOWEST_PRICE,QUALIFIED_SUPPLIERS,2025-03-28,2025-04-14,1272844.74,AWARDED
T01264,ocds-synthetic-01264,D10,D10,Medical Services Procurement Division,ELECTRICAL_EQUIPMENT,SWITCHGEAR,ITEM-ELEC-700,KA-CENTRAL,LIMITED,LOWEST_PRICE,QUALIFIED_SUPPLIERS,2024-05-08,2024-05-19,8004289.07,AWARDED
T01265,ocds-synthetic-01265,D14,D14,Agricultural Infrastructure Division,CIVIL_MAINTENANCE,GENERAL_REPAIRS,ITEM-CIVI-271,KA-NORTH,OPEN,LOWEST_PRICE,OPEN_ELIGIBILITY,2025-11-12,2025-12-16,10872738.6,AWARDED
T01266,ocds-synthetic-01266,D07,D07,Power Systems Division,ROAD_CONSTRUCTION,ROAD_RESURFACING,ITEM-ROAD-529,KA-NORTH,OPEN,LOWEST_PRICE,OPEN_ELIGIBILITY,2024-03-12,2024-04-21,14843799.98,AWARDED
T01267,ocds-synthetic-01267,D12,D12,Housing Infrastructure Division,BUILDING_CONSTRUCTION,PUBLIC_BUILDING,ITEM-BUIL-830,KA-SOUTH,OPEN,LOWEST_PRICE,OPEN_ELIGIBILITY,2025-04-27,2025-05-30,9158236.75,AWARDED
T01268,ocds-synthetic-01268,D16,D16,Infrastructure Development Division,BUILDING_CONSTRUCTION,RENOVATION,ITEM-BUIL-875,KA-CENTRAL,LIMITED,LOWEST_PRICE,QUALIFIED_SUPPLIERS,2024-03-09,2024-03-16,29143264.02,AWARDED
T01269,ocds-synthetic-01269,D09,D09,State Transport Division,IT_SERVICES,IT_HARDWARE,ITEM-IT_S-282,KA-SOUTH,OPEN,LOWEST_PRICE,OPEN_ELIGIBILITY,2024-08-10,2024-09-22,31587415.54,AWARDED
T01270,ocds-synthetic-01270,D04,D04,State Education Procurement Division,LAB_EQUIPMENT,SCIENTIFIC_EQUIPMENT,ITEM-LAB_-218,KA-NORTH,TWO_STAGE,LOWEST_PRICE,QUALIFIED_SUPPLIERS,2026-04-25,2026-06-26,6671882.26,AWARDED
T01271,ocds-synthetic-01271,D02,D02,Urban Infrastructure Division - South,BUILDING_CONSTRUCTION,RENOVATION,ITEM-BUIL-233,KA-SOUTH,OPEN,LOWEST_PRICE,OPEN_ELIGIBILITY,2025-04-05,2025-05-13,38378295.26,AWARDED
T01272,ocds-synthetic-01272,D12,D12,Housing Infrastructure Division,BUILDING_CONSTRUCTION,CIVIL_BUILDING_WORKS,ITEM-BUIL-855,KA-SOUTH,OPEN,LOWEST_PRICE,OPEN_ELIGIBILITY,2024-11-21,2024-12-22,61068541.58,AWARDED
T01273,ocds-synthetic-01273,D05,D05,Rural Development Division,IT_SERVICES,IT_HARDWARE,ITEM-IT_S-221,KA-NORTH,OPEN,LOWEST_PRICE,OPEN_ELIGIBILITY,2024-10-10,2024-10-31,5644468.9,AWARDED
T01274,ocds-synthetic-01274,D06,D06,Water Resources Division,BUILDING_CONSTRUCTION,CIVIL_BUILDING_WORKS,ITEM-BUIL-329,KA-SOUTH,OPEN,LOWEST_PRICE,OPEN_ELIGIBILITY,2025-05-31,2025-07-08,13468967.09,AWARDED
T01275,ocds-synthetic-01275,D06,D06,Water Resources Division,ROAD_CONSTRUCTION,ROAD_RESURFACING,ITEM-ROAD-326,KA-SOUTH,OPEN,LOWEST_PRICE,OPEN_ELIGIBILITY,2025-02-12,2025-03-25,77700665.28,AWARDED
T01276,ocds-synthetic-01276,D16,D16,Infrastructure Development Division,VEHICLE_SUPPLIES,VEHICLE_PARTS,ITEM-VEHI-459,KA-CENTRAL,OPEN,LOWEST_PRICE,OPEN_ELIGIBILITY,2025-05-22,2025-06-09,8087492.16,AWARDED
T01277,ocds-synthetic-01277,D03,D03,State Health Procurement Division,CIVIL_MAINTENANCE,GENERAL_REPAIRS,ITEM-CIVI-496,KA-CENTRAL,OPEN,LOWEST_PRICE,OPEN_ELIGIBILITY,2026-02-07,2026-02-25,1803620.57,AWARDED
T01278,ocds-synthetic-01278,D01,D01,State Works Division - North,MEDICAL_SUPPLIES,SURGICAL_CONSUMABLES,ITEM-MEDI-782,KA-NORTH,OPEN,LOWEST_PRICE,OPEN_ELIGIBILITY,2024-02-06,2024-02-26,10311274.08,AWARDED
T01279,ocds-synthetic-01279,D15,D15,Energy Procurement Division,ROAD_CONSTRUCTION,ROAD_WIDENING,ITEM-ROAD-557,KA-SOUTH,OPEN,LOWEST_PRICE,OPEN_ELIGIBILITY,2024-04-08,2024-05-20,19397021.52,AWARDED
T01280,ocds-synthetic-01280,D11,D11,Urban Technology Division,BUILDING_CONSTRUCTION,STRUCTURAL_WORKS,ITEM-BUIL-543,KA-BENGALURU,OPEN,LOWEST_PRICE,OPEN_ELIGIBILITY,2024-01-12,2024-01-31,9320587.04,AWARDED
T01281,ocds-synthetic-01281,D16,D16,Infrastructure Development Division,ELECTRICAL_EQUIPMENT,CONTROL_EQUIPMENT,ITEM-ELEC-675,KA-CENTRAL,OPEN,LOWEST_PRICE,OPEN_ELIGIBILITY,2024-12-19,2025-01-18,2613937.97,AWARDED
T01282,ocds-synthetic-01282,D13,D13,Tourism Infrastructure Division,MEDICAL_SUPPLIES,SURGICAL_CONSUMABLES,ITEM-MEDI-330,KA-CENTRAL,OPEN,LOWEST_PRICE,OPEN_ELIGIBILITY,2025-06-25,2025-07-19,5632194.85,AWARDED
T01283,ocds-synthetic-01283,D18,D18,Industrial Development Division,IT_SERVICES,CYBERSECURITY,ITEM-IT_S-904,KA-CENTRAL,OPEN,QUALITY_AND_COST,OPEN_ELIGIBILITY,2025-12-18,2026-01-02,10265887.14,AWARDED
T01284,ocds-synthetic-01284,D20,D20,Public Health Engineering Division,BUILDING_CONSTRUCTION,CIVIL_BUILDING_WORKS,ITEM-BUIL-654,KA-SOUTH,OPEN,LOWEST_PRICE,OPEN_ELIGIBILITY,2025-04-13,2025-05-10,103203245.19,AWARDED
T01285,ocds-synthetic-01285,D12,D12,Housing Infrastructure Division,CIVIL_MAINTENANCE,BUILDING_MAINTENANCE,ITEM-CIVI-142,KA-SOUTH,OPEN,LOWEST_PRICE,OPEN_ELIGIBILITY,2025-08-06,2025-08-29,20367150.93,AWARDED
T01286,ocds-synthetic-01286,D15,D15,Energy Procurement Division,LAB_EQUIPMENT,CALIBRATION_EQUIPMENT,ITEM-LAB_-595,KA-SOUTH,OPEN,LOWEST_PRICE,OPEN_ELIGIBILITY,2024-01-03,2024-02-05,1647714.22,AWARDED
T01287,ocds-synthetic-01287,D16,D16,Infrastructure Development Division,CIVIL_MAINTENANCE,ELECTRICAL_MAINTENANCE,ITEM-CIVI-356,KA-CENTRAL,OPEN,LOWEST_PRICE,OPEN_ELIGIBILITY,2025-11-24,2025-12-19,7299605.45,AWARDED
T01288,ocds-synthetic-01288,D05,D05,Rural Development Division,ROAD_CONSTRUCTION,ROAD_RESURFACING,ITEM-ROAD-221,KA-NORTH,OPEN,LOWEST_PRICE,OPEN_ELIGIBILITY,2024-01-23,2024-02-27,22285938.46,AWARDED
T01289,ocds-synthetic-01289,D18,D18,Industrial Development Division,ROAD_CONSTRUCTION,DRAINAGE_WORKS,ITEM-ROAD-347,KA-CENTRAL,OPEN,LOWEST_PRICE,OPEN_ELIGIBILITY,2026-06-19,2026-07-19,13093454.47,AWARDED
T01290,ocds-synthetic-01290,D11,D11,Urban Technology Division,IT_SERVICES,CYBERSECURITY,ITEM-IT_S-625,KA-BENGALURU,OPEN,LOWEST_PRICE,OPEN_ELIGIBILITY,2026-08-29,2026-08-31,6559236.0,AWARDED
T01291,ocds-synthetic-01291,D14,D14,Agricultural Infrastructure Division,BUILDING_CONSTRUCTION,PUBLIC_BUILDING,ITEM-BUIL-290,KA-NORTH,OPEN,LOWEST_PRICE,OPEN_ELIGIBILITY,2024-01-28,2024-02-14,22238198.91,AWARDED
T01292,ocds-synthetic-01292,D15,D15,Energy Procurement Division,ELECTRICAL_EQUIPMENT,CABLING,ITEM-ELEC-583,KA-SOUTH,OPEN,LOWEST_PRICE,OPEN_ELIGIBILITY,2026-07-22,2026-08-15,3424967.57,AWARDED
T01293,ocds-synthetic-01293,D06,D06,Water Resources Division,FURNITURE,OFFICE_FURNITURE,ITEM-FURN-740,KA-SOUTH,LIMITED,LOWEST_PRICE,QUALIFIED_SUPPLIERS,2026-06-15,2026-07-13,856709.33,AWARDED
T01294,ocds-synthetic-01294,D17,D17,Higher Education Procurement Division,CIVIL_MAINTENANCE,ELECTRICAL_MAINTENANCE,ITEM-CIVI-727,KA-BENGALURU,OPEN,LOWEST_PRICE,OPEN_ELIGIBILITY,2026-05-18,2026-06-21,8794565.16,AWARDED
T01295,ocds-synthetic-01295,D16,D16,Infrastructure Development Division,MEDICAL_SUPPLIES,HOSPITAL_SUPPLIES,ITEM-MEDI-581,KA-CENTRAL,OPEN,LOWEST_PRICE,OPEN_ELIGIBILITY,2024-06-17,2024-07-22,1519449.64,AWARDED
T01296,ocds-synthetic-01296,D20,D20,Public Health Engineering Division,IT_SERVICES,IT_HARDWARE,ITEM-IT_S-235,KA-SOUTH,LIMITED,LOWEST_PRICE,QUALIFIED_SUPPLIERS,2024-01-04,2024-01-25,19398826.3,AWARDED
T01297,ocds-synthetic-01297,D15,D15,Energy Procurement Division,VEHICLE_SUPPLIES,SPECIAL_PURPOSE_VEHICLES,ITEM-VEHI-615,KA-SOUTH,OPEN,LOWEST_PRICE,OPEN_ELIGIBILITY,2026-05-11,2026-05-27,25267680.15,AWARDED
T01298,ocds-synthetic-01298,D19,D19,Forest Infrastructure Division,ELECTRICAL_EQUIPMENT,CONTROL_EQUIPMENT,ITEM-ELEC-447,KA-NORTH,OPEN,LOWEST_PRICE,OPEN_ELIGIBILITY,2024-12-23,2025-02-06,23955365.98,AWARDED
T01299,ocds-synthetic-01299,D14,D14,Agricultural Infrastructure Division,CIVIL_MAINTENANCE,ELECTRICAL_MAINTENANCE,ITEM-CIVI-166,KA-NORTH,OPEN,LOWEST_PRICE,OPEN_ELIGIBILITY,2026-05-19,2026-06-17,15337108.09,AWARDED
T01300,ocds-synthetic-01300,D01,D01,State Works Division - North,ELECTRICAL_EQUIPMENT,CABLING,ITEM-ELEC-804,KA-NORTH,OPEN,LOWEST_PRICE,OPEN_ELIGIBILITY,2026-06-01,2026-06-29,4468856.79,AWARDED
T01301,ocds-synthetic-01301,D10,D10,Medical Services Procurement Division,CIVIL_MAINTENANCE,ROAD_MAINTENANCE,ITEM-CIVI-421,KA-CENTRAL,OPEN,LOWEST_PRICE,OPEN_ELIGIBILITY,2025-10-02,2025-11-09,13170326.2,AWARDED
T01302,ocds-synthetic-01302,D04,D04,State Education Procurement Division,BUILDING_CONSTRUCTION,CIVIL_BUILDING_WORKS,ITEM-BUIL-897,KA-NORTH,OPEN,LOWEST_PRICE,OPEN_ELIGIBILITY,2025-03-03,2025-03-15,56371730.28,AWARDED
T01303,ocds-synthetic-01303,D01,D01,State Works Division - North,CIVIL_MAINTENANCE,ROAD_MAINTENANCE,ITEM-CIVI-750,KA-NORTH,OPEN,LOWEST_PRICE,OPEN_ELIGIBILITY,2024-11-02,2024-12-15,3596650.5,AWARDED
T01304,ocds-synthetic-01304,D12,D12,Housing Infrastructure Division,MEDICAL_SUPPLIES,MEDICAL_DEVICES,ITEM-MEDI-790,KA-SOUTH,OPEN,LOWEST_PRICE,OPEN_ELIGIBILITY,2024-07-18,2024-08-04,2502713.96,AWARDED
T01305,ocds-synthetic-01305,D08,D08,Municipal Services Division,BUILDING_CONSTRUCTION,PUBLIC_BUILDING,ITEM-BUIL-354,KA-CENTRAL,OPEN,LOWEST_PRICE,OPEN_ELIGIBILITY,2025-07-13,2025-08-08,26762319.29,AWARDED
T01306,ocds-synthetic-01306,D20,D20,Public Health Engineering Division,BUILDING_CONSTRUCTION,STRUCTURAL_WORKS,ITEM-BUIL-885,KA-SOUTH,LIMITED,LOWEST_PRICE,QUALIFIED_SUPPLIERS,2024-04-16,2024-05-14,24232022.61,AWARDED
T01307,ocds-synthetic-01307,D04,D04,State Education Procurement Division,CIVIL_MAINTENANCE,ELECTRICAL_MAINTENANCE,ITEM-CIVI-102,KA-NORTH,OPEN,LOWEST_PRICE,OPEN_ELIGIBILITY,2024-01-05,2024-01-18,5610065.61,AWARDED
T01308,ocds-synthetic-01308,D08,D08,Municipal Services Division,CIVIL_MAINTENANCE,ROAD_MAINTENANCE,ITEM-CIVI-105,KA-CENTRAL,LIMITED,LOWEST_PRICE,QUALIFIED_SUPPLIERS,2025-04-15,2025-05-04,3357281.65,AWARDED
T01309,ocds-synthetic-01309,D13,D13,Tourism Infrastructure Division,CIVIL_MAINTENANCE,ELECTRICAL_MAINTENANCE,ITEM-CIVI-156,KA-CENTRAL,OPEN,LOWEST_PRICE,OPEN_ELIGIBILITY,2026-07-04,2026-08-01,5516549.27,AWARDED
T01310,ocds-synthetic-01310,D03,D03,State Health Procurement Division,BUILDING_CONSTRUCTION,PUBLIC_BUILDING,ITEM-BUIL-452,KA-CENTRAL,OPEN,LOWEST_PRICE,OPEN_ELIGIBILITY,2024-04-26,2024-05-20,58265759.45,AWARDED
T01311,ocds-synthetic-01311,D19,D19,Forest Infrastructure Division,FURNITURE,OFFICE_FURNITURE,ITEM-FURN-909,KA-NORTH,OPEN,LOWEST_PRICE,OPEN_ELIGIBILITY,2026-01-01,2026-02-14,5191617.24,AWARDED
T01312,ocds-synthetic-01312,D13,D13,Tourism Infrastructure Division,BUILDING_CONSTRUCTION,CIVIL_BUILDING_WORKS,ITEM-BUIL-250,KA-CENTRAL,OPEN,LOWEST_PRICE,OPEN_ELIGIBILITY,2026-03-14,2026-04-25,6544631.62,AWARDED
T01313,ocds-synthetic-01313,D17,D17,Higher Education Procurement Division,FURNITURE,HOSPITAL_FURNITURE,ITEM-FURN-454,KA-BENGALURU,OPEN,LOWEST_PRICE,OPEN_ELIGIBILITY,2025-01-26,2025-03-06,10188941.51,AWARDED
T01314,ocds-synthetic-01314,D05,D05,Rural Development Division,CIVIL_MAINTENANCE,BUILDING_MAINTENANCE,ITEM-CIVI-752,KA-NORTH,OPEN,LOWEST_PRICE,OPEN_ELIGIBILITY,2025-10-11,2025-11-24,6110995.86,AWARDED
T01315,ocds-synthetic-01315,D13,D13,Tourism Infrastructure Division,BUILDING_CONSTRUCTION,RENOVATION,ITEM-BUIL-169,KA-CENTRAL,OPEN,LOWEST_PRICE,OPEN_ELIGIBILITY,2025-07-17,2025-08-07,46013986.82,AWARDED
T01316,ocds-synthetic-01316,D17,D17,Higher Education Procurement Division,LAB_EQUIPMENT,ANALYTICAL_INSTRUMENTS,ITEM-LAB_-756,KA-BENGALURU,LIMITED,LOWEST_PRICE,QUALIFIED_SUPPLIERS,2026-06-28,2026-07-12,2267823.63,AWARDED
T01317,ocds-synthetic-01317,D19,D19,Forest Infrastructure Division,WATER_INFRASTRUCTURE,IRRIGATION_WORKS,ITEM-WATE-825,KA-NORTH,OPEN,LOWEST_PRICE,OPEN_ELIGIBILITY,2024-12-31,2025-01-26,9959691.7,AWARDED
T01318,ocds-synthetic-01318,D12,D12,Housing Infrastructure Division,FURNITURE,SCHOOL_FURNITURE,ITEM-FURN-167,KA-SOUTH,OPEN,LOWEST_PRICE,OPEN_ELIGIBILITY,2026-05-26,2026-07-04,5946665.04,AWARDED
T01319,ocds-synthetic-01319,D15,D15,Energy Procurement Division,LAB_EQUIPMENT,SCIENTIFIC_EQUIPMENT,ITEM-LAB_-709,KA-SOUTH,OPEN,LOWEST_PRICE,OPEN_ELIGIBILITY,2025-04-06,2025-05-04,7942817.28,AWARDED
T01320,ocds-synthetic-01320,D03,D03,State Health Procurement Division,BUILDING_CONSTRUCTION,CIVIL_BUILDING_WORKS,ITEM-BUIL-592,KA-CENTRAL,OPEN,LOWEST_PRICE,OPEN_ELIGIBILITY,2026-01-16,2026-02-28,77584129.38,AWARDED
T01321,ocds-synthetic-01321,D20,D20,Public Health Engineering Division,VEHICLE_SUPPLIES,FLEET_MAINTENANCE,ITEM-VEHI-372,KA-SOUTH,LIMITED,LOWEST_PRICE,QUALIFIED_SUPPLIERS,2024-07-12,2024-08-08,13526435.92,AWARDED
T01322,ocds-synthetic-01322,D09,D09,State Transport Division,ROAD_CONSTRUCTION,DRAINAGE_WORKS,ITEM-ROAD-722,KA-SOUTH,OPEN,LOWEST_PRICE,OPEN_ELIGIBILITY,2024-12-26,2025-01-11,5449917.43,AWARDED
T01323,ocds-synthetic-01323,D13,D13,Tourism Infrastructure Division,MEDICAL_SUPPLIES,DIAGNOSTIC_EQUIPMENT,ITEM-MEDI-891,KA-CENTRAL,OPEN,LOWEST_PRICE,OPEN_ELIGIBILITY,2026-06-16,2026-07-12,4889851.28,AWARDED
T01324,ocds-synthetic-01324,D03,D03,State Health Procurement Division,IT_SERVICES,IT_HARDWARE,ITEM-IT_S-521,KA-CENTRAL,OPEN,LOWEST_PRICE,OPEN_ELIGIBILITY,2024-05-05,2024-06-18,9128906.14,AWARDED
T01325,ocds-synthetic-01325,D13,D13,Tourism Infrastructure Division,ROAD_CONSTRUCTION,DRAINAGE_WORKS,ITEM-ROAD-148,KA-CENTRAL,TWO_STAGE,LOWEST_PRICE,QUALIFIED_SUPPLIERS,2026-07-07,2026-08-26,6989886.22,AWARDED
T01326,ocds-synthetic-01326,D01,D01,State Works Division - North,CIVIL_MAINTENANCE,ROAD_MAINTENANCE,ITEM-CIVI-246,KA-NORTH,TWO_STAGE,LOWEST_PRICE,QUALIFIED_SUPPLIERS,2025-11-25,2026-01-21,5235694.81,AWARDED
T01327,ocds-synthetic-01327,D04,D04,State Education Procurement Division,VEHICLE_SUPPLIES,FLEET_MAINTENANCE,ITEM-VEHI-832,KA-NORTH,OPEN,LOWEST_PRICE,OPEN_ELIGIBILITY,2025-07-27,2025-09-06,7554265.75,AWARDED
T01328,ocds-synthetic-01328,D15,D15,Energy Procurement Division,WATER_INFRASTRUCTURE,PIPELINE_WORKS,ITEM-WATE-828,KA-SOUTH,OPEN,LOWEST_PRICE,OPEN_ELIGIBILITY,2024-04-18,2024-05-06,47912385.77,AWARDED
T01329,ocds-synthetic-01329,D14,D14,Agricultural Infrastructure Division,ROAD_CONSTRUCTION,ROAD_MAINTENANCE,ITEM-ROAD-114,KA-NORTH,OPEN,LOWEST_PRICE,OPEN_ELIGIBILITY,2024-02-22,2024-03-21,29432400.84,AWARDED
T01330,ocds-synthetic-01330,D06,D06,Water Resources Division,BUILDING_CONSTRUCTION,CIVIL_BUILDING_WORKS,ITEM-BUIL-422,KA-SOUTH,LIMITED,LOWEST_PRICE,QUALIFIED_SUPPLIERS,2024-04-10,2024-05-02,81322201.43,AWARDED
T01331,ocds-synthetic-01331,D04,D04,State Education Procurement Division,CIVIL_MAINTENANCE,BUILDING_MAINTENANCE,ITEM-CIVI-924,KA-NORTH,LIMITED,LOWEST_PRICE,QUALIFIED_SUPPLIERS,2025-07-27,2025-08-11,17008417.78,AWARDED
T01332,ocds-synthetic-01332,D15,D15,Energy Procurement Division,ROAD_CONSTRUCTION,DRAINAGE_WORKS,ITEM-ROAD-938,KA-SOUTH,OPEN,LOWEST_PRICE,OPEN_ELIGIBILITY,2026-02-15,2026-03-26,73151299.47,AWARDED
T01333,ocds-synthetic-01333,D04,D04,State Education Procurement Division,CIVIL_MAINTENANCE,ELECTRICAL_MAINTENANCE,ITEM-CIVI-336,KA-NORTH,OPEN,LOWEST_PRICE,OPEN_ELIGIBILITY,2026-07-04,2026-07-25,13549272.29,AWARDED
T01334,ocds-synthetic-01334,D06,D06,Water Resources Division,CIVIL_MAINTENANCE,ROAD_MAINTENANCE,ITEM-CIVI-731,KA-SOUTH,OPEN,LOWEST_PRICE,OPEN_ELIGIBILITY,2024-10-31,2024-11-14,1548824.02,AWARDED
T01335,ocds-synthetic-01335,D13,D13,Tourism Infrastructure Division,MEDICAL_SUPPLIES,DIAGNOSTIC_EQUIPMENT,ITEM-MEDI-943,KA-CENTRAL,OPEN,LOWEST_PRICE,OPEN_ELIGIBILITY,2026-04-24,2026-06-05,2694481.29,AWARDED
T01336,ocds-synthetic-01336,D17,D17,Higher Education Procurement Division,MEDICAL_SUPPLIES,SURGICAL_CONSUMABLES,ITEM-MEDI-937,KA-BENGALURU,OPEN,LOWEST_PRICE,OPEN_ELIGIBILITY,2025-10-02,2025-11-09,3375091.56,AWARDED
T01337,ocds-synthetic-01337,D05,D05,Rural Development Division,ROAD_CONSTRUCTION,ROAD_RESURFACING,ITEM-ROAD-219,KA-NORTH,LIMITED,LOWEST_PRICE,QUALIFIED_SUPPLIERS,2025-05-29,2025-06-14,11275709.0,AWARDED
T01338,ocds-synthetic-01338,D01,D01,State Works Division - North,ROAD_CONSTRUCTION,ROAD_RESURFACING,ITEM-ROAD-281,KA-NORTH,LIMITED,LOWEST_PRICE,QUALIFIED_SUPPLIERS,2025-07-06,2025-07-21,13973061.63,AWARDED
T01339,ocds-synthetic-01339,D03,D03,State Health Procurement Division,LAB_EQUIPMENT,CALIBRATION_EQUIPMENT,ITEM-LAB_-779,KA-CENTRAL,OPEN,QUALITY_AND_COST,OPEN_ELIGIBILITY,2025-03-30,2025-04-25,4473498.38,AWARDED
T01340,ocds-synthetic-01340,D19,D19,Forest Infrastructure Division,ELECTRICAL_EQUIPMENT,CONTROL_EQUIPMENT,ITEM-ELEC-286,KA-NORTH,TWO_STAGE,LOWEST_PRICE,QUALIFIED_SUPPLIERS,2024-04-06,2024-05-01,9684780.35,AWARDED
T01341,ocds-synthetic-01341,D03,D03,State Health Procurement Division,CIVIL_MAINTENANCE,ROAD_MAINTENANCE,ITEM-CIVI-428,KA-CENTRAL,OPEN,LOWEST_PRICE,OPEN_ELIGIBILITY,2025-03-14,2025-04-20,2625957.51,AWARDED
T01342,ocds-synthetic-01342,D02,D02,Urban Infrastructure Division - South,CIVIL_MAINTENANCE,ROAD_MAINTENANCE,ITEM-CIVI-682,KA-SOUTH,OPEN,LOWEST_PRICE,OPEN_ELIGIBILITY,2026-01-29,2026-03-09,4826756.63,AWARDED
T01343,ocds-synthetic-01343,D05,D05,Rural Development Division,BUILDING_CONSTRUCTION,CIVIL_BUILDING_WORKS,ITEM-BUIL-132,KA-NORTH,OPEN,LOWEST_PRICE,OPEN_ELIGIBILITY,2026-07-14,2026-08-18,84568026.87,AWARDED
T01344,ocds-synthetic-01344,D09,D09,State Transport Division,WATER_INFRASTRUCTURE,WATER_TREATMENT,ITEM-WATE-255,KA-SOUTH,OPEN,LOWEST_PRICE,OPEN_ELIGIBILITY,2024-03-02,2024-03-14,16254835.47,AWARDED
T01345,ocds-synthetic-01345,D06,D06,Water Resources Division,ROAD_CONSTRUCTION,DRAINAGE_WORKS,ITEM-ROAD-870,KA-SOUTH,OPEN,LOWEST_PRICE,OPEN_ELIGIBILITY,2025-09-22,2025-10-11,33334207.05,AWARDED
T01346,ocds-synthetic-01346,D08,D08,Municipal Services Division,MEDICAL_SUPPLIES,SURGICAL_CONSUMABLES,ITEM-MEDI-896,KA-CENTRAL,OPEN,LOWEST_PRICE,OPEN_ELIGIBILITY,2024-10-16,2024-11-08,2453744.48,AWARDED
T01347,ocds-synthetic-01347,D09,D09,State Transport Division,ROAD_CONSTRUCTION,DRAINAGE_WORKS,ITEM-ROAD-828,KA-SOUTH,TWO_STAGE,LOWEST_PRICE,QUALIFIED_SUPPLIERS,2024-03-06,2024-04-07,46631624.37,AWARDED
T01348,ocds-synthetic-01348,D13,D13,Tourism Infrastructure Division,WATER_INFRASTRUCTURE,PUMPING_SYSTEMS,ITEM-WATE-589,KA-CENTRAL,OPEN,LOWEST_PRICE,OPEN_ELIGIBILITY,2026-08-25,2026-08-31,19484638.25,AWARDED
T01349,ocds-synthetic-01349,D06,D06,Water Resources Division,BUILDING_CONSTRUCTION,CIVIL_BUILDING_WORKS,ITEM-BUIL-405,KA-SOUTH,OPEN,LOWEST_PRICE,OPEN_ELIGIBILITY,2024-02-06,2024-03-16,26694788.5,AWARDED
T01350,ocds-synthetic-01350,D10,D10,Medical Services Procurement Division,FURNITURE,SCHOOL_FURNITURE,ITEM-FURN-335,KA-CENTRAL,OPEN,LOWEST_PRICE,OPEN_ELIGIBILITY,2025-02-14,2025-03-25,866489.37,AWARDED
T01351,ocds-synthetic-01351,D08,D08,Municipal Services Division,BUILDING_CONSTRUCTION,RENOVATION,ITEM-BUIL-654,KA-CENTRAL,OPEN,LOWEST_PRICE,OPEN_ELIGIBILITY,2024-08-02,2024-09-10,109348965.79,AWARDED
T01352,ocds-synthetic-01352,D05,D05,Rural Development Division,BUILDING_CONSTRUCTION,STRUCTURAL_WORKS,ITEM-BUIL-609,KA-NORTH,OPEN,LOWEST_PRICE,OPEN_ELIGIBILITY,2025-08-18,2025-09-01,39385534.68,AWARDED
T01353,ocds-synthetic-01353,D02,D02,Urban Infrastructure Division - South,VEHICLE_SUPPLIES,SPECIAL_PURPOSE_VEHICLES,ITEM-VEHI-342,KA-SOUTH,OPEN,LOWEST_PRICE,OPEN_ELIGIBILITY,2024-07-23,2024-09-04,2827506.96,AWARDED
T01354,ocds-synthetic-01354,D13,D13,Tourism Infrastructure Division,LAB_EQUIPMENT,SCIENTIFIC_EQUIPMENT,ITEM-LAB_-499,KA-CENTRAL,LIMITED,QUALITY_AND_COST,QUALIFIED_SUPPLIERS,2024-08-15,2024-08-25,8849093.79,AWARDED
T01355,ocds-synthetic-01355,D10,D10,Medical Services Procurement Division,ELECTRICAL_EQUIPMENT,TRANSFORMERS,ITEM-ELEC-783,KA-CENTRAL,OPEN,LOWEST_PRICE,OPEN_ELIGIBILITY,2025-07-28,2025-08-11,4805597.99,AWARDED
T01356,ocds-synthetic-01356,D07,D07,Power Systems Division,ROAD_CONSTRUCTION,BITUMINOUS_WORKS,ITEM-ROAD-127,KA-NORTH,LIMITED,LOWEST_PRICE,QUALIFIED_SUPPLIERS,2025-06-22,2025-07-04,500000000.0,AWARDED
T01357,ocds-synthetic-01357,D13,D13,Tourism Infrastructure Division,FURNITURE,SCHOOL_FURNITURE,ITEM-FURN-807,KA-CENTRAL,LIMITED,LOWEST_PRICE,QUALIFIED_SUPPLIERS,2025-11-13,2025-12-10,2721763.89,AWARDED
T01358,ocds-synthetic-01358,D02,D02,Urban Infrastructure Division - South,BUILDING_CONSTRUCTION,CIVIL_BUILDING_WORKS,ITEM-BUIL-282,KA-SOUTH,LIMITED,LOWEST_PRICE,QUALIFIED_SUPPLIERS,2024-01-05,2024-02-01,28330205.9,AWARDED
T01359,ocds-synthetic-01359,D13,D13,Tourism Infrastructure Division,MEDICAL_SUPPLIES,HOSPITAL_SUPPLIES,ITEM-MEDI-457,KA-CENTRAL,OPEN,LOWEST_PRICE,OPEN_ELIGIBILITY,2025-03-27,2025-04-17,10823107.57,AWARDED
T01360,ocds-synthetic-01360,D13,D13,Tourism Infrastructure Division,ROAD_CONSTRUCTION,DRAINAGE_WORKS,ITEM-ROAD-763,KA-CENTRAL,OPEN,LOWEST_PRICE,OPEN_ELIGIBILITY,2024-01-16,2024-02-21,150834002.06,AWARDED
T01361,ocds-synthetic-01361,D20,D20,Public Health Engineering Division,CIVIL_MAINTENANCE,GENERAL_REPAIRS,ITEM-CIVI-630,KA-SOUTH,OPEN,LOWEST_PRICE,OPEN_ELIGIBILITY,2024-02-19,2024-03-31,4790224.52,AWARDED
T01362,ocds-synthetic-01362,D12,D12,Housing Infrastructure Division,CIVIL_MAINTENANCE,ELECTRICAL_MAINTENANCE,ITEM-CIVI-684,KA-SOUTH,OPEN,LOWEST_PRICE,OPEN_ELIGIBILITY,2024-07-16,2024-07-31,22367479.72,AWARDED
T01363,ocds-synthetic-01363,D08,D08,Municipal Services Division,BUILDING_CONSTRUCTION,PUBLIC_BUILDING,ITEM-BUIL-235,KA-CENTRAL,LIMITED,LOWEST_PRICE,QUALIFIED_SUPPLIERS,2024-06-07,2024-06-26,21073908.58,AWARDED
T01364,ocds-synthetic-01364,D20,D20,Public Health Engineering Division,IT_SERVICES,IT_HARDWARE,ITEM-IT_S-816,KA-SOUTH,LIMITED,QUALITY_AND_COST,QUALIFIED_SUPPLIERS,2026-01-06,2026-02-01,14829502.61,AWARDED
T01365,ocds-synthetic-01365,D07,D07,Power Systems Division,WATER_INFRASTRUCTURE,PUMPING_SYSTEMS,ITEM-WATE-297,KA-NORTH,LIMITED,LOWEST_PRICE,QUALIFIED_SUPPLIERS,2025-01-31,2025-02-22,22695833.59,AWARDED
T01366,ocds-synthetic-01366,D02,D02,Urban Infrastructure Division - South,MEDICAL_SUPPLIES,HOSPITAL_SUPPLIES,ITEM-MEDI-907,KA-SOUTH,OPEN,LOWEST_PRICE,OPEN_ELIGIBILITY,2026-03-23,2026-05-02,2467026.57,AWARDED
T01367,ocds-synthetic-01367,D04,D04,State Education Procurement Division,ELECTRICAL_EQUIPMENT,CABLING,ITEM-ELEC-846,KA-NORTH,OPEN,LOWEST_PRICE,OPEN_ELIGIBILITY,2025-10-24,2025-12-05,30204146.94,AWARDED
T01368,ocds-synthetic-01368,D16,D16,Infrastructure Development Division,IT_SERVICES,CLOUD_SERVICES,ITEM-IT_S-650,KA-CENTRAL,LIMITED,LOWEST_PRICE,QUALIFIED_SUPPLIERS,2025-01-25,2025-02-05,3496410.46,AWARDED
T01369,ocds-synthetic-01369,D06,D06,Water Resources Division,FURNITURE,HOSPITAL_FURNITURE,ITEM-FURN-986,KA-SOUTH,OPEN,LOWEST_PRICE,OPEN_ELIGIBILITY,2026-04-20,2026-05-25,8379307.89,AWARDED
T01370,ocds-synthetic-01370,D14,D14,Agricultural Infrastructure Division,FURNITURE,SCHOOL_FURNITURE,ITEM-FURN-993,KA-NORTH,OPEN,LOWEST_PRICE,OPEN_ELIGIBILITY,2026-04-07,2026-05-21,5530476.03,AWARDED
T01371,ocds-synthetic-01371,D14,D14,Agricultural Infrastructure Division,FURNITURE,HOSPITAL_FURNITURE,ITEM-FURN-166,KA-NORTH,OPEN,LOWEST_PRICE,OPEN_ELIGIBILITY,2025-04-21,2025-05-30,1389262.01,AWARDED
T01372,ocds-synthetic-01372,D07,D07,Power Systems Division,BUILDING_CONSTRUCTION,PUBLIC_BUILDING,ITEM-BUIL-343,KA-NORTH,OPEN,LOWEST_PRICE,OPEN_ELIGIBILITY,2024-06-06,2024-07-03,15762063.14,AWARDED
T01373,ocds-synthetic-01373,D18,D18,Industrial Development Division,IT_SERVICES,CLOUD_SERVICES,ITEM-IT_S-509,KA-CENTRAL,TWO_STAGE,LOWEST_PRICE,QUALIFIED_SUPPLIERS,2025-10-16,2025-12-18,6468832.4,AWARDED
T01374,ocds-synthetic-01374,D13,D13,Tourism Infrastructure Division,VEHICLE_SUPPLIES,FLEET_MAINTENANCE,ITEM-VEHI-202,KA-CENTRAL,OPEN,LOWEST_PRICE,OPEN_ELIGIBILITY,2025-09-25,2025-10-28,10155201.75,AWARDED
T01375,ocds-synthetic-01375,D03,D03,State Health Procurement Division,CIVIL_MAINTENANCE,BUILDING_MAINTENANCE,ITEM-CIVI-487,KA-CENTRAL,OPEN,LOWEST_PRICE,OPEN_ELIGIBILITY,2024-08-04,2024-09-04,7310336.06,AWARDED
T01376,ocds-synthetic-01376,D02,D02,Urban Infrastructure Division - South,ROAD_CONSTRUCTION,ROAD_WIDENING,ITEM-ROAD-291,KA-SOUTH,OPEN,LOWEST_PRICE,OPEN_ELIGIBILITY,2026-07-02,2026-07-16,18989593.09,AWARDED
T01377,ocds-synthetic-01377,D09,D09,State Transport Division,LAB_EQUIPMENT,ANALYTICAL_INSTRUMENTS,ITEM-LAB_-239,KA-SOUTH,OPEN,QUALITY_AND_COST,OPEN_ELIGIBILITY,2026-01-15,2026-02-23,11961577.19,AWARDED
T01378,ocds-synthetic-01378,D14,D14,Agricultural Infrastructure Division,WATER_INFRASTRUCTURE,PUMPING_SYSTEMS,ITEM-WATE-148,KA-NORTH,LIMITED,LOWEST_PRICE,QUALIFIED_SUPPLIERS,2024-09-03,2024-09-13,142763783.16,AWARDED
T01379,ocds-synthetic-01379,D16,D16,Infrastructure Development Division,WATER_INFRASTRUCTURE,IRRIGATION_WORKS,ITEM-WATE-750,KA-CENTRAL,OPEN,LOWEST_PRICE,OPEN_ELIGIBILITY,2026-03-20,2026-04-26,7385340.32,AWARDED
T01380,ocds-synthetic-01380,D10,D10,Medical Services Procurement Division,BUILDING_CONSTRUCTION,PUBLIC_BUILDING,ITEM-BUIL-307,KA-CENTRAL,OPEN,LOWEST_PRICE,OPEN_ELIGIBILITY,2025-06-11,2025-07-08,43434798.44,AWARDED
T01381,ocds-synthetic-01381,D14,D14,Agricultural Infrastructure Division,IT_SERVICES,NETWORK_INFRASTRUCTURE,ITEM-IT_S-858,KA-NORTH,OPEN,LOWEST_PRICE,OPEN_ELIGIBILITY,2025-01-26,2025-03-05,8798378.6,AWARDED
T01382,ocds-synthetic-01382,D04,D04,State Education Procurement Division,BUILDING_CONSTRUCTION,STRUCTURAL_WORKS,ITEM-BUIL-330,KA-NORTH,LIMITED,LOWEST_PRICE,QUALIFIED_SUPPLIERS,2024-10-06,2024-11-04,48521109.57,AWARDED
T01383,ocds-synthetic-01383,D06,D06,Water Resources Division,ROAD_CONSTRUCTION,ROAD_WIDENING,ITEM-ROAD-226,KA-SOUTH,OPEN,LOWEST_PRICE,OPEN_ELIGIBILITY,2024-03-09,2024-04-03,49024935.05,AWARDED
T01384,ocds-synthetic-01384,D19,D19,Forest Infrastructure Division,FURNITURE,HOSPITAL_FURNITURE,ITEM-FURN-724,KA-NORTH,LIMITED,LOWEST_PRICE,QUALIFIED_SUPPLIERS,2025-06-13,2025-06-27,1814535.18,AWARDED
T01385,ocds-synthetic-01385,D01,D01,State Works Division - North,CIVIL_MAINTENANCE,ROAD_MAINTENANCE,ITEM-CIVI-912,KA-NORTH,OPEN,LOWEST_PRICE,OPEN_ELIGIBILITY,2024-09-18,2024-10-01,1883463.79,AWARDED
T01386,ocds-synthetic-01386,D07,D07,Power Systems Division,CIVIL_MAINTENANCE,GENERAL_REPAIRS,ITEM-CIVI-248,KA-NORTH,OPEN,LOWEST_PRICE,OPEN_ELIGIBILITY,2024-02-23,2024-04-06,25574289.59,AWARDED
T01387,ocds-synthetic-01387,D02,D02,Urban Infrastructure Division - South,ELECTRICAL_EQUIPMENT,CONTROL_EQUIPMENT,ITEM-ELEC-829,KA-SOUTH,OPEN,LOWEST_PRICE,OPEN_ELIGIBILITY,2026-03-20,2026-04-03,10641787.05,AWARDED
T01388,ocds-synthetic-01388,D07,D07,Power Systems Division,FURNITURE,HOSPITAL_FURNITURE,ITEM-FURN-382,KA-NORTH,LIMITED,LOWEST_PRICE,QUALIFIED_SUPPLIERS,2024-01-07,2024-01-17,3467720.86,AWARDED
T01389,ocds-synthetic-01389,D05,D05,Rural Development Division,MEDICAL_SUPPLIES,SURGICAL_CONSUMABLES,ITEM-MEDI-180,KA-NORTH,OPEN,LOWEST_PRICE,OPEN_ELIGIBILITY,2025-11-05,2025-12-18,21138370.48,AWARDED
T01390,ocds-synthetic-01390,D07,D07,Power Systems Division,CIVIL_MAINTENANCE,ELECTRICAL_MAINTENANCE,ITEM-CIVI-722,KA-NORTH,LIMITED,LOWEST_PRICE,QUALIFIED_SUPPLIERS,2025-04-24,2025-05-20,1673340.81,AWARDED
T01391,ocds-synthetic-01391,D12,D12,Housing Infrastructure Division,IT_SERVICES,SOFTWARE_DEVELOPMENT,ITEM-IT_S-180,KA-SOUTH,OPEN,LOWEST_PRICE,OPEN_ELIGIBILITY,2024-12-24,2025-02-04,20295345.25,AWARDED
T01392,ocds-synthetic-01392,D19,D19,Forest Infrastructure Division,ELECTRICAL_EQUIPMENT,CONTROL_EQUIPMENT,ITEM-ELEC-265,KA-NORTH,OPEN,LOWEST_PRICE,OPEN_ELIGIBILITY,2025-01-13,2025-02-07,4652030.36,AWARDED
T01393,ocds-synthetic-01393,D13,D13,Tourism Infrastructure Division,LAB_EQUIPMENT,LABORATORY_SYSTEMS,ITEM-LAB_-258,KA-CENTRAL,OPEN,LOWEST_PRICE,OPEN_ELIGIBILITY,2025-06-29,2025-07-18,17870231.92,AWARDED
T01394,ocds-synthetic-01394,D20,D20,Public Health Engineering Division,ROAD_CONSTRUCTION,ROAD_WIDENING,ITEM-ROAD-245,KA-SOUTH,LIMITED,LOWEST_PRICE,QUALIFIED_SUPPLIERS,2024-04-06,2024-04-13,5951968.56,AWARDED
T01395,ocds-synthetic-01395,D16,D16,Infrastructure Development Division,BUILDING_CONSTRUCTION,RENOVATION,ITEM-BUIL-270,KA-CENTRAL,OPEN,LOWEST_PRICE,OPEN_ELIGIBILITY,2026-08-08,2026-08-31,21361069.49,AWARDED
T01396,ocds-synthetic-01396,D14,D14,Agricultural Infrastructure Division,WATER_INFRASTRUCTURE,PUMPING_SYSTEMS,ITEM-WATE-648,KA-NORTH,OPEN,LOWEST_PRICE,OPEN_ELIGIBILITY,2026-03-09,2026-04-05,26256003.56,AWARDED
T01397,ocds-synthetic-01397,D08,D08,Municipal Services Division,BUILDING_CONSTRUCTION,RENOVATION,ITEM-BUIL-751,KA-CENTRAL,OPEN,LOWEST_PRICE,OPEN_ELIGIBILITY,2024-09-10,2024-10-15,12457514.37,AWARDED
T01398,ocds-synthetic-01398,D01,D01,State Works Division - North,FURNITURE,SCHOOL_FURNITURE,ITEM-FURN-972,KA-NORTH,TWO_STAGE,LOWEST_PRICE,QUALIFIED_SUPPLIERS,2026-01-02,2026-02-03,5239614.25,AWARDED
T01399,ocds-synthetic-01399,D06,D06,Water Resources Division,BUILDING_CONSTRUCTION,CIVIL_BUILDING_WORKS,ITEM-BUIL-941,KA-SOUTH,LIMITED,LOWEST_PRICE,QUALIFIED_SUPPLIERS,2026-02-05,2026-02-20,15958018.74,AWARDED
T01400,ocds-synthetic-01400,D03,D03,State Health Procurement Division,IT_SERVICES,CLOUD_SERVICES,ITEM-IT_S-754,KA-CENTRAL,LIMITED,LOWEST_PRICE,QUALIFIED_SUPPLIERS,2026-02-03,2026-02-22,6148669.31,AWARDED
T01401,ocds-synthetic-01401,D08,D08,Municipal Services Division,ELECTRICAL_EQUIPMENT,CABLING,ITEM-ELEC-970,KA-CENTRAL,OPEN,LOWEST_PRICE,OPEN_ELIGIBILITY,2024-02-21,2024-03-22,7338894.56,AWARDED
T01402,ocds-synthetic-01402,D17,D17,Higher Education Procurement Division,FURNITURE,OFFICE_FURNITURE,ITEM-FURN-161,KA-BENGALURU,LIMITED,LOWEST_PRICE,QUALIFIED_SUPPLIERS,2024-09-16,2024-09-28,11575784.3,AWARDED
T01403,ocds-synthetic-01403,D18,D18,Industrial Development Division,BUILDING_CONSTRUCTION,RENOVATION,ITEM-BUIL-192,KA-CENTRAL,OPEN,LOWEST_PRICE,OPEN_ELIGIBILITY,2025-03-28,2025-05-09,20803151.14,AWARDED
T01404,ocds-synthetic-01404,D08,D08,Municipal Services Division,CIVIL_MAINTENANCE,ELECTRICAL_MAINTENANCE,ITEM-CIVI-817,KA-CENTRAL,OPEN,LOWEST_PRICE,OPEN_ELIGIBILITY,2026-04-22,2026-05-04,7321170.05,AWARDED
T01405,ocds-synthetic-01405,D17,D17,Higher Education Procurement Division,MEDICAL_SUPPLIES,HOSPITAL_SUPPLIES,ITEM-MEDI-596,KA-BENGALURU,OPEN,LOWEST_PRICE,OPEN_ELIGIBILITY,2025-08-08,2025-09-05,12557248.28,AWARDED
T01406,ocds-synthetic-01406,D19,D19,Forest Infrastructure Division,LAB_EQUIPMENT,CALIBRATION_EQUIPMENT,ITEM-LAB_-226,KA-NORTH,OPEN,QUALITY_AND_COST,OPEN_ELIGIBILITY,2025-01-05,2025-02-09,10433862.86,AWARDED
T01407,ocds-synthetic-01407,D09,D09,State Transport Division,WATER_INFRASTRUCTURE,PIPELINE_WORKS,ITEM-WATE-601,KA-SOUTH,OPEN,LOWEST_PRICE,OPEN_ELIGIBILITY,2025-12-19,2026-01-05,25265142.11,AWARDED
T01408,ocds-synthetic-01408,D11,D11,Urban Technology Division,MEDICAL_SUPPLIES,DIAGNOSTIC_EQUIPMENT,ITEM-MEDI-764,KA-BENGALURU,OPEN,LOWEST_PRICE,OPEN_ELIGIBILITY,2026-05-08,2026-05-27,13626050.91,AWARDED
T01409,ocds-synthetic-01409,D10,D10,Medical Services Procurement Division,MEDICAL_SUPPLIES,DIAGNOSTIC_EQUIPMENT,ITEM-MEDI-276,KA-CENTRAL,OPEN,LOWEST_PRICE,OPEN_ELIGIBILITY,2025-05-10,2025-06-09,5362498.93,AWARDED
T01410,ocds-synthetic-01410,D11,D11,Urban Technology Division,ROAD_CONSTRUCTION,BITUMINOUS_WORKS,ITEM-ROAD-428,KA-BENGALURU,OPEN,LOWEST_PRICE,OPEN_ELIGIBILITY,2024-01-28,2024-02-17,52517542.26,AWARDED
T01411,ocds-synthetic-01411,D06,D06,Water Resources Division,VEHICLE_SUPPLIES,SPECIAL_PURPOSE_VEHICLES,ITEM-VEHI-181,KA-SOUTH,OPEN,LOWEST_PRICE,OPEN_ELIGIBILITY,2024-03-01,2024-04-03,3319425.37,AWARDED
T01412,ocds-synthetic-01412,D16,D16,Infrastructure Development Division,CIVIL_MAINTENANCE,ROAD_MAINTENANCE,ITEM-CIVI-799,KA-CENTRAL,LIMITED,LOWEST_PRICE,QUALIFIED_SUPPLIERS,2025-11-26,2025-12-12,6453807.32,AWARDED
T01413,ocds-synthetic-01413,D11,D11,Urban Technology Division,CIVIL_MAINTENANCE,ELECTRICAL_MAINTENANCE,ITEM-CIVI-152,KA-BENGALURU,OPEN,LOWEST_PRICE,OPEN_ELIGIBILITY,2025-03-09,2025-04-04,14245323.66,AWARDED
T01414,ocds-synthetic-01414,D09,D09,State Transport Division,ELECTRICAL_EQUIPMENT,TRANSFORMERS,ITEM-ELEC-194,KA-SOUTH,OPEN,LOWEST_PRICE,OPEN_ELIGIBILITY,2024-08-23,2024-10-04,6561337.51,AWARDED
T01415,ocds-synthetic-01415,D19,D19,Forest Infrastructure Division,CIVIL_MAINTENANCE,ELECTRICAL_MAINTENANCE,ITEM-CIVI-928,KA-NORTH,LIMITED,LOWEST_PRICE,QUALIFIED_SUPPLIERS,2024-04-18,2024-05-02,12420741.96,AWARDED
T01416,ocds-synthetic-01416,D14,D14,Agricultural Infrastructure Division,FURNITURE,OFFICE_FURNITURE,ITEM-FURN-960,KA-NORTH,TWO_STAGE,LOWEST_PRICE,QUALIFIED_SUPPLIERS,2025-08-05,2025-10-06,1977504.18,AWARDED
T01417,ocds-synthetic-01417,D13,D13,Tourism Infrastructure Division,LAB_EQUIPMENT,LABORATORY_SYSTEMS,ITEM-LAB_-198,KA-CENTRAL,OPEN,LOWEST_PRICE,OPEN_ELIGIBILITY,2025-12-06,2026-01-10,8971370.26,AWARDED
T01418,ocds-synthetic-01418,D10,D10,Medical Services Procurement Division,WATER_INFRASTRUCTURE,PUMPING_SYSTEMS,ITEM-WATE-631,KA-CENTRAL,OPEN,LOWEST_PRICE,OPEN_ELIGIBILITY,2025-03-09,2025-04-04,20268418.24,AWARDED
T01419,ocds-synthetic-01419,D10,D10,Medical Services Procurement Division,WATER_INFRASTRUCTURE,PUMPING_SYSTEMS,ITEM-WATE-584,KA-CENTRAL,OPEN,LOWEST_PRICE,OPEN_ELIGIBILITY,2024-10-30,2024-12-10,7631221.63,AWARDED
T01420,ocds-synthetic-01420,D10,D10,Medical Services Procurement Division,MEDICAL_SUPPLIES,MEDICAL_DEVICES,ITEM-MEDI-604,KA-CENTRAL,OPEN,LOWEST_PRICE,OPEN_ELIGIBILITY,2025-11-17,2025-12-01,7044367.09,AWARDED
T01421,ocds-synthetic-01421,D09,D09,State Transport Division,ELECTRICAL_EQUIPMENT,SWITCHGEAR,ITEM-ELEC-118,KA-SOUTH,OPEN,LOWEST_PRICE,OPEN_ELIGIBILITY,2026-06-09,2026-07-21,15816072.66,AWARDED
T01422,ocds-synthetic-01422,D05,D05,Rural Development Division,ROAD_CONSTRUCTION,DRAINAGE_WORKS,ITEM-ROAD-948,KA-NORTH,OPEN,LOWEST_PRICE,OPEN_ELIGIBILITY,2026-01-11,2026-02-01,16567870.08,AWARDED
T01423,ocds-synthetic-01423,D14,D14,Agricultural Infrastructure Division,CIVIL_MAINTENANCE,ROAD_MAINTENANCE,ITEM-CIVI-119,KA-NORTH,OPEN,LOWEST_PRICE,OPEN_ELIGIBILITY,2025-04-06,2025-04-24,4230252.14,AWARDED
T01424,ocds-synthetic-01424,D20,D20,Public Health Engineering Division,CIVIL_MAINTENANCE,GENERAL_REPAIRS,ITEM-CIVI-268,KA-SOUTH,OPEN,LOWEST_PRICE,OPEN_ELIGIBILITY,2024-04-07,2024-05-21,21541324.21,AWARDED
T01425,ocds-synthetic-01425,D07,D07,Power Systems Division,IT_SERVICES,CYBERSECURITY,ITEM-IT_S-141,KA-NORTH,OPEN,LOWEST_PRICE,OPEN_ELIGIBILITY,2026-02-11,2026-03-09,36915202.83,AWARDED
T01426,ocds-synthetic-01426,D17,D17,Higher Education Procurement Division,MEDICAL_SUPPLIES,MEDICAL_DEVICES,ITEM-MEDI-674,KA-BENGALURU,OPEN,LOWEST_PRICE,OPEN_ELIGIBILITY,2025-04-07,2025-05-13,7071115.23,AWARDED
T01427,ocds-synthetic-01427,D19,D19,Forest Infrastructure Division,BUILDING_CONSTRUCTION,PUBLIC_BUILDING,ITEM-BUIL-778,KA-NORTH,LIMITED,LOWEST_PRICE,QUALIFIED_SUPPLIERS,2024-09-05,2024-09-27,23948778.19,AWARDED
T01428,ocds-synthetic-01428,D01,D01,State Works Division - North,ELECTRICAL_EQUIPMENT,CONTROL_EQUIPMENT,ITEM-ELEC-452,KA-NORTH,LIMITED,LOWEST_PRICE,QUALIFIED_SUPPLIERS,2025-06-18,2025-07-14,18584845.3,AWARDED
T01429,ocds-synthetic-01429,D13,D13,Tourism Infrastructure Division,MEDICAL_SUPPLIES,SURGICAL_CONSUMABLES,ITEM-MEDI-914,KA-CENTRAL,LIMITED,LOWEST_PRICE,QUALIFIED_SUPPLIERS,2024-02-20,2024-03-03,5712546.61,AWARDED
T01430,ocds-synthetic-01430,D01,D01,State Works Division - North,ELECTRICAL_EQUIPMENT,CABLING,ITEM-ELEC-227,KA-NORTH,OPEN,LOWEST_PRICE,OPEN_ELIGIBILITY,2026-04-03,2026-04-28,2759369.23,AWARDED
T01431,ocds-synthetic-01431,D09,D09,State Transport Division,ROAD_CONSTRUCTION,DRAINAGE_WORKS,ITEM-ROAD-240,KA-SOUTH,TWO_STAGE,LOWEST_PRICE,QUALIFIED_SUPPLIERS,2025-05-26,2025-06-28,21643158.05,AWARDED
T01432,ocds-synthetic-01432,D06,D06,Water Resources Division,CIVIL_MAINTENANCE,ROAD_MAINTENANCE,ITEM-CIVI-330,KA-SOUTH,OPEN,LOWEST_PRICE,OPEN_ELIGIBILITY,2026-02-19,2026-04-01,14793385.3,AWARDED
T01433,ocds-synthetic-01433,D09,D09,State Transport Division,MEDICAL_SUPPLIES,HOSPITAL_SUPPLIES,ITEM-MEDI-490,KA-SOUTH,LIMITED,LOWEST_PRICE,QUALIFIED_SUPPLIERS,2025-12-22,2026-01-06,7323444.86,AWARDED
T01434,ocds-synthetic-01434,D02,D02,Urban Infrastructure Division - South,MEDICAL_SUPPLIES,DIAGNOSTIC_EQUIPMENT,ITEM-MEDI-469,KA-SOUTH,OPEN,LOWEST_PRICE,OPEN_ELIGIBILITY,2024-04-01,2024-05-11,37362736.11,AWARDED
T01435,ocds-synthetic-01435,D12,D12,Housing Infrastructure Division,ROAD_CONSTRUCTION,ROAD_RESURFACING,ITEM-ROAD-186,KA-SOUTH,OPEN,LOWEST_PRICE,OPEN_ELIGIBILITY,2025-09-19,2025-10-21,67779712.44,AWARDED
T01436,ocds-synthetic-01436,D13,D13,Tourism Infrastructure Division,ROAD_CONSTRUCTION,ROAD_RESURFACING,ITEM-ROAD-841,KA-CENTRAL,OPEN,LOWEST_PRICE,OPEN_ELIGIBILITY,2025-06-21,2025-07-11,42055356.9,AWARDED
T01437,ocds-synthetic-01437,D02,D02,Urban Infrastructure Division - South,BUILDING_CONSTRUCTION,RENOVATION,ITEM-BUIL-525,KA-SOUTH,OPEN,LOWEST_PRICE,OPEN_ELIGIBILITY,2026-02-16,2026-03-18,87734850.25,AWARDED
T01438,ocds-synthetic-01438,D11,D11,Urban Technology Division,ELECTRICAL_EQUIPMENT,CONTROL_EQUIPMENT,ITEM-ELEC-348,KA-BENGALURU,OPEN,LOWEST_PRICE,OPEN_ELIGIBILITY,2025-01-26,2025-02-18,7068134.12,AWARDED
T01439,ocds-synthetic-01439,D16,D16,Infrastructure Development Division,IT_SERVICES,SOFTWARE_DEVELOPMENT,ITEM-IT_S-361,KA-CENTRAL,LIMITED,LOWEST_PRICE,QUALIFIED_SUPPLIERS,2026-02-17,2026-03-12,5303389.04,AWARDED
T01440,ocds-synthetic-01440,D10,D10,Medical Services Procurement Division,WATER_INFRASTRUCTURE,PIPELINE_WORKS,ITEM-WATE-984,KA-CENTRAL,LIMITED,LOWEST_PRICE,QUALIFIED_SUPPLIERS,2025-08-02,2025-08-28,13436837.84,AWARDED
T01441,ocds-synthetic-01441,D15,D15,Energy Procurement Division,FURNITURE,SCHOOL_FURNITURE,ITEM-FURN-887,KA-SOUTH,OPEN,LOWEST_PRICE,OPEN_ELIGIBILITY,2024-09-26,2024-11-05,9311203.67,AWARDED
T01442,ocds-synthetic-01442,D02,D02,Urban Infrastructure Division - South,VEHICLE_SUPPLIES,FLEET_MAINTENANCE,ITEM-VEHI-699,KA-SOUTH,TWO_STAGE,LOWEST_PRICE,QUALIFIED_SUPPLIERS,2025-08-10,2025-09-30,21546871.5,AWARDED
T01443,ocds-synthetic-01443,D01,D01,State Works Division - North,IT_SERVICES,CLOUD_SERVICES,ITEM-IT_S-202,KA-NORTH,OPEN,LOWEST_PRICE,OPEN_ELIGIBILITY,2025-12-28,2026-01-13,26385080.54,AWARDED
T01444,ocds-synthetic-01444,D15,D15,Energy Procurement Division,IT_SERVICES,CYBERSECURITY,ITEM-IT_S-422,KA-SOUTH,OPEN,LOWEST_PRICE,OPEN_ELIGIBILITY,2026-05-06,2026-05-27,43529449.72,AWARDED
T01445,ocds-synthetic-01445,D11,D11,Urban Technology Division,IT_SERVICES,NETWORK_INFRASTRUCTURE,ITEM-IT_S-407,KA-BENGALURU,OPEN,LOWEST_PRICE,OPEN_ELIGIBILITY,2025-01-03,2025-02-01,11698515.96,AWARDED
T01446,ocds-synthetic-01446,D02,D02,Urban Infrastructure Division - South,MEDICAL_SUPPLIES,MEDICAL_DEVICES,ITEM-MEDI-164,KA-SOUTH,OPEN,LOWEST_PRICE,OPEN_ELIGIBILITY,2025-07-06,2025-08-09,5244797.14,AWARDED
T01447,ocds-synthetic-01447,D04,D04,State Education Procurement Division,IT_SERVICES,SOFTWARE_DEVELOPMENT,ITEM-IT_S-682,KA-NORTH,OPEN,LOWEST_PRICE,OPEN_ELIGIBILITY,2026-04-14,2026-05-01,18995976.9,AWARDED
T01448,ocds-synthetic-01448,D15,D15,Energy Procurement Division,FURNITURE,HOSPITAL_FURNITURE,ITEM-FURN-234,KA-SOUTH,OPEN,LOWEST_PRICE,OPEN_ELIGIBILITY,2025-04-15,2025-05-10,7290470.22,AWARDED
T01449,ocds-synthetic-01449,D01,D01,State Works Division - North,MEDICAL_SUPPLIES,SURGICAL_CONSUMABLES,ITEM-MEDI-834,KA-NORTH,OPEN,LOWEST_PRICE,OPEN_ELIGIBILITY,2026-08-25,2026-08-31,31489406.88,AWARDED
T01450,ocds-synthetic-01450,D13,D13,Tourism Infrastructure Division,CIVIL_MAINTENANCE,ELECTRICAL_MAINTENANCE,ITEM-CIVI-189,KA-CENTRAL,OPEN,LOWEST_PRICE,OPEN_ELIGIBILITY,2026-07-07,2026-08-16,12265535.5,AWARDED
T01451,ocds-synthetic-01451,D01,D01,State Works Division - North,IT_SERVICES,CYBERSECURITY,ITEM-IT_S-365,KA-NORTH,OPEN,LOWEST_PRICE,OPEN_ELIGIBILITY,2024-12-06,2025-01-19,10153764.92,AWARDED
T01452,ocds-synthetic-01452,D14,D14,Agricultural Infrastructure Division,ROAD_CONSTRUCTION,ROAD_MAINTENANCE,ITEM-ROAD-645,KA-NORTH,OPEN,LOWEST_PRICE,OPEN_ELIGIBILITY,2025-09-14,2025-10-01,38214019.69,AWARDED
T01453,ocds-synthetic-01453,D04,D04,State Education Procurement Division,ROAD_CONSTRUCTION,ROAD_RESURFACING,ITEM-ROAD-971,KA-NORTH,OPEN,LOWEST_PRICE,OPEN_ELIGIBILITY,2024-12-22,2025-01-31,10082371.51,AWARDED
T01454,ocds-synthetic-01454,D09,D09,State Transport Division,WATER_INFRASTRUCTURE,PIPELINE_WORKS,ITEM-WATE-194,KA-SOUTH,OPEN,LOWEST_PRICE,OPEN_ELIGIBILITY,2026-07-11,2026-07-31,112347053.71,AWARDED
T01455,ocds-synthetic-01455,D11,D11,Urban Technology Division,FURNITURE,SCHOOL_FURNITURE,ITEM-FURN-412,KA-BENGALURU,LIMITED,LOWEST_PRICE,QUALIFIED_SUPPLIERS,2024-12-09,2024-12-16,2647806.81,AWARDED
T01456,ocds-synthetic-01456,D06,D06,Water Resources Division,ROAD_CONSTRUCTION,ROAD_WIDENING,ITEM-ROAD-513,KA-SOUTH,LIMITED,LOWEST_PRICE,QUALIFIED_SUPPLIERS,2026-01-20,2026-01-27,19885710.27,AWARDED
T01457,ocds-synthetic-01457,D04,D04,State Education Procurement Division,IT_SERVICES,IT_HARDWARE,ITEM-IT_S-774,KA-NORTH,OPEN,LOWEST_PRICE,OPEN_ELIGIBILITY,2024-09-04,2024-09-27,18040200.01,AWARDED
T01458,ocds-synthetic-01458,D05,D05,Rural Development Division,FURNITURE,SCHOOL_FURNITURE,ITEM-FURN-971,KA-NORTH,LIMITED,LOWEST_PRICE,QUALIFIED_SUPPLIERS,2026-02-21,2026-03-08,1754482.47,AWARDED
T01459,ocds-synthetic-01459,D13,D13,Tourism Infrastructure Division,ROAD_CONSTRUCTION,ROAD_RESURFACING,ITEM-ROAD-203,KA-CENTRAL,OPEN,LOWEST_PRICE,OPEN_ELIGIBILITY,2026-03-17,2026-03-31,18686568.94,AWARDED
T01460,ocds-synthetic-01460,D06,D06,Water Resources Division,CIVIL_MAINTENANCE,BUILDING_MAINTENANCE,ITEM-CIVI-202,KA-SOUTH,OPEN,LOWEST_PRICE,OPEN_ELIGIBILITY,2026-03-08,2026-04-15,9968013.13,AWARDED
T01461,ocds-synthetic-01461,D14,D14,Agricultural Infrastructure Division,BUILDING_CONSTRUCTION,RENOVATION,ITEM-BUIL-410,KA-NORTH,OPEN,LOWEST_PRICE,OPEN_ELIGIBILITY,2025-07-30,2025-08-12,85285390.01,AWARDED
T01462,ocds-synthetic-01462,D08,D08,Municipal Services Division,VEHICLE_SUPPLIES,FLEET_MAINTENANCE,ITEM-VEHI-301,KA-CENTRAL,OPEN,LOWEST_PRICE,OPEN_ELIGIBILITY,2024-07-14,2024-07-29,6518174.83,AWARDED
T01463,ocds-synthetic-01463,D19,D19,Forest Infrastructure Division,IT_SERVICES,NETWORK_INFRASTRUCTURE,ITEM-IT_S-996,KA-NORTH,OPEN,LOWEST_PRICE,OPEN_ELIGIBILITY,2024-08-17,2024-09-07,2557697.34,AWARDED
T01464,ocds-synthetic-01464,D07,D07,Power Systems Division,WATER_INFRASTRUCTURE,IRRIGATION_WORKS,ITEM-WATE-132,KA-NORTH,TWO_STAGE,LOWEST_PRICE,QUALIFIED_SUPPLIERS,2024-11-10,2025-01-02,56016907.31,AWARDED
T01465,ocds-synthetic-01465,D16,D16,Infrastructure Development Division,FURNITURE,HOSPITAL_FURNITURE,ITEM-FURN-751,KA-CENTRAL,OPEN,LOWEST_PRICE,OPEN_ELIGIBILITY,2025-10-02,2025-11-10,1215991.07,AWARDED
T01466,ocds-synthetic-01466,D09,D09,State Transport Division,ELECTRICAL_EQUIPMENT,CONTROL_EQUIPMENT,ITEM-ELEC-182,KA-SOUTH,OPEN,LOWEST_PRICE,OPEN_ELIGIBILITY,2026-07-21,2026-08-25,23585949.81,AWARDED
T01467,ocds-synthetic-01467,D03,D03,State Health Procurement Division,FURNITURE,SCHOOL_FURNITURE,ITEM-FURN-626,KA-CENTRAL,TWO_STAGE,LOWEST_PRICE,QUALIFIED_SUPPLIERS,2026-03-04,2026-05-03,5174699.31,AWARDED
T01468,ocds-synthetic-01468,D03,D03,State Health Procurement Division,CIVIL_MAINTENANCE,BUILDING_MAINTENANCE,ITEM-CIVI-372,KA-CENTRAL,OPEN,LOWEST_PRICE,OPEN_ELIGIBILITY,2026-06-25,2026-07-31,7306228.34,AWARDED
T01469,ocds-synthetic-01469,D04,D04,State Education Procurement Division,ELECTRICAL_EQUIPMENT,SWITCHGEAR,ITEM-ELEC-274,KA-NORTH,TWO_STAGE,LOWEST_PRICE,QUALIFIED_SUPPLIERS,2025-01-21,2025-04-06,21865326.34,AWARDED
T01470,ocds-synthetic-01470,D09,D09,State Transport Division,ELECTRICAL_EQUIPMENT,CONTROL_EQUIPMENT,ITEM-ELEC-941,KA-SOUTH,LIMITED,LOWEST_PRICE,QUALIFIED_SUPPLIERS,2024-05-31,2024-06-26,39552202.5,AWARDED
T01471,ocds-synthetic-01471,D02,D02,Urban Infrastructure Division - South,FURNITURE,OFFICE_FURNITURE,ITEM-FURN-354,KA-SOUTH,TWO_STAGE,LOWEST_PRICE,QUALIFIED_SUPPLIERS,2025-11-09,2025-12-27,3234875.24,AWARDED
T01472,ocds-synthetic-01472,D07,D07,Power Systems Division,WATER_INFRASTRUCTURE,IRRIGATION_WORKS,ITEM-WATE-896,KA-NORTH,OPEN,LOWEST_PRICE,OPEN_ELIGIBILITY,2025-01-13,2025-02-17,19107511.82,AWARDED
T01473,ocds-synthetic-01473,D03,D03,State Health Procurement Division,WATER_INFRASTRUCTURE,IRRIGATION_WORKS,ITEM-WATE-249,KA-CENTRAL,OPEN,LOWEST_PRICE,OPEN_ELIGIBILITY,2025-10-31,2025-11-13,49004609.71,AWARDED
T01474,ocds-synthetic-01474,D14,D14,Agricultural Infrastructure Division,CIVIL_MAINTENANCE,ELECTRICAL_MAINTENANCE,ITEM-CIVI-798,KA-NORTH,OPEN,LOWEST_PRICE,OPEN_ELIGIBILITY,2025-02-15,2025-03-21,3125418.66,AWARDED
T01475,ocds-synthetic-01475,D10,D10,Medical Services Procurement Division,ELECTRICAL_EQUIPMENT,TRANSFORMERS,ITEM-ELEC-410,KA-CENTRAL,LIMITED,LOWEST_PRICE,QUALIFIED_SUPPLIERS,2024-04-30,2024-05-29,9869691.64,AWARDED
T01476,ocds-synthetic-01476,D19,D19,Forest Infrastructure Division,ROAD_CONSTRUCTION,ROAD_RESURFACING,ITEM-ROAD-246,KA-NORTH,OPEN,LOWEST_PRICE,OPEN_ELIGIBILITY,2025-08-04,2025-08-23,37885196.92,AWARDED
T01477,ocds-synthetic-01477,D06,D06,Water Resources Division,FURNITURE,SCHOOL_FURNITURE,ITEM-FURN-919,KA-SOUTH,OPEN,LOWEST_PRICE,OPEN_ELIGIBILITY,2024-02-07,2024-03-14,1776524.29,AWARDED
T01478,ocds-synthetic-01478,D05,D05,Rural Development Division,WATER_INFRASTRUCTURE,IRRIGATION_WORKS,ITEM-WATE-386,KA-NORTH,OPEN,LOWEST_PRICE,OPEN_ELIGIBILITY,2025-08-21,2025-09-23,9521265.73,AWARDED
T01479,ocds-synthetic-01479,D13,D13,Tourism Infrastructure Division,CIVIL_MAINTENANCE,GENERAL_REPAIRS,ITEM-CIVI-619,KA-CENTRAL,OPEN,LOWEST_PRICE,OPEN_ELIGIBILITY,2024-12-08,2024-12-24,10116063.73,AWARDED
T01480,ocds-synthetic-01480,D02,D02,Urban Infrastructure Division - South,CIVIL_MAINTENANCE,GENERAL_REPAIRS,ITEM-CIVI-480,KA-SOUTH,LIMITED,LOWEST_PRICE,QUALIFIED_SUPPLIERS,2025-09-18,2025-10-07,7757672.73,AWARDED
T01481,ocds-synthetic-01481,D17,D17,Higher Education Procurement Division,WATER_INFRASTRUCTURE,PUMPING_SYSTEMS,ITEM-WATE-384,KA-BENGALURU,LIMITED,LOWEST_PRICE,QUALIFIED_SUPPLIERS,2024-11-29,2024-12-19,12689887.54,AWARDED
T01482,ocds-synthetic-01482,D16,D16,Infrastructure Development Division,MEDICAL_SUPPLIES,DIAGNOSTIC_EQUIPMENT,ITEM-MEDI-630,KA-CENTRAL,OPEN,LOWEST_PRICE,OPEN_ELIGIBILITY,2025-10-14,2025-11-12,13283063.47,AWARDED
T01483,ocds-synthetic-01483,D20,D20,Public Health Engineering Division,ELECTRICAL_EQUIPMENT,CONTROL_EQUIPMENT,ITEM-ELEC-832,KA-SOUTH,OPEN,LOWEST_PRICE,OPEN_ELIGIBILITY,2024-09-25,2024-10-28,19312867.87,AWARDED
T01484,ocds-synthetic-01484,D16,D16,Infrastructure Development Division,ROAD_CONSTRUCTION,ROAD_MAINTENANCE,ITEM-ROAD-926,KA-CENTRAL,OPEN,LOWEST_PRICE,OPEN_ELIGIBILITY,2026-02-17,2026-03-29,28326992.79,AWARDED
T01485,ocds-synthetic-01485,D09,D09,State Transport Division,BUILDING_CONSTRUCTION,CIVIL_BUILDING_WORKS,ITEM-BUIL-325,KA-SOUTH,OPEN,LOWEST_PRICE,OPEN_ELIGIBILITY,2024-12-24,2025-01-13,16237840.99,AWARDED
T01486,ocds-synthetic-01486,D09,D09,State Transport Division,WATER_INFRASTRUCTURE,WATER_TREATMENT,ITEM-WATE-447,KA-SOUTH,TWO_STAGE,LOWEST_PRICE,QUALIFIED_SUPPLIERS,2024-09-23,2024-12-04,42663524.04,AWARDED
T01487,ocds-synthetic-01487,D01,D01,State Works Division - North,WATER_INFRASTRUCTURE,PIPELINE_WORKS,ITEM-WATE-859,KA-NORTH,TWO_STAGE,LOWEST_PRICE,QUALIFIED_SUPPLIERS,2024-08-24,2024-10-28,96413395.18,AWARDED
T01488,ocds-synthetic-01488,D13,D13,Tourism Infrastructure Division,IT_SERVICES,CLOUD_SERVICES,ITEM-IT_S-417,KA-CENTRAL,OPEN,QUALITY_AND_COST,OPEN_ELIGIBILITY,2026-07-18,2026-08-14,3559267.47,AWARDED
T01489,ocds-synthetic-01489,D05,D05,Rural Development Division,BUILDING_CONSTRUCTION,CIVIL_BUILDING_WORKS,ITEM-BUIL-492,KA-NORTH,LIMITED,LOWEST_PRICE,QUALIFIED_SUPPLIERS,2024-12-27,2025-01-26,50490457.08,AWARDED
T01490,ocds-synthetic-01490,D13,D13,Tourism Infrastructure Division,ROAD_CONSTRUCTION,ROAD_WIDENING,ITEM-ROAD-889,KA-CENTRAL,TWO_STAGE,LOWEST_PRICE,QUALIFIED_SUPPLIERS,2025-05-06,2025-07-06,28651034.18,AWARDED
T01491,ocds-synthetic-01491,D03,D03,State Health Procurement Division,IT_SERVICES,NETWORK_INFRASTRUCTURE,ITEM-IT_S-971,KA-CENTRAL,OPEN,LOWEST_PRICE,OPEN_ELIGIBILITY,2025-01-07,2025-02-02,30745555.02,AWARDED
T01492,ocds-synthetic-01492,D16,D16,Infrastructure Development Division,VEHICLE_SUPPLIES,FLEET_MAINTENANCE,ITEM-VEHI-274,KA-CENTRAL,OPEN,LOWEST_PRICE,OPEN_ELIGIBILITY,2026-06-03,2026-06-26,28532167.52,AWARDED
T01493,ocds-synthetic-01493,D14,D14,Agricultural Infrastructure Division,IT_SERVICES,SOFTWARE_DEVELOPMENT,ITEM-IT_S-895,KA-NORTH,OPEN,LOWEST_PRICE,OPEN_ELIGIBILITY,2025-11-30,2026-01-12,46067915.74,AWARDED
T01494,ocds-synthetic-01494,D13,D13,Tourism Infrastructure Division,VEHICLE_SUPPLIES,FLEET_MAINTENANCE,ITEM-VEHI-575,KA-CENTRAL,OPEN,LOWEST_PRICE,OPEN_ELIGIBILITY,2025-11-05,2025-12-02,20239143.3,AWARDED
T01495,ocds-synthetic-01495,D16,D16,Infrastructure Development Division,VEHICLE_SUPPLIES,SPECIAL_PURPOSE_VEHICLES,ITEM-VEHI-459,KA-CENTRAL,OPEN,LOWEST_PRICE,OPEN_ELIGIBILITY,2026-06-03,2026-06-27,1461258.18,AWARDED
T01496,ocds-synthetic-01496,D16,D16,Infrastructure Development Division,WATER_INFRASTRUCTURE,IRRIGATION_WORKS,ITEM-WATE-739,KA-CENTRAL,OPEN,LOWEST_PRICE,OPEN_ELIGIBILITY,2026-08-16,2026-08-31,88582958.6,AWARDED
T01497,ocds-synthetic-01497,D20,D20,Public Health Engineering Division,FURNITURE,SCHOOL_FURNITURE,ITEM-FURN-915,KA-SOUTH,OPEN,LOWEST_PRICE,OPEN_ELIGIBILITY,2026-05-29,2026-06-24,3893657.67,AWARDED
T01498,ocds-synthetic-01498,D01,D01,State Works Division - North,MEDICAL_SUPPLIES,SURGICAL_CONSUMABLES,ITEM-MEDI-110,KA-NORTH,LIMITED,LOWEST_PRICE,QUALIFIED_SUPPLIERS,2024-12-09,2025-01-05,13089294.5,AWARDED
T01499,ocds-synthetic-01499,D04,D04,State Education Procurement Division,MEDICAL_SUPPLIES,SURGICAL_CONSUMABLES,ITEM-MEDI-581,KA-NORTH,OPEN,LOWEST_PRICE,OPEN_ELIGIBILITY,2025-11-05,2025-11-27,3667578.03,AWARDED
T01500,ocds-synthetic-01500,D14,D14,Agricultural Infrastructure Division,MEDICAL_SUPPLIES,HOSPITAL_SUPPLIES,ITEM-MEDI-292,KA-NORTH,OPEN,LOWEST_PRICE,OPEN_ELIGIBILITY,2024-05-15,2024-06-05,12780437.43,AWARDED
T01501,ocds-synthetic-01501,D20,D20,Public Health Engineering Division,ELECTRICAL_EQUIPMENT,CABLING,ITEM-ELEC-794,KA-SOUTH,OPEN,LOWEST_PRICE,OPEN_ELIGIBILITY,2026-06-27,2026-07-31,6723443.65,AWARDED
T01502,ocds-synthetic-01502,D08,D08,Municipal Services Division,CIVIL_MAINTENANCE,BUILDING_MAINTENANCE,ITEM-CIVI-617,KA-CENTRAL,OPEN,LOWEST_PRICE,OPEN_ELIGIBILITY,2024-06-11,2024-07-15,7786842.29,AWARDED
T01503,ocds-synthetic-01503,D10,D10,Medical Services Procurement Division,VEHICLE_SUPPLIES,SPECIAL_PURPOSE_VEHICLES,ITEM-VEHI-158,KA-CENTRAL,OPEN,LOWEST_PRICE,OPEN_ELIGIBILITY,2025-09-04,2025-10-13,3639610.46,AWARDED
T01504,ocds-synthetic-01504,D17,D17,Higher Education Procurement Division,IT_SERVICES,IT_HARDWARE,ITEM-IT_S-693,KA-BENGALURU,OPEN,LOWEST_PRICE,OPEN_ELIGIBILITY,2024-02-28,2024-04-09,70875694.65,AWARDED
T01505,ocds-synthetic-01505,D20,D20,Public Health Engineering Division,MEDICAL_SUPPLIES,MEDICAL_DEVICES,ITEM-MEDI-489,KA-SOUTH,LIMITED,LOWEST_PRICE,QUALIFIED_SUPPLIERS,2026-02-15,2026-02-28,5443473.32,AWARDED
T01506,ocds-synthetic-01506,D05,D05,Rural Development Division,IT_SERVICES,CYBERSECURITY,ITEM-IT_S-240,KA-NORTH,OPEN,QUALITY_AND_COST,OPEN_ELIGIBILITY,2025-05-26,2025-07-08,8237305.16,AWARDED
T01507,ocds-synthetic-01507,D03,D03,State Health Procurement Division,CIVIL_MAINTENANCE,BUILDING_MAINTENANCE,ITEM-CIVI-708,KA-CENTRAL,OPEN,LOWEST_PRICE,OPEN_ELIGIBILITY,2026-06-26,2026-07-10,7765041.91,AWARDED
T01508,ocds-synthetic-01508,D09,D09,State Transport Division,VEHICLE_SUPPLIES,SPECIAL_PURPOSE_VEHICLES,ITEM-VEHI-376,KA-SOUTH,OPEN,LOWEST_PRICE,OPEN_ELIGIBILITY,2025-07-04,2025-07-23,11960057.55,AWARDED
T01509,ocds-synthetic-01509,D03,D03,State Health Procurement Division,MEDICAL_SUPPLIES,MEDICAL_DEVICES,ITEM-MEDI-496,KA-CENTRAL,LIMITED,LOWEST_PRICE,QUALIFIED_SUPPLIERS,2024-11-06,2024-11-29,5250541.39,AWARDED
T01510,ocds-synthetic-01510,D07,D07,Power Systems Division,ROAD_CONSTRUCTION,BITUMINOUS_WORKS,ITEM-ROAD-741,KA-NORTH,OPEN,LOWEST_PRICE,OPEN_ELIGIBILITY,2026-03-05,2026-04-19,4030633.66,AWARDED
T01511,ocds-synthetic-01511,D09,D09,State Transport Division,WATER_INFRASTRUCTURE,PIPELINE_WORKS,ITEM-WATE-317,KA-SOUTH,TWO_STAGE,LOWEST_PRICE,QUALIFIED_SUPPLIERS,2025-01-06,2025-02-22,8349409.12,AWARDED
T01512,ocds-synthetic-01512,D09,D09,State Transport Division,MEDICAL_SUPPLIES,MEDICAL_DEVICES,ITEM-MEDI-222,KA-SOUTH,OPEN,LOWEST_PRICE,OPEN_ELIGIBILITY,2025-07-24,2025-08-13,10936336.54,AWARDED
T01513,ocds-synthetic-01513,D13,D13,Tourism Infrastructure Division,BUILDING_CONSTRUCTION,PUBLIC_BUILDING,ITEM-BUIL-192,KA-CENTRAL,OPEN,LOWEST_PRICE,OPEN_ELIGIBILITY,2026-03-18,2026-04-20,158055752.81,AWARDED
T01514,ocds-synthetic-01514,D15,D15,Energy Procurement Division,BUILDING_CONSTRUCTION,PUBLIC_BUILDING,ITEM-BUIL-668,KA-SOUTH,OPEN,LOWEST_PRICE,OPEN_ELIGIBILITY,2025-05-21,2025-06-04,35523357.44,AWARDED
T01515,ocds-synthetic-01515,D18,D18,Industrial Development Division,LAB_EQUIPMENT,ANALYTICAL_INSTRUMENTS,ITEM-LAB_-342,KA-CENTRAL,OPEN,QUALITY_AND_COST,OPEN_ELIGIBILITY,2024-04-10,2024-04-27,4068307.67,AWARDED
T01516,ocds-synthetic-01516,D20,D20,Public Health Engineering Division,CIVIL_MAINTENANCE,BUILDING_MAINTENANCE,ITEM-CIVI-718,KA-SOUTH,LIMITED,LOWEST_PRICE,QUALIFIED_SUPPLIERS,2025-10-15,2025-11-04,4928995.08,AWARDED
T01517,ocds-synthetic-01517,D16,D16,Infrastructure Development Division,BUILDING_CONSTRUCTION,CIVIL_BUILDING_WORKS,ITEM-BUIL-776,KA-CENTRAL,OPEN,LOWEST_PRICE,OPEN_ELIGIBILITY,2026-01-02,2026-01-28,68543108.93,AWARDED
T01518,ocds-synthetic-01518,D16,D16,Infrastructure Development Division,IT_SERVICES,SOFTWARE_DEVELOPMENT,ITEM-IT_S-202,KA-CENTRAL,OPEN,LOWEST_PRICE,OPEN_ELIGIBILITY,2025-06-14,2025-07-07,7116987.96,AWARDED
T01519,ocds-synthetic-01519,D04,D04,State Education Procurement Division,MEDICAL_SUPPLIES,HOSPITAL_SUPPLIES,ITEM-MEDI-906,KA-NORTH,OPEN,LOWEST_PRICE,OPEN_ELIGIBILITY,2025-02-24,2025-04-10,2629704.17,AWARDED
T01520,ocds-synthetic-01520,D07,D07,Power Systems Division,ROAD_CONSTRUCTION,ROAD_RESURFACING,ITEM-ROAD-912,KA-NORTH,LIMITED,LOWEST_PRICE,QUALIFIED_SUPPLIERS,2026-04-08,2026-04-26,42364764.04,AWARDED
T01521,ocds-synthetic-01521,D17,D17,Higher Education Procurement Division,CIVIL_MAINTENANCE,ELECTRICAL_MAINTENANCE,ITEM-CIVI-944,KA-BENGALURU,OPEN,LOWEST_PRICE,OPEN_ELIGIBILITY,2025-02-14,2025-03-05,7352008.63,AWARDED
T01522,ocds-synthetic-01522,D08,D08,Municipal Services Division,FURNITURE,SCHOOL_FURNITURE,ITEM-FURN-441,KA-CENTRAL,OPEN,LOWEST_PRICE,OPEN_ELIGIBILITY,2025-04-05,2025-05-17,5113420.81,AWARDED
T01523,ocds-synthetic-01523,D13,D13,Tourism Infrastructure Division,CIVIL_MAINTENANCE,ELECTRICAL_MAINTENANCE,ITEM-CIVI-919,KA-CENTRAL,OPEN,LOWEST_PRICE,OPEN_ELIGIBILITY,2025-05-24,2025-06-13,17478434.61,AWARDED
T01524,ocds-synthetic-01524,D02,D02,Urban Infrastructure Division - South,MEDICAL_SUPPLIES,MEDICAL_DEVICES,ITEM-MEDI-385,KA-SOUTH,OPEN,LOWEST_PRICE,OPEN_ELIGIBILITY,2025-04-24,2025-05-29,937696.98,AWARDED
T01525,ocds-synthetic-01525,D11,D11,Urban Technology Division,ELECTRICAL_EQUIPMENT,TRANSFORMERS,ITEM-ELEC-479,KA-BENGALURU,OPEN,LOWEST_PRICE,OPEN_ELIGIBILITY,2025-11-27,2026-01-01,5926890.24,AWARDED
T01526,ocds-synthetic-01526,D17,D17,Higher Education Procurement Division,ELECTRICAL_EQUIPMENT,TRANSFORMERS,ITEM-ELEC-851,KA-BENGALURU,TWO_STAGE,LOWEST_PRICE,QUALIFIED_SUPPLIERS,2024-03-25,2024-05-17,44449705.05,AWARDED
T01527,ocds-synthetic-01527,D18,D18,Industrial Development Division,WATER_INFRASTRUCTURE,PIPELINE_WORKS,ITEM-WATE-828,KA-CENTRAL,TWO_STAGE,LOWEST_PRICE,QUALIFIED_SUPPLIERS,2024-10-13,2024-11-17,56260373.06,AWARDED
T01528,ocds-synthetic-01528,D02,D02,Urban Infrastructure Division - South,VEHICLE_SUPPLIES,VEHICLE_PARTS,ITEM-VEHI-793,KA-SOUTH,OPEN,LOWEST_PRICE,OPEN_ELIGIBILITY,2026-07-22,2026-08-10,4430604.18,AWARDED
T01529,ocds-synthetic-01529,D03,D03,State Health Procurement Division,WATER_INFRASTRUCTURE,PUMPING_SYSTEMS,ITEM-WATE-507,KA-CENTRAL,OPEN,LOWEST_PRICE,OPEN_ELIGIBILITY,2024-12-30,2025-01-13,11140676.36,AWARDED
T01530,ocds-synthetic-01530,D04,D04,State Education Procurement Division,WATER_INFRASTRUCTURE,PIPELINE_WORKS,ITEM-WATE-590,KA-NORTH,TWO_STAGE,LOWEST_PRICE,QUALIFIED_SUPPLIERS,2024-10-13,2024-11-17,25559382.73,AWARDED
T01531,ocds-synthetic-01531,D03,D03,State Health Procurement Division,FURNITURE,SCHOOL_FURNITURE,ITEM-FURN-563,KA-CENTRAL,OPEN,LOWEST_PRICE,OPEN_ELIGIBILITY,2024-09-04,2024-09-29,1939995.2,AWARDED
T01532,ocds-synthetic-01532,D20,D20,Public Health Engineering Division,MEDICAL_SUPPLIES,HOSPITAL_SUPPLIES,ITEM-MEDI-101,KA-SOUTH,LIMITED,LOWEST_PRICE,QUALIFIED_SUPPLIERS,2026-08-15,2026-08-25,3738129.69,AWARDED
T01533,ocds-synthetic-01533,D06,D06,Water Resources Division,CIVIL_MAINTENANCE,BUILDING_MAINTENANCE,ITEM-CIVI-620,KA-SOUTH,OPEN,LOWEST_PRICE,OPEN_ELIGIBILITY,2024-07-16,2024-08-25,8524501.34,AWARDED
T01534,ocds-synthetic-01534,D05,D05,Rural Development Division,MEDICAL_SUPPLIES,DIAGNOSTIC_EQUIPMENT,ITEM-MEDI-992,KA-NORTH,OPEN,LOWEST_PRICE,OPEN_ELIGIBILITY,2025-11-05,2025-11-27,5726027.36,AWARDED
T01535,ocds-synthetic-01535,D03,D03,State Health Procurement Division,FURNITURE,HOSPITAL_FURNITURE,ITEM-FURN-412,KA-CENTRAL,OPEN,LOWEST_PRICE,OPEN_ELIGIBILITY,2024-02-17,2024-03-24,2620100.29,AWARDED
T01536,ocds-synthetic-01536,D03,D03,State Health Procurement Division,LAB_EQUIPMENT,LABORATORY_SYSTEMS,ITEM-LAB_-192,KA-CENTRAL,OPEN,QUALITY_AND_COST,OPEN_ELIGIBILITY,2025-02-22,2025-03-09,3058201.32,AWARDED
T01537,ocds-synthetic-01537,D13,D13,Tourism Infrastructure Division,WATER_INFRASTRUCTURE,PUMPING_SYSTEMS,ITEM-WATE-401,KA-CENTRAL,LIMITED,LOWEST_PRICE,QUALIFIED_SUPPLIERS,2024-02-02,2024-02-22,16017329.91,AWARDED
T01538,ocds-synthetic-01538,D18,D18,Industrial Development Division,ELECTRICAL_EQUIPMENT,CONTROL_EQUIPMENT,ITEM-ELEC-296,KA-CENTRAL,OPEN,LOWEST_PRICE,OPEN_ELIGIBILITY,2024-10-19,2024-11-30,17774852.01,AWARDED
T01539,ocds-synthetic-01539,D15,D15,Energy Procurement Division,ELECTRICAL_EQUIPMENT,CONTROL_EQUIPMENT,ITEM-ELEC-154,KA-SOUTH,OPEN,LOWEST_PRICE,OPEN_ELIGIBILITY,2024-09-03,2024-09-17,10034165.03,AWARDED
T01540,ocds-synthetic-01540,D02,D02,Urban Infrastructure Division - South,MEDICAL_SUPPLIES,SURGICAL_CONSUMABLES,ITEM-MEDI-795,KA-SOUTH,OPEN,LOWEST_PRICE,OPEN_ELIGIBILITY,2025-01-15,2025-02-08,9567883.64,AWARDED
T01541,ocds-synthetic-01541,D08,D08,Municipal Services Division,LAB_EQUIPMENT,ANALYTICAL_INSTRUMENTS,ITEM-LAB_-608,KA-CENTRAL,OPEN,QUALITY_AND_COST,OPEN_ELIGIBILITY,2026-04-09,2026-04-28,3261690.88,AWARDED
T01542,ocds-synthetic-01542,D16,D16,Infrastructure Development Division,ELECTRICAL_EQUIPMENT,CONTROL_EQUIPMENT,ITEM-ELEC-712,KA-CENTRAL,OPEN,LOWEST_PRICE,OPEN_ELIGIBILITY,2026-08-04,2026-08-19,9874584.98,AWARDED
T01543,ocds-synthetic-01543,D11,D11,Urban Technology Division,VEHICLE_SUPPLIES,FLEET_MAINTENANCE,ITEM-VEHI-840,KA-BENGALURU,OPEN,LOWEST_PRICE,OPEN_ELIGIBILITY,2025-05-08,2025-06-02,1616801.77,AWARDED
T01544,ocds-synthetic-01544,D13,D13,Tourism Infrastructure Division,ROAD_CONSTRUCTION,BITUMINOUS_WORKS,ITEM-ROAD-702,KA-CENTRAL,OPEN,LOWEST_PRICE,OPEN_ELIGIBILITY,2024-01-07,2024-02-06,15562004.1,AWARDED
T01545,ocds-synthetic-01545,D19,D19,Forest Infrastructure Division,ELECTRICAL_EQUIPMENT,SWITCHGEAR,ITEM-ELEC-572,KA-NORTH,TWO_STAGE,LOWEST_PRICE,QUALIFIED_SUPPLIERS,2024-03-08,2024-05-10,16594552.4,AWARDED
T01546,ocds-synthetic-01546,D18,D18,Industrial Development Division,ROAD_CONSTRUCTION,BITUMINOUS_WORKS,ITEM-ROAD-473,KA-CENTRAL,OPEN,LOWEST_PRICE,OPEN_ELIGIBILITY,2026-01-25,2026-03-10,6259404.58,AWARDED
T01547,ocds-synthetic-01547,D01,D01,State Works Division - North,LAB_EQUIPMENT,LABORATORY_SYSTEMS,ITEM-LAB_-750,KA-NORTH,LIMITED,QUALITY_AND_COST,QUALIFIED_SUPPLIERS,2026-06-17,2026-07-14,4110642.34,AWARDED
T01548,ocds-synthetic-01548,D16,D16,Infrastructure Development Division,ROAD_CONSTRUCTION,ROAD_WIDENING,ITEM-ROAD-687,KA-CENTRAL,OPEN,LOWEST_PRICE,OPEN_ELIGIBILITY,2025-07-18,2025-08-22,18717721.83,AWARDED
T01549,ocds-synthetic-01549,D07,D07,Power Systems Division,ROAD_CONSTRUCTION,ROAD_MAINTENANCE,ITEM-ROAD-450,KA-NORTH,OPEN,LOWEST_PRICE,OPEN_ELIGIBILITY,2026-08-08,2026-08-31,154923420.8,AWARDED
T01550,ocds-synthetic-01550,D02,D02,Urban Infrastructure Division - South,ROAD_CONSTRUCTION,ROAD_RESURFACING,ITEM-ROAD-671,KA-SOUTH,OPEN,LOWEST_PRICE,OPEN_ELIGIBILITY,2024-10-26,2024-11-11,5850493.87,AWARDED
T01551,ocds-synthetic-01551,D06,D06,Water Resources Division,CIVIL_MAINTENANCE,ELECTRICAL_MAINTENANCE,ITEM-CIVI-881,KA-SOUTH,OPEN,LOWEST_PRICE,OPEN_ELIGIBILITY,2025-08-05,2025-09-11,1525199.29,AWARDED
T01552,ocds-synthetic-01552,D16,D16,Infrastructure Development Division,ROAD_CONSTRUCTION,ROAD_RESURFACING,ITEM-ROAD-528,KA-CENTRAL,OPEN,LOWEST_PRICE,OPEN_ELIGIBILITY,2025-01-14,2025-02-11,25663132.54,AWARDED
T01553,ocds-synthetic-01553,D03,D03,State Health Procurement Division,ROAD_CONSTRUCTION,BITUMINOUS_WORKS,ITEM-ROAD-377,KA-CENTRAL,OPEN,LOWEST_PRICE,OPEN_ELIGIBILITY,2025-07-07,2025-07-24,72889841.73,AWARDED
T01554,ocds-synthetic-01554,D01,D01,State Works Division - North,FURNITURE,SCHOOL_FURNITURE,ITEM-FURN-393,KA-NORTH,OPEN,LOWEST_PRICE,OPEN_ELIGIBILITY,2025-12-03,2025-12-20,1784104.74,AWARDED
T01555,ocds-synthetic-01555,D01,D01,State Works Division - North,ROAD_CONSTRUCTION,ROAD_RESURFACING,ITEM-ROAD-765,KA-NORTH,OPEN,LOWEST_PRICE,OPEN_ELIGIBILITY,2024-08-15,2024-09-16,8703440.27,AWARDED
T01556,ocds-synthetic-01556,D17,D17,Higher Education Procurement Division,BUILDING_CONSTRUCTION,PUBLIC_BUILDING,ITEM-BUIL-828,KA-BENGALURU,OPEN,LOWEST_PRICE,OPEN_ELIGIBILITY,2024-10-26,2024-12-09,4931167.12,AWARDED
T01557,ocds-synthetic-01557,D01,D01,State Works Division - North,ROAD_CONSTRUCTION,DRAINAGE_WORKS,ITEM-ROAD-367,KA-NORTH,OPEN,LOWEST_PRICE,OPEN_ELIGIBILITY,2026-05-08,2026-06-06,218730752.29,AWARDED
T01558,ocds-synthetic-01558,D06,D06,Water Resources Division,CIVIL_MAINTENANCE,ROAD_MAINTENANCE,ITEM-CIVI-875,KA-SOUTH,LIMITED,LOWEST_PRICE,QUALIFIED_SUPPLIERS,2024-04-24,2024-05-13,11274188.29,AWARDED
T01559,ocds-synthetic-01559,D04,D04,State Education Procurement Division,FURNITURE,HOSPITAL_FURNITURE,ITEM-FURN-592,KA-NORTH,OPEN,LOWEST_PRICE,OPEN_ELIGIBILITY,2025-11-04,2025-12-14,1908460.68,AWARDED
T01560,ocds-synthetic-01560,D07,D07,Power Systems Division,ELECTRICAL_EQUIPMENT,SWITCHGEAR,ITEM-ELEC-325,KA-NORTH,LIMITED,LOWEST_PRICE,QUALIFIED_SUPPLIERS,2025-12-06,2025-12-20,2066084.28,AWARDED
T01561,ocds-synthetic-01561,D20,D20,Public Health Engineering Division,LAB_EQUIPMENT,ANALYTICAL_INSTRUMENTS,ITEM-LAB_-630,KA-SOUTH,OPEN,LOWEST_PRICE,OPEN_ELIGIBILITY,2026-01-15,2026-02-24,64080013.93,AWARDED
T01562,ocds-synthetic-01562,D12,D12,Housing Infrastructure Division,MEDICAL_SUPPLIES,HOSPITAL_SUPPLIES,ITEM-MEDI-513,KA-SOUTH,OPEN,LOWEST_PRICE,OPEN_ELIGIBILITY,2026-04-22,2026-05-11,6880077.43,AWARDED
T01563,ocds-synthetic-01563,D05,D05,Rural Development Division,VEHICLE_SUPPLIES,VEHICLE_PARTS,ITEM-VEHI-343,KA-NORTH,OPEN,LOWEST_PRICE,OPEN_ELIGIBILITY,2024-09-30,2024-10-23,13487935.64,AWARDED
T01564,ocds-synthetic-01564,D05,D05,Rural Development Division,FURNITURE,OFFICE_FURNITURE,ITEM-FURN-166,KA-NORTH,LIMITED,LOWEST_PRICE,QUALIFIED_SUPPLIERS,2026-06-22,2026-07-18,1989183.14,AWARDED
T01565,ocds-synthetic-01565,D06,D06,Water Resources Division,FURNITURE,SCHOOL_FURNITURE,ITEM-FURN-162,KA-SOUTH,TWO_STAGE,LOWEST_PRICE,QUALIFIED_SUPPLIERS,2025-08-20,2025-11-03,3391330.17,AWARDED
T01566,ocds-synthetic-01566,D12,D12,Housing Infrastructure Division,WATER_INFRASTRUCTURE,IRRIGATION_WORKS,ITEM-WATE-108,KA-SOUTH,OPEN,LOWEST_PRICE,OPEN_ELIGIBILITY,2024-08-16,2024-09-08,24521595.36,AWARDED
T01567,ocds-synthetic-01567,D01,D01,State Works Division - North,FURNITURE,OFFICE_FURNITURE,ITEM-FURN-745,KA-NORTH,LIMITED,LOWEST_PRICE,QUALIFIED_SUPPLIERS,2025-04-22,2025-05-18,2073492.18,AWARDED
T01568,ocds-synthetic-01568,D04,D04,State Education Procurement Division,IT_SERVICES,NETWORK_INFRASTRUCTURE,ITEM-IT_S-790,KA-NORTH,OPEN,LOWEST_PRICE,OPEN_ELIGIBILITY,2024-08-16,2024-08-30,9804692.24,AWARDED
T01569,ocds-synthetic-01569,D16,D16,Infrastructure Development Division,WATER_INFRASTRUCTURE,PUMPING_SYSTEMS,ITEM-WATE-295,KA-CENTRAL,LIMITED,LOWEST_PRICE,QUALIFIED_SUPPLIERS,2025-08-22,2025-09-16,12684375.77,AWARDED
T01570,ocds-synthetic-01570,D06,D06,Water Resources Division,IT_SERVICES,CLOUD_SERVICES,ITEM-IT_S-389,KA-SOUTH,OPEN,QUALITY_AND_COST,OPEN_ELIGIBILITY,2024-02-04,2024-03-15,14319087.41,AWARDED
T01571,ocds-synthetic-01571,D09,D09,State Transport Division,CIVIL_MAINTENANCE,ELECTRICAL_MAINTENANCE,ITEM-CIVI-842,KA-SOUTH,LIMITED,LOWEST_PRICE,QUALIFIED_SUPPLIERS,2025-05-18,2025-05-31,18381806.13,AWARDED
T01572,ocds-synthetic-01572,D05,D05,Rural Development Division,LAB_EQUIPMENT,ANALYTICAL_INSTRUMENTS,ITEM-LAB_-469,KA-NORTH,OPEN,LOWEST_PRICE,OPEN_ELIGIBILITY,2026-03-28,2026-04-10,1339526.86,AWARDED
T01573,ocds-synthetic-01573,D13,D13,Tourism Infrastructure Division,MEDICAL_SUPPLIES,MEDICAL_DEVICES,ITEM-MEDI-836,KA-CENTRAL,OPEN,LOWEST_PRICE,OPEN_ELIGIBILITY,2024-06-24,2024-07-25,7882628.27,AWARDED
T01574,ocds-synthetic-01574,D10,D10,Medical Services Procurement Division,IT_SERVICES,CLOUD_SERVICES,ITEM-IT_S-311,KA-CENTRAL,OPEN,LOWEST_PRICE,OPEN_ELIGIBILITY,2025-02-08,2025-02-27,1566591.69,AWARDED
T01575,ocds-synthetic-01575,D07,D07,Power Systems Division,ROAD_CONSTRUCTION,BITUMINOUS_WORKS,ITEM-ROAD-365,KA-NORTH,OPEN,LOWEST_PRICE,OPEN_ELIGIBILITY,2024-02-17,2024-03-25,31989340.37,AWARDED
T01576,ocds-synthetic-01576,D12,D12,Housing Infrastructure Division,MEDICAL_SUPPLIES,MEDICAL_DEVICES,ITEM-MEDI-584,KA-SOUTH,OPEN,LOWEST_PRICE,OPEN_ELIGIBILITY,2024-03-02,2024-03-20,6558078.48,AWARDED
T01577,ocds-synthetic-01577,D18,D18,Industrial Development Division,CIVIL_MAINTENANCE,ROAD_MAINTENANCE,ITEM-CIVI-346,KA-CENTRAL,LIMITED,LOWEST_PRICE,QUALIFIED_SUPPLIERS,2026-04-22,2026-05-17,3700063.74,AWARDED
T01578,ocds-synthetic-01578,D09,D09,State Transport Division,ELECTRICAL_EQUIPMENT,TRANSFORMERS,ITEM-ELEC-205,KA-SOUTH,OPEN,LOWEST_PRICE,OPEN_ELIGIBILITY,2026-08-06,2026-08-31,18376056.11,AWARDED
T01579,ocds-synthetic-01579,D09,D09,State Transport Division,FURNITURE,HOSPITAL_FURNITURE,ITEM-FURN-257,KA-SOUTH,OPEN,LOWEST_PRICE,OPEN_ELIGIBILITY,2024-04-21,2024-05-31,986452.89,AWARDED
T01580,ocds-synthetic-01580,D03,D03,State Health Procurement Division,CIVIL_MAINTENANCE,GENERAL_REPAIRS,ITEM-CIVI-950,KA-CENTRAL,LIMITED,LOWEST_PRICE,QUALIFIED_SUPPLIERS,2025-10-16,2025-10-29,16753873.11,AWARDED
T01581,ocds-synthetic-01581,D10,D10,Medical Services Procurement Division,WATER_INFRASTRUCTURE,PUMPING_SYSTEMS,ITEM-WATE-199,KA-CENTRAL,LIMITED,LOWEST_PRICE,QUALIFIED_SUPPLIERS,2024-08-25,2024-09-05,41226920.07,AWARDED
T01582,ocds-synthetic-01582,D05,D05,Rural Development Division,ELECTRICAL_EQUIPMENT,SWITCHGEAR,ITEM-ELEC-227,KA-NORTH,OPEN,LOWEST_PRICE,OPEN_ELIGIBILITY,2025-06-27,2025-07-16,18842478.1,AWARDED
T01583,ocds-synthetic-01583,D15,D15,Energy Procurement Division,ROAD_CONSTRUCTION,ROAD_MAINTENANCE,ITEM-ROAD-715,KA-SOUTH,OPEN,LOWEST_PRICE,OPEN_ELIGIBILITY,2026-05-19,2026-06-17,12246393.18,AWARDED
T01584,ocds-synthetic-01584,D04,D04,State Education Procurement Division,BUILDING_CONSTRUCTION,STRUCTURAL_WORKS,ITEM-BUIL-983,KA-NORTH,OPEN,LOWEST_PRICE,OPEN_ELIGIBILITY,2024-06-10,2024-07-04,42248708.49,AWARDED
T01585,ocds-synthetic-01585,D10,D10,Medical Services Procurement Division,ELECTRICAL_EQUIPMENT,TRANSFORMERS,ITEM-ELEC-975,KA-CENTRAL,OPEN,LOWEST_PRICE,OPEN_ELIGIBILITY,2024-04-02,2024-05-04,5663218.43,AWARDED
T01586,ocds-synthetic-01586,D17,D17,Higher Education Procurement Division,ELECTRICAL_EQUIPMENT,CONTROL_EQUIPMENT,ITEM-ELEC-834,KA-BENGALURU,OPEN,LOWEST_PRICE,OPEN_ELIGIBILITY,2025-10-23,2025-12-05,4900612.64,AWARDED
T01587,ocds-synthetic-01587,D06,D06,Water Resources Division,ROAD_CONSTRUCTION,DRAINAGE_WORKS,ITEM-ROAD-348,KA-SOUTH,OPEN,LOWEST_PRICE,OPEN_ELIGIBILITY,2024-09-20,2024-10-13,22348387.7,AWARDED
T01588,ocds-synthetic-01588,D18,D18,Industrial Development Division,ROAD_CONSTRUCTION,ROAD_WIDENING,ITEM-ROAD-514,KA-CENTRAL,OPEN,LOWEST_PRICE,OPEN_ELIGIBILITY,2024-12-08,2025-01-11,8361899.18,AWARDED
T01589,ocds-synthetic-01589,D10,D10,Medical Services Procurement Division,VEHICLE_SUPPLIES,SPECIAL_PURPOSE_VEHICLES,ITEM-VEHI-519,KA-CENTRAL,OPEN,LOWEST_PRICE,OPEN_ELIGIBILITY,2024-05-22,2024-06-13,4270354.53,AWARDED
T01590,ocds-synthetic-01590,D16,D16,Infrastructure Development Division,MEDICAL_SUPPLIES,SURGICAL_CONSUMABLES,ITEM-MEDI-576,KA-CENTRAL,LIMITED,LOWEST_PRICE,QUALIFIED_SUPPLIERS,2024-09-23,2024-10-11,18005623.84,AWARDED
T01591,ocds-synthetic-01591,D07,D07,Power Systems Division,CIVIL_MAINTENANCE,ROAD_MAINTENANCE,ITEM-CIVI-923,KA-NORTH,OPEN,LOWEST_PRICE,OPEN_ELIGIBILITY,2024-12-09,2024-12-27,1890298.6,AWARDED
T01592,ocds-synthetic-01592,D12,D12,Housing Infrastructure Division,IT_SERVICES,CYBERSECURITY,ITEM-IT_S-590,KA-SOUTH,LIMITED,LOWEST_PRICE,QUALIFIED_SUPPLIERS,2024-04-23,2024-05-03,27568524.63,AWARDED
T01593,ocds-synthetic-01593,D19,D19,Forest Infrastructure Division,MEDICAL_SUPPLIES,HOSPITAL_SUPPLIES,ITEM-MEDI-164,KA-NORTH,OPEN,LOWEST_PRICE,OPEN_ELIGIBILITY,2026-05-17,2026-06-20,3319282.03,AWARDED
T01594,ocds-synthetic-01594,D09,D09,State Transport Division,LAB_EQUIPMENT,SCIENTIFIC_EQUIPMENT,ITEM-LAB_-393,KA-SOUTH,LIMITED,QUALITY_AND_COST,QUALIFIED_SUPPLIERS,2025-04-04,2025-04-25,2843722.89,AWARDED
T01595,ocds-synthetic-01595,D19,D19,Forest Infrastructure Division,ROAD_CONSTRUCTION,ROAD_MAINTENANCE,ITEM-ROAD-840,KA-NORTH,LIMITED,LOWEST_PRICE,QUALIFIED_SUPPLIERS,2025-07-25,2025-08-18,10412318.42,AWARDED
T01596,ocds-synthetic-01596,D01,D01,State Works Division - North,IT_SERVICES,SOFTWARE_DEVELOPMENT,ITEM-IT_S-173,KA-NORTH,TWO_STAGE,LOWEST_PRICE,QUALIFIED_SUPPLIERS,2025-11-10,2026-01-02,7905955.09,AWARDED
T01597,ocds-synthetic-01597,D05,D05,Rural Development Division,MEDICAL_SUPPLIES,HOSPITAL_SUPPLIES,ITEM-MEDI-270,KA-NORTH,OPEN,LOWEST_PRICE,OPEN_ELIGIBILITY,2025-09-24,2025-10-13,22163101.6,AWARDED
T01598,ocds-synthetic-01598,D19,D19,Forest Infrastructure Division,BUILDING_CONSTRUCTION,STRUCTURAL_WORKS,ITEM-BUIL-727,KA-NORTH,OPEN,LOWEST_PRICE,OPEN_ELIGIBILITY,2024-10-23,2024-11-08,35955047.4,AWARDED
T01599,ocds-synthetic-01599,D10,D10,Medical Services Procurement Division,LAB_EQUIPMENT,CALIBRATION_EQUIPMENT,ITEM-LAB_-116,KA-CENTRAL,OPEN,LOWEST_PRICE,OPEN_ELIGIBILITY,2025-08-01,2025-08-18,2319059.28,AWARDED
T01600,ocds-synthetic-01600,D09,D09,State Transport Division,WATER_INFRASTRUCTURE,WATER_TREATMENT,ITEM-WATE-844,KA-SOUTH,OPEN,LOWEST_PRICE,OPEN_ELIGIBILITY,2026-07-04,2026-08-04,7047674.44,AWARDED
T01601,ocds-synthetic-01601,D06,D06,Water Resources Division,CIVIL_MAINTENANCE,GENERAL_REPAIRS,ITEM-CIVI-985,KA-SOUTH,OPEN,LOWEST_PRICE,OPEN_ELIGIBILITY,2024-08-02,2024-08-19,2879904.49,AWARDED
T01602,ocds-synthetic-01602,D17,D17,Higher Education Procurement Division,LAB_EQUIPMENT,ANALYTICAL_INSTRUMENTS,ITEM-LAB_-844,KA-BENGALURU,LIMITED,LOWEST_PRICE,QUALIFIED_SUPPLIERS,2025-04-30,2025-05-17,6029593.4,AWARDED
T01603,ocds-synthetic-01603,D07,D07,Power Systems Division,CIVIL_MAINTENANCE,BUILDING_MAINTENANCE,ITEM-CIVI-541,KA-NORTH,OPEN,LOWEST_PRICE,OPEN_ELIGIBILITY,2026-08-19,2026-08-31,9633529.1,AWARDED
T01604,ocds-synthetic-01604,D15,D15,Energy Procurement Division,ROAD_CONSTRUCTION,ROAD_WIDENING,ITEM-ROAD-406,KA-SOUTH,OPEN,LOWEST_PRICE,OPEN_ELIGIBILITY,2026-02-28,2026-03-22,26353041.56,AWARDED
T01605,ocds-synthetic-01605,D08,D08,Municipal Services Division,FURNITURE,HOSPITAL_FURNITURE,ITEM-FURN-689,KA-CENTRAL,OPEN,LOWEST_PRICE,OPEN_ELIGIBILITY,2024-12-17,2025-01-01,2439945.03,AWARDED
T01606,ocds-synthetic-01606,D05,D05,Rural Development Division,LAB_EQUIPMENT,CALIBRATION_EQUIPMENT,ITEM-LAB_-688,KA-NORTH,OPEN,LOWEST_PRICE,OPEN_ELIGIBILITY,2024-04-24,2024-06-07,1132179.79,AWARDED
T01607,ocds-synthetic-01607,D01,D01,State Works Division - North,ELECTRICAL_EQUIPMENT,CONTROL_EQUIPMENT,ITEM-ELEC-950,KA-NORTH,OPEN,LOWEST_PRICE,OPEN_ELIGIBILITY,2024-03-23,2024-05-04,4537445.08,AWARDED
T01608,ocds-synthetic-01608,D05,D05,Rural Development Division,MEDICAL_SUPPLIES,SURGICAL_CONSUMABLES,ITEM-MEDI-648,KA-NORTH,OPEN,LOWEST_PRICE,OPEN_ELIGIBILITY,2025-10-10,2025-11-04,2304715.26,AWARDED
T01609,ocds-synthetic-01609,D09,D09,State Transport Division,CIVIL_MAINTENANCE,ROAD_MAINTENANCE,ITEM-CIVI-870,KA-SOUTH,LIMITED,LOWEST_PRICE,QUALIFIED_SUPPLIERS,2025-07-16,2025-07-23,12969559.61,AWARDED
T01610,ocds-synthetic-01610,D06,D06,Water Resources Division,WATER_INFRASTRUCTURE,PIPELINE_WORKS,ITEM-WATE-940,KA-SOUTH,OPEN,LOWEST_PRICE,OPEN_ELIGIBILITY,2025-04-13,2025-04-25,49675571.94,AWARDED
T01611,ocds-synthetic-01611,D01,D01,State Works Division - North,CIVIL_MAINTENANCE,BUILDING_MAINTENANCE,ITEM-CIVI-504,KA-NORTH,OPEN,LOWEST_PRICE,OPEN_ELIGIBILITY,2025-06-18,2025-07-22,4520136.38,AWARDED
T01612,ocds-synthetic-01612,D20,D20,Public Health Engineering Division,ELECTRICAL_EQUIPMENT,SWITCHGEAR,ITEM-ELEC-324,KA-SOUTH,LIMITED,LOWEST_PRICE,QUALIFIED_SUPPLIERS,2026-04-05,2026-04-22,4458761.68,AWARDED
T01613,ocds-synthetic-01613,D02,D02,Urban Infrastructure Division - South,ELECTRICAL_EQUIPMENT,CABLING,ITEM-ELEC-200,KA-SOUTH,OPEN,LOWEST_PRICE,OPEN_ELIGIBILITY,2024-01-05,2024-02-14,18391461.01,AWARDED
T01614,ocds-synthetic-01614,D14,D14,Agricultural Infrastructure Division,VEHICLE_SUPPLIES,FLEET_MAINTENANCE,ITEM-VEHI-909,KA-NORTH,OPEN,LOWEST_PRICE,OPEN_ELIGIBILITY,2024-08-26,2024-10-01,2925309.72,AWARDED
T01615,ocds-synthetic-01615,D19,D19,Forest Infrastructure Division,WATER_INFRASTRUCTURE,PUMPING_SYSTEMS,ITEM-WATE-764,KA-NORTH,OPEN,LOWEST_PRICE,OPEN_ELIGIBILITY,2024-12-26,2025-02-05,54000240.74,AWARDED
T01616,ocds-synthetic-01616,D01,D01,State Works Division - North,BUILDING_CONSTRUCTION,PUBLIC_BUILDING,ITEM-BUIL-601,KA-NORTH,OPEN,LOWEST_PRICE,OPEN_ELIGIBILITY,2025-01-21,2025-02-14,8638508.95,AWARDED
T01617,ocds-synthetic-01617,D03,D03,State Health Procurement Division,IT_SERVICES,SOFTWARE_DEVELOPMENT,ITEM-IT_S-627,KA-CENTRAL,OPEN,LOWEST_PRICE,OPEN_ELIGIBILITY,2024-10-28,2024-11-30,7684073.5,AWARDED
T01618,ocds-synthetic-01618,D08,D08,Municipal Services Division,MEDICAL_SUPPLIES,HOSPITAL_SUPPLIES,ITEM-MEDI-452,KA-CENTRAL,LIMITED,LOWEST_PRICE,QUALIFIED_SUPPLIERS,2024-11-25,2024-12-04,1803883.17,AWARDED
T01619,ocds-synthetic-01619,D10,D10,Medical Services Procurement Division,MEDICAL_SUPPLIES,MEDICAL_DEVICES,ITEM-MEDI-612,KA-CENTRAL,OPEN,LOWEST_PRICE,OPEN_ELIGIBILITY,2024-04-25,2024-05-18,820995.08,AWARDED
T01620,ocds-synthetic-01620,D17,D17,Higher Education Procurement Division,IT_SERVICES,CYBERSECURITY,ITEM-IT_S-286,KA-BENGALURU,OPEN,LOWEST_PRICE,OPEN_ELIGIBILITY,2024-11-28,2025-01-12,14421232.74,AWARDED
T01621,ocds-synthetic-01621,D18,D18,Industrial Development Division,VEHICLE_SUPPLIES,VEHICLE_PARTS,ITEM-VEHI-530,KA-CENTRAL,OPEN,LOWEST_PRICE,OPEN_ELIGIBILITY,2024-10-25,2024-11-20,6038896.25,AWARDED
T01622,ocds-synthetic-01622,D11,D11,Urban Technology Division,ELECTRICAL_EQUIPMENT,TRANSFORMERS,ITEM-ELEC-710,KA-BENGALURU,OPEN,LOWEST_PRICE,OPEN_ELIGIBILITY,2024-08-17,2024-09-17,2737200.14,AWARDED
T01623,ocds-synthetic-01623,D04,D04,State Education Procurement Division,CIVIL_MAINTENANCE,ELECTRICAL_MAINTENANCE,ITEM-CIVI-860,KA-NORTH,LIMITED,LOWEST_PRICE,QUALIFIED_SUPPLIERS,2025-09-03,2025-09-21,16459097.6,AWARDED
T01624,ocds-synthetic-01624,D02,D02,Urban Infrastructure Division - South,ROAD_CONSTRUCTION,ROAD_MAINTENANCE,ITEM-ROAD-383,KA-SOUTH,OPEN,LOWEST_PRICE,OPEN_ELIGIBILITY,2025-04-01,2025-04-17,20757854.75,AWARDED
T01625,ocds-synthetic-01625,D10,D10,Medical Services Procurement Division,FURNITURE,OFFICE_FURNITURE,ITEM-FURN-292,KA-CENTRAL,OPEN,LOWEST_PRICE,OPEN_ELIGIBILITY,2025-04-30,2025-06-05,1693645.03,AWARDED
T01626,ocds-synthetic-01626,D12,D12,Housing Infrastructure Division,MEDICAL_SUPPLIES,DIAGNOSTIC_EQUIPMENT,ITEM-MEDI-620,KA-SOUTH,OPEN,LOWEST_PRICE,OPEN_ELIGIBILITY,2024-05-30,2024-06-15,7248474.73,AWARDED
T01627,ocds-synthetic-01627,D18,D18,Industrial Development Division,IT_SERVICES,CLOUD_SERVICES,ITEM-IT_S-373,KA-CENTRAL,OPEN,LOWEST_PRICE,OPEN_ELIGIBILITY,2026-07-03,2026-07-31,18396752.16,AWARDED
T01628,ocds-synthetic-01628,D07,D07,Power Systems Division,ELECTRICAL_EQUIPMENT,CABLING,ITEM-ELEC-830,KA-NORTH,OPEN,LOWEST_PRICE,OPEN_ELIGIBILITY,2024-12-17,2025-01-21,16524999.46,AWARDED
T01629,ocds-synthetic-01629,D18,D18,Industrial Development Division,CIVIL_MAINTENANCE,ELECTRICAL_MAINTENANCE,ITEM-CIVI-841,KA-CENTRAL,LIMITED,LOWEST_PRICE,QUALIFIED_SUPPLIERS,2025-03-07,2025-03-28,15135265.11,AWARDED
T01630,ocds-synthetic-01630,D12,D12,Housing Infrastructure Division,BUILDING_CONSTRUCTION,STRUCTURAL_WORKS,ITEM-BUIL-808,KA-SOUTH,OPEN,LOWEST_PRICE,OPEN_ELIGIBILITY,2025-07-25,2025-08-24,43157114.56,AWARDED
T01631,ocds-synthetic-01631,D10,D10,Medical Services Procurement Division,FURNITURE,HOSPITAL_FURNITURE,ITEM-FURN-885,KA-CENTRAL,OPEN,LOWEST_PRICE,OPEN_ELIGIBILITY,2025-08-13,2025-09-02,3214487.47,AWARDED
T01632,ocds-synthetic-01632,D10,D10,Medical Services Procurement Division,BUILDING_CONSTRUCTION,STRUCTURAL_WORKS,ITEM-BUIL-837,KA-CENTRAL,OPEN,LOWEST_PRICE,OPEN_ELIGIBILITY,2025-12-18,2026-01-24,52879420.72,AWARDED
T01633,ocds-synthetic-01633,D05,D05,Rural Development Division,BUILDING_CONSTRUCTION,RENOVATION,ITEM-BUIL-239,KA-NORTH,OPEN,LOWEST_PRICE,OPEN_ELIGIBILITY,2025-09-29,2025-10-30,11952622.77,AWARDED
T01634,ocds-synthetic-01634,D04,D04,State Education Procurement Division,MEDICAL_SUPPLIES,DIAGNOSTIC_EQUIPMENT,ITEM-MEDI-731,KA-NORTH,OPEN,LOWEST_PRICE,OPEN_ELIGIBILITY,2025-11-08,2025-12-03,6936185.03,AWARDED
T01635,ocds-synthetic-01635,D12,D12,Housing Infrastructure Division,ROAD_CONSTRUCTION,DRAINAGE_WORKS,ITEM-ROAD-350,KA-SOUTH,OPEN,LOWEST_PRICE,OPEN_ELIGIBILITY,2025-09-29,2025-11-06,5007535.57,AWARDED
T01636,ocds-synthetic-01636,D10,D10,Medical Services Procurement Division,ELECTRICAL_EQUIPMENT,CABLING,ITEM-ELEC-863,KA-CENTRAL,OPEN,LOWEST_PRICE,OPEN_ELIGIBILITY,2026-01-16,2026-02-10,1677834.35,AWARDED
T01637,ocds-synthetic-01637,D03,D03,State Health Procurement Division,VEHICLE_SUPPLIES,SPECIAL_PURPOSE_VEHICLES,ITEM-VEHI-821,KA-CENTRAL,OPEN,LOWEST_PRICE,OPEN_ELIGIBILITY,2024-11-04,2024-12-03,4330924.84,AWARDED
T01638,ocds-synthetic-01638,D07,D07,Power Systems Division,WATER_INFRASTRUCTURE,IRRIGATION_WORKS,ITEM-WATE-964,KA-NORTH,OPEN,LOWEST_PRICE,OPEN_ELIGIBILITY,2026-07-30,2026-08-18,15682047.62,AWARDED
T01639,ocds-synthetic-01639,D20,D20,Public Health Engineering Division,ELECTRICAL_EQUIPMENT,CABLING,ITEM-ELEC-976,KA-SOUTH,OPEN,LOWEST_PRICE,OPEN_ELIGIBILITY,2025-03-30,2025-04-27,6972544.96,AWARDED
T01640,ocds-synthetic-01640,D05,D05,Rural Development Division,CIVIL_MAINTENANCE,BUILDING_MAINTENANCE,ITEM-CIVI-920,KA-NORTH,OPEN,LOWEST_PRICE,OPEN_ELIGIBILITY,2024-04-28,2024-05-16,2484630.66,AWARDED
T01641,ocds-synthetic-01641,D10,D10,Medical Services Procurement Division,MEDICAL_SUPPLIES,DIAGNOSTIC_EQUIPMENT,ITEM-MEDI-316,KA-CENTRAL,LIMITED,LOWEST_PRICE,QUALIFIED_SUPPLIERS,2025-04-13,2025-04-30,4534093.96,AWARDED
T01642,ocds-synthetic-01642,D01,D01,State Works Division - North,BUILDING_CONSTRUCTION,RENOVATION,ITEM-BUIL-639,KA-NORTH,LIMITED,LOWEST_PRICE,QUALIFIED_SUPPLIERS,2026-01-01,2026-01-15,8473333.72,AWARDED
T01643,ocds-synthetic-01643,D02,D02,Urban Infrastructure Division - South,CIVIL_MAINTENANCE,GENERAL_REPAIRS,ITEM-CIVI-387,KA-SOUTH,OPEN,LOWEST_PRICE,OPEN_ELIGIBILITY,2026-06-14,2026-07-06,4773889.04,AWARDED
T01644,ocds-synthetic-01644,D01,D01,State Works Division - North,ROAD_CONSTRUCTION,ROAD_MAINTENANCE,ITEM-ROAD-876,KA-NORTH,OPEN,LOWEST_PRICE,OPEN_ELIGIBILITY,2026-06-24,2026-07-19,7472402.09,AWARDED
T01645,ocds-synthetic-01645,D01,D01,State Works Division - North,ELECTRICAL_EQUIPMENT,CABLING,ITEM-ELEC-670,KA-NORTH,LIMITED,LOWEST_PRICE,QUALIFIED_SUPPLIERS,2024-02-21,2024-03-04,11266378.38,AWARDED
T01646,ocds-synthetic-01646,D11,D11,Urban Technology Division,ELECTRICAL_EQUIPMENT,CONTROL_EQUIPMENT,ITEM-ELEC-971,KA-BENGALURU,OPEN,LOWEST_PRICE,OPEN_ELIGIBILITY,2024-09-07,2024-10-05,12467179.5,AWARDED
T01647,ocds-synthetic-01647,D15,D15,Energy Procurement Division,ELECTRICAL_EQUIPMENT,CABLING,ITEM-ELEC-701,KA-SOUTH,LIMITED,LOWEST_PRICE,QUALIFIED_SUPPLIERS,2025-03-28,2025-04-15,23561207.08,AWARDED
T01648,ocds-synthetic-01648,D10,D10,Medical Services Procurement Division,MEDICAL_SUPPLIES,HOSPITAL_SUPPLIES,ITEM-MEDI-223,KA-CENTRAL,OPEN,LOWEST_PRICE,OPEN_ELIGIBILITY,2026-08-16,2026-08-31,18414551.63,AWARDED
T01649,ocds-synthetic-01649,D02,D02,Urban Infrastructure Division - South,ELECTRICAL_EQUIPMENT,TRANSFORMERS,ITEM-ELEC-583,KA-SOUTH,LIMITED,LOWEST_PRICE,QUALIFIED_SUPPLIERS,2025-02-09,2025-02-17,4293762.1,AWARDED
T01650,ocds-synthetic-01650,D14,D14,Agricultural Infrastructure Division,ROAD_CONSTRUCTION,ROAD_WIDENING,ITEM-ROAD-212,KA-NORTH,TWO_STAGE,LOWEST_PRICE,QUALIFIED_SUPPLIERS,2024-05-14,2024-06-23,50142536.38,AWARDED
T01651,ocds-synthetic-01651,D02,D02,Urban Infrastructure Division - South,WATER_INFRASTRUCTURE,PUMPING_SYSTEMS,ITEM-WATE-885,KA-SOUTH,OPEN,LOWEST_PRICE,OPEN_ELIGIBILITY,2024-03-19,2024-04-18,59988257.87,AWARDED
T01652,ocds-synthetic-01652,D08,D08,Municipal Services Division,IT_SERVICES,CLOUD_SERVICES,ITEM-IT_S-728,KA-CENTRAL,OPEN,LOWEST_PRICE,OPEN_ELIGIBILITY,2024-01-15,2024-02-06,13582305.5,AWARDED
T01653,ocds-synthetic-01653,D13,D13,Tourism Infrastructure Division,ROAD_CONSTRUCTION,ROAD_WIDENING,ITEM-ROAD-688,KA-CENTRAL,LIMITED,LOWEST_PRICE,QUALIFIED_SUPPLIERS,2025-08-14,2025-09-03,42989847.94,AWARDED
T01654,ocds-synthetic-01654,D11,D11,Urban Technology Division,CIVIL_MAINTENANCE,GENERAL_REPAIRS,ITEM-CIVI-580,KA-BENGALURU,OPEN,LOWEST_PRICE,OPEN_ELIGIBILITY,2025-10-28,2025-12-06,15725609.86,AWARDED
T01655,ocds-synthetic-01655,D13,D13,Tourism Infrastructure Division,BUILDING_CONSTRUCTION,STRUCTURAL_WORKS,ITEM-BUIL-296,KA-CENTRAL,OPEN,LOWEST_PRICE,OPEN_ELIGIBILITY,2024-12-29,2025-01-27,66984460.62,AWARDED
T01656,ocds-synthetic-01656,D12,D12,Housing Infrastructure Division,ELECTRICAL_EQUIPMENT,CABLING,ITEM-ELEC-250,KA-SOUTH,OPEN,LOWEST_PRICE,OPEN_ELIGIBILITY,2025-01-12,2025-01-26,12424628.59,AWARDED
T01657,ocds-synthetic-01657,D08,D08,Municipal Services Division,BUILDING_CONSTRUCTION,RENOVATION,ITEM-BUIL-214,KA-CENTRAL,OPEN,LOWEST_PRICE,OPEN_ELIGIBILITY,2025-08-21,2025-09-21,6285581.45,AWARDED
T01658,ocds-synthetic-01658,D02,D02,Urban Infrastructure Division - South,MEDICAL_SUPPLIES,MEDICAL_DEVICES,ITEM-MEDI-596,KA-SOUTH,OPEN,LOWEST_PRICE,OPEN_ELIGIBILITY,2025-05-28,2025-06-23,4981901.97,AWARDED
T01659,ocds-synthetic-01659,D01,D01,State Works Division - North,ROAD_CONSTRUCTION,ROAD_WIDENING,ITEM-ROAD-643,KA-NORTH,OPEN,LOWEST_PRICE,OPEN_ELIGIBILITY,2025-08-30,2025-09-13,11686328.88,AWARDED
T01660,ocds-synthetic-01660,D16,D16,Infrastructure Development Division,IT_SERVICES,NETWORK_INFRASTRUCTURE,ITEM-IT_S-963,KA-CENTRAL,OPEN,QUALITY_AND_COST,OPEN_ELIGIBILITY,2026-03-01,2026-03-16,58969647.59,AWARDED
T01661,ocds-synthetic-01661,D17,D17,Higher Education Procurement Division,ROAD_CONSTRUCTION,ROAD_RESURFACING,ITEM-ROAD-715,KA-BENGALURU,OPEN,LOWEST_PRICE,OPEN_ELIGIBILITY,2026-08-25,2026-08-31,101006725.76,AWARDED
T01662,ocds-synthetic-01662,D19,D19,Forest Infrastructure Division,ELECTRICAL_EQUIPMENT,CONTROL_EQUIPMENT,ITEM-ELEC-203,KA-NORTH,OPEN,LOWEST_PRICE,OPEN_ELIGIBILITY,2025-02-08,2025-02-26,22041432.4,AWARDED
T01663,ocds-synthetic-01663,D15,D15,Energy Procurement Division,BUILDING_CONSTRUCTION,CIVIL_BUILDING_WORKS,ITEM-BUIL-321,KA-SOUTH,OPEN,LOWEST_PRICE,OPEN_ELIGIBILITY,2025-03-21,2025-04-11,253953852.66,AWARDED
T01664,ocds-synthetic-01664,D11,D11,Urban Technology Division,WATER_INFRASTRUCTURE,PIPELINE_WORKS,ITEM-WATE-490,KA-BENGALURU,TWO_STAGE,LOWEST_PRICE,QUALIFIED_SUPPLIERS,2025-07-25,2025-09-15,8016850.02,AWARDED
T01665,ocds-synthetic-01665,D19,D19,Forest Infrastructure Division,IT_SERVICES,CYBERSECURITY,ITEM-IT_S-318,KA-NORTH,OPEN,QUALITY_AND_COST,OPEN_ELIGIBILITY,2025-06-01,2025-07-07,9285960.02,AWARDED
T01666,ocds-synthetic-01666,D01,D01,State Works Division - North,WATER_INFRASTRUCTURE,PUMPING_SYSTEMS,ITEM-WATE-677,KA-NORTH,TWO_STAGE,LOWEST_PRICE,QUALIFIED_SUPPLIERS,2025-03-05,2025-04-11,12643562.45,AWARDED
T01667,ocds-synthetic-01667,D05,D05,Rural Development Division,MEDICAL_SUPPLIES,SURGICAL_CONSUMABLES,ITEM-MEDI-923,KA-NORTH,OPEN,LOWEST_PRICE,OPEN_ELIGIBILITY,2024-09-20,2024-10-07,2080912.2,AWARDED
T01668,ocds-synthetic-01668,D09,D09,State Transport Division,ROAD_CONSTRUCTION,BITUMINOUS_WORKS,ITEM-ROAD-562,KA-SOUTH,OPEN,LOWEST_PRICE,OPEN_ELIGIBILITY,2024-05-23,2024-06-26,12802753.24,AWARDED
T01669,ocds-synthetic-01669,D11,D11,Urban Technology Division,BUILDING_CONSTRUCTION,STRUCTURAL_WORKS,ITEM-BUIL-884,KA-BENGALURU,OPEN,LOWEST_PRICE,OPEN_ELIGIBILITY,2024-08-14,2024-09-14,21928918.63,AWARDED
T01670,ocds-synthetic-01670,D15,D15,Energy Procurement Division,WATER_INFRASTRUCTURE,PUMPING_SYSTEMS,ITEM-WATE-854,KA-SOUTH,LIMITED,LOWEST_PRICE,QUALIFIED_SUPPLIERS,2026-08-04,2026-08-14,38702285.32,AWARDED
T01671,ocds-synthetic-01671,D14,D14,Agricultural Infrastructure Division,IT_SERVICES,CLOUD_SERVICES,ITEM-IT_S-389,KA-NORTH,OPEN,LOWEST_PRICE,OPEN_ELIGIBILITY,2024-04-22,2024-05-19,11041455.94,AWARDED
T01672,ocds-synthetic-01672,D11,D11,Urban Technology Division,ROAD_CONSTRUCTION,ROAD_WIDENING,ITEM-ROAD-556,KA-BENGALURU,OPEN,LOWEST_PRICE,OPEN_ELIGIBILITY,2025-04-16,2025-04-28,12039166.47,AWARDED
T01673,ocds-synthetic-01673,D02,D02,Urban Infrastructure Division - South,ELECTRICAL_EQUIPMENT,CABLING,ITEM-ELEC-818,KA-SOUTH,OPEN,LOWEST_PRICE,OPEN_ELIGIBILITY,2026-04-08,2026-04-23,61254409.73,AWARDED
T01674,ocds-synthetic-01674,D07,D07,Power Systems Division,ELECTRICAL_EQUIPMENT,CONTROL_EQUIPMENT,ITEM-ELEC-717,KA-NORTH,OPEN,LOWEST_PRICE,OPEN_ELIGIBILITY,2024-06-04,2024-07-04,9125819.5,AWARDED
T01675,ocds-synthetic-01675,D18,D18,Industrial Development Division,ELECTRICAL_EQUIPMENT,TRANSFORMERS,ITEM-ELEC-113,KA-CENTRAL,OPEN,LOWEST_PRICE,OPEN_ELIGIBILITY,2026-07-27,2026-08-20,22757050.6,AWARDED
T01676,ocds-synthetic-01676,D04,D04,State Education Procurement Division,LAB_EQUIPMENT,ANALYTICAL_INSTRUMENTS,ITEM-LAB_-881,KA-NORTH,OPEN,QUALITY_AND_COST,OPEN_ELIGIBILITY,2025-07-07,2025-08-10,3962458.0,AWARDED
T01677,ocds-synthetic-01677,D09,D09,State Transport Division,ELECTRICAL_EQUIPMENT,SWITCHGEAR,ITEM-ELEC-267,KA-SOUTH,OPEN,LOWEST_PRICE,OPEN_ELIGIBILITY,2024-03-09,2024-04-12,35325390.45,AWARDED
T01678,ocds-synthetic-01678,D15,D15,Energy Procurement Division,ELECTRICAL_EQUIPMENT,TRANSFORMERS,ITEM-ELEC-108,KA-SOUTH,LIMITED,LOWEST_PRICE,QUALIFIED_SUPPLIERS,2026-02-07,2026-03-03,9497124.66,AWARDED
T01679,ocds-synthetic-01679,D19,D19,Forest Infrastructure Division,FURNITURE,SCHOOL_FURNITURE,ITEM-FURN-506,KA-NORTH,LIMITED,LOWEST_PRICE,QUALIFIED_SUPPLIERS,2024-10-13,2024-11-12,1868950.43,AWARDED
T01680,ocds-synthetic-01680,D14,D14,Agricultural Infrastructure Division,IT_SERVICES,SOFTWARE_DEVELOPMENT,ITEM-IT_S-555,KA-NORTH,OPEN,LOWEST_PRICE,OPEN_ELIGIBILITY,2025-06-28,2025-08-08,29364414.07,AWARDED
T01681,ocds-synthetic-01681,D05,D05,Rural Development Division,CIVIL_MAINTENANCE,GENERAL_REPAIRS,ITEM-CIVI-671,KA-NORTH,OPEN,LOWEST_PRICE,OPEN_ELIGIBILITY,2025-04-09,2025-05-16,25313552.14,AWARDED
T01682,ocds-synthetic-01682,D18,D18,Industrial Development Division,CIVIL_MAINTENANCE,ROAD_MAINTENANCE,ITEM-CIVI-957,KA-CENTRAL,OPEN,LOWEST_PRICE,OPEN_ELIGIBILITY,2025-05-04,2025-05-17,4082921.11,AWARDED
T01683,ocds-synthetic-01683,D03,D03,State Health Procurement Division,MEDICAL_SUPPLIES,MEDICAL_DEVICES,ITEM-MEDI-906,KA-CENTRAL,OPEN,LOWEST_PRICE,OPEN_ELIGIBILITY,2024-11-05,2024-11-25,776183.53,AWARDED
T01684,ocds-synthetic-01684,D07,D07,Power Systems Division,WATER_INFRASTRUCTURE,IRRIGATION_WORKS,ITEM-WATE-320,KA-NORTH,LIMITED,LOWEST_PRICE,QUALIFIED_SUPPLIERS,2025-12-13,2025-12-31,251910585.56,AWARDED
T01685,ocds-synthetic-01685,D04,D04,State Education Procurement Division,ELECTRICAL_EQUIPMENT,SWITCHGEAR,ITEM-ELEC-408,KA-NORTH,TWO_STAGE,LOWEST_PRICE,QUALIFIED_SUPPLIERS,2026-05-08,2026-06-13,2429242.16,AWARDED
T01686,ocds-synthetic-01686,D18,D18,Industrial Development Division,ROAD_CONSTRUCTION,DRAINAGE_WORKS,ITEM-ROAD-833,KA-CENTRAL,LIMITED,LOWEST_PRICE,QUALIFIED_SUPPLIERS,2025-06-25,2025-07-09,7939710.29,AWARDED
T01687,ocds-synthetic-01687,D16,D16,Infrastructure Development Division,VEHICLE_SUPPLIES,SPECIAL_PURPOSE_VEHICLES,ITEM-VEHI-161,KA-CENTRAL,OPEN,LOWEST_PRICE,OPEN_ELIGIBILITY,2025-10-15,2025-11-25,6055693.07,AWARDED
T01688,ocds-synthetic-01688,D03,D03,State Health Procurement Division,ROAD_CONSTRUCTION,BITUMINOUS_WORKS,ITEM-ROAD-271,KA-CENTRAL,TWO_STAGE,LOWEST_PRICE,QUALIFIED_SUPPLIERS,2025-03-09,2025-04-06,15772571.4,AWARDED
T01689,ocds-synthetic-01689,D08,D08,Municipal Services Division,IT_SERVICES,NETWORK_INFRASTRUCTURE,ITEM-IT_S-836,KA-CENTRAL,OPEN,LOWEST_PRICE,OPEN_ELIGIBILITY,2026-03-21,2026-04-06,6809181.71,AWARDED
T01690,ocds-synthetic-01690,D07,D07,Power Systems Division,FURNITURE,SCHOOL_FURNITURE,ITEM-FURN-172,KA-NORTH,OPEN,LOWEST_PRICE,OPEN_ELIGIBILITY,2024-10-16,2024-10-29,5014033.24,AWARDED
T01691,ocds-synthetic-01691,D01,D01,State Works Division - North,MEDICAL_SUPPLIES,MEDICAL_DEVICES,ITEM-MEDI-404,KA-NORTH,OPEN,LOWEST_PRICE,OPEN_ELIGIBILITY,2026-04-03,2026-05-04,5768041.83,AWARDED
T01692,ocds-synthetic-01692,D10,D10,Medical Services Procurement Division,MEDICAL_SUPPLIES,HOSPITAL_SUPPLIES,ITEM-MEDI-403,KA-CENTRAL,OPEN,LOWEST_PRICE,OPEN_ELIGIBILITY,2025-07-24,2025-09-03,17315157.35,AWARDED
T01693,ocds-synthetic-01693,D12,D12,Housing Infrastructure Division,ELECTRICAL_EQUIPMENT,CABLING,ITEM-ELEC-459,KA-SOUTH,TWO_STAGE,LOWEST_PRICE,QUALIFIED_SUPPLIERS,2026-05-15,2026-07-29,12227365.32,AWARDED
T01694,ocds-synthetic-01694,D13,D13,Tourism Infrastructure Division,CIVIL_MAINTENANCE,ROAD_MAINTENANCE,ITEM-CIVI-459,KA-CENTRAL,LIMITED,LOWEST_PRICE,QUALIFIED_SUPPLIERS,2024-06-17,2024-06-27,3639412.52,AWARDED
T01695,ocds-synthetic-01695,D18,D18,Industrial Development Division,BUILDING_CONSTRUCTION,CIVIL_BUILDING_WORKS,ITEM-BUIL-924,KA-CENTRAL,TWO_STAGE,LOWEST_PRICE,QUALIFIED_SUPPLIERS,2025-09-02,2025-10-01,24747313.97,AWARDED
T01696,ocds-synthetic-01696,D14,D14,Agricultural Infrastructure Division,BUILDING_CONSTRUCTION,CIVIL_BUILDING_WORKS,ITEM-BUIL-551,KA-NORTH,OPEN,LOWEST_PRICE,OPEN_ELIGIBILITY,2025-03-08,2025-03-23,248660533.58,AWARDED
T01697,ocds-synthetic-01697,D20,D20,Public Health Engineering Division,ROAD_CONSTRUCTION,ROAD_WIDENING,ITEM-ROAD-244,KA-SOUTH,OPEN,LOWEST_PRICE,OPEN_ELIGIBILITY,2024-07-03,2024-08-04,20711381.2,AWARDED
T01698,ocds-synthetic-01698,D03,D03,State Health Procurement Division,FURNITURE,SCHOOL_FURNITURE,ITEM-FURN-493,KA-CENTRAL,OPEN,LOWEST_PRICE,OPEN_ELIGIBILITY,2024-06-06,2024-06-27,4339296.64,AWARDED
T01699,ocds-synthetic-01699,D05,D05,Rural Development Division,ROAD_CONSTRUCTION,ROAD_WIDENING,ITEM-ROAD-259,KA-NORTH,LIMITED,LOWEST_PRICE,QUALIFIED_SUPPLIERS,2025-12-03,2025-12-25,38360046.2,AWARDED
T01700,ocds-synthetic-01700,D19,D19,Forest Infrastructure Division,WATER_INFRASTRUCTURE,WATER_TREATMENT,ITEM-WATE-462,KA-NORTH,TWO_STAGE,LOWEST_PRICE,QUALIFIED_SUPPLIERS,2025-09-30,2025-11-06,22503663.0,AWARDED
T01701,ocds-synthetic-01701,D04,D04,State Education Procurement Division,ELECTRICAL_EQUIPMENT,TRANSFORMERS,ITEM-ELEC-331,KA-NORTH,OPEN,LOWEST_PRICE,OPEN_ELIGIBILITY,2024-07-02,2024-07-19,22430436.5,AWARDED
T01702,ocds-synthetic-01702,D02,D02,Urban Infrastructure Division - South,BUILDING_CONSTRUCTION,STRUCTURAL_WORKS,ITEM-BUIL-557,KA-SOUTH,TWO_STAGE,LOWEST_PRICE,QUALIFIED_SUPPLIERS,2025-11-05,2025-12-15,20514489.87,AWARDED
T01703,ocds-synthetic-01703,D19,D19,Forest Infrastructure Division,ELECTRICAL_EQUIPMENT,TRANSFORMERS,ITEM-ELEC-454,KA-NORTH,OPEN,LOWEST_PRICE,OPEN_ELIGIBILITY,2026-04-18,2026-04-30,28567577.29,AWARDED
T01704,ocds-synthetic-01704,D18,D18,Industrial Development Division,CIVIL_MAINTENANCE,ROAD_MAINTENANCE,ITEM-CIVI-229,KA-CENTRAL,OPEN,LOWEST_PRICE,OPEN_ELIGIBILITY,2025-08-31,2025-10-09,1320117.57,AWARDED
T01705,ocds-synthetic-01705,D06,D06,Water Resources Division,IT_SERVICES,SOFTWARE_DEVELOPMENT,ITEM-IT_S-594,KA-SOUTH,LIMITED,QUALITY_AND_COST,QUALIFIED_SUPPLIERS,2024-08-02,2024-08-24,20825576.34,AWARDED
T01706,ocds-synthetic-01706,D17,D17,Higher Education Procurement Division,ROAD_CONSTRUCTION,ROAD_RESURFACING,ITEM-ROAD-699,KA-BENGALURU,OPEN,LOWEST_PRICE,OPEN_ELIGIBILITY,2025-08-15,2025-09-22,47119109.31,AWARDED
T01707,ocds-synthetic-01707,D03,D03,State Health Procurement Division,BUILDING_CONSTRUCTION,CIVIL_BUILDING_WORKS,ITEM-BUIL-943,KA-CENTRAL,OPEN,LOWEST_PRICE,OPEN_ELIGIBILITY,2026-03-05,2026-04-07,29026165.91,AWARDED
T01708,ocds-synthetic-01708,D15,D15,Energy Procurement Division,CIVIL_MAINTENANCE,ROAD_MAINTENANCE,ITEM-CIVI-779,KA-SOUTH,OPEN,LOWEST_PRICE,OPEN_ELIGIBILITY,2025-10-27,2025-11-30,4282697.17,AWARDED
T01709,ocds-synthetic-01709,D08,D08,Municipal Services Division,WATER_INFRASTRUCTURE,WATER_TREATMENT,ITEM-WATE-575,KA-CENTRAL,OPEN,LOWEST_PRICE,OPEN_ELIGIBILITY,2026-08-31,2026-08-31,16756140.0,AWARDED
T01710,ocds-synthetic-01710,D15,D15,Energy Procurement Division,ELECTRICAL_EQUIPMENT,TRANSFORMERS,ITEM-ELEC-413,KA-SOUTH,OPEN,LOWEST_PRICE,OPEN_ELIGIBILITY,2025-12-27,2026-01-17,16598700.95,AWARDED
T01711,ocds-synthetic-01711,D13,D13,Tourism Infrastructure Division,ELECTRICAL_EQUIPMENT,TRANSFORMERS,ITEM-ELEC-145,KA-CENTRAL,OPEN,LOWEST_PRICE,OPEN_ELIGIBILITY,2025-08-24,2025-09-17,3815976.21,AWARDED
T01712,ocds-synthetic-01712,D08,D08,Municipal Services Division,WATER_INFRASTRUCTURE,PIPELINE_WORKS,ITEM-WATE-967,KA-CENTRAL,LIMITED,LOWEST_PRICE,QUALIFIED_SUPPLIERS,2024-11-07,2024-11-15,27393573.93,AWARDED
T01713,ocds-synthetic-01713,D02,D02,Urban Infrastructure Division - South,BUILDING_CONSTRUCTION,PUBLIC_BUILDING,ITEM-BUIL-252,KA-SOUTH,OPEN,LOWEST_PRICE,OPEN_ELIGIBILITY,2024-07-05,2024-08-08,2737558.09,AWARDED
T01714,ocds-synthetic-01714,D16,D16,Infrastructure Development Division,BUILDING_CONSTRUCTION,STRUCTURAL_WORKS,ITEM-BUIL-835,KA-CENTRAL,TWO_STAGE,LOWEST_PRICE,QUALIFIED_SUPPLIERS,2024-05-17,2024-07-16,58298963.77,AWARDED
T01715,ocds-synthetic-01715,D13,D13,Tourism Infrastructure Division,MEDICAL_SUPPLIES,DIAGNOSTIC_EQUIPMENT,ITEM-MEDI-210,KA-CENTRAL,OPEN,LOWEST_PRICE,OPEN_ELIGIBILITY,2024-06-29,2024-07-22,10630097.24,AWARDED
T01716,ocds-synthetic-01716,D04,D04,State Education Procurement Division,CIVIL_MAINTENANCE,ELECTRICAL_MAINTENANCE,ITEM-CIVI-405,KA-NORTH,OPEN,LOWEST_PRICE,OPEN_ELIGIBILITY,2026-01-05,2026-02-14,3363972.76,AWARDED
T01717,ocds-synthetic-01717,D01,D01,State Works Division - North,MEDICAL_SUPPLIES,HOSPITAL_SUPPLIES,ITEM-MEDI-621,KA-NORTH,OPEN,LOWEST_PRICE,OPEN_ELIGIBILITY,2025-05-15,2025-06-04,1270540.35,AWARDED
T01718,ocds-synthetic-01718,D17,D17,Higher Education Procurement Division,MEDICAL_SUPPLIES,SURGICAL_CONSUMABLES,ITEM-MEDI-545,KA-BENGALURU,OPEN,LOWEST_PRICE,OPEN_ELIGIBILITY,2025-10-15,2025-11-20,7869281.71,AWARDED
T01719,ocds-synthetic-01719,D14,D14,Agricultural Infrastructure Division,MEDICAL_SUPPLIES,HOSPITAL_SUPPLIES,ITEM-MEDI-667,KA-NORTH,OPEN,LOWEST_PRICE,OPEN_ELIGIBILITY,2025-08-18,2025-09-13,20914380.68,AWARDED
T01720,ocds-synthetic-01720,D15,D15,Energy Procurement Division,BUILDING_CONSTRUCTION,RENOVATION,ITEM-BUIL-262,KA-SOUTH,OPEN,LOWEST_PRICE,OPEN_ELIGIBILITY,2025-01-23,2025-02-21,20250361.91,AWARDED
T01721,ocds-synthetic-01721,D12,D12,Housing Infrastructure Division,BUILDING_CONSTRUCTION,CIVIL_BUILDING_WORKS,ITEM-BUIL-957,KA-SOUTH,LIMITED,LOWEST_PRICE,QUALIFIED_SUPPLIERS,2024-03-25,2024-04-14,55342842.22,AWARDED
T01722,ocds-synthetic-01722,D08,D08,Municipal Services Division,CIVIL_MAINTENANCE,ELECTRICAL_MAINTENANCE,ITEM-CIVI-892,KA-CENTRAL,OPEN,LOWEST_PRICE,OPEN_ELIGIBILITY,2026-04-07,2026-05-17,21179478.1,AWARDED
T01723,ocds-synthetic-01723,D16,D16,Infrastructure Development Division,FURNITURE,SCHOOL_FURNITURE,ITEM-FURN-957,KA-CENTRAL,LIMITED,LOWEST_PRICE,QUALIFIED_SUPPLIERS,2024-03-07,2024-03-18,3261838.33,AWARDED
T01724,ocds-synthetic-01724,D10,D10,Medical Services Procurement Division,FURNITURE,SCHOOL_FURNITURE,ITEM-FURN-690,KA-CENTRAL,OPEN,LOWEST_PRICE,OPEN_ELIGIBILITY,2025-07-14,2025-08-08,2549864.31,AWARDED
T01725,ocds-synthetic-01725,D02,D02,Urban Infrastructure Division - South,BUILDING_CONSTRUCTION,CIVIL_BUILDING_WORKS,ITEM-BUIL-324,KA-SOUTH,LIMITED,LOWEST_PRICE,QUALIFIED_SUPPLIERS,2024-06-10,2024-07-08,60734086.36,AWARDED
T01726,ocds-synthetic-01726,D08,D08,Municipal Services Division,MEDICAL_SUPPLIES,HOSPITAL_SUPPLIES,ITEM-MEDI-164,KA-CENTRAL,OPEN,LOWEST_PRICE,OPEN_ELIGIBILITY,2025-07-01,2025-07-14,2638912.21,AWARDED
T01727,ocds-synthetic-01727,D08,D08,Municipal Services Division,VEHICLE_SUPPLIES,VEHICLE_PARTS,ITEM-VEHI-445,KA-CENTRAL,OPEN,LOWEST_PRICE,OPEN_ELIGIBILITY,2025-06-20,2025-07-12,25384047.96,AWARDED
T01728,ocds-synthetic-01728,D13,D13,Tourism Infrastructure Division,BUILDING_CONSTRUCTION,CIVIL_BUILDING_WORKS,ITEM-BUIL-909,KA-CENTRAL,OPEN,LOWEST_PRICE,OPEN_ELIGIBILITY,2024-09-23,2024-10-22,7700665.04,AWARDED
T01729,ocds-synthetic-01729,D04,D04,State Education Procurement Division,ELECTRICAL_EQUIPMENT,SWITCHGEAR,ITEM-ELEC-452,KA-NORTH,TWO_STAGE,LOWEST_PRICE,QUALIFIED_SUPPLIERS,2024-07-01,2024-09-03,4113777.84,AWARDED
T01730,ocds-synthetic-01730,D13,D13,Tourism Infrastructure Division,BUILDING_CONSTRUCTION,PUBLIC_BUILDING,ITEM-BUIL-216,KA-CENTRAL,OPEN,LOWEST_PRICE,OPEN_ELIGIBILITY,2026-07-29,2026-08-31,40163165.38,AWARDED
T01731,ocds-synthetic-01731,D14,D14,Agricultural Infrastructure Division,ELECTRICAL_EQUIPMENT,SWITCHGEAR,ITEM-ELEC-392,KA-NORTH,OPEN,LOWEST_PRICE,OPEN_ELIGIBILITY,2024-03-06,2024-03-30,22693706.64,AWARDED
T01732,ocds-synthetic-01732,D10,D10,Medical Services Procurement Division,ROAD_CONSTRUCTION,ROAD_MAINTENANCE,ITEM-ROAD-430,KA-CENTRAL,OPEN,LOWEST_PRICE,OPEN_ELIGIBILITY,2024-05-16,2024-06-04,5563051.79,AWARDED
T01733,ocds-synthetic-01733,D20,D20,Public Health Engineering Division,CIVIL_MAINTENANCE,GENERAL_REPAIRS,ITEM-CIVI-389,KA-SOUTH,OPEN,LOWEST_PRICE,OPEN_ELIGIBILITY,2025-10-01,2025-10-21,2018847.8,AWARDED
T01734,ocds-synthetic-01734,D09,D09,State Transport Division,ELECTRICAL_EQUIPMENT,CONTROL_EQUIPMENT,ITEM-ELEC-956,KA-SOUTH,OPEN,LOWEST_PRICE,OPEN_ELIGIBILITY,2025-03-10,2025-03-25,5439722.13,AWARDED
T01735,ocds-synthetic-01735,D08,D08,Municipal Services Division,CIVIL_MAINTENANCE,ROAD_MAINTENANCE,ITEM-CIVI-980,KA-CENTRAL,OPEN,LOWEST_PRICE,OPEN_ELIGIBILITY,2026-01-26,2026-02-15,13836808.36,AWARDED
T01736,ocds-synthetic-01736,D14,D14,Agricultural Infrastructure Division,ELECTRICAL_EQUIPMENT,SWITCHGEAR,ITEM-ELEC-405,KA-NORTH,OPEN,LOWEST_PRICE,OPEN_ELIGIBILITY,2025-10-26,2025-11-27,5468704.31,AWARDED
T01737,ocds-synthetic-01737,D12,D12,Housing Infrastructure Division,FURNITURE,SCHOOL_FURNITURE,ITEM-FURN-303,KA-SOUTH,OPEN,LOWEST_PRICE,OPEN_ELIGIBILITY,2024-07-02,2024-07-20,3865008.23,AWARDED
T01738,ocds-synthetic-01738,D06,D06,Water Resources Division,IT_SERVICES,NETWORK_INFRASTRUCTURE,ITEM-IT_S-781,KA-SOUTH,OPEN,LOWEST_PRICE,OPEN_ELIGIBILITY,2024-06-06,2024-06-19,8070251.97,AWARDED
T01739,ocds-synthetic-01739,D13,D13,Tourism Infrastructure Division,IT_SERVICES,CLOUD_SERVICES,ITEM-IT_S-424,KA-CENTRAL,OPEN,LOWEST_PRICE,OPEN_ELIGIBILITY,2026-08-18,2026-08-31,11257166.34,AWARDED
T01740,ocds-synthetic-01740,D06,D06,Water Resources Division,MEDICAL_SUPPLIES,SURGICAL_CONSUMABLES,ITEM-MEDI-748,KA-SOUTH,OPEN,LOWEST_PRICE,OPEN_ELIGIBILITY,2026-05-16,2026-06-19,6548400.6,AWARDED
T01741,ocds-synthetic-01741,D02,D02,Urban Infrastructure Division - South,ROAD_CONSTRUCTION,ROAD_RESURFACING,ITEM-ROAD-938,KA-SOUTH,LIMITED,LOWEST_PRICE,QUALIFIED_SUPPLIERS,2025-01-08,2025-01-27,41859163.01,AWARDED
T01742,ocds-synthetic-01742,D19,D19,Forest Infrastructure Division,ROAD_CONSTRUCTION,DRAINAGE_WORKS,ITEM-ROAD-575,KA-NORTH,OPEN,LOWEST_PRICE,OPEN_ELIGIBILITY,2026-04-29,2026-06-08,2191958.79,AWARDED
T01743,ocds-synthetic-01743,D16,D16,Infrastructure Development Division,MEDICAL_SUPPLIES,DIAGNOSTIC_EQUIPMENT,ITEM-MEDI-939,KA-CENTRAL,OPEN,LOWEST_PRICE,OPEN_ELIGIBILITY,2026-04-14,2026-05-22,24740552.89,AWARDED
T01744,ocds-synthetic-01744,D03,D03,State Health Procurement Division,FURNITURE,OFFICE_FURNITURE,ITEM-FURN-702,KA-CENTRAL,OPEN,LOWEST_PRICE,OPEN_ELIGIBILITY,2024-05-09,2024-06-08,3034090.54,AWARDED
T01745,ocds-synthetic-01745,D13,D13,Tourism Infrastructure Division,CIVIL_MAINTENANCE,BUILDING_MAINTENANCE,ITEM-CIVI-405,KA-CENTRAL,OPEN,LOWEST_PRICE,OPEN_ELIGIBILITY,2025-05-09,2025-06-14,4097855.39,AWARDED
T01746,ocds-synthetic-01746,D11,D11,Urban Technology Division,FURNITURE,HOSPITAL_FURNITURE,ITEM-FURN-341,KA-BENGALURU,OPEN,LOWEST_PRICE,OPEN_ELIGIBILITY,2025-03-28,2025-04-09,2945497.52,AWARDED
T01747,ocds-synthetic-01747,D18,D18,Industrial Development Division,BUILDING_CONSTRUCTION,CIVIL_BUILDING_WORKS,ITEM-BUIL-485,KA-CENTRAL,LIMITED,LOWEST_PRICE,QUALIFIED_SUPPLIERS,2025-03-08,2025-04-07,64376832.8,AWARDED
T01748,ocds-synthetic-01748,D12,D12,Housing Infrastructure Division,BUILDING_CONSTRUCTION,PUBLIC_BUILDING,ITEM-BUIL-150,KA-SOUTH,LIMITED,LOWEST_PRICE,QUALIFIED_SUPPLIERS,2025-11-30,2025-12-14,9200789.14,AWARDED
T01749,ocds-synthetic-01749,D20,D20,Public Health Engineering Division,IT_SERVICES,SOFTWARE_DEVELOPMENT,ITEM-IT_S-864,KA-SOUTH,OPEN,LOWEST_PRICE,OPEN_ELIGIBILITY,2025-10-17,2025-11-12,51830582.36,AWARDED
T01750,ocds-synthetic-01750,D09,D09,State Transport Division,BUILDING_CONSTRUCTION,RENOVATION,ITEM-BUIL-430,KA-SOUTH,OPEN,LOWEST_PRICE,OPEN_ELIGIBILITY,2024-05-01,2024-06-14,5434500.69,AWARDED
T01751,ocds-synthetic-01751,D18,D18,Industrial Development Division,VEHICLE_SUPPLIES,VEHICLE_PARTS,ITEM-VEHI-960,KA-CENTRAL,OPEN,LOWEST_PRICE,OPEN_ELIGIBILITY,2024-01-04,2024-01-28,8315057.1,AWARDED
T01752,ocds-synthetic-01752,D03,D03,State Health Procurement Division,WATER_INFRASTRUCTURE,PIPELINE_WORKS,ITEM-WATE-177,KA-CENTRAL,OPEN,LOWEST_PRICE,OPEN_ELIGIBILITY,2025-04-13,2025-05-12,15361477.27,AWARDED
T01753,ocds-synthetic-01753,D20,D20,Public Health Engineering Division,ELECTRICAL_EQUIPMENT,CABLING,ITEM-ELEC-719,KA-SOUTH,OPEN,LOWEST_PRICE,OPEN_ELIGIBILITY,2026-03-07,2026-04-10,48438744.66,AWARDED
T01754,ocds-synthetic-01754,D20,D20,Public Health Engineering Division,LAB_EQUIPMENT,SCIENTIFIC_EQUIPMENT,ITEM-LAB_-861,KA-SOUTH,OPEN,LOWEST_PRICE,OPEN_ELIGIBILITY,2024-04-02,2024-05-02,5956882.29,AWARDED
T01755,ocds-synthetic-01755,D17,D17,Higher Education Procurement Division,IT_SERVICES,CLOUD_SERVICES,ITEM-IT_S-601,KA-BENGALURU,OPEN,LOWEST_PRICE,OPEN_ELIGIBILITY,2024-12-20,2025-01-30,4102889.87,AWARDED
T01756,ocds-synthetic-01756,D18,D18,Industrial Development Division,MEDICAL_SUPPLIES,DIAGNOSTIC_EQUIPMENT,ITEM-MEDI-497,KA-CENTRAL,OPEN,LOWEST_PRICE,OPEN_ELIGIBILITY,2024-04-05,2024-05-16,17543717.64,AWARDED
T01757,ocds-synthetic-01757,D18,D18,Industrial Development Division,LAB_EQUIPMENT,LABORATORY_SYSTEMS,ITEM-LAB_-692,KA-CENTRAL,OPEN,LOWEST_PRICE,OPEN_ELIGIBILITY,2025-05-25,2025-06-14,2974792.3,AWARDED
T01758,ocds-synthetic-01758,D04,D04,State Education Procurement Division,MEDICAL_SUPPLIES,SURGICAL_CONSUMABLES,ITEM-MEDI-904,KA-NORTH,LIMITED,LOWEST_PRICE,QUALIFIED_SUPPLIERS,2024-10-29,2024-11-16,1369220.54,AWARDED
T01759,ocds-synthetic-01759,D14,D14,Agricultural Infrastructure Division,VEHICLE_SUPPLIES,SPECIAL_PURPOSE_VEHICLES,ITEM-VEHI-259,KA-NORTH,TWO_STAGE,LOWEST_PRICE,QUALIFIED_SUPPLIERS,2026-01-29,2026-04-12,15574675.14,AWARDED
T01760,ocds-synthetic-01760,D01,D01,State Works Division - North,BUILDING_CONSTRUCTION,PUBLIC_BUILDING,ITEM-BUIL-518,KA-NORTH,LIMITED,LOWEST_PRICE,QUALIFIED_SUPPLIERS,2025-02-17,2025-03-11,14584041.95,AWARDED
T01761,ocds-synthetic-01761,D12,D12,Housing Infrastructure Division,ELECTRICAL_EQUIPMENT,CABLING,ITEM-ELEC-808,KA-SOUTH,OPEN,LOWEST_PRICE,OPEN_ELIGIBILITY,2026-06-24,2026-07-21,2391198.36,AWARDED
T01762,ocds-synthetic-01762,D09,D09,State Transport Division,VEHICLE_SUPPLIES,FLEET_MAINTENANCE,ITEM-VEHI-538,KA-SOUTH,OPEN,LOWEST_PRICE,OPEN_ELIGIBILITY,2025-12-22,2026-01-27,11604497.1,AWARDED
T01763,ocds-synthetic-01763,D16,D16,Infrastructure Development Division,MEDICAL_SUPPLIES,MEDICAL_DEVICES,ITEM-MEDI-262,KA-CENTRAL,LIMITED,LOWEST_PRICE,QUALIFIED_SUPPLIERS,2024-12-01,2024-12-19,13980267.84,AWARDED
T01764,ocds-synthetic-01764,D15,D15,Energy Procurement Division,IT_SERVICES,CLOUD_SERVICES,ITEM-IT_S-834,KA-SOUTH,LIMITED,LOWEST_PRICE,QUALIFIED_SUPPLIERS,2025-10-19,2025-11-15,1014716.33,AWARDED
T01765,ocds-synthetic-01765,D11,D11,Urban Technology Division,WATER_INFRASTRUCTURE,IRRIGATION_WORKS,ITEM-WATE-391,KA-BENGALURU,OPEN,LOWEST_PRICE,OPEN_ELIGIBILITY,2024-01-22,2024-02-07,10790147.14,AWARDED
T01766,ocds-synthetic-01766,D19,D19,Forest Infrastructure Division,CIVIL_MAINTENANCE,BUILDING_MAINTENANCE,ITEM-CIVI-386,KA-NORTH,OPEN,LOWEST_PRICE,OPEN_ELIGIBILITY,2025-01-13,2025-01-30,2608450.83,AWARDED
T01767,ocds-synthetic-01767,D05,D05,Rural Development Division,MEDICAL_SUPPLIES,SURGICAL_CONSUMABLES,ITEM-MEDI-620,KA-NORTH,OPEN,LOWEST_PRICE,OPEN_ELIGIBILITY,2024-03-08,2024-03-31,3713379.37,AWARDED
T01768,ocds-synthetic-01768,D19,D19,Forest Infrastructure Division,FURNITURE,OFFICE_FURNITURE,ITEM-FURN-797,KA-NORTH,OPEN,LOWEST_PRICE,OPEN_ELIGIBILITY,2026-06-17,2026-07-12,1018523.22,AWARDED
T01769,ocds-synthetic-01769,D08,D08,Municipal Services Division,WATER_INFRASTRUCTURE,IRRIGATION_WORKS,ITEM-WATE-306,KA-CENTRAL,LIMITED,LOWEST_PRICE,QUALIFIED_SUPPLIERS,2025-12-03,2025-12-29,243295787.7,AWARDED
T01770,ocds-synthetic-01770,D16,D16,Infrastructure Development Division,IT_SERVICES,CLOUD_SERVICES,ITEM-IT_S-297,KA-CENTRAL,OPEN,QUALITY_AND_COST,OPEN_ELIGIBILITY,2024-04-22,2024-05-13,3569034.3,AWARDED
T01771,ocds-synthetic-01771,D05,D05,Rural Development Division,ROAD_CONSTRUCTION,ROAD_WIDENING,ITEM-ROAD-913,KA-NORTH,OPEN,LOWEST_PRICE,OPEN_ELIGIBILITY,2024-06-19,2024-07-18,38772981.3,AWARDED
T01772,ocds-synthetic-01772,D08,D08,Municipal Services Division,IT_SERVICES,CYBERSECURITY,ITEM-IT_S-327,KA-CENTRAL,OPEN,LOWEST_PRICE,OPEN_ELIGIBILITY,2025-10-12,2025-11-19,8013594.96,AWARDED
T01773,ocds-synthetic-01773,D08,D08,Municipal Services Division,IT_SERVICES,IT_HARDWARE,ITEM-IT_S-330,KA-CENTRAL,TWO_STAGE,LOWEST_PRICE,QUALIFIED_SUPPLIERS,2024-11-10,2024-12-24,1634736.53,AWARDED
T01774,ocds-synthetic-01774,D19,D19,Forest Infrastructure Division,VEHICLE_SUPPLIES,FLEET_MAINTENANCE,ITEM-VEHI-407,KA-NORTH,OPEN,LOWEST_PRICE,OPEN_ELIGIBILITY,2024-02-24,2024-03-19,6855520.76,AWARDED
T01775,ocds-synthetic-01775,D15,D15,Energy Procurement Division,MEDICAL_SUPPLIES,SURGICAL_CONSUMABLES,ITEM-MEDI-949,KA-SOUTH,OPEN,LOWEST_PRICE,OPEN_ELIGIBILITY,2025-05-21,2025-06-15,11297663.19,AWARDED
T01776,ocds-synthetic-01776,D15,D15,Energy Procurement Division,ROAD_CONSTRUCTION,ROAD_RESURFACING,ITEM-ROAD-720,KA-SOUTH,OPEN,LOWEST_PRICE,OPEN_ELIGIBILITY,2025-07-22,2025-08-10,49560127.7,AWARDED
T01777,ocds-synthetic-01777,D02,D02,Urban Infrastructure Division - South,ROAD_CONSTRUCTION,ROAD_MAINTENANCE,ITEM-ROAD-779,KA-SOUTH,TWO_STAGE,LOWEST_PRICE,QUALIFIED_SUPPLIERS,2025-03-14,2025-04-24,29169832.03,AWARDED
T01778,ocds-synthetic-01778,D12,D12,Housing Infrastructure Division,BUILDING_CONSTRUCTION,STRUCTURAL_WORKS,ITEM-BUIL-445,KA-SOUTH,OPEN,LOWEST_PRICE,OPEN_ELIGIBILITY,2024-03-31,2024-04-30,26894102.13,AWARDED
T01779,ocds-synthetic-01779,D06,D06,Water Resources Division,BUILDING_CONSTRUCTION,STRUCTURAL_WORKS,ITEM-BUIL-939,KA-SOUTH,OPEN,LOWEST_PRICE,OPEN_ELIGIBILITY,2026-07-29,2026-08-18,64046734.22,AWARDED
T01780,ocds-synthetic-01780,D12,D12,Housing Infrastructure Division,WATER_INFRASTRUCTURE,PIPELINE_WORKS,ITEM-WATE-329,KA-SOUTH,OPEN,LOWEST_PRICE,OPEN_ELIGIBILITY,2024-12-15,2025-01-11,19036357.9,AWARDED
T01781,ocds-synthetic-01781,D20,D20,Public Health Engineering Division,ROAD_CONSTRUCTION,ROAD_MAINTENANCE,ITEM-ROAD-515,KA-SOUTH,LIMITED,LOWEST_PRICE,QUALIFIED_SUPPLIERS,2025-05-30,2025-06-24,5630436.15,AWARDED
T01782,ocds-synthetic-01782,D15,D15,Energy Procurement Division,CIVIL_MAINTENANCE,GENERAL_REPAIRS,ITEM-CIVI-229,KA-SOUTH,OPEN,LOWEST_PRICE,OPEN_ELIGIBILITY,2026-02-17,2026-03-31,13949594.65,AWARDED
T01783,ocds-synthetic-01783,D01,D01,State Works Division - North,ELECTRICAL_EQUIPMENT,CABLING,ITEM-ELEC-199,KA-NORTH,OPEN,LOWEST_PRICE,OPEN_ELIGIBILITY,2024-03-06,2024-03-30,4577017.21,AWARDED
T01784,ocds-synthetic-01784,D20,D20,Public Health Engineering Division,BUILDING_CONSTRUCTION,RENOVATION,ITEM-BUIL-332,KA-SOUTH,LIMITED,LOWEST_PRICE,QUALIFIED_SUPPLIERS,2025-07-24,2025-08-13,53320056.75,AWARDED
T01785,ocds-synthetic-01785,D16,D16,Infrastructure Development Division,WATER_INFRASTRUCTURE,IRRIGATION_WORKS,ITEM-WATE-295,KA-CENTRAL,LIMITED,LOWEST_PRICE,QUALIFIED_SUPPLIERS,2024-04-24,2024-05-02,36917086.84,AWARDED
T01786,ocds-synthetic-01786,D06,D06,Water Resources Division,LAB_EQUIPMENT,LABORATORY_SYSTEMS,ITEM-LAB_-659,KA-SOUTH,TWO_STAGE,QUALITY_AND_COST,QUALIFIED_SUPPLIERS,2024-05-18,2024-06-20,11708184.19,AWARDED
T01787,ocds-synthetic-01787,D16,D16,Infrastructure Development Division,CIVIL_MAINTENANCE,ROAD_MAINTENANCE,ITEM-CIVI-822,KA-CENTRAL,LIMITED,LOWEST_PRICE,QUALIFIED_SUPPLIERS,2026-05-12,2026-05-27,4937204.88,AWARDED
T01788,ocds-synthetic-01788,D16,D16,Infrastructure Development Division,IT_SERVICES,CLOUD_SERVICES,ITEM-IT_S-822,KA-CENTRAL,OPEN,LOWEST_PRICE,OPEN_ELIGIBILITY,2024-07-29,2024-08-21,10185318.35,AWARDED
T01789,ocds-synthetic-01789,D14,D14,Agricultural Infrastructure Division,FURNITURE,SCHOOL_FURNITURE,ITEM-FURN-843,KA-NORTH,LIMITED,LOWEST_PRICE,QUALIFIED_SUPPLIERS,2024-08-20,2024-09-04,1036613.32,AWARDED
T01790,ocds-synthetic-01790,D13,D13,Tourism Infrastructure Division,ELECTRICAL_EQUIPMENT,TRANSFORMERS,ITEM-ELEC-431,KA-CENTRAL,OPEN,LOWEST_PRICE,OPEN_ELIGIBILITY,2026-02-02,2026-03-03,16856967.39,AWARDED
T01791,ocds-synthetic-01791,D19,D19,Forest Infrastructure Division,ROAD_CONSTRUCTION,ROAD_WIDENING,ITEM-ROAD-408,KA-NORTH,OPEN,LOWEST_PRICE,OPEN_ELIGIBILITY,2026-05-02,2026-06-16,6191246.35,AWARDED
T01792,ocds-synthetic-01792,D16,D16,Infrastructure Development Division,FURNITURE,OFFICE_FURNITURE,ITEM-FURN-280,KA-CENTRAL,OPEN,LOWEST_PRICE,OPEN_ELIGIBILITY,2025-02-19,2025-03-28,5696145.76,AWARDED
T01793,ocds-synthetic-01793,D05,D05,Rural Development Division,ROAD_CONSTRUCTION,ROAD_MAINTENANCE,ITEM-ROAD-884,KA-NORTH,OPEN,LOWEST_PRICE,OPEN_ELIGIBILITY,2024-11-01,2024-11-23,30593412.8,AWARDED
T01794,ocds-synthetic-01794,D18,D18,Industrial Development Division,VEHICLE_SUPPLIES,VEHICLE_PARTS,ITEM-VEHI-374,KA-CENTRAL,TWO_STAGE,LOWEST_PRICE,QUALIFIED_SUPPLIERS,2026-03-16,2026-04-16,5950898.17,AWARDED
T01795,ocds-synthetic-01795,D02,D02,Urban Infrastructure Division - South,VEHICLE_SUPPLIES,FLEET_MAINTENANCE,ITEM-VEHI-278,KA-SOUTH,OPEN,LOWEST_PRICE,OPEN_ELIGIBILITY,2026-05-14,2026-06-02,2939647.47,AWARDED
T01796,ocds-synthetic-01796,D18,D18,Industrial Development Division,LAB_EQUIPMENT,SCIENTIFIC_EQUIPMENT,ITEM-LAB_-208,KA-CENTRAL,OPEN,QUALITY_AND_COST,OPEN_ELIGIBILITY,2026-04-01,2026-04-21,2634466.97,AWARDED
T01797,ocds-synthetic-01797,D15,D15,Energy Procurement Division,ROAD_CONSTRUCTION,BITUMINOUS_WORKS,ITEM-ROAD-717,KA-SOUTH,OPEN,LOWEST_PRICE,OPEN_ELIGIBILITY,2025-06-24,2025-07-19,10928143.24,AWARDED
T01798,ocds-synthetic-01798,D18,D18,Industrial Development Division,BUILDING_CONSTRUCTION,STRUCTURAL_WORKS,ITEM-BUIL-321,KA-CENTRAL,OPEN,LOWEST_PRICE,OPEN_ELIGIBILITY,2026-02-01,2026-03-01,13172905.73,AWARDED
T01799,ocds-synthetic-01799,D19,D19,Forest Infrastructure Division,FURNITURE,HOSPITAL_FURNITURE,ITEM-FURN-607,KA-NORTH,OPEN,LOWEST_PRICE,OPEN_ELIGIBILITY,2025-02-05,2025-02-22,719366.35,AWARDED
T01800,ocds-synthetic-01800,D06,D06,Water Resources Division,IT_SERVICES,IT_HARDWARE,ITEM-IT_S-787,KA-SOUTH,OPEN,QUALITY_AND_COST,OPEN_ELIGIBILITY,2024-06-04,2024-07-13,14532108.07,AWARDED
T01801,ocds-synthetic-01801,D06,D06,Water Resources Division,IT_SERVICES,NETWORK_INFRASTRUCTURE,ITEM-IT_S-494,KA-SOUTH,LIMITED,LOWEST_PRICE,QUALIFIED_SUPPLIERS,2024-01-27,2024-02-04,15223984.38,AWARDED
T01802,ocds-synthetic-01802,D08,D08,Municipal Services Division,MEDICAL_SUPPLIES,DIAGNOSTIC_EQUIPMENT,ITEM-MEDI-386,KA-CENTRAL,OPEN,LOWEST_PRICE,OPEN_ELIGIBILITY,2025-08-24,2025-09-08,8168717.53,AWARDED
T01803,ocds-synthetic-01803,D13,D13,Tourism Infrastructure Division,CIVIL_MAINTENANCE,GENERAL_REPAIRS,ITEM-CIVI-279,KA-CENTRAL,OPEN,LOWEST_PRICE,OPEN_ELIGIBILITY,2025-10-28,2025-11-19,12329019.26,AWARDED
T01804,ocds-synthetic-01804,D07,D07,Power Systems Division,CIVIL_MAINTENANCE,GENERAL_REPAIRS,ITEM-CIVI-595,KA-NORTH,OPEN,LOWEST_PRICE,OPEN_ELIGIBILITY,2024-04-07,2024-05-08,7755721.74,AWARDED
T01805,ocds-synthetic-01805,D19,D19,Forest Infrastructure Division,WATER_INFRASTRUCTURE,PIPELINE_WORKS,ITEM-WATE-587,KA-NORTH,OPEN,LOWEST_PRICE,OPEN_ELIGIBILITY,2024-06-12,2024-07-09,22569937.49,AWARDED
T01806,ocds-synthetic-01806,D10,D10,Medical Services Procurement Division,IT_SERVICES,NETWORK_INFRASTRUCTURE,ITEM-IT_S-209,KA-CENTRAL,OPEN,LOWEST_PRICE,OPEN_ELIGIBILITY,2024-03-30,2024-05-14,11630120.51,AWARDED
T01807,ocds-synthetic-01807,D05,D05,Rural Development Division,CIVIL_MAINTENANCE,ROAD_MAINTENANCE,ITEM-CIVI-816,KA-NORTH,OPEN,LOWEST_PRICE,OPEN_ELIGIBILITY,2025-07-15,2025-08-08,5861339.06,AWARDED
T01808,ocds-synthetic-01808,D11,D11,Urban Technology Division,VEHICLE_SUPPLIES,VEHICLE_PARTS,ITEM-VEHI-564,KA-BENGALURU,OPEN,LOWEST_PRICE,OPEN_ELIGIBILITY,2025-09-04,2025-10-09,3374719.67,AWARDED
T01809,ocds-synthetic-01809,D20,D20,Public Health Engineering Division,ELECTRICAL_EQUIPMENT,CONTROL_EQUIPMENT,ITEM-ELEC-185,KA-SOUTH,OPEN,LOWEST_PRICE,OPEN_ELIGIBILITY,2024-06-15,2024-07-04,4870416.67,AWARDED
T01810,ocds-synthetic-01810,D01,D01,State Works Division - North,ELECTRICAL_EQUIPMENT,CONTROL_EQUIPMENT,ITEM-ELEC-857,KA-NORTH,OPEN,LOWEST_PRICE,OPEN_ELIGIBILITY,2025-09-17,2025-10-19,5732187.58,AWARDED
T01811,ocds-synthetic-01811,D07,D07,Power Systems Division,FURNITURE,HOSPITAL_FURNITURE,ITEM-FURN-836,KA-NORTH,OPEN,LOWEST_PRICE,OPEN_ELIGIBILITY,2025-06-12,2025-07-21,3487523.01,AWARDED
T01812,ocds-synthetic-01812,D19,D19,Forest Infrastructure Division,MEDICAL_SUPPLIES,DIAGNOSTIC_EQUIPMENT,ITEM-MEDI-958,KA-NORTH,OPEN,LOWEST_PRICE,OPEN_ELIGIBILITY,2026-05-30,2026-07-11,11901078.14,AWARDED
T01813,ocds-synthetic-01813,D18,D18,Industrial Development Division,ELECTRICAL_EQUIPMENT,SWITCHGEAR,ITEM-ELEC-397,KA-CENTRAL,OPEN,LOWEST_PRICE,OPEN_ELIGIBILITY,2024-12-07,2025-01-12,5827817.55,AWARDED
T01814,ocds-synthetic-01814,D17,D17,Higher Education Procurement Division,ELECTRICAL_EQUIPMENT,SWITCHGEAR,ITEM-ELEC-396,KA-BENGALURU,LIMITED,LOWEST_PRICE,QUALIFIED_SUPPLIERS,2025-12-18,2025-12-28,8120305.44,AWARDED
T01815,ocds-synthetic-01815,D19,D19,Forest Infrastructure Division,CIVIL_MAINTENANCE,BUILDING_MAINTENANCE,ITEM-CIVI-728,KA-NORTH,OPEN,LOWEST_PRICE,OPEN_ELIGIBILITY,2025-09-26,2025-11-09,8438643.41,AWARDED
T01816,ocds-synthetic-01816,D20,D20,Public Health Engineering Division,MEDICAL_SUPPLIES,MEDICAL_DEVICES,ITEM-MEDI-947,KA-SOUTH,OPEN,LOWEST_PRICE,OPEN_ELIGIBILITY,2025-04-09,2025-04-21,38312359.31,AWARDED
T01817,ocds-synthetic-01817,D08,D08,Municipal Services Division,CIVIL_MAINTENANCE,ROAD_MAINTENANCE,ITEM-CIVI-618,KA-CENTRAL,OPEN,LOWEST_PRICE,OPEN_ELIGIBILITY,2026-08-25,2026-08-31,8653489.58,AWARDED
T01818,ocds-synthetic-01818,D10,D10,Medical Services Procurement Division,ELECTRICAL_EQUIPMENT,TRANSFORMERS,ITEM-ELEC-396,KA-CENTRAL,OPEN,LOWEST_PRICE,OPEN_ELIGIBILITY,2026-04-02,2026-04-24,23983527.17,AWARDED
T01819,ocds-synthetic-01819,D14,D14,Agricultural Infrastructure Division,MEDICAL_SUPPLIES,SURGICAL_CONSUMABLES,ITEM-MEDI-999,KA-NORTH,OPEN,LOWEST_PRICE,OPEN_ELIGIBILITY,2025-06-11,2025-07-15,8418594.3,AWARDED
T01820,ocds-synthetic-01820,D15,D15,Energy Procurement Division,ROAD_CONSTRUCTION,ROAD_WIDENING,ITEM-ROAD-769,KA-SOUTH,OPEN,LOWEST_PRICE,OPEN_ELIGIBILITY,2024-05-19,2024-06-05,13844809.63,AWARDED
T01821,ocds-synthetic-01821,D08,D08,Municipal Services Division,ROAD_CONSTRUCTION,ROAD_RESURFACING,ITEM-ROAD-359,KA-CENTRAL,OPEN,LOWEST_PRICE,OPEN_ELIGIBILITY,2026-03-26,2026-04-21,2075157.14,AWARDED
T01822,ocds-synthetic-01822,D05,D05,Rural Development Division,CIVIL_MAINTENANCE,BUILDING_MAINTENANCE,ITEM-CIVI-277,KA-NORTH,OPEN,LOWEST_PRICE,OPEN_ELIGIBILITY,2024-04-04,2024-05-02,26578124.62,AWARDED
T01823,ocds-synthetic-01823,D07,D07,Power Systems Division,CIVIL_MAINTENANCE,GENERAL_REPAIRS,ITEM-CIVI-441,KA-NORTH,OPEN,LOWEST_PRICE,OPEN_ELIGIBILITY,2025-08-23,2025-09-05,2350290.76,AWARDED
T01824,ocds-synthetic-01824,D04,D04,State Education Procurement Division,IT_SERVICES,CYBERSECURITY,ITEM-IT_S-183,KA-NORTH,OPEN,QUALITY_AND_COST,OPEN_ELIGIBILITY,2025-12-05,2026-01-15,8338866.17,AWARDED
T01825,ocds-synthetic-01825,D17,D17,Higher Education Procurement Division,BUILDING_CONSTRUCTION,STRUCTURAL_WORKS,ITEM-BUIL-236,KA-BENGALURU,OPEN,LOWEST_PRICE,OPEN_ELIGIBILITY,2026-06-15,2026-06-30,173212719.68,AWARDED
T01826,ocds-synthetic-01826,D09,D09,State Transport Division,VEHICLE_SUPPLIES,SPECIAL_PURPOSE_VEHICLES,ITEM-VEHI-590,KA-SOUTH,TWO_STAGE,LOWEST_PRICE,QUALIFIED_SUPPLIERS,2025-04-12,2025-06-04,4101416.35,AWARDED
T01827,ocds-synthetic-01827,D07,D07,Power Systems Division,FURNITURE,OFFICE_FURNITURE,ITEM-FURN-782,KA-NORTH,OPEN,LOWEST_PRICE,OPEN_ELIGIBILITY,2025-08-01,2025-08-15,6229632.39,AWARDED
T01828,ocds-synthetic-01828,D13,D13,Tourism Infrastructure Division,BUILDING_CONSTRUCTION,CIVIL_BUILDING_WORKS,ITEM-BUIL-925,KA-CENTRAL,LIMITED,LOWEST_PRICE,QUALIFIED_SUPPLIERS,2024-07-21,2024-08-07,73075583.63,AWARDED
T01829,ocds-synthetic-01829,D08,D08,Municipal Services Division,WATER_INFRASTRUCTURE,PUMPING_SYSTEMS,ITEM-WATE-195,KA-CENTRAL,OPEN,LOWEST_PRICE,OPEN_ELIGIBILITY,2025-04-24,2025-05-16,5699330.61,AWARDED
T01830,ocds-synthetic-01830,D09,D09,State Transport Division,MEDICAL_SUPPLIES,HOSPITAL_SUPPLIES,ITEM-MEDI-372,KA-SOUTH,OPEN,LOWEST_PRICE,OPEN_ELIGIBILITY,2024-03-28,2024-04-25,10145964.81,AWARDED
T01831,ocds-synthetic-01831,D15,D15,Energy Procurement Division,MEDICAL_SUPPLIES,HOSPITAL_SUPPLIES,ITEM-MEDI-875,KA-SOUTH,LIMITED,LOWEST_PRICE,QUALIFIED_SUPPLIERS,2025-06-05,2025-07-02,21617279.39,AWARDED
T01832,ocds-synthetic-01832,D03,D03,State Health Procurement Division,ELECTRICAL_EQUIPMENT,CABLING,ITEM-ELEC-714,KA-CENTRAL,OPEN,LOWEST_PRICE,OPEN_ELIGIBILITY,2024-04-05,2024-05-02,3362551.63,AWARDED
T01833,ocds-synthetic-01833,D05,D05,Rural Development Division,BUILDING_CONSTRUCTION,RENOVATION,ITEM-BUIL-308,KA-NORTH,OPEN,LOWEST_PRICE,OPEN_ELIGIBILITY,2026-07-09,2026-08-07,8352453.26,AWARDED
T01834,ocds-synthetic-01834,D13,D13,Tourism Infrastructure Division,BUILDING_CONSTRUCTION,RENOVATION,ITEM-BUIL-408,KA-CENTRAL,OPEN,LOWEST_PRICE,OPEN_ELIGIBILITY,2024-03-22,2024-04-25,18167682.74,AWARDED
T01835,ocds-synthetic-01835,D17,D17,Higher Education Procurement Division,IT_SERVICES,SOFTWARE_DEVELOPMENT,ITEM-IT_S-226,KA-BENGALURU,OPEN,LOWEST_PRICE,OPEN_ELIGIBILITY,2024-11-03,2024-12-11,8681558.6,AWARDED
T01836,ocds-synthetic-01836,D11,D11,Urban Technology Division,MEDICAL_SUPPLIES,SURGICAL_CONSUMABLES,ITEM-MEDI-868,KA-BENGALURU,OPEN,LOWEST_PRICE,OPEN_ELIGIBILITY,2024-10-05,2024-10-17,18032577.02,AWARDED
T01837,ocds-synthetic-01837,D18,D18,Industrial Development Division,MEDICAL_SUPPLIES,SURGICAL_CONSUMABLES,ITEM-MEDI-762,KA-CENTRAL,OPEN,LOWEST_PRICE,OPEN_ELIGIBILITY,2026-05-04,2026-05-28,9263471.41,AWARDED
T01838,ocds-synthetic-01838,D15,D15,Energy Procurement Division,WATER_INFRASTRUCTURE,PUMPING_SYSTEMS,ITEM-WATE-271,KA-SOUTH,OPEN,LOWEST_PRICE,OPEN_ELIGIBILITY,2025-09-16,2025-10-29,12519826.94,AWARDED
T01839,ocds-synthetic-01839,D20,D20,Public Health Engineering Division,WATER_INFRASTRUCTURE,IRRIGATION_WORKS,ITEM-WATE-115,KA-SOUTH,OPEN,LOWEST_PRICE,OPEN_ELIGIBILITY,2026-08-22,2026-08-31,124535877.49,AWARDED
T01840,ocds-synthetic-01840,D10,D10,Medical Services Procurement Division,VEHICLE_SUPPLIES,SPECIAL_PURPOSE_VEHICLES,ITEM-VEHI-116,KA-CENTRAL,LIMITED,LOWEST_PRICE,QUALIFIED_SUPPLIERS,2025-11-07,2025-12-04,4914609.94,AWARDED
T01841,ocds-synthetic-01841,D19,D19,Forest Infrastructure Division,VEHICLE_SUPPLIES,VEHICLE_PARTS,ITEM-VEHI-868,KA-NORTH,OPEN,LOWEST_PRICE,OPEN_ELIGIBILITY,2025-03-26,2025-04-12,7035215.29,AWARDED
T01842,ocds-synthetic-01842,D01,D01,State Works Division - North,BUILDING_CONSTRUCTION,CIVIL_BUILDING_WORKS,ITEM-BUIL-850,KA-NORTH,OPEN,LOWEST_PRICE,OPEN_ELIGIBILITY,2024-10-23,2024-11-09,17696273.72,AWARDED
T01843,ocds-synthetic-01843,D10,D10,Medical Services Procurement Division,ELECTRICAL_EQUIPMENT,TRANSFORMERS,ITEM-ELEC-788,KA-CENTRAL,LIMITED,LOWEST_PRICE,QUALIFIED_SUPPLIERS,2025-01-14,2025-02-03,50470391.16,AWARDED
T01844,ocds-synthetic-01844,D20,D20,Public Health Engineering Division,ELECTRICAL_EQUIPMENT,CONTROL_EQUIPMENT,ITEM-ELEC-104,KA-SOUTH,OPEN,LOWEST_PRICE,OPEN_ELIGIBILITY,2026-04-20,2026-05-03,1768703.5,AWARDED
T01845,ocds-synthetic-01845,D14,D14,Agricultural Infrastructure Division,CIVIL_MAINTENANCE,ELECTRICAL_MAINTENANCE,ITEM-CIVI-128,KA-NORTH,OPEN,LOWEST_PRICE,OPEN_ELIGIBILITY,2025-07-19,2025-08-01,5428385.98,AWARDED
T01846,ocds-synthetic-01846,D13,D13,Tourism Infrastructure Division,CIVIL_MAINTENANCE,GENERAL_REPAIRS,ITEM-CIVI-433,KA-CENTRAL,LIMITED,LOWEST_PRICE,QUALIFIED_SUPPLIERS,2026-03-31,2026-04-09,12954331.74,AWARDED
T01847,ocds-synthetic-01847,D04,D04,State Education Procurement Division,ROAD_CONSTRUCTION,ROAD_MAINTENANCE,ITEM-ROAD-465,KA-NORTH,OPEN,LOWEST_PRICE,OPEN_ELIGIBILITY,2024-02-05,2024-02-18,8151107.71,AWARDED
T01848,ocds-synthetic-01848,D10,D10,Medical Services Procurement Division,ROAD_CONSTRUCTION,BITUMINOUS_WORKS,ITEM-ROAD-436,KA-CENTRAL,OPEN,LOWEST_PRICE,OPEN_ELIGIBILITY,2024-01-10,2024-02-11,44506697.61,AWARDED
T01849,ocds-synthetic-01849,D20,D20,Public Health Engineering Division,ROAD_CONSTRUCTION,DRAINAGE_WORKS,ITEM-ROAD-719,KA-SOUTH,LIMITED,LOWEST_PRICE,QUALIFIED_SUPPLIERS,2025-07-19,2025-07-28,14089198.12,AWARDED
T01850,ocds-synthetic-01850,D05,D05,Rural Development Division,MEDICAL_SUPPLIES,HOSPITAL_SUPPLIES,ITEM-MEDI-361,KA-NORTH,LIMITED,LOWEST_PRICE,QUALIFIED_SUPPLIERS,2024-10-29,2024-11-12,28486987.85,AWARDED
T01851,ocds-synthetic-01851,D03,D03,State Health Procurement Division,MEDICAL_SUPPLIES,DIAGNOSTIC_EQUIPMENT,ITEM-MEDI-895,KA-CENTRAL,OPEN,LOWEST_PRICE,OPEN_ELIGIBILITY,2024-07-03,2024-07-27,51870204.4,AWARDED
T01852,ocds-synthetic-01852,D04,D04,State Education Procurement Division,ROAD_CONSTRUCTION,ROAD_MAINTENANCE,ITEM-ROAD-833,KA-NORTH,OPEN,LOWEST_PRICE,OPEN_ELIGIBILITY,2024-03-09,2024-03-21,17594747.02,AWARDED
T01853,ocds-synthetic-01853,D05,D05,Rural Development Division,BUILDING_CONSTRUCTION,PUBLIC_BUILDING,ITEM-BUIL-854,KA-NORTH,LIMITED,LOWEST_PRICE,QUALIFIED_SUPPLIERS,2024-01-02,2024-01-26,57615771.91,AWARDED
T01854,ocds-synthetic-01854,D11,D11,Urban Technology Division,ROAD_CONSTRUCTION,ROAD_WIDENING,ITEM-ROAD-308,KA-BENGALURU,OPEN,LOWEST_PRICE,OPEN_ELIGIBILITY,2025-03-04,2025-03-29,125659744.33,AWARDED
T01855,ocds-synthetic-01855,D12,D12,Housing Infrastructure Division,WATER_INFRASTRUCTURE,PUMPING_SYSTEMS,ITEM-WATE-236,KA-SOUTH,OPEN,LOWEST_PRICE,OPEN_ELIGIBILITY,2025-04-23,2025-06-06,5597504.77,AWARDED
T01856,ocds-synthetic-01856,D15,D15,Energy Procurement Division,IT_SERVICES,CYBERSECURITY,ITEM-IT_S-740,KA-SOUTH,OPEN,QUALITY_AND_COST,OPEN_ELIGIBILITY,2024-02-13,2024-03-20,21618069.24,AWARDED
T01857,ocds-synthetic-01857,D19,D19,Forest Infrastructure Division,VEHICLE_SUPPLIES,VEHICLE_PARTS,ITEM-VEHI-173,KA-NORTH,OPEN,LOWEST_PRICE,OPEN_ELIGIBILITY,2025-01-31,2025-03-12,1683432.41,AWARDED
T01858,ocds-synthetic-01858,D13,D13,Tourism Infrastructure Division,IT_SERVICES,IT_HARDWARE,ITEM-IT_S-418,KA-CENTRAL,OPEN,LOWEST_PRICE,OPEN_ELIGIBILITY,2024-09-03,2024-10-12,40625288.78,AWARDED
T01859,ocds-synthetic-01859,D04,D04,State Education Procurement Division,ROAD_CONSTRUCTION,ROAD_RESURFACING,ITEM-ROAD-549,KA-NORTH,LIMITED,LOWEST_PRICE,QUALIFIED_SUPPLIERS,2025-08-29,2025-09-09,22385133.96,AWARDED
T01860,ocds-synthetic-01860,D14,D14,Agricultural Infrastructure Division,ROAD_CONSTRUCTION,DRAINAGE_WORKS,ITEM-ROAD-974,KA-NORTH,OPEN,LOWEST_PRICE,OPEN_ELIGIBILITY,2024-01-12,2024-02-02,27619461.01,AWARDED
T01861,ocds-synthetic-01861,D04,D04,State Education Procurement Division,FURNITURE,HOSPITAL_FURNITURE,ITEM-FURN-480,KA-NORTH,OPEN,LOWEST_PRICE,OPEN_ELIGIBILITY,2024-10-12,2024-10-31,439461.62,AWARDED
T01862,ocds-synthetic-01862,D15,D15,Energy Procurement Division,IT_SERVICES,CYBERSECURITY,ITEM-IT_S-874,KA-SOUTH,TWO_STAGE,QUALITY_AND_COST,QUALIFIED_SUPPLIERS,2026-06-20,2026-08-20,20287005.55,AWARDED
T01863,ocds-synthetic-01863,D14,D14,Agricultural Infrastructure Division,CIVIL_MAINTENANCE,ELECTRICAL_MAINTENANCE,ITEM-CIVI-798,KA-NORTH,OPEN,LOWEST_PRICE,OPEN_ELIGIBILITY,2026-04-28,2026-06-02,11239249.11,AWARDED
T01864,ocds-synthetic-01864,D19,D19,Forest Infrastructure Division,VEHICLE_SUPPLIES,FLEET_MAINTENANCE,ITEM-VEHI-695,KA-NORTH,OPEN,LOWEST_PRICE,OPEN_ELIGIBILITY,2025-12-05,2026-01-14,4328238.23,AWARDED
T01865,ocds-synthetic-01865,D12,D12,Housing Infrastructure Division,ROAD_CONSTRUCTION,BITUMINOUS_WORKS,ITEM-ROAD-608,KA-SOUTH,OPEN,LOWEST_PRICE,OPEN_ELIGIBILITY,2026-01-24,2026-02-16,6613613.83,AWARDED
T01866,ocds-synthetic-01866,D03,D03,State Health Procurement Division,LAB_EQUIPMENT,ANALYTICAL_INSTRUMENTS,ITEM-LAB_-473,KA-CENTRAL,OPEN,LOWEST_PRICE,OPEN_ELIGIBILITY,2025-09-05,2025-10-14,9412314.74,AWARDED
T01867,ocds-synthetic-01867,D20,D20,Public Health Engineering Division,ELECTRICAL_EQUIPMENT,CONTROL_EQUIPMENT,ITEM-ELEC-170,KA-SOUTH,TWO_STAGE,LOWEST_PRICE,QUALIFIED_SUPPLIERS,2025-04-01,2025-04-30,15093428.29,AWARDED
T01868,ocds-synthetic-01868,D09,D09,State Transport Division,BUILDING_CONSTRUCTION,PUBLIC_BUILDING,ITEM-BUIL-916,KA-SOUTH,LIMITED,LOWEST_PRICE,QUALIFIED_SUPPLIERS,2025-06-18,2025-07-03,36780214.04,AWARDED
T01869,ocds-synthetic-01869,D12,D12,Housing Infrastructure Division,CIVIL_MAINTENANCE,ROAD_MAINTENANCE,ITEM-CIVI-887,KA-SOUTH,OPEN,LOWEST_PRICE,OPEN_ELIGIBILITY,2026-07-06,2026-07-25,21759375.65,AWARDED
T01870,ocds-synthetic-01870,D03,D03,State Health Procurement Division,ELECTRICAL_EQUIPMENT,CONTROL_EQUIPMENT,ITEM-ELEC-956,KA-CENTRAL,OPEN,LOWEST_PRICE,OPEN_ELIGIBILITY,2024-10-24,2024-12-04,19097709.25,AWARDED
T01871,ocds-synthetic-01871,D08,D08,Municipal Services Division,BUILDING_CONSTRUCTION,RENOVATION,ITEM-BUIL-634,KA-CENTRAL,OPEN,LOWEST_PRICE,OPEN_ELIGIBILITY,2025-12-21,2026-01-08,8394430.51,AWARDED
T01872,ocds-synthetic-01872,D03,D03,State Health Procurement Division,CIVIL_MAINTENANCE,ELECTRICAL_MAINTENANCE,ITEM-CIVI-390,KA-CENTRAL,OPEN,LOWEST_PRICE,OPEN_ELIGIBILITY,2025-03-16,2025-04-18,3609650.06,AWARDED
T01873,ocds-synthetic-01873,D13,D13,Tourism Infrastructure Division,ELECTRICAL_EQUIPMENT,CABLING,ITEM-ELEC-223,KA-CENTRAL,OPEN,LOWEST_PRICE,OPEN_ELIGIBILITY,2024-02-08,2024-03-11,14644259.48,AWARDED
T01874,ocds-synthetic-01874,D11,D11,Urban Technology Division,MEDICAL_SUPPLIES,HOSPITAL_SUPPLIES,ITEM-MEDI-570,KA-BENGALURU,OPEN,LOWEST_PRICE,OPEN_ELIGIBILITY,2025-10-26,2025-11-28,11603570.3,AWARDED
T01875,ocds-synthetic-01875,D15,D15,Energy Procurement Division,BUILDING_CONSTRUCTION,STRUCTURAL_WORKS,ITEM-BUIL-206,KA-SOUTH,LIMITED,LOWEST_PRICE,QUALIFIED_SUPPLIERS,2025-02-03,2025-02-27,23668147.89,AWARDED
T01876,ocds-synthetic-01876,D20,D20,Public Health Engineering Division,ELECTRICAL_EQUIPMENT,TRANSFORMERS,ITEM-ELEC-845,KA-SOUTH,OPEN,LOWEST_PRICE,OPEN_ELIGIBILITY,2026-01-14,2026-01-29,18760188.1,AWARDED
T01877,ocds-synthetic-01877,D02,D02,Urban Infrastructure Division - South,ELECTRICAL_EQUIPMENT,TRANSFORMERS,ITEM-ELEC-280,KA-SOUTH,OPEN,LOWEST_PRICE,OPEN_ELIGIBILITY,2026-02-08,2026-03-25,18079561.57,AWARDED
T01878,ocds-synthetic-01878,D16,D16,Infrastructure Development Division,BUILDING_CONSTRUCTION,CIVIL_BUILDING_WORKS,ITEM-BUIL-297,KA-CENTRAL,OPEN,LOWEST_PRICE,OPEN_ELIGIBILITY,2024-04-17,2024-05-13,57258776.96,AWARDED
T01879,ocds-synthetic-01879,D04,D04,State Education Procurement Division,IT_SERVICES,SOFTWARE_DEVELOPMENT,ITEM-IT_S-516,KA-NORTH,OPEN,QUALITY_AND_COST,OPEN_ELIGIBILITY,2026-06-19,2026-07-03,7905754.3,AWARDED
T01880,ocds-synthetic-01880,D01,D01,State Works Division - North,ROAD_CONSTRUCTION,BITUMINOUS_WORKS,ITEM-ROAD-676,KA-NORTH,LIMITED,LOWEST_PRICE,QUALIFIED_SUPPLIERS,2024-12-22,2025-01-20,81150238.98,AWARDED
T01881,ocds-synthetic-01881,D08,D08,Municipal Services Division,CIVIL_MAINTENANCE,BUILDING_MAINTENANCE,ITEM-CIVI-978,KA-CENTRAL,OPEN,LOWEST_PRICE,OPEN_ELIGIBILITY,2025-10-31,2025-12-14,10334649.5,AWARDED
T01882,ocds-synthetic-01882,D16,D16,Infrastructure Development Division,IT_SERVICES,CYBERSECURITY,ITEM-IT_S-283,KA-CENTRAL,OPEN,LOWEST_PRICE,OPEN_ELIGIBILITY,2024-07-02,2024-07-22,6773479.97,AWARDED
T01883,ocds-synthetic-01883,D03,D03,State Health Procurement Division,ROAD_CONSTRUCTION,ROAD_RESURFACING,ITEM-ROAD-174,KA-CENTRAL,OPEN,LOWEST_PRICE,OPEN_ELIGIBILITY,2025-08-15,2025-09-13,7202819.44,AWARDED
T01884,ocds-synthetic-01884,D01,D01,State Works Division - North,ROAD_CONSTRUCTION,BITUMINOUS_WORKS,ITEM-ROAD-698,KA-NORTH,OPEN,LOWEST_PRICE,OPEN_ELIGIBILITY,2024-12-19,2025-01-02,73289357.94,AWARDED
T01885,ocds-synthetic-01885,D17,D17,Higher Education Procurement Division,FURNITURE,SCHOOL_FURNITURE,ITEM-FURN-699,KA-BENGALURU,OPEN,LOWEST_PRICE,OPEN_ELIGIBILITY,2024-03-19,2024-04-08,1351683.48,AWARDED
T01886,ocds-synthetic-01886,D04,D04,State Education Procurement Division,ELECTRICAL_EQUIPMENT,TRANSFORMERS,ITEM-ELEC-933,KA-NORTH,OPEN,LOWEST_PRICE,OPEN_ELIGIBILITY,2025-08-28,2025-09-16,5716985.48,AWARDED
T01887,ocds-synthetic-01887,D11,D11,Urban Technology Division,BUILDING_CONSTRUCTION,CIVIL_BUILDING_WORKS,ITEM-BUIL-361,KA-BENGALURU,OPEN,LOWEST_PRICE,OPEN_ELIGIBILITY,2025-09-10,2025-10-02,32841448.32,AWARDED
T01888,ocds-synthetic-01888,D05,D05,Rural Development Division,LAB_EQUIPMENT,ANALYTICAL_INSTRUMENTS,ITEM-LAB_-406,KA-NORTH,OPEN,LOWEST_PRICE,OPEN_ELIGIBILITY,2025-01-16,2025-01-30,5651126.68,AWARDED
T01889,ocds-synthetic-01889,D07,D07,Power Systems Division,BUILDING_CONSTRUCTION,RENOVATION,ITEM-BUIL-626,KA-NORTH,OPEN,LOWEST_PRICE,OPEN_ELIGIBILITY,2025-11-03,2025-11-27,57863661.85,AWARDED
T01890,ocds-synthetic-01890,D05,D05,Rural Development Division,WATER_INFRASTRUCTURE,PIPELINE_WORKS,ITEM-WATE-442,KA-NORTH,OPEN,LOWEST_PRICE,OPEN_ELIGIBILITY,2025-05-17,2025-06-20,84174174.82,AWARDED
T01891,ocds-synthetic-01891,D19,D19,Forest Infrastructure Division,CIVIL_MAINTENANCE,BUILDING_MAINTENANCE,ITEM-CIVI-897,KA-NORTH,OPEN,LOWEST_PRICE,OPEN_ELIGIBILITY,2024-12-03,2024-12-24,4475053.59,AWARDED
T01892,ocds-synthetic-01892,D08,D08,Municipal Services Division,IT_SERVICES,IT_HARDWARE,ITEM-IT_S-481,KA-CENTRAL,OPEN,QUALITY_AND_COST,OPEN_ELIGIBILITY,2024-10-31,2024-11-29,27331926.13,AWARDED
T01893,ocds-synthetic-01893,D14,D14,Agricultural Infrastructure Division,CIVIL_MAINTENANCE,ROAD_MAINTENANCE,ITEM-CIVI-931,KA-NORTH,OPEN,LOWEST_PRICE,OPEN_ELIGIBILITY,2025-02-20,2025-03-31,5470198.36,AWARDED
T01894,ocds-synthetic-01894,D06,D06,Water Resources Division,CIVIL_MAINTENANCE,GENERAL_REPAIRS,ITEM-CIVI-601,KA-SOUTH,OPEN,LOWEST_PRICE,OPEN_ELIGIBILITY,2024-10-13,2024-10-26,3874029.58,AWARDED
T01895,ocds-synthetic-01895,D17,D17,Higher Education Procurement Division,CIVIL_MAINTENANCE,BUILDING_MAINTENANCE,ITEM-CIVI-859,KA-BENGALURU,OPEN,LOWEST_PRICE,OPEN_ELIGIBILITY,2024-09-08,2024-10-10,6014701.6,AWARDED
T01896,ocds-synthetic-01896,D18,D18,Industrial Development Division,ELECTRICAL_EQUIPMENT,TRANSFORMERS,ITEM-ELEC-285,KA-CENTRAL,OPEN,LOWEST_PRICE,OPEN_ELIGIBILITY,2025-01-17,2025-02-10,18482177.77,AWARDED
T01897,ocds-synthetic-01897,D07,D07,Power Systems Division,CIVIL_MAINTENANCE,ELECTRICAL_MAINTENANCE,ITEM-CIVI-392,KA-NORTH,OPEN,LOWEST_PRICE,OPEN_ELIGIBILITY,2025-10-07,2025-10-25,18256287.72,AWARDED
T01898,ocds-synthetic-01898,D03,D03,State Health Procurement Division,ELECTRICAL_EQUIPMENT,TRANSFORMERS,ITEM-ELEC-172,KA-CENTRAL,OPEN,LOWEST_PRICE,OPEN_ELIGIBILITY,2026-04-06,2026-04-25,7418123.01,AWARDED
T01899,ocds-synthetic-01899,D15,D15,Energy Procurement Division,ROAD_CONSTRUCTION,ROAD_MAINTENANCE,ITEM-ROAD-573,KA-SOUTH,OPEN,LOWEST_PRICE,OPEN_ELIGIBILITY,2024-10-29,2024-11-24,9333400.24,AWARDED
T01900,ocds-synthetic-01900,D17,D17,Higher Education Procurement Division,FURNITURE,HOSPITAL_FURNITURE,ITEM-FURN-480,KA-BENGALURU,OPEN,LOWEST_PRICE,OPEN_ELIGIBILITY,2024-01-27,2024-03-01,2598682.64,AWARDED
T01901,ocds-synthetic-01901,D08,D08,Municipal Services Division,CIVIL_MAINTENANCE,GENERAL_REPAIRS,ITEM-CIVI-944,KA-CENTRAL,OPEN,LOWEST_PRICE,OPEN_ELIGIBILITY,2024-06-11,2024-07-14,3321757.75,AWARDED
T01902,ocds-synthetic-01902,D16,D16,Infrastructure Development Division,ROAD_CONSTRUCTION,ROAD_MAINTENANCE,ITEM-ROAD-881,KA-CENTRAL,TWO_STAGE,LOWEST_PRICE,QUALIFIED_SUPPLIERS,2026-07-21,2026-08-26,7277926.96,AWARDED
T01903,ocds-synthetic-01903,D07,D07,Power Systems Division,CIVIL_MAINTENANCE,ELECTRICAL_MAINTENANCE,ITEM-CIVI-934,KA-NORTH,OPEN,LOWEST_PRICE,OPEN_ELIGIBILITY,2024-02-29,2024-03-19,3120532.74,AWARDED
T01904,ocds-synthetic-01904,D01,D01,State Works Division - North,WATER_INFRASTRUCTURE,PUMPING_SYSTEMS,ITEM-WATE-772,KA-NORTH,OPEN,LOWEST_PRICE,OPEN_ELIGIBILITY,2025-12-16,2026-01-05,132032250.18,AWARDED
T01905,ocds-synthetic-01905,D11,D11,Urban Technology Division,CIVIL_MAINTENANCE,GENERAL_REPAIRS,ITEM-CIVI-538,KA-BENGALURU,LIMITED,LOWEST_PRICE,QUALIFIED_SUPPLIERS,2026-03-29,2026-04-21,1115297.32,AWARDED
T01906,ocds-synthetic-01906,D08,D08,Municipal Services Division,FURNITURE,SCHOOL_FURNITURE,ITEM-FURN-258,KA-CENTRAL,OPEN,LOWEST_PRICE,OPEN_ELIGIBILITY,2024-06-15,2024-06-30,6242095.23,AWARDED
T01907,ocds-synthetic-01907,D12,D12,Housing Infrastructure Division,VEHICLE_SUPPLIES,VEHICLE_PARTS,ITEM-VEHI-624,KA-SOUTH,LIMITED,LOWEST_PRICE,QUALIFIED_SUPPLIERS,2025-10-09,2025-10-31,6955430.63,AWARDED
T01908,ocds-synthetic-01908,D03,D03,State Health Procurement Division,MEDICAL_SUPPLIES,MEDICAL_DEVICES,ITEM-MEDI-835,KA-CENTRAL,OPEN,LOWEST_PRICE,OPEN_ELIGIBILITY,2025-03-07,2025-03-19,4874029.71,AWARDED
T01909,ocds-synthetic-01909,D19,D19,Forest Infrastructure Division,BUILDING_CONSTRUCTION,STRUCTURAL_WORKS,ITEM-BUIL-958,KA-NORTH,OPEN,LOWEST_PRICE,OPEN_ELIGIBILITY,2026-08-23,2026-08-31,4637313.73,AWARDED
T01910,ocds-synthetic-01910,D19,D19,Forest Infrastructure Division,BUILDING_CONSTRUCTION,STRUCTURAL_WORKS,ITEM-BUIL-182,KA-NORTH,OPEN,LOWEST_PRICE,OPEN_ELIGIBILITY,2025-07-03,2025-07-24,95510747.17,AWARDED
T01911,ocds-synthetic-01911,D19,D19,Forest Infrastructure Division,CIVIL_MAINTENANCE,BUILDING_MAINTENANCE,ITEM-CIVI-991,KA-NORTH,OPEN,LOWEST_PRICE,OPEN_ELIGIBILITY,2026-08-19,2026-08-31,14815042.76,AWARDED
T01912,ocds-synthetic-01912,D12,D12,Housing Infrastructure Division,BUILDING_CONSTRUCTION,CIVIL_BUILDING_WORKS,ITEM-BUIL-585,KA-SOUTH,OPEN,LOWEST_PRICE,OPEN_ELIGIBILITY,2024-09-02,2024-09-30,96160535.62,AWARDED
T01913,ocds-synthetic-01913,D14,D14,Agricultural Infrastructure Division,ROAD_CONSTRUCTION,ROAD_WIDENING,ITEM-ROAD-586,KA-NORTH,OPEN,LOWEST_PRICE,OPEN_ELIGIBILITY,2025-09-03,2025-10-18,29121358.24,AWARDED
T01914,ocds-synthetic-01914,D14,D14,Agricultural Infrastructure Division,BUILDING_CONSTRUCTION,RENOVATION,ITEM-BUIL-774,KA-NORTH,LIMITED,LOWEST_PRICE,QUALIFIED_SUPPLIERS,2026-07-07,2026-07-21,4289526.27,AWARDED
T01915,ocds-synthetic-01915,D04,D04,State Education Procurement Division,MEDICAL_SUPPLIES,HOSPITAL_SUPPLIES,ITEM-MEDI-548,KA-NORTH,OPEN,LOWEST_PRICE,OPEN_ELIGIBILITY,2024-10-29,2024-11-26,1594113.44,AWARDED
T01916,ocds-synthetic-01916,D16,D16,Infrastructure Development Division,BUILDING_CONSTRUCTION,CIVIL_BUILDING_WORKS,ITEM-BUIL-401,KA-CENTRAL,OPEN,LOWEST_PRICE,OPEN_ELIGIBILITY,2025-10-01,2025-11-08,38542121.89,AWARDED
T01917,ocds-synthetic-01917,D04,D04,State Education Procurement Division,ROAD_CONSTRUCTION,BITUMINOUS_WORKS,ITEM-ROAD-833,KA-NORTH,OPEN,LOWEST_PRICE,OPEN_ELIGIBILITY,2025-06-29,2025-07-19,2828599.03,AWARDED
T01918,ocds-synthetic-01918,D16,D16,Infrastructure Development Division,MEDICAL_SUPPLIES,HOSPITAL_SUPPLIES,ITEM-MEDI-813,KA-CENTRAL,LIMITED,LOWEST_PRICE,QUALIFIED_SUPPLIERS,2025-10-24,2025-11-06,1083765.58,AWARDED
T01919,ocds-synthetic-01919,D05,D05,Rural Development Division,MEDICAL_SUPPLIES,MEDICAL_DEVICES,ITEM-MEDI-789,KA-NORTH,OPEN,LOWEST_PRICE,OPEN_ELIGIBILITY,2026-06-06,2026-06-24,12127041.93,AWARDED
T01920,ocds-synthetic-01920,D02,D02,Urban Infrastructure Division - South,ROAD_CONSTRUCTION,ROAD_RESURFACING,ITEM-ROAD-118,KA-SOUTH,OPEN,LOWEST_PRICE,OPEN_ELIGIBILITY,2025-10-11,2025-10-29,8963976.1,AWARDED
T01921,ocds-synthetic-01921,D08,D08,Municipal Services Division,WATER_INFRASTRUCTURE,PUMPING_SYSTEMS,ITEM-WATE-697,KA-CENTRAL,LIMITED,LOWEST_PRICE,QUALIFIED_SUPPLIERS,2026-07-09,2026-07-26,60169729.34,AWARDED
T01922,ocds-synthetic-01922,D01,D01,State Works Division - North,ELECTRICAL_EQUIPMENT,SWITCHGEAR,ITEM-ELEC-330,KA-NORTH,OPEN,LOWEST_PRICE,OPEN_ELIGIBILITY,2025-03-29,2025-05-03,5526161.27,AWARDED
T01923,ocds-synthetic-01923,D14,D14,Agricultural Infrastructure Division,MEDICAL_SUPPLIES,HOSPITAL_SUPPLIES,ITEM-MEDI-739,KA-NORTH,TWO_STAGE,LOWEST_PRICE,QUALIFIED_SUPPLIERS,2025-12-20,2026-01-14,3191698.48,AWARDED
T01924,ocds-synthetic-01924,D13,D13,Tourism Infrastructure Division,ROAD_CONSTRUCTION,DRAINAGE_WORKS,ITEM-ROAD-402,KA-CENTRAL,OPEN,LOWEST_PRICE,OPEN_ELIGIBILITY,2026-01-07,2026-01-28,8613721.19,AWARDED
T01925,ocds-synthetic-01925,D13,D13,Tourism Infrastructure Division,LAB_EQUIPMENT,SCIENTIFIC_EQUIPMENT,ITEM-LAB_-195,KA-CENTRAL,OPEN,LOWEST_PRICE,OPEN_ELIGIBILITY,2025-09-06,2025-10-06,3208517.5,AWARDED
T01926,ocds-synthetic-01926,D17,D17,Higher Education Procurement Division,WATER_INFRASTRUCTURE,WATER_TREATMENT,ITEM-WATE-430,KA-BENGALURU,OPEN,LOWEST_PRICE,OPEN_ELIGIBILITY,2025-03-24,2025-04-24,129147841.78,AWARDED
T01927,ocds-synthetic-01927,D17,D17,Higher Education Procurement Division,MEDICAL_SUPPLIES,SURGICAL_CONSUMABLES,ITEM-MEDI-220,KA-BENGALURU,OPEN,LOWEST_PRICE,OPEN_ELIGIBILITY,2025-04-16,2025-05-10,19013602.67,AWARDED
T01928,ocds-synthetic-01928,D03,D03,State Health Procurement Division,IT_SERVICES,CLOUD_SERVICES,ITEM-IT_S-463,KA-CENTRAL,OPEN,LOWEST_PRICE,OPEN_ELIGIBILITY,2024-06-15,2024-07-10,16688985.67,AWARDED
T01929,ocds-synthetic-01929,D14,D14,Agricultural Infrastructure Division,CIVIL_MAINTENANCE,GENERAL_REPAIRS,ITEM-CIVI-837,KA-NORTH,OPEN,LOWEST_PRICE,OPEN_ELIGIBILITY,2024-08-20,2024-10-04,5338588.61,AWARDED
T01930,ocds-synthetic-01930,D14,D14,Agricultural Infrastructure Division,BUILDING_CONSTRUCTION,PUBLIC_BUILDING,ITEM-BUIL-145,KA-NORTH,OPEN,LOWEST_PRICE,OPEN_ELIGIBILITY,2025-04-11,2025-04-25,16468100.09,AWARDED
T01931,ocds-synthetic-01931,D09,D09,State Transport Division,FURNITURE,SCHOOL_FURNITURE,ITEM-FURN-962,KA-SOUTH,OPEN,LOWEST_PRICE,OPEN_ELIGIBILITY,2026-04-17,2026-04-30,3076072.26,AWARDED
T01932,ocds-synthetic-01932,D02,D02,Urban Infrastructure Division - South,ROAD_CONSTRUCTION,DRAINAGE_WORKS,ITEM-ROAD-724,KA-SOUTH,OPEN,LOWEST_PRICE,OPEN_ELIGIBILITY,2025-01-15,2025-02-20,85772763.89,AWARDED
T01933,ocds-synthetic-01933,D05,D05,Rural Development Division,IT_SERVICES,IT_HARDWARE,ITEM-IT_S-353,KA-NORTH,OPEN,LOWEST_PRICE,OPEN_ELIGIBILITY,2025-08-20,2025-09-20,67828364.5,AWARDED
T01934,ocds-synthetic-01934,D12,D12,Housing Infrastructure Division,ROAD_CONSTRUCTION,DRAINAGE_WORKS,ITEM-ROAD-337,KA-SOUTH,OPEN,LOWEST_PRICE,OPEN_ELIGIBILITY,2024-02-11,2024-03-22,7265754.39,AWARDED
T01935,ocds-synthetic-01935,D17,D17,Higher Education Procurement Division,ELECTRICAL_EQUIPMENT,CONTROL_EQUIPMENT,ITEM-ELEC-823,KA-BENGALURU,OPEN,LOWEST_PRICE,OPEN_ELIGIBILITY,2025-03-08,2025-04-21,9372204.81,AWARDED
T01936,ocds-synthetic-01936,D07,D07,Power Systems Division,CIVIL_MAINTENANCE,ELECTRICAL_MAINTENANCE,ITEM-CIVI-928,KA-NORTH,OPEN,LOWEST_PRICE,OPEN_ELIGIBILITY,2024-01-24,2024-03-08,2492114.0,AWARDED
T01937,ocds-synthetic-01937,D04,D04,State Education Procurement Division,ROAD_CONSTRUCTION,ROAD_WIDENING,ITEM-ROAD-581,KA-NORTH,OPEN,LOWEST_PRICE,OPEN_ELIGIBILITY,2024-03-01,2024-03-24,17600926.27,AWARDED
T01938,ocds-synthetic-01938,D14,D14,Agricultural Infrastructure Division,IT_SERVICES,IT_HARDWARE,ITEM-IT_S-134,KA-NORTH,OPEN,QUALITY_AND_COST,OPEN_ELIGIBILITY,2025-10-03,2025-11-03,14600457.72,AWARDED
T01939,ocds-synthetic-01939,D10,D10,Medical Services Procurement Division,WATER_INFRASTRUCTURE,IRRIGATION_WORKS,ITEM-WATE-868,KA-CENTRAL,LIMITED,LOWEST_PRICE,QUALIFIED_SUPPLIERS,2024-10-25,2024-11-03,8282681.68,AWARDED
T01940,ocds-synthetic-01940,D13,D13,Tourism Infrastructure Division,CIVIL_MAINTENANCE,ELECTRICAL_MAINTENANCE,ITEM-CIVI-178,KA-CENTRAL,OPEN,LOWEST_PRICE,OPEN_ELIGIBILITY,2025-08-22,2025-09-23,8946496.99,AWARDED
T01941,ocds-synthetic-01941,D09,D09,State Transport Division,ROAD_CONSTRUCTION,BITUMINOUS_WORKS,ITEM-ROAD-460,KA-SOUTH,OPEN,LOWEST_PRICE,OPEN_ELIGIBILITY,2024-07-19,2024-08-13,14105062.0,AWARDED
T01942,ocds-synthetic-01942,D07,D07,Power Systems Division,CIVIL_MAINTENANCE,ROAD_MAINTENANCE,ITEM-CIVI-704,KA-NORTH,LIMITED,LOWEST_PRICE,QUALIFIED_SUPPLIERS,2024-01-07,2024-01-23,12389420.58,AWARDED
T01943,ocds-synthetic-01943,D05,D05,Rural Development Division,IT_SERVICES,CLOUD_SERVICES,ITEM-IT_S-443,KA-NORTH,LIMITED,QUALITY_AND_COST,QUALIFIED_SUPPLIERS,2025-06-11,2025-06-30,21188163.61,AWARDED
T01944,ocds-synthetic-01944,D06,D06,Water Resources Division,BUILDING_CONSTRUCTION,CIVIL_BUILDING_WORKS,ITEM-BUIL-914,KA-SOUTH,OPEN,LOWEST_PRICE,OPEN_ELIGIBILITY,2025-12-17,2026-01-24,43222011.61,AWARDED
T01945,ocds-synthetic-01945,D17,D17,Higher Education Procurement Division,BUILDING_CONSTRUCTION,RENOVATION,ITEM-BUIL-306,KA-BENGALURU,OPEN,LOWEST_PRICE,OPEN_ELIGIBILITY,2024-09-19,2024-11-03,27223621.4,AWARDED
T01946,ocds-synthetic-01946,D17,D17,Higher Education Procurement Division,MEDICAL_SUPPLIES,SURGICAL_CONSUMABLES,ITEM-MEDI-611,KA-BENGALURU,OPEN,LOWEST_PRICE,OPEN_ELIGIBILITY,2025-03-28,2025-05-07,22724433.34,AWARDED
T01947,ocds-synthetic-01947,D03,D03,State Health Procurement Division,BUILDING_CONSTRUCTION,CIVIL_BUILDING_WORKS,ITEM-BUIL-601,KA-CENTRAL,OPEN,LOWEST_PRICE,OPEN_ELIGIBILITY,2024-11-23,2024-12-23,56438819.02,AWARDED
T01948,ocds-synthetic-01948,D19,D19,Forest Infrastructure Division,IT_SERVICES,IT_HARDWARE,ITEM-IT_S-592,KA-NORTH,OPEN,QUALITY_AND_COST,OPEN_ELIGIBILITY,2024-01-31,2024-03-12,8043406.88,AWARDED
T01949,ocds-synthetic-01949,D09,D09,State Transport Division,ROAD_CONSTRUCTION,ROAD_RESURFACING,ITEM-ROAD-359,KA-SOUTH,LIMITED,LOWEST_PRICE,QUALIFIED_SUPPLIERS,2025-08-07,2025-08-16,34695155.84,AWARDED
T01950,ocds-synthetic-01950,D10,D10,Medical Services Procurement Division,WATER_INFRASTRUCTURE,PIPELINE_WORKS,ITEM-WATE-313,KA-CENTRAL,LIMITED,LOWEST_PRICE,QUALIFIED_SUPPLIERS,2026-07-27,2026-08-13,9867772.51,AWARDED
T01951,ocds-synthetic-01951,D16,D16,Infrastructure Development Division,ROAD_CONSTRUCTION,ROAD_RESURFACING,ITEM-ROAD-444,KA-CENTRAL,LIMITED,LOWEST_PRICE,QUALIFIED_SUPPLIERS,2026-07-22,2026-07-30,5945459.37,AWARDED
T01952,ocds-synthetic-01952,D10,D10,Medical Services Procurement Division,FURNITURE,SCHOOL_FURNITURE,ITEM-FURN-126,KA-CENTRAL,LIMITED,LOWEST_PRICE,QUALIFIED_SUPPLIERS,2026-05-13,2026-05-25,3374077.72,AWARDED
T01953,ocds-synthetic-01953,D17,D17,Higher Education Procurement Division,BUILDING_CONSTRUCTION,CIVIL_BUILDING_WORKS,ITEM-BUIL-449,KA-BENGALURU,TWO_STAGE,LOWEST_PRICE,QUALIFIED_SUPPLIERS,2024-10-21,2024-11-21,7911057.87,AWARDED
T01954,ocds-synthetic-01954,D16,D16,Infrastructure Development Division,MEDICAL_SUPPLIES,DIAGNOSTIC_EQUIPMENT,ITEM-MEDI-764,KA-CENTRAL,OPEN,LOWEST_PRICE,OPEN_ELIGIBILITY,2024-12-28,2025-01-25,8779133.71,AWARDED
T01955,ocds-synthetic-01955,D04,D04,State Education Procurement Division,CIVIL_MAINTENANCE,GENERAL_REPAIRS,ITEM-CIVI-732,KA-NORTH,OPEN,LOWEST_PRICE,OPEN_ELIGIBILITY,2025-07-13,2025-07-25,5921460.81,AWARDED
T01956,ocds-synthetic-01956,D02,D02,Urban Infrastructure Division - South,MEDICAL_SUPPLIES,DIAGNOSTIC_EQUIPMENT,ITEM-MEDI-814,KA-SOUTH,OPEN,LOWEST_PRICE,OPEN_ELIGIBILITY,2025-01-12,2025-01-24,3929321.0,AWARDED
T01957,ocds-synthetic-01957,D09,D09,State Transport Division,ROAD_CONSTRUCTION,ROAD_WIDENING,ITEM-ROAD-347,KA-SOUTH,LIMITED,LOWEST_PRICE,QUALIFIED_SUPPLIERS,2024-09-12,2024-10-07,104802522.8,AWARDED
T01958,ocds-synthetic-01958,D03,D03,State Health Procurement Division,VEHICLE_SUPPLIES,VEHICLE_PARTS,ITEM-VEHI-363,KA-CENTRAL,OPEN,LOWEST_PRICE,OPEN_ELIGIBILITY,2026-05-22,2026-06-16,17389171.2,AWARDED
T01959,ocds-synthetic-01959,D13,D13,Tourism Infrastructure Division,LAB_EQUIPMENT,CALIBRATION_EQUIPMENT,ITEM-LAB_-145,KA-CENTRAL,OPEN,LOWEST_PRICE,OPEN_ELIGIBILITY,2026-04-05,2026-05-01,3711418.35,AWARDED
T01960,ocds-synthetic-01960,D16,D16,Infrastructure Development Division,WATER_INFRASTRUCTURE,WATER_TREATMENT,ITEM-WATE-939,KA-CENTRAL,TWO_STAGE,LOWEST_PRICE,QUALIFIED_SUPPLIERS,2025-07-22,2025-09-08,12407801.89,AWARDED
T01961,ocds-synthetic-01961,D18,D18,Industrial Development Division,CIVIL_MAINTENANCE,BUILDING_MAINTENANCE,ITEM-CIVI-347,KA-CENTRAL,OPEN,LOWEST_PRICE,OPEN_ELIGIBILITY,2026-05-18,2026-06-29,22813161.54,AWARDED
T01962,ocds-synthetic-01962,D08,D08,Municipal Services Division,MEDICAL_SUPPLIES,SURGICAL_CONSUMABLES,ITEM-MEDI-562,KA-CENTRAL,LIMITED,LOWEST_PRICE,QUALIFIED_SUPPLIERS,2025-06-28,2025-07-12,5081457.91,AWARDED
T01963,ocds-synthetic-01963,D04,D04,State Education Procurement Division,ROAD_CONSTRUCTION,ROAD_MAINTENANCE,ITEM-ROAD-539,KA-NORTH,LIMITED,LOWEST_PRICE,QUALIFIED_SUPPLIERS,2025-01-31,2025-02-19,150479794.22,AWARDED
T01964,ocds-synthetic-01964,D15,D15,Energy Procurement Division,ROAD_CONSTRUCTION,ROAD_MAINTENANCE,ITEM-ROAD-667,KA-SOUTH,OPEN,LOWEST_PRICE,OPEN_ELIGIBILITY,2024-06-13,2024-07-13,11751251.36,AWARDED
T01965,ocds-synthetic-01965,D16,D16,Infrastructure Development Division,BUILDING_CONSTRUCTION,PUBLIC_BUILDING,ITEM-BUIL-293,KA-CENTRAL,OPEN,LOWEST_PRICE,OPEN_ELIGIBILITY,2024-01-04,2024-02-18,79264627.87,AWARDED
T01966,ocds-synthetic-01966,D20,D20,Public Health Engineering Division,FURNITURE,HOSPITAL_FURNITURE,ITEM-FURN-673,KA-SOUTH,OPEN,LOWEST_PRICE,OPEN_ELIGIBILITY,2026-06-03,2026-06-26,3308654.98,AWARDED
T01967,ocds-synthetic-01967,D08,D08,Municipal Services Division,IT_SERVICES,NETWORK_INFRASTRUCTURE,ITEM-IT_S-714,KA-CENTRAL,LIMITED,LOWEST_PRICE,QUALIFIED_SUPPLIERS,2024-03-15,2024-04-07,63896365.9,AWARDED
T01968,ocds-synthetic-01968,D20,D20,Public Health Engineering Division,WATER_INFRASTRUCTURE,PUMPING_SYSTEMS,ITEM-WATE-853,KA-SOUTH,OPEN,LOWEST_PRICE,OPEN_ELIGIBILITY,2026-07-13,2026-08-19,31406582.92,AWARDED
T01969,ocds-synthetic-01969,D03,D03,State Health Procurement Division,IT_SERVICES,IT_HARDWARE,ITEM-IT_S-459,KA-CENTRAL,OPEN,LOWEST_PRICE,OPEN_ELIGIBILITY,2025-08-22,2025-10-05,6165503.25,AWARDED
T01970,ocds-synthetic-01970,D13,D13,Tourism Infrastructure Division,BUILDING_CONSTRUCTION,PUBLIC_BUILDING,ITEM-BUIL-795,KA-CENTRAL,OPEN,LOWEST_PRICE,OPEN_ELIGIBILITY,2025-08-01,2025-08-15,20153378.99,AWARDED
T01971,ocds-synthetic-01971,D06,D06,Water Resources Division,FURNITURE,SCHOOL_FURNITURE,ITEM-FURN-620,KA-SOUTH,TWO_STAGE,LOWEST_PRICE,QUALIFIED_SUPPLIERS,2024-03-23,2024-05-03,1556684.97,AWARDED
T01972,ocds-synthetic-01972,D03,D03,State Health Procurement Division,ROAD_CONSTRUCTION,DRAINAGE_WORKS,ITEM-ROAD-284,KA-CENTRAL,OPEN,LOWEST_PRICE,OPEN_ELIGIBILITY,2026-02-25,2026-03-27,6364333.29,AWARDED
T01973,ocds-synthetic-01973,D15,D15,Energy Procurement Division,MEDICAL_SUPPLIES,SURGICAL_CONSUMABLES,ITEM-MEDI-423,KA-SOUTH,OPEN,LOWEST_PRICE,OPEN_ELIGIBILITY,2025-12-27,2026-01-30,9230174.35,AWARDED
T01974,ocds-synthetic-01974,D04,D04,State Education Procurement Division,VEHICLE_SUPPLIES,SPECIAL_PURPOSE_VEHICLES,ITEM-VEHI-762,KA-NORTH,OPEN,LOWEST_PRICE,OPEN_ELIGIBILITY,2025-05-26,2025-06-13,2478969.79,AWARDED
T01975,ocds-synthetic-01975,D03,D03,State Health Procurement Division,MEDICAL_SUPPLIES,SURGICAL_CONSUMABLES,ITEM-MEDI-260,KA-CENTRAL,LIMITED,LOWEST_PRICE,QUALIFIED_SUPPLIERS,2025-03-02,2025-03-22,9419991.04,AWARDED
T01976,ocds-synthetic-01976,D20,D20,Public Health Engineering Division,BUILDING_CONSTRUCTION,PUBLIC_BUILDING,ITEM-BUIL-843,KA-SOUTH,LIMITED,LOWEST_PRICE,QUALIFIED_SUPPLIERS,2026-06-21,2026-07-02,46888391.48,AWARDED
T01977,ocds-synthetic-01977,D04,D04,State Education Procurement Division,FURNITURE,SCHOOL_FURNITURE,ITEM-FURN-609,KA-NORTH,OPEN,LOWEST_PRICE,OPEN_ELIGIBILITY,2024-11-19,2024-12-30,13962764.99,AWARDED
T01978,ocds-synthetic-01978,D18,D18,Industrial Development Division,VEHICLE_SUPPLIES,FLEET_MAINTENANCE,ITEM-VEHI-396,KA-CENTRAL,LIMITED,LOWEST_PRICE,QUALIFIED_SUPPLIERS,2025-01-11,2025-02-06,740891.36,AWARDED
T01979,ocds-synthetic-01979,D06,D06,Water Resources Division,IT_SERVICES,CYBERSECURITY,ITEM-IT_S-752,KA-SOUTH,OPEN,LOWEST_PRICE,OPEN_ELIGIBILITY,2026-03-01,2026-03-15,4649317.71,AWARDED
T01980,ocds-synthetic-01980,D11,D11,Urban Technology Division,ROAD_CONSTRUCTION,BITUMINOUS_WORKS,ITEM-ROAD-603,KA-BENGALURU,TWO_STAGE,LOWEST_PRICE,QUALIFIED_SUPPLIERS,2025-11-18,2026-01-03,6637868.82,AWARDED
T01981,ocds-synthetic-01981,D15,D15,Energy Procurement Division,BUILDING_CONSTRUCTION,STRUCTURAL_WORKS,ITEM-BUIL-182,KA-SOUTH,OPEN,LOWEST_PRICE,OPEN_ELIGIBILITY,2025-02-10,2025-03-09,33335770.51,AWARDED
T01982,ocds-synthetic-01982,D09,D09,State Transport Division,ROAD_CONSTRUCTION,DRAINAGE_WORKS,ITEM-ROAD-962,KA-SOUTH,LIMITED,LOWEST_PRICE,QUALIFIED_SUPPLIERS,2025-07-19,2025-08-14,303658910.71,AWARDED
T01983,ocds-synthetic-01983,D18,D18,Industrial Development Division,IT_SERVICES,SOFTWARE_DEVELOPMENT,ITEM-IT_S-427,KA-CENTRAL,OPEN,LOWEST_PRICE,OPEN_ELIGIBILITY,2024-11-09,2024-11-26,24927831.49,AWARDED
T01984,ocds-synthetic-01984,D06,D06,Water Resources Division,ROAD_CONSTRUCTION,DRAINAGE_WORKS,ITEM-ROAD-910,KA-SOUTH,OPEN,LOWEST_PRICE,OPEN_ELIGIBILITY,2025-05-08,2025-06-05,25489488.44,AWARDED
T01985,ocds-synthetic-01985,D14,D14,Agricultural Infrastructure Division,VEHICLE_SUPPLIES,SPECIAL_PURPOSE_VEHICLES,ITEM-VEHI-877,KA-NORTH,OPEN,LOWEST_PRICE,OPEN_ELIGIBILITY,2025-07-01,2025-08-07,5458040.58,AWARDED
T01986,ocds-synthetic-01986,D07,D07,Power Systems Division,ELECTRICAL_EQUIPMENT,CABLING,ITEM-ELEC-197,KA-NORTH,OPEN,LOWEST_PRICE,OPEN_ELIGIBILITY,2025-02-04,2025-03-05,26428198.38,AWARDED
T01987,ocds-synthetic-01987,D08,D08,Municipal Services Division,ROAD_CONSTRUCTION,DRAINAGE_WORKS,ITEM-ROAD-564,KA-CENTRAL,LIMITED,LOWEST_PRICE,QUALIFIED_SUPPLIERS,2024-05-22,2024-06-04,38806093.29,AWARDED
T01988,ocds-synthetic-01988,D14,D14,Agricultural Infrastructure Division,WATER_INFRASTRUCTURE,WATER_TREATMENT,ITEM-WATE-170,KA-NORTH,OPEN,LOWEST_PRICE,OPEN_ELIGIBILITY,2024-09-08,2024-10-10,12232147.3,AWARDED
T01989,ocds-synthetic-01989,D01,D01,State Works Division - North,IT_SERVICES,NETWORK_INFRASTRUCTURE,ITEM-IT_S-605,KA-NORTH,OPEN,LOWEST_PRICE,OPEN_ELIGIBILITY,2026-03-08,2026-03-24,4181410.36,AWARDED
T01990,ocds-synthetic-01990,D20,D20,Public Health Engineering Division,CIVIL_MAINTENANCE,GENERAL_REPAIRS,ITEM-CIVI-412,KA-SOUTH,OPEN,LOWEST_PRICE,OPEN_ELIGIBILITY,2024-05-16,2024-06-03,5320792.03,AWARDED
T01991,ocds-synthetic-01991,D02,D02,Urban Infrastructure Division - South,ELECTRICAL_EQUIPMENT,TRANSFORMERS,ITEM-ELEC-159,KA-SOUTH,OPEN,LOWEST_PRICE,OPEN_ELIGIBILITY,2024-03-18,2024-04-13,4258576.59,AWARDED
T01992,ocds-synthetic-01992,D17,D17,Higher Education Procurement Division,WATER_INFRASTRUCTURE,WATER_TREATMENT,ITEM-WATE-669,KA-BENGALURU,OPEN,LOWEST_PRICE,OPEN_ELIGIBILITY,2024-12-07,2024-12-26,23678896.92,AWARDED
T01993,ocds-synthetic-01993,D14,D14,Agricultural Infrastructure Division,ELECTRICAL_EQUIPMENT,TRANSFORMERS,ITEM-ELEC-297,KA-NORTH,TWO_STAGE,LOWEST_PRICE,QUALIFIED_SUPPLIERS,2024-08-24,2024-09-26,23044091.46,AWARDED
T01994,ocds-synthetic-01994,D01,D01,State Works Division - North,ROAD_CONSTRUCTION,BITUMINOUS_WORKS,ITEM-ROAD-596,KA-NORTH,OPEN,LOWEST_PRICE,OPEN_ELIGIBILITY,2024-06-18,2024-07-04,62134617.61,AWARDED
T01995,ocds-synthetic-01995,D10,D10,Medical Services Procurement Division,ROAD_CONSTRUCTION,ROAD_MAINTENANCE,ITEM-ROAD-334,KA-CENTRAL,LIMITED,LOWEST_PRICE,QUALIFIED_SUPPLIERS,2024-02-04,2024-02-14,14240914.5,AWARDED
T01996,ocds-synthetic-01996,D17,D17,Higher Education Procurement Division,ROAD_CONSTRUCTION,DRAINAGE_WORKS,ITEM-ROAD-978,KA-BENGALURU,TWO_STAGE,LOWEST_PRICE,QUALIFIED_SUPPLIERS,2026-04-20,2026-06-07,52953288.26,AWARDED
T01997,ocds-synthetic-01997,D09,D09,State Transport Division,MEDICAL_SUPPLIES,MEDICAL_DEVICES,ITEM-MEDI-119,KA-SOUTH,OPEN,LOWEST_PRICE,OPEN_ELIGIBILITY,2025-07-19,2025-08-21,3813971.82,AWARDED
T01998,ocds-synthetic-01998,D10,D10,Medical Services Procurement Division,BUILDING_CONSTRUCTION,RENOVATION,ITEM-BUIL-245,KA-CENTRAL,OPEN,LOWEST_PRICE,OPEN_ELIGIBILITY,2024-09-29,2024-10-14,10349636.54,AWARDED
T01999,ocds-synthetic-01999,D10,D10,Medical Services Procurement Division,IT_SERVICES,CLOUD_SERVICES,ITEM-IT_S-174,KA-CENTRAL,OPEN,LOWEST_PRICE,OPEN_ELIGIBILITY,2026-07-19,2026-08-31,2574016.07,AWARDED
T02000,ocds-synthetic-02000,D14,D14,Agricultural Infrastructure Division,WATER_INFRASTRUCTURE,WATER_TREATMENT,ITEM-WATE-698,KA-NORTH,OPEN,LOWEST_PRICE,OPEN_ELIGIBILITY,2025-03-01,2025-04-10,320660514.11,AWARDED
T02001,ocds-synthetic-02001,D19,D19,Forest Infrastructure Division,ELECTRICAL_EQUIPMENT,CONTROL_EQUIPMENT,ITEM-ELEC-919,KA-NORTH,LIMITED,LOWEST_PRICE,QUALIFIED_SUPPLIERS,2026-01-19,2026-02-13,14934738.18,AWARDED
T02002,ocds-synthetic-02002,D12,D12,Housing Infrastructure Division,BUILDING_CONSTRUCTION,STRUCTURAL_WORKS,ITEM-BUIL-719,KA-SOUTH,LIMITED,LOWEST_PRICE,QUALIFIED_SUPPLIERS,2024-03-07,2024-03-26,38391735.89,AWARDED
T02003,ocds-synthetic-02003,D13,D13,Tourism Infrastructure Division,ROAD_CONSTRUCTION,ROAD_MAINTENANCE,ITEM-ROAD-295,KA-CENTRAL,TWO_STAGE,LOWEST_PRICE,QUALIFIED_SUPPLIERS,2026-02-19,2026-03-23,47294540.36,AWARDED
T02004,ocds-synthetic-02004,D09,D09,State Transport Division,BUILDING_CONSTRUCTION,STRUCTURAL_WORKS,ITEM-BUIL-864,KA-SOUTH,OPEN,LOWEST_PRICE,OPEN_ELIGIBILITY,2026-01-19,2026-03-05,10707296.04,AWARDED
T02005,ocds-synthetic-02005,D07,D07,Power Systems Division,BUILDING_CONSTRUCTION,STRUCTURAL_WORKS,ITEM-BUIL-835,KA-NORTH,LIMITED,LOWEST_PRICE,QUALIFIED_SUPPLIERS,2024-06-07,2024-06-21,34715029.0,AWARDED
T02006,ocds-synthetic-02006,D03,D03,State Health Procurement Division,FURNITURE,OFFICE_FURNITURE,ITEM-FURN-749,KA-CENTRAL,OPEN,LOWEST_PRICE,OPEN_ELIGIBILITY,2026-06-18,2026-07-23,1340628.4,AWARDED
T02007,ocds-synthetic-02007,D19,D19,Forest Infrastructure Division,MEDICAL_SUPPLIES,DIAGNOSTIC_EQUIPMENT,ITEM-MEDI-390,KA-NORTH,OPEN,LOWEST_PRICE,OPEN_ELIGIBILITY,2026-07-23,2026-08-22,1847586.71,AWARDED
T02008,ocds-synthetic-02008,D10,D10,Medical Services Procurement Division,WATER_INFRASTRUCTURE,PIPELINE_WORKS,ITEM-WATE-427,KA-CENTRAL,OPEN,LOWEST_PRICE,OPEN_ELIGIBILITY,2025-04-11,2025-05-15,10391624.98,AWARDED
T02009,ocds-synthetic-02009,D04,D04,State Education Procurement Division,WATER_INFRASTRUCTURE,PUMPING_SYSTEMS,ITEM-WATE-136,KA-NORTH,TWO_STAGE,LOWEST_PRICE,QUALIFIED_SUPPLIERS,2026-01-26,2026-04-11,2717061.12,AWARDED
T02010,ocds-synthetic-02010,D03,D03,State Health Procurement Division,ROAD_CONSTRUCTION,ROAD_WIDENING,ITEM-ROAD-572,KA-CENTRAL,TWO_STAGE,LOWEST_PRICE,QUALIFIED_SUPPLIERS,2024-09-29,2024-10-26,21229570.07,AWARDED
T02011,ocds-synthetic-02011,D20,D20,Public Health Engineering Division,BUILDING_CONSTRUCTION,PUBLIC_BUILDING,ITEM-BUIL-124,KA-SOUTH,OPEN,LOWEST_PRICE,OPEN_ELIGIBILITY,2024-09-02,2024-10-01,16991916.87,AWARDED
T02012,ocds-synthetic-02012,D13,D13,Tourism Infrastructure Division,IT_SERVICES,SOFTWARE_DEVELOPMENT,ITEM-IT_S-121,KA-CENTRAL,LIMITED,LOWEST_PRICE,QUALIFIED_SUPPLIERS,2024-01-07,2024-01-29,6958951.43,AWARDED
T02013,ocds-synthetic-02013,D19,D19,Forest Infrastructure Division,VEHICLE_SUPPLIES,SPECIAL_PURPOSE_VEHICLES,ITEM-VEHI-271,KA-NORTH,TWO_STAGE,LOWEST_PRICE,QUALIFIED_SUPPLIERS,2025-04-27,2025-06-28,1712719.34,AWARDED
T02014,ocds-synthetic-02014,D08,D08,Municipal Services Division,WATER_INFRASTRUCTURE,PUMPING_SYSTEMS,ITEM-WATE-367,KA-CENTRAL,LIMITED,LOWEST_PRICE,QUALIFIED_SUPPLIERS,2026-06-16,2026-06-28,2307757.51,AWARDED
T02015,ocds-synthetic-02015,D01,D01,State Works Division - North,LAB_EQUIPMENT,ANALYTICAL_INSTRUMENTS,ITEM-LAB_-495,KA-NORTH,OPEN,LOWEST_PRICE,OPEN_ELIGIBILITY,2026-05-29,2026-06-23,12807116.35,AWARDED
T02016,ocds-synthetic-02016,D10,D10,Medical Services Procurement Division,BUILDING_CONSTRUCTION,CIVIL_BUILDING_WORKS,ITEM-BUIL-552,KA-CENTRAL,OPEN,LOWEST_PRICE,OPEN_ELIGIBILITY,2024-04-02,2024-04-29,35465907.38,AWARDED
T02017,ocds-synthetic-02017,D05,D05,Rural Development Division,IT_SERVICES,CLOUD_SERVICES,ITEM-IT_S-572,KA-NORTH,OPEN,LOWEST_PRICE,OPEN_ELIGIBILITY,2025-12-17,2026-01-05,34071520.2,AWARDED
T02018,ocds-synthetic-02018,D07,D07,Power Systems Division,ROAD_CONSTRUCTION,ROAD_RESURFACING,ITEM-ROAD-929,KA-NORTH,LIMITED,LOWEST_PRICE,QUALIFIED_SUPPLIERS,2024-09-28,2024-10-16,59156529.31,AWARDED
T02019,ocds-synthetic-02019,D06,D06,Water Resources Division,MEDICAL_SUPPLIES,SURGICAL_CONSUMABLES,ITEM-MEDI-761,KA-SOUTH,TWO_STAGE,LOWEST_PRICE,QUALIFIED_SUPPLIERS,2024-08-16,2024-10-16,1418813.75,AWARDED
T02020,ocds-synthetic-02020,D02,D02,Urban Infrastructure Division - South,WATER_INFRASTRUCTURE,IRRIGATION_WORKS,ITEM-WATE-151,KA-SOUTH,OPEN,LOWEST_PRICE,OPEN_ELIGIBILITY,2024-02-29,2024-04-12,14230880.27,AWARDED
T02021,ocds-synthetic-02021,D15,D15,Energy Procurement Division,WATER_INFRASTRUCTURE,IRRIGATION_WORKS,ITEM-WATE-119,KA-SOUTH,OPEN,LOWEST_PRICE,OPEN_ELIGIBILITY,2025-01-11,2025-02-23,24073567.16,AWARDED
T02022,ocds-synthetic-02022,D12,D12,Housing Infrastructure Division,BUILDING_CONSTRUCTION,CIVIL_BUILDING_WORKS,ITEM-BUIL-610,KA-SOUTH,OPEN,LOWEST_PRICE,OPEN_ELIGIBILITY,2024-04-27,2024-06-11,73126314.84,AWARDED
T02023,ocds-synthetic-02023,D02,D02,Urban Infrastructure Division - South,WATER_INFRASTRUCTURE,PUMPING_SYSTEMS,ITEM-WATE-478,KA-SOUTH,OPEN,LOWEST_PRICE,OPEN_ELIGIBILITY,2024-09-08,2024-09-27,137828953.77,AWARDED
T02024,ocds-synthetic-02024,D16,D16,Infrastructure Development Division,LAB_EQUIPMENT,LABORATORY_SYSTEMS,ITEM-LAB_-559,KA-CENTRAL,OPEN,QUALITY_AND_COST,OPEN_ELIGIBILITY,2026-06-01,2026-07-15,5860546.77,AWARDED
T02025,ocds-synthetic-02025,D13,D13,Tourism Infrastructure Division,WATER_INFRASTRUCTURE,IRRIGATION_WORKS,ITEM-WATE-750,KA-CENTRAL,OPEN,LOWEST_PRICE,OPEN_ELIGIBILITY,2025-05-20,2025-06-12,30988318.42,AWARDED
T02026,ocds-synthetic-02026,D01,D01,State Works Division - North,BUILDING_CONSTRUCTION,PUBLIC_BUILDING,ITEM-BUIL-788,KA-NORTH,OPEN,LOWEST_PRICE,OPEN_ELIGIBILITY,2024-05-16,2024-06-01,60057890.02,AWARDED
T02027,ocds-synthetic-02027,D04,D04,State Education Procurement Division,CIVIL_MAINTENANCE,ELECTRICAL_MAINTENANCE,ITEM-CIVI-170,KA-NORTH,OPEN,LOWEST_PRICE,OPEN_ELIGIBILITY,2024-11-24,2025-01-02,2475315.54,AWARDED
T02028,ocds-synthetic-02028,D07,D07,Power Systems Division,MEDICAL_SUPPLIES,HOSPITAL_SUPPLIES,ITEM-MEDI-905,KA-NORTH,OPEN,LOWEST_PRICE,OPEN_ELIGIBILITY,2026-07-09,2026-08-10,16056017.56,AWARDED
T02029,ocds-synthetic-02029,D06,D06,Water Resources Division,BUILDING_CONSTRUCTION,CIVIL_BUILDING_WORKS,ITEM-BUIL-160,KA-SOUTH,OPEN,LOWEST_PRICE,OPEN_ELIGIBILITY,2024-12-24,2025-01-30,6511897.87,AWARDED
T02030,ocds-synthetic-02030,D07,D07,Power Systems Division,FURNITURE,OFFICE_FURNITURE,ITEM-FURN-124,KA-NORTH,OPEN,LOWEST_PRICE,OPEN_ELIGIBILITY,2026-05-30,2026-06-18,1742099.36,AWARDED
T02031,ocds-synthetic-02031,D12,D12,Housing Infrastructure Division,VEHICLE_SUPPLIES,VEHICLE_PARTS,ITEM-VEHI-995,KA-SOUTH,OPEN,LOWEST_PRICE,OPEN_ELIGIBILITY,2025-10-12,2025-10-30,8264958.43,AWARDED
T02032,ocds-synthetic-02032,D18,D18,Industrial Development Division,WATER_INFRASTRUCTURE,PIPELINE_WORKS,ITEM-WATE-914,KA-CENTRAL,TWO_STAGE,LOWEST_PRICE,QUALIFIED_SUPPLIERS,2024-02-17,2024-03-17,33915962.31,AWARDED
T02033,ocds-synthetic-02033,D01,D01,State Works Division - North,VEHICLE_SUPPLIES,VEHICLE_PARTS,ITEM-VEHI-582,KA-NORTH,OPEN,LOWEST_PRICE,OPEN_ELIGIBILITY,2026-04-08,2026-05-15,11683126.19,AWARDED
T02034,ocds-synthetic-02034,D10,D10,Medical Services Procurement Division,BUILDING_CONSTRUCTION,RENOVATION,ITEM-BUIL-478,KA-CENTRAL,OPEN,LOWEST_PRICE,OPEN_ELIGIBILITY,2025-03-29,2025-05-13,94334940.52,AWARDED
T02035,ocds-synthetic-02035,D01,D01,State Works Division - North,MEDICAL_SUPPLIES,DIAGNOSTIC_EQUIPMENT,ITEM-MEDI-202,KA-NORTH,OPEN,LOWEST_PRICE,OPEN_ELIGIBILITY,2024-06-20,2024-07-06,6679579.48,AWARDED
T02036,ocds-synthetic-02036,D09,D09,State Transport Division,ELECTRICAL_EQUIPMENT,CONTROL_EQUIPMENT,ITEM-ELEC-327,KA-SOUTH,OPEN,LOWEST_PRICE,OPEN_ELIGIBILITY,2025-11-09,2025-12-17,16012367.07,AWARDED
T02037,ocds-synthetic-02037,D14,D14,Agricultural Infrastructure Division,BUILDING_CONSTRUCTION,PUBLIC_BUILDING,ITEM-BUIL-600,KA-NORTH,OPEN,LOWEST_PRICE,OPEN_ELIGIBILITY,2025-11-18,2025-12-10,72561216.07,AWARDED
T02038,ocds-synthetic-02038,D03,D03,State Health Procurement Division,ELECTRICAL_EQUIPMENT,SWITCHGEAR,ITEM-ELEC-686,KA-CENTRAL,TWO_STAGE,LOWEST_PRICE,QUALIFIED_SUPPLIERS,2024-03-16,2024-04-13,5812590.54,AWARDED
T02039,ocds-synthetic-02039,D14,D14,Agricultural Infrastructure Division,WATER_INFRASTRUCTURE,IRRIGATION_WORKS,ITEM-WATE-308,KA-NORTH,OPEN,LOWEST_PRICE,OPEN_ELIGIBILITY,2024-07-30,2024-08-17,62949159.25,AWARDED
T02040,ocds-synthetic-02040,D04,D04,State Education Procurement Division,IT_SERVICES,CLOUD_SERVICES,ITEM-IT_S-883,KA-NORTH,TWO_STAGE,LOWEST_PRICE,QUALIFIED_SUPPLIERS,2026-03-29,2026-06-05,7756342.99,AWARDED
T02041,ocds-synthetic-02041,D07,D07,Power Systems Division,BUILDING_CONSTRUCTION,CIVIL_BUILDING_WORKS,ITEM-BUIL-888,KA-NORTH,OPEN,LOWEST_PRICE,OPEN_ELIGIBILITY,2024-04-08,2024-05-01,61170294.76,AWARDED
T02042,ocds-synthetic-02042,D15,D15,Energy Procurement Division,ELECTRICAL_EQUIPMENT,SWITCHGEAR,ITEM-ELEC-592,KA-SOUTH,OPEN,LOWEST_PRICE,OPEN_ELIGIBILITY,2024-11-01,2024-11-30,45817718.1,AWARDED
T02043,ocds-synthetic-02043,D18,D18,Industrial Development Division,CIVIL_MAINTENANCE,BUILDING_MAINTENANCE,ITEM-CIVI-951,KA-CENTRAL,OPEN,LOWEST_PRICE,OPEN_ELIGIBILITY,2025-07-13,2025-08-25,5914228.59,AWARDED
T02044,ocds-synthetic-02044,D08,D08,Municipal Services Division,ELECTRICAL_EQUIPMENT,CABLING,ITEM-ELEC-130,KA-CENTRAL,OPEN,LOWEST_PRICE,OPEN_ELIGIBILITY,2025-11-19,2025-12-29,26016782.54,AWARDED
T02045,ocds-synthetic-02045,D10,D10,Medical Services Procurement Division,IT_SERVICES,CYBERSECURITY,ITEM-IT_S-940,KA-CENTRAL,OPEN,QUALITY_AND_COST,OPEN_ELIGIBILITY,2024-08-19,2024-09-28,27368177.63,AWARDED
T02046,ocds-synthetic-02046,D08,D08,Municipal Services Division,BUILDING_CONSTRUCTION,PUBLIC_BUILDING,ITEM-BUIL-159,KA-CENTRAL,OPEN,LOWEST_PRICE,OPEN_ELIGIBILITY,2024-09-23,2024-11-02,20477536.58,AWARDED
T02047,ocds-synthetic-02047,D14,D14,Agricultural Infrastructure Division,CIVIL_MAINTENANCE,ELECTRICAL_MAINTENANCE,ITEM-CIVI-410,KA-NORTH,LIMITED,LOWEST_PRICE,QUALIFIED_SUPPLIERS,2024-12-08,2024-12-20,7364893.39,AWARDED
T02048,ocds-synthetic-02048,D03,D03,State Health Procurement Division,VEHICLE_SUPPLIES,FLEET_MAINTENANCE,ITEM-VEHI-621,KA-CENTRAL,OPEN,LOWEST_PRICE,OPEN_ELIGIBILITY,2024-02-27,2024-03-14,10650707.97,AWARDED
T02049,ocds-synthetic-02049,D01,D01,State Works Division - North,FURNITURE,HOSPITAL_FURNITURE,ITEM-FURN-551,KA-NORTH,OPEN,LOWEST_PRICE,OPEN_ELIGIBILITY,2025-07-05,2025-07-29,4699772.4,AWARDED
T02050,ocds-synthetic-02050,D04,D04,State Education Procurement Division,MEDICAL_SUPPLIES,SURGICAL_CONSUMABLES,ITEM-MEDI-303,KA-NORTH,OPEN,LOWEST_PRICE,OPEN_ELIGIBILITY,2024-12-24,2025-01-31,8486992.39,AWARDED
T02051,ocds-synthetic-02051,D01,D01,State Works Division - North,CIVIL_MAINTENANCE,ELECTRICAL_MAINTENANCE,ITEM-CIVI-883,KA-NORTH,OPEN,LOWEST_PRICE,OPEN_ELIGIBILITY,2026-07-05,2026-07-28,6355419.62,AWARDED
T02052,ocds-synthetic-02052,D02,D02,Urban Infrastructure Division - South,IT_SERVICES,CLOUD_SERVICES,ITEM-IT_S-311,KA-SOUTH,OPEN,QUALITY_AND_COST,OPEN_ELIGIBILITY,2024-04-11,2024-05-16,28345564.79,AWARDED
T02053,ocds-synthetic-02053,D02,D02,Urban Infrastructure Division - South,IT_SERVICES,SOFTWARE_DEVELOPMENT,ITEM-IT_S-929,KA-SOUTH,OPEN,QUALITY_AND_COST,OPEN_ELIGIBILITY,2025-05-31,2025-06-12,8560432.26,AWARDED
T02054,ocds-synthetic-02054,D16,D16,Infrastructure Development Division,ROAD_CONSTRUCTION,ROAD_WIDENING,ITEM-ROAD-649,KA-CENTRAL,LIMITED,LOWEST_PRICE,QUALIFIED_SUPPLIERS,2024-10-23,2024-11-09,92780826.62,AWARDED
T02055,ocds-synthetic-02055,D05,D05,Rural Development Division,LAB_EQUIPMENT,ANALYTICAL_INSTRUMENTS,ITEM-LAB_-349,KA-NORTH,TWO_STAGE,LOWEST_PRICE,QUALIFIED_SUPPLIERS,2026-08-09,2026-08-31,19440794.8,AWARDED
T02056,ocds-synthetic-02056,D14,D14,Agricultural Infrastructure Division,BUILDING_CONSTRUCTION,STRUCTURAL_WORKS,ITEM-BUIL-823,KA-NORTH,OPEN,LOWEST_PRICE,OPEN_ELIGIBILITY,2025-09-12,2025-10-25,36723469.73,AWARDED
T02057,ocds-synthetic-02057,D04,D04,State Education Procurement Division,BUILDING_CONSTRUCTION,STRUCTURAL_WORKS,ITEM-BUIL-826,KA-NORTH,LIMITED,LOWEST_PRICE,QUALIFIED_SUPPLIERS,2025-07-17,2025-08-02,30351998.47,AWARDED
T02058,ocds-synthetic-02058,D12,D12,Housing Infrastructure Division,FURNITURE,SCHOOL_FURNITURE,ITEM-FURN-131,KA-SOUTH,LIMITED,LOWEST_PRICE,QUALIFIED_SUPPLIERS,2024-03-06,2024-04-04,2693739.98,AWARDED
T02059,ocds-synthetic-02059,D18,D18,Industrial Development Division,ELECTRICAL_EQUIPMENT,CABLING,ITEM-ELEC-238,KA-CENTRAL,OPEN,LOWEST_PRICE,OPEN_ELIGIBILITY,2025-12-26,2026-01-24,11077969.87,AWARDED
T02060,ocds-synthetic-02060,D09,D09,State Transport Division,CIVIL_MAINTENANCE,ROAD_MAINTENANCE,ITEM-CIVI-845,KA-SOUTH,OPEN,LOWEST_PRICE,OPEN_ELIGIBILITY,2024-03-16,2024-04-24,19140436.56,AWARDED
T02061,ocds-synthetic-02061,D11,D11,Urban Technology Division,BUILDING_CONSTRUCTION,STRUCTURAL_WORKS,ITEM-BUIL-650,KA-BENGALURU,OPEN,LOWEST_PRICE,OPEN_ELIGIBILITY,2025-09-03,2025-10-05,14341089.13,AWARDED
T02062,ocds-synthetic-02062,D17,D17,Higher Education Procurement Division,CIVIL_MAINTENANCE,ROAD_MAINTENANCE,ITEM-CIVI-307,KA-BENGALURU,OPEN,LOWEST_PRICE,OPEN_ELIGIBILITY,2025-11-10,2025-11-30,5592722.23,AWARDED
T02063,ocds-synthetic-02063,D02,D02,Urban Infrastructure Division - South,MEDICAL_SUPPLIES,MEDICAL_DEVICES,ITEM-MEDI-930,KA-SOUTH,OPEN,LOWEST_PRICE,OPEN_ELIGIBILITY,2025-07-13,2025-08-26,17578311.57,AWARDED
T02064,ocds-synthetic-02064,D09,D09,State Transport Division,ROAD_CONSTRUCTION,BITUMINOUS_WORKS,ITEM-ROAD-650,KA-SOUTH,OPEN,LOWEST_PRICE,OPEN_ELIGIBILITY,2024-07-30,2024-08-23,6536830.33,AWARDED
T02065,ocds-synthetic-02065,D04,D04,State Education Procurement Division,IT_SERVICES,CLOUD_SERVICES,ITEM-IT_S-703,KA-NORTH,OPEN,QUALITY_AND_COST,OPEN_ELIGIBILITY,2024-11-09,2024-12-24,6211316.63,AWARDED
T02066,ocds-synthetic-02066,D20,D20,Public Health Engineering Division,CIVIL_MAINTENANCE,ELECTRICAL_MAINTENANCE,ITEM-CIVI-334,KA-SOUTH,OPEN,LOWEST_PRICE,OPEN_ELIGIBILITY,2024-12-05,2024-12-29,10744930.53,AWARDED
T02067,ocds-synthetic-02067,D15,D15,Energy Procurement Division,ELECTRICAL_EQUIPMENT,TRANSFORMERS,ITEM-ELEC-961,KA-SOUTH,OPEN,LOWEST_PRICE,OPEN_ELIGIBILITY,2024-06-01,2024-07-08,11541931.47,AWARDED
T02068,ocds-synthetic-02068,D06,D06,Water Resources Division,IT_SERVICES,CLOUD_SERVICES,ITEM-IT_S-349,KA-SOUTH,LIMITED,LOWEST_PRICE,QUALIFIED_SUPPLIERS,2025-12-01,2025-12-14,9627641.53,AWARDED
T02069,ocds-synthetic-02069,D13,D13,Tourism Infrastructure Division,VEHICLE_SUPPLIES,SPECIAL_PURPOSE_VEHICLES,ITEM-VEHI-105,KA-CENTRAL,OPEN,LOWEST_PRICE,OPEN_ELIGIBILITY,2024-01-17,2024-01-29,5961090.28,AWARDED
T02070,ocds-synthetic-02070,D09,D09,State Transport Division,CIVIL_MAINTENANCE,ELECTRICAL_MAINTENANCE,ITEM-CIVI-830,KA-SOUTH,OPEN,LOWEST_PRICE,OPEN_ELIGIBILITY,2025-06-26,2025-08-03,2836002.42,AWARDED
T02071,ocds-synthetic-02071,D16,D16,Infrastructure Development Division,CIVIL_MAINTENANCE,BUILDING_MAINTENANCE,ITEM-CIVI-470,KA-CENTRAL,TWO_STAGE,LOWEST_PRICE,QUALIFIED_SUPPLIERS,2025-08-14,2025-10-06,10139463.97,AWARDED
T02072,ocds-synthetic-02072,D10,D10,Medical Services Procurement Division,IT_SERVICES,SOFTWARE_DEVELOPMENT,ITEM-IT_S-806,KA-CENTRAL,OPEN,QUALITY_AND_COST,OPEN_ELIGIBILITY,2025-06-12,2025-06-29,5872827.8,AWARDED
T02073,ocds-synthetic-02073,D16,D16,Infrastructure Development Division,ELECTRICAL_EQUIPMENT,SWITCHGEAR,ITEM-ELEC-556,KA-CENTRAL,OPEN,LOWEST_PRICE,OPEN_ELIGIBILITY,2026-06-05,2026-06-17,11610188.01,AWARDED
T02074,ocds-synthetic-02074,D08,D08,Municipal Services Division,MEDICAL_SUPPLIES,SURGICAL_CONSUMABLES,ITEM-MEDI-945,KA-CENTRAL,OPEN,LOWEST_PRICE,OPEN_ELIGIBILITY,2025-07-08,2025-07-25,3686894.68,AWARDED
T02075,ocds-synthetic-02075,D07,D07,Power Systems Division,CIVIL_MAINTENANCE,BUILDING_MAINTENANCE,ITEM-CIVI-864,KA-NORTH,OPEN,LOWEST_PRICE,OPEN_ELIGIBILITY,2026-04-30,2026-06-01,25965528.89,AWARDED
T02076,ocds-synthetic-02076,D15,D15,Energy Procurement Division,IT_SERVICES,CLOUD_SERVICES,ITEM-IT_S-137,KA-SOUTH,TWO_STAGE,QUALITY_AND_COST,QUALIFIED_SUPPLIERS,2024-04-16,2024-06-03,9714554.66,AWARDED
T02077,ocds-synthetic-02077,D06,D06,Water Resources Division,FURNITURE,HOSPITAL_FURNITURE,ITEM-FURN-408,KA-SOUTH,LIMITED,LOWEST_PRICE,QUALIFIED_SUPPLIERS,2025-07-30,2025-08-22,7891808.86,AWARDED
T02078,ocds-synthetic-02078,D14,D14,Agricultural Infrastructure Division,VEHICLE_SUPPLIES,SPECIAL_PURPOSE_VEHICLES,ITEM-VEHI-507,KA-NORTH,TWO_STAGE,LOWEST_PRICE,QUALIFIED_SUPPLIERS,2025-07-21,2025-10-01,1267352.33,AWARDED
T02079,ocds-synthetic-02079,D05,D05,Rural Development Division,BUILDING_CONSTRUCTION,CIVIL_BUILDING_WORKS,ITEM-BUIL-762,KA-NORTH,OPEN,LOWEST_PRICE,OPEN_ELIGIBILITY,2024-02-06,2024-02-24,47510706.02,AWARDED
T02080,ocds-synthetic-02080,D16,D16,Infrastructure Development Division,ELECTRICAL_EQUIPMENT,CABLING,ITEM-ELEC-998,KA-CENTRAL,LIMITED,LOWEST_PRICE,QUALIFIED_SUPPLIERS,2025-12-23,2026-01-21,6665502.85,AWARDED
T02081,ocds-synthetic-02081,D01,D01,State Works Division - North,IT_SERVICES,NETWORK_INFRASTRUCTURE,ITEM-IT_S-763,KA-NORTH,OPEN,LOWEST_PRICE,OPEN_ELIGIBILITY,2025-04-10,2025-05-22,30708706.96,AWARDED
T02082,ocds-synthetic-02082,D14,D14,Agricultural Infrastructure Division,WATER_INFRASTRUCTURE,IRRIGATION_WORKS,ITEM-WATE-428,KA-NORTH,OPEN,LOWEST_PRICE,OPEN_ELIGIBILITY,2025-11-21,2025-12-11,4696552.53,AWARDED
T02083,ocds-synthetic-02083,D12,D12,Housing Infrastructure Division,IT_SERVICES,CLOUD_SERVICES,ITEM-IT_S-968,KA-SOUTH,OPEN,LOWEST_PRICE,OPEN_ELIGIBILITY,2025-04-10,2025-05-10,34217355.69,AWARDED
T02084,ocds-synthetic-02084,D20,D20,Public Health Engineering Division,WATER_INFRASTRUCTURE,PIPELINE_WORKS,ITEM-WATE-374,KA-SOUTH,OPEN,LOWEST_PRICE,OPEN_ELIGIBILITY,2024-03-27,2024-04-18,106082212.39,AWARDED
T02085,ocds-synthetic-02085,D18,D18,Industrial Development Division,CIVIL_MAINTENANCE,ELECTRICAL_MAINTENANCE,ITEM-CIVI-865,KA-CENTRAL,OPEN,LOWEST_PRICE,OPEN_ELIGIBILITY,2024-03-21,2024-04-17,3687149.71,AWARDED
T02086,ocds-synthetic-02086,D03,D03,State Health Procurement Division,MEDICAL_SUPPLIES,SURGICAL_CONSUMABLES,ITEM-MEDI-844,KA-CENTRAL,LIMITED,LOWEST_PRICE,QUALIFIED_SUPPLIERS,2024-12-27,2025-01-10,17431653.79,AWARDED
T02087,ocds-synthetic-02087,D18,D18,Industrial Development Division,CIVIL_MAINTENANCE,GENERAL_REPAIRS,ITEM-CIVI-608,KA-CENTRAL,OPEN,LOWEST_PRICE,OPEN_ELIGIBILITY,2025-05-01,2025-05-18,1835185.26,AWARDED
T02088,ocds-synthetic-02088,D04,D04,State Education Procurement Division,ELECTRICAL_EQUIPMENT,TRANSFORMERS,ITEM-ELEC-594,KA-NORTH,OPEN,LOWEST_PRICE,OPEN_ELIGIBILITY,2024-05-28,2024-06-12,10627624.69,AWARDED
T02089,ocds-synthetic-02089,D06,D06,Water Resources Division,VEHICLE_SUPPLIES,SPECIAL_PURPOSE_VEHICLES,ITEM-VEHI-236,KA-SOUTH,OPEN,LOWEST_PRICE,OPEN_ELIGIBILITY,2025-02-25,2025-03-13,1403940.77,AWARDED
T02090,ocds-synthetic-02090,D05,D05,Rural Development Division,BUILDING_CONSTRUCTION,PUBLIC_BUILDING,ITEM-BUIL-512,KA-NORTH,OPEN,LOWEST_PRICE,OPEN_ELIGIBILITY,2024-07-01,2024-07-21,45849653.09,AWARDED
T02091,ocds-synthetic-02091,D15,D15,Energy Procurement Division,IT_SERVICES,SOFTWARE_DEVELOPMENT,ITEM-IT_S-288,KA-SOUTH,OPEN,LOWEST_PRICE,OPEN_ELIGIBILITY,2024-04-18,2024-05-09,8591377.48,AWARDED
T02092,ocds-synthetic-02092,D10,D10,Medical Services Procurement Division,ROAD_CONSTRUCTION,DRAINAGE_WORKS,ITEM-ROAD-313,KA-CENTRAL,OPEN,LOWEST_PRICE,OPEN_ELIGIBILITY,2025-03-22,2025-04-15,69259723.3,AWARDED
T02093,ocds-synthetic-02093,D13,D13,Tourism Infrastructure Division,ELECTRICAL_EQUIPMENT,CABLING,ITEM-ELEC-178,KA-CENTRAL,OPEN,LOWEST_PRICE,OPEN_ELIGIBILITY,2024-07-30,2024-08-14,18229135.08,AWARDED
T02094,ocds-synthetic-02094,D12,D12,Housing Infrastructure Division,ROAD_CONSTRUCTION,ROAD_MAINTENANCE,ITEM-ROAD-811,KA-SOUTH,OPEN,LOWEST_PRICE,OPEN_ELIGIBILITY,2025-11-23,2025-12-09,41477052.29,AWARDED
T02095,ocds-synthetic-02095,D04,D04,State Education Procurement Division,MEDICAL_SUPPLIES,HOSPITAL_SUPPLIES,ITEM-MEDI-295,KA-NORTH,TWO_STAGE,LOWEST_PRICE,QUALIFIED_SUPPLIERS,2026-01-07,2026-03-19,866853.6,AWARDED
T02096,ocds-synthetic-02096,D10,D10,Medical Services Procurement Division,IT_SERVICES,CLOUD_SERVICES,ITEM-IT_S-823,KA-CENTRAL,OPEN,QUALITY_AND_COST,OPEN_ELIGIBILITY,2024-01-24,2024-02-09,11387116.76,AWARDED
T02097,ocds-synthetic-02097,D05,D05,Rural Development Division,ROAD_CONSTRUCTION,DRAINAGE_WORKS,ITEM-ROAD-772,KA-NORTH,OPEN,LOWEST_PRICE,OPEN_ELIGIBILITY,2024-08-14,2024-09-28,10349005.87,AWARDED
T02098,ocds-synthetic-02098,D20,D20,Public Health Engineering Division,ROAD_CONSTRUCTION,BITUMINOUS_WORKS,ITEM-ROAD-286,KA-SOUTH,OPEN,LOWEST_PRICE,OPEN_ELIGIBILITY,2024-01-03,2024-02-13,111972897.99,AWARDED
T02099,ocds-synthetic-02099,D16,D16,Infrastructure Development Division,BUILDING_CONSTRUCTION,CIVIL_BUILDING_WORKS,ITEM-BUIL-208,KA-CENTRAL,OPEN,LOWEST_PRICE,OPEN_ELIGIBILITY,2026-06-06,2026-07-17,14412067.01,AWARDED
T02100,ocds-synthetic-02100,D11,D11,Urban Technology Division,MEDICAL_SUPPLIES,SURGICAL_CONSUMABLES,ITEM-MEDI-120,KA-BENGALURU,OPEN,LOWEST_PRICE,OPEN_ELIGIBILITY,2024-10-18,2024-11-02,8563618.38,AWARDED
T02101,ocds-synthetic-02101,D03,D03,State Health Procurement Division,ROAD_CONSTRUCTION,BITUMINOUS_WORKS,ITEM-ROAD-910,KA-CENTRAL,OPEN,LOWEST_PRICE,OPEN_ELIGIBILITY,2024-12-03,2025-01-13,78475709.56,AWARDED
T02102,ocds-synthetic-02102,D07,D07,Power Systems Division,BUILDING_CONSTRUCTION,PUBLIC_BUILDING,ITEM-BUIL-438,KA-NORTH,OPEN,LOWEST_PRICE,OPEN_ELIGIBILITY,2024-12-16,2025-01-23,170157393.55,AWARDED
T02103,ocds-synthetic-02103,D12,D12,Housing Infrastructure Division,ELECTRICAL_EQUIPMENT,SWITCHGEAR,ITEM-ELEC-481,KA-SOUTH,OPEN,LOWEST_PRICE,OPEN_ELIGIBILITY,2024-11-11,2024-12-13,7383893.51,AWARDED
T02104,ocds-synthetic-02104,D03,D03,State Health Procurement Division,WATER_INFRASTRUCTURE,IRRIGATION_WORKS,ITEM-WATE-889,KA-CENTRAL,OPEN,LOWEST_PRICE,OPEN_ELIGIBILITY,2025-01-28,2025-03-14,32766992.59,AWARDED
T02105,ocds-synthetic-02105,D08,D08,Municipal Services Division,CIVIL_MAINTENANCE,GENERAL_REPAIRS,ITEM-CIVI-489,KA-CENTRAL,LIMITED,LOWEST_PRICE,QUALIFIED_SUPPLIERS,2025-10-11,2025-11-08,18275503.56,AWARDED
T02106,ocds-synthetic-02106,D02,D02,Urban Infrastructure Division - South,FURNITURE,HOSPITAL_FURNITURE,ITEM-FURN-621,KA-SOUTH,OPEN,LOWEST_PRICE,OPEN_ELIGIBILITY,2025-10-22,2025-12-04,2819777.89,AWARDED
T02107,ocds-synthetic-02107,D07,D07,Power Systems Division,WATER_INFRASTRUCTURE,WATER_TREATMENT,ITEM-WATE-121,KA-NORTH,OPEN,LOWEST_PRICE,OPEN_ELIGIBILITY,2024-05-30,2024-07-12,14817975.59,AWARDED
T02108,ocds-synthetic-02108,D12,D12,Housing Infrastructure Division,IT_SERVICES,NETWORK_INFRASTRUCTURE,ITEM-IT_S-950,KA-SOUTH,OPEN,LOWEST_PRICE,OPEN_ELIGIBILITY,2025-05-22,2025-06-13,21683472.69,AWARDED
T02109,ocds-synthetic-02109,D02,D02,Urban Infrastructure Division - South,IT_SERVICES,IT_HARDWARE,ITEM-IT_S-523,KA-SOUTH,OPEN,LOWEST_PRICE,OPEN_ELIGIBILITY,2026-08-02,2026-08-27,1370543.26,AWARDED
T02110,ocds-synthetic-02110,D05,D05,Rural Development Division,BUILDING_CONSTRUCTION,STRUCTURAL_WORKS,ITEM-BUIL-752,KA-NORTH,OPEN,LOWEST_PRICE,OPEN_ELIGIBILITY,2024-05-09,2024-06-19,22809019.61,AWARDED
T02111,ocds-synthetic-02111,D19,D19,Forest Infrastructure Division,CIVIL_MAINTENANCE,ROAD_MAINTENANCE,ITEM-CIVI-273,KA-NORTH,OPEN,LOWEST_PRICE,OPEN_ELIGIBILITY,2026-02-15,2026-03-06,29132745.84,AWARDED
T02112,ocds-synthetic-02112,D17,D17,Higher Education Procurement Division,WATER_INFRASTRUCTURE,WATER_TREATMENT,ITEM-WATE-116,KA-BENGALURU,OPEN,LOWEST_PRICE,OPEN_ELIGIBILITY,2024-10-29,2024-11-20,8040625.01,AWARDED
T02113,ocds-synthetic-02113,D07,D07,Power Systems Division,BUILDING_CONSTRUCTION,RENOVATION,ITEM-BUIL-469,KA-NORTH,LIMITED,LOWEST_PRICE,QUALIFIED_SUPPLIERS,2025-10-22,2025-11-01,16367946.16,AWARDED
T02114,ocds-synthetic-02114,D14,D14,Agricultural Infrastructure Division,ELECTRICAL_EQUIPMENT,SWITCHGEAR,ITEM-ELEC-133,KA-NORTH,OPEN,LOWEST_PRICE,OPEN_ELIGIBILITY,2025-05-17,2025-06-18,773368.56,AWARDED
T02115,ocds-synthetic-02115,D19,D19,Forest Infrastructure Division,ROAD_CONSTRUCTION,ROAD_RESURFACING,ITEM-ROAD-579,KA-NORTH,LIMITED,LOWEST_PRICE,QUALIFIED_SUPPLIERS,2025-09-12,2025-10-11,9503784.63,AWARDED
T02116,ocds-synthetic-02116,D08,D08,Municipal Services Division,FURNITURE,OFFICE_FURNITURE,ITEM-FURN-384,KA-CENTRAL,OPEN,LOWEST_PRICE,OPEN_ELIGIBILITY,2024-02-06,2024-03-08,917230.01,AWARDED
T02117,ocds-synthetic-02117,D14,D14,Agricultural Infrastructure Division,ROAD_CONSTRUCTION,ROAD_MAINTENANCE,ITEM-ROAD-175,KA-NORTH,OPEN,LOWEST_PRICE,OPEN_ELIGIBILITY,2025-04-02,2025-05-05,43464738.06,AWARDED
T02118,ocds-synthetic-02118,D06,D06,Water Resources Division,BUILDING_CONSTRUCTION,CIVIL_BUILDING_WORKS,ITEM-BUIL-190,KA-SOUTH,LIMITED,LOWEST_PRICE,QUALIFIED_SUPPLIERS,2024-05-14,2024-06-13,25342261.89,AWARDED
T02119,ocds-synthetic-02119,D09,D09,State Transport Division,BUILDING_CONSTRUCTION,RENOVATION,ITEM-BUIL-910,KA-SOUTH,TWO_STAGE,LOWEST_PRICE,QUALIFIED_SUPPLIERS,2025-08-23,2025-10-08,4357911.89,AWARDED
T02120,ocds-synthetic-02120,D18,D18,Industrial Development Division,ELECTRICAL_EQUIPMENT,CABLING,ITEM-ELEC-523,KA-CENTRAL,OPEN,LOWEST_PRICE,OPEN_ELIGIBILITY,2026-08-11,2026-08-31,7478309.2,AWARDED
T02121,ocds-synthetic-02121,D02,D02,Urban Infrastructure Division - South,CIVIL_MAINTENANCE,GENERAL_REPAIRS,ITEM-CIVI-315,KA-SOUTH,OPEN,LOWEST_PRICE,OPEN_ELIGIBILITY,2024-06-20,2024-07-24,2823080.6,AWARDED
T02122,ocds-synthetic-02122,D11,D11,Urban Technology Division,MEDICAL_SUPPLIES,MEDICAL_DEVICES,ITEM-MEDI-887,KA-BENGALURU,OPEN,LOWEST_PRICE,OPEN_ELIGIBILITY,2024-11-06,2024-12-05,10596805.52,AWARDED
T02123,ocds-synthetic-02123,D07,D07,Power Systems Division,WATER_INFRASTRUCTURE,IRRIGATION_WORKS,ITEM-WATE-229,KA-NORTH,TWO_STAGE,LOWEST_PRICE,QUALIFIED_SUPPLIERS,2025-01-09,2025-02-12,13417358.6,AWARDED
T02124,ocds-synthetic-02124,D05,D05,Rural Development Division,BUILDING_CONSTRUCTION,CIVIL_BUILDING_WORKS,ITEM-BUIL-165,KA-NORTH,OPEN,LOWEST_PRICE,OPEN_ELIGIBILITY,2024-05-25,2024-06-24,3481933.27,AWARDED
T02125,ocds-synthetic-02125,D13,D13,Tourism Infrastructure Division,LAB_EQUIPMENT,ANALYTICAL_INSTRUMENTS,ITEM-LAB_-868,KA-CENTRAL,OPEN,LOWEST_PRICE,OPEN_ELIGIBILITY,2025-02-12,2025-03-23,2441174.05,AWARDED
T02126,ocds-synthetic-02126,D11,D11,Urban Technology Division,ELECTRICAL_EQUIPMENT,CABLING,ITEM-ELEC-125,KA-BENGALURU,OPEN,LOWEST_PRICE,OPEN_ELIGIBILITY,2024-02-12,2024-03-11,9198534.17,AWARDED
T02127,ocds-synthetic-02127,D04,D04,State Education Procurement Division,CIVIL_MAINTENANCE,ROAD_MAINTENANCE,ITEM-CIVI-665,KA-NORTH,OPEN,LOWEST_PRICE,OPEN_ELIGIBILITY,2026-06-17,2026-06-29,28401486.61,AWARDED
T02128,ocds-synthetic-02128,D15,D15,Energy Procurement Division,ROAD_CONSTRUCTION,ROAD_RESURFACING,ITEM-ROAD-997,KA-SOUTH,OPEN,LOWEST_PRICE,OPEN_ELIGIBILITY,2024-01-06,2024-02-16,27836297.94,AWARDED
T02129,ocds-synthetic-02129,D19,D19,Forest Infrastructure Division,BUILDING_CONSTRUCTION,RENOVATION,ITEM-BUIL-665,KA-NORTH,OPEN,LOWEST_PRICE,OPEN_ELIGIBILITY,2026-07-18,2026-08-30,6741160.3,AWARDED
T02130,ocds-synthetic-02130,D16,D16,Infrastructure Development Division,ELECTRICAL_EQUIPMENT,CONTROL_EQUIPMENT,ITEM-ELEC-458,KA-CENTRAL,OPEN,LOWEST_PRICE,OPEN_ELIGIBILITY,2024-05-22,2024-07-01,7438008.84,AWARDED
T02131,ocds-synthetic-02131,D05,D05,Rural Development Division,CIVIL_MAINTENANCE,GENERAL_REPAIRS,ITEM-CIVI-212,KA-NORTH,OPEN,LOWEST_PRICE,OPEN_ELIGIBILITY,2025-05-27,2025-06-28,5731725.1,AWARDED
T02132,ocds-synthetic-02132,D17,D17,Higher Education Procurement Division,BUILDING_CONSTRUCTION,PUBLIC_BUILDING,ITEM-BUIL-364,KA-BENGALURU,OPEN,LOWEST_PRICE,OPEN_ELIGIBILITY,2026-08-08,2026-08-31,46606908.24,AWARDED
T02133,ocds-synthetic-02133,D14,D14,Agricultural Infrastructure Division,ELECTRICAL_EQUIPMENT,CABLING,ITEM-ELEC-935,KA-NORTH,LIMITED,LOWEST_PRICE,QUALIFIED_SUPPLIERS,2024-03-17,2024-04-08,34218802.22,AWARDED
T02134,ocds-synthetic-02134,D15,D15,Energy Procurement Division,MEDICAL_SUPPLIES,MEDICAL_DEVICES,ITEM-MEDI-841,KA-SOUTH,OPEN,LOWEST_PRICE,OPEN_ELIGIBILITY,2026-05-13,2026-05-26,4976392.69,AWARDED
T02135,ocds-synthetic-02135,D10,D10,Medical Services Procurement Division,ROAD_CONSTRUCTION,ROAD_MAINTENANCE,ITEM-ROAD-895,KA-CENTRAL,OPEN,LOWEST_PRICE,OPEN_ELIGIBILITY,2024-07-19,2024-08-09,91540765.96,AWARDED
T02136,ocds-synthetic-02136,D01,D01,State Works Division - North,FURNITURE,OFFICE_FURNITURE,ITEM-FURN-851,KA-NORTH,OPEN,LOWEST_PRICE,OPEN_ELIGIBILITY,2026-04-21,2026-05-23,1980514.81,AWARDED
T02137,ocds-synthetic-02137,D14,D14,Agricultural Infrastructure Division,MEDICAL_SUPPLIES,MEDICAL_DEVICES,ITEM-MEDI-832,KA-NORTH,OPEN,LOWEST_PRICE,OPEN_ELIGIBILITY,2026-03-06,2026-04-02,25116266.07,AWARDED
T02138,ocds-synthetic-02138,D09,D09,State Transport Division,CIVIL_MAINTENANCE,GENERAL_REPAIRS,ITEM-CIVI-348,KA-SOUTH,OPEN,LOWEST_PRICE,OPEN_ELIGIBILITY,2026-05-10,2026-06-15,10327364.52,AWARDED
T02139,ocds-synthetic-02139,D17,D17,Higher Education Procurement Division,BUILDING_CONSTRUCTION,CIVIL_BUILDING_WORKS,ITEM-BUIL-723,KA-BENGALURU,OPEN,LOWEST_PRICE,OPEN_ELIGIBILITY,2024-03-11,2024-04-15,47091585.65,AWARDED
T02140,ocds-synthetic-02140,D08,D08,Municipal Services Division,CIVIL_MAINTENANCE,ROAD_MAINTENANCE,ITEM-CIVI-474,KA-CENTRAL,OPEN,LOWEST_PRICE,OPEN_ELIGIBILITY,2026-04-26,2026-05-11,121135462.88,AWARDED
T02141,ocds-synthetic-02141,D09,D09,State Transport Division,CIVIL_MAINTENANCE,ROAD_MAINTENANCE,ITEM-CIVI-638,KA-SOUTH,OPEN,LOWEST_PRICE,OPEN_ELIGIBILITY,2024-07-21,2024-08-08,17008417.4,AWARDED
T02142,ocds-synthetic-02142,D01,D01,State Works Division - North,ELECTRICAL_EQUIPMENT,CONTROL_EQUIPMENT,ITEM-ELEC-232,KA-NORTH,OPEN,LOWEST_PRICE,OPEN_ELIGIBILITY,2026-07-16,2026-08-06,7635057.88,AWARDED
T02143,ocds-synthetic-02143,D01,D01,State Works Division - North,BUILDING_CONSTRUCTION,CIVIL_BUILDING_WORKS,ITEM-BUIL-384,KA-NORTH,OPEN,LOWEST_PRICE,OPEN_ELIGIBILITY,2026-04-20,2026-06-01,12983611.02,AWARDED
T02144,ocds-synthetic-02144,D07,D07,Power Systems Division,IT_SERVICES,NETWORK_INFRASTRUCTURE,ITEM-IT_S-253,KA-NORTH,OPEN,QUALITY_AND_COST,OPEN_ELIGIBILITY,2025-09-15,2025-10-16,24695477.9,AWARDED
T02145,ocds-synthetic-02145,D04,D04,State Education Procurement Division,IT_SERVICES,CYBERSECURITY,ITEM-IT_S-550,KA-NORTH,LIMITED,QUALITY_AND_COST,QUALIFIED_SUPPLIERS,2025-12-24,2026-01-13,15496435.85,AWARDED
T02146,ocds-synthetic-02146,D03,D03,State Health Procurement Division,ELECTRICAL_EQUIPMENT,CABLING,ITEM-ELEC-265,KA-CENTRAL,OPEN,LOWEST_PRICE,OPEN_ELIGIBILITY,2025-07-06,2025-07-20,24307489.83,AWARDED
T02147,ocds-synthetic-02147,D03,D03,State Health Procurement Division,BUILDING_CONSTRUCTION,CIVIL_BUILDING_WORKS,ITEM-BUIL-523,KA-CENTRAL,TWO_STAGE,LOWEST_PRICE,QUALIFIED_SUPPLIERS,2025-07-18,2025-09-18,11680388.58,AWARDED
T02148,ocds-synthetic-02148,D17,D17,Higher Education Procurement Division,ROAD_CONSTRUCTION,ROAD_RESURFACING,ITEM-ROAD-901,KA-BENGALURU,OPEN,LOWEST_PRICE,OPEN_ELIGIBILITY,2026-07-23,2026-08-27,30423639.33,AWARDED
T02149,ocds-synthetic-02149,D11,D11,Urban Technology Division,BUILDING_CONSTRUCTION,RENOVATION,ITEM-BUIL-277,KA-BENGALURU,LIMITED,LOWEST_PRICE,QUALIFIED_SUPPLIERS,2025-04-15,2025-05-10,12058923.82,AWARDED
T02150,ocds-synthetic-02150,D08,D08,Municipal Services Division,ELECTRICAL_EQUIPMENT,TRANSFORMERS,ITEM-ELEC-462,KA-CENTRAL,OPEN,LOWEST_PRICE,OPEN_ELIGIBILITY,2026-01-21,2026-02-14,4708623.23,AWARDED
T02151,ocds-synthetic-02151,D06,D06,Water Resources Division,BUILDING_CONSTRUCTION,STRUCTURAL_WORKS,ITEM-BUIL-692,KA-SOUTH,OPEN,LOWEST_PRICE,OPEN_ELIGIBILITY,2024-11-15,2024-12-12,26105400.45,AWARDED
T02152,ocds-synthetic-02152,D12,D12,Housing Infrastructure Division,CIVIL_MAINTENANCE,ELECTRICAL_MAINTENANCE,ITEM-CIVI-134,KA-SOUTH,OPEN,LOWEST_PRICE,OPEN_ELIGIBILITY,2024-06-16,2024-07-19,18898351.87,AWARDED
T02153,ocds-synthetic-02153,D04,D04,State Education Procurement Division,CIVIL_MAINTENANCE,GENERAL_REPAIRS,ITEM-CIVI-494,KA-NORTH,OPEN,LOWEST_PRICE,OPEN_ELIGIBILITY,2024-10-03,2024-11-09,2126401.02,AWARDED
T02154,ocds-synthetic-02154,D01,D01,State Works Division - North,VEHICLE_SUPPLIES,FLEET_MAINTENANCE,ITEM-VEHI-445,KA-NORTH,OPEN,LOWEST_PRICE,OPEN_ELIGIBILITY,2025-10-17,2025-10-31,8798218.64,AWARDED
T02155,ocds-synthetic-02155,D10,D10,Medical Services Procurement Division,FURNITURE,HOSPITAL_FURNITURE,ITEM-FURN-726,KA-CENTRAL,OPEN,LOWEST_PRICE,OPEN_ELIGIBILITY,2025-09-14,2025-09-29,2237511.12,AWARDED
T02156,ocds-synthetic-02156,D06,D06,Water Resources Division,ELECTRICAL_EQUIPMENT,CABLING,ITEM-ELEC-478,KA-SOUTH,OPEN,LOWEST_PRICE,OPEN_ELIGIBILITY,2024-03-14,2024-04-24,8509804.77,AWARDED
T02157,ocds-synthetic-02157,D02,D02,Urban Infrastructure Division - South,WATER_INFRASTRUCTURE,IRRIGATION_WORKS,ITEM-WATE-703,KA-SOUTH,OPEN,LOWEST_PRICE,OPEN_ELIGIBILITY,2024-09-23,2024-10-15,15887200.82,AWARDED
T02158,ocds-synthetic-02158,D06,D06,Water Resources Division,FURNITURE,HOSPITAL_FURNITURE,ITEM-FURN-671,KA-SOUTH,OPEN,LOWEST_PRICE,OPEN_ELIGIBILITY,2024-07-16,2024-07-31,6150438.75,AWARDED
T02159,ocds-synthetic-02159,D18,D18,Industrial Development Division,IT_SERVICES,NETWORK_INFRASTRUCTURE,ITEM-IT_S-113,KA-CENTRAL,OPEN,QUALITY_AND_COST,OPEN_ELIGIBILITY,2024-11-05,2024-12-10,6472442.51,AWARDED
T02160,ocds-synthetic-02160,D04,D04,State Education Procurement Division,IT_SERVICES,SOFTWARE_DEVELOPMENT,ITEM-IT_S-420,KA-NORTH,TWO_STAGE,LOWEST_PRICE,QUALIFIED_SUPPLIERS,2025-12-23,2026-01-29,9652083.52,AWARDED
T02161,ocds-synthetic-02161,D17,D17,Higher Education Procurement Division,CIVIL_MAINTENANCE,GENERAL_REPAIRS,ITEM-CIVI-874,KA-BENGALURU,OPEN,LOWEST_PRICE,OPEN_ELIGIBILITY,2025-02-22,2025-04-06,551500.4,AWARDED
T02162,ocds-synthetic-02162,D04,D04,State Education Procurement Division,WATER_INFRASTRUCTURE,PUMPING_SYSTEMS,ITEM-WATE-672,KA-NORTH,OPEN,LOWEST_PRICE,OPEN_ELIGIBILITY,2026-06-10,2026-07-03,27975801.75,AWARDED
T02163,ocds-synthetic-02163,D14,D14,Agricultural Infrastructure Division,ROAD_CONSTRUCTION,ROAD_WIDENING,ITEM-ROAD-644,KA-NORTH,OPEN,LOWEST_PRICE,OPEN_ELIGIBILITY,2024-09-25,2024-11-07,276327816.95,AWARDED
T02164,ocds-synthetic-02164,D17,D17,Higher Education Procurement Division,WATER_INFRASTRUCTURE,IRRIGATION_WORKS,ITEM-WATE-366,KA-BENGALURU,OPEN,LOWEST_PRICE,OPEN_ELIGIBILITY,2025-02-08,2025-03-04,11981822.1,AWARDED
T02165,ocds-synthetic-02165,D18,D18,Industrial Development Division,ROAD_CONSTRUCTION,ROAD_RESURFACING,ITEM-ROAD-536,KA-CENTRAL,OPEN,LOWEST_PRICE,OPEN_ELIGIBILITY,2024-07-30,2024-09-11,9533473.04,AWARDED
T02166,ocds-synthetic-02166,D01,D01,State Works Division - North,MEDICAL_SUPPLIES,HOSPITAL_SUPPLIES,ITEM-MEDI-861,KA-NORTH,OPEN,LOWEST_PRICE,OPEN_ELIGIBILITY,2026-05-31,2026-07-14,10775002.7,AWARDED
T02167,ocds-synthetic-02167,D04,D04,State Education Procurement Division,WATER_INFRASTRUCTURE,WATER_TREATMENT,ITEM-WATE-128,KA-NORTH,OPEN,LOWEST_PRICE,OPEN_ELIGIBILITY,2026-02-27,2026-03-15,72036242.27,AWARDED
T02168,ocds-synthetic-02168,D10,D10,Medical Services Procurement Division,MEDICAL_SUPPLIES,HOSPITAL_SUPPLIES,ITEM-MEDI-654,KA-CENTRAL,OPEN,LOWEST_PRICE,OPEN_ELIGIBILITY,2026-05-03,2026-05-22,5406627.34,AWARDED
T02169,ocds-synthetic-02169,D14,D14,Agricultural Infrastructure Division,VEHICLE_SUPPLIES,VEHICLE_PARTS,ITEM-VEHI-370,KA-NORTH,OPEN,LOWEST_PRICE,OPEN_ELIGIBILITY,2024-06-02,2024-07-15,18435158.52,AWARDED
T02170,ocds-synthetic-02170,D05,D05,Rural Development Division,BUILDING_CONSTRUCTION,PUBLIC_BUILDING,ITEM-BUIL-449,KA-NORTH,OPEN,LOWEST_PRICE,OPEN_ELIGIBILITY,2024-10-29,2024-11-15,9847473.9,AWARDED
T02171,ocds-synthetic-02171,D17,D17,Higher Education Procurement Division,CIVIL_MAINTENANCE,ELECTRICAL_MAINTENANCE,ITEM-CIVI-929,KA-BENGALURU,OPEN,LOWEST_PRICE,OPEN_ELIGIBILITY,2024-11-03,2024-11-28,7931313.77,AWARDED
T02172,ocds-synthetic-02172,D10,D10,Medical Services Procurement Division,CIVIL_MAINTENANCE,ROAD_MAINTENANCE,ITEM-CIVI-566,KA-CENTRAL,OPEN,LOWEST_PRICE,OPEN_ELIGIBILITY,2024-05-17,2024-06-02,6141900.16,AWARDED
T02173,ocds-synthetic-02173,D03,D03,State Health Procurement Division,MEDICAL_SUPPLIES,HOSPITAL_SUPPLIES,ITEM-MEDI-547,KA-CENTRAL,OPEN,LOWEST_PRICE,OPEN_ELIGIBILITY,2025-05-30,2025-06-26,6160690.92,AWARDED
T02174,ocds-synthetic-02174,D12,D12,Housing Infrastructure Division,ROAD_CONSTRUCTION,ROAD_MAINTENANCE,ITEM-ROAD-814,KA-SOUTH,OPEN,LOWEST_PRICE,OPEN_ELIGIBILITY,2025-09-18,2025-10-13,10458300.52,AWARDED
T02175,ocds-synthetic-02175,D09,D09,State Transport Division,CIVIL_MAINTENANCE,ELECTRICAL_MAINTENANCE,ITEM-CIVI-215,KA-SOUTH,OPEN,LOWEST_PRICE,OPEN_ELIGIBILITY,2024-08-06,2024-08-18,1768795.3,AWARDED
T02176,ocds-synthetic-02176,D04,D04,State Education Procurement Division,IT_SERVICES,CYBERSECURITY,ITEM-IT_S-938,KA-NORTH,OPEN,LOWEST_PRICE,OPEN_ELIGIBILITY,2026-02-27,2026-04-09,10836442.26,AWARDED
T02177,ocds-synthetic-02177,D17,D17,Higher Education Procurement Division,ROAD_CONSTRUCTION,ROAD_MAINTENANCE,ITEM-ROAD-928,KA-BENGALURU,OPEN,LOWEST_PRICE,OPEN_ELIGIBILITY,2026-01-12,2026-02-08,13739516.36,AWARDED
T02178,ocds-synthetic-02178,D14,D14,Agricultural Infrastructure Division,FURNITURE,HOSPITAL_FURNITURE,ITEM-FURN-133,KA-NORTH,OPEN,LOWEST_PRICE,OPEN_ELIGIBILITY,2025-09-19,2025-10-09,7239612.76,AWARDED
T02179,ocds-synthetic-02179,D11,D11,Urban Technology Division,WATER_INFRASTRUCTURE,WATER_TREATMENT,ITEM-WATE-254,KA-BENGALURU,OPEN,LOWEST_PRICE,OPEN_ELIGIBILITY,2026-03-28,2026-05-12,4448880.66,AWARDED
T02180,ocds-synthetic-02180,D14,D14,Agricultural Infrastructure Division,IT_SERVICES,CLOUD_SERVICES,ITEM-IT_S-421,KA-NORTH,OPEN,LOWEST_PRICE,OPEN_ELIGIBILITY,2025-01-21,2025-03-05,14803835.99,AWARDED
T02181,ocds-synthetic-02181,D03,D03,State Health Procurement Division,CIVIL_MAINTENANCE,GENERAL_REPAIRS,ITEM-CIVI-120,KA-CENTRAL,OPEN,LOWEST_PRICE,OPEN_ELIGIBILITY,2024-10-25,2024-11-08,4032903.92,AWARDED
T02182,ocds-synthetic-02182,D20,D20,Public Health Engineering Division,CIVIL_MAINTENANCE,ELECTRICAL_MAINTENANCE,ITEM-CIVI-301,KA-SOUTH,OPEN,LOWEST_PRICE,OPEN_ELIGIBILITY,2026-02-06,2026-03-07,10284712.08,AWARDED
T02183,ocds-synthetic-02183,D01,D01,State Works Division - North,ROAD_CONSTRUCTION,BITUMINOUS_WORKS,ITEM-ROAD-709,KA-NORTH,OPEN,LOWEST_PRICE,OPEN_ELIGIBILITY,2025-01-25,2025-02-25,117054361.01,AWARDED
T02184,ocds-synthetic-02184,D02,D02,Urban Infrastructure Division - South,MEDICAL_SUPPLIES,SURGICAL_CONSUMABLES,ITEM-MEDI-830,KA-SOUTH,OPEN,LOWEST_PRICE,OPEN_ELIGIBILITY,2024-09-09,2024-09-30,3727168.73,AWARDED
T02185,ocds-synthetic-02185,D05,D05,Rural Development Division,FURNITURE,SCHOOL_FURNITURE,ITEM-FURN-226,KA-NORTH,OPEN,LOWEST_PRICE,OPEN_ELIGIBILITY,2026-04-12,2026-05-10,5120434.25,AWARDED
T02186,ocds-synthetic-02186,D14,D14,Agricultural Infrastructure Division,IT_SERVICES,SOFTWARE_DEVELOPMENT,ITEM-IT_S-500,KA-NORTH,OPEN,LOWEST_PRICE,OPEN_ELIGIBILITY,2024-03-19,2024-04-12,2476752.0,AWARDED
T02187,ocds-synthetic-02187,D20,D20,Public Health Engineering Division,WATER_INFRASTRUCTURE,PIPELINE_WORKS,ITEM-WATE-874,KA-SOUTH,OPEN,LOWEST_PRICE,OPEN_ELIGIBILITY,2024-04-28,2024-06-06,10692084.74,AWARDED
T02188,ocds-synthetic-02188,D06,D06,Water Resources Division,ROAD_CONSTRUCTION,ROAD_MAINTENANCE,ITEM-ROAD-677,KA-SOUTH,OPEN,LOWEST_PRICE,OPEN_ELIGIBILITY,2024-01-17,2024-02-26,169499175.44,AWARDED
T02189,ocds-synthetic-02189,D01,D01,State Works Division - North,MEDICAL_SUPPLIES,HOSPITAL_SUPPLIES,ITEM-MEDI-402,KA-NORTH,OPEN,LOWEST_PRICE,OPEN_ELIGIBILITY,2025-08-07,2025-08-27,8579385.76,AWARDED
T02190,ocds-synthetic-02190,D20,D20,Public Health Engineering Division,WATER_INFRASTRUCTURE,PUMPING_SYSTEMS,ITEM-WATE-293,KA-SOUTH,LIMITED,LOWEST_PRICE,QUALIFIED_SUPPLIERS,2025-08-05,2025-09-02,14239196.56,AWARDED
T02191,ocds-synthetic-02191,D09,D09,State Transport Division,MEDICAL_SUPPLIES,DIAGNOSTIC_EQUIPMENT,ITEM-MEDI-525,KA-SOUTH,OPEN,LOWEST_PRICE,OPEN_ELIGIBILITY,2025-08-04,2025-09-17,11062926.79,AWARDED
T02192,ocds-synthetic-02192,D14,D14,Agricultural Infrastructure Division,ELECTRICAL_EQUIPMENT,SWITCHGEAR,ITEM-ELEC-594,KA-NORTH,OPEN,LOWEST_PRICE,OPEN_ELIGIBILITY,2025-04-04,2025-05-09,17745438.26,AWARDED
T02193,ocds-synthetic-02193,D12,D12,Housing Infrastructure Division,BUILDING_CONSTRUCTION,CIVIL_BUILDING_WORKS,ITEM-BUIL-293,KA-SOUTH,TWO_STAGE,LOWEST_PRICE,QUALIFIED_SUPPLIERS,2025-11-12,2026-01-02,20377619.3,AWARDED
T02194,ocds-synthetic-02194,D15,D15,Energy Procurement Division,LAB_EQUIPMENT,ANALYTICAL_INSTRUMENTS,ITEM-LAB_-502,KA-SOUTH,OPEN,LOWEST_PRICE,OPEN_ELIGIBILITY,2024-01-06,2024-02-03,3535666.63,AWARDED
T02195,ocds-synthetic-02195,D14,D14,Agricultural Infrastructure Division,VEHICLE_SUPPLIES,SPECIAL_PURPOSE_VEHICLES,ITEM-VEHI-612,KA-NORTH,OPEN,LOWEST_PRICE,OPEN_ELIGIBILITY,2024-06-27,2024-07-25,4103004.31,AWARDED
T02196,ocds-synthetic-02196,D19,D19,Forest Infrastructure Division,FURNITURE,HOSPITAL_FURNITURE,ITEM-FURN-889,KA-NORTH,LIMITED,LOWEST_PRICE,QUALIFIED_SUPPLIERS,2025-08-23,2025-09-22,1865990.43,AWARDED
T02197,ocds-synthetic-02197,D13,D13,Tourism Infrastructure Division,WATER_INFRASTRUCTURE,IRRIGATION_WORKS,ITEM-WATE-608,KA-CENTRAL,OPEN,LOWEST_PRICE,OPEN_ELIGIBILITY,2026-01-19,2026-02-10,17214948.06,AWARDED
T02198,ocds-synthetic-02198,D10,D10,Medical Services Procurement Division,BUILDING_CONSTRUCTION,STRUCTURAL_WORKS,ITEM-BUIL-703,KA-CENTRAL,OPEN,LOWEST_PRICE,OPEN_ELIGIBILITY,2026-07-03,2026-07-22,60670002.09,AWARDED
T02199,ocds-synthetic-02199,D06,D06,Water Resources Division,BUILDING_CONSTRUCTION,PUBLIC_BUILDING,ITEM-BUIL-650,KA-SOUTH,OPEN,LOWEST_PRICE,OPEN_ELIGIBILITY,2025-02-05,2025-02-21,71143728.75,AWARDED
T02200,ocds-synthetic-02200,D07,D07,Power Systems Division,MEDICAL_SUPPLIES,DIAGNOSTIC_EQUIPMENT,ITEM-MEDI-904,KA-NORTH,OPEN,LOWEST_PRICE,OPEN_ELIGIBILITY,2024-04-25,2024-06-03,5895490.19,AWARDED
T02201,ocds-synthetic-02201,D09,D09,State Transport Division,VEHICLE_SUPPLIES,VEHICLE_PARTS,ITEM-VEHI-699,KA-SOUTH,LIMITED,LOWEST_PRICE,QUALIFIED_SUPPLIERS,2024-10-17,2024-11-06,12065944.1,AWARDED
T02202,ocds-synthetic-02202,D10,D10,Medical Services Procurement Division,ELECTRICAL_EQUIPMENT,CABLING,ITEM-ELEC-303,KA-CENTRAL,LIMITED,LOWEST_PRICE,QUALIFIED_SUPPLIERS,2025-06-11,2025-06-20,10490295.92,AWARDED
T02203,ocds-synthetic-02203,D06,D06,Water Resources Division,WATER_INFRASTRUCTURE,IRRIGATION_WORKS,ITEM-WATE-834,KA-SOUTH,OPEN,LOWEST_PRICE,OPEN_ELIGIBILITY,2025-07-20,2025-08-24,22823760.12,AWARDED
T02204,ocds-synthetic-02204,D12,D12,Housing Infrastructure Division,MEDICAL_SUPPLIES,DIAGNOSTIC_EQUIPMENT,ITEM-MEDI-287,KA-SOUTH,OPEN,LOWEST_PRICE,OPEN_ELIGIBILITY,2024-07-13,2024-08-01,4122010.9,AWARDED
T02205,ocds-synthetic-02205,D06,D06,Water Resources Division,WATER_INFRASTRUCTURE,IRRIGATION_WORKS,ITEM-WATE-332,KA-SOUTH,LIMITED,LOWEST_PRICE,QUALIFIED_SUPPLIERS,2025-09-12,2025-10-07,2797703.07,AWARDED
T02206,ocds-synthetic-02206,D16,D16,Infrastructure Development Division,VEHICLE_SUPPLIES,VEHICLE_PARTS,ITEM-VEHI-963,KA-CENTRAL,OPEN,LOWEST_PRICE,OPEN_ELIGIBILITY,2024-02-03,2024-02-28,10744395.79,AWARDED
T02207,ocds-synthetic-02207,D14,D14,Agricultural Infrastructure Division,ELECTRICAL_EQUIPMENT,CABLING,ITEM-ELEC-154,KA-NORTH,LIMITED,LOWEST_PRICE,QUALIFIED_SUPPLIERS,2025-04-13,2025-05-09,13899121.35,AWARDED
T02208,ocds-synthetic-02208,D12,D12,Housing Infrastructure Division,FURNITURE,OFFICE_FURNITURE,ITEM-FURN-664,KA-SOUTH,OPEN,LOWEST_PRICE,OPEN_ELIGIBILITY,2024-12-06,2024-12-23,2074185.19,AWARDED
T02209,ocds-synthetic-02209,D19,D19,Forest Infrastructure Division,ROAD_CONSTRUCTION,ROAD_RESURFACING,ITEM-ROAD-416,KA-NORTH,OPEN,LOWEST_PRICE,OPEN_ELIGIBILITY,2025-10-29,2025-11-30,27435557.96,AWARDED
T02210,ocds-synthetic-02210,D07,D07,Power Systems Division,LAB_EQUIPMENT,SCIENTIFIC_EQUIPMENT,ITEM-LAB_-356,KA-NORTH,OPEN,LOWEST_PRICE,OPEN_ELIGIBILITY,2025-01-02,2025-01-25,16329228.28,AWARDED
T02211,ocds-synthetic-02211,D04,D04,State Education Procurement Division,CIVIL_MAINTENANCE,ELECTRICAL_MAINTENANCE,ITEM-CIVI-788,KA-NORTH,OPEN,LOWEST_PRICE,OPEN_ELIGIBILITY,2025-08-23,2025-09-25,4909670.08,AWARDED
T02212,ocds-synthetic-02212,D16,D16,Infrastructure Development Division,WATER_INFRASTRUCTURE,PUMPING_SYSTEMS,ITEM-WATE-149,KA-CENTRAL,OPEN,LOWEST_PRICE,OPEN_ELIGIBILITY,2025-02-26,2025-03-11,21388465.12,AWARDED
T02213,ocds-synthetic-02213,D10,D10,Medical Services Procurement Division,IT_SERVICES,NETWORK_INFRASTRUCTURE,ITEM-IT_S-669,KA-CENTRAL,OPEN,QUALITY_AND_COST,OPEN_ELIGIBILITY,2024-10-08,2024-10-31,13256310.45,AWARDED
T02214,ocds-synthetic-02214,D19,D19,Forest Infrastructure Division,MEDICAL_SUPPLIES,MEDICAL_DEVICES,ITEM-MEDI-460,KA-NORTH,OPEN,LOWEST_PRICE,OPEN_ELIGIBILITY,2024-02-15,2024-03-09,3614636.86,AWARDED
T02215,ocds-synthetic-02215,D19,D19,Forest Infrastructure Division,VEHICLE_SUPPLIES,VEHICLE_PARTS,ITEM-VEHI-227,KA-NORTH,OPEN,LOWEST_PRICE,OPEN_ELIGIBILITY,2025-05-25,2025-06-27,7400069.55,AWARDED
T02216,ocds-synthetic-02216,D03,D03,State Health Procurement Division,MEDICAL_SUPPLIES,HOSPITAL_SUPPLIES,ITEM-MEDI-930,KA-CENTRAL,OPEN,LOWEST_PRICE,OPEN_ELIGIBILITY,2026-02-16,2026-03-15,6835528.4,AWARDED
T02217,ocds-synthetic-02217,D04,D04,State Education Procurement Division,ROAD_CONSTRUCTION,DRAINAGE_WORKS,ITEM-ROAD-991,KA-NORTH,OPEN,LOWEST_PRICE,OPEN_ELIGIBILITY,2024-08-18,2024-09-18,61048982.23,AWARDED
T02218,ocds-synthetic-02218,D12,D12,Housing Infrastructure Division,ELECTRICAL_EQUIPMENT,CONTROL_EQUIPMENT,ITEM-ELEC-562,KA-SOUTH,OPEN,LOWEST_PRICE,OPEN_ELIGIBILITY,2025-05-03,2025-06-10,1345264.08,AWARDED
T02219,ocds-synthetic-02219,D06,D06,Water Resources Division,BUILDING_CONSTRUCTION,PUBLIC_BUILDING,ITEM-BUIL-166,KA-SOUTH,OPEN,LOWEST_PRICE,OPEN_ELIGIBILITY,2025-06-02,2025-07-12,14772700.2,AWARDED
T02220,ocds-synthetic-02220,D18,D18,Industrial Development Division,BUILDING_CONSTRUCTION,RENOVATION,ITEM-BUIL-183,KA-CENTRAL,OPEN,LOWEST_PRICE,OPEN_ELIGIBILITY,2025-08-21,2025-09-26,17376521.91,AWARDED
T02221,ocds-synthetic-02221,D12,D12,Housing Infrastructure Division,ROAD_CONSTRUCTION,BITUMINOUS_WORKS,ITEM-ROAD-391,KA-SOUTH,LIMITED,LOWEST_PRICE,QUALIFIED_SUPPLIERS,2025-02-28,2025-03-13,16453935.78,AWARDED
T02222,ocds-synthetic-02222,D04,D04,State Education Procurement Division,CIVIL_MAINTENANCE,ROAD_MAINTENANCE,ITEM-CIVI-266,KA-NORTH,OPEN,LOWEST_PRICE,OPEN_ELIGIBILITY,2024-04-18,2024-06-01,5111107.36,AWARDED
T02223,ocds-synthetic-02223,D12,D12,Housing Infrastructure Division,MEDICAL_SUPPLIES,HOSPITAL_SUPPLIES,ITEM-MEDI-849,KA-SOUTH,LIMITED,LOWEST_PRICE,QUALIFIED_SUPPLIERS,2026-03-31,2026-04-15,5612679.9,AWARDED
T02224,ocds-synthetic-02224,D18,D18,Industrial Development Division,WATER_INFRASTRUCTURE,IRRIGATION_WORKS,ITEM-WATE-383,KA-CENTRAL,OPEN,LOWEST_PRICE,OPEN_ELIGIBILITY,2025-11-15,2025-12-06,25897228.7,AWARDED
T02225,ocds-synthetic-02225,D20,D20,Public Health Engineering Division,WATER_INFRASTRUCTURE,PUMPING_SYSTEMS,ITEM-WATE-174,KA-SOUTH,OPEN,LOWEST_PRICE,OPEN_ELIGIBILITY,2024-05-12,2024-06-11,10397771.59,AWARDED
T02226,ocds-synthetic-02226,D14,D14,Agricultural Infrastructure Division,FURNITURE,OFFICE_FURNITURE,ITEM-FURN-750,KA-NORTH,OPEN,LOWEST_PRICE,OPEN_ELIGIBILITY,2025-02-14,2025-03-08,4600822.35,AWARDED
T02227,ocds-synthetic-02227,D08,D08,Municipal Services Division,BUILDING_CONSTRUCTION,CIVIL_BUILDING_WORKS,ITEM-BUIL-705,KA-CENTRAL,OPEN,LOWEST_PRICE,OPEN_ELIGIBILITY,2026-03-11,2026-04-04,47491453.85,AWARDED
T02228,ocds-synthetic-02228,D20,D20,Public Health Engineering Division,LAB_EQUIPMENT,CALIBRATION_EQUIPMENT,ITEM-LAB_-414,KA-SOUTH,TWO_STAGE,LOWEST_PRICE,QUALIFIED_SUPPLIERS,2026-02-03,2026-03-07,7664187.33,AWARDED
T02229,ocds-synthetic-02229,D06,D06,Water Resources Division,ELECTRICAL_EQUIPMENT,CABLING,ITEM-ELEC-915,KA-SOUTH,OPEN,LOWEST_PRICE,OPEN_ELIGIBILITY,2024-02-14,2024-02-28,29462360.95,AWARDED
T02230,ocds-synthetic-02230,D05,D05,Rural Development Division,ELECTRICAL_EQUIPMENT,CABLING,ITEM-ELEC-411,KA-NORTH,OPEN,LOWEST_PRICE,OPEN_ELIGIBILITY,2025-05-17,2025-06-06,6770123.65,AWARDED
T02231,ocds-synthetic-02231,D12,D12,Housing Infrastructure Division,MEDICAL_SUPPLIES,SURGICAL_CONSUMABLES,ITEM-MEDI-259,KA-SOUTH,LIMITED,LOWEST_PRICE,QUALIFIED_SUPPLIERS,2024-03-20,2024-03-31,3918792.14,AWARDED
T02232,ocds-synthetic-02232,D12,D12,Housing Infrastructure Division,MEDICAL_SUPPLIES,MEDICAL_DEVICES,ITEM-MEDI-294,KA-SOUTH,OPEN,LOWEST_PRICE,OPEN_ELIGIBILITY,2024-03-13,2024-03-31,10229451.77,AWARDED
T02233,ocds-synthetic-02233,D11,D11,Urban Technology Division,ROAD_CONSTRUCTION,ROAD_WIDENING,ITEM-ROAD-736,KA-BENGALURU,OPEN,LOWEST_PRICE,OPEN_ELIGIBILITY,2025-02-17,2025-03-16,36533365.71,AWARDED
T02234,ocds-synthetic-02234,D10,D10,Medical Services Procurement Division,ROAD_CONSTRUCTION,DRAINAGE_WORKS,ITEM-ROAD-805,KA-CENTRAL,OPEN,LOWEST_PRICE,OPEN_ELIGIBILITY,2024-07-04,2024-08-14,29508670.67,AWARDED
T02235,ocds-synthetic-02235,D11,D11,Urban Technology Division,FURNITURE,HOSPITAL_FURNITURE,ITEM-FURN-974,KA-BENGALURU,OPEN,LOWEST_PRICE,OPEN_ELIGIBILITY,2026-07-18,2026-08-31,545324.29,AWARDED
T02236,ocds-synthetic-02236,D10,D10,Medical Services Procurement Division,WATER_INFRASTRUCTURE,PIPELINE_WORKS,ITEM-WATE-282,KA-CENTRAL,LIMITED,LOWEST_PRICE,QUALIFIED_SUPPLIERS,2024-08-18,2024-09-11,29395736.39,AWARDED
T02237,ocds-synthetic-02237,D04,D04,State Education Procurement Division,ROAD_CONSTRUCTION,BITUMINOUS_WORKS,ITEM-ROAD-271,KA-NORTH,LIMITED,LOWEST_PRICE,QUALIFIED_SUPPLIERS,2024-03-15,2024-04-06,14640614.59,AWARDED
T02238,ocds-synthetic-02238,D15,D15,Energy Procurement Division,CIVIL_MAINTENANCE,GENERAL_REPAIRS,ITEM-CIVI-796,KA-SOUTH,TWO_STAGE,LOWEST_PRICE,QUALIFIED_SUPPLIERS,2024-05-22,2024-07-03,2848485.89,AWARDED
T02239,ocds-synthetic-02239,D14,D14,Agricultural Infrastructure Division,IT_SERVICES,IT_HARDWARE,ITEM-IT_S-624,KA-NORTH,OPEN,LOWEST_PRICE,OPEN_ELIGIBILITY,2026-06-30,2026-07-31,9009868.14,AWARDED
T02240,ocds-synthetic-02240,D16,D16,Infrastructure Development Division,WATER_INFRASTRUCTURE,PUMPING_SYSTEMS,ITEM-WATE-657,KA-CENTRAL,OPEN,LOWEST_PRICE,OPEN_ELIGIBILITY,2026-01-21,2026-02-09,75616138.95,AWARDED
T02241,ocds-synthetic-02241,D16,D16,Infrastructure Development Division,LAB_EQUIPMENT,LABORATORY_SYSTEMS,ITEM-LAB_-808,KA-CENTRAL,OPEN,QUALITY_AND_COST,OPEN_ELIGIBILITY,2026-05-28,2026-06-27,2581344.09,AWARDED
T02242,ocds-synthetic-02242,D09,D09,State Transport Division,CIVIL_MAINTENANCE,ROAD_MAINTENANCE,ITEM-CIVI-567,KA-SOUTH,OPEN,LOWEST_PRICE,OPEN_ELIGIBILITY,2025-11-22,2025-12-23,3886173.89,AWARDED
T02243,ocds-synthetic-02243,D14,D14,Agricultural Infrastructure Division,ELECTRICAL_EQUIPMENT,TRANSFORMERS,ITEM-ELEC-100,KA-NORTH,OPEN,LOWEST_PRICE,OPEN_ELIGIBILITY,2025-09-19,2025-10-22,2099884.69,AWARDED
T02244,ocds-synthetic-02244,D07,D07,Power Systems Division,BUILDING_CONSTRUCTION,PUBLIC_BUILDING,ITEM-BUIL-371,KA-NORTH,OPEN,LOWEST_PRICE,OPEN_ELIGIBILITY,2026-05-31,2026-06-27,16849815.89,AWARDED
T02245,ocds-synthetic-02245,D11,D11,Urban Technology Division,IT_SERVICES,SOFTWARE_DEVELOPMENT,ITEM-IT_S-447,KA-BENGALURU,OPEN,QUALITY_AND_COST,OPEN_ELIGIBILITY,2025-06-05,2025-06-25,22741243.95,AWARDED
T02246,ocds-synthetic-02246,D18,D18,Industrial Development Division,WATER_INFRASTRUCTURE,IRRIGATION_WORKS,ITEM-WATE-882,KA-CENTRAL,OPEN,LOWEST_PRICE,OPEN_ELIGIBILITY,2025-08-13,2025-09-14,10924143.63,AWARDED
T02247,ocds-synthetic-02247,D15,D15,Energy Procurement Division,ELECTRICAL_EQUIPMENT,CONTROL_EQUIPMENT,ITEM-ELEC-545,KA-SOUTH,OPEN,LOWEST_PRICE,OPEN_ELIGIBILITY,2026-04-04,2026-04-18,6250536.1,AWARDED
T02248,ocds-synthetic-02248,D14,D14,Agricultural Infrastructure Division,ELECTRICAL_EQUIPMENT,CONTROL_EQUIPMENT,ITEM-ELEC-195,KA-NORTH,LIMITED,LOWEST_PRICE,QUALIFIED_SUPPLIERS,2024-05-28,2024-06-15,13522199.81,AWARDED
T02249,ocds-synthetic-02249,D16,D16,Infrastructure Development Division,ROAD_CONSTRUCTION,ROAD_RESURFACING,ITEM-ROAD-905,KA-CENTRAL,OPEN,LOWEST_PRICE,OPEN_ELIGIBILITY,2025-01-29,2025-03-10,6201288.91,AWARDED
T02250,ocds-synthetic-02250,D06,D06,Water Resources Division,BUILDING_CONSTRUCTION,STRUCTURAL_WORKS,ITEM-BUIL-681,KA-SOUTH,OPEN,LOWEST_PRICE,OPEN_ELIGIBILITY,2025-08-15,2025-09-02,45611875.85,AWARDED
T02251,ocds-synthetic-02251,D17,D17,Higher Education Procurement Division,BUILDING_CONSTRUCTION,CIVIL_BUILDING_WORKS,ITEM-BUIL-843,KA-BENGALURU,OPEN,LOWEST_PRICE,OPEN_ELIGIBILITY,2025-02-11,2025-03-16,26859441.87,AWARDED
T02252,ocds-synthetic-02252,D07,D07,Power Systems Division,ROAD_CONSTRUCTION,DRAINAGE_WORKS,ITEM-ROAD-277,KA-NORTH,OPEN,LOWEST_PRICE,OPEN_ELIGIBILITY,2026-05-21,2026-06-15,20677916.52,AWARDED
T02253,ocds-synthetic-02253,D07,D07,Power Systems Division,IT_SERVICES,IT_HARDWARE,ITEM-IT_S-348,KA-NORTH,LIMITED,LOWEST_PRICE,QUALIFIED_SUPPLIERS,2025-08-04,2025-08-31,3526393.94,AWARDED
T02254,ocds-synthetic-02254,D12,D12,Housing Infrastructure Division,MEDICAL_SUPPLIES,MEDICAL_DEVICES,ITEM-MEDI-260,KA-SOUTH,OPEN,LOWEST_PRICE,OPEN_ELIGIBILITY,2024-04-10,2024-04-25,8231617.07,AWARDED
T02255,ocds-synthetic-02255,D17,D17,Higher Education Procurement Division,ELECTRICAL_EQUIPMENT,CABLING,ITEM-ELEC-710,KA-BENGALURU,OPEN,LOWEST_PRICE,OPEN_ELIGIBILITY,2026-08-11,2026-08-31,30140905.97,AWARDED
T02256,ocds-synthetic-02256,D19,D19,Forest Infrastructure Division,MEDICAL_SUPPLIES,MEDICAL_DEVICES,ITEM-MEDI-673,KA-NORTH,LIMITED,LOWEST_PRICE,QUALIFIED_SUPPLIERS,2026-05-02,2026-05-11,3033496.32,AWARDED
T02257,ocds-synthetic-02257,D10,D10,Medical Services Procurement Division,MEDICAL_SUPPLIES,SURGICAL_CONSUMABLES,ITEM-MEDI-967,KA-CENTRAL,OPEN,LOWEST_PRICE,OPEN_ELIGIBILITY,2026-04-11,2026-05-19,6425510.57,AWARDED
T02258,ocds-synthetic-02258,D12,D12,Housing Infrastructure Division,ELECTRICAL_EQUIPMENT,SWITCHGEAR,ITEM-ELEC-177,KA-SOUTH,OPEN,LOWEST_PRICE,OPEN_ELIGIBILITY,2024-06-08,2024-07-17,8689654.25,AWARDED
T02259,ocds-synthetic-02259,D15,D15,Energy Procurement Division,LAB_EQUIPMENT,SCIENTIFIC_EQUIPMENT,ITEM-LAB_-844,KA-SOUTH,OPEN,LOWEST_PRICE,OPEN_ELIGIBILITY,2026-07-30,2026-08-22,9854251.18,AWARDED
T02260,ocds-synthetic-02260,D18,D18,Industrial Development Division,CIVIL_MAINTENANCE,ELECTRICAL_MAINTENANCE,ITEM-CIVI-254,KA-CENTRAL,OPEN,LOWEST_PRICE,OPEN_ELIGIBILITY,2026-05-20,2026-06-30,8849786.45,AWARDED
T02261,ocds-synthetic-02261,D19,D19,Forest Infrastructure Division,MEDICAL_SUPPLIES,SURGICAL_CONSUMABLES,ITEM-MEDI-353,KA-NORTH,OPEN,LOWEST_PRICE,OPEN_ELIGIBILITY,2026-07-05,2026-08-19,6954924.36,AWARDED
T02262,ocds-synthetic-02262,D09,D09,State Transport Division,CIVIL_MAINTENANCE,ROAD_MAINTENANCE,ITEM-CIVI-676,KA-SOUTH,OPEN,LOWEST_PRICE,OPEN_ELIGIBILITY,2024-03-23,2024-04-17,2038501.39,AWARDED
T02263,ocds-synthetic-02263,D11,D11,Urban Technology Division,MEDICAL_SUPPLIES,MEDICAL_DEVICES,ITEM-MEDI-612,KA-BENGALURU,TWO_STAGE,LOWEST_PRICE,QUALIFIED_SUPPLIERS,2024-10-01,2024-11-18,10501654.8,AWARDED
T02264,ocds-synthetic-02264,D05,D05,Rural Development Division,CIVIL_MAINTENANCE,BUILDING_MAINTENANCE,ITEM-CIVI-290,KA-NORTH,OPEN,LOWEST_PRICE,OPEN_ELIGIBILITY,2024-05-06,2024-05-23,5767150.88,AWARDED
T02265,ocds-synthetic-02265,D10,D10,Medical Services Procurement Division,BUILDING_CONSTRUCTION,CIVIL_BUILDING_WORKS,ITEM-BUIL-961,KA-CENTRAL,OPEN,LOWEST_PRICE,OPEN_ELIGIBILITY,2026-08-08,2026-08-20,23900539.28,AWARDED
T02266,ocds-synthetic-02266,D17,D17,Higher Education Procurement Division,IT_SERVICES,NETWORK_INFRASTRUCTURE,ITEM-IT_S-983,KA-BENGALURU,TWO_STAGE,QUALITY_AND_COST,QUALIFIED_SUPPLIERS,2025-08-25,2025-09-24,12558705.13,AWARDED
T02267,ocds-synthetic-02267,D18,D18,Industrial Development Division,ROAD_CONSTRUCTION,ROAD_WIDENING,ITEM-ROAD-383,KA-CENTRAL,TWO_STAGE,LOWEST_PRICE,QUALIFIED_SUPPLIERS,2026-01-15,2026-03-29,15096729.5,AWARDED
T02268,ocds-synthetic-02268,D09,D09,State Transport Division,WATER_INFRASTRUCTURE,IRRIGATION_WORKS,ITEM-WATE-602,KA-SOUTH,OPEN,LOWEST_PRICE,OPEN_ELIGIBILITY,2025-04-25,2025-06-04,35777004.21,AWARDED
T02269,ocds-synthetic-02269,D02,D02,Urban Infrastructure Division - South,WATER_INFRASTRUCTURE,WATER_TREATMENT,ITEM-WATE-963,KA-SOUTH,OPEN,LOWEST_PRICE,OPEN_ELIGIBILITY,2024-02-19,2024-03-28,16251272.14,AWARDED
T02270,ocds-synthetic-02270,D07,D07,Power Systems Division,VEHICLE_SUPPLIES,SPECIAL_PURPOSE_VEHICLES,ITEM-VEHI-279,KA-NORTH,LIMITED,LOWEST_PRICE,QUALIFIED_SUPPLIERS,2026-06-24,2026-07-05,17356140.34,AWARDED
T02271,ocds-synthetic-02271,D01,D01,State Works Division - North,FURNITURE,SCHOOL_FURNITURE,ITEM-FURN-849,KA-NORTH,LIMITED,LOWEST_PRICE,QUALIFIED_SUPPLIERS,2025-08-07,2025-08-16,5870105.22,AWARDED
T02272,ocds-synthetic-02272,D06,D06,Water Resources Division,IT_SERVICES,CLOUD_SERVICES,ITEM-IT_S-904,KA-SOUTH,OPEN,LOWEST_PRICE,OPEN_ELIGIBILITY,2025-08-23,2025-09-25,28547146.25,AWARDED
T02273,ocds-synthetic-02273,D06,D06,Water Resources Division,BUILDING_CONSTRUCTION,STRUCTURAL_WORKS,ITEM-BUIL-419,KA-SOUTH,OPEN,LOWEST_PRICE,OPEN_ELIGIBILITY,2025-04-07,2025-05-16,24608246.42,AWARDED
T02274,ocds-synthetic-02274,D04,D04,State Education Procurement Division,LAB_EQUIPMENT,LABORATORY_SYSTEMS,ITEM-LAB_-869,KA-NORTH,OPEN,LOWEST_PRICE,OPEN_ELIGIBILITY,2024-09-25,2024-11-01,13130704.8,AWARDED
T02275,ocds-synthetic-02275,D02,D02,Urban Infrastructure Division - South,IT_SERVICES,SOFTWARE_DEVELOPMENT,ITEM-IT_S-947,KA-SOUTH,LIMITED,QUALITY_AND_COST,QUALIFIED_SUPPLIERS,2025-07-21,2025-08-11,5362001.25,AWARDED
T02276,ocds-synthetic-02276,D01,D01,State Works Division - North,LAB_EQUIPMENT,ANALYTICAL_INSTRUMENTS,ITEM-LAB_-674,KA-NORTH,LIMITED,LOWEST_PRICE,QUALIFIED_SUPPLIERS,2026-07-20,2026-08-05,5420273.41,AWARDED
T02277,ocds-synthetic-02277,D18,D18,Industrial Development Division,CIVIL_MAINTENANCE,ROAD_MAINTENANCE,ITEM-CIVI-283,KA-CENTRAL,LIMITED,LOWEST_PRICE,QUALIFIED_SUPPLIERS,2025-04-20,2025-05-05,42254816.19,AWARDED
T02278,ocds-synthetic-02278,D04,D04,State Education Procurement Division,ROAD_CONSTRUCTION,BITUMINOUS_WORKS,ITEM-ROAD-194,KA-NORTH,OPEN,LOWEST_PRICE,OPEN_ELIGIBILITY,2025-05-27,2025-06-11,14425032.84,AWARDED
T02279,ocds-synthetic-02279,D01,D01,State Works Division - North,BUILDING_CONSTRUCTION,CIVIL_BUILDING_WORKS,ITEM-BUIL-629,KA-NORTH,OPEN,LOWEST_PRICE,OPEN_ELIGIBILITY,2025-03-28,2025-04-30,13376901.79,AWARDED
T02280,ocds-synthetic-02280,D14,D14,Agricultural Infrastructure Division,ELECTRICAL_EQUIPMENT,TRANSFORMERS,ITEM-ELEC-662,KA-NORTH,TWO_STAGE,LOWEST_PRICE,QUALIFIED_SUPPLIERS,2025-09-01,2025-10-07,8039463.4,AWARDED
T02281,ocds-synthetic-02281,D13,D13,Tourism Infrastructure Division,ELECTRICAL_EQUIPMENT,TRANSFORMERS,ITEM-ELEC-738,KA-CENTRAL,OPEN,LOWEST_PRICE,OPEN_ELIGIBILITY,2026-05-31,2026-06-28,16359053.3,AWARDED
T02282,ocds-synthetic-02282,D07,D07,Power Systems Division,IT_SERVICES,SOFTWARE_DEVELOPMENT,ITEM-IT_S-271,KA-NORTH,TWO_STAGE,LOWEST_PRICE,QUALIFIED_SUPPLIERS,2025-06-08,2025-07-31,31032849.48,AWARDED
T02283,ocds-synthetic-02283,D18,D18,Industrial Development Division,BUILDING_CONSTRUCTION,CIVIL_BUILDING_WORKS,ITEM-BUIL-517,KA-CENTRAL,OPEN,LOWEST_PRICE,OPEN_ELIGIBILITY,2026-07-12,2026-08-13,133867254.03,AWARDED
T02284,ocds-synthetic-02284,D03,D03,State Health Procurement Division,LAB_EQUIPMENT,CALIBRATION_EQUIPMENT,ITEM-LAB_-765,KA-CENTRAL,OPEN,QUALITY_AND_COST,OPEN_ELIGIBILITY,2026-03-21,2026-04-23,15487420.77,AWARDED
T02285,ocds-synthetic-02285,D05,D05,Rural Development Division,MEDICAL_SUPPLIES,DIAGNOSTIC_EQUIPMENT,ITEM-MEDI-428,KA-NORTH,LIMITED,LOWEST_PRICE,QUALIFIED_SUPPLIERS,2026-02-11,2026-03-13,2993041.43,AWARDED
T02286,ocds-synthetic-02286,D01,D01,State Works Division - North,IT_SERVICES,CLOUD_SERVICES,ITEM-IT_S-843,KA-NORTH,LIMITED,LOWEST_PRICE,QUALIFIED_SUPPLIERS,2024-04-08,2024-05-05,34518166.69,AWARDED
T02287,ocds-synthetic-02287,D12,D12,Housing Infrastructure Division,IT_SERVICES,IT_HARDWARE,ITEM-IT_S-440,KA-SOUTH,OPEN,LOWEST_PRICE,OPEN_ELIGIBILITY,2026-08-12,2026-08-30,17713263.54,AWARDED
T02288,ocds-synthetic-02288,D19,D19,Forest Infrastructure Division,ROAD_CONSTRUCTION,BITUMINOUS_WORKS,ITEM-ROAD-100,KA-NORTH,OPEN,LOWEST_PRICE,OPEN_ELIGIBILITY,2026-05-18,2026-06-15,121340451.83,AWARDED
T02289,ocds-synthetic-02289,D19,D19,Forest Infrastructure Division,ROAD_CONSTRUCTION,ROAD_RESURFACING,ITEM-ROAD-857,KA-NORTH,TWO_STAGE,LOWEST_PRICE,QUALIFIED_SUPPLIERS,2026-05-02,2026-07-03,24181982.94,AWARDED
T02290,ocds-synthetic-02290,D05,D05,Rural Development Division,ELECTRICAL_EQUIPMENT,CABLING,ITEM-ELEC-793,KA-NORTH,LIMITED,LOWEST_PRICE,QUALIFIED_SUPPLIERS,2026-03-19,2026-04-09,10698591.19,AWARDED
T02291,ocds-synthetic-02291,D11,D11,Urban Technology Division,CIVIL_MAINTENANCE,GENERAL_REPAIRS,ITEM-CIVI-631,KA-BENGALURU,OPEN,LOWEST_PRICE,OPEN_ELIGIBILITY,2026-07-05,2026-07-27,13032755.27,AWARDED
T02292,ocds-synthetic-02292,D02,D02,Urban Infrastructure Division - South,ELECTRICAL_EQUIPMENT,TRANSFORMERS,ITEM-ELEC-402,KA-SOUTH,OPEN,LOWEST_PRICE,OPEN_ELIGIBILITY,2025-06-06,2025-07-17,20080965.2,AWARDED
T02293,ocds-synthetic-02293,D10,D10,Medical Services Procurement Division,ROAD_CONSTRUCTION,BITUMINOUS_WORKS,ITEM-ROAD-851,KA-CENTRAL,OPEN,LOWEST_PRICE,OPEN_ELIGIBILITY,2026-04-30,2026-06-08,13403720.32,AWARDED
T02294,ocds-synthetic-02294,D08,D08,Municipal Services Division,BUILDING_CONSTRUCTION,STRUCTURAL_WORKS,ITEM-BUIL-302,KA-CENTRAL,TWO_STAGE,LOWEST_PRICE,QUALIFIED_SUPPLIERS,2024-05-03,2024-06-10,13039505.69,AWARDED
T02295,ocds-synthetic-02295,D02,D02,Urban Infrastructure Division - South,ROAD_CONSTRUCTION,DRAINAGE_WORKS,ITEM-ROAD-626,KA-SOUTH,OPEN,LOWEST_PRICE,OPEN_ELIGIBILITY,2026-05-08,2026-06-09,5191824.3,AWARDED
T02296,ocds-synthetic-02296,D12,D12,Housing Infrastructure Division,FURNITURE,SCHOOL_FURNITURE,ITEM-FURN-206,KA-SOUTH,OPEN,LOWEST_PRICE,OPEN_ELIGIBILITY,2024-08-23,2024-09-25,1601415.4,AWARDED
T02297,ocds-synthetic-02297,D17,D17,Higher Education Procurement Division,IT_SERVICES,SOFTWARE_DEVELOPMENT,ITEM-IT_S-510,KA-BENGALURU,TWO_STAGE,LOWEST_PRICE,QUALIFIED_SUPPLIERS,2025-09-17,2025-11-06,105485252.68,AWARDED
T02298,ocds-synthetic-02298,D16,D16,Infrastructure Development Division,WATER_INFRASTRUCTURE,WATER_TREATMENT,ITEM-WATE-223,KA-CENTRAL,OPEN,LOWEST_PRICE,OPEN_ELIGIBILITY,2025-05-10,2025-06-09,34219054.49,AWARDED
T02299,ocds-synthetic-02299,D19,D19,Forest Infrastructure Division,CIVIL_MAINTENANCE,ELECTRICAL_MAINTENANCE,ITEM-CIVI-584,KA-NORTH,LIMITED,LOWEST_PRICE,QUALIFIED_SUPPLIERS,2026-01-10,2026-02-05,21991153.55,AWARDED
T02300,ocds-synthetic-02300,D01,D01,State Works Division - North,ROAD_CONSTRUCTION,ROAD_RESURFACING,ITEM-ROAD-119,KA-NORTH,LIMITED,LOWEST_PRICE,QUALIFIED_SUPPLIERS,2026-08-05,2026-08-29,22513189.75,AWARDED
T02301,ocds-synthetic-02301,D14,D14,Agricultural Infrastructure Division,IT_SERVICES,SOFTWARE_DEVELOPMENT,ITEM-IT_S-726,KA-NORTH,LIMITED,LOWEST_PRICE,QUALIFIED_SUPPLIERS,2024-11-03,2024-11-26,8328580.33,AWARDED
T02302,ocds-synthetic-02302,D09,D09,State Transport Division,CIVIL_MAINTENANCE,GENERAL_REPAIRS,ITEM-CIVI-578,KA-SOUTH,LIMITED,LOWEST_PRICE,QUALIFIED_SUPPLIERS,2024-07-09,2024-07-16,5153436.77,AWARDED
T02303,ocds-synthetic-02303,D04,D04,State Education Procurement Division,WATER_INFRASTRUCTURE,WATER_TREATMENT,ITEM-WATE-487,KA-NORTH,OPEN,LOWEST_PRICE,OPEN_ELIGIBILITY,2025-02-22,2025-03-19,11183921.84,AWARDED
T02304,ocds-synthetic-02304,D02,D02,Urban Infrastructure Division - South,WATER_INFRASTRUCTURE,PIPELINE_WORKS,ITEM-WATE-404,KA-SOUTH,OPEN,LOWEST_PRICE,OPEN_ELIGIBILITY,2024-12-25,2025-01-12,5137130.45,AWARDED
T02305,ocds-synthetic-02305,D02,D02,Urban Infrastructure Division - South,LAB_EQUIPMENT,LABORATORY_SYSTEMS,ITEM-LAB_-835,KA-SOUTH,OPEN,LOWEST_PRICE,OPEN_ELIGIBILITY,2025-10-09,2025-11-23,4692247.84,AWARDED
T02306,ocds-synthetic-02306,D02,D02,Urban Infrastructure Division - South,WATER_INFRASTRUCTURE,IRRIGATION_WORKS,ITEM-WATE-568,KA-SOUTH,OPEN,LOWEST_PRICE,OPEN_ELIGIBILITY,2025-09-21,2025-10-14,130558291.19,AWARDED
T02307,ocds-synthetic-02307,D19,D19,Forest Infrastructure Division,BUILDING_CONSTRUCTION,STRUCTURAL_WORKS,ITEM-BUIL-732,KA-NORTH,OPEN,LOWEST_PRICE,OPEN_ELIGIBILITY,2024-06-15,2024-07-05,29461021.46,AWARDED
T02308,ocds-synthetic-02308,D14,D14,Agricultural Infrastructure Division,ELECTRICAL_EQUIPMENT,SWITCHGEAR,ITEM-ELEC-405,KA-NORTH,OPEN,LOWEST_PRICE,OPEN_ELIGIBILITY,2024-02-21,2024-03-09,18831816.03,AWARDED
T02309,ocds-synthetic-02309,D18,D18,Industrial Development Division,IT_SERVICES,IT_HARDWARE,ITEM-IT_S-422,KA-CENTRAL,LIMITED,QUALITY_AND_COST,QUALIFIED_SUPPLIERS,2024-10-09,2024-11-04,4016826.37,AWARDED
T02310,ocds-synthetic-02310,D17,D17,Higher Education Procurement Division,IT_SERVICES,CYBERSECURITY,ITEM-IT_S-769,KA-BENGALURU,OPEN,LOWEST_PRICE,OPEN_ELIGIBILITY,2024-03-20,2024-05-04,14479140.29,AWARDED
T02311,ocds-synthetic-02311,D01,D01,State Works Division - North,WATER_INFRASTRUCTURE,WATER_TREATMENT,ITEM-WATE-931,KA-NORTH,LIMITED,LOWEST_PRICE,QUALIFIED_SUPPLIERS,2025-03-03,2025-03-30,15308822.31,AWARDED
T02312,ocds-synthetic-02312,D13,D13,Tourism Infrastructure Division,FURNITURE,SCHOOL_FURNITURE,ITEM-FURN-296,KA-CENTRAL,OPEN,LOWEST_PRICE,OPEN_ELIGIBILITY,2025-03-06,2025-03-28,1483995.55,AWARDED
T02313,ocds-synthetic-02313,D16,D16,Infrastructure Development Division,BUILDING_CONSTRUCTION,STRUCTURAL_WORKS,ITEM-BUIL-283,KA-CENTRAL,OPEN,LOWEST_PRICE,OPEN_ELIGIBILITY,2026-04-12,2026-05-09,101420569.43,AWARDED
T02314,ocds-synthetic-02314,D08,D08,Municipal Services Division,FURNITURE,HOSPITAL_FURNITURE,ITEM-FURN-535,KA-CENTRAL,OPEN,LOWEST_PRICE,OPEN_ELIGIBILITY,2024-09-28,2024-10-30,1318359.54,AWARDED
T02315,ocds-synthetic-02315,D15,D15,Energy Procurement Division,FURNITURE,SCHOOL_FURNITURE,ITEM-FURN-190,KA-SOUTH,TWO_STAGE,LOWEST_PRICE,QUALIFIED_SUPPLIERS,2025-07-22,2025-10-04,2591718.2,AWARDED
T02316,ocds-synthetic-02316,D14,D14,Agricultural Infrastructure Division,ELECTRICAL_EQUIPMENT,TRANSFORMERS,ITEM-ELEC-761,KA-NORTH,OPEN,LOWEST_PRICE,OPEN_ELIGIBILITY,2026-08-20,2026-08-31,10881397.32,AWARDED
T02317,ocds-synthetic-02317,D18,D18,Industrial Development Division,VEHICLE_SUPPLIES,VEHICLE_PARTS,ITEM-VEHI-562,KA-CENTRAL,LIMITED,LOWEST_PRICE,QUALIFIED_SUPPLIERS,2024-06-20,2024-06-30,7608486.74,AWARDED
T02318,ocds-synthetic-02318,D20,D20,Public Health Engineering Division,ELECTRICAL_EQUIPMENT,CONTROL_EQUIPMENT,ITEM-ELEC-166,KA-SOUTH,LIMITED,LOWEST_PRICE,QUALIFIED_SUPPLIERS,2026-08-05,2026-08-23,1798048.34,AWARDED
T02319,ocds-synthetic-02319,D08,D08,Municipal Services Division,MEDICAL_SUPPLIES,DIAGNOSTIC_EQUIPMENT,ITEM-MEDI-685,KA-CENTRAL,TWO_STAGE,LOWEST_PRICE,QUALIFIED_SUPPLIERS,2024-12-11,2025-02-07,8823925.3,AWARDED
T02320,ocds-synthetic-02320,D01,D01,State Works Division - North,FURNITURE,SCHOOL_FURNITURE,ITEM-FURN-588,KA-NORTH,OPEN,LOWEST_PRICE,OPEN_ELIGIBILITY,2024-11-21,2024-12-27,565807.62,AWARDED
T02321,ocds-synthetic-02321,D03,D03,State Health Procurement Division,ROAD_CONSTRUCTION,ROAD_RESURFACING,ITEM-ROAD-488,KA-CENTRAL,OPEN,LOWEST_PRICE,OPEN_ELIGIBILITY,2024-05-11,2024-05-29,55197228.7,AWARDED
T02322,ocds-synthetic-02322,D20,D20,Public Health Engineering Division,ROAD_CONSTRUCTION,ROAD_WIDENING,ITEM-ROAD-169,KA-SOUTH,OPEN,LOWEST_PRICE,OPEN_ELIGIBILITY,2025-07-23,2025-08-24,64793434.08,AWARDED
T02323,ocds-synthetic-02323,D06,D06,Water Resources Division,VEHICLE_SUPPLIES,SPECIAL_PURPOSE_VEHICLES,ITEM-VEHI-952,KA-SOUTH,OPEN,LOWEST_PRICE,OPEN_ELIGIBILITY,2025-06-14,2025-07-14,2334786.53,AWARDED
T02324,ocds-synthetic-02324,D05,D05,Rural Development Division,CIVIL_MAINTENANCE,ELECTRICAL_MAINTENANCE,ITEM-CIVI-896,KA-NORTH,TWO_STAGE,LOWEST_PRICE,QUALIFIED_SUPPLIERS,2026-08-01,2026-08-31,9172251.66,AWARDED
T02325,ocds-synthetic-02325,D05,D05,Rural Development Division,BUILDING_CONSTRUCTION,CIVIL_BUILDING_WORKS,ITEM-BUIL-465,KA-NORTH,OPEN,LOWEST_PRICE,OPEN_ELIGIBILITY,2026-01-24,2026-02-06,19657945.86,AWARDED
T02326,ocds-synthetic-02326,D18,D18,Industrial Development Division,BUILDING_CONSTRUCTION,STRUCTURAL_WORKS,ITEM-BUIL-257,KA-CENTRAL,LIMITED,LOWEST_PRICE,QUALIFIED_SUPPLIERS,2026-02-18,2026-03-10,140176687.45,AWARDED
T02327,ocds-synthetic-02327,D19,D19,Forest Infrastructure Division,IT_SERVICES,SOFTWARE_DEVELOPMENT,ITEM-IT_S-275,KA-NORTH,OPEN,LOWEST_PRICE,OPEN_ELIGIBILITY,2025-10-25,2025-11-27,4067716.35,AWARDED
T02328,ocds-synthetic-02328,D04,D04,State Education Procurement Division,MEDICAL_SUPPLIES,DIAGNOSTIC_EQUIPMENT,ITEM-MEDI-353,KA-NORTH,OPEN,LOWEST_PRICE,OPEN_ELIGIBILITY,2026-07-01,2026-08-02,5285828.33,AWARDED
T02329,ocds-synthetic-02329,D20,D20,Public Health Engineering Division,ELECTRICAL_EQUIPMENT,CABLING,ITEM-ELEC-998,KA-SOUTH,LIMITED,LOWEST_PRICE,QUALIFIED_SUPPLIERS,2024-04-01,2024-04-19,9974792.8,AWARDED
T02330,ocds-synthetic-02330,D10,D10,Medical Services Procurement Division,ROAD_CONSTRUCTION,ROAD_MAINTENANCE,ITEM-ROAD-482,KA-CENTRAL,OPEN,LOWEST_PRICE,OPEN_ELIGIBILITY,2025-10-01,2025-11-04,36427903.07,AWARDED
T02331,ocds-synthetic-02331,D13,D13,Tourism Infrastructure Division,IT_SERVICES,NETWORK_INFRASTRUCTURE,ITEM-IT_S-578,KA-CENTRAL,TWO_STAGE,LOWEST_PRICE,QUALIFIED_SUPPLIERS,2025-03-04,2025-05-16,41552437.62,AWARDED
T02332,ocds-synthetic-02332,D17,D17,Higher Education Procurement Division,ROAD_CONSTRUCTION,ROAD_RESURFACING,ITEM-ROAD-781,KA-BENGALURU,OPEN,LOWEST_PRICE,OPEN_ELIGIBILITY,2025-05-30,2025-06-23,74060431.69,AWARDED
T02333,ocds-synthetic-02333,D14,D14,Agricultural Infrastructure Division,ROAD_CONSTRUCTION,BITUMINOUS_WORKS,ITEM-ROAD-402,KA-NORTH,OPEN,LOWEST_PRICE,OPEN_ELIGIBILITY,2025-04-19,2025-05-26,18733311.31,AWARDED
T02334,ocds-synthetic-02334,D17,D17,Higher Education Procurement Division,ROAD_CONSTRUCTION,BITUMINOUS_WORKS,ITEM-ROAD-114,KA-BENGALURU,LIMITED,LOWEST_PRICE,QUALIFIED_SUPPLIERS,2025-11-22,2025-12-09,4824721.65,AWARDED
T02335,ocds-synthetic-02335,D14,D14,Agricultural Infrastructure Division,VEHICLE_SUPPLIES,VEHICLE_PARTS,ITEM-VEHI-371,KA-NORTH,OPEN,LOWEST_PRICE,OPEN_ELIGIBILITY,2025-10-07,2025-11-13,58880706.93,AWARDED
T02336,ocds-synthetic-02336,D02,D02,Urban Infrastructure Division - South,BUILDING_CONSTRUCTION,CIVIL_BUILDING_WORKS,ITEM-BUIL-662,KA-SOUTH,OPEN,LOWEST_PRICE,OPEN_ELIGIBILITY,2025-02-06,2025-03-16,74865663.79,AWARDED
T02337,ocds-synthetic-02337,D02,D02,Urban Infrastructure Division - South,IT_SERVICES,IT_HARDWARE,ITEM-IT_S-389,KA-SOUTH,TWO_STAGE,LOWEST_PRICE,QUALIFIED_SUPPLIERS,2025-05-24,2025-07-14,9554309.67,AWARDED
T02338,ocds-synthetic-02338,D16,D16,Infrastructure Development Division,WATER_INFRASTRUCTURE,PUMPING_SYSTEMS,ITEM-WATE-180,KA-CENTRAL,OPEN,LOWEST_PRICE,OPEN_ELIGIBILITY,2026-03-18,2026-04-05,30840050.2,AWARDED
T02339,ocds-synthetic-02339,D12,D12,Housing Infrastructure Division,ELECTRICAL_EQUIPMENT,CABLING,ITEM-ELEC-860,KA-SOUTH,OPEN,LOWEST_PRICE,OPEN_ELIGIBILITY,2024-10-07,2024-10-30,11588178.55,AWARDED
T02340,ocds-synthetic-02340,D07,D07,Power Systems Division,CIVIL_MAINTENANCE,ELECTRICAL_MAINTENANCE,ITEM-CIVI-557,KA-NORTH,OPEN,LOWEST_PRICE,OPEN_ELIGIBILITY,2024-02-02,2024-03-12,1932506.39,AWARDED
T02341,ocds-synthetic-02341,D14,D14,Agricultural Infrastructure Division,MEDICAL_SUPPLIES,DIAGNOSTIC_EQUIPMENT,ITEM-MEDI-726,KA-NORTH,OPEN,LOWEST_PRICE,OPEN_ELIGIBILITY,2026-01-13,2026-02-21,22943373.9,AWARDED
T02342,ocds-synthetic-02342,D02,D02,Urban Infrastructure Division - South,CIVIL_MAINTENANCE,GENERAL_REPAIRS,ITEM-CIVI-242,KA-SOUTH,OPEN,LOWEST_PRICE,OPEN_ELIGIBILITY,2026-05-20,2026-06-07,28317761.68,AWARDED
T02343,ocds-synthetic-02343,D02,D02,Urban Infrastructure Division - South,ELECTRICAL_EQUIPMENT,CONTROL_EQUIPMENT,ITEM-ELEC-518,KA-SOUTH,OPEN,LOWEST_PRICE,OPEN_ELIGIBILITY,2025-07-26,2025-08-29,3238052.11,AWARDED
T02344,ocds-synthetic-02344,D09,D09,State Transport Division,BUILDING_CONSTRUCTION,CIVIL_BUILDING_WORKS,ITEM-BUIL-883,KA-SOUTH,OPEN,LOWEST_PRICE,OPEN_ELIGIBILITY,2025-12-18,2026-01-20,17975772.0,AWARDED
T02345,ocds-synthetic-02345,D05,D05,Rural Development Division,ROAD_CONSTRUCTION,ROAD_MAINTENANCE,ITEM-ROAD-717,KA-NORTH,OPEN,LOWEST_PRICE,OPEN_ELIGIBILITY,2026-02-22,2026-04-02,16183725.07,AWARDED
T02346,ocds-synthetic-02346,D07,D07,Power Systems Division,MEDICAL_SUPPLIES,SURGICAL_CONSUMABLES,ITEM-MEDI-737,KA-NORTH,OPEN,LOWEST_PRICE,OPEN_ELIGIBILITY,2026-08-27,2026-08-31,2873749.74,AWARDED
T02347,ocds-synthetic-02347,D13,D13,Tourism Infrastructure Division,CIVIL_MAINTENANCE,BUILDING_MAINTENANCE,ITEM-CIVI-590,KA-CENTRAL,OPEN,LOWEST_PRICE,OPEN_ELIGIBILITY,2026-07-11,2026-08-08,9258017.62,AWARDED
T02348,ocds-synthetic-02348,D11,D11,Urban Technology Division,FURNITURE,HOSPITAL_FURNITURE,ITEM-FURN-110,KA-BENGALURU,TWO_STAGE,LOWEST_PRICE,QUALIFIED_SUPPLIERS,2025-09-22,2025-11-23,3991602.62,AWARDED
T02349,ocds-synthetic-02349,D06,D06,Water Resources Division,WATER_INFRASTRUCTURE,IRRIGATION_WORKS,ITEM-WATE-890,KA-SOUTH,OPEN,LOWEST_PRICE,OPEN_ELIGIBILITY,2026-03-02,2026-04-04,17693723.18,AWARDED
T02350,ocds-synthetic-02350,D04,D04,State Education Procurement Division,ROAD_CONSTRUCTION,BITUMINOUS_WORKS,ITEM-ROAD-676,KA-NORTH,OPEN,LOWEST_PRICE,OPEN_ELIGIBILITY,2025-09-28,2025-10-14,19767312.73,AWARDED
T02351,ocds-synthetic-02351,D07,D07,Power Systems Division,BUILDING_CONSTRUCTION,STRUCTURAL_WORKS,ITEM-BUIL-104,KA-NORTH,OPEN,LOWEST_PRICE,OPEN_ELIGIBILITY,2025-08-19,2025-08-31,93696379.74,AWARDED
T02352,ocds-synthetic-02352,D13,D13,Tourism Infrastructure Division,CIVIL_MAINTENANCE,BUILDING_MAINTENANCE,ITEM-CIVI-529,KA-CENTRAL,OPEN,LOWEST_PRICE,OPEN_ELIGIBILITY,2026-07-19,2026-08-06,41335151.77,AWARDED
T02353,ocds-synthetic-02353,D02,D02,Urban Infrastructure Division - South,ROAD_CONSTRUCTION,BITUMINOUS_WORKS,ITEM-ROAD-608,KA-SOUTH,OPEN,LOWEST_PRICE,OPEN_ELIGIBILITY,2024-03-19,2024-04-22,18849022.6,AWARDED
T02354,ocds-synthetic-02354,D15,D15,Energy Procurement Division,BUILDING_CONSTRUCTION,STRUCTURAL_WORKS,ITEM-BUIL-101,KA-SOUTH,OPEN,LOWEST_PRICE,OPEN_ELIGIBILITY,2026-04-01,2026-04-28,38543013.03,AWARDED
T02355,ocds-synthetic-02355,D18,D18,Industrial Development Division,FURNITURE,SCHOOL_FURNITURE,ITEM-FURN-114,KA-CENTRAL,OPEN,LOWEST_PRICE,OPEN_ELIGIBILITY,2025-05-17,2025-06-14,2637821.85,AWARDED
T02356,ocds-synthetic-02356,D07,D07,Power Systems Division,ROAD_CONSTRUCTION,BITUMINOUS_WORKS,ITEM-ROAD-507,KA-NORTH,OPEN,LOWEST_PRICE,OPEN_ELIGIBILITY,2024-12-09,2024-12-29,17810146.29,AWARDED
T02357,ocds-synthetic-02357,D10,D10,Medical Services Procurement Division,ROAD_CONSTRUCTION,ROAD_MAINTENANCE,ITEM-ROAD-293,KA-CENTRAL,OPEN,LOWEST_PRICE,OPEN_ELIGIBILITY,2025-03-17,2025-05-01,46908176.8,AWARDED
T02358,ocds-synthetic-02358,D03,D03,State Health Procurement Division,BUILDING_CONSTRUCTION,RENOVATION,ITEM-BUIL-664,KA-CENTRAL,OPEN,LOWEST_PRICE,OPEN_ELIGIBILITY,2026-03-12,2026-03-27,20892597.02,AWARDED
T02359,ocds-synthetic-02359,D04,D04,State Education Procurement Division,MEDICAL_SUPPLIES,DIAGNOSTIC_EQUIPMENT,ITEM-MEDI-599,KA-NORTH,OPEN,LOWEST_PRICE,OPEN_ELIGIBILITY,2025-04-21,2025-05-29,3057936.36,AWARDED
T02360,ocds-synthetic-02360,D12,D12,Housing Infrastructure Division,BUILDING_CONSTRUCTION,STRUCTURAL_WORKS,ITEM-BUIL-971,KA-SOUTH,OPEN,LOWEST_PRICE,OPEN_ELIGIBILITY,2024-06-03,2024-07-16,56323700.18,AWARDED
T02361,ocds-synthetic-02361,D11,D11,Urban Technology Division,BUILDING_CONSTRUCTION,PUBLIC_BUILDING,ITEM-BUIL-521,KA-BENGALURU,OPEN,LOWEST_PRICE,OPEN_ELIGIBILITY,2024-08-02,2024-08-27,26179709.39,AWARDED
T02362,ocds-synthetic-02362,D14,D14,Agricultural Infrastructure Division,ELECTRICAL_EQUIPMENT,SWITCHGEAR,ITEM-ELEC-999,KA-NORTH,LIMITED,LOWEST_PRICE,QUALIFIED_SUPPLIERS,2026-08-09,2026-08-31,2341550.62,AWARDED
T02363,ocds-synthetic-02363,D04,D04,State Education Procurement Division,ROAD_CONSTRUCTION,BITUMINOUS_WORKS,ITEM-ROAD-176,KA-NORTH,OPEN,LOWEST_PRICE,OPEN_ELIGIBILITY,2024-11-11,2024-12-22,25089876.43,AWARDED
T02364,ocds-synthetic-02364,D20,D20,Public Health Engineering Division,CIVIL_MAINTENANCE,ELECTRICAL_MAINTENANCE,ITEM-CIVI-245,KA-SOUTH,TWO_STAGE,LOWEST_PRICE,QUALIFIED_SUPPLIERS,2025-10-15,2025-12-17,5568077.1,AWARDED
T02365,ocds-synthetic-02365,D11,D11,Urban Technology Division,MEDICAL_SUPPLIES,DIAGNOSTIC_EQUIPMENT,ITEM-MEDI-334,KA-BENGALURU,LIMITED,LOWEST_PRICE,QUALIFIED_SUPPLIERS,2026-03-31,2026-04-24,11733834.09,AWARDED
T02366,ocds-synthetic-02366,D04,D04,State Education Procurement Division,ROAD_CONSTRUCTION,DRAINAGE_WORKS,ITEM-ROAD-727,KA-NORTH,OPEN,LOWEST_PRICE,OPEN_ELIGIBILITY,2026-07-18,2026-08-09,1014681.24,AWARDED
T02367,ocds-synthetic-02367,D04,D04,State Education Procurement Division,WATER_INFRASTRUCTURE,IRRIGATION_WORKS,ITEM-WATE-739,KA-NORTH,OPEN,LOWEST_PRICE,OPEN_ELIGIBILITY,2026-08-01,2026-08-19,86548336.23,AWARDED
T02368,ocds-synthetic-02368,D17,D17,Higher Education Procurement Division,LAB_EQUIPMENT,SCIENTIFIC_EQUIPMENT,ITEM-LAB_-675,KA-BENGALURU,OPEN,LOWEST_PRICE,OPEN_ELIGIBILITY,2024-08-07,2024-08-24,5299925.33,AWARDED
T02369,ocds-synthetic-02369,D13,D13,Tourism Infrastructure Division,FURNITURE,OFFICE_FURNITURE,ITEM-FURN-997,KA-CENTRAL,OPEN,LOWEST_PRICE,OPEN_ELIGIBILITY,2024-10-13,2024-11-04,6013943.65,AWARDED
T02370,ocds-synthetic-02370,D03,D03,State Health Procurement Division,MEDICAL_SUPPLIES,SURGICAL_CONSUMABLES,ITEM-MEDI-484,KA-CENTRAL,OPEN,LOWEST_PRICE,OPEN_ELIGIBILITY,2024-09-18,2024-10-24,1338984.29,AWARDED
T02371,ocds-synthetic-02371,D02,D02,Urban Infrastructure Division - South,BUILDING_CONSTRUCTION,STRUCTURAL_WORKS,ITEM-BUIL-130,KA-SOUTH,OPEN,LOWEST_PRICE,OPEN_ELIGIBILITY,2024-06-19,2024-07-17,26745421.55,AWARDED
T02372,ocds-synthetic-02372,D17,D17,Higher Education Procurement Division,ROAD_CONSTRUCTION,DRAINAGE_WORKS,ITEM-ROAD-732,KA-BENGALURU,OPEN,LOWEST_PRICE,OPEN_ELIGIBILITY,2025-09-05,2025-10-08,2505217.46,AWARDED
T02373,ocds-synthetic-02373,D17,D17,Higher Education Procurement Division,WATER_INFRASTRUCTURE,WATER_TREATMENT,ITEM-WATE-984,KA-BENGALURU,OPEN,LOWEST_PRICE,OPEN_ELIGIBILITY,2024-01-12,2024-02-12,14310385.9,AWARDED
T02374,ocds-synthetic-02374,D20,D20,Public Health Engineering Division,LAB_EQUIPMENT,LABORATORY_SYSTEMS,ITEM-LAB_-462,KA-SOUTH,OPEN,LOWEST_PRICE,OPEN_ELIGIBILITY,2026-07-24,2026-08-12,2582489.84,AWARDED
T02375,ocds-synthetic-02375,D13,D13,Tourism Infrastructure Division,ELECTRICAL_EQUIPMENT,CABLING,ITEM-ELEC-877,KA-CENTRAL,OPEN,LOWEST_PRICE,OPEN_ELIGIBILITY,2024-09-13,2024-10-12,7719725.99,AWARDED
T02376,ocds-synthetic-02376,D08,D08,Municipal Services Division,BUILDING_CONSTRUCTION,PUBLIC_BUILDING,ITEM-BUIL-535,KA-CENTRAL,OPEN,LOWEST_PRICE,OPEN_ELIGIBILITY,2026-05-14,2026-06-27,18371584.75,AWARDED
T02377,ocds-synthetic-02377,D01,D01,State Works Division - North,CIVIL_MAINTENANCE,ELECTRICAL_MAINTENANCE,ITEM-CIVI-925,KA-NORTH,OPEN,LOWEST_PRICE,OPEN_ELIGIBILITY,2026-03-20,2026-04-25,64987659.04,AWARDED
T02378,ocds-synthetic-02378,D16,D16,Infrastructure Development Division,MEDICAL_SUPPLIES,SURGICAL_CONSUMABLES,ITEM-MEDI-331,KA-CENTRAL,OPEN,LOWEST_PRICE,OPEN_ELIGIBILITY,2026-07-01,2026-07-23,18428923.21,AWARDED
T02379,ocds-synthetic-02379,D01,D01,State Works Division - North,MEDICAL_SUPPLIES,MEDICAL_DEVICES,ITEM-MEDI-821,KA-NORTH,OPEN,LOWEST_PRICE,OPEN_ELIGIBILITY,2024-01-28,2024-02-29,14956925.17,AWARDED
T02380,ocds-synthetic-02380,D14,D14,Agricultural Infrastructure Division,FURNITURE,SCHOOL_FURNITURE,ITEM-FURN-734,KA-NORTH,TWO_STAGE,LOWEST_PRICE,QUALIFIED_SUPPLIERS,2026-08-10,2026-08-31,3984158.93,AWARDED
T02381,ocds-synthetic-02381,D18,D18,Industrial Development Division,CIVIL_MAINTENANCE,GENERAL_REPAIRS,ITEM-CIVI-860,KA-CENTRAL,LIMITED,LOWEST_PRICE,QUALIFIED_SUPPLIERS,2024-08-03,2024-08-28,10990110.7,AWARDED
T02382,ocds-synthetic-02382,D13,D13,Tourism Infrastructure Division,ROAD_CONSTRUCTION,DRAINAGE_WORKS,ITEM-ROAD-373,KA-CENTRAL,OPEN,LOWEST_PRICE,OPEN_ELIGIBILITY,2026-02-22,2026-03-21,81326959.62,AWARDED
T02383,ocds-synthetic-02383,D06,D06,Water Resources Division,IT_SERVICES,CLOUD_SERVICES,ITEM-IT_S-342,KA-SOUTH,OPEN,QUALITY_AND_COST,OPEN_ELIGIBILITY,2025-01-11,2025-02-06,1875123.21,AWARDED
T02384,ocds-synthetic-02384,D08,D08,Municipal Services Division,BUILDING_CONSTRUCTION,PUBLIC_BUILDING,ITEM-BUIL-143,KA-CENTRAL,OPEN,LOWEST_PRICE,OPEN_ELIGIBILITY,2025-11-06,2025-11-19,213299821.25,AWARDED
T02385,ocds-synthetic-02385,D02,D02,Urban Infrastructure Division - South,CIVIL_MAINTENANCE,GENERAL_REPAIRS,ITEM-CIVI-605,KA-SOUTH,OPEN,LOWEST_PRICE,OPEN_ELIGIBILITY,2024-02-25,2024-04-07,2727269.63,AWARDED
T02386,ocds-synthetic-02386,D09,D09,State Transport Division,IT_SERVICES,SOFTWARE_DEVELOPMENT,ITEM-IT_S-345,KA-SOUTH,LIMITED,QUALITY_AND_COST,QUALIFIED_SUPPLIERS,2026-06-20,2026-07-10,14149967.92,AWARDED
T02387,ocds-synthetic-02387,D11,D11,Urban Technology Division,ROAD_CONSTRUCTION,ROAD_MAINTENANCE,ITEM-ROAD-702,KA-BENGALURU,LIMITED,LOWEST_PRICE,QUALIFIED_SUPPLIERS,2025-04-23,2025-05-14,17036122.13,AWARDED
T02388,ocds-synthetic-02388,D05,D05,Rural Development Division,ROAD_CONSTRUCTION,ROAD_RESURFACING,ITEM-ROAD-308,KA-NORTH,OPEN,LOWEST_PRICE,OPEN_ELIGIBILITY,2025-11-27,2025-12-25,46302180.49,AWARDED
T02389,ocds-synthetic-02389,D02,D02,Urban Infrastructure Division - South,IT_SERVICES,CYBERSECURITY,ITEM-IT_S-354,KA-SOUTH,OPEN,LOWEST_PRICE,OPEN_ELIGIBILITY,2024-06-06,2024-07-11,13256359.59,AWARDED
T02390,ocds-synthetic-02390,D20,D20,Public Health Engineering Division,CIVIL_MAINTENANCE,GENERAL_REPAIRS,ITEM-CIVI-284,KA-SOUTH,OPEN,LOWEST_PRICE,OPEN_ELIGIBILITY,2025-02-11,2025-03-15,2594195.46,AWARDED
T02391,ocds-synthetic-02391,D13,D13,Tourism Infrastructure Division,CIVIL_MAINTENANCE,GENERAL_REPAIRS,ITEM-CIVI-850,KA-CENTRAL,OPEN,LOWEST_PRICE,OPEN_ELIGIBILITY,2026-05-02,2026-05-19,14505364.41,AWARDED
T02392,ocds-synthetic-02392,D16,D16,Infrastructure Development Division,BUILDING_CONSTRUCTION,STRUCTURAL_WORKS,ITEM-BUIL-238,KA-CENTRAL,OPEN,LOWEST_PRICE,OPEN_ELIGIBILITY,2026-04-15,2026-05-01,16451779.67,AWARDED
T02393,ocds-synthetic-02393,D20,D20,Public Health Engineering Division,CIVIL_MAINTENANCE,BUILDING_MAINTENANCE,ITEM-CIVI-780,KA-SOUTH,OPEN,LOWEST_PRICE,OPEN_ELIGIBILITY,2026-02-13,2026-03-07,6900124.65,AWARDED
T02394,ocds-synthetic-02394,D01,D01,State Works Division - North,ELECTRICAL_EQUIPMENT,TRANSFORMERS,ITEM-ELEC-959,KA-NORTH,LIMITED,LOWEST_PRICE,QUALIFIED_SUPPLIERS,2024-06-09,2024-07-01,6350643.67,AWARDED
T02395,ocds-synthetic-02395,D17,D17,Higher Education Procurement Division,MEDICAL_SUPPLIES,HOSPITAL_SUPPLIES,ITEM-MEDI-268,KA-BENGALURU,OPEN,LOWEST_PRICE,OPEN_ELIGIBILITY,2025-05-26,2025-07-05,4648906.75,AWARDED
T02396,ocds-synthetic-02396,D06,D06,Water Resources Division,ROAD_CONSTRUCTION,BITUMINOUS_WORKS,ITEM-ROAD-205,KA-SOUTH,OPEN,LOWEST_PRICE,OPEN_ELIGIBILITY,2025-12-26,2026-01-29,18259015.58,AWARDED
T02397,ocds-synthetic-02397,D12,D12,Housing Infrastructure Division,ELECTRICAL_EQUIPMENT,CONTROL_EQUIPMENT,ITEM-ELEC-680,KA-SOUTH,OPEN,LOWEST_PRICE,OPEN_ELIGIBILITY,2026-06-11,2026-07-06,22679623.48,AWARDED
T02398,ocds-synthetic-02398,D03,D03,State Health Procurement Division,IT_SERVICES,CYBERSECURITY,ITEM-IT_S-534,KA-CENTRAL,TWO_STAGE,LOWEST_PRICE,QUALIFIED_SUPPLIERS,2024-02-07,2024-04-22,3740144.7,AWARDED
T02399,ocds-synthetic-02399,D12,D12,Housing Infrastructure Division,MEDICAL_SUPPLIES,SURGICAL_CONSUMABLES,ITEM-MEDI-204,KA-SOUTH,OPEN,LOWEST_PRICE,OPEN_ELIGIBILITY,2025-02-04,2025-03-02,2118466.55,AWARDED
T02400,ocds-synthetic-02400,D13,D13,Tourism Infrastructure Division,CIVIL_MAINTENANCE,ELECTRICAL_MAINTENANCE,ITEM-CIVI-299,KA-CENTRAL,OPEN,LOWEST_PRICE,OPEN_ELIGIBILITY,2025-01-06,2025-01-26,21277216.36,AWARDED
T02401,ocds-synthetic-02401,D05,D05,Rural Development Division,FURNITURE,SCHOOL_FURNITURE,ITEM-FURN-807,KA-NORTH,LIMITED,LOWEST_PRICE,QUALIFIED_SUPPLIERS,2026-02-05,2026-02-18,1109537.44,AWARDED
T02402,ocds-synthetic-02402,D05,D05,Rural Development Division,LAB_EQUIPMENT,ANALYTICAL_INSTRUMENTS,ITEM-LAB_-514,KA-NORTH,OPEN,LOWEST_PRICE,OPEN_ELIGIBILITY,2024-08-29,2024-09-13,3096203.7,AWARDED
T02403,ocds-synthetic-02403,D01,D01,State Works Division - North,MEDICAL_SUPPLIES,HOSPITAL_SUPPLIES,ITEM-MEDI-778,KA-NORTH,OPEN,LOWEST_PRICE,OPEN_ELIGIBILITY,2024-01-06,2024-02-01,8871246.48,AWARDED
T02404,ocds-synthetic-02404,D04,D04,State Education Procurement Division,CIVIL_MAINTENANCE,ROAD_MAINTENANCE,ITEM-CIVI-411,KA-NORTH,TWO_STAGE,LOWEST_PRICE,QUALIFIED_SUPPLIERS,2026-03-01,2026-05-12,4487576.56,AWARDED
T02405,ocds-synthetic-02405,D13,D13,Tourism Infrastructure Division,IT_SERVICES,IT_HARDWARE,ITEM-IT_S-767,KA-CENTRAL,TWO_STAGE,QUALITY_AND_COST,QUALIFIED_SUPPLIERS,2025-04-11,2025-05-24,11630740.65,AWARDED
T02406,ocds-synthetic-02406,D19,D19,Forest Infrastructure Division,ROAD_CONSTRUCTION,ROAD_MAINTENANCE,ITEM-ROAD-350,KA-NORTH,OPEN,LOWEST_PRICE,OPEN_ELIGIBILITY,2026-08-27,2026-08-31,61975320.27,AWARDED
T02407,ocds-synthetic-02407,D18,D18,Industrial Development Division,ELECTRICAL_EQUIPMENT,SWITCHGEAR,ITEM-ELEC-155,KA-CENTRAL,OPEN,LOWEST_PRICE,OPEN_ELIGIBILITY,2025-02-08,2025-03-06,4764575.32,AWARDED
T02408,ocds-synthetic-02408,D02,D02,Urban Infrastructure Division - South,IT_SERVICES,CYBERSECURITY,ITEM-IT_S-455,KA-SOUTH,OPEN,LOWEST_PRICE,OPEN_ELIGIBILITY,2026-03-29,2026-04-28,5171397.94,AWARDED
T02409,ocds-synthetic-02409,D15,D15,Energy Procurement Division,BUILDING_CONSTRUCTION,STRUCTURAL_WORKS,ITEM-BUIL-206,KA-SOUTH,OPEN,LOWEST_PRICE,OPEN_ELIGIBILITY,2024-12-04,2024-12-21,125763352.76,AWARDED
T02410,ocds-synthetic-02410,D04,D04,State Education Procurement Division,MEDICAL_SUPPLIES,SURGICAL_CONSUMABLES,ITEM-MEDI-258,KA-NORTH,OPEN,LOWEST_PRICE,OPEN_ELIGIBILITY,2026-03-31,2026-05-13,8408762.71,AWARDED
T02411,ocds-synthetic-02411,D08,D08,Municipal Services Division,ROAD_CONSTRUCTION,ROAD_RESURFACING,ITEM-ROAD-986,KA-CENTRAL,OPEN,LOWEST_PRICE,OPEN_ELIGIBILITY,2024-04-27,2024-05-18,28085179.96,AWARDED
T02412,ocds-synthetic-02412,D16,D16,Infrastructure Development Division,CIVIL_MAINTENANCE,ROAD_MAINTENANCE,ITEM-CIVI-313,KA-CENTRAL,LIMITED,LOWEST_PRICE,QUALIFIED_SUPPLIERS,2024-04-25,2024-05-09,11273983.16,AWARDED
T02413,ocds-synthetic-02413,D09,D09,State Transport Division,ROAD_CONSTRUCTION,DRAINAGE_WORKS,ITEM-ROAD-357,KA-SOUTH,OPEN,LOWEST_PRICE,OPEN_ELIGIBILITY,2024-10-09,2024-11-17,11213302.21,AWARDED
T02414,ocds-synthetic-02414,D03,D03,State Health Procurement Division,CIVIL_MAINTENANCE,GENERAL_REPAIRS,ITEM-CIVI-273,KA-CENTRAL,OPEN,LOWEST_PRICE,OPEN_ELIGIBILITY,2024-01-24,2024-02-10,6681188.15,AWARDED
T02415,ocds-synthetic-02415,D20,D20,Public Health Engineering Division,MEDICAL_SUPPLIES,HOSPITAL_SUPPLIES,ITEM-MEDI-290,KA-SOUTH,OPEN,LOWEST_PRICE,OPEN_ELIGIBILITY,2026-05-03,2026-06-05,7123844.09,AWARDED
T02416,ocds-synthetic-02416,D03,D03,State Health Procurement Division,LAB_EQUIPMENT,LABORATORY_SYSTEMS,ITEM-LAB_-800,KA-CENTRAL,OPEN,LOWEST_PRICE,OPEN_ELIGIBILITY,2024-12-14,2025-01-25,7604196.41,AWARDED
T02417,ocds-synthetic-02417,D13,D13,Tourism Infrastructure Division,IT_SERVICES,CYBERSECURITY,ITEM-IT_S-449,KA-CENTRAL,OPEN,LOWEST_PRICE,OPEN_ELIGIBILITY,2024-10-08,2024-10-21,7774407.5,AWARDED
T02418,ocds-synthetic-02418,D03,D03,State Health Procurement Division,ROAD_CONSTRUCTION,ROAD_MAINTENANCE,ITEM-ROAD-322,KA-CENTRAL,LIMITED,LOWEST_PRICE,QUALIFIED_SUPPLIERS,2025-08-23,2025-09-07,36454416.13,AWARDED
T02419,ocds-synthetic-02419,D14,D14,Agricultural Infrastructure Division,VEHICLE_SUPPLIES,SPECIAL_PURPOSE_VEHICLES,ITEM-VEHI-476,KA-NORTH,OPEN,LOWEST_PRICE,OPEN_ELIGIBILITY,2025-02-15,2025-02-28,4373921.71,AWARDED
T02420,ocds-synthetic-02420,D01,D01,State Works Division - North,ROAD_CONSTRUCTION,ROAD_RESURFACING,ITEM-ROAD-498,KA-NORTH,OPEN,LOWEST_PRICE,OPEN_ELIGIBILITY,2025-07-14,2025-08-03,20038758.81,AWARDED
T02421,ocds-synthetic-02421,D19,D19,Forest Infrastructure Division,IT_SERVICES,CYBERSECURITY,ITEM-IT_S-224,KA-NORTH,OPEN,QUALITY_AND_COST,OPEN_ELIGIBILITY,2026-01-28,2026-03-01,7247954.19,AWARDED
T02422,ocds-synthetic-02422,D04,D04,State Education Procurement Division,MEDICAL_SUPPLIES,SURGICAL_CONSUMABLES,ITEM-MEDI-211,KA-NORTH,OPEN,LOWEST_PRICE,OPEN_ELIGIBILITY,2024-04-27,2024-05-19,11297944.52,AWARDED
T02423,ocds-synthetic-02423,D06,D06,Water Resources Division,CIVIL_MAINTENANCE,ROAD_MAINTENANCE,ITEM-CIVI-292,KA-SOUTH,LIMITED,LOWEST_PRICE,QUALIFIED_SUPPLIERS,2025-06-18,2025-07-04,5442515.44,AWARDED
T02424,ocds-synthetic-02424,D11,D11,Urban Technology Division,LAB_EQUIPMENT,SCIENTIFIC_EQUIPMENT,ITEM-LAB_-708,KA-BENGALURU,LIMITED,LOWEST_PRICE,QUALIFIED_SUPPLIERS,2026-02-13,2026-03-15,9144292.79,AWARDED
T02425,ocds-synthetic-02425,D18,D18,Industrial Development Division,MEDICAL_SUPPLIES,MEDICAL_DEVICES,ITEM-MEDI-792,KA-CENTRAL,LIMITED,LOWEST_PRICE,QUALIFIED_SUPPLIERS,2026-03-26,2026-04-25,22291854.25,AWARDED
T02426,ocds-synthetic-02426,D18,D18,Industrial Development Division,BUILDING_CONSTRUCTION,CIVIL_BUILDING_WORKS,ITEM-BUIL-933,KA-CENTRAL,TWO_STAGE,LOWEST_PRICE,QUALIFIED_SUPPLIERS,2025-09-28,2025-10-24,47242497.43,AWARDED
T02427,ocds-synthetic-02427,D14,D14,Agricultural Infrastructure Division,IT_SERVICES,NETWORK_INFRASTRUCTURE,ITEM-IT_S-688,KA-NORTH,OPEN,QUALITY_AND_COST,OPEN_ELIGIBILITY,2025-04-15,2025-05-28,14499209.56,AWARDED
T02428,ocds-synthetic-02428,D07,D07,Power Systems Division,CIVIL_MAINTENANCE,ELECTRICAL_MAINTENANCE,ITEM-CIVI-658,KA-NORTH,OPEN,LOWEST_PRICE,OPEN_ELIGIBILITY,2026-04-11,2026-05-06,2910165.99,AWARDED
T02429,ocds-synthetic-02429,D16,D16,Infrastructure Development Division,CIVIL_MAINTENANCE,BUILDING_MAINTENANCE,ITEM-CIVI-509,KA-CENTRAL,OPEN,LOWEST_PRICE,OPEN_ELIGIBILITY,2025-07-29,2025-09-01,6143212.23,AWARDED
T02430,ocds-synthetic-02430,D09,D09,State Transport Division,VEHICLE_SUPPLIES,FLEET_MAINTENANCE,ITEM-VEHI-994,KA-SOUTH,LIMITED,LOWEST_PRICE,QUALIFIED_SUPPLIERS,2025-09-11,2025-09-28,12845199.5,AWARDED
T02431,ocds-synthetic-02431,D19,D19,Forest Infrastructure Division,FURNITURE,SCHOOL_FURNITURE,ITEM-FURN-879,KA-NORTH,OPEN,LOWEST_PRICE,OPEN_ELIGIBILITY,2024-10-07,2024-10-25,2932042.96,AWARDED
T02432,ocds-synthetic-02432,D06,D06,Water Resources Division,CIVIL_MAINTENANCE,BUILDING_MAINTENANCE,ITEM-CIVI-878,KA-SOUTH,OPEN,LOWEST_PRICE,OPEN_ELIGIBILITY,2024-04-21,2024-05-20,11983671.31,AWARDED
T02433,ocds-synthetic-02433,D20,D20,Public Health Engineering Division,IT_SERVICES,IT_HARDWARE,ITEM-IT_S-874,KA-SOUTH,OPEN,LOWEST_PRICE,OPEN_ELIGIBILITY,2024-12-30,2025-01-12,13606144.66,AWARDED
T02434,ocds-synthetic-02434,D09,D09,State Transport Division,CIVIL_MAINTENANCE,BUILDING_MAINTENANCE,ITEM-CIVI-231,KA-SOUTH,OPEN,LOWEST_PRICE,OPEN_ELIGIBILITY,2026-05-15,2026-06-18,23015639.7,AWARDED
T02435,ocds-synthetic-02435,D17,D17,Higher Education Procurement Division,ELECTRICAL_EQUIPMENT,TRANSFORMERS,ITEM-ELEC-409,KA-BENGALURU,TWO_STAGE,LOWEST_PRICE,QUALIFIED_SUPPLIERS,2025-12-03,2026-02-13,8690519.33,AWARDED
T02436,ocds-synthetic-02436,D05,D05,Rural Development Division,CIVIL_MAINTENANCE,GENERAL_REPAIRS,ITEM-CIVI-737,KA-NORTH,OPEN,LOWEST_PRICE,OPEN_ELIGIBILITY,2026-07-28,2026-08-25,6947407.07,AWARDED
T02437,ocds-synthetic-02437,D15,D15,Energy Procurement Division,ELECTRICAL_EQUIPMENT,SWITCHGEAR,ITEM-ELEC-896,KA-SOUTH,LIMITED,LOWEST_PRICE,QUALIFIED_SUPPLIERS,2025-08-06,2025-09-05,11566601.41,AWARDED
T02438,ocds-synthetic-02438,D17,D17,Higher Education Procurement Division,MEDICAL_SUPPLIES,DIAGNOSTIC_EQUIPMENT,ITEM-MEDI-292,KA-BENGALURU,TWO_STAGE,LOWEST_PRICE,QUALIFIED_SUPPLIERS,2024-12-11,2025-01-16,3849704.79,AWARDED
T02439,ocds-synthetic-02439,D10,D10,Medical Services Procurement Division,IT_SERVICES,CYBERSECURITY,ITEM-IT_S-706,KA-CENTRAL,OPEN,QUALITY_AND_COST,OPEN_ELIGIBILITY,2025-06-23,2025-08-03,3596429.49,AWARDED
T02440,ocds-synthetic-02440,D18,D18,Industrial Development Division,VEHICLE_SUPPLIES,VEHICLE_PARTS,ITEM-VEHI-315,KA-CENTRAL,OPEN,LOWEST_PRICE,OPEN_ELIGIBILITY,2026-04-27,2026-06-06,3242416.1,AWARDED
T02441,ocds-synthetic-02441,D18,D18,Industrial Development Division,ELECTRICAL_EQUIPMENT,CABLING,ITEM-ELEC-848,KA-CENTRAL,LIMITED,LOWEST_PRICE,QUALIFIED_SUPPLIERS,2024-09-10,2024-09-20,27110061.84,AWARDED
T02442,ocds-synthetic-02442,D10,D10,Medical Services Procurement Division,FURNITURE,SCHOOL_FURNITURE,ITEM-FURN-158,KA-CENTRAL,OPEN,LOWEST_PRICE,OPEN_ELIGIBILITY,2024-10-21,2024-11-15,1592433.92,AWARDED
T02443,ocds-synthetic-02443,D06,D06,Water Resources Division,FURNITURE,OFFICE_FURNITURE,ITEM-FURN-586,KA-SOUTH,OPEN,LOWEST_PRICE,OPEN_ELIGIBILITY,2026-03-23,2026-04-29,3322484.37,AWARDED
T02444,ocds-synthetic-02444,D08,D08,Municipal Services Division,IT_SERVICES,NETWORK_INFRASTRUCTURE,ITEM-IT_S-531,KA-CENTRAL,OPEN,LOWEST_PRICE,OPEN_ELIGIBILITY,2026-05-20,2026-07-03,3030396.93,AWARDED
T02445,ocds-synthetic-02445,D02,D02,Urban Infrastructure Division - South,LAB_EQUIPMENT,LABORATORY_SYSTEMS,ITEM-LAB_-561,KA-SOUTH,OPEN,QUALITY_AND_COST,OPEN_ELIGIBILITY,2026-02-27,2026-04-04,6903982.38,AWARDED
T02446,ocds-synthetic-02446,D08,D08,Municipal Services Division,VEHICLE_SUPPLIES,FLEET_MAINTENANCE,ITEM-VEHI-888,KA-CENTRAL,OPEN,LOWEST_PRICE,OPEN_ELIGIBILITY,2026-06-20,2026-07-26,14113283.14,AWARDED
T02447,ocds-synthetic-02447,D02,D02,Urban Infrastructure Division - South,IT_SERVICES,SOFTWARE_DEVELOPMENT,ITEM-IT_S-231,KA-SOUTH,OPEN,QUALITY_AND_COST,OPEN_ELIGIBILITY,2026-01-30,2026-03-06,5865424.1,AWARDED
T02448,ocds-synthetic-02448,D11,D11,Urban Technology Division,IT_SERVICES,NETWORK_INFRASTRUCTURE,ITEM-IT_S-618,KA-BENGALURU,OPEN,QUALITY_AND_COST,OPEN_ELIGIBILITY,2025-12-21,2026-01-05,21474913.4,AWARDED
T02449,ocds-synthetic-02449,D14,D14,Agricultural Infrastructure Division,WATER_INFRASTRUCTURE,IRRIGATION_WORKS,ITEM-WATE-785,KA-NORTH,OPEN,LOWEST_PRICE,OPEN_ELIGIBILITY,2024-11-12,2024-12-13,5757567.34,AWARDED
T02450,ocds-synthetic-02450,D01,D01,State Works Division - North,BUILDING_CONSTRUCTION,PUBLIC_BUILDING,ITEM-BUIL-221,KA-NORTH,TWO_STAGE,LOWEST_PRICE,QUALIFIED_SUPPLIERS,2026-06-15,2026-08-01,62323947.93,AWARDED
T02451,ocds-synthetic-02451,D10,D10,Medical Services Procurement Division,CIVIL_MAINTENANCE,ELECTRICAL_MAINTENANCE,ITEM-CIVI-274,KA-CENTRAL,OPEN,LOWEST_PRICE,OPEN_ELIGIBILITY,2026-04-17,2026-05-05,20224316.49,AWARDED
T02452,ocds-synthetic-02452,D07,D07,Power Systems Division,MEDICAL_SUPPLIES,SURGICAL_CONSUMABLES,ITEM-MEDI-358,KA-NORTH,OPEN,LOWEST_PRICE,OPEN_ELIGIBILITY,2024-01-09,2024-02-07,5221061.67,AWARDED
T02453,ocds-synthetic-02453,D14,D14,Agricultural Infrastructure Division,ROAD_CONSTRUCTION,ROAD_WIDENING,ITEM-ROAD-403,KA-NORTH,LIMITED,LOWEST_PRICE,QUALIFIED_SUPPLIERS,2025-11-02,2025-12-01,36036157.62,AWARDED
T02454,ocds-synthetic-02454,D16,D16,Infrastructure Development Division,ROAD_CONSTRUCTION,ROAD_WIDENING,ITEM-ROAD-252,KA-CENTRAL,OPEN,LOWEST_PRICE,OPEN_ELIGIBILITY,2025-09-14,2025-10-28,20795939.78,AWARDED
T02455,ocds-synthetic-02455,D15,D15,Energy Procurement Division,CIVIL_MAINTENANCE,ELECTRICAL_MAINTENANCE,ITEM-CIVI-677,KA-SOUTH,OPEN,LOWEST_PRICE,OPEN_ELIGIBILITY,2025-06-05,2025-07-16,2014070.1,AWARDED
T02456,ocds-synthetic-02456,D03,D03,State Health Procurement Division,BUILDING_CONSTRUCTION,STRUCTURAL_WORKS,ITEM-BUIL-347,KA-CENTRAL,OPEN,LOWEST_PRICE,OPEN_ELIGIBILITY,2026-04-23,2026-05-11,37791259.82,AWARDED
T02457,ocds-synthetic-02457,D18,D18,Industrial Development Division,WATER_INFRASTRUCTURE,PUMPING_SYSTEMS,ITEM-WATE-556,KA-CENTRAL,OPEN,LOWEST_PRICE,OPEN_ELIGIBILITY,2024-05-01,2024-05-25,4395581.91,AWARDED
T02458,ocds-synthetic-02458,D10,D10,Medical Services Procurement Division,CIVIL_MAINTENANCE,ELECTRICAL_MAINTENANCE,ITEM-CIVI-958,KA-CENTRAL,TWO_STAGE,LOWEST_PRICE,QUALIFIED_SUPPLIERS,2025-10-17,2025-12-29,5729129.01,AWARDED
T02459,ocds-synthetic-02459,D10,D10,Medical Services Procurement Division,ELECTRICAL_EQUIPMENT,CABLING,ITEM-ELEC-962,KA-CENTRAL,OPEN,LOWEST_PRICE,OPEN_ELIGIBILITY,2025-10-14,2025-10-31,9823644.57,AWARDED
T02460,ocds-synthetic-02460,D13,D13,Tourism Infrastructure Division,BUILDING_CONSTRUCTION,PUBLIC_BUILDING,ITEM-BUIL-183,KA-CENTRAL,OPEN,LOWEST_PRICE,OPEN_ELIGIBILITY,2024-11-07,2024-12-17,9335037.16,AWARDED
T02461,ocds-synthetic-02461,D15,D15,Energy Procurement Division,ELECTRICAL_EQUIPMENT,SWITCHGEAR,ITEM-ELEC-100,KA-SOUTH,OPEN,LOWEST_PRICE,OPEN_ELIGIBILITY,2026-08-10,2026-08-29,15331484.58,AWARDED
T02462,ocds-synthetic-02462,D19,D19,Forest Infrastructure Division,LAB_EQUIPMENT,LABORATORY_SYSTEMS,ITEM-LAB_-225,KA-NORTH,OPEN,LOWEST_PRICE,OPEN_ELIGIBILITY,2026-04-26,2026-06-01,3502781.62,AWARDED
T02463,ocds-synthetic-02463,D03,D03,State Health Procurement Division,BUILDING_CONSTRUCTION,PUBLIC_BUILDING,ITEM-BUIL-717,KA-CENTRAL,OPEN,LOWEST_PRICE,OPEN_ELIGIBILITY,2024-02-10,2024-03-19,5246978.63,AWARDED
T02464,ocds-synthetic-02464,D13,D13,Tourism Infrastructure Division,BUILDING_CONSTRUCTION,STRUCTURAL_WORKS,ITEM-BUIL-784,KA-CENTRAL,OPEN,LOWEST_PRICE,OPEN_ELIGIBILITY,2024-07-10,2024-08-24,88820655.46,AWARDED
T02465,ocds-synthetic-02465,D01,D01,State Works Division - North,CIVIL_MAINTENANCE,ELECTRICAL_MAINTENANCE,ITEM-CIVI-198,KA-NORTH,OPEN,LOWEST_PRICE,OPEN_ELIGIBILITY,2025-01-19,2025-02-06,8818512.54,AWARDED
T02466,ocds-synthetic-02466,D16,D16,Infrastructure Development Division,ROAD_CONSTRUCTION,DRAINAGE_WORKS,ITEM-ROAD-847,KA-CENTRAL,OPEN,LOWEST_PRICE,OPEN_ELIGIBILITY,2025-08-04,2025-09-02,2903395.52,AWARDED
T02467,ocds-synthetic-02467,D14,D14,Agricultural Infrastructure Division,CIVIL_MAINTENANCE,BUILDING_MAINTENANCE,ITEM-CIVI-995,KA-NORTH,TWO_STAGE,LOWEST_PRICE,QUALIFIED_SUPPLIERS,2025-07-13,2025-08-24,3310081.76,AWARDED
T02468,ocds-synthetic-02468,D05,D05,Rural Development Division,ROAD_CONSTRUCTION,ROAD_RESURFACING,ITEM-ROAD-929,KA-NORTH,OPEN,LOWEST_PRICE,OPEN_ELIGIBILITY,2026-06-10,2026-07-16,14471226.74,AWARDED
T02469,ocds-synthetic-02469,D14,D14,Agricultural Infrastructure Division,MEDICAL_SUPPLIES,HOSPITAL_SUPPLIES,ITEM-MEDI-444,KA-NORTH,OPEN,LOWEST_PRICE,OPEN_ELIGIBILITY,2026-06-06,2026-06-28,2700737.4,AWARDED
T02470,ocds-synthetic-02470,D09,D09,State Transport Division,CIVIL_MAINTENANCE,GENERAL_REPAIRS,ITEM-CIVI-568,KA-SOUTH,OPEN,LOWEST_PRICE,OPEN_ELIGIBILITY,2024-11-06,2024-12-06,5730433.55,AWARDED
T02471,ocds-synthetic-02471,D11,D11,Urban Technology Division,ELECTRICAL_EQUIPMENT,CONTROL_EQUIPMENT,ITEM-ELEC-183,KA-BENGALURU,OPEN,LOWEST_PRICE,OPEN_ELIGIBILITY,2024-03-19,2024-04-21,8121646.04,AWARDED
T02472,ocds-synthetic-02472,D13,D13,Tourism Infrastructure Division,CIVIL_MAINTENANCE,ELECTRICAL_MAINTENANCE,ITEM-CIVI-356,KA-CENTRAL,OPEN,LOWEST_PRICE,OPEN_ELIGIBILITY,2026-03-14,2026-04-14,5118624.71,AWARDED
T02473,ocds-synthetic-02473,D04,D04,State Education Procurement Division,IT_SERVICES,SOFTWARE_DEVELOPMENT,ITEM-IT_S-170,KA-NORTH,OPEN,QUALITY_AND_COST,OPEN_ELIGIBILITY,2025-04-05,2025-05-16,17035367.32,AWARDED
T02474,ocds-synthetic-02474,D04,D04,State Education Procurement Division,ROAD_CONSTRUCTION,ROAD_MAINTENANCE,ITEM-ROAD-645,KA-NORTH,OPEN,LOWEST_PRICE,OPEN_ELIGIBILITY,2025-03-24,2025-04-21,3470040.26,AWARDED
T02475,ocds-synthetic-02475,D04,D04,State Education Procurement Division,ELECTRICAL_EQUIPMENT,CONTROL_EQUIPMENT,ITEM-ELEC-258,KA-NORTH,OPEN,LOWEST_PRICE,OPEN_ELIGIBILITY,2025-11-22,2026-01-05,12008221.23,AWARDED
T02476,ocds-synthetic-02476,D18,D18,Industrial Development Division,BUILDING_CONSTRUCTION,CIVIL_BUILDING_WORKS,ITEM-BUIL-163,KA-CENTRAL,OPEN,LOWEST_PRICE,OPEN_ELIGIBILITY,2024-05-18,2024-06-03,19777157.69,AWARDED
T02477,ocds-synthetic-02477,D14,D14,Agricultural Infrastructure Division,ELECTRICAL_EQUIPMENT,CABLING,ITEM-ELEC-638,KA-NORTH,OPEN,LOWEST_PRICE,OPEN_ELIGIBILITY,2026-02-16,2026-03-29,14438863.14,AWARDED
T02478,ocds-synthetic-02478,D06,D06,Water Resources Division,IT_SERVICES,NETWORK_INFRASTRUCTURE,ITEM-IT_S-646,KA-SOUTH,OPEN,LOWEST_PRICE,OPEN_ELIGIBILITY,2025-12-23,2026-02-06,12837228.45,AWARDED
T02479,ocds-synthetic-02479,D02,D02,Urban Infrastructure Division - South,IT_SERVICES,CLOUD_SERVICES,ITEM-IT_S-833,KA-SOUTH,OPEN,LOWEST_PRICE,OPEN_ELIGIBILITY,2024-09-28,2024-10-21,1522805.36,AWARDED
T02480,ocds-synthetic-02480,D10,D10,Medical Services Procurement Division,WATER_INFRASTRUCTURE,WATER_TREATMENT,ITEM-WATE-763,KA-CENTRAL,OPEN,LOWEST_PRICE,OPEN_ELIGIBILITY,2025-07-20,2025-08-03,9244600.94,AWARDED
T02481,ocds-synthetic-02481,D02,D02,Urban Infrastructure Division - South,MEDICAL_SUPPLIES,DIAGNOSTIC_EQUIPMENT,ITEM-MEDI-881,KA-SOUTH,OPEN,LOWEST_PRICE,OPEN_ELIGIBILITY,2024-12-27,2025-02-10,20267477.83,AWARDED
T02482,ocds-synthetic-02482,D06,D06,Water Resources Division,WATER_INFRASTRUCTURE,WATER_TREATMENT,ITEM-WATE-588,KA-SOUTH,OPEN,LOWEST_PRICE,OPEN_ELIGIBILITY,2024-01-08,2024-01-21,12251637.88,AWARDED
T02483,ocds-synthetic-02483,D09,D09,State Transport Division,FURNITURE,OFFICE_FURNITURE,ITEM-FURN-862,KA-SOUTH,OPEN,LOWEST_PRICE,OPEN_ELIGIBILITY,2025-03-23,2025-04-15,1312681.43,AWARDED
T02484,ocds-synthetic-02484,D11,D11,Urban Technology Division,FURNITURE,HOSPITAL_FURNITURE,ITEM-FURN-620,KA-BENGALURU,OPEN,LOWEST_PRICE,OPEN_ELIGIBILITY,2025-12-07,2025-12-25,834323.99,AWARDED
T02485,ocds-synthetic-02485,D01,D01,State Works Division - North,ROAD_CONSTRUCTION,DRAINAGE_WORKS,ITEM-ROAD-846,KA-NORTH,LIMITED,LOWEST_PRICE,QUALIFIED_SUPPLIERS,2026-06-30,2026-07-20,39312830.24,AWARDED
T02486,ocds-synthetic-02486,D08,D08,Municipal Services Division,VEHICLE_SUPPLIES,FLEET_MAINTENANCE,ITEM-VEHI-283,KA-CENTRAL,OPEN,LOWEST_PRICE,OPEN_ELIGIBILITY,2024-01-23,2024-03-07,3895482.78,AWARDED
T02487,ocds-synthetic-02487,D11,D11,Urban Technology Division,VEHICLE_SUPPLIES,FLEET_MAINTENANCE,ITEM-VEHI-801,KA-BENGALURU,OPEN,LOWEST_PRICE,OPEN_ELIGIBILITY,2024-08-15,2024-08-30,2173092.47,AWARDED
T02488,ocds-synthetic-02488,D05,D05,Rural Development Division,BUILDING_CONSTRUCTION,CIVIL_BUILDING_WORKS,ITEM-BUIL-881,KA-NORTH,LIMITED,LOWEST_PRICE,QUALIFIED_SUPPLIERS,2025-07-08,2025-07-17,23853454.01,AWARDED
T02489,ocds-synthetic-02489,D17,D17,Higher Education Procurement Division,ELECTRICAL_EQUIPMENT,SWITCHGEAR,ITEM-ELEC-544,KA-BENGALURU,OPEN,LOWEST_PRICE,OPEN_ELIGIBILITY,2025-08-23,2025-10-05,4735468.63,AWARDED
T02490,ocds-synthetic-02490,D10,D10,Medical Services Procurement Division,LAB_EQUIPMENT,CALIBRATION_EQUIPMENT,ITEM-LAB_-994,KA-CENTRAL,LIMITED,QUALITY_AND_COST,QUALIFIED_SUPPLIERS,2025-10-14,2025-11-03,9088940.2,AWARDED
T02491,ocds-synthetic-02491,D08,D08,Municipal Services Division,WATER_INFRASTRUCTURE,IRRIGATION_WORKS,ITEM-WATE-382,KA-CENTRAL,OPEN,LOWEST_PRICE,OPEN_ELIGIBILITY,2026-08-27,2026-08-31,29483413.22,AWARDED
T02492,ocds-synthetic-02492,D09,D09,State Transport Division,ELECTRICAL_EQUIPMENT,TRANSFORMERS,ITEM-ELEC-426,KA-SOUTH,LIMITED,LOWEST_PRICE,QUALIFIED_SUPPLIERS,2024-12-28,2025-01-14,7196766.25,AWARDED
T02493,ocds-synthetic-02493,D08,D08,Municipal Services Division,CIVIL_MAINTENANCE,GENERAL_REPAIRS,ITEM-CIVI-876,KA-CENTRAL,OPEN,LOWEST_PRICE,OPEN_ELIGIBILITY,2026-05-12,2026-06-11,5989262.49,AWARDED
T02494,ocds-synthetic-02494,D07,D07,Power Systems Division,IT_SERVICES,CLOUD_SERVICES,ITEM-IT_S-404,KA-NORTH,OPEN,LOWEST_PRICE,OPEN_ELIGIBILITY,2026-02-22,2026-03-07,7150514.04,AWARDED
T02495,ocds-synthetic-02495,D01,D01,State Works Division - North,ROAD_CONSTRUCTION,BITUMINOUS_WORKS,ITEM-ROAD-559,KA-NORTH,OPEN,LOWEST_PRICE,OPEN_ELIGIBILITY,2025-12-09,2026-01-06,139372639.25,AWARDED
T02496,ocds-synthetic-02496,D04,D04,State Education Procurement Division,CIVIL_MAINTENANCE,BUILDING_MAINTENANCE,ITEM-CIVI-546,KA-NORTH,OPEN,LOWEST_PRICE,OPEN_ELIGIBILITY,2025-05-25,2025-06-07,4084815.79,AWARDED
T02497,ocds-synthetic-02497,D17,D17,Higher Education Procurement Division,BUILDING_CONSTRUCTION,PUBLIC_BUILDING,ITEM-BUIL-516,KA-BENGALURU,LIMITED,LOWEST_PRICE,QUALIFIED_SUPPLIERS,2025-01-22,2025-01-31,21218090.36,AWARDED
T02498,ocds-synthetic-02498,D03,D03,State Health Procurement Division,IT_SERVICES,SOFTWARE_DEVELOPMENT,ITEM-IT_S-707,KA-CENTRAL,TWO_STAGE,LOWEST_PRICE,QUALIFIED_SUPPLIERS,2025-07-16,2025-09-16,4600845.48,AWARDED
T02499,ocds-synthetic-02499,D03,D03,State Health Procurement Division,CIVIL_MAINTENANCE,BUILDING_MAINTENANCE,ITEM-CIVI-564,KA-CENTRAL,OPEN,LOWEST_PRICE,OPEN_ELIGIBILITY,2026-01-08,2026-02-01,3607510.18,AWARDED
T02500,ocds-synthetic-02500,D18,D18,Industrial Development Division,WATER_INFRASTRUCTURE,PIPELINE_WORKS,ITEM-WATE-796,KA-CENTRAL,LIMITED,LOWEST_PRICE,QUALIFIED_SUPPLIERS,2026-06-14,2026-07-13,10685625.75,AWARDED
