vendor_id,regime_signal,risk_relevance,risk_adjusted_regime_signal,risk_class,win_change_relevance,participation_change_relevance,network_change_relevance,bid_position_relevance,interaction_relevance,mahalanobis_distance,cusum_score,persistence_score,z_participation_intensity,z_win_rate,z_bid_position,z_market_breadth,z_network_exposure,risk_explanation
V0235,0.6513,0.2667559306853326,0.39973980034153817,PROCUREMENT_RELEVANT,0.42885863108836697,0.0,0.0,0.6176736717346145,0.0,7.8481,3.0111,0.44,-0.2265,1.8772,-4.8467,0.0,-1.6188,win rate increased (1.9 robust deviations); bid positioning shifted toward stronger positions (4.8 robust deviations)
V0029,0.5997,0.24242381583883232,0.3596835997858253,BEHAVIORAL_ONLY,0.4068661178201144,0.0,0.0,0.37294902075538744,0.0,3.3508,2.0662,0.4,-0.7314,1.7149,-1.7843,0.0,-0.7264,win rate increased (1.7 robust deviations); bid positioning shifted toward stronger positions (1.8 robust deviations)
V0001,0.6359,0.14653271493732656,0.3532937726570326,BEHAVIORAL_ONLY,0.13644214162348878,0.41687561956965413,0.0,0.0,0.10732231348024619,5.0173,1.8179,0.3467,2.1447,0.395,0.2374,-0.9302,-1.3353,participation increased (2.1 robust deviations)
V0035,0.5627,0.294724854024474,0.34442135915133054,PROCUREMENT_RELEVANT,0.3912979961530033,0.16055738989311097,0.12628145386766076,0.11055768033443031,0.22306834513507226,9.1067,0.6942,0.3111,0.5738,1.6071,-0.3729,-1.4286,0.4336,win rate increased (1.6 robust deviations)
V0459,0.5336,0.2727480131830548,0.3239724582652774,PROCUREMENT_RELEVANT,0.4251155517740934,0.0773772911797269,0.0,0.2665216009388524,0.08161552359396768,4.7735,1.0102,0.35,0.2516,1.8487,-1.0901,0.0,-1.2848,win rate increased (1.8 robust deviations)
V0113,0.6069,0.08553754263490407,0.3205490539753746,BEHAVIORAL_ONLY,0.06542056074766354,0.30672705844290893,0.0,0.0,0.0637449360527002,5.3782,1.3623,0.3167,1.3273,0.175,0.332,-1.1111,-1.51,behavioral deviation detected; procurement relevance is weak
V0438,0.5538,0.1987607818726714,0.3140824671153717,BEHAVIORAL_ONLY,0.2624063256033516,0.25836196880176016,0.0,0.0,0.11716933267308396,5.3823,0.9561,0.2462,1.0451,0.8894,0.0699,-1.1111,-0.1998,behavioral deviation detected; procurement relevance is weak
V0430,0.5305,0.23443130971851023,0.3125309784532805,BEHAVIORAL_ONLY,0.3196538398737278,0.1468304752154253,0.0,0.4300803586694277,0.09749011414318746,5.4227,1.0437,0.325,0.5163,1.1746,-2.2639,0.0,-0.3653,bid positioning shifted toward stronger positions (2.3 robust deviations)
V0448,0.5513,0.201788466756245,0.31088260876219637,BEHAVIORAL_ONLY,0.20012797952327627,0.032538940307652614,0.5219961441022292,0.18048460676919714,0.1851474165744328,6.6342,1.6714,0.2,0.1009,0.6255,-0.6607,-1.4286,3.2761,network exposure increased (3.3 robust deviations)
V0494,0.6249,0.015068205666316892,0.31082006081888564,BEHAVIORAL_ONLY,0.0,0.12556838055264077,0.0,0.0,0.0,9.3189,1.1986,0.2889,0.4308,-1.4224,1.7285,-2.0,-0.8094,behavioral deviation detected; procurement relevance is weak
V0546,0.5118,0.28110057183768605,0.3106187580013855,PROCUREMENT_RELEVANT,0.4134071658180624,0.1709042670793721,0.0,0.18591083009959025,0.11961288541623775,7.2922,0.5435,0.3143,0.6184,1.7619,-0.6851,0.0,-1.1123,win rate increased (1.8 robust deviations)
V0209,0.5409,0.2140908471934109,0.3095619363151084,BEHAVIORAL_ONLY,0.37415510939768687,0.0,0.0,0.16611074049366245,0.0,6.0763,0.7025,0.2364,-0.3103,1.4946,-0.5976,0.0,-0.2513,behavioral deviation detected; procurement relevance is weak
V0224,0.5304,0.2185369588211467,0.30949064179628155,BEHAVIORAL_ONLY,0.3827160493827161,0.0,0.0,0.16086263321305697,0.0,3.6131,1.1278,0.3333,-0.6095,1.55,-0.5751,0.0,-0.8824,win rate increased (1.6 robust deviations)
V0219,0.5576,0.17250697725414388,0.30796959664469664,BEHAVIORAL_ONLY,0.17646671278453074,0.18980231176407045,0.19493344783168742,0.0,0.18539665992214266,7.0542,0.7799,0.2,0.7028,0.5357,0.2181,-1.5385,0.7264,behavioral deviation detected; procurement relevance is weak
V0533,0.5365,0.21227721946767458,0.3075963433113144,BEHAVIORAL_ONLY,0.2954173947353588,0.222636815920398,0.0,0.0,0.11540617226389745,4.7815,0.9319,0.2545,0.8592,1.0482,0.0587,-0.9524,-0.7994,behavioral deviation detected; procurement relevance is weak
V0417,0.5182,0.2503658572494039,0.30562132164834105,PROCUREMENT_RELEVANT,0.42793071096771246,0.0,0.0,0.3000793243432411,0.0,3.6356,1.1675,0.2667,-0.1975,1.8701,-1.2862,-0.5882,-0.3201,win rate increased (1.9 robust deviations)
V0073,0.5482,0.15569397810237653,0.30461934743529145,BEHAVIORAL_ONLY,0.24237832595914904,0.0,0.034717976768879305,0.24539692121943857,0.03669307311181138,3.6715,1.3887,0.3077,-0.72,0.7998,-0.9756,0.0,0.1079,behavioral deviation detected; procurement relevance is weak
V0374,0.5166,0.1991356021251256,0.30399086126721286,BEHAVIORAL_ONLY,0.34782041582970286,0.0,0.0,0.15668746837578007,0.0,5.9795,0.8064,0.4667,-1.3285,1.3333,-0.5574,0.0,0.0,behavioral deviation detected; procurement relevance is weak
V0427,0.5434,0.17631517559852194,0.3009462279024138,BEHAVIORAL_ONLY,0.25595238095238093,0.1359198133586797,0.0,0.048887198021685375,0.08393314285293298,4.9401,1.8207,0.2,0.4719,0.86,-0.1542,-1.0,-2.4282,behavioral deviation detected; procurement relevance is weak
V0439,0.4894,0.290465722282212,0.3006581875814359,PROCUREMENT_RELEVANT,0.430484998974873,0.019543761030132688,0.13035916166623185,0.24408496484995085,0.14360370173309903,3.3408,1.1167,0.35,0.0598,1.8897,-0.9687,0.0,0.4497,win rate increased (1.9 robust deviations)
V0223,0.5552,0.14196257644849836,0.2982261429770568,BEHAVIORAL_ONLY,0.15754001684919966,0.2983605023738803,0.0,0.0,0.09756153448286445,6.8425,0.8684,0.1667,1.2757,0.4675,0.3955,-1.4815,-0.7328,behavioral deviation detected; procurement relevance is weak
V0229,0.4843,0.29735073913848414,0.2947412945080562,PROCUREMENT_RELEVANT,0.39506859922084836,0.09464027040077257,0.18356238944074024,0.22241517845571654,0.21450213520439873,7.4541,0.5238,0.2667,0.3136,1.6327,-0.8581,0.0,0.6745,win rate increased (1.6 robust deviations)
V0373,0.5166,0.2002393028397908,0.29471822088915184,BEHAVIORAL_ONLY,0.2516538450025444,0.2081716683822947,0.0,0.3249932499324993,0.10299712692945522,4.1789,1.2479,0.275,0.7887,0.8407,-1.4444,0.0,-0.8647,behavioral deviation detected; procurement relevance is weak
V0067,0.5113,0.23459597413978264,0.2932946888312814,BEHAVIORAL_ONLY,0.3865933850230641,0.0,0.08789638502933934,0.0038186950024904536,0.0737348341231284,12.6762,0.9049,0.1667,-0.5567,1.5756,-0.0115,-2.5,0.2891,win rate increased (1.6 robust deviations)
V0119,0.5955,0.009479016363245631,0.29187330212881657,BEHAVIORAL_ONLY,0.0,0.07899180302704693,0.0,0.0,0.0,9.0172,0.8641,0.2286,0.2573,-0.3571,0.228,-2.0,-1.2639,behavioral deviation detected; procurement relevance is weak
V0140,0.4917,0.2437163459101439,0.2873837549881379,BEHAVIORAL_ONLY,0.3686868686868687,0.0783410138248848,0.0,0.32484133771436285,0.07647789793830909,8.7459,0.7005,0.24,0.255,1.46,-1.4434,-1.4286,-0.7708,behavioral deviation detected; procurement relevance is weak
V0433,0.4962,0.2073525599244398,0.2843855650904806,BEHAVIORAL_ONLY,0.2742684626103112,0.22330097087378642,0.0,0.14871882182684942,0.11136423946285906,4.106,0.728,0.2727,0.8625,0.9448,-0.5241,-0.9524,-0.9636,behavioral deviation detected; procurement relevance is weak
V0318,0.5584,0.013273863333943474,0.2840651903090944,BEHAVIORAL_ONLY,0.0,0.05586152635719905,0.06035643812447146,0.0,0.008709825605609353,4.2034,2.3103,0.4333,0.1775,-2.7473,5.1786,0.0,0.1927,behavioral deviation detected; procurement relevance is weak
V0481,0.5182,0.13338849215404924,0.2819744573369793,BEHAVIORAL_ONLY,0.1748085555848957,0.12673924433835942,0.0,0.1727789113770474,0.06698065846450549,3.6116,1.1415,0.28,0.4354,0.5296,-0.6266,-2.3684,-0.9555,behavioral deviation detected; procurement relevance is weak
V0509,0.5208,0.10897938559100884,0.27766412374037097,BEHAVIORAL_ONLY,0.14480210720760783,0.0,0.19758204723567016,0.0,0.06765831423985454,4.4299,0.8606,0.2667,-0.3899,0.4233,0.0176,-0.9524,0.7387,behavioral deviation detected; procurement relevance is weak
V0198,0.5071,0.1597951852825023,0.27752512682887576,BEHAVIORAL_ONLY,0.21784563401432908,0.17776681466864,0.0,0.01874202727897164,0.08855483725217961,4.0685,1.6602,0.2,0.6486,0.6963,-0.0573,-1.4716,-3.9244,behavioral deviation detected; procurement relevance is weak
V0294,0.5061,0.16109104459379375,0.27723755835689196,BEHAVIORAL_ONLY,0.2380836279409972,0.0,0.16655090984859008,0.0178103719224725,0.07965228921117212,6.0311,0.6235,0.2,-0.2478,0.7812,-0.0544,-1.1111,0.5995,behavioral deviation detected; procurement relevance is weak
V0021,0.4969,0.1640814094714519,0.2767711425020067,BEHAVIORAL_ONLY,0.25530964225075214,0.0,0.0,0.4732221246707638,0.0,4.0297,1.4813,0.2857,-0.1536,0.8571,-2.695,0.0,-1.0377,bid positioning shifted toward stronger positions (2.7 robust deviations)
V0063,0.4654,0.23695868175367904,0.2762590160745845,BEHAVIORAL_ONLY,0.3786967543118446,0.09597709808648486,0.0,0.0,0.08579107555893169,2.7213,1.0131,0.36,0.3185,1.5238,0.5119,-0.6667,-1.0792,win rate increased (1.5 robust deviations)
V0206,0.5184,0.042544536973554224,0.27380156473505696,BEHAVIORAL_ONLY,0.0,0.09608605260779174,0.3217426691686826,0.0,0.026373985635623046,3.912,1.6802,0.52,0.3189,-2.1944,2.9835,0.0,1.4231,behavioral deviation detected; procurement relevance is weak
V0205,0.4792,0.22026802485190003,0.2723971238729649,BEHAVIORAL_ONLY,0.3686868686868687,0.0,0.0,0.3498049414824448,0.0,6.7163,0.6158,0.1714,-0.0391,1.46,-1.614,0.0,-0.3854,bid positioning shifted toward stronger positions (1.6 robust deviations)
V0375,0.4659,0.2091493542282018,0.26708534546707446,BEHAVIORAL_ONLY,0.35606841129198435,0.0,0.0,0.26623456035220744,0.0,5.6335,0.7895,0.2667,-0.0998,1.3824,-1.0885,0.0,-0.3248,behavioral deviation detected; procurement relevance is weak
V0385,0.4861,0.15512106847183976,0.26613580871867704,BEHAVIORAL_ONLY,0.21391063736125523,0.16945820990559507,0.0,0.0,0.08567616367238996,2.4301,2.0403,0.2222,0.6121,0.6803,0.0573,-0.6667,-3.1926,behavioral deviation detected; procurement relevance is weak
V0055,0.471,0.18009689552959915,0.2630395741439512,BEHAVIORAL_ONLY,0.2631672020984998,0.051713238083196354,0.0,0.3730014420966832,0.05249636850303262,4.4803,1.0781,0.2333,0.1636,0.8929,-1.7847,0.0,-0.7066,bid positioning shifted toward stronger positions (1.8 robust deviations)
V0528,0.4327,0.28811042814357324,0.26271590714164184,PROCUREMENT_RELEVANT,0.3274326760108687,0.16278290960846148,0.3177476576002911,0.1932664640869121,0.26702685686105576,2.6477,1.0427,0.2889,0.5833,1.2171,-0.7187,-1.4286,1.3972,winning increased alongside network exposure
V0262,0.4447,0.24255058896107445,0.2623450949434012,BEHAVIORAL_ONLY,0.42457303319062745,0.0,0.0,0.18070841412458694,0.0,3.3052,0.7768,0.3,-0.0084,1.8446,-0.6617,-0.2767,-0.9883,win rate increased (1.8 robust deviations)
V0313,0.4874,0.13743413780998504,0.26161369524997313,BEHAVIORAL_ONLY,0.18457875338399815,0.14980445502465567,0.0,0.05947267768128664,0.0748282748088153,5.8099,0.4216,0.1818,0.5286,0.5659,-0.1897,-1.25,-0.5269,behavioral deviation detected; procurement relevance is weak
V0216,0.5213,0.05047800412246443,0.2616100302506811,BEHAVIORAL_ONLY,0.0,0.0447685155702732,0.4380233407639135,0.11725761365308225,0.02100517155132225,5.3378,1.1697,0.175,0.1406,-0.2687,-0.3985,-1.1111,2.3383,network exposure increased (2.3 robust deviations)
V0479,0.5023,0.0484129978521124,0.25963606090043,BEHAVIORAL_ONLY,0.03920061491160646,0.16369313113291706,0.0,0.0,0.03604741957389402,5.8471,0.9307,0.36,0.5872,0.102,1.4512,-1.25,-1.1804,behavioral deviation detected; procurement relevance is weak
V0231,0.4849,0.15394107600321874,0.2592471655919346,BEHAVIORAL_ONLY,0.20455630150497947,0.12041516404257191,0.0,0.2572051104288402,0.07062517484464687,12.878,0.3384,0.0889,0.4107,0.6429,-1.0388,-2.8571,0.0,behavioral deviation detected; procurement relevance is weak
V0464,0.4621,0.1598475141327951,0.258080253211057,BEHAVIORAL_ONLY,0.2848356552335727,0.0,0.0,0.06375807508660239,0.0,2.4877,1.0882,0.32,-0.4945,0.9957,-0.2043,0.0,-1.7649,behavioral deviation detected; procurement relevance is weak
V0308,0.4658,0.18801550613985157,0.2579109391361226,BEHAVIORAL_ONLY,0.30274717612606333,0.0,0.0,0.43009118541033436,0.0,2.5695,1.6076,0.15,-0.0102,1.0855,-2.264,-0.2024,-0.0135,bid positioning shifted toward stronger positions (2.3 robust deviations)
V0201,0.4751,0.12690569042285685,0.25671019603873013,BEHAVIORAL_ONLY,0.1804353527406242,0.12013139371187236,0.0,0.0,0.06625239585044423,2.9941,1.0439,0.2667,0.4096,0.5504,0.415,-0.5263,-1.2307,behavioral deviation detected; procurement relevance is weak
V0049,0.438,0.25613348819283965,0.25641784126007167,PROCUREMENT_RELEVANT,0.3889024688340259,0.0041824337781318464,0.13783193470513852,0.15673487744546885,0.114359698160325,6.2676,0.3931,0.2,0.0126,1.591,-0.5576,0.0,0.4796,win rate increased (1.6 robust deviations)
V0015,0.5113,0.021917509563201272,0.25534203804756145,BEHAVIORAL_ONLY,0.0,0.11564425316157179,0.06739617010693857,0.0,0.013242527876287862,7.0232,1.2742,0.28,0.3923,-1.226,2.9966,-1.4286,0.2168,behavioral deviation detected; procurement relevance is weak
V0321,0.4377,0.23833337524801007,0.25459388653964976,BEHAVIORAL_ONLY,0.3488396322246243,0.12884397595609373,0.0,0.23859800512677343,0.09540200076698403,4.9975,0.7153,0.2333,0.4437,1.3393,-0.9401,0.0,-0.0843,behavioral deviation detected; procurement relevance is weak
V0337,0.483,0.09368514309411877,0.2545525246701702,BEHAVIORAL_ONLY,0.1073978863181948,0.10203837289353168,0.0,0.2590031121869288,0.04710772631270692,4.0332,0.9389,0.2667,0.3409,0.3008,-1.0486,-0.7692,-1.1198,behavioral deviation detected; procurement relevance is weak
V0034,0.4309,0.2469311547730803,0.25331902611017015,BEHAVIORAL_ONLY,0.3707525799144224,0.12015719858052029,0.0,0.19204976973418436,0.09497941751888161,2.486,0.9146,0.2615,0.4097,1.473,-0.7131,-1.0345,-0.2863,behavioral deviation detected; procurement relevance is weak
V0152,0.5014,0.05199119313247846,0.2520433025839248,BEHAVIORAL_ONLY,0.0,0.21958325745948334,0.2352791231200612,0.0,0.034094361938677806,5.9331,0.7961,0.1778,0.8441,-0.026,0.3073,-1.25,0.923,behavioral deviation detected; procurement relevance is weak
V0497,0.4641,0.15943099567870478,0.25103824591766016,BEHAVIORAL_ONLY,0.2056683506497633,0.19493344783168742,0.0,0.09801563439567047,0.09010303680874471,9.4754,0.6,0.1333,0.7264,0.6473,-0.326,-2.0,-0.2248,behavioral deviation detected; procurement relevance is weak
V0052,0.4252,0.2219470748893892,0.2504216639365855,BEHAVIORAL_ONLY,0.3208736281647289,0.0,0.27258619853547356,0.0,0.11829841757975196,2.3909,1.0636,0.375,-0.2555,1.1812,0.3472,1.0138,1.1242,winning increased alongside network exposure
V0136,0.4645,0.1442322007713694,0.25039723443218564,BEHAVIORAL_ONLY,0.23225747013481557,0.04933929080711094,0.0,0.018709930655501767,0.04817190383796217,5.3352,0.4523,0.1778,0.1557,0.7563,-0.0572,-0.9091,-0.8278,behavioral deviation detected; procurement relevance is weak
V0217,0.4518,0.15503435575646304,0.2500083596828239,BEHAVIORAL_ONLY,0.20526432908414663,0.16648144032007112,0.0,0.11047856253335706,0.08318636897552996,3.6678,0.8715,0.2857,0.5992,0.6457,-0.3726,0.0,-1.2263,behavioral deviation detected; procurement relevance is weak
V0413,0.4913,0.05420548526917453,0.24974472144890233,LOW_RELEVANCE,0.0,0.3001936131003755,0.05502882162094056,0.19848246012450238,0.01927911480614553,3.9268,0.8403,0.2333,1.2869,-0.1843,-0.7429,-0.8,0.1747,behavioral deviation detected; procurement relevance is weak
V0228,0.4585,0.13718903014285921,0.24962907111599386,LOW_RELEVANCE,0.23076923076923078,0.0,0.0,0.20531906439564515,0.0,3.3892,0.9618,0.2667,-0.1162,0.75,-0.7751,0.0,-0.6193,behavioral deviation detected; procurement relevance is weak
V0186,0.4697,0.11972632269051244,0.24960403969202258,LOW_RELEVANCE,0.11448002266931141,0.25084280184792107,0.0,0.22819655261126834,0.07625673185038602,4.6893,0.4838,0.2,1.0045,0.3232,-0.887,-0.5263,-0.0237,behavioral deviation detected; procurement relevance is weak
V0514,0.4551,0.15524043333733908,0.24945596692278135,LOW_RELEVANCE,0.26666862221700743,0.0,0.0,0.17145382235969953,0.0,3.9331,0.9364,0.2286,-0.4624,0.9091,-0.6208,0.0,-0.3372,behavioral deviation detected; procurement relevance is weak
V0376,0.4893,0.05972030789534939,0.24839277407466503,LOW_RELEVANCE,0.03348024433619423,0.23451812916230766,0.0,0.10378203979207744,0.03987448010680888,5.75,0.5306,0.2,0.9191,0.0866,-0.3474,-1.25,-0.6745,behavioral deviation detected; procurement relevance is weak
V0218,0.4651,0.12943879660217045,0.24829489626998963,LOW_RELEVANCE,0.11243653921255368,0.25713153724247223,0.03744344980267591,0.20620220675786521,0.11718664622030957,3.8276,0.7474,0.1846,1.0384,0.3167,-0.7793,-0.7692,0.1167,behavioral deviation detected; procurement relevance is weak
V0211,0.4579,0.13279908543602953,0.24570384568357856,LOW_RELEVANCE,0.17404519624686138,0.08742471253878445,0.0,0.3096306523990335,0.05550864687824981,4.6209,0.79,0.2,0.2874,0.5268,-1.3455,-1.0,-0.3777,behavioral deviation detected; procurement relevance is weak
V0364,0.4819,0.07197917106385425,0.24544318688857572,LOW_RELEVANCE,0.07421122796622721,0.12897044306370128,0.0,0.13763366678164884,0.044024295878513454,5.3246,0.5064,0.1636,0.4442,0.2004,-0.4788,-1.1765,-0.6348,behavioral deviation detected; procurement relevance is weak
V0265,0.4982,0.021139640258135382,0.2452993804355348,LOW_RELEVANCE,0.0,0.17616366881779486,0.0,0.0,0.0,10.1079,0.7727,0.2,0.6415,-0.2476,0.4033,-2.2222,-1.8736,behavioral deviation detected; procurement relevance is weak
V0365,0.4342,0.19763537883868848,0.2450586879730518,LOW_RELEVANCE,0.3155373032169747,0.06843870326667495,0.0,0.05303030303030303,0.06612851262918104,3.6357,0.7095,0.2222,0.2204,1.1525,-0.168,0.0,-0.932,behavioral deviation detected; procurement relevance is weak
V0382,0.4195,0.24872208561844367,0.2443562103071071,LOW_RELEVANCE,0.2797464707577067,0.16065133456437805,0.21247440541817608,0.2891837460016586,0.22063113410221297,6.3534,0.3492,0.2,0.5742,0.971,-1.2205,-1.0,0.8094,behavioral deviation detected; procurement relevance is weak
V0346,0.4672,0.11029257263874569,0.24423995204687646,LOW_RELEVANCE,0.17933230476315531,0.0,0.05054277304807419,0.0,0.03808191587582166,4.8336,0.5363,0.1455,-0.0854,0.5463,1.0254,-1.0526,0.1597,behavioral deviation detected; procurement relevance is weak
V0076,0.4445,0.16771205579480347,0.24361643047026157,LOW_RELEVANCE,0.24510070356614427,0.05267146646456992,0.0,0.3272034088360619,0.05112961207936306,3.7622,0.87,0.175,0.1668,0.8117,-1.459,0.0,-0.6145,behavioral deviation detected; procurement relevance is weak
V0339,0.4543,0.13620088983735673,0.24253457797966546,LOW_RELEVANCE,0.20252639637627995,0.10001799964000718,0.0,0.0,0.06404605936800938,4.7713,0.5407,0.1556,0.3334,0.6349,0.5556,-0.8333,-0.4122,behavioral deviation detected; procurement relevance is weak
V0179,0.4279,0.19939560255419062,0.2400696469590941,LOW_RELEVANCE,0.23291706299285078,0.17718047174986287,0.0866467758631188,0.19465249255053554,0.16682597300781424,3.4414,0.6986,0.18,0.646,0.7591,-0.7251,0.0,0.2846,behavioral deviation detected; procurement relevance is weak
V0424,0.4461,0.11841720281738735,0.2388499119743741,LOW_RELEVANCE,0.13320851535954512,0.24169657752388657,0.0,0.0,0.08074465033385572,2.2898,1.2587,0.25,0.9562,0.3842,0.4154,0.0,-1.4956,behavioral deviation detected; procurement relevance is weak
V0151,0.4712,0.04846656738636533,0.23800165354843117,LOW_RELEVANCE,0.0,0.14077044250322213,0.315630988228853,0.0,0.03161817613835215,3.8996,0.9793,0.2222,0.4915,-0.9434,0.8232,-0.7692,1.3836,behavioral deviation detected; procurement relevance is weak
V0487,0.4538,0.06517097324036225,0.23529421517864588,LOW_RELEVANCE,0.10637689448098368,0.0,0.0,0.13327362551642447,0.0,5.7073,0.4292,0.3,-0.7846,0.2976,-0.4613,-1.25,-0.176,behavioral deviation detected; procurement relevance is weak
V0349,0.4202,0.16452345377779923,0.23361287735319797,LOW_RELEVANCE,0.24484987615537968,0.12015719858052029,0.0,0.0,0.0771857903133899,2.128,1.0302,0.2727,0.4097,0.8106,0.2898,0.0,-1.1897,behavioral deviation detected; procurement relevance is weak
V0485,0.4575,0.07078719252867983,0.232924855095678,LOW_RELEVANCE,0.07547797788543323,0.0,0.16657406378486497,0.13956289795215968,0.044851173456471854,4.1453,0.6083,0.1667,-0.125,0.2041,-0.4866,-0.9091,0.5996,behavioral deviation detected; procurement relevance is weak
V0244,0.4208,0.17135432091603836,0.23283071618484372,LOW_RELEVANCE,0.23713038967379696,0.15302089215132694,0.0,0.10852252466421015,0.08571986652040141,3.3614,0.4864,0.2154,0.542,0.7771,-0.3652,-0.6897,-0.0465,behavioral deviation detected; procurement relevance is weak
V0174,0.4708,0.020184715329061593,0.23050117566290376,LOW_RELEVANCE,0.0,0.011857707509881422,0.21556322560401633,0.0,0.007583661897772584,5.6709,0.717,0.1714,0.036,-0.4762,0.5958,-1.25,0.8244,behavioral deviation detected; procurement relevance is weak
V0291,0.4662,0.022338451521892465,0.22911077125412382,LOW_RELEVANCE,0.0,0.18615376268243722,0.0,0.0,0.0,4.7231,0.4801,0.1833,0.6862,-0.9045,0.5975,-1.0,-0.1491,behavioral deviation detected; procurement relevance is weak
V0212,0.4143,0.1688270772722842,0.22886909040486622,LOW_RELEVANCE,0.2846719505565252,0.0,0.0,0.2451500893239061,0.0,2.5223,0.8387,0.2167,-0.2092,0.9949,-0.9743,-0.4545,-0.2657,behavioral deviation detected; procurement relevance is weak
V0541,0.4077,0.1876193046276316,0.2287274233465413,LOW_RELEVANCE,0.3269256656705167,0.0,0.004083258639577731,0.09121202023567901,0.014614634029486135,4.7569,0.3631,0.2286,-0.4647,1.2143,-0.3011,-1.0,0.0123,behavioral deviation detected; procurement relevance is weak
V0447,0.4608,0.02909667058830143,0.2283366673396074,LOW_RELEVANCE,0.0,0.1619643555505894,0.07848256796191061,0.0,0.016911712426389267,8.1753,0.3797,0.2,0.5798,-0.084,0.7445,-1.8182,0.2555,behavioral deviation detected; procurement relevance is weak
V0482,0.419,0.16212780436474714,0.2281307786263385,LOW_RELEVANCE,0.13224574800416522,0.22853395736364338,0.25911291119233426,0.06968090054888827,0.18877745077993952,5.5037,0.5661,0.16,0.8887,0.381,-0.2247,-1.1111,1.0492,behavioral deviation detected; procurement relevance is weak
V0033,0.4172,0.16528256373133823,0.22766838980204138,LOW_RELEVANCE,0.2709882483305631,0.048947501902105,0.0,0.0,0.05182663460637965,4.0852,0.4196,0.16,0.1544,0.9293,0.0272,-0.7692,-0.6226,behavioral deviation detected; procurement relevance is weak
V0293,0.4,0.21807581495237727,0.22749377870349455,LOW_RELEVANCE,0.34573813823244615,0.0,0.09671203179573647,0.11108477288215947,0.0731431886838249,3.0478,0.5141,0.1833,-0.1752,1.3211,-0.3749,0.0,0.3212,behavioral deviation detected; procurement relevance is weak
V0469,0.3953,0.22100518989360873,0.227461458268943,LOW_RELEVANCE,0.24868519909842224,0.1838955386289445,0.2138776793669095,0.028088249586937505,0.21823119462651744,2.3696,0.7019,0.24,0.676,0.8275,-0.0867,-1.7647,0.8162,behavioral deviation detected; procurement relevance is weak
V0100,0.4185,0.12889100377468943,0.2273076598827062,LOW_RELEVANCE,0.17020711630377058,0.16738364186395047,0.0,0.0,0.0759552639197076,2.5376,0.9575,0.2889,0.6031,0.5128,0.3048,0.0,-0.9893,behavioral deviation detected; procurement relevance is weak
V0309,0.4118,0.1671639511870472,0.22712336061973423,LOW_RELEVANCE,0.18166939443535188,0.36678134960001685,0.0,0.0,0.1161601114780081,2.0072,1.2007,0.2143,1.7377,0.555,0.5302,-0.8571,-0.3212,participation increased (1.7 robust deviations)
V0008,0.431,0.08608942097535408,0.2271036036623621,LOW_RELEVANCE,0.0,0.09123954925481643,0.6474031240083213,0.32114409847936276,0.0364561011007113,1.7494,2.4467,0.3,0.3012,-0.2521,-1.4192,0.0,5.5083,network exposure increased (5.5 robust deviations)
V0491,0.4041,0.22386866006861214,0.22690014433353145,LOW_RELEVANCE,0.30278606687676046,0.10812498141927045,0.10439740872316924,0.04628687690742625,0.1684759448642828,7.1147,0.218,0.0857,0.3637,1.0857,-0.1456,-1.1111,0.3497,behavioral deviation detected; procurement relevance is weak
V0221,0.4274,0.12464630470746879,0.22666411602745795,LOW_RELEVANCE,0.1860389398971153,0.011629822422824761,0.07774601125149867,0.0,0.07354814086598245,5.6559,0.6037,0.1667,0.0353,0.5714,0.2895,-1.25,0.2529,behavioral deviation detected; procurement relevance is weak
V0296,0.4195,0.1447419611541749,0.22597579530350842,LOW_RELEVANCE,0.2631672020984998,0.0,0.0,0.0,0.0,6.854,0.2191,0.1714,-0.0601,0.8929,0.0127,-1.25,-1.0009,behavioral deviation detected; procurement relevance is weak
V0358,0.417,0.11321342584700769,0.22374455172624333,LOW_RELEVANCE,0.10288154447913302,0.2134654711341828,0.0,0.3535040082751487,0.06668759716812586,3.2274,0.8563,0.2857,0.8142,0.2867,-1.6404,0.0,-0.0409,bid positioning shifted toward stronger positions (1.6 robust deviations)
V0468,0.3785,0.2800177666430246,0.22362952881443554,LOW_RELEVANCE,0.375,0.12116240918678228,0.14128692466223952,0.12803371602964686,0.20761818883074587,2.9528,0.432,0.16,0.4136,1.5,-0.4405,0.0,0.4936,win rate increased (1.5 robust deviations)
V0065,0.3813,0.24555959552647452,0.2233047386403023,LOW_RELEVANCE,0.33962014950999814,0.18402872218897895,0.0,0.2837018289479967,0.11249987592949104,2.1998,0.7795,0.2444,0.6766,1.2857,-1.1882,0.0,-0.0964,behavioral deviation detected; procurement relevance is weak
V0472,0.429,0.08061073160199592,0.22307345100650233,LOW_RELEVANCE,0.08155767817781044,0.20174551647065084,0.0,0.0,0.05772273313861034,2.4996,0.9253,0.2462,0.7582,0.222,0.683,-0.4545,-0.7235,behavioral deviation detected; procurement relevance is weak
V0465,0.4177,0.14921497253129273,0.22298159634974546,LOW_RELEVANCE,0.2049104729192507,0.10287081339712918,0.020024172737072486,0.06029757243539546,0.09776451188656868,8.3324,0.0952,0.1,0.344,0.6443,-0.1925,-1.8182,0.0613,behavioral deviation detected; procurement relevance is weak
V0072,0.3972,0.19811002418405343,0.2223166603391886,LOW_RELEVANCE,0.3099450716277016,0.08335370325103886,0.0,0.06343656343656344,0.07232981113432364,2.4513,0.828,0.1714,0.2728,1.1229,-0.2032,-1.5152,-1.2672,behavioral deviation detected; procurement relevance is weak
V0022,0.4075,0.16732695106491166,0.2208336776836917,LOW_RELEVANCE,0.26994509987151033,0.060944689642219926,0.0,0.0,0.057718916892572754,4.8035,0.2536,0.1111,0.1947,0.9244,0.0346,-0.9091,-0.3679,behavioral deviation detected; procurement relevance is weak
V0526,0.4514,0.01028813103990723,0.22031664869116002,LOW_RELEVANCE,0.0,0.030193314799250016,0.0,0.13329866527994452,0.0,2.3282,1.8889,0.2,0.0934,-0.3175,-0.4614,-0.2398,-3.4534,behavioral deviation detected; procurement relevance is weak
V0143,0.4366,0.050222756354274374,0.21999759314801337,LOW_RELEVANCE,0.0,0.19976526447758008,0.2451500893239061,0.0,0.03319458735526141,6.057,0.7117,0.2,0.7489,-0.7437,0.4301,-1.1111,0.9743,behavioral deviation detected; procurement relevance is weak
V0194,0.4151,0.1238318322952445,0.2191102762886315,LOW_RELEVANCE,0.15150692370350258,0.042726315453588175,0.11595697657285989,0.12285831237939303,0.09978196329544525,5.9583,0.3526,0.1429,0.1339,0.4464,-0.4202,-1.25,0.3935,behavioral deviation detected; procurement relevance is weak
V0426,0.4323,0.03048340961098398,0.2184397494273332,LOW_RELEVANCE,0.0,0.21875,0.0,0.08466819221967964,0.0,1.6872,1.4826,0.3091,0.84,-0.0893,-0.2775,-0.4545,-2.2074,behavioral deviation detected; procurement relevance is weak
V0520,0.3704,0.23042319696975266,0.2179130339891342,LOW_RELEVANCE,0.3636409917018785,0.041441671725724515,0.0,0.2879859495894052,0.055241767235811236,2.5271,0.7637,0.3333,0.1297,1.4286,-1.2134,0.0,-0.7066,behavioral deviation detected; procurement relevance is weak
V0357,0.4088,0.10061390397706747,0.21623134534033497,LOW_RELEVANCE,0.1201520377278806,0.12221669543845276,0.0,0.17916165043230822,0.05453098626251701,2.6368,1.0167,0.2571,0.4177,0.3414,-0.6548,0.0,-1.6188,behavioral deviation detected; procurement relevance is weak
V0434,0.392,0.1460554181237591,0.21529684477527175,LOW_RELEVANCE,0.2301059374230106,0.0,0.048887198021685375,0.14202368014642797,0.04242496346023509,1.9686,0.847,0.28,-0.9447,0.7472,-0.4966,-0.4796,0.1542,behavioral deviation detected; procurement relevance is weak
V0200,0.437,0.04295199976649606,0.21486937456510113,LOW_RELEVANCE,0.049393513061333126,0.06159091620006882,0.0,0.06861223222601677,0.024820230137268744,5.6965,0.2389,0.0909,0.1969,0.1299,-0.221,-1.25,-0.8431,behavioral deviation detected; procurement relevance is weak
V0087,0.4164,0.06938466024591959,0.2138863217865931,LOW_RELEVANCE,0.026631365830867466,0.17170545846102875,0.2059921128549877,0.0,0.08826692497610006,3.7672,0.6157,0.225,0.6219,0.0684,0.996,-0.7692,0.7783,behavioral deviation detected; procurement relevance is weak
V0175,0.4334,0.0337789754790168,0.2124140299779824,LOW_RELEVANCE,0.0,0.19231079880462,0.08564462054251754,0.0,0.019250549895305006,7.5822,0.2423,0.1143,0.7143,-0.0794,0.6665,-1.6667,0.281,behavioral deviation detected; procurement relevance is weak
V0474,0.3825,0.18906761088244475,0.21231056144522506,LOW_RELEVANCE,0.32337338962866735,0.0,0.0,0.22424493173355398,0.0,4.9957,0.4632,0.16,-0.2035,1.1948,-0.8672,0.0,-0.7195,behavioral deviation detected; procurement relevance is weak
V0336,0.3864,0.13498083366031816,0.2105034968823157,LOW_RELEVANCE,0.2454196975642148,0.0,0.0,0.0,0.0,1.5358,1.3047,0.28,-0.1828,0.8131,0.0461,-0.5263,-1.4555,behavioral deviation detected; procurement relevance is weak
V0147,0.3889,0.11601056525756293,0.21030929121766406,LOW_RELEVANCE,0.1552627132961649,0.14327326727018305,0.0,0.0,0.06711640436125126,2.4723,1.2387,0.32,0.5017,0.4595,0.9134,0.0,-2.0556,behavioral deviation detected; procurement relevance is weak
V0162,0.3719,0.19579418800662074,0.21025855279178934,LOW_RELEVANCE,0.259478672985782,0.2509550323337744,0.0,0.0,0.11483156992193845,2.262,0.5648,0.24,1.0051,0.876,0.0383,0.0,-0.4432,behavioral deviation detected; procurement relevance is weak
V0517,0.3832,0.16278174222573571,0.20937516941539122,LOW_RELEVANCE,0.22767995057151683,0.04834411876665398,0.1010427903631787,0.0,0.1183652596517435,3.2217,0.4141,0.1778,0.1524,0.737,0.583,0.0,0.3372,behavioral deviation detected; procurement relevance is weak
V0159,0.3804,0.14864155574965274,0.2088525440690783,LOW_RELEVANCE,0.2587980669453586,0.0,0.0,0.1260523785941096,0.0,1.7593,0.9294,0.2667,-0.3395,0.8729,-0.4327,-1.0526,-0.5781,behavioral deviation detected; procurement relevance is weak
V0550,0.4191,0.03592730427181884,0.20880702475524646,LOW_RELEVANCE,0.0,0.04412936115978971,0.3162393162393162,0.035772828078295245,0.01771997114792005,6.4576,0.332,0.2,0.1385,-0.0785,-0.1113,-1.4286,1.3875,behavioral deviation detected; procurement relevance is weak
V0512,0.4148,0.05293989204516254,0.20874508373850462,LOW_RELEVANCE,0.0,0.3093286674647757,0.12424100887435777,0.0,0.02940585619720416,2.8986,0.7174,0.18,1.3436,-0.3828,0.3254,-0.4762,0.4256,behavioral deviation detected; procurement relevance is weak
V0133,0.394,0.11458917311412864,0.20798093441167403,LOW_RELEVANCE,0.13377914833165863,0.21465968586387435,0.0,0.0,0.07625739614025727,2.5381,0.7185,0.1833,0.82,0.3861,0.6704,-0.4545,-0.1073,behavioral deviation detected; procurement relevance is weak
V0208,0.4166,0.06060125580969539,0.2062209616933469,LOW_RELEVANCE,0.06942117997394379,0.004744053345718741,0.143224332428959,0.0,0.05196186914111666,6.9292,0.1895,0.05,0.0143,0.1865,0.2039,-1.5385,0.5015,behavioral deviation detected; procurement relevance is weak
V0542,0.4145,0.04127133536072127,0.20621517221531782,LOW_RELEVANCE,0.0,0.15552427867698804,0.21416596814752722,0.0,0.027375722338402627,5.1291,0.4557,0.1667,0.5525,0.0,0.1657,-1.1111,0.8176,behavioral deviation detected; procurement relevance is weak
V0204,0.3784,0.12320263329194613,0.20618790446253535,LOW_RELEVANCE,0.15597569209993248,0.0,0.26456167876054126,0.0,0.0812553416806998,2.2622,0.8776,0.3333,-0.5522,0.462,0.1723,-0.5396,1.0792,behavioral deviation detected; procurement relevance is weak
V0340,0.3983,0.07553112104858456,0.20527315208871116,LOW_RELEVANCE,0.05076508334282569,0.3036373343237158,0.0,0.0,0.05586922545592264,1.89,1.1419,0.2167,1.3081,0.1337,0.3587,-1.7241,-0.3896,behavioral deviation detected; procurement relevance is weak
V0041,0.3866,0.1254829351282039,0.20470022463240917,LOW_RELEVANCE,0.14151299749321794,0.2025942267822019,0.0,0.16201117318435754,0.07619460316925969,2.6255,0.6696,0.1538,0.7622,0.4121,-0.58,-0.4545,-0.438,behavioral deviation detected; procurement relevance is weak
V0402,0.3663,0.1904396687691942,0.20427769085013345,LOW_RELEVANCE,0.23425630972800784,0.062031015507753876,0.25166504527426475,0.0,0.1701088646795912,1.5445,1.2049,0.1818,0.1984,0.7648,1.0566,0.0,1.0089,behavioral deviation detected; procurement relevance is weak
V0400,0.4162,0.042890578950032406,0.20377214453201706,LOW_RELEVANCE,0.027766975188613208,0.16763775595139002,0.0,0.027237354085603113,0.030701720889240905,6.484,0.1183,0.0667,0.6042,0.0714,-0.084,-1.4286,-0.2891,behavioral deviation detected; procurement relevance is weak
V0241,0.3818,0.12755671027297574,0.201756641473448,LOW_RELEVANCE,0.15935303809812032,0.16694435188270576,0.0,0.10399617705035542,0.07339704120283555,2.7459,0.6086,0.1333,0.6012,0.4739,-0.3482,-0.5263,-0.3508,behavioral deviation detected; procurement relevance is weak
V0232,0.4091,0.020406672752925556,0.20045249782591917,LOW_RELEVANCE,0.0,0.17005560627437963,0.0,0.0,0.0,3.7417,0.5426,0.175,0.6147,-0.2119,0.7591,-0.7692,-0.6745,behavioral deviation detected; procurement relevance is weak
V0172,0.4167,0.0191963710693585,0.2001959263911585,LOW_RELEVANCE,0.0,0.15996975891132081,0.0,0.0,0.0,5.0204,0.2624,0.0667,0.5713,-0.0758,0.0132,-1.1111,-0.2891,behavioral deviation detected; procurement relevance is weak
V0496,0.4052,0.032588326202408494,0.19997308381937906,LOW_RELEVANCE,0.0,0.07384539392442578,0.21673063366491735,0.05186308903005594,0.018976368933906067,3.5694,0.4938,0.16,0.2392,-0.4164,-0.1641,-0.7692,0.8301,behavioral deviation detected; procurement relevance is weak
V0134,0.3679,0.16508469157998432,0.19981662024165558,LOW_RELEVANCE,0.22451764997828652,0.141114832946835,0.007641163044556911,0.07473090090367948,0.10159183024779002,3.7585,0.4823,0.1333,0.4929,0.7238,-0.2423,0.0,0.0231,behavioral deviation detected; procurement relevance is weak
V0103,0.3813,0.11869350520745542,0.19971032977900643,LOW_RELEVANCE,0.1552627132961649,0.15947551271993726,0.0,0.0,0.0708097568408612,6.7925,0.234,0.12,0.5692,0.4595,0.2361,-1.4286,-0.413,behavioral deviation detected; procurement relevance is weak
V0090,0.3847,0.10500008287538312,0.19874420728513073,LOW_RELEVANCE,0.0969839263138884,0.17124782452553938,0.044098903900076473,0.16287635683790497,0.097187271528892,4.4623,0.2756,0.1,0.6199,0.2685,-0.5837,-0.7692,0.1384,behavioral deviation detected; procurement relevance is weak
V0256,0.3627,0.1415614864744059,0.19754858773824166,LOW_RELEVANCE,0.16666666666666666,0.21986737745416723,0.0,0.1256448369327621,0.0861424633330052,2.1272,0.5478,0.25,0.8455,0.5,-0.4311,-1.3636,-0.6657,behavioral deviation detected; procurement relevance is weak
V0207,0.3665,0.1591330174339551,0.19638085112005435,LOW_RELEVANCE,0.18019347434005573,0.11050493669760132,0.18782825274784773,0.0,0.15869876961692234,6.5079,0.2117,0.08,0.3727,0.5495,0.3702,-1.4286,0.6938,behavioral deviation detected; procurement relevance is weak
V0324,0.3478,0.19100732761220954,0.19559129177209977,LOW_RELEVANCE,0.303698752228164,0.010358250313386552,0.0,0.3536432972809928,0.02523929492531642,2.0979,0.9093,0.2286,0.0314,1.0904,-1.6414,0.0,-0.8913,bid positioning shifted toward stronger positions (1.6 robust deviations)
V0463,0.3474,0.19881128755184965,0.195492148353023,LOW_RELEVANCE,0.21953046953046956,0.09099172802472502,0.24058323207776428,0.24719580437128302,0.1777203658116953,2.236,0.645,0.2,0.3003,0.7032,-0.9851,0.0,0.9504,behavioral deviation detected; procurement relevance is weak
V0280,0.3474,0.20179698523398143,0.19534523658606537,LOW_RELEVANCE,0.28204244565061315,0.1542386738462406,0.0,0.18787222523010286,0.09385694001545088,1.6323,0.9137,0.1833,0.5471,0.9821,-0.694,-0.4497,-0.7195,behavioral deviation detected; procurement relevance is weak
V0503,0.3967,0.017477992200646674,0.19342064322170843,LOW_RELEVANCE,0.0,0.12403644008409251,0.015812610721081293,0.0,0.0066430526643453435,6.6792,0.19,0.16,0.4248,-1.2921,0.1767,-1.4286,0.0482,behavioral deviation detected; procurement relevance is weak
V0304,0.3564,0.14642110788514096,0.19265560323878178,LOW_RELEVANCE,0.261818289190067,0.002195170624625823,0.0,0.0,0.01078814177824496,1.9,0.7856,0.1846,0.0066,0.8867,0.6926,0.0,-0.9652,behavioral deviation detected; procurement relevance is weak
V0473,0.3942,0.023424718977968006,0.19223871565601203,LOW_RELEVANCE,0.0,0.047770195207109976,0.18582245501669065,0.0,0.01413249575889778,4.2799,0.3347,0.1333,0.1505,-0.2654,0.6442,-0.9091,0.6847,behavioral deviation detected; procurement relevance is weak
V0126,0.3884,0.025449770190413657,0.1918999375338149,LOW_RELEVANCE,0.0,0.21208141825344715,0.0,0.0,0.0,2.8346,0.4838,0.2,0.8075,-0.1667,0.3542,-0.5556,-0.5276,behavioral deviation detected; procurement relevance is weak
V0412,0.3414,0.1888695735645539,0.19158465629851593,LOW_RELEVANCE,0.2964880684376407,0.09148723539565731,0.0,0.0,0.07411333838186304,2.0481,0.6536,0.225,0.3021,1.0536,0.2293,-1.0,-1.0157,behavioral deviation detected; procurement relevance is weak
V0317,0.3591,0.13386149105788794,0.19086775880097198,LOW_RELEVANCE,0.1931840185890402,0.0,0.13035916166623185,0.08972297235792093,0.06347699641360613,3.1649,0.3215,0.14,-0.3874,0.5986,-0.2957,-0.6667,0.4497,behavioral deviation detected; procurement relevance is weak
V0513,0.3614,0.10916915180443856,0.19054127765900114,LOW_RELEVANCE,0.1915402774633768,0.0,0.0,0.07643998399162638,0.0,1.7298,0.9296,0.2,-0.2055,0.5923,-0.2483,-0.7407,-0.9193,behavioral deviation detected; procurement relevance is weak
V0278,0.3819,0.037556003813873015,0.18979834229835318,LOW_RELEVANCE,0.026631365830867466,0.14439722784701822,0.0,0.0,0.027905426326268617,3.6046,0.3598,0.1778,0.5063,0.0684,0.5531,-0.7692,-0.2075,behavioral deviation detected; procurement relevance is weak
V0069,0.3874,0.020086037023674057,0.18950123183803916,LOW_RELEVANCE,0.0,0.16738364186395047,0.0,0.0,0.0,5.1925,0.3279,0.1667,0.6031,-0.6095,0.6987,-1.1111,-1.0492,behavioral deviation detected; procurement relevance is weak
V0060,0.3545,0.11701410874989002,0.18892119740327287,LOW_RELEVANCE,0.11268855368234251,0.010292953285827394,0.3983152827918171,0.0,0.1096751360347849,1.4981,1.5823,0.2286,0.0312,0.3175,0.9614,-1.1111,1.986,network exposure increased (2.0 robust deviations)
V0394,0.378,0.05198550549262334,0.18777831916148646,LOW_RELEVANCE,0.0,0.296847533106762,0.13068675746160532,0.0,0.029544304614417368,3.7883,0.2231,0.1091,1.2665,-0.453,0.5095,-0.8,0.451,behavioral deviation detected; procurement relevance is weak
V0040,0.3365,0.1602588903773027,0.18770982598258937,LOW_RELEVANCE,0.23545062540138845,0.0,0.17913919063124195,0.0,0.08214955578019832,1.4491,0.7568,0.3111,-0.3484,0.7699,0.2909,0.0,0.6547,behavioral deviation detected; procurement relevance is weak
V0443,0.344,0.1796485274413201,0.1857602107930164,LOW_RELEVANCE,0.2579620670208661,0.15459617877472806,0.0,0.024897614249496196,0.08986484207200768,6.8633,0.059,0.04,0.5486,0.8691,-0.0766,-1.4286,-0.6022,behavioral deviation detected; procurement relevance is weak
V0510,0.3734,0.07712558526883585,0.1855800002788141,LOW_RELEVANCE,0.10255950030512978,0.05051272312951006,0.0196078431372549,0.04156416727900067,0.05504748755271419,5.9807,0.0083,0.0,0.1596,0.2857,-0.1301,-1.3333,0.06,behavioral deviation detected; procurement relevance is weak
V0161,0.3752,0.026378800001612468,0.18551614100119956,LOW_RELEVANCE,0.0,0.1209563994374121,0.10586552217453506,0.0,0.016973951475801045,2.1057,0.7791,0.2,0.4128,-1.2424,1.6031,-0.4761,0.3552,behavioral deviation detected; procurement relevance is weak
V0363,0.3848,0.016880485293903673,0.1853491961872882,LOW_RELEVANCE,0.0,0.09192723310227927,0.04816295450218922,0.0,0.009980904807275112,3.6396,0.3473,0.0923,0.3037,-0.4147,0.014,-0.8,0.1518,behavioral deviation detected; procurement relevance is weak
V0165,0.3721,0.05528375567563562,0.1850338700257774,LOW_RELEVANCE,0.03920061491160646,0.11378943637008151,0.08251269190776193,0.0,0.06733834878610664,5.8585,0.1054,0.1,0.3852,0.102,0.5691,-1.25,0.2698,behavioral deviation detected; procurement relevance is weak
V0195,0.3595,0.08534739118680724,0.1845617347475669,LOW_RELEVANCE,0.15517707488510407,0.0,0.0,0.0,0.0,2.3686,0.588,0.15,-0.0279,0.4592,0.3329,-0.4545,-0.8891,behavioral deviation detected; procurement relevance is weak
V0115,0.3334,0.18459282217459141,0.183928958668137,LOW_RELEVANCE,0.29999439995519966,0.012378193310508297,0.0,0.2525227357667871,0.02742191106815623,2.5321,0.677,0.1429,0.0376,1.0714,-1.0135,-1.25,-0.3372,behavioral deviation detected; procurement relevance is weak
V0267,0.3459,0.11310046287750862,0.18290769424329478,LOW_RELEVANCE,0.15603267841469176,0.007214243166324708,0.018388848897323472,0.3459064646244413,0.03825174713230615,2.4915,0.5872,0.2,0.0218,0.4622,-1.5865,0.0,0.0562,bid positioning shifted toward stronger positions (1.6 robust deviations)
V0407,0.3858,0.0,0.18267543195000002,LOW_RELEVANCE,0.0,0.0,0.0,0.0,0.0,4.5751,0.1363,0.0727,-0.2406,-0.5939,0.244,-1.0,-0.371,behavioral deviation detected; procurement relevance is weak
V0233,0.3731,0.005616242493565913,0.1822945610078959,LOW_RELEVANCE,0.0,0.046802020779715944,0.0,0.0,0.0,2.2618,0.9397,0.2286,0.1473,-0.0893,1.2977,0.0,-1.1804,behavioral deviation detected; procurement relevance is weak
V0458,0.3671,0.01634364255913905,0.18228351777264518,LOW_RELEVANCE,0.0,0.0,0.16439195587989527,0.06384572177494852,0.0,1.883,0.6943,0.2727,-0.8971,-0.6248,-0.2046,-1.875,0.5902,behavioral deviation detected; procurement relevance is weak
V0498,0.3344,0.1933251512947346,0.1819736530818166,LOW_RELEVANCE,0.30818828347676896,0.08043158410985778,0.0,0.0,0.07084902644664373,4.8932,0.0268,0.0286,0.2624,1.1137,0.059,-2.0,-0.3372,behavioral deviation detected; procurement relevance is weak
V0053,0.3432,0.10541495032342521,0.18197325287355542,LOW_RELEVANCE,0.15018016180569718,0.0,0.14013012697411792,0.0,0.058027255861811594,1.3359,1.2129,0.25,-0.3973,0.4418,1.5484,0.1314,0.4889,behavioral deviation detected; procurement relevance is weak
V0187,0.3488,0.0853594401043565,0.1812251696456826,LOW_RELEVANCE,0.0796981409902448,0.24190736107952393,0.0,0.0,0.06248289615089498,1.6864,0.7942,0.22,0.9573,0.2165,1.2307,0.0,-0.5126,behavioral deviation detected; procurement relevance is weak
V0275,0.3718,0.008083423229054296,0.18114134503559873,LOW_RELEVANCE,0.0,0.0,0.1010427903631787,0.0,0.0,1.8536,0.9334,0.2,-0.1322,-0.9952,1.2166,-0.8333,0.3372,behavioral deviation detected; procurement relevance is weak
V0006,0.3464,0.09757392047590181,0.18104224399692956,LOW_RELEVANCE,0.15150692370350258,0.008919722497522299,0.0,0.1973244147157191,0.0165426250174338,2.5557,0.5577,0.2,0.027,0.4464,-0.7375,0.0,-1.2647,behavioral deviation detected; procurement relevance is weak
V0342,0.3439,0.0899333281218249,0.17980383830205032,LOW_RELEVANCE,0.07823906791534548,0.27986749561919394,0.0,0.0,0.06658870647040813,1.2791,1.0725,0.2364,1.1659,0.2122,1.0129,0.0,-0.1935,behavioral deviation detected; procurement relevance is weak
V0452,0.3582,0.075215183368728,0.17933234961167852,LOW_RELEVANCE,0.10255950030512978,0.05096327227863719,0.0,0.1237038118884183,0.032533374665246285,4.5097,0.157,0.05,0.1611,0.2857,-0.4235,-1.0,-0.0405,behavioral deviation detected; procurement relevance is weak
V0058,0.3652,0.03596336488804979,0.17885623976863232,LOW_RELEVANCE,0.0,0.20401178062564676,0.021973006454978156,0.15431019901899984,0.01004300372811968,4.7103,0.2578,0.1,0.7689,-0.5672,-0.5474,-1.0,0.0674,behavioral deviation detected; procurement relevance is weak
V0388,0.3126,0.22860866217278766,0.1788324434200001,LOW_RELEVANCE,0.3299742710120069,0.07120743034055728,0.05320961939026699,0.16156619434895614,0.13121421103323908,2.0112,0.6154,0.175,0.23,1.2312,-0.5781,0.0,0.1686,behavioral deviation detected; procurement relevance is weak
V0117,0.3352,0.12053952910329853,0.17823712066154856,LOW_RELEVANCE,0.10512939828900743,0.1723909625093106,0.06970974944182584,0.2840266342092074,0.11126666438710364,1.9118,0.8537,0.2,0.6249,0.2937,-1.1901,-0.8333,0.2248,behavioral deviation detected; procurement relevance is weak
V0390,0.3515,0.0783830357238229,0.17760807053534267,LOW_RELEVANCE,0.10185018861146038,0.10074638050418153,0.0,0.02318312060432404,0.04558355148400847,3.784,0.1532,0.0889,0.3361,0.2835,-0.0712,-0.8333,-0.0281,behavioral deviation detected; procurement relevance is weak
V0184,0.3283,0.13251940107621227,0.17655492947856,LOW_RELEVANCE,0.18322007318348144,0.10602538887895584,0.0,0.12962748056168039,0.06271970065869373,1.7885,0.5529,0.2143,0.3558,0.5608,-0.4468,-1.7143,-0.0289,behavioral deviation detected; procurement relevance is weak
V0387,0.3572,0.01814107461166285,0.1759951732430986,LOW_RELEVANCE,0.0,0.15117562176385707,0.0,0.0,0.0,1.5872,0.9639,0.2182,0.5343,-0.2075,1.8556,-0.5556,-0.1832,behavioral deviation detected; procurement relevance is weak
V0404,0.3243,0.16974070308111014,0.1759900155105558,LOW_RELEVANCE,0.1739087334368701,0.26661125507260547,0.07252828788721945,0.07518727457689818,0.16267961161148212,1.9224,0.6506,0.1091,1.0906,0.5263,-0.2439,0.0,0.2346,behavioral deviation detected; procurement relevance is weak
V0319,0.3281,0.10806254620255198,0.17578685569749783,LOW_RELEVANCE,0.1964773567319127,0.0,0.0,0.0,0.0,1.1461,0.8779,0.3,-0.7903,0.6113,0.034,0.0,-0.5323,behavioral deviation detected; procurement relevance is weak
V0330,0.3449,0.04621320071285344,0.17560582767644148,LOW_RELEVANCE,0.0,0.08944668710352992,0.37483068331006314,0.0,0.02746571797812401,2.6103,0.6996,0.28,0.2947,-1.349,0.7794,0.0,1.7987,network exposure increased (1.8 robust deviations)
V0352,0.3216,0.16954369999055713,0.17504995509883342,LOW_RELEVANCE,0.2539763062874877,0.03297553428101731,0.059354717336092565,0.035307736831950605,0.09692951595115941,2.6185,0.2218,0.1273,0.1023,0.8511,-0.1098,-0.5263,0.1893,behavioral deviation detected; procurement relevance is weak
V0264,0.3277,0.12528007575895297,0.17486429520717872,LOW_RELEVANCE,0.10971831487482639,0.10093502757132582,0.2615929900561189,0.07992394037907133,0.1394958152289814,2.2939,0.5315,0.2,0.3368,0.3081,-0.2606,0.0,1.0628,behavioral deviation detected; procurement relevance is weak
V0478,0.3621,0.012878398031099676,0.17468801245231008,LOW_RELEVANCE,0.0,0.0,0.16097997538874595,0.0,0.0,3.1227,0.3983,0.12,-0.3966,-0.4762,0.158,-0.6667,0.5756,behavioral deviation detected; procurement relevance is weak
V0515,0.3667,0.008622324382987729,0.17416494952578537,LOW_RELEVANCE,0.0,0.071034867157986,0.0,0.0019628064805881766,0.0,9.0103,0.061,0.05,0.2294,-0.3463,-0.0059,-2.0,-0.1349,behavioral deviation detected; procurement relevance is weak
V0539,0.3562,0.02999634896953551,0.172618582298215,LOW_RELEVANCE,0.03448808558297609,0.038954382368016405,0.0,0.06109163745618428,0.016493970709637363,4.5109,0.1161,0.0667,0.1216,0.0893,-0.1952,-1.0,-0.083,behavioral deviation detected; procurement relevance is weak
V0144,0.3313,0.1087710895178761,0.17223822768051059,LOW_RELEVANCE,0.16680553241126478,0.06425452276980662,0.0,0.0,0.04658751979651835,2.3759,0.4189,0.12,0.206,0.5005,0.1121,-1.5385,-0.0556,behavioral deviation detected; procurement relevance is weak
V0025,0.3274,0.10504498090738464,0.17208072379263478,LOW_RELEVANCE,0.19099087437706297,0.0,0.0,0.0,0.0,1.7816,0.5793,0.2,-0.5844,0.5902,0.2312,-2.4138,-0.4012,behavioral deviation detected; procurement relevance is weak
V0445,0.3242,0.10694391254735729,0.17161119239012054,LOW_RELEVANCE,0.13224574800416522,0.10629170638703528,0.0,0.21566576903971346,0.05335228963318256,2.3347,0.6168,0.2333,0.3568,0.381,-0.8249,-1.1111,-1.2291,behavioral deviation detected; procurement relevance is weak
V0530,0.3428,0.0616306693593565,0.1713107822028988,LOW_RELEVANCE,0.061632009608888226,0.09176228391511004,0.0464384476017927,0.0,0.06503257098255676,3.0363,0.2472,0.1,0.3031,0.1642,0.3125,-0.6667,0.1461,behavioral deviation detected; procurement relevance is weak
V0334,0.3104,0.15999375310084105,0.17062378086902466,LOW_RELEVANCE,0.23225747013481557,0.1356459605854558,0.0,0.0,0.07987314628218883,1.884,0.4846,0.225,0.4708,0.7563,0.0784,0.0,-0.1402,behavioral deviation detected; procurement relevance is weak
V0378,0.3414,0.07469247998231979,0.1705537248789293,LOW_RELEVANCE,0.0825014679976512,0.15853248064624706,0.0,0.0,0.051463874530309935,3.7333,0.1796,0.04,0.5652,0.2248,0.2543,-0.6667,-0.1079,behavioral deviation detected; procurement relevance is weak
V0141,0.3519,0.01781007276974005,0.1704450926157565,LOW_RELEVANCE,0.0,0.09406613317227842,0.054641709207789754,0.0,0.010754000262217284,3.3353,0.1691,0.12,0.3115,-0.398,0.2371,-0.7143,0.1734,behavioral deviation detected; procurement relevance is weak
V0531,0.309,0.17090126752765394,0.1699829095775233,LOW_RELEVANCE,0.19085995404084538,0.13990825688073394,0.09828674481514879,0.2418882037804508,0.1459097610263322,1.22,0.9057,0.1833,0.488,0.5897,-0.9572,-0.4545,0.327,behavioral deviation detected; procurement relevance is weak
V0488,0.3382,0.053785937594049024,0.16983189159848602,LOW_RELEVANCE,0.028484824932965454,0.1859329208726799,0.045346062052505964,0.0,0.0608982420599798,1.7599,0.7696,0.1636,0.6852,0.0733,1.6505,-1.0,0.1425,behavioral deviation detected; procurement relevance is weak
V0437,0.3186,0.11652941672461309,0.16938520551901276,LOW_RELEVANCE,0.20961112867530823,0.0,0.0,0.024865919063871283,0.0,1.5207,0.6576,0.2167,-1.0049,0.663,-0.0765,0.0,-0.4151,behavioral deviation detected; procurement relevance is weak
V0121,0.3192,0.1075665058075758,0.1690436497571027,LOW_RELEVANCE,0.14971770627848446,0.11274103868449072,0.0,0.0,0.05846421356135227,1.042,1.0677,0.2333,0.3812,0.4402,0.5068,-0.4545,-0.5587,behavioral deviation detected; procurement relevance is weak
V0471,0.356,0.0,0.1687796,LOW_RELEVANCE,0.0,0.0,0.0,0.0,0.0,6.401,0.1397,0.08,-0.1267,-0.0898,0.4179,-1.4286,-0.234,behavioral deviation detected; procurement relevance is weak
V0366,0.3389,0.056210052321934156,0.16864672663539343,LOW_RELEVANCE,0.02957844887819269,0.11743939750529536,0.1431264459741224,0.0,0.07199531030181469,3.0512,0.2147,0.1,0.3992,0.0762,0.0081,-0.6667,0.5011,behavioral deviation detected; procurement relevance is weak
V0191,0.2981,0.1926681571706581,0.16828848468024374,LOW_RELEVANCE,0.20097161851188955,0.15165568532081555,0.24265374129051806,0.10778015703069237,0.19566888797922455,1.5721,0.5486,0.2444,0.5363,0.6288,-0.3624,-0.7692,0.9612,behavioral deviation detected; procurement relevance is weak
V0525,0.3473,0.0,0.16809320000000003,LOW_RELEVANCE,0.0,0.0,0.0,0.0,0.0,1.9575,0.6299,0.2,-0.4091,-0.8232,0.3057,-0.5882,-1.0665,behavioral deviation detected; procurement relevance is weak
V0429,0.3223,0.08341507456406304,0.16790069098023144,LOW_RELEVANCE,0.14913892859573888,0.0,0.0,0.027773276728132998,0.0,1.4824,0.8475,0.2444,-0.0382,0.4382,-0.0857,0.0,-1.6188,behavioral deviation detected; procurement relevance is weak
V0107,0.2984,0.20247933395110518,0.1675311386793088,LOW_RELEVANCE,0.2910013896372763,0.14160634066783026,0.0,0.14332219652188813,0.09134849472184588,1.7911,0.7361,0.1714,0.4949,1.0261,-0.5019,0.0,-1.4103,behavioral deviation detected; procurement relevance is weak
V0502,0.3241,0.09591495665577975,0.16725107244392784,LOW_RELEVANCE,0.13545665179652105,0.09387459224356652,0.0,0.0,0.05074423549232593,1.9276,0.5939,0.1333,0.3108,0.3917,0.3045,-1.1111,-0.2284,behavioral deviation detected; procurement relevance is weak
V0470,0.3043,0.17406830995674866,0.16721296104068548,LOW_RELEVANCE,0.24755455229495862,0.0,0.1340991745078797,0.2521873519954134,0.07288002317060191,1.6281,0.5695,0.1636,-0.399,0.8225,-1.0117,0.0,0.4646,behavioral deviation detected; procurement relevance is weak
V0501,0.2982,0.17938550804301895,0.1669225454253098,LOW_RELEVANCE,0.3137335639188559,0.0,0.0,0.1366409577529642,0.0,1.7251,0.435,0.25,-0.0401,1.1429,-0.4748,0.0,-0.712,behavioral deviation detected; procurement relevance is weak
V0338,0.3417,0.014528515768998673,0.1668723266719995,LOW_RELEVANCE,0.0,0.060415296438973976,0.06710616331861434,0.0,0.009550935654163232,1.8651,0.6803,0.1833,0.1929,-0.5346,0.5683,-1.2,0.2158,behavioral deviation detected; procurement relevance is weak
V0091,0.3229,0.08125067711501907,0.16667299408161412,LOW_RELEVANCE,0.10892500712859993,0.09969389592461438,0.0,0.0,0.04689327841667685,1.0893,1.1487,0.2,0.3322,0.3056,0.6709,-1.0256,-0.4225,behavioral deviation detected; procurement relevance is weak
V0276,0.3173,0.10685648834830702,0.16612305427911317,LOW_RELEVANCE,0.11287747063624429,0.24770550178043033,0.0,0.0,0.07524609642360511,1.6918,0.622,0.1692,0.9878,0.3181,0.2322,-1.6,0.0,behavioral deviation detected; procurement relevance is weak
V0163,0.3137,0.15397156152029845,0.16596325615632884,LOW_RELEVANCE,0.2710945244620677,0.0,0.0,0.09739146132322411,0.0,4.1909,0.106,0.0286,-0.0624,0.9298,-0.3237,0.0,-0.1445,behavioral deviation detected; procurement relevance is weak
V0251,0.3059,0.15197634700112314,0.16583554709839224,LOW_RELEVANCE,0.16351590992739318,0.016748058077414703,0.3227838100182848,0.17830731306491374,0.12647379558529318,1.6057,0.7384,0.1778,0.0511,0.4887,-0.651,0.0,1.4299,behavioral deviation detected; procurement relevance is weak
V0263,0.3347,0.027523953864728095,0.1656428578739757,LOW_RELEVANCE,0.0,0.22936628220606747,0.0,0.0,0.0,1.6359,0.7495,0.2,0.8929,-0.3348,0.3109,-0.7143,-0.8373,behavioral deviation detected; procurement relevance is weak
V0003,0.2933,0.21984914730714608,0.16558770538643178,LOW_RELEVANCE,0.2967453374215871,0.10509202636995496,0.09741861724532162,0.07407407407407407,0.16265487738774567,1.9087,0.3627,0.1333,0.3523,1.0549,-0.24,0.0,0.3238,behavioral deviation detected; procurement relevance is weak
V0343,0.3232,0.03721192823925065,0.16433193620518785,LOW_RELEVANCE,0.008841137057447568,0.11467862834208818,0.0,0.31444241316270566,0.01432873399234314,1.6882,0.7457,0.3143,0.3886,0.0223,-1.376,0.0,-0.5396,behavioral deviation detected; procurement relevance is weak
V0297,0.3365,0.011692044969403728,0.16391392363296,LOW_RELEVANCE,0.0,0.0,0.1461505621175466,0.0,0.0,2.3651,0.3473,0.1818,-0.0221,-1.4933,0.585,-1.5789,0.5135,behavioral deviation detected; procurement relevance is weak
V0303,0.2933,0.17538847145936504,0.16390794085692525,LOW_RELEVANCE,0.3132622788704538,0.0,0.0,0.06188436161230807,0.0,1.5535,0.5781,0.2571,-0.1243,1.1404,-0.1979,0.0,-0.5707,behavioral deviation detected; procurement relevance is weak
V0350,0.3317,0.005837508720745862,0.16314355533956862,LOW_RELEVANCE,0.0,0.04864590600621552,0.0,0.0,0.0,1.9289,0.7644,0.2667,0.1534,-0.467,0.8572,0.0,-1.7183,behavioral deviation detected; procurement relevance is weak
V0240,0.313,0.08712921872425121,0.16308266342789535,LOW_RELEVANCE,0.11710693600791072,0.10583887216476409,0.0,0.0,0.05009869630064305,1.6086,0.7907,0.2286,0.3551,0.3316,0.7568,-2.0,-0.607,behavioral deviation detected; procurement relevance is weak
V0269,0.307,0.10226914609619125,0.16301644498123058,LOW_RELEVANCE,0.14371831757775036,0.0,0.11226845002071374,0.08161391048796915,0.05080949951186488,1.0947,0.7909,0.2727,-0.8657,0.4196,-0.2666,0.0,0.3794,behavioral deviation detected; procurement relevance is weak
V0314,0.2867,0.2256377941644859,0.16213863289226588,LOW_RELEVANCE,0.35915511009715206,0.08169824604364995,0.0,0.05764096120621957,0.07708323012751633,2.791,0.2709,0.12,0.2669,1.4011,-0.1835,0.0,-0.6745,behavioral deviation detected; procurement relevance is weak
V0281,0.2909,0.18622850076477948,0.161745113915133,LOW_RELEVANCE,0.23048510219157842,0.17715790339833787,0.033847541141992205,0.15839084329237502,0.13787700347816315,1.7307,0.3612,0.1818,0.6459,0.7488,-0.5646,0.0,0.1051,behavioral deviation detected; procurement relevance is weak
V0230,0.2966,0.1747832774320992,0.16150180965788075,LOW_RELEVANCE,0.2291801560139364,0.2119365346222549,0.0,0.06933457422056771,0.09917539379367614,2.2839,0.235,0.1077,0.8068,0.7433,-0.2235,-0.4167,-0.0899,behavioral deviation detected; procurement relevance is weak
V0054,0.2952,0.1603560195557983,0.16052032023943041,LOW_RELEVANCE,0.21008562671806374,0.21199863413096584,0.0,0.007509842194064909,0.09496798327722052,1.6254,0.5789,0.16,0.8071,0.6649,-0.0227,0.0,-0.3727,behavioral deviation detected; procurement relevance is weak
V0258,0.2938,0.16250925706646763,0.15927463814603482,LOW_RELEVANCE,0.22444547851713975,0.0,0.23143925808269714,0.04631719490097593,0.09116621745188096,1.4583,0.6715,0.1333,-0.2749,0.7235,-0.1457,-0.5882,0.9034,behavioral deviation detected; procurement relevance is weak
V0529,0.3254,0.023827194435884304,0.1590011726787611,LOW_RELEVANCE,0.0,0.016554663169972138,0.12689173457508732,0.20628621319152313,0.006874927149522514,3.0392,0.2746,0.1429,0.0505,-0.084,-0.7797,-2.7273,0.436,behavioral deviation detected; procurement relevance is weak
V0062,0.2988,0.11474559918760878,0.15868721860737225,LOW_RELEVANCE,0.1971224869933843,0.0,0.018581523161476054,0.0,0.02420854744164658,1.3615,0.6087,0.2182,-0.1543,0.6138,0.8223,-0.1893,0.0568,behavioral deviation detected; procurement relevance is weak
V0284,0.3036,0.09556031569745152,0.15775606335217585,LOW_RELEVANCE,0.1331183466833108,0.09977494373593399,0.0,0.0,0.05186115886659252,2.0171,0.4459,0.175,0.3325,0.3839,0.5206,-1.0,-0.8431,behavioral deviation detected; procurement relevance is weak
V0142,0.2978,0.10582302228043265,0.15710064379688388,LOW_RELEVANCE,0.14015477214101463,0.11751728195322841,0.0,0.06170831639195572,0.057752039744446995,1.2167,0.72,0.2182,0.3995,0.4075,-0.1973,0.0,-0.9836,behavioral deviation detected; procurement relevance is weak
V0085,0.2976,0.12182373140569909,0.1568536239755182,LOW_RELEVANCE,0.17273328921244208,0.0,0.08116385911179173,0.21709856729037813,0.04736192622696847,2.5112,0.2797,0.1429,-0.0325,0.522,-0.8319,0.0,0.265,behavioral deviation detected; procurement relevance is weak
V0415,0.2908,0.1391132357399811,0.15617381435322553,LOW_RELEVANCE,0.23568436821669878,0.0,0.0,0.18973666441593517,0.0,1.4181,0.6588,0.1778,-0.3617,0.7709,-0.7025,0.0,-0.7066,behavioral deviation detected; procurement relevance is weak
V0120,0.2885,0.14919210172833824,0.15489727198866388,LOW_RELEVANCE,0.23761893144669433,0.045011778188069014,0.005469915464942815,0.0,0.06331341406446327,1.4086,0.6653,0.1333,0.1414,0.7792,0.6942,-0.4762,0.0165,behavioral deviation detected; procurement relevance is weak
V0197,0.314,0.014074030483140116,0.154889447725374,LOW_RELEVANCE,0.0,0.11728358735950097,0.0,0.0,0.0,1.4193,0.7226,0.2444,0.3986,-0.1686,1.2719,0.0,-0.9636,behavioral deviation detected; procurement relevance is weak
V0380,0.3084,0.04333166483823629,0.1545575402327004,LOW_RELEVANCE,0.0,0.05556430033055249,0.27560728256145267,0.21805765521555545,0.018562417164380018,1.5135,0.6942,0.2,0.1765,-0.247,-0.8366,-0.3113,1.1414,behavioral deviation detected; procurement relevance is weak
V0043,0.3222,0.014680364430525457,0.15423201188588265,LOW_RELEVANCE,0.0,0.051413394042876114,0.008559436861760137,0.14393334094281474,0.0031466757464938835,2.5563,0.3619,0.0667,0.1626,-0.0184,-0.5044,-1.9231,0.0259,behavioral deviation detected; procurement relevance is weak
V0288,0.3025,0.06604053052489924,0.153363503522569,LOW_RELEVANCE,0.027502236744855486,0.1858887381275441,0.09024745269286753,0.14163090128755365,0.07153155230058168,1.8634,0.4013,0.1636,0.685,0.0707,-0.495,0.0,0.2976,behavioral deviation detected; procurement relevance is weak
V0074,0.2904,0.09773375870911333,0.15179282587753412,LOW_RELEVANCE,0.15554804931599392,0.0,0.0,0.2436466317063332,0.0,1.3407,0.7546,0.2,-0.5996,0.4605,-0.9664,-0.7143,-0.257,behavioral deviation detected; procurement relevance is weak
V0300,0.3044,0.014563862928348912,0.15078015964488317,LOW_RELEVANCE,0.026479750778816202,0.0,0.0,0.0,0.0,1.3484,0.9444,0.2667,-0.1186,0.068,1.0243,0.0,-1.0117,behavioral deviation detected; procurement relevance is weak
V0395,0.2814,0.11030589397106523,0.14912223874370512,LOW_RELEVANCE,0.1770631028012772,0.04196206169764322,0.0,0.0025600957542308077,0.03878867619467022,1.592,0.4322,0.225,0.1314,0.5379,-0.0077,-1.1069,-0.2335,behavioral deviation detected; procurement relevance is weak
V0096,0.2675,0.17141545148761034,0.14906489576712478,LOW_RELEVANCE,0.2420337749749871,0.11058404980729321,0.0,0.20605515270205896,0.07362015819694656,1.4089,0.5343,0.2571,0.373,0.7983,-0.7786,0.0,-0.2158,behavioral deviation detected; procurement relevance is weak
V0247,0.2794,0.14219563316066589,0.1483892422680563,LOW_RELEVANCE,0.20498632576480313,0.12526242127361792,0.0,0.0,0.07210831718595001,1.8427,0.3601,0.1,0.4296,0.6446,0.3837,-1.3636,-0.5519,behavioral deviation detected; procurement relevance is weak
V0351,0.2966,0.01793959453868432,0.147317541559928,LOW_RELEVANCE,0.0,0.0,0.22424493173355398,0.0,0.0,1.7015,0.5755,0.2667,-0.4664,-0.9758,1.0614,0.0,0.8672,behavioral deviation detected; procurement relevance is weak
V0099,0.2948,0.030619358350614568,0.147087907199911,LOW_RELEVANCE,0.042108893061036816,0.033847541141992205,0.0,0.0,0.016988811150026265,1.8591,0.6198,0.2333,0.1051,0.1099,1.1587,0.0,-1.1563,behavioral deviation detected; procurement relevance is weak
V0521,0.3024,0.0,0.14707511280000002,LOW_RELEVANCE,0.0,0.0,0.0,0.0,0.0,1.6831,0.7295,0.2286,-0.8272,-0.4931,1.123,0.0,-0.2891,behavioral deviation detected; procurement relevance is weak
V0455,0.2707,0.1691957711282417,0.14680944657209186,LOW_RELEVANCE,0.2986590360769792,0.0,0.0,0.09866602571806274,0.0,1.8017,0.3069,0.1077,-0.4903,1.0646,-0.3284,0.0,-0.4315,behavioral deviation detected; procurement relevance is weak
V0171,0.2961,0.013371245779278479,0.1461150283339257,LOW_RELEVANCE,0.0,0.11142704816065399,0.0,0.0,0.0,2.1176,0.5404,0.25,0.3762,-0.7971,1.4672,0.0,-0.4047,behavioral deviation detected; procurement relevance is weak
V0202,0.2791,0.087475981678592,0.14598624700304397,LOW_RELEVANCE,0.08695810963807019,0.0,0.21938018786916813,0.22098156323032977,0.05524764093301731,1.5421,0.4747,0.25,-0.0594,0.2381,-0.851,0.0,0.8431,behavioral deviation detected; procurement relevance is weak
V0499,0.3008,0.015949587220250194,0.14581023643505514,LOW_RELEVANCE,0.0,0.1056789387390073,0.022546591945783918,0.0,0.007321936079533037,2.3961,0.3007,0.1333,0.3545,-1.4985,0.3914,-1.5385,0.0692,behavioral deviation detected; procurement relevance is weak
V0047,0.2778,0.1251300064594274,0.14533282660596086,LOW_RELEVANCE,0.13422911760631667,0.2133417243549402,0.01344996547074879,0.0878131841401119,0.1011816420434745,1.5366,0.5769,0.0857,0.8136,0.3876,-0.2888,-1.5152,0.0409,behavioral deviation detected; procurement relevance is weak
V0088,0.2996,0.0,0.1445936261,LOW_RELEVANCE,0.0,0.0,0.0,0.0,0.0,1.4496,0.6207,0.1833,-0.4257,-0.2851,1.2064,0.0,-0.0857,behavioral deviation detected; procurement relevance is weak
V0370,0.282,0.08253814803021745,0.14446339438444267,LOW_RELEVANCE,0.0919327303766663,0.17211689709413033,0.0,0.0,0.05660559335877664,1.4652,0.5315,0.15,0.6237,0.2531,0.6741,-0.9524,-0.4882,behavioral deviation detected; procurement relevance is weak
V0545,0.284,0.059984598296267684,0.14420210786279145,LOW_RELEVANCE,0.02259754476503245,0.12383177570093458,0.18951776306902607,0.05885305559041285,0.07296030883172479,1.8553,0.41,0.2,0.424,0.0578,-0.1876,0.0,0.7015,behavioral deviation detected; procurement relevance is weak
V0299,0.2726,0.1258684061974845,0.14387131447638657,LOW_RELEVANCE,0.12559896470917423,0.07604176291231636,0.20565573119389943,0.11613929644687997,0.12702270370052374,1.8825,0.3535,0.1333,0.2469,0.3591,-0.3942,0.0,0.7767,behavioral deviation detected; procurement relevance is weak
V0016,0.2954,0.007640501182780819,0.14311206989214112,LOW_RELEVANCE,0.0,0.0184851954850319,0.005535850432591904,0.09351865840761445,0.0015173838479445782,1.7913,0.3816,0.1692,0.0565,-0.3475,-0.3095,-0.3704,0.0167,behavioral deviation detected; procurement relevance is weak
V0420,0.2938,0.006198394132894986,0.14292035092571287,LOW_RELEVANCE,0.0,0.05165328444079155,0.0,0.0,0.0,1.6786,0.5275,0.2,0.1634,-0.8766,0.5707,-1.0,-0.4497,behavioral deviation detected; procurement relevance is weak
V0315,0.2904,0.012413732905858878,0.14267331757438437,LOW_RELEVANCE,0.0,0.07215538304518604,0.0,0.07510173880873104,0.0,1.3828,0.7468,0.2286,0.2333,-0.1401,-0.2436,0.0,-1.0792,behavioral deviation detected; procurement relevance is weak
V0189,0.2679,0.1388155799069366,0.1424213638205709,LOW_RELEVANCE,0.1928714405630529,0.0,0.11384179122112602,0.23549348895288091,0.059271349259617,2.7697,0.206,0.12,-0.1869,0.5974,-0.9241,0.0,0.3854,behavioral deviation detected; procurement relevance is weak
V0537,0.2661,0.13503713722720478,0.14139595651251635,LOW_RELEVANCE,0.17646671278453074,0.05195297686765263,0.11652972877462672,0.0,0.11211854834812213,1.243,0.6066,0.1333,0.1644,0.5357,0.4308,0.0,0.3957,behavioral deviation detected; procurement relevance is weak
V0425,0.2886,0.00425676955122136,0.1413635086621852,LOW_RELEVANCE,0.0,0.0,0.05320961939026699,0.0,0.0,2.2173,0.4113,0.25,-1.0997,-1.0552,0.2772,0.0,0.1686,behavioral deviation detected; procurement relevance is weak
V0292,0.2559,0.18289594271145793,0.14131198590298105,LOW_RELEVANCE,0.2124992124992125,0.16920520631404043,0.07433120429510322,0.1857119591770262,0.15242328388373316,1.4594,0.3833,0.1556,0.611,0.6746,-0.6842,0.0,0.2409,behavioral deviation detected; procurement relevance is weak
V0059,0.2951,0.0,0.141204538475,LOW_RELEVANCE,0.0,0.0,0.0,0.0,0.0,1.2206,0.9837,0.1333,-0.3633,-0.3705,0.3825,-0.7143,-0.2891,behavioral deviation detected; procurement relevance is weak
V0050,0.2661,0.12542071946888994,0.1412026229137222,LOW_RELEVANCE,0.22803767176161804,0.0,0.0,0.0,0.0,1.5468,0.3223,0.1667,-0.0016,0.7385,0.0627,-0.3571,-0.6923,behavioral deviation detected; procurement relevance is weak
V0236,0.2872,0.010719481084247431,0.14118001176150075,LOW_RELEVANCE,0.0,0.012930609021814235,0.1010427903631787,0.0,0.005421923862877141,2.0621,0.4093,0.24,0.0393,-1.6862,0.8034,0.0,0.3372,behavioral deviation detected; procurement relevance is weak
V0360,0.2871,0.018785842761719213,0.1410921925209283,LOW_RELEVANCE,0.0,0.049550120390318086,0.13035916166623185,0.0,0.012055476907912492,1.5604,0.4762,0.2,0.1564,-0.6286,0.8944,-0.8333,0.4497,behavioral deviation detected; procurement relevance is weak
V0220,0.2945,0.0,0.140329470875,LOW_RELEVANCE,0.0,0.0,0.0,0.0,0.0,2.1043,0.3078,0.1091,-0.1817,-1.1244,0.4458,-0.625,-0.5368,behavioral deviation detected; procurement relevance is weak
V0007,0.2583,0.134724836037885,0.13761483679896344,LOW_RELEVANCE,0.16797018005125305,0.1656004895143795,0.0,0.1491775382870108,0.07505150676809866,1.3883,0.401,0.15,0.5954,0.5047,-0.526,0.0,-0.3671,behavioral deviation detected; procurement relevance is weak
V0066,0.283,0.017673055930135493,0.13749595040959775,LOW_RELEVANCE,0.0,0.13194444444444445,0.0,0.03679445193604315,0.0,1.7848,0.3506,0.1385,0.456,-0.1745,-0.1146,-1.6667,-0.0169,behavioral deviation detected; procurement relevance is weak
V0019,0.2787,0.03055229334829033,0.1372163126381467,LOW_RELEVANCE,0.0,0.05380685043840283,0.07558623239762118,0.32270736442859077,0.009566022412213769,1.5577,0.4974,0.1556,0.1706,-0.0694,-1.4294,0.0,0.2453,behavioral deviation detected; procurement relevance is weak
V0435,0.2436,0.18695197815099143,0.13686367679859177,LOW_RELEVANCE,0.23921974376920968,0.14702453726081147,0.041073997123221996,0.14624775890036712,0.135699334458763,1.4502,0.4023,0.24,0.5171,0.7861,-0.5139,0.0,0.1285,behavioral deviation detected; procurement relevance is weak
V0361,0.2703,0.06203312964016781,0.1366848808103077,LOW_RELEVANCE,0.101979237759977,0.0,0.0,0.11889097744360903,0.0,1.1487,1.0015,0.1667,-0.0805,0.2839,-0.4048,0.0,-1.2848,behavioral deviation detected; procurement relevance is weak
V0316,0.258,0.11512252825596088,0.13663383846685503,LOW_RELEVANCE,0.20012797952327627,0.0,0.0,0.1010427903631787,0.0,1.6082,0.4222,0.2,-0.1227,0.6255,-0.3372,0.0,-1.0377,behavioral deviation detected; procurement relevance is weak
V0492,0.2589,0.13149435660964945,0.13642325876453823,LOW_RELEVANCE,0.1629557705829176,0.018163966617574866,0.16156619434895614,0.1452260876998034,0.09751203431014555,2.2264,0.3333,0.1,0.0555,0.4867,-0.5097,0.0,0.5781,behavioral deviation detected; procurement relevance is weak
V0082,0.2807,0.023738167816460775,0.1361367159675919,LOW_RELEVANCE,0.0,0.19781806513717312,0.0,0.0,0.0,1.8597,0.425,0.1,0.7398,-1.0554,0.2231,-0.5263,-0.3372,behavioral deviation detected; procurement relevance is weak
V0178,0.2612,0.105858888337208,0.13603331605769514,LOW_RELEVANCE,0.10781199814424895,0.26197446431646537,0.0,0.0,0.07562676819947613,1.0367,0.7233,0.1429,1.0649,0.3021,0.0816,-0.7407,-0.2198,behavioral deviation detected; procurement relevance is weak
V0436,0.2784,0.014217207334273623,0.13491888574104371,LOW_RELEVANCE,0.0,0.11847672778561354,0.0,0.0,0.0,1.5837,0.508,0.14,0.4032,-0.6552,1.1451,0.0,-0.1285,behavioral deviation detected; procurement relevance is weak
V0027,0.2532,0.12647903283555606,0.13484555257352107,LOW_RELEVANCE,0.1192531266514004,0.139439488253349,0.15333163999661334,0.10160812146258197,0.13405068657012897,1.2316,0.4116,0.1833,0.4861,0.3385,-0.3393,0.0,0.5433,behavioral deviation detected; procurement relevance is weak
V0480,0.2778,0.0025180302189733383,0.134732205482753,LOW_RELEVANCE,0.0,0.02098358515811115,0.0,0.0,0.0,1.9059,0.4938,0.2,0.0643,-0.5651,1.1427,0.0,-0.819,behavioral deviation detected; procurement relevance is weak
V0032,0.2535,0.12711150879334476,0.13468535932112752,LOW_RELEVANCE,0.19670972302551248,0.06979628538649965,0.0,0.0,0.05272803441466469,1.1786,0.8805,0.1667,0.2251,0.6122,1.4333,0.0,-0.4637,behavioral deviation detected; procurement relevance is weak
V0254,0.2507,0.11480466279158456,0.13273628546889268,LOW_RELEVANCE,0.2059963158229054,0.0,0.0014645187058980164,0.0,0.006947637962573704,1.1497,0.4223,0.2,-0.8436,0.6486,0.1678,-0.5882,0.0044,behavioral deviation detected; procurement relevance is weak
V0414,0.2473,0.15425828033148808,0.1322930193799146,LOW_RELEVANCE,0.2582702863076695,0.0,0.024358515724088585,0.0783126977787336,0.03172653357703039,1.5238,0.3379,0.0909,-0.6378,0.8705,-0.2549,0.0,0.0749,behavioral deviation detected; procurement relevance is weak
V0505,0.2742,0.0,0.1321472625,LOW_RELEVANCE,0.0,0.0,0.0,0.0,0.0,1.5318,0.512,0.175,-0.1845,-0.7143,0.81,0.0,-0.7264,behavioral deviation detected; procurement relevance is weak
V0153,0.247,0.15217758923515595,0.13175865110231286,LOW_RELEVANCE,0.25530964225075214,0.0,0.04263466938983916,0.0,0.04173256223027564,1.6547,0.2683,0.0833,-0.3597,0.8571,0.0137,0.0,0.1336,behavioral deviation detected; procurement relevance is weak
V0368,0.2556,0.06842255565515276,0.130635966869281,LOW_RELEVANCE,0.07711617261619108,0.0,0.11746536051540021,0.1799469699040538,0.038070416899064756,0.9842,0.5971,0.2,-0.5264,0.2089,-0.6583,-0.4348,0.3993,behavioral deviation detected; procurement relevance is weak
V0135,0.2715,0.0,0.1304114955,LOW_RELEVANCE,0.0,0.0,0.0,0.0,0.0,1.6477,0.3805,0.1556,-0.0285,-0.8036,0.7983,0.0,-0.4625,behavioral deviation detected; procurement relevance is weak
V0282,0.2383,0.1656875195725574,0.13033410959201738,LOW_RELEVANCE,0.25530964225075214,0.08298945437872536,0.0,0.04415981647868477,0.06550245492631204,1.4561,0.4086,0.1714,0.2715,0.8571,-0.1386,0.0,-0.5059,behavioral deviation detected; procurement relevance is weak
V0372,0.2318,0.22656001015428062,0.1302675731562244,LOW_RELEVANCE,0.32017186055365204,0.08489155964981851,0.050813136746187426,0.18402872218897895,0.13506006321324904,1.829,0.3559,0.08,0.2783,1.1774,-0.6766,-1.4286,0.1606,behavioral deviation detected; procurement relevance is weak
V0093,0.2417,0.1273871311235525,0.1295761673720493,LOW_RELEVANCE,0.16000268799139844,0.17507630544174663,0.0,0.06626412275514333,0.07531644968758298,0.9365,0.4879,0.2182,0.6367,0.4762,-0.2129,0.0,-0.3248,behavioral deviation detected; procurement relevance is weak
V0255,0.2623,0.01697272198453204,0.12944678074503194,LOW_RELEVANCE,0.009351719765414487,0.07828437999262629,0.0,0.0,0.012175752572194583,0.9919,0.577,0.2333,0.2548,0.0236,0.9901,0.0,-0.2891,behavioral deviation detected; procurement relevance is weak
V0061,0.2468,0.09405149077896961,0.1290422015668878,LOW_RELEVANCE,0.14086394721468093,0.0,0.08472404429935626,0.02117524225912754,0.04369817076995111,0.6714,0.7858,0.2182,-0.5343,0.4099,-0.0649,0.0,0.2777,behavioral deviation detected; procurement relevance is weak
V0523,0.235,0.1868975358027245,0.1288974684656345,LOW_RELEVANCE,0.2874244669935013,0.07885040530582166,0.0,0.11606116856713515,0.06774485945621694,1.63,0.1724,0.1,0.2568,1.0084,-0.3939,-0.625,-0.2623,behavioral deviation detected; procurement relevance is weak
V0234,0.2659,0.005452265001884031,0.1287805355652843,LOW_RELEVANCE,0.0,0.043458852788317445,0.0,0.004744053345718741,0.0,1.2777,0.5529,0.1778,0.1363,-0.0638,-0.0143,0.0,-1.0792,behavioral deviation detected; procurement relevance is weak
V0504,0.2426,0.13226399275163242,0.12876085495373402,LOW_RELEVANCE,0.2051632594665056,0.0,0.09974792942023766,0.0,0.0572218284571766,1.4079,0.2935,0.1385,-0.0514,0.6453,0.0572,-1.5789,0.3324,behavioral deviation detected; procurement relevance is weak
V0507,0.2397,0.13400236810007216,0.12873446558290055,LOW_RELEVANCE,0.16000268799139844,0.18117801190021288,0.024358515724088585,0.0,0.11155423509425186,1.2801,0.4921,0.2,0.6638,0.4762,0.2162,0.0,0.0749,behavioral deviation detected; procurement relevance is weak
V0516,0.2542,0.060571991214957294,0.12872957345996455,LOW_RELEVANCE,0.08695810963807019,0.05455233052850525,0.0,0.0,0.030993756252990303,0.9564,0.6497,0.1818,0.1731,0.2381,0.303,0.0,-0.7374,behavioral deviation detected; procurement relevance is weak
V0010,0.2527,0.07775165383784521,0.128701472085891,LOW_RELEVANCE,0.08695810963807019,0.1578001740546307,0.0,0.008919722497522299,0.052713432627374025,1.3904,0.3812,0.1375,0.5621,0.2381,-0.027,-1.4035,-0.4733,behavioral deviation detected; procurement relevance is weak
V0122,0.2433,0.12683818659853294,0.1284998960985798,LOW_RELEVANCE,0.1548057743669495,0.15898068458972275,0.0,0.169963755083972,0.07059570395872689,1.1521,0.4925,0.1333,0.5671,0.4579,-0.6143,0.0,-0.0944,behavioral deviation detected; procurement relevance is weak
V0129,0.2419,0.1372354391228189,0.1281768768698462,LOW_RELEVANCE,0.18401984463737842,0.02308769416132079,0.12480308069315596,0.07338769458858414,0.098001850440103,1.197,0.4973,0.1077,0.0709,0.5638,-0.2376,-0.8,0.4278,behavioral deviation detected; procurement relevance is weak
V0419,0.2443,0.11680633880470055,0.12806857519462617,LOW_RELEVANCE,0.2123751614630919,0.0,0.0,0.0,0.0,1.1848,0.4752,0.1333,-0.1246,0.6741,0.3542,-0.7407,-0.005,behavioral deviation detected; procurement relevance is weak
V0362,0.2342,0.18623848207129137,0.1279532746651753,LOW_RELEVANCE,0.28843854955313947,0.0217497635895262,0.06739617010693857,0.0032891458187979668,0.0971557864341326,1.7201,0.1498,0.08,0.0667,1.0134,-0.0099,0.0,0.2168,behavioral deviation detected; procurement relevance is weak
V0476,0.2355,0.13091737275985457,0.12619109234883852,LOW_RELEVANCE,0.12672907642867123,0.18155776838084847,0.11595697657285989,0.04900779813605528,0.1385125024287601,1.1747,0.4657,0.2,0.6655,0.3628,-0.1546,0.0,0.3935,behavioral deviation detected; procurement relevance is weak
V0381,0.2448,0.06872670554447662,0.12561918422667565,LOW_RELEVANCE,0.08283806588891335,0.10666428443809184,0.0,0.03812241495399019,0.04229967212651867,0.7825,0.7109,0.2222,0.3582,0.2258,-0.1189,-0.4762,-0.9957,behavioral deviation detected; procurement relevance is weak
V0086,0.2373,0.13874674954259683,0.12539964182847982,LOW_RELEVANCE,0.21125694093891972,0.06416695261565336,0.0,0.08753573818358781,0.05239305401566602,1.9735,0.1822,0.0857,0.2057,0.6696,-0.2878,-2.0,-0.5801,behavioral deviation detected; procurement relevance is weak
V0453,0.2273,0.1785042859516267,0.12451811812669492,LOW_RELEVANCE,0.22965519366468432,0.13544668587896252,0.04595325170933376,0.11611325535488054,0.13229202113042038,1.1488,0.3835,0.1273,0.47,0.7453,-0.3941,0.0,0.1445,behavioral deviation detected; procurement relevance is weak
V0081,0.2353,0.12824185148749206,0.12388490016243854,LOW_RELEVANCE,0.19577945055652063,0.07355938484343154,0.0,0.018709930655501767,0.05400265483709428,1.4762,0.2502,0.1091,0.2382,0.6086,-0.0572,0.0,-0.607,behavioral deviation detected; procurement relevance is weak
V0355,0.2435,0.07815462879499738,0.12378713930987154,LOW_RELEVANCE,0.1131606952820149,0.06722218767489584,0.0,0.0,0.03924791934450837,1.3476,0.3656,0.125,0.2162,0.319,0.2519,-1.3158,-0.6231,behavioral deviation detected; procurement relevance is weak
V0079,0.2468,0.0461823851137894,0.12269691266663232,LOW_RELEVANCE,0.0,0.18155776838084847,0.2285537955153261,0.0,0.030555746334307493,1.233,0.5045,0.14,0.6655,-0.4927,0.191,0.0,0.8888,behavioral deviation detected; procurement relevance is weak
V0277,0.2371,0.10594682120997055,0.12257828161698313,LOW_RELEVANCE,0.1552341690883287,0.04449469694556805,0.0,0.15497718438397837,0.037399026793613316,1.071,0.5765,0.1,0.1397,0.4594,-0.5502,-0.5556,-0.3185,behavioral deviation detected; procurement relevance is weak
V0112,0.2336,0.09971187475497259,0.1222863068013336,LOW_RELEVANCE,0.16205798558739737,0.0,0.04595325170933376,0.0,0.03451861272578666,1.4033,0.3512,0.2,-0.0664,0.4835,1.0031,0.0,0.1445,behavioral deviation detected; procurement relevance is weak
V0386,0.2348,0.11177888797294006,0.12215691474519591,LOW_RELEVANCE,0.1830332342080324,0.033691940990787865,0.0,0.0,0.035337881198138375,1.2069,0.4843,0.1111,0.1046,0.5601,0.927,0.0,-0.1012,behavioral deviation detected; procurement relevance is weak
V0123,0.2403,0.07802432421103568,0.12162086865825472,LOW_RELEVANCE,0.12354508484083579,0.0,0.0,0.20149055097151983,0.0,1.6878,0.1746,0.1,-0.1229,0.3524,-0.757,-1.25,-0.1499,behavioral deviation detected; procurement relevance is weak
V0242,0.2452,0.040939942177318264,0.12151262609789164,LOW_RELEVANCE,0.03265748336170871,0.0,0.10706313063666399,0.19365676656363393,0.02365218774631827,0.868,0.7349,0.1455,-0.1452,0.0844,-0.7205,-1.0,0.3597,behavioral deviation detected; procurement relevance is weak
V0078,0.2384,0.07492019099232443,0.12120612857609088,LOW_RELEVANCE,0.08377922744264457,0.02603727030712291,0.13862409555530034,0.0,0.07313607908795565,1.3677,0.3406,0.14,0.0802,0.2286,0.1858,-1.0526,0.4828,behavioral deviation detected; procurement relevance is weak
V0511,0.2233,0.1678805624841055,0.12112669695385028,LOW_RELEVANCE,0.22222567899698223,0.02063201880386524,0.18356238944074024,0.08795184385735567,0.12049006715587213,1.6436,0.2103,0.1143,0.0632,0.7143,-0.2893,0.0,0.6745,behavioral deviation detected; procurement relevance is weak
V0484,0.2509,0.0,0.12051655330000001,LOW_RELEVANCE,0.0,0.0,0.0,0.0,0.0,0.9857,0.7956,0.1556,-0.0716,-0.3065,0.7408,0.0,-0.8005,behavioral deviation detected; procurement relevance is weak
V0322,0.2448,0.01676222596964587,0.12010814359527823,LOW_RELEVANCE,0.0,0.0,0.20952782462057337,0.0,0.0,0.6315,0.854,0.2,-0.5659,-0.0343,0.0816,0.0,0.7952,behavioral deviation detected; procurement relevance is weak
V0345,0.233,0.09643907731285217,0.11982652185269013,LOW_RELEVANCE,0.09410443164112041,0.22316018436998292,0.0,0.09720132410472465,0.06521175790300887,1.7482,0.1232,0.1111,0.8618,0.2597,-0.323,0.0,-0.7799,behavioral deviation detected; procurement relevance is weak
V0538,0.2222,0.14742015429159874,0.11914628611532063,LOW_RELEVANCE,0.23046141533536493,0.060827098268791284,0.0,0.05422446406052963,0.05327950430933283,1.332,0.3089,0.1333,0.1943,0.7487,-0.172,0.0,-0.4622,behavioral deviation detected; procurement relevance is weak
V0347,0.2452,0.018176197836166922,0.11907235432443276,LOW_RELEVANCE,0.0,0.0,0.22720247295208654,0.0,0.0,1.3127,0.6572,0.1333,-0.7775,-0.2232,0.6583,0.0,0.882,behavioral deviation detected; procurement relevance is weak
V0422,0.2443,0.021814023524495293,0.1189832346526405,LOW_RELEVANCE,0.0,0.12785627071341357,0.0,0.1294254207777133,0.0,1.2138,0.5122,0.1333,0.4398,-0.3333,-0.446,0.0,-1.3786,behavioral deviation detected; procurement relevance is weak
V0146,0.2407,0.025924164423654847,0.11896981876520239,LOW_RELEVANCE,0.0,0.21603470353045706,0.0,0.0,0.0,1.2342,0.5367,0.2,0.8267,-0.1363,0.3295,-1.0,-0.6226,behavioral deviation detected; procurement relevance is weak
V0250,0.2242,0.13415901269727507,0.11866472008872606,LOW_RELEVANCE,0.18051594715966826,0.0,0.21775181872702146,0.03188330966825868,0.07930465388941427,1.218,0.572,0.1143,-0.2094,0.5507,-0.0988,0.0,0.8351,behavioral deviation detected; procurement relevance is weak
V0410,0.2485,0.0,0.11863390000000001,LOW_RELEVANCE,0.0,0.0,0.0,0.0,0.0,1.6718,0.2583,0.12,-0.4594,-0.3492,0.5843,-0.8333,-0.5132,behavioral deviation detected; procurement relevance is weak
V0149,0.243,0.00856505045093312,0.11843619767479241,LOW_RELEVANCE,0.0,0.0,0.10706313063666399,0.0,0.0,1.248,0.7207,0.2,-0.7981,-0.3411,0.8736,0.0,0.3597,behavioral deviation detected; procurement relevance is weak
V0020,0.2431,0.023825603761487495,0.11816494654242361,LOW_RELEVANCE,0.0,0.1985466980123958,0.0,0.0,0.0,1.3588,0.3777,0.1125,0.7432,-0.8267,0.5058,-0.6,-0.2098,behavioral deviation detected; procurement relevance is weak
V0359,0.243,0.0007920792079207921,0.11737928862,LOW_RELEVANCE,0.0,0.0,0.009900990099009901,0.0,0.0,0.8014,0.6931,0.1846,-0.1475,-0.2292,0.7113,0.0,0.03,behavioral deviation detected; procurement relevance is weak
V0456,0.2401,0.011735835438469865,0.11732423853915555,LOW_RELEVANCE,0.0,0.09779862865391555,0.0,0.0,0.0,1.2238,0.4675,0.2,0.3252,-0.0952,0.5198,-1.1111,-1.0492,behavioral deviation detected; procurement relevance is weak
V0486,0.2281,0.09553319975824873,0.1167106347188001,LOW_RELEVANCE,0.13727655462764854,0.08561675150111249,0.0,0.0,0.048785422664542596,1.983,0.111,0.0857,0.2809,0.3978,0.3232,0.0,-0.2998,behavioral deviation detected; procurement relevance is weak
V0166,0.2405,0.0016490236044447366,0.11611797966966006,LOW_RELEVANCE,0.0,0.013741863370372805,0.0,0.0,0.0,1.2123,0.3969,0.1778,0.0418,-0.1445,0.1286,-0.625,-1.096,behavioral deviation detected; procurement relevance is weak
V0080,0.241,0.009532958592157083,0.11609705555893772,LOW_RELEVANCE,0.0,0.0,0.11124277884757813,0.01267072568701662,0.0,1.4855,0.2524,0.1273,-0.5769,-0.9394,-0.0385,0.0,0.3755,behavioral deviation detected; procurement relevance is weak
V0018,0.2243,0.10047043702296721,0.11588319373087265,LOW_RELEVANCE,0.08695810963807019,0.0308199263423144,0.32756533823463485,0.03128935386999903,0.1058769540434006,1.4017,0.4925,0.12,0.0954,0.2381,-0.0969,0.0,1.4614,behavioral deviation detected; procurement relevance is weak
V0298,0.2165,0.1397162157051901,0.11510650781759187,LOW_RELEVANCE,0.19237602972056211,0.11441728657456607,0.01532805986805396,0.0,0.09476540090244344,1.1629,0.3134,0.1167,0.3876,0.5955,0.1651,0.0,0.0467,behavioral deviation detected; procurement relevance is weak
V0094,0.2388,0.005094158953080115,0.11507177248515801,LOW_RELEVANCE,0.0,0.04245132460900096,0.0,0.0,0.0,1.4243,0.4069,0.15,0.133,-0.0106,0.4445,0.0,-1.0867,behavioral deviation detected; procurement relevance is weak
V0089,0.2281,0.05491839262571339,0.11486945123269687,LOW_RELEVANCE,0.07080468314439695,0.0,0.11103209174148813,0.0,0.03546624778488005,1.183,0.4445,0.175,-0.0128,0.1905,0.9739,0.0,0.3747,behavioral deviation detected; procurement relevance is weak
V0483,0.2382,0.01881502460258848,0.11460722905006804,LOW_RELEVANCE,0.003150045855097891,0.11517475298628521,0.0,0.030945151495574648,0.008571357245758408,1.4677,0.3338,0.0769,0.3905,0.0079,-0.0958,-1.3333,-0.2998,behavioral deviation detected; procurement relevance is weak
V0132,0.2211,0.10702700653004044,0.11439940899272101,LOW_RELEVANCE,0.1430725988894221,0.1327725262336311,0.0,0.0,0.062021869964112776,1.3567,0.2437,0.1,0.4593,0.4174,0.0186,-1.5625,-0.5565,behavioral deviation detected; procurement relevance is weak
V0301,0.2213,0.09508403892683442,0.11401130982504509,LOW_RELEVANCE,0.12973857346746961,0.08074153516163628,0.0,0.0965488164789496,0.04605699238191153,1.1538,0.3353,0.1273,0.2635,0.3727,-0.3206,0.0,-0.611,behavioral deviation detected; procurement relevance is weak
V0002,0.2358,0.010620727372162974,0.1138101057970435,LOW_RELEVANCE,0.0,0.08850606143469146,0.0,0.0,0.0,1.4506,0.3342,0.1333,0.2913,-0.2381,0.1188,0.0,-1.1024,behavioral deviation detected; procurement relevance is weak
V0125,0.222,0.08299317760317991,0.11300533199851925,LOW_RELEVANCE,0.12222183209859205,0.06472128694350916,0.0,0.0,0.040023077578665925,1.591,0.1838,0.1111,0.2076,0.3481,0.0153,0.0,-0.2126,behavioral deviation detected; procurement relevance is weak
V0475,0.2119,0.14815664162948128,0.1128141225531543,LOW_RELEVANCE,0.1860389398971153,0.14049965619986246,0.018902478906403297,0.1324465008675535,0.10420371293097204,1.4377,0.2409,0.0889,0.4904,0.5714,-0.458,0.0,0.0578,behavioral deviation detected; procurement relevance is weak
V0403,0.2178,0.08226112255670366,0.11251012310716861,LOW_RELEVANCE,0.14585397519559945,0.0,0.0,0.040828723982479144,0.0,0.8582,0.4038,0.2,-0.5033,0.4269,-0.1277,0.0,-0.0141,behavioral deviation detected; procurement relevance is weak
V0344,0.225,0.04444812118538128,0.11209082536399737,LOW_RELEVANCE,0.08081476579160232,0.0,0.0,0.0,0.0,0.9258,0.536,0.16,-0.049,0.2198,0.5085,-0.5,-0.3485,behavioral deviation detected; procurement relevance is weak
V0423,0.23,0.011986931173455414,0.11164532580701962,LOW_RELEVANCE,0.02179442031537348,0.0,0.0,0.0,0.0,1.3367,0.5152,0.16,-0.1315,0.0557,0.9578,0.0,-0.1349,behavioral deviation detected; procurement relevance is weak
V0409,0.2263,0.028851880241652576,0.11156819604452693,LOW_RELEVANCE,0.021258270367615392,0.10719600023808108,0.0,0.0,0.021481557554471894,1.0409,0.5506,0.1714,0.3602,0.0543,0.405,0.0,-1.2491,behavioral deviation detected; procurement relevance is weak
V0547,0.2216,0.06325570807601652,0.11073444123869262,LOW_RELEVANCE,0.06865849569720225,0.0,0.2011503435053523,0.0,0.04700753981063546,0.8503,0.6602,0.0923,-0.1856,0.1843,0.3217,-0.4,0.7554,behavioral deviation detected; procurement relevance is weak
V0243,0.2087,0.127793817056765,0.11062144489695311,LOW_RELEVANCE,0.14389425381823165,0.14155721521160614,0.08422113007112549,0.0,0.12463710612827406,1.1503,0.3555,0.15,0.4947,0.4202,0.194,0.0,0.2759,behavioral deviation detected; procurement relevance is weak
V0393,0.2264,0.03013778885428995,0.11009204731877435,LOW_RELEVANCE,0.0,0.0,0.2697354007935542,0.17117913581611227,0.0,1.5079,0.4328,0.0857,-0.0437,-0.2857,-0.6196,0.0,1.1081,behavioral deviation detected; procurement relevance is weak
V0182,0.2115,0.10456322215238711,0.10954575943381996,LOW_RELEVANCE,0.1617489270386266,0.05761135892442044,0.0,0.0,0.04343974605106017,0.9331,0.4535,0.1167,0.1834,0.4824,0.2902,-0.625,-0.184,behavioral deviation detected; procurement relevance is weak
V0490,0.2257,0.0,0.10923880000000002,LOW_RELEVANCE,0.0,0.0,0.0,0.0,0.0,1.5325,0.2676,0.2,-0.6948,-0.8547,0.2168,0.0,-0.0321,behavioral deviation detected; procurement relevance is weak
V0026,0.2081,0.119583109340588,0.10883528626829916,LOW_RELEVANCE,0.1506132572282812,0.15476291099653453,0.0,0.0886721953886813,0.06870329388007555,1.0101,0.3825,0.1077,0.5493,0.4433,-0.2919,0.0,-0.217,behavioral deviation detected; procurement relevance is weak
V0332,0.2266,0.010417921886982456,0.10840899365270099,LOW_RELEVANCE,0.0,0.07507322336981655,0.0,0.028182701652089404,0.0,1.4199,0.2701,0.0833,0.2435,-0.7022,-0.087,-1.6,-0.0749,behavioral deviation detected; procurement relevance is weak
V0327,0.2133,0.06692632038541443,0.10803274138329573,LOW_RELEVANCE,0.09074377159483543,0.01842096652815496,0.05586152635719905,0.0,0.05168903958150213,0.6579,0.6436,0.1538,0.0563,0.2495,0.0969,-0.7692,0.1775,behavioral deviation detected; procurement relevance is weak
V0271,0.1989,0.16219332837657516,0.10739029215530956,LOW_RELEVANCE,0.23121867216089056,0.11741343296755025,0.0,0.12208825939365563,0.07414516881148267,1.3088,0.1906,0.1111,0.3991,0.7519,-0.4172,0.0,-0.0104,behavioral deviation detected; procurement relevance is weak
V0389,0.2021,0.1251988575632001,0.10731056309762137,LOW_RELEVANCE,0.13206499097347593,0.14483623613922067,0.050933248971844355,0.19045820065842733,0.10792597120206468,1.0602,0.3852,0.1714,0.5081,0.3804,-0.7058,0.0,0.161,behavioral deviation detected; procurement relevance is weak
V0489,0.2164,0.03411195084728335,0.10720202132903678,LOW_RELEVANCE,0.04772787871862263,0.0,0.0,0.15723235104081804,0.0,0.8921,0.5206,0.175,-0.2139,0.1253,-0.5597,0.0,-1.1697,behavioral deviation detected; procurement relevance is weak
V0051,0.2177,0.024383980722194595,0.10584040290896204,LOW_RELEVANCE,0.011075949367088608,0.0,0.18356238944074024,0.0,0.018036087075183196,1.1575,0.3861,0.1111,-0.2054,0.028,0.3793,-0.5396,0.6745,behavioral deviation detected; procurement relevance is weak
V0092,0.2169,0.017605216540299132,0.10558415412246287,LOW_RELEVANCE,0.0,0.08822903686593928,0.06035643812447146,0.0,0.010946085332143515,1.1177,0.39,0.15,0.2903,-0.0328,0.8669,0.0,0.1927,behavioral deviation detected; procurement relevance is weak
V0461,0.1982,0.14504106629566374,0.10522189936176962,LOW_RELEVANCE,0.24324978810994066,0.029220464032618194,0.0,0.003189792663476874,0.03793868759054173,1.5224,0.1437,0.0857,0.0903,0.8036,-0.0096,0.0,-0.6226,behavioral deviation detected; procurement relevance is weak
V0192,0.1951,0.15866158580376608,0.1045043061639031,LOW_RELEVANCE,0.2811547530047731,0.0,0.006754072308303536,0.0,0.017430729332382894,1.3889,0.1231,0.08,-0.0088,0.9778,0.017,0.0,0.0204,behavioral deviation detected; procurement relevance is weak
V0180,0.2026,0.07409771530651912,0.10400323005995592,LOW_RELEVANCE,0.03920061491160646,0.10666428443809184,0.16439195587989527,0.20743950121525942,0.08107165720704974,0.8759,0.5504,0.2,0.3582,0.102,-0.7852,0.0,0.5902,behavioral deviation detected; procurement relevance is weak
V0406,0.2081,0.03970688083921106,0.10354939868773468,LOW_RELEVANCE,0.032507739938080496,0.1326471608650399,0.0,0.0,0.029549822847309976,1.0487,0.3801,0.175,0.4588,0.084,0.4951,-0.9091,-0.4905,behavioral deviation detected; procurement relevance is weak
V0028,0.2005,0.09781399378450828,0.10272338529435332,LOW_RELEVANCE,0.1282516214519841,0.10775362103322131,0.0,0.07530129766051229,0.05290051289452431,1.0037,0.3762,0.0833,0.3623,0.3678,-0.2443,-0.8696,-0.1564,behavioral deviation detected; procurement relevance is weak
V0369,0.1985,0.10381281199691832,0.10226037265610173,LOW_RELEVANCE,0.14905204397699037,0.07235621521335807,0.0,0.07609867266175972,0.04673254175441328,1.1849,0.3095,0.0889,0.234,0.4379,-0.2471,0.0,-0.4905,behavioral deviation detected; procurement relevance is weak
V0127,0.2107,0.017549566294919456,0.10197431239106995,LOW_RELEVANCE,0.03190830235439901,0.0,0.0,0.0,0.0,0.9777,0.4104,0.1167,-0.0755,0.0824,0.4406,-0.5263,-0.8016,behavioral deviation detected; procurement relevance is weak
V0188,0.2003,0.05828252793061351,0.1010729556880627,LOW_RELEVANCE,0.05752846264042826,0.10163502425585434,0.031132928562201265,0.0,0.05977518141349671,0.6105,0.5441,0.1714,0.3394,0.1526,0.4463,-0.4762,0.0964,behavioral deviation detected; procurement relevance is weak
V0057,0.1907,0.12111190982534883,0.09996293081730977,LOW_RELEVANCE,0.1860389398971153,0.012378193310508297,0.05320961939026699,0.0,0.0652417006672653,1.0293,0.4197,0.1143,0.0376,0.5714,0.4751,0.0,0.1686,behavioral deviation detected; procurement relevance is weak
V0249,0.2101,0.0,0.09995507500000002,LOW_RELEVANCE,0.0,0.0,0.0,0.0,0.0,1.1726,0.2908,0.1,-0.3711,-0.732,0.165,-0.5556,-0.3527,behavioral deviation detected; procurement relevance is weak
V0130,0.2053,0.020577204562401613,0.09912469298092791,LOW_RELEVANCE,0.0,0.1714767046866801,0.0,0.0,0.0,1.4016,0.1702,0.0889,0.6209,-0.3704,0.2314,0.0,-0.5546,behavioral deviation detected; procurement relevance is weak
V0354,0.2032,0.02383192996751376,0.09898467276872434,LOW_RELEVANCE,0.0,0.010847703518085,0.24984996999399878,0.0196078431372549,0.007809078944804564,1.188,0.3293,0.125,0.0329,-0.2689,-0.06,0.0,0.9992,behavioral deviation detected; procurement relevance is weak
V0266,0.2077,0.004371954153171134,0.09793890214062846,LOW_RELEVANCE,0.0,0.0,0.012345679012345678,0.06768599664366959,0.0,1.7695,0.1686,0.0286,-0.2905,-0.9722,-0.2178,0.0,0.0375,behavioral deviation detected; procurement relevance is weak
V0215,0.1933,0.08721464327923131,0.09767042112688967,LOW_RELEVANCE,0.1236986925584493,0.08357771260997067,0.0,0.0,0.045755184294438554,1.2011,0.2407,0.05,0.2736,0.3529,0.0115,-0.6897,-0.5117,behavioral deviation detected; procurement relevance is weak
V0009,0.1942,0.05426638210815114,0.09721061265187031,LOW_RELEVANCE,0.04415981647868477,0.13457377758546085,0.0,0.13783193470513852,0.03469016499681145,1.1431,0.3105,0.1429,0.4665,0.1155,-0.4796,0.0,-0.8094,behavioral deviation detected; procurement relevance is weak
V0104,0.1802,0.17950526237010533,0.0971839315449724,LOW_RELEVANCE,0.25530964225075214,0.13636756196562744,0.0,0.11855442926399296,0.0839656511655835,1.6207,0.0894,0.0333,0.4737,0.8571,-0.4035,0.0,-0.1499,behavioral deviation detected; procurement relevance is weak
V0335,0.2003,0.010650628758884634,0.09695655763422635,LOW_RELEVANCE,0.0,0.08875523965737196,0.0,0.0,0.0,0.9158,0.3206,0.15,0.2922,-0.0282,0.4416,-1.1111,-0.3105,behavioral deviation detected; procurement relevance is weak
V0431,0.1814,0.16828524815060686,0.09648105608555393,LOW_RELEVANCE,0.23211598120219923,0.1191496858300546,0.03222684602729121,0.0,0.11872674253803706,1.7228,0.014,0.0,0.4058,0.7557,0.1173,-1.6667,0.0999,behavioral deviation detected; procurement relevance is weak
V0137,0.188,0.10179607536345264,0.09633083531888326,LOW_RELEVANCE,0.1850837733880957,0.0,0.0,0.0,0.0,1.1804,0.3716,0.0667,-0.1059,0.5678,0.6691,0.0,-0.4497,behavioral deviation detected; procurement relevance is weak
V0310,0.1837,0.12894097347880965,0.09615784177700142,LOW_RELEVANCE,0.20298402779991712,0.060827098268791284,0.0,0.0,0.05000253198300138,1.0201,0.2614,0.0727,0.1943,0.6367,0.3454,0.0,-0.1794,behavioral deviation detected; procurement relevance is weak
V0203,0.1852,0.10345063960783124,0.09611841897739597,LOW_RELEVANCE,0.16205798558739737,0.0510833465127313,0.0,0.0,0.04094372976617467,0.7967,0.5301,0.1333,0.1615,0.4835,0.123,0.0,-0.4818,behavioral deviation detected; procurement relevance is weak
V0042,0.202,0.0,0.09582319450000001,LOW_RELEVANCE,0.0,0.0,0.0,0.0,0.0,0.7987,0.5611,0.0833,-0.0551,-0.0305,0.0324,-0.9091,-0.1226,behavioral deviation detected; procurement relevance is weak
V0038,0.1864,0.08154263489866324,0.09477830778693287,LOW_RELEVANCE,0.09844933285250632,0.05556430033055249,0.06970974944182584,0.0,0.07575502917386198,0.7507,0.4692,0.1111,0.1765,0.273,0.6856,0.0,0.2248,behavioral deviation detected; procurement relevance is weak
V0106,0.1965,0.008473124603728871,0.0946765412363035,LOW_RELEVANCE,0.0,0.057285611036043106,0.0,0.03197702558807396,0.0,1.0941,0.4435,0.1333,0.1823,-0.1437,-0.0991,0.0,-1.5417,behavioral deviation detected; procurement relevance is weak
V0030,0.1973,0.0064533123632879354,0.09459507676601135,LOW_RELEVANCE,0.0,0.04852521408182683,0.0,0.012605733469374322,0.0,1.2739,0.2434,0.1143,0.153,-0.7494,-0.0383,0.0,-0.7869,behavioral deviation detected; procurement relevance is weak
V0320,0.1973,0.0,0.09449214912500001,LOW_RELEVANCE,0.0,0.0,0.0,0.0,0.0,0.9629,0.2837,0.1385,-0.4439,-0.045,0.0775,-1.5,-0.0674,behavioral deviation detected; procurement relevance is weak
V0408,0.1784,0.12268922046324028,0.09362520394262973,LOW_RELEVANCE,0.15431973479466884,0.14910514224125704,0.01422797621003516,0.0,0.09391255580209373,1.1029,0.216,0.1143,0.5257,0.4562,0.046,0.0,0.0433,behavioral deviation detected; procurement relevance is weak
V0145,0.1916,0.015318227832584951,0.0933636789069478,LOW_RELEVANCE,0.0,0.06696109227754797,0.0660897176477913,0.0,0.009978596737279443,0.8029,0.5156,0.1667,0.2153,-0.0952,0.8854,-1.1111,0.2123,behavioral deviation detected; procurement relevance is weak
V0114,0.1875,0.047878911732325856,0.09284381737750115,LOW_RELEVANCE,0.08508691674290943,0.0,0.0,0.021622150474513255,0.0,0.6765,0.5039,0.1091,-0.1185,0.2325,-0.0663,-0.625,-0.3794,behavioral deviation detected; procurement relevance is weak
V0176,0.1764,0.11320304722089025,0.09237738905597286,LOW_RELEVANCE,0.14389425381823165,0.024358515724088585,0.1442996092301549,0.019191159642985584,0.09317329506705277,0.9581,0.2555,0.1429,0.0749,0.4202,-0.0587,0.0,0.5059,behavioral deviation detected; procurement relevance is weak
V0185,0.1754,0.08552817917396907,0.09044717270840397,LOW_RELEVANCE,0.12919293601309695,0.05651476554391924,0.0,0.0,0.03845146250747719,0.786,0.28,0.175,0.1797,0.3709,0.2449,0.0,-0.3134,behavioral deviation detected; procurement relevance is weak
V0169,0.1884,0.0,0.09040845000000002,LOW_RELEVANCE,0.0,0.0,0.0,0.0,0.0,0.5622,0.5379,0.15,-0.1288,-0.0586,0.0425,0.0,-0.9522,behavioral deviation detected; procurement relevance is weak
V0214,0.1891,0.010338332164944414,0.09033198264846477,LOW_RELEVANCE,0.0,0.054433132663031486,0.0,0.07612712490761271,0.0,1.3299,0.1682,0.075,0.1727,-0.6857,-0.2472,-1.1111,-0.062,behavioral deviation detected; procurement relevance is weak
V0245,0.1738,0.10872301140757609,0.08967995808409898,LOW_RELEVANCE,0.15631749460043196,0.09714698447092812,0.0,0.0,0.05545375620413569,0.8704,0.2967,0.0769,0.3228,0.4632,0.0298,0.0,-0.1775,behavioral deviation detected; procurement relevance is weak
V0164,0.1751,0.087998985901969,0.08961134792171843,LOW_RELEVANCE,0.12498687480312204,0.054522533879609196,0.0,0.1056789387390073,0.03714776878874205,1.0016,0.1725,0.12,0.173,0.3571,-0.3545,0.0,-0.5902,behavioral deviation detected; procurement relevance is weak
V0397,0.1844,0.015589552060687274,0.0892324582698089,LOW_RELEVANCE,0.0,0.11512255552605964,0.009672201498696067,0.0,0.00500534638832216,1.0322,0.2483,0.125,0.3903,-0.5159,0.6314,0.0,0.0293,behavioral deviation detected; procurement relevance is weak
V0544,0.1824,0.012908143142317759,0.08877904228575756,LOW_RELEVANCE,0.0,0.0,0.1010427903631787,0.09649439826526925,0.0,0.6822,0.5328,0.1714,-0.1457,-0.2679,-0.3204,0.0,0.3372,behavioral deviation detected; procurement relevance is weak
V0549,0.1807,0.03750395339985101,0.0886059583846632,LOW_RELEVANCE,0.038498519287719704,0.0,0.08564462054251754,0.09769008662175169,0.022968469085580943,1.1389,0.2334,0.1,-0.2728,0.1001,-0.3248,-1.6667,0.281,behavioral deviation detected; procurement relevance is weak
V0353,0.1739,0.10267212326216094,0.08857245146905358,LOW_RELEVANCE,0.1033641776056237,0.21576828566947248,0.0,0.12977896385681964,0.06720341552945105,1.6503,0.0358,0.0286,0.8254,0.2882,-0.4474,-0.8333,-0.1686,behavioral deviation detected; procurement relevance is weak
V0097,0.1716,0.1002162894295024,0.0879497319853189,LOW_RELEVANCE,0.1739906165334038,0.008624962823436106,0.0,0.0,0.017432273986589798,1.1918,0.1328,0.075,0.0261,0.5266,0.2966,0.0,-0.5114,behavioral deviation detected; procurement relevance is weak
V0071,0.1837,0.010940107276715048,0.08792219172560574,LOW_RELEVANCE,0.0,0.0,0.09002669255035185,0.07475943745373798,0.0,0.6451,0.555,0.0833,-0.02,-0.0038,-0.2424,-0.4,0.2968,behavioral deviation detected; procurement relevance is weak
V0005,0.1824,0.005961493395164032,0.08770360381215442,LOW_RELEVANCE,0.0,0.03990783115179058,0.007969313184087829,0.0,0.002675043011110681,0.7853,0.411,0.1333,0.1247,-0.2965,0.5528,-0.625,0.0241,behavioral deviation detected; procurement relevance is weak
V0532,0.1686,0.101666668103387,0.08748624504494246,LOW_RELEVANCE,0.12197520457977733,0.07890696960393,0.055623760506185664,0.06510019009629468,0.08703279443364137,0.7111,0.2742,0.14,0.257,0.3473,-0.2089,0.0,0.1767,behavioral deviation detected; procurement relevance is weak
V0454,0.1819,0.0024380312186924346,0.08729046112741348,LOW_RELEVANCE,0.0,0.0,0.03047539023365543,0.0,0.0,0.7382,0.3507,0.1385,-0.1478,-0.2177,0.4084,-0.8696,0.0943,behavioral deviation detected; procurement relevance is weak
V0248,0.1775,0.044101155262149624,0.08723928181938774,LOW_RELEVANCE,0.06542056074766354,0.03122678980850583,0.0,0.006095944871455075,0.02033917415170611,1.1075,0.1413,0.0833,0.0967,0.175,-0.0184,-1.1111,-0.0583,behavioral deviation detected; procurement relevance is weak
V0540,0.1682,0.09658393253400194,0.08651087977230237,LOW_RELEVANCE,0.15614662796192533,0.0,0.04758881234324899,0.0,0.03448091083741538,0.9844,0.1519,0.1111,-0.2934,0.4626,0.2404,0.0,0.1499,behavioral deviation detected; procurement relevance is weak
V0199,0.167,0.11760320403159023,0.08618882595022577,LOW_RELEVANCE,0.17467234492093361,0.04012286427337301,0.029754204398447604,0.0,0.07169167130198092,1.2178,0.073,0.04,0.1254,0.5291,0.0372,0.0,0.092,behavioral deviation detected; procurement relevance is weak
V0495,0.1651,0.1234431264530563,0.0861794905028133,LOW_RELEVANCE,0.21428122446413977,0.0,0.0,0.11176905995558846,0.0,0.843,0.2508,0.08,-0.0885,0.6818,-0.3775,0.0,-0.3292,behavioral deviation detected; procurement relevance is weak
V0302,0.1726,0.05197781921987191,0.08560655639426845,LOW_RELEVANCE,0.056746151524298225,0.11300337058719176,0.0,0.0,0.036035157055224344,1.0584,0.1873,0.1,0.3822,0.1504,0.198,-1.5385,-0.1384,behavioral deviation detected; procurement relevance is weak
V0384,0.1747,0.026927282385714006,0.08551174928857122,LOW_RELEVANCE,0.013183863582537302,0.019768011762783855,0.10820451843043995,0.055712936732766755,0.02930993846355448,0.5248,0.4874,0.1385,0.0605,0.0334,-0.177,-0.4348,0.364,behavioral deviation detected; procurement relevance is weak
V0044,0.1707,0.07128938835852844,0.08545103796088574,LOW_RELEVANCE,0.06667662211603077,0.0968208092485549,0.08670238675109596,0.0,0.08031279072398623,1.0478,0.1637,0.0667,0.3216,0.1786,0.3757,-1.1111,0.2848,behavioral deviation detected; procurement relevance is weak
V0274,0.1677,0.08628321240259144,0.08516824403135373,LOW_RELEVANCE,0.1474560087300505,0.0,0.0,0.10364815202127342,0.0,0.9107,0.2123,0.0833,-0.3053,0.4324,-0.3469,0.0,-0.497,behavioral deviation detected; procurement relevance is weak
V0064,0.1693,0.06414402119089206,0.08506557303684362,LOW_RELEVANCE,0.11268855368234251,0.0,0.0,0.043306333312073474,0.0,0.8582,0.2358,0.12,-0.0944,0.3175,-0.1358,-0.9524,-0.3212,behavioral deviation detected; procurement relevance is weak
V0418,0.161,0.1400726732805911,0.08500388088556776,LOW_RELEVANCE,0.22605411429632838,0.04116594221426745,0.0,0.042420760317916306,0.04340979668001294,1.0568,0.1477,0.075,0.1288,0.7302,-0.1329,0.0,-0.0571,behavioral deviation detected; procurement relevance is weak
V0024,0.1772,0.0,0.0837400685,LOW_RELEVANCE,0.0,0.0,0.0,0.0,0.0,1.092,0.1853,0.0615,-0.2667,-0.2259,0.3639,-0.8333,-0.3181,behavioral deviation detected; procurement relevance is weak
V0098,0.1748,0.0,0.08295487970000001,LOW_RELEVANCE,0.0,0.0,0.0,0.0,0.0,1.2528,0.1384,0.0857,-0.0531,-0.4945,0.8503,0.0,-0.1927,behavioral deviation detected; procurement relevance is weak
V0328,0.1716,0.004936235497171349,0.0821261946891192,LOW_RELEVANCE,0.0,0.041135295809761246,0.0,0.0,0.0,0.9322,0.2126,0.1111,0.1287,0.0,0.4997,0.0,-0.3372,behavioral deviation detected; procurement relevance is weak
V0534,0.1708,0.002236904951440854,0.08211265762896036,LOW_RELEVANCE,0.0,0.0,0.0,0.04473809902881708,0.0,1.0142,0.3034,0.15,-0.2908,0.0,-0.1405,0.0,-1.0117,behavioral deviation detected; procurement relevance is weak
V0168,0.1667,0.028423510055661384,0.08209050999192027,LOW_RELEVANCE,0.042108893061036816,0.021366824335344967,0.0,0.0,0.013497999759248685,0.5702,0.559,0.1667,0.0655,0.1099,0.7926,0.0,0.0,behavioral deviation detected; procurement relevance is weak
V0004,0.1708,0.012428441838970669,0.08208439128437796,LOW_RELEVANCE,0.0,0.06197235945219186,0.043031675651535935,0.0,0.007746123262923857,0.903,0.211,0.1,0.1982,-0.2503,0.59,-0.8333,0.1349,behavioral deviation detected; procurement relevance is weak
V0017,0.1629,0.043833977544634646,0.08111441025869685,LOW_RELEVANCE,0.0796981409902448,0.0,0.0,0.0,0.0,0.9876,0.2374,0.16,-0.025,0.2165,0.6183,0.0,-0.5666,behavioral deviation detected; procurement relevance is weak
V0012,0.1685,0.0013525805813723551,0.08025258890053391,LOW_RELEVANCE,0.0,0.011271504844769627,0.0,0.0,0.0,1.0069,0.1933,0.1,0.0342,-0.4812,0.3394,0.0,-0.3653,behavioral deviation detected; procurement relevance is weak
V0421,0.162,0.04802862149532711,0.07986814660586304,LOW_RELEVANCE,0.0873247663551402,0.0,0.0,0.0,0.0,0.7911,0.2642,0.0833,-0.2878,0.2392,0.2798,-0.4762,-0.439,behavioral deviation detected; procurement relevance is weak
V0441,0.1655,0.014914464402326475,0.07969742784695423,LOW_RELEVANCE,0.0,0.1169198163193218,0.0,0.01768172888015717,0.0,1.0986,0.2349,0.1,0.3972,-0.2836,-0.054,-1.0,-0.4946,behavioral deviation detected; procurement relevance is weak
V0460,0.1588,0.07175702586038182,0.07952273341725064,LOW_RELEVANCE,0.10768462005211123,0.0,0.03815325424815646,0.08700812562768191,0.02563909105242018,0.9232,0.1718,0.0667,-0.1695,0.3017,-0.2859,0.0,0.119,behavioral deviation detected; procurement relevance is weak
V0329,0.1672,0.006489043039571181,0.0794130343789374,LOW_RELEVANCE,0.0,0.05407535866309318,0.0,0.0,0.0,1.041,0.1562,0.06,0.1715,-0.2757,0.1278,-1.5385,-0.0519,behavioral deviation detected; procurement relevance is weak
V0341,0.1604,0.04155650864240546,0.07910057563880735,LOW_RELEVANCE,0.02259754476503245,0.1020652499251721,0.011108547318456011,0.18782825274784773,0.032999663038740495,0.8255,0.3262,0.1143,0.341,0.0578,-0.6938,0.0,0.0337,behavioral deviation detected; procurement relevance is weak
V0326,0.1603,0.0364591644734757,0.07853765928233945,LOW_RELEVANCE,0.02072153237494614,0.11943408964160968,0.0,0.1250583294447037,0.02238657219013485,0.7745,0.2706,0.1,0.4069,0.0529,-0.4288,-0.6667,-0.1889,behavioral deviation detected; procurement relevance is weak
V0270,0.1548,0.07549745747672688,0.0781952672479719,LOW_RELEVANCE,0.09482602556211306,0.08889361314422815,0.0,0.08825674690007294,0.04131536247626834,0.7024,0.2887,0.1,0.2927,0.2619,-0.2904,0.0,-0.3083,behavioral deviation detected; procurement relevance is weak
V0213,0.1577,0.04390649774973593,0.07805790388237871,LOW_RELEVANCE,0.04489016236867239,0.0430622009569378,0.014778325123152709,0.1218569797734391,0.03387164666804705,0.3784,0.6548,0.125,0.135,0.1175,-0.4163,0.0,0.045,behavioral deviation detected; procurement relevance is weak
V0536,0.1536,0.0532686532076347,0.0764068584652013,LOW_RELEVANCE,0.05809660161253862,0.0,0.11886509824654154,0.10316582463902425,0.03324011614531956,0.5517,0.3886,0.1111,-0.0857,0.1542,-0.3451,0.0,0.4047,behavioral deviation detected; procurement relevance is weak
V0527,0.1594,0.011667775401759348,0.07636864667923556,LOW_RELEVANCE,0.0,0.018934562935347787,0.1010427903631787,0.0,0.006561023102316596,0.906,0.2633,0.0857,0.0579,-0.5714,0.3047,0.0,0.3372,behavioral deviation detected; procurement relevance is weak
V0056,0.1528,0.04497723470059195,0.0761539226911031,LOW_RELEVANCE,0.07752481458248774,0.0,0.0,0.04677173360447382,0.0,0.882,0.1856,0.16,-0.4036,0.2101,-0.1472,0.0,-0.4216,behavioral deviation detected; procurement relevance is weak
V0039,0.1519,0.06297514375354464,0.0757264120499978,LOW_RELEVANCE,0.09981276105429929,0.0,0.0387696251201538,0.0,0.024882775820338602,0.6884,0.281,0.08,-0.3757,0.2772,0.0964,-0.4167,0.121,behavioral deviation detected; procurement relevance is weak
V0031,0.1418,0.1420478620114298,0.07511504308594041,LOW_RELEVANCE,0.23921974376920968,0.01344996547074879,0.0,0.07515876441210925,0.025525344306345638,1.0379,0.0779,0.0857,0.0409,0.7861,-0.2438,0.0,-0.1285,behavioral deviation detected; procurement relevance is weak
V0457,0.1546,0.016067902303828166,0.07494819350883145,LOW_RELEVANCE,0.0,0.13389918586523472,0.0,0.0,0.0,0.9756,0.1772,0.1333,0.4638,-0.3048,0.0914,0.0,-0.1499,behavioral deviation detected; procurement relevance is weak
V0246,0.1554,0.002609971630743144,0.07494637916419722,LOW_RELEVANCE,0.0,0.0217497635895262,0.0,0.0,0.0,0.5657,0.4566,0.1667,0.0667,-0.2584,0.243,0.0,-0.4818,behavioral deviation detected; procurement relevance is weak
V0077,0.1504,0.05197232762252898,0.07459542637047124,LOW_RELEVANCE,0.03920061491160646,0.12162557826316098,0.0,0.19204976973418436,0.031072157714284412,1.043,0.1531,0.1,0.4154,0.102,-0.7131,0.0,0.0,behavioral deviation detected; procurement relevance is weak
V0383,0.1559,0.016880639340036092,0.07432408372492344,LOW_RELEVANCE,0.0,0.14067199450030077,0.0,0.0,0.0,1.0107,0.1465,0.0333,0.4911,-0.5159,0.1426,0.0,-0.3238,behavioral deviation detected; procurement relevance is weak
V0289,0.1506,0.009247808029533917,0.0720511107715127,LOW_RELEVANCE,0.0,0.07706506691278264,0.0,0.0,0.0,0.8112,0.1928,0.0889,0.2505,-0.0752,0.3388,-0.7692,-0.6572,behavioral deviation detected; procurement relevance is weak
V0013,0.1498,0.012260729035733524,0.07186867830212748,LOW_RELEVANCE,0.0,0.10217274196444603,0.0,0.0,0.0,0.6531,0.2757,0.0909,0.3414,-0.1867,0.058,-0.625,-0.0843,behavioral deviation detected; procurement relevance is weak
V0379,0.1404,0.08579627586026738,0.07059904561388493,LOW_RELEVANCE,0.1510170815363195,0.0,0.005469915464942815,0.0,0.011496438890481133,0.7119,0.2714,0.0286,-0.367,0.4447,0.2045,0.0,0.0165,behavioral deviation detected; procurement relevance is weak
V0110,0.1429,0.03686640364497858,0.07027822246698681,LOW_RELEVANCE,0.026479750778816202,0.08592321755027421,0.0,0.15397631133671744,0.021464695218804453,0.9198,0.1478,0.12,0.282,0.068,-0.546,0.0,-0.4497,behavioral deviation detected; procurement relevance is weak
V0392,0.143,0.02742203962321819,0.06944887019577636,LOW_RELEVANCE,0.0,0.13706313821372068,0.030287358179526134,0.1323712294299679,0.009664564558556127,0.6646,0.2192,0.0909,0.4765,-0.1353,-0.4577,0.0,0.0937,behavioral deviation detected; procurement relevance is weak
V0371,0.1399,0.04244463277244459,0.06876011576157,LOW_RELEVANCE,0.0523842013494049,0.04713505272519375,0.011108547318456011,0.0,0.03544215958886079,0.5273,0.3118,0.0909,0.1484,0.1382,0.3295,0.0,0.0337,behavioral deviation detected; procurement relevance is weak
V0331,0.1403,0.02971342408994847,0.06820088497805067,LOW_RELEVANCE,0.0,0.12444548213868784,0.13596958612943175,0.0,0.019511996714756973,0.9565,0.0873,0.0857,0.4264,-0.0843,0.2117,-1.0,0.4721,behavioral deviation detected; procurement relevance is weak
V0011,0.1451,0.005901644412603682,0.06816179569113283,LOW_RELEVANCE,0.0,0.0,0.06035643812447146,0.021462587252919302,0.0,1.1296,0.053,0.0,-0.4202,-0.3901,-0.0658,-1.25,0.1927,behavioral deviation detected; procurement relevance is weak
V0138,0.1346,0.0725094177480212,0.06783493954954296,LOW_RELEVANCE,0.06667662211603077,0.1560469237910372,0.0,0.15862687906663675,0.045901503879739805,0.6877,0.2537,0.1,0.5547,0.1786,-0.5656,0.0,0.0,behavioral deviation detected; procurement relevance is weak
V0307,0.1415,0.0,0.066652053875,LOW_RELEVANCE,0.0,0.0,0.0,0.0,0.0,0.8806,0.1275,0.0429,-0.1393,-0.6065,0.404,-0.4,-0.2806,behavioral deviation detected; procurement relevance is weak
V0396,0.1381,0.008703854626047128,0.06655105143028484,LOW_RELEVANCE,0.0,0.0,0.08789638502933934,0.033442876473999614,0.0,0.4444,0.2965,0.1333,-0.016,-0.2185,-0.1038,0.0,0.2891,behavioral deviation detected; procurement relevance is weak
V0401,0.1377,0.0212416346400131,0.06648404586998012,LOW_RELEVANCE,0.0,0.025404457150282635,0.16439195587989527,0.062060340784742846,0.009693631361752103,0.7553,0.214,0.0857,0.0782,-0.0893,-0.1985,0.0,0.5902,behavioral deviation detected; procurement relevance is weak
V0148,0.1385,0.00775219001174027,0.06614487254175155,LOW_RELEVANCE,0.0,0.0,0.09690237514675337,0.0,0.0,0.8808,0.1614,0.0857,-0.0748,-0.4802,0.5673,0.0,0.3219,behavioral deviation detected; procurement relevance is weak
V0083,0.135,0.016041609651211236,0.06544496305145173,LOW_RELEVANCE,0.0,0.0,0.1578001740546307,0.06835191453681562,0.0,0.7192,0.1752,0.1333,-0.1665,-0.0785,-0.2201,0.0,0.5621,behavioral deviation detected; procurement relevance is weak
V0154,0.1317,0.011932543268384502,0.0626097079433415,LOW_RELEVANCE,0.0,0.0701999070199907,0.0,0.07017108851971238,0.0,0.8891,0.0893,0.04,0.2265,-0.3175,-0.2264,-0.8333,-0.0723,behavioral deviation detected; procurement relevance is weak
V0070,0.1308,0.0,0.061868759700000005,LOW_RELEVANCE,0.0,0.0,0.0,0.0,0.0,0.8681,0.1438,0.0667,-0.2601,-0.5042,0.2823,0.0,-0.1686,behavioral deviation detected; procurement relevance is weak
V0306,0.1255,0.029522306258911266,0.06099718056879818,LOW_RELEVANCE,0.02259754476503245,0.10461125205193254,0.0,0.0032891458187979668,0.021879245504858064,0.7586,0.1533,0.0857,0.3505,0.0578,-0.0099,0.0,-0.3957,behavioral deviation detected; procurement relevance is weak
V0177,0.1213,0.05158088027052529,0.06029306214571495,LOW_RELEVANCE,0.060362324287754635,0.0,0.13837670170601415,0.0,0.036557328878895554,0.4409,0.3316,0.1143,-0.0348,0.1606,0.0335,0.0,0.4818,behavioral deviation detected; procurement relevance is weak
V0391,0.1233,0.042393774880807596,0.060063139120967945,LOW_RELEVANCE,0.020184205369390553,0.17850981680768915,0.009279746375615072,0.028214181594376598,0.03859097560476025,0.8287,0.0758,0.04,0.6519,0.0515,-0.0871,-0.625,0.0281,behavioral deviation detected; procurement relevance is weak
V0405,0.1232,0.024224760520438024,0.058967680673773566,LOW_RELEVANCE,0.0,0.1314669523175357,0.06970974944182584,0.0,0.01435973143493837,0.9618,0.0389,0.0222,0.4541,-0.4457,0.2532,0.0,0.2248,behavioral deviation detected; procurement relevance is weak
V0367,0.1209,0.014566663370544904,0.05800182441442142,LOW_RELEVANCE,0.0,0.10952804986642921,0.0,0.028465947731467992,0.0,0.5667,0.1912,0.08,0.369,-0.0983,-0.0879,0.0,-0.4151,behavioral deviation detected; procurement relevance is weak
V0279,0.1176,0.04837846714398492,0.057601979864355925,LOW_RELEVANCE,0.04141104294478527,0.022068650780715193,0.15189551352726655,0.0,0.054012571742429356,0.7901,0.0836,0.0444,0.0677,0.108,0.1365,0.0,0.5373,behavioral deviation detected; procurement relevance is weak
V0023,0.1174,0.012466701718864593,0.05619673555788708,LOW_RELEVANCE,0.0,0.002825328236662789,0.14403104314083542,0.0,0.003025894395991121,0.5399,0.1698,0.0769,0.0085,-0.0433,0.1514,0.0,0.5048,behavioral deviation detected; procurement relevance is weak
V0295,0.1142,0.04919844660612728,0.0559903564210512,LOW_RELEVANCE,0.05069299411429656,0.11431270666036844,0.0,0.014972419227738377,0.03425577041316517,0.6751,0.0947,0.0462,0.3872,0.1335,-0.0456,-0.6667,-0.1649,behavioral deviation detected; procurement relevance is weak
V0259,0.1101,0.07491835173128328,0.05492371802943022,LOW_RELEVANCE,0.08081476579160232,0.11839901260689412,0.026258560810152876,0.0,0.07080832084131235,0.6843,0.0863,0.0308,0.4029,0.2198,0.3081,0.0,0.0809,behavioral deviation detected; procurement relevance is weak
V0193,0.1151,0.0008744350560031442,0.05479800202962272,LOW_RELEVANCE,0.0,0.0,0.0,0.017488701120062882,0.0,0.6317,0.212,0.1,-0.0818,-0.3214,-0.0534,0.0,-0.5059,behavioral deviation detected; procurement relevance is weak
V0046,0.1129,0.006605462840109837,0.05376834610222342,LOW_RELEVANCE,0.0,0.013644583264836429,0.05210275206167651,0.0,0.003999463416976725,0.6427,0.1103,0.075,0.0415,0.0,0.3358,-1.1111,0.1649,behavioral deviation detected; procurement relevance is weak
V0273,0.1107,0.010961957838623696,0.0526255403660034,LOW_RELEVANCE,0.0,0.09134964865519747,0.0,0.0,0.0,0.7148,0.0681,0.0444,0.3016,-0.0749,0.2724,0.0,-0.1499,behavioral deviation detected; procurement relevance is weak
V0158,0.1004,0.04407340682980461,0.04909725290104067,LOW_RELEVANCE,0.04247577463709832,0.051683262209578,0.03207072336581274,0.07106363214119833,0.04195449918963119,0.5301,0.1031,0.0545,0.1635,0.1109,-0.2295,-0.5263,0.0994,behavioral deviation detected; procurement relevance is weak
V0181,0.0968,0.04517654779003412,0.047163548708383046,LOW_RELEVANCE,0.07547797788543323,0.0,0.0,0.07327319906091684,0.0,0.5385,0.178,0.0286,-0.0932,0.2041,-0.2372,0.0,-0.1542,behavioral deviation detected; procurement relevance is weak
V0239,0.0907,0.08590703887905779,0.04591678133746889,LOW_RELEVANCE,0.10819391431527128,0.040552641678393245,0.04595325170933376,0.099207302426135,0.06448721873098974,0.6062,0.0663,0.0667,0.1268,0.3033,-0.3304,0.0,0.1445,behavioral deviation detected; procurement relevance is weak
V0160,0.0967,0.009561324869600965,0.045560901893945585,LOW_RELEVANCE,0.0,0.04260411680229775,0.0,0.0889766170665047,0.0,0.8422,0.0,0.0,0.1335,-0.2857,-0.293,0.0,-0.1874,behavioral deviation detected; procurement relevance is weak
V0014,0.0883,0.027285599923965093,0.042574183265879285,LOW_RELEVANCE,0.03668310727496917,0.01938351910567777,0.0,0.04767951241191035,0.011999465047276,0.4402,0.1042,0.05,0.0593,0.0952,-0.1502,-0.4167,-0.1546,behavioral deviation detected; procurement relevance is weak
V0548,0.0837,0.06897123186665634,0.041337881231018975,LOW_RELEVANCE,0.08592321755027423,0.10852252466421015,0.0,0.0,0.04345379627150148,0.6758,0.027,0.0,0.3652,0.235,0.1472,0.0,0.0,behavioral deviation detected; procurement relevance is weak
V0411,0.0855,0.00717716884397734,0.041016948407820684,LOW_RELEVANCE,0.0,0.000732795949636933,0.08564462054251754,0.0,0.0011883184330975223,0.3019,0.1722,0.1143,0.0022,-0.042,0.2427,0.0,0.281,behavioral deviation detected; procurement relevance is weak
V0451,0.076,0.026556762985224525,0.03683564457495019,LOW_RELEVANCE,0.03897901130160683,0.0,0.02095163501076953,0.023119505047215886,0.011431003580592052,0.195,0.1778,0.0833,-0.1156,0.1014,-0.071,0.0,0.0642,behavioral deviation detected; procurement relevance is weak
V0377,0.0711,0.10300312474306127,0.03604049722973111,LOW_RELEVANCE,0.12498687480312204,0.13867355727820843,0.0061947195812767095,0.04339785083383821,0.0747702330988254,0.5734,0.0011,0.0,0.483,0.3571,-0.1361,0.0,0.0187,behavioral deviation detected; procurement relevance is weak
V0286,0.0705,0.004101492939006894,0.033069351883966494,LOW_RELEVANCE,0.0054105665181413114,0.0,0.007641163044556911,0.0,0.002571941552323096,0.5698,0.0,0.0,-0.0073,0.0136,0.0299,-1.1111,0.0231,behavioral deviation detected; procurement relevance is weak
V0150,0.0687,0.0024534043362495245,0.03263605010973754,LOW_RELEVANCE,0.0,0.0,0.0,0.04906808672499049,0.0,0.2081,0.1376,0.08,-0.0529,-0.0488,-0.1548,0.0,-0.1124,behavioral deviation detected; procurement relevance is weak
V0356,0.0626,0.004888405704419006,0.029497660892663816,LOW_RELEVANCE,0.0,0.04073671420349172,0.0,0.0,0.0,0.3923,0.0361,0.0222,0.1274,-0.0694,0.1303,0.0,-0.2913,behavioral deviation detected; procurement relevance is weak
V0253,0.0576,0.014660343066748007,0.027250996678446597,LOW_RELEVANCE,0.026479750778816202,0.0,0.0,0.0019296027679819017,0.0,0.4871,0.003,0.0,-0.1727,0.068,-0.0058,0.0,-0.2923,behavioral deviation detected; procurement relevance is weak
V0543,0.0554,0.0032859197698577596,0.025969130282883172,LOW_RELEVANCE,0.0,0.0,0.041073997123221996,0.0,0.0,0.4538,0.0,0.0,-0.0816,-0.0785,0.1767,0.0,0.1285,behavioral deviation detected; procurement relevance is weak
V0535,0.0441,0.0039028887523048558,0.020682584903196067,LOW_RELEVANCE,0.0,0.0,0.0,0.07805777504609711,0.0,0.398,0.0,0.0,-0.0552,-0.1255,-0.254,0.0,-0.1927,behavioral deviation detected; procurement relevance is weak
